policy,family,profile,band,role,period,scenario,first_date,last_date,executed_rebalances,skipped_rebalances,cagr,cash_excess_sharpe,max_drawdown,annual_volatility,calmar,certainty_equivalent_gamma3,terminal_nav,mean_risky_exposure,annual_one_way_turnover,annual_arithmetic_execution_drag,worst_day,longest_underwater_days
trend_vol20_exact,trend,0.20000000000000001,0,control,full,frictionless,2020-01-01,2024-12-31,1827,0,0.30811645415094246,1.4326245465842784,-0.2175683628259345,0.20152031265860254,1.4161822525522745,0.22778729192902114,3.8295893105723842,0.29437285192190366,8.1030933831101084,0,-0.10679220806874756,730
trend_vol20_exact,trend,0.20000000000000001,0,control,2020_2021,frictionless,2020-01-01,2021-12-31,731,0,0.56955645186849257,2.0954657558300767,-0.18580847620253205,0.22722713609809628,3.065287781853792,0.39869842541988693,2.4619876890167935,0.26727735419136822,6.7083120666229688,0,-0.10679220806874756,161
trend_vol20_exact,trend,0.20000000000000001,0,control,2022_2024,frictionless,2022-01-01,2024-12-31,1096,0,0.15877534664880999,0.89843005557596312,-0.16148487280461199,0.18218830333287891,0.98322117664184938,0.11389458068167918,1.5554867831616848,0.31244475779874809,9.0403476793829132,0,-0.047683643800546682,465
allocation_vol20_exact,allocation,0.20000000000000001,0,control,full,frictionless,2020-01-01,2024-12-31,1827,0,0.30328876984976683,1.2993540594658368,-0.34051979263691023,0.22284230633288146,0.89066414466297372,0.21506301511672243,3.75945182719077,0.34082051780905176,3.2603093705414521,0,-0.11180996597552084,755
allocation_vol20_exact,allocation,0.20000000000000001,0,control,2020_2021,frictionless,2020-01-01,2021-12-31,731,0,0.58560373902265539,2.120263471506842,-0.19254286141329957,0.22963673627378403,3.0414201530205669,0.40779083766764146,2.512553227862417,0.27276283027898757,3.2328747183719369,0,-0.11180996597552084,162
allocation_vol20_exact,allocation,0.20000000000000001,0,control,2022_2024,frictionless,2022-01-01,2024-12-31,1096,0,0.14386922091968257,0.72436677852139075,-0.28315409131222125,0.21802695789581963,0.50809515148783235,0.086627853567855517,1.496267535947567,0.38621300830583732,3.2815765901344096,0,-0.057394381053734289,671
fixed_blend_vol20_exact,fixed_blend,0.20000000000000001,0,control,full,frictionless,2020-01-01,2024-12-31,1827,0,0.3067993917324785,1.3867639186722234,-0.27467641212127381,0.2084907317521964,1.1169484462212282,0.22392484633166579,3.8103518244017049,0.31759553007097058,5.4883266009802867,0,-0.10930108832233254,753
fixed_blend_vol20_exact,fixed_blend,0.20000000000000001,0,control,2020_2021,frictionless,2020-01-01,2021-12-31,731,0,0.57763435009941011,2.1098258073108007,-0.18917868147121786,0.22822683138193395,3.0533797233769859,0.40338762892641833,2.4873772129669205,0.27002183316413819,4.7777679875718073,0,-0.10930108832233254,161
fixed_blend_vol20_exact,fixed_blend,0.20000000000000001,0,control,2022_2024,frictionless,2022-01-01,2024-12-31,1096,0,0.15287820906795258,0.82876207091009901,-0.21189506893731558,0.1940339214433997,0.72148073022491233,0.1043342105561843,1.5318753442533874,0.34932579689477949,5.9670445136644608,0,-0.047326468698641433,556
state_rule_vol20_exact,state_rule,0.20000000000000001,0,control,full,frictionless,2020-01-01,2024-12-31,1827,0,0.31354938570943047,1.447117941187372,-0.21816352185138876,0.20251083529528988,1.4372218739804621,0.23154110542266088,3.90976771565292,0.29611885160320484,6.2867351622840353,0,-0.11180996597552073,730
state_rule_vol20_exact,state_rule,0.20000000000000001,0,control,2020_2021,frictionless,2020-01-01,2021-12-31,731,0,0.56834871275380072,2.085347620913645,-0.19254286141329935,0.2280691921725633,2.9518036066464299,0.39758021267338339,2.4582028465281063,0.26939403670691631,5.0550230832444711,0,-0.11180996597552073,161
state_rule_vol20_exact,state_rule,0.20000000000000001,0,control,2022_2024,frictionless,2022-01-01,2024-12-31,1096,0,0.16741093899571435,0.93440194176294056,-0.16183770672307463,0.18332997846764779,1.0344371678608635,0.12088906635610587,1.5904984086951917,0.31394352285246302,7.1136178589609012,0,-0.046969293596736295,462
constant_vol20_exact,constant,0.20000000000000001,0,control,full,frictionless,2020-01-01,2024-12-31,1827,0,0.30811645415094246,1.4326245465842784,-0.2175683628259345,0.20152031265860254,1.4161822525522745,0.22778729192902114,3.8295893105723842,0.29437285192190366,8.1030933831101084,0,-0.10679220806874756,730
constant_vol20_exact,constant,0.20000000000000001,0,control,2020_2021,frictionless,2020-01-01,2021-12-31,731,0,0.56955645186849257,2.0954657558300767,-0.18580847620253205,0.22722713609809628,3.065287781853792,0.39869842541988693,2.4619876890167935,0.26727735419136822,6.7083120666229688,0,-0.10679220806874756,161
constant_vol20_exact,constant,0.20000000000000001,0,control,2022_2024,frictionless,2022-01-01,2024-12-31,1096,0,0.15877534664880999,0.89843005557596312,-0.16148487280461199,0.18218830333287891,0.98322117664184938,0.11389458068167918,1.5554867831616848,0.31244475779874809,9.0403476793829132,0,-0.047683643800546682,465
ridge_vol20_exact,ridge,0.20000000000000001,0,candidate,full,frictionless,2020-01-01,2024-12-31,1827,0,0.30860644803692705,1.4337803808610279,-0.21756836282592962,0.20163425402754237,1.418434390131595,0.22811467893837378,3.8367661346969024,0.29485091677055492,6.9291827994867772,0,-0.10679220806874756,730
ridge_vol20_exact,ridge,0.20000000000000001,0,candidate,2020_2021,frictionless,2020-01-01,2021-12-31,731,0,0.56547082433639329,2.0832352977792823,-0.18580847620253205,0.22732074887634204,3.0432994010457715,0.39605052367226457,2.4491957757777088,0.26786872363637693,5.5047564315258199,0,-0.10679220806874756,161
ridge_vol20_exact,ridge,0.20000000000000001,0,candidate,2022_2024,frictionless,2022-01-01,2024-12-31,1096,0,0.16151578454439286,0.9108081419182199,-0.16091127940828176,0.18232989759086807,1.003756760485244,0.11620126790763322,1.5665412184040559,0.31284725178979234,7.8851283989488641,0,-0.046969293596736517,465
boosted_vol20_exact,boosted,0.20000000000000001,0,candidate,full,frictionless,2020-01-01,2024-12-31,1827,0,0.28925224955346551,1.3173639053448232,-0.31022656295838902,0.20935171175707487,0.93239033690439721,0.21005017976749785,3.5613443421244861,0.31402862967365885,5.7652058785334415,0,-0.10679220806874756,790
boosted_vol20_exact,boosted,0.20000000000000001,0,candidate,2020_2021,frictionless,2020-01-01,2021-12-31,731,0,0.57820383429623257,2.1194251866523608,-0.18580847620253205,0.22725095563162048,3.1118270065677085,0.4041769038032475,2.4891720618131461,0.26711763014842621,5.2615855330998809,0,-0.10679220806874756,161
boosted_vol20_exact,boosted,0.20000000000000001,0,candidate,2022_2024,frictionless,2022-01-01,2024-12-31,1096,0,0.12690818213806443,0.70558031675978161,-0.25081846498218607,0.19628822617459737,0.50597623323736496,0.080703507198333219,1.4307344987354276,0.34531689669276933,6.1062178036887227,0,-0.046969293596736406,675
trend_vol20_band2,trend,0.20000000000000001,0.02,control,full,frictionless,2020-01-01,2024-12-31,782,1045,0.3038685659890934,1.4311697019446326,-0.2203353191142492,0.19910885613953483,1.3791187323514402,0.22549205740596381,3.767820490265906,0.29142157978460403,7.250671063973809,0,-0.10339869769421994,752
trend_vol20_band2,trend,0.20000000000000001,0.02,control,2020_2021,frictionless,2020-01-01,2021-12-31,371,360,0.56126136199604759,2.0991912989761041,-0.18124096897855357,0.22393708760446834,3.0967687116176377,0.39486505701019253,2.4360509662384517,0.26373413566370163,5.7795650956515345,0,-0.10339869769421994,161
trend_vol20_band2,trend,0.20000000000000001,0.02,control,2022_2024,frictionless,2022-01-01,2024-12-31,411,685,0.15658579484102964,0.89473467574691967,-0.15678406038542003,0.18048193144593619,0.99873542282357652,0.11262285104277411,1.5466919791435594,0.30988829662071687,8.2380299935986816,0,-0.047683643800546682,466
allocation_vol20_band2,allocation,0.20000000000000001,0.02,control,full,frictionless,2020-01-01,2024-12-31,771,1056,0.2966852384611125,1.2935557555621895,-0.34007781937881221,0.21930569703365627,0.87240396625407446,0.21154166349833714,3.6651824903693799,0.33651227230940028,2.2890880281678405,0,-0.10840385880297232,755
allocation_vol20_band2,allocation,0.20000000000000001,0.02,control,2020_2021,frictionless,2020-01-01,2021-12-31,313,418,0.57188860693210986,2.1157547533810495,-0.18800172584727681,0.22557652094243133,3.0419327501104085,0.40093744623437222,2.4693044873643824,0.26847447163020538,2.2202570778138111,0,-0.10840385880297232,162
allocation_vol20_band2,allocation,0.20000000000000001,0.02,control,2022_2024,frictionless,2022-01-01,2024-12-31,458,638,0.14080866852327478,0.71940639704501586,-0.2828157793092877,0.2148599723623176,0.49788123161715897,0.085324427001062797,1.484297505279087,0.38189149885729395,2.3370658197537852,0,-0.057391244747521108,675
fixed_blend_vol20_band2,fixed_blend,0.20000000000000001,0.02,control,full,frictionless,2020-01-01,2024-12-31,783,1044,0.30274910218970041,1.3856071529775935,-0.27591871411302937,0.20605310524599249,1.0972401896077264,0.22182183324981802,3.7516757384477648,0.31490966702190598,4.5034443626231431,0,-0.10590221849123249,753
fixed_blend_vol20_band2,fixed_blend,0.20000000000000001,0.02,control,2020_2021,frictionless,2020-01-01,2021-12-31,357,374,0.57014973567971161,2.1165222793414116,-0.18459995710484944,0.22489112611422604,3.0885691666541226,0.40012305093955153,2.4638480020570621,0.26637688137480203,3.7730468862898121,0,-0.10590221849123249,161
fixed_blend_vol20_band2,fixed_blend,0.20000000000000001,0.02,control,2022_2024,frictionless,2022-01-01,2024-12-31,426,670,0.15056763404707207,0.82411107947649909,-0.2138352340896027,0.19228610583159719,0.70412920811721891,0.10300419050138962,1.5226896039510047,0.34727961803288504,4.9944887480897684,0,-0.047326468698641433,666
state_rule_vol20_band2,state_rule,0.20000000000000001,0.02,control,full,frictionless,2020-01-01,2024-12-31,698,1129,0.30874894503027317,1.4457511755032735,-0.22132256780371651,0.19978466465056999,1.3950179057387955,0.22896804542177782,3.8388552725016867,0.2927510324746006,5.3746392661149214,0,-0.10840385880297243,730
state_rule_vol20_band2,state_rule,0.20000000000000001,0.02,control,2020_2021,frictionless,2020-01-01,2021-12-31,329,402,0.56192121538040363,2.0971630210724554,-0.18800172584727681,0.22442172364173571,2.9889151966449514,0.39510127488329888,2.4381091421089818,0.26537802861103726,4.0636729314425075,0,-0.10840385880297243,161
state_rule_vol20_band2,state_rule,0.20000000000000001,0.02,control,2022_2024,frictionless,2022-01-01,2024-12-31,369,727,0.16348612854973132,0.92413272405034153,-0.15757484290261836,0.1813342718684689,1.0375141459018693,0.1182537573943917,1.5745215036522417,0.31100802683980577,6.2535251689249467,0,-0.046969293596736295,465
constant_vol20_band2,constant,0.20000000000000001,0.02,control,full,frictionless,2020-01-01,2024-12-31,782,1045,0.3038685659890934,1.4311697019446326,-0.2203353191142492,0.19910885613953483,1.3791187323514402,0.22549205740596381,3.767820490265906,0.29142157978460403,7.250671063973809,0,-0.10339869769421994,752
constant_vol20_band2,constant,0.20000000000000001,0.02,control,2020_2021,frictionless,2020-01-01,2021-12-31,371,360,0.56126136199604759,2.0991912989761041,-0.18124096897855357,0.22393708760446834,3.0967687116176377,0.39486505701019253,2.4360509662384517,0.26373413566370163,5.7795650956515345,0,-0.10339869769421994,161
constant_vol20_band2,constant,0.20000000000000001,0.02,control,2022_2024,frictionless,2022-01-01,2024-12-31,411,685,0.15658579484102964,0.89473467574691967,-0.15678406038542003,0.18048193144593619,0.99873542282357652,0.11262285104277411,1.5466919791435594,0.30988829662071687,8.2380299935986816,0,-0.047683643800546682,466
ridge_vol20_band2,ridge,0.20000000000000001,0.02,candidate,full,frictionless,2020-01-01,2024-12-31,747,1080,0.30343043775660394,1.4300672747576155,-0.22033531911424942,0.19901489880127149,1.3771302711539752,0.22519429904757651,3.761495259692301,0.29168856964959589,6.0687153100183027,0,-0.10339869769421994,730
ridge_vol20_band2,ridge,0.20000000000000001,0.02,candidate,2020_2021,frictionless,2020-01-01,2021-12-31,357,374,0.55458905200497166,2.082830848284281,-0.18124096897855357,0.22360752478728171,3.059954132504096,0.39073616282320023,2.4152878816894372,0.26416847880689637,4.5501169601842832,0,-0.10339869769421994,161
ridge_vol20_band2,ridge,0.20000000000000001,0.02,candidate,2022_2024,frictionless,2022-01-01,2024-12-31,390,706,0.15924295123943955,0.90697973251692587,-0.15633826385913996,0.18059385627293048,1.0185795038821506,0.11487375607133085,1.5573693257059067,0.31004366673537448,7.0866564156702223,0,-0.046969293596736517,466
boosted_vol20_band2,boosted,0.20000000000000001,0.02,candidate,full,frictionless,2020-01-01,2024-12-31,779,1048,0.28402656557265948,1.3133866586689147,-0.3103390617816586,0.20642453780466496,0.91521371477396718,0.20719859926273967,3.4897613663541733,0.31047637256712718,4.863312916695012,0,-0.10339869769421994,792
boosted_vol20_band2,boosted,0.20000000000000001,0.02,candidate,2020_2021,frictionless,2020-01-01,2021-12-31,347,384,0.5672058232492978,2.1171752494189544,-0.18124096897855357,0.22381522666688394,3.1295673734585687,0.39871617481029686,2.4546239106836309,0.26328572630857205,4.301041043039703,0,-0.10339869769421994,161
boosted_vol20_band2,boosted,0.20000000000000001,0.02,candidate,2022_2024,frictionless,2022-01-01,2024-12-31,432,664,0.12453198265126164,0.70140660243555208,-0.25150300107529622,0.19374357625029359,0.49515108018126047,0.079588163554051766,1.4217091877762482,0.34195115579249563,5.2426022141243021,0,-0.046969293596736406,675
trend_vol40_exact,trend,0.40000000000000002,0,control,full,frictionless,2020-01-01,2024-12-31,1827,0,0.52843350034877679,1.3361083899978103,-0.36360887308871137,0.36866354945334873,1.4533019941453749,0.28870524246767948,8.3388589951002015,0.50934707759992637,11.94633141370697,0,-0.213586001821233,792
trend_vol40_exact,trend,0.40000000000000002,0,control,2020_2021,frictionless,2020-01-01,2021-12-31,731,0,1.1675471622708242,1.9568851914553909,-0.34979255301369905,0.44696151292669739,3.3378273842928246,0.57499047474016796,4.6932878974386947,0.52041521034410554,11.198644146232763,0,-0.213586001821233,163
trend_vol40_exact,trend,0.40000000000000002,0,control,2022_2024,frictionless,2022-01-01,2024-12-31,1096,0,0.2113420811009612,0.77950641946826527,-0.28054794315885467,0.30498742405971718,0.75331894691986023,0.098213661659766971,1.7767627252636842,0.50196495621671922,12.455699483725125,0,-0.0812672618199759,698
allocation_vol40_exact,allocation,0.40000000000000002,0,control,full,frictionless,2020-01-01,2024-12-31,1827,0,0.59899033965910942,1.2893076600467799,-0.58621457670275423,0.43922647918970548,1.0217936630443656,0.27691821408258765,10.449359595748239,0.66602053538194761,4.8695991043054256,0,-0.22362140330843339,825
allocation_vol40_exact,allocation,0.40000000000000002,0,control,2020_2021,frictionless,2020-01-01,2021-12-31,731,0,1.3795141574259522,2.1201617926907823,-0.36151984948785432,0.45927486319197364,3.8158738984325078,0.65733691734289956,5.6553723185091549,0.54466911954741115,5.3571113998985398,0,-0.22362140330843339,163
allocation_vol40_exact,allocation,0.40000000000000002,0,control,2022_2024,frictionless,2022-01-01,2024-12-31,1096,0,0.22726127806840601,0.69313906041756113,-0.508023230913907,0.42494817447141692,0.44734426348884671,0.023676751899391113,1.8476872975363789,0.74695838663655134,4.5490380297130351,0,-0.11478677571158968,698
fixed_blend_vol40_exact,fixed_blend,0.40000000000000002,0,control,full,frictionless,2020-01-01,2024-12-31,1827,0,0.57028757345581971,1.3422046321284027,-0.47554862444676904,0.39445409158079686,1.1992203197291664,0.29604706333449926,9.5446900310993819,0.58769707951059735,8.1798163922894904,0,-0.21860370774295523,792
fixed_blend_vol40_exact,fixed_blend,0.40000000000000002,0,control,2020_2021,frictionless,2020-01-01,2021-12-31,731,0,1.2723014219827675,2.0450878054904571,-0.35566719439664973,0.45191051104377666,3.5772245571905694,0.61786201032081722,5.1575554424320238,0.53256673326074233,7.9723583966112486,0,-0.21860370774295523,163
fixed_blend_vol40_exact,fixed_blend,0.40000000000000002,0,control,2022_2024,frictionless,2022-01-01,2024-12-31,1096,0,0.22791132842880057,0.75935811265519837,-0.37693492543791074,0.35048769011236203,0.60464370120126332,0.081883239492154647,1.850622865354715,0.62446741081410473,8.3255918746980822,0,-0.081267261819976122,697
state_rule_vol40_exact,state_rule,0.40000000000000002,0,control,full,frictionless,2020-01-01,2024-12-31,1827,0,0.54501376695136616,1.3334081971054494,-0.36456290151316706,0.38102255999101969,1.494978684581491,0.29029131794096341,8.8010087100126739,0.53193628311595731,9.1377131964526797,0,-0.2236214033084335,790
state_rule_vol40_exact,state_rule,0.40000000000000002,0,control,2020_2021,frictionless,2020-01-01,2021-12-31,731,0,1.1789910328987738,1.9595748668684729,-0.36151984948785476,0.44985358603889397,3.2612069145552738,0.57796940766439198,4.7429422811243258,0.52640402665759956,7.9604975138375096,0,-0.2236214033084335,163
state_rule_vol40_exact,state_rule,0.40000000000000002,0,control,2022_2024,frictionless,2022-01-01,2024-12-31,1096,0,0.22901212715472097,0.79258680005108717,-0.31063941210919976,0.32673969622946469,0.737228175909037,0.098831326645991396,1.8556010569722623,0.53562613664794589,9.9308685950878655,0,-0.0812672618199759,675
constant_vol40_exact,constant,0.40000000000000002,0,control,full,frictionless,2020-01-01,2024-12-31,1827,0,0.52843350034877679,1.3361083899978103,-0.36360887308871137,0.36866354945334873,1.4533019941453749,0.28870524246767948,8.3388589951002015,0.50934707759992637,11.94633141370697,0,-0.213586001821233,792
constant_vol40_exact,constant,0.40000000000000002,0,control,2020_2021,frictionless,2020-01-01,2021-12-31,731,0,1.1675471622708242,1.9568851914553909,-0.34979255301369905,0.44696151292669739,3.3378273842928246,0.57499047474016796,4.6932878974386947,0.52041521034410554,11.198644146232763,0,-0.213586001821233,163
constant_vol40_exact,constant,0.40000000000000002,0,control,2022_2024,frictionless,2022-01-01,2024-12-31,1096,0,0.2113420811009612,0.77950641946826527,-0.28054794315885467,0.30498742405971718,0.75331894691986023,0.098213661659766971,1.7767627252636842,0.50196495621671922,12.455699483725125,0,-0.0812672618199759,698
ridge_vol40_exact,ridge,0.40000000000000002,0,candidate,full,frictionless,2020-01-01,2024-12-31,1827,0,0.39805843223989124,1.0594392477169734,-0.59468016160457549,0.38787367452938371,0.6693655816024594,0.18525961286323905,5.3398248190493458,0.54166167934667542,10.660964519979995,0,-0.22362140330843316,1121
ridge_vol40_exact,ridge,0.40000000000000002,0,candidate,2020_2021,frictionless,2020-01-01,2021-12-31,731,0,1.1674561043201881,1.941151394871202,-0.3595884428351942,0.4518356076661279,3.2466452345223287,0.57084819554105293,4.6928938486132701,0.52583064697101189,9.4784631561335111,0,-0.22362140330843316,163
ridge_vol40_exact,ridge,0.40000000000000002,0,candidate,2022_2024,frictionless,2022-01-01,2024-12-31,1096,0,0.044018588783138357,0.29607998765665661,-0.51884452557524208,0.33780849803503155,0.084839651597624591,-0.071153536088500016,1.1378533142460245,0.55222051572131947,11.459034803201835,0,-0.087084424692828288,791
boosted_vol40_exact,boosted,0.40000000000000002,0,candidate,full,frictionless,2020-01-01,2024-12-31,1827,0,0.52106713328282694,1.2573556023904999,-0.51534063516223572,0.39629051482623062,1.011112064001684,0.26270884077911816,8.1398656708211199,0.56572266087909095,9.2079702326331958,0,-0.213586001821233,833
boosted_vol40_exact,boosted,0.40000000000000002,0,candidate,2020_2021,frictionless,2020-01-01,2021-12-31,731,0,1.2167423215392503,2.0047311674151196,-0.34979255301369905,0.44764106210031868,3.4784683408957497,0.59682620828986399,4.9085946227292077,0.52322082903219647,8.7949496435607166,0,-0.213586001821233,162
boosted_vol40_exact,boosted,0.40000000000000002,0,candidate,2022_2024,frictionless,2022-01-01,2024-12-31,1096,0,0.18377775391714968,0.64914492167868854,-0.42466051613438927,0.35750946174515286,0.43276393009184505,0.040355928687984016,1.658288430079272,0.59407014179157258,9.4917263972501296,0,-0.087084424692828288,735
trend_vol40_band2,trend,0.40000000000000002,0.02,control,full,frictionless,2020-01-01,2024-12-31,749,1078,0.52405529568728704,1.3343905992654963,-0.36481968909493112,0.36628654532448185,1.4364775568648671,0.28752057278980825,8.2201239171803966,0.50741224114549666,11.046580651959486,0,-0.20806979893269129,793
trend_vol40_band2,trend,0.40000000000000002,0.02,control,2020_2021,frictionless,2020-01-01,2021-12-31,420,311,1.1586377231952718,1.9600903505209246,-0.34381271570049654,0.44319350675963509,3.3699676314606957,0.57406858936223693,4.6548110585618581,0.51729210175841911,10.213479998374188,0,-0.20806979893269129,163
trend_vol40_band2,trend,0.40000000000000002,0.02,control,2022_2024,frictionless,2022-01-01,2024-12-31,329,767,0.20887618770176064,0.77453080557149578,-0.28243650795916653,0.30388347157313156,0.73955094973755686,0.096849363594392973,1.765941477272355,0.50082266257976105,11.612069289191659,0,-0.0799829972451781,698
allocation_vol40_band2,allocation,0.40000000000000002,0.02,control,full,frictionless,2020-01-01,2024-12-31,879,948,0.59706511509222326,1.2921439703448416,-0.58443063706032738,0.43627282019962044,1.0216184389227898,0.27822633357888332,10.386613002023973,0.66217516586746827,3.9522896570345289,0,-0.21797596917397155,825
allocation_vol40_band2,allocation,0.40000000000000002,0.02,control,2020_2021,frictionless,2020-01-01,2021-12-31,400,331,1.3737623314922396,2.1290929148968503,-0.35569998672615066,0.45526372900682738,3.8621377080620567,0.65840118541415293,5.6280833709964524,0.54099887198665153,4.4145255523280023,0,-0.21797596917397155,163
allocation_vol40_band2,allocation,0.40000000000000002,0.02,control,2022_2024,frictionless,2022-01-01,2024-12-31,479,617,0.22677589119473329,0.69360581437458491,-0.50546397968527046,0.42275158086853742,0.44864896473124827,0.025144605836193767,1.8454973598205751,0.74299621589199127,3.6477417904526108,0,-0.11478677571158979,698
fixed_blend_vol40_band2,fixed_blend,0.40000000000000002,0.02,control,full,frictionless,2020-01-01,2024-12-31,804,1023,0.56788539339981048,1.3435729857773706,-0.47157478347329862,0.39220300308966644,1.2042318913177534,0.29621856644320516,9.4719170398597061,0.58597665327613246,7.0854124456525778,0,-0.21302662736941658,792
fixed_blend_vol40_band2,fixed_blend,0.40000000000000002,0.02,control,2020_2021,frictionless,2020-01-01,2021-12-31,423,308,1.2654288917286789,2.051136188018408,-0.34970583524316445,0.44820515018540424,3.6185524066213408,0.61799801822242706,5.1264260312667487,0.52940495829685075,6.9948337260984852,0,-0.21302662736941658,163
fixed_blend_vol40_band2,fixed_blend,0.40000000000000002,0.02,control,2022_2024,frictionless,2022-01-01,2024-12-31,381,715,0.2272562984149944,0.75904129870051051,-0.37291606315533887,0.34945361853860468,0.60940335069538254,0.082072981186548377,1.8476648218640419,0.62370832209899285,7.1522689549860408,0,-0.079982997245177989,697
state_rule_vol40_band2,state_rule,0.40000000000000002,0.02,control,full,frictionless,2020-01-01,2024-12-31,730,1097,0.54090988129701523,1.3329976220703874,-0.36704397197523397,0.37832306361988682,1.4736923164440709,0.28961123347958762,8.6847570569122112,0.52938161038857823,8.2537509375047726,0,-0.21797596917397155,790
state_rule_vol40_band2,state_rule,0.40000000000000002,0.02,control,2020_2021,frictionless,2020-01-01,2021-12-31,397,334,1.1718568200565938,1.9654666014531776,-0.35569998672615022,0.44582640407895308,3.2945090351065835,0.57811513340219634,4.7119566372155317,0.52315984956690353,6.9943221200664496,0,-0.21797596917397155,163
state_rule_vol40_band2,state_rule,0.40000000000000002,0.02,control,2022_2024,frictionless,2022-01-01,2024-12-31,333,763,0.22625114436287497,0.78791373612315352,-0.31144146277300688,0.32519022400866671,0.72646442881556006,0.097598821663183566,1.8431317869776365,0.53353134319938511,9.1009078212193675,0,-0.079982997245177989,675
constant_vol40_band2,constant,0.40000000000000002,0.02,control,full,frictionless,2020-01-01,2024-12-31,749,1078,0.52405529568728704,1.3343905992654963,-0.36481968909493112,0.36628654532448185,1.4364775568648671,0.28752057278980825,8.2201239171803966,0.50741224114549666,11.046580651959486,0,-0.20806979893269129,793
constant_vol40_band2,constant,0.40000000000000002,0.02,control,2020_2021,frictionless,2020-01-01,2021-12-31,420,311,1.1586377231952718,1.9600903505209246,-0.34381271570049654,0.44319350675963509,3.3699676314606957,0.57406858936223693,4.6548110585618581,0.51729210175841911,10.213479998374188,0,-0.20806979893269129,163
constant_vol40_band2,constant,0.40000000000000002,0.02,control,2022_2024,frictionless,2022-01-01,2024-12-31,329,767,0.20887618770176064,0.77453080557149578,-0.28243650795916653,0.30388347157313156,0.73955094973755686,0.096849363594392973,1.765941477272355,0.50082266257976105,11.612069289191659,0,-0.0799829972451781,698
ridge_vol40_band2,ridge,0.40000000000000002,0.02,candidate,full,frictionless,2020-01-01,2024-12-31,787,1040,0.39577030030744975,1.0596188877964978,-0.59419877513956254,0.38522663335678825,0.66605707865098362,0.18559407821600113,5.296276442965743,0.53902871379006601,9.7420572331372579,0,-0.21797596917397177,1121
ridge_vol40_band2,ridge,0.40000000000000002,0.02,candidate,2020_2021,frictionless,2020-01-01,2021-12-31,417,314,1.1606322365727646,1.9464868814627736,-0.35362398558588959,0.44799789611830487,3.2821083520389926,0.57096885532756181,4.6634109347830472,0.52261731441578008,8.4924596666328185,0,-0.21797596917397177,163
ridge_vol40_band2,ridge,0.40000000000000002,0.02,candidate,2022_2024,frictionless,2022-01-01,2024-12-31,370,726,0.043361813129412452,0.29399722816420865,-0.51882490479191867,0.3361707739731814,0.083576969279844537,-0.070682908172659695,1.1357087155803309,0.54997463800776958,10.584019133394225,0,-0.087082115870031895,791
boosted_vol40_band2,boosted,0.40000000000000002,0.02,candidate,full,frictionless,2020-01-01,2024-12-31,804,1023,0.51759294527078703,1.2572910474125951,-0.51392668345306913,0.39359851837417881,1.0071338226555671,0.26248820292719377,8.0473427860936528,0.56311900418926786,8.3195750014021943,0,-0.20806979893269129,833
boosted_vol40_band2,boosted,0.40000000000000002,0.02,candidate,2020_2021,frictionless,2020-01-01,2021-12-31,410,321,1.2100306884542884,2.0112637416817796,-0.34381271570049654,0.44373539775383314,3.519447167592181,0.59711726157339839,4.8789363577105602,0.5198873278767715,7.8208115732837813,0,-0.20806979893269129,161
boosted_vol40_band2,boosted,0.40000000000000002,0.02,candidate,2022_2024,frictionless,2022-01-01,2024-12-31,394,702,0.18165872884231171,0.64553495189965227,-0.42364300539503008,0.35579734174674632,0.42880143547495198,0.039791997299433557,1.6494051563873764,0.59195327005097842,8.6596817388705478,0,-0.087082115870031895,735
btc_buy_hold,btc_buy_hold,,0,benchmark,full,frictionless,2020-01-01,2024-12-31,2,0,0.66847644159306885,1.1174689700749052,-0.76670598287258052,0.65219338562074891,0.87188108156991317,0.09077155254810132,12.925525976454294,0.99945265462506405,0.40005476451259275,0,-0.38812428745094329,846
btc_buy_hold,btc_buy_hold,,0,benchmark,2020_2021,frictionless,2020-01-01,2021-12-31,1,0,1.5410962535360491,1.5937915150634732,-0.53168012202870296,0.78515026091274343,2.8985402870729335,0.32667442557557891,6.4489318589059055,0.99999999999999378,0.50034246575341756,0,-0.38812428745094329,188
btc_buy_hold,btc_buy_hold,,0,benchmark,2022_2024,frictionless,2022-01-01,2024-12-31,1,0,0.26102129218637837,0.6971820393587731,-0.66983013791382529,0.54544382678121983,0.38968281271924371,-0.065989812749627841,2.0042894326142289,0.99908759124087254,0.3335616438356161,0,-0.15417808941374889,769
eth_buy_hold,eth_buy_hold,,0,benchmark,full,frictionless,2020-01-01,2024-12-31,2,0,0.92035282712691746,1.2026675530203861,-0.79350360564433986,0.84414456790967352,1.1598596661442686,-0.053644795413736013,26.104247704993995,0.99945265462506616,0.40005476451259286,0,-0.43322542520938911,1149
eth_buy_hold,eth_buy_hold,,0,benchmark,2020_2021,frictionless,2020-01-01,2021-12-31,1,0,4.3537184300512148,2.1536601942356568,-0.61469940964823033,1.0370070082266265,7.0826787234799626,0.62028541209438615,28.596545822311608,0.999999999999996,0.50034246575341756,0,-0.43322542520938911,166
eth_buy_hold,eth_buy_hold,,0,benchmark,2022_2024,frictionless,2022-01-01,2024-12-31,1,0,-0.029958845805539647,0.29676246416659174,-0.74048740228840337,0.68325525844857826,-0.040458278848437911,-0.49749210814446854,0.91284618314380284,0.99908759124087487,0.33356164383561626,0,-0.17564174629941898,794
mix_buy_hold,mix_buy_hold,,0,benchmark,full,frictionless,2020-01-01,2024-12-31,2,0,0.81179284648570404,1.1699224368043044,-0.77861676297900206,0.7621358844561561,1.0426090023797712,0.020363211555298855,19.514886840724134,0.99945265462506561,0.40005476451259281,0,-0.41416886639453976,1149
mix_buy_hold,mix_buy_hold,,0,benchmark,2020_2021,frictionless,2020-01-01,2021-12-31,1,0,3.1901240947630622,2.0377205107745779,-0.58199832311481636,0.91889001406876225,5.4813286706561799,0.60590274188092241,17.522738840608781,0.99999999999999523,0.50034246575341756,0,-0.41416886639453976,161
mix_buy_hold,mix_buy_hold,,0,benchmark,2022_2024,frictionless,2022-01-01,2024-12-31,1,0,0.036570137400851133,0.37418302954900795,-0.71489100883511503,0.63464699548993098,0.051154843114393958,-0.36669107785999688,1.1136893049788938,0.99908759124087465,0.33356164383561621,0,-0.16918630841730398,791
usd_cash,usd_cash,,0,benchmark,full,frictionless,2020-01-01,2024-12-31,2,0,0,,0,0,,0,1,0,0,0,0,0
usd_cash,usd_cash,,0,benchmark,2020_2021,frictionless,2020-01-01,2021-12-31,1,0,0,,0,0,,0,1,0,0,0,0,0
usd_cash,usd_cash,,0,benchmark,2022_2024,frictionless,2022-01-01,2024-12-31,1,0,0,,0,0,,0,1,0,0,0,0,0
trend_vol20_exact,trend,0.20000000000000001,0,control,full,base,2020-01-01,2024-12-31,1827,0,0.27669868856166602,1.3119206564545121,-0.23314165513626361,0.20154544901396509,1.1868264742306336,0.20348078574845932,3.3913252841346924,0.29437285192190771,8.1021827615165414,0.02430646588420236,-0.10680675272775353,756
trend_vol20_exact,trend,0.20000000000000001,0,control,2020_2021,base,2020-01-01,2021-12-31,731,0,0.53828424198441582,2.0069452381843909,-0.18694872965901188,0.22723108156075877,2.8793147884247619,0.37858939046494555,2.3649237527627318,0.26727735419137183,6.7077037175495198,0.020123000887345428,-0.10680675272775353,162
trend_vol20_exact,trend,0.20000000000000001,0,control,2022_2024,base,2022-01-01,2024-12-31,1096,0,0.12776819882090851,0.74965593377098549,-0.16787835449478183,0.18221811389401948,0.76107607324016224,0.086795728774568176,1.4340104116138717,0.31244475779875241,9.0392347111580431,0.027117640234512651,-0.047735907390172527,675
allocation_vol20_exact,allocation,0.20000000000000001,0,control,full,base,2020-01-01,2024-12-31,1827,0,0.29060294795495589,1.2555078546833804,-0.34630265206557331,0.22283785978521869,0.83915888666058924,0.20528961565069076,3.5800363017372678,0.3408205178090567,3.2602799516865559,0.0097808106951636688,-0.11182416205487167,756
allocation_vol20_exact,allocation,0.20000000000000001,0,control,2020_2021,base,2020-01-01,2021-12-31,731,0,0.57029908092768311,2.0781989143000765,-0.19316909068073163,0.22962012420022632,2.9523309289179656,0.39810819065776804,2.4643164027304922,0.27276283027899151,3.2328510052237536,0.0096985091658733959,-0.11182416205487167,162
allocation_vol20_exact,allocation,0.20000000000000001,0,control,2022_2024,base,2022-01-01,2024-12-31,1096,0,0.13266292231404009,0.6792628514838992,-0.28847410022391085,0.21803081610247321,0.45987810417319402,0.076794078701661869,1.4527502628195648,0.38621300830584282,3.2815433406085033,0.0098446106285673806,-0.057478521295810658,675
fixed_blend_vol20_exact,fixed_blend,0.20000000000000001,0,control,full,base,2020-01-01,2024-12-31,1827,0,0.28545842615098271,1.3078378859187239,-0.28476071732063657,0.20849025405096244,1.0024501582834564,0.20746917404131615,3.5092598764943865,0.31759553007097518,5.4880501144954952,0.016464100813064372,-0.10931537257710089,756
fixed_blend_vol20_exact,fixed_blend,0.20000000000000001,0,control,2020_2021,base,2020-01-01,2021-12-31,731,0,0.55518220517165817,2.047149365676832,-0.19002210725209445,0.22821778987252531,2.9216716581040805,0.38907086435225857,2.41713007634262,0.27002183316414208,4.7776257921121461,0.014332809267189186,-0.10931537257710089,162
fixed_blend_vol20_exact,fixed_blend,0.20000000000000001,0,control,2022_2024,base,2022-01-01,2024-12-31,1096,0,0.13242331733794277,0.73662124267158879,-0.22140555775369375,0.19403367124744,0.59810295044742856,0.086455725667780342,1.4518291385477651,0.34932579689478455,5.9666782473305089,0.017899997552152914,-0.047378272609951866,675
state_rule_vol20_exact,state_rule,0.20000000000000001,0,control,full,base,2020-01-01,2024-12-31,1827,0,0.2890062852743549,1.3536580828136373,-0.23274934505466205,0.20257674351981977,1.2417061161073544,0.21266364073302693,3.5579489262380828,0.29611885160320894,6.2860275565771291,0.018858037705799344,-0.11182416205487133,753
state_rule_vol20_exact,state_rule,0.20000000000000001,0,control,2020_2021,base,2020-01-01,2021-12-31,731,0,0.54474341169311113,2.0190633312277608,-0.19316909068073185,0.22805009753981065,2.8200340425759842,0.38243731914367024,2.3848121354976941,0.26939403670692019,5.0546398428765427,0.015163896892769722,-0.11182416205487133,162
state_rule_vol20_exact,state_rule,0.20000000000000001,0,control,2022_2024,base,2022-01-01,2024-12-31,1096,0,0.14275951691041677,0.81769536402601894,-0.16507507819128175,0.18345590783538213,0.86481568553305976,0.099526940160620248,1.4919200021160328,0.31394352285246729,7.1126933634794174,0.021338020200061834,-0.047020634021012753,546
constant_vol20_exact,constant,0.20000000000000001,0,control,full,base,2020-01-01,2024-12-31,1827,0,0.27669868856166602,1.3119206564545121,-0.23314165513626361,0.20154544901396509,1.1868264742306336,0.20348078574845932,3.3913252841346924,0.29437285192190771,8.1021827615165414,0.02430646588420236,-0.10680675272775353,756
constant_vol20_exact,constant,0.20000000000000001,0,control,2020_2021,base,2020-01-01,2021-12-31,731,0,0.53828424198441582,2.0069452381843909,-0.18694872965901188,0.22723108156075877,2.8793147884247619,0.37858939046494555,2.3649237527627318,0.26727735419137183,6.7077037175495198,0.020123000887345428,-0.10680675272775353,162
constant_vol20_exact,constant,0.20000000000000001,0,control,2022_2024,base,2022-01-01,2024-12-31,1096,0,0.12776819882090851,0.74965593377098549,-0.16787835449478183,0.18221811389401948,0.76107607324016224,0.086795728774568176,1.4340104116138717,0.31244475779875241,9.0392347111580431,0.027117640234512651,-0.047735907390172527,675
ridge_vol20_exact,ridge,0.20000000000000001,0,candidate,full,base,2020-01-01,2024-12-31,1827,0,0.28168305949105399,1.3308126563448506,-0.23314165513625973,0.20162142350707307,1.2082056264309533,0.20734354456795029,3.4580355105955651,0.29485091677055902,6.9284293000844608,0.020785189443162481,-0.10680675272775353,755
ridge_vol20_exact,ridge,0.20000000000000001,0,candidate,2020_2021,base,2020-01-01,2021-12-31,731,0,0.53982973646161692,2.0108253292675302,-0.18694872965901188,0.22729873337626694,2.8875817313455299,0.37956097909174163,2.3696748996429489,0.26786872363638053,5.5044594627917229,0.016513218092343119,-0.10680675272775353,162
ridge_vol20_exact,ridge,0.20000000000000001,0,candidate,2022_2024,base,2022-01-01,2024-12-31,1096,0,0.13436034273358377,0.78128937742851978,-0.16502686252425902,0.1823111967675965,0.81417255759699569,0.092581742720553875,1.4592868883054715,0.31284725178979667,7.8840698576404282,0.023652152251875998,-0.047020634021012753,675
boosted_vol20_exact,boosted,0.20000000000000001,0,candidate,full,base,2020-01-01,2024-12-31,1827,0,0.26714497815995508,1.2349141704924365,-0.32173358849890654,0.20932780165948561,0.83032977503641348,0.19277467572593954,3.2663382227544706,0.3140286296736633,5.7645312786818304,0.017293524311340298,-0.10680675272775353,825
boosted_vol20_exact,boosted,0.20000000000000001,0,candidate,2020_2021,base,2020-01-01,2021-12-31,731,0,0.55348721109292387,2.050066075111507,-0.18694872965901188,0.22724600063622094,2.9606363846519081,0.38840819940134852,2.4118676848318148,0.26711763014842999,5.2612839846994675,0.015783734833432216,-0.10680675272775353,161
boosted_vol20_exact,boosted,0.20000000000000001,0,candidate,2022_2024,base,2022-01-01,2024-12-31,1096,0,0.10645212792292935,0.61246936128366669,-0.26148781264666288,0.19624464962991181,0.40710168036310546,0.062425891451618788,1.3542775349146976,0.34531689669277416,6.1052938867967237,0.018315843802832753,-0.047020634021012864,700
trend_vol20_band2,trend,0.20000000000000001,0.02,control,full,base,2020-01-01,2024-12-31,782,1045,0.27581103905544424,1.3218396556648728,-0.23417564639972399,0.1991337053107072,1.1777955705293586,0.20374147957301811,3.379553852085611,0.29142157978460825,7.2498354566612706,0.021749425824897251,-0.10339869769422172,756
trend_vol20_band2,trend,0.20000000000000001,0.02,control,2020_2021,base,2020-01-01,2021-12-31,371,360,0.53442349474947171,2.0217571370230978,-0.18219407930949894,0.22394646957330205,2.9332648831119772,0.37753734131943062,2.3530758912250649,0.2637341356637054,5.7790138305335699,0.017336932645372932,-0.10339869769422172,162
trend_vol20_band2,trend,0.20000000000000001,0.02,control,2022_2024,base,2022-01-01,2024-12-31,411,685,0.12834967480955206,0.75788920168568263,-0.16725200606554491,0.18050591685571341,0.76740290193740757,0.08792990619543628,1.4362281576588269,0.30988829662072126,8.237004061711394,0.024710950433917946,-0.047749788298876994,675
allocation_vol20_band2,allocation,0.20000000000000001,0.02,control,full,base,2020-01-01,2024-12-31,771,1056,0.28781074851603905,1.2622190278386103,-0.34377538966582866,0.21931446671512309,0.83720579531830142,0.20467464000229771,3.5414819943332425,0.33651227230940517,2.2889933799375681,0.0068669543297112199,-0.10840385880297498,756
allocation_vol20_band2,allocation,0.20000000000000001,0.02,control,2020_2021,base,2020-01-01,2021-12-31,313,418,0.56145290469746301,2.0862896461273612,-0.18837609780784148,0.22557213333237466,2.9804890919345266,0.39428462522201596,2.4366483255053,0.26847447163020949,2.220169776628131,0.0066604693388988027,-0.10840385880297498,162
allocation_vol20_band2,allocation,0.20000000000000001,0.02,control,2022_2024,base,2022-01-01,2024-12-31,458,638,0.13283798835241467,0.68677926769547859,-0.28631287787517568,0.21487740493829965,0.46396092742404788,0.078314898078303274,1.4534235233140633,0.38189149885729951,2.3369661870570448,0.007010882181421518,-0.057518576248082764,675
fixed_blend_vol20_band2,fixed_blend,0.20000000000000001,0.02,control,full,base,2020-01-01,2024-12-31,783,1044,0.28526615469189043,1.3201312598070987,-0.283344493506688,0.20604289299425899,1.0067820664570533,0.20832315327264489,3.5066365462285831,0.31490966702191053,4.5031872940148334,0.013509514013846981,-0.10590221849123338,756
fixed_blend_vol20_band2,fixed_blend,0.20000000000000001,0.02,control,2020_2021,base,2020-01-01,2021-12-31,357,374,0.55247626133825944,2.0663356498490368,-0.1852511880796015,0.22487867121427929,2.9823088697323938,0.38881919007009585,2.4087317512022071,0.26637688137480597,3.7729580247525321,0.01131880471933602,-0.10590221849123338,162
fixed_blend_vol20_band2,fixed_blend,0.20000000000000001,0.02,control,2022_2024,base,2022-01-01,2024-12-31,426,670,0.13345602949905788,0.74633044408524751,-0.22089162145179497,0.19227090700380411,0.60416972188409557,0.088045478888724216,1.4558020188335332,0.34727961803288998,4.9941193066682548,0.014982324332574702,-0.047391515073428647,675
state_rule_vol20_band2,state_rule,0.20000000000000001,0.02,control,full,base,2020-01-01,2024-12-31,698,1129,0.28781455783176968,1.3646790306594268,-0.23412491267200641,0.19985418254406179,1.2293205133405813,0.21282427068692966,3.5415343656001621,0.29275103247460482,5.3739489747862255,0.016121806672966841,-0.10840385880297498,754
state_rule_vol20_band2,state_rule,0.20000000000000001,0.02,control,2020_2021,base,2020-01-01,2021-12-31,329,402,0.54299448672047612,2.0430331209565544,-0.18837609780784192,0.2244038731729685,2.8825020426655836,0.38292889792076412,2.3794188171789248,0.26537802861104132,4.0633533485246396,0.012190041354895452,-0.10840385880297498,162
state_rule_vol20_band2,state_rule,0.20000000000000001,0.02,control,2022_2024,base,2022-01-01,2024-12-31,369,727,0.14186025539293645,0.82033544595909635,-0.16706082281207002,0.18146459166994935,0.84915333831749307,0.099467739688441054,1.488403109209264,0.31100802683980999,6.2525871082526594,0.018757706662797968,-0.047033238038876823,556
constant_vol20_band2,constant,0.20000000000000001,0.02,control,full,base,2020-01-01,2024-12-31,782,1045,0.27581103905544424,1.3218396556648728,-0.23417564639972399,0.1991337053107072,1.1777955705293586,0.20374147957301811,3.379553852085611,0.29142157978460825,7.2498354566612706,0.021749425824897251,-0.10339869769422172,756
constant_vol20_band2,constant,0.20000000000000001,0.02,control,2020_2021,base,2020-01-01,2021-12-31,371,360,0.53442349474947171,2.0217571370230978,-0.18219407930949894,0.22394646957330205,2.9332648831119772,0.37753734131943062,2.3530758912250649,0.2637341356637054,5.7790138305335699,0.017336932645372932,-0.10339869769422172,162
constant_vol20_band2,constant,0.20000000000000001,0.02,control,2022_2024,base,2022-01-01,2024-12-31,411,685,0.12834967480955206,0.75788920168568263,-0.16725200606554491,0.18050591685571341,0.76740290193740757,0.08792990619543628,1.4362281576588269,0.30988829662072126,8.237004061711394,0.024710950433917946,-0.047749788298876994,675
ridge_vol20_band2,ridge,0.20000000000000001,0.02,candidate,full,base,2020-01-01,2024-12-31,747,1080,0.27991323513716027,1.3386771904577122,-0.23417564639972488,0.19900759536876983,1.1953131738531164,0.20700089412632003,3.434229296977068,0.29168856964959999,6.0679845358387299,0.018203857446871516,-0.10339869769422172,756
ridge_vol20_band2,ridge,0.20000000000000001,0.02,candidate,2020_2021,base,2020-01-01,2021-12-31,357,374,0.53351162717072587,2.0219066335781797,-0.18219407930949894,0.22359916320424078,2.9282599587906066,0.37710175266672952,2.3502818924113695,0.26416847880690014,4.5498530523165091,0.013649400255681702,-0.10339869769422172,162
ridge_vol20_band2,ridge,0.20000000000000001,0.02,candidate,2022_2024,base,2022-01-01,2024-12-31,390,706,0.13485589066038983,0.78947097466084382,-0.16725200606554413,0.18057322323647973,0.8063035764577996,0.093647285121136487,1.4611988919565562,0.31004366673537881,7.0856137299091051,0.021256786768346799,-0.047033238038876934,675
boosted_vol20_band2,boosted,0.20000000000000001,0.02,candidate,full,base,2020-01-01,2024-12-31,779,1048,0.26542813948812705,1.2428538326518406,-0.32010677854351843,0.20640355886561154,0.82918625058744944,0.19262581054052019,3.2442735117511234,0.31047637256713156,4.86264588558074,0.014587872566356522,-0.10339869769422172,825
boosted_vol20_band2,boosted,0.20000000000000001,0.02,candidate,2020_2021,base,2020-01-01,2021-12-31,347,384,0.54711309259327945,2.0595551578081985,-0.18219407930949894,0.22381766542421552,3.0029136768153748,0.3858233061991137,2.3921294690373318,0.26328572630857577,4.3007693106860243,0.012902189924491634,-0.10339869769422172,161
boosted_vol20_band2,boosted,0.20000000000000001,0.02,candidate,2022_2024,base,2022-01-01,2024-12-31,432,664,0.10698347922505969,0.62043187771902419,-0.26069246349269415,0.19369899199887788,0.41038194120275318,0.063898080066074031,1.356228228339464,0.34195115579250041,5.2416710413421317,0.015724983252317918,-0.047033238038876823,700
trend_vol40_exact,trend,0.40000000000000002,0,control,full,base,2020-01-01,2024-12-31,1827,0,0.47462448694842574,1.238869635244211,-0.38970085742655203,0.36868444630642211,1.2179200479123387,0.25285963409344159,6.9709465129422403,0.5093470775999337,11.943679803735414,0.035830866723305842,-0.21361072943420323,827
trend_vol40_exact,trend,0.40000000000000002,0,control,2020_2021,base,2020-01-01,2021-12-31,731,0,1.095934166338802,1.8817847156440897,-0.35141904146850278,0.44694502677392867,3.1185964248241489,0.54141453467939571,4.3884922174027308,0.5204152103441132,11.196951343157135,0.033590528440716444,-0.21361072943420323,166
trend_vol40_exact,trend,0.40000000000000002,0,control,2022_2024,base,2022-01-01,2024-12-31,1096,0,0.16691178072604029,0.65707907685303102,-0.29093036685714802,0.30503712957044071,0.57371728681728484,0.060862039879182844,1.588460493401052,0.50196495621672643,12.452406247594665,0.037357147831080795,-0.081295344628158683,701
allocation_vol40_exact,allocation,0.40000000000000002,0,control,full,base,2020-01-01,2024-12-31,1827,0,0.57580080493640606,1.2560975445030502,-0.59184383724087963,0.43920529466805447,0.9728931327911351,0.26233275586860305,9.7134030014016837,0.66602053538195738,4.8690391028624838,0.014607041872010302,-0.22364378971620524,825
allocation_vol40_exact,allocation,0.40000000000000002,0,control,2020_2021,base,2020-01-01,2021-12-31,731,0,1.3415780664904586,2.0852872392613855,-0.36229011268717592,0.45924266913272077,3.7030490745102433,0.64129713393858279,5.476605434983381,0.54466911954741914,5.3563891584911252,0.016069010087188432,-0.22364378971620524,163
allocation_vol40_exact,allocation,0.40000000000000002,0,control,2022_2024,base,2022-01-01,2024-12-31,1096,0,0.21062638672644995,0.66107292399206807,-0.5137098303119243,0.42493914865714144,0.41001042670053195,0.010055845429292387,1.7736174564182763,0.74695838663656267,4.5485856768295658,0.013645736159491559,-0.11485850586950641,700
fixed_blend_vol40_exact,fixed_blend,0.40000000000000002,0,control,full,base,2020-01-01,2024-12-31,1827,0,0.53222129703370924,1.2799972705271006,-0.4866195642500204,0.39445833863711977,1.0937112605695793,0.27150952541163315,8.4426857966237279,0.58769707951060601,8.1790191942576573,0.024536916716577518,-0.21862734582536891,825
fixed_blend_vol40_exact,fixed_blend,0.40000000000000002,0,control,2020_2021,base,2020-01-01,2021-12-31,731,0,1.2185985270004713,1.9922263331337653,-0.35681305876080893,0.45189360716192783,3.4152296197695042,0.59396259567206966,4.9168129262930842,0.53256673326075021,7.9716443263693222,0.023914661689296311,-0.21862734582536891,163
fixed_blend_vol40_exact,fixed_blend,0.40000000000000002,0,control,2022_2024,base,2022-01-01,2024-12-31,1096,0,0.19762059007346622,0.68816153066250296,-0.38819137894785594,0.35050809336901134,0.50908031654152663,0.056922300766644951,1.7171053532412761,0.62446741081411383,8.3247385301049093,0.024974161544551829,-0.081295344628158461,700
state_rule_vol40_exact,state_rule,0.40000000000000002,0,control,full,base,2020-01-01,2024-12-31,1827,0,0.50323301411817134,1.2613757095854494,-0.38087013540236414,0.38106485146632363,1.3212719174910863,0.262850315881831,7.673797915105486,0.53193628311596497,9.1357949391639721,0.027407276476760278,-0.22364378971620535,825
state_rule_vol40_exact,state_rule,0.40000000000000002,0,control,2020_2021,base,2020-01-01,2021-12-31,731,0,1.1275703916000417,1.9066306336081573,-0.36229011268717604,0.44981354023621672,3.1123410551743556,0.5541299437563485,4.5218799372484115,0.52640402665760722,7.9592955031914778,0.023877781980958974,-0.22364378971620535,166
state_rule_vol40_exact,state_rule,0.40000000000000002,0,control,2022_2024,base,2022-01-01,2024-12-31,1096,0,0.19293345429846798,0.70137857181977237,-0.31487279185551453,0.32684642813068138,0.61273460041285255,0.069000199594014211,1.6970370778519734,0.53562613664795367,9.9284710882042333,0.029785302283528964,-0.081295344628158572,698
constant_vol40_exact,constant,0.40000000000000002,0,control,full,base,2020-01-01,2024-12-31,1827,0,0.47462448694842574,1.238869635244211,-0.38970085742655203,0.36868444630642211,1.2179200479123387,0.25285963409344159,6.9709465129422403,0.5093470775999337,11.943679803735414,0.035830866723305842,-0.21361072943420323,827
constant_vol40_exact,constant,0.40000000000000002,0,control,2020_2021,base,2020-01-01,2021-12-31,731,0,1.095934166338802,1.8817847156440897,-0.35141904146850278,0.44694502677392867,3.1185964248241489,0.54141453467939571,4.3884922174027308,0.5204152103441132,11.196951343157135,0.033590528440716444,-0.21361072943420323,166
constant_vol40_exact,constant,0.40000000000000002,0,control,2022_2024,base,2022-01-01,2024-12-31,1096,0,0.16691178072604029,0.65707907685303102,-0.29093036685714802,0.30503712957044071,0.57371728681728484,0.060862039879182844,1.588460493401052,0.50196495621672643,12.452406247594665,0.037357147831080795,-0.081295344628158683,701
ridge_vol40_exact,ridge,0.40000000000000002,0,candidate,full,base,2020-01-01,2024-12-31,1827,0,0.35405123304320418,0.9770381753050037,-0.60750071997305977,0.38786469746482877,0.5827996929104956,0.15330008096703882,4.550775231411186,0.54166167934668319,10.658450041227361,0.031975149133192375,-0.22364378971620535,1149
ridge_vol40_exact,ridge,0.40000000000000002,0,candidate,2020_2021,base,2020-01-01,2021-12-31,731,0,1.1066895072633005,1.8782515603599068,-0.36142574266865812,0.45182862819252873,3.0620107441485507,0.54242416203637966,4.4336160373489779,0.52583064697101956,9.4773977864576278,0.028431863184781334,-0.22364378971620535,166
ridge_vol40_exact,ridge,0.40000000000000002,0,candidate,2022_2024,base,2022-01-01,2024-12-31,1096,0,0.0087379385381096686,0.19447309480311115,-0.53203854110987203,0.33778259694673107,0.016423506687845729,-0.105455997201254,1.0264252008011667,0.55222051572132758,11.455551955403742,0.034366540814903118,-0.087116737137727052,795
boosted_vol40_exact,boosted,0.40000000000000002,0,candidate,full,base,2020-01-01,2024-12-31,1827,0,0.47962449797782059,1.1878413962069392,-0.53025528667659949,0.39620382818176653,0.90451620196733951,0.23516109825113363,7.089916231876594,0.56572266087909939,9.2055669900298565,0.027616514414352016,-0.21361072943420323,841
boosted_vol40_exact,boosted,0.40000000000000002,0,candidate,2020_2021,base,2020-01-01,2021-12-31,731,0,1.1590185150430492,1.9460267721857292,-0.35141904146850278,0.44757319743731033,3.2981096021426901,0.57050677412938888,4.6564523315586426,0.52322082903220424,8.7937383055331271,0.026380850707432717,-0.21361072943420323,162
boosted_vol40_exact,boosted,0.40000000000000002,0,candidate,2022_2024,base,2022-01-01,2024-12-31,1096,0,0.15054515292769266,0.56966013082218392,-0.43994184820503679,0.35740164228274568,0.34219330018709754,0.011993565439246762,1.5226004105798203,0.59407014179158146,9.4885263568541856,0.02846551078007387,-0.087116737137727163,770
trend_vol40_band2,trend,0.40000000000000002,0.02,control,full,base,2020-01-01,2024-12-31,749,1078,0.4743746525769581,1.2438687329668352,-0.38820877554327637,0.36631480957555668,1.2219575714461823,0.25436772848217065,6.9650441499943199,0.50741224114550432,11.043978568125954,0.033131762068348877,-0.20806979893269739,827
trend_vol40_band2,trend,0.40000000000000002,0.02,control,2020_2021,base,2020-01-01,2021-12-31,420,311,1.093496800561315,1.89098676772202,-0.34528331528674583,0.44318635718664362,3.1669552282107922,0.54343831628031714,4.3782983544371348,0.51729210175842633,10.211876505468647,0.0306352991215894,-0.20806979893269739,166
trend_vol40_band2,trend,0.40000000000000002,0.02,control,2022_2024,base,2022-01-01,2024-12-31,329,767,0.16748740827801334,0.65997036083452565,-0.29174468093939032,0.30393774012341362,0.57408898677679299,0.06202267521348806,1.590810763943405,0.50082266257976882,11.60879910174053,0.034826328016479273,-0.079982997245178988,701
allocation_vol40_band2,allocation,0.40000000000000002,0.02,control,full,base,2020-01-01,2024-12-31,879,948,0.57824145262858795,1.2650064119708422,-0.58901769254393921,0.43625691407070122,0.98170472627263672,0.26638765095431305,9.7888480595472647,0.6621751658674776,3.9515743305344522,0.011854642921923184,-0.21797596917397399,825
allocation_vol40_band2,allocation,0.40000000000000002,0.02,control,2020_2021,base,2020-01-01,2021-12-31,400,331,1.3425337844185155,2.1001064710654025,-0.35626563295703373,0.45523627801483951,3.7683505233872148,0.64518455009148679,5.4810738518106357,0.54099887198665952,4.4136421630497651,0.013240778361239144,-0.21797596917397399,163
allocation_vol40_band2,allocation,0.40000000000000002,0.02,control,2022_2024,base,2022-01-01,2024-12-31,479,617,0.2134246549069938,0.66775865747525676,-0.51018358406493269,0.42274798796308449,0.41832913008786771,0.014219836902341021,1.7859361731302918,0.74299621589200138,3.6471378525384317,0.010941378786965446,-0.11485850586950663,699
fixed_blend_vol40_band2,fixed_blend,0.40000000000000002,0.02,control,full,base,2020-01-01,2024-12-31,804,1023,0.53490882910848625,1.2893567807681874,-0.48072450438276315,0.39221615312703723,1.1127138813015041,0.2749562904005019,8.5169785731593688,0.58597665327614101,7.0845599418309977,0.02125354717962789,-0.21302662736942024,825
fixed_blend_vol40_band2,fixed_blend,0.40000000000000002,0.02,control,2020_2021,base,2020-01-01,2021-12-31,423,308,1.2183854459244783,2.0043442011647583,-0.35069201976943321,0.44819857318708928,3.474232024799198,0.59702126962744728,4.9158691661036045,0.52940495829685819,6.9939781579059668,0.020981661500516849,-0.21302662736942024,163
fixed_blend_vol40_band2,fixed_blend,0.40000000000000002,0.02,control,2022_2024,base,2022-01-01,2024-12-31,381,715,0.20120253659916809,0.6976841047730743,-0.38218350589612515,0.34948295820919101,0.5264553113756133,0.060621197713654429,1.7325478537725341,0.62370832209900218,7.1514177155361152,0.021454213931162768,-0.079982997245178766,699
state_rule_vol40_band2,state_rule,0.40000000000000002,0.02,control,full,base,2020-01-01,2024-12-31,730,1097,0.50322178248688787,1.2674408633665155,-0.38201968462046487,0.37837247187602518,1.317266629825206,0.26481614121831176,7.6735112789629119,0.52938161038858578,8.2517196637602162,0.024755046586343966,-0.21797596917397422,825
state_rule_vol40_band2,state_rule,0.40000000000000002,0.02,control,2020_2021,base,2020-01-01,2021-12-31,397,334,1.1267602345985166,1.9185270486071302,-0.35626563295703373,0.44579166430196104,3.1626969608219433,0.5571680540652334,4.518439177633315,0.52315984956691119,6.9930930504030524,0.020979167587637883,-0.21797596917397422,166
state_rule_vol40_band2,state_rule,0.40000000000000002,0.02,control,2022_2024,base,2022-01-01,2024-12-31,333,763,0.19322152113859992,0.7039084343483285,-0.31474678721220617,0.32530468731654627,0.61389513408544372,0.070250003749988743,1.6982659226547674,0.53353134319939255,9.0983398897095231,0.027294906600628704,-0.079982997245178988,698
constant_vol40_band2,constant,0.40000000000000002,0.02,control,full,base,2020-01-01,2024-12-31,749,1078,0.4743746525769581,1.2438687329668352,-0.38820877554327637,0.36631480957555668,1.2219575714461823,0.25436772848217065,6.9650441499943199,0.50741224114550432,11.043978568125954,0.033131762068348877,-0.20806979893269739,827
constant_vol40_band2,constant,0.40000000000000002,0.02,control,2020_2021,base,2020-01-01,2021-12-31,420,311,1.093496800561315,1.89098676772202,-0.34528331528674583,0.44318635718664362,3.1669552282107922,0.54343831628031714,4.3782983544371348,0.51729210175842633,10.211876505468647,0.0306352991215894,-0.20806979893269739,166
constant_vol40_band2,constant,0.40000000000000002,0.02,control,2022_2024,base,2022-01-01,2024-12-31,329,767,0.16748740827801334,0.65997036083452565,-0.29174468093939032,0.30393774012341362,0.57408898677679299,0.06202267521348806,1.590810763943405,0.50082266257976882,11.60879910174053,0.034826328016479273,-0.079982997245178988,701
ridge_vol40_band2,ridge,0.40000000000000002,0.02,candidate,full,base,2020-01-01,2024-12-31,787,1040,0.35556721434794425,0.98378934745848745,-0.60560970523445878,0.38522694774976945,0.58712271496753532,0.15638246564126515,4.5763038302673742,0.53902871379007378,9.7394974295088375,0.029218285096715889,-0.21797596917397399,1149
ridge_vol40_band2,ridge,0.40000000000000002,0.02,candidate,2020_2021,base,2020-01-01,2021-12-31,417,314,1.1062779132381078,1.889629441790984,-0.35531294859013463,0.44799675302395581,3.1135310931610216,0.54549621826082006,4.4318849583987534,0.5226173144157874,8.4914519295741471,0.025474023801753617,-0.21797596917397399,166
ridge_vol40_band2,ridge,0.40000000000000002,0.02,candidate,2022_2024,base,2022-01-01,2024-12-31,370,726,0.010753615501914338,0.19969711970336315,-0.53057009404914324,0.3361566061314028,0.020268039270449911,-0.10237238975497558,1.032586331374624,0.54997463800777746,10.580422280999095,0.03174114265874254,-0.087162374485378002,795
boosted_vol40_band2,boosted,0.40000000000000002,0.02,candidate,full,base,2020-01-01,2024-12-31,804,1023,0.48018460065710755,1.1940424191006505,-0.52796191154188676,0.39352588845778153,0.90950614080237735,0.23759266650313274,7.1033437742680192,0.56311900418927596,8.3172046389293186,0.024951420643291342,-0.20806979893269739,840
boosted_vol40_band2,boosted,0.40000000000000002,0.02,candidate,2020_2021,base,2020-01-01,2021-12-31,410,321,1.1587812232996448,1.9586034990433054,-0.34528331528674583,0.44367488918912801,3.3560301699991415,0.57371207945799951,4.6554295327268482,0.51988732787677883,7.8196175024458592,0.023458483656708114,-0.20806979893269739,162
boosted_vol40_band2,boosted,0.40000000000000002,0.02,candidate,2022_2024,base,2022-01-01,2024-12-31,394,702,0.1513558917643687,0.57266216266253744,-0.43814845747701159,0.35570855964755377,0.34544431044199198,0.013907963935538392,1.5258192019303061,0.59195327005098719,8.6565250172597814,0.025969498653199152,-0.087162374485378002,770
btc_buy_hold,btc_buy_hold,,0,benchmark,full,base,2020-01-01,2024-12-31,2,0,0.66647519089453411,1.1156235931634377,-0.76670598287258074,0.65219870190449747,0.86927088842776901,0.089563539126357838,12.848204784172758,0.99945265462506705,0.39945647722768063,0.0011983693668938444,-0.38812428745094663,846
btc_buy_hold,btc_buy_hold,,0,benchmark,2020_2021,base,2020-01-01,2021-12-31,1,0,1.5372905610669512,1.5918726957701761,-0.53168012202870596,0.78515735907653283,2.8913824259616598,0.32516244402889927,6.4296429301156666,0.999999999999998,0.49884592796951371,0.0014965377839085412,-0.38812428745094663,188
btc_buy_hold,btc_buy_hold,,0,benchmark,2022_2024,base,2022-01-01,2024-12-31,1,0,0.25975814362177907,0.69534440509431983,-0.66983013791382617,0.54544848459112416,0.3877970382622542,-0.066996521986517177,1.9982765643163887,0.99908759124087465,0.33356164383561632,0.0010006848234656849,-0.15417808941374922,769
eth_buy_hold,eth_buy_hold,,0,benchmark,full,base,2020-01-01,2024-12-31,2,0,0.91804946380638874,1.2012449627470219,-0.79350360564434008,0.84414152688581445,1.1569568900205753,-0.054841619102507178,25.948090689809838,0.99945265462506783,0.39945647722768074,0.0011983300897734658,-0.43322542520939189,1149
eth_buy_hold,eth_buy_hold,,0,benchmark,2020_2021,base,2020-01-01,2021-12-31,1,0,4.3457003922131712,2.1522173152701334,-0.61469940964823289,1.036999405431084,7.0696348882131455,0.61879642599697915,28.511012783960016,0.99999999999999856,0.49884592796951371,0.0014965377839085412,-0.43322542520939189,166
eth_buy_hold,eth_buy_hold,,0,benchmark,2022_2024,base,2022-01-01,2024-12-31,1,0,-0.030930523364921969,0.29529897288677337,-0.74048740228840293,0.68325836046561284,-0.041770492339686334,-0.49849748865743992,0.91010764459437732,0.99908759124087554,0.33356164383561643,0.0010006193257288709,-0.17564174629941887,794
mix_buy_hold,mix_buy_hold,,0,benchmark,full,base,2020-01-01,2024-12-31,2,0,0.80961969521472898,1.1683454349889817,-0.77861676297900251,0.76213659318635796,1.039817961428301,0.019160529476773935,19.398147736991174,0.99945265462506772,0.39945647722768068,0.0011983430966440382,-0.41416886639454276,1149
mix_buy_hold,mix_buy_hold,,0,benchmark,2020_2021,base,2020-01-01,2021-12-31,1,0,3.1838487229860641,2.0360852059930474,-0.58199832311481914,0.91888938293217892,5.4705462138555694,0.60440053143406924,17.470327857037791,0.99999999999999845,0.49884592796951371,0.0014965377839085412,-0.41416886639454276,161
mix_buy_hold,mix_buy_hold,,0,benchmark,2022_2024,base,2022-01-01,2024-12-31,1,0,0.035531818627585476,0.372606828510268,-0.71489100883511592,0.63465045089618555,0.04970242762667143,-0.36769670051305814,1.1103482370639572,0.99908759124087554,0.33356164383561637,0.0010006410157249123,-0.16918630841730387,791
usd_cash,usd_cash,,0,benchmark,full,base,2020-01-01,2024-12-31,2,0,0,,0,0,,0,1,0,0,0,0,0
usd_cash,usd_cash,,0,benchmark,2020_2021,base,2020-01-01,2021-12-31,1,0,0,,0,0,,0,1,0,0,0,0,0
usd_cash,usd_cash,,0,benchmark,2022_2024,base,2022-01-01,2024-12-31,1,0,0,,0,0,,0,1,0,0,0,0,0
trend_vol20_exact,trend,0.20000000000000001,0,control,full,cost_stress,2020-01-01,2024-12-31,1827,0,0.23097319732631694,1.1306179549572914,-0.27236042778725189,0.20164524576860199,0.84804242379416572,0.16699252768613737,2.8260589235429383,0.29437285192190776,8.1009801670144252,0.060757145368379076,-0.10682856130180152,831
trend_vol20_exact,trend,0.20000000000000001,0,control,2020_2021,cost_stress,2020-01-01,2021-12-31,731,0,0.4925376413868694,1.873963218127775,-0.18865589032154528,0.2272657386127595,2.6107726641738447,0.3484130609801479,2.2264476837909815,0.267277354191372,6.7067986051856483,0.050300714131240938,-0.10682856130180152,163
trend_vol20_exact,trend,0.20000000000000001,0,control,2022_2024,cost_stress,2022-01-01,2024-12-31,1096,0,0.082795773269474404,0.52638375470113274,-0.20477799550828146,0.18235291607673029,0.40431967831292714,0.046108733642639288,1.2693129706650041,0.31244475779875241,9.0378326969706109,0.067783585503976548,-0.047813908922836323,701
allocation_vol20_exact,allocation,0.20000000000000001,0,control,full,cost_stress,2020-01-01,2024-12-31,1827,0,0.27180302308911175,1.1896983695661159,-0.35488003395051249,0.22283829456207113,0.76590114147423205,0.19062499743239136,3.3268084304976071,0.3408205178090567,3.2602543766512109,0.024451834932551431,-0.11184541278033977,792
allocation_vol20_exact,allocation,0.20000000000000001,0,control,2020_2021,cost_stress,2020-01-01,2021-12-31,731,0,0.5476153815019611,2.0150230715048769,-0.19410736592937483,0.22960298995920447,2.8211983552505098,0.38357902255698972,2.3936819248257062,0.2727628302789914,3.2328359713138162,0.024246160115317304,-0.11184541278033977,163
allocation_vol20_exact,allocation,0.20000000000000001,0,control,2022_2024,cost_stress,2022-01-01,2024-12-31,1096,0,0.11605712378802124,0.61159257882493279,-0.29637854166337185,0.21804324565731323,0.39158409760933188,0.062039345441751381,1.3898289476116883,0.38621300830584288,3.2815107148000235,0.024611281920234956,-0.057604391911394104,675
fixed_blend_vol20_exact,fixed_blend,0.20000000000000001,0,control,full,cost_stress,2020-01-01,2024-12-31,1827,0,0.25409580239949525,1.1893577299852323,-0.29962552690301469,0.20850785166397295,0.84804457425866497,0.1827771388308724,3.1016034236020924,0.31759553007097513,5.4876643824063773,0.041157359050326914,-0.10933675649994801,825
fixed_blend_vol20_exact,fixed_blend,0.20000000000000001,0,control,2020_2021,cost_stress,2020-01-01,2021-12-31,731,0,0.52209896602930228,1.9530450623508377,-0.19128531172770236,0.22821442911976483,2.7294252826506531,0.36759032546188181,2.3154533264827353,0.27002183316414191,4.7774195399259911,0.035830476316937004,-0.10933675649994801,163
fixed_blend_vol20_exact,fixed_blend,0.20000000000000001,0,control,2022_2024,cost_stress,2022-01-01,2024-12-31,1096,0,0.10241656276408095,0.59835311411995773,-0.23545791441137542,0.19405798221198531,0.4349675950375827,0.059627447286095953,1.3395231888839552,0.34932579689478443,5.9661725097060003,0.044746200835189882,-0.047455590049268581,698
state_rule_vol20_exact,state_rule,0.20000000000000001,0,control,full,cost_stress,2020-01-01,2024-12-31,1827,0,0.25304192428135419,1.2133089784881121,-0.25412219365269351,0.20272683672150668,0.9957490160311786,0.18432303568403496,3.0885949393321286,0.29611885160320905,6.2851344727816372,0.047138396126069557,-0.11184541278033977,792
state_rule_vol20_exact,state_rule,0.20000000000000001,0,control,2020_2021,cost_stress,2020-01-01,2021-12-31,731,0,0.50999744759454502,1.9194610983889961,-0.19410736592937483,0.22804206187634696,2.6273987344720626,0.35971309359084092,2.2788063517199921,0.26939403670692014,5.0540851287784943,0.037905581829054374,-0.11184541278033977,163
state_rule_vol20_exact,state_rule,0.20000000000000001,0,control,2022_2024,cost_stress,2022-01-01,2024-12-31,1096,0,0.10674608389841955,0.64271325754661679,-0.18648366588803367,0.18372152039840556,0.57241519459677925,0.067449861270423808,1.3553564729187759,0.3139435228524674,7.1115738842839891,0.053336654420998476,-0.04709726164762873,697
constant_vol20_exact,constant,0.20000000000000001,0,control,full,cost_stress,2020-01-01,2024-12-31,1827,0,0.23097319732631694,1.1306179549572914,-0.27236042778725189,0.20164524576860199,0.84804242379416572,0.16699252768613737,2.8260589235429383,0.29437285192190776,8.1009801670144252,0.060757145368379076,-0.10682856130180152,831
constant_vol20_exact,constant,0.20000000000000001,0,control,2020_2021,cost_stress,2020-01-01,2021-12-31,731,0,0.4925376413868694,1.873963218127775,-0.18865589032154528,0.2272657386127595,2.6107726641738447,0.3484130609801479,2.2264476837909815,0.267277354191372,6.7067986051856483,0.050300714131240938,-0.10682856130180152,163
constant_vol20_exact,constant,0.20000000000000001,0,control,2022_2024,cost_stress,2022-01-01,2024-12-31,1096,0,0.082795773269474404,0.52638375470113274,-0.20477799550828146,0.18235291607673029,0.40431967831292714,0.046108733642639288,1.2693129706650041,0.31244475779875241,9.0378326969706109,0.067783585503976548,-0.047813908922836323,701
ridge_vol20_exact,ridge,0.20000000000000001,0,candidate,full,cost_stress,2020-01-01,2024-12-31,1827,0,0.24232618868196387,1.1760666990517803,-0.25947520044775352,0.20165463178649964,0.9339088601292258,0.17616241137222771,2.9587869955868542,0.29485091677055902,6.9274623118569174,0.051955721347831121,-0.10682856130180152,827
ridge_vol20_exact,ridge,0.20000000000000001,0,candidate,2020_2021,cost_stress,2020-01-01,2021-12-31,731,0,0.50215048544788821,1.9020556837934428,-0.18865589032154528,0.2272827987449601,2.6617270448965171,0.35481833327331946,2.2551995563401976,0.26786872363638059,5.5040210260959483,0.041279757277315719,-0.10682856130180152,163
ridge_vol20_exact,ridge,0.20000000000000001,0,candidate,2022_2024,cost_stress,2022-01-01,2024-12-31,1096,0,0.094804311274815367,0.5867521289110379,-0.19069600120156172,0.18236511317151249,0.4971489212015997,0.057117566639399472,1.3119845590908314,0.31284725178979667,7.8827496186307657,0.059120478875524358,-0.04709726164762873,700
boosted_vol20_exact,boosted,0.20000000000000001,0,candidate,full,cost_stress,2020-01-01,2024-12-31,1827,0,0.2346902168276257,1.1110400193114354,-0.33863298443442991,0.20932940670616695,0.69305185145975989,0.16684514730133726,2.8689789837827022,0.3140286296736633,5.7635701093079126,0.043226602173277548,-0.10682856130180152,840
boosted_vol20_exact,boosted,0.20000000000000001,0,candidate,2020_2021,cost_stress,2020-01-01,2021-12-31,731,0,0.51713375368404901,1.9458973635377184,-0.18865589032154528,0.22725482577003914,2.7411481974013414,0.36474743256348652,2.3003818554916799,0.26711763014842999,5.2608386839356474,0.039455997621037867,-0.10682856130180152,161
boosted_vol20_exact,boosted,0.20000000000000001,0,candidate,2022_2024,cost_stress,2022-01-01,2024-12-31,1096,0,0.076459543506793848,0.47264538794210836,-0.27720588062109786,0.19623332582012329,0.27582222763630143,0.034987499165782317,1.2471751057041283,0.34531689669277421,6.1039879272358233,0.045779814890454025,-0.047097261647628619,737
trend_vol20_band2,trend,0.20000000000000001,0.02,control,full,cost_stress,2020-01-01,2024-12-31,782,1045,0.234844810303664,1.1575645703310338,-0.26959923367777272,0.19923565036229424,0.87108856764909237,0.17108586344332369,2.8707752876581565,0.29142157978460809,7.2486533663964927,0.054364698932176624,-0.10339869769422139,831
trend_vol20_band2,trend,0.20000000000000001,0.02,control,2020_2021,cost_stress,2020-01-01,2021-12-31,371,360,0.49502565107069785,1.905378666770724,-0.18362175300821515,0.22399192017512679,2.695898731827,0.35153085577508691,2.2338716029624286,0.26373413566370552,5.7781920084349947,0.043336167993686267,-0.10339869769422139,163
trend_vol20_band2,trend,0.20000000000000001,0.02,control,2022_2024,cost_stress,2022-01-01,2024-12-31,411,685,0.087272831837030829,0.55246577311181422,-0.20349164036102763,0.18063430825689802,0.42887674246565843,0.050851142782492857,1.2851120377066951,0.30988829662072109,8.2355807131346577,0.061766701018048903,-0.047848506589832418,701
allocation_vol20_band2,allocation,0.20000000000000001,0.02,control,full,cost_stress,2020-01-01,2024-12-31,771,1056,0.27461150096891873,1.2151785752253368,-0.34928067316537381,0.21933568836851292,0.78622014347441005,0.19436981299958389,3.3636983103747173,0.33651227230940506,2.2888614654015442,0.01716639644598144,-0.10840385880297299,790
allocation_vol20_band2,allocation,0.20000000000000001,0.02,control,2020_2021,cost_stress,2020-01-01,2021-12-31,313,418,0.5459271818809901,2.0420135382945048,-0.18893725372688674,0.22557446132061729,2.8894628831121931,0.38430034751006065,2.3884660972774832,0.26847447163020921,2.2200446213664073,0.016650234545675598,-0.10840385880297299,163
allocation_vol20_band2,allocation,0.20000000000000001,0.02,control,2022_2024,cost_stress,2022-01-01,2024-12-31,458,638,0.12098534410287853,0.63783109715089303,-0.29152467312873864,0.21491104636809702,0.41500893493653229,0.067796811718264252,1.4083090039288551,0.38189149885729939,2.3368296458682578,0.017526181453898563,-0.057709059350624203,675
fixed_blend_vol20_band2,fixed_blend,0.20000000000000001,0.02,control,full,cost_stress,2020-01-01,2024-12-31,783,1044,0.25947772063505825,1.2217996436942427,-0.2943404246725605,0.20604761172050573,0.88155652056191292,0.18806547114057709,3.1687200429668509,0.31490966702191026,4.5028275935505393,0.03377108721866455,-0.10590221849123327,824
fixed_blend_vol20_band2,fixed_blend,0.20000000000000001,0.02,control,2020_2021,cost_stress,2020-01-01,2021-12-31,357,374,0.52633484366315497,1.9909457369249763,-0.18622713533199409,0.22487173204447256,2.8263058588365122,0.37185647245985665,2.328349837623958,0.2663768813748057,3.7728293065687613,0.028296046233812811,-0.10590221849123327,163
fixed_blend_vol20_band2,fixed_blend,0.20000000000000001,0.02,control,2022_2024,cost_stress,2022-01-01,2024-12-31,426,670,0.10826198096677553,0.62956976938624254,-0.23135789217045155,0.19227462084630201,0.46794159451891165,0.065595993972649799,1.3609295268963764,0.34727961803288959,4.9936052895233694,0.037451955717441206,-0.047488596915477799,698
state_rule_vol20_band2,state_rule,0.20000000000000001,0.02,control,full,cost_stress,2020-01-01,2024-12-31,698,1129,0.25703322014462304,1.2428817798447005,-0.25294662766406617,0.20001174622440876,1.0161559476728197,0.18858390719563378,3.13809275672982,0.2927510324746046,5.3729844945965404,0.040297283025753229,-0.10840385880297299,792
state_rule_vol20_band2,state_rule,0.20000000000000001,0.02,control,2020_2021,cost_stress,2020-01-01,2021-12-31,329,402,0.51503012533136716,1.9616390264081325,-0.18893725372688641,0.22439987625758032,2.725932102706734,0.36465859809139933,2.2940113054809639,0.26537802861104098,4.0628790894956994,0.030471546244647821,-0.10840385880297299,163
state_rule_vol20_band2,state_rule,0.20000000000000001,0.02,control,2022_2024,cost_stress,2022-01-01,2024-12-31,369,727,0.11016570511541346,0.66468531825680666,-0.18664029124420323,0.18173855511817691,0.59025682172383043,0.07125559572359369,1.3679499962498496,0.31100802683980988,6.2512949331519847,0.046884575384869856,-0.047128677663802798,697
constant_vol20_band2,constant,0.20000000000000001,0.02,control,full,cost_stress,2020-01-01,2024-12-31,782,1045,0.234844810303664,1.1575645703310338,-0.26959923367777272,0.19923565036229424,0.87108856764909237,0.17108586344332369,2.8707752876581565,0.29142157978460809,7.2486533663964927,0.054364698932176624,-0.10339869769422139,831
constant_vol20_band2,constant,0.20000000000000001,0.02,control,2020_2021,cost_stress,2020-01-01,2021-12-31,371,360,0.49502565107069785,1.905378666770724,-0.18362175300821515,0.22399192017512679,2.695898731827,0.35153085577508691,2.2338716029624286,0.26373413566370552,5.7781920084349947,0.043336167993686267,-0.10339869769422139,163
constant_vol20_band2,constant,0.20000000000000001,0.02,control,2022_2024,cost_stress,2022-01-01,2024-12-31,411,685,0.087272831837030829,0.55246577311181422,-0.20349164036102763,0.18063430825689802,0.42887674246565843,0.050851142782492857,1.2851120377066951,0.30988829662072109,8.2355807131346577,0.061766701018048903,-0.047848506589832418,701
ridge_vol20_band2,ridge,0.20000000000000001,0.02,candidate,full,cost_stress,2020-01-01,2024-12-31,747,1080,0.24542457463620426,1.2012884272354583,-0.2563574635547583,0.19905128389618471,0.95735295252592179,0.17968588333976715,2.995862752783248,0.29168856964959994,6.0669596268351578,0.045501956883935955,-0.10339869769422139,827
ridge_vol20_band2,ridge,0.20000000000000001,0.02,candidate,2020_2021,cost_stress,2020-01-01,2021-12-31,357,374,0.5024266810602358,1.9303597080184867,-0.18362175300821515,0.22360576129214649,2.7362045772308767,0.35664024735459876,2.2560283774716585,0.26416847880690025,4.5494618680670493,0.034120566875670014,-0.10339869769422139,163
ridge_vol20_band2,ridge,0.20000000000000001,0.02,candidate,2022_2024,cost_stress,2022-01-01,2024-12-31,390,706,0.099226630051111098,0.61293277589499595,-0.18905137539183137,0.18062625539096985,0.52486595162533023,0.06177298591145982,1.3279366441927183,0.31004366673537864,7.0841654017461675,0.053131104521304068,-0.047128677663802909,700
boosted_vol20_band2,boosted,0.20000000000000001,0.02,candidate,full,cost_stress,2020-01-01,2024-12-31,779,1048,0.23803223499334458,1.1368471283582009,-0.33449755348818122,0.20641143473078563,0.71161128836703125,0.1707497262525578,2.9080126529327575,0.31047637256713173,4.8616566290049974,0.036462262080084476,-0.10339869769422139,839
boosted_vol20_band2,boosted,0.20000000000000001,0.02,candidate,2020_2021,cost_stress,2020-01-01,2021-12-31,347,384,0.51745303569657985,1.9729787961074554,-0.18362175300821515,0.22383971699432739,2.8180377717743998,0.36647468700035074,2.3013495288497632,0.26328572630857583,4.3003663534427643,0.032252452718833105,-0.10339869769422139,161
boosted_vol20_band2,boosted,0.20000000000000001,0.02,candidate,2022_2024,cost_stress,2022-01-01,2024-12-31,432,664,0.081171117298426188,0.49881025767668513,-0.27426382001768168,0.19368778356726887,0.29595998952101343,0.040341016975213632,1.2636119009641391,0.34195115579250057,5.2402900151140708,0.039302100523731585,-0.047128677663802576,737
trend_vol40_exact,trend,0.40000000000000002,0,control,full,cost_stress,2020-01-01,2024-12-31,1827,0,0.39743028809605385,1.0928829196365955,-0.45210701790491148,0.36878937758251429,0.87906241742888092,0.1990352041767936,5.3278413830133857,0.5093470775999337,11.940322734780377,0.089551988753693065,-0.21364779225358166,841
trend_vol40_exact,trend,0.40000000000000002,0,control,2020_2021,cost_stress,2020-01-01,2021-12-31,731,0,0.99291869552828937,1.769015040323314,-0.35385099670074371,0.44695841631882433,2.8060361699871468,0.49101842198974244,3.9679773429841183,0.52041521034411342,11.194478749351447,0.083957776510611426,-0.21364779225358166,168
trend_vol40_exact,trend,0.40000000000000002,0,control,2022_2024,cost_stress,2022-01-01,2024-12-31,1096,0,0.10329060682430669,0.47343803045206778,-0.34250704802152787,0.3052226687657541,0.301572208282892,0.0047627028570486341,1.3427096282275008,0.50196495621672632,12.448456462723669,0.093363246220545384,-0.081337262419348133,770
allocation_vol40_exact,allocation,0.40000000000000002,0,control,full,cost_stress,2020-01-01,2024-12-31,1827,0,0.54164460932246894,1.2062559308044185,-0.600141139468225,0.43918582548495982,0.90252871150011671,0.24044422275610872,8.7054790571034619,0.66602053538195705,4.8682801928016657,0.03651191295630455,-0.22367736932785343,828
allocation_vol40_exact,allocation,0.40000000000000002,0,control,2020_2021,cost_stress,2020-01-01,2021-12-31,731,0,1.2858045537625067,2.0329181160448115,-0.36344398253221799,0.45920914486030534,3.5378342070872635,0.61722503155496167,5.2189927003891716,0.54466911954741914,5.3553781525893696,0.040164941855772913,-0.22367736932785343,163
allocation_vol40_exact,allocation,0.40000000000000002,0,control,2022_2024,cost_stress,2022-01-01,2024-12-31,1096,0,0.18609477797695995,0.6129665671485538,-0.52211380823243914,0.42493614839472832,0.3564256969317936,-0.010384443179974778,1.6680381745800048,0.74695838663656211,4.5479941375941575,0.034109904569404458,-0.11496552338715393,701
fixed_blend_vol40_exact,fixed_blend,0.40000000000000002,0,control,full,cost_stress,2020-01-01,2024-12-31,1827,0,0.47683772700611571,1.1866380562791694,-0.50278600693681552,0.39448756503782378,0.94839100616823513,0.23468329894857878,7.0234094749945086,0.58769707951060579,8.1780827781179823,0.061335268545744316,-0.21866278927374949,833
fixed_blend_vol40_exact,fixed_blend,0.40000000000000002,0,control,2020_2021,cost_stress,2020-01-01,2021-12-31,731,0,1.14040945811186,1.9128789560705153,-0.35852783711364722,0.45188340018283291,3.1808114742018474,0.55810033576613494,4.5765825170286529,0.53256673326075044,7.9706985999835265,0.059779560970307247,-0.21866278927374949,166
fixed_blend_vol40_exact,fixed_blend,0.40000000000000002,0,control,2022_2024,cost_stress,2022-01-01,2024-12-31,1096,0,0.15357197824087154,0.58135249531724176,-0.4046936663786892,0.35056855927478914,0.37947709835707599,0.019456434586167026,1.5346406295225021,0.62446741081411361,8.3238074656214245,0.062428420873246439,-0.081337262419347911,704
state_rule_vol40_exact,state_rule,0.40000000000000002,0,control,full,cost_stress,2020-01-01,2024-12-31,1827,0,0.44265801967095664,1.1532180017446581,-0.41564202800715655,0.38119052519179669,1.0649982192448906,0.22163645100168383,6.2475253955954271,0.53193628311596497,9.1333188096273936,0.068499620096273597,-0.22367736932785343,833
state_rule_vol40_exact,state_rule,0.40000000000000002,0,control,2020_2021,cost_stress,2020-01-01,2021-12-31,731,0,1.052706319683764,1.8271344346031473,-0.36344398253221855,0.44977610662317619,2.8964747534111224,0.51835359313928775,4.2094570885242195,0.52640402665760733,7.9575597322153513,0.059681436057325406,-0.22367736932785343,167
state_rule_vol40_exact,state_rule,0.40000000000000002,0,control,2022_2024,cost_stress,2022-01-01,2024-12-31,1096,0,0.14077448486299149,0.56457388616903392,-0.32117405870460547,0.32710647799137277,0.43831212717110035,0.024177803554774224,1.4841641722936989,0.53562613664795344,9.9254991249885087,0.074440966186253912,-0.081337262419348022,704
constant_vol40_exact,constant,0.40000000000000002,0,control,full,cost_stress,2020-01-01,2024-12-31,1827,0,0.39743028809605385,1.0928829196365955,-0.45210701790491148,0.36878937758251429,0.87906241742888092,0.1990352041767936,5.3278413830133857,0.5093470775999337,11.940322734780377,0.089551988753693065,-0.21364779225358166,841
constant_vol40_exact,constant,0.40000000000000002,0,control,2020_2021,cost_stress,2020-01-01,2021-12-31,731,0,0.99291869552828937,1.769015040323314,-0.35385099670074371,0.44695841631882433,2.8060361699871468,0.49101842198974244,3.9679773429841183,0.52041521034411342,11.194478749351447,0.083957776510611426,-0.21364779225358166,168
constant_vol40_exact,constant,0.40000000000000002,0,control,2022_2024,cost_stress,2022-01-01,2024-12-31,1096,0,0.10329060682430669,0.47343803045206778,-0.34250704802152787,0.3052226687657541,0.301572208282892,0.0047627028570486341,1.3427096282275008,0.50196495621672632,12.448456462723669,0.093363246220545384,-0.081337262419348133,770
ridge_vol40_exact,ridge,0.40000000000000002,0,candidate,full,cost_stress,2020-01-01,2024-12-31,1827,0,0.29061749881030075,0.85335175725181134,-0.64524828948883495,0.38791637480367719,0.4503963877851232,0.1053104493442297,3.5802380935960052,0.54166167934668319,10.655088306562439,0.079912659743639203,-0.22367736932785354,1149
ridge_vol40_exact,ridge,0.40000000000000002,0,candidate,2020_2021,cost_stress,2020-01-01,2021-12-31,731,0,1.0187101942359367,1.7838185637565394,-0.36417180403322824,0.45184497801109763,2.7973340685732664,0.49976363348558722,4.0712739726255496,0.52583064697101956,9.4758668031032425,0.071068175409123774,-0.22367736932785354,167
ridge_vol40_exact,ridge,0.40000000000000002,0,candidate,2022_2024,cost_stress,2022-01-01,2024-12-31,1096,0,-0.041965572053487388,0.042123241004460042,-0.57428410841933886,0.33784441284116223,-0.073074583534957188,-0.15697716930786593,0.87939011662413491,0.55222051572132758,11.450966649787807,0.085881962231255576,-0.087165003360847537,1094
boosted_vol40_exact,boosted,0.40000000000000002,0,candidate,full,cost_stress,2020-01-01,2024-12-31,1827,0,0.41956392351017535,1.083413479993397,-0.55176758418083061,0.39613250671928713,0.76039973267561833,0.19379385332369145,5.7632920063619624,0.56572266087909917,9.2023975622793639,0.069017515406555374,-0.21364779225358166,846
boosted_vol40_exact,boosted,0.40000000000000002,0,candidate,2020_2021,cost_stress,2020-01-01,2021-12-31,731,0,1.0752369267794202,1.8578649021770601,-0.35385099670074371,0.44749603277720956,3.0386714656869023,0.53100812413324083,4.302306347669278,0.52322082903220413,8.7919881522182859,0.065939000477864537,-0.21364779225358166,163
boosted_vol40_exact,boosted,0.40000000000000002,0,candidate,2022_2024,cost_stress,2022-01-01,2024-12-31,1096,0,0.10243269862338211,0.45031951652293623,-0.46210361534026623,0.35732788427267326,0.22166608358594345,-0.030613105232343507,1.3395819685141968,0.59407014179158113,9.484407851692028,0.071132888386784499,-0.087165003360847648,783
trend_vol40_band2,trend,0.40000000000000002,0.02,control,full,cost_stress,2020-01-01,2024-12-31,749,1078,0.40286147423808871,1.1079502556976644,-0.44681469522955164,0.36643311272352552,0.90162986701034553,0.20457982178774323,5.432169555683096,0.50741224114550398,11.040700117436943,0.08280481664512282,-0.20806979893269351,840
trend_vol40_band2,trend,0.40000000000000002,0.02,control,2020_2021,cost_stress,2020-01-01,2021-12-31,420,311,0.99944341652934043,1.787205693019809,-0.34748310330549981,0.44321582851352442,2.8762360155700892,0.49745744598846747,3.9939839418822567,0.51729210175842699,10.209523421375588,0.0765705992234674,-0.20806979893269351,167
trend_vol40_band2,trend,0.40000000000000002,0.02,control,2022_2024,cost_stress,2022-01-01,2024-12-31,329,767,0.10803334201768644,0.48812089125458352,-0.33778960055665097,0.30413250898465827,0.31982435764646366,0.0097085568131291267,1.3600879810055124,0.50082266257976793,11.604900745968658,0.08703658243001193,-0.079982997245179877,770
allocation_vol40_band2,allocation,0.40000000000000002,0.02,control,full,cost_stress,2020-01-01,2024-12-31,879,948,0.55042307518477918,1.2242767530226226,-0.59579900894881521,0.43624639096394552,0.9238401993247789,0.24861994460357545,8.9561376763211609,0.66217516586747827,3.9505612246132475,0.029629009068390676,-0.21797596917397444,827
allocation_vol40_band2,allocation,0.40000000000000002,0.02,control,2020_2021,cost_stress,2020-01-01,2021-12-31,400,331,1.2964634648327298,2.0565698024079402,-0.357113506649544,0.45521104035048565,3.6303960524938192,0.6253476424220541,5.2677458955473062,0.54099887198665941,4.4123747378485989,0.03309243910976694,-0.21797596917397444,163
allocation_vol40_band2,allocation,0.40000000000000002,0.02,control,2022_2024,cost_stress,2022-01-01,2024-12-31,479,617,0.19367089822892214,0.62898518691957039,-0.51717448609353944,0.42275407303815499,0.37447883342391641,-0.0021754597546108645,1.7001840737784244,0.74299621589200249,3.6462933675929787,0.027347114163243386,-0.11496552338715382,700
fixed_blend_vol40_band2,fixed_blend,0.40000000000000002,0.02,control,full,cost_stress,2020-01-01,2024-12-31,804,1023,0.48673461534579854,1.2079850629441251,-0.49414865106001582,0.39226047485128462,0.98499634533391289,0.24304237420788852,7.2618851875477448,0.58597665327614101,7.0834493539377057,0.053125538286907775,-0.21302662736942091,831
fixed_blend_vol40_band2,fixed_blend,0.40000000000000002,0.02,control,2020_2021,cost_stress,2020-01-01,2021-12-31,423,308,1.1496452547976945,1.934103187156571,-0.35216852125476461,0.44820533020398073,3.2644747767391222,0.5655433306131934,4.6161361270636787,0.52940495829685852,6.9927466773524802,0.052444917105932243,-0.21302662736942091,166
fixed_blend_vol40_band2,fixed_blend,0.40000000000000002,0.02,control,2022_2024,cost_stress,2022-01-01,2024-12-31,381,715,0.16314854511094401,0.6056345803032307,-0.39582513586334522,0.34955877842815364,0.4121732814039113,0.028417874700370327,1.5731523047971785,0.62370832209900162,7.1503867085141,0.053627802214212858,-0.079982997245179988,701
state_rule_vol40_band2,state_rule,0.40000000000000002,0.02,control,full,cost_stress,2020-01-01,2024-12-31,730,1097,0.44840062317423168,1.1689938458225333,-0.41414769501229787,0.37851058925177228,1.0827070356166457,0.22757115015039672,6.3728455424177541,0.52938161038858589,8.2490382263026749,0.0618675055171823,-0.21797596917397433,833
state_rule_vol40_band2,state_rule,0.40000000000000002,0.02,control,2020_2021,cost_stress,2020-01-01,2021-12-31,397,334,1.0608664497556535,1.848033974549713,-0.35711350664954322,0.44576389791512488,2.9706701930956227,0.52572864894813198,4.2429683034121499,0.52315984956691131,6.9913019393564362,0.052434484817591435,-0.21797596917397433,167
state_rule_vol40_band2,state_rule,0.40000000000000002,0.02,control,2022_2024,cost_stress,2022-01-01,2024-12-31,333,763,0.14532358126141665,0.57790680287768825,-0.31967375924362396,0.32557797524407744,0.45459965686662845,0.029152199814646257,1.5019781168981992,0.53353134319939266,9.0950624525100352,0.068212685988614741,-0.079982997245179877,703
constant_vol40_band2,constant,0.40000000000000002,0.02,control,full,cost_stress,2020-01-01,2024-12-31,749,1078,0.40286147423808871,1.1079502556976644,-0.44681469522955164,0.36643311272352552,0.90162986701034553,0.20457982178774323,5.432169555683096,0.50741224114550398,11.040700117436943,0.08280481664512282,-0.20806979893269351,840
constant_vol40_band2,constant,0.40000000000000002,0.02,control,2020_2021,cost_stress,2020-01-01,2021-12-31,420,311,0.99944341652934043,1.787205693019809,-0.34748310330549981,0.44321582851352442,2.8762360155700892,0.49745744598846747,3.9939839418822567,0.51729210175842699,10.209523421375588,0.0765705992234674,-0.20806979893269351,167
constant_vol40_band2,constant,0.40000000000000002,0.02,control,2022_2024,cost_stress,2022-01-01,2024-12-31,329,767,0.10803334201768644,0.48812089125458352,-0.33778960055665097,0.30413250898465827,0.31982435764646366,0.0097085568131291267,1.3600879810055124,0.50082266257976793,11.604900745968658,0.08703658243001193,-0.079982997245179877,770
ridge_vol40_band2,ridge,0.40000000000000002,0.02,candidate,full,cost_stress,2020-01-01,2024-12-31,787,1040,0.29741687713777631,0.86995960694236696,-0.64012911098292857,0.38529431577837675,0.46462013996065249,0.11251292685499359,3.6755329169041171,0.53902871379007378,9.7361712855106841,0.073020766517936778,-0.21797596917397444,1149
ridge_vol40_band2,ridge,0.40000000000000002,0.02,candidate,2020_2021,cost_stress,2020-01-01,2021-12-31,417,314,1.0272900619364349,1.8042541152886944,-0.35783846518441875,0.4480233084622891,2.870820668781378,0.50726057065009811,4.1059309155364438,0.5226173144157874,8.4899928478125712,0.063674115916472082,-0.21797596917397444,167
ridge_vol40_band2,ridge,0.40000000000000002,0.02,candidate,2022_2024,cost_stress,2022-01-01,2024-12-31,370,726,-0.036262895785725613,0.058316793634728983,-0.56920358673859339,0.33623789908636159,-0.063708129447152165,-0.14997557099982128,0.89517651234613949,0.54997463800777757,10.575848391268794,0.079318552550436489,-0.087282259571376031,1094
boosted_vol40_band2,boosted,0.40000000000000002,0.02,candidate,full,cost_stress,2020-01-01,2024-12-31,804,1023,0.42578974969841554,1.0990176639719438,-0.54825405413604433,0.39347741623813909,0.77662854745212628,0.20020191518559324,5.8907690385758249,0.56311900418927585,8.3140605392688904,0.062354970828106787,-0.20806979893269351,846
boosted_vol40_band2,boosted,0.40000000000000002,0.02,candidate,2020_2021,cost_stress,2020-01-01,2021-12-31,410,321,1.0841247275063854,1.8795050817839907,-0.34748310330549981,0.44361044121314691,3.1199350909251145,0.53858274326256361,4.3392116118138917,0.51988732787677949,7.817878409351426,0.058633165530500464,-0.20806979893269351,163
boosted_vol40_band2,boosted,0.40000000000000002,0.02,candidate,2022_2024,cost_stress,2022-01-01,2024-12-31,394,702,0.10734776287244485,0.46325496398905958,-0.45922123983098107,0.35566506483739457,0.23376044825791331,-0.024982850715268345,1.3575666654600713,0.59195327005098652,8.6524413752314668,0.064893119538682806,-0.087282259571376142,778
btc_buy_hold,btc_buy_hold,,0,benchmark,full,cost_stress,2020-01-01,2024-12-31,2,0,0.6634777360763906,1.1128483731041579,-0.76670598287258085,0.6522169055271213,0.86536136524012774,0.087738184443824307,12.733086383753095,0.99945265462506749,0.3985657269275607,0.0029892427899837113,-0.38812428745094718,846
btc_buy_hold,btc_buy_hold,,0,benchmark,2020_2021,cost_stress,2020-01-01,2021-12-31,1,0,1.5316139328319047,1.5889945745174889,-0.53168012202870663,0.78517849282609231,2.880705652465994,0.32288646673349886,6.4009249219910975,0.99999999999999878,0.49661783201332316,0.0037246337400999238,-0.38812428745094718,188
btc_buy_hold,btc_buy_hold,,0,benchmark,2022_2024,cost_stress,2022-01-01,2024-12-31,1,0,0.2578586625815904,0.69257493076084387,-0.66983013791382628,0.54546577420516984,0.3849612729948021,-0.068523445441312503,1.9892572618696316,0.99908759124087532,0.33356164383561637,0.0025017120586642129,-0.15417808941374933,769
eth_buy_hold,eth_buy_hold,,0,benchmark,full,cost_stress,2020-01-01,2024-12-31,2,0,0.91459950749252528,1.1991075842869861,-0.79350360564434053,0.84414504672681645,1.1526091387446846,-0.0566505621017106,25.715598855788443,0.99945265462506794,0.3985657269275607,0.0029891445971827642,-0.43322542520939222,1149
eth_buy_hold,eth_buy_hold,,0,benchmark,2020_2021,cost_stress,2020-01-01,2021-12-31,1,0,4.3337405661498254,2.150052094512477,-0.61469940964823333,1.0369962731539839,7.050178506971144,0.61655410329347804,28.38366830998709,0.99999999999999922,0.49661783201332316,0.0037246337400999238,-0.43322542520939222,166
eth_buy_hold,eth_buy_hold,,0,benchmark,2022_2024,cost_stress,2022-01-01,2024-12-31,1,0,-0.032391699946170416,0.29310023307065897,-0.74048740228840382,0.68327123737986994,-0.043743755594041221,-0.50002241681941062,0.905999836770226,0.99908759124087565,0.33356164383561643,0.0025015483143221769,-0.17564174629941909,794
mix_buy_hold,mix_buy_hold,,0,benchmark,full,cost_stress,2020-01-01,2024-12-31,2,0,0.80636476930640155,1.1659752126042113,-0.7786167629790024,0.7621465076339724,1.0356375660616846,0.017342987626086881,19.224342619770677,0.99945265462506794,0.3985657269275607,0.0029891771143591957,-0.4141688663945432,1149
mix_buy_hold,mix_buy_hold,,0,benchmark,2020_2021,cost_stress,2020-01-01,2021-12-31,1,0,3.1744882838796835,2.0336302910938167,-0.58199832311481958,0.91889757680306805,5.4544629388105719,0.60213881161760074,17.39229661598905,0.99999999999999889,0.49661783201332316,0.0037246337400999238,-0.4141688663945432,161
mix_buy_hold,mix_buy_hold,,0,benchmark,2022_2024,cost_stress,2022-01-01,2024-12-31,1,0,0.033970429192672569,0.37023739393263155,-0.71489100883511614,0.63466448811882337,0.047518333246386615,-0.3692219926159912,1.1053366351915526,0.99908759124087565,0.33356164383561637,0.0025016025393122814,-0.16918630841730409,791
usd_cash,usd_cash,,0,benchmark,full,cost_stress,2020-01-01,2024-12-31,2,0,0,,0,0,,0,1,0,0,0,0,0
usd_cash,usd_cash,,0,benchmark,2020_2021,cost_stress,2020-01-01,2021-12-31,1,0,0,,0,0,,0,1,0,0,0,0,0
usd_cash,usd_cash,,0,benchmark,2022_2024,cost_stress,2022-01-01,2024-12-31,1,0,0,,0,0,,0,1,0,0,0,0,0
trend_vol20_exact,trend,0.20000000000000001,0,control,full,delay_one_day,2020-01-01,2024-12-31,1826,0,0.2748579297451017,1.3067998570722053,-0.21809695343482938,0.2011747983457802,1.2602557047053542,0.2021882484905973,3.3669507487314663,0.29417650701596221,8.1437322344277678,0.024431120846770366,-0.10582390935167896,755
trend_vol20_exact,trend,0.20000000000000001,0,control,2020_2021,delay_one_day,2020-01-01,2021-12-31,730,0,0.51630926008281142,1.942246030569001,-0.1883996137778583,0.22742177031525451,2.7405006291127054,0.36412803823979167,2.2978839378028106,0.26682495558774699,6.7595224816855408,0.020278473457298017,-0.10582390935167896,163
trend_vol20_exact,trend,0.20000000000000001,0,control,2022_2024,delay_one_day,2022-01-01,2024-12-31,1096,0,0.13590175382958525,0.79173185802074686,-0.17465269921051163,0.18141444043702415,0.77812569999723125,0.094264793200381364,1.4652396900214437,0.31241919323313866,9.073975934643526,0.027221863965639397,-0.046634828121836946,466
allocation_vol20_exact,allocation,0.20000000000000001,0,control,full,delay_one_day,2020-01-01,2024-12-31,1826,0,0.28414225656815639,1.2315648206610563,-0.34558723773109623,0.22315488661263427,0.82220124340716949,0.20013255278208081,3.4913335746180465,0.3406298613300231,3.3263806315736617,0.0099791181728964874,-0.11062470431703353,756
allocation_vol20_exact,allocation,0.20000000000000001,0,control,2020_2021,delay_one_day,2020-01-01,2021-12-31,730,0,0.55602255391951938,2.0328739785959171,-0.19254977253906425,0.23033017485238821,2.8876822163303997,0.38865423477157013,2.419741203950998,0.27232312626929017,3.3207544830869233,0.009962229309273778,-0.11062470431703353,163
allocation_vol20_exact,allocation,0.20000000000000001,0,control,2022_2024,delay_one_day,2022-01-01,2024-12-31,1096,0,0.13008339555579607,0.66871670748010004,-0.28902577662666173,0.21808320056856476,0.4500754122142761,0.074495456285589651,1.4428541237870198,0.38618845925830392,3.333169187762604,0.0099994907652412139,-0.05752044587525329,675
fixed_blend_vol20_exact,fixed_blend,0.20000000000000001,0,control,full,delay_one_day,2020-01-01,2024-12-31,1826,0,0.28135373016794341,1.2929246690676079,-0.27674974899312288,0.20841008670944511,1.0166359000923066,0.20430639602580325,3.4535956778659527,0.31740170467630474,5.5366953910407304,0.016610041093186742,-0.10822433143740662,755
fixed_blend_vol20_exact,fixed_blend,0.20000000000000001,0,control,2020_2021,delay_one_day,2020-01-01,2021-12-31,730,0,0.53715019971400046,1.9926019609419097,-0.19039639451982948,0.22866889905880541,2.8212204389093993,0.37721189857585402,2.3614405196810693,0.26957586178776954,4.8150142975972416,0.01444498541229238,-0.10822433143740662,163
fixed_blend_vol20_exact,fixed_blend,0.20000000000000001,0,control,2022_2024,delay_one_day,2022-01-01,2024-12-31,1096,0,0.13519164621693625,0.75055086124159298,-0.21416428028053092,0.19356033990264232,0.63125207452825716,0.089078472041304035,1.4624953070307998,0.34930014550798283,6.0228724628259238,0.01806858053441603,-0.046288967071717368,674
state_rule_vol20_exact,state_rule,0.20000000000000001,0,control,full,delay_one_day,2020-01-01,2024-12-31,1826,0,0.27889917195099123,1.3153665354267015,-0.21731038398248381,0.20247866470119025,1.2834139208620226,0.20483724519706384,3.4206481556968535,0.29592491852510067,6.3069715409541747,0.01892085772536721,-0.11062470431703364,755
state_rule_vol20_exact,state_rule,0.20000000000000001,0,control,2020_2021,delay_one_day,2020-01-01,2021-12-31,730,0,0.52087815755378508,1.9466520870441804,-0.19254977253906436,0.2286064091673557,2.7051611159296991,0.36662580804872019,2.3117431091430305,0.26893896490076724,5.0896382409116798,0.01526883997786283,-0.11062470431703364,163
state_rule_vol20_exact,state_rule,0.20000000000000001,0,control,2022_2024,delay_one_day,2022-01-01,2024-12-31,1096,0,0.13962454885194386,0.80485967081325349,-0.17134048152511605,0.18283559028068222,0.81489527523871763,0.097013713396328555,1.4796835090231655,0.31392376168147634,7.1242868656774405,0.021372815545827092,-0.045943102316286732,546
constant_vol20_exact,constant,0.20000000000000001,0,control,full,delay_one_day,2020-01-01,2024-12-31,1826,0,0.2748579297451017,1.3067998570722053,-0.21809695343482938,0.2011747983457802,1.2602557047053542,0.2021882484905973,3.3669507487314663,0.29417650701596221,8.1437322344277678,0.024431120846770366,-0.10582390935167896,755
constant_vol20_exact,constant,0.20000000000000001,0,control,2020_2021,delay_one_day,2020-01-01,2021-12-31,730,0,0.51630926008281142,1.942246030569001,-0.1883996137778583,0.22742177031525451,2.7405006291127054,0.36412803823979167,2.2978839378028106,0.26682495558774699,6.7595224816855408,0.020278473457298017,-0.10582390935167896,163
constant_vol20_exact,constant,0.20000000000000001,0,control,2022_2024,delay_one_day,2022-01-01,2024-12-31,1096,0,0.13590175382958525,0.79173185802074686,-0.17465269921051163,0.18141444043702415,0.77812569999723125,0.094264793200381364,1.4652396900214437,0.31241919323313866,9.073975934643526,0.027221863965639397,-0.046634828121836946,466
ridge_vol20_exact,ridge,0.20000000000000001,0,candidate,full,delay_one_day,2020-01-01,2024-12-31,1826,0,0.28222961863539786,1.3347648957319065,-0.21809695343483193,0.20129435218210082,1.2940557591040764,0.20790151067114601,3.4654139897466072,0.29465993040168692,6.9694529451936251,0.020908299414262952,-0.10582390935167896,754
ridge_vol20_exact,ridge,0.20000000000000001,0,candidate,2020_2021,delay_one_day,2020-01-01,2021-12-31,730,0,0.52822749907797584,1.9754204591642825,-0.1883996137778583,0.22758005844799864,2.8037610507036819,0.37187727905118811,2.3341237662808951,0.26743248906336786,5.5528678901634523,0.016658536480376813,-0.10582390935167896,163
ridge_vol20_exact,ridge,0.20000000000000001,0,candidate,2022_2024,delay_one_day,2022-01-01,2024-12-31,1096,0,0.14090530560960413,0.81563440289715394,-0.17134048152511649,0.18149697325623468,0.82237019737188655,0.098623448457728136,1.4846744803375578,0.31281983881255471,7.9202077790906307,0.023760569040885006,-0.045943102316286399,466
boosted_vol20_exact,boosted,0.20000000000000001,0,candidate,full,delay_one_day,2020-01-01,2024-12-31,1826,0,0.25558409241467772,1.186017280203594,-0.34705482739061766,0.21043630413894743,0.73643722041362747,0.18315593594148138,3.120048662542438,0.31382738518654196,5.8143903235615442,0.017443118331968394,-0.10582390935167896,827
boosted_vol20_exact,boosted,0.20000000000000001,0,candidate,2020_2021,delay_one_day,2020-01-01,2021-12-31,730,0,0.53868124654968885,2.0045887236758611,-0.1883996137778583,0.22767784281288761,2.859248146786793,0.37864463617166477,2.366143766301219,0.26667696852190109,5.3182479945298189,0.01595468635223863,-0.10582390935167896,162
boosted_vol20_exact,boosted,0.20000000000000001,0,candidate,2022_2024,delay_one_day,2022-01-01,2024-12-31,1096,0,0.096648639950562165,0.56416523921833983,-0.2903784430552665,0.19788285755395282,0.33283682815314025,0.052902191698557484,1.3186217621170642,0.34527533644735631,6.1504618217503317,0.018451336106885926,-0.04594310231628651,701
trend_vol20_band2,trend,0.20000000000000001,0.02,control,full,delay_one_day,2020-01-01,2024-12-31,827,999,0.2727931476601293,1.3090114051983894,-0.21973245578781975,0.1993076068545728,1.2414786276431851,0.20131064729028703,3.3397767716122342,0.29157748758623198,7.4027949340107568,0.022208305178445752,-0.10405941936774066,755
trend_vol20_band2,trend,0.20000000000000001,0.02,control,2020_2021,delay_one_day,2020-01-01,2021-12-31,391,339,0.51029776982706698,1.9456350905025783,-0.18514995889574426,0.22465905726998148,2.756132233949939,0.36139700720354911,2.27971228132931,0.26362422060924001,5.9438671123691416,0.017831496712844491,-0.10405941936774066,163
trend_vol20_band2,trend,0.20000000000000001,0.02,control,2022_2024,delay_one_day,2022-01-01,2024-12-31,436,660,0.13583957432941807,0.79527710787660399,-0.17168496101750508,0.18027669583610398,0.79121417230929036,0.094620398689712254,1.4649992452840499,0.31022150050610531,8.3821740250905687,0.025146459046087189,-0.04617472778326992,466
allocation_vol20_band2,allocation,0.20000000000000001,0.02,control,full,delay_one_day,2020-01-01,2024-12-31,824,1002,0.28123973245926748,1.2330678497101575,-0.34432296462141432,0.22058149082696715,0.81679051749711984,0.19900765343669816,3.4520598877676716,0.33678199928240254,2.4201780601318457,0.0072605106146182725,-0.10903934150074868,756
allocation_vol20_band2,allocation,0.20000000000000001,0.02,control,2020_2021,delay_one_day,2020-01-01,2021-12-31,348,382,0.54577302792758986,2.0290603044662383,-0.18912028678185766,0.2271440009476047,2.885851313017076,0.38349727997069816,2.3879901095818385,0.26847938257201143,2.3909411565788674,0.0071727893786155223,-0.10903934150074868,163
allocation_vol20_band2,allocation,0.20000000000000001,0.02,control,2022_2024,delay_one_day,2022-01-01,2024-12-31,476,620,0.13079828035217522,0.67610717367749507,-0.28780547516671728,0.21594683865553399,0.4544676583251504,0.076053651060004279,1.4455922048907228,0.38233785039124929,2.4418795374412574,0.0073256220419211249,-0.057541561111225881,675
fixed_blend_vol20_band2,fixed_blend,0.20000000000000001,0.02,control,full,delay_one_day,2020-01-01,2024-12-31,832,994,0.27987858899537721,1.2962915174977729,-0.27684690139532586,0.20670258815233281,1.0109507730979521,0.20385787174339531,3.4337645777107482,0.31501960138121127,4.6795782731980173,0.014038685942751653,-0.10655028738134698,755
fixed_blend_vol20_band2,fixed_blend,0.20000000000000001,0.02,control,2020_2021,delay_one_day,2020-01-01,2021-12-31,386,344,0.53100463938151932,1.9964419177402455,-0.18720700637817655,0.22590385836056309,2.836457083816819,0.37445510237699936,2.3426089297683252,0.26629251489582501,3.9786671907629838,0.011935936124988297,-0.10655028738134698,163
fixed_blend_vol20_band2,fixed_blend,0.20000000000000001,0.02,control,2022_2024,delay_one_day,2022-01-01,2024-12-31,446,650,0.13604313841105831,0.75697549292162458,-0.21453290262903002,0.19267870408148799,0.63413647391096883,0.090165432487801817,1.465786514375796,0.3475191453783073,5.1511259156188132,0.015453339872349831,-0.045850411412955427,675
state_rule_vol20_band2,state_rule,0.20000000000000001,0.02,control,full,delay_one_day,2020-01-01,2024-12-31,761,1065,0.27768614728369001,1.3217030739847726,-0.21937364513469171,0.20048167091517419,1.2658136172793018,0.20468789016677902,3.4044588370061848,0.29309211006218006,5.5209632195942797,0.016562830119118046,-0.10903934150074879,755
state_rule_vol20_band2,state_rule,0.20000000000000001,0.02,control,2020_2021,delay_one_day,2020-01-01,2021-12-31,368,362,0.51777694744371128,1.9599541262764588,-0.18912028678185766,0.22566787450927797,2.7378181170005593,0.3659096974341946,2.3023314417040228,0.26554840202666408,4.2463155481009709,0.012738864670511491,-0.10903934150074879,163
state_rule_vol20_band2,state_rule,0.20000000000000001,0.02,control,2022_2024,delay_one_day,2022-01-01,2024-12-31,393,703,0.13937197545087177,0.80787162904389087,-0.1684649711279711,0.18159941693162746,0.82730537106732172,0.097241494445114041,1.4787005794814754,0.31146295912601407,6.3757703094661613,0.019127266290443985,-0.045526213470226895,546
constant_vol20_band2,constant,0.20000000000000001,0.02,control,full,delay_one_day,2020-01-01,2024-12-31,827,999,0.2727931476601293,1.3090114051983894,-0.21973245578781975,0.1993076068545728,1.2414786276431851,0.20131064729028703,3.3397767716122342,0.29157748758623198,7.4027949340107568,0.022208305178445752,-0.10405941936774066,755
constant_vol20_band2,constant,0.20000000000000001,0.02,control,2020_2021,delay_one_day,2020-01-01,2021-12-31,391,339,0.51029776982706698,1.9456350905025783,-0.18514995889574426,0.22465905726998148,2.756132233949939,0.36139700720354911,2.27971228132931,0.26362422060924001,5.9438671123691416,0.017831496712844491,-0.10405941936774066,163
constant_vol20_band2,constant,0.20000000000000001,0.02,control,2022_2024,delay_one_day,2022-01-01,2024-12-31,436,660,0.13583957432941807,0.79527710787660399,-0.17168496101750508,0.18027669583610398,0.79121417230929036,0.094620398689712254,1.4649992452840499,0.31022150050610531,8.3821740250905687,0.025146459046087189,-0.04617472778326992,466
ridge_vol20_band2,ridge,0.20000000000000001,0.02,candidate,full,delay_one_day,2020-01-01,2024-12-31,779,1047,0.27925615121461078,1.3343758614594248,-0.21973245578781864,0.19931242687050982,1.2708916860432775,0.20636952604738665,3.4254241966820711,0.2918934165941437,6.2067214416387619,0.018620101686749744,-0.10405941936774066,755
ridge_vol20_band2,ridge,0.20000000000000001,0.02,candidate,2020_2021,delay_one_day,2020-01-01,2021-12-31,372,358,0.51969024509335027,1.9735068922604506,-0.18514995889574426,0.22461959820536898,2.8068612501609125,0.36760737934815674,2.3081357214920737,0.2640951668283264,4.6908450916771418,0.014072459419818249,-0.10405941936774066,163
ridge_vol20_band2,ridge,0.20000000000000001,0.02,candidate,2022_2024,delay_one_day,2022-01-01,2024-12-31,407,689,0.14074914203849032,0.81902966124475551,-0.16846497112797043,0.18031500325943484,0.83548016597215069,0.098913085436246898,1.4840653280422003,0.31043403756021348,7.2229739137059985,0.021668867857112067,-0.045526213470226895,466
boosted_vol20_band2,boosted,0.20000000000000001,0.02,candidate,full,delay_one_day,2020-01-01,2024-12-31,826,1000,0.25417021395908024,1.1910586698126717,-0.34461645353814985,0.20820348714322973,0.7375452081568793,0.18295953035927343,3.1025235723457505,0.31066726116213611,5.015556429384108,0.015046614257975073,-0.10405941936774066,827
boosted_vol20_band2,boosted,0.20000000000000001,0.02,candidate,2020_2021,delay_one_day,2020-01-01,2021-12-31,374,356,0.53043308158091929,2.0040420895762971,-0.18514995889574426,0.22472102372058672,2.86488360431989,0.37460108219568655,2.3408613576097528,0.26327846175006558,4.448695458944063,0.013346020877496033,-0.10405941936774066,162
boosted_vol20_band2,boosted,0.20000000000000001,0.02,candidate,2022_2024,delay_one_day,2022-01-01,2024-12-31,452,644,0.098519398685091186,0.57597641221548701,-0.28797128940663785,0.1962044584785734,0.3421153507632288,0.055264855764865839,1.325376901224822,0.34227420675540576,5.3980441598412927,0.016194084378530031,-0.045526213470227006,701
trend_vol40_exact,trend,0.40000000000000002,0,control,full,delay_one_day,2020-01-01,2024-12-31,1826,0,0.44625322680410395,1.1853527741951642,-0.36591562831245872,0.36908742558493807,1.2195522472274516,0.23316051225028178,6.3257499889504247,0.50895606186830178,11.973980733173104,0.035921675373828212,-0.21164524594994494,827
trend_vol40_exact,trend,0.40000000000000002,0,control,2020_2021,delay_one_day,2020-01-01,2021-12-31,730,0,1.0047650719077823,1.7795690678999267,-0.35350582246864748,0.44785867143454222,2.8422871931533606,0.49612935410699815,4.0152581476639746,0.51951384211635099,11.220024992681598,0.033659631799370475,-0.21164524594994494,168
trend_vol40_exact,trend,0.40000000000000002,0,control,2022_2024,delay_one_day,2022-01-01,2024-12-31,1096,0,0.16370951492132102,0.64817549613253711,-0.31653292763412144,0.30504862643832559,0.51719584482076975,0.058143048048346996,1.575427969091012,0.50191433069921065,12.487553035722851,0.037462509606456508,-0.080787393643777961,700
allocation_vol40_exact,allocation,0.40000000000000002,0,control,full,delay_one_day,2020-01-01,2024-12-31,1826,0,0.56228568764356868,1.2350136804690479,-0.59111916381731588,0.44001166808566955,0.95122222736352002,0.25300502757450777,9.3039988682822319,0.66564946158835214,4.9277107765240391,0.014783047753615781,-0.22124776599062357,825
allocation_vol40_exact,allocation,0.40000000000000002,0,control,2020_2021,delay_one_day,2020-01-01,2021-12-31,730,0,1.2989932480393316,2.0403760774781281,-0.36102526150163217,0.46066350298059594,3.5980674666264565,0.62161049678135205,5.2793502245622754,0.5438112047767909,5.4634690794070968,0.016390289884223495,-0.22124776599062357,163
allocation_vol40_exact,allocation,0.40000000000000002,0,control,2022_2024,delay_one_day,2022-01-01,2024-12-31,1096,0,0.20805278224965962,0.65586937420560631,-0.51460913466251723,0.42533204669377339,0.40429282777131714,0.0076012383775635461,1.7623378773007419,0.74691202156029679,4.5750387670919777,0.013725053500108921,-0.1149424804796787,700
fixed_blend_vol40_exact,fixed_blend,0.40000000000000002,0,control,full,delay_one_day,2020-01-01,2024-12-31,1826,0,0.51099599382963601,1.2437252462493191,-0.47885202528799298,0.39489660793617531,1.0671271433431047,0.25722788450919443,7.8739719861185922,0.58731681440578032,8.2224284992341037,0.02466711397252204,-0.21644659587477277,825
fixed_blend_vol40_exact,fixed_blend,0.40000000000000002,0,control,2020_2021,delay_one_day,2020-01-01,2021-12-31,730,0,1.1503488441941156,1.9191977502109894,-0.35714838921277547,0.45308317301256534,3.2209268722440783,0.56162966380347057,4.6191563201044561,0.53169040416704061,7.9759403699327347,0.023927539280070648,-0.21644659587477277,167
fixed_blend_vol40_exact,fixed_blend,0.40000000000000002,0,control,2022_2024,delay_one_day,2022-01-01,2024-12-31,1096,0,0.19471216453872198,0.68143999546132816,-0.38118515337134629,0.35036429192680235,0.51080731454678552,0.054619535914357253,1.7046342319803962,0.62441800590625363,8.3942629858909381,0.025182690812213405,-0.080787393643778072,699
state_rule_vol40_exact,state_rule,0.40000000000000002,0,control,full,delay_one_day,2020-01-01,2024-12-31,1826,0,0.47889876479755156,1.2170054414701337,-0.38006805047144177,0.38177872753063741,1.2600342601897707,0.24599429364996028,7.0725481778286703,0.5315561755774374,9.1735536397366051,0.027520432922936554,-0.22124776599062357,827
state_rule_vol40_exact,state_rule,0.40000000000000002,0,control,2020_2021,delay_one_day,2020-01-01,2021-12-31,730,0,1.0539174008667915,1.8241955673829517,-0.36102526150163194,0.45114604310422829,2.91923450587135,0.51767948376018813,4.214422246605376,0.5255107887291427,7.9894644459264894,0.023968022543792794,-0.22124776599062357,168
state_rule_vol40_exact,state_rule,0.40000000000000002,0,control,2022_2024,delay_one_day,2022-01-01,2024-12-31,1096,0,0.18849480871783131,0.68980068925520899,-0.32460597451596707,0.32707503643982899,0.58068804494095783,0.065149466381193455,1.6781774022585119,0.53558827209760462,9.9713241101668544,0.029913839324487129,-0.080787393643778072,700
constant_vol40_exact,constant,0.40000000000000002,0,control,full,delay_one_day,2020-01-01,2024-12-31,1826,0,0.44625322680410395,1.1853527741951642,-0.36591562831245872,0.36908742558493807,1.2195522472274516,0.23316051225028178,6.3257499889504247,0.50895606186830178,11.973980733173104,0.035921675373828212,-0.21164524594994494,827
constant_vol40_exact,constant,0.40000000000000002,0,control,2020_2021,delay_one_day,2020-01-01,2021-12-31,730,0,1.0047650719077823,1.7795690678999267,-0.35350582246864748,0.44785867143454222,2.8422871931533606,0.49612935410699815,4.0152581476639746,0.51951384211635099,11.220024992681598,0.033659631799370475,-0.21164524594994494,168
constant_vol40_exact,constant,0.40000000000000002,0,control,2022_2024,delay_one_day,2022-01-01,2024-12-31,1096,0,0.16370951492132102,0.64817549613253711,-0.31653292763412144,0.30504862643832559,0.51719584482076975,0.058143048048346996,1.575427969091012,0.50191433069921065,12.487553035722851,0.037462509606456508,-0.080787393643777961,700
ridge_vol40_exact,ridge,0.40000000000000002,0,candidate,full,delay_one_day,2020-01-01,2024-12-31,1826,0,0.33038767633943333,0.93041068606688204,-0.61282240599175974,0.3887520659226103,0.53912466827114647,0.13500682322632732,4.1668340832661572,0.54129948436984565,10.696108683527275,0.0320881375535743,-0.22124776599062346,1149
ridge_vol40_exact,ridge,0.40000000000000002,0,candidate,2020_2021,delay_one_day,2020-01-01,2021-12-31,730,0,1.0738575641995856,1.8421989098326117,-0.36257146025777676,0.45223229151748207,2.9617818331208614,0.52633076618788011,4.2965928696492552,0.52498278532741183,9.5421559815320105,0.028626174540980563,-0.22124776599062346,167
ridge_vol40_exact,ridge,0.40000000000000002,0,candidate,2022_2024,delay_one_day,2022-01-01,2024-12-31,1096,0,-0.010176802940060625,0.13944351034442493,-0.54003876068278678,0.33911366837061291,-0.018844578724671164,-0.12520991979028764,0.96979960859225678,0.55218224623117673,11.475178620641493,0.034425417130512198,-0.087863656819565095,798
boosted_vol40_exact,boosted,0.40000000000000002,0,candidate,full,delay_one_day,2020-01-01,2024-12-31,1826,0,0.44023255964432995,1.1154699923779874,-0.58173371440276944,0.39863529334541953,0.75675957701074603,0.20630056197872895,6.1951907549445542,0.56533793525164699,9.255155122088448,0.027765269712544706,-0.21164524594994494,846
boosted_vol40_exact,boosted,0.40000000000000002,0,candidate,2020_2021,delay_one_day,2020-01-01,2021-12-31,730,0,1.1079346177577927,1.8865976415857455,-0.35350582246864748,0.4494152753833156,3.1341340010207488,0.54490466400897963,4.4388547698309777,0.52234809526607939,8.8558480543782405,0.026567230056307369,-0.21164524594994494,163
boosted_vol40_exact,boosted,0.40000000000000002,0,candidate,2022_2024,delay_one_day,2022-01-01,2024-12-31,1096,0,0.11762035964410145,0.48770444071922109,-0.5031058561621834,0.36034738362869884,0.2337884924284897,-0.01903233613480379,1.3956732256821325,0.59401090334421092,9.5298120303537814,0.028589319227399317,-0.087863656819565206,777
trend_vol40_band2,trend,0.40000000000000002,0.02,control,full,delay_one_day,2020-01-01,2024-12-31,769,1057,0.44827230136914031,1.1928974466299327,-0.36593178877732258,0.3673597681256322,1.2250160142329798,0.23579273053565339,6.3700234010908368,0.50720867497387889,11.158590216814231,0.033475489860214792,-0.20896071910460789,827
trend_vol40_band2,trend,0.40000000000000002,0.02,control,2020_2021,delay_one_day,2020-01-01,2021-12-31,426,304,1.0118696970613077,1.7957293835830552,-0.35041436711340634,0.44505036754983812,2.8876375857438266,0.5020852776993141,4.0437480917595803,0.51673632229735555,10.371444389111382,0.031113834090297339,-0.20896071910460789,168
trend_vol40_band2,trend,0.40000000000000002,0.02,control,2022_2024,delay_one_day,2022-01-01,2024-12-31,343,753,0.16367231887625433,0.6489142797269829,-0.31609342908784532,0.30430483203310338,0.51779728338094699,0.058565604698158913,1.5752770094833084,0.50085401238860372,11.693544595298155,0.035080498263776398,-0.080842108052884054,700
allocation_vol40_band2,allocation,0.40000000000000002,0.02,control,full,delay_one_day,2020-01-01,2024-12-31,923,903,0.56447370077704218,1.2426894404947086,-0.58762123449190096,0.43750558621891794,0.96060807139674964,0.25656686519255817,9.3693248486210443,0.66218163004090025,4.0365016879012217,0.012109416444217249,-0.218800229561804,825
allocation_vol40_band2,allocation,0.40000000000000002,0.02,control,2020_2021,delay_one_day,2020-01-01,2021-12-31,421,309,1.302273439334972,2.053887969685074,-0.35859354681470812,0.45759904795829276,3.6316142632870094,0.62576184650237687,5.2944157358446011,0.54054662015872634,4.5806336042758486,0.013741766630322968,-0.218800229561804,163
allocation_vol40_band2,allocation,0.40000000000000002,0.02,control,2022_2024,delay_one_day,2022-01-01,2024-12-31,502,594,0.20972507118886585,0.66028539084516991,-0.51139174978846103,0.42322205974910454,0.41010648152931556,0.010771975348323415,1.7696617183248926,0.74330863024516036,3.677433379896129,0.011032241814616373,-0.1149810948614638,700
fixed_blend_vol40_band2,fixed_blend,0.40000000000000002,0.02,control,full,delay_one_day,2020-01-01,2024-12-31,821,1005,0.51328535921334018,1.2509036735368011,-0.47669071690376597,0.39331232148198114,1.0767681035352781,0.25995395444477964,7.9337955136631102,0.58555471283465255,7.1998870640672221,0.021599481618869626,-0.21388407146802779,825
fixed_blend_vol40_band2,fixed_blend,0.40000000000000002,0.02,control,2020_2021,delay_one_day,2020-01-01,2021-12-31,428,302,1.1564707335203748,1.9339679484382735,-0.35501954296388472,0.45042701588847467,3.2574847115895809,0.56678466687571272,4.6454764947482996,0.52899687609070711,7.1162396777220902,0.021348393096641598,-0.21388407146802779,167
fixed_blend_vol40_band2,fixed_blend,0.40000000000000002,0.02,control,2022_2024,delay_one_day,2022-01-01,2024-12-31,393,703,0.19546440506998697,0.68388742803751723,-0.38009557055560816,0.34967275679007875,0.51425067854451734,0.055730247034194935,1.7078539785170013,0.62327713861916356,7.2622272276252264,0.021786599521011481,-0.080842108052884165,699
state_rule_vol40_band2,state_rule,0.40000000000000002,0.02,control,full,delay_one_day,2020-01-01,2024-12-31,764,1062,0.48151071466299822,1.2256140849785981,-0.38073639720103136,0.37993353053082618,1.2646826471091424,0.24912765494179948,7.1352162946507587,0.52934588390024062,8.357611941547411,0.025072601656145391,-0.218800229561804,827
state_rule_vol40_band2,state_rule,0.40000000000000002,0.02,control,2020_2021,delay_one_day,2020-01-01,2021-12-31,410,320,1.0618685206559255,1.8413738286226173,-0.35859354681470756,0.44828825632477581,2.9612036526820549,0.52402272173724795,4.2470926623295542,0.52273007520917758,7.1327546487347622,0.021397861977423594,-0.218800229561804,168
state_rule_vol40_band2,state_rule,0.40000000000000002,0.02,control,2022_2024,delay_one_day,2022-01-01,2024-12-31,354,742,0.18893079841660687,0.69200407538038833,-0.32457391406942926,0.32610530892205908,0.58208867141489651,0.066149194016518059,1.6800236919570843,0.53375843513488219,9.1818159924102272,0.027545325461737231,-0.080842108052884165,700
constant_vol40_band2,constant,0.40000000000000002,0.02,control,full,delay_one_day,2020-01-01,2024-12-31,769,1057,0.44827230136914031,1.1928974466299327,-0.36593178877732258,0.3673597681256322,1.2250160142329798,0.23579273053565339,6.3700234010908368,0.50720867497387889,11.158590216814231,0.033475489860214792,-0.20896071910460789,827
constant_vol40_band2,constant,0.40000000000000002,0.02,control,2020_2021,delay_one_day,2020-01-01,2021-12-31,426,304,1.0118696970613077,1.7957293835830552,-0.35041436711340634,0.44505036754983812,2.8876375857438266,0.5020852776993141,4.0437480917595803,0.51673632229735555,10.371444389111382,0.031113834090297339,-0.20896071910460789,168
constant_vol40_band2,constant,0.40000000000000002,0.02,control,2022_2024,delay_one_day,2022-01-01,2024-12-31,343,753,0.16367231887625433,0.6489142797269829,-0.31609342908784532,0.30430483203310338,0.51779728338094699,0.058565604698158913,1.5752770094833084,0.50085401238860372,11.693544595298155,0.035080498263776398,-0.080842108052884054,700
ridge_vol40_band2,ridge,0.40000000000000002,0.02,candidate,full,delay_one_day,2020-01-01,2024-12-31,815,1011,0.3332155602826361,0.93863476688006331,-0.61127682869230071,0.38673164640024577,0.54511400504985819,0.13865771927287068,4.2113019287706779,0.53896202269501292,9.8554681111863705,0.029566211699571941,-0.218800229561804,1149
ridge_vol40_band2,ridge,0.40000000000000002,0.02,candidate,2020_2021,delay_one_day,2020-01-01,2021-12-31,431,299,1.0814545188902316,1.8588480098038012,-0.35941189615784197,0.44941743435187997,3.008955826034462,0.53243465796698308,4.3281074180382229,0.52227156094832605,8.7279335993795844,0.026183489339955703,-0.218800229561804,167
ridge_vol40_band2,ridge,0.40000000000000002,0.02,candidate,2022_2024,delay_one_day,2022-01-01,2024-12-31,384,712,-0.0090842375923906316,0.14189074622912043,-0.53930778146301228,0.3377491012933066,-0.016844254625340803,-0.12318821111593239,0.97301234050227792,0.55009407336730143,10.616158213223027,0.031848361045891047,-0.087897299817607744,798
boosted_vol40_band2,boosted,0.40000000000000002,0.02,candidate,full,delay_one_day,2020-01-01,2024-12-31,835,991,0.44188239155261844,1.1218480306183574,-0.57844551308415126,0.39665514812900282,0.76391359524355773,0.20898383695729295,6.2307511953726111,0.56296329033643433,8.4325998361287997,0.025297590090717702,-0.20896071910460789,846
boosted_vol40_band2,boosted,0.40000000000000002,0.02,candidate,2020_2021,delay_one_day,2020-01-01,2021-12-31,420,310,1.1144686714151204,1.9028353264534821,-0.35041436711340634,0.44646546804658627,3.1804308727285697,0.55055314340354666,4.4663971069895334,0.51936216646308386,8.0027755831804122,0.024007967569797308,-0.20896071910460789,163
boosted_vol40_band2,boosted,0.40000000000000002,0.02,candidate,2022_2024,delay_one_day,2022-01-01,2024-12-31,415,681,0.11744811817280154,0.4877041641900971,-0.50039800519697542,0.35914143987636721,0.23470940521949035,-0.018319084993773743,1.3950284862987203,0.59204396693444439,8.72685034251095,0.026180441259998632,-0.087897299817607744,777
btc_buy_hold,btc_buy_hold,,0,benchmark,full,delay_one_day,2020-01-01,2024-12-31,2,0,0.66607495256236326,1.1152349133359312,-0.76670598287258085,0.65222853057055585,0.86874886519968442,0.089284944630735774,12.832785498582055,0.99890530925013543,0.39945647722768063,0.0011983693668938444,-0.38812428745094663,846
btc_buy_hold,btc_buy_hold,,0,benchmark,2020_2021,delay_one_day,2020-01-01,2021-12-31,1,0,1.5357665446668674,1.5910440330340632,-0.5316801220287064,0.78522033974014749,2.8885160099777973,0.32446366324809273,6.4219266380537761,0.99863201094391041,0.49884592796951371,0.0014965377839085412,-0.38812428745094663,188
btc_buy_hold,btc_buy_hold,,0,benchmark,2022_2024,delay_one_day,2022-01-01,2024-12-31,1,0,0.25975814362178018,0.69534440509431961,-0.66983013791382628,0.54544848459112416,0.38779703826225581,-0.066996521986517343,1.9982765643163938,0.99908759124087465,0.33356164383561632,0.0010006848234656849,-0.15417808941374933,769
eth_buy_hold,eth_buy_hold,,0,benchmark,full,delay_one_day,2020-01-01,2024-12-31,2,0,0.91330917605900463,1.1983041463039843,-0.79350360564433975,0.8441546332157337,1.1509830195634467,-0.057341570065251979,25.629073130998869,0.99890530925013621,0.39945647722768074,0.0011983300897734658,-0.43322542520939178,1149
eth_buy_hold,eth_buy_hold,,0,benchmark,2020_2021,delay_one_day,2020-01-01,2021-12-31,1,0,4.3127150275309845,2.1461757967181438,-0.61469940964823278,1.0370459247396004,7.0159739213007768,0.61248648873279699,28.160485502153392,0.99863201094391107,0.49884592796951371,0.0014965377839085412,-0.43322542520939178,166
eth_buy_hold,eth_buy_hold,,0,benchmark,2022_2024,delay_one_day,2022-01-01,2024-12-31,1,0,-0.03093052336492319,0.29529897288677265,-0.74048740228840348,0.68325836046561272,-0.041770492339687958,-0.49849748865744004,0.91010764459437377,0.99908759124087554,0.33356164383561643,0.0010006193257288709,-0.17564174629941909,794
mix_buy_hold,mix_buy_hold,,0,benchmark,full,delay_one_day,2020-01-01,2024-12-31,2,0,0.80648854958428928,1.1663481829404514,-0.77848348795112443,0.76160950613081335,1.0359738672259713,0.018228303842616755,19.230929314790469,0.9989053092501361,0.39945647722768068,0.0011983431939991854,-0.41404584178318282,1149
mix_buy_hold,mix_buy_hold,,0,benchmark,2020_2021,delay_one_day,2020-01-01,2021-12-31,1,0,3.1623304491193647,2.0312821712045119,-0.58177667451058768,0.91820048128396992,5.4356432419358089,0.60048608147835925,17.291206070103627,0.99863201094391085,0.49884592796951371,0.0014965377839085412,-0.41404584178318282,161
mix_buy_hold,mix_buy_hold,,0,benchmark,2022_2024,delay_one_day,2022-01-01,2024-12-31,1,0,0.036101264893350971,0.37332234204178572,-0.71465613132775951,0.63427717566167352,0.050515574289243748,-0.36667146262635919,1.1121797540797695,0.99908759124087554,0.33356164383561637,0.0010006411780723995,-0.16912840201189716,791
usd_cash,usd_cash,,0,benchmark,full,delay_one_day,2020-01-01,2024-12-31,2,0,0,,0,0,,0,1,0,0,0,0,0
usd_cash,usd_cash,,0,benchmark,2020_2021,delay_one_day,2020-01-01,2021-12-31,1,0,0,,0,0,,0,1,0,0,0,0,0
usd_cash,usd_cash,,0,benchmark,2022_2024,delay_one_day,2022-01-01,2024-12-31,1,0,0,,0,0,,0,1,0,0,0,0,0
