scenario,asset,model,period,cagr,zero_cash_sharpe,annual_vol,max_drawdown,calmar,terminal_multiple,mean_exposure,one_way_turnover_per_year,fees_initial_capital,worst_day
frictionless,BTC,fixed_full,full,0.004960942957178194,0.11081616666466997,0.14515544945291883,-0.31111572966409295,0.015945651357886823,1.030130294534399,0.022820629849383843,16.670653950811186,0.0,-0.20204569126687622
frictionless,BTC,fixed_full,2020_2022,-0.036835317902764286,-0.10180719388023192,0.1860764085156835,-0.31111572966409295,-0.11839747846415491,0.8934916358314896,0.023722627737226276,17.3298474582641,0.0,-0.20204569126687622
frictionless,BTC,fixed_full,2023_end,0.048611619983422116,0.5899698053269744,0.08669434925943127,-0.13859991034157637,0.3507334157981767,1.152926623175104,0.021917808219178082,16.01085844015511,0.0,-0.053416058021622304
frictionless,BTC,fixed_full,2020,-0.18982044018606148,-0.7548012770511178,0.23726105137575004,-0.31111572966409295,-0.6101280716054048,0.8098294459727625,0.0273224043715847,19.960387745728124,0.0,-0.20204569126687622
frictionless,BTC,fixed_full,2021,0.13107656061008632,1.604514997428432,0.07862264715725244,-0.08208706829947165,1.5967991466316014,1.1309812090011655,0.01643835616438356,12.008249172384629,0.0,-0.03295555434336328
frictionless,BTC,fixed_full,2022,-0.02448451130717766,-0.017001325566714704,0.20347121572573007,-0.14632989446223155,-0.16732405498657166,0.9755320407079106,0.0273972602739726,20.013698496987875,0.0,-0.13302994032882987
frictionless,BTC,fixed_full,2023,0.10398263052576628,1.4077646949087292,0.07199689218518115,-0.018094080923407696,5.746776029460966,1.1039078824646293,0.021917808219178082,16.010812934534627,0.0,-0.0036474951752196727
frictionless,BTC,fixed_full,2024,-0.07219901931229566,-0.6746097563467893,0.10307395615697294,-0.13859991034157637,-0.5209167822285223,0.9276582245720109,0.02459016393442623,17.96302690970472,0.0,-0.053416058021622304
frictionless,BTC,fixed_full,2025,0.12630917708610068,1.4911842626070992,0.08191228613703931,-0.04722707618577904,2.674507661436275,1.1258507828747257,0.019230769230769232,14.048009400859288,0.0,-0.030362644662636162
frictionless,ETH,fixed_full,full,0.13078534723441515,0.7677352664260679,0.18118858417554576,-0.2915066120447444,0.448653107101188,2.090296820721562,0.029666818804198997,21.67136689968417,0.0,-0.16485702570955652
frictionless,ETH,fixed_full,2020_2022,0.07866060147953813,0.47577383254584027,0.2027456405974014,-0.2915066120447444,0.26984156869643916,1.2550960337154322,0.032846715328467155,23.99418184398557,0.0,-0.16485702570955652
frictionless,ETH,fixed_full,2023_end,0.18548003820678516,1.159854527174326,0.15673310857362938,-0.15286160579288688,1.2133853837574702,1.6654477144140947,0.026484018264840183,19.346430663196184,0.0,-0.06908757048174907
frictionless,ETH,fixed_full,2020,0.17683778873694211,1.8188719564060345,0.09172419570797859,-0.07589812691752007,2.329936138333362,1.1772313364053488,0.02459016393442623,17.961989828350443,0.0,-0.01881565880938707
frictionless,ETH,fixed_full,2021,0.2994281534737899,1.4322987579185225,0.19588501978831255,-0.1554855054432035,1.925762485836125,1.2991952162498954,0.038356164383561646,28.01993265259776,0.0,-0.07929347055975944
frictionless,ETH,fixed_full,2022,-0.17949369491585465,-0.5717710243923118,0.2767017281557762,-0.2740933544933658,-0.6548633594113612,0.8206174171825182,0.03561643835616438,26.01714960447601,0.0,-0.16485702570955652
frictionless,ETH,fixed_full,2023,0.008109949946982775,0.23644186098164333,0.03704308560715487,-0.029598714619457178,0.2739966938176286,1.0081043765557844,0.021917808219178082,16.010922470474355,0.0,-0.025412416572220153
frictionless,ETH,fixed_full,2024,0.17190418427704923,1.0068542160849456,0.17143532739611525,-0.15286160579288688,1.1245739790929794,1.1722859694162353,0.02459016393442623,17.963216806040304,0.0,-0.06908757048174907
frictionless,ETH,fixed_full,2025,0.41092387897078386,1.75926664792806,0.20719978842287284,-0.10522860638067799,3.905058644264602,1.4092626294644781,0.03296703296703297,24.081916273258052,0.0,-0.06352432012539799
frictionless,MIX,fixed_full,full,0.07697268585031414,0.5771478607222132,0.14745709448133051,-0.22024589660236737,0.34948522100859325,1.5602135576279808,0.026964993426275754,19.71136233698231,0.0,-0.15164138903341395
frictionless,MIX,fixed_full,2020_2022,0.024169868851828147,0.22646555900333262,0.17420606144206574,-0.22024589660236737,0.1097403821123828,1.074293834773461,0.029097754088030267,21.285540413729265,0.0,-0.15164138903341395
frictionless,MIX,fixed_full,2023_end,0.13254983611931448,1.1410563313850148,0.11462984665566171,-0.13902473260759374,0.9534262978476278,1.4523154719183387,0.024830285037889498,18.13574665468581,0.0,-0.059155307614272123
frictionless,MIX,fixed_full,2020,-0.006456394305824342,0.013688169801341145,0.12563945965335943,-0.1609717794003669,-0.0401088583966391,0.9935303911890556,0.02549683760546718,18.683991370455868,0.0,-0.09922772749719067
frictionless,MIX,fixed_full,2021,0.2308143019883988,1.6103525446017093,0.13445287050885696,-0.12512052814048558,1.8447356754220223,1.2306393585211433,0.029661956171982053,21.6759921510672,0.0,-0.06039015371200829
frictionless,MIX,fixed_full,2022,-0.12143754309320542,-0.41703254313223814,0.2392568727058878,-0.2118719119835092,-0.573164899284325,0.8786403152293504,0.032144334011251344,23.503765251290147,0.0,-0.15164138903341395
frictionless,MIX,fixed_full,2023,0.04797794334105521,1.2641710034220062,0.03759863270890703,-0.018059321677108442,2.6566857935683643,1.0479443292959656,0.021959741887771066,16.043620965604884,0.0,-0.014853049682383768
frictionless,MIX,fixed_full,2024,0.0649870278780722,0.5669957965118447,0.12440185785722782,-0.13902473260759374,0.46744940025529325,1.0651247254282836,0.024594569600088507,17.962686785754972,0.0,-0.059155307614272123
frictionless,MIX,fixed_full,2025,0.30231150131383044,1.8311334154917163,0.15012056509970775,-0.07093089156574184,4.262056977440287,1.3011347794769215,0.02794572487313233,20.40763068914522,0.0,-0.05127506187616859
frictionless,BTC,fixed_half,full,0.0041607824785308,0.09456063435849506,0.07209739990039755,-0.15585986049668932,0.0266956640745818,1.025219994324692,0.011410353526094388,8.336526554022347,0.0,-0.101022845633438
frictionless,BTC,fixed_half,2020_2022,-0.015931143750580357,-0.12620117808546055,0.09228865073301779,-0.15585986049668932,-0.10221453875174459,0.9529534544413183,0.011842712221652228,8.655442793170954,0.0,-0.101022845633438
frictionless,BTC,fixed_half,2023_end,0.024681842942187115,0.5836755060411061,0.04334420494480676,-0.0714604153758287,0.3453918202459216,1.075834280831419,0.010977599982412756,8.017319067166754,0.0,-0.02670802901081104
frictionless,BTC,fixed_half,2020,-0.09650388333655568,-0.8034458008700271,0.11722556762818474,-0.15585986049668932,-0.6191708566209423,0.9033078612924772,0.013521704489176514,9.927231384725248,0.0,-0.101022845633438
frictionless,BTC,fixed_half,2021,0.0642077579627327,1.5979406791313135,0.03940243261411979,-0.04183286757469007,1.5348638925623164,1.0641624294807959,0.008294048526113384,6.0349053784910955,0.0,-0.01661136698699628
frictionless,BTC,fixed_half,2022,-0.008653692444132943,-0.03449269413359163,0.10126895803474843,-0.07327152289020111,-0.11810444361994059,0.9913522050003564,0.013707783670851646,10.000707263990892,0.0,-0.06651497016441488
frictionless,BTC,fixed_half,2023,0.0512996939031618,1.4063572099887818,0.03600070540168194,-0.00911785264436693,5.626291178861625,1.0512636961740904,0.01099218584993865,8.030168229984563,0.0,-0.001831830536931589
frictionless,BTC,fixed_half,2024,-0.035810633101297284,-0.6834854213102928,0.051381749874736135,-0.0714604153758287,-0.5011254540427725,0.9641171691124047,0.012261350625700313,8.96280248163144,0.0,-0.02670802901081104
frictionless,BTC,fixed_half,2025,0.06167807943662207,1.47418562240659,0.04114003779339132,-0.02432747524963852,2.5353259556820857,1.0614606402774427,0.009672169825571553,7.053756226170669,0.0,-0.015647306878856848
frictionless,ETH,fixed_half,full,0.06695144572760503,0.7610365076659269,0.09044636985888453,-0.15107396132813122,0.44316998865335316,1.475126990585248,0.014889687927888556,10.866475871546127,0.0,-0.08242851285477826
frictionless,ETH,fixed_half,2020_2022,0.04311162793985157,0.4688083511266735,0.10087865546587041,-0.15107396132813122,0.2853676938159682,1.1350236393057929,0.016446019522187345,12.0161365614784,0.0,-0.08242851285477826
frictionless,ETH,fixed_half,2023_end,0.09135863304991987,1.1491319357092715,0.0786618937313405,-0.0785904877315391,1.162464258549916,1.299644288895578,0.013331935026197712,9.715765263175562,0.0,-0.034543785240874536
frictionless,ETH,fixed_half,2020,0.08637325462895551,1.8184854498666656,0.04610558793171192,-0.03843282595430131,2.2473823478829775,1.0865580761789144,0.012335947375808122,9.021964945365188,0.0,-0.009407829404693646
frictionless,ETH,fixed_half,2021,0.14481002026989742,1.4230851595805618,0.09833567998984794,-0.08073213761971187,1.7937097237784527,1.144704054865486,0.019270679111363213,14.075219191987966,0.0,-0.04046138207040528
frictionless,ETH,fixed_half,2022,-0.08750284032193723,-0.5990546010974415,0.1368894504138634,-0.140846679278122,-0.6212630696755747,0.9125543535609735,0.017742692551024616,12.95942875698921,0.0,-0.08242851285477826
frictionless,ETH,fixed_half,2023,0.004169166368767296,0.23360674768357806,0.018532132115803287,-0.014838383225735496,0.28097174101396366,1.004166306793585,0.010959403730509258,8.00748988054782,0.0,-0.012706208286110132
frictionless,ETH,fixed_half,2024,0.08657913483026602,1.0098724355984963,0.08572600709504129,-0.0785904877315391,1.1016490332267146,1.0867644142700497,0.012400447727382314,9.021215034729561,0.0,-0.034543785240874536
frictionless,ETH,fixed_half,2025,0.1916371580411047,1.7314551292428493,0.10426753060354438,-0.05510013509497724,3.477979821842102,1.1909223570842051,0.01664758962590299,12.127100148533701,0.0,-0.033557870747788265
frictionless,MIX,fixed_half,full,0.037923637429341905,0.5550546790629344,0.07167152803491326,-0.10557314792409689,0.35921669643314574,1.25017349245497,0.013339197629169876,9.742543968420756,0.0,-0.07516680223770722
frictionless,MIX,fixed_half,2020_2022,0.014449634253790977,0.21155391313324826,0.08510941909605142,-0.10557314792409689,0.13686846075840914,1.0439885468735555,0.014352778789916788,10.495641089885643,0.0,-0.07516680223770722
frictionless,MIX,fixed_half,2023_end,0.06196300624070883,1.1186428650116407,0.05504696124677812,-0.07032840070290147,0.8810524001884843,1.1974973252330008,0.012324690823527308,8.988759087027592,0.0,-0.02891715344389112
frictionless,MIX,fixed_half,2020,-0.005056674300308317,-0.04829980380838964,0.06303415996680826,-0.08159694160458464,-0.06197137050568328,0.9949329687356958,0.012822130776575385,9.409664939685316,0.0,-0.050055515287299124
frictionless,MIX,fixed_half,2021,0.1082197918376413,1.634256582493395,0.06408910495491013,-0.0627991844388891,1.7232674724136223,1.1081418513515569,0.014353683080016931,10.476137037383745,0.0,-0.02963681582078781
frictionless,MIX,fixed_half,2022,-0.05313006633925277,-0.4073642337940376,0.11689818979659601,-0.10190998602843271,-0.5213430833405234,0.9469053162399828,0.01588671606935899,11.604096569711702,0.0,-0.07516680223770722
frictionless,MIX,fixed_half,2023,0.025679371483848135,1.307546917977932,0.019523248735656126,-0.008552616753531472,3.0025163320038666,1.0256615712961163,0.010985321387648683,8.02644757137367,0.0,-0.006909232807143284
frictionless,MIX,fixed_half,2024,0.02932981291153758,0.5097493766013986,0.06019654603360322,-0.07032840070290147,0.4170408059674183,1.0293909149044154,0.012339154932350438,8.994738921391045,0.0,-0.02891715344389112
frictionless,MIX,fixed_half,2025,0.1346918788975595,1.8055746863162945,0.07132894388015583,-0.03413734083520881,3.9455878988277866,1.134201290384741,0.013653196263819702,9.947701625040386,0.0,-0.025829649554106937
frictionless,BTC,recent24_raw,full,0.01580519839831629,0.22914458290634176,0.08443919753534893,-0.1979055625755528,0.0798623252051466,1.0986345763598901,0.01624308281453308,11.865371908955467,0.0,-0.12834272762455723
frictionless,BTC,recent24_raw,2020_2022,-0.013458424604497865,-0.07614973191842685,0.10383592073922046,-0.1979055625755528,-0.06800427653143883,0.9601567711902279,0.014997421457492477,10.956705640214013,0.0,-0.12834272762455723
frictionless,BTC,recent24_raw,2023_end,0.04596478553380501,0.7907677710073352,0.05896742360547126,-0.08308460551770869,0.5532286666993689,1.1442241614335569,0.01748988176185408,12.774868009905813,0.0,-0.03428162494967113
frictionless,BTC,recent24_raw,2020,-0.11202533062591713,-0.6821737844397696,0.15529758518307027,-0.1979055625755528,-0.5660544815820936,0.8877580590396292,0.020912817276636114,15.31099676128609,0.0,-0.12834272762455723
frictionless,BTC,recent24_raw,2021,0.043437385177026666,1.110124417399141,0.03895806221893526,-0.04370469907351482,0.9938836348915592,1.0434070177764307,0.007996890004218972,5.822276463777138,0.0,-0.020503009236833125
frictionless,BTC,recent24_raw,2022,0.036583884655543075,0.4796147779631696,0.08181356722751815,-0.050878004967694346,0.719051084624338,1.0365583921144568,0.01606635052773428,11.724914130863551,0.0,-0.034715650865552505
frictionless,BTC,recent24_raw,2023,0.06915601756655221,1.440747016281424,0.047134952692944806,-0.018094080923407807,3.8220243326693097,1.0691070837092227,0.018780285267165082,13.720458941861276,0.0,-0.0036474951752196727
frictionless,BTC,recent24_raw,2024,-0.02566871160480333,-0.33630970507597246,0.07000792306494094,-0.08308460551770869,-0.30894666280063504,0.974279264291945,0.016694933058436116,12.203131078351719,0.0,-0.03428162494967113
frictionless,BTC,recent24_raw,2025,0.0988706642667021,1.6680575842424556,0.057462359824660365,-0.03354230160718075,2.947641024297982,1.0985161533436612,0.016995249745404784,12.401557643930683,0.0,-0.0195783927183667
frictionless,ETH,recent24_raw,full,0.04622051257277726,0.6730888264736639,0.07077058431941309,-0.11094561406966075,0.4166051354112677,1.3113315839899102,0.01591803651784801,11.617070259152882,0.0,-0.04574776347748477
frictionless,ETH,recent24_raw,2020_2022,0.021150442234625588,0.33584804750105485,0.06947715558757869,-0.09862984839069366,0.21444261123513259,1.0648180659641058,0.015550046240443616,11.358326606846292,0.0,-0.04574776347748477
frictionless,ETH,recent24_raw,2023_end,0.07192981645483831,0.9987091907565739,0.07205120921959846,-0.06772730545728611,1.0620504679638054,1.231507640511909,0.01628636285943268,11.876050207032353,0.0,-0.02994433560078613
frictionless,ETH,recent24_raw,2020,0.05688083743982242,1.3258295275825132,0.0423699451159985,-0.058468147880542554,0.9728517064716468,1.0570009032399688,0.012809970514947864,9.362946711561552,0.0,-0.017556722006197067
frictionless,ETH,recent24_raw,2021,0.06254353115612354,0.8665687513751159,0.07303116813968401,-0.061491138937924905,1.0171145344902626,1.0624994117218234,0.016115536099545528,11.762755754102947,0.0,-0.033751730518540524
frictionless,ETH,recent24_raw,2022,-0.05189701775248623,-0.5773659998273855,0.08582169410236441,-0.07718979522454938,-0.6723300353565511,0.9481375663470027,0.01773213916361964,12.954744149108043,0.0,-0.04574776347748477
frictionless,ETH,recent24_raw,2023,-0.001746411970004913,-0.03225098487426443,0.03506051161995976,-0.029528099732798685,-0.059144069066695316,0.998254782340158,0.018417145641839546,13.45562481039238,0.0,-0.025412416572220042
frictionless,ETH,recent24_raw,2024,0.03618053792430742,0.6198667067043175,0.060193475844481495,-0.06772730545728611,0.5342090266255397,1.036256161422554,0.012457193694923823,9.066345833455998,0.0,-0.028698068759491102
frictionless,ETH,recent24_raw,2025,0.19121085505554847,1.7393475607038198,0.10353570554389963,-0.04823142182664242,3.9644457454067017,1.1904977676229325,0.01799993483369569,13.117278422698666,0.0,-0.02994433560078613
frictionless,MIX,recent24_raw,full,0.0315728534511468,0.523587536233192,0.06315762557494475,-0.10204836214493751,0.3093910846536118,1.2049830801749002,0.016083254882425187,11.75065196168593,0.0,-0.06473609185725882
frictionless,MIX,recent24_raw,2020_2022,0.004144318385922885,0.09440757641255139,0.07035979456083544,-0.10204836214493751,0.04061131701493437,1.0124874185771668,0.015311965659097324,11.199285146097804,0.0,-0.06473609185725882
frictionless,MIX,recent24_raw,2023_end,0.05977668977526007,1.0819436330253085,0.0550109312696036,-0.06852282450672376,0.872361730643408,1.1901215344169358,0.016855248479472985,12.302522308612495,0.0,-0.028205506545211034
frictionless,MIX,recent24_raw,2020,-0.02756470678497691,-0.30242258026192154,0.08119277809382867,-0.10204836214493751,-0.27011415181585413,0.972379481139799,0.016605022921409442,12.17872760830131,0.0,-0.06473609185725882
frictionless,MIX,recent24_raw,2021,0.05382178587511799,1.0385066417877968,0.05173411419033703,-0.04705357558773238,1.1438405095223028,1.0537839735003616,0.012420221651340862,9.06108481989525,0.0,-0.027644380405449254
frictionless,MIX,recent24_raw,2022,-0.011905003907563771,-0.12243183898865811,0.07480674527337124,-0.062338781749742944,-0.19097267500921064,0.9881030959589331,0.016907109781905197,12.355359606090815,0.0,-0.04073868163023142
frictionless,MIX,recent24_raw,2023,0.03187208322576773,1.075867468636482,0.02954554889844206,-0.01666071027729532,1.9130086710169842,1.0318499241985717,0.018617420284217492,13.601146074134935,0.0,-0.01337155789537292
frictionless,MIX,recent24_raw,2024,0.005796347663648227,0.1328103862890084,0.05474429019530652,-0.06852282450672376,0.08459002829166017,1.0058082843137874,0.014451709323774367,10.5473840673679,0.0,-0.028205506545211034
frictionless,MIX,recent24_raw,2025,0.14726503176314654,1.9387683969505898,0.07213947723525614,-0.03001100771770926,4.907033883978731,1.1467257599285212,0.01750498095819262,12.765112753337307,0.0,-0.025043985982989292
frictionless,BTC,ewma_raw,full,0.017875327937016294,0.25173475283051566,0.08484921176602532,-0.16801566449444671,0.10639084153732055,1.1121336795675383,0.017040842309711018,12.44866296008807,0.0,-0.10581127752011654
frictionless,BTC,ewma_raw,2020_2022,-0.009367441440967239,-0.042389754700666374,0.10023229702218177,-0.16801566449444671,-0.05575338150257325,0.9721538380493312,0.015544902953963439,11.357715294828143,0.0,-0.10581127752011654
frictionless,BTC,ewma_raw,2023_end,0.04589319583291229,0.7122625606259888,0.0659745469953593,-0.09658963765514117,0.475135811118446,1.1439893934884655,0.018538147820121382,13.540606924585672,0.0,-0.039536040369494874
frictionless,BTC,ewma_raw,2020,-0.10201259942581808,-0.6958304478276524,0.13987698524472392,-0.16801566449444671,-0.6071612413805013,0.8977890184597248,0.021124559984259002,15.462870472313519,0.0,-0.10581127752011654
frictionless,BTC,ewma_raw,2021,0.05303750005136054,1.2209315760720174,0.04305493606578248,-0.047606562067918134,1.1140796089348846,1.0530002524131752,0.008665537922290209,6.311886235075795,0.0,-0.02120975430713279
frictionless,BTC,ewma_raw,2022,0.028349025021147778,0.34573703848409304,0.0933428647751316,-0.05683733419380643,0.49877471248883753,1.0283293488819703,0.01682932422375125,12.28714217660885,0.0,-0.03918849027708626
frictionless,BTC,ewma_raw,2023,0.08191393852441275,1.4131692035880032,0.056782956374917974,-0.018094080923407807,4.527112422628937,1.081855636976534,0.019829427165088693,14.486191468577902,0.0,-0.0036474951752196727
frictionless,BTC,ewma_raw,2024,-0.039894752686545965,-0.4979054445544394,0.07591794755346726,-0.09658963765514117,-0.41303346461433266,0.9600249875100534,0.018621147305984347,13.608530050946726,0.0,-0.039536040369494874
frictionless,BTC,ewma_raw,2025,0.10182919817179537,1.5523878885961235,0.0637109875057895,-0.038051151258781335,2.6761134631451005,1.1014635974538922,0.017159865477432052,12.52412829050515,0.0,-0.023317959433196922
frictionless,ETH,ewma_raw,full,0.056884138268211926,0.7464838049462136,0.07809403014298774,-0.10442867694780245,0.5447175999045248,1.3935783432881492,0.016310308208365668,11.904292942074058,0.0,-0.04985401570130743
frictionless,ETH,ewma_raw,2020_2022,0.031615325522217796,0.46331850464102486,0.0728820369089788,-0.10087691970785173,0.31340494548979597,1.097899553353118,0.015672460889590813,11.450226298397416,0.0,-0.04985401570130743
frictionless,ETH,ewma_raw,2023_end,0.0827958250342109,0.9981848941439976,0.08299731038125875,-0.07817400555304588,1.0591222037103987,1.269313152584854,0.016948738036107445,12.358774258484651,0.0,-0.03358016020585919
frictionless,ETH,ewma_raw,2020,0.07395405584323589,1.639181914137161,0.04408396528637455,-0.04470145240484913,1.6543993956494687,1.074111405423852,0.012668520359255076,9.26203036211155,0.0,-0.01241524956060791
frictionless,ETH,ewma_raw,2021,0.0737927079715035,0.9785235450117188,0.0756275698550785,-0.0636800527800565,1.1588041270376288,1.0737403815358837,0.01663681611331683,12.145425285629123,0.0,-0.033735367754254564
frictionless,ETH,ewma_raw,2022,-0.04808242356563153,-0.4951210616904774,0.09102353728212134,-0.08058276540114839,-0.5966837117871646,0.9519496833947325,0.01772027617025625,12.949218304811266,0.0,-0.04985401570130743
frictionless,ETH,ewma_raw,2023,0.0010751203160905831,0.048155566989396915,0.03513881905861107,-0.029042711548018962,0.03701859292005117,1.0010743840411724,0.018987207793276263,13.872163916426251,0.0,-0.02492496990024684
frictionless,ETH,ewma_raw,2024,0.046553712223913246,0.6749055581234485,0.07107174232596458,-0.07817400555304588,0.5955139677769701,1.0466515009842947,0.013916400985067261,10.129750370991363,0.0,-0.03302681336357138
frictionless,ETH,ewma_raw,2025,0.21223380236643097,1.6616851680974638,0.11993592086817806,-0.05401188048809913,3.9293910978195647,1.2114355974219873,0.01795366633092637,13.082498208138107,0.0,-0.03358016020585919
frictionless,MIX,ewma_raw,full,0.03829457245018242,0.591954040633313,0.06726328372072289,-0.08546553078589236,0.44807037525008425,1.2528560114278438,0.016664008603500497,12.175155440797898,0.0,-0.05323735533915763
frictionless,MIX,ewma_raw,2020_2022,0.011539190831626467,0.19643451261533154,0.07150060786654046,-0.08546553078589236,0.1350157276918383,1.0350266957012246,0.01563761427236147,11.437666158975201,0.0,-0.05323735533915763
frictionless,MIX,ewma_raw,2023_end,0.06578304794245038,1.0457739084454911,0.06274003709234326,-0.07909175390339951,0.8317308024651467,1.2104576786582697,0.01769134028106066,12.913318228814031,0.0,-0.031594393376155994
frictionless,MIX,ewma_raw,2020,-0.01402120029892795,-0.15412397144692586,0.0736736087074414,-0.08546553078589236,-0.16405678605160437,0.9859502119417884,0.016625671139673878,12.193376739522739,0.0,-0.05323735533915763
frictionless,MIX,ewma_raw,2021,0.06434300894048595,1.1683360190075793,0.0546128970265492,-0.05055131596564033,1.2728255973438913,1.0642975821215337,0.013017902177078789,9.498803053438447,0.0,-0.027978921245395805
frictionless,MIX,ewma_raw,2022,-0.013653734661516537,-0.12296125385903017,0.08332864900984295,-0.06690093265900598,-0.20408885375499344,0.9863555467615321,0.017266562495215815,12.618748244017723,0.0,-0.04460454961051863
frictionless,MIX,ewma_raw,2023,0.039038710714761615,1.1705543374091736,0.03315940247188198,-0.016511538302992013,2.3643291132775626,1.0390114756204096,0.019418325993325745,14.186560426201968,0.0,-0.013227972662125831
frictionless,MIX,ewma_raw,2024,0.004282950927568363,0.09987552786500428,0.0619120361506718,-0.07909175390339951,0.05415167468405672,1.0042917643331721,0.016106767878768708,11.755917348718619,0.0,-0.031594393376155994
frictionless,MIX,ewma_raw,2025,0.16062188710895775,1.8361846607926182,0.08290966197583628,-0.0337799927550132,4.754941431570328,1.1600303829938783,0.01755288894661587,12.80033833889184,0.0,-0.028812359357518358
frictionless,BTC,recent24_calibrated,full,0.01208261564927926,0.1742396125976852,0.0970007977307953,-0.23103157492013437,0.05229854686943166,1.074703468453975,0.017515950411025355,12.794602156105467,0.0,-0.14988710734129562
frictionless,BTC,recent24_calibrated,2020_2022,-0.019721594290895927,-0.10020864667791748,0.12123212092388497,-0.23103157492013437,-0.08536319893812572,0.9419815277613324,0.016787584250289634,12.262857313599996,0.0,-0.14988710734129562
frictionless,BTC,recent24_calibrated,2023_end,0.04494915223515972,0.7162889560911786,0.06418889862185666,-0.09582844324040196,0.46905856669712476,1.140896542852664,0.01824498174633709,13.326832610339249,0.0,-0.03850247731573453
frictionless,BTC,recent24_calibrated,2020,-0.13483462800982915,-0.7145299480206346,0.17856300870002986,-0.23103157492013437,-0.5836199145352332,0.864908108628807,0.02253009151246413,16.487103528860814,0.0,-0.14988710734129562
frictionless,BTC,recent24_calibrated,2021,0.06481057411341906,1.3374117554381446,0.0477728786624906,-0.052844633214019776,1.226436256089383,1.0647648072510023,0.010084837422121885,7.349908773952374,0.0,-0.023363246803411286
frictionless,BTC,recent24_calibrated,2022,0.02288180742880419,0.277044344829025,0.09950523187173514,-0.059523109937283825,0.3844188828996582,1.0228659679745864,0.017732090919674193,12.939986360684717,0.0,-0.04870730501144804
frictionless,BTC,recent24_calibrated,2023,0.07452685669781212,1.4385963479606363,0.05080665820358601,-0.018094080923407696,4.118852845484915,1.0744739918422284,0.019047206183953946,13.915132688697778,0.0,-0.0036474951752196727
frictionless,BTC,recent24_calibrated,2024,-0.03861903975127068,-0.47972265377861123,0.0760166360889279,-0.09582844324040196,-0.4030018483592418,0.9613032148601068,0.018229852811915723,13.323602686077209,0.0,-0.03850247731573453
frictionless,BTC,recent24_calibrated,2025,0.10493893948656385,1.6099968977553956,0.06316070248409211,-0.03661181168857264,2.8662591291355746,1.1045616529913125,0.01745576545586475,12.740163994072887,0.0,-0.022318616624873333
frictionless,ETH,recent24_calibrated,full,0.05977668264932001,0.7540491143091298,0.08128369021590758,-0.12066418202211626,0.495397073494135,1.4166143692151423,0.016886183333988145,12.32463892331966,0.0,-0.05226506200140901
frictionless,ETH,recent24_calibrated,2020_2022,0.03454325851239948,0.4553293163426377,0.08192081850551716,-0.12066418202211626,0.2862759928714233,1.1072764415979632,0.016910997057087866,12.354571825850686,0.0,-0.05226506200140901
frictionless,ETH,recent24_calibrated,2023_end,0.08564946442720012,1.057600233705742,0.08065878369288941,-0.07778890779773662,1.1010498392637442,1.2793682914184996,0.01686134694995409,12.294678684804586,0.0,-0.03452592260591403
frictionless,ETH,recent24_calibrated,2020,0.07778086822920205,1.598251649282897,0.047534638604800346,-0.051936516003107225,1.4976142840337736,1.0779466515889227,0.013762468509216016,10.061656798987073,0.0,-0.014508944638539467
frictionless,ETH,recent24_calibrated,2021,0.10031146513420164,1.1379006173401531,0.08729141971610195,-0.07497763994854867,1.3378850708429555,1.1002394740651809,0.018801731303474335,13.730306259465982,0.0,-0.03992019600345287
frictionless,ETH,recent24_calibrated,2022,-0.06642085973801848,-0.626938882389919,0.10129276522092119,-0.10294579385920255,-0.6452022685731222,0.9336230594786925,0.018177417464183852,13.278034378076718,0.0,-0.05226506200140901
frictionless,ETH,recent24_calibrated,2023,0.0022937683331691883,0.08718258037777876,0.03220292205455956,-0.025222405142279358,0.09094169728184374,1.0022921965363107,0.017709627208638876,12.939549338989954,0.0,-0.021442584964331934
frictionless,ETH,recent24_calibrated,2024,0.053756134176765835,0.7467739659938244,0.07364993525965496,-0.07778890779773662,0.6910514069247538,1.0538694375558297,0.013757701604207778,10.013145560538662,0.0,-0.0335146305788524
frictionless,ETH,recent24_calibrated,2025,0.21199321162787177,1.7371853417293353,0.11426530244173719,-0.05605143426863368,3.782119305134408,1.2111959878556946,0.019131434593149702,13.94210542849598,0.0,-0.03452592260591403
frictionless,MIX,recent24_calibrated,full,0.03729786836955595,0.5331519808528449,0.07378049226431996,-0.11918213655667631,0.3129484790853635,1.2456589188345586,0.017186195986425575,12.55673760695915,0.0,-0.07526768942726514
frictionless,MIX,recent24_calibrated,2020_2022,0.008141305326448967,0.13922879837612942,0.0839184112976476,-0.11918213655667631,0.06830977830790456,1.024628984679648,0.016879468979937435,12.34592210377675,0.0,-0.07526768942726514
frictionless,MIX,recent24_calibrated,2023_end,0.06732546136031115,1.0808488368961777,0.06200110749719249,-0.07914938197656785,0.8506125970793156,1.2157170424219612,0.017493203108901373,12.767745635715233,0.0,-0.03247280083905624
frictionless,MIX,recent24_calibrated,2020,-0.028514912278947757,-0.26502994732579765,0.09245401917625484,-0.11918213655667631,-0.23925491774841334,0.9714273801088649,0.017772207118569982,13.03525994514833,0.0,-0.07526768942726514
frictionless,MIX,recent24_calibrated,2021,0.08450729890224595,1.3301965785785346,0.06241237206185556,-0.05995792944409584,1.4094432493877178,1.08444708051794,0.01493906811494159,10.904425662444762,0.0,-0.03248287915733761
frictionless,MIX,recent24_calibrated,2022,-0.02738787765217965,-0.25055647006215964,0.09326008994704779,-0.07102416106824572,-0.38561353263804377,0.9726306094216249,0.017924685848386673,13.096192106911483,0.0,-0.04738785358939357
frictionless,MIX,recent24_calibrated,2023,0.03549669335231087,1.1892343442285604,0.02967850788407194,-0.014747426478616932,2.40697544102216,1.0354719712818408,0.01835654393333189,13.41087428449946,0.0,-0.011594559137060867
frictionless,MIX,recent24_calibrated,2024,0.009696873107882142,0.18439665504522962,0.06304416740796207,-0.07914938197656785,0.1225135669505657,1.0097168809787007,0.015782576273193877,11.517608407313705,0.0,-0.03247280083905624
frictionless,MIX,recent24_calibrated,2025,0.16337426535631216,1.8914399163011821,0.08169073355724857,-0.03366139611636276,4.853460765309617,1.1627719326909454,0.018347516353274463,13.379856264255656,0.0,-0.02902826346512788
frictionless,BTC,ewma_calibrated,full,0.014537618324953705,0.19455725198320903,0.10121245465178157,-0.2130447267414336,0.06823740041497298,1.0904364226553624,0.01888233465275467,13.793144603056524,0.0,-0.13818667229060688
frictionless,BTC,ewma_calibrated,2020_2022,-0.018018869335455934,-0.084484285821664,0.12247129462551712,-0.2130447267414336,-0.08457787062396963,0.9468997956737922,0.017901176829476048,13.077122834333561,0.0,-0.13818667229060688
frictionless,BTC,ewma_calibrated,2023_end,0.04820470178916425,0.6716171697653909,0.07408620360324125,-0.11077364628823405,0.43516398894855524,1.1515858675198392,0.019864388510575096,14.509820272938137,0.0,-0.045122021060783335
frictionless,BTC,ewma_calibrated,2020,-0.13461366375904915,-0.7401993499485756,0.17355147025179005,-0.2130447267414336,-0.631856351565209,0.8651294608227028,0.023835015480160537,17.435397515342874,0.0,-0.13818667229060688
frictionless,BTC,ewma_calibrated,2021,0.07212299272254197,1.339322949705938,0.05300625226466882,-0.058349082357485926,1.236060445315451,1.072071889566696,0.010909219994810723,7.956144324898045,0.0,-0.02533847393595956
frictionless,BTC,ewma_calibrated,2022,0.02095165219598627,0.24373065001443986,0.10976502396077292,-0.06616443375358017,0.3166603416273108,1.0209371624828911,0.01894303792126323,13.82788618418166,0.0,-0.05373626880640303
frictionless,BTC,ewma_calibrated,2023,0.0888507696043912,1.4048910966033632,0.06186840170921924,-0.018094080923407696,4.910488130372402,1.0887873313247993,0.02048398785619982,14.963911783274243,0.0,-0.0036474951752196727
frictionless,BTC,ewma_calibrated,2024,-0.04961931893548355,-0.5462057874675993,0.08627721847291601,-0.11077364628823405,-0.4479343291307178,0.9502813692132618,0.020883811762538316,15.259903523757309,0.0,-0.045122021060783335
frictionless,BTC,ewma_calibrated,2025,0.11342441560326844,1.5272287888216074,0.07196674238123241,-0.04258487498586594,2.6634906323175627,1.1130150908559138,0.018218062490323546,13.30027667109062,0.0,-0.026423560081872965
frictionless,ETH,ewma_calibrated,full,0.06843020064422212,0.78183053171884,0.08967872946032016,-0.12056919321231363,0.567559579864829,1.4874335784977974,0.017990157706526455,13.13134411381506,0.0,-0.05690472784019285
frictionless,ETH,ewma_calibrated,2020_2022,0.04084699885977239,0.5056896036295758,0.08654687323529162,-0.12056919321231363,0.33878470753174716,1.1276454805077492,0.01782980416096051,13.026418638382594,0.0,-0.05690472784019285
frictionless,ETH,ewma_calibrated,2023_end,0.09677057496406838,1.0405352605192548,0.09272664652008533,-0.08882441865865509,1.089459142265256,1.3190613576778094,0.018150657693686522,13.236365411599518,0.0,-0.038300136101697024
frictionless,ETH,ewma_calibrated,2020,0.09085038299193982,1.7088339280739648,0.05162371920511954,-0.04924625724327303,1.844818024304778,1.0910451800286172,0.0143944007478272,10.523652471231019,0.0,-0.013246982881539804
frictionless,ETH,ewma_calibrated,2021,0.10440885453427495,1.1312119330995098,0.09141554578355639,-0.07803413701059336,1.3379894817072322,1.1043337858435671,0.019759461803251697,14.4293625471356,0.0,-0.040836951956504164
frictionless,ETH,ewma_calibrated,2022,-0.0641423739349567,-0.5647245707333974,0.1070449957659061,-0.10103454482739915,-0.6348558707770037,0.935900090958401,0.019344961995948207,14.133097790389803,0.0,-0.05690472784019285
frictionless,ETH,ewma_calibrated,2023,0.0030406836258354275,0.10588506151147407,0.034168606842942824,-0.0273811752220956,0.1110501503741778,1.003038599232501,0.018867696324310818,13.785212675870948,0.0,-0.023502869396769266
frictionless,ETH,ewma_calibrated,2024,0.06098677099516592,0.7505290808271776,0.08338393110527502,-0.08882441865865509,0.6865991572602692,1.061115751669795,0.015391934602983508,11.206129773095778,0.0,-0.0380107904780691
frictionless,ETH,ewma_calibrated,2025,0.24023673958241631,1.6823714891234718,0.13296554245103237,-0.06194370237145186,3.878307727584827,1.23932323018516,0.020205530086597066,14.727401104548134,0.0,-0.038300136101697024
frictionless,MIX,ewma_calibrated,full,0.04322029839736574,0.572589828523055,0.07936542836684697,-0.11051349613428207,0.3910861560731902,1.28893500057658,0.01841080756317288,13.452395811753245,0.0,-0.0692513373288054
frictionless,MIX,ewma_calibrated,2020_2022,0.01227015408216836,0.18445955105548667,0.08677810051195652,-0.11051349613428207,0.1110285576999502,1.0372726380907706,0.017889360927098072,13.084860968390165,0.0,-0.0692513373288054
frictionless,MIX,ewma_calibrated,2023_end,0.07514631331801058,1.0523066684097853,0.07118410415548285,-0.09069240817289426,0.8285843857487288,1.2426193010827176,0.018932730406221274,13.820266303375108,0.0,-0.03654972341669027
frictionless,MIX,ewma_calibrated,2020,-0.021868271140563444,-0.1983968172208903,0.09030912589175717,-0.11051349613428207,-0.19787873794158026,0.9780873204256599,0.01869469340776022,13.70948610768488,0.0,-0.0692513373288054
frictionless,MIX,ewma_calibrated,2021,0.09013016605506197,1.327170305768359,0.06665366467798427,-0.06415804100495459,1.4048148079848897,1.0900657770736646,0.015861386657187383,11.579373256927147,0.0,-0.033912527737539944
frictionless,MIX,ewma_calibrated,2022,-0.027130895568735602,-0.22417444934824318,0.1000543565443449,-0.07704659776664724,-0.3521361923197122,0.9728874204684822,0.01910979632598864,13.96401223880698,0.0,-0.05179282923675321
frictionless,MIX,ewma_calibrated,2023,0.04220700693078583,1.2166680426950094,0.034438062170713275,-0.01596548265599851,2.643641150111295,1.0421775169653231,0.01964693269286579,14.353820045449588,0.0,-0.012784159637665105
frictionless,MIX,ewma_calibrated,2024,0.0082472892881027,0.15042960411067843,0.07152161789628668,-0.09069240817289426,0.09093693126309124,1.008264293959359,0.017861129781235194,13.036931558207296,0.0,-0.03654972341669027
frictionless,MIX,ewma_calibrated,2025,0.18323793040642622,1.828774614502386,0.09432928915950743,-0.038246173242884596,4.791013449705487,1.1825567941204795,0.019294054565890655,14.072885536546067,0.0,-0.033002043493306044
frictionless,BTC,full_linear,full,0.011178099122146401,0.1597760154309312,0.10548622750260764,-0.22758678860900194,0.049115764541809895,1.0689547460094937,0.019324961594446417,14.117709903224295,0.0,-0.1476458686564991
frictionless,BTC,full_linear,2020_2022,-0.026449709616376937,-0.14410730788688692,0.12704404854080037,-0.22758678860900194,-0.1162181239870562,0.9227141989741919,0.018151848820141783,13.261254826728223,0.0,-0.1476458686564991
frictionless,BTC,full_linear,2023_end,0.05029659923796492,0.6656866481692978,0.07818757629539548,-0.1181254152709702,0.4257898194269927,1.1584895379283007,0.020499145704617996,14.97494713047516,0.0,-0.04210406386314536
frictionless,BTC,full_linear,2020,-0.14141534243702591,-0.7383635857804547,0.18227006295590514,-0.22758678860900194,-0.6213688558169338,0.8583158938955842,0.02439669711773412,17.845227395308335,0.0,-0.1476458686564991
frictionless,BTC,full_linear,2021,0.0640469805737689,1.2074439595994504,0.05251550881295515,-0.05829848226616752,1.0986045962801576,1.0640017689730572,0.010808704289129448,7.886895149845914,0.0,-0.025739992916549936
frictionless,BTC,full_linear,2022,0.010370752209679646,0.1486345044887245,0.11145913781882429,-0.07233152635439022,0.14337803627795537,1.0103636171605963,0.019233035880143717,14.039083106075408,0.0,-0.05827958703905334
frictionless,BTC,full_linear,2023,0.09674569278336742,1.3948856871758535,0.06774711312535717,-0.018094080923407807,5.3468144191955185,1.0966763715378252,0.021186940691464394,15.476850823596427,0.0,-0.0036474951752196727
frictionless,BTC,full_linear,2024,-0.05708241025625305,-0.6385801374250367,0.08614909072954859,-0.1181254152709702,-0.4832356366774296,0.9428037951865544,0.02148360134828571,15.697962991567419,0.0,-0.04210406386314536
frictionless,BTC,full_linear,2025,0.12088723680774072,1.4744237931611206,0.07944155773339419,-0.046368165368592784,2.607117099561222,1.1204495527247007,0.018819596430493503,13.744676105340464,0.0,-0.029633347086210793
frictionless,ETH,full_linear,full,0.07172148021308744,0.7990359841648306,0.09183100664672034,-0.12748027968527142,0.5626084315955094,1.515131863309675,0.0181799370120154,13.270360581201087,0.0,-0.05909764544816565
frictionless,ETH,full_linear,2020_2022,0.03227246808170259,0.4199273297076201,0.08404057832641677,-0.12748027968527142,0.25315655222422,1.0999994671161717,0.0172145779522911,12.577422903562988,0.0,-0.05909764544816565
frictionless,ETH,full_linear,2023_end,0.11271617353663355,1.1260514751945587,0.09901536962858266,-0.10804766825101908,1.0432078300363548,1.3773932702729763,0.01914617767818694,13.963931078636113,0.0,-0.04594948261601084
frictionless,ETH,full_linear,2020,0.08810434552270285,1.704181008295453,0.05024642622074133,-0.04599265725641788,1.9156176393876145,1.0882930196211738,0.013455758293422907,9.838512360039651,0.0,-0.01316127767133779
frictionless,ETH,full_linear,2021,0.09304810718257728,1.0585810881001352,0.08760312409121294,-0.07577425310604458,1.227964689435583,1.092981546079311,0.018731506014185304,13.67813588645024,0.0,-0.04047343713209295
frictionless,ETH,full_linear,2022,-0.07527938984345495,-0.6927221086537272,0.10484596983806742,-0.1109655054475589,-0.6784035231473908,0.92477014741206,0.019466767685316765,14.223124328701873,0.0,-0.05909764544816565
frictionless,ETH,full_linear,2023,0.008092906363537322,0.2666701687235001,0.03213729280674783,-0.02363181143080806,0.34245814745232994,1.0080873447320995,0.018435269431763598,13.469119787726733,0.0,-0.020197198221799995
frictionless,ETH,full_linear,2024,0.08854605686222561,0.8416107783813674,0.10742602221252207,-0.10804766825101908,0.8195091878939318,1.088735714898704,0.017810136937041938,12.974442512719648,0.0,-0.04594948261601084
frictionless,ETH,full_linear,2025,0.2559607032581104,1.8181868086895807,0.12974842388295363,-0.05662426270703358,4.520336177839826,1.2549815012410173,0.021202420593581423,15.455027057502468,0.0,-0.03374986730703711
frictionless,MIX,full_linear,full,0.04363926597919354,0.5632243761521126,0.08175013618667111,-0.11641524135970005,0.3748586995096016,1.2920433046595843,0.018718768090006957,13.677529336286018,0.0,-0.074059316260351
frictionless,MIX,full_linear,2020_2022,0.0037705080262515622,0.08753176224745855,0.08774991243126967,-0.11641524135970005,0.032388439711269756,1.0113568330451819,0.017665709171249815,12.922494322798268,0.0,-0.074059316260351
frictionless,MIX,full_linear,2023_end,0.08513016972908716,1.122080710973929,0.07525436280896632,-0.10470166160212291,0.813073722292876,1.2775345579752095,0.019772788706406797,14.433253879466445,0.0,-0.04138909404704294
frictionless,MIX,full_linear,2020,-0.02664157452525373,-0.23780801058556902,0.09426017104836336,-0.11641524135970005,-0.22884954078252123,0.973304456758379,0.01845107261443069,13.532106924075398,0.0,-0.074059316260351
frictionless,MIX,full_linear,2021,0.08026061004546592,1.218920451844836,0.06502702663279897,-0.0609511825949165,1.316801522603433,1.0802035283074145,0.015240759690265915,11.127862919467336,0.0,-0.03389481325629495
frictionless,MIX,full_linear,2022,-0.03808085509469339,-0.3371433109535207,0.10002209039641925,-0.08189952486949015,-0.46497040312964705,0.9619447074599768,0.019303143528386593,14.10584295334172,0.0,-0.055177691338779034
frictionless,MIX,full_linear,2023,0.04853357859919005,1.3293893288391718,0.03611045663236635,-0.01401553781395315,3.4628409728860006,1.04849956633188,0.019736115053738488,14.419359038993598,0.0,-0.010992871852285035
frictionless,MIX,full_linear,2024,0.019066684672502054,0.2710084766230906,0.08197892274363645,-0.10470166160212291,0.1821048909897669,1.0191062076350987,0.019445199133587825,14.192204137072487,0.0,-0.04138909404704294
frictionless,MIX,full_linear,2025,0.19633108257058574,1.9389135889417974,0.09466361085493796,-0.037227646225535205,5.273797902267542,1.1955973800580377,0.02013895262639492,14.689561084105938,0.0,-0.031931414095134225
frictionless,BTC,boosted,full,0.009935335065754725,0.14946186475890455,0.10205448762025314,-0.2228965123575425,0.044573757393824597,1.0610980743032616,0.01876962540461723,13.712107603762039,0.0,-0.1445946023412642
frictionless,BTC,boosted,2020_2022,-0.028326094966138582,-0.17034950458578035,0.12237799817363612,-0.2228965123575425,-0.12708182226154097,0.917388046716842,0.01747520915783091,12.767180589424317,0.0,-0.1445946023412642
frictionless,BTC,boosted,2023_end,0.04974040293976878,0.671730187893527,0.07649873213656502,-0.11591212502397863,0.4291216551286505,1.1566512972353744,0.020065223766697424,14.657897565144818,0.0,-0.037743140153260635
frictionless,BTC,boosted,2020,-0.14367682638060097,-0.7681822120380569,0.17938688875671696,-0.2228965123575425,-0.6445898361573855,0.8560504817478546,0.024177319025633214,17.687060648703564,0.0,-0.1445946023412642
frictionless,BTC,boosted,2021,0.05672916823334351,1.1463012227359517,0.04915334802566371,-0.05570222795468205,1.018436251409853,1.0566892588743022,0.009961507456431243,7.265693081268494,0.0,-0.025511720147981642
frictionless,BTC,boosted,2022,0.014169605526485052,0.18945215687260658,0.10153805782407821,-0.07267993567340436,0.19495897176020907,1.0141598386169368,0.01826843904658497,13.33530891485081,0.0,-0.05058966525947883
frictionless,BTC,boosted,2023,0.09818162044581746,1.359868658087782,0.07058795760152206,-0.018094080923407696,5.426173391255438,1.0981112250211558,0.021047006009215753,15.373848663390559,0.0,-0.0036474951752197837
frictionless,BTC,boosted,2024,-0.0581960966862366,-0.6974913794946135,0.08116190657468866,-0.11591212502397863,-0.502070828864518,0.9416879579592707,0.02047283281058197,14.961769062390756,0.0,-0.037743140153260635
frictionless,BTC,boosted,2025,0.11896413223800795,1.4918593681761292,0.07725242236837333,-0.04521743011953805,2.630935281450341,1.118533772358051,0.018670895666200355,13.634438447420337,0.0,-0.02865660366944145
frictionless,ETH,boosted,full,0.0631795631357499,0.7439668577296037,0.08736250427479164,-0.1281064575142694,0.49318015938979903,1.444120045976741,0.01767881280543237,12.904109355926769,0.0,-0.06189458769165335
frictionless,ETH,boosted,2020_2022,0.027960504214968873,0.36913145306848943,0.08435739039739601,-0.1263177510621466,0.22135055429551379,1.0862692446841906,0.016861537168868485,12.320386734618118,0.0,-0.06189458769165335
frictionless,ETH,boosted,2023_end,0.09963909525987136,1.0953491552862462,0.0902740168124785,-0.08822611240271017,1.129360600238922,1.329431034749205,0.018496834812440605,13.48836505725488,0.0,-0.03750528446540835
frictionless,ETH,boosted,2020,0.0728196310052347,1.6580884278345038,0.04291515882098117,-0.045650264460950996,1.5951633986156692,1.0729744858541228,0.01260035783108646,9.213831580006522,0.0,-0.012833520397758647
frictionless,ETH,boosted,2021,0.0963762490689466,1.0775828421333646,0.08899355352848635,-0.07637818966106891,1.2618294502215859,1.0963072039864723,0.019073752870698985,13.92999329419229,0.0,-0.042158232994395806
frictionless,ETH,boosted,2022,-0.07659518914997088,-0.6848970596340475,0.10767719621821835,-0.10622462127500665,-0.7210681311978732,0.9234551776413524,0.018922175268759143,13.825846439668181,0.0,-0.06189458769165335
frictionless,ETH,boosted,2023,0.009275516112761562,0.2996638631333175,0.03255323312027782,-0.02412400938834991,0.3844931397365871,1.009269138034816,0.019206734998424672,14.032525770659355,0.0,-0.020207025592273054
frictionless,ETH,boosted,2024,0.05919855423902032,0.7278516571188461,0.0837021806348075,-0.08822611240271017,0.6709867705471043,1.0593236482794794,0.016226942305037892,11.815152956090815,0.0,-0.03750528446540835
frictionless,ETH,boosted,2025,0.24438600494980567,1.7689840338478073,0.12799455468574664,-0.05572137562142032,4.385857352305911,1.243455226111622,0.020067348795476895,14.625114971082942,0.0,-0.03349175556440509
frictionless,MIX,boosted,full,0.03826045204069506,0.5175900868259555,0.07847475452165376,-0.11448496124406637,0.3341963138645693,1.2526090601400013,0.01819874031632915,13.297705453954224,0.0,-0.07260501765012672
frictionless,MIX,boosted,2020_2022,0.0006090383973829105,0.05071722024920765,0.08568262344265032,-0.11448496124406637,0.005319811360066092,1.0018286457005163,0.017179598514027915,12.566886754294309,0.0,-0.07260501765012672
frictionless,MIX,boosted,2023_end,0.0773649740876079,1.0908729217473123,0.07051513449890827,-0.09386466811918914,0.8242182669774107,1.2503226629780884,0.019218812841737508,14.029191567951727,0.0,-0.03699271288869166
frictionless,MIX,boosted,2020,-0.035416099107095866,-0.34451503270294676,0.09196565922885529,-0.11448496124406637,-0.3093515403441816,0.9645124838009886,0.017905661778238987,13.132431763090194,0.0,-0.07260501765012672
frictionless,MIX,boosted,2021,0.07878179539230534,1.2105254832347496,0.06431164987318999,-0.060965991275697795,1.2922252840282984,1.0787258032432285,0.015054684490102171,10.992072931243444,0.0,-0.03469449835417138
frictionless,MIX,boosted,2022,-0.03713971273774763,-0.3398693823797695,0.09718991247476107,-0.08361244248437893,-0.4441888268565571,0.9628852303185679,0.01857646005932009,13.574606130169025,0.0,-0.05694213106962154
frictionless,MIX,boosted,2023,0.04998113930281023,1.3209434246908602,0.03742047036223718,-0.01411351311818676,3.5413676867175066,1.049946088627328,0.020092842291861195,14.680001157272956,0.0,-0.01096310207092599
frictionless,MIX,boosted,2024,0.002986427525857982,0.07745663250405617,0.07056480711589824,-0.09386466811918914,0.031816311565346644,1.0029925689870998,0.018149173209476076,13.246784693348326,0.0,-0.03699271288869166
frictionless,MIX,boosted,2025,0.18799174453840295,1.9091748333430942,0.09236517521387236,-0.036702642627782334,5.1220220419796485,1.1872915795136554,0.01941789898490382,14.163299853673143,0.0,-0.03131817831420214
base,BTC,fixed_full,full,-0.04406263161954915,-0.23423976791361412,0.14468588546187747,-0.34840197965948616,-0.1264706694910694,0.7631386050385449,0.022820629849383847,16.645723038390983,0.2343442374420544,-0.20443239408462222
base,BTC,fixed_full,2020_2022,-0.08562926079591882,-0.3809723750465616,0.18587830813248404,-0.3125727402362497,-0.2739498675770582,0.7644346227978474,0.023722627737226287,17.30393113788218,0.12699470560821788,-0.20443239408462222
base,BTC,fixed_full,2023_end,-0.0005658381439105353,0.03584258727464137,0.08553634684190044,-0.17107296010787654,-0.0033075837558064385,0.9983046061485821,0.021917808219178082,15.986913835612576,0.14042997089919204,-0.056247316073402165
base,BTC,fixed_full,2020,-0.23690794476521748,-0.9969197726752019,0.23903297827003261,-0.3125727402362497,-0.7579290010579841,0.7626685131882434,0.027322404371584706,19.930538768070935,0.050646139942865244,-0.20443239408462222
base,BTC,fixed_full,2021,0.09105500440277958,1.188486270399493,0.07567194845612779,-0.09122820844808999,0.9981014200732774,1.0909899275472268,0.01643835616438356,11.99029071897773,0.03753223967980605,-0.03874046628148875
base,BTC,fixed_full,2022,-0.08133203052216231,-0.3151020888829325,0.20191238931578903,-0.15137484019094394,-0.537288960434708,0.9187213119430317,0.027397260273972608,19.983767741309702,0.05735607764807659,-0.13562307111548333
base,BTC,fixed_full,2023,0.05220840015166295,0.7740006667563034,0.06863473038783256,-0.026104106809991756,2.000007145683275,1.05217174908466,0.02191780821917809,15.98686832999209,0.04758397962339682,-0.006636552689694097
base,BTC,fixed_full,2024,-0.12087442965775952,-1.1679057758416558,0.1054012874615591,-0.17107296010787654,-0.7065665408579916,0.8788930434385248,0.024590163934426236,17.936162829813245,0.04926187360829627,-0.056247316073402165
base,BTC,fixed_full,2025,0.07982794129661408,1.0217582073383895,0.07803085730314285,-0.05292661511188623,1.5082759614960972,1.0795441571091413,0.019230769230769235,14.027000312739034,0.044351660296629104,-0.03327155672864823
base,ETH,fixed_full,full,0.0596062325930935,0.412825608913323,0.17872853437284908,-0.3327661750475426,0.17912347186302066,1.4152481763609153,0.029666818804199004,21.638956713537905,0.4385406473697776,-0.16735496082707524
base,ETH,fixed_full,2020_2022,0.0037432837138637876,0.12089641359258547,0.2008492314549153,-0.3327661750475426,0.011248991016977556,1.0112745262962668,0.032846715328467155,23.95829770807215,0.244339918519715,-0.16735496082707524
base,ETH,fixed_full,2023_end,0.11863354120744041,0.8035735398674917,0.15347778551865826,-0.1675340186877441,0.7081161314977698,1.3994698171071094,0.026484018264840193,19.317497599373954,0.1920356182225921,-0.07187195461789542
base,ETH,fixed_full,2020,0.11509711000392464,1.294102431334023,0.08698116622459663,-0.08142615407454368,1.4135152434997238,1.1153465842033103,0.024590163934426233,17.93512574845897,0.05668859197535257,-0.021750407586627163
base,ETH,fixed_full,2021,0.1946658218974917,1.0157370003536703,0.19305777987890688,-0.18242257555650931,1.0671147543204695,1.194520388568617,0.038356164383561646,27.978029594648326,0.09028276265627348,-0.0848011865883157
base,ETH,fixed_full,2022,-0.24110157872812288,-0.8550950941480171,0.2760564057620018,-0.3081139495356705,-0.7825078322207234,0.7590417410791207,0.03561643835616438,25.978239622094392,0.06526644088418751,-0.16735496082707524
base,ETH,fixed_full,2023,-0.03916807359051,-1.0287933670799565,0.03809889902910115,-0.04518415070102211,-0.8668542615679613,0.9608582038316836,0.021917808219178086,15.98697786593182,0.046631001341874215,-0.028327434269411866
base,ETH,fixed_full,2024,0.11042233823182235,0.7022783736871542,0.1684832931055236,-0.1675340186877441,0.6591039783844227,1.1106611854984274,0.024590163934426236,17.93635272614883,0.059722712822239385,-0.07187195461789542
base,ETH,fixed_full,2025,0.3125833964807849,1.441608378501015,0.20209358449393364,-0.11590172831441004,2.696969243054174,1.3113621337730559,0.03296703296703297,24.04590069362333,0.08247803160075932,-0.06633374716502172
base,MIX,fixed_full,full,0.01434473072442799,0.17192941054124894,0.14517979713494583,-0.2603721622112657,0.0550931812471899,1.0891933906997302,0.02689195057936101,19.63669915474504,0.33644244240591603,-0.15380757382193955
base,MIX,fixed_full,2020_2022,-0.03886467354398937,-0.1401250670774325,0.17267696756193607,-0.2603721622112657,-0.14926585551205976,0.8878545745470571,0.02903153138819965,21.214210511819314,0.18566731206396644,-0.15380757382193955
base,MIX,fixed_full,2023_end,0.07055253892040447,0.6677519401252437,0.11106312595375588,-0.1527390325760538,0.46191558065076804,1.2267700386128968,0.024750415815445792,18.057747148029595,0.16981962436682624,-0.06156887346739859
base,MIX,fixed_full,2020,-0.06087135046644132,-0.43507715965364624,0.12540545865285926,-0.16412816581018785,-0.3708769312443196,0.9390075486957769,0.02549478971254536,18.662617022663884,0.05366736595910891,-0.10101303712166865
base,MIX,fixed_full,2021,0.15258833237095026,1.1434938372745052,0.13165796967513252,-0.1413973303913426,1.0791457798293258,1.1524763054903995,0.029567773762720236,21.583631588595736,0.06886059039352477,-0.0658103754713123
base,MIX,fixed_full,2022,-0.17968269806127735,-0.7091739093002736,0.23759327306259087,-0.24449809217372265,-0.7349042950143261,0.8204285178107176,0.03204172039255431,23.4033735912919,0.06222540251457151,-0.15380757382193955
base,MIX,fixed_full,2023,0.0001683804027090563,0.023064214300642656,0.03760954250445684,-0.03347095173153258,0.005030642811104386,1.0001682651429087,0.021960142197289676,16.0258360598974,0.047041254109644166,-0.01614205875983976
base,MIX,fixed_full,2024,0.00568657531996819,0.10677480675993181,0.12199498339238693,-0.1527390325760538,0.037230662156621006,1.0056982852717724,0.024594585115559342,17.942990086028264,0.054985219511288985,-0.06156887346739859
base,MIX,fixed_full,2025,0.22044573458461603,1.4529820044846598,0.1439327558441357,-0.07959853872703582,2.769469617282574,1.2196139425389065,0.02770504193298818,20.21062800478986,0.06738849602713594,-0.05365563874675905
base,BTC,fixed_half,full,-0.020608362839969696,-0.2523284411738361,0.07191436412143072,-0.18496784517439147,-0.11141592107828098,0.882573184617701,0.011393268641005278,8.317821422832372,0.13322165431230804,-0.10221619704231122
base,BTC,fixed_half,2020_2022,-0.041090464463517606,-0.4066024215403574,0.09226618416859399,-0.16061720338153485,-0.2558285389013411,0.8816991852675184,0.011824954947426585,8.635999603521178,0.07048417267068016,-0.10221619704231122
base,BTC,fixed_half,2023_end,0.0003305395104122866,0.029016748959979025,0.042777509744040036,-0.08868140566587634,0.0037272696337003895,1.0009912670497902,0.010961188100514182,7.999352668462572,0.0711551997437681,-0.028123658036701027
base,BTC,fixed_half,2020,-0.12283654294449842,-1.0456597255448639,0.11820307543862707,-0.15654532949538935,-0.7846707617560462,0.8769274257198258,0.013501257104977831,9.90483831474896,0.02743503894511854,-0.10221619704231122
base,BTC,fixed_half,2021,0.045045615506113634,1.1793513570217002,0.0379436426922784,-0.04687840989269587,0.9609032304897397,1.0450140997119248,0.008281740788348264,6.021430688908352,0.018450060879884853,-0.01951985584919036
base,BTC,fixed_half,2022,-0.0378934895912868,-0.3326052987489063,0.10059913318401359,-0.0746683938463949,-0.5074903535388736,0.9621319496819479,0.01368727434030283,9.978253536464505,0.02932095661263406,-0.06781153555774166
base,BTC,fixed_half,2023,0.02623663383924879,0.7707906086798402,0.034325976649118344,-0.013148655453339653,1.9953853025013975,1.0262184424582885,0.010975772822847634,8.01220171126626,0.023935623664596405,-0.003328013232636984
base,BTC,fixed_half,2024,-0.06130016583013098,-1.1762961218136545,0.052558011293138356,-0.08868140566587634,-0.6912403493139332,0.9385779084185475,0.012242938977709455,8.942645971128327,0.02570162094602083,-0.028123658036701027
base,BTC,fixed_half,2025,0.03938767711910751,1.0034367951070315,0.03923183953595638,-0.027232850722511137,1.4463295642622163,1.0392502687374159,0.009657769845829622,7.037992093190556,0.021640783341957792,-0.01712151288894781
base,ETH,fixed_half,full,0.0326851018514025,0.40466687248496674,0.0892414362232008,-0.17582388283583072,0.18589682655297202,1.2127976561617313,0.014867478206084448,10.842161216557306,0.20886324225926017,-0.08367748041353751
base,ETH,fixed_half,2020_2022,0.006175503035068086,0.11193193302821212,0.09997137415000863,-0.17582388283583072,0.03512323204029251,1.0186454475969655,0.016421430200024612,11.98921673313513,0.11533848738567351,-0.08367748041353751
base,ETH,fixed_half,2023_end,0.059918318562596884,0.7925177736474468,0.0770441742103869,-0.08672148291632442,0.6909282054183817,1.1905984157910687,0.013312107077903243,9.694058160694933,0.0918128629487484,-0.03593597730894771
base,ETH,fixed_half,2020,0.05727659107346339,1.2962159567466984,0.04366645187813695,-0.04126129760971953,1.388143233284338,1.0573975147133465,0.012317534964775159,9.001809723470036,0.02776385417290434,-0.010875203793313748
base,ETH,fixed_half,2021,0.09733025387700334,1.006269077164302,0.09686357212621412,-0.09506505956924982,1.0238278324130585,1.0972604954920098,0.019241962930615836,14.043781892136789,0.04373698605667133,-0.04325226901947121
base,ETH,fixed_half,2022,-0.12211767748540381,-0.8821836495103735,0.1367361725371442,-0.1609186270052141,-0.7588784453240889,0.8779605859512948,0.01771603625327257,12.93024326053738,0.03561955655745858,-0.08367748041353751
base,ETH,fixed_half,2023,-0.01963674173835417,-1.0300768350659293,0.01906264157569906,-0.02270830916932587,-0.8647381710338549,0.9803765661318407,0.010942990252768237,7.989522666598011,0.02362801601228661,-0.014163717134705878
base,ETH,fixed_half,2024,0.05748368470566234,0.7042796079609256,0.08423998477053071,-0.08672148291632442,0.6628540330788282,1.0576050573653843,0.012382041130974289,9.00106231273782,0.02854283092116213,-0.03593597730894771
base,ETH,fixed_half,2025,0.1488281572622554,1.412467072222863,0.1017477248610042,-0.060697969029115395,2.451946245365574,1.1482828000612142,0.016622908665129273,12.10007996206218,0.0387732818455455,-0.03499248017192913
base,MIX,fixed_half,full,0.007795897672231433,0.14530694756905044,0.07081419553216269,-0.12891398887066519,0.06047363626342196,1.0476854203897161,0.013299563541487277,9.708454056404895,0.1710424482857841,-0.07634104357961957
base,MIX,fixed_half,2020_2022,-0.016889173567361082,-0.15839900558073847,0.08453686239570947,-0.12891398887066519,-0.13101117819188257,0.950172316432242,0.014313883349377547,10.461548169754632,0.09291133002817684,-0.07634104357961957
base,MIX,fixed_half,2023_end,0.03312418740556722,0.6331382402975475,0.05368775388938965,-0.07784781136763352,0.42549927639120666,1.1026267575586937,0.012284317414137744,8.954672185874013,0.0822283673249692,-0.030221030872225385
base,MIX,fixed_half,2020,-0.03277135461430036,-0.49780039545734245,0.06284304518762969,-0.08441835419760013,-0.3882017711171156,0.9671624702165862,0.012802594918424115,9.390361250550749,0.02759944655901144,-0.05080125332929142
base,MIX,fixed_half,2021,0.07362676395638879,1.1605990094542586,0.06287185478168247,-0.07127015472326603,1.033065863856662,1.0735745591754833,0.014306341634064157,10.435897245393699,0.032273142657804024,-0.0324249989192017
base,MIX,fixed_half,2022,-0.08495103127862325,-0.7027643499326762,0.11640938140868859,-0.12075081939980015,-0.7035234352932586,0.9151045733816524,0.01583685401189356,11.561320772002196,0.032840046914154396,-0.07634104357961957
base,MIX,fixed_half,2023,0.0016468600387420373,0.09479005882260605,0.019295617491697135,-0.01657226855912397,0.09937444791379198,1.001645731897441,0.010969165577476512,8.010141407090416,0.023770736133538927,-0.007594591632612779
base,MIX,fixed_half,2024,0.0010233680028293168,0.04672534648893696,0.059419097550881296,-0.07784781136763352,0.013145751753976715,1.001025470451578,0.012319711621347595,8.976008489952081,0.027192261003700015,-0.030221030872225385
base,MIX,fixed_half,2025,0.10004632861430562,1.417049245114722,0.06889652711746294,-0.03887855037867061,2.573303984841797,1.0996874140682085,0.013567493624419464,9.880344292916426,0.03113739219226439,-0.027146407333216382
base,BTC,recent24_raw,full,-0.01967870298066221,-0.19332064950371128,0.08388378348324534,-0.22609034430385966,-0.0870391127991496,0.8876105212263976,0.01623295309145578,11.84391768448962,0.1857371559727674,-0.1298588002897948
base,BTC,recent24_raw,2020_2022,-0.04529286357702189,-0.3918337351676432,0.10378862288675426,-0.20486663727099463,-0.22108462451652947,0.8701552176270855,0.014985368428618742,10.935892898032126,0.08704869271920537,-0.1298588002897948
base,BTC,recent24_raw,2023_end,0.006647007773729063,0.143726972696682,0.05745114272982032,-0.10723064485126499,0.06198794927465783,1.0200599884316188,0.017481677101016863,12.752771717327432,0.11341478078208347,-0.03609868390650317
base,BTC,recent24_raw,2020,-0.1517193829261657,-0.9698787766609365,0.15614945112255108,-0.19964566777446768,-0.7599432765931965,0.8479940550138014,0.020900810053460128,15.28361739700057,0.04185333197556027,-0.1298588002897948
base,BTC,recent24_raw,2021,0.025312445887367696,0.6668185345470077,0.038577415177971065,-0.04660017397481453,0.5431835061613295,1.025294903165087,0.0079864943688276,5.809789852822884,0.017587301999360868,-0.023498843733066543
base,BTC,recent24_raw,2022,0.0008185949504704304,0.050210138159874344,0.08009843820556581,-0.0572687978060068,0.014293908407914401,1.0008180344236541,0.016052594174185374,11.70235987030315,0.034828503978702366,-0.03610935470998611
base,BTC,recent24_raw,2023,0.025994218583162976,0.5892708624923721,0.04520945023070282,-0.02203720387264463,1.1795606526756461,1.0259761974010027,0.018774462592178187,13.697850162027827,0.04067577831998896,-0.006636552689694097
base,BTC,recent24_raw,2024,-0.06058600727179542,-0.8549133113878944,0.07016908562180398,-0.10723064485126499,-0.5650064620597186,0.9392934410292954,0.016680631207040133,12.179610192003315,0.03461294682645267,-0.03609868390650317
base,BTC,recent24_raw,2025,0.05869756712018037,1.080394186687828,0.05409524030007054,-0.0379957777931903,1.5448444677108386,1.0584909222699792,0.016990787246405875,12.381407667747713,0.03862947431172807,-0.02143127683205781
base,ETH,recent24_raw,full,0.010337534817957739,0.18097667463673875,0.0703761899915498,-0.17488253184419478,0.05911130579449518,1.0636354699681423,0.015901121266608607,11.593557273246109,0.2060583721105302,-0.04683091135176998
base,ETH,recent24_raw,2020_2022,-0.013068385758512768,-0.15390543251244954,0.06959951279481882,-0.13056243643042154,-0.10009299853619907,0.9612963036459257,0.015530009856606868,11.334041093034482,0.10338377914523877,-0.04683091135176998
base,ETH,recent24_raw,2023_end,0.03432068654903131,0.5088287206153563,0.07115568206534843,-0.07376215424213817,0.4652885602604174,1.1064595441947223,0.016272571591140025,11.853310454535551,0.10680847577991893,-0.031219145165468976
base,ETH,recent24_raw,2020,0.02749902724656872,0.6640696832842125,0.042150676582870805,-0.061987975522408756,0.4436187343564362,1.0275562643778793,0.012796433953537939,9.344052867214922,0.02821303150754037,-0.020295109694983382
base,ETH,recent24_raw,2021,0.02561359790066864,0.3826567457584963,0.07301442096036509,-0.07383041409658253,0.3469247492931811,1.0255958438717472,0.01609073231480593,11.736136577383322,0.035507480470301195,-0.03580585645179024
base,ETH,recent24_raw,2022,-0.08788822295706122,-1.022572340698409,0.08622540224398365,-0.10281853953461051,-0.8547896454751385,0.9121692105115693,0.017710352550526238,12.927385857041697,0.03670782441417911,-0.04683091135176998
base,ETH,recent24_raw,2023,-0.0412428646334706,-1.1217971228931387,0.03690536994412022,-0.04434713875731944,-0.930000577019493,0.9587847746685969,0.018411625776106035,13.433492810032556,0.03914162902983947,-0.028327434269411866
base,ETH,recent24_raw,2024,0.008303971858605319,0.16670378641745046,0.06044844775515139,-0.07376215424213817,0.1125776754207309,1.0083210938824023,0.012441862785547889,9.047234989488645,0.027839049957252882,-0.02985466533445802
base,ETH,recent24_raw,2025,0.14502995266722385,1.3911402143092135,0.10085129159254831,-0.052640933349229146,2.755079430394401,1.1444993695503904,0.017979397539860158,13.09028040082884,0.0423839071272466,-0.031219145165468976
base,MIX,recent24_raw,full,-0.004105660985062487,-0.033878781001317464,0.06277437399539486,-0.16499312337176597,-0.02488383092070768,0.97562299559727,0.016069348241775444,11.731924272524411,0.19589776404164883,-0.06549454810454769
base,MIX,recent24_raw,2020_2022,-0.02891319948983595,-0.38077878815217947,0.07038499070044883,-0.12586234810065244,-0.22972080154355606,0.9157257606365056,0.01529534601883405,11.17996008312607,0.09521623593222207,-0.06549454810454769
base,MIX,recent24_raw,2023_end,0.021359143448366424,0.41721422367453326,0.054097404488198816,-0.07712440436315371,0.27694403120176037,1.065409577338013,0.016844057316061988,12.284392538808044,0.1099472488787961,-0.029673427202315472
base,MIX,recent24_raw,2020,-0.06210137434545837,-0.7449726655295367,0.08142773590168714,-0.11363025338125421,-0.5465214808339356,0.9377751596958404,0.01657473999864171,12.147100851867135,0.03503318174155032,-0.06549454810454769
base,MIX,recent24_raw,2021,0.025477437794295676,0.5118067225669133,0.05174141052071001,-0.05387868764476356,0.4728667105307977,1.0254597793111109,0.01241946591870674,9.05575973947147,0.027405215950374862,-0.03016149306458704
base,MIX,recent24_raw,2022,-0.047788286174553773,-0.6183765716343547,0.0745997386795829,-0.06665625609686898,-0.7169362483411142,0.9522436293427443,0.016888326950167922,12.334369957303332,0.03585826239038993,-0.04196312102468358
base,MIX,recent24_raw,2023,-0.009297718667348076,-0.2993366391591153,0.029719044990994585,-0.03240516478726119,-0.2869208883333038,0.9907086156173055,0.018612081750901642,13.583394113570195,0.03987053066547467,-0.014878183700581138
base,MIX,recent24_raw,2024,-0.025590797040902058,-0.4457278678792085,0.05475476391112173,-0.07712440436315371,-0.33181192454211156,0.974357334682328,0.014435166919486963,10.528410162571157,0.0311720185952164,-0.029673427202315472
base,MIX,recent24_raw,2025,0.10407749086383067,1.448877964981642,0.0699554418312147,-0.032898867062124304,3.163558510002694,1.1037034445095488,0.01749330172933119,12.747452909452319,0.04060308716646522,-0.02660853118476747
base,BTC,ewma_raw,full,-0.019400098742153427,-0.18935647509146583,0.08427300386017283,-0.22509489460584964,-0.08618631167145657,0.8891247878906259,0.017031141294568394,12.42649633689936,0.19657175731834303,-0.10706119318336615
base,BTC,ewma_raw,2020_2022,-0.04248689364920355,-0.3817238508362339,0.10012363814596843,-0.19599644377863223,-0.21677379869805333,0.8778519457083425,0.015532755839790439,11.336272637273892,0.09129456082103389,-0.10706119318336615
base,BTC,ewma_raw,2023_end,0.004265197277179,0.09782166979815486,0.06465472684749905,-0.12392534025138835,0.03441747481610176,1.012841393400555,0.01853089513788952,13.51771567460668,0.11992591348915962,-0.04163160370339547
base,BTC,ewma_raw,2020,-0.14255111622248406,-1.0181617552697741,0.14076175538511163,-0.19599644377863223,-0.7273148097701615,0.8571781457342046,0.021113211908475663,15.435512110237575,0.04265830812704477,-0.10706119318336615
base,BTC,ewma_raw,2021,0.03322202597648971,0.7910404048080694,0.04242315584199783,-0.05076996505150977,0.6543637747787218,1.0331989133905064,0.008654630207480416,6.29848771643565,0.019135138264474685,-0.02449468986810399
base,BTC,ewma_raw,2022,-0.008794690933771165,-0.050187346732480494,0.09187564894757973,-0.06432623524816461,-0.13672012515332305,0.9912113021738506,0.01681513648267911,12.263587292071836,0.036396496427153,-0.03995238508429122
base,BTC,ewma_raw,2023,0.03586594298802326,0.6744381428144958,0.05433336606215419,-0.023103420158239185,1.5524083768711048,1.035840959325273,0.01982488006720019,14.462900814897045,0.042982288724908294,-0.006636552689693986
base,BTC,ewma_raw,2024,-0.07821525316326494,-1.0199272884413095,0.07687858220967342,-0.12392534025138835,-0.631148181676174,0.9216306048628007,0.018608704516129962,13.58359343082061,0.038242578324858195,-0.04163160370339547
base,BTC,ewma_raw,2025,0.061157139235376246,1.0096940437944733,0.06053541810488545,-0.042871062965679774,1.4265365728005228,1.060941588788086,0.017155118402630197,12.503694149935567,0.03910322941974517,-0.02553417786741674
base,ETH,ewma_raw,full,0.019760229590172873,0.29118483330293754,0.07729470164605963,-0.1674562094981079,0.11800236998912927,1.1245448739514403,0.016292418369174416,11.879997296449073,0.21711524369978302,-0.0510343853418479
base,ETH,ewma_raw,2020_2022,-0.003220111624225419,-0.008036299957913173,0.0724840688024195,-0.12554020147632383,-0.025650043463031354,0.990368552751655,0.01565114564930875,11.42533787421604,0.10626893561245225,-0.0510343853418479
base,ETH,ewma_raw,2023_end,0.043292089201108164,0.557383810205895,0.08184249139910241,-0.08552704830035252,0.5061800922799966,1.1354812012426967,0.016934276726227177,12.33507193276633,0.1119243010890781,-0.035015759318247186
base,ETH,ewma_raw,2020,0.04442825814015694,1.0429890801377897,0.04250619651373273,-0.047634506585150116,0.932690633852546,1.0445214879550262,0.012652978149075518,9.242556657824668,0.028197521116071347,-0.01435170253502871
base,ETH,ewma_raw,2021,0.035265450219226446,0.49637808362871416,0.07551639615651089,-0.07717810437765249,0.4569359471005332,1.0352408919254519,0.01661107410631182,12.117905845582968,0.03680417395206226,-0.03591210853149107
base,ETH,ewma_raw,2022,-0.08417624047348515,-0.9207055015237908,0.09089633044287812,-0.09923368881772143,-0.8482627369431491,0.9158788806964607,0.017697598850073784,12.921531341751155,0.036648029955723416,-0.0510343853418479
base,ETH,ewma_raw,2023,-0.03973111795970263,-1.084671577686946,0.03672374499411367,-0.04284131902920629,-0.9274018368252542,0.9602955293445501,0.018982039406582458,13.849536190956542,0.04039000191674029,-0.02778407336861255
base,ETH,ewma_raw,2024,0.015142578918556637,0.24654428079823348,0.07104934913177965,-0.08552704830035252,0.17705017558163788,1.0151739072323807,0.013900879802484719,10.108984574708394,0.03128930143864942,-0.03435786806061403
base,ETH,ewma_raw,2025,0.16536521001625326,1.3631658182604118,0.11705002005568413,-0.05908182571665699,2.798918415441446,1.1647550306337424,0.01793095226402954,13.05476566576022,0.04255690713712332,-0.035015759318247186
base,MIX,ewma_raw,full,0.0011361672489400565,0.05044769875849298,0.06675216756050115,-0.15197748187919535,0.007475892052502745,1.006834830921033,0.01664907269093207,12.155349600228101,0.206843500509063,-0.053882896759458565
base,MIX,ewma_raw,2020_2022,-0.02245904152087852,-0.28235548595600074,0.0712861124705217,-0.11684275314560866,-0.1922159561996131,0.9341102492299987,0.01562051883533287,11.417965769234199,0.09878174821674307,-0.053882896759458565
base,MIX,ewma_raw,2023_end,0.025323233587940752,0.43438599728439986,0.0618907346736643,-0.08902960190697262,0.2844361094010181,1.0778543879065479,0.017678565865120857,12.893406841113324,0.11568415225226027,-0.03322344813210276
base,MIX,ewma_raw,2020,-0.04905197721799037,-0.6459936350138928,0.07354092171007075,-0.10775371165543957,-0.4552230866519219,0.9508498168446153,0.016593060020247262,12.160593155826447,0.03542791462155806,-0.053882896759458565
base,MIX,ewma_raw,2021,0.03434439033005865,0.6471487321013636,0.05443476214803203,-0.058709124118766165,0.5849923814325921,1.0343204840212772,0.013017904746845466,9.493919813444808,0.02883997656815887,-0.030692155638132657
base,MIX,ewma_raw,2022,-0.0502358704373469,-0.5787053839393809,0.08299470730010046,-0.0714185932406306,-0.7034004473889205,0.9497976362264029,0.01724792724250886,12.597349742851637,0.036534775873406096,-0.04595175503192728
base,MIX,ewma_raw,2023,-0.004209553851275749,-0.1117192637249394,0.03292763774711799,-0.03197767441234767,-0.1316404000176541,0.9957933213624718,0.019413491625694907,14.168290205280163,0.04160808298386282,-0.01473812935734764
base,MIX,ewma_raw,2024,-0.030486930289907788,-0.46681242660537936,0.06213785854106112,-0.08902960190697262,-0.34243588241317424,0.9694514342816847,0.016085706245054267,11.731971138931412,0.03468795218429348,-0.03322344813210276
base,MIX,ewma_raw,2025,0.11693833883845772,1.4060424383128378,0.080886492093017,-0.03869016982140361,3.022430229131918,1.116515682068005,0.017540485420985807,12.782838267150913,0.040952074850664495,-0.030638525140555317
base,BTC,recent24_calibrated,full,-0.02599666458881622,-0.22188157965231117,0.09662463744263665,-0.25756656765294317,-0.10093182832581479,0.8538435940194486,0.01750595634334571,12.77181149289162,0.19469147769723819,-0.15165767705348399
base,BTC,recent24_calibrated,2020_2022,-0.05507388648989031,-0.40230188301236713,0.12132245378265198,-0.23265578852379554,-0.23671831609836552,0.8436779797818421,0.016775410175369657,12.240053054914945,0.09529086448343987,-0.15165767705348399
base,BTC,recent24_calibrated,2023_end,0.004003109162008078,0.0947115603168657,0.06287291385718981,-0.12182691775963472,0.03285898745223316,1.0120491638767615,0.01823716967677197,13.304055555012564,0.11781819082145688,-0.040543257802933996
base,BTC,recent24_calibrated,2020,-0.176445564919968,-0.9824511037510855,0.17970523011176476,-0.23265578852379554,-0.7583974851411079,0.8232262191387276,0.02251951925581701,16.458498288181577,0.044143894484243516,-0.15165767705348399
base,BTC,recent24_calibrated,2021,0.04151969240769171,0.8910648070022797,0.04685408299358781,-0.056361343711921474,0.7366696688409422,1.0414906921630607,0.010074207975773998,7.33506731288104,0.02239526532770896,-0.027021995638457197
base,BTC,recent24_calibrated,2022,-0.01599493461360424,-0.11488093490783584,0.09812938761487437,-0.066620739701574,-0.24008941787877414,0.9840159253560572,0.017716766009366055,12.915036179481493,0.0381517030073363,-0.049656748511519244
base,BTC,recent24_calibrated,2023,0.030550146748747453,0.6418799062714275,0.04864356219659994,-0.0226117457777808,1.3510742181953612,1.0305289203269465,0.019041201456732333,13.892167524266512,0.041274160060761,-0.006636552689693986
base,BTC,recent24_calibrated,2024,-0.07619751921894846,-0.9915930128559247,0.07687381837686397,-0.12182691775963472,-0.6254571700589737,0.9236521484370485,0.01821646485342467,13.298744854856356,0.03750568231169269,-0.040543257802933996
base,BTC,recent24_calibrated,2025,0.06346803555206937,1.058722438329628,0.0597424984038682,-0.041272360228738036,1.5377854622396039,1.0632441001185873,0.017451747604408173,12.719667773362781,0.03981019116261839,-0.02443744281692728
base,ETH,recent24_calibrated,full,0.021257210558939477,0.3010820180799293,0.08049689123389375,-0.17621720304594346,0.12063073406855336,1.1344838293378776,0.016867158796380108,12.299303969482766,0.2267760391208677,-0.05350251682986351
base,ETH,recent24_calibrated,2020_2022,-0.003108072618835611,0.002859705897755856,0.08157000888125157,-0.14831701177350642,-0.02095560436170276,0.9907026216001589,0.016888229680557452,12.32780694318105,0.11546525984252912,-0.05350251682986351
base,ETH,recent24_calibrated,2023_end,0.04624108351058975,0.6076247703149087,0.0794256414531304,-0.08503611564838653,0.5437816997873083,1.1451305412975357,0.016846068669386163,12.270774965671514,0.11235538985306419,-0.036003560205165486
base,ETH,recent24_calibrated,2020,0.04563581360115454,0.9928199804594038,0.04596974265523766,-0.05532268932993878,0.8249022987473961,1.0457316324445096,0.0137462425213581,10.040745218264801,0.03066771117137817,-0.01677195907605422
base,ETH,recent24_calibrated,2021,0.055783606668516006,0.6686486424746257,0.08674892965367613,-0.08972609637078222,0.621709947549674,1.0557443799081212,0.018774281302195033,13.699805074209173,0.04193031181234225,-0.04248842908680395
base,ETH,recent24_calibrated,2022,-0.10271156023463579,-1.0142255890190466,0.10162318580216781,-0.12463279106923997,-0.8241134564464194,0.8973550036606839,0.018152773402117028,13.249136459603195,0.03709126546194506,-0.05350251682986351
base,ETH,recent24_calibrated,2023,-0.0358578568808714,-1.072647509399196,0.03349347305722308,-0.03898325083459375,-0.9198272620468871,0.9641662413935024,0.01770204323372428,12.917428444042319,0.03778656794651595,-0.023902229621381
base,ETH,recent24_calibrated,2024,0.022482569314433265,0.3389806113040109,0.07339172609190596,-0.08503611564838653,0.2643884794479068,1.0225292509329156,0.013741808300585651,9.992422183367184,0.03110857230659015,-0.034865345404425985
base,ETH,recent24_calibrated,2025,0.16211911325263717,1.4016071944952455,0.1114370995413851,-0.061374310151265155,2.64148163707377,1.1615217214286397,0.019109059271027854,13.913216170940855,0.045213024526977764,-0.036003560205165486
base,MIX,recent24_calibrated,full,-0.0009753110394999931,0.023721625847548205,0.07333160136480998,-0.1657560501309261,-0.0058840147236231925,0.9941637116786631,0.0171706377639356,12.536185123966792,0.21073375840905295,-0.0762279166041342
base,MIX,recent24_calibrated,2020_2022,-0.02839589989804614,-0.30063838404919013,0.08383164652053653,-0.13649521890898764,-0.2080358574096282,0.9171903006910005,0.016861479537936118,12.324676025025077,0.10537806216298448,-0.0762279166041342
base,MIX,recent24_calibrated,2023_end,0.027245249709470842,0.4702402482695391,0.06104689154549265,-0.08844360718219602,0.30805222194686105,1.0839230538413585,0.01748007832621454,12.747887381902974,0.11486787002293274,-0.03414209749755781
base,MIX,recent24_calibrated,2020,-0.06539129862170223,-0.6820876592660783,0.09258095806671088,-0.12376533229436126,-0.5283490732782645,0.9344789257916186,0.017738219331102412,13.000285884108223,0.03740580282781084,-0.0762279166041342
base,MIX,recent24_calibrated,2021,0.0495007154979501,0.8088686473890775,0.06207723363962638,-0.06925378364084567,0.7147727228112737,1.0494660096060782,0.014939493467700456,10.898340863763764,0.0333256434702388,-0.035575749960510716
base,MIX,recent24_calibrated,2022,-0.06480613768776455,-0.6719950529288838,0.09310942276294414,-0.0898093681298604,-0.7215966333718964,0.9352367512681549,0.017904323788174886,13.07355034128795,0.037554810352330666,-0.04880924332757253
base,MIX,recent24_calibrated,2023,-0.00531551466311142,-0.1656074234166115,0.029546710040415095,-0.029829582469128257,-0.1781960799690255,0.9946881139281867,0.018349546733269478,13.392585925515862,0.03939059966546924,-0.012921501117025058
base,MIX,recent24_calibrated,2024,-0.02453567295171666,-0.3617357494553799,0.0631181547601459,-0.08844360718219602,-0.2774160138128759,0.9754145702456009,0.01576027723711559,11.493208864299879,0.034156778489863274,-0.03414209749755781
base,MIX,recent24_calibrated,2025,0.11760295531777132,1.436802866873353,0.07949653637130566,-0.0400905227543078,2.9334353168326963,1.1171777727128491,0.01833747181532214,13.362990044056897,0.0427752064109566,-0.030829823221947827
base,BTC,ewma_calibrated,full,-0.026554347293196057,-0.21481004350315686,0.10077388873697538,-0.2664000966259189,-0.09967844467595625,0.8509151579214791,0.018874662221895554,13.76970499868702,0.20943620830989296,-0.13981902840799276
base,BTC,ewma_calibrated,2020_2022,-0.05574290629098466,-0.40348805422828443,0.12255150770500545,-0.23158563265386434,-0.2407010558133366,0.8418868356409149,0.01789078174146203,13.053749123657813,0.10159540977566656,-0.13981902840799276
base,BTC,ewma_calibrated,2023_end,0.003564379677220675,0.08493502699467377,0.07274939021373171,-0.1411043619527419,0.025260591720151375,1.0107239143057642,0.01985944122331577,14.486314714697992,0.12809417366899312,-0.047513663015889884
base,BTC,ewma_calibrated,2020,-0.1785870632202492,-1.0310242205554954,0.17484077335363699,-0.23158563265386434,-0.7711491476121553,0.8210811844592397,0.02382742037197926,17.406462488708097,0.046660456303446333,-0.13981902840799276
base,BTC,ewma_calibrated,2021,0.046767887880776016,0.9049802393976218,0.05196158125975121,-0.06223811753029784,0.7514348077447741,1.0467351403816423,0.010899328422268493,7.94067015139059,0.024286665528688266,-0.029394476413974302
base,BTC,ewma_calibrated,2022,-0.020454371239996827,-0.13602031439336776,0.10840246663351913,-0.07441241649974617,-0.27487847058516907,0.9795594849425571,0.018929331666767062,13.80218948877872,0.04071609165754825,-0.054783741072100045
base,BTC,ewma_calibrated,2023,0.041023488777972794,0.7079109341451725,0.0591426734125171,-0.0240200097812574,1.7078880962814202,1.040994841892275,0.02048053932809552,14.940301714107575,0.04441931507294201,-0.006636552689694097
base,BTC,ewma_calibrated,2024,-0.09207775127056195,-1.0576761705979802,0.08760249473068835,-0.1411043619527419,-0.6525507078328326,0.9077421800552082,0.020874979815608104,15.233815761144045,0.042493596844121476,-0.047513663015889884
base,BTC,ewma_calibrated,2025,0.06984730248666504,1.0193441984435558,0.0684452204250739,-0.04791753657571396,1.4576563713015611,1.0696001313996422,0.018215518330393796,13.27947230320416,0.04173663984641358,-0.028943820656221142
base,ETH,ewma_calibrated,full,0.02711151311655513,0.34541389197643046,0.08863812306676329,-0.18199695508811975,0.14896685004113508,1.1740583468635573,0.017971772826575114,13.1050371956446,0.24476031111678626,-0.058252033813461335
base,ETH,ewma_calibrated,2020_2022,0.0009522390129899083,0.05431408040143317,0.08596356184857497,-0.15009291381006995,0.006344330247295267,1.0028600915048211,0.017807487477550912,12.998814834315741,0.12293231927821052,-0.058252033813461335
base,ETH,ewma_calibrated,2023_end,0.05397927579750217,0.6201071986342168,0.09125574267543211,-0.0972303745262415,0.5551688560341163,1.1707100091118872,0.01813620820788153,13.211356563696132,0.12148054635993068,-0.03994641253246445
base,ETH,ewma_calibrated,2020,0.05685452481762243,1.1429817378241636,0.049400462152282436,-0.05258028558842898,1.0812897682346188,1.056974533593063,0.01437819280890898,10.502061992268652,0.03225028228209757,-0.015313164417225633
base,ETH,ewma_calibrated,2021,0.05748923682984963,0.6599099304942225,0.09090058386540631,-0.09372496234236938,0.6133823411936545,1.0574487783595239,0.019732375770406808,14.397956695035951,0.044091142108420314,-0.04352890320178626
base,ETH,ewma_calibrated,2022,-0.10281038789068686,-0.9577467829850425,0.10711059958598058,-0.12448235742310321,-0.8259032847622296,0.8972562363184016,0.01932128918119624,14.103266234387954,0.03943720448126007,-0.058252033813461335
base,ETH,ewma_calibrated,2023,-0.03758914935399704,-1.0603909886701928,0.03550751609436333,-0.04070775099140467,-0.9233904708205052,0.9624360896183966,0.018861617307654215,13.762380159712531,0.040196955727280693,-0.026198845988828712
base,ETH,ewma_calibrated,2024,0.025814862484887735,0.347878768664424,0.08297717046351216,-0.0972303745262415,0.2655020368960994,1.025868550204522,0.01537670050163491,11.183864030426665,0.03491915745972657,-0.03954271063782455
base,ETH,ewma_calibrated,2025,0.18642362845194826,1.3789834116192887,0.12977828722755397,-0.06785214544763918,2.747497919513975,1.1857297475182769,0.020183476062467346,14.697451768725353,0.048287798882763404,-0.03994641253246445
base,MIX,ewma_calibrated,full,0.0020708525541066614,0.06586437814352585,0.07881800344673641,-0.16796404248880703,0.012329142139125766,1.012486752392518,0.018395972221072927,13.431111091525354,0.22709825971333963,-0.07015592238335311
base,MIX,ewma_calibrated,2020_2022,-0.026569533002135604,-0.26676819252305095,0.08657833721919138,-0.1369730694348682,-0.19397632769534767,0.922373463572868,0.017872406935719447,13.063401220441678,0.11226386452693854,-0.07015592238335311
base,MIX,ewma_calibrated,2023_end,0.031581216686017655,0.47723645237844103,0.07020582228734382,-0.10143553371179537,0.31134273691257025,1.0976971827339774,0.018920015648239513,13.799156770710475,0.12449880630952163,-0.03842369743314633
base,MIX,ewma_calibrated,2020,-0.0608510791420539,-0.6488480568509589,0.0902397664866835,-0.12610887368131918,-0.4825281311751809,0.9390278590261514,0.018658765305435168,13.672199203285716,0.03945536929277195,-0.07015592238335311
base,MIX,ewma_calibrated,2021,0.052801881133303974,0.8094113931335605,0.06624246690301959,-0.07398614856843344,0.7136725205322035,1.0527648030779653,0.015865489481906768,11.575303220483859,0.035432675306090435,-0.037248928037137086
base,MIX,ewma_calibrated,2022,-0.06701137786727007,-0.643499241828564,0.09985623479905545,-0.09227162580768067,-0.7262403504945294,0.9330329176480265,0.01909081161332404,13.941033297876443,0.039993128332717585,-0.05335196625416183
base,MIX,ewma_calibrated,2023,-0.0017132378553453842,-0.03356842281914833,0.03400814786054006,-0.03132667512637011,-0.05468942517628429,0.9982879337876588,0.019641254456977092,14.334835885955012,0.042123913130569436,-0.014254713711031264
base,MIX,ewma_calibrated,2024,-0.030285774177840286,-0.3927041015597758,0.07170580608093545,-0.10143553371179537,-0.2985716451582935,0.9696529906737738,0.01783542957104253,13.007684566081641,0.03852378314649976,-0.03842369743314633
base,MIX,ewma_calibrated,2025,0.1344828162230438,1.4139856555931203,0.09211486088383734,-0.045492224542704296,2.9561714683088884,1.1339930332023058,0.019287340755560607,14.05782696255084,0.04536920279306415,-0.035083440694434365
base,BTC,full_linear,full,-0.03072151121012978,-0.24209878092352727,0.10511621558391283,-0.28896426008175213,-0.10631595478775896,0.8292968163455477,0.01931841457703022,14.09419226745652,0.20994814140487505,-0.14938996331420495
base,BTC,full_linear,2020_2022,-0.06436832506196777,-0.45514409577114223,0.12729282515760001,-0.2425190739370866,-0.2654155156417345,0.8190208738009117,0.01814231639104001,13.237917404588076,0.10163061260868131,-0.14938996331420495
base,BTC,full_linear,2023_end,0.004167694828137503,0.09207284571947644,0.07677868456668165,-0.1482681145231285,0.028109178035628016,1.0125466186190681,0.02049558682529074,14.9512491165011,0.1322524642058435,-0.04433574239279159
base,BTC,full_linear,2020,-0.18605285010506445,-1.0217377150328437,0.18360172825166313,-0.23800484088115947,-0.7817187642749011,0.8136031588850585,0.024389872471585677,17.81596548541733,0.04740920865000479,-0.14938996331420495
base,BTC,full_linear,2021,0.03910310799104488,0.7665269027266236,0.051751381250590416,-0.06218280969679002,0.6288411247693018,1.0390758271309803,0.010799934936739117,7.871930228738747,0.02394242322197217,-0.029788201477263687
base,BTC,full_linear,2022,-0.031218861627060668,-0.2312547816916775,0.11039999412721783,-0.0808875168857004,-0.3859540115587311,0.9688021696766633,0.019220025172793753,14.013313902126432,0.04109529553863611,-0.05941562146116064
base,BTC,full_linear,2023,0.04697271098405742,0.7401297794105951,0.0647036389738936,-0.024991577415419797,1.8795416633075457,1.0469398168740638,0.02118501046409469,15.453015521970471,0.045968852185282204,-0.006636552689694097
base,BTC,full_linear,2024,-0.10040611275281486,-1.1580260295763933,0.08793594051690619,-0.1482681145231285,-0.6771928885434934,0.8993984511961467,0.02147597207186058,15.671668096113553,0.043486602629058235,-0.04433574239279159
base,BTC,full_linear,2025,0.07559677089312578,0.9981299946343981,0.07577863695066506,-0.051999531440700464,1.4537971554481268,1.075328546962021,0.01881849718680723,13.723726906241543,0.04328277564578249,-0.03247004859456637
base,ETH,full_linear,full,0.029852875826881453,0.3690824550508626,0.0906424347486082,-0.18470821753902344,0.1616218066777371,1.192981278225469,0.018161703912452705,13.24389849657562,0.24590834541430232,-0.06049687208082799
base,ETH,full_linear,2020_2022,-0.005948022636543704,-0.02910464879157056,0.08364951572458085,-0.1568660254522547,-0.037917851360070975,0.9822578476589834,0.017192558918600158,12.550592254689844,0.11756090814665496,-0.06049687208082799
base,ETH,full_linear,2023_end,0.06697762356133041,0.7141813866811697,0.09714119021044192,-0.11907232828991876,0.5624952877233783,1.2145296482677161,0.019131733970226574,13.937837894846677,0.13066572852895805,-0.04780134988487006
base,ETH,full_linear,2020,0.05636398622853234,1.1644273716754079,0.04803667971251052,-0.04891767668686675,1.1522212428307075,1.0564829321557787,0.013439771956048981,9.818024066626277,0.03013090500133473,-0.015214091444385347
base,ETH,full_linear,2021,0.04900248645652905,0.5926976262517669,0.08704291998400018,-0.08964212619395373,0.5466457405361522,1.0489681379675864,0.018705354332655518,13.648176559538513,0.04143168366340625,-0.04313429305696792
base,ETH,full_linear,2022,-0.1137324765756802,-1.0910908596139022,0.10538906304198109,-0.13430792574986772,-0.8468039093053465,0.8863407672280555,0.019442832075212566,14.193062626091228,0.03939493718205382,-0.06049687208082799
base,ETH,full_linear,2023,-0.03181185205983805,-0.9685313904836156,0.03279817573552764,-0.0358228990491839,-0.8880312008294252,0.9682095721351154,0.018427131038756237,13.44600480029566,0.03943078119952985,-0.022513986555681043
base,ETH,full_linear,2024,0.04689781703748208,0.4829555680660934,0.10625448319474387,-0.11907232828991876,0.39385991448235314,1.0469963447137627,0.017796746022788162,12.950203533620467,0.04102600226757957,-0.04780134988487006
base,ETH,full_linear,2025,0.19884527434362886,1.4966419460689082,0.12625348019662277,-0.06278870600033148,3.166895561481695,1.198101421818685,0.021180595670086826,15.424083102868408,0.05081639082497634,-0.03519300329600372
base,MIX,full_linear,full,0.001848371626050671,0.06364075362017864,0.08123349052809797,-0.18345890205847315,0.010075126392403388,1.0111390472855084,0.018703641014092047,13.655657695577515,0.22792824340958867,-0.07498698270843063
base,MIX,full_linear,2020_2022,-0.034274357123674215,-0.3524622320049188,0.08772823046279439,-0.14616791159930076,-0.2344861929589078,0.9006393607299475,0.01764862163619563,12.90097754764639,0.10959576037766813,-0.07498698270843063
base,MIX,full_linear,2023_end,0.03935711763544636,0.5568304022032485,0.07415789145942123,-0.11657360169976516,0.33761603880791513,1.122690270238693,0.019759623880004806,14.411027049123188,0.13138719912931052,-0.04348626066233019
base,MIX,full_linear,2020,-0.06482825704264883,-0.6622537425101092,0.09422239153235525,-0.12687560580427326,-0.5109591921291569,0.9350430455204186,0.018407330064115608,13.48907401841661,0.03877005682566976,-0.07498698270843063
base,MIX,full_linear,2021,0.04469563641849983,0.7074932578806364,0.06472497865057728,-0.07006254373562526,0.6379391046256444,1.0446643706790675,0.015251837550211285,11.129071212442936,0.033822773244851875,-0.0372211614948621
base,MIX,full_linear,2022,-0.07802660975857412,-0.759328827360439,0.10018028269634524,-0.1026015904062767,-0.760481484249983,0.9220246580045651,0.01928461864103282,14.083176188872036,0.04013074084383392,-0.05686119118453625
base,MIX,full_linear,2023,0.004010065977699817,0.13095356046702625,0.035208534483808986,-0.028637549273802132,0.140028252395475,1.0040073157449394,0.01972464101451559,14.396443151754879,0.04240356744739233,-0.01229315683947263
base,MIX,full_linear,2024,-0.022937924147611533,-0.24141692944295218,0.08211530467941329,-0.11657360169976516,-0.1967677399784564,0.9770155208730156,0.019419817102695542,14.161339694485171,0.042192650627764776,-0.04348626066233019
base,MIX,full_linear,2025,0.14504598707204663,1.5125031544307026,0.09225106962796198,-0.04474012627484991,3.2419664213952473,1.144515341675488,0.020136376699781605,14.676710275323588,0.04752823041306451,-0.03400451833008056
base,BTC,boosted,full,-0.030740112581605805,-0.2537336231863478,0.10179572217336623,-0.2842569404439539,-0.1081419948219936,0.8292013527666603,0.01876224435803341,13.688898045963423,0.20368722152578372,-0.1463026533403966
base,BTC,boosted,2020_2022,-0.06479758879280462,-0.48027471889883044,0.12281924359603782,-0.24693788786673254,-0.26240440198376763,0.8178938444044748,0.01746485633074964,12.744293405171586,0.09754340149971238,-0.1463026533403966
base,BTC,boosted,2023_end,0.00459045828069482,0.09799912962779327,0.07509519888694884,-0.14272352624250217,0.03216329081510467,1.013825154009343,0.020060817214565842,14.634365339395254,0.12977701293663216,-0.039743672828568166
base,BTC,boosted,2020,-0.18781881069652295,-1.0523589472833295,0.18085979242721295,-0.2397829535868944,-0.7832867511512228,0.8118343238983803,0.024169884422012025,17.657824900411836,0.04689162083622077,-0.1463026533403966
base,BTC,boosted,2021,0.033877851764885225,0.7085018005095427,0.04866268481327389,-0.05940956532958763,0.5702423772491919,1.0338542754878752,0.009952098273877488,7.2514183208070655,0.022041494279277343,-0.029365419592958908
base,BTC,boosted,2022,-0.025543379003884703,-0.20611326030916785,0.10066926204895382,-0.08115379396862632,-0.3147527398874248,0.9744738794194294,0.018254216356383343,13.310175264171912,0.039028978245553306,-0.052620651549605046
base,BTC,boosted,2023,0.04867310753908938,0.7360378419899233,0.06750220070576787,-0.025168975934435567,1.9338533147268833,1.048638995240142,0.021044815627269453,15.350066224737525,0.045667596235035135,-0.006636552689693875
base,BTC,boosted,2024,-0.09948506192077511,-1.2168467608576918,0.08318068757496208,-0.14272352624250217,-0.6970473932359238,0.9003211937642022,0.020463301020618118,14.935888362619261,0.04158919387918208,-0.039743672828568166
base,BTC,boosted,2025,0.0741027627099844,1.0064442271889174,0.07361766153341766,-0.050757668966446845,1.459932345572641,1.0738400194927298,0.018669420253983562,13.613518499697685,0.04289466715078117,-0.03139677497381643
base,ETH,boosted,full,0.0227629288337734,0.3029913458533325,0.08645375539040437,-0.1871875490123902,0.12160493020968338,1.144554527749759,0.017660561284102278,12.878186178935152,0.2351035129596108,-0.06336003618556652
base,ETH,boosted,2020_2022,-0.009341544509560484,-0.06896125830233321,0.08416271451680984,-0.1557092039485466,-0.05999352814524282,0.9722300990308559,0.016839203868380996,12.293821119008216,0.114427359204023,-0.06336003618556652
base,ETH,boosted,2023_end,0.055938573492235966,0.6564408758150679,0.08869445947507751,-0.097062061896105,0.5763175889681025,1.177246547798387,0.018482668797920113,13.46308490558348,0.12412303823537342,-0.03901683159840119
base,ETH,boosted,2020,0.04348198902055933,1.0512592778688647,0.041262882533557456,-0.04860838511283805,0.8945367948270971,1.043573192018876,0.012583817386309018,9.194063030378521,0.028107819679752354,-0.014835212641254425
base,ETH,boosted,2021,0.05137370828881327,0.6087305975664701,0.08869825419229385,-0.0920231596967801,0.558269336307204,1.0513376573652695,0.019046481547562593,13.899261231109172,0.042406036298254075,-0.044906662157595534
base,ETH,boosted,2022,-0.11393012527999458,-1.0631174700348622,0.10809527430312993,-0.12983460283488613,-0.8775020125018778,0.8861432374687285,0.018898971264372948,13.796631583451008,0.038340993853209854,-0.06336003618556652
base,ETH,boosted,2023,-0.032315041115267285,-0.9729025042958348,0.03317210974646533,-0.03674082060671702,-0.8795405377897139,0.9677067162773555,0.01920046808520229,14.009250990086914,0.04107600218636682,-0.0225249412081171
base,ETH,boosted,2024,0.02221406907133394,0.30441758634250793,0.08339526590518051,-0.097062061896105,0.2288645907307412,1.0222601871435661,0.016213131015524546,11.792496121108094,0.03675796060916165,-0.03901683159840119
base,ETH,boosted,2025,0.19075306720179586,1.4596380882025388,0.12467698772299138,-0.06147718988367856,3.1028267160994365,1.1900418192677977,0.020044905304784904,14.595186208534678,0.047992119615023116,-0.034923429654583615
base,MIX,boosted,full,-0.002199565564543704,0.011205949311244422,0.0781165688974669,-0.1863662938959253,-0.011802378630612427,0.9868779402582097,0.018183464912332248,13.276143745228731,0.21939536724269726,-0.07350692984833407
base,MIX,boosted,2020_2022,-0.03627151410038543,-0.3862731369216227,0.08583978671839457,-0.14709894126062628,-0.2465790289824075,0.8950619717176653,0.017162362939918453,12.54572645437219,0.10598538035186769,-0.07350692984833407
base,MIX,boosted,2023_end,0.03310975238000036,0.5025311737421402,0.06952688007917406,-0.10532820511020369,0.3143483964751702,1.1025805714484165,0.019205499397962858,14.00722808383948,0.12670629573636177,-0.038902838122547134
base,MIX,boosted,2020,-0.0721535722413692,-0.7646363771213007,0.09214344713325306,-0.1283988570561767,-0.5619487111929725,0.9277037579586281,0.01785741751723557,13.086857901844391,0.03749972025798656,-0.07350692984833407
base,MIX,boosted,2021,0.04371836433138521,0.6974796890668074,0.06427592783783338,-0.06923492825599054,0.6314495505756877,1.0436877964133617,0.015069554696565107,10.996273175380582,0.03349552253799106,-0.037997044169461036
base,MIX,boosted,2022,-0.07562155480250121,-0.7567753259145866,0.09744707985264958,-0.09603957670560481,-0.7873999177891835,0.9244281982916366,0.01855821234683874,13.552565733980714,0.0386391854538363,-0.05867451383521749
base,MIX,boosted,2023,0.004687267055323074,0.14594898522050698,0.0365208353407678,-0.02896423917412283,0.1618294555277241,1.0046840512937563,0.020085751592401703,14.659590744681381,0.04317386614834656,-0.012245301765133498
base,MIX,boosted,2024,-0.035818031592607213,-0.47711646074738945,0.07108848218722434,-0.10532820511020369,-0.3400611598301824,0.9641097559843105,0.018124098648328243,13.217266212017687,0.039061885628524425,-0.038902838122547134
base,MIX,boosted,2025,0.13880018993818255,1.4867232939458246,0.0900404664523959,-0.04317133172206089,3.215100957083855,1.1382937460072176,0.019410171440259805,14.147375539552339,0.04572207436553023,-0.033354188766776205
cost_stress,BTC,fixed_full,full,-0.11315245816215846,-0.7440756571955609,0.14590782133823949,-0.5509955051524178,-0.20536003851947565,0.4865922531206742,0.022820629849383843,16.60860505463882,0.4749896446494233,-0.2079857977834999
cost_stress,BTC,fixed_full,2020_2022,-0.1542264749487794,-0.7922902949823597,0.187190895494517,-0.4376236321786693,-0.35241806796624986,0.6049402305554061,0.023722627737226276,17.26534604550215,0.2838380852113557,-0.2079857977834999
cost_stress,BTC,fixed_full,2023_end,-0.07004345606380402,-0.7923871077568018,0.08680995763183795,-0.2300282265314938,-0.3044993960956969,0.8043641810264882,0.021917808219178082,15.95126430031351,0.3159842076672072,-0.0604625886070691
cost_stress,BTC,fixed_full,2020,-0.30245957284149194,-1.3452591798907685,0.24291997072609842,-0.3347474221785155,-0.9035456371048469,0.6970247032417415,0.0273224043715847,19.88609860282449,0.12134980525337871,-0.2079857977834999
cost_stress,BTC,fixed_full,2021,0.03366067523304661,0.4831610117715835,0.07419264257268318,-0.10744022898088879,0.3132967562739846,1.033637252538715,0.01643835616438356,11.963553567503428,0.09131403925695149,-0.047353238397804476
cost_stress,BTC,fixed_full,2022,-0.16045466000955566,-0.762236968456876,0.20137605359691116,-0.2031904129635128,-0.7896763320145854,0.8396458471085427,0.0273972602739726,19.939205822185873,0.13718828392524293,-0.13948381174077396
cost_stress,BTC,fixed_full,2023,-0.020937922025351052,-0.2816750681373486,0.06728703721120619,-0.08129498687495318,-0.2575548976661682,0.9790762582126311,0.021917808219178082,15.951218794693023,0.11477036545163719,-0.011120138961405734
cost_stress,BTC,fixed_full,2024,-0.18914328422784865,-1.8243284851805828,0.1113549143945777,-0.22431527747729052,-0.8432028631977478,0.810507699747382,0.02459016393442623,17.896166681091447,0.11845010509513376,-0.0604625886070691
cost_stress,BTC,fixed_full,2025,0.013676194676386366,0.21784566831766078,0.07501222892014281,-0.06141228100683449,0.22269478436836374,1.0136290729435058,0.019230769230769232,13.995721273354036,0.10741891563736053,-0.037634924827666394
cost_stress,ETH,fixed_full,full,-0.03885283301961073,-0.13456512350131258,0.17702878600583954,-0.4582455462818097,-0.08478605702741997,0.7884295633573642,0.029666818804198997,21.590703334660095,0.8275647600648863,-0.17107397092759935
cost_stress,ETH,fixed_full,2020_2022,-0.09899297840716204,-0.4178148142475661,0.2000018861023635,-0.3904357763312861,-0.2535448450378844,0.7313976145209125,0.032846715328467155,23.90487219554595,0.5209589230089877,-0.17107397092759935
cost_stress,ETH,fixed_full,2023_end,0.02536203214177002,0.2388830103140531,0.15059467270997948,-0.18971051885233603,0.13368806482212475,1.0779766678263087,0.026484018264840183,19.27442107755425,0.4192054102565465,-0.076017439684118
cost_stress,ETH,fixed_full,2020,0.02850378931965669,0.37924046368136294,0.08294404840996374,-0.09812622759194467,0.2904808430849798,1.0285631467134886,0.02459016393442623,17.895129599737174,0.1361193010882401,-0.02611976060485066
cost_stress,ETH,fixed_full,2021,0.053140349664517084,0.3655540289331826,0.19118739042506863,-0.22540212205316879,0.2357579830237007,1.0531030279907059,0.038356164383561646,27.915642907874958,0.2115631423555511,-0.09300126007996179
cost_stress,ETH,fixed_full,2022,-0.32495161187090027,-1.273254657496142,0.27673288506701743,-0.35618000959686924,-0.9123241145360352,0.6752299829647259,0.03561643835616438,25.92030912723341,0.15439087947762378,-0.17107397092759935
cost_stress,ETH,fixed_full,2023,-0.10596218171298843,-2.428419439014861,0.04565114499328802,-0.10589363789814266,-1.000647289263135,0.8941063621018573,0.021917808219178082,15.951328330632755,0.11250019544785977,-0.03266741098979664
cost_stress,ETH,fixed_full,2024,0.024192038855347153,0.22438597317397185,0.1657651391725609,-0.18971051885233603,0.1275208090816376,1.0242423118234603,0.02459016393442623,17.896356577427028,0.143364259196965,-0.076017439684118
cost_stress,ETH,fixed_full,2025,0.1777704529377453,0.92734357910373,0.1962433018631069,-0.13167358596538536,1.3500843896244914,1.1771111215559753,0.03296703296703297,23.992279483249053,0.19493984693546806,-0.07054788772445741
cost_stress,MIX,fixed_full,full,-0.07230083183648184,-0.4486584740782992,0.14354475653320592,-0.46690353752451075,-0.15485175421847452,0.6375109082390192,0.02678074920371156,19.524249062756144,0.6512772023571547,-0.15702789690625074
cost_stress,MIX,fixed_full,2020_2022,-0.125737054065854,-0.690900764594419,0.17198627085661933,-0.38109191328817993,-0.3299389194091144,0.6681689225381593,0.02893154202417491,21.107343344794675,0.4023985041101717,-0.15702789690625074
cost_stress,MIX,fixed_full,2023_end,-0.015545174400641515,-0.09209738637563196,0.10782060118218688,-0.17772194420331866,-0.08746907687920305,0.9541163719756972,0.024627992188891633,17.939709032514845,0.37247870987709636,-0.0651532911398941
cost_stress,MIX,fixed_full,2020,-0.13694511217410976,-1.0935835438679982,0.12685413044118204,-0.2108160317358153,-0.6495953417134941,0.8627939249776151,0.025491827101879628,18.6308325559257,0.12873455317080942,-0.10370473354993892
cost_stress,MIX,fixed_full,2021,0.045271804478562494,0.4062135790808443,0.12971226703681574,-0.16513660078957337,0.27414761029416157,1.04524012703313,0.029425573622209922,21.44517281662914,0.16299036444420828,-0.07388126045528842
cost_stress,MIX,fixed_full,2022,-0.2592461519632633,-1.1438699120653895,0.23637924997609233,-0.290644681851013,-0.8919693638026212,0.740906013235141,0.03188664922493461,23.252809622894578,0.14751929082581566,-0.15702789690625074
cost_stress,MIX,fixed_full,2023,-0.06747362190537298,-1.6357505469068458,0.042134666220994245,-0.09475819510862071,-0.7120610711087142,0.9325709679894387,0.02196067675060658,15.99942430299118,0.11352786758222687,-0.017890379606624318
cost_stress,MIX,fixed_full,2024,-0.07718490025666713,-0.6054926040066549,0.12058173082048257,-0.17772194420331866,-0.4343014623358247,0.9226629020173605,0.024594708970545456,17.91397375122065,0.13152357019998862,-0.0651532911398941
cost_stress,MIX,fixed_full,2025,0.1092527301896995,0.8265850115167122,0.13628583566095032,-0.09227335224364164,1.1840117166354263,1.1088591839550401,0.02733610151001455,19.911200898530815,0.15840083123048293,-0.05721972850171808
cost_stress,BTC,fixed_half,full,-0.056489513404384795,-0.7627880752334236,0.07260138505836584,-0.3225387456683563,-0.17514024024409444,0.7055291445879278,0.011367737054976536,8.289937874917088,0.2982143270634279,-0.10399289889175001
cost_stress,BTC,fixed_half,2020_2022,-0.07749467473655514,-0.8179469966636573,0.0930333368664305,-0.2425186018742922,-0.31954115741077854,0.7850235186837962,0.011798418700164678,8.607015933252194,0.16609946449758878,-0.10399289889175001
cost_stress,BTC,fixed_half,2023_end,-0.03498622956063402,-0.7977064255020756,0.04342911431446899,-0.1208900789039713,-0.2894053000695387,0.898736315277341,0.010936662093217447,7.9725702475789335,0.16829414587138553,-0.03023129430353466
cost_stress,BTC,fixed_half,2020,-0.16076330633038816,-1.392394095387859,0.12027997419089957,-0.18026588685173406,-0.8918121400451852,0.8389347218917391,0.013470701774058612,9.871457654916265,0.06697625690854044,-0.10399289889175001
cost_stress,BTC,fixed_half,2021,0.017049697110652406,0.47227400186153706,0.0372421482100654,-0.05531986959993418,0.30820204808784823,1.0170379283737254,0.008263347528248186,6.001343854055314,0.045400569765252974,-0.023850201987715924
cost_stress,BTC,fixed_half,2022,-0.07998996023788074,-0.7777829427549332,0.10047794228601768,-0.10290676690222855,-0.7773051534490341,0.9200625408340174,0.013656625200724515,9.94478206689004,0.07153429370059199,-0.06974190587038698
cost_stress,BTC,fixed_half,2023,-0.010109330155471663,-0.285088034381184,0.03366326320849613,-0.041374413912991015,-0.24433772468007017,0.9898975542338396,0.010951244982343787,7.985419003495993,0.0586440010828548,-0.005563939713449817
cost_stress,BTC,fixed_half,2024,-0.09814088925817921,-1.8301916927322261,0.055544712511541174,-0.11802527883040659,-0.8315243160679184,0.9016678388072825,0.01221542496599397,8.912599031125103,0.06286199822763554,-0.03023129430353466
cost_stress,BTC,fixed_half,2025,0.006944992892590873,0.20181635387272404,0.037771033995554044,-0.03155879156626773,0.22006523532460517,1.0069211428885316,0.009636250098801728,7.014492416019522,0.053131745613670504,-0.01932481313843548
cost_stress,ETH,fixed_half,full,-0.01648360035865093,-0.14350388064841038,0.08843175561755624,-0.25490440488742316,-0.06466581213428148,0.9051061528098884,0.014834287615776771,10.805915372441797,0.4511277912237659,-0.08553698546379962
cost_stress,ETH,fixed_half,2020_2022,-0.04659940613851721,-0.42822663320493787,0.09961240723525795,-0.2117537816268349,-0.22006410360423906,0.8665867992418927,0.01638468382478181,11.94908748743639,0.2654749507375188,-0.08553698546379962
cost_stress,ETH,fixed_half,2023_end,0.014612312435015484,0.22882852130812914,0.07561754990938829,-0.09873902403153978,0.1479892330143747,1.0444495041947248,0.013282475519822869,9.66169926464812,0.21423455867162972,-0.038008719842059
cost_stress,ETH,fixed_half,2020,0.015238990110978623,0.38428025747560024,0.04155004258945868,-0.05010135988139952,0.3041632032953302,1.0152705193852722,0.012290019189583517,8.971764210496499,0.06786503339337674,-0.01305988030242533
cost_stress,ETH,fixed_half,2021,0.030018784499150408,0.35603178950001224,0.09585932599858285,-0.11887754792156202,0.25251853713333194,1.0299979326183448,0.019199048810999996,13.996918109791512,0.10565817307843446,-0.04740764518662488
cost_stress,ETH,fixed_half,2022,-0.17141313227033017,-1.2980096335353042,0.137307531176786,-0.19004300880475022,-0.901970208472334,0.828693515365962,0.01767620173303644,12.886737192094966,0.08638806224593053,-0.08553698546379962
cost_stress,ETH,fixed_half,2023,-0.054164732923706826,-2.4261771972340207,0.022827241627912668,-0.05412868117750502,-1.0006660377717975,0.945871318822495,0.010918462012851697,7.962739109852044,0.05789751710156947,-0.01633370549489843
cost_stress,ETH,fixed_half,2024,0.01544746147287479,0.22554657310721857,0.0828689323111068,-0.09873902403153978,0.15644737857587568,1.0154794253514028,0.012354533506838678,8.971020547243537,0.06975952395074461,-0.038008719842059
cost_stress,ETH,fixed_half,2025,0.08770020070667273,0.8980338218417131,0.09887662213470279,-0.06900200790077671,1.270980416001569,1.0873873157852454,0.016586024164868724,12.059800547809228,0.09406798399394409,-0.0371368077001063
cost_stress,MIX,fixed_half,full,-0.03545100469582696,-0.4767386104839536,0.07039075627425229,-0.26121847791397257,-0.13571400070519546,0.8053176486989081,0.013240329778437124,9.657615943653381,0.3746710591435969,-0.0780894980628547
cost_stress,MIX,fixed_half,2020_2022,-0.06179260730320035,-0.7114540625866514,0.08446704144198854,-0.20481620489060415,-0.3016978433723291,0.8258051589628445,0.014255815080694694,10.41074202167382,0.21578720761755382,-0.0780894980628547
cost_stress,MIX,fixed_half,2023_end,-0.008344745467665393,-0.13286240760422258,0.052665978515422755,-0.09161571278060177,-0.09108421704526941,0.975190866705571,0.012223917092341876,8.90380207926032,0.19239871512257264,-0.0321622442534889
cost_stress,MIX,fixed_half,2020,-0.07275357037948182,-1.1570703779593252,0.06345365605401336,-0.11250086519325764,-0.6466934299083246,0.9271026206385057,0.012773416272141166,9.361577846202206,0.0674206451509586,-0.05191910805757294
cost_stress,MIX,fixed_half,2021,0.02415091005459069,0.41470808757278105,0.062170600871489325,-0.08375405824143667,0.288355102566746,1.0241341817699288,0.014235671885198977,10.37593833903983,0.07839463474295288,-0.03657691116696982
cost_stress,MIX,fixed_half,2022,-0.13033616606913956,-1.1402601093978044,0.11629719752872916,-0.14809438791155105,-0.880088488883066,0.8697469640396346,0.015762418451342717,11.497584302177977,0.0797140452969387,-0.0780894980628547
cost_stress,MIX,fixed_half,2023,-0.03322502086517187,-1.5797249140009462,0.0212319515239074,-0.04806647651726936,-0.6912306304214906,0.9667973386359471,0.010945023845955202,7.985830062673225,0.05825232687435273,-0.008572912850815961
cost_stress,MIX,fixed_half,2024,-0.03982853196424918,-0.6555716337451815,0.05927750504251304,-0.09161571278060177,-0.43473472786954365,0.9600913386668164,0.01229066286970623,8.94809336009756,0.06640274135714964,-0.0321622442534889
cost_stress,MIX,fixed_half,2025,0.05078837414132198,0.7823358951989214,0.06602956890396677,-0.045881053556714346,1.1069574520241043,1.050610234529375,0.013439211269308306,9.779761357468724,0.07535806762755404,-0.029114700125396853
cost_stress,BTC,recent24_raw,full,-0.07051778109287787,-0.8168294005387531,0.08486830622988342,-0.3973786205492863,-0.17745741075703306,0.6448964586948823,0.016217806530007615,11.81195215252294,0.3978667698327075,-0.1321159804365506
cost_stress,BTC,recent24_raw,2020_2022,-0.09103971971290425,-0.8532811761432089,0.10497639273629346,-0.2847548022789246,-0.3197126755521002,0.7509419102617608,0.0149673512049386,10.904879803878899,0.2024311403329708,-0.1321159804365506
cost_stress,BTC,recent24_raw,2023_end,-0.04951313137340119,-0.8429818530644173,0.058189842270647725,-0.16751814621916516,-0.2955687636885786,0.8587834157106593,0.017469403823410026,12.719852877741085,0.2602539914593559,-0.0388039826015385
cost_stress,BTC,recent24_raw,2020,-0.2078812521781026,-1.38307696131162,0.15863519209965002,-0.24148362586461403,-0.8608503016873271,0.7917397861539448,0.02088284486762483,15.242821811854007,0.10115320534447333,-0.1321159804365506
cost_stress,BTC,recent24_raw,2021,-0.0012011092676033064,-0.010462759017545148,0.03957129581599188,-0.05092204221232044,-0.023587217154317143,0.9987997123533006,0.00797096070829391,5.791178658948114,0.04331127844497631,-0.027970206765912442
cost_stress,BTC,recent24_raw,2022,-0.05042322233324614,-0.6127317780885482,0.07923325913667581,-0.0696124681289414,-0.7243418268096528,0.9496104059481962,0.01603204120694449,11.668754168209988,0.08470860467796688,-0.03818434802676085
cost_stress,BTC,recent24_raw,2023,-0.03545894206583855,-0.7501878543024583,0.046665803667040595,-0.0726987613961565,-0.4877516670829171,0.964564893073646,0.018765751920575703,13.664174205725269,0.09857414341283491,-0.011120138961405512
cost_stress,BTC,recent24_raw,2024,-0.1105261002861021,-1.5809830934024962,0.07235563827076467,-0.1445384746591709,-0.7646829022288237,0.8892600040137488,0.016659239935784827,12.144555678658847,0.08413842019137205,-0.0388039826015385
cost_stress,BTC,recent24_raw,2025,0.001210132001832953,0.048981123814722076,0.05231899704139477,-0.0448723463327213,0.026968324608212305,1.0012059880545006,0.016984109667930212,12.351395433097867,0.09387697751249689,-0.024203218931894033
cost_stress,ETH,recent24_raw,full,-0.04106039830150365,-0.5503812273286833,0.0714890185820116,-0.30372104383169796,-0.13519115364379097,0.7776290062040596,0.015875849539197247,11.558518250301455,0.44221548492702073,-0.048443538459886915
cost_stress,ETH,recent24_raw,2020_2022,-0.06210520563978983,-0.8631999532204669,0.07125392500054478,-0.19526672497587483,-0.3180531944060767,0.8249798036057792,0.015500078879712813,11.297847370604977,0.23923632600494488,-0.048443538459886915
cost_stress,ETH,recent24_raw,2023_end,-0.01952351103253125,-0.23928696240783925,0.07173731939413991,-0.13748175777173244,-0.14200801145521483,0.9426036889694013,0.016251963368233723,11.819427185595828,0.24604136735821291,-0.03312380824434269
cost_stress,ETH,recent24_raw,2020,-0.014940384530378825,-0.31912782512178167,0.0440973153550466,-0.07168363685615442,-0.208421129083605,0.9850291678560504,0.012776216543089575,9.315899540933389,0.06895912642963456,-0.024372113698139408
cost_stress,ETH,recent24_raw,2021,-0.027190755437046632,-0.33370787939843277,0.07425131060386421,-0.09225899201738141,-0.2947220085812768,0.9728276004445585,0.016053686388508025,11.696462089691897,0.08624266429375384,-0.038866969230156645
cost_stress,ETH,recent24_raw,2022,-0.13917713657466146,-1.6528946744917832,0.08820778724688291,-0.14938186953008126,-0.9316869377286455,0.8609111694840617,0.017677796344079535,12.886610475243538,0.08904195373766345,-0.048443538459886915
cost_stress,ETH,recent24_raw,2023,-0.0975373043250699,-2.30022126399962,0.044151192971081464,-0.09747390861935679,-1.0006503864122314,0.9025260913806432,0.018403372733780076,13.400529181672086,0.09492995507420439,-0.03266741098979675
cost_stress,ETH,recent24_raw,2024,-0.03198985849823177,-0.4911803592883406,0.062218710656227125,-0.08438808751386606,-0.37908026405949086,0.9679455181192269,0.012418960293067579,9.018753879629068,0.06806735085697749,-0.03157664534681526
cost_stress,ETH,recent24_raw,2025,0.07927431950026609,0.8252672144790328,0.09806054034630965,-0.05918795950032718,1.3393656441193562,1.0789925744927964,0.01794870706902051,13.050043123551868,0.10265482376824621,-0.03312380824434269
cost_stress,MIX,recent24_raw,full,-0.05521559860415726,-0.8588898692645999,0.0636929971825277,-0.33926122910894474,-0.16275245700541346,0.7112627324494709,0.016048586151520158,11.704013697451368,0.4200411273798641,-0.06662196426656097
cost_stress,MIX,recent24_raw,2020_2022,-0.07634578354349142,-1.072509613503515,0.07155699440076466,-0.23349869704096848,-0.3269644949243386,0.7879608569337699,0.01527057783992791,11.151196288985318,0.22083373316895785,-0.06662196426656097
cost_stress,MIX,recent24_raw,2023_end,-0.03358206149863552,-0.5966812469363175,0.05471069802008411,-0.138918662429381,-0.2417390213190894,0.9026625195790079,0.016827304972986002,12.257335961998207,0.2528138199479751,-0.03186041201730905
cost_stress,MIX,recent24_raw,2020,-0.11140004422495575,-1.37837985594805,0.08304200397324349,-0.15188428246833519,-0.7334534055436607,0.8883844770049976,0.016529433484773138,12.099931399969,0.08505616588705395,-0.06662196426656097
cost_stress,MIX,recent24_raw,2021,-0.01560965825807381,-0.27049194280372946,0.052917552117923816,-0.06553649980843324,-0.23818266620435471,0.9844009422019011,0.01241845539255783,9.047907112840603,0.06711215991698027,-0.033907896029500506
cost_stress,MIX,recent24_raw,2022,-0.09905006969061503,-1.3458125529079223,0.07531224125156046,-0.10557004557382788,-0.9382402854164418,0.9010142543836022,0.01686039572287786,12.30315107986969,0.08708274109764683,-0.04378641370305425
cost_stress,MIX,recent24_raw,2023,-0.06795671809009762,-2.0200343777660543,0.03451748980954603,-0.08566831179364398,-0.793253849262144,0.9320881792963948,0.018604143962313368,13.556964397893331,0.09666644599775978,-0.017112168487304458
cost_stress,MIX,recent24_raw,2024,-0.0707153692790169,-1.2756536896599595,0.056203984596040174,-0.09130682164025494,-0.7744806796323772,0.9291446948031774,0.014410263642635307,10.499975247334783,0.07599219863655644,-0.03186041201730905
cost_stress,MIX,recent24_raw,2025,0.04242980478711278,0.6440608476730302,0.06801412937930912,-0.04169760790692456,1.017559685481781,1.0422815693271983,0.017475906335084536,12.721153661078128,0.09851216146626617,-0.028944665276163795
cost_stress,BTC,ewma_raw,full,-0.07269673192537895,-0.8398373532096994,0.08535374466555694,-0.40583819720183867,-0.17912737742924706,0.6358806552488343,0.017016631704767683,12.39346971439762,0.41810923124528304,-0.10892210980358896
cost_stress,BTC,ewma_raw,2020_2022,-0.09001177477037581,-0.8775855921690354,0.10133781141595015,-0.2771763243354223,-0.32474553873313117,0.7534931004791378,0.015514596603811874,11.304321027153858,0.21172494710348322,-0.10892210980358896
cost_stress,BTC,ewma_raw,2023_end,-0.05503595631206859,-0.8295347724547343,0.06560083043797041,-0.18198355959715196,-0.3024226827626571,0.8439103886213224,0.018520038527276877,13.483613057976761,0.2739033496266421,-0.04475154911366941
cost_stress,BTC,ewma_raw,2020,-0.1998800480849412,-1.4777325104355121,0.14346236115972588,-0.2384866928132191,-0.8381182435260054,0.799753666896759,0.021096235443664416,15.394750548142254,0.10306278907477,-0.10892210980358896
cost_stress,BTC,ewma_raw,2021,0.004285572693369044,0.12079365048370776,0.04310165766357121,-0.055487646376378486,0.07723471751350847,1.0042826331065213,0.008638328608650847,6.278516802158008,0.04707369272478376,-0.029393301692036466
cost_stress,BTC,ewma_raw,2022,-0.06190225453254361,-0.6538193176012572,0.09126076789114412,-0.07541557597515747,-0.8208152458178499,0.9381387768269045,0.01679393359791528,12.228489074939425,0.08841718291131627,-0.0420890828440027
cost_stress,BTC,ewma_raw,2023,-0.02952300722385026,-0.5218653141649048,0.0545963970732343,-0.07524974196654843,-0.392333667230041,0.9704968991062778,0.01981807292040354,14.428211350114085,0.10399548788809262,-0.011120138961405401
cost_stress,BTC,ewma_raw,2024,-0.13275965635071085,-1.7294088220373935,0.08040294183712683,-0.16566775090622643,-0.8013608902426479,0.8669867278490446,0.018590081965127167,13.546431435419576,0.09270982694203768,-0.04475154911366941
cost_stress,BTC,ewma_raw,2025,0.0029843599047854052,0.07970013039186002,0.05873007677224535,-0.05004344983400688,0.05963537515268166,1.002974131316684,0.01714800981369325,12.473256182223484,0.09499941613928234,-0.028852730784452718
cost_stress,ETH,ewma_raw,full,-0.03335404143143217,-0.3978769863350977,0.07766732862836016,-0.2912933334058615,-0.11450327764610972,0.8158772155881605,0.01626568533281494,11.843789271965559,0.46378491659386845,-0.05279175949649895
cost_stress,ETH,ewma_raw,2020_2022,-0.053115322792546604,-0.7073032437383616,0.07327372513640616,-0.18136681654932596,-0.2928613061811169,0.8489361792785188,0.015619300971721291,11.388242985701158,0.2456795218310221,-0.05279175949649895
cost_stress,ETH,ewma_raw,2023_end,-0.013161731776223595,-0.12166730395455846,0.08184805772329273,-0.1376604838320381,-0.09561009383260957,0.9610583639886169,0.01691265999926118,12.299751582235679,0.25691612642567135,-0.03716157177207491
cost_stress,ETH,ewma_raw,2020,0.0017817640127986145,0.0630721062291788,0.04218936908148995,-0.06204875682488242,0.0287155473207499,1.0017854259299892,0.012629756858256139,9.213533539742281,0.06891705834095585,-0.017234759072627726
cost_stress,ETH,ewma_raw,2021,-0.019742276847619755,-0.22163329897446166,0.07661058749426777,-0.0969751647276681,-0.2035807508351369,0.9802711018219369,0.0165726248573057,12.076888593590922,0.08931166275993606,-0.03915447135031036
cost_stress,ETH,ewma_raw,2022,-0.13560785006445908,-1.5360040735556852,0.09199912251611327,-0.14553442277789708,-0.9317922693204539,0.864478373794461,0.017663711731419743,12.880264931841397,0.08888945797949119,-0.05279175949649895
cost_stress,ETH,ewma_raw,2023,-0.09780602912902459,-2.3225324053818555,0.04386092774706127,-0.09774246838289014,-1.0006502879166654,0.9022575316171099,0.01897430854023814,13.815834105856988,0.09787004516546946,-0.032040803098189574
cost_stress,ETH,ewma_raw,2024,-0.030092406785453885,-0.38549751350503864,0.07243720858179788,-0.09797178866074785,-0.3071537959734151,0.9698467429283605,0.013877682242578532,10.078035187691905,0.0763328939106993,-0.03633958721253849
cost_stress,ETH,ewma_raw,2025,0.09864139100603286,0.881902818833639,0.11369654984898878,-0.06660599316422922,1.4809686984595296,1.098287738360006,0.017897001047308597,13.013427624217114,0.10305010608017541,-0.03716157177207491
cost_stress,MIX,ewma_raw,full,-0.05200639648798733,-0.7572433561389124,0.06745304478380197,-0.3351496736595131,-0.15517364501694822,0.7258789354184974,0.016626720183561507,12.125798924372548,0.44094707391957577,-0.05484364097152106
cost_stress,MIX,ewma_raw,2020_2022,-0.07119699800653623,-0.9867017918366522,0.07211954020920779,-0.2218545638732221,-0.3209174369170132,0.8012146398788282,0.015595016840559639,11.388627208823047,0.22870223446725269,-0.05484364097152106
cost_stress,MIX,ewma_raw,2023_end,-0.03240121402175378,-0.4960470837518097,0.06244955703907836,-0.14651353473142448,-0.22114826511522492,0.9059731304064486,0.017659365721397167,12.863643856100628,0.2649038458463789,-0.03564825088644974
cost_stress,MIX,ewma_raw,2020,-0.09903753196995513,-1.3569071036621987,0.07470001220641226,-0.14228105117419954,-0.6960697236394473,0.900769546413374,0.016544221403592123,12.111663862280787,0.08598992370786292,-0.05484364097152106
cost_stress,MIX,ewma_raw,2021,-0.009075690561075045,-0.13678361493786423,0.05535331826410556,-0.07080864446617674,-0.12817207036649658,0.9909304931552224,0.013018056891426927,9.48674663080326,0.07056104471762359,-0.03472680899343761
cost_stress,MIX,ewma_raw,2022,-0.10244750270345782,-1.2512529578557088,0.08348934780113217,-0.10855390071431881,-0.9437477790233334,0.8976189000030309,0.017220171666213206,12.56549021104686,0.08867697686847133,-0.04795733228025467
cost_stress,MIX,ewma_raw,2023,-0.06569846244295996,-1.8137014697713496,0.03706201419433875,-0.08716595534748073,-0.7537170008756037,0.9343449960897541,0.019406277120844154,14.141065722549726,0.10075034627278245,-0.01698546725345562
cost_stress,MIX,ewma_raw,2024,-0.08023349154160986,-1.273629696806592,0.0639989832876369,-0.10564657809660549,-0.7594518723383793,0.9196085649918425,0.01605393176122128,11.696048614434597,0.08433160239862234,-0.03564825088644974
cost_stress,MIX,ewma_raw,2025,0.05459096604556435,0.7119061268008985,0.07890631942710186,-0.04820262359994165,1.132531011146672,1.0543991468928198,0.017521910140699978,12.756723189056252,0.09934304417363943,-0.03336288705553869
cost_stress,BTC,recent24_calibrated,full,-0.08037176424883796,-0.8045893402629855,0.09780454062532837,-0.43549330775897854,-0.18455338536067536,0.604955730352034,0.01749100308384963,12.737853054324065,0.4125267502897655,-0.15429376099222603
cost_stress,BTC,recent24_calibrated,2020_2022,-0.10563777180955669,-0.84372503221947,0.1227157139966514,-0.3156050610882648,-0.3347150753707753,0.7153311882342178,0.01675720004324359,12.206070273157446,0.21977511091467775,-0.15429376099222603
cost_stress,BTC,recent24_calibrated,2023_end,-0.05436792606511087,-0.8434078196679798,0.06381725468672246,-0.181349525709673,-0.2997963510097614,0.845700201951709,0.01822547626421878,13.270121481866179,0.26945789942542797,-0.04358164066228809
cost_stress,BTC,recent24_calibrated,2020,-0.23507426149359179,-1.3675077045254551,0.1825824126109981,-0.2675168699869076,-0.8787268687208266,0.7645049464038779,0.022503690549298145,16.41587750550266,0.10645112120517516,-0.15429376099222603
cost_stress,BTC,recent24_calibrated,2021,0.007622724651015211,0.18396526012932568,0.04738418699418137,-0.06160586836626214,0.12373374246908145,1.0076174873586194,0.010058312702373782,7.312945184329636,0.05498092974283818,-0.03247801071712919
cost_stress,BTC,recent24_calibrated,2022,-0.07144179625937108,-0.7092953379563312,0.09763034926593664,-0.08737191503787245,-0.8176746066330781,0.9286053143061302,0.017693853068453218,12.877854411195262,0.0925459619404827,-0.051070312035199183
cost_stress,BTC,recent24_calibrated,2023,-0.03201728360043277,-0.632799632492101,0.049491573827065975,-0.07306148441884808,-0.4382238309980613,0.9680042766471336,0.01903221391003229,13.857958878607732,0.09997879727184432,-0.011120138961405512
cost_stress,BTC,recent24_calibrated,2024,-0.1297342419212636,-1.6917319861820366,0.08015001816020888,-0.16264889180658904,-0.7976337279662176,0.870017478901953,0.01819642653724506,13.261697016849377,0.09097128253717285,-0.04358164066228809
cost_stress,BTC,recent24_calibrated,2025,0.004193486719086481,0.10098025838823554,0.05769575394250701,-0.048207432644773784,0.0869883851726151,1.0041791053466411,0.017445731647049687,12.689139900507604,0.09667582903966296,-0.02760937950490472
cost_stress,ETH,recent24_calibrated,full,-0.033762938007443566,-0.38414889873171343,0.0808563981015681,-0.29541358726418887,-0.1142904032279643,0.8138091521251198,0.016838723154842538,12.261543724643237,0.48172754110826155,-0.055344881338728724
cost_stress,ETH,recent24_calibrated,2020_2022,-0.05685603295385766,-0.6683601328121699,0.08238847023827178,-0.19763118819720626,-0.28768755312609806,0.838912320809392,0.01685420460401545,12.287911556106769,0.26532484311858145,-0.055344881338728724
cost_stress,ETH,recent24_calibrated,2023_end,-0.01008253477912624,-0.0886976664599887,0.07931101495924822,-0.12487826597380203,-0.08073890761136478,0.9700765287842568,0.016823227567359877,12.235151812968322,0.2579562757892175,-0.038212454022397147
cost_stress,ETH,recent24_calibrated,2020,-0.0006607607583588582,0.008232376409032937,0.045734939012276175,-0.06544021873336603,-0.010097166102868722,0.9993378828926481,0.013721989530797955,10.009576361277848,0.0748265655559603,-0.020141211340344523
cost_stress,ETH,recent24_calibrated,2021,-0.007429109755978436,-0.04162451963356338,0.08726681485499461,-0.11209907588566947,-0.0662727118603139,0.9925759562701789,0.018733263290651746,13.654338953401346,0.1013909208844847,-0.04631441668037295
cost_stress,ETH,recent24_calibrated,2022,-0.15435003408949832,-1.5699793425185482,0.10324433279468434,-0.1652279963381199,-0.9341639280890321,0.8457470098158563,0.01811594240175615,13.206061367873529,0.08990100138184463,-0.055344881338728724
cost_stress,ETH,recent24_calibrated,2023,-0.09032422370222926,-2.3407437409880463,0.04006448531655056,-0.09026527839315579,-1.0006530230684796,0.9097347216068442,0.017690698262432324,12.884474453762413,0.09172967330427768,-0.027564231592173583
cost_stress,ETH,recent24_calibrated,2024,-0.02256934472669192,-0.26996148169363143,0.0743454578115555,-0.09705800154299582,-0.23253461196286743,0.9773848396754425,0.013718056420559418,9.96153584290229,0.07590523100625411,-0.03687633521917577
cost_stress,ETH,recent24_calibrated,2025,0.09132856694896208,0.8587955717199558,0.10835749313421626,-0.06927223236002822,1.3184008055969754,1.0910022038553966,0.019075606237765164,13.870153684271415,0.10928615456672484,-0.038212454022397147
cost_stress,MIX,recent24_calibrated,full,-0.055632424302524464,-0.7349962572241002,0.07403892528642558,-0.3494130331840656,-0.15921679794130097,0.709382441238577,0.017147352264375377,12.505519491423746,0.4471271456990135,-0.07765950145023415
cost_stress,MIX,recent24_calibrated,2020_2022,-0.08059961323492826,-0.9468367202282659,0.08479608151067126,-0.24603704321735886,-0.32759137478222483,0.777121754521805,0.01683463267106354,12.293030899562233,0.24254997701662961,-0.07765950145023415
cost_stress,MIX,recent24_calibrated,2023_end,-0.029963491969127176,-0.46439404019525293,0.06142412362670564,-0.13801684731948338,-0.21710024936134972,0.9128330755263558,0.01746035744635691,12.718202136793806,0.2632498286041016,-0.03662607663199091
cost_stress,MIX,recent24_calibrated,2020,-0.117851475218682,-1.284840938125985,0.09395624638615581,-0.16271251648863438,-0.7242926221162219,0.881921414648263,0.017687292347178595,12.94807429675618,0.09063884338056774,-0.07765950145023415
cost_stress,MIX,recent24_calibrated,2021,-0.0009051904626737883,0.01725214125697303,0.06290041643517277,-0.08302572855685653,-0.010902529594231845,0.9990954288261247,0.014940302238799772,10.889398430571973,0.08127537135760328,-0.04017726356017537
cost_stress,MIX,recent24_calibrated,2022,-0.11810913298507597,-1.2915349973038224,0.09377964763458228,-0.1250787731477344,-0.9442779938812929,0.8819667376197924,0.017873967373305082,13.039825331914182,0.09105718906967335,-0.05092572980203369
cost_stress,MIX,recent24_calibrated,2023,-0.06348911483048358,-1.9236722982744878,0.0337764935367079,-0.08234733611823464,-0.7709917263058231,0.9365529323970556,0.01833904787484364,13.365292944831745,0.09552628279003442,-0.014897718585500486
cost_stress,MIX,recent24_calibrated,2024,-0.07354449204201174,-1.147980003976165,0.06466169845394229,-0.1043910902038182,-0.7045092823383674,0.9263101985189254,0.015726622988612146,11.45658113386586,0.08307214998464507,-0.03662607663199091
cost_stress,MIX,recent24_calibrated,2025,0.0523943215303575,0.6972215460397506,0.07742376386116537,-0.049616101744983765,1.055994318127877,1.052210410356654,0.018322513504425403,13.337886593216274,0.10365197250918888,-0.033518536776758645
cost_stress,BTC,ewma_calibrated,full,-0.08503637796979435,-0.8172015818806179,0.10204335305326684,-0.45533444149352986,-0.18675586606378575,0.586780670772772,0.01886318044354691,13.7347858506585,0.4384346856243928,-0.14224933528251282
cost_stress,BTC,ewma_calibrated,2020_2022,-0.1095541994749688,-0.8690001046834638,0.12408825975492128,-0.3246589972505869,-0.3374439039199329,0.7059728157153929,0.01787523213021134,13.018922871011402,0.23312695460945554,-0.14224933528251282
cost_stress,BTC,ewma_calibrated,2023_end,-0.05982015348650771,-0.7996873789810148,0.07368497713360449,-0.19965263584752446,-0.2996211556765652,0.8311660983407153,0.019852030992785073,14.4513025864514,0.29081534932317477,-0.05107442026915043
cost_stress,BTC,ewma_calibrated,2020,-0.24034695905286096,-1.4465707047747145,0.17811222323859657,-0.2774685259440901,-0.8662134137018873,0.7592243659190051,0.02381604991286097,17.363360112621745,0.11231307946499322,-0.14224933528251282
cost_stress,BTC,ewma_calibrated,2021,0.009936616108522811,0.21483474673680206,0.05242279860334823,-0.06803648988044397,0.14604833562083772,1.0099297812092907,0.01088453335657895,7.917606631255098,0.059555785728013566,-0.03544146058062292
cost_stress,BTC,ewma_calibrated,2022,-0.07933402972096293,-0.7103533645004595,0.10797159096735445,-0.09650988694756957,-0.822030076193772,0.9207180596366109,0.01890883690809095,13.763899301372133,0.09859323171703643,-0.056343253130209714
cost_stress,BTC,ewma_calibrated,2023,-0.026781704740154177,-0.4321995108266268,0.05886568527372163,-0.07714235903128275,-0.3471724883250416,0.9732363788157629,0.020475373976480398,14.905138982314243,0.10736581947924433,-0.011120138961405623
cost_stress,BTC,ewma_calibrated,2024,-0.1521749196936073,-1.7495394594346432,0.09183029913992252,-0.1871522346037897,-0.8131076821805998,0.8475377373074415,0.020861751970541326,15.194946666874806,0.1026913589581668,-0.05107442026915043
cost_stress,BTC,ewma_calibrated,2025,0.007678077487202728,0.14825730821141503,0.0660649694870533,-0.055853418516725206,0.1374683536139071,1.0076517004239056,0.018211706633148847,13.248489350393971,0.10123792451502764,-0.03272053673803099
cost_stress,ETH,ewma_calibrated,full,-0.03174485675319838,-0.3195735668065059,0.0886511422519953,-0.30677708245259927,-0.10347857962337634,0.8240585208394102,0.017944286757137495,13.06582888342316,0.5144393358480035,-0.060257948413860785
cost_stress,ETH,ewma_calibrated,2020_2022,-0.055869227319186976,-0.6202833630658563,0.08651446555596509,-0.20377321153613903,-0.27417356235404183,0.8415489254235461,0.01777413039271339,12.957669373648391,0.28124789272185563,-0.060257948413860785
cost_stress,ETH,ewma_calibrated,2023_end,-0.006981180942766119,-0.032773457244176775,0.09075956504411538,-0.13301677577108129,-0.052483462347490406,0.979216413858133,0.018114598515501717,13.174087169005944,0.27709790373599974,-0.04240849486662579
cost_stress,ETH,ewma_calibrated,2020,0.007970032444704733,0.18858193227708714,0.04814144008420533,-0.0645530692794063,0.12346481017359358,1.0079864631928095,0.014353961798595015,10.469880640060044,0.07861081848045319,-0.018389365214772524
cost_stress,ETH,ewma_calibrated,2021,-0.008959492972744676,-0.052323120134071574,0.09154001106023638,-0.11743244285275056,-0.0762948700980278,0.9910466119305958,0.019691895889638298,14.351142321230213,0.10646024912397842,-0.04753841050291685
cost_stress,ETH,ewma_calibrated,2022,-0.1576752099123111,-1.5256473220653692,0.10844661901026807,-0.1686646709711792,-0.9348443216022048,0.842423724149231,0.01928590381482225,14.058801019198993,0.09542567721680456,-0.060257948413860785
cost_stress,ETH,ewma_calibrated,2023,-0.0954251206369775,-2.3436330156221943,0.04237070082275014,-0.09536302405770236,-1.000651159921665,0.9046369759422976,0.018852519440133362,13.728369068164474,0.09741309373428246,-0.030212706919934496
cost_stress,ETH,ewma_calibrated,2024,-0.02464773637453277,-0.25600110174376833,0.08381678122344076,-0.11114476676653728,-0.22176245532374939,0.9753022824542369,0.015353921759710456,11.150678313816174,0.08499607522940374,-0.04182348506922218
cost_stress,ETH,ewma_calibrated,2025,0.11024941335345728,0.8898632921116671,0.1260881710296223,-0.07661541800689475,1.4389977399005478,1.1098521022323249,0.020150495644977128,14.652809003639431,0.1165078289320474,-0.04240849486662579
cost_stress,MIX,ewma_calibrated,full,-0.05651393731884946,-0.691418200458843,0.07946054805424485,-0.3625857933157236,-0.15586362830724487,0.7054195958060911,0.018373723835064394,13.399331246682195,0.47643701073619815,-0.07150564566595252
cost_stress,MIX,ewma_calibrated,2020_2022,-0.08192662876886858,-0.9316727092689232,0.08747906372035376,-0.2506294698877062,-0.3268834618912755,0.7737608705694695,0.01784709794066691,13.031436973992871,0.2571874236656556,-0.07150564566595252
cost_stress,MIX,ewma_calibrated,2023_end,-0.030373633193769733,-0.40196187506219383,0.0705410805606072,-0.15028638963226837,-0.2021050160835598,0.9116764915844338,0.01890083066635174,13.767561495876256,0.2833557438865836,-0.041210989634345
cost_stress,MIX,ewma_calibrated,2020,-0.11617049664645729,-1.3016726543775528,0.09148123043509825,-0.16429889279126275,-0.7070680433254576,0.8836054145559074,0.018604879956320985,13.616510961192276,0.0954619489727232,-0.07150564566595252
cost_stress,MIX,ewma_calibrated,2021,-0.0008414273276309281,0.021166249533412337,0.06702887602001158,-0.08853754350425247,-0.00950362178944477,0.999159148355785,0.01587183030438019,11.569392399533161,0.08630927964487534,-0.042208981820676006
cost_stress,MIX,ewma_calibrated,2022,-0.12365626007235708,-1.2606538758940673,0.10053731255533552,-0.13048749333404397,-0.9476483677696288,0.8764229184727484,0.019062507446188183,13.906804618822498,0.09680118286882039,-0.05567284843186682
cost_stress,MIX,ewma_calibrated,2023,-0.06411071380862254,-1.733575723637506,0.03778141591764712,-0.08705083441218475,-0.7364744317677532,0.9359317308498003,0.019632693165028494,14.306484540725041,0.10195348475524646,-0.016447972707939407
cost_stress,MIX,ewma_calibrated,2024,-0.08513937846567965,-1.1712688706292242,0.07358743296944853,-0.11976988126303889,-0.710858001760028,0.9146934755171061,0.017796496553686685,12.963707428319507,0.09339034481320818,-0.041210989634345
cost_stress,MIX,ewma_calibrated,2025,0.06515994290058225,0.7457362185520405,0.08990170572762272,-0.056213935441048135,1.1591421662501433,1.0649298575957782,0.019277359438929744,14.035428741359668,0.10979593377644992,-0.038187049607235846
cost_stress,BTC,full_linear,full,-0.09029053388456032,-0.832280118129933,0.1064981498259299,-0.47559188206543146,-0.18984877011029014,0.5668557315670099,0.019308616998855586,14.059160077673138,0.4381363752870333,-0.15198663029838233
cost_stress,BTC,full_linear,2020_2022,-0.11842715512735569,-0.9073590663711193,0.12907056953000734,-0.3444042425270383,-0.3438609067600504,0.6850734608386105,0.01812805725897351,13.20314738142931,0.23303596470637902,-0.15198663029838233
cost_stress,BTC,full_linear,2023_end,-0.06122895856176391,-0.7746687833340813,0.07762443616948381,-0.20591161107464162,-0.2973555412548776,0.8274378792503679,0.02049025487548641,14.915954520671525,0.29938455115395546,-0.04765834069995667
cost_stress,BTC,full_linear,2020,-0.24865474426835277,-1.4272914232631704,0.1869201528299127,-0.28480918665743704,-0.8730573166778847,0.750904313099005,0.02437965210482632,17.7723775093931,0.1140259965370849,-0.15198663029838233
cost_stress,BTC,full_linear,2021,0.0028510661988012664,0.08049199065420277,0.052702061301403834,-0.0679761257381929,0.04194216966383204,1.0028491119730318,0.010786822444085846,7.849629192742429,0.058729316248349386,-0.03582559798145013
cost_stress,BTC,full_linear,2022,-0.09031965457455893,-0.8002482452317525,0.11044391043993777,-0.10789508704134998,-0.8371062765809216,0.9097392879029776,0.019200569570896442,13.974917003445658,0.09947612462410109,-0.06110698784643209
cost_stress,BTC,full_linear,2023,-0.023470056275532003,-0.34087469399625375,0.06382778299586413,-0.07910042040332099,-0.29671215596404876,0.9765458182231975,0.021182117640867797,15.417521831307743,0.11099444628099171,-0.011120138961405512
cost_stress,BTC,full_linear,2024,-0.16163661169097754,-1.848543378302037,0.09292132084949914,-0.19562001385117989,-0.8262785003887404,0.8380599391067478,0.021464543386732985,15.632493728755817,0.1050071312175076,-0.04765834069995667
cost_stress,BTC,full_linear,2025,0.01107661429963347,0.18659969181953265,0.07306893749329277,-0.060382956361340945,0.1834394168008154,1.011038498198341,0.018816849643397263,13.692533041163083,0.10489420561372176,-0.036724334461318064
cost_stress,ETH,full_linear,full,-0.029759106294120596,-0.2889434931075158,0.09042839393229289,-0.3105337300085381,-0.09583212198334258,0.8342484583651529,0.018134439408060157,13.20445758417622,0.5156854931757111,-0.06258008791109482
cost_stress,ETH,full_linear,2020_2022,-0.060472914366309194,-0.6952982358715198,0.08445195612386058,-0.21257936604340322,-0.284472173813719,0.8292956209455387,0.01715964849378701,12.510599190853116,0.2698433535543472,-0.06258008791109482
cost_stress,ETH,full_linear,2023_end,0.0019881928925431502,0.06758834582390234,0.09604713796427997,-0.13579454330800222,0.014641183983612898,1.005972342424728,0.01911012054234634,13.898949638132498,0.29644692846811593,-0.05055847236952382
cost_stress,ETH,full_linear,2020,0.010612762389983432,0.24923346854315642,0.04664621439682428,-0.059156144541828604,0.17940253666259934,1.0106346699777036,0.013415877054461098,9.787485926983196,0.07355025017214896,-0.01827038986579632
cost_stress,ETH,full_linear,2021,-0.013549210357809982,-0.11170003558697895,0.0875869610194591,-0.11190173028371697,-0.12108133023016851,0.9864600005013542,0.018666275598809165,13.603519609960129,0.10020647437241847,-0.047097558273074935
cost_stress,ETH,full_linear,2022,-0.16827275222403582,-1.6586006745957471,0.1074357128187551,-0.18064377787608343,-0.9315170121135653,0.8318321457958565,0.01940704973614372,14.148252619900596,0.0953116020805498,-0.06258008791109482
cost_stress,ETH,full_linear,2023,-0.08866710191106908,-2.368679385766675,0.03884513279351085,-0.08860918456694489,-1.0006536268718333,0.9113908154330551,0.018414943128918733,13.411564422698028,0.0956045400531507,-0.025963299211582802
cost_stress,ETH,full_linear,2024,-0.012498301136687817,-0.06654630048355069,0.10597276557285226,-0.13579454330800222,-0.09203831635811618,0.9874761963796155,0.017776706430171298,12.914078165424446,0.09949385371096192,-0.05055847236952382
cost_stress,ETH,full_linear,2025,0.11820340634558812,0.97278942634319,0.12220917387093601,-0.07192950747437266,1.64332289342732,1.1177759406044503,0.02114794834717365,15.377956678365267,0.12240827964073503,-0.03735012430600193
cost_stress,MIX,full_linear,full,-0.05760235077510001,-0.6822083581053696,0.08192103102722928,-0.3757260841633041,-0.1533094272743224,0.7005520949660814,0.018680906840536745,13.622975175831089,0.4769109342313722,-0.07636918896183076
cost_stress,MIX,full_linear,2020_2022,-0.08852849158117904,-0.9966914362193153,0.08886757093817746,-0.26636607698467984,-0.33235647941111807,0.7571845408920745,0.017623046205975695,12.86889009309445,0.25143965913036315,-0.07636918896183076
cost_stress,MIX,full_linear,2023_end,-0.02559719730266108,-0.3117628937586521,0.07432259310151623,-0.14994502139754984,-0.1707105515347197,0.925206547588423,0.019739733557869083,14.377748920743745,0.29777585637890974,-0.046605051583012425
cost_stress,MIX,full_linear,2020,-0.11900133540231339,-1.27714975619502,0.09543668597540654,-0.16582944646522768,-0.7176128120723508,0.8807694915383543,0.01834172409943572,13.42480087066596,0.09378812335461693,-0.07636918896183076
cost_stress,MIX,full_linear,2021,-0.006558165234851421,-0.0670448551284872,0.06569282967193533,-0.08452274996587217,-0.07759053317005679,0.9934463088431931,0.01526850369839317,11.130966983994519,0.08252569794358561,-0.042161955785233296
cost_stress,MIX,full_linear,2022,-0.13472917987131383,-1.3743342544223516,0.10138586318583612,-0.1423406766633003,-0.9465262005885283,0.8653565298533571,0.01925694183956816,14.049379381396651,0.09710364642192951,-0.05936386107688174
cost_stress,MIX,full_linear,2023,-0.05917350796799503,-1.579225429236524,0.03813781249940853,-0.08430758989479437,-0.701876403320702,0.9408657722248331,0.019707240046802955,14.362108319599992,0.10256665810502434,-0.0142465485144192
cost_stress,MIX,full_linear,2024,-0.08251811690359545,-0.9831593188494603,0.08393478414542824,-0.13803489436215866,-0.5978062089655009,0.9173196473737815,0.01938146226045038,14.11502164187346,0.10208254473180822,-0.046605051583012425
cost_stress,MIX,full_linear,2025,0.07224494657972169,0.8202158344061627,0.08981086560830752,-0.05600108924552427,1.2900632390020104,1.0719890088072104,0.02013255615785365,14.657603325919542,0.11489530485991187,-0.03708198416832087
cost_stress,BTC,boosted,full,-0.08864833255087434,-0.8440212855471971,0.10330324777096671,-0.46720754096281014,-0.18974079991985998,0.5730217966098501,0.01875119948538006,13.654322507538934,0.4270988373627357,-0.14884565730932808
cost_stress,BTC,boosted,2020_2022,-0.11688013623178384,-0.9287598816870547,0.12482982715430052,-0.338001682364952,-0.3457974984443549,0.6886872019994958,0.017449370532827697,12.710191819547527,0.22438242954968277,-0.14884565730932808
cost_stress,BTC,boosted,2023_end,-0.059486979383027716,-0.7696216824074495,0.07590364594047656,-0.198413840610851,-0.2998126501653658,0.8320494339754981,0.0200542173228206,14.599315415336722,0.29435193107189656,-0.042722133387338324
cost_stress,BTC,boosted,2020,-0.2497575849208411,-1.4578795441670886,0.18437776559406618,-0.28712425685545817,-0.8698588815035997,0.7497998581059294,0.02415874925599163,17.614273508554735,0.11281532983263587,-0.14884565730932808
cost_stress,BTC,boosted,2021,0.000601049036921042,0.037142943343700746,0.04984427161562048,-0.0649430797744941,0.0092550128359804,1.0006006375177512,0.009938033682244853,7.23014497040552,0.05413261182167362,-0.035117034224451116
cost_stress,BTC,boosted,2022,-0.0821104727441816,-0.7966221937227199,0.10097985311267432,-0.09713255312905134,-0.8453445327962167,0.917943357140692,0.018232946800731096,13.272721139438474,0.09460640402037737,-0.055644452477832895
cost_stress,BTC,boosted,2023,-0.021420507556948687,-0.2939122477160872,0.06636799309887903,-0.07860340482676276,-0.27251373657614725,0.9785939959267229,0.02104153389336344,15.314650617310054,0.110289776164571,-0.011120138961405401
cost_stress,BTC,boosted,2024,-0.15798457260861465,-1.898859046036649,0.08839189741111989,-0.18881729898193333,-0.8367060299052955,0.8417181689947091,0.02044902726532366,14.897326114018052,0.10056930695364451,-0.042722133387338324
cost_stress,BTC,boosted,2025,0.010171058208172212,0.1773983484941869,0.07098821866746727,-0.059004484807486546,0.17237771402220087,1.0101360738415601,0.01866720911621549,13.582366886661905,0.1039766892390735,-0.035505300531540995
cost_stress,ETH,boosted,full,-0.03485596045397932,-0.36590013280566164,0.08666872552528519,-0.3146755158972968,-0.11076794568712343,0.808302440142614,0.017633276284249877,12.839550096799039,0.495922742757868,-0.06554184535764562
cost_stress,ETH,boosted,2020_2022,-0.062600936721245,-0.7151097354048256,0.08518628375233925,-0.21032802733929024,-0.29763478273991717,0.8236720497119219,0.01680582813989388,12.254223507032124,0.26309351296128614,-0.06554184535764562
cost_stress,ETH,boosted,2023_end,-0.006263322656082981,-0.028136893731520556,0.08813993157451071,-0.1354859844994104,-0.04622856511117751,0.9813401346146402,0.018461480089011682,13.425411231396792,0.2826722478661423,-0.041267273980028496
cost_stress,ETH,boosted,2020,0.0011082952778107558,0.04739081030312738,0.04077334118437715,-0.057849986678922716,0.019158090458377863,1.001110572301366,0.012559099573195166,9.16459716625506,0.06869664083346147,-0.01781539960427503
cost_stress,ETH,boosted,2021,-0.01246974425906866,-0.0949774627600478,0.08960536069203884,-0.11490830490058757,-0.10851908632589095,0.9875387374144562,0.01900572823065534,13.853450858374883,0.10249865961544562,-0.049000753597706725
cost_stress,ETH,boosted,2022,-0.16696386927110163,-1.60456170117341,0.10990328731990988,-0.1770050457414042,-0.9432718065846991,0.8331402971273177,0.0188642914886166,13.753087226167192,0.0928394570811629,-0.06554184535764562
cost_stress,ETH,boosted,2023,-0.09146406929090867,-2.404133995887439,0.03953826508175645,-0.09140441809807742,-1.0006526073254713,0.9085955819019226,0.019191083281836215,13.97457884853018,0.09948579487145727,-0.02597593219944816
cost_stress,ETH,boosted,2024,-0.030746382626680502,-0.32713382910310074,0.08455721328322509,-0.1114573845994612,-0.2758577436315434,0.9691914657881937,0.016192477442426675,11.758730647625187,0.08936961344853671,-0.041267273980028496
cost_stress,ETH,boosted,2025,0.11481010112131207,0.9575391847050699,0.1207987623235039,-0.0700144000616344,1.639806968569945,1.1143955235133318,0.02001134218590497,14.550573081415255,0.11581337714063161,-0.03706335305955122
cost_stress,MIX,boosted,full,-0.059833383949271624,-0.7400487224014975,0.07903418137147711,-0.37669977113042696,-0.15883573215274177,0.690662118376232,0.018160527453223115,13.24393438986383,0.4615107900603018,-0.074850448607921
cost_stress,MIX,boosted,2020_2022,-0.0889318049548431,-1.0226109133756967,0.08719632306860992,-0.26584778930766295,-0.3345215139326332,0.7561796258557089,0.01713659110442056,12.514185701771323,0.2437379712554844,-0.074850448607921
cost_stress,MIX,boosted,2023_end,-0.029777738045661972,-0.39734095979146095,0.06992070789766053,-0.15187583365727308,-0.19606633477225338,0.9133572166727769,0.01918539890371408,13.97434951511441,0.2879908574082263,-0.04174095320589544
cost_stress,MIX,boosted,2020,-0.12430613460919215,-1.3683442449325398,0.09361656555084753,-0.16480556249260858,-0.7542593388786085,0.8754552152036477,0.017785068528161706,13.018785092251694,0.09075598533304868,-0.074850448607921
cost_stress,MIX,boosted,2021,-0.006872396979277995,-0.07208599347137425,0.06556707172714725,-0.08368995521887157,-0.0821173456396869,0.993132290730468,0.015091929331469052,11.002659228949959,0.08178666022180506,-0.04290682487443975
cost_stress,MIX,boosted,2022,-0.13035417385140657,-1.3624577200540293,0.09877070982712603,-0.13699075755361223,-0.9515545149123773,0.8697289668627314,0.018530998803154914,13.519730320028806,0.09360181445351151,-0.061250719825167055
cost_stress,MIX,boosted,2023,-0.059568581384999986,-1.5347192173350566,0.03948392859098884,-0.08557518539255193,-0.6960964339340427,0.9404709526807834,0.02007503454165568,14.629084282753304,0.10440563361928752,-0.01416591824146507
cost_stress,MIX,boosted,2024,-0.09103130944103321,-1.2595232141589978,0.07355567921159116,-0.12462998040369899,-0.7304126113649893,0.9087905639085438,0.01808620632707861,13.172952153582866,0.09467638439979012,-0.04174095320589544
cost_stress,MIX,boosted,2025,0.06888375877408581,0.8021607494077327,0.08768976041150037,-0.054095847138839304,1.2733650070640858,1.0686401056052333,0.019398551308109392,14.123616669324155,0.11061871513840008,-0.03638086611716995
delay_stress,BTC,fixed_full,full,-0.04446675910582465,-0.24180726476557413,0.14285397340586092,-0.3470994004306325,-0.1281095820121167,0.7612053655003918,0.02282062984938385,16.64553711583831,0.23731502046015607,-0.2075153939943002
delay_stress,BTC,fixed_full,2020_2022,-0.07661454839169768,-0.3329537186265107,0.18405625284968777,-0.3152380016784234,-0.24303715917426966,0.7872730578347911,0.023722627737226287,17.303491265627816,0.1292243952546949,-0.2075153939943002
delay_stress,BTC,fixed_full,2023_end,-0.011168836045561736,-0.09338385452991511,0.08330802043660714,-0.16434649241787058,-0.06795907768547707,0.966888626411156,0.02191780821917809,15.986982094679126,0.1372975032357121,-0.062226569399912335
delay_stress,BTC,fixed_full,2020,-0.22785359235055724,-0.9432459659959519,0.23979500542996382,-0.3152380016784234,-0.7227986192571807,0.7717365319420657,0.027322404371584706,19.9293053565461,0.0507485481015132,-0.2075153939943002
delay_stress,BTC,fixed_full,2021,0.11075615342665657,1.4999077017867326,0.07168675274269082,-0.08081501815807746,1.3704897425131184,1.1106762966532504,0.01643835616438356,11.990190127390948,0.03833457590478509,-0.03161541740733298
delay_stress,BTC,fixed_full,2022,-0.08157535031089058,-0.32796555341419553,0.19737649736795615,-0.15721205609662137,-0.5188873699403497,0.9184781445568829,0.027397260273972608,19.98378430173841,0.05703982329164141,-0.1351149107959535
delay_stress,BTC,fixed_full,2023,0.021000711508908587,0.3248615709918845,0.07149947567086834,-0.04207942879274018,0.49907311271610627,1.0209861875199466,0.02191780821917809,15.987124209897656,0.04715751832832261,-0.01436045806624442
delay_stress,BTC,fixed_full,2024,-0.11375598162739964,-1.155316980714978,0.10004558936793766,-0.1621790247951117,-0.7014222817723368,0.8860242808491485,0.024590163934426236,17.936163319184406,0.04927422424151627,-0.062226569399912335
delay_stress,BTC,fixed_full,2025,0.06908009469259246,0.9229443207095597,0.07532980272510675,-0.05390259318626389,1.2815727520544649,1.068835724937385,0.019230769230769235,14.026948577581058,0.0440314676761519,-0.032769716696793516
delay_stress,ETH,fixed_full,full,0.10483044863488677,0.6468529173537876,0.17854524599446328,-0.300148672884215,0.34926174294738943,1.8185051683439133,0.029666818804199004,21.63881467167468,0.5030865976552965,-0.16731702596014653
delay_stress,ETH,fixed_full,2020_2022,0.06116200226871893,0.3967165184144088,0.20173423010167102,-0.300148672884215,0.2037723561493564,1.1949857272513174,0.03284671532846716,23.95786763390777,0.26060517322539467,-0.16731702596014653
delay_stress,ETH,fixed_full,2023_end,0.15033828324457854,0.9939691167125129,0.1519022142852025,-0.14520883263374218,1.0353246460136092,1.5217798228660044,0.026484018264840186,19.317643852855078,0.20291574945221555,-0.06742976189650507
delay_stress,ETH,fixed_full,2020,0.0823636420467504,0.8945332075527532,0.09315398393140796,-0.08243309950265176,0.999157408173168,1.0825395620077836,0.024590163934426236,17.93501210142678,0.05565780999557269,-0.023128002983007434
delay_stress,ETH,fixed_full,2021,0.3622034901008071,1.6024921763164903,0.20567176957590105,-0.14552501296815012,2.488943190680764,1.3619153193503144,0.038356164383561646,27.97724562641879,0.09794871716287519,-0.06517899042285302
delay_stress,ETH,fixed_full,2022,-0.18958709296698517,-0.648277975162989,0.2666014761662977,-0.2778470233079029,-0.6823434374421555,0.8105295191395223,0.03561643835616439,25.977846147939328,0.06709094220110032,-0.16731702596014653
delay_stress,ETH,fixed_full,2023,-0.03676235923285931,-0.9526553483234066,0.038506435167819236,-0.04549940102341676,-0.8079745756199991,0.9632623352572012,0.021917808219178082,15.987035720785626,0.04679878954864118,-0.02688632902187338
delay_stress,ETH,fixed_full,2024,0.2162719455672497,1.227257814724413,0.1706683494030114,-0.14520883263374218,1.4893856086065291,1.216761026149829,0.02459016393442623,17.936061466622576,0.062369572320117715,-0.05025753925787102
delay_stress,ETH,fixed_full,2025,0.29954517670205916,1.4268623873180872,0.19650244523492316,-0.10731188480146137,2.791351370412049,1.2983804030737192,0.032967032967032975,24.046575505510145,0.08194008369079098,-0.06742976189650507
delay_stress,MIX,fixed_full,full,0.04334442853700193,0.3646078877395475,0.14604658925434574,-0.2419773844693056,0.1791259486173184,1.2898552669221526,0.027087366276925595,19.773656688853755,0.37020080905772634,-0.15446127386927033
delay_stress,MIX,fixed_full,2020_2022,-0.0029649801021816025,0.07220462762705132,0.17250865690251985,-0.2419773844693056,-0.012253128980149403,0.9911293925430542,0.02915185479845589,21.29633161242817,0.19491478424004477,-0.15446127386927033
delay_stress,MIX,fixed_full,2023_end,0.09185004518860995,0.8282509681753323,0.11358973517170498,-0.14281855866877669,0.6431240172478397,1.3013994707720484,0.025020992377750063,18.24959119457288,0.1768548346325701,-0.05614511014984225
delay_stress,MIX,fixed_full,2020,-0.07271821115544763,-0.5198907113173292,0.12852494549452473,-0.16770913550076005,-0.43359719754275444,0.9271380469749246,0.025524228107646152,18.693351377144662,0.05320317904854294,-0.10345543714971417
delay_stress,MIX,fixed_full,2021,0.25754866026797774,1.710858240224856,0.13948727048420806,-0.11339629275490881,2.2712264573290355,1.2573514236621948,0.029617995632386818,21.607487535724466,0.07313773524959213,-0.05132733966105385
delay_stress,MIX,fixed_full,2022,-0.1498784869326797,-0.5815343566131643,0.23083599083041303,-0.22518653525722354,-0.6655748167246243,0.850216001080766,0.03232327935859719,23.595287377114783,0.06339572563352201,-0.15446127386927033
delay_stress,MIX,fixed_full,2023,-0.013821478726000591,-0.3559960963586418,0.03714886068905769,-0.0388591974858844,-0.3556810129962473,0.9861879159244707,0.021950093608609774,16.013358331534754,0.04694126211853869,-0.016223942976717032
delay_stress,MIX,fixed_full,2024,0.08059879459235764,0.6871724749571939,0.12351175797687593,-0.14281855866877669,0.5643439854289632,1.0807708061640853,0.024599433963766376,17.93912571892092,0.05698511083737592,-0.043519988288336586
delay_stress,MIX,fixed_full,2025,0.22184224635169913,1.4191496159525507,0.14863744757608105,-0.07932556847546701,2.796604557839484,1.2210047237506727,0.028524202350975983,20.80413888440127,0.06916172202218765,-0.05614511014984225
delay_stress,BTC,fixed_half,full,-0.02070100319668733,-0.2577345351915754,0.07100942029803617,-0.183484324071846,-0.11282164458137331,0.8820725233002833,0.011392539421660072,8.317684560148717,0.13414590617072555,-0.1037576969971501
delay_stress,BTC,fixed_half,2020_2022,-0.03601739499058254,-0.35361535266776445,0.09138910211209805,-0.15788114832690414,-0.2281298012604137,0.8957703587703357,0.01182810606469813,8.638371402530707,0.07115772336869375,-0.1037576969971501
delay_stress,BTC,fixed_half,2023_end,-0.005126932248568639,-0.1026562376498131,0.04163187058475496,-0.08528899238808485,-0.060112472958291016,0.9847083180014395,0.010956575000865809,7.9967048530704865,0.07031733321528802,-0.031113284699956112
delay_stress,BTC,fixed_half,2020,-0.11755696564575357,-0.9906322561952678,0.11864810050764754,-0.15788114832690414,-0.7445915290807458,0.8822164530872456,0.013508584896135966,9.907556081816237,0.027476448938009417,-0.1037576969971501
delay_stress,BTC,fixed_half,2021,0.05452833276407931,1.4940378032466606,0.035944474596772115,-0.041146347493793534,1.3252289956551866,1.0544900112879803,0.008278150915764008,6.025876130435398,0.018662265924367816,-0.015937879307791336
delay_stress,BTC,fixed_half,2022,-0.03712964224424109,-0.3342744158452578,0.0983684540298935,-0.07982823250320858,-0.4651191825241617,0.9628952941798605,0.013692978330601442,9.978204777041078,0.029256642650834372,-0.06755745539797675
delay_stress,BTC,fixed_half,2023,0.010787122698382667,0.3170105055842868,0.035802084586195285,-0.0212278622987786,0.5081586900534649,1.0107796996622407,0.010973059959080256,8.004741044661216,0.02380509959488949,-0.007410249659947521
delay_stress,BTC,fixed_half,2024,-0.05774598166107814,-1.1692314773172736,0.049767190405710905,-0.08393135537967167,-0.6880144065332743,0.9421389419391305,0.012239890863697082,8.944664592882665,0.025708541088348375,-0.031113284699956112
delay_stress,BTC,fixed_half,2025,0.034156005787912225,0.9047154354277889,0.03788122956586051,-0.027729230484758616,1.2317689741403421,1.0340371461163842,0.009649677705413832,7.035478274219184,0.021554837497099757,-0.016866536398906895
delay_stress,ETH,fixed_half,full,0.05493916867287307,0.6441337813609479,0.08912109663240017,-0.15507421340693317,0.35427662321076014,1.3782649383413494,0.014892533944162083,10.852575122357417,0.22414223547923975,-0.0836585129800731
delay_stress,ETH,fixed_half,2020_2022,0.03558663562082076,0.39879648238333426,0.10034044806672078,-0.15507421340693317,0.229481322774388,1.110630781880922,0.01645149836987123,12.003023637613335,0.11935550310633505,-0.0836585129800731
delay_stress,ETH,fixed_half,2023_end,0.07467152349145478,0.9805943407011678,0.07629279390865892,-0.07490787257184772,0.9968448031925317,1.2409749133795593,0.01333214580664864,9.701075969188022,0.09434884579323642,-0.03557966069971141
delay_stress,ETH,fixed_half,2020,0.0419101712492862,0.9009986813428748,0.0467325698549352,-0.04178880552253672,1.0029042640781878,1.041998011470005,0.0123089927672461,8.99434488405849,0.027490280817951844,-0.01145835186177957
delay_stress,ETH,fixed_half,2021,0.1732063657382088,1.5997114230941811,0.10307856695971013,-0.07518118131440088,2.303852675763041,1.1730780985870386,0.019303792655139707,14.076374641697845,0.04567677137899301,-0.033260143168978074
delay_stress,ETH,fixed_half,2022,-0.09145303979910635,-0.6595310496806892,0.13185341203841358,-0.14183678578356718,-0.6447765951116319,0.9086066045680643,0.01775305901764602,12.946594342572856,0.03621736553439194,-0.0836585129800731
delay_stress,ETH,fixed_half,2023,-0.018406953193629394,-0.9536259991762762,0.019273237715519084,-0.022891012447105896,-0.8041126724369319,0.9816055290870549,0.01094880590115271,7.990162601074763,0.02367230998284365,-0.013443164510936745
delay_stress,ETH,fixed_half,2024,0.1066161843313862,1.2276981642688927,0.08534841597737737,-0.07490787257184772,1.4232974542045032,1.1068464091580015,0.012435904476091652,9.023727518454107,0.029237319756707857,-0.025128769628935288
delay_stress,ETH,fixed_half,2025,0.14271235789491588,1.3947411255475815,0.09903311964503496,-0.056246940783049926,2.5372465756914977,1.1421907685627894,0.016623199082719715,12.097759794270306,0.038635564227893215,-0.03557966069971141
delay_stress,MIX,fixed_half,full,0.020608628853614253,0.3247563857316444,0.07048791158121577,-0.11748603004096014,0.1754134414655878,1.1301687308208164,0.013367172817057519,9.751843759572274,0.17914407082498265,-0.07644851404882103
delay_stress,MIX,fixed_half,2020_2022,0.0010654773886560331,0.055393905423440026,0.08399796842217609,-0.11748603004096014,0.009068970909005665,1.0032005703256288,0.014363970704441231,10.492439856923681,0.0952566132375144,-0.07644851404882103
delay_stress,MIX,fixed_half,2023_end,0.040551681264977546,0.7664214250416307,0.05368649418937124,-0.07336020897354278,0.552774887536136,1.1265630864364191,0.012369464611968436,9.010571318752962,0.08361982645229081,-0.027952161476942683
delay_stress,MIX,fixed_half,2020,-0.037816605705230044,-0.5681727373462169,0.06411045410159918,-0.08549939215056401,-0.4423026264167491,0.9621072322786253,0.012808819220937285,9.395458469262348,0.027483364877980632,-0.05179611083733093
delay_stress,MIX,fixed_half,2021,0.11879362717107278,1.7264052356818214,0.06624469559632232,-0.056325756685632666,2.109046272278028,1.1187076717544724,0.014354685191793524,10.46437117886036,0.0332911243406473,-0.025358314434582363
delay_stress,MIX,fixed_half,2022,-0.06797674528176934,-0.5675250674983687,0.11253759453525133,-0.10858649364600126,-0.6260147371861713,0.9320681648483735,0.01593266838958879,11.62049535110769,0.033209198995562274,-0.07644851404882103
delay_stress,MIX,fixed_half,2023,-0.005373147519454835,-0.2677010872003861,0.019413228920239355,-0.01965945624753318,-0.2733110952714699,0.9946305203081418,0.010968143258348325,8.00358097540008,0.02373159473703028,-0.007445439973316259
delay_stress,MIX,fixed_half,2024,0.03205093424924921,0.5653680089677656,0.058776356186630886,-0.07336020897354278,0.4368980772779466,1.032117793014941,0.01235431240708735,8.990476177872079,0.027636294915428274,-0.02113793497416616
delay_stress,MIX,fixed_half,2025,0.09774908692698303,1.37658547725725,0.06943043020769309,-0.03863932487739463,2.5297824751635267,1.097398773039104,0.01378987120828112,10.040533672835938,0.031561553963964,-0.027952161476942683
delay_stress,BTC,recent24_raw,full,-0.020750665641235733,-0.2080851347505511,0.08336768197110644,-0.2279058446473038,-0.09104929131303531,0.8818042273078454,0.016232241541695336,11.843984334687313,0.18656842188094835,-0.1318171722560234
delay_stress,BTC,recent24_raw,2020_2022,-0.03992043701278747,-0.33668907913826357,0.10403259093193114,-0.20182429476569386,-0.1977979760025063,0.8849313178489151,0.014986350119909434,10.937264294026505,0.08780279274497271,-0.1318171722560234
delay_stress,BTC,recent24_raw,2023_end,-0.0011801007382434836,0.006265256428134841,0.05548565069007093,-0.10194115927834857,-0.011576293094933706,0.9964662901199258,0.01747927076386643,12.751532430179774,0.1116082425199443,-0.03993607901970164
delay_stress,BTC,recent24_raw,2020,-0.14449964375945645,-0.9085182635314285,0.15716832745089668,-0.201339391405287,-0.7176918672043925,0.8552262381791385,0.02090433753016378,15.285530250325113,0.04195948211458869,-0.1318171722560234
delay_stress,BTC,recent24_raw,2021,0.032508146262842486,1.0448215297088126,0.03105949721486131,-0.040340837178660105,0.8058371748427414,1.032485538090323,0.007983426704470272,5.813182145123648,0.017758465705218055,-0.017083333570083847
delay_stress,BTC,recent24_raw,2022,0.0021788158639841626,0.06748084292693776,0.08230477690746782,-0.06536435247010686,0.03333339628784057,1.002177322923439,0.016055072460956565,11.701167429216238,0.034717442784944555,-0.03369152062609759
delay_stress,BTC,recent24_raw,2023,0.004304230583204616,0.11359801040465145,0.0474303643494765,-0.03489423569958261,0.12335076258042531,1.0043012781710339,0.01877366000427533,13.693126937704639,0.0404042462905645,-0.009620146182800049
delay_stress,BTC,recent24_raw,2024,-0.05708347162367866,-0.8682706908132671,0.06518699252944304,-0.10011637830044784,-0.570171160730285,0.9428027317680834,0.016681109854842356,12.183143176873998,0.0346697364941294,-0.03993607901970164
delay_stress,BTC,recent24_raw,2025,0.05257711550705668,1.0052262945108035,0.0522806729847351,-0.039040316275328224,1.3467389745580296,1.052392546866092,0.016983871917585002,12.378863395738389,0.03842723617838703,-0.02111102619021643
delay_stress,ETH,recent24_raw,full,0.03298198765226945,0.4993140245992632,0.06978030810381682,-0.1220721127554183,0.2701844582501134,1.2148906795281476,0.015918374647648316,11.601407341420467,0.22044557943918833,-0.04389112292711295
delay_stress,ETH,recent24_raw,2020_2022,0.01447507335808118,0.2370327720490813,0.07131356727359331,-0.10904051783548185,0.13274949207340414,1.0440671062963771,0.015553224778875564,11.34567079144244,0.1061150439690349,-0.04389112292711295
delay_stress,ETH,recent24_raw,2023_end,0.051843886558887275,0.773804395549236,0.0682308126399893,-0.06444457311804574,0.8044724955183227,1.1636135955261855,0.016283857986620857,11.857377440759201,0.10950496838820882,-0.031743976379149386
delay_stress,ETH,recent24_raw,2020,0.01444317060585032,0.3334314161727418,0.046151403057978116,-0.06629274108743499,0.21786956413223124,1.0144730416300975,0.012787810839322278,9.339052873249237,0.027885775884009905,-0.02155393736876199
delay_stress,ETH,recent24_raw,2021,0.07837538081607676,1.02627355628197,0.0762936631885289,-0.057219994021069365,1.3697201853467098,1.0783196878699988,0.016138507792090275,11.763914520703102,0.03660880651757426,-0.026808101554017694
delay_stress,ETH,recent24_raw,2022,-0.04560865630580979,-0.5021841138067129,0.08556899025511228,-0.08333268803560778,-0.5473081137898895,0.9544218386362924,0.01774093218176086,12.939542563712497,0.037562514521753534,-0.04389112292711295
delay_stress,ETH,recent24_raw,2023,-0.04109576112413715,-1.1079367897680694,0.037219652117885124,-0.043946742464863076,-0.9351264466756466,0.9589317817211828,0.01841460062909473,13.433898662805644,0.03924703535754081,-0.02688632902187338
delay_stress,ETH,recent24_raw,2024,0.05946580039421501,1.0395413643643097,0.05707613883323713,-0.06444457311804574,0.9227433361268308,1.0595914748913797,0.012474647122136948,9.062171520836465,0.028435319446848316,-0.02087632127238015
delay_stress,ETH,recent24_raw,2025,0.14573670270794414,1.4555364761018126,0.09654058881111383,-0.049087905191034564,2.9688922788777217,1.145203373754996,0.0179774022500773,13.08708931066242,0.04231022481549179,-0.031743976379149386
delay_stress,MIX,recent24_raw,full,0.007902031756609418,0.15755855963478785,0.06233560479577915,-0.11652881952503913,0.06781182362283751,1.0483474534179964,0.016080587572987977,11.734915017560212,0.20350700066006835,-0.06671010391297749
delay_stress,MIX,recent24_raw,2020_2022,-0.01197374349194169,-0.13342618711826773,0.07102206421500654,-0.11458687035630177,-0.10449489941308261,0.9644992120726461,0.015332907247320351,11.201600852926497,0.09695891835700382,-0.06671010391297749
delay_stress,MIX,recent24_raw,2023_end,0.02819634267308646,0.5578772682444699,0.052228051902901446,-0.07298285623076795,0.38634200042721145,1.0869344840263435,0.016828950711738407,12.268716227093133,0.11046984898422015,-0.02708610882814322
delay_stress,MIX,recent24_raw,2020,-0.06502129294178816,-0.7618265708608621,0.0834843745420958,-0.11458687035630177,-0.5674410404927537,0.934849639904618,0.016600884229457366,12.169361797010081,0.0349226289992993,-0.06671010391297749
delay_stress,MIX,recent24_raw,2021,0.057394905899638804,1.1308880100609568,0.050438665071450485,-0.041830685109760735,1.3720766406057816,1.057354515598974,0.012443217345246413,9.0662090268707,0.02798640063902521,-0.022315280357403156
delay_stress,MIX,recent24_raw,2022,-0.024264320477922152,-0.28971872611919586,0.07496992243219207,-0.07114039751230528,-0.3410765377537441,0.9757520845412815,0.01695114625771717,12.366580335051905,0.03629174780942006,-0.039332590904565534
delay_stress,MIX,recent24_raw,2023,-0.020268616038223275,-0.664962562230319,0.030095504699629187,-0.038235893238096064,-0.5300939594116447,0.9797451156155833,0.01860628202442047,13.573919857105535,0.03977790784720786,-0.014568543971329118
delay_stress,MIX,recent24_raw,2024,0.004661998963282787,0.11859488449825636,0.049462882698471905,-0.07298285623076795,0.06387800099987581,1.0046715941820643,0.014361321691024454,10.466493340270842,0.03136705268904382,-0.02046388148342948
delay_stress,MIX,recent24_raw,2025,0.10462286596774173,1.4650816054995977,0.06949766778459318,-0.033331098614779675,3.1388964155339862,1.1042467685764177,0.017527924042651463,12.772052083198718,0.04059669593256123,-0.02708610882814322
delay_stress,BTC,ewma_raw,full,-0.02002151333746416,-0.19980168353463781,0.08340059323489567,-0.22536395129601605,-0.0888407982835101,0.885750231734608,0.01703043253276487,12.426281466372034,0.1981215186947684,-0.10867575945791519
delay_stress,BTC,ewma_raw,2020_2022,-0.03557563028034871,-0.31227251865816297,0.0995588154154474,-0.18901443190268774,-0.18821647597081098,0.897002719688119,0.01553387246186342,11.337053121265045,0.09244980340642128,-0.10867575945791519
delay_stress,BTC,ewma_raw,2023_end,-0.00420199187768544,-0.03516422500524648,0.0632603586959304,-0.11876521532147444,-0.03538066146987114,0.9874554583765104,0.018528359325192256,13.516504540561312,0.11780534547887257,-0.0460571642867067
delay_stress,BTC,ewma_raw,2020,-0.13110033289341072,-0.930112354747482,0.13995267914543558,-0.184640528891322,-0.7100300983787551,0.8686489755555978,0.021114848964855267,15.434964586921,0.04288521894363003,-0.10867575945791519
delay_stress,BTC,ewma_raw,2021,0.03988588878837862,1.152200384809568,0.03443631950353555,-0.04491743473237364,0.8879823397312447,1.0398580514051965,0.008653783088886669,6.302975019710894,0.019340018969817154,-0.01847779287309481
delay_stress,BTC,ewma_raw,2022,-0.006944965393199776,-0.026458366784317545,0.0945943719332157,-0.07296381329371082,-0.09518369558404649,0.9930597716428058,0.016817694985264777,12.261992602462813,0.03627358113571015,-0.039802689191081986
delay_stress,BTC,ewma_raw,2023,0.011033791689780692,0.22023057949551464,0.056919183480915146,-0.03703244999827715,0.2979492766558522,1.0110261979870785,0.01982365376690486,14.459123112244567,0.04266090274232595,-0.011574852118658496
delay_stress,BTC,ewma_raw,2024,-0.07334294932726437,-1.0088216409400834,0.0727993961384035,-0.11625884655735541,-0.6308590829780957,0.9265121234484062,0.01860878780168822,13.58603759295918,0.0382892385462899,-0.0460571642867067
delay_stress,BTC,ewma_raw,2025,0.054344781693504984,0.9280019098169485,0.05881831730738583,-0.04385916380514565,1.2390747332745349,1.0541538495879286,0.01714863599106418,12.501381255281068,0.03889391404506597,-0.02515137803652545
delay_stress,ETH,ewma_raw,full,0.04316651047036424,0.5900329697404375,0.07647530555224259,-0.12004526659491477,0.359585277244016,1.288536401779677,0.016311286706057256,11.888088915155835,0.23326065951356212,-0.04783072581533354
delay_stress,ETH,ewma_raw,2020_2022,0.025163919134228996,0.3697871313095534,0.07471577025113332,-0.11581825024757864,0.21727075897311002,1.077425687776087,0.015676032843746697,11.436799037926962,0.10942210239615426,-0.04783072581533354
delay_stress,ETH,ewma_raw,2023_end,0.06150211543489359,0.8007255554750777,0.07822024512112001,-0.0742776742162351,0.8280027085372967,1.1959399301490048,0.01694712070888134,12.339790929258887,0.11493930256389454,-0.03560332377675279
delay_stress,ETH,ewma_raw,2020,0.03320668778624691,0.7409467528568716,0.0454355163885107,-0.0563089867237585,0.5897227017980771,1.0332759961199018,0.012644386383238957,9.235408789022525,0.02790291778162929,-0.015165558503044685
delay_stress,ETH,ewma_raw,2021,0.09076300511707625,1.138881198847359,0.07895439988785952,-0.05894128225083317,1.5398885407823522,1.0906981455020268,0.016661251430456783,12.147436769905621,0.038033633988174734,-0.02722398653394409
delay_stress,ETH,ewma_raw,2022,-0.04401070017928976,-0.44250168355790714,0.09201033217291565,-0.08872012227591564,-0.49606221283620916,0.956018751130256,0.017730766598258074,12.933582761014117,0.03746249804685637,-0.04783072581533354
delay_stress,ETH,ewma_raw,2023,-0.03983467893636383,-1.0801569742247108,0.036970021222947916,-0.04269027084623922,-0.9331090702103861,0.9601920363758613,0.018985177030590675,13.850454474140031,0.040490189428213696,-0.026370610590844
delay_stress,ETH,ewma_raw,2024,0.07178930326651156,1.0536405209899062,0.06790689415722649,-0.0742776742162351,0.9664990728912773,1.0719418944443924,0.01393630971904764,10.124724310561593,0.032041487868251534,-0.024025253133203583
delay_stress,ETH,ewma_raw,2025,0.16252915809720614,1.4067557644699342,0.11125996886784177,-0.05504605949635566,2.9526029580367408,1.1619301526608738,0.01793081923870338,13.052214524208312,0.04244088398450896,-0.03560332377675279
delay_stress,MIX,ewma_raw,full,0.014026209196621009,0.24358552140960554,0.06613067076353603,-0.1039055402830209,0.13499000302020486,1.0871433167571425,0.016654304547309744,12.15346495876679,0.21569108910416526,-0.05491561077307927
delay_stress,MIX,ewma_raw,2020_2022,-0.004279252050955584,-0.02349082680928183,0.0717317790917918,-0.1039055402830209,-0.04118406043892976,0.987214203732103,0.015655788883865887,11.437249568450175,0.10093595290128776,-0.05491561077307927
delay_stress,MIX,ewma_raw,2023_end,0.03268538078630212,0.5650970932929144,0.06002196228479971,-0.08406190369568911,0.3888251318293462,1.1012233339504878,0.017653732097204233,12.870334427065432,0.11624137473818014,-0.03112880905328419
delay_stress,MIX,ewma_raw,2020,-0.048939527504726854,-0.6359179674802293,0.07441437416278766,-0.1039055402830209,-0.4710001735366946,0.9509624858377499,0.016624768147703653,12.185004807699386,0.035394068362629656,-0.05491561077307927
delay_stress,MIX,ewma_raw,2021,0.06752615412505425,1.254460738488434,0.05317987570334457,-0.045320161061458974,1.4899804533677976,1.0674784095439585,0.013039294011533132,9.502368418083366,0.029495868420681276,-0.02319587377313126
delay_stress,MIX,ewma_raw,2022,-0.027520141712281232,-0.28908314024472426,0.08413051597071347,-0.07670877210733995,-0.3587613379311014,0.9724984333728783,0.01730064975465173,12.622326835076684,0.036933544669291316,-0.04306772378210244
delay_stress,MIX,ewma_raw,2023,-0.016724843132840728,-0.4905176109776857,0.03324443613018373,-0.0385470198180643,-0.43388161294386135,0.9832865081966401,0.01939735634025006,14.151223191979426,0.041476366358742495,-0.014406201720763123
delay_stress,MIX,ewma_raw,2024,0.0039995353635928765,0.09821729848716118,0.057160039040247385,-0.08406190369568911,0.047578453351134156,1.004007764397036,0.01599705638290053,11.658654702535658,0.034959979069595935,-0.022961780595715964
delay_stress,MIX,ewma_raw,2025,0.11588959565266999,1.4051211419753462,0.08023584674869454,-0.038954032754775825,2.97503461020892,1.115470921824171,0.01757109600578509,12.804264042406873,0.040911888365909053,-0.03112880905328419
delay_stress,BTC,recent24_calibrated,full,-0.026671022847988612,-0.23134807777385574,0.09591670745764606,-0.25765464310259734,-0.10351462145926976,0.8503035452421865,0.017505299163842455,12.771817805035885,0.19604058587975404,-0.15394479307906017
delay_stress,BTC,recent24_calibrated,2020_2022,-0.0486943339313014,-0.3471695870214588,0.1212121375037445,-0.23463350588407417,-0.20753359051524342,0.8608855362059432,0.016776522989650412,12.241553319463097,0.09631054763599411,-0.15394479307906017
delay_stress,BTC,recent24_calibrated,2023_end,-0.004117043740044957,-0.0374538970587416,0.06090043858383741,-0.11593975904011966,-0.03551019748644035,0.9877080163172526,0.01823474088705203,13.302566550412847,0.11584587503152365,-0.04485312405094144
delay_stress,BTC,recent24_calibrated,2020,-0.16875884703627975,-0.9247484089515272,0.1806434597956302,-0.23463350588407417,-0.719244450618484,0.8309257246681828,0.02252252939787401,16.459913658207174,0.04424882343300952,-0.15394479307906017
delay_stress,BTC,recent24_calibrated,2021,0.051559331173915535,1.2664944609477906,0.040309763928919704,-0.050048489829935705,1.030187551095221,1.0515231468266923,0.010072236684689454,7.339058891790652,0.022677811479537877,-0.02051495481013621
delay_stress,BTC,recent24_calibrated,2022,-0.014719331975532546,-0.10013231425902833,0.09890377798918697,-0.07653339540081527,-0.19232561025739814,0.9852906683949646,0.01771906040307757,12.914130256778467,0.0380184462922594,-0.0494706917515384
delay_stress,BTC,recent24_calibrated,2023,0.007590791257750196,0.17327663130933357,0.05087488294687681,-0.03546250011811414,0.21405121557892762,1.0075855759880905,0.019040237256560694,13.88737847126532,0.04099091867947333,-0.010315188805302133
delay_stress,BTC,recent24_calibrated,2024,-0.07156470095150502,-0.9929237209472902,0.07208965911496026,-0.11435087651225895,-0.6258343017058812,0.9282937480807437,0.01821611515329439,13.301255762074984,0.037551307584140804,-0.04485312405094144
delay_stress,BTC,recent24_calibrated,2025,0.05619100712538461,0.9745949812994542,0.05773834860294924,-0.04224362416130323,1.3301653975242427,1.055993417958662,0.017445759688383446,12.717465993875765,0.03957810303456135,-0.02407140181437195
delay_stress,ETH,recent24_calibrated,full,0.0458254581591897,0.5984093208272963,0.08014767996019262,-0.1319114473977151,0.3473956132178978,1.3083640991329277,0.016887415581086085,12.30810816130352,0.24429256656173998,-0.05014392151052416
delay_stress,ETH,recent24_calibrated,2020_2022,0.026955879209327183,0.3607453488232273,0.0833179398067446,-0.12007113096631783,0.22449925300436127,1.0830868010664048,0.01691571687734063,12.340803843417294,0.11907050979147792,-0.05014392151052416
delay_stress,ETH,recent24_calibrated,2023_end,0.06505946163303555,0.8570532092522914,0.07687040744675532,-0.07407061222265643,0.8783437814374568,1.2079956083341754,0.016859088438898884,12.275382620119323,0.11561590137278813,-0.036607407740354536
delay_stress,ETH,recent24_calibrated,2020,0.030933705998159367,0.6394356684268343,0.049505745787566745,-0.06002014191895988,0.515388751328288,1.0309981993800883,0.01373722587224641,10.0338990413161,0.030315004442911356,-0.017759277126505935
delay_stress,ETH,recent24_calibrated,2021,0.12282612477143484,1.3094698354674332,0.09159553382697733,-0.07018413303105209,1.7500554536606154,1.1227370946969255,0.018831218683420494,13.731105373478105,0.04356493490999136,-0.03216945073846311
delay_stress,ETH,recent24_calibrated,2022,-0.06436273883802601,-0.6146166671767129,0.09995178308535672,-0.09856970005286991,-0.6529667717716876,0.9356798668768428,0.01818741427088949,13.263727402586726,0.0378735411442781,-0.05014392151052416
delay_stress,ETH,recent24_calibrated,2023,-0.03537028087366567,-1.0310289581756222,0.034329198456973915,-0.03809561193811717,-0.928460761599563,0.9646534957671936,0.017706041932740526,12.918142843906802,0.037891717150408885,-0.02268624838539457
delay_stress,ETH,recent24_calibrated,2024,0.07997504043512205,1.1175313596325296,0.07101382431933541,-0.07407061222265643,1.0797135062785346,1.0801456720739027,0.013777812292879318,10.008360651230136,0.03186746959905067,-0.02438011425622022
delay_stress,ETH,recent24_calibrated,2025,0.15993109301889463,1.4346030339898754,0.10726624914362387,-0.05709891092968178,2.800948221514283,1.1593423031711039,0.01910801438447845,13.910334705094638,0.04509082332111975,-0.036607407740354536
delay_stress,MIX,recent24_calibrated,full,0.012808238697151753,0.21125601484956896,0.07289476901954378,-0.12450138935872845,0.10287627120567391,1.0793338221875572,0.01718033025707279,12.537668349483415,0.22016657622074703,-0.07771197606064506
delay_stress,MIX,recent24_calibrated,2020_2022,-0.009424383883172571,-0.0694053621088202,0.08422722501183025,-0.12450138935872845,-0.07569701777397758,0.9719861686361739,0.01689688980968506,12.344848060932497,0.10769052871373602,-0.07771197606064506
delay_stress,MIX,recent24_calibrated,2023_end,0.035560844397260594,0.6167643973588157,0.059445940950821334,-0.08358682141068241,0.4254360172704918,1.1104415443503752,0.017464029554184163,12.730664729622047,0.11571774489839694,-0.031435268656435644
delay_stress,MIX,recent24_calibrated,2020,-0.06890155646596052,-0.7062062809306022,0.0944775256887713,-0.12450138935872845,-0.5534199804584753,0.9309619620241356,0.017767121147838485,13.024608818690044,0.03728191393796044,-0.07771197606064506
delay_stress,MIX,recent24_calibrated,2021,0.0910213092106551,1.4269421729608172,0.06237030817396483,-0.05298087364750281,1.7180031763206924,1.09095625742625,0.014965087880789096,10.909451748724173,0.0342435829747587,-0.026928640446212904
delay_stress,MIX,recent24_calibrated,2022,-0.04300924390851868,-0.4310042097554331,0.0919918715543326,-0.08169613707494505,-0.5264538257061477,0.9570195524137978,0.017956076204980607,13.098621257142849,0.037935870923196856,-0.04738584544227764
delay_stress,MIX,recent24_calibrated,2023,-0.016345186020330527,-0.5345308327206136,0.02997578923262692,-0.035397872854677215,-0.46175616505077066,0.9836659097778079,0.01832512003512427,13.369083669821963,0.03926419438118192,-0.012655520508721319
delay_stress,MIX,recent24_calibrated,2024,0.011239796414313385,0.2200649064418188,0.05846998873072265,-0.08358682141068241,0.1344685229635606,1.0112630055668648,0.015673247987023065,11.4204261163895,0.034445757091968024,-0.023588999314232417
delay_stress,MIX,recent24_calibrated,2025,0.11672966793917627,1.4305791938379944,0.07928516548369352,-0.0404131693824763,2.8884066684903917,1.116307803931695,0.01840119446637599,13.407929617726836,0.04279532534364944,-0.031435268656435644
delay_stress,BTC,ewma_calibrated,full,-0.02710665576939597,-0.22364901725792755,0.09975935375233164,-0.26600923141220134,-0.10190118450209784,0.8480231958692999,0.01887388257895148,13.769576382316421,0.21131112101989466,-0.1419276083807669
delay_stress,BTC,ewma_calibrated,2020_2022,-0.04827002465423802,-0.34164986224353594,0.12189030663264372,-0.22068855915966712,-0.2187246354683701,0.8620382512048189,0.017891077675211812,13.05452567394482,0.10297908835002101,-0.1419276083807669
delay_stress,BTC,ewma_calibrated,2023_end,-0.005452707313131633,-0.04166625897388766,0.07105751762647809,-0.13483554218115767,-0.04043968841543035,0.9837419565594322,0.019857585021416026,14.485280105033562,0.12566963533052564,-0.052564503615496694
delay_stress,BTC,ewma_calibrated,2020,-0.16776067743359646,-0.9593617501015008,0.1743272153428511,-0.22068855915966712,-0.760169344855899,0.8319255655827825,0.023825807545840478,17.405359794091435,0.04685975044329591,-0.1419276083807669
delay_stress,BTC,ewma_calibrated,2021,0.056442302806258615,1.2654543734789299,0.0441287608412916,-0.055688477328950436,1.0135364713395798,1.0564026005958624,0.010900930201928071,7.945375199328735,0.024617302773363374,-0.02262093470082538
delay_stress,BTC,ewma_calibrated,2022,-0.01914037046088024,-0.11938520312895483,0.1104607862833498,-0.08500820650502838,-0.2251590904902582,0.9808726043090984,0.01893023574397475,13.800921934934436,0.040552588105816974,-0.05457847420165329
delay_stress,BTC,ewma_calibrated,2023,0.014349408086731241,0.25999008584862865,0.06187728418114038,-0.03852765330283858,0.3724443836207908,1.0143395163677422,0.020479257021360553,14.937352725779126,0.0440673290903865,-0.01255789166841026
delay_stress,BTC,ewma_calibrated,2024,-0.08617409285953415,-1.041809037975474,0.08308318130458692,-0.13258515340462884,-0.649952808792584,0.9136568270888574,0.020875562167823557,15.235463285650706,0.0425441899175937,-0.052564503615496694
delay_stress,BTC,ewma_calibrated,2025,0.06170469702110659,0.934070327184701,0.06636996516156783,-0.04896649435183731,1.2601412014048199,1.0614871613342587,0.018210634703930008,13.277660460313763,0.041486605906917016,-0.028508737615373536
delay_stress,ETH,ewma_calibrated,full,0.0531503321157385,0.6311523960469448,0.08806855613227524,-0.13461270607075804,0.39483889498366126,1.3643048613936597,0.017991454537182868,13.113528025070844,0.265099640303365,-0.05459528980027728
delay_stress,ETH,ewma_calibrated,2020_2022,0.03289775894754121,0.41014704214587017,0.08841333836637122,-0.12507987184865466,0.26301401225728116,1.1020000828430763,0.01783342429735814,13.010983680262498,0.12709126472537935,-0.05459528980027728
delay_stress,ETH,ewma_calibrated,2023_end,0.07381905021236523,0.8538329020845918,0.08775081973676979,-0.0844226658536299,0.8743984742243396,1.2380260969435293,0.01814962909686132,13.216166017682669,0.1252344511825576,-0.04061509502289262
delay_stress,ETH,ewma_calibrated,2020,0.042259524317119546,0.8091488523865048,0.05281922320362059,-0.05880452748851306,0.7186440589183302,1.0423481115291295,0.014368952269243814,10.494626124595179,0.03187322360122828,-0.016194661816171574
delay_stress,ETH,ewma_calibrated,2021,0.1275148069412304,1.297370111194956,0.09597296253359794,-0.07256497428862374,1.7572500809281115,1.1274221894364571,0.019787080095843533,14.42942608858621,0.04589682168021812,-0.03313229019218489
delay_stress,ETH,ewma_calibrated,2022,-0.06230166825163974,-0.5462769571576622,0.1070544919699984,-0.1004327093843509,-0.6203324458092075,0.937739618975472,0.01935373223117369,14.115792957895609,0.040315632000302505,-0.05459528980027728
delay_stress,ETH,ewma_calibrated,2023,-0.03746685638697567,-1.0426645650156916,0.03597473284700369,-0.04022908244989376,-0.9313375822986142,0.9625583020800355,0.018865317086145337,13.76347676813862,0.040297993452513454,-0.024866028689708775
delay_stress,ETH,ewma_calibrated,2024,0.08827107416660529,1.0919809381879302,0.08030294208202801,-0.0844226658536299,1.0455850129116708,1.0884601196195958,0.015413486623487002,11.199837374544266,0.03585188981787022,-0.027650831855187685
delay_stress,ETH,ewma_calibrated,2025,0.1823312544248059,1.4105763630039228,0.1239441280378956,-0.06314011959913834,2.8877242485821033,1.181653740029837,0.0201831511550106,14.694759038210783,0.0481307808834179,-0.04061509502289262
delay_stress,MIX,ewma_calibrated,full,0.016962460391334533,0.2540220759302239,0.078294302588333,-0.12331280076425788,0.13755636305562763,1.1061640286314798,0.01840137902636487,13.429211290340305,0.23820538066162983,-0.0715575533263435
delay_stress,MIX,ewma_calibrated,2020_2022,-0.006028526296531722,-0.02510286327148417,0.08709562930524264,-0.12331280076425788,-0.048888081846885485,0.9820191670239475,0.01790949190518403,13.084357250563102,0.11503517653770017,-0.0715575533263435
delay_stress,MIX,ewma_calibrated,2023_end,0.04050696723256175,0.6139651554403104,0.06838087067147713,-0.09555070518236775,0.4239316408523652,1.1264179618649999,0.018893715359528523,13.77438026531365,0.12542545834130955,-0.03570567864955687
delay_stress,MIX,ewma_calibrated,2020,-0.06273847176275515,-0.660293738578715,0.09153070591577513,-0.12331280076425788,-0.5087750126014481,0.937136838555956,0.01869592557601961,13.702410878603104,0.039366487022262094,-0.0715575533263435
delay_stress,MIX,ewma_calibrated,2021,0.09596777856228389,1.415459356470252,0.06624512236549876,-0.05657918295055653,1.6961676284040423,1.095899038716702,0.01588657216747235,11.582233016398932,0.036451575760106096,-0.028427507276105657
delay_stress,MIX,ewma_calibrated,2022,-0.043834468589742936,-0.39746184205224794,0.09995823459798558,-0.08867830631532203,-0.4943088158887076,0.9561948675102212,0.019143823359263325,13.966734559076208,0.040417018069114366,-0.05151908192040955
delay_stress,MIX,ewma_calibrated,2023,-0.014724351278684877,-0.4155256803072436,0.034275041946467265,-0.03791833580574844,-0.3883174449985397,0.9852856524764194,0.019607658307658534,14.304820901978283,0.04195239675266658,-0.013968685216338872
delay_stress,MIX,ewma_calibrated,2024,0.009455112878286709,0.17412692615270367,0.06668821769381364,-0.09555070518236775,0.09895387857411113,1.0094746195805988,0.01771042446292695,12.907036192906377,0.03887582982572068,-0.026569713557258567
delay_stress,MIX,ewma_calibrated,2025,0.13299394239583817,1.4055639498448722,0.09170817344543002,-0.04567512564355192,2.9117367609171163,1.1325098920181316,0.019367603524607424,14.114592073331421,0.04541355011299278,-0.03570567864955687
delay_stress,BTC,full_linear,full,-0.03260192856277899,-0.2642940374191768,0.10403417512976326,-0.29434757720286864,-0.11075996912422102,0.8196925897477237,0.019317813509723804,14.094248121469727,0.21079866634637204,-0.15164288044833507
delay_stress,BTC,full_linear,2020_2022,-0.0589244324140068,-0.41223887622804356,0.1266470045472952,-0.24012190441213555,-0.24539382426715758,0.8334037338952751,0.018143230021775807,13.23869225691044,0.10280123160262751,-0.15164288044833507
delay_stress,BTC,full_linear,2023_end,-0.005518113000876124,-0.036851821297152636,0.07489009447481336,-0.14394569365059673,-0.0383346862343127,0.9835480168975649,0.02049346967665623,14.950585315585688,0.12958597418201082,-0.049048760785339485
delay_stress,BTC,full_linear,2020,-0.1748555437431477,-0.9496859909796642,0.1831943492795075,-0.23116995491036363,-0.7563938999380266,0.8248188734194698,0.02438883399259264,17.81423475506801,0.04762030539101507,-0.15164288044833507
delay_stress,BTC,full_linear,2021,0.04584424197702752,1.0882753858258467,0.041969984288841154,-0.055285219750071946,0.829231432637434,1.0458121552761814,0.010802518866535374,7.8764182335963175,0.024206586570554318,-0.02266015411615152
delay_stress,BTC,full_linear,2022,-0.03387588523855323,-0.24771487922565244,0.11299538624022358,-0.09306562436178223,-0.3639999781967239,0.9661469045622151,0.019221225962443744,14.012888049195329,0.04082384417068246,-0.05919299959499569
delay_stress,BTC,full_linear,2023,0.018266720587483576,0.3001098379088838,0.06761263933094322,-0.04009372595606797,0.4556004749346326,1.0182541042724502,0.02118374913012259,15.45129210780481,0.04558242251216528,-0.01368467803796547
delay_stress,BTC,full_linear,2024,-0.09395371598473912,-1.151422475551274,0.08262747370294199,-0.14016399524753276,-0.6703127705429255,0.9058627400721809,0.021474472455095896,15.672712502203739,0.04353970384299326,-0.049048760785339485
delay_stress,BTC,full_linear,2025,0.06652915660749881,0.9106256831038793,0.07358968197610397,-0.05298905511684304,1.2555263810762296,1.0662940876728768,0.01881490094746903,13.722408036843417,0.0430064354558424,-0.0319806055384364
delay_stress,ETH,full_linear,full,0.056511021906115566,0.6541106601013016,0.09010558181779625,-0.1394505977213054,0.4052404423468581,1.3906297337233917,0.018181814314710897,13.252289020323728,0.26739654154077735,-0.05669920940167883
delay_stress,ETH,full_linear,2020_2022,0.02494155808042664,0.3302301125542718,0.08571359127185918,-0.12722510943373277,0.19604273237758815,1.0767245896106121,0.017218869293069216,12.56249957538037,0.12163846453548317,-0.05669920940167883
delay_stress,ETH,full_linear,2023_end,0.08908303619709534,0.9500770945273439,0.09430898914514431,-0.10273597038797655,0.8671065826377882,1.2915370812013318,0.019145638738198835,13.942708409965661,0.13537173610756517,-0.0357834906543113
delay_stress,ETH,full_linear,2020,0.046699830918728535,0.9162191381224889,0.05119384195113703,-0.05398114251922481,0.8651137923228818,1.0467979334196833,0.013432053629693883,9.811354077253002,0.029856911494699868,-0.0160885416860993
delay_stress,ETH,full_linear,2021,0.1126256530432932,1.2158073077415659,0.0911090708015941,-0.07086573747418967,1.5892821701645747,1.112544381277786,0.018757776051650125,13.677478994674036,0.042922350916484615,-0.03281339264252481
delay_stress,ETH,full_linear,2022,-0.07551239966430745,-0.6903344536426294,0.10547232937753392,-0.10692353284191936,-0.7062280646482981,0.9245372845838697,0.019477153035297547,14.206203039140444,0.04022853884964655,-0.05669920940167883
delay_stress,ETH,full_linear,2023,-0.030311507266994386,-0.8915385728924212,0.03385687957004407,-0.03597808115588674,-0.8424992743681887,0.9697089223802703,0.0184306669779527,13.446723824745556,0.039549883922211905,-0.021368629589715304
delay_stress,ETH,full_linear,2024,0.11713059660458902,1.1102267474269818,0.10445450703502186,-0.10273597038797655,1.1401128169836912,1.1173847060290618,0.017835489359236133,12.966435914104327,0.04229447643351077,-0.0334258088734366
delay_stress,ETH,full_linear,2025,0.19268197738482562,1.5152019619192167,0.12091006195611677,-0.057881083539759404,3.328928306127328,1.191962974580048,0.02117992270850154,15.421692220654082,0.050582928433625274,-0.0357834906543113
delay_stress,MIX,full_linear,full,0.016808701356794797,0.24715388060667637,0.08063146174128834,-0.12325986499592323,0.13636800070607524,1.1051611617355577,0.01871519333994558,13.657435887839782,0.2390976039435747,-0.0763669769575489
delay_stress,MIX,full_linear,2020_2022,-0.015205303443038165,-0.12891886889098397,0.0880681591085456,-0.1230360321819608,-0.12358414988993383,0.9550641617529436,0.017686086517599304,12.921498844616947,0.11221984806905533,-0.0763669769575489
delay_stress,MIX,full_linear,2023_end,0.04989409998190908,0.7074152509955981,0.0724312527649889,-0.10974776005840381,0.4546252238347027,1.1571590747443847,0.019745239985873908,14.394045019686564,0.13284736351288212,-0.0342728973911397
delay_stress,MIX,full_linear,2020,-0.06406436301385976,-0.6441948856982204,0.09540996706973988,-0.1230360321819608,-0.5206959447384771,0.9358084034195766,0.018441935103702612,13.516391409000034,0.03873860844285747,-0.0763669769575489
delay_stress,MIX,full_linear,2021,0.0831948316504656,1.296432855516524,0.06313485515501736,-0.05547957274131787,1.499557901038179,1.0831355838838506,0.015274194197915205,11.136496453943545,0.03467434010220623,-0.028282819594278585
delay_stress,MIX,full_linear,2022,-0.05779568807809421,-0.5382357783563678,0.10090586215254344,-0.09452682764055997,-0.6114210062974227,0.9422427058442596,0.01934005943313598,14.10997882826512,0.04048184881722082,-0.053272910283117314
delay_stress,MIX,full_linear,2023,-0.009116651483832894,-0.24032372147186343,0.03549470273490971,-0.034568048766135284,-0.26373057806965533,0.9908895600126735,0.019664565144481894,14.346751269267282,0.04218192708070863,-0.012062253592017402
delay_stress,MIX,full_linear,2024,0.022500663026111756,0.32420256471589914,0.07781188518989525,-0.10974776005840381,0.2050216151485708,1.0225473826261033,0.01933353219002613,14.087743345605682,0.04285278267848674,-0.03026096380185861
delay_stress,MIX,full_linear,2025,0.14256907019402187,1.4959046428460994,0.09180227534149779,-0.04551948332926148,3.13204500065961,1.1420480363863232,0.02024010638803977,14.749453348303705,0.04757359025916866,-0.0342728973911397
delay_stress,BTC,boosted,full,-0.03178774435465603,-0.26805131701943746,0.10076410068780674,-0.2856704904524755,-0.11127416172495522,0.8238395914452281,0.018761109438902766,13.688793865187106,0.20510203154969386,-0.14850901143278072
delay_stress,BTC,boosted,2020_2022,-0.05813268520224246,-0.4243672907869873,0.12238118558052848,-0.24273807902958267,-0.23948729195948606,0.8355094667384629,0.01746636967974245,12.74507372668454,0.09878120741676877,-0.14850901143278072
delay_stress,BTC,boosted,2023_end,-0.0046808347037538,-0.028248720107163835,0.07301447312443049,-0.13916127737919737,-0.03363604295610985,0.9860326234976248,0.020057031608802046,14.633375848565015,0.1272526863734584,-0.043968540867744266
delay_stress,BTC,boosted,2020,-0.17650368969880637,-0.9795723305436803,0.1802618204860753,-0.2282976592603687,-0.7731296513097736,0.8231679982237522,0.02416963265945401,17.65608606744818,0.047097037764366106,-0.14850901143278072
delay_stress,BTC,boosted,2021,0.043263951134625334,1.092876865094827,0.03944059964762401,-0.052033058380954955,0.8314704628329271,1.0432337074773392,0.009953018716567572,7.255461398033089,0.02232532275515226,-0.021762666816022236
delay_stress,BTC,boosted,2022,-0.02708898063848153,-0.2111188162643,0.10414254523675272,-0.09365064607568474,-0.2892556727968464,0.9729293074974975,0.018258092559151753,13.310218886241499,0.03878477126933891,-0.049097243118330414
delay_stress,BTC,boosted,2023,0.020358538670779414,0.31906812054841244,0.07063729931191617,-0.03979904286693092,0.5115333737760651,1.0203444632158247,0.021042107881481642,15.348103727636987,0.04528896829758856,-0.014348859284541882
delay_stress,BTC,boosted,2024,-0.09248394132559912,-1.224943909884805,0.07673514089477981,-0.1339391040085698,-0.6904924593170472,0.9073352368465951,0.020458628458190044,14.93634904831354,0.04165441148365051,-0.043968540867744266
delay_stress,BTC,boosted,2025,0.06529700986085696,0.9196413697678048,0.07144957254147022,-0.051765310091835715,1.2614047852705788,1.0650664259333558,0.018665445657142544,13.612046543704485,0.04262487040157134,-0.03092390852537008
delay_stress,ETH,boosted,full,0.04922257452674694,0.603526627232891,0.08556783595948718,-0.14061011424117387,0.3500642524357856,1.3340656139710751,0.017680198198311497,12.886343472519533,0.2556405576873587,-0.059382639726953124
delay_stress,ETH,boosted,2020_2022,0.022843426910991838,0.30560419629035895,0.0860222412292136,-0.1314494353865151,0.17378109570286718,1.0701242109236957,0.016865496542267454,12.305566965997539,0.1186309550117309,-0.059382639726953124
delay_stress,ETH,boosted,2023_end,0.07630706884982885,0.9047349807615106,0.0851291623391842,-0.08363905305697084,0.9123377903125255,1.2466455766097975,0.018495643874132748,13.467650368545197,0.12803149510781153,-0.03550947131610949
delay_stress,ETH,boosted,2020,0.03273629285444546,0.7442539379246363,0.04457363001188603,-0.053059360727430005,0.6169748825775399,1.032804603885863,0.012575384778594724,9.186919505725697,0.02783756835752845,-0.01568287635602994
delay_stress,ETH,boosted,2021,0.11994917287104534,1.2790992840913142,0.09177782604407535,-0.06910755286604853,1.7356883277800814,1.1198623374002523,0.01910235762192386,13.930010958719748,0.04408349740629596,-0.03409292782993978
delay_stress,ETH,boosted,2022,-0.07481566625659619,-0.660352933795003,0.10860804556196214,-0.10771419756334033,-0.6945757193484317,0.9252335783425566,0.018930500957143156,13.80831467316436,0.03913521319572644,-0.059382639726953124
delay_stress,ETH,boosted,2023,-0.030871785185818235,-0.9002438355909491,0.03415960249651729,-0.03697596901353595,-0.8349148381890106,0.9691490160440451,0.019203639133979537,14.010042291949182,0.0412044436828345,-0.021379026944693624
delay_stress,ETH,boosted,2024,0.08445071232162826,1.0451549178258213,0.08055808627100974,-0.08363905305697084,1.0097043095897387,1.0846312619008678,0.016249890279232765,11.808251884959681,0.03774183004027514,-0.0272831030712799
delay_stress,ETH,boosted,2025,0.18665558018227824,1.4987297649778997,0.11868112141711057,-0.056850695060226775,3.283259421622517,1.185960770166873,0.020043796472729768,14.592284415110699,0.04780352033693499,-0.03550947131610949
delay_stress,MIX,boosted,full,0.012748595860624157,0.20246561363200238,0.07744241180250565,-0.12478511777320533,0.10216439338378873,1.0789526027081515,0.01819042848872313,13.274902284795148,0.2303712946185263,-0.07489327666933188
delay_stress,MIX,boosted,2020_2022,-0.015978160711379696,-0.14209170680171004,0.08645257259457977,-0.12449052286957263,-0.12834841032935368,0.9528168388310794,0.017202827540288353,12.568728504311826,0.10870608121424985,-0.07489327666933188
delay_stress,MIX,boosted,2023_end,0.04234136972356706,0.6494990384157625,0.06723425196898034,-0.09857302189663109,0.42954318442188444,1.1323819633916379,0.019178931355832277,13.981720972840552,0.12769003280162006,-0.03364258319674618
delay_stress,MIX,boosted,2020,-0.07187156485221013,-0.7506220032733574,0.09330551532861668,-0.12449052286957263,-0.5773255923064055,0.9279863010548075,0.01789469111617268,13.116143637054298,0.03746730306094728,-0.07489327666933188
delay_stress,MIX,boosted,2021,0.08593699414859746,1.3420088241843622,0.06286191384119146,-0.05499669290251519,1.5625847594313669,1.0858757172160025,0.015097155435404718,11.007987814820035,0.03443322937312219,-0.028575065504093278
delay_stress,MIX,boosted,2022,-0.05447920482173829,-0.5163312450627896,0.0988094836156784,-0.09657280299737225,-0.5641257489773872,0.9455570501546811,0.018614740552641403,13.580554293574181,0.03898588752781209,-0.054992354505507546
delay_stress,MIX,boosted,2023,-0.008410492167433614,-0.21120915923460626,0.036799875796393176,-0.034774187044087745,-0.2418602096080792,0.9915952402409255,0.020043781757779208,14.62327279720124,0.042995270021997406,-0.012020495931025832
delay_stress,MIX,boosted,2024,0.0046340015588175465,0.10327640836007883,0.06515088738898846,-0.09857302189663109,0.04701085012567645,1.0046435390209212,0.018027124677933735,13.136390392000582,0.039507004866626325,-0.02684613565815508
delay_stress,MIX,boosted,2025,0.1372019823172701,1.4834648789966547,0.08924643774325765,-0.04411075061441194,3.1103978147323392,1.13670171244667,0.019469840277261504,14.188381897828952,0.045693451270461004,-0.03364258319674618
