asset,scenario,model,period,cagr,zero_cash_sharpe,annual_vol,max_drawdown,calmar,terminal_multiple,mean_exposure,one_way_turnover_per_year,fees_initial_capital,worst_day
BTC,frictionless,unfiltered,full,0.004960942957178194,0.11081616666466997,0.14515544945291883,-0.31111572966409295,0.015945651357886823,1.030130294534399,0.022820629849383843,16.670653950811186,0.0,-0.20204569126687622
BTC,frictionless,unfiltered,2020_2022,-0.036835317902764286,-0.10180719388023192,0.1860764085156835,-0.31111572966409295,-0.11839747846415491,0.8934916358314896,0.023722627737226276,17.3298474582641,0.0,-0.20204569126687622
BTC,frictionless,unfiltered,2023_end,0.048611619983422116,0.5899698053269744,0.08669434925943127,-0.13859991034157637,0.3507334157981767,1.152926623175104,0.021917808219178082,16.01085844015511,0.0,-0.053416058021622304
BTC,frictionless,unfiltered,2020,-0.18982044018606148,-0.7548012770511178,0.23726105137575004,-0.31111572966409295,-0.6101280716054048,0.8098294459727625,0.0273224043715847,19.960387745728124,0.0,-0.20204569126687622
BTC,frictionless,unfiltered,2021,0.13107656061008632,1.604514997428432,0.07862264715725244,-0.08208706829947165,1.5967991466316014,1.1309812090011655,0.01643835616438356,12.008249172384629,0.0,-0.03295555434336328
BTC,frictionless,unfiltered,2022,-0.02448451130717766,-0.017001325566714704,0.20347121572573007,-0.14632989446223155,-0.16732405498657166,0.9755320407079106,0.0273972602739726,20.013698496987875,0.0,-0.13302994032882987
BTC,frictionless,unfiltered,2023,0.10398263052576628,1.4077646949087292,0.07199689218518115,-0.018094080923407696,5.746776029460966,1.1039078824646293,0.021917808219178082,16.010812934534627,0.0,-0.0036474951752196727
BTC,frictionless,unfiltered,2024,-0.07219901931229566,-0.6746097563467893,0.10307395615697294,-0.13859991034157637,-0.5209167822285223,0.9276582245720109,0.02459016393442623,17.96302690970472,0.0,-0.053416058021622304
BTC,frictionless,unfiltered,2025,0.12630917708610068,1.4911842626070992,0.08191228613703931,-0.04722707618577904,2.674507661436275,1.1258507828747257,0.019230769230769232,14.048009400859288,0.0,-0.030362644662636162
ETH,frictionless,unfiltered,full,0.13078534723441515,0.7677352664260679,0.18118858417554576,-0.2915066120447444,0.448653107101188,2.090296820721562,0.029666818804198997,21.67136689968417,0.0,-0.16485702570955652
ETH,frictionless,unfiltered,2020_2022,0.07866060147953813,0.47577383254584027,0.2027456405974014,-0.2915066120447444,0.26984156869643916,1.2550960337154322,0.032846715328467155,23.99418184398557,0.0,-0.16485702570955652
ETH,frictionless,unfiltered,2023_end,0.18548003820678516,1.159854527174326,0.15673310857362938,-0.15286160579288688,1.2133853837574702,1.6654477144140947,0.026484018264840183,19.346430663196184,0.0,-0.06908757048174907
ETH,frictionless,unfiltered,2020,0.17683778873694211,1.8188719564060345,0.09172419570797859,-0.07589812691752007,2.329936138333362,1.1772313364053488,0.02459016393442623,17.961989828350443,0.0,-0.01881565880938707
ETH,frictionless,unfiltered,2021,0.2994281534737899,1.4322987579185225,0.19588501978831255,-0.1554855054432035,1.925762485836125,1.2991952162498954,0.038356164383561646,28.01993265259776,0.0,-0.07929347055975944
ETH,frictionless,unfiltered,2022,-0.17949369491585465,-0.5717710243923118,0.2767017281557762,-0.2740933544933658,-0.6548633594113612,0.8206174171825182,0.03561643835616438,26.01714960447601,0.0,-0.16485702570955652
ETH,frictionless,unfiltered,2023,0.008109949946982775,0.23644186098164333,0.03704308560715487,-0.029598714619457178,0.2739966938176286,1.0081043765557844,0.021917808219178082,16.010922470474355,0.0,-0.025412416572220153
ETH,frictionless,unfiltered,2024,0.17190418427704923,1.0068542160849456,0.17143532739611525,-0.15286160579288688,1.1245739790929794,1.1722859694162353,0.02459016393442623,17.963216806040304,0.0,-0.06908757048174907
ETH,frictionless,unfiltered,2025,0.41092387897078386,1.75926664792806,0.20719978842287284,-0.10522860638067799,3.905058644264602,1.4092626294644781,0.03296703296703297,24.081916273258052,0.0,-0.06352432012539799
MIX,frictionless,unfiltered,full,0.07697268585031414,0.5771478607222132,0.14745709448133051,-0.22024589660236737,0.34948522100859325,1.5602135576279808,0.026964993426275754,19.71136233698231,0.0,-0.15164138903341395
MIX,frictionless,unfiltered,2020_2022,0.024169868851828147,0.22646555900333262,0.17420606144206574,-0.22024589660236737,0.1097403821123828,1.074293834773461,0.029097754088030267,21.285540413729265,0.0,-0.15164138903341395
MIX,frictionless,unfiltered,2023_end,0.13254983611931448,1.1410563313850148,0.11462984665566171,-0.13902473260759374,0.9534262978476278,1.4523154719183387,0.024830285037889498,18.13574665468581,0.0,-0.059155307614272123
MIX,frictionless,unfiltered,2020,-0.006456394305824342,0.013688169801341145,0.12563945965335943,-0.1609717794003669,-0.0401088583966391,0.9935303911890556,0.02549683760546718,18.683991370455868,0.0,-0.09922772749719067
MIX,frictionless,unfiltered,2021,0.2308143019883988,1.6103525446017093,0.13445287050885696,-0.12512052814048558,1.8447356754220223,1.2306393585211433,0.029661956171982053,21.6759921510672,0.0,-0.06039015371200829
MIX,frictionless,unfiltered,2022,-0.12143754309320542,-0.41703254313223814,0.2392568727058878,-0.2118719119835092,-0.573164899284325,0.8786403152293504,0.032144334011251344,23.503765251290147,0.0,-0.15164138903341395
MIX,frictionless,unfiltered,2023,0.04797794334105521,1.2641710034220062,0.03759863270890703,-0.018059321677108442,2.6566857935683643,1.0479443292959656,0.021959741887771066,16.043620965604884,0.0,-0.014853049682383768
MIX,frictionless,unfiltered,2024,0.0649870278780722,0.5669957965118447,0.12440185785722782,-0.13902473260759374,0.46744940025529325,1.0651247254282836,0.024594569600088507,17.962686785754972,0.0,-0.059155307614272123
MIX,frictionless,unfiltered,2025,0.30231150131383044,1.8311334154917163,0.15012056509970775,-0.07093089156574184,4.262056977440287,1.3011347794769215,0.02794572487313233,20.40763068914522,0.0,-0.05127506187616859
BTC,frictionless,constant,full,0.004960942957178194,0.11081616666466997,0.14515544945291883,-0.31111572966409295,0.015945651357886823,1.030130294534399,0.022820629849383843,16.670653950811186,0.0,-0.20204569126687622
BTC,frictionless,constant,2020_2022,-0.036835317902764286,-0.10180719388023192,0.1860764085156835,-0.31111572966409295,-0.11839747846415491,0.8934916358314896,0.023722627737226276,17.3298474582641,0.0,-0.20204569126687622
BTC,frictionless,constant,2023_end,0.048611619983422116,0.5899698053269744,0.08669434925943127,-0.13859991034157637,0.3507334157981767,1.152926623175104,0.021917808219178082,16.01085844015511,0.0,-0.053416058021622304
BTC,frictionless,constant,2020,-0.18982044018606148,-0.7548012770511178,0.23726105137575004,-0.31111572966409295,-0.6101280716054048,0.8098294459727625,0.0273224043715847,19.960387745728124,0.0,-0.20204569126687622
BTC,frictionless,constant,2021,0.13107656061008632,1.604514997428432,0.07862264715725244,-0.08208706829947165,1.5967991466316014,1.1309812090011655,0.01643835616438356,12.008249172384629,0.0,-0.03295555434336328
BTC,frictionless,constant,2022,-0.02448451130717766,-0.017001325566714704,0.20347121572573007,-0.14632989446223155,-0.16732405498657166,0.9755320407079106,0.0273972602739726,20.013698496987875,0.0,-0.13302994032882987
BTC,frictionless,constant,2023,0.10398263052576628,1.4077646949087292,0.07199689218518115,-0.018094080923407696,5.746776029460966,1.1039078824646293,0.021917808219178082,16.010812934534627,0.0,-0.0036474951752196727
BTC,frictionless,constant,2024,-0.07219901931229566,-0.6746097563467893,0.10307395615697294,-0.13859991034157637,-0.5209167822285223,0.9276582245720109,0.02459016393442623,17.96302690970472,0.0,-0.053416058021622304
BTC,frictionless,constant,2025,0.12630917708610068,1.4911842626070992,0.08191228613703931,-0.04722707618577904,2.674507661436275,1.1258507828747257,0.019230769230769232,14.048009400859288,0.0,-0.030362644662636162
ETH,frictionless,constant,full,0.13078534723441515,0.7677352664260679,0.18118858417554576,-0.2915066120447444,0.448653107101188,2.090296820721562,0.029666818804198997,21.67136689968417,0.0,-0.16485702570955652
ETH,frictionless,constant,2020_2022,0.07866060147953813,0.47577383254584027,0.2027456405974014,-0.2915066120447444,0.26984156869643916,1.2550960337154322,0.032846715328467155,23.99418184398557,0.0,-0.16485702570955652
ETH,frictionless,constant,2023_end,0.18548003820678516,1.159854527174326,0.15673310857362938,-0.15286160579288688,1.2133853837574702,1.6654477144140947,0.026484018264840183,19.346430663196184,0.0,-0.06908757048174907
ETH,frictionless,constant,2020,0.17683778873694211,1.8188719564060345,0.09172419570797859,-0.07589812691752007,2.329936138333362,1.1772313364053488,0.02459016393442623,17.961989828350443,0.0,-0.01881565880938707
ETH,frictionless,constant,2021,0.2994281534737899,1.4322987579185225,0.19588501978831255,-0.1554855054432035,1.925762485836125,1.2991952162498954,0.038356164383561646,28.01993265259776,0.0,-0.07929347055975944
ETH,frictionless,constant,2022,-0.17949369491585465,-0.5717710243923118,0.2767017281557762,-0.2740933544933658,-0.6548633594113612,0.8206174171825182,0.03561643835616438,26.01714960447601,0.0,-0.16485702570955652
ETH,frictionless,constant,2023,0.008109949946982775,0.23644186098164333,0.03704308560715487,-0.029598714619457178,0.2739966938176286,1.0081043765557844,0.021917808219178082,16.010922470474355,0.0,-0.025412416572220153
ETH,frictionless,constant,2024,0.17190418427704923,1.0068542160849456,0.17143532739611525,-0.15286160579288688,1.1245739790929794,1.1722859694162353,0.02459016393442623,17.963216806040304,0.0,-0.06908757048174907
ETH,frictionless,constant,2025,0.41092387897078386,1.75926664792806,0.20719978842287284,-0.10522860638067799,3.905058644264602,1.4092626294644781,0.03296703296703297,24.081916273258052,0.0,-0.06352432012539799
MIX,frictionless,constant,full,0.07697268585031414,0.5771478607222132,0.14745709448133051,-0.22024589660236737,0.34948522100859325,1.5602135576279808,0.026964993426275754,19.71136233698231,0.0,-0.15164138903341395
MIX,frictionless,constant,2020_2022,0.024169868851828147,0.22646555900333262,0.17420606144206574,-0.22024589660236737,0.1097403821123828,1.074293834773461,0.029097754088030267,21.285540413729265,0.0,-0.15164138903341395
MIX,frictionless,constant,2023_end,0.13254983611931448,1.1410563313850148,0.11462984665566171,-0.13902473260759374,0.9534262978476278,1.4523154719183387,0.024830285037889498,18.13574665468581,0.0,-0.059155307614272123
MIX,frictionless,constant,2020,-0.006456394305824342,0.013688169801341145,0.12563945965335943,-0.1609717794003669,-0.0401088583966391,0.9935303911890556,0.02549683760546718,18.683991370455868,0.0,-0.09922772749719067
MIX,frictionless,constant,2021,0.2308143019883988,1.6103525446017093,0.13445287050885696,-0.12512052814048558,1.8447356754220223,1.2306393585211433,0.029661956171982053,21.6759921510672,0.0,-0.06039015371200829
MIX,frictionless,constant,2022,-0.12143754309320542,-0.41703254313223814,0.2392568727058878,-0.2118719119835092,-0.573164899284325,0.8786403152293504,0.032144334011251344,23.503765251290147,0.0,-0.15164138903341395
MIX,frictionless,constant,2023,0.04797794334105521,1.2641710034220062,0.03759863270890703,-0.018059321677108442,2.6566857935683643,1.0479443292959656,0.021959741887771066,16.043620965604884,0.0,-0.014853049682383768
MIX,frictionless,constant,2024,0.0649870278780722,0.5669957965118447,0.12440185785722782,-0.13902473260759374,0.46744940025529325,1.0651247254282836,0.024594569600088507,17.962686785754972,0.0,-0.059155307614272123
MIX,frictionless,constant,2025,0.30231150131383044,1.8311334154917163,0.15012056509970775,-0.07093089156574184,4.262056977440287,1.3011347794769215,0.02794572487313233,20.40763068914522,0.0,-0.05127506187616859
BTC,frictionless,simple_linear,full,0.032822277666699096,0.46657050966520414,0.07517220683062886,-0.13095666328793965,0.25063465151468806,1.2137643619639575,0.015061615700593337,11.002350248210673,0.0,-0.05663953824810253
BTC,frictionless,simple_linear,2020_2022,0.004586828726927505,0.0987152965743896,0.07417519656240257,-0.13095666328793965,0.035025546709618445,1.0138268753167003,0.012773722627737226,9.330986012780974,0.0,-0.05663953824810253
BTC,frictionless,simple_linear,2023_end,0.06187820707902425,0.8251935793865207,0.07616320345357992,-0.10709255408261142,0.5778012076478377,1.1972106791751802,0.017351598173515982,12.675240843672727,0.0,-0.053416058021622304
BTC,frictionless,simple_linear,2020,-0.06143152219860637,-0.5874124946002072,0.09937658176547556,-0.13095666328793965,-0.4690981020456701,0.9384462994400157,0.02185792349726776,15.966520851198807,0.0,-0.05663953824810253
BTC,frictionless,simple_linear,2021,0.008382345749145648,0.20637012195839477,0.04535607146466819,-0.0485733945353668,0.17257072167444204,1.0083765843830883,0.005479452054794521,4.002739726027397,0.0,-0.02406066984975941
BTC,frictionless,simple_linear,2022,0.07140118489943448,1.0528752495213527,0.06758785519995783,-0.05538751960913757,1.2891204625753823,1.0713506100095913,0.010958904109589041,8.005517913614208,0.0,-0.020246446088727277
BTC,frictionless,simple_linear,2023,0.10398263052576673,1.4077646949087337,0.07199689218518115,-0.018094080923407696,5.746776029460991,1.1039078824646298,0.021917808219178082,16.010812934534627,0.0,-0.0036474951752195617
BTC,frictionless,simple_linear,2024,-0.005306725487630781,-0.028363296299285173,0.07844213529347903,-0.10709255408261142,-0.049552702642026464,0.9946824067691796,0.01366120218579235,9.979514933231846,0.0,-0.053416058021622304
BTC,frictionless,simple_linear,2025,0.0906421345962698,1.1500195355813532,0.07797269379833567,-0.04722707618577926,1.9192832145633318,1.0903183245290662,0.016483516483516484,12.041042684488023,0.0,-0.03036264466263605
ETH,frictionless,simple_linear,full,0.04816382232869332,0.6678643272548511,0.07436393503672947,-0.0805571583701109,0.597883829360142,1.3260107012903037,0.014148790506617983,10.335467186206012,0.0,-0.029316410291784556
ETH,frictionless,simple_linear,2020_2022,0.04173171674192977,0.6248275746435358,0.06914865296383309,-0.0805571583701109,0.5180385900679123,1.1305240720682275,0.012773722627737226,9.330798544014678,0.0,-0.029316410291784556
ETH,frictionless,simple_linear,2023_end,0.054641571102160835,0.7080727045950687,0.07927145343497015,-0.05552310573265784,0.9841231030061328,1.1729168215449362,0.015525114155251141,11.341053334006652,0.0,-0.025412416572220264
ETH,frictionless,simple_linear,2020,0.0937531399617273,1.249935799315087,0.07375853247052472,-0.05534939633094649,1.693842140592757,1.0939544248461435,0.01366120218579235,9.978282193563693,0.0,-0.01881565880938696
ETH,frictionless,simple_linear,2021,-0.010528659100208615,-0.11277365583781064,0.07144947830352624,-0.0805571583701109,-0.13069799522763528,0.9894785093290548,0.010958904109589041,8.005423959871015,0.0,-0.02737040275820568
ETH,frictionless,simple_linear,2022,0.04444877847063844,0.7346862398974583,0.06172421553429417,-0.054657569835072195,0.8132227357484331,1.0444176890592414,0.0136986301369863,10.006915550802345,0.0,-0.029316410291784556
ETH,frictionless,simple_linear,2023,0.008109949946982775,0.23644186098164577,0.037043085607154955,-0.029598714619457067,0.2739966938176296,1.0081043765557844,0.021917808219178082,16.010922470474355,0.0,-0.025412416572220264
ETH,frictionless,simple_linear,2024,0.0024342154752818868,0.07681409236409431,0.04440505140724109,-0.05552310573265784,0.04384148622741971,1.002439219955488,0.01366120218579235,9.979390380969056,0.0,-0.025138667498812328
ETH,frictionless,simple_linear,2025,0.16125035939221544,1.2566171983445467,0.1246522758664673,-0.026297503588340376,6.131774404005011,1.160656384666984,0.01098901098901099,8.027499504339206,0.0,-0.007181692676102802
MIX,frictionless,simple_linear,full,0.0406343480816187,0.7550877470421063,0.05467015915033068,-0.06315862783173543,0.6433697101506864,1.2698875316271305,0.014641087478586645,10.69919806867392,0.0,-0.02756687974708172
MIX,frictionless,simple_linear,2020_2022,0.02349640501708028,0.4588987149769719,0.053695331531807826,-0.06315862783173543,0.37202209458505686,1.072175473692464,0.012841459898258013,9.386339385453157,0.0,-0.02756687974708172
MIX,frictionless,simple_linear,2023_end,0.05807530333212574,1.0412718437020958,0.055639660966721086,-0.053628232418199695,1.0829240628191366,1.1844027053274835,0.016442358554422425,12.013255709596255,0.0,-0.026465468586597485
MIX,frictionless,simple_linear,2020,0.016166897765697463,0.28263614609283144,0.0638850112283825,-0.06315862783173543,0.2559729101266835,1.0162003621430795,0.01768256673861502,12.942567631643849,0.0,-0.02756687974708172
MIX,frictionless,simple_linear,2021,-0.0017966701757388126,-0.01951830545629965,0.04364442886560749,-0.04440821816293461,-0.04045805596492962,0.9982045584733379,0.00845847449120531,6.157991687014902,0.0,-0.014622841424843047
MIX,frictionless,simple_linear,2022,0.05702061758558563,1.0977418914364143,0.051684141810640204,-0.03879307029088219,1.4698660652025675,1.0569804977132502,0.012370075158541771,9.048715746615269,0.0,-0.0156028894982283
MIX,frictionless,simple_linear,2023,0.05343681508721354,1.3225798319215398,0.03992962123664554,-0.016693518962154985,3.201051570274511,1.0533992799662542,0.021960693478933122,16.044332766040604,0.0,-0.01340631348583965
MIX,frictionless,simple_linear,2024,-0.0014010882667777613,-0.0040480936544091345,0.04902218680750365,-0.053628232418199695,-0.02612594530156987,0.9985960367757921,0.01365663596917255,9.98746421819355,0.0,-0.026465468586597485
MIX,frictionless,simple_linear,2025,0.1264020874114682,1.6702464992234456,0.07276163969626583,-0.024105900562235605,5.243616063425159,1.1259433375348005,0.013709892122430806,10.008026479517135,0.0,-0.01545058108560493
BTC,frictionless,core_label,full,0.018549718267080628,0.2894460630600465,0.07248116957252981,-0.13975135786731363,0.13273372473913694,1.1165610421122467,0.014148790506617983,10.335507618648306,0.0,-0.05663953824810264
BTC,frictionless,core_label,2020_2022,0.006241407412612254,0.11865349298593127,0.07780678358022754,-0.13975135786731363,0.04466079977940632,1.0188456698559138,0.012773722627737226,9.330956773137563,0.0,-0.05663953824810264
BTC,frictionless,core_label,2023_end,0.031020031292022576,0.4903996166267326,0.06675669956595744,-0.10709255408261142,0.28965628430239565,1.0959079231991553,0.015525114155251141,11.340975862191476,0.0,-0.05341605802162208
BTC,frictionless,core_label,2020,-0.07091044420182657,-0.6980576301818356,0.09830358756104031,-0.13975135786731363,-0.5074043306910277,0.9289492487935609,0.02185792349726776,15.966449650111983,0.0,-0.05663953824810264
BTC,frictionless,core_label,2021,-0.011145168821662721,-0.3934801792966869,0.02749561382795211,-0.04857339453536669,-0.2294500709343637,0.9888624169907333,0.00273972602739726,2.0013698630136982,0.0,-0.02406066984975941
BTC,frictionless,core_label,2022,0.10920381205479268,1.2216876357144617,0.08787024016566274,-0.05362974723706626,2.036254461018909,1.1091251285866397,0.0136986301369863,10.006871373747357,0.0,-0.020246446088727166
BTC,frictionless,core_label,2023,0.1039826305257665,1.4077646949087272,0.07199689218518135,-0.018094080923407807,5.746776029460943,1.1039078824646296,0.021917808219178082,16.010812934534627,0.0,-0.0036474951752196727
BTC,frictionless,core_label,2024,-0.04371230085177613,-0.47612433051506403,0.08595809118447088,-0.10709255408261142,-0.40817310994428585,0.9561999358551749,0.01366120218579235,9.979418550814529,0.0,-0.05341605802162208
BTC,frictionless,core_label,2025,0.038361247998033976,1.364687558999692,0.02784569590121214,-0.013960074821220858,2.7479256729856947,1.0382274858805258,0.01098901098901099,8.027347962627498,0.0,-0.002263354166752385
ETH,frictionless,core_label,full,0.014882388411179504,0.19827875239063453,0.09920568293483487,-0.22794695441022994,0.06528882322505644,1.092661180770824,0.017800091282519397,13.002889748481222,0.0,-0.11215980370133571
ETH,frictionless,core_label,2020_2022,-0.018738153965467186,-0.10511564542332955,0.11524170007762069,-0.22794695441022994,-0.08220401107770292,0.9448200811303723,0.020072992700729927,14.663205918299036,0.0,-0.11215980370133571
ETH,frictionless,core_label,2023_end,0.04968715070324903,0.6433832959967288,0.0800199362492554,-0.05895766603917896,0.8427597976865396,1.1564753994893675,0.015525114155251141,11.341057308188686,0.0,-0.025412416572220042
ETH,frictionless,core_label,2020,0.16525403487433765,1.7686014524153961,0.08858012282351099,-0.05534939633094649,2.985651982295283,1.1656200326395325,0.01639344262295082,11.974766305808016,0.0,-0.01881565880938718
ETH,frictionless,core_label,2021,-0.03992122757228722,-0.35502492625040855,0.10040776915978818,-0.09794779153169952,-0.407576597164697,0.9601055445701309,0.01643835616438356,12.008459540065006,0.0,-0.06000553210853632
ETH,frictionless,core_label,2022,-0.1558438791057386,-1.0673361980630562,0.14786268106387537,-0.20440742123370037,-0.7624179110775106,0.8442540150664558,0.0273972602739726,20.01375749700352,0.0,-0.11215980370133571
ETH,frictionless,core_label,2023,0.008109949946982997,0.2364418609816408,0.03704308560715479,-0.029598714619456956,0.27399669381763814,1.0081043765557847,0.021917808219178082,16.010922470474355,0.0,-0.025412416572220042
ETH,frictionless,core_label,2024,-0.01855990876487079,-0.4713804302441991,0.038170111312961864,-0.05895766603917896,-0.3148006020546545,0.9814023371397457,0.01092896174863388,7.983508498488953,0.0,-0.025138667498812217
ETH,frictionless,core_label,2025,0.16954405291893138,1.2819202181485334,0.12807637269988778,-0.026427583148702416,6.415420281337982,1.1689173661833268,0.013736263736263736,10.034359726089324,0.0,-0.016719569337379503
MIX,frictionless,core_label,full,0.016724318550274786,0.2859549872939681,0.06545510492350241,-0.11692947044972513,0.14302911392612144,1.1046111114415353,0.01609444576187982,11.766147148378716,0.0,-0.06175550886617154
MIX,frictionless,core_label,2020_2022,-0.006091368905301819,-0.042367549361294395,0.07579272745784557,-0.11692947044972513,-0.05209438546051449,0.9818328754931431,0.016634687581457006,12.166535826169294,0.0,-0.06175550886617154
MIX,frictionless,core_label,2023_end,0.04008530949650102,0.7652155216669312,0.05314268237988727,-0.06341288707348514,0.63213191113738,1.1250500355131463,0.015553710570777902,11.365392818827589,0.0,-0.02892258154212468
MIX,frictionless,core_label,2020,0.047185495114090203,0.7236545072135809,0.06672717015565034,-0.061973738750804475,0.7613788689403169,1.0472846407165468,0.01894608986893564,13.867001534600158,0.0,-0.02652657395834479
MIX,frictionless,core_label,2021,-0.02715901055265635,-0.3961722323082969,0.0642125678094879,-0.06414596598341527,-0.42339389759409385,0.9728593241989877,0.01028771053774598,7.512374925980605,0.0,-0.043766448512119416
MIX,frictionless,core_label,2022,-0.036366747258375076,-0.35011642874970855,0.09317680281012475,-0.0956084229267371,-0.3803717930400569,0.9636576865298327,0.02066392972868261,15.115572207767045,0.0,-0.06175550886617154
MIX,frictionless,core_label,2023,0.05785263427664944,1.3563597318280294,0.0420797059494281,-0.015588690205630251,3.7111927630555193,1.0578119131379224,0.021960644737137956,16.044269647774144,0.0,-0.012235851686353216
MIX,frictionless,core_label,2024,-0.032178720102950975,-0.5800731628177498,0.053848241399371645,-0.06341288707348514,-0.5074476433419775,0.9677562813803468,0.012382170286437602,9.056007946524822,0.0,-0.02892258154212468
MIX,frictionless,core_label,2025,0.09935554887808018,1.5662683312623114,0.06161619776607151,-0.013346127427382504,7.4445227215671945,1.0989992222680538,0.012318141266786497,8.995735732831216,0.0,-0.008443507741591638
BTC,frictionless,split_absolute,full,0.014182763769800877,0.2359074448610863,0.0699841902480298,-0.13975135786731363,0.10148569564001407,1.0881505339111608,0.01323596531264263,9.668708136297816,0.0,-0.05663953824810264
BTC,frictionless,split_absolute,2020_2022,-0.0023645519376270796,0.004062670916388935,0.07308723808363295,-0.13975135786731363,-0.016919706353566124,0.9929214953886376,0.010948905109489052,7.997966202124861,0.0,-0.05663953824810264
BTC,frictionless,split_absolute,2023_end,0.031020031292022354,0.49039961662672826,0.06675669956595749,-0.10709255408261154,0.28965628430239326,1.0959079231991546,0.015525114155251141,11.340975862191476,0.0,-0.053416058021622304
BTC,frictionless,split_absolute,2020,-0.07091044420182657,-0.6980576301818356,0.09830358756104031,-0.13975135786731363,-0.5074043306910277,0.9289492487935609,0.02185792349726776,15.966449650111983,0.0,-0.05663953824810264
BTC,frictionless,split_absolute,2021,0.0,,0.0,0.0,,1.0,0.0,0.0,0.0,0.0
BTC,frictionless,split_absolute,2022,0.06891392565325516,0.8744955917093088,0.07970443307713049,-0.05362974723706648,1.284994414548069,1.0688651685527044,0.010958904109589041,8.005617494761271,0.0,-0.020246446088727277
BTC,frictionless,split_absolute,2023,0.1039826305257665,1.4077646949087248,0.07199689218518114,-0.018094080923407696,5.746776029460978,1.1039078824646296,0.021917808219178082,16.010812934534627,0.0,-0.0036474951752196727
BTC,frictionless,split_absolute,2024,-0.043712300851776686,-0.47612433051506753,0.08595809118447117,-0.10709255408261154,-0.4081731099442906,0.9561999358551744,0.01366120218579235,9.979418550814529,0.0,-0.053416058021622304
BTC,frictionless,split_absolute,2025,0.038361247998033976,1.3646875589996963,0.027845695901212136,-0.013960074821220858,2.7479256729856947,1.0382274858805258,0.01098901098901099,8.027347962627498,0.0,-0.002263354166752274
ETH,frictionless,split_absolute,full,0.010890771552609646,0.15888233400209942,0.09871837992377225,-0.22794695441023005,0.04777765766069335,1.0671339860438442,0.01734367868553172,12.669487764381149,0.0,-0.11215980370133571
ETH,frictionless,split_absolute,2020_2022,-0.026438243036426945,-0.1755458565932243,0.11439525991528292,-0.22794695441023005,-0.11598419072907087,0.9227468102780475,0.01916058394160584,13.99670614898949,0.0,-0.11215980370133571
ETH,frictionless,split_absolute,2023_end,0.049687150703248806,0.6433832959967285,0.08001993624925563,-0.05895766603917896,0.8427597976865359,1.156475399489367,0.015525114155251141,11.341057308188686,0.0,-0.025412416572220153
ETH,frictionless,split_absolute,2020,0.13808602606024123,1.5560019748631324,0.0853487025608793,-0.05534939633094649,2.4948063612942377,1.1383883435537479,0.01366120218579235,9.978909073121507,0.0,-0.01881565880938718
ETH,frictionless,split_absolute,2021,-0.039921227572287665,-0.355024926250415,0.10040776915978825,-0.09794779153169975,-0.4075765971647006,0.9601055445701304,0.01643835616438356,12.008459540065006,0.0,-0.06000553210853643
ETH,frictionless,split_absolute,2022,-0.15584387910573816,-1.0673361980630514,0.1478626810638753,-0.20440742123370026,-0.7624179110775088,0.8442540150664563,0.0273972602739726,20.01375749700352,0.0,-0.11215980370133571
ETH,frictionless,split_absolute,2023,0.008109949946982775,0.23644186098163464,0.03704308560715482,-0.029598714619457178,0.2739966938176286,1.0081043765557844,0.021917808219178082,16.010922470474355,0.0,-0.025412416572220153
ETH,frictionless,split_absolute,2024,-0.01855990876487079,-0.4713804302441964,0.03817011131296185,-0.05895766603917896,-0.3148006020546545,0.9814023371397457,0.01092896174863388,7.983508498488953,0.0,-0.025138667498812217
ETH,frictionless,split_absolute,2025,0.16954405291893115,1.281920218148533,0.1280763726998882,-0.026427583148702416,6.415420281337974,1.1689173661833265,0.013736263736263736,10.034359726089324,0.0,-0.016719569337379392
MIX,frictionless,split_absolute,full,0.012543455131603487,0.22889472463336602,0.06311324194928435,-0.11960089954932596,0.10487759857048817,1.0776422599775026,0.015381283558655026,11.242774756505803,0.0,-0.06078700179796048
MIX,frictionless,split_absolute,2020_2022,-0.014254366424433895,-0.16400814873364228,0.07169741242399937,-0.11960089954932596,-0.11918276934493366,0.9578341528333425,0.015209011058876854,11.120266045237596,0.0,-0.06078700179796048
MIX,frictionless,split_absolute,2023_end,0.0400952614952752,0.7653048067592854,0.05314936941222751,-0.06340850461439107,0.6323325512738123,1.1250823086541226,0.015553713384917012,11.365395347875621,0.0,-0.028894273099461243
MIX,frictionless,split_absolute,2020,0.033598656475620325,0.5363933489400188,0.06554644168231659,-0.07323192147804525,0.4587979640230131,1.0336687961736544,0.017531559872952608,12.835677016358755,0.0,-0.02686020053014304
MIX,frictionless,split_absolute,2021,-0.021982933600731558,-0.38109833065139176,0.05439782874470296,-0.05431934293383667,-0.40469807647540457,0.9780319464020281,0.008933139638179856,6.503793927054626,0.0,-0.032740475244266376
MIX,frictionless,split_absolute,2022,-0.052585965893241604,-0.5507725111357289,0.09047868900544434,-0.09412594732354951,-0.5586766177500669,0.9474490644806207,0.019155970518062268,14.016627436214147,0.0,-0.06078700179796048
MIX,frictionless,split_absolute,2023,0.05780154882580901,1.3560278744648686,0.042053636569512165,-0.015601471660870558,3.704877980888099,1.0577608646174688,0.021960649461510065,16.04427362122412,0.0,-0.012249393271259179
MIX,frictionless,split_absolute,2024,-0.03216539028044507,-0.5801919065804252,0.05381647878283656,-0.06340850461439107,-0.5072724940613862,0.9677696376772761,0.012380719020882208,9.054949116432084,0.0,-0.028894273099461243
MIX,frictionless,split_absolute,2025,0.09942520729266024,1.565754876264736,0.06167920647012585,-0.013360227168873529,7.441879994697973,1.0990686197815405,0.012319604234588099,8.996804004293574,0.0,-0.008452428027800662
BTC,frictionless,priority_relative,full,0.015152381280064464,0.3514812765495365,0.04570817442092791,-0.11140107368577346,0.13601647433672365,1.0944060505234574,0.010041077133728891,7.334836960590718,0.0,-0.04770222337663432
BTC,frictionless,priority_relative,2020_2022,0.006766450724748907,0.14033329335685932,0.061324240399713605,-0.11140107368577346,0.06073954676446732,1.0204417266696026,0.011861313868613138,8.664447322988625,0.0,-0.04770222337663432
BTC,frictionless,priority_relative,2023_end,0.02361591729879242,1.1511472450796545,0.020442315276679803,-0.018094080923407696,1.3051736310210327,1.0724826532674734,0.00821917808219178,6.004012342154088,0.0,-0.0036474951752196727
BTC,frictionless,priority_relative,2020,-0.05532029406957728,-0.7994121864423838,0.06821417373054763,-0.10916131494439374,-0.5067756292396915,0.9445693199720347,0.01912568306010929,13.970547069744121,0.0,-0.04770222337663432
BTC,frictionless,priority_relative,2021,0.008382345749145648,0.20637012195840146,0.04535607146466833,-0.0485733945353668,0.17257072167444204,1.0083765843830883,0.005479452054794521,4.002739726027397,0.0,-0.02406066984975941
BTC,frictionless,priority_relative,2022,0.07140118489943426,1.052875249521351,0.06758785519995772,-0.05538751960913746,1.2891204625753807,1.071350610009591,0.010958904109589041,8.005517913614208,0.0,-0.020246446088727277
BTC,frictionless,priority_relative,2023,0.015350188552733846,1.3914934611691603,0.010983425570160634,-0.018094080923407696,0.8483541450771246,1.0153396017465595,0.00821917808219178,6.003983398297234,0.0,-0.0036474951752196727
BTC,frictionless,priority_relative,2024,-0.0011383059274320262,-1.3524093502000718,0.0008413279876991431,-0.003882290672279076,-0.29320471430950074,0.9988593580222991,0.00273224043715847,1.9959016393442623,0.0,-0.000744423528108884
BTC,frictionless,priority_relative,2025,0.057688954057229846,1.6818844355232008,0.0336580855462289,-0.014453146446421594,3.991446033642928,1.0574859555535103,0.013736263736263736,10.034174654616033,0.0,-0.002263354166752385
ETH,frictionless,priority_relative,full,0.015038292688466903,0.33330121889392417,0.048194000963809165,-0.08241598611282719,0.18246815208738187,1.0936684526891445,0.009584664536741214,7.001511615082473,0.0,-0.02737040275820568
ETH,frictionless,priority_relative,2020_2022,0.022698213441469717,0.40767376315057896,0.05925833994881339,-0.08241598611282719,0.2754103240407261,1.0696683938557354,0.010036496350364963,7.331532608485329,0.0,-0.02737040275820568
ETH,frictionless,priority_relative,2023_end,0.007428827199552401,0.23635395257628058,0.03368158369252154,-0.03509151483995199,0.21169867511945134,1.0224369150021329,0.0091324200913242,6.671189232644545,0.0,-0.025412416572220264
ETH,frictionless,priority_relative,2020,-0.008116760109194376,-0.290462752445006,0.026803005705536734,-0.05534939633094649,-0.14664586512673855,0.9918666409953555,0.00819672131147541,5.987342767022815,0.0,-0.01881565880938696
ETH,frictionless,priority_relative,2021,0.03905461956006362,0.48271208719723335,0.08701187097055448,-0.08241598611282719,0.47387189551548875,1.039027373159903,0.01643835616438356,12.008160236771198,0.0,-0.02737040275820568
ETH,frictionless,priority_relative,2022,0.03795844071106025,0.8051911511203871,0.04762263005487342,-0.026361399115529927,1.4399251172028391,1.0379319729334557,0.005479452054794521,4.0027775335563955,0.0,-0.02075145515148502
ETH,frictionless,priority_relative,2023,-0.007040015189395454,-0.18243869890168396,0.035280375721632264,-0.029598714619457178,-0.23784867957636208,0.9929647864484457,0.0136986301369863,10.006825007209862,0.0,-0.025412416572220264
ETH,frictionless,priority_relative,2024,-0.01600848879389516,-1.2933294872538117,0.012409267991303099,-0.0243006977688337,-0.6587666307436849,0.9839589046341269,0.00273224043715847,1.9959016393442623,0.0,-0.011596362918737224
ETH,frictionless,priority_relative,2025,0.04663066030911511,1.0381296232920159,0.0448302212181696,-0.026427583148702416,1.7644693442731505,1.0464674240536835,0.01098901098901099,8.027365610203782,0.0,-0.016719569337379392
MIX,frictionless,priority_relative,full,0.015095344996224336,0.43768776459528885,0.03564756450086134,-0.09116220521079965,0.16558775603681913,1.0940372516063008,0.009832770751776534,7.183085851399024,0.0,-0.024331095266682312
MIX,frictionless,priority_relative,2020_2022,0.014794883621380706,0.33970219704266086,0.046332993167045686,-0.09116220521079965,0.1622918575430425,1.0450550602626691,0.010968224592177448,8.013260416947094,0.0,-0.024331095266682312
MIX,frictionless,priority_relative,2023_end,0.015396169847798902,0.778041316050218,0.019877429010155972,-0.02002548580938035,0.7688287812017534,1.0468704408084684,0.008696279967229137,6.352153135562784,0.0,-0.012988361193353115
MIX,frictionless,priority_relative,2020,-0.031717936383446,-0.7973915260281556,0.03941737242520488,-0.06315862783173543,-0.5021948302605244,0.9682179804836951,0.013612481896541266,9.954671973290436,0.0,-0.024331095266682312
MIX,frictionless,priority_relative,2021,0.02409298821677508,0.4446012292129223,0.05711574794973235,-0.047929592764195506,0.5026745863522774,1.0240763005217668,0.011179706037339055,8.157247406872433,0.0,-0.01423711158606944
MIX,frictionless,priority_relative,2022,0.05402121622209388,1.3233191576019183,0.04034162103890301,-0.02683354760563461,2.013196950922371,1.053983260180899,0.008105241302092123,5.922542934907607,0.0,-0.010662008847433624
MIX,frictionless,priority_relative,2023,0.0038913748386433245,0.21386342434505465,0.01899034837675207,-0.01512312239868574,0.25731292361830654,1.003888706165643,0.0110156626458372,8.045698841663796,0.0,-0.012988361193353115
MIX,frictionless,priority_relative,2024,-0.00866564156364058,-1.3790848378138436,0.0062922399166994965,-0.013962749980912403,-0.6206257059309114,0.9913166419910471,0.00272674611233994,1.9921521743984323,0.0,-0.005873469992310754
MIX,frictionless,priority_relative,2025,0.05213266480916934,1.827886175785547,0.027997672558399585,-0.013484594909962677,3.8660905394089906,1.0519496945651947,0.012372858849639857,9.037911841769606,0.0,-0.008531110026785083
BTC,frictionless,split_relative,full,0.015152381280064464,0.3514812765495365,0.04570817442092791,-0.11140107368577346,0.13601647433672365,1.0944060505234574,0.010041077133728891,7.334836960590718,0.0,-0.04770222337663432
BTC,frictionless,split_relative,2020_2022,0.006766450724748907,0.14033329335685932,0.061324240399713605,-0.11140107368577346,0.06073954676446732,1.0204417266696026,0.011861313868613138,8.664447322988625,0.0,-0.04770222337663432
BTC,frictionless,split_relative,2023_end,0.02361591729879242,1.1511472450796545,0.020442315276679803,-0.018094080923407696,1.3051736310210327,1.0724826532674734,0.00821917808219178,6.004012342154088,0.0,-0.0036474951752196727
BTC,frictionless,split_relative,2020,-0.05532029406957728,-0.7994121864423838,0.06821417373054763,-0.10916131494439374,-0.5067756292396915,0.9445693199720347,0.01912568306010929,13.970547069744121,0.0,-0.04770222337663432
BTC,frictionless,split_relative,2021,0.008382345749145648,0.20637012195840146,0.04535607146466833,-0.0485733945353668,0.17257072167444204,1.0083765843830883,0.005479452054794521,4.002739726027397,0.0,-0.02406066984975941
BTC,frictionless,split_relative,2022,0.07140118489943426,1.052875249521351,0.06758785519995772,-0.05538751960913746,1.2891204625753807,1.071350610009591,0.010958904109589041,8.005517913614208,0.0,-0.020246446088727277
BTC,frictionless,split_relative,2023,0.015350188552733846,1.3914934611691603,0.010983425570160634,-0.018094080923407696,0.8483541450771246,1.0153396017465595,0.00821917808219178,6.003983398297234,0.0,-0.0036474951752196727
BTC,frictionless,split_relative,2024,-0.0011383059274320262,-1.3524093502000718,0.0008413279876991431,-0.003882290672279076,-0.29320471430950074,0.9988593580222991,0.00273224043715847,1.9959016393442623,0.0,-0.000744423528108884
BTC,frictionless,split_relative,2025,0.057688954057229846,1.6818844355232008,0.0336580855462289,-0.014453146446421594,3.991446033642928,1.0574859555535103,0.013736263736263736,10.034174654616033,0.0,-0.002263354166752385
ETH,frictionless,split_relative,full,0.006178173182451507,0.13044492797338586,0.061798958286676996,-0.15213963767024785,0.040608570370348,1.0376375759412633,0.010953902327704245,8.00182191204977,0.0,-0.06000553210853643
ETH,frictionless,split_relative,2020_2022,0.0003771777019945244,0.04501800322125812,0.08084424798240694,-0.15213963767024785,0.002479154727659014,1.001132218356301,0.013686131386861315,9.997755109083274,0.0,-0.06000553210853643
ETH,frictionless,split_relative,2023_end,0.012018151390446707,0.37593798495833775,0.03321641729827164,-0.03509151483995221,0.3424802675307668,1.0364640722929668,0.00821917808219178,6.004065944973312,0.0,-0.025412416572220264
ETH,frictionless,split_relative,2020,-0.008116760109194376,-0.290462752445006,0.026803005705536734,-0.05534939633094649,-0.14664586512673855,0.9918666409953555,0.00819672131147541,5.987342767022815,0.0,-0.01881565880938696
ETH,frictionless,split_relative,2021,-0.0035910053461779556,0.034023480775298244,0.12560812822596049,-0.15213963767024785,-0.023603351507653855,0.9964114481475714,0.024657534246575342,18.012762594731047,0.0,-0.06000553210853643
ETH,frictionless,split_relative,2022,0.012985620503765505,0.25714152038936305,0.056238640528146505,-0.04240707177665226,0.30621356202469274,1.012976674909403,0.00821917808219178,6.004147396570096,0.0,-0.029316410291784445
ETH,frictionless,split_relative,2023,-0.007040015189395454,-0.1824386989016871,0.035280375721632264,-0.029598714619457178,-0.23784867957636208,0.9929647864484457,0.0136986301369863,10.006825007209862,0.0,-0.025412416572220264
ETH,frictionless,split_relative,2024,-0.01600848879389516,-1.2933294872538164,0.01240926799130314,-0.02430069776883359,-0.6587666307436879,0.9839589046341269,0.002732240437158471,1.9959016393442628,0.0,-0.011596362918737224
ETH,frictionless,split_relative,2025,0.061039387662777944,1.3754818768342991,0.0437348546442622,-0.026427583148702305,2.309684821321817,1.0608242640127574,0.008241758241758242,6.02049747833565,0.0,-0.016719569337379503
MIX,frictionless,split_relative,full,0.010715062529041308,0.2735224665096231,0.04218606819196001,-0.1262818964391902,0.08485034538740113,1.0660218132323602,0.010478659372145113,7.657024665058056,0.0,-0.04180506935335504
MIX,frictionless,split_relative,2020_2022,0.0035819869698119344,0.09146568225067708,0.05643162639907652,-0.1262818964391902,0.028365007739148147,1.010786972512952,0.012731576104805327,9.306035007705484,0.0,-0.04180506935335504
MIX,frictionless,split_relative,2023_end,0.01790542105741899,0.9255844626254852,0.01936283760497541,-0.01977683985184253,0.9053732138985194,1.0546453824806301,0.008223685181281554,6.006508376892224,0.0,-0.012567728869392614
MIX,frictionless,split_relative,2020,-0.031717936383446,-0.7973915260281556,0.03941737242520488,-0.06315862783173543,-0.5021948302605244,0.9682179804836951,0.013612481896541266,9.954671973290436,0.0,-0.024331095266682312
MIX,frictionless,split_relative,2021,0.002249433815143087,0.06767785014052195,0.07834028170176881,-0.08385458510906152,0.02682541225643734,1.0022478924324156,0.015037065970202126,10.985323376226289,0.0,-0.04180506935335504
MIX,frictionless,split_relative,2022,0.04165396604221927,0.9627621117982028,0.043327527972339096,-0.027413188605668548,1.519486355323364,1.0416248701501964,0.009542767007147287,6.976332586022785,0.0,-0.014733666759005892
MIX,frictionless,split_relative,2023,0.004261976450333549,0.2390417157848831,0.018494163030932896,-0.01463438019595431,0.2912304035610457,1.0042590530830644,0.010924963622834545,7.979442946067248,0.0,-0.012567728869392614
MIX,frictionless,split_relative,2024,-0.0084195031498846,-1.3847632484861008,0.0060881999802510104,-0.013632685149516544,-0.6175968312583806,0.9915632814775092,0.002726749352822937,1.9921541342472422,0.0,-0.005681520559797315
MIX,frictionless,split_relative,2025,0.05931692343095318,2.1264681684562268,0.027255310263146353,-0.013047152120239547,4.546350259757999,1.059108037854581,0.011042124417679943,8.064564791889971,0.0,-0.008254359216362972
BTC,frictionless,full_linear,full,0.04565279303928249,0.6356411799725189,0.0745051602765277,-0.10709255408261154,0.42629287750543127,1.307068868897188,0.015061615700593337,11.002439727338349,0.0,-0.05663953824810264
BTC,frictionless,full_linear,2020_2022,0.0282115864054433,0.47295338229428235,0.06295101187551881,-0.06145484302950055,0.459062052959776,1.0870655936178808,0.009124087591240875,6.6651053381646665,0.0,-0.05663953824810264
BTC,frictionless,full_linear,2023_end,0.06340618394589237,0.7685568049010431,0.08452239514737557,-0.10709255408261154,0.5920690237435241,1.2023827049360571,0.021004566210045664,15.343735152483879,0.0,-0.053416058021622304
BTC,frictionless,full_linear,2020,0.014638108267339023,0.21251491487396687,0.08558853008073444,-0.06145484302950055,0.23819291606215967,1.0146683853646652,0.01639344262295082,11.975249759998057,0.0,-0.05663953824810264
BTC,frictionless,full_linear,2021,0.0,,0.0,0.0,,1.0,0.0,0.0,0.0,0.0
BTC,frictionless,full_linear,2022,0.07140118489943426,1.0528752495213523,0.06758785519995775,-0.05538751960913757,1.2891204625753783,1.071350610009591,0.010958904109589041,8.005517913614208,0.0,-0.020246446088727166
BTC,frictionless,full_linear,2023,0.10398263052576606,1.4077646949087232,0.07199689218518114,-0.018094080923407696,5.746776029460953,1.1039078824646291,0.021917808219178082,16.010812934534624,0.0,-0.0036474951752197837
BTC,frictionless,full_linear,2024,-0.03248323130342878,-0.2888956341160289,0.09764176185226646,-0.10709255408261154,-0.30331923243114656,0.9674511654916222,0.02185792349726776,15.967125270360455,0.0,-0.053416058021622304
BTC,frictionless,full_linear,2025,0.12630917708610068,1.4911842626070952,0.08191228613703923,-0.04722707618577904,2.674507661436275,1.1258507828747257,0.019230769230769232,14.048009400859286,0.0,-0.03036264466263605
ETH,frictionless,full_linear,full,0.05974377375910889,0.5802489789369933,0.110214490225136,-0.18268110830389428,0.3270385991950724,1.4163505120045738,0.01734367868553172,12.66932498831456,0.0,-0.11215980370133571
ETH,frictionless,full_linear,2020_2022,0.028449240635690654,0.3289463922756192,0.10111155658323875,-0.18268110830389428,0.15573170592092467,1.0878197120328548,0.014598540145985401,10.663875527855062,0.0,-0.11215980370133571
ETH,frictionless,full_linear,2023_end,0.09202045680980464,0.7978827808480111,0.11865331622222355,-0.15286160579288666,0.601985412442179,1.302008500432282,0.02009132420091324,14.676605909468542,0.0,-0.06908757048174896
ETH,frictionless,full_linear,2020,0.0937531399617273,1.249935799315087,0.07375853247052472,-0.05534939633094649,1.693842140592757,1.0939544248461435,0.01366120218579235,9.978282193563693,0.0,-0.01881565880938696
ETH,frictionless,full_linear,2021,0.08825057106543199,1.0965038852712166,0.07992672375909671,-0.04978487641371243,1.772638146815301,1.0881875784308324,0.010958904109589041,8.005584389402378,0.0,-0.026999914476771303
ETH,frictionless,full_linear,2022,-0.08625057124894608,-0.5841160142548046,0.13732547445310145,-0.1545702643748792,-0.5580023531548255,0.9138058433515155,0.019178082191780823,14.00963833850128,0.0,-0.11215980370133571
ETH,frictionless,full_linear,2023,0.008109949946982997,0.23644186098164033,0.037043085607154864,-0.029598714619457067,0.2739966938176371,1.0081043765557847,0.021917808219178082,16.010922470474355,0.0,-0.025412416572220153
ETH,frictionless,full_linear,2024,0.08852449128395645,0.6181500346352833,0.15597659802817274,-0.15286160579288666,0.5791152776708296,1.088714101273274,0.02185792349726776,15.96718264636889,0.0,-0.06908757048174896
ETH,frictionless,full_linear,2025,0.1869960127427046,1.391866457199131,0.12865118704685047,-0.026427583148702527,7.07578940119181,1.1862998388461807,0.016483516483516484,12.040955825752471,0.0,-0.016719569337379503
MIX,frictionless,full_linear,full,0.05281610843251494,0.7606835432905741,0.07091064968788065,-0.11703704279414096,0.4512768536489286,1.361709690450881,0.01627815858017806,11.897198182743553,0.0,-0.06054980267240695
MIX,frictionless,full_linear,2020_2022,0.02833042725614776,0.4722424123692747,0.06340043722323375,-0.10015328894496611,0.2828706631063832,1.0874426528253678,0.011950484306375062,8.746817198026648,0.0,-0.06054980267240695
MIX,frictionless,full_linear,2023_end,0.07790798514782948,1.0032069563445654,0.07771344745097741,-0.11703704279414096,0.6656694606071307,1.2522128747781955,0.020609785067929733,15.050456227720469,0.0,-0.05657890626073481
MIX,frictionless,full_linear,2020,0.054197148446312404,0.9486499158901033,0.05731911306542073,-0.035718934975321415,1.517322632484921,1.0543114051054043,0.01494807714776146,10.947586989244598,0.0,-0.02867245053675649
MIX,frictionless,full_linear,2021,0.04578379726297199,1.0796745960437866,0.042252388449847536,-0.027294114639689226,1.6774237914424357,1.045751753786269,0.005804063581495327,4.24661399138276,0.0,-0.01478038103217294
MIX,frictionless,full_linear,2022,-0.013709718732542342,-0.12234885167275546,0.08369855632149585,-0.0834452156482266,-0.16429604293117678,0.9862996004819836,0.015091099606741312,11.040221107175277,0.0,-0.06054980267240695
MIX,frictionless,full_linear,2023,0.05602892388405811,1.3436954789253568,0.04116581277938612,-0.016044978360983397,3.491991240094393,1.0559895200853702,0.02196075316832528,16.04436456567164,0.0,-0.012719263718868001
MIX,frictionless,full_linear,2024,0.025300689668558585,0.2932953198810518,0.10321270178658734,-0.11703704279414096,0.21617676817980208,1.0253532948917143,0.021900633485626413,15.996557616049039,0.0,-0.05657890626073481
MIX,frictionless,full_linear,2025,0.1570759569386455,1.9567823224491518,0.07595436198399433,-0.0240815426045341,6.522670059727448,1.1564983706020782,0.017957164525288647,13.10251762475224,0.0,-0.015434919337695585
BTC,frictionless,boosted,full,0.023005472888568468,0.30775101459029497,0.08577644115188655,-0.15156379277321408,0.15178739240836833,1.1461836801355727,0.016887266088544045,12.336059793318665,0.0,-0.06933737692447106
BTC,frictionless,boosted,2020_2022,-0.015825562781225377,-0.13941460812234008,0.0870031038742895,-0.15156379277321408,-0.10441519370596164,0.95326028512405,0.012773722627737226,9.331128663495752,0.0,-0.06933737692447106
BTC,frictionless,boosted,2023_end,0.06340618394589259,0.7685568049010459,0.08452239514737558,-0.10709255408261131,0.5920690237435274,1.2023827049360576,0.021004566210045664,15.343735152483879,0.0,-0.053416058021622304
BTC,frictionless,boosted,2020,-0.03775072654029843,-0.340598676059619,0.0985364145532027,-0.10898445144310609,-0.34638635181832067,0.9621732414982899,0.02185792349726776,15.966848995031052,0.0,-0.05663953824810253
BTC,frictionless,boosted,2021,0.01974760496193273,0.5596755668819974,0.036055025898365,-0.017910837978389327,1.1025505889651612,1.0197339559650167,0.0027397260273972603,2.0013698630136987,0.0,-0.013297623535069025
BTC,frictionless,boosted,2022,-0.02845535435997637,-0.21187419392697912,0.10830737684697148,-0.09606337001666954,-0.29621440883282163,0.9715638426846392,0.0136986301369863,10.006987076739668,0.0,-0.06933737692447106
BTC,frictionless,boosted,2023,0.10398263052576628,1.4077646949087255,0.07199689218518135,-0.018094080923407696,5.746776029460966,1.1039078824646293,0.021917808219178082,16.010812934534627,0.0,-0.0036474951752196727
BTC,frictionless,boosted,2024,-0.03248323130342878,-0.2888956341160304,0.09764176185226632,-0.10709255408261131,-0.3033192324311472,0.9674511654916222,0.02185792349726776,15.967125270360455,0.0,-0.053416058021622304
BTC,frictionless,boosted,2025,0.1263091770861009,1.4911842626070992,0.08191228613703931,-0.04722707618577904,2.6745076614362793,1.125850782874726,0.019230769230769232,14.048009400859286,0.0,-0.03036264466263605
ETH,frictionless,boosted,full,-0.009935293479558127,-0.058738239018075476,0.09418004711527692,-0.28178499648999245,-0.03525841901916512,0.9418622952136817,0.015061615700593337,11.00254133071868,0.0,-0.11215980370133571
ETH,frictionless,boosted,2020_2022,-0.03758256263522275,-0.33929716480077715,0.09814795444323794,-0.21951833423175116,-0.17120466391452238,0.8914132027816698,0.013686131386861315,9.997798767863065,0.0,-0.11215980370133571
ETH,frictionless,boosted,2023_end,0.018532539860465214,0.24721252343164118,0.0900550759625292,-0.1326606797587212,0.13969881576192414,1.0565945088928284,0.01643835616438356,12.00820146669106,0.0,-0.06908757048174907
ETH,frictionless,boosted,2020,0.08195046789004246,1.3184617972336512,0.061089682797764784,-0.05534939633094649,1.4806027404534312,1.0821254723141078,0.01366120218579235,9.979684111953647,0.0,-0.01881565880938718
ETH,frictionless,boosted,2021,0.0031039835620989553,0.07868542903512445,0.07151716925484879,-0.05807996727804299,0.05344327325873701,1.0031018557095013,0.00821917808219178,6.00421452638868,0.0,-0.03563808077207231
ETH,frictionless,boosted,2022,-0.17889666373640545,-1.3173901089527527,0.14148250013366082,-0.19267446885829953,-0.9284917965336299,0.8212141203618353,0.019178082191780823,14.009547294441143,0.0,-0.11215980370133571
ETH,frictionless,boosted,2023,0.008109949946982775,0.2364418609816374,0.037043085607154864,-0.029598714619457067,0.2739966938176296,1.0081043765557844,0.021917808219178082,16.010922470474355,0.0,-0.025412416572220042
ETH,frictionless,boosted,2024,-0.07927612757398073,-0.9499560801505155,0.08312974924889513,-0.1326606797587212,-0.5975857180753595,0.9205677310865836,0.01639344262295082,11.975292020313319,0.0,-0.06908757048174907
ETH,frictionless,boosted,2025,0.13904426416482174,1.0860186497472684,0.12669453106940937,-0.03555432739140152,3.9107550153922555,1.1385368766736659,0.01098901098901099,8.027574244145317,0.0,-0.016719569337379503
MIX,frictionless,boosted,full,0.0072077415446996085,0.13558516908520793,0.07274921052950004,-0.15726041553558878,0.04583315845981891,1.0440229876746272,0.016076259590043596,11.750309725740554,0.0,-0.09182939951322655
MIX,frictionless,boosted,2020_2022,-0.02658244762557116,-0.30428926154469915,0.07815744798068983,-0.14266843899083015,-0.1863232528063177,0.9223367439528599,0.013180609931231284,9.641768655030987,0.0,-0.09182939951322655
MIX,frictionless,boosted,2023_end,0.04220336587116602,0.6509352786673601,0.06688933399177233,-0.11439242502254432,0.3689349698010916,1.131932555565613,0.018974553677768066,13.860776404733866,0.0,-0.055447977720015196
MIX,frictionless,boosted,2020,0.02210347092255338,0.39511716269597036,0.05980963730761926,-0.061973738750804475,0.35665866491339376,1.0221493569061988,0.017529722204548886,12.837766553513939,0.0,-0.0270226640057607
MIX,frictionless,boosted,2021,0.010937476435584292,0.2838169016136623,0.041282051986250075,-0.028412529145385057,0.3849525812932013,1.0109299493768549,0.005658858866788078,4.123112583408052,0.0,-0.018824774378787268
MIX,frictionless,boosted,2022,-0.10747520679742939,-0.9349017589757679,0.11426406657314299,-0.1244049692180369,-0.8639140982307888,0.8925942558296358,0.016341333346265606,11.955670669544995,0.0,-0.09182939951322655
MIX,frictionless,boosted,2023,0.057652726762925655,1.3550537973668448,0.04197784236112994,-0.015638706580544004,3.686540601423584,1.0576121501305173,0.02196066267084494,16.044284765291557,0.0,-0.012288842487743756
MIX,frictionless,boosted,2024,-0.05403617717200693,-0.6418767628679789,0.08126297237020351,-0.11439242502254432,-0.47237548431513315,0.9458559250973697,0.019318256610433533,14.125720889173527,0.0,-0.055447977720015196
MIX,frictionless,boosted,2025,0.13201826448773035,1.7816417963239646,0.07093998373900148,-0.0268421676783962,4.918316064092866,1.1315379671665817,0.015634649678238896,11.40486917146883,0.0,-0.017210594938037227
BTC,base,unfiltered,full,-0.04406263161954915,-0.23423976791361412,0.14468588546187747,-0.34840197965948616,-0.1264706694910694,0.7631386050385449,0.022820629849383847,16.645723038390983,0.2343442374420544,-0.20443239408462222
BTC,base,unfiltered,2020_2022,-0.08562926079591882,-0.3809723750465616,0.18587830813248404,-0.3125727402362497,-0.2739498675770582,0.7644346227978474,0.023722627737226287,17.30393113788218,0.12699470560821788,-0.20443239408462222
BTC,base,unfiltered,2023_end,-0.0005658381439105353,0.03584258727464137,0.08553634684190044,-0.17107296010787654,-0.0033075837558064385,0.9983046061485821,0.021917808219178082,15.986913835612576,0.14042997089919204,-0.056247316073402165
BTC,base,unfiltered,2020,-0.23690794476521748,-0.9969197726752019,0.23903297827003261,-0.3125727402362497,-0.7579290010579841,0.7626685131882434,0.027322404371584706,19.930538768070935,0.050646139942865244,-0.20443239408462222
BTC,base,unfiltered,2021,0.09105500440277958,1.188486270399493,0.07567194845612779,-0.09122820844808999,0.9981014200732774,1.0909899275472268,0.01643835616438356,11.99029071897773,0.03753223967980605,-0.03874046628148875
BTC,base,unfiltered,2022,-0.08133203052216231,-0.3151020888829325,0.20191238931578903,-0.15137484019094394,-0.537288960434708,0.9187213119430317,0.027397260273972608,19.983767741309702,0.05735607764807659,-0.13562307111548333
BTC,base,unfiltered,2023,0.05220840015166295,0.7740006667563034,0.06863473038783256,-0.026104106809991756,2.000007145683275,1.05217174908466,0.02191780821917809,15.98686832999209,0.04758397962339682,-0.006636552689694097
BTC,base,unfiltered,2024,-0.12087442965775952,-1.1679057758416558,0.1054012874615591,-0.17107296010787654,-0.7065665408579916,0.8788930434385248,0.024590163934426236,17.936162829813245,0.04926187360829627,-0.056247316073402165
BTC,base,unfiltered,2025,0.07982794129661408,1.0217582073383895,0.07803085730314285,-0.05292661511188623,1.5082759614960972,1.0795441571091413,0.019230769230769235,14.027000312739034,0.044351660296629104,-0.03327155672864823
ETH,base,unfiltered,full,0.0596062325930935,0.412825608913323,0.17872853437284908,-0.3327661750475426,0.17912347186302066,1.4152481763609153,0.029666818804199004,21.638956713537905,0.4385406473697776,-0.16735496082707524
ETH,base,unfiltered,2020_2022,0.0037432837138637876,0.12089641359258547,0.2008492314549153,-0.3327661750475426,0.011248991016977556,1.0112745262962668,0.032846715328467155,23.95829770807215,0.244339918519715,-0.16735496082707524
ETH,base,unfiltered,2023_end,0.11863354120744041,0.8035735398674917,0.15347778551865826,-0.1675340186877441,0.7081161314977698,1.3994698171071094,0.026484018264840193,19.317497599373954,0.1920356182225921,-0.07187195461789542
ETH,base,unfiltered,2020,0.11509711000392464,1.294102431334023,0.08698116622459663,-0.08142615407454368,1.4135152434997238,1.1153465842033103,0.024590163934426233,17.93512574845897,0.05668859197535257,-0.021750407586627163
ETH,base,unfiltered,2021,0.1946658218974917,1.0157370003536703,0.19305777987890688,-0.18242257555650931,1.0671147543204695,1.194520388568617,0.038356164383561646,27.978029594648326,0.09028276265627348,-0.0848011865883157
ETH,base,unfiltered,2022,-0.24110157872812288,-0.8550950941480171,0.2760564057620018,-0.3081139495356705,-0.7825078322207234,0.7590417410791207,0.03561643835616438,25.978239622094392,0.06526644088418751,-0.16735496082707524
ETH,base,unfiltered,2023,-0.03916807359051,-1.0287933670799565,0.03809889902910115,-0.04518415070102211,-0.8668542615679613,0.9608582038316836,0.021917808219178086,15.98697786593182,0.046631001341874215,-0.028327434269411866
ETH,base,unfiltered,2024,0.11042233823182235,0.7022783736871542,0.1684832931055236,-0.1675340186877441,0.6591039783844227,1.1106611854984274,0.024590163934426236,17.93635272614883,0.059722712822239385,-0.07187195461789542
ETH,base,unfiltered,2025,0.3125833964807849,1.441608378501015,0.20209358449393364,-0.11590172831441004,2.696969243054174,1.3113621337730559,0.03296703296703297,24.04590069362333,0.08247803160075932,-0.06633374716502172
MIX,base,unfiltered,full,0.01434473072442799,0.17192941054124894,0.14517979713494583,-0.2603721622112657,0.0550931812471899,1.0891933906997302,0.02689195057936101,19.63669915474504,0.33644244240591603,-0.15380757382193955
MIX,base,unfiltered,2020_2022,-0.03886467354398937,-0.1401250670774325,0.17267696756193607,-0.2603721622112657,-0.14926585551205976,0.8878545745470571,0.02903153138819965,21.214210511819314,0.18566731206396644,-0.15380757382193955
MIX,base,unfiltered,2023_end,0.07055253892040447,0.6677519401252437,0.11106312595375588,-0.1527390325760538,0.46191558065076804,1.2267700386128968,0.024750415815445792,18.057747148029595,0.16981962436682624,-0.06156887346739859
MIX,base,unfiltered,2020,-0.06087135046644132,-0.43507715965364624,0.12540545865285926,-0.16412816581018785,-0.3708769312443196,0.9390075486957769,0.02549478971254536,18.662617022663884,0.05366736595910891,-0.10101303712166865
MIX,base,unfiltered,2021,0.15258833237095026,1.1434938372745052,0.13165796967513252,-0.1413973303913426,1.0791457798293258,1.1524763054903995,0.029567773762720236,21.583631588595736,0.06886059039352477,-0.0658103754713123
MIX,base,unfiltered,2022,-0.17968269806127735,-0.7091739093002736,0.23759327306259087,-0.24449809217372265,-0.7349042950143261,0.8204285178107176,0.03204172039255431,23.4033735912919,0.06222540251457151,-0.15380757382193955
MIX,base,unfiltered,2023,0.0001683804027090563,0.023064214300642656,0.03760954250445684,-0.03347095173153258,0.005030642811104386,1.0001682651429087,0.021960142197289676,16.0258360598974,0.047041254109644166,-0.01614205875983976
MIX,base,unfiltered,2024,0.00568657531996819,0.10677480675993181,0.12199498339238693,-0.1527390325760538,0.037230662156621006,1.0056982852717724,0.024594585115559342,17.942990086028264,0.054985219511288985,-0.06156887346739859
MIX,base,unfiltered,2025,0.22044573458461603,1.4529820044846598,0.1439327558441357,-0.07959853872703582,2.769469617282574,1.2196139425389065,0.02770504193298818,20.21062800478986,0.06738849602713594,-0.05365563874675905
BTC,base,constant,full,-0.04406263161954915,-0.23423976791361412,0.14468588546187747,-0.34840197965948616,-0.1264706694910694,0.7631386050385449,0.022820629849383847,16.645723038390983,0.2343442374420544,-0.20443239408462222
BTC,base,constant,2020_2022,-0.08562926079591882,-0.3809723750465616,0.18587830813248404,-0.3125727402362497,-0.2739498675770582,0.7644346227978474,0.023722627737226287,17.30393113788218,0.12699470560821788,-0.20443239408462222
BTC,base,constant,2023_end,-0.0005658381439105353,0.03584258727464137,0.08553634684190044,-0.17107296010787654,-0.0033075837558064385,0.9983046061485821,0.021917808219178082,15.986913835612576,0.14042997089919204,-0.056247316073402165
BTC,base,constant,2020,-0.23690794476521748,-0.9969197726752019,0.23903297827003261,-0.3125727402362497,-0.7579290010579841,0.7626685131882434,0.027322404371584706,19.930538768070935,0.050646139942865244,-0.20443239408462222
BTC,base,constant,2021,0.09105500440277958,1.188486270399493,0.07567194845612779,-0.09122820844808999,0.9981014200732774,1.0909899275472268,0.01643835616438356,11.99029071897773,0.03753223967980605,-0.03874046628148875
BTC,base,constant,2022,-0.08133203052216231,-0.3151020888829325,0.20191238931578903,-0.15137484019094394,-0.537288960434708,0.9187213119430317,0.027397260273972608,19.983767741309702,0.05735607764807659,-0.13562307111548333
BTC,base,constant,2023,0.05220840015166295,0.7740006667563034,0.06863473038783256,-0.026104106809991756,2.000007145683275,1.05217174908466,0.02191780821917809,15.98686832999209,0.04758397962339682,-0.006636552689694097
BTC,base,constant,2024,-0.12087442965775952,-1.1679057758416558,0.1054012874615591,-0.17107296010787654,-0.7065665408579916,0.8788930434385248,0.024590163934426236,17.936162829813245,0.04926187360829627,-0.056247316073402165
BTC,base,constant,2025,0.07982794129661408,1.0217582073383895,0.07803085730314285,-0.05292661511188623,1.5082759614960972,1.0795441571091413,0.019230769230769235,14.027000312739034,0.044351660296629104,-0.03327155672864823
ETH,base,constant,full,0.0596062325930935,0.412825608913323,0.17872853437284908,-0.3327661750475426,0.17912347186302066,1.4152481763609153,0.029666818804199004,21.638956713537905,0.4385406473697776,-0.16735496082707524
ETH,base,constant,2020_2022,0.0037432837138637876,0.12089641359258547,0.2008492314549153,-0.3327661750475426,0.011248991016977556,1.0112745262962668,0.032846715328467155,23.95829770807215,0.244339918519715,-0.16735496082707524
ETH,base,constant,2023_end,0.11863354120744041,0.8035735398674917,0.15347778551865826,-0.1675340186877441,0.7081161314977698,1.3994698171071094,0.026484018264840193,19.317497599373954,0.1920356182225921,-0.07187195461789542
ETH,base,constant,2020,0.11509711000392464,1.294102431334023,0.08698116622459663,-0.08142615407454368,1.4135152434997238,1.1153465842033103,0.024590163934426233,17.93512574845897,0.05668859197535257,-0.021750407586627163
ETH,base,constant,2021,0.1946658218974917,1.0157370003536703,0.19305777987890688,-0.18242257555650931,1.0671147543204695,1.194520388568617,0.038356164383561646,27.978029594648326,0.09028276265627348,-0.0848011865883157
ETH,base,constant,2022,-0.24110157872812288,-0.8550950941480171,0.2760564057620018,-0.3081139495356705,-0.7825078322207234,0.7590417410791207,0.03561643835616438,25.978239622094392,0.06526644088418751,-0.16735496082707524
ETH,base,constant,2023,-0.03916807359051,-1.0287933670799565,0.03809889902910115,-0.04518415070102211,-0.8668542615679613,0.9608582038316836,0.021917808219178086,15.98697786593182,0.046631001341874215,-0.028327434269411866
ETH,base,constant,2024,0.11042233823182235,0.7022783736871542,0.1684832931055236,-0.1675340186877441,0.6591039783844227,1.1106611854984274,0.024590163934426236,17.93635272614883,0.059722712822239385,-0.07187195461789542
ETH,base,constant,2025,0.3125833964807849,1.441608378501015,0.20209358449393364,-0.11590172831441004,2.696969243054174,1.3113621337730559,0.03296703296703297,24.04590069362333,0.08247803160075932,-0.06633374716502172
MIX,base,constant,full,0.01434473072442799,0.17192941054124894,0.14517979713494583,-0.2603721622112657,0.0550931812471899,1.0891933906997302,0.02689195057936101,19.63669915474504,0.33644244240591603,-0.15380757382193955
MIX,base,constant,2020_2022,-0.03886467354398937,-0.1401250670774325,0.17267696756193607,-0.2603721622112657,-0.14926585551205976,0.8878545745470571,0.02903153138819965,21.214210511819314,0.18566731206396644,-0.15380757382193955
MIX,base,constant,2023_end,0.07055253892040447,0.6677519401252437,0.11106312595375588,-0.1527390325760538,0.46191558065076804,1.2267700386128968,0.024750415815445792,18.057747148029595,0.16981962436682624,-0.06156887346739859
MIX,base,constant,2020,-0.06087135046644132,-0.43507715965364624,0.12540545865285926,-0.16412816581018785,-0.3708769312443196,0.9390075486957769,0.02549478971254536,18.662617022663884,0.05366736595910891,-0.10101303712166865
MIX,base,constant,2021,0.15258833237095026,1.1434938372745052,0.13165796967513252,-0.1413973303913426,1.0791457798293258,1.1524763054903995,0.029567773762720236,21.583631588595736,0.06886059039352477,-0.0658103754713123
MIX,base,constant,2022,-0.17968269806127735,-0.7091739093002736,0.23759327306259087,-0.24449809217372265,-0.7349042950143261,0.8204285178107176,0.03204172039255431,23.4033735912919,0.06222540251457151,-0.15380757382193955
MIX,base,constant,2023,0.0001683804027090563,0.023064214300642656,0.03760954250445684,-0.03347095173153258,0.005030642811104386,1.0001682651429087,0.021960142197289676,16.0258360598974,0.047041254109644166,-0.01614205875983976
MIX,base,constant,2024,0.00568657531996819,0.10677480675993181,0.12199498339238693,-0.1527390325760538,0.037230662156621006,1.0056982852717724,0.024594585115559342,17.942990086028264,0.054985219511288985,-0.06156887346739859
MIX,base,constant,2025,0.22044573458461603,1.4529820044846598,0.1439327558441357,-0.07959853872703582,2.769469617282574,1.2196139425389065,0.02770504193298818,20.21062800478986,0.06738849602713594,-0.05365563874675905
BTC,base,simple_linear,full,-0.0007122455806493067,0.02738332289234615,0.07422826238636175,-0.16153662866391483,-0.004409189337058469,0.9957350998982865,0.01506161570059334,10.985895846013342,0.18641281382947023,-0.05946115478375136
BTC,base,simple_linear,2020_2022,-0.02314529732559334,-0.27799893913741236,0.07421698459741997,-0.16153662866391483,-0.14328203774605391,0.9321438825338731,0.01277372262773723,9.317031071036864,0.07849028096962812,-0.05946115478375136
BTC,base,simple_linear,2023_end,0.02225716794484578,0.33288468121826814,0.0742544665879976,-0.10709255408261142,0.20783114321539622,1.0682203880280279,0.017351598173515986,12.656284698409886,0.11577883509407716,-0.056247316073402165
BTC,base,simple_linear,2020,-0.10533080495705616,-1.0450601956757588,0.10142746545927214,-0.16153662866391483,-0.6520552386678953,0.8944647465505042,0.021857923497267766,15.942641669073055,0.04587280924037396,-0.05946115478375136
BTC,base,simple_linear,2021,-0.003654153487015588,-0.058868262177065145,0.045008582664444574,-0.0485733945353668,-0.07522952682162166,0.9963483430725264,0.0054794520547945215,3.9967535748917635,0.01188680107815558,-0.02698848784021024
BTC,base,simple_linear,2022,0.04597639659760877,0.7254371826692849,0.06476719745259235,-0.0610382423233401,0.7532391964050396,1.04594421538439,0.010958904109589045,7.993545611342939,0.024669193227988846,-0.023176915342699056
BTC,base,simple_linear,2023,0.05220840015166317,0.7740006667563082,0.06863473038783256,-0.026104106809991423,2.0000071456833086,1.0521717490846603,0.02191780821917809,15.98686832999209,0.047583979623396826,-0.006636552689694097
BTC,base,simple_linear,2024,-0.0346450974336151,-0.4070457249251661,0.0788409545457106,-0.10709255408261142,-0.32350612729704625,0.9652850120723065,0.013661202185792354,9.96459044440325,0.02873120289376955,-0.056247316073402165
BTC,base,simple_linear,2025,0.051947178332907296,0.7111202476422949,0.07503256572339102,-0.05292661511188612,0.9814944375923472,1.05176487497252,0.016483516483516487,12.023034894670662,0.037379864333662804,-0.03327155672864823
ETH,base,simple_linear,full,0.0161619390472314,0.25520357110356906,0.07279184929959984,-0.12903164650566,0.125255621275223,1.100951057610635,0.014148790506617987,10.320010020505489,0.19026967432983527,-0.032219751038668365
ETH,base,simple_linear,2020_2022,0.012974187322390529,0.2237086630845975,0.06769421591787927,-0.08605731495015034,0.1507621673986223,1.0394389056874143,0.012773722627737226,9.316843602270568,0.08601932611785164,-0.032219751038668365
ETH,base,simple_linear,2023_end,0.019362647325675164,0.2837064924717114,0.07759016074858517,-0.0750299539834356,0.2580655631209619,1.0591782273942698,0.015525114155251147,11.324092572455692,0.10029482987558519,-0.028327434269411977
ETH,base,simple_linear,2020,0.06149300785917933,0.8811839472957601,0.07040954551219714,-0.05817487171579905,1.0570372747806016,1.0616230899509689,0.013661202185792353,9.963357704735099,0.029702791511987067,-0.021750407586627052
ETH,base,simple_linear,2021,-0.03400921869606377,-0.4440883532908674,0.07205284298892975,-0.08605731495015034,-0.3951926540557765,0.9660136592171527,0.010958904109589045,7.993451657599749,0.023232161562880035,-0.03028829154993118
ETH,base,simple_linear,2022,0.0135597340179483,0.25391594960840475,0.06008650384896162,-0.06913580450512524,0.19613186126941035,1.0135503902865641,0.0136986301369863,9.99195017296326,0.03086438481842306,-0.032219751038668365
ETH,base,simple_linear,2023,-0.03916807359051078,-1.028793367079972,0.03809889902910123,-0.045184150701022885,-0.8668542615679636,0.9608582038316829,0.021917808219178082,15.986977865931818,0.04663100134187419,-0.028327434269411977
ETH,base,simple_linear,2024,-0.027132474698040587,-0.5879159066537588,0.04502776901466333,-0.06678913091852423,-0.4062408707060341,0.9728125761060451,0.013661202185792353,9.96446589214046,0.0297879079188932,-0.02805450398685172
ETH,base,simple_linear,2025,0.13361861546191234,1.0936372803056158,0.12082753094168847,-0.026502688488532544,5.0417004116291,1.1331321607036962,0.010989010989010992,8.015494311127634,0.026790346269900386,-0.010151238959224873
MIX,base,simple_linear,full,0.007901330614042523,0.17281888590574748,0.05380540343825662,-0.08658878719615082,0.0912511985662015,1.0483430787544608,0.014639728368074666,10.687690851574462,0.18834124407965275,-0.028761953909419602
MIX,base,simple_linear,2020_2022,-0.004757729425639012,-0.06359607661178077,0.05296116458826599,-0.08658878719615082,-0.05494625320090533,0.9857913941106438,0.012841450288305864,9.377258315786394,0.08225480354373987,-0.028761953909419602
MIX,base,simple_linear,2023_end,0.020733190581674332,0.40211273714340223,0.054653503309061734,-0.0655231010929106,0.3164256611156886,1.0634532671085546,0.01643964871093001,11.99932012940435,0.10761550686047672,-0.02786824097013041
MIX,base,simple_linear,2020,-0.0219115863451389,-0.3182762258892918,0.0632804216304103,-0.08658878719615082,-0.25305339241560537,0.9780439182507366,0.017664172679394387,12.914986911317943,0.037787800376180514,-0.028761953909419602
MIX,base,simple_linear,2021,-0.020128768592616586,-0.4389883906655497,0.04408391335974938,-0.05049618830987357,-0.3986195644925696,0.9798848692927264,0.008474806504383281,6.165168323153401,0.01804424269690353,-0.01629476718194356
MIX,base,simple_linear,2022,0.028631940090228403,0.5917126380917178,0.04974469591088016,-0.040116757990957375,0.713715203424022,1.0286120648701118,0.012372158743082146,9.041927305776792,0.027983898817277312,-0.017196235952982808
MIX,base,simple_linear,2023,0.0040330664766830004,0.12206739750491692,0.03913591782717919,-0.03291381697681217,0.12253414666321749,1.0040303004377977,0.021960725980958648,16.026359263612346,0.04708155958402155,-0.014944130283162438
MIX,base,simple_linear,2024,-0.030854656565655336,-0.6111285567298537,0.049251051232268445,-0.0655231010929106,-0.47089737895500366,0.9690829764903666,0.013656653750001123,9.977010213047885,0.029264353866357364,-0.02786824097013041
MIX,base,simple_linear,2025,0.09330974017272897,1.2944804797334264,0.0707507733833909,-0.026975470642911947,3.4590588393402864,1.0929760003110736,0.013701689788236392,9.99463921017508,0.032016456272560674,-0.01690592450429218
BTC,base,core_label,full,-0.012548005682150865,-0.13911917541901708,0.07204537254411525,-0.17168588967689502,-0.07308699454431367,0.9270506331541172,0.014148790506617987,10.32005045294778,0.17355826756349213,-0.05946115478375147
BTC,base,core_label,2020_2022,-0.021536394118984337,-0.24086309083486743,0.07775421767011677,-0.17168588967689502,-0.12544067633930106,0.9367583179383012,0.012773722627737228,9.317001831393453,0.07839689792196533,-0.05946115478375147
BTC,base,core_label,2023_end,-0.003468725924297922,-0.01988322466023494,0.0658703249018566,-0.10709255408261142,-0.032389982235572976,0.9896369377263182,0.015525114155251147,11.324015100640514,0.10158582829663705,-0.056247316073402054
BTC,base,core_label,2020,-0.11436637318577159,-1.15436108712268,0.10067364117815435,-0.17002185483778098,-0.6726568963436454,0.8854127880052709,0.021857923497267763,15.942570467986231,0.045817694744531796,-0.05946115478375147
BTC,base,core_label,2021,-0.017064591141220053,-0.5808997495412501,0.028881799717506016,-0.04857339453536669,-0.35131559785872457,0.9829469887734409,0.0027397260273972603,1.9983767874458818,0.005948741027888535,-0.02698848784021013
BTC,base,core_label,2022,0.07639967023002647,0.9122355784110471,0.08448901381527779,-0.059290985040234556,1.288554578376157,1.076345430311703,0.013698630136986304,9.991905995908272,0.031381911602889105,-0.023176915342699056
BTC,base,core_label,2023,0.05220840015166339,0.7740006667563111,0.06863473038783274,-0.026104106809991312,2.000007145683326,1.0521717490846605,0.021917808219178086,15.98686832999209,0.04758397962339684,-0.006636552689693986
BTC,base,core_label,2024,-0.0719179044522773,-0.8070466540063979,0.08757590109144638,-0.10709255408261142,-0.6715490639694678,0.9279398734149807,0.013661202185792353,9.964494061985933,0.02886251962478394,-0.056247316073402054
BTC,base,core_label,2025,0.013653628422486186,0.5570132701859729,0.024877270279853824,-0.02164758049372939,0.630723069787924,1.0136065849629683,0.010989010989010992,8.015342769415923,0.024205940091528856,-0.005247611332754087
ETH,base,core_label,full,-0.023944944444732164,-0.19526303028437747,0.09890462228684431,-0.33403089533075203,-0.07168481951653682,0.8646897291577311,0.0178000912825194,12.983443636793467,0.21290539340225312,-0.11481535762845041
ETH,base,core_label,2020_2022,-0.060968292502281085,-0.4835794597920942,0.11574451115153363,-0.2858785645302033,-0.2132664007267314,0.8279842421851694,0.020072992700729927,14.641276724129723,0.12983676697766838,-0.11481535762845041
ETH,base,core_label,2023_end,0.01457395775361392,0.22134308296505065,0.07852205815014059,-0.08390667748701386,0.17369246632211738,1.0443311419498644,0.015525114155251147,11.324096546637723,0.10032633737733304,-0.028327434269411866
ETH,base,core_label,2020,0.12413379787856615,1.4388770383500165,0.08363839595266978,-0.06045228216578957,2.0534178931099887,1.1244039289389196,0.01639344262295082,11.9568569192137,0.037637313060837646,-0.021750407586627052
ETH,base,core_label,2021,-0.07389226710424646,-0.7032565455718325,0.10165049296007328,-0.11403951953181479,-0.6479531605149561,0.9261563942634686,0.016438356164383564,11.990501086658107,0.03410445660160348,-0.06282551551221083
ETH,base,core_label,2022,-0.20503651813527046,-1.4389588246580904,0.15098212270170808,-0.23713041469535434,-0.8646571904269831,0.7950883456090022,0.0273972602739726,19.983826741325352,0.0517127129009403,-0.11481535762845041
ETH,base,core_label,2023,-0.03916807359051033,-1.0287933670799707,0.03809889902910106,-0.04518415070102222,-0.8668542615679665,0.9608582038316833,0.021917808219178086,15.986977865931818,0.04663100134187421,-0.028327434269411866
ETH,base,core_label,2024,-0.04178700872031149,-1.0382653357265472,0.040295530724375445,-0.07574493969421958,-0.5516805332343598,0.9581290082868839,0.010928961748633883,7.971568907426075,0.0236865622863334,-0.02805450398685172
ETH,base,core_label,2025,0.13486177821614898,1.075689423740169,0.12425063330383741,-0.032251545761970424,4.181560140139761,1.1343705350059914,0.01373626373626374,10.019353234574856,0.03360311829001224,-0.019669410629367445
MIX,base,core_label,full,-0.018163822125568663,-0.24903799617773445,0.06503214808211463,-0.2037205245544782,-0.08916049163574268,0.8958701811559242,0.016072595835982435,11.738810329301485,0.19323183048287265,-0.0625350300373897
MIX,base,core_label,2020_2022,-0.040846931883500415,-0.5120628633521642,0.07572220825175832,-0.17361662526462218,-0.23527085508799936,0.8823712800617354,0.016591068564993896,12.122957338316606,0.10411683244981687,-0.0625350300373897
MIX,base,core_label,2023_end,0.005077176912431591,0.12270025842730657,0.052193852802853324,-0.08171569279296897,0.06213221400808395,1.0152984366096371,0.015553649615894252,11.354312501100052,0.10099489868575598,-0.03112446018609827
MIX,base,core_label,2020,0.004898275766933802,0.10708856693594959,0.06564225036017994,-0.08859882006012365,0.055286015813865295,1.0049083584720953,0.018937958726640603,13.846285156507694,0.041727503902684725,-0.027759233216833934
MIX,base,core_label,2021,-0.048857458565886636,-0.7323711674245061,0.06539247170727457,-0.07161987215907162,-0.6821774054185907,0.9511751525381056,0.010277555876187689,7.497436229535044,0.021700623747476302,-0.04663514916658318
MIX,base,core_label,2022,-0.07691728825438837,-0.8130853154217057,0.09296325387131077,-0.10334211120567616,-0.7442976281111975,0.9231332814065679,0.0205512612560941,15.020429182829844,0.042456924199035184,-0.0625350300373897
MIX,base,core_label,2023,0.009335559029006513,0.24389046671801293,0.04155128699550892,-0.0321494098284929,0.290380416897505,1.0093291394735238,0.02196052314427085,16.026154869667497,0.04713686001622295,-0.013300308633764524
MIX,base,core_label,2024,-0.05845969966166964,-1.0648850955364637,0.05509484116237065,-0.08171569279296897,-0.7154035860624761,0.9414238462992949,0.012412733440758071,9.069863197813769,0.026550679000725875,-0.03112446018609827
MIX,base,core_label,2025,0.06874606508504044,1.1670588622795888,0.05834805291890628,-0.020568614658827644,3.342279790123638,1.0685029143969167,0.012287348742933765,8.966636623285936,0.02847766679432119,-0.00965295586174797
BTC,base,split_absolute,full,-0.014812771001222025,-0.179118214880117,0.0696917372616157,-0.17002185483778098,-0.087122746751322,0.9143690405275736,0.013235965312642633,9.654248207094101,0.16165231858979023,-0.05946115478375147
BTC,base,split_absolute,2020_2022,-0.02601750661316271,-0.3224339978011119,0.07333659035722825,-0.17002185483778098,-0.15302448404639624,0.9239439290012033,0.010948905109489053,7.986004823487054,0.06779270926255379,-0.05946115478375147
BTC,base,split_absolute,2023_end,-0.003468725924297922,-0.019883224660236103,0.06587032490185649,-0.10709255408261142,-0.032389982235572976,0.9896369377263182,0.015525114155251147,11.324015100640514,0.10158582829663705,-0.05624731607340194
BTC,base,split_absolute,2020,-0.11436637318577159,-1.15436108712268,0.10067364117815435,-0.17002185483778098,-0.6726568963436454,0.8854127880052709,0.021857923497267763,15.942570467986231,0.045817694744531796,-0.05946115478375147
BTC,base,split_absolute,2021,0.0,,0.0,0.0,,1.0,0.0,0.0,0.0,0.0
BTC,base,split_absolute,2022,0.04354816103058634,0.5888645748623371,0.07731610192058071,-0.059290985040234556,0.7344819958891691,1.0435177145823005,0.010958904109589045,7.993645192490003,0.024818948648267287,-0.023176915342699167
BTC,base,split_absolute,2023,0.05220840015166317,0.7740006667563069,0.06863473038783253,-0.026104106809991423,2.0000071456833086,1.0521717490846603,0.021917808219178086,15.986868329992088,0.047583979623396826,-0.006636552689693986
BTC,base,split_absolute,2024,-0.07191790445227686,-0.8070466540063924,0.08757590109144628,-0.10709255408261142,-0.6715490639694636,0.9279398734149812,0.013661202185792351,9.964494061985933,0.02886251962478395,-0.05624731607340194
BTC,base,split_absolute,2025,0.013653628422485964,0.5570132701859605,0.024877270279853782,-0.0216475804937295,0.6307230697879106,1.013606584962968,0.010989010989010992,8.015342769415923,0.024205940091528856,-0.005247611332754087
ETH,base,split_absolute,full,-0.026810922745174715,-0.22622889494988876,0.09852065382657864,-0.3340308953307519,-0.08026479921453666,0.8495706736747353,0.017343678685531723,12.650540270941795,0.20348076298572315,-0.11481535762845041
ETH,base,split_absolute,2020_2022,-0.06647222589796298,-0.5380545453502754,0.11508230594765566,-0.2858785645302033,-0.23251909777565757,0.813506980255809,0.01916058394160584,13.975773736373327,0.1218645872257634,-0.11481535762845041
ETH,base,split_absolute,2023_end,0.014573957753614142,0.22134308296505031,0.07852205815014053,-0.0839066774870133,0.17369246632212118,1.0443311419498649,0.015525114155251147,11.324096546637723,0.1003263373773331,-0.028327434269411977
ETH,base,split_absolute,2020,0.10451830021485309,1.266542029080007,0.08095365476729625,-0.06045228216578957,1.7289388666620236,1.1047437840179373,0.01366120218579235,9.96398458429291,0.031277236023079996,-0.021750407586627052
ETH,base,split_absolute,2021,-0.07389226710424723,-0.703256545571838,0.1016504929600734,-0.11403951953181468,-0.6479531605149635,0.9261563942634679,0.016438356164383564,11.990501086658107,0.034104456601603474,-0.06282551551221094
ETH,base,split_absolute,2022,-0.20503651813527024,-1.4389588246580878,0.15098212270170813,-0.2371304146953539,-0.8646571904269837,0.7950883456090024,0.0273972602739726,19.983826741325352,0.051712712900940316,-0.11481535762845041
ETH,base,split_absolute,2023,-0.03916807359051022,-1.0287933670799703,0.038098899029101074,-0.04518415070102211,-0.8668542615679662,0.9608582038316834,0.021917808219178086,15.98697786593182,0.046631001341874215,-0.028327434269411977
ETH,base,split_absolute,2024,-0.04178700872031105,-1.0382653357265446,0.04029553072437543,-0.07574493969421925,-0.5516805332343564,0.9581290082868843,0.010928961748633883,7.971568907426076,0.023686562286333403,-0.02805450398685172
ETH,base,split_absolute,2025,0.13486177821614875,1.0756894237401677,0.12425063330383736,-0.032251545761970424,4.181560140139754,1.1343705350059912,0.01373626373626374,10.019353234574856,0.03360311829001224,-0.019669410629367334
MIX,base,split_absolute,full,-0.02072000555087028,-0.30247144786211794,0.06266676011679738,-0.21598697876681971,-0.09593173472387735,0.8819698571011545,0.015353601964081387,11.211835646853787,0.1825665407877567,-0.06154152890282305
MIX,base,split_absolute,2020_2022,-0.045815928032140296,-0.6181357389024492,0.07162378554379577,-0.17953115120242746,-0.25519765079922696,0.8687254546285061,0.015153744879888562,11.069497247033603,0.0948286482441586,-0.06154152890282305
MIX,base,split_absolute,2023_end,0.00505979122883482,0.12238309670238733,0.05218475582977155,-0.08172608703269002,0.06191158065368931,1.0152457861135336,0.015553641566159319,11.354304036080201,0.10099611111443434,-0.03117818877807821
MIX,base,split_absolute,2020,-0.0049116533177934185,-0.04379868368734733,0.06470454275694229,-0.09733763147521379,-0.05045996336005083,0.9950782860116041,0.017513209212268566,12.808292331590295,0.0385474653838059,-0.028020444315444815
MIX,base,split_absolute,2021,-0.04101836968212014,-0.7303120270402379,0.05521152747185589,-0.06366573189095048,-0.6442770461255081,0.9590091224109206,0.008933134585317961,6.498515877492083,0.01893151873956758,-0.03432591724821765
MIX,base,split_absolute,2022,-0.08972080707189978,-0.9929286221653522,0.09041695307863636,-0.10812778553444913,-0.8297664344870453,0.9103377641576512,0.019008426556237017,13.89691970986896,0.039236367187410186,-0.06154152890282305
MIX,base,split_absolute,2023,0.009423521313437488,0.24577371938875717,0.04159415709256021,-0.032136729211739046,0.2932321223902034,1.0094170409893577,0.02196051005428246,16.02614254868026,0.04713777738543987,-0.013273037373102037
MIX,base,split_absolute,2024,-0.058488481411541504,-1.064241517801226,0.055153758552390277,-0.08172608703269002,-0.7156647716187171,0.9413950090173947,0.012415352331846192,9.071768407375881,0.026555623181521645,-0.03117818877807821
MIX,base,split_absolute,2025,0.06862991613655067,1.1673121332167657,0.05823706056374024,-0.02057075175544676,3.3362862452695112,1.0683871892596597,0.012284704372735308,8.964707835549321,0.02846866170847845,-0.009633954116947452
BTC,base,priority_relative,full,-0.006942147179019309,-0.13126456889440558,0.04524828880808348,-0.14779776191500893,-0.0469705839186617,0.9590725075417751,0.010041077133728895,7.323867359125829,0.1246361529519575,-0.05055911670650437
BTC,base,priority_relative,2020_2022,-0.01906637894982044,-0.2829046904739325,0.06135345188930769,-0.14779776191500893,-0.12900316420748345,0.9438720756627642,0.011861313868613143,8.651489162797667,0.07351306671036736,-0.05055911670650437
BTC,base,priority_relative,2023_end,0.005343217027081515,0.3020670260875569,0.018170179801356264,-0.033836154401727936,0.15791442974408015,1.016104334762036,0.008219178082191783,5.995033115450639,0.054163151511493486,-0.006636552689693986
BTC,base,priority_relative,2020,-0.09409732788565728,-1.3522218397105117,0.07113515666904563,-0.14050821675443048,-0.6696927059441186,0.9057188624558862,0.01912568306010929,13.949652785384089,0.04048520339352163,-0.05055911670650437
BTC,base,priority_relative,2021,-0.003654153487015588,-0.058868262177065485,0.04500858266444432,-0.0485733945353668,-0.07522952682162166,0.9963483430725264,0.005479452054794522,3.9967535748917635,0.011886801078155582,-0.02698848784021013
BTC,base,priority_relative,2022,0.04597639659760877,0.7254371826692836,0.06476719745259216,-0.0610382423233401,0.7532391964050396,1.04594421538439,0.010958904109589045,7.993545611342941,0.02466919322798885,-0.023176915342699056
BTC,base,priority_relative,2023,-0.002774959124931309,-0.3001067683916547,0.009114909099135962,-0.018094080923407696,-0.15336281166629684,0.9972269375951199,0.008219178082191783,5.995004171593783,0.017957549797475495,-0.006636552689693986
BTC,base,priority_relative,2024,-0.007101342626620766,-1.4126240749581926,0.005032528581677517,-0.007115872434464321,-0.9979581129401389,0.9928841275655357,0.00273224043715847,1.9929167415785431,0.005978642147624025,-0.0037332238565392917
BTC,base,priority_relative,2025,0.02632368930883633,0.887794417284163,0.02973905283284905,-0.02164758049372939,1.2160106907310708,1.0262324299957588,0.01373626373626374,10.019168163101567,0.03054499342685883,-0.005247611332754087
ETH,base,priority_relative,full,-0.006060079970157672,-0.10362738911212475,0.04770968571435735,-0.10534498271887327,-0.05752604266241878,0.9641939808820343,0.009584664536741215,6.99104063186599,0.1226441481598224,-0.03028829154993118
ETH,base,priority_relative,2020_2022,0.0004494951800599889,0.036604746322563275,0.0584247872066026,-0.10534498271887327,0.0042668874061095536,1.0013493997773262,0.010036496350364965,7.320568011400673,0.06445001317784531,-0.03028829154993118
ETH,base,priority_relative,2023_end,-0.012533186453044132,-0.3564321842426218,0.03376000696986663,-0.06215172174801753,-0.20165469435999825,0.962894651054313,0.009132420091324204,6.661212314085155,0.05811571365091739,-0.028327434269411977
ETH,base,priority_relative,2020,-0.025775051764581947,-0.9009970695900142,0.028508444650199246,-0.05817487171579905,-0.44306160038479286,0.9741727114761465,0.008196721311475412,5.978388073725658,0.017645453345032563,-0.021750407586627052
ETH,base,priority_relative,2021,0.002289130549527618,0.06899252859456993,0.08594754517130214,-0.09336122434294869,0.024519071655689034,1.00228756193432,0.016438356164383567,11.990201783364297,0.035731279443179186,-0.03028829154993118
ETH,base,priority_relative,2022,0.025568908078471564,0.5779304679847653,0.045417906712420235,-0.028523679191567397,0.8964098883159025,1.0255511854104802,0.0054794520547945215,3.996791382420762,0.012286058797140873,-0.023680413909755615
ETH,base,priority_relative,2023,-0.03640630460712013,-0.9854882144283339,0.03690799787255067,-0.04257047978707906,-0.8552007116013319,0.9636181552537362,0.013698630136986304,9.99185962937078,0.029248857822084202,-0.028327434269411977
ETH,base,priority_relative,2024,-0.021882752996668753,-1.3462756255804478,0.016323467303597648,-0.027227795675527244,-0.8036916854175347,0.9780728094917492,0.002732240437158471,1.9929167415785434,0.005934074490431088,-0.014552704804324246
ETH,base,priority_relative,2025,0.02172627155146456,0.5278780132315445,0.042377821959146814,-0.032251545761970535,0.6736505503275173,1.0216511182715011,0.010989010989010992,8.015360416992209,0.024561221278046847,-0.019669410629367334
MIX,base,priority_relative,full,-0.006500624250474263,-0.1670754375300421,0.03529825861495472,-0.12590528384637012,-0.05163106783037269,0.9616332442119047,0.00983244261606633,7.176711836997399,0.12364015055588995,-0.02567462327095238
MIX,base,priority_relative,2020_2022,-0.009212306335564358,-0.17802594732132002,0.04603557043237259,-0.12590528384637012,-0.07316854427495857,0.9726107377200452,0.010965499936774903,8.004261594678642,0.06898153994410633,-0.02567462327095238
MIX,base,priority_relative,2023_end,-0.0037790339778567272,-0.1862691202150402,0.019312483378604133,-0.0412199146897938,-0.09167981074915785,0.9887133741358094,0.008698350539813729,6.3484063261127925,0.05619782765293351,-0.014520702720907774
MIX,base,priority_relative,2020,-0.05993491502029358,-1.4634409411561378,0.04160730065902194,-0.08434799228529222,-0.7105671800411596,0.9399457869660164,0.013579729472069112,9.920349937916912,0.029065328369277096,-0.02567462327095238
MIX,base,priority_relative,2021,-0.0005743059427102404,0.01731396407173371,0.05594170829599382,-0.05684140996485343,-0.010103654062510925,0.9994260870354624,0.011212551517823523,8.174957807122341,0.024243173362969696,-0.015816426954180507
MIX,base,priority_relative,2022,0.035370783344833345,0.9170530476994138,0.038688104723331646,-0.029616954103716564,1.194274847473081,1.0353461504538242,0.008097056547732634,5.9122274818919145,0.018233795304779074,-0.012237870092816627
MIX,base,priority_relative,2023,-0.020087599312937132,-1.0427328331215668,0.01926823303506803,-0.023093481333364085,-0.8698385065016493,0.9799260109655815,0.01102389558570955,8.044150002085457,0.023770021362228715,-0.014520702720907774
MIX,base,priority_relative,2024,-0.014583741332209077,-1.696495035811146,0.008631603828014901,-0.01705117892884389,-0.8552922582695511,0.9853865324676709,0.0027267523973271085,1.9906609266479578,0.00595608168093035,-0.007392659293779191
MIX,base,priority_relative,2025,0.024013707995425015,0.9265690342796359,0.02595504563233617,-0.02052715097294988,1.1698509952535363,1.0239305499879992,0.012370825755193207,9.02969306917352,0.02753844719962723,-0.010021533455993437
BTC,base,split_relative,full,-0.006942147179019309,-0.13126456889440558,0.04524828880808348,-0.14779776191500893,-0.0469705839186617,0.9590725075417751,0.010041077133728895,7.323867359125829,0.1246361529519575,-0.05055911670650437
BTC,base,split_relative,2020_2022,-0.01906637894982044,-0.2829046904739325,0.06135345188930769,-0.14779776191500893,-0.12900316420748345,0.9438720756627642,0.011861313868613143,8.651489162797667,0.07351306671036736,-0.05055911670650437
BTC,base,split_relative,2023_end,0.005343217027081515,0.3020670260875569,0.018170179801356264,-0.033836154401727936,0.15791442974408015,1.016104334762036,0.008219178082191783,5.995033115450639,0.054163151511493486,-0.006636552689693986
BTC,base,split_relative,2020,-0.09409732788565728,-1.3522218397105117,0.07113515666904563,-0.14050821675443048,-0.6696927059441186,0.9057188624558862,0.01912568306010929,13.949652785384089,0.04048520339352163,-0.05055911670650437
BTC,base,split_relative,2021,-0.003654153487015588,-0.058868262177065485,0.04500858266444432,-0.0485733945353668,-0.07522952682162166,0.9963483430725264,0.005479452054794522,3.9967535748917635,0.011886801078155582,-0.02698848784021013
BTC,base,split_relative,2022,0.04597639659760877,0.7254371826692836,0.06476719745259216,-0.0610382423233401,0.7532391964050396,1.04594421538439,0.010958904109589045,7.993545611342941,0.02466919322798885,-0.023176915342699056
BTC,base,split_relative,2023,-0.002774959124931309,-0.3001067683916547,0.009114909099135962,-0.018094080923407696,-0.15336281166629684,0.9972269375951199,0.008219178082191783,5.995004171593783,0.017957549797475495,-0.006636552689693986
BTC,base,split_relative,2024,-0.007101342626620766,-1.4126240749581926,0.005032528581677517,-0.007115872434464321,-0.9979581129401389,0.9928841275655357,0.00273224043715847,1.9929167415785431,0.005978642147624025,-0.0037332238565392917
BTC,base,split_relative,2025,0.02632368930883633,0.887794417284163,0.02973905283284905,-0.02164758049372939,1.2160106907310708,1.0262324299957588,0.01373626373626374,10.019168163101567,0.03054499342685883,-0.005247611332754087
ETH,base,split_relative,full,-0.017688078884177116,-0.25753729161908323,0.0618006652199232,-0.189559091007369,-0.09331168866751688,0.8984772757890302,0.010953902327704249,7.989855074088073,0.13045399827857873,-0.06282551551221072
ETH,base,split_relative,2020_2022,-0.02918188003937472,-0.3246404243885826,0.08101056671574577,-0.189559091007369,-0.15394608554142247,0.9149657078934799,0.013686131386861318,9.982803385786012,0.08261848267380315,-0.06282551551221072
ETH,base,split_relative,2023_end,-0.0060475156604211655,-0.16835130869308942,0.032807375685045576,-0.06215172174801764,-0.09730246387927385,0.9819791802444587,0.008219178082191783,5.995086718269861,0.052281211407263585,-0.028327434269411977
ETH,base,split_relative,2020,-0.025775051764581947,-0.9009970695900142,0.028508444650199246,-0.05817487171579905,-0.44306160038479286,0.9741727114761465,0.008196721311475412,5.978388073725658,0.017645453345032563,-0.021750407586627052
ETH,base,split_relative,2021,-0.05600519581820507,-0.39489928277522063,0.12574926059407804,-0.1771977723568755,-0.3160603831148106,0.9440320443269318,0.024657534246575352,17.985824914620697,0.04937524194799777,-0.06282551551221072
ETH,base,split_relative,2022,-0.005097316963506904,-0.0637369288657824,0.05578048159371861,-0.04813544422863647,-0.10589529285936114,0.9949061630586734,0.008219178082191782,5.995168169866643,0.01834720958770428,-0.03221975103866859
ETH,base,split_relative,2023,-0.03640630460712024,-0.9854882144283441,0.03690799787255062,-0.04257047978707906,-0.8552007116013346,0.9636181552537361,0.013698630136986304,9.991859629370778,0.0292488578220842,-0.028327434269411977
ETH,base,split_relative,2024,-0.021882752996668642,-1.3462756255804478,0.016323467303597648,-0.027227795675527133,-0.8036916854175339,0.9780728094917494,0.002732240437158471,1.9929167415785434,0.005934074490431089,-0.014552704804324246
ETH,base,split_relative,2025,0.042047069651129476,1.0487309993100509,0.04000448105169447,-0.03225154576197031,1.303722617249237,1.0419001980305886,0.008241758241758244,6.01149358342697,0.018370693856111616,-0.019669410629367334
MIX,base,split_relative,full,-0.012242072586134745,-0.2712046458329933,0.042110424299586155,-0.16714564785389852,-0.07324194643007098,0.9287748916654026,0.010477309215861033,7.649321406646534,0.12754507561526812,-0.04473340307902052
MIX,base,split_relative,2020_2022,-0.02409790801690359,-0.4020598069967603,0.05663079041008019,-0.16714564785389852,-0.14417311085459728,0.9294188917781221,0.01272886061269947,9.29560928975639,0.07806577469208525,-0.04473340307902052
MIX,base,split_relative,2023_end,-0.00023118031653301951,-0.003353519920767066,0.01841554531803612,-0.040462824100211514,-0.005713400428019335,0.9993070937997748,0.008223701607701283,6.001530064282693,0.0532368142727563,-0.013881910211400283
MIX,base,split_relative,2020,-0.05993491502029358,-1.4634409411561378,0.04160730065902194,-0.08434799228529222,-0.7105671800411596,0.9399457869660164,0.013579729472069112,9.920349937916912,0.029065328369277096,-0.02567462327095238
MIX,base,split_relative,2021,-0.03078306428150157,-0.36049089921778266,0.07818423921514461,-0.10048201526554024,-0.3063539699134444,0.969237678122424,0.01505146550717915,10.9861033430865,0.03131356834367434,-0.04473340307902052
MIX,base,split_relative,2022,0.020197713489480407,0.49339310153102856,0.04230314652209282,-0.03053043546543799,0.6615599542412439,1.0201837503216968,0.009553055711290236,6.978662970051624,0.021478294843913778,-0.016096151640603962
MIX,base,split_relative,2023,-0.019329233803645263,-1.0446978414334682,0.018505877763593016,-0.022188348541179792,-0.8711434187078754,0.980683867727242,0.010900332310849793,7.9540206534634335,0.023515409515613095,-0.013881910211400283
MIX,base,split_relative,2024,-0.01425044785971552,-1.7209965143114576,0.008313934390046093,-0.01660862723758616,-0.8580147929063059,0.9857205003621492,0.0027267590329682224,1.9906639908610348,0.0059570865993691016,-0.007064503084993512
MIX,base,split_relative,2025,0.03386934020192167,1.3661252248994096,0.024585778750859943,-0.015704832920520828,2.156618944838698,1.0337514942892498,0.011066863079413083,8.076579289066636,0.02470246748460753,-0.009577984567287867
BTC,base,full_linear,full,0.011701678065224597,0.1954444878447111,0.07307011815396654,-0.1303126878655685,0.08979692044489276,1.0722792590807084,0.015061615700593337,10.985985325141016,0.20186405021398746,-0.05946115478375125
BTC,base,full_linear,2020_2022,0.007856170289121556,0.15739598865267837,0.061829634917974816,-0.08249096977153669,0.09523673089163158,1.0237596374712823,0.009124087591240875,6.655137522633158,0.060597475168989993,-0.05946115478375125
BTC,base,full_linear,2023_end,0.015565390502423337,0.2273747786739843,0.08283558075250723,-0.1303126878655685,0.11944646954470547,1.0473935676242043,0.021004566210045664,15.320788239797283,0.13798802948896308,-0.056247316073402165
BTC,base,full_linear,2020,-0.021167096630658522,-0.2076230255735114,0.08531871404443721,-0.08249096977153669,-0.25659895488296436,0.9787899033363314,0.01639344262295082,11.957340373403742,0.03645151791398152,-0.05946115478375125
BTC,base,full_linear,2021,0.0,,0.0,0.0,,1.0,0.0,0.0,0.0,0.0
BTC,base,full_linear,2022,0.04597639659760877,0.7254371826692799,0.0647671974525922,-0.0610382423233401,0.7532391964050396,1.04594421538439,0.010958904109589041,7.993545611342939,0.024669193227988846,-0.023176915342699056
BTC,base,full_linear,2023,0.05220840015166295,0.774000666756307,0.06863473038783283,-0.026104106809991645,2.0000071456832833,1.05217174908466,0.021917808219178082,15.98686832999209,0.04758397962339682,-0.006636552689694208
BTC,base,full_linear,2024,-0.07773650073140648,-0.7678976208785158,0.09886915892328181,-0.1303126878655685,-0.596538234339852,0.922110260392971,0.021857923497267766,15.943246088234703,0.045024260103346266,-0.056247316073402165
BTC,base,full_linear,2025,0.07982794129661408,1.021758207338385,0.07803085730314309,-0.052926615111886344,1.508275961496094,1.0795441571091413,0.019230769230769235,14.027000312739034,0.04435166029662911,-0.033271556728648455
ETH,base,full_linear,full,0.02022008147049359,0.23766836122536533,0.10869993274337925,-0.23504575719292442,0.0860261495973188,1.1275902317610593,0.017343678685531723,12.65037749487521,0.2315523731773954,-0.11481535762845052
ETH,base,full_linear,2020_2022,-0.003932966174671759,0.012336715499181477,0.10030933870947445,-0.19726127691393747,-0.019937852153251858,0.9882447797359961,0.014598540145985401,10.64792702300465,0.09814869944372334,-0.11481535762845052
ETH,base,full_linear,2023_end,0.0449816666759697,0.4329827585972026,0.11652668389721765,-0.16753401868774387,0.2684927337641688,1.141002973030921,0.020091324200913245,14.654656688637884,0.1349905169944941,-0.0718719546178953
ETH,base,full_linear,2020,0.06149300785917933,0.8811839472957601,0.07040954551219714,-0.05817487171579905,1.0570372747806016,1.0616230899509689,0.013661202185792353,9.963357704735099,0.029702791511987067,-0.021750407586627052
ETH,base,full_linear,2021,0.06242593993878609,0.8250889691980164,0.07685623632776738,-0.055469114441148215,1.1254180018507227,1.062381905866173,0.010958904109589045,7.993612087131112,0.02487477213995534,-0.029910183924996336
ETH,base,full_linear,2022,-0.12385860065863419,-0.8768917948462244,0.1390264157741084,-0.162141246829556,-0.7638932293942158,0.8762206980959104,0.019178082191780826,13.988686809526563,0.03727295892169238,-0.11481535762845052
ETH,base,full_linear,2023,-0.039168073590510555,-1.028793367079969,0.038098899029101234,-0.04518415070102233,-0.8668542615679693,0.9608582038316831,0.02191780821917809,15.986977865931818,0.04663100134187421,-0.028327434269411977
ETH,base,full_linear,2024,0.03761137672431292,0.31348729411094434,0.1541731707576231,-0.16753401868774387,0.22449993749875002,1.0376900449630932,0.021857923497267763,15.943303464243138,0.04999535126938199,-0.0718719546178953
ETH,base,full_linear,2025,0.14488251158508825,1.1436838285475375,0.12458395439029343,-0.037121657170279376,3.9029106626491123,1.1443525011128173,0.016483516483516484,12.02294803593511,0.04043943876294787,-0.019669410629367334
MIX,base,full_linear,full,0.016005502943106098,0.262431928801406,0.06972453923246498,-0.12869987924705573,0.12436299891456391,1.0999347454208839,0.016269636036117054,11.87906803398035,0.21670821169569143,-0.06146966843828727
MIX,base,full_linear,2020_2022,0.0019962906341752795,0.06343980478666454,0.06216344464768427,-0.10770706082659454,0.01853444536370047,1.0060022086036393,0.011925912145062419,8.720791634672047,0.07937308730635667,-0.06146966843828727
MIX,base,full_linear,2023_end,0.030223645299787938,0.4266082931457169,0.07656991980746959,-0.12831480101714265,0.23554293861820436,1.0933720980072457,0.020617326798305073,15.040228703972952,0.13651572850914506,-0.059172980824238386
MIX,base,full_linear,2020,0.02016467519233922,0.3892550539199042,0.05514055285775946,-0.046252458749558745,0.4359698000386108,1.0202064966436502,0.014946047476249816,10.934948599682588,0.033077154712984294,-0.030100828363526455
MIX,base,full_linear,2021,0.03247977787081857,0.8071709537717644,0.0405822879106638,-0.03028681237684927,1.0724066127092848,1.032457189735878,0.005787736945395197,4.231371892628833,0.0129422977347838,-0.016284557022318347
MIX,base,full_linear,2022,-0.04495216498329169,-0.5101530095536807,0.08318616575793578,-0.0868069297405003,-0.5178407428723859,0.9550779014225933,0.015035677670169126,10.989988228238943,0.031416977795040865,-0.06146966843828727
MIX,base,full_linear,2023,0.0073259187406318205,0.1996464944543919,0.04059574952997035,-0.03243911918075182,0.2258359328381133,1.007320886112551,0.02196073595520448,16.026357175375246,0.047115901221648715,-0.013923345547831145
MIX,base,full_linear,2024,-0.023690369071606265,-0.18090401658140445,0.10306688345078058,-0.12831480101714265,-0.18462694002417748,0.976261567409912,0.021900632942258913,15.97863965355808,0.047353309988171804,-0.059172980824238386
MIX,base,full_linear,2025,0.11222342810417141,1.4941336374668346,0.07287561171429383,-0.02808842472913753,3.9953621175400564,1.1118186513077217,0.01797986968029578,13.107824034714726,0.04240337766214003,-0.017188022849430662
BTC,base,boosted,full,-0.014162472985734476,-0.12443823188655408,0.08525484425792243,-0.21617901126520433,-0.0655127105210053,0.917995508381709,0.016887266088544045,12.317610918127716,0.19913592474126995,-0.07212101388282255
BTC,base,boosted,2020_2022,-0.04299419447153696,-0.45683192197730244,0.08761599047198616,-0.20062603278366997,-0.21430017767383422,0.8764570804687972,0.012773722627737226,9.317173721751642,0.07819533927573097,-0.07212101388282255
BTC,base,boosted,2023_end,0.015565390502423782,0.22737477867398584,0.08283558075250701,-0.13031268786556827,0.11944646954470908,1.0473935676242057,0.021004566210045667,15.320788239797283,0.1379880294889632,-0.056247316073402165
BTC,base,boosted,2020,-0.08275762154989097,-0.8133993029822132,0.09989992298808348,-0.14033757673995562,-0.5897039372657843,0.9170796934337053,0.02185792349726776,15.942969812905302,0.046501889350966726,-0.05946115478375136
BTC,base,boosted,2021,0.013643254209118938,0.4094923598188264,0.034500895655152235,-0.020857105464454073,0.6541297991886069,1.013633852539503,0.002739726027397261,1.998376787445882,0.006041078631999054,-0.016257730664463788
BTC,base,boosted,2022,-0.05718829595132158,-0.4846916801060113,0.1090047656294351,-0.10392879312317449,-0.5502642168041253,0.9428497068335976,0.013698630136986302,9.992021698900581,0.028134441728299275,-0.07212101388282255
BTC,base,boosted,2023,0.05220840015166339,0.7740006667563143,0.06863473038783231,-0.026104106809991423,2.0000071456833175,1.0521717490846605,0.02191780821917809,15.98686832999209,0.047583979623396847,-0.006636552689694097
BTC,base,boosted,2024,-0.07773650073140614,-0.7678976208785161,0.09886915892328177,-0.13031268786556827,-0.5965382343398504,0.9221102603929713,0.021857923497267766,15.943246088234703,0.04502426010334627,-0.056247316073402165
BTC,base,boosted,2025,0.07982794129661452,1.02175820733839,0.07803085730314283,-0.05292661511188601,1.508275961496112,1.0795441571091418,0.019230769230769235,14.027000312739034,0.04435166029662911,-0.03327155672864823
ETH,base,boosted,full,-0.04208152873718207,-0.4065622970633647,0.09457598972914046,-0.36300066475112935,-0.11592686411754333,0.7726749738289598,0.015061615700593339,10.986086928521347,0.1694989318528673,-0.1148153576284503
ETH,base,boosted,2020_2022,-0.06601998927435848,-0.6358911920032627,0.09927729522708328,-0.25418518313127136,-0.2597318555750086,0.8146901050171276,0.013686131386861315,9.982847044565803,0.08679146198579785,-0.1148153576284503
ETH,base,boosted,2023_end,-0.01750680417033068,-0.15337263745541024,0.08965072534003947,-0.15565566930268515,-0.11247135583791215,0.9484280821266579,0.016438356164383567,11.990243013284157,0.10152016006789556,-0.0718719546178953
ETH,base,boosted,2020,0.05003845434028675,0.8742416752178405,0.057683983560186995,-0.06045228216578957,0.827734744621501,1.050143736832845,0.01366120218579235,9.964759623125051,0.03111294300246287,-0.021750407586627052
ETH,base,boosted,2021,-0.014802555524709105,-0.1730448616531014,0.07144178527954155,-0.06371458362533267,-0.23232601835325606,0.9852075009626772,0.008219178082191782,5.99523529968523,0.017812550077249113,-0.0385311665297563
ETH,base,boosted,2022,-0.21269157232617264,-1.568324535256939,0.1452294455789944,-0.22155558890276572,-0.9599919071304347,0.7874373041767367,0.019178082191780823,13.988595765466421,0.03573597725611056,-0.1148153576284503
ETH,base,boosted,2023,-0.03916807359051,-1.0287933670799545,0.03809889902910123,-0.04518415070102222,-0.8668542615679592,0.9608582038316836,0.021917808219178082,15.98697786593182,0.046631001341874215,-0.028327434269411977
ETH,base,boosted,2024,-0.11176722626037627,-1.3292464024119939,0.08620013602590824,-0.14813316382793762,-0.7545050910422613,0.8880166303801355,0.016393442622950827,11.957382633719003,0.03350991105065198,-0.0718719546178953
ETH,base,boosted,2025,0.11194091028585684,0.9171307331245449,0.12337514260932961,-0.041323693329239464,2.7088796103965533,1.1115372026977897,0.01098901098901099,8.015569050933744,0.026593227452508198,-0.019669410629367445
MIX,base,boosted,full,-0.027621411964313447,-0.34438370702948884,0.07331839108413755,-0.2802544167476748,-0.09855834667962503,0.8453352411053343,0.016070875833259616,11.73427993149685,0.1843174282970686,-0.09460963088632912
MIX,base,boosted,2020_2022,-0.054366876647408025,-0.6632540897095429,0.07932253766799044,-0.19917653171756056,-0.2729582455251415,0.8455735927429624,0.01317994406454784,9.631584379634706,0.08249340063076441,-0.09460963088632912
MIX,base,boosted,2023_end,-9.403372300242907e-05,0.03199738304495772,0.06677628620176204,-0.13303506301553902,-0.0007068341298221925,0.9997181183995412,0.01896444772230811,13.838895753269371,0.1204200657875283,-0.05827315824527923
MIX,base,boosted,2020,-0.016354978447771007,-0.24785045416538767,0.0593708703430628,-0.07387751008775179,-0.22137966518287563,0.9836117151332752,0.01751136542563073,12.81038477703272,0.03880741617671479,-0.028279861886525426
MIX,base,boosted,2021,-0.001541764516582278,-0.016899255443194396,0.04121199060630791,-0.03013544649308364,-0.051161163878428915,0.9984592899503582,0.005675234646643814,4.131884079079727,0.012324928662120474,-0.020496973892353276
MIX,base,boosted,2022,-0.1390997492384417,-1.219391472480308,0.11688229006766637,-0.14333015312087372,-0.9704848994414705,0.8609885117823725,0.01634136521353039,11.943775240607025,0.03213843865449638,-0.09460963088632912
MIX,base,boosted,2023,0.008188158701641468,0.2189162033329771,0.04100002880708941,-0.03231481878762865,0.25338711491633703,1.0081825313453077,0.02196066490920303,16.026288978590813,0.04712489363554438,-0.013656034849251486
MIX,base,boosted,2024,-0.09336053974700953,-1.1362866157955862,0.0830903460924956,-0.13303506301553902,-0.7017739356135355,0.9064570143198164,0.019318268471851956,14.109039886180678,0.03973773182735557,-0.05827315824527923
MIX,base,boosted,2025,0.09427147720652984,1.3383181378763334,0.06901243177136497,-0.02996470849425914,3.146083574435275,1.0939341519657064,0.015604234349918847,11.373864764566433,0.036364181999838714,-0.018785936095125244
BTC,cost_stress,unfiltered,full,-0.11315245816215846,-0.7440756571955609,0.14590782133823949,-0.5509955051524178,-0.20536003851947565,0.4865922531206742,0.022820629849383843,16.60860505463882,0.4749896446494233,-0.2079857977834999
BTC,cost_stress,unfiltered,2020_2022,-0.1542264749487794,-0.7922902949823597,0.187190895494517,-0.4376236321786693,-0.35241806796624986,0.6049402305554061,0.023722627737226276,17.26534604550215,0.2838380852113557,-0.2079857977834999
BTC,cost_stress,unfiltered,2023_end,-0.07004345606380402,-0.7923871077568018,0.08680995763183795,-0.2300282265314938,-0.3044993960956969,0.8043641810264882,0.021917808219178082,15.95126430031351,0.3159842076672072,-0.0604625886070691
BTC,cost_stress,unfiltered,2020,-0.30245957284149194,-1.3452591798907685,0.24291997072609842,-0.3347474221785155,-0.9035456371048469,0.6970247032417415,0.0273224043715847,19.88609860282449,0.12134980525337871,-0.2079857977834999
BTC,cost_stress,unfiltered,2021,0.03366067523304661,0.4831610117715835,0.07419264257268318,-0.10744022898088879,0.3132967562739846,1.033637252538715,0.01643835616438356,11.963553567503428,0.09131403925695149,-0.047353238397804476
BTC,cost_stress,unfiltered,2022,-0.16045466000955566,-0.762236968456876,0.20137605359691116,-0.2031904129635128,-0.7896763320145854,0.8396458471085427,0.0273972602739726,19.939205822185873,0.13718828392524293,-0.13948381174077396
BTC,cost_stress,unfiltered,2023,-0.020937922025351052,-0.2816750681373486,0.06728703721120619,-0.08129498687495318,-0.2575548976661682,0.9790762582126311,0.021917808219178082,15.951218794693023,0.11477036545163719,-0.011120138961405734
BTC,cost_stress,unfiltered,2024,-0.18914328422784865,-1.8243284851805828,0.1113549143945777,-0.22431527747729052,-0.8432028631977478,0.810507699747382,0.02459016393442623,17.896166681091447,0.11845010509513376,-0.0604625886070691
BTC,cost_stress,unfiltered,2025,0.013676194676386366,0.21784566831766078,0.07501222892014281,-0.06141228100683449,0.22269478436836374,1.0136290729435058,0.019230769230769232,13.995721273354036,0.10741891563736053,-0.037634924827666394
ETH,cost_stress,unfiltered,full,-0.03885283301961073,-0.13456512350131258,0.17702878600583954,-0.4582455462818097,-0.08478605702741997,0.7884295633573642,0.029666818804198997,21.590703334660095,0.8275647600648863,-0.17107397092759935
ETH,cost_stress,unfiltered,2020_2022,-0.09899297840716204,-0.4178148142475661,0.2000018861023635,-0.3904357763312861,-0.2535448450378844,0.7313976145209125,0.032846715328467155,23.90487219554595,0.5209589230089877,-0.17107397092759935
ETH,cost_stress,unfiltered,2023_end,0.02536203214177002,0.2388830103140531,0.15059467270997948,-0.18971051885233603,0.13368806482212475,1.0779766678263087,0.026484018264840183,19.27442107755425,0.4192054102565465,-0.076017439684118
ETH,cost_stress,unfiltered,2020,0.02850378931965669,0.37924046368136294,0.08294404840996374,-0.09812622759194467,0.2904808430849798,1.0285631467134886,0.02459016393442623,17.895129599737174,0.1361193010882401,-0.02611976060485066
ETH,cost_stress,unfiltered,2021,0.053140349664517084,0.3655540289331826,0.19118739042506863,-0.22540212205316879,0.2357579830237007,1.0531030279907059,0.038356164383561646,27.915642907874958,0.2115631423555511,-0.09300126007996179
ETH,cost_stress,unfiltered,2022,-0.32495161187090027,-1.273254657496142,0.27673288506701743,-0.35618000959686924,-0.9123241145360352,0.6752299829647259,0.03561643835616438,25.92030912723341,0.15439087947762378,-0.17107397092759935
ETH,cost_stress,unfiltered,2023,-0.10596218171298843,-2.428419439014861,0.04565114499328802,-0.10589363789814266,-1.000647289263135,0.8941063621018573,0.021917808219178082,15.951328330632755,0.11250019544785977,-0.03266741098979664
ETH,cost_stress,unfiltered,2024,0.024192038855347153,0.22438597317397185,0.1657651391725609,-0.18971051885233603,0.1275208090816376,1.0242423118234603,0.02459016393442623,17.896356577427028,0.143364259196965,-0.076017439684118
ETH,cost_stress,unfiltered,2025,0.1777704529377453,0.92734357910373,0.1962433018631069,-0.13167358596538536,1.3500843896244914,1.1771111215559753,0.03296703296703297,23.992279483249053,0.19493984693546806,-0.07054788772445741
MIX,cost_stress,unfiltered,full,-0.07230083183648184,-0.4486584740782992,0.14354475653320592,-0.46690353752451075,-0.15485175421847452,0.6375109082390192,0.02678074920371156,19.524249062756144,0.6512772023571547,-0.15702789690625074
MIX,cost_stress,unfiltered,2020_2022,-0.125737054065854,-0.690900764594419,0.17198627085661933,-0.38109191328817993,-0.3299389194091144,0.6681689225381593,0.02893154202417491,21.107343344794675,0.4023985041101717,-0.15702789690625074
MIX,cost_stress,unfiltered,2023_end,-0.015545174400641515,-0.09209738637563196,0.10782060118218688,-0.17772194420331866,-0.08746907687920305,0.9541163719756972,0.024627992188891633,17.939709032514845,0.37247870987709636,-0.0651532911398941
MIX,cost_stress,unfiltered,2020,-0.13694511217410976,-1.0935835438679982,0.12685413044118204,-0.2108160317358153,-0.6495953417134941,0.8627939249776151,0.025491827101879628,18.6308325559257,0.12873455317080942,-0.10370473354993892
MIX,cost_stress,unfiltered,2021,0.045271804478562494,0.4062135790808443,0.12971226703681574,-0.16513660078957337,0.27414761029416157,1.04524012703313,0.029425573622209922,21.44517281662914,0.16299036444420828,-0.07388126045528842
MIX,cost_stress,unfiltered,2022,-0.2592461519632633,-1.1438699120653895,0.23637924997609233,-0.290644681851013,-0.8919693638026212,0.740906013235141,0.03188664922493461,23.252809622894578,0.14751929082581566,-0.15702789690625074
MIX,cost_stress,unfiltered,2023,-0.06747362190537298,-1.6357505469068458,0.042134666220994245,-0.09475819510862071,-0.7120610711087142,0.9325709679894387,0.02196067675060658,15.99942430299118,0.11352786758222687,-0.017890379606624318
MIX,cost_stress,unfiltered,2024,-0.07718490025666713,-0.6054926040066549,0.12058173082048257,-0.17772194420331866,-0.4343014623358247,0.9226629020173605,0.024594708970545456,17.91397375122065,0.13152357019998862,-0.0651532911398941
MIX,cost_stress,unfiltered,2025,0.1092527301896995,0.8265850115167122,0.13628583566095032,-0.09227335224364164,1.1840117166354263,1.1088591839550401,0.02733610151001455,19.911200898530815,0.15840083123048293,-0.05721972850171808
BTC,cost_stress,constant,full,-0.11315245816215846,-0.7440756571955609,0.14590782133823949,-0.5509955051524178,-0.20536003851947565,0.4865922531206742,0.022820629849383843,16.60860505463882,0.4749896446494233,-0.2079857977834999
BTC,cost_stress,constant,2020_2022,-0.1542264749487794,-0.7922902949823597,0.187190895494517,-0.4376236321786693,-0.35241806796624986,0.6049402305554061,0.023722627737226276,17.26534604550215,0.2838380852113557,-0.2079857977834999
BTC,cost_stress,constant,2023_end,-0.07004345606380402,-0.7923871077568018,0.08680995763183795,-0.2300282265314938,-0.3044993960956969,0.8043641810264882,0.021917808219178082,15.95126430031351,0.3159842076672072,-0.0604625886070691
BTC,cost_stress,constant,2020,-0.30245957284149194,-1.3452591798907685,0.24291997072609842,-0.3347474221785155,-0.9035456371048469,0.6970247032417415,0.0273224043715847,19.88609860282449,0.12134980525337871,-0.2079857977834999
BTC,cost_stress,constant,2021,0.03366067523304661,0.4831610117715835,0.07419264257268318,-0.10744022898088879,0.3132967562739846,1.033637252538715,0.01643835616438356,11.963553567503428,0.09131403925695149,-0.047353238397804476
BTC,cost_stress,constant,2022,-0.16045466000955566,-0.762236968456876,0.20137605359691116,-0.2031904129635128,-0.7896763320145854,0.8396458471085427,0.0273972602739726,19.939205822185873,0.13718828392524293,-0.13948381174077396
BTC,cost_stress,constant,2023,-0.020937922025351052,-0.2816750681373486,0.06728703721120619,-0.08129498687495318,-0.2575548976661682,0.9790762582126311,0.021917808219178082,15.951218794693023,0.11477036545163719,-0.011120138961405734
BTC,cost_stress,constant,2024,-0.18914328422784865,-1.8243284851805828,0.1113549143945777,-0.22431527747729052,-0.8432028631977478,0.810507699747382,0.02459016393442623,17.896166681091447,0.11845010509513376,-0.0604625886070691
BTC,cost_stress,constant,2025,0.013676194676386366,0.21784566831766078,0.07501222892014281,-0.06141228100683449,0.22269478436836374,1.0136290729435058,0.019230769230769232,13.995721273354036,0.10741891563736053,-0.037634924827666394
ETH,cost_stress,constant,full,-0.03885283301961073,-0.13456512350131258,0.17702878600583954,-0.4582455462818097,-0.08478605702741997,0.7884295633573642,0.029666818804198997,21.590703334660095,0.8275647600648863,-0.17107397092759935
ETH,cost_stress,constant,2020_2022,-0.09899297840716204,-0.4178148142475661,0.2000018861023635,-0.3904357763312861,-0.2535448450378844,0.7313976145209125,0.032846715328467155,23.90487219554595,0.5209589230089877,-0.17107397092759935
ETH,cost_stress,constant,2023_end,0.02536203214177002,0.2388830103140531,0.15059467270997948,-0.18971051885233603,0.13368806482212475,1.0779766678263087,0.026484018264840183,19.27442107755425,0.4192054102565465,-0.076017439684118
ETH,cost_stress,constant,2020,0.02850378931965669,0.37924046368136294,0.08294404840996374,-0.09812622759194467,0.2904808430849798,1.0285631467134886,0.02459016393442623,17.895129599737174,0.1361193010882401,-0.02611976060485066
ETH,cost_stress,constant,2021,0.053140349664517084,0.3655540289331826,0.19118739042506863,-0.22540212205316879,0.2357579830237007,1.0531030279907059,0.038356164383561646,27.915642907874958,0.2115631423555511,-0.09300126007996179
ETH,cost_stress,constant,2022,-0.32495161187090027,-1.273254657496142,0.27673288506701743,-0.35618000959686924,-0.9123241145360352,0.6752299829647259,0.03561643835616438,25.92030912723341,0.15439087947762378,-0.17107397092759935
ETH,cost_stress,constant,2023,-0.10596218171298843,-2.428419439014861,0.04565114499328802,-0.10589363789814266,-1.000647289263135,0.8941063621018573,0.021917808219178082,15.951328330632755,0.11250019544785977,-0.03266741098979664
ETH,cost_stress,constant,2024,0.024192038855347153,0.22438597317397185,0.1657651391725609,-0.18971051885233603,0.1275208090816376,1.0242423118234603,0.02459016393442623,17.896356577427028,0.143364259196965,-0.076017439684118
ETH,cost_stress,constant,2025,0.1777704529377453,0.92734357910373,0.1962433018631069,-0.13167358596538536,1.3500843896244914,1.1771111215559753,0.03296703296703297,23.992279483249053,0.19493984693546806,-0.07054788772445741
MIX,cost_stress,constant,full,-0.07230083183648184,-0.4486584740782992,0.14354475653320592,-0.46690353752451075,-0.15485175421847452,0.6375109082390192,0.02678074920371156,19.524249062756144,0.6512772023571547,-0.15702789690625074
MIX,cost_stress,constant,2020_2022,-0.125737054065854,-0.690900764594419,0.17198627085661933,-0.38109191328817993,-0.3299389194091144,0.6681689225381593,0.02893154202417491,21.107343344794675,0.4023985041101717,-0.15702789690625074
MIX,cost_stress,constant,2023_end,-0.015545174400641515,-0.09209738637563196,0.10782060118218688,-0.17772194420331866,-0.08746907687920305,0.9541163719756972,0.024627992188891633,17.939709032514845,0.37247870987709636,-0.0651532911398941
MIX,cost_stress,constant,2020,-0.13694511217410976,-1.0935835438679982,0.12685413044118204,-0.2108160317358153,-0.6495953417134941,0.8627939249776151,0.025491827101879628,18.6308325559257,0.12873455317080942,-0.10370473354993892
MIX,cost_stress,constant,2021,0.045271804478562494,0.4062135790808443,0.12971226703681574,-0.16513660078957337,0.27414761029416157,1.04524012703313,0.029425573622209922,21.44517281662914,0.16299036444420828,-0.07388126045528842
MIX,cost_stress,constant,2022,-0.2592461519632633,-1.1438699120653895,0.23637924997609233,-0.290644681851013,-0.8919693638026212,0.740906013235141,0.03188664922493461,23.252809622894578,0.14751929082581566,-0.15702789690625074
MIX,cost_stress,constant,2023,-0.06747362190537298,-1.6357505469068458,0.042134666220994245,-0.09475819510862071,-0.7120610711087142,0.9325709679894387,0.02196067675060658,15.99942430299118,0.11352786758222687,-0.017890379606624318
MIX,cost_stress,constant,2024,-0.07718490025666713,-0.6054926040066549,0.12058173082048257,-0.17772194420331866,-0.4343014623358247,0.9226629020173605,0.024594708970545456,17.91397375122065,0.13152357019998862,-0.0651532911398941
MIX,cost_stress,constant,2025,0.1092527301896995,0.8265850115167122,0.13628583566095032,-0.09227335224364164,1.1840117166354263,1.1088591839550401,0.02733610151001455,19.911200898530815,0.15840083123048293,-0.05721972850171808
BTC,cost_stress,simple_linear,full,-0.0489848099172252,-0.6293125410806006,0.07523034409652031,-0.30631600425819794,-0.15991593399062243,0.7398685761974367,0.015061615700593337,10.961397976736913,0.4029734134541302,-0.06366207270283142
BTC,cost_stress,simple_linear,2020_2022,-0.06331572241441175,-0.817840983580008,0.07630799641383375,-0.2323553171816306,-0.27249525933989394,0.8217888573636897,0.012773722627737226,9.296254482832232,0.1845985361275949,-0.06366207270283142
BTC,cost_stress,simple_linear,2023_end,-0.034421250865846464,-0.43506128772079,0.0741625022450182,-0.12433496273868883,-0.2768428936451978,0.900314684931292,0.017351598173515982,12.62806214963146,0.26573112469191296,-0.0604625886070691
BTC,cost_stress,simple_linear,2020,-0.1673615830024091,-1.6586998659898793,0.10681125013553004,-0.20561413664869688,-0.8139595152854476,0.8323253289376351,0.021857923497267756,15.9070895368759,0.11075168587596337,-0.06366207270283142
BTC,cost_stress,simple_linear,2021,-0.02144051489862664,-0.44783907753768093,0.04598926978046794,-0.05046542709322288,-0.4248555126467152,0.9785740019828592,0.005479452054794521,3.9878411910669977,0.0294518549635674,-0.031380214825886266
BTC,cost_stress,simple_linear,2022,0.008965036061078901,0.17368131456580904,0.06249715980857924,-0.0694512289946092,0.1290839081015365,1.0089588724232026,0.010958904109589041,7.9757208436934075,0.06056944664501738,-0.027539896862260216
BTC,cost_stress,simple_linear,2023,-0.020937922025351052,-0.2816750681373474,0.06728703721120609,-0.08129498687495307,-0.25755489766616857,0.9790762582126311,0.021917808219178082,15.951218794693025,0.11477036545163724,-0.011120138961405401
BTC,cost_stress,simple_linear,2024,-0.07703925119973776,-0.9421323944526722,0.08143998456802956,-0.11783780281828615,-0.6537736563073693,0.9228088261010914,0.01366120218579235,9.942370361780027,0.07025226147478762,-0.0604625886070691
BTC,cost_stress,simple_linear,2025,-0.003537849208221644,-0.012399482688932224,0.07320045658876945,-0.06988989619856412,-0.05062032426218325,0.9964742370513403,0.016483516483516484,11.996224289483523,0.09095563764921932,-0.03763492482766628
ETH,cost_stress,simple_linear,full,-0.03001943793677042,-0.3832710254067739,0.07274840092636448,-0.26176037214024306,-0.11468289753457006,0.8329066091563169,0.014148790506617983,10.296996870579148,0.41473448775098876,-0.036542342721374244
ETH,cost_stress,simple_linear,2020_2022,-0.028681550831232916,-0.395434984378277,0.06775749849477854,-0.11636707696325055,-0.24647478977486673,0.9163813941279427,0.012773722627737226,9.296067014065937,0.20185817855051227,-0.036542342721374244
ETH,cost_stress,simple_linear,2023_end,-0.03135670153648451,-0.3740566506010308,0.07745355483532677,-0.17033699015764203,-0.18408627220349952,0.9089082498766106,0.015525114155251141,11.298840818285521,0.2323009945035563,-0.03266741098979664
ETH,cost_stress,simple_linear,2020,0.014876890121327646,0.2513872753260373,0.06757121408872145,-0.06376910136117986,0.23329308087731837,1.0149076647282302,0.01366120218579235,9.941137622111876,0.07260055935589918,-0.02611976060485066
ETH,cost_stress,simple_linear,2021,-0.06819032756056698,-0.9072034224970146,0.07470823982444677,-0.09998267259583171,-0.6820214522192102,0.9318547184573844,0.010958904109589041,7.975626889950216,0.057045208006694846,-0.03466512473751915
ETH,cost_stress,simple_linear,2022,-0.031070587626962465,-0.49237493786723624,0.06034420553586305,-0.09393358657432671,-0.3307718651025561,0.9689503453976609,0.0136986301369863,9.969669213401346,0.07545573855274933,-0.036542342721374244
ETH,cost_stress,simple_linear,2023,-0.10596218171298866,-2.42841943901487,0.045651144993288074,-0.10589363789814288,-1.000647289263135,0.8941063621018571,0.021917808219178082,15.951328330632753,0.11250019544785976,-0.03266741098979664
ETH,cost_stress,simple_linear,2024,-0.06985654990817558,-1.4409906820981653,0.04936259657154329,-0.09476369004617446,-0.7371657844279528,0.9300051488891784,0.01366120218579235,9.942245809517239,0.0728260631972415,-0.03239569975068202
ETH,cost_stress,simple_linear,2025,0.09339785726284866,0.8230002297756434,0.11607740143201552,-0.035588296957841936,2.624398053480564,1.093063789018524,0.01098901098901099,7.997620574336208,0.06576669364360582,-0.014572399678513759
MIX,cost_stress,simple_linear,full,-0.0392682588234915,-0.7055815640360967,0.05462808404521509,-0.268264559320202,-0.1463788542288238,0.7863875926768769,0.014637768454561564,10.670578270916412,0.40885395060255947,-0.031315712878882684
MIX,cost_stress,simple_linear,2020_2022,-0.04568429195932866,-0.8427212841476455,0.05372946773252245,-0.14811194567503483,-0.3084443442500062,0.8690851257458162,0.012841501803995726,9.363753573431064,0.19322835733905358,-0.030507887829639202
MIX,cost_stress,simple_linear,2023_end,-0.0328031709753307,-0.5726814117162813,0.05553527866060319,-0.14230444299387646,-0.2305140323464269,0.904845301548601,0.0164356755312923,11.978596415614076,0.2481064131415943,-0.031315712878882684
MIX,cost_stress,simple_linear,2020,-0.07623310355862079,-1.190731825555973,0.06477269408848887,-0.12843411016982964,-0.593558077817622,0.9236164968329327,0.01763666672672087,12.873884280069896,0.09167612261593126,-0.030507887829639202
MIX,cost_stress,simple_linear,2021,-0.047126014113274994,-1.0280854916320172,0.045894253303997094,-0.06474962744752855,-0.7278190774373909,0.9529054701283483,0.008499335833843751,6.175906146554068,0.044612208635816546,-0.01884335605162224
MIX,cost_stress,simple_linear,2022,-0.012545569079369878,-0.2352247831823199,0.048632287346818376,-0.06569716318950569,-0.19096059053846448,0.9874629638406284,0.012375365413278104,9.031853497212682,0.0685676008829336,-0.019585100962677404
MIX,cost_stress,simple_linear,2023,-0.0657642532807845,-1.5731616973305802,0.0426351714698036,-0.09426365096234779,-0.6976629125796651,0.9342792472235886,0.02196086599216751,15.99963748766607,0.11357350826737476,-0.017233683827563406
MIX,cost_stress,simple_linear,2024,-0.0734152698717574,-1.4396963352527943,0.05197263451373076,-0.08822686924221623,-0.8321191775512812,0.9264396657415818,0.013656745706673653,9.961469439862276,0.07155084987831481,-0.031315712878882684
MIX,cost_stress,simple_linear,2025,0.04555456556313908,0.6806946240148227,0.06877978938414168,-0.03334567668262578,1.3661310878982564,1.0453951774113943,0.013689504645553222,9.974718618433256,0.07819787242167152,-0.01908092803010142
BTC,cost_stress,core_label,full,-0.057424605612624635,-0.764437096336317,0.07371857241018982,-0.32981586785915207,-0.1741111062526192,0.7013450725524364,0.014148790506617983,10.297037303021439,0.37886820210810146,-0.06366207270283142
BTC,cost_stress,core_label,2020_2022,-0.061772980864760796,-0.7600137863282835,0.07961976187285624,-0.24215940098383448,-0.25509222691248934,0.8258569971320646,0.012773722627737226,9.296225243188822,0.18438251713827214,-0.06366207270283142
BTC,cost_stress,core_label,2023_end,-0.05305207830090308,-0.7751222045215425,0.06733197397730732,-0.15816714445838753,-0.33541781690862255,0.849233069390926,0.015525114155251141,11.298763346470341,0.23549559505485265,-0.06046258860706932
BTC,cost_stress,core_label,2020,-0.17577068132424212,-1.7588931203959761,0.10650924058851234,-0.2136532996584255,-0.8226911618273738,0.8239022195834134,0.021857923497267756,15.907018335789077,0.11062800072082131,-0.06366207270283142
BTC,cost_stress,core_label,2021,-0.025877581602190003,-0.80483058081701,0.03190890948008022,-0.05046542709322277,-0.5127784127217903,0.9741398996161814,0.0027397260273972603,1.9939205955334989,0.014805427421767247,-0.031380214825886266
BTC,cost_stress,core_label,2022,0.029002302429708138,0.3916453434513735,0.08127443958681475,-0.06771962693080735,0.42827026290828935,1.0289821665135461,0.0136986301369863,9.969625036346356,0.07669648235059934,-0.027539896862260327
BTC,cost_stress,core_label,2023,-0.020937922025351163,-0.2816750681373492,0.06728703721120606,-0.08129498687495318,-0.25755489766616957,0.979076258212631,0.021917808219178082,15.951218794693023,0.11477036545163721,-0.011120138961405623
BTC,cost_stress,core_label,2024,-0.11267519999367559,-1.2555931242677176,0.09170179624932291,-0.12737682352238844,-0.8845816442727604,0.887107014580197,0.01366120218579235,9.94227397936271,0.07057864071164174,-0.06046258860706932
BTC,cost_stress,core_label,2025,-0.022310775240532488,-0.8708800161339357,0.025518708368706258,-0.03910088357905395,-0.5705951681481747,0.9777647239715614,0.01098901098901099,7.997469032624498,0.059436567353468826,-0.009690674110920505
ETH,cost_stress,core_label,full,-0.07941997572215465,-0.7712959993182823,0.10056992508329943,-0.481903470417932,-0.1648047391177272,0.6087212716086131,0.017800091282519397,12.954491609466778,0.45361126809449737,-0.11876903593184684
ETH,cost_stress,core_label,2020_2022,-0.12093189870737653,-1.0255215177544488,0.11849056863013095,-0.3760042371529494,-0.321623765793321,0.6792493771373257,0.020072992700729927,14.608627799808156,0.2957708170764026,-0.11876903593184684
ETH,cost_stress,core_label,2023_end,-0.03590712534744955,-0.427075460774668,0.07863622289763299,-0.1754721960843303,-0.20463142394475375,0.8961675815943314,0.015525114155251141,11.29884479246755,0.23237481892630976,-0.03266741098979653
ETH,cost_stress,core_label,2020,0.06515663244308212,0.844586186458127,0.07822794309752702,-0.0702484825687244,0.9275165820035912,1.0652947002591373,0.01639344262295082,11.930192820065836,0.09158096263358845,-0.02611976060485066
ETH,cost_stress,core_label,2021,-0.12260963868859598,-1.187017095394971,0.10534326716319735,-0.13827654306650172,-0.8866987557653143,0.8774689175544329,0.01643835616438356,11.963763935183806,0.08300704821763558,-0.06705549061772231
ETH,cost_stress,core_label,2022,-0.2735047821015677,-1.9431806285209507,0.1575169035362189,-0.29201291847831545,-0.9366187753843427,0.7266541211100118,0.0273972602739726,19.93926482220152,0.12384196575906876,-0.11876903593184684
ETH,cost_stress,core_label,2023,-0.10596218171298821,-2.4284194390148595,0.04565114499328794,-0.10589363789814243,-1.000647289263135,0.8941063621018576,0.021917808219178082,15.951328330632753,0.11250019544785979,-0.03266741098979653
ETH,cost_stress,core_label,2024,-0.07560191944690431,-1.6774216921285854,0.046185175372854645,-0.1003666575266845,-0.7532573198106554,0.9242488744792414,0.01092896174863388,7.9537928413275,0.058172484013866224,-0.03239569975068224
ETH,cost_stress,core_label,2025,0.08475592571198787,0.735178327847108,0.11974616158373196,-0.04282444559338072,1.979148230353002,1.0844539474670019,0.013736263736263736,9.997011063585573,0.08212020898681921,-0.024094172567349248
MIX,cost_stress,core_label,full,-0.06809803527163538,-1.0304279150468605,0.066243547993653,-0.38795413750775665,-0.17553114837001538,0.6550331720805247,0.016039906756560397,11.697993757704976,0.4162397351012994,-0.06362641189645835
MIX,cost_stress,core_label,2020_2022,-0.09039022142274322,-1.1873973408871892,0.07717506275361465,-0.27972987144856887,-0.3231339611842719,0.7525531871346951,0.016525788324126652,12.057950125952223,0.24007666710733738,-0.06362641189645835
MIX,cost_stress,core_label,2023_end,-0.04523841438444065,-0.8447546885348629,0.05310368606307576,-0.15131958205918716,-0.29895941932185677,0.8704144547902687,0.015553581461535185,11.33770866218079,0.2340871994239945,-0.03452837097549355
MIX,cost_stress,core_label,2020,-0.055291210435839955,-0.8218719928271114,0.06646117666454883,-0.1306026654177035,-0.42335437993553465,0.9445984599212753,0.01892585156488419,13.815444732341023,0.10110448167720489,-0.029577846568654254
MIX,cost_stress,core_label,2021,-0.0804244411993914,-1.19118682811286,0.06833625344834454,-0.08948199667817258,-0.8987779015330064,0.9196283324113135,0.010262328774538282,7.475138093452981,0.05326347508202761,-0.050938200148278545
MIX,cost_stress,core_label,2022,-0.13376657660822078,-1.4809844652576365,0.09384972097372768,-0.14363400996256315,-0.9313015534627612,0.866318569170047,0.02038260911722937,14.87845249834653,0.10206248476524078,-0.06362641189645835
MIX,cost_stress,core_label,2023,-0.059309734059388663,-1.3373144540836972,0.04493867089420695,-0.09239627424677133,-0.6419061216795889,0.9407296336847252,0.021960323474277354,15.999030574240823,0.11374584546592512,-0.014753705571827536
MIX,cost_stress,core_label,2024,-0.0967729761040047,-1.7061624723121813,0.05859141815749719,-0.10861041514972325,-0.8910100930062718,0.9030382722397591,0.012458422226190098,9.090385212186703,0.06525726802178766,-0.03452837097549355
MIX,cost_stress,core_label,2025,0.02468731502334487,0.47164477489728285,0.0547647245021103,-0.0363813015142983,0.6785715187688502,1.0246017964510963,0.012241404113967624,8.923252301730026,0.06939479305305354,-0.011310460158711955
BTC,cost_stress,split_absolute,full,-0.0567602391290386,-0.7805781910912881,0.07149910255305064,-0.3269772755772674,-0.17359077638906345,0.7043156482709716,0.01323596531264263,9.632719776517845,0.3561441729848639,-0.06366207270283142
BTC,cost_stress,split_absolute,2020_2022,-0.06045051563259729,-0.78750107957211,0.07546334940779913,-0.22204131119692316,-0.27224895811836186,0.8293549481959176,0.010948905109489052,7.968196319311653,0.16083473594777978,-0.06366207270283142
BTC,cost_stress,split_absolute,2023_end,-0.05305207830090297,-0.775122204521545,0.0673319739773073,-0.1581671444583873,-0.3354178169086223,0.8492330693909261,0.015525114155251141,11.298763346470341,0.23549559505485262,-0.06046258860706921
BTC,cost_stress,split_absolute,2020,-0.17577068132424212,-1.7588931203959761,0.10650924058851234,-0.2136532996584255,-0.8226911618273738,0.8239022195834134,0.021857923497267756,15.907018335789077,0.11062800072082131,-0.06366207270283142
BTC,cost_stress,split_absolute,2021,0.0,,0.0,0.0,,1.0,0.0,0.0,0.0,0.0
BTC,cost_stress,split_absolute,2022,0.006622722415747351,0.12472319024062463,0.07541824384896537,-0.06771962693080746,0.0977962034922921,1.0066181744421823,0.010958904109589041,7.97582042484047,0.060937735126316686,-0.027539896862260216
BTC,cost_stress,split_absolute,2023,-0.020937922025351274,-0.2816750681373557,0.06728703721120607,-0.08129498687495307,-0.2575548976661713,0.9790762582126309,0.021917808219178082,15.951218794693025,0.11477036545163719,-0.011120138961405512
BTC,cost_stress,split_absolute,2024,-0.11267519999367559,-1.255593124267723,0.0917017962493228,-0.12737682352238866,-0.8845816442727589,0.887107014580197,0.01366120218579235,9.94227397936271,0.07057864071164174,-0.06046258860706921
BTC,cost_stress,split_absolute,2025,-0.022310775240532266,-0.8708800161339162,0.02551870836870645,-0.039100883579053725,-0.5705951681481722,0.9777647239715617,0.01098901098901099,7.997469032624497,0.05943656735346883,-0.009690674110920394
ETH,cost_stress,split_absolute,full,-0.08074485983373814,-0.788051882630059,0.10029254155709703,-0.48190347041793213,-0.16755401193461406,0.6034849656109048,0.01734367868553172,12.62233060329015,0.43536793570061544,-0.11876903593184684
ETH,cost_stress,split_absolute,2020_2022,-0.12345920772780328,-1.0544840163716027,0.11801637426354342,-0.3760042371529495,-0.3283452565923693,0.6734063784557702,0.01916058394160584,13.944608854066377,0.27888525044313384,-0.11876903593184684
ETH,cost_stress,split_absolute,2023_end,-0.03590712534744955,-0.42707546077467046,0.0786362228976328,-0.1754721960843305,-0.2046314239447535,0.8961675815943316,0.015525114155251138,11.29884479246755,0.23237481892630973,-0.03266741098979664
ETH,cost_stress,split_absolute,2020,0.056012700323743836,0.7527826580058893,0.0761056360451712,-0.06887051897100227,0.813304461192282,1.056130885409111,0.01366120218579235,9.941764501669686,0.07645186584844021,-0.02611976060485066
ETH,cost_stress,split_absolute,2021,-0.12260963868859576,-1.187017095394968,0.10534326716319735,-0.1382765430665014,-0.8866987557653149,0.8774689175544331,0.01643835616438356,11.963763935183806,0.08300704821763559,-0.06705549061772231
ETH,cost_stress,split_absolute,2022,-0.2735047821015679,-1.9431806285209532,0.1575169035362188,-0.29201291847831545,-0.9366187753843433,0.7266541211100116,0.0273972602739726,19.93926482220152,0.12384196575906872,-0.11876903593184684
ETH,cost_stress,split_absolute,2023,-0.1059621817129881,-2.4284194390148444,0.0456511449932881,-0.10589363789814232,-1.000647289263135,0.8941063621018577,0.021917808219178075,15.951328330632752,0.11250019544785977,-0.03266741098979664
ETH,cost_stress,split_absolute,2024,-0.07560191944690442,-1.6774216921286045,0.046185175372854374,-0.10036665752668461,-0.7532573198106557,0.9242488744792413,0.01092896174863388,7.953792841327498,0.05817248401386622,-0.03239569975068202
ETH,cost_stress,split_absolute,2025,0.08475592571198809,0.7351783278471082,0.11974616158373162,-0.04282444559338072,1.979148230353007,1.084453947467002,0.013736263736263734,9.997011063585573,0.0821202089868192,-0.024094172567349026
MIX,cost_stress,split_absolute,full,-0.06836690763007025,-1.0766463843626206,0.06381875118007259,-0.38880682805816913,-0.17583772376508244,0.6539003069409381,0.015312203695784874,11.165647451387152,0.39575605434273964,-0.06259604275229225
MIX,cost_stress,split_absolute,2020_2022,-0.0908627683860822,-1.2671571955585161,0.07298344855796217,-0.28085733029547233,-0.3235193053017032,0.751380663325844,0.015071087508681929,10.993797822353729,0.2198599931954568,-0.06259604275229225
MIX,cost_stress,split_absolute,2023_end,-0.045293094018244884,-0.8460573312504337,0.053090071846025495,-0.1511794330675238,-0.2995982528788481,0.8702650185946661,0.015553540080318961,11.33765402072106,0.23409713575634525,-0.03471874224581073
MIX,cost_stress,split_absolute,2020,-0.05986428554366496,-0.9048215392595708,0.06577622283302063,-0.13470809405624684,-0.44440006343396754,0.9400165524962621,0.017485780244386528,12.767488733180347,0.09353993328463076,-0.029714698373512927
MIX,cost_stress,split_absolute,2021,-0.06887877202774606,-1.2123878217830026,0.05744545996738394,-0.07796375172417525,-0.8834717481455926,0.9311667117724036,0.008933123595920753,6.490628084745156,0.0466301934239806,-0.03671221231318411
MIX,cost_stress,split_absolute,2022,-0.141675205226665,-1.6215603354803616,0.09150008212461488,-0.1513132395037744,-0.9363040913755006,0.8584145521002228,0.018787743089202325,13.718417221982735,0.0942371345650969,-0.06259604275229225
MIX,cost_stress,split_absolute,2023,-0.059039021871105324,-1.3275668482413812,0.04504853160888828,-0.09231795386687824,-0.6395183103412271,0.9410001718754814,0.02196025763332915,15.998956712187065,0.11375307352802289,-0.014649680628137984
MIX,cost_stress,split_absolute,2024,-0.09688970497403282,-1.7023272174790385,0.05879218857187491,-0.10865650105841829,-0.8917064697485598,0.9029213281390543,0.012467072021890591,9.096645952765378,0.06529632979311968,-0.03471874224581073
MIX,cost_stress,split_absolute,2025,0.02434833902965372,0.4682403576439982,0.05441811618466045,-0.03634294923651804,0.6699604611391328,1.0242640085418,0.01223264832904441,8.91686685172844,0.06932297455413186,-0.011233282733428607
BTC,cost_stress,priority_relative,full,-0.03918639890038056,-0.8226289472799697,0.04719494330570413,-0.24816764794060153,-0.15790293064211072,0.786789615292697,0.010041077133728891,7.307535446274876,0.282816512095749,-0.05484445670130955
BTC,cost_stress,priority_relative,2020_2022,-0.056579077699428826,-0.881894437850075,0.06367681303149997,-0.21566933540869038,-0.26234178165482946,0.8396517491443399,0.011861313868613138,8.63219661660765,0.1736191235168104,-0.05484445670130955
BTC,cost_stress,priority_relative,2023_end,-0.02145674800764963,-1.0755328134766335,0.019967589059399975,-0.0718982683336088,-0.2984320555272635,0.9370427871965813,0.00821917808219178,5.981664539713488,0.13005080819544274,-0.011120138961405623
BTC,cost_stress,priority_relative,2020,-0.14930034564839612,-2.0261720044978864,0.07820028543611232,-0.18569117552637127,-0.8040249905531616,0.8504172477363431,0.019125683060109287,13.918544669711581,0.09816709417012698,-0.05484445670130955
BTC,cost_stress,priority_relative,2021,-0.021440514898626417,-0.447839077537679,0.04598926978046789,-0.05046542709322277,-0.4248555126467118,0.9785740019828594,0.00547945205479452,3.9878411910669973,0.029451854963567402,-0.031380214825886266
BTC,cost_stress,priority_relative,2022,0.008965036061079124,0.1736813145658074,0.06249715980857918,-0.06945122899460932,0.1290839081015395,1.0089588724232028,0.010958904109589041,7.9757208436934075,0.06056944664501739,-0.027539896862260327
BTC,cost_stress,priority_relative,2023,-0.02935851365095765,-1.9718694571565014,0.01504309493991938,-0.030149276709692585,-0.9737717403190401,0.9706612834516877,0.00821917808219178,5.981635595856633,0.04429434158945718,-0.011120138961405623
BTC,cost_stress,priority_relative,2024,-0.01597944927802819,-1.4139883535180928,0.011338611997337515,-0.016011997183988158,-0.997967280059697,0.9839880028160118,0.00273224043715847,1.9884727250538992,0.014879846337634981,-0.008183050648247092
BTC,cost_stress,priority_relative,2025,-0.018990043504394816,-0.6445965747358473,0.029071085140398464,-0.039100883579053836,-0.48566788691618457,0.9810743274653873,0.013736263736263736,9.996825992112282,0.07466417436270341,-0.009690674110920394
ETH,cost_stress,priority_relative,full,-0.03688901720673177,-0.73600354470259,0.04937160348169997,-0.20193866721519615,-0.1826743620498443,0.7981423547102826,0.009584664536741214,6.975451078690081,0.2793938348750256,-0.03466512473751926
ETH,cost_stress,priority_relative,2020_2022,-0.032020184331068124,-0.5194201348022579,0.059235058396814505,-0.14853332181502155,-0.21557576400900128,0.9069622905984803,0.010036496350364963,7.304243549239889,0.1533559408841494,-0.03466512473751926
ETH,cost_stress,priority_relative,2023_end,-0.04173777328674266,-1.1334355909462668,0.03697832962609606,-0.12007220029160814,-0.3476056338218008,0.8800171329985612,0.0091324200913242,6.646358341043878,0.13896707205732575,-0.03266741098979664
ETH,cost_stress,priority_relative,2020,-0.05167547492830271,-1.5463635554871276,0.03391034414634736,-0.062381534819798024,-0.8283777415476874,0.9482212110168277,0.00819672131147541,5.965056024151725,0.04352497541200201,-0.02611976060485066
ETH,cost_stress,priority_relative,2021,-0.05043572021406273,-0.5538269382869945,0.08662806230865469,-0.10953519297118142,-0.46045219665000553,0.9495979161793601,0.01643835616438356,11.963464631889998,0.08692254626539576,-0.03466512473751926
ETH,cost_stress,priority_relative,2022,0.007260868439990853,0.1878609520813273,0.043491732247401264,-0.03722799251593356,0.19503787202286574,1.0072558806597482,0.005479452054794521,3.987878998595996,0.03044012004954969,-0.028041146552342355
ETH,cost_stress,priority_relative,2023,-0.0788364595521176,-1.878966576490738,0.043167072470047516,-0.07878468272250616,-1.0006571941121323,0.9212153172774938,0.0136986301369863,9.969578669808861,0.07151097065480096,-0.03266741098979664
ETH,cost_stress,priority_relative,2024,-0.030628690129315017,-1.3792095972267382,0.02235547524600565,-0.03161844253556745,-0.9686969905257331,0.9693093924063236,0.002732240437158469,1.9884727250538987,0.014768924848393003,-0.018954206370954907
ETH,cost_stress,priority_relative,2025,-0.014524549274160026,-0.3292897751867268,0.04175193628742801,-0.04282444559338083,-0.3391649109032486,0.9855247967715868,0.01098901098901099,7.997486680200782,0.060307054480620584,-0.024094172567349026
MIX,cost_stress,priority_relative,full,-0.03803427985385999,-1.0362366999230863,0.03674111588287361,-0.22543743926724036,-0.16871323582048411,0.7924659850014898,0.009832015404196101,7.167243148365681,0.2811051734853873,-0.027666025523910065
MIX,cost_stress,priority_relative,2020_2022,-0.04414182893722851,-0.9283990834896128,0.04738257329743245,-0.1754632979606623,-0.2515730038718685,0.8733070198714101,0.010961478372701151,7.990874957154327,0.1634875322004799,-0.027666025523910065
MIX,cost_stress,priority_relative,2023_end,-0.03188207476831495,-1.5073074148971017,0.021329188291750303,-0.09649421550749449,-0.3304039998733265,0.9074311404460899,0.008701520962660456,6.342859164409188,0.13468074641404576,-0.016818832271819018
MIX,cost_stress,priority_relative,2020,-0.1004851894190596,-2.2172845972714414,0.04721497571184534,-0.11996333454520502,-0.8376325133009236,0.8993192293765854,0.013530684882077745,9.869156877126231,0.07084603479106448,-0.027666025523910065
MIX,cost_stress,priority_relative,2021,-0.03672652327253867,-0.6437725948607875,0.055690412754603465,-0.07014746159651764,-0.5235616861489097,0.9632981476067842,0.011261858106320414,8.2014595085649,0.05974973291618843,-0.018184430234434168
MIX,cost_stress,priority_relative,2022,0.008079396009422757,0.23359768650444354,0.03740399189382705,-0.033777582092494485,0.239194030742006,1.0080738436997418,0.008084853207761795,5.8968625079089145,0.04491152038386282,-0.014617470836603919
MIX,cost_stress,priority_relative,2023,-0.05505109167900368,-2.3957661073135084,0.023501428285652333,-0.055014467299064895,-1.0006657227041698,0.9449855327009351,0.011036311366434532,8.041898494709205,0.05842708968250929,-0.016818832271819018
MIX,cost_stress,priority_relative,2024,-0.023394943337081586,-1.8640385996033686,0.012647701090001648,-0.02364453172251768,-0.9894441392045671,0.9765575852864656,0.0027267849197508765,1.9884489689000857,0.014823697086781986,-0.009671221345035508
MIX,cost_stress,priority_relative,2025,-0.016746364670324865,-0.647200954184628,0.025571584219993976,-0.0368476506254477,-0.45447577758891095,0.9833104657021383,0.012367880562460914,9.017487669894974,0.06745043969134601,-0.012248986834926479
BTC,cost_stress,split_relative,full,-0.03918639890038056,-0.8226289472799697,0.04719494330570413,-0.24816764794060153,-0.15790293064211072,0.786789615292697,0.010041077133728891,7.307535446274876,0.282816512095749,-0.05484445670130955
BTC,cost_stress,split_relative,2020_2022,-0.056579077699428826,-0.881894437850075,0.06367681303149997,-0.21566933540869038,-0.26234178165482946,0.8396517491443399,0.011861313868613138,8.63219661660765,0.1736191235168104,-0.05484445670130955
BTC,cost_stress,split_relative,2023_end,-0.02145674800764963,-1.0755328134766335,0.019967589059399975,-0.0718982683336088,-0.2984320555272635,0.9370427871965813,0.00821917808219178,5.981664539713488,0.13005080819544274,-0.011120138961405623
BTC,cost_stress,split_relative,2020,-0.14930034564839612,-2.0261720044978864,0.07820028543611232,-0.18569117552637127,-0.8040249905531616,0.8504172477363431,0.019125683060109287,13.918544669711581,0.09816709417012698,-0.05484445670130955
BTC,cost_stress,split_relative,2021,-0.021440514898626417,-0.447839077537679,0.04598926978046789,-0.05046542709322277,-0.4248555126467118,0.9785740019828594,0.00547945205479452,3.9878411910669973,0.029451854963567402,-0.031380214825886266
BTC,cost_stress,split_relative,2022,0.008965036061079124,0.1736813145658074,0.06249715980857918,-0.06945122899460932,0.1290839081015395,1.0089588724232028,0.010958904109589041,7.9757208436934075,0.06056944664501739,-0.027539896862260327
BTC,cost_stress,split_relative,2023,-0.02935851365095765,-1.9718694571565014,0.01504309493991938,-0.030149276709692585,-0.9737717403190401,0.9706612834516877,0.00821917808219178,5.981635595856633,0.04429434158945718,-0.011120138961405623
BTC,cost_stress,split_relative,2024,-0.01597944927802819,-1.4139883535180928,0.011338611997337515,-0.016011997183988158,-0.997967280059697,0.9839880028160118,0.00273224043715847,1.9884727250538992,0.014879846337634981,-0.008183050648247092
BTC,cost_stress,split_relative,2025,-0.018990043504394816,-0.6445965747358473,0.029071085140398464,-0.039100883579053836,-0.48566788691618457,0.9810743274653873,0.013736263736263736,9.996825992112282,0.07466417436270341,-0.009690674110920394
ETH,cost_stress,split_relative,full,-0.05243112289960983,-0.8099644230262664,0.06388969744419157,-0.2965708102156126,-0.1767912454414897,0.7239302850651068,0.010953902327704245,7.972038441887033,0.29371038190276816,-0.06705549061772242
ETH,cost_stress,split_relative,2020_2022,-0.07189201676807622,-0.8534754314696636,0.08323696211920434,-0.24922964474165266,-0.28845692430608844,0.7994169408188992,0.013686131386861315,9.960542755566761,0.19332293495170025,-0.06705549061772242
ETH,cost_stress,split_relative,2023_end,-0.03254383191871968,-0.9232470761250184,0.03513517018148825,-0.12007220029160859,-0.27103552562277855,0.9055728595437743,0.00821917808219178,5.981718142532712,0.12557583136558748,-0.03266741098979664
ETH,cost_stress,split_relative,2020,-0.05167547492830271,-1.5463635554871276,0.03391034414634736,-0.062381534819798024,-0.8283777415476874,0.9482212110168277,0.00819672131147541,5.965056024151725,0.04352497541200201,-0.02611976060485066
ETH,cost_stress,split_relative,2021,-0.12950430681599034,-1.0158374544207858,0.12822429888753434,-0.21340417772089215,-0.6068499136196243,0.8705783331060791,0.024657534246575342,17.94571918740925,0.11857879079896809,-0.06705549061772242
ETH,cost_stress,split_relative,2022,-0.031618963170246706,-0.5360944490645645,0.05685622726490027,-0.06415707781535585,-0.4928367102573799,0.9684023332516646,0.00821917808219178,5.981799594129495,0.04525620454659654,-0.036542342721374244
ETH,cost_stress,split_relative,2023,-0.07883645955211771,-1.8789665764907317,0.043167072470047654,-0.07878468272250627,-1.0006571941121323,0.9212153172774937,0.0136986301369863,9.969578669808861,0.07151097065480097,-0.03266741098979664
ETH,cost_stress,split_relative,2024,-0.03062869012931524,-1.3792095972267384,0.022355475246005802,-0.03161844253556756,-0.9686969905257368,0.9693093924063234,0.0027322404371584695,1.9884727250538987,0.014768924848393001,-0.018954206370955018
ETH,cost_stress,split_relative,2025,0.01419338548169291,0.40348271569415983,0.03656149894248321,-0.04282444559338083,0.3314318559184503,1.0141444693500103,0.008241758241758242,5.998088280833399,0.04531030127392327,-0.024094172567349137
MIX,cost_stress,split_relative,full,-0.04569391863216277,-1.0449202149985535,0.04380142650037051,-0.26332932574884094,-0.17352385079869476,0.7553599501789019,0.010475354601278308,7.637868685821128,0.28826344699925854,-0.04912530481066457
MIX,cost_stress,split_relative,2020_2022,-0.06417288439179347,-1.1001721279097207,0.058662474994602615,-0.2248877916282045,-0.2853551272266803,0.8195343449816196,0.01272486543025665,9.280108075945414,0.18347102923425535,-0.04912530481066457
MIX,cost_stress,split_relative,2023_end,-0.026832686823021534,-1.3588679437134215,0.019856256659709668,-0.08431181547621114,-0.31825535568727575,0.9216940751834422,0.008223789424510946,5.994129533696725,0.12786824421294207,-0.015788372018500696
MIX,cost_stress,split_relative,2020,-0.1004851894190596,-2.2172845972714414,0.04721497571184534,-0.11996333454520502,-0.8376325133009236,0.8993192293765854,0.013530684882077745,9.869156877126231,0.07084603479106448,-0.027666025523910065
MIX,cost_stress,split_relative,2021,-0.0784115644840998,-0.9850891745312829,0.0795858874990428,-0.12503741723809603,-0.6271047996360053,0.9216399453198545,0.015073130065361262,10.987344524201689,0.07643853570575898,-0.04912530481066457
MIX,cost_stress,split_relative,2022,-0.011245147564892144,-0.24763826577724804,0.04207033420852148,-0.04871146699201512,-0.23085216396244998,0.9887625059093239,0.009568573618805401,6.9822089941763235,0.052943750363898145,-0.01809116675863609
MIX,cost_stress,split_relative,2023,-0.05349043141433696,-2.44297730645935,0.022382926966615965,-0.05345481568244648,-1.0006662773304105,0.9465451843175535,0.010863474511624631,7.916101340479716,0.05756860793354057,-0.015788372018500696
MIX,cost_stress,split_relative,2024,-0.022933015576122928,-1.896061699873354,0.01218790841832304,-0.02316908748948454,-0.9898109101850145,0.9770204392893682,0.0027267987903262115,1.9884509152665926,0.014827194724083517,-0.009073401325169095
MIX,cost_stress,split_relative,2025,-0.0033634993615114794,-0.13435819387163017,0.023082084673088765,-0.023200463492187184,-0.14497552441761116,0.9966479922736818,0.011104046334717309,8.094565426195727,0.06084060560074281,-0.011489124228924785
BTC,cost_stress,full_linear,full,-0.0371705653179667,-0.4790649890612851,0.07337263502562942,-0.2648022492160048,-0.14037103320691918,0.796743761250484,0.015061615700593337,10.961487455864587,0.4362794179326849,-0.06366207270283142
BTC,cost_stress,full_linear,2020_2022,-0.021924646163098638,-0.3265288737006892,0.06191997850098954,-0.1260021703702514,-0.17400213106388646,0.9356433957345831,0.009124087591240875,6.640297102486993,0.14489683057699168,-0.06366207270283142
BTC,cost_stress,full_linear,2023_end,-0.05219243476730928,-0.6014200456530631,0.08329535551507376,-0.18486339407633556,-0.2823297442313403,0.8515463956489026,0.021004566210045664,15.286624101802344,0.311424832029008,-0.06046258860706921
BTC,cost_stress,full_linear,2020,-0.07252111710816089,-0.8188849017944511,0.08715563005518447,-0.11493475181445889,-0.6309764102090981,0.9273355151607529,0.01639344262295082,11.930676274255877,0.08872863156943275,-0.06366207270283142
BTC,cost_stress,full_linear,2021,0.0,,0.0,0.0,,1.0,0.0,0.0,0.0,0.0
BTC,cost_stress,full_linear,2022,0.008965036061079124,0.1736813145658056,0.0624971598085792,-0.06945122899460943,0.12908390810153927,1.0089588724232028,0.010958904109589041,7.9757208436934075,0.06056944664501739,-0.027539896862260216
BTC,cost_stress,full_linear,2023,-0.020937922025351274,-0.2816750681373521,0.06728703721120614,-0.08129498687495318,-0.2575548976661709,0.9790762582126309,0.021917808219178082,15.951218794693023,0.11477036545163719,-0.011120138961405512
BTC,cost_stress,full_linear,2024,-0.14168049560619844,-1.4270596055468296,0.10316763736292471,-0.17881533613145728,-0.7923285478267987,0.8580502795198907,0.02185792349726776,15.907693956037546,0.10868631912577559,-0.06046258860706921
BTC,cost_stress,full_linear,2025,0.013676194676386366,0.2178456683176653,0.07501222892014277,-0.06141228100683449,0.22269478436836374,1.0136290729435058,0.019230769230769232,13.995721273354036,0.10741891563736052,-0.037634924827666394
ETH,cost_stress,full_linear,full,-0.0363203041303517,-0.2873559774112712,0.10832738912632954,-0.366784700272508,-0.09902349826306006,0.80097368391278,0.01734367868553172,12.622167827223565,0.48972185206834906,-0.11876903593184673
ETH,cost_stress,full_linear,2020_2022,-0.050605793776161034,-0.4623148663623541,0.10083782501173176,-0.2277491191414942,-0.2221997343696467,0.8557054424893169,0.014598540145985401,10.624182350770784,0.22851403320774955,-0.11876903593184673
ETH,cost_stress,full_linear,2023_end,-0.021806519761138787,-0.13541570310526818,0.11537859507798956,-0.18971051885233625,-0.11494628707495227,0.9360390201360438,0.02009132420091324,14.621977947947078,0.3052543619457703,-0.07601743968411823
ETH,cost_stress,full_linear,2020,0.014876890121327646,0.2513872753260373,0.06757121408872145,-0.06376910136117986,0.23329308087731837,1.0149076647282302,0.01366120218579235,9.941137622111876,0.07260055935589918,-0.02611976060485066
ETH,cost_stress,full_linear,2021,0.024832520398590185,0.3683725031257274,0.07385957874648262,-0.06393199984179632,0.38842082931927346,1.0248153142962961,0.010958904109589041,7.97578731948158,0.061060188516870194,-0.03424309129208081
ETH,cost_stress,full_linear,2022,-0.17738976504475346,-1.2874122265967571,0.14309722679775158,-0.18298803315655654,-0.9694063703771632,0.8227201898653566,0.019178082191780823,13.95749346613988,0.09032175774280354,-0.11876903593184673
ETH,cost_stress,full_linear,2023,-0.10596218171298855,-2.428419439014861,0.04565114499328802,-0.10589363789814277,-1.000647289263135,0.8941063621018572,0.021917808219178082,15.951328330632755,0.11250019544785977,-0.03266741098979664
ETH,cost_stress,full_linear,2024,-0.03433012004738434,-0.15361709610847935,0.153155188919212,-0.18971051885233625,-0.1809605511337284,0.9656006134842667,0.02185792349726776,15.907751332045983,0.12058148250029692,-0.07601743968411823
ETH,cost_stress,full_linear,2025,0.08449560338754458,0.7320906852313706,0.11995812256966414,-0.06129937991451828,1.3784087784472425,1.0841945881620951,0.016483516483516484,11.996137430747972,0.09838597336432277,-0.024094172567349026
MIX,cost_stress,full_linear,full,-0.036744965776591254,-0.5007547683852059,0.06981410136384861,-0.2677287245861515,-0.13724700565242196,0.7988587225816319,0.016256909499611092,11.852041015624769,0.463000635000517,-0.06303522040002818
MIX,cost_stress,full_linear,2020_2022,-0.03605180349966264,-0.5632608633741911,0.061710594260196136,-0.12283245751429939,-0.29350388512308084,0.89567441911195,0.011889131671451806,8.681968162302164,0.1867054318923706,-0.06278796780370077
MIX,cost_stress,full_linear,2023_end,-0.03743826195179423,-0.45600553850508335,0.0771054426430601,-0.16715685548630788,-0.22397084368975143,0.8919074895246984,0.02062867616596961,15.025008912649039,0.3084772738983543,-0.06303522040002818
MIX,cost_stress,full_linear,2020,-0.028820094050801326,-0.5125569645874914,0.05414997612108671,-0.0821115609841011,-0.3509870437901142,0.9711215899444916,0.014943072950312266,10.916152510092624,0.08066459546266597,-0.03222744547534295
MIX,cost_stress,full_linear,2021,0.01297603438878947,0.3502343213919307,0.0389346792421477,-0.034693946547851295,0.37401436503893837,1.0129670954403303,0.005763263055250147,4.208610246234292,0.03190663969228838,-0.018490603357828483
MIX,cost_stress,full_linear,2022,-0.08955580024326804,-1.0790062924859734,0.08357503717593626,-0.09164629279110914,-0.9771895568912319,0.9105026686450076,0.014952692046385172,10.915020677571928,0.07629818550895368,-0.06278796780370077
MIX,cost_stress,full_linear,2023,-0.0615536304165214,-1.4187369131168275,0.04406748619861469,-0.0930454617736941,-0.6615436072124895,0.9384871775164159,0.021960736215812883,15.999493356128509,0.11368593299149482,-0.01561592019200797
MIX,cost_stress,full_linear,2024,-0.09282232480335029,-0.8752331681236017,0.1048824070865174,-0.1502670641738324,-0.6177157004676107,0.9069962262271116,0.02190067688638066,15.951949853211524,0.11409978472036737,-0.06303522040002818
MIX,cost_stress,full_linear,2025,0.047986410002393676,0.7046814931999552,0.06984936537969011,-0.04623142900022281,1.0379607777679207,1.0478183202295546,0.01801396687513654,13.115813291451571,0.10304242244324385,-0.01990710785963734
BTC,cost_stress,boosted,full,-0.06739917232334691,-0.7592332301021717,0.086814293821136,-0.3928419440541283,-0.17156816715594966,0.6579854095744823,0.016887266088544045,12.290143610151112,0.4246715538543701,-0.0762653865255295
BTC,cost_stress,boosted,2020_2022,-0.0823483890260559,-0.9056908694398685,0.09022357217827454,-0.275190221216689,-0.2992416978407583,0.7726947268364386,0.012773722627737226,9.296397133547009,0.184035228339632,-0.0762653865255295
BTC,cost_stress,boosted,2023_end,-0.05219243476730939,-0.6014200456530647,0.08329535551507374,-0.18486339407633545,-0.28232974423134105,0.8515463956489021,0.021004566210045664,15.286624101802344,0.311424832029008,-0.06046258860706921
BTC,cost_stress,boosted,2020,-0.1463534832456762,-1.4616627011680594,0.10436056449289684,-0.18552950595337048,-0.788842090068733,0.8533691913995801,0.021857923497267756,15.907417680708148,0.11224577341303929,-0.06366207270283142
BTC,cost_stress,boosted,2021,0.004554937469626541,0.1536041723989918,0.033107655316580234,-0.025276506693551193,0.18020438998355118,1.004551812700029,0.0027397260273972594,1.9939205955334984,0.015035240366985232,-0.02069789135855582
BTC,cost_stress,boosted,2022,-0.09870335243000883,-0.8742810695585914,0.11151503506987721,-0.12289552652464386,-0.8031484564266556,0.9013607590207731,0.0136986301369863,9.969740739338667,0.0687764346565823,-0.0762653865255295
BTC,cost_stress,boosted,2023,-0.020937922025351274,-0.28167506813734733,0.0672870372112061,-0.08129498687495329,-0.25755489766617057,0.9790762582126309,0.021917808219178082,15.951218794693023,0.1147703654516372,-0.011120138961405401
BTC,cost_stress,boosted,2024,-0.14168049560619833,-1.4270596055468294,0.10316763736292464,-0.17881533613145717,-0.7923285478267986,0.8580502795198908,0.021857923497267756,15.907693956037546,0.10868631912577556,-0.06046258860706921
BTC,cost_stress,boosted,2025,0.013676194676385922,0.21784566831765487,0.0750122289201428,-0.06141228100683449,0.2226947843683565,1.0136290729435053,0.019230769230769232,13.995721273354036,0.10741891563736052,-0.037634924827666505
ETH,cost_stress,boosted,full,-0.08835566832182873,-0.9033710523540891,0.09702125807415084,-0.4945402841094666,-0.1786622266392988,0.5741265250251995,0.015061615700593337,10.96158905924492,0.3705677630351706,-0.11876903593184684
ETH,cost_stress,boosted,2020_2022,-0.10710947157778361,-1.0505331449882653,0.10252538844891888,-0.33122824056655686,-0.32337059000336377,0.7118048970028074,0.013686131386861315,9.960586414346555,0.20359757420898972,-0.11876903593184684
ETH,cost_stress,boosted,2023_end,-0.06919030102513635,-0.7407523051571409,0.09121504317801991,-0.24944091559172932,-0.2773815228387916,0.8065784984659007,0.01643835616438356,11.963505861809859,0.23457297010633285,-0.07601743968411823
ETH,cost_stress,boosted,2020,0.003925370359151081,0.0981893656463714,0.05525255715022377,-0.0702484825687244,0.055878365134946144,1.0039334464995706,0.01366120218579235,9.94253954050183,0.07605742676348147,-0.02611976060485066
ETH,cost_stress,boosted,2021,-0.041065484062011715,-0.5398282027174276,0.0727037596729189,-0.07210359059400251,-0.5695345228123423,0.9589620389285219,0.00821917808219178,5.981866723948079,0.04393293419221629,-0.04287079516628178
ETH,cost_stress,boosted,2022,-0.260795151150399,-1.9040337462959245,0.1521016000341484,-0.2657720799687001,-0.9812736957964611,0.7393577551947268,0.019178082191780823,13.95740242207974,0.086664021205154,-0.11876903593184684
ETH,cost_stress,boosted,2023,-0.10596218171298866,-2.4284194390148715,0.04565114499328804,-0.10589363789814288,-1.000647289263135,0.8941063621018571,0.021917808219178082,15.951328330632753,0.11250019544785976,-0.03266741098979653
ETH,cost_stress,boosted,2024,-0.15836795238472234,-1.810560435589951,0.09267899218519013,-0.18107312497737837,-0.8746077166587112,0.8413341377939324,0.01639344262295082,11.930718534571138,0.08160170046698444,-0.07601743968411823
ETH,cost_stress,boosted,2025,0.0724892764874554,0.6417198712477913,0.11940950260530228,-0.05351547501192211,1.3545479409704637,1.0722324443261508,0.010989010989010988,7.997695314142318,0.0652877155383239,-0.024094172567349026
MIX,cost_stress,boosted,full,-0.07758003759092247,-1.0243384488092782,0.07589238597793732,-0.4369440469953453,-0.17755142363056137,0.6160559672998409,0.016062864515729657,11.71041229413595,0.3976196584447703,-0.09874889708441104
MIX,cost_stress,boosted,2020_2022,-0.09455958702257483,-1.163243465273698,0.08230471342103812,-0.2895454661520541,-0.32657940833691756,0.742249811919623,0.013179017654651532,9.616439836139987,0.19381640127431085,-0.09874889708441104
MIX,cost_stress,boosted,2023_end,-0.06026612937742781,-0.8667402622340683,0.06890428563854319,-0.20841259989280936,-0.2891673987485586,0.8299846728240768,0.018949345026909224,13.80629705574652,0.27457502029320685,-0.0624793823523726
MIX,cost_stress,boosted,2020,-0.0712078085381973,-1.1757576438492876,0.0611782299787285,-0.11412303643132427,-0.6239564838519519,0.9286513189495753,0.017483936236483623,12.769586024447937,0.09415160008826037,-0.03013495765027352
MIX,cost_stress,boosted,2021,-0.02010458811384508,-0.4625285140151611,0.04197341975376028,-0.03700768241925989,-0.54325444879472,0.9799090335569727,0.00569981418441084,4.144998548458217,0.03065539874390391,-0.023045714536450213
MIX,cost_stress,boosted,2022,-0.1844491465631216,-1.6096504514439192,0.12172942074548454,-0.1853046014114459,-0.9953835207447178,0.815664676496809,0.01634150824557566,11.926096178833514,0.07823858077003909,-0.09874889708441104
MIX,cost_stress,boosted,2023,-0.06170698784337392,-1.424335586083102,0.04401058231285359,-0.09308983005092275,-0.662875717031801,0.9383339183843129,0.021960755736514685,15.999515223519921,0.11368183831443351,-0.015674845398015447
MIX,cost_stress,boosted,2024,-0.1493047617886929,-1.793250516842303,0.08788576678288564,-0.1676287675767386,-0.8906869861722441,0.8504128239970556,0.019318350794133056,14.084236755365925,0.0963115993040216,-0.0624793823523726
MIX,cost_stress,boosted,2025,0.0402590918507193,0.6180237802977872,0.06741911880616075,-0.04154529835742127,0.9690408648498197,1.0401185851613988,0.015558627939519343,11.327586722510265,0.08837504642903649,-0.021124812757989275
BTC,delay_stress,unfiltered,full,-0.04446675910582465,-0.24180726476557413,0.14285397340586092,-0.3470994004306325,-0.1281095820121167,0.7612053655003918,0.02282062984938385,16.64553711583831,0.23731502046015607,-0.2075153939943002
BTC,delay_stress,unfiltered,2020_2022,-0.07661454839169768,-0.3329537186265107,0.18405625284968777,-0.3152380016784234,-0.24303715917426966,0.7872730578347911,0.023722627737226287,17.303491265627816,0.1292243952546949,-0.2075153939943002
BTC,delay_stress,unfiltered,2023_end,-0.011168836045561736,-0.09338385452991511,0.08330802043660714,-0.16434649241787058,-0.06795907768547707,0.966888626411156,0.02191780821917809,15.986982094679126,0.1372975032357121,-0.062226569399912335
BTC,delay_stress,unfiltered,2020,-0.22785359235055724,-0.9432459659959519,0.23979500542996382,-0.3152380016784234,-0.7227986192571807,0.7717365319420657,0.027322404371584706,19.9293053565461,0.0507485481015132,-0.2075153939943002
BTC,delay_stress,unfiltered,2021,0.11075615342665657,1.4999077017867326,0.07168675274269082,-0.08081501815807746,1.3704897425131184,1.1106762966532504,0.01643835616438356,11.990190127390948,0.03833457590478509,-0.03161541740733298
BTC,delay_stress,unfiltered,2022,-0.08157535031089058,-0.32796555341419553,0.19737649736795615,-0.15721205609662137,-0.5188873699403497,0.9184781445568829,0.027397260273972608,19.98378430173841,0.05703982329164141,-0.1351149107959535
BTC,delay_stress,unfiltered,2023,0.021000711508908587,0.3248615709918845,0.07149947567086834,-0.04207942879274018,0.49907311271610627,1.0209861875199466,0.02191780821917809,15.987124209897656,0.04715751832832261,-0.01436045806624442
BTC,delay_stress,unfiltered,2024,-0.11375598162739964,-1.155316980714978,0.10004558936793766,-0.1621790247951117,-0.7014222817723368,0.8860242808491485,0.024590163934426236,17.936163319184406,0.04927422424151627,-0.062226569399912335
BTC,delay_stress,unfiltered,2025,0.06908009469259246,0.9229443207095597,0.07532980272510675,-0.05390259318626389,1.2815727520544649,1.068835724937385,0.019230769230769235,14.026948577581058,0.0440314676761519,-0.032769716696793516
ETH,delay_stress,unfiltered,full,0.10483044863488677,0.6468529173537876,0.17854524599446328,-0.300148672884215,0.34926174294738943,1.8185051683439133,0.029666818804199004,21.63881467167468,0.5030865976552965,-0.16731702596014653
ETH,delay_stress,unfiltered,2020_2022,0.06116200226871893,0.3967165184144088,0.20173423010167102,-0.300148672884215,0.2037723561493564,1.1949857272513174,0.03284671532846716,23.95786763390777,0.26060517322539467,-0.16731702596014653
ETH,delay_stress,unfiltered,2023_end,0.15033828324457854,0.9939691167125129,0.1519022142852025,-0.14520883263374218,1.0353246460136092,1.5217798228660044,0.026484018264840186,19.317643852855078,0.20291574945221555,-0.06742976189650507
ETH,delay_stress,unfiltered,2020,0.0823636420467504,0.8945332075527532,0.09315398393140796,-0.08243309950265176,0.999157408173168,1.0825395620077836,0.024590163934426236,17.93501210142678,0.05565780999557269,-0.023128002983007434
ETH,delay_stress,unfiltered,2021,0.3622034901008071,1.6024921763164903,0.20567176957590105,-0.14552501296815012,2.488943190680764,1.3619153193503144,0.038356164383561646,27.97724562641879,0.09794871716287519,-0.06517899042285302
ETH,delay_stress,unfiltered,2022,-0.18958709296698517,-0.648277975162989,0.2666014761662977,-0.2778470233079029,-0.6823434374421555,0.8105295191395223,0.03561643835616439,25.977846147939328,0.06709094220110032,-0.16731702596014653
ETH,delay_stress,unfiltered,2023,-0.03676235923285931,-0.9526553483234066,0.038506435167819236,-0.04549940102341676,-0.8079745756199991,0.9632623352572012,0.021917808219178082,15.987035720785626,0.04679878954864118,-0.02688632902187338
ETH,delay_stress,unfiltered,2024,0.2162719455672497,1.227257814724413,0.1706683494030114,-0.14520883263374218,1.4893856086065291,1.216761026149829,0.02459016393442623,17.936061466622576,0.062369572320117715,-0.05025753925787102
ETH,delay_stress,unfiltered,2025,0.29954517670205916,1.4268623873180872,0.19650244523492316,-0.10731188480146137,2.791351370412049,1.2983804030737192,0.032967032967032975,24.046575505510145,0.08194008369079098,-0.06742976189650507
MIX,delay_stress,unfiltered,full,0.04334442853700193,0.3646078877395475,0.14604658925434574,-0.2419773844693056,0.1791259486173184,1.2898552669221526,0.027087366276925595,19.773656688853755,0.37020080905772634,-0.15446127386927033
MIX,delay_stress,unfiltered,2020_2022,-0.0029649801021816025,0.07220462762705132,0.17250865690251985,-0.2419773844693056,-0.012253128980149403,0.9911293925430542,0.02915185479845589,21.29633161242817,0.19491478424004477,-0.15446127386927033
MIX,delay_stress,unfiltered,2023_end,0.09185004518860995,0.8282509681753323,0.11358973517170498,-0.14281855866877669,0.6431240172478397,1.3013994707720484,0.025020992377750063,18.24959119457288,0.1768548346325701,-0.05614511014984225
MIX,delay_stress,unfiltered,2020,-0.07271821115544763,-0.5198907113173292,0.12852494549452473,-0.16770913550076005,-0.43359719754275444,0.9271380469749246,0.025524228107646152,18.693351377144662,0.05320317904854294,-0.10345543714971417
MIX,delay_stress,unfiltered,2021,0.25754866026797774,1.710858240224856,0.13948727048420806,-0.11339629275490881,2.2712264573290355,1.2573514236621948,0.029617995632386818,21.607487535724466,0.07313773524959213,-0.05132733966105385
MIX,delay_stress,unfiltered,2022,-0.1498784869326797,-0.5815343566131643,0.23083599083041303,-0.22518653525722354,-0.6655748167246243,0.850216001080766,0.03232327935859719,23.595287377114783,0.06339572563352201,-0.15446127386927033
MIX,delay_stress,unfiltered,2023,-0.013821478726000591,-0.3559960963586418,0.03714886068905769,-0.0388591974858844,-0.3556810129962473,0.9861879159244707,0.021950093608609774,16.013358331534754,0.04694126211853869,-0.016223942976717032
MIX,delay_stress,unfiltered,2024,0.08059879459235764,0.6871724749571939,0.12351175797687593,-0.14281855866877669,0.5643439854289632,1.0807708061640853,0.024599433963766376,17.93912571892092,0.05698511083737592,-0.043519988288336586
MIX,delay_stress,unfiltered,2025,0.22184224635169913,1.4191496159525507,0.14863744757608105,-0.07932556847546701,2.796604557839484,1.2210047237506727,0.028524202350975983,20.80413888440127,0.06916172202218765,-0.05614511014984225
BTC,delay_stress,constant,full,-0.04446675910582465,-0.24180726476557413,0.14285397340586092,-0.3470994004306325,-0.1281095820121167,0.7612053655003918,0.02282062984938385,16.64553711583831,0.23731502046015607,-0.2075153939943002
BTC,delay_stress,constant,2020_2022,-0.07661454839169768,-0.3329537186265107,0.18405625284968777,-0.3152380016784234,-0.24303715917426966,0.7872730578347911,0.023722627737226287,17.303491265627816,0.1292243952546949,-0.2075153939943002
BTC,delay_stress,constant,2023_end,-0.011168836045561736,-0.09338385452991511,0.08330802043660714,-0.16434649241787058,-0.06795907768547707,0.966888626411156,0.02191780821917809,15.986982094679126,0.1372975032357121,-0.062226569399912335
BTC,delay_stress,constant,2020,-0.22785359235055724,-0.9432459659959519,0.23979500542996382,-0.3152380016784234,-0.7227986192571807,0.7717365319420657,0.027322404371584706,19.9293053565461,0.0507485481015132,-0.2075153939943002
BTC,delay_stress,constant,2021,0.11075615342665657,1.4999077017867326,0.07168675274269082,-0.08081501815807746,1.3704897425131184,1.1106762966532504,0.01643835616438356,11.990190127390948,0.03833457590478509,-0.03161541740733298
BTC,delay_stress,constant,2022,-0.08157535031089058,-0.32796555341419553,0.19737649736795615,-0.15721205609662137,-0.5188873699403497,0.9184781445568829,0.027397260273972608,19.98378430173841,0.05703982329164141,-0.1351149107959535
BTC,delay_stress,constant,2023,0.021000711508908587,0.3248615709918845,0.07149947567086834,-0.04207942879274018,0.49907311271610627,1.0209861875199466,0.02191780821917809,15.987124209897656,0.04715751832832261,-0.01436045806624442
BTC,delay_stress,constant,2024,-0.11375598162739964,-1.155316980714978,0.10004558936793766,-0.1621790247951117,-0.7014222817723368,0.8860242808491485,0.024590163934426236,17.936163319184406,0.04927422424151627,-0.062226569399912335
BTC,delay_stress,constant,2025,0.06908009469259246,0.9229443207095597,0.07532980272510675,-0.05390259318626389,1.2815727520544649,1.068835724937385,0.019230769230769235,14.026948577581058,0.0440314676761519,-0.032769716696793516
ETH,delay_stress,constant,full,0.10483044863488677,0.6468529173537876,0.17854524599446328,-0.300148672884215,0.34926174294738943,1.8185051683439133,0.029666818804199004,21.63881467167468,0.5030865976552965,-0.16731702596014653
ETH,delay_stress,constant,2020_2022,0.06116200226871893,0.3967165184144088,0.20173423010167102,-0.300148672884215,0.2037723561493564,1.1949857272513174,0.03284671532846716,23.95786763390777,0.26060517322539467,-0.16731702596014653
ETH,delay_stress,constant,2023_end,0.15033828324457854,0.9939691167125129,0.1519022142852025,-0.14520883263374218,1.0353246460136092,1.5217798228660044,0.026484018264840186,19.317643852855078,0.20291574945221555,-0.06742976189650507
ETH,delay_stress,constant,2020,0.0823636420467504,0.8945332075527532,0.09315398393140796,-0.08243309950265176,0.999157408173168,1.0825395620077836,0.024590163934426236,17.93501210142678,0.05565780999557269,-0.023128002983007434
ETH,delay_stress,constant,2021,0.3622034901008071,1.6024921763164903,0.20567176957590105,-0.14552501296815012,2.488943190680764,1.3619153193503144,0.038356164383561646,27.97724562641879,0.09794871716287519,-0.06517899042285302
ETH,delay_stress,constant,2022,-0.18958709296698517,-0.648277975162989,0.2666014761662977,-0.2778470233079029,-0.6823434374421555,0.8105295191395223,0.03561643835616439,25.977846147939328,0.06709094220110032,-0.16731702596014653
ETH,delay_stress,constant,2023,-0.03676235923285931,-0.9526553483234066,0.038506435167819236,-0.04549940102341676,-0.8079745756199991,0.9632623352572012,0.021917808219178082,15.987035720785626,0.04679878954864118,-0.02688632902187338
ETH,delay_stress,constant,2024,0.2162719455672497,1.227257814724413,0.1706683494030114,-0.14520883263374218,1.4893856086065291,1.216761026149829,0.02459016393442623,17.936061466622576,0.062369572320117715,-0.05025753925787102
ETH,delay_stress,constant,2025,0.29954517670205916,1.4268623873180872,0.19650244523492316,-0.10731188480146137,2.791351370412049,1.2983804030737192,0.032967032967032975,24.046575505510145,0.08194008369079098,-0.06742976189650507
MIX,delay_stress,constant,full,0.04334442853700193,0.3646078877395475,0.14604658925434574,-0.2419773844693056,0.1791259486173184,1.2898552669221526,0.027087366276925595,19.773656688853755,0.37020080905772634,-0.15446127386927033
MIX,delay_stress,constant,2020_2022,-0.0029649801021816025,0.07220462762705132,0.17250865690251985,-0.2419773844693056,-0.012253128980149403,0.9911293925430542,0.02915185479845589,21.29633161242817,0.19491478424004477,-0.15446127386927033
MIX,delay_stress,constant,2023_end,0.09185004518860995,0.8282509681753323,0.11358973517170498,-0.14281855866877669,0.6431240172478397,1.3013994707720484,0.025020992377750063,18.24959119457288,0.1768548346325701,-0.05614511014984225
MIX,delay_stress,constant,2020,-0.07271821115544763,-0.5198907113173292,0.12852494549452473,-0.16770913550076005,-0.43359719754275444,0.9271380469749246,0.025524228107646152,18.693351377144662,0.05320317904854294,-0.10345543714971417
MIX,delay_stress,constant,2021,0.25754866026797774,1.710858240224856,0.13948727048420806,-0.11339629275490881,2.2712264573290355,1.2573514236621948,0.029617995632386818,21.607487535724466,0.07313773524959213,-0.05132733966105385
MIX,delay_stress,constant,2022,-0.1498784869326797,-0.5815343566131643,0.23083599083041303,-0.22518653525722354,-0.6655748167246243,0.850216001080766,0.03232327935859719,23.595287377114783,0.06339572563352201,-0.15446127386927033
MIX,delay_stress,constant,2023,-0.013821478726000591,-0.3559960963586418,0.03714886068905769,-0.0388591974858844,-0.3556810129962473,0.9861879159244707,0.021950093608609774,16.013358331534754,0.04694126211853869,-0.016223942976717032
MIX,delay_stress,constant,2024,0.08059879459235764,0.6871724749571939,0.12351175797687593,-0.14281855866877669,0.5643439854289632,1.0807708061640853,0.024599433963766376,17.93912571892092,0.05698511083737592,-0.043519988288336586
MIX,delay_stress,constant,2025,0.22184224635169913,1.4191496159525507,0.14863744757608105,-0.07932556847546701,2.796604557839484,1.2210047237506727,0.028524202350975983,20.80413888440127,0.06916172202218765,-0.05614511014984225
BTC,delay_stress,simple_linear,full,-0.0010677311559474933,0.02203505151436792,0.0734710291001491,-0.15661654521788448,-0.006817486329187436,0.9936121425681332,0.01506161570059334,10.986083555588085,0.18796878489481428,-0.062226569399912335
BTC,delay_stress,simple_linear,2020_2022,-0.015124281604342205,-0.17931570251577558,0.07088628735768815,-0.1474435647948602,-0.10257674945247544,0.9552999624118256,0.012773722627737228,9.317273069063935,0.07958374762372046,-0.05513608086854849
BTC,delay_stress,simple_linear,2023_end,0.013202552958156977,0.21003949069777428,0.07599517076007432,-0.10940253203305972,0.1206786782061623,1.040104869322492,0.017351598173515986,12.656418069953808,0.11345654928893371,-0.062226569399912335
BTC,delay_stress,simple_linear,2020,-0.08997044842243318,-0.914836974249653,0.09770204794551622,-0.1474435647948602,-0.6102026124206236,0.9098533962403629,0.021857923497267766,15.943489093094637,0.0462289839979423,-0.05513608086854849
BTC,delay_stress,simple_linear,2021,-0.003312461287838686,-0.09987510419195351,0.0289942633130113,-0.0485733945353668,-0.06819497215552535,0.9966898022116654,0.005479452054794522,3.9967535748917644,0.011978188373567802,-0.01740691177393061
BTC,delay_stress,simple_linear,2022,0.053473973252346374,0.7949878356780931,0.06837115142013979,-0.06156582334742855,0.8685658754302983,1.0534364113744803,0.010958904109589041,7.993422522701213,0.02476327532298346,-0.024633325761431624
BTC,delay_stress,simple_linear,2023,0.021000711508908365,0.324861570991878,0.0714994756708684,-0.04207942879274029,0.49907311271609966,1.0209861875199464,0.02191780821917809,15.987124209897656,0.0471575183283226,-0.01436045806624453
BTC,delay_stress,simple_linear,2024,-0.03367826962867393,-0.3784144982180914,0.08153895946840385,-0.10709255408261142,-0.3144781625312105,0.9662537560048746,0.013661202185792353,9.964482803458466,0.02878994589367232,-0.062226569399912335
BTC,delay_stress,simple_linear,2025,0.05449599518579551,0.7461214725359664,0.07472152248483536,-0.05390259318626378,1.0110087838906228,1.0543045182536184,0.016483516483516487,12.023287758024667,0.037408724344825235,-0.032769716696793405
ETH,delay_stress,simple_linear,full,0.03218492634132586,0.4782273368580271,0.07134646770438079,-0.09055140379137061,0.35543266027636145,1.209278250659837,0.014148790506617987,10.320135309856868,0.2000749175015819,-0.03584146443351499
ETH,delay_stress,simple_linear,2020_2022,0.03603504811753644,0.5207873283547501,0.07294179919669704,-0.0821670841665868,0.43855819496379395,1.1120744567866874,0.01277372262773723,9.317036313292773,0.08725286142646695,-0.03584146443351499
ETH,delay_stress,simple_linear,2023_end,0.028345615915213562,0.43370239517153314,0.06974590476168542,-0.06738998810322805,0.42062058049029066,1.0874076310987464,0.015525114155251147,11.324150378563942,0.10145189055156577,-0.02688632902187338
ETH,delay_stress,simple_linear,2020,0.058061994766996916,0.793018988167216,0.07452561694602503,-0.05698046724450723,1.018980671356182,1.0581846217588766,0.013661202185792353,9.96465800516761,0.029412671064304195,-0.023128002983007434
ETH,delay_stress,simple_linear,2021,-0.01695089376376313,-0.17018211010397727,0.0812776336084231,-0.08186501619907183,-0.20705906565196913,0.9830606096633331,0.010958904109589041,7.993297013132033,0.023287500462164715,-0.03584146443351499
ETH,delay_stress,simple_linear,2022,0.06908437619082153,1.1106690025652777,0.06179646669224429,-0.03624539345328415,1.9060181062694985,1.0690354946443863,0.013698630136986304,9.99137961557354,0.03191291373297818,-0.018139745705884835
ETH,delay_stress,simple_linear,2023,-0.03676235923285953,-0.952655348323401,0.03850643516781923,-0.04549940102341676,-0.807974575620004,0.963262335257201,0.021917808219178086,15.987035720785627,0.046798789548641175,-0.02688632902187338
ETH,delay_stress,simple_linear,2024,0.00617177685418957,0.17259103103146325,0.04032107598027837,-0.05477847028181004,0.11266792998122467,1.0061844890150022,0.013661202185792351,9.96448194786915,0.03001552090513453,-0.02309178708576154
ETH,delay_stress,simple_linear,2025,0.12238480890776904,1.1261832278010573,0.10724990992026308,-0.04035949625030388,3.0323671075762633,1.1219414134836232,0.01098901098901099,8.015594048133662,0.026557737477769027,-0.008476076282892042
MIX,delay_stress,simple_linear,full,0.01623795604144007,0.32889590125126117,0.053203236829278806,-0.08181694241267867,0.19846691360741653,1.101445196613985,0.014626198122488415,10.676069974222203,0.19402185119819806,-0.029655784141501385
MIX,delay_stress,simple_linear,2020_2022,0.011102738810858215,0.2299921088229894,0.05436435567989262,-0.08181694241267867,0.13570219667775915,1.0336872095992564,0.01286080807525176,9.388399805582255,0.0834183045250937,-0.02695809181108877
MIX,delay_stress,simple_linear,2023_end,0.021403979633299874,0.43232940865047453,0.05203865709037819,-0.05985868609729983,0.35757516625921043,1.0655497972553973,0.01639320039807871,11.964916097354061,0.10699904733849185,-0.029655784141501385
MIX,delay_stress,simple_linear,2020,-0.015948505609174157,-0.21758175620493636,0.06433561324821324,-0.08181694241267867,-0.19492913251061206,0.9840190089996197,0.017687248302612597,12.934702297477598,0.037820827531123244,-0.02695809181108877
MIX,delay_stress,simple_linear,2021,-0.010645658535799019,-0.2137653942542128,0.04527917332825525,-0.04665008713685603,-0.2282023290667851,0.9893615891234356,0.008473138362999398,6.159363704153787,0.018059036418866914,-0.019057212863514028
MIX,delay_stress,simple_linear,2022,0.06181397816791545,1.1832660048775334,0.051772045699673135,-0.03876974861697735,1.5943868705108648,1.0617703881861855,0.01240881443623271,9.061417517877311,0.028583045990912756,-0.01117320611666106
MIX,delay_stress,simple_linear,2023,-0.010071273749394316,-0.23675745297135276,0.039478057196309715,-0.03920600668837648,-0.25688088637653006,0.9899355848557159,0.021951247139317585,16.014305317834832,0.04696455226030255,-0.01447897716167712
MIX,delay_stress,simple_linear,2024,-0.01281944720376027,-0.25283515414383223,0.04666416944806215,-0.055676269031624814,-0.23024975320236823,0.9871543992932001,0.01367035891948982,9.986435955107957,0.029431439405227952,-0.029655784141501385
MIX,delay_stress,simple_linear,2025,0.09071374894193784,1.3418324209714407,0.06626350395273076,-0.026019037156120084,3.4864375802084804,1.0903896725905478,0.013557686443714266,9.893753093471075,0.03161958315976364,-0.01576711181288315
BTC,delay_stress,core_label,full,-0.006386750084441228,-0.05237201854106869,0.07241907801195017,-0.1585412569504494,-0.040284467319679114,0.9622946129245691,0.014148790506617985,10.32026180223547,0.17909837914021132,-0.062226569399912224
BTC,delay_stress,core_label,2020_2022,-0.00240670438087931,0.008865734597782822,0.07908990945739038,-0.1585412569504494,-0.015180303393403162,0.9927956121910161,0.01277372262773723,9.317299442451846,0.08009781180854182,-0.0551360808685486
BTC,delay_stress,core_label,2023_end,-0.010354529813807245,-0.1273605311172218,0.0650967823885172,-0.1094025320330595,-0.09464616240032078,0.9692776651186704,0.015525114155251141,11.324140109379627,0.09971898154664847,-0.062226569399912224
BTC,delay_stress,core_label,2020,-0.10179214991560215,-1.0586732799314005,0.09684475476638106,-0.1585412569504494,-0.6420546416344884,0.8980098718926014,0.021857923497267766,15.943488000601658,0.04603198486738577,-0.0551360808685486
BTC,delay_stress,core_label,2021,-0.0019945379891618265,-0.0733075624297593,0.023464366126890145,-0.04857339453536691,-0.0410623553951861,0.9980068258362563,0.002739726027397261,1.9983767874458822,0.005994056485449665,-0.01740691177393061
BTC,delay_stress,core_label,2022,0.1078364965398706,1.1366037070393573,0.09381762198255197,-0.05096243184962168,2.1159998184166544,1.1077588452982747,0.013698630136986304,9.991879598052796,0.03200453641569458,-0.024633325761431735
BTC,delay_stress,core_label,2023,0.021000711508908365,0.32486157099187496,0.0714994756708684,-0.04207942879274029,0.49907311271609966,1.0209861875199464,0.02191780821917809,15.987124209897654,0.0471575183283226,-0.01436045806624453
BTC,delay_stress,core_label,2024,-0.06442640329994609,-0.7538074081468844,0.08355879174410813,-0.10709255408261131,-0.6015955437036966,0.9354456691861315,0.013661202185792353,9.964502523623526,0.02884653698987168,-0.062226569399912224
BTC,delay_stress,core_label,2025,0.014919931848872636,0.6105204956209109,0.02473539161331503,-0.02547191357200007,0.5857405179512437,1.0148684934378975,0.010989010989010992,8.015453734922618,0.024196525300921874,-0.007271669927999436
ETH,delay_stress,core_label,full,-0.004432595783813276,0.0038418078598984598,0.09799346335417117,-0.26363966348092693,-0.01681308390887835,0.9737033292767316,0.0178000912825194,12.983366325585553,0.22770838005140437,-0.10760787757764412
ETH,delay_stress,core_label,2020_2022,-0.02650405199623762,-0.16466019669422177,0.11910027872294034,-0.2242611287333668,-0.11818388744377262,0.9225596580353742,0.02007299270072993,14.641084230865085,0.13442647338891522,-0.10760787757764412
ETH,delay_stress,core_label,2023_end,0.018160118281836057,0.2875894205404399,0.07087281884689847,-0.07608037542225199,0.2386964861969462,1.055436708938986,0.015525114155251143,11.324134522675624,0.10111205909559984,-0.02688632902187349
ETH,delay_stress,core_label,2020,0.1225920102104332,1.3549806090052083,0.0880787754586742,-0.05975477766399506,2.051585078263966,1.122858606304699,0.01639344262295082,11.957632858364372,0.037394270025563864,-0.023128002983007434
ETH,delay_stress,core_label,2021,-0.023436308062341427,-0.18023430933056866,0.10256383535422171,-0.09959105264723289,-0.2353254377715687,0.9765795438848327,0.016438356164383564,11.989986593211542,0.034845920698680234,-0.04434410161234181
ETH,delay_stress,core_label,2022,-0.15877849083681517,-1.027598853123885,0.1557742478265016,-0.19954122637780514,-0.795717725700397,0.8413210683892777,0.02739726027397261,19.982985162587838,0.05280615929850315,-0.10760787757764412
ETH,delay_stress,core_label,2023,-0.03676235923285931,-0.9526553483234054,0.03850643516781917,-0.045499401023416874,-0.8079745756199971,0.9632623352572012,0.021917808219178082,15.987035720785626,0.046798789548641175,-0.02688632902187349
ETH,delay_stress,core_label,2024,-0.018169178412133058,-0.5359561611848523,0.03315836420054882,-0.06358637614894203,-0.28574011466818533,0.9817938549120446,0.010928961748633882,7.971565206290607,0.023747202197829873,-0.02309178708576154
ETH,delay_stress,core_label,2025,0.11642871763173868,1.0369344020150266,0.11183737267428812,-0.053106583493216286,2.192359402043082,1.1160079967324057,0.01373626373626374,10.019413183353553,0.0332427320045612,-0.024592180481433745
MIX,delay_stress,core_label,full,-0.0054072739223902655,-0.05113002868771535,0.06482621090748683,-0.14412936099488538,-0.037516810489308626,0.9679989711006504,0.016101292778107085,11.753778156436374,0.20340337959580784,-0.05935679398460425
MIX,delay_stress,core_label,2020_2022,-0.014308049994226857,-0.14711166771016884,0.07740656802228063,-0.14375956742677531,-0.09952763666678906,0.9576776351131951,0.016642348477770023,12.150087165028628,0.10726214259872854,-0.05935679398460425
MIX,delay_stress,core_label,2023_end,0.0035821148745640574,0.09697691823943415,0.04914210322198817,-0.06620064082049848,0.05410997280640953,1.010777463740432,0.015559742963649934,11.357107221808873,0.10038997828921385,-0.0331571443169002
MIX,delay_stress,core_label,2020,0.010412746525147787,0.18785108675354822,0.06703121761963779,-0.08533396833421691,0.1220234653141347,1.0104342390986503,0.01894833490698468,13.855596960866396,0.04171312744647482,-0.026847381668056225
MIX,delay_stress,core_label,2021,-0.013908304705130159,-0.1917055632695537,0.06277541288417585,-0.06403449330329503,-0.2172001992622073,0.9861011485453048,0.01029096788640409,7.493817771230029,0.022025067107506378,-0.03206914637936231
MIX,delay_stress,core_label,2022,-0.038879061168439866,-0.35548396917031605,0.0978536835680188,-0.10750070962554692,-0.36166329788766793,0.9611470263044826,0.020681424868882362,15.096174133411825,0.043450975446422256,-0.05935679398460425
MIX,delay_stress,core_label,2023,-0.0068220271129028065,-0.14259009138854703,0.04191804288380746,-0.03950648783926525,-0.17268118443377387,0.9931826263572655,0.021951327287720427,16.01437728979729,0.046984731219082435,-0.012966661171952665
MIX,delay_stress,core_label,2024,-0.042816559424457945,-0.8648845106096306,0.04915406229642212,-0.06620064082049848,-0.6467695613484176,0.9570974350746566,0.012363604278001272,9.03075429913495,0.026464359535128927,-0.0331571443169002
MIX,delay_stress,core_label,2025,0.06355969696346819,1.1382369519705786,0.0554154539817595,-0.02732041523361739,2.326454280433442,1.0633354285872605,0.012364299229203997,9.026177537421185,0.028531546725501362,-0.012651323773043122
BTC,delay_stress,split_absolute,full,-0.011028200400622024,-0.12284143663894781,0.0702203419922482,-0.1585412569504494,-0.06956044510274562,0.9356427148489056,0.013235965312642631,9.654445918846024,0.16498658604015756,-0.062226569399912335
BTC,delay_stress,split_absolute,2020_2022,-0.011700798371381715,-0.11944564736094901,0.07502047128922538,-0.1585412569504494,-0.07380286113814961,0.9652989525291016,0.010948905109489052,7.9862751719169225,0.06872795760590901,-0.0551360808685486
BTC,delay_stress,split_absolute,2023_end,-0.010354529813807245,-0.12736053111722292,0.0650967823885172,-0.10940253203305961,-0.09464616240032069,0.9692776651186702,0.015525114155251147,11.324140109379627,0.09971898154664843,-0.062226569399912335
BTC,delay_stress,split_absolute,2020,-0.10179214991560215,-1.0586732799314005,0.09684475476638106,-0.1585412569504494,-0.6420546416344884,0.8980098718926014,0.021857923497267766,15.943488000601658,0.04603198486738577,-0.0551360808685486
BTC,delay_stress,split_absolute,2021,0.0,,0.0,0.0,,1.0,0.0,0.0,0.0,0.0
BTC,delay_stress,split_absolute,2022,0.07498453801979799,0.8774908237953152,0.08649742114508702,-0.05096243184962157,1.4713689142829787,1.0749313373300509,0.010958904109589041,7.993536932056828,0.025273633897465207,-0.024633325761431624
BTC,delay_stress,split_absolute,2023,0.021000711508908365,0.324861570991875,0.07149947567086838,-0.0420794287927404,0.49907311271609833,1.0209861875199464,0.02191780821917809,15.987124209897653,0.0471575183283226,-0.01436045806624442
BTC,delay_stress,split_absolute,2024,-0.06442640329994642,-0.7538074081468894,0.08355879174410816,-0.10709255408261142,-0.6015955437036992,0.9354456691861311,0.013661202185792353,9.964502523623528,0.028846536989871677,-0.062226569399912335
BTC,delay_stress,split_absolute,2025,0.014919931848872636,0.6105204956209205,0.024735391613315005,-0.02547191357199996,0.5857405179512463,1.0148684934378975,0.01098901098901099,8.015453734922618,0.02419652530092187,-0.007271669927999325
ETH,delay_stress,split_absolute,full,-0.0089325989384621,-0.043015793242384484,0.09752991993174889,-0.2636396634809268,-0.03388184774825558,0.9475987557943857,0.017343678685531726,12.65041872857726,0.2162358979534581,-0.1076078775776439
ETH,delay_stress,split_absolute,2020_2022,-0.03528065375120437,-0.24296445887716406,0.1183321295685077,-0.22426112873336668,-0.15731952278342004,0.8978262246980133,0.019160583941605844,13.975492821152343,0.12545483966421328,-0.1076078775776439
ETH,delay_stress,split_absolute,2023_end,0.018160118281836057,0.28758942054043873,0.07087281884689849,-0.0760803754222521,0.23869648619694586,1.055436708938986,0.015525114155251147,11.324134522675624,0.10111205909559982,-0.0268863290218736
ETH,delay_stress,split_absolute,2020,0.09255663438088146,1.0816862138309578,0.08503084751761127,-0.05975477766399506,1.548941155824114,1.0927552430756353,0.013661202185792353,9.964495740754634,0.031024028538818096,-0.023128002983007434
ETH,delay_stress,split_absolute,2021,-0.023436308062341094,-0.18023430933056656,0.10256383535422167,-0.09959105264723289,-0.23532543777156537,0.976579543884833,0.01643835616438356,11.989986593211542,0.03484592069868024,-0.0443441016123417
ETH,delay_stress,split_absolute,2022,-0.15877849083681506,-1.0275988531238827,0.15577424782650143,-0.19954122637780514,-0.7957177257003964,0.8413210683892778,0.027397260273972608,19.982985162587838,0.052806159298503165,-0.1076078775776439
ETH,delay_stress,split_absolute,2023,-0.03676235923285931,-0.9526553483234069,0.03850643516781922,-0.045499401023416874,-0.8079745756199971,0.9632623352572012,0.02191780821917809,15.987035720785626,0.04679878954864116,-0.0268863290218736
ETH,delay_stress,split_absolute,2024,-0.01816917841213317,-0.5359561611848569,0.03315836420054896,-0.06358637614894203,-0.28574011466818705,0.9817938549120445,0.010928961748633882,7.971565206290607,0.02374720219782987,-0.02309178708576176
ETH,delay_stress,split_absolute,2025,0.11642871763173868,1.0369344020150277,0.11183737267428812,-0.053106583493216286,2.192359402043082,1.1160079967324057,0.013736263736263736,10.019413183353553,0.0332427320045612,-0.024592180481433634
MIX,delay_stress,split_absolute,full,-0.009977628059425703,-0.1279225698358622,0.06286964563722588,-0.16747415964200862,-0.059577119722551815,0.9416207353216457,0.0153927069707591,11.235057358817926,0.19061124199680785,-0.05857928887889641
MIX,delay_stress,split_absolute,2020_2022,-0.023348351900132847,-0.28129749263111764,0.07410428442984457,-0.1544536064789922,-0.1511674115768125,0.9315625886135575,0.015225822568260316,11.113118115094492,0.09709139863506117,-0.05857928887889641
MIX,delay_stress,split_absolute,2023_end,0.0035886082552480936,0.09710715716032703,0.04914311593880632,-0.0661995148938791,0.05420898115342385,1.0107970702463027,0.015559743779104919,11.357107962581289,0.10039029530042856,-0.033143025862550024
MIX,delay_stress,split_absolute,2020,-0.004608002377505804,-0.03713946514551354,0.06591901624529725,-0.09866005079944085,-0.04670585855335806,0.9953825574841184,0.017553327451893575,12.83842109643545,0.03852800670310194,-0.026847381668056225
MIX,delay_stress,split_absolute,2021,-0.012864522346616836,-0.20650272515447618,0.05529773727289767,-0.05486192398335343,-0.23448908482539318,0.9871442260954628,0.008931669115668027,6.486960490313646,0.019127350714043524,-0.024009257472399015
MIX,delay_stress,split_absolute,2022,-0.051962445807363755,-0.5106817956496643,0.09540015198170738,-0.10610723356063434,-0.48971633755459404,0.9480721806886481,0.01918609441151076,14.009245901051258,0.04022483004316712,-0.05857928887889641
MIX,delay_stress,split_absolute,2023,-0.006835171791240491,-0.14295173795227178,0.04190747910765277,-0.039505272257899016,-0.173019230107288,0.9931694906143639,0.021951328675381493,16.014378392706455,0.046984649586120725,-0.012972780010443441
MIX,delay_stress,split_absolute,2024,-0.04280606418885091,-0.8649312775395372,0.049139574646198655,-0.0661995148938791,-0.6466220221926252,0.9571079509162124,0.01236298357410722,9.030301964692558,0.02646320255787351,-0.033143025862550024
MIX,delay_stress,split_absolute,2025,0.06358278751774993,1.1381666826119912,0.05543903742093793,-0.02733250607366522,2.326269949282541,1.063358435265227,0.012364924405171425,9.026633479701033,0.028533604508639177,-0.012656922704495144
BTC,delay_stress,priority_relative,full,-0.005202237244945396,-0.09634452793285522,0.04406751841667336,-0.13360940281558287,-0.03893616119313018,0.9691966408881538,0.010041077133728893,7.324078537388746,0.12598932461643,-0.04556437150149173
BTC,delay_stress,priority_relative,2020_2022,-0.012049231507326175,-0.17354656373472802,0.059611531240317074,-0.13360940281558287,-0.09018251151049134,0.9642781070870756,0.011861313868613143,8.65175709659318,0.0743019557272716,-0.04556437150149173
BTC,delay_stress,priority_relative,2023_end,0.0016985282082131459,0.10229807222448355,0.018178430547195833,-0.04215076429409215,0.04029649845403187,1.0051007419591182,0.008219178082191782,5.995187486349421,0.053602138749470715,-0.008384843421861632
BTC,delay_stress,priority_relative,2020,-0.08143537415363955,-1.1485063743727006,0.0716560489026973,-0.12897836139062913,-0.6313878799173224,0.9184044228771588,0.019125683060109297,13.950577874985491,0.04063371580585436,-0.04556437150149173
BTC,delay_stress,priority_relative,2021,-0.003312461287838686,-0.09987510419195351,0.0289942633130113,-0.04857339453536669,-0.0681949721555255,0.9966898022116654,0.005479452054794522,3.996753574891764,0.011978188373567802,-0.01740691177393061
BTC,delay_stress,priority_relative,2022,0.05347397325234615,0.7949878356780936,0.0683711514201396,-0.06156582334742844,0.8685658754302962,1.05343641137448,0.010958904109589041,7.993422522701213,0.024763275322983464,-0.024633325761431513
BTC,delay_stress,priority_relative,2023,-0.013957449961463197,-1.1921513482501784,0.011724248924065676,-0.022399748325148572,-0.6231074456221875,0.9860520364554162,0.008219178082191783,5.995195281584338,0.017841386982609984,-0.008384843421861632
BTC,delay_stress,priority_relative,2024,-0.008202869284502645,-1.3917893272330901,0.005901432547299701,-0.008219643543844524,-0.9979592473502771,0.9917803564561555,0.002732240437158471,1.9929366209592903,0.005975320870464407,-0.004858280408982285
BTC,delay_stress,priority_relative,2025,0.027862691358817138,0.97306660513509,0.028639704155327947,-0.02547191357199985,1.0938593710307405,1.02776602478749,0.013736263736263736,10.019420924459427,0.03054232307708006,-0.007271669927999214
ETH,delay_stress,priority_relative,full,0.003000799189498471,0.08368840480506895,0.05136023116836629,-0.12346576714510749,0.024304706145564025,1.0181362326056969,0.009584664536741215,6.991047704936779,0.12530851961956369,-0.0358414644335151
ETH,delay_stress,priority_relative,2020_2022,0.014504815346506605,0.25411669023401007,0.06476039099831815,-0.12346576714510749,0.11748046184704228,1.0441589586098938,0.010036496350364965,7.320545912069105,0.06413671070248678,-0.0358414644335151
ETH,delay_stress,priority_relative,2023_end,-0.008383094385970735,-0.23929249544636863,0.032894003503161795,-0.0531065834932164,-0.15785414603147188,0.9750778118699077,0.0091324200913242,6.661248586199766,0.0585847666321955,-0.026886329021873268
ETH,delay_stress,priority_relative,2020,-0.04004341479930296,-1.2311552446465424,0.03273125615596806,-0.05698046724450723,-0.7027568697791442,0.959876032612863,0.008196721311475414,5.9787711782190875,0.017439583633439365,-0.023128002983007434
ETH,delay_stress,priority_relative,2021,0.02406290025227431,0.300649890728062,0.09323987092572755,-0.09402768563685537,0.2559129270203216,1.0240462336410037,0.016438356164383567,11.990027133343892,0.03584761507685186,-0.0358414644335151
ETH,delay_stress,priority_relative,2022,0.062306585079497934,1.160813171971217,0.053230167530711754,-0.026361399115530038,2.363553801011717,1.0622626376397297,0.005479452054794521,3.9965155198055697,0.012500908056564558,-0.016432469005093098
ETH,delay_stress,priority_relative,2023,-0.038939148341172736,-1.0607889878715782,0.03677335218993934,-0.041661557119395565,-0.9346541760208139,0.9610869786280779,0.0136986301369863,9.99185064314488,0.029278628680605632,-0.026886329021873268
ETH,delay_stress,priority_relative,2024,0.003512521831864124,0.3188255398290412,0.01118528957319203,-0.025693174483099157,0.13671030935374076,1.0035197470807218,0.002732240437158471,1.9928153413912588,0.006010645014771026,-0.00591761978269556
ETH,delay_stress,priority_relative,2025,0.011036820038502704,0.28129804481173676,0.04213127732853943,-0.0531065834932164,0.2078239516182113,1.0109988416180269,0.01098901098901099,8.015580500526541,0.02439618765536813,-0.024592180481433967
MIX,delay_stress,priority_relative,full,-0.0010586318057264066,-0.011972168314582443,0.03561701263107011,-0.12294946819715535,-0.008610299997628619,0.9936664367469253,0.009834994977284201,7.175360340587602,0.12564892211799686,-0.02695809181108877
MIX,delay_stress,priority_relative,2020_2022,0.001403884374880704,0.053281663766054775,0.04659578778433713,-0.12294946819715535,0.011418385093211693,1.0042185328484847,0.010960644968930613,7.995877627158945,0.06921933321487919,-0.02695809181108877
MIX,delay_stress,priority_relative,2023_end,-0.0035173330816506976,-0.17442680341044595,0.019138019487937346,-0.03734143712943483,-0.09419383269740624,0.9894922312660093,0.008708316994777835,6.354093723160942,0.056192538832214214,-0.013948049322483058
MIX,delay_stress,priority_relative,2020,-0.06073892624354127,-1.3730145370969171,0.04486607153257214,-0.08531293460179135,-0.71195448295206,0.9391402277450109,0.013623151527559904,9.954036283220335,0.029036649719646864,-0.02695809181108877
MIX,delay_stress,priority_relative,2021,0.010677374053945199,0.23007918843716535,0.051922590291453886,-0.049208550786302485,0.21698208712371417,1.0106700269380033,0.011168404133767771,8.12841483803233,0.024176414968389306,-0.018101226463748343
MIX,delay_stress,priority_relative,2022,0.05804752327017826,1.3511567510108473,0.042392666979637686,-0.02977595904125685,1.9494761928490367,1.0580066612279757,0.008083084706947373,5.899816941988391,0.01841378002129295,-0.0117239833512911
MIX,delay_stress,priority_relative,2023,-0.026945148013900577,-1.3728678324346628,0.019739755644928747,-0.02836822917718329,-0.9498353896397839,0.9730730443685601,0.011061798240277776,8.070849600902614,0.023787452500278854,-0.013948049322483058
MIX,delay_stress,priority_relative,2024,-0.0021871857451096766,-0.33600015484380813,0.006450449634602869,-0.01343544240182215,-0.16279223859521325,0.9978083280388798,0.0027434032674974436,1.9973189177704977,0.005993459200201792,-0.003064757181601041
MIX,delay_stress,priority_relative,2025,0.01917332844533104,0.7470259950489747,0.02585147483943044,-0.027817221507859813,0.6892610910084451,1.0191070883902817,0.012346058119989775,9.013334611614765,0.027368325681849336,-0.012881380928989605
BTC,delay_stress,split_relative,full,-0.005202237244945396,-0.09634452793285522,0.04406751841667336,-0.13360940281558287,-0.03893616119313018,0.9691966408881538,0.010041077133728893,7.324078537388746,0.12598932461643,-0.04556437150149173
BTC,delay_stress,split_relative,2020_2022,-0.012049231507326175,-0.17354656373472802,0.059611531240317074,-0.13360940281558287,-0.09018251151049134,0.9642781070870756,0.011861313868613143,8.65175709659318,0.0743019557272716,-0.04556437150149173
BTC,delay_stress,split_relative,2023_end,0.0016985282082131459,0.10229807222448355,0.018178430547195833,-0.04215076429409215,0.04029649845403187,1.0051007419591182,0.008219178082191782,5.995187486349421,0.053602138749470715,-0.008384843421861632
BTC,delay_stress,split_relative,2020,-0.08143537415363955,-1.1485063743727006,0.0716560489026973,-0.12897836139062913,-0.6313878799173224,0.9184044228771588,0.019125683060109297,13.950577874985491,0.04063371580585436,-0.04556437150149173
BTC,delay_stress,split_relative,2021,-0.003312461287838686,-0.09987510419195351,0.0289942633130113,-0.04857339453536669,-0.0681949721555255,0.9966898022116654,0.005479452054794522,3.996753574891764,0.011978188373567802,-0.01740691177393061
BTC,delay_stress,split_relative,2022,0.05347397325234615,0.7949878356780936,0.0683711514201396,-0.06156582334742844,0.8685658754302962,1.05343641137448,0.010958904109589041,7.993422522701213,0.024763275322983464,-0.024633325761431513
BTC,delay_stress,split_relative,2023,-0.013957449961463197,-1.1921513482501784,0.011724248924065676,-0.022399748325148572,-0.6231074456221875,0.9860520364554162,0.008219178082191783,5.995195281584338,0.017841386982609984,-0.008384843421861632
BTC,delay_stress,split_relative,2024,-0.008202869284502645,-1.3917893272330901,0.005901432547299701,-0.008219643543844524,-0.9979592473502771,0.9917803564561555,0.002732240437158471,1.9929366209592903,0.005975320870464407,-0.004858280408982285
BTC,delay_stress,split_relative,2025,0.027862691358817138,0.97306660513509,0.028639704155327947,-0.02547191357199985,1.0938593710307405,1.02776602478749,0.013736263736263736,10.019420924459427,0.03054232307708006,-0.007271669927999214
ETH,delay_stress,split_relative,full,-0.003311719688867343,-0.02075195041669434,0.06342816762123768,-0.17940344706349165,-0.018459621278599573,0.9802979210962612,0.010953902327704249,7.98977274212339,0.1363633497525029,-0.04434410161234181
ETH,delay_stress,split_relative,2020_2022,-0.0012354019105336178,0.0266913890718527,0.08360088204887262,-0.17940344706349165,-0.006886165961439992,0.9962975280596141,0.013686131386861318,9.982601780045906,0.08385076140374251,-0.04434410161234181
ETH,delay_stress,split_relative,2023_end,-0.0053856113078021295,-0.14963161354947083,0.03252775149023868,-0.053106583493216175,-0.10141136848861848,0.9839409347983492,0.008219178082191783,5.995123769006423,0.0527077372670328,-0.02688632902187338
ETH,delay_stress,split_relative,2020,-0.04004341479930296,-1.2311552446465424,0.03273125615596806,-0.05698046724450723,-0.7027568697791442,0.959876032612863,0.008196721311475414,5.9787711782190875,0.017439583633439365,-0.023128002983007434
ETH,delay_stress,split_relative,2021,-0.0030612407957597565,0.04050486639720332,0.12949532778476253,-0.15423941618495407,-0.019847331320866204,0.9969408513011716,0.024657534246575352,17.985103361801535,0.05043384067018454,-0.04434410161234181
ETH,delay_stress,split_relative,2022,0.04115766818331501,0.7432634789286805,0.05632303464365036,-0.026361399115530038,1.5612854235444653,1.0411289257610834,0.00821917808219178,5.994900199026213,0.018810949333731584,-0.018139745705884724
ETH,delay_stress,split_relative,2023,-0.03893914834117296,-1.0607889878715826,0.036773352189939386,-0.041661557119395676,-0.9346541760208168,0.9610869786280777,0.013698630136986304,9.991850643144883,0.029278628680605632,-0.02688632902187338
ETH,delay_stress,split_relative,2024,0.003512521831864124,0.3188255398290557,0.011185289573192215,-0.025693174483099046,0.13671030935374134,1.0035197470807218,0.002732240437158471,1.9928153413912586,0.006010645014771026,-0.00591761978269556
ETH,delay_stress,split_relative,2025,0.02025850050030531,0.5063677208310867,0.04125170096968851,-0.053106583493216175,0.38146872134776144,1.020188474388553,0.008241758241758244,6.01171600924437,0.018302653572236583,-0.024592180481433523
MIX,delay_stress,split_relative,full,-0.004254735756479944,-0.08282314751738372,0.041211921478068736,-0.15030987747137203,-0.02830642821387636,0.9747472809922075,0.010475572330514262,7.645464694565454,0.13117633718446645,-0.030557357515903272
MIX,delay_stress,split_relative,2020_2022,-0.00661287729729132,-0.09259300865091706,0.05519608356351831,-0.15030987747137203,-0.043994961665448806,0.9802878175733449,0.012717952845756946,9.283345941531506,0.07907635856550704,-0.030557357515903272
MIX,delay_stress,split_relative,2023_end,-0.0018888351376626922,-0.0915613271112773,0.018722756801664315,-0.03734366362871566,-0.050579802679302725,0.994348051172509,0.008231143979184598,6.006087665638699,0.0531476344854824,-0.013632890410460452
MIX,delay_stress,split_relative,2020,-0.06073892624354127,-1.3730145370969171,0.04486607153257214,-0.08531293460179135,-0.71195448295206,0.9391402277450109,0.013623151527559904,9.954036283220335,0.029036649719646864,-0.02695809181108877
MIX,delay_stress,split_relative,2021,-0.003184077628000548,-0.008101309841742845,0.07233042262666757,-0.0802058330054104,-0.039698828734635316,0.9968180982833846,0.0149931468851284,10.935192375658568,0.031630556501087995,-0.030557357515903272
MIX,delay_stress,split_relative,2022,0.047179063932000886,1.0789316492887728,0.04357105953692259,-0.03018855722610314,1.562812809457703,1.0471460220883813,0.009535080128194035,6.958971657930166,0.021721025361756442,-0.011888897772897145
MIX,delay_stress,split_relative,2023,-0.026652350075332842,-1.3842540299672812,0.019365510649403787,-0.02804342851626973,-0.9503955645034687,0.9733656473381803,0.01099756788970664,8.024003541808087,0.02365340230467168,-0.013632890410460452
MIX,delay_stress,split_relative,2024,-0.0023245722043422345,-0.36221608968250735,0.006364979148886374,-0.013134419279029474,-0.17698324950336147,0.9976706601103548,0.0027434149808145754,1.997324283672664,0.0059930449536766415,-0.002995385356099778
MIX,delay_stress,split_relative,2025,0.024024853750133968,0.9532352992473244,0.025221082935817447,-0.02719509779193774,0.8834259002832627,1.0239416566962087,0.010975001358478237,8.013417618929203,0.024364996759498964,-0.012593292754277785
BTC,delay_stress,full_linear,full,0.012125856431553839,0.20476400065544578,0.07106569536884683,-0.11511833255912929,0.10533384355029225,1.0749789323943881,0.015061615700593339,10.985989537459098,0.20396160666584512,-0.06222656939991211
BTC,delay_stress,full_linear,2020_2022,0.01637327925626919,0.2967556340527845,0.06091647350985351,-0.06932137198312227,0.23619381422882985,1.0499401512265638,0.009124087591240875,6.655090655260074,0.06160692761742899,-0.0551360808685486
BTC,delay_stress,full_linear,2023_end,0.00789232895703429,0.1378329737361448,0.07997263231702834,-0.11511833255912929,0.06855840231164294,1.0238478175528134,0.021004566210045667,15.320843578454644,0.13558361291556875,-0.06222656939991211
BTC,delay_stress,full_linear,2020,-0.0033121197640864075,-0.0009027579903205083,0.08040669889410025,-0.06932137198312227,-0.04777920097849206,0.9966810904671934,0.01639344262295082,11.957322779724313,0.03692583936497848,-0.0551360808685486
BTC,delay_stress,full_linear,2021,0.0,,0.0,0.0,,1.0,0.0,0.0,0.0,0.0
BTC,delay_stress,full_linear,2022,0.05347397325234615,0.7949878356780878,0.06837115142013982,-0.06156582334742844,0.8685658754302962,1.05343641137448,0.010958904109589041,7.993422522701214,0.024763275322983464,-0.024633325761431735
BTC,delay_stress,full_linear,2023,0.021000711508908143,0.324861570991877,0.07149947567086862,-0.042079428792740514,0.4990731127160917,1.0209861875199462,0.021917808219178086,15.987124209897654,0.04715751832832261,-0.01436045806624453
BTC,delay_stress,full_linear,2024,-0.06165761531738789,-0.6471876225458871,0.09167514267907513,-0.11282317990704449,-0.5464977619686652,0.9382197716125035,0.021857923497267766,15.943207922283296,0.04529731856437323,-0.06222656939991211
BTC,delay_stress,full_linear,2025,0.06908009469259246,0.9229443207095589,0.07532980272510671,-0.05390259318626378,1.2815727520544675,1.068835724937385,0.019230769230769232,14.026948577581058,0.04403146767615191,-0.032769716696793516
ETH,delay_stress,full_linear,full,0.0407029884152299,0.4214466053639993,0.10828798826178429,-0.2164508681719718,0.188047240276676,1.2703900711663754,0.017343678685531723,12.650479315297115,0.244995242663233,-0.10760787757764412
ETH,delay_stress,full_linear,2020_2022,0.013257676242798722,0.1782072250749018,0.10619127379814573,-0.2164508681719718,0.06125027981992385,1.0403120350345478,0.014598540145985406,10.648094202868323,0.09929958946821027,-0.10760787757764412
ETH,delay_stress,full_linear,2023_end,0.06891777909077224,0.6557090815240929,0.11037753762528472,-0.1452088326337423,0.47461148086358046,1.2211625246882651,0.02009132420091324,14.654693089929033,0.14004995452175492,-0.05025753925787113
ETH,delay_stress,full_linear,2020,0.058061994766996916,0.793018988167216,0.07452561694602503,-0.05698046724450723,1.018980671356182,1.0581846217588766,0.013661202185792353,9.96465800516761,0.029412671064304195,-0.023128002983007434
ETH,delay_stress,full_linear,2021,0.08841560419125316,1.091275617056477,0.08047400232376896,-0.049117781323994913,1.8000732485866693,1.0883524890427865,0.010958904109589045,7.9934556466061135,0.02515641192437602,-0.021857617294215315
ETH,delay_stress,full_linear,2022,-0.09676168796186024,-0.6109214427393554,0.14773988044541952,-0.17764161450141291,-0.5447016918498601,0.9033012310832406,0.019178082191780826,13.988041384770158,0.03756848282686923,-0.10760787757764412
ETH,delay_stress,full_linear,2023,-0.03676235923285964,-0.9526553483234054,0.038506435167819285,-0.045499401023416874,-0.8079745756200044,0.9632623352572008,0.021917808219178086,15.987035720785626,0.046798789548641175,-0.0268863290218736
ETH,delay_stress,full_linear,2024,0.12412238874066461,0.8506918750845993,0.14992389247374746,-0.1452088326337423,0.8547853907326447,1.1243924936264866,0.021857923497267763,15.943027574804981,0.05186188782837192,-0.05025753925787113
ETH,delay_stress,full_linear,2025,0.12795014330297083,1.1257553559719924,0.11216247057813859,-0.053106583493216286,2.409308505400557,1.1274854635496137,0.016483516483516484,12.023276931337671,0.039973376258406905,-0.024592180481433745
MIX,delay_stress,full_linear,full,0.026911054205506657,0.42393137532535036,0.06802908511191191,-0.11863082412556814,0.22684706444441366,1.1726845017803817,0.016268056411716067,11.872353885511263,0.22447842466453907,-0.05768570959158126
MIX,delay_stress,full_linear,2020_2022,0.014817869879307555,0.26113620543371524,0.06424418265293681,-0.11863082412556814,0.12490741751589927,1.045126093130556,0.011943714785999555,8.723503169892252,0.08045325854281962,-0.05768570959158126
MIX,delay_stress,full_linear,2023_end,0.03915959023648807,0.5710926388150338,0.07164137474629592,-0.11784563009767379,0.33229564986017296,1.1220507357803489,0.020596347207867027,15.024080263884263,0.13780649729097139,-0.041226836053469995
MIX,delay_stress,full_linear,2020,0.027375878712382784,0.5267515965436407,0.05398907219901743,-0.03990346503522968,0.6860526695667498,1.027432856113035,0.014967747473963532,10.948292088296922,0.03316925521464134,-0.028203316107360377
MIX,delay_stress,full_linear,2021,0.0455303318779936,1.0726840644141866,0.042301642266034216,-0.025864993949901383,1.760307076281655,1.045498469628905,0.005776335923999587,4.210531183812283,0.012954680239502515,-0.011837319293955595
MIX,delay_stress,full_linear,2022,-0.027065321932734254,-0.2680670995923234,0.08773039649540244,-0.09522892576441899,-0.2842132441952511,0.9729529504539627,0.015078775938972631,11.005590925462336,0.031627805113528806,-0.05768570959158126
MIX,delay_stress,full_linear,2023,-0.007748077540386866,-0.16845991030687363,0.04118697834735705,-0.03942084938017254,-0.19654770666316257,0.9922572051453817,0.0219513910760797,16.014427323392646,0.04697898012644018,-0.013397720426217674
MIX,delay_stress,full_linear,2024,0.02811127077644171,0.3395722819375332,0.09459037004357472,-0.11784563009767379,0.23854317511088272,1.0281697996318235,0.021923439428384844,15.991584961804785,0.048469014089065086,-0.041226836053469995
MIX,delay_stress,full_linear,2025,0.10018393167320072,1.4173942318714,0.06895713875176042,-0.030502104740156355,3.284492415413795,1.0998245014345522,0.017903196755649588,13.058191812896698,0.04188729293769278,-0.015936103111418465
BTC,delay_stress,boosted,full,-0.017851159836027142,-0.16951682423527822,0.08490390731271347,-0.23099669485662377,-0.07727885391220464,0.8975828735575297,0.01688726608854405,12.31771441386462,0.1966794255737388,-0.067291887277515
BTC,delay_stress,boosted,2020_2022,-0.042914516840311445,-0.44414286101918077,0.08957693876558007,-0.22379129279744092,-0.1917613339816328,0.8766760627599121,0.01277372262773723,9.317325330629146,0.077816517628154,-0.067291887277515
BTC,delay_stress,boosted,2023_end,0.007892328957034511,0.13783297373614722,0.0799726323170283,-0.1151183325591294,0.0685584023116448,1.023847817552814,0.021004566210045667,15.320843578454644,0.13558361291556878,-0.062226569399912335
BTC,delay_stress,boosted,2020,-0.08052747899944701,-0.8110634183789857,0.09750983806457407,-0.13857870856857757,-0.5810956086345463,0.9193140245478896,0.021857923497267766,15.943675609742812,0.04649182981048835,-0.0551360808685486
BTC,delay_stress,boosted,2021,-0.0013205572001793175,-0.06902673873923218,0.017032379134638044,-0.017910837978389327,-0.07372950398929753,0.9986803460753013,0.002739726027397261,1.998376787445882,0.005996083126088717,-0.01260075041770281
BTC,delay_stress,boosted,2022,-0.04515027762154855,-0.32594529844047987,0.11960548505029998,-0.11654179226020733,-0.38741705225143436,0.9548799181383629,0.013698630136986306,9.99176921037241,0.028114999085840742,-0.067291887277515
BTC,delay_stress,boosted,2023,0.021000711508908365,0.3248615709918812,0.0714994756708684,-0.04207942879274029,0.49907311271609966,1.0209861875199464,0.021917808219178086,15.987124209897656,0.04715751832832261,-0.01436045806624453
BTC,delay_stress,boosted,2024,-0.06165761531738789,-0.6471876225458859,0.0916751426790753,-0.1128231799070446,-0.5464977619686647,0.9382197716125035,0.021857923497267766,15.943207922283296,0.045297318564373225,-0.062226569399912335
BTC,delay_stress,boosted,2025,0.06908009469259313,0.9229443207095657,0.07532980272510653,-0.05390259318626378,1.28157275205448,1.0688357249373857,0.019230769230769232,14.026948577581056,0.04403146767615192,-0.032769716696793516
ETH,delay_stress,boosted,full,-0.023199177952996086,-0.21020501917293444,0.0915049752225982,-0.31955299737921006,-0.07259884320679952,0.8686604595439249,0.01506161570059334,10.986016207315,0.17664690283869938,-0.107607877577644
ETH,delay_stress,boosted,2020_2022,-0.05087077199338719,-0.4510529799001785,0.10343624593521326,-0.23298283452502344,-0.21834557939470614,0.8549889907179589,0.013686131386861316,9.9827197271967,0.08757924148280685,-0.107607877577644
ETH,delay_stress,boosted,2023_end,0.005305557044690712,0.10557189252243818,0.07777314682529023,-0.12164210503162709,0.043616123243767124,1.0159902279144972,0.016438356164383567,11.990228939926553,0.10417404472202602,-0.05025753925787102
ETH,delay_stress,boosted,2020,0.04650284289051121,0.7629116494097303,0.062020134475514514,-0.05975477766399506,0.7782280297652461,1.046600522436022,0.01366120218579235,9.964883149025589,0.030885147734486258,-0.023128002983007434
ETH,delay_stress,boosted,2021,0.006558592207834613,0.1219178092312386,0.07828344491776935,-0.054864246118890625,0.11954219135030429,1.0065540884171527,0.008219178082191782,5.995098863856747,0.017989889663961544,-0.037207375605118886
ETH,delay_stress,boosted,2022,-0.18851524757325067,-1.3255803371848864,0.14867689240445311,-0.19499241052296523,-0.9667824869063213,0.8116007845350329,0.01917808219178083,13.988226036045218,0.0359442831969706,-0.107607877577644
ETH,delay_stress,boosted,2023,-0.03676235923285909,-0.9526553483234051,0.03850643516781906,-0.04549940102341676,-0.8079745756199942,0.9632623352572014,0.02191780821917809,15.987035720785626,0.04679878954864118,-0.02688632902187338
ETH,delay_stress,boosted,2024,-0.05224321070984306,-0.7929185007628121,0.06491466385326608,-0.12092707039090844,-0.4320224623069246,0.9476523717813885,0.016393442622950824,11.957305409316596,0.034472758451067065,-0.05025753925787102
ETH,delay_stress,boosted,2025,0.1134111540472893,1.014476073878943,0.111622776798724,-0.03687229298168948,3.075782515169547,1.1130018795434868,0.010989010989010992,8.015546349788316,0.026476712943494133,-0.024592180481433634
MIX,delay_stress,boosted,full,-0.02050692420099065,-0.2495221588102983,0.07231678068443577,-0.2588360019875061,-0.07922748011685217,0.8831216665507273,0.016020688639781105,11.695139662365479,0.1866631642062191,-0.08883384670215633
MIX,delay_stress,boosted,2020_2022,-0.04687603491431158,-0.5326764143002496,0.08335499245811073,-0.20121801474920842,-0.23296142232958786,0.8658325267389355,0.013215975929693041,9.653283029465108,0.08269787955548044,-0.08883384670215633
MIX,delay_stress,boosted,2023_end,0.00661680100841977,0.1406882646850026,0.05925177910009973,-0.11101302021461412,0.059603828412450606,1.019968226276864,0.01882796273133957,13.738861004519643,0.12007551280420549,-0.04061290674265261
MIX,delay_stress,boosted,2020,-0.01700810158035615,-0.24734023332339963,0.06162323203605659,-0.07839999173047862,-0.21694009406054712,0.9829572734919558,0.01751657863230606,12.812504341725102,0.0386884887724873,-0.026847381668056225
MIX,delay_stress,boosted,2021,0.002874086727366887,0.08881780803979378,0.04222658292629943,-0.031007487485989915,0.09269008747211405,1.0028721166998948,0.0057044437151269325,4.151057473040152,0.012381266148307337,-0.019736289415097974
MIX,delay_stress,boosted,2022,-0.12175617211127043,-0.9851039723200281,0.12363382490035882,-0.14692647009117066,-0.82868779217059,0.8783218760438146,0.01641512296848829,11.987631872774564,0.03229840421592402,-0.08883384670215633
MIX,delay_stress,boosted,2023,-0.007519404232839921,-0.16199821279061205,0.041364987380304745,-0.039441996429859016,-0.19064461521900702,0.9924857231331667,0.021951381735836467,16.01442018952478,0.04698040026691384,-0.013291280378573855
MIX,delay_stress,boosted,2024,-0.0571462071794685,-0.8427847639157314,0.06706814089535265,-0.11101302021461412,-0.5147703131487777,0.94273987498298,0.019195879043244494,14.021121815893439,0.04011018778642734,-0.04061290674265261
MIX,delay_stress,boosted,2025,0.09043347204752528,1.3497212956806923,0.06566602753242351,-0.028811853801755105,3.138759229786749,1.0901104377605038,0.01532602507529953,11.173238588339181,0.03557539154843813,-0.017465151579157068
