date,asset,session,label,past_frequency,logistic,gbm,trend,rv60
2018-01-05 00:00:00+00:00,SPY,1031,0.0,0.07407407407407407,0.021814101903262575,0.02142209500740786,0.10933847371299232,0.059590805444599985
2018-01-12 00:00:00+00:00,SPY,1036,1.0,0.07407407407407407,0.020042611436721085,0.019881380806933625,0.12254946525722188,0.06176832415395093
2018-01-19 00:00:00+00:00,SPY,1040,1.0,0.07407407407407407,0.018722114797606514,0.019881380806933625,0.12834007973484374,0.06391735455939734
2018-01-26 00:00:00+00:00,SPY,1045,1.0,0.07407407407407407,0.01160294701674152,0.022869095225651698,0.14715239758775622,0.0648062670014529
2018-02-02 00:00:00+00:00,SPY,1050,1.0,0.07407407407407407,0.027302714013814126,0.06211836325963646,0.09701777197087136,0.0860939018774854
2018-02-09 00:00:00+00:00,SPY,1055,0.0,0.07407407407407407,0.058972384940458394,0.1177196252158821,0.038289399094740384,0.1544891356031788
2018-02-16 00:00:00+00:00,SPY,1060,0.0,0.07407407407407407,0.04032968157372841,0.06334843877719687,0.08069454084086991,0.1598066019312926
2018-02-23 00:00:00+00:00,SPY,1064,1.0,0.07407407407407407,0.06531417143349054,0.058974033382767785,0.08395555022897816,0.16342229818704743
2018-03-02 00:00:00+00:00,SPY,1069,0.0,0.07407407407407407,0.06961684466550097,0.0841767592274393,0.05798528682180204,0.1698114269681398
2018-03-09 00:00:00+00:00,SPY,1074,1.0,0.07407407407407407,0.018533578163925597,0.0445788771378567,0.09222739273939462,0.17436350994331024
2018-03-16 00:00:00+00:00,SPY,1079,1.0,0.07407407407407407,0.04103328336711339,0.04437603132986949,0.07420519801150549,0.17409374314204282
2018-03-23 00:00:00+00:00,SPY,1084,0.0,0.07407407407407407,0.058067948956780954,0.18747259586275522,0.008210419537018288,0.188816812628687
2018-03-29 00:00:00+00:00,SPY,1088,0.0,0.07407407407407407,0.044415474171796976,0.16426288988445237,0.02629480390864014,0.20139598600941178
2018-04-06 00:00:00+00:00,SPY,1093,0.0,0.07407407407407407,0.06076063677950168,0.20521582457166382,0.010785496798670469,0.21334280388740062
2018-04-13 00:00:00+00:00,SPY,1098,0.0,0.07407407407407407,0.04583938014599457,0.10713851984575422,0.02942647834894596,0.21517653116183696
2018-04-20 00:00:00+00:00,SPY,1103,0.0,0.07407407407407407,0.039294766261655574,0.09583857982586202,0.032115980880338846,0.2169539174562451
2018-04-27 00:00:00+00:00,SPY,1108,0.0,0.07407407407407407,0.042520406399398934,0.09583857982586202,0.029298311408352262,0.21710258879477362
2018-05-04 00:00:00+00:00,SPY,1113,0.0,0.07407407407407407,0.0487401772643396,0.09724506373616544,0.025030203698952924,0.19286640825369072
2018-05-11 00:00:00+00:00,SPY,1118,0.0,0.07407407407407407,0.04009866698144944,0.05747999012621983,0.048725318476129376,0.17127051583588213
2018-05-18 00:00:00+00:00,SPY,1123,0.0,0.07407407407407407,0.05170315722723841,0.07047043940879569,0.040059309413196686,0.1693664049651422
2018-05-25 00:00:00+00:00,SPY,1128,0.0,0.07407407407407407,0.05400575972371808,0.05817493510954632,0.040316005267643895,0.15916839017916723
2018-06-01 00:00:00+00:00,SPY,1132,0.0,0.07407407407407407,0.05235943612273298,0.05747999012621983,0.04348670918991249,0.162947548548983
2018-06-08 00:00:00+00:00,SPY,1137,0.0,0.07407407407407407,0.0625263127242212,0.03339807748220349,0.05738494829594032,0.15900061945078095
2018-06-15 00:00:00+00:00,SPY,1142,0.0,0.07407407407407407,0.06957052701303143,0.03159301256356892,0.05433640120096572,0.15653369328777478
2018-06-22 00:00:00+00:00,SPY,1147,0.0,0.07407407407407407,0.07721312743934078,0.0589107314303753,0.041965660085750534,0.12448176007566407
2018-06-29 00:00:00+00:00,SPY,1152,0.0,0.07407407407407407,0.059602695605750766,0.10800573492335253,0.026234673520118212,0.11326413412650119
2018-07-06 00:00:00+00:00,SPY,1156,0.0,0.07407407407407407,0.061319527542377086,0.09372912211278292,0.03979165992323486,0.09975275616521716
2018-07-13 00:00:00+00:00,SPY,1161,0.0,0.07407407407407407,0.06478468186769923,0.051426271357505944,0.05230625876264505,0.09944925026485553
2018-07-20 00:00:00+00:00,SPY,1166,0.0,0.07407407407407407,0.05990694959025476,0.06538985938890052,0.04947165400585707,0.09284907264637786
2018-07-27 00:00:00+00:00,SPY,1171,0.0,0.07407407407407407,0.0448993884418741,0.060174001308692125,0.05290032283226154,0.09107046821986774
2018-08-03 00:00:00+00:00,SPY,1176,0.0,0.07407407407407407,0.053593661712500816,0.0505127915092453,0.058088047418372035,0.08771323794339532
2018-08-10 00:00:00+00:00,SPY,1181,0.0,0.07407407407407407,0.061936288331093145,0.047925616145301476,0.05330473265544122,0.08596561087903924
2018-08-17 00:00:00+00:00,SPY,1186,0.0,0.07407407407407407,0.061144545004184925,0.04726789546104829,0.05738932252271556,0.0885481678926997
2018-08-24 00:00:00+00:00,SPY,1191,0.0,0.07407407407407407,0.05721720202182756,0.019881380806933625,0.06336460029079327,0.07988572228614337
2018-08-31 00:00:00+00:00,SPY,1196,0.0,0.07407407407407407,0.04150828770614678,0.01949747824047316,0.07020170217227051,0.07840304651593052
2018-09-07 00:00:00+00:00,SPY,1200,0.0,0.07407407407407407,0.05701113994125121,0.042612783605948105,0.057535960857793444,0.07889972498593688
2018-09-14 00:00:00+00:00,SPY,1205,1.0,0.07407407407407407,0.03667344174655106,0.019881380806933625,0.0664139400315642,0.07882196656207938
2018-09-21 00:00:00+00:00,SPY,1210,1.0,0.07407407407407407,0.040453184852036875,0.019881380806933625,0.0722499992080583,0.07167572438105906
2018-09-28 00:00:00+00:00,SPY,1215,1.0,0.07407407407407407,0.05267895005472108,0.019881380806933625,0.06463620501148748,0.07038438358275852
2018-10-05 00:00:00+00:00,SPY,1220,1.0,0.07407407407407407,0.045059072774123195,0.041070844222506606,0.05136192982800658,0.06599516373876164
2018-10-12 00:00:00+00:00,SPY,1225,0.0,0.07407407407407407,0.0953762281377695,0.2468268595613622,0.006490776709296542,0.10708893066136987
2018-10-19 00:00:00+00:00,SPY,1230,0.0,0.07407407407407407,0.09296517724649071,0.21796681757307984,0.00648915469956024,0.11854928577859132
2018-10-26 00:00:00+00:00,SPY,1235,0.0,0.07407407407407407,0.12490850764168826,0.18747259586275522,-0.033207975601808326,0.1418453903027937
2018-11-02 00:00:00+00:00,SPY,1240,0.0,0.07407407407407407,0.09421253405979452,0.18747259586275522,-0.00879218078460886,0.14907127195757136
2018-11-09 00:00:00+00:00,SPY,1245,1.0,0.07407407407407407,0.0788073657910661,0.19462311392703133,0.012846173294372543,0.1551067403832117
2018-11-16 00:00:00+00:00,SPY,1250,1.0,0.07407407407407407,0.08568371663795092,0.21236620143653484,-0.0013819505906003116,0.16149091567446014
2018-11-23 00:00:00+00:00,SPY,1254,1.0,0.07407407407407407,0.060764197293250596,0.18747259586275522,-0.03990919431352569,0.16709154629246004
2018-11-30 00:00:00+00:00,SPY,1259,1.0,0.07407407407407407,0.04855418468461838,0.15407438706903867,0.004547454841920429,0.17862945932065374
2018-12-07 00:00:00+00:00,SPY,1263,1.0,0.07407407407407407,0.09777139107993935,0.18747259586275522,-0.0396857061046636,0.19743394389368868
2018-12-14 00:00:00+00:00,SPY,1268,1.0,0.07407407407407407,0.048815404597175156,0.1831017656862498,-0.05047473798906654,0.19977694589831715
2018-12-21 00:00:00+00:00,SPY,1273,0.0,0.07407407407407407,0.06075290747481303,0.08188425903984622,-0.11593046655998296,0.2089064216107104
2018-12-28 00:00:00+00:00,SPY,1277,0.0,0.07407407407407407,0.07363782364713382,0.06928594334185736,-0.08815413443126374,0.241392488999784
2018-01-05 00:00:00+00:00,QQQ,1031,0.0,0.13580246913580246,0.04995572419096566,0.05656629033537217,0.1263373528424856,0.10949838559315438
2018-01-12 00:00:00+00:00,QQQ,1036,1.0,0.13580246913580246,0.050216235549570616,0.05263389615262736,0.13772831536573826,0.11067821699006115
2018-01-19 00:00:00+00:00,QQQ,1040,1.0,0.13580246913580246,0.041595816372772196,0.05656629033537217,0.14513814600494923,0.11057820146003214
2018-01-26 00:00:00+00:00,QQQ,1045,1.0,0.13580246913580246,0.024802994098978515,0.060756464530551196,0.16907217787001594,0.10201577770134442
2018-02-02 00:00:00+00:00,QQQ,1050,1.0,0.13580246913580246,0.054363211828806914,0.11908949185403594,0.11858772454343547,0.11436525285381599
2018-02-09 00:00:00+00:00,QQQ,1055,0.0,0.13580246913580246,0.12449926374898676,0.19298221960951548,0.05625548366091171,0.18014517946658218
2018-02-16 00:00:00+00:00,QQQ,1060,0.0,0.13580246913580246,0.11243689337550496,0.15967019680889938,0.11119592770713416,0.18886107591132437
2018-02-23 00:00:00+00:00,QQQ,1064,1.0,0.13580246913580246,0.17485619884808784,0.13629369173293984,0.12840325482227155,0.19207180530034443
2018-03-02 00:00:00+00:00,QQQ,1069,1.0,0.13580246913580246,0.21441386612424318,0.14970757427766737,0.10830008369298216,0.19386850759864302
2018-03-09 00:00:00+00:00,QQQ,1074,1.0,0.13580246913580246,0.04181229173671731,0.08836784151065938,0.14988495541438374,0.19788603420136178
2018-03-16 00:00:00+00:00,QQQ,1079,1.0,0.13580246913580246,0.09143700228995484,0.11966368487357862,0.12966085700819874,0.19917676163837716
2018-03-23 00:00:00+00:00,QQQ,1084,0.0,0.13580246913580246,0.13021321472343222,0.21964720077986738,0.04478165965138636,0.2178344245773667
2018-03-29 00:00:00+00:00,QQQ,1088,0.0,0.13580246913580246,0.11910718118284289,0.1521875596751974,0.052595549168136246,0.2415383651695136
2018-04-06 00:00:00+00:00,QQQ,1093,0.0,0.13580246913580246,0.16485750642224087,0.2126811486998353,0.026290463612875126,0.2556766126560721
2018-04-13 00:00:00+00:00,QQQ,1098,0.0,0.13580246913580246,0.1392324172619155,0.15882053570404486,0.05370175291236201,0.25996813481861286
2018-04-20 00:00:00+00:00,QQQ,1103,0.0,0.13580246913580246,0.12106384750657594,0.1368646018921775,0.0550401880361584,0.26500144522296276
2018-04-27 00:00:00+00:00,QQQ,1108,0.0,0.13580246913580246,0.08089696568785672,0.1368646018921775,0.0497624580654914,0.26939594547836987
2018-05-04 00:00:00+00:00,QQQ,1113,0.0,0.13580246913580246,0.07716042746466327,0.11651799028289102,0.06418409841179584,0.25030711302555386
2018-05-11 00:00:00+00:00,QQQ,1118,0.0,0.13580246913580246,0.08791845734640583,0.12459558121191638,0.08954949839744941,0.22808276906140051
2018-05-18 00:00:00+00:00,QQQ,1123,0.0,0.13580246913580246,0.1070657973599662,0.1262538155531809,0.07227569033397829,0.2268071011208379
2018-05-25 00:00:00+00:00,QQQ,1128,0.0,0.13580246913580246,0.08544508552911916,0.11758417293562798,0.082254029292129,0.21753201953338264
2018-06-01 00:00:00+00:00,QQQ,1132,0.0,0.13580246913580246,0.0825121012865995,0.07566095595679746,0.09751475093743545,0.2184872129535719
2018-06-08 00:00:00+00:00,QQQ,1137,0.0,0.13580246913580246,0.08050445343252126,0.06874025817950415,0.10246799510894622,0.2142998126512575
2018-06-15 00:00:00+00:00,QQQ,1142,0.0,0.13580246913580246,0.06751298934334786,0.07002449937858449,0.11243933834074982,0.21023577099857277
2018-06-22 00:00:00+00:00,QQQ,1147,0.0,0.13580246913580246,0.10081700153681905,0.06304292298092533,0.09882875031970229,0.1662833769211789
2018-06-29 00:00:00+00:00,QQQ,1152,0.0,0.13580246913580246,0.11594555503812885,0.08924390525521794,0.0713396607300798,0.15768247540370772
2018-07-06 00:00:00+00:00,QQQ,1156,0.0,0.13580246913580246,0.11935031576523496,0.061868433654203706,0.09219813429393287,0.14804535101623587
2018-07-13 00:00:00+00:00,QQQ,1161,0.0,0.13580246913580246,0.11931420388450134,0.07891555054907132,0.11106046640885192,0.14443312782038942
2018-07-20 00:00:00+00:00,QQQ,1166,0.0,0.13580246913580246,0.14334220031178574,0.06523896828862216,0.10123574172351679,0.13091306611694464
2018-07-27 00:00:00+00:00,QQQ,1171,0.0,0.13580246913580246,0.08610835191966298,0.10064816262483477,0.087174456171349,0.13215656716023982
2018-08-03 00:00:00+00:00,QQQ,1176,0.0,0.13580246913580246,0.0854859418241888,0.10064816262483477,0.09717559259276176,0.13190231604244504
2018-08-10 00:00:00+00:00,QQQ,1181,0.0,0.13580246913580246,0.10881328807359002,0.11908949185403594,0.09418648252248318,0.1292953820740353
2018-08-17 00:00:00+00:00,QQQ,1186,0.0,0.13580246913580246,0.0967970347917176,0.10064816262483477,0.08506609593193115,0.1304667798203067
2018-08-24 00:00:00+00:00,QQQ,1191,0.0,0.13580246913580246,0.08439934957395749,0.06956242499549684,0.09611090653499343,0.13077051584175586
2018-08-31 00:00:00+00:00,QQQ,1196,0.0,0.13580246913580246,0.058031400299035946,0.07715384878916015,0.11565746105778985,0.12768063592595194
2018-09-07 00:00:00+00:00,QQQ,1200,0.0,0.13580246913580246,0.10412429584885441,0.11407254781422528,0.078646215588132,0.1327928884106569
2018-09-14 00:00:00+00:00,QQQ,1205,1.0,0.13580246913580246,0.07682405478546807,0.1051630008180299,0.09124100693951309,0.13314258491354397
2018-09-21 00:00:00+00:00,QQQ,1210,1.0,0.13580246913580246,0.1239583062023362,0.1290088072458608,0.0847302145961033,0.12580818504957444
2018-09-28 00:00:00+00:00,QQQ,1215,1.0,0.13580246913580246,0.12899724255147416,0.08456013677279821,0.0939384945934707,0.12029979084167547
2018-10-05 00:00:00+00:00,QQQ,1220,1.0,0.13580246913580246,0.11669332813822893,0.16015213240574713,0.0563795278136221,0.11987332470426243
2018-10-12 00:00:00+00:00,QQQ,1225,1.0,0.13580246913580246,0.18438599880098708,0.19550717307662796,0.01940905823007455,0.16267395848853372
2018-10-19 00:00:00+00:00,QQQ,1230,1.0,0.13580246913580246,0.17844321884310763,0.21565484039073812,0.009268848107761185,0.1761305872447071
2018-10-26 00:00:00+00:00,QQQ,1235,1.0,0.13580246913580246,0.29982317631645367,0.2445034372484927,-0.029026926326386926,0.21238178369007174
2018-11-02 00:00:00+00:00,QQQ,1240,1.0,0.13580246913580246,0.23988305055055742,0.2126811486998353,-0.013712563887055551,0.2280292338043112
2018-11-09 00:00:00+00:00,QQQ,1245,1.0,0.13580246913580246,0.22392147996455705,0.23993363794395042,-0.0018361393908190582,0.23859872722337516
2018-11-16 00:00:00+00:00,QQQ,1250,1.0,0.13580246913580246,0.22757454667160731,0.2126811486998353,-0.025159275598401698,0.24920269361319652
2018-11-23 00:00:00+00:00,QQQ,1254,1.0,0.13580246913580246,0.17042806404429864,0.08534480800687014,-0.07368176168613583,0.2564773295990193
2018-11-30 00:00:00+00:00,QQQ,1259,1.0,0.13580246913580246,0.12090511618268465,0.23993363794395042,-0.015541767180669686,0.27016456163239144
2018-12-07 00:00:00+00:00,QQQ,1263,1.0,0.13580246913580246,0.20311844638430193,0.12933624012327768,-0.06225853948336335,0.2905472482166042
2018-12-14 00:00:00+00:00,QQQ,1268,1.0,0.13580246913580246,0.0995364385512296,0.08405094099923564,-0.06356688526159471,0.29335075198470123
2018-12-21 00:00:00+00:00,QQQ,1273,0.0,0.13580246913580246,0.10216992998164748,0.08405094099923564,-0.1404514500545868,0.3050594614615453
2018-12-28 00:00:00+00:00,QQQ,1277,0.0,0.13580246913580246,0.12035066966166133,0.08405094099923564,-0.10428138165415557,0.33611052418518195
2018-01-05 00:00:00+00:00,GLD,1031,0.0,0.17407407407407408,0.11103943102703057,0.1251001029195817,0.03698924605500653,0.08852931225615893
2018-01-12 00:00:00+00:00,GLD,1036,0.0,0.17407407407407408,0.08369406729868792,0.06703807191929709,0.04908538883873459,0.08869118834661213
2018-01-19 00:00:00+00:00,GLD,1040,0.0,0.17407407407407408,0.09810870421762478,0.0629764806680541,0.043354664700923085,0.08875902243021315
2018-01-26 00:00:00+00:00,GLD,1045,0.0,0.17407407407407408,0.10417692030864929,0.06722366694841479,0.055235327044604654,0.0906773856574167
2018-02-02 00:00:00+00:00,GLD,1050,0.0,0.17407407407407408,0.15327972373996518,0.166713154675047,0.04032782193691231,0.09488410043931324
2018-02-09 00:00:00+00:00,GLD,1055,0.0,0.17407407407407408,0.14639927516249923,0.15331273478252533,0.026157657674412693,0.09587251592481646
2018-02-16 00:00:00+00:00,GLD,1060,0.0,0.17407407407407408,0.13622312886135357,0.07977042372992178,0.05077053711116797,0.0961671544374706
2018-02-23 00:00:00+00:00,GLD,1064,0.0,0.17407407407407408,0.1960225589878355,0.1655723337800861,0.03422264604577974,0.09953898523263911
2018-03-02 00:00:00+00:00,GLD,1069,0.0,0.17407407407407408,0.20403591013389,0.2372437717058785,0.026284046305335096,0.09987306478776245
2018-03-09 00:00:00+00:00,GLD,1074,0.0,0.17407407407407408,0.19116255760679599,0.3036566835884446,0.02619520455926705,0.09722454333790936
2018-03-16 00:00:00+00:00,GLD,1079,0.0,0.17407407407407408,0.21691859336999014,0.2337717967645379,0.0174248164284454,0.0968453380633217
2018-03-23 00:00:00+00:00,GLD,1084,0.0,0.17407407407407408,0.183941443144603,0.1095662150369411,0.04116820801220755,0.10565493070123529
2018-03-29 00:00:00+00:00,GLD,1088,0.0,0.17407407407407408,0.16930492986387402,0.15520566053236207,0.025304128100547496,0.1069548329504868
2018-04-06 00:00:00+00:00,GLD,1093,0.0,0.17407407407407408,0.16233380297414404,0.1559356280199739,0.02863895012652451,0.11058032190058369
2018-04-13 00:00:00+00:00,GLD,1098,0.0,0.17407407407407408,0.15850978558695958,0.1559356280199739,0.035492716727851814,0.11107409716849413
2018-04-20 00:00:00+00:00,GLD,1103,0.0,0.17407407407407408,0.15036823019710668,0.15331273478252533,0.026761202948635487,0.10839128255233783
2018-04-27 00:00:00+00:00,GLD,1108,0.0,0.17407407407407408,0.15098785476760615,0.14126422919835335,0.015587034177040326,0.10877387896989732
2018-05-04 00:00:00+00:00,GLD,1113,0.0,0.17407407407407408,0.16076890952384792,0.13377435151176925,0.006405395798936064,0.10508811444034397
2018-05-11 00:00:00+00:00,GLD,1118,0.0,0.17407407407407408,0.1530101947170136,0.13546463663896924,0.00897869814877339,0.09863545564004025
2018-05-18 00:00:00+00:00,GLD,1123,0.0,0.17407407407407408,0.18425009185883567,0.16657995873746767,-0.012395652638828913,0.09939494660625914
2018-05-25 00:00:00+00:00,GLD,1128,0.0,0.17407407407407408,0.14898579792781952,0.13546463663896924,-0.006474736104054024,0.09885705978530716
2018-06-01 00:00:00+00:00,GLD,1132,0.0,0.17407407407407408,0.14458529636698766,0.13546463663896924,-0.012449810972942954,0.09520803096672897
2018-06-08 00:00:00+00:00,GLD,1137,0.0,0.17407407407407408,0.15229375521153166,0.18934581789656468,-0.008352524254803706,0.09545597141196749
2018-06-15 00:00:00+00:00,GLD,1142,0.0,0.17407407407407408,0.11833362961739417,0.13377435151176925,-0.02170292438707966,0.09326219848636154
2018-06-22 00:00:00+00:00,GLD,1147,0.0,0.17407407407407408,0.14677948848589803,0.16657995873746767,-0.02867094764387268,0.08351022575338161
2018-06-29 00:00:00+00:00,GLD,1152,0.0,0.17407407407407408,0.1339436801990063,0.09550421861674924,-0.04076873284907534,0.07958833475316311
2018-07-06 00:00:00+00:00,GLD,1156,0.0,0.17407407407407408,0.13034242919269212,0.09550421861674924,-0.03803469361485157,0.08174217994792887
2018-07-13 00:00:00+00:00,GLD,1161,0.0,0.17407407407407408,0.17186082334677868,0.10831771666941217,-0.047158404751355576,0.08068163182224154
2018-07-20 00:00:00+00:00,GLD,1166,0.0,0.17407407407407408,0.16621110816873805,0.07549105789276193,-0.054713276559867574,0.08102669875525106
2018-07-27 00:00:00+00:00,GLD,1171,0.0,0.17407407407407408,0.13412315254848337,0.05870327547951267,-0.059606162993917744,0.08101640420216168
2018-08-03 00:00:00+00:00,GLD,1176,0.0,0.17407407407407408,0.13188827282351492,0.0407405670355268,-0.0655383686681622,0.08205191704560091
2018-08-10 00:00:00+00:00,GLD,1181,0.0,0.17407407407407408,0.1491599315027283,0.0407405670355268,-0.06605905878013185,0.07518106825768442
2018-08-17 00:00:00+00:00,GLD,1186,0.0,0.17407407407407408,0.15810208033415213,0.07161816492564108,-0.08526950149775325,0.08892242961703584
2018-08-24 00:00:00+00:00,GLD,1191,0.0,0.17407407407407408,0.1416950991887893,0.0644219239391948,-0.06717047694998202,0.0976137563533387
2018-08-31 00:00:00+00:00,GLD,1196,0.0,0.17407407407407408,0.1524636502931121,0.0644219239391948,-0.07103423278790932,0.09919018676457857
2018-09-07 00:00:00+00:00,GLD,1200,0.0,0.17407407407407408,0.14494425551433215,0.0644219239391948,-0.07203620415633438,0.09941876960393986
2018-09-14 00:00:00+00:00,GLD,1205,0.0,0.17407407407407408,0.16903272653428644,0.06640995015938142,-0.07205455965697216,0.09666823524162971
2018-09-21 00:00:00+00:00,GLD,1210,0.0,0.17407407407407408,0.22040329396004915,0.060701315272596,-0.06675741424905346,0.09779650879285746
2018-09-28 00:00:00+00:00,GLD,1215,0.0,0.17407407407407408,0.22561242260170158,0.07512070446404881,-0.07168315118664492,0.09547743879071635
2018-10-05 00:00:00+00:00,GLD,1220,0.0,0.17407407407407408,0.259750709353243,0.07434541392804532,-0.061974758950621545,0.09633253725885241
2018-10-12 00:00:00+00:00,GLD,1225,0.0,0.17407407407407408,0.34854637787742776,0.1559356280199739,-0.04876215987045274,0.11035227251621532
2018-10-19 00:00:00+00:00,GLD,1230,0.0,0.17407407407407408,0.3973204974474445,0.15331273478252533,-0.040643822388869544,0.1082642794148824
2018-10-26 00:00:00+00:00,GLD,1235,0.0,0.17407407407407408,0.33884903427841934,0.15331273478252533,-0.032602575060478145,0.10748491673129358
2018-11-02 00:00:00+00:00,GLD,1240,0.0,0.17407407407407408,0.3826021148189424,0.1559356280199739,-0.031510157083934565,0.11099610445751734
2018-11-09 00:00:00+00:00,GLD,1245,0.0,0.17407407407407408,0.41455435786342837,0.1943879460055316,-0.047149350121129974,0.10358898350943069
2018-11-16 00:00:00+00:00,GLD,1250,0.0,0.17407407407407408,0.36807796200243775,0.17780784025999807,-0.03509604346234385,0.10280844215540479
2018-11-23 00:00:00+00:00,GLD,1254,0.0,0.17407407407407408,0.3295383275994274,0.1266968166630988,-0.0322738682289988,0.09442437174637756
2018-11-30 00:00:00+00:00,GLD,1259,0.0,0.17407407407407408,0.32170373312844214,0.13546463663896924,-0.03194764774098113,0.09429568144569611
2018-12-07 00:00:00+00:00,GLD,1263,0.0,0.17407407407407408,0.2194882225444703,0.17566138456290226,-0.009029868582373979,0.09578848138130687
2018-12-14 00:00:00+00:00,GLD,1268,0.0,0.17407407407407408,0.23107181163287824,0.1251001029195817,-0.016028436220053233,0.09457048243678037
2018-12-21 00:00:00+00:00,GLD,1273,0.0,0.17407407407407408,0.25896786156204143,0.18882835236107753,-0.000527845691160711,0.09963499490208004
2018-12-28 00:00:00+00:00,GLD,1277,0.0,0.17407407407407408,0.18747068294068037,0.21976789925288293,0.020084417744814953,0.0980285121403127
2019-01-04 00:00:00+00:00,SPY,1281,0.0,0.11981132075471698,0.20370831622993812,0.21323427452941254,-0.06976179142924355,0.25699476432827445
2019-01-11 00:00:00+00:00,SPY,1286,0.0,0.11981132075471698,0.23302973690916357,0.34782877951714924,-0.0452705694522646,0.24567470448715842
2019-01-18 00:00:00+00:00,SPY,1291,0.0,0.11981132075471698,0.2279109937821523,0.27671752496024715,-0.018104207528823246,0.2433139540130787
2019-01-25 00:00:00+00:00,SPY,1295,0.0,0.11981132075471698,0.12350657917437942,0.16701613852776637,-0.020962753444155324,0.23149783102646468
2019-02-01 00:00:00+00:00,SPY,1300,0.0,0.11981132075471698,0.10355113271427481,0.1376359984559704,-0.005599546895062368,0.2303650610083246
2019-02-08 00:00:00+00:00,SPY,1305,0.0,0.11981132075471698,0.05761562592615451,0.1376359984559704,-0.004870368411611037,0.22596999115512795
2019-02-15 00:00:00+00:00,SPY,1310,0.0,0.11981132075471698,0.06074139946578371,0.08801631835385977,0.01929811893263156,0.2238638297704628
2019-02-22 00:00:00+00:00,SPY,1314,0.0,0.11981132075471698,0.0721783161121921,0.15982055026346226,0.02449167768781857,0.21710383296984143
2019-03-01 00:00:00+00:00,SPY,1319,0.0,0.11981132075471698,0.047554096167343005,0.05825081517298124,0.028005025913485193,0.20979342412781554
2019-03-08 00:00:00+00:00,SPY,1324,0.0,0.11981132075471698,0.08712379394239399,0.18745299107252056,0.005323484946484047,0.1920238077133349
2019-03-15 00:00:00+00:00,SPY,1329,0.0,0.11981132075471698,0.10996138109377876,0.13052515786474989,0.03375936503728494,0.18495094389571207
2019-03-22 00:00:00+00:00,SPY,1334,0.0,0.11981132075471698,0.25114326203988335,0.21806273414260172,0.02488754190053588,0.1674726661222234
2019-03-29 00:00:00+00:00,SPY,1339,0.0,0.11981132075471698,0.18946138122059406,0.1721609980115878,0.03600050870674121,0.1355085443944351
2019-04-05 00:00:00+00:00,SPY,1344,0.0,0.11981132075471698,0.15113558968423127,0.11717655638268318,0.056964518871951864,0.10640956889915797
2019-04-12 00:00:00+00:00,SPY,1349,0.0,0.11981132075471698,0.13567232107064597,0.08156499751778555,0.060938495394227576,0.10480958798523987
2019-04-18 00:00:00+00:00,SPY,1353,0.0,0.11981132075471698,0.12798746751568815,0.08561017226615172,0.05864474352327376,0.0968577973567624
2019-04-26 00:00:00+00:00,SPY,1358,0.0,0.11981132075471698,0.10060888070009481,0.11583005960962932,0.06897587720358533,0.09095869189370374
2019-05-03 00:00:00+00:00,SPY,1363,1.0,0.11981132075471698,0.09985397259294926,0.05974163187577859,0.06948686649112878,0.09244795564239744
2019-05-10 00:00:00+00:00,SPY,1368,0.0,0.11981132075471698,0.12906417614434065,0.09063864267786687,0.046756021133495196,0.09532995718442948
2019-05-17 00:00:00+00:00,SPY,1373,0.0,0.11981132075471698,0.14803182142650623,0.1882493229908021,0.03791464910865239,0.11097439962001363
2019-05-24 00:00:00+00:00,SPY,1378,0.0,0.11981132075471698,0.14521035334122176,0.1853947302558322,0.026343808439729832,0.11584539317424052
2019-05-31 00:00:00+00:00,SPY,1382,0.0,0.11981132075471698,0.16343927011298418,0.22473498272157139,-0.0007966922745241689,0.12013252166967137
2019-06-07 00:00:00+00:00,SPY,1387,0.0,0.11981132075471698,0.1450834740566172,0.14429156396327514,0.04393666181250078,0.12602065455978503
2019-06-14 00:00:00+00:00,SPY,1392,0.0,0.11981132075471698,0.14064232063755316,0.14954126190405123,0.04919874428990467,0.12593555728739939
2019-06-21 00:00:00+00:00,SPY,1397,0.0,0.11981132075471698,0.1308418401605341,0.11086965596490284,0.07088814107143193,0.11873215793975579
2019-06-28 00:00:00+00:00,SPY,1402,0.0,0.11981132075471698,0.12277490371177131,0.07173873509598916,0.06636398805601917,0.11836064517618813
2019-07-05 00:00:00+00:00,SPY,1406,0.0,0.11981132075471698,0.08643515798370481,0.0595818466483421,0.08521460670573444,0.11976236777566081
2019-07-12 00:00:00+00:00,SPY,1411,1.0,0.11981132075471698,0.07352103180066177,0.0595818466483421,0.09199537476390329,0.12021528946105016
2019-07-19 00:00:00+00:00,SPY,1416,0.0,0.11981132075471698,0.07269782842584947,0.09736102831417628,0.07813654259400127,0.12066108622898741
2019-07-26 00:00:00+00:00,SPY,1421,1.0,0.11981132075471698,0.059343696801068414,0.0595818466483421,0.09421389273996406,0.12148623972229486
2019-08-02 00:00:00+00:00,SPY,1426,0.0,0.11981132075471698,0.08759850721915655,0.10660711093728577,0.057900699490279095,0.11938735919553334
2019-08-09 00:00:00+00:00,SPY,1431,0.0,0.11981132075471698,0.15226758026734552,0.14857448749643531,0.052818482804443345,0.13205528672565875
2019-08-16 00:00:00+00:00,SPY,1436,0.0,0.11981132075471698,0.1931416102792327,0.15566341849851115,0.040567193081421093,0.1507213586422561
2019-08-23 00:00:00+00:00,SPY,1441,0.0,0.11981132075471698,0.2478908715117493,0.2229335176834766,0.02403231770450831,0.1593832139100119
2019-08-30 00:00:00+00:00,SPY,1446,0.0,0.11981132075471698,0.22877382388337603,0.16073481334635714,0.04979643041800341,0.15348793699675387
2019-09-06 00:00:00+00:00,SPY,1450,0.0,0.11981132075471698,0.1780545007138715,0.16669971382940715,0.06782988539242418,0.15619616080076543
2019-09-13 00:00:00+00:00,SPY,1455,0.0,0.11981132075471698,0.13113247893816896,0.09254027621148313,0.07506532591958948,0.15534154273985382
2019-09-20 00:00:00+00:00,SPY,1460,0.0,0.11981132075471698,0.11368030449195284,0.09051778520457583,0.06706348358113257,0.1532306299148746
2019-09-27 00:00:00+00:00,SPY,1465,0.0,0.11981132075471698,0.07486287186101592,0.09806701463646254,0.05340333255763441,0.15262550014762047
2019-10-04 00:00:00+00:00,SPY,1470,0.0,0.11981132075471698,0.07697685796433809,0.13809342165865965,0.0461809957851107,0.16163412578176004
2019-10-11 00:00:00+00:00,SPY,1475,0.0,0.11981132075471698,0.08694796534339494,0.13809342165865965,0.04815317482551107,0.1670159483795428
2019-10-18 00:00:00+00:00,SPY,1480,0.0,0.11981132075471698,0.0944875804673558,0.11724581441511012,0.04916894031449326,0.16697455357436547
2019-10-25 00:00:00+00:00,SPY,1485,0.0,0.11981132075471698,0.08837269565201171,0.07349654121905018,0.05751837831714579,0.1646474927825691
2019-11-01 00:00:00+00:00,SPY,1490,0.0,0.11981132075471698,0.08841568296563732,0.0833588253388383,0.06898881562366932,0.144870753596368
2019-11-08 00:00:00+00:00,SPY,1495,0.0,0.11981132075471698,0.08485445717895884,0.10078473013475132,0.07436249586240828,0.12299249741448175
2019-11-15 00:00:00+00:00,SPY,1500,0.0,0.11981132075471698,0.061290705166422335,0.10078473013475132,0.07992825211940913,0.11624099141230423
2019-11-22 00:00:00+00:00,SPY,1505,0.0,0.11981132075471698,0.07682748134781507,0.08059036315517756,0.07303518261885023,0.09658710375333472
2019-11-29 00:00:00+00:00,SPY,1509,0.0,0.11981132075471698,0.06947302538357644,0.08059036315517756,0.08127085011853774,0.09171866038946441
2019-12-06 00:00:00+00:00,SPY,1514,0.0,0.11981132075471698,0.07549721641885171,0.05974163187577859,0.07969659228491954,0.09617649918704015
2019-12-13 00:00:00+00:00,SPY,1519,0.0,0.11981132075471698,0.08937056088586379,0.05974163187577859,0.0844095318851803,0.09753886526670238
2019-12-20 00:00:00+00:00,SPY,1524,0.0,0.11981132075471698,0.08099817059350528,0.05974163187577859,0.09703365494653693,0.09537142610885715
2019-12-27 00:00:00+00:00,SPY,1528,0.0,0.11981132075471698,0.1103298588256911,0.056842789103213255,0.1007676380965079,0.0808761960368272
2019-01-04 00:00:00+00:00,QQQ,1281,0.0,0.18867924528301888,0.2773443775711735,0.21211987707931093,-0.08366342365273716,0.35297207251212914
2019-01-11 00:00:00+00:00,QQQ,1286,0.0,0.18867924528301888,0.32349509472793025,0.27230720930171687,-0.05734361264053078,0.3373818973233343
2019-01-18 00:00:00+00:00,QQQ,1291,0.0,0.18867924528301888,0.3684179513723309,0.2999178510912835,-0.0313985733005927,0.33250082290187366
2019-01-25 00:00:00+00:00,QQQ,1295,0.0,0.18867924528301888,0.2174383906361587,0.1833505146842009,-0.03256668828117171,0.3101793579082855
2019-02-01 00:00:00+00:00,QQQ,1300,0.0,0.18867924528301888,0.24076631582764196,0.1833505146842009,-0.019636482703963787,0.3064858546582223
2019-02-08 00:00:00+00:00,QQQ,1305,0.0,0.18867924528301888,0.1271460826836157,0.1833505146842009,-0.014274378448776548,0.29981700600822847
2019-02-15 00:00:00+00:00,QQQ,1310,0.0,0.18867924528301888,0.11105592482369718,0.12092674468616055,0.003951835758978728,0.2920323322418185
2019-02-22 00:00:00+00:00,QQQ,1314,0.0,0.18867924528301888,0.15939320636241233,0.23326598666421527,0.008358075617190819,0.28057027523163786
2019-03-01 00:00:00+00:00,QQQ,1319,0.0,0.18867924528301888,0.06791606532381587,0.14912531306047558,0.016178822717589636,0.2692672224651812
2019-03-08 00:00:00+00:00,QQQ,1324,0.0,0.18867924528301888,0.08384284091409566,0.1832169330923615,-0.0034493039397722747,0.24545251623513847
2019-03-15 00:00:00+00:00,QQQ,1329,0.0,0.18867924528301888,0.1334569109482387,0.15041264542439997,0.03707857255093017,0.23811577357698388
2019-03-22 00:00:00+00:00,QQQ,1334,0.0,0.18867924528301888,0.3388039744596989,0.1774265178577787,0.038868565839145,0.21728354250368134
2019-03-29 00:00:00+00:00,QQQ,1339,0.0,0.18867924528301888,0.26349423949276013,0.13582984620414856,0.04450370712707685,0.1806243324460395
2019-04-05 00:00:00+00:00,QQQ,1344,0.0,0.18867924528301888,0.25780580574281103,0.1042354986891689,0.07229934904870361,0.1425553196882117
2019-04-12 00:00:00+00:00,QQQ,1349,0.0,0.18867924528301888,0.21364105513990558,0.10671307175781802,0.07722167454423956,0.13653644205343218
2019-04-18 00:00:00+00:00,QQQ,1353,0.0,0.18867924528301888,0.19158508011709768,0.10349911909270984,0.08419210968847501,0.12710612667504878
2019-04-26 00:00:00+00:00,QQQ,1358,1.0,0.18867924528301888,0.15411788908759938,0.07499089539762828,0.10047925431276106,0.1118498689120568
2019-05-03 00:00:00+00:00,QQQ,1363,1.0,0.18867924528301888,0.1566598021547551,0.07499089539762828,0.10124206153504822,0.11145073589365713
2019-05-10 00:00:00+00:00,QQQ,1368,1.0,0.18867924528301888,0.20141490074614804,0.1330266061380556,0.06481623162640981,0.11460718210004747
2019-05-17 00:00:00+00:00,QQQ,1373,1.0,0.18867924528301888,0.28672745781201603,0.20770994766270226,0.05281085733007718,0.14321346717290234
2019-05-24 00:00:00+00:00,QQQ,1378,0.0,0.18867924528301888,0.3017438762971082,0.22583599718855119,0.02458476772240825,0.1523776326667711
2019-05-31 00:00:00+00:00,QQQ,1382,0.0,0.18867924528301888,0.29931254108132244,0.27090391597282737,0.0008295391598533985,0.15639458577192114
2019-06-07 00:00:00+00:00,QQQ,1387,0.0,0.18867924528301888,0.2950549881884716,0.17111557032623934,0.042052818664594316,0.1705650376877452
2019-06-14 00:00:00+00:00,QQQ,1392,0.0,0.18867924528301888,0.24404233891586494,0.15697465841234048,0.050906113807864584,0.17192622578088992
2019-06-21 00:00:00+00:00,QQQ,1397,0.0,0.18867924528301888,0.2404356043027839,0.19692370519591398,0.08470175703583438,0.16559991996590873
2019-06-28 00:00:00+00:00,QQQ,1402,0.0,0.18867924528301888,0.19030162319430272,0.1178324325055205,0.07565778583062288,0.16691550802274796
2019-07-05 00:00:00+00:00,QQQ,1406,0.0,0.18867924528301888,0.1155869526467173,0.08412168443649067,0.09935537847055453,0.16936850123008865
2019-07-12 00:00:00+00:00,QQQ,1411,1.0,0.18867924528301888,0.09924418997902713,0.08412168443649067,0.11207035016209166,0.17111835175684667
2019-07-19 00:00:00+00:00,QQQ,1416,1.0,0.18867924528301888,0.08799349870996126,0.1276059277303231,0.09623248374675519,0.17049646047265976
2019-07-26 00:00:00+00:00,QQQ,1421,1.0,0.18867924528301888,0.08656646178926748,0.15911109065154014,0.11877250013724394,0.17344278344460662
2019-08-02 00:00:00+00:00,QQQ,1426,0.0,0.18867924528301888,0.1344503458414978,0.1392810739482036,0.0703590763843922,0.17081972127780637
2019-08-09 00:00:00+00:00,QQQ,1431,0.0,0.18867924528301888,0.20728944556276083,0.15697465841234048,0.06379358354060916,0.1766521787894046
2019-08-16 00:00:00+00:00,QQQ,1436,0.0,0.18867924528301888,0.3058128547719967,0.15697465841234048,0.05533116106245739,0.189918290691821
2019-08-23 00:00:00+00:00,QQQ,1441,0.0,0.18867924528301888,0.3717473105929161,0.40358798882610347,0.033172801618624126,0.201521298366494
2019-08-30 00:00:00+00:00,QQQ,1446,0.0,0.18867924528301888,0.39213633903667117,0.29645699292414346,0.06148195474084317,0.18832850026025244
2019-09-06 00:00:00+00:00,QQQ,1450,0.0,0.18867924528301888,0.3293114892997221,0.20770994766270226,0.08191023531878416,0.18950286344381814
2019-09-13 00:00:00+00:00,QQQ,1455,0.0,0.18867924528301888,0.24873838092208403,0.12874533031590307,0.08232876410345513,0.18778104185492386
2019-09-20 00:00:00+00:00,QQQ,1460,0.0,0.18867924528301888,0.21661276373676497,0.15697465841234048,0.06881598903304753,0.1850034606908907
2019-09-27 00:00:00+00:00,QQQ,1465,0.0,0.18867924528301888,0.14126463434328823,0.1521156816449834,0.04594782219817661,0.18741365684065261
2019-10-04 00:00:00+00:00,QQQ,1470,0.0,0.18867924528301888,0.11187014364180084,0.1392810739482036,0.051929285986923146,0.19428542558906808
2019-10-11 00:00:00+00:00,QQQ,1475,0.0,0.18867924528301888,0.11877390247508686,0.15697465841234048,0.05895761949169276,0.19929604664477293
2019-10-18 00:00:00+00:00,QQQ,1480,0.0,0.18867924528301888,0.13316834935334404,0.15697465841234048,0.05624490095103396,0.1989548467609725
2019-10-25 00:00:00+00:00,QQQ,1485,0.0,0.18867924528301888,0.13492033991926197,0.06639988738106317,0.07280667725247048,0.19821629425406673
2019-11-01 00:00:00+00:00,QQQ,1490,0.0,0.18867924528301888,0.13315865948199315,0.10927123753011965,0.08507158873572296,0.1760636805087616
2019-11-08 00:00:00+00:00,QQQ,1495,0.0,0.18867924528301888,0.137659465040255,0.10927123753011965,0.09231688802799431,0.1549335371460936
2019-11-15 00:00:00+00:00,QQQ,1500,0.0,0.18867924528301888,0.10502899513490607,0.07685403116362433,0.09586141799173609,0.14745562527755665
2019-11-22 00:00:00+00:00,QQQ,1505,0.0,0.18867924528301888,0.10538055877615865,0.07946126344807825,0.08506658185891625,0.12517692798707766
2019-11-29 00:00:00+00:00,QQQ,1509,0.0,0.18867924528301888,0.10191253078401023,0.07873798242175709,0.09843723775616553,0.11780209075791694
2019-12-06 00:00:00+00:00,QQQ,1514,0.0,0.18867924528301888,0.11484434913134503,0.07946126344807825,0.09325058077449322,0.12152840612926372
2019-12-13 00:00:00+00:00,QQQ,1519,0.0,0.18867924528301888,0.12413090813352858,0.10850359180309536,0.10013376275995634,0.12201870747600377
2019-12-20 00:00:00+00:00,QQQ,1524,0.0,0.18867924528301888,0.1409517478869308,0.19022732847537563,0.11846652292596005,0.1150079841374128
2019-12-27 00:00:00+00:00,QQQ,1528,0.0,0.18867924528301888,0.18712994986541764,0.22000291021528687,0.12639628448463625,0.10127791411786155
2019-01-04 00:00:00+00:00,GLD,1281,0.0,0.1330188679245283,0.1456640498584506,0.14574955497363717,0.023813978960782745,0.09735959987406978
2019-01-11 00:00:00+00:00,GLD,1286,0.0,0.1330188679245283,0.13101418941909448,0.1341479727613073,0.02800818277145356,0.08374831106117347
2019-01-18 00:00:00+00:00,GLD,1291,0.0,0.1330188679245283,0.13285872536051613,0.1600271109343983,0.022380922620373056,0.08613407927839842
2019-01-25 00:00:00+00:00,GLD,1295,0.0,0.1330188679245283,0.10701530117872397,0.08101432425157198,0.03877876807739744,0.09015273826976972
2019-02-01 00:00:00+00:00,GLD,1300,0.0,0.1330188679245283,0.11319430127080143,0.05974163187577859,0.05337301434197905,0.08581338358843366
2019-02-08 00:00:00+00:00,GLD,1305,0.0,0.1330188679245283,0.11931971955841096,0.05974163187577859,0.051555504398502316,0.08344999547897768
2019-02-15 00:00:00+00:00,GLD,1310,0.0,0.1330188679245283,0.11719644794593385,0.05974163187577859,0.05675129447242644,0.08213402054194593
2019-02-22 00:00:00+00:00,GLD,1314,0.0,0.1330188679245283,0.13382988682893845,0.09841458668537492,0.06237765163302256,0.09101932532484218
2019-03-01 00:00:00+00:00,GLD,1319,0.0,0.1330188679245283,0.157850921311887,0.1533313325306765,0.031824586295667645,0.09939211560681757
2019-03-08 00:00:00+00:00,GLD,1324,0.0,0.1330188679245283,0.1467684425597078,0.10290868826914644,0.040074240686637674,0.09886394916190107
2019-03-15 00:00:00+00:00,GLD,1329,0.0,0.1330188679245283,0.15444793529547338,0.10290868826914644,0.04119701860413061,0.10287929990275138
2019-03-22 00:00:00+00:00,GLD,1334,0.0,0.1330188679245283,0.10788430698728245,0.10290868826914644,0.04948326875903519,0.09568349807168651
2019-03-29 00:00:00+00:00,GLD,1339,0.0,0.1330188679245283,0.10472643702118554,0.1153023437380521,0.032805845272556144,0.10097144599819269
2019-04-05 00:00:00+00:00,GLD,1344,0.0,0.1330188679245283,0.08861165722638767,0.1153023437380521,0.03257026269010721,0.09734526442532594
2019-04-12 00:00:00+00:00,GLD,1349,0.0,0.1330188679245283,0.08427121004717712,0.08125913272067087,0.0307259353152165,0.10087259016726038
2019-04-18 00:00:00+00:00,GLD,1353,0.0,0.1330188679245283,0.09945937718056998,0.10433936348944886,0.01794966242626983,0.10069386604683242
2019-04-26 00:00:00+00:00,GLD,1358,0.0,0.1330188679245283,0.06765975130940342,0.08125913272067087,0.026048135550297502,0.09534528801046988
2019-05-03 00:00:00+00:00,GLD,1363,0.0,0.1330188679245283,0.08266753146695559,0.10433936348944886,0.019280163065133804,0.09646466910383979
2019-05-10 00:00:00+00:00,GLD,1368,0.0,0.1330188679245283,0.06608203393753127,0.10874857439084759,0.02479449218935459,0.09575209910300843
2019-05-17 00:00:00+00:00,GLD,1373,0.0,0.1330188679245283,0.07286474217413237,0.10005717735921751,0.01693473553847835,0.09031718826028508
2019-05-24 00:00:00+00:00,GLD,1378,0.0,0.1330188679245283,0.0849427260871479,0.10433936348944886,0.021113416907811988,0.08988335720482528
2019-05-31 00:00:00+00:00,GLD,1382,0.0,0.1330188679245283,0.09647658899336158,0.06479542274751193,0.03691809799150336,0.08862332667461005
2019-06-07 00:00:00+00:00,GLD,1387,0.0,0.1330188679245283,0.09571258557644324,0.07980355316902885,0.06129234859727872,0.0891649201632256
2019-06-14 00:00:00+00:00,GLD,1392,0.0,0.1330188679245283,0.10100942338646868,0.07980355316902885,0.05827890321509299,0.08827143301023067
2019-06-21 00:00:00+00:00,GLD,1397,0.0,0.1330188679245283,0.12257427302050093,0.12275181838799733,0.10007622927177606,0.10051864242209196
2019-06-28 00:00:00+00:00,GLD,1402,0.0,0.1330188679245283,0.1707246176891681,0.12758037524101795,0.10560565139567513,0.10095224372280133
2019-07-05 00:00:00+00:00,GLD,1406,0.0,0.1330188679245283,0.20980413482383614,0.18685959327687343,0.09339309067339774,0.11945970885293408
2019-07-12 00:00:00+00:00,GLD,1411,0.0,0.1330188679245283,0.24194865722636472,0.14741472761183344,0.10058939278159817,0.12053719680415372
2019-07-19 00:00:00+00:00,GLD,1416,0.0,0.1330188679245283,0.22421978294637773,0.1740004505854986,0.10345405775992478,0.1325866364293937
2019-07-26 00:00:00+00:00,GLD,1421,0.0,0.1330188679245283,0.2165684350232097,0.1740004505854986,0.09205221820434195,0.13280461048929673
2019-08-02 00:00:00+00:00,GLD,1426,0.0,0.1330188679245283,0.20279165625206583,0.15004797175722198,0.1058059031333487,0.14365454775444275
2019-08-09 00:00:00+00:00,GLD,1431,0.0,0.1330188679245283,0.2190207315012905,0.3537869328825184,0.143850544393459,0.14794929158934858
2019-08-16 00:00:00+00:00,GLD,1436,0.0,0.1330188679245283,0.23879715615037797,0.3114114289399569,0.15005391694672388,0.1479655555074963
2019-08-23 00:00:00+00:00,GLD,1441,0.0,0.1330188679245283,0.2699639201316598,0.3537869328825184,0.15519952602160347,0.15484341502005586
2019-08-30 00:00:00+00:00,GLD,1446,0.0,0.1330188679245283,0.20199529624978413,0.328416194867437,0.14509943326217223,0.15401002920273235
2019-09-06 00:00:00+00:00,GLD,1450,0.0,0.1330188679245283,0.21521671858931124,0.3869883659390567,0.12520032709384576,0.164393390520898
2019-09-13 00:00:00+00:00,GLD,1455,0.0,0.1330188679245283,0.18324305219136905,0.15510822929320717,0.10566797035834008,0.1669858791418254
2019-09-20 00:00:00+00:00,GLD,1460,0.0,0.1330188679245283,0.13507804979339236,0.3741782824573139,0.1220111346542041,0.15829826364816674
2019-09-27 00:00:00+00:00,GLD,1465,0.0,0.1330188679245283,0.13064966249238436,0.15510822929320717,0.10175579224113229,0.1531981178463083
2019-10-04 00:00:00+00:00,GLD,1470,0.0,0.1330188679245283,0.10591266654226798,0.12890647340888997,0.10335449355499393,0.15182675642699428
2019-10-11 00:00:00+00:00,GLD,1475,0.0,0.1330188679245283,0.10193746123374185,0.12650319776325872,0.08415959370493087,0.1481753274659794
2019-10-18 00:00:00+00:00,GLD,1480,0.0,0.1330188679245283,0.10400050015986301,0.12890647340888997,0.08350248218284184,0.14439087064082065
2019-10-25 00:00:00+00:00,GLD,1485,0.0,0.1330188679245283,0.07795902933342276,0.1322249394733949,0.09029940762231514,0.1337278772080649
2019-11-01 00:00:00+00:00,GLD,1490,0.0,0.1330188679245283,0.06279529186285882,0.12166073021149024,0.09162078190339029,0.12897751577969999
2019-11-08 00:00:00+00:00,GLD,1495,0.0,0.1330188679245283,0.07658894671234542,0.12943357318235804,0.04840367742710083,0.1339919770963408
2019-11-15 00:00:00+00:00,GLD,1500,0.0,0.1330188679245283,0.0752363947191257,0.12943357318235804,0.05193060855604803,0.1311144354427313
2019-11-22 00:00:00+00:00,GLD,1505,0.0,0.1330188679245283,0.07134832536633406,0.14954126190405123,0.04548160269059487,0.12241964105440623
2019-11-29 00:00:00+00:00,GLD,1509,0.0,0.1330188679245283,0.06734811567168844,0.14954126190405123,0.04422069932483419,0.10967115766476256
2019-12-06 00:00:00+00:00,GLD,1514,0.0,0.1330188679245283,0.07268063143293767,0.10660711093728577,0.03988580562203503,0.10973450049740432
2019-12-13 00:00:00+00:00,GLD,1519,0.0,0.1330188679245283,0.07396985700320112,0.07510561301212576,0.04790246793263497,0.10771006446224324
2019-12-20 00:00:00+00:00,GLD,1524,0.0,0.1330188679245283,0.07388982038056496,0.07510561301212576,0.04801948598920758,0.09651075106289278
2019-12-27 00:00:00+00:00,GLD,1528,0.0,0.1330188679245283,0.07188027151656537,0.0391526532205186,0.06614553185302907,0.09031803452919712
2020-01-03 00:00:00+00:00,SPY,1532,0.0,0.12128146453089245,0.13821264255398624,0.1084736733620595,0.09589495830647299,0.07204424801645323
2020-01-10 00:00:00+00:00,SPY,1537,0.0,0.12128146453089245,0.11936814606845356,0.10618115509933196,0.10262552277932913,0.06744505496359136
2020-01-17 00:00:00+00:00,SPY,1542,0.0,0.12128146453089245,0.12038640735155662,0.16560780819900525,0.11910296406863563,0.06694249303389223
2020-01-24 00:00:00+00:00,SPY,1546,0.0,0.12128146453089245,0.13719751371220004,0.09956939857474022,0.10488588106147967,0.07013947543576325
2020-01-31 00:00:00+00:00,SPY,1551,1.0,0.12128146453089245,0.160023623158904,0.06613101320678628,0.07760062887821517,0.0881797416537583
2020-02-07 00:00:00+00:00,SPY,1556,1.0,0.12128146453089245,0.1245769764598593,0.07709406949825383,0.10861922236563148,0.0967979142019901
2020-02-14 00:00:00+00:00,SPY,1561,1.0,0.12128146453089245,0.12966145478206673,0.19216477836256413,0.12218833981113408,0.097511812626223
2020-02-21 00:00:00+00:00,SPY,1565,1.0,0.12128146453089245,0.1615999216425492,0.09252531413932705,0.10489095652962521,0.10084132649973428
2020-02-28 00:00:00+00:00,SPY,1570,1.0,0.12128146453089245,0.3714607931040436,0.28925010362154524,-0.020603018572648124,0.16459154116580615
2020-03-06 00:00:00+00:00,SPY,1575,1.0,0.12128146453089245,0.2888911011915356,0.29416406106517784,-0.018476410609216898,0.22642100347313374
2020-03-13 00:00:00+00:00,SPY,1580,1.0,0.12128146453089245,0.7126333184199826,0.2324508250893183,-0.11082404925025169,0.4089853003612247
2020-03-20 00:00:00+00:00,SPY,1585,0.0,0.12128146453089245,0.8518147473236959,0.2324508250893183,-0.23803309654928906,0.4945394255067693
2020-03-27 00:00:00+00:00,SPY,1590,0.0,0.12128146453089245,0.7276034728802175,0.1933270151633427,-0.15347095740219152,0.5524924394185944
2020-04-03 00:00:00+00:00,SPY,1595,0.0,0.12128146453089245,0.8261516294023967,0.19708619116139026,-0.1687338976747731,0.5664610380931981
2020-04-09 00:00:00+00:00,SPY,1599,0.0,0.12128146453089245,0.683213455739868,0.17710503431976532,-0.06708509175432109,0.5900101166003637
2020-04-17 00:00:00+00:00,SPY,1604,0.0,0.12128146453089245,0.4743574412758553,0.26462005346761713,-0.038109388267186795,0.5976973315241944
2020-04-24 00:00:00+00:00,SPY,1609,0.0,0.12128146453089245,0.22624752704428167,0.26930270069764145,-0.049286231157294136,0.6029565407463184
2020-05-01 00:00:00+00:00,SPY,1614,0.0,0.12128146453089245,0.178332417193077,0.26930270069764145,-0.04931450980214802,0.6060462172343416
2020-05-08 00:00:00+00:00,SPY,1619,0.0,0.12128146453089245,0.05122435366131293,0.26462005346761713,-0.01623773563081421,0.6077630097243788
2020-05-15 00:00:00+00:00,SPY,1624,0.0,0.12128146453089245,0.046452914555990016,0.2120062658540631,-0.03620264997138001,0.6104184247486653
2020-05-22 00:00:00+00:00,SPY,1629,0.0,0.12128146453089245,0.02935583171290546,0.13388497028912807,-0.006188340329627229,0.6012610923752082
2020-05-29 00:00:00+00:00,SPY,1633,0.0,0.12128146453089245,0.017760075317227533,0.11499560999563258,0.02261894399853981,0.5866619502887919
2020-06-05 00:00:00+00:00,SPY,1638,1.0,0.12128146453089245,0.040186456099836544,0.09853225293874911,0.07059694900742852,0.5403656801365945
2020-06-12 00:00:00+00:00,SPY,1643,0.0,0.12128146453089245,0.31682436626590316,0.35484914336600354,0.01739498990052346,0.4008610913366024
2020-06-19 00:00:00+00:00,SPY,1648,0.0,0.12128146453089245,0.21740107471739106,0.23662960433306227,0.03472831454106573,0.34177631683112636
2020-06-26 00:00:00+00:00,SPY,1653,0.0,0.12128146453089245,0.31846409331097275,0.3935679065037613,0.004735573211544386,0.3020451866313842
2020-07-02 00:00:00+00:00,SPY,1657,0.0,0.12128146453089245,0.23057982628188428,0.18200515152323077,0.04454800691431182,0.2679094987627487
2020-07-10 00:00:00+00:00,SPY,1662,0.0,0.12128146453089245,0.14182062185562835,0.11153946421230733,0.0605341672613946,0.25096333334618
2020-07-17 00:00:00+00:00,SPY,1667,0.0,0.12128146453089245,0.1310565581886396,0.09853225293874911,0.07181368062276139,0.2317950801221296
2020-07-24 00:00:00+00:00,SPY,1672,0.0,0.12128146453089245,0.12998147358473602,0.11393292512343242,0.06568720073013434,0.2261878507072277
2020-07-31 00:00:00+00:00,SPY,1677,0.0,0.12128146453089245,0.10459391328127887,0.07167629232227421,0.08142714194734224,0.21843680919113687
2020-08-07 00:00:00+00:00,SPY,1682,0.0,0.12128146453089245,0.10105606440237445,0.1313944655694084,0.10465528495801535,0.2067260773951686
2020-08-14 00:00:00+00:00,SPY,1687,0.0,0.12128146453089245,0.09840447415855338,0.1313944655694084,0.1086031742230329,0.19651755312878053
2020-08-21 00:00:00+00:00,SPY,1692,0.0,0.12128146453089245,0.08719223101644638,0.1313944655694084,0.11387296196050256,0.1930124508893779
2020-08-28 00:00:00+00:00,SPY,1697,1.0,0.12128146453089245,0.07343925334155736,0.26176834706119295,0.14624771242024437,0.19249136233363853
2020-09-04 00:00:00+00:00,SPY,1702,0.0,0.12128146453089245,0.22216290297719518,0.1583120671243341,0.1161070823866528,0.15977507867606128
2020-09-11 00:00:00+00:00,SPY,1706,0.0,0.12128146453089245,0.2433044226616517,0.16777021716888743,0.08635802455197816,0.1731008793896718
2020-09-18 00:00:00+00:00,SPY,1711,0.0,0.12128146453089245,0.24649799999694408,0.1660050909677161,0.07705534546181747,0.16860252089384592
2020-09-25 00:00:00+00:00,SPY,1716,0.0,0.12128146453089245,0.23989071761324185,0.1660050909677161,0.06912814802292755,0.16854001032492694
2020-10-02 00:00:00+00:00,SPY,1721,0.0,0.12128146453089245,0.18746687256252295,0.16271860488301787,0.0837293688908034,0.16881469608272928
2020-10-09 00:00:00+00:00,SPY,1726,1.0,0.12128146453089245,0.1534188483947626,0.29238614709021704,0.12362546449736045,0.1748872964446833
2020-10-16 00:00:00+00:00,SPY,1731,1.0,0.12128146453089245,0.18538194389378748,0.29238614709021704,0.12224244466474432,0.17616231218803052
2020-10-23 00:00:00+00:00,SPY,1736,0.0,0.12128146453089245,0.16678222051186312,0.16827488521018255,0.11517282515855976,0.17631424318652655
2020-10-30 00:00:00+00:00,SPY,1741,0.0,0.12128146453089245,0.23226996738257746,0.1354541806206372,0.05237907473275971,0.1948345566901194
2020-11-06 00:00:00+00:00,SPY,1746,0.0,0.12128146453089245,0.10083261249192288,0.2524416529217319,0.12707596866710347,0.20558379169329546
2020-11-13 00:00:00+00:00,SPY,1751,0.0,0.12128146453089245,0.12875076012276562,0.28681335751913606,0.14942933543009485,0.20994570071948787
2020-11-20 00:00:00+00:00,SPY,1756,0.0,0.12128146453089245,0.15961018087936613,0.23812821176660376,0.13754910976054346,0.21217317890774956
2020-11-27 00:00:00+00:00,SPY,1760,0.0,0.12128146453089245,0.11403010791212578,0.19457557714532178,0.16198699851200637,0.21173027282041187
2020-12-04 00:00:00+00:00,SPY,1765,0.0,0.12128146453089245,0.1083506816739725,0.23514696107474156,0.17849237367168502,0.18291230899376063
2020-12-11 00:00:00+00:00,SPY,1770,0.0,0.12128146453089245,0.11797627120767376,0.23514696107474156,0.16124927001601108,0.18121762765004074
2020-12-18 00:00:00+00:00,SPY,1775,0.0,0.12128146453089245,0.10792731101955941,0.26176834706119295,0.16894197795721833,0.1711653875919908
2020-12-24 00:00:00+00:00,SPY,1779,0.0,0.12128146453089245,0.09291174541807502,0.26176834706119295,0.16090223420355731,0.16547310450774494
2020-12-31 00:00:00+00:00,SPY,1783,0.0,0.12128146453089245,0.08438705715313823,0.24556058693191013,0.16696857210035954,0.15767810468670776
2020-01-03 00:00:00+00:00,QQQ,1532,0.0,0.19298245614035087,0.2296819723614756,0.2696321436764864,0.1251176561987155,0.09833639352946018
2020-01-10 00:00:00+00:00,QQQ,1537,0.0,0.19298245614035087,0.19571471599007959,0.2451631376932741,0.1415945818540303,0.09386944349937627
2020-01-17 00:00:00+00:00,QQQ,1542,0.0,0.19298245614035087,0.21762372879907646,0.2451631376932741,0.16121030806514058,0.09092368579327552
2020-01-24 00:00:00+00:00,QQQ,1546,0.0,0.19298245614035087,0.23458797691448124,0.25769187319369774,0.15284653990571018,0.09044748358721932
2020-01-31 00:00:00+00:00,QQQ,1551,1.0,0.19298245614035087,0.2544136079798274,0.26734655196866713,0.12878863916578354,0.10826958940095979
2020-02-07 00:00:00+00:00,QQQ,1556,1.0,0.19298245614035087,0.2162920908162284,0.3347297333151534,0.17490136002588752,0.12065007775075728
2020-02-14 00:00:00+00:00,QQQ,1561,1.0,0.19298245614035087,0.24079565322866756,0.3266787117344883,0.1959733438679485,0.12284493104078938
2020-02-21 00:00:00+00:00,QQQ,1565,1.0,0.19298245614035087,0.3248972059606772,0.32009837133919505,0.16815658385622045,0.13226499503315278
2020-02-28 00:00:00+00:00,QQQ,1570,1.0,0.19298245614035087,0.5586602211823297,0.24050942460142033,0.039909853179878496,0.1943211011232522
2020-03-06 00:00:00+00:00,QQQ,1575,1.0,0.19298245614035087,0.44225323990776416,0.206885001253875,0.046982445403940254,0.25519539219435344
2020-03-13 00:00:00+00:00,QQQ,1580,0.0,0.19298245614035087,0.7846048666393027,0.42276327357396976,-0.03381544579975082,0.4147358071184884
2020-03-20 00:00:00+00:00,QQQ,1585,0.0,0.19298245614035087,0.9002111410064332,0.31450700919552754,-0.14273521579072534,0.5158719838700058
2020-03-27 00:00:00+00:00,QQQ,1590,0.0,0.19298245614035087,0.8319720869579403,0.30250262250514126,-0.06775318668177621,0.556816750321627
2020-04-03 00:00:00+00:00,QQQ,1595,0.0,0.19298245614035087,0.8693133246106413,0.2710672999655201,-0.07789541598490057,0.5691106964527479
2020-04-09 00:00:00+00:00,QQQ,1599,0.0,0.19298245614035087,0.7873562294790609,0.31670010265433435,0.00880387717262332,0.5896547915984509
2020-04-17 00:00:00+00:00,QQQ,1604,0.0,0.19298245614035087,0.3946889883871097,0.15947958170982238,0.07801665587752105,0.5985636373249305
2020-04-24 00:00:00+00:00,QQQ,1609,0.0,0.19298245614035087,0.2816600030722874,0.1627133614426728,0.0679871229704323,0.6052642687662032
2020-05-01 00:00:00+00:00,QQQ,1614,0.0,0.19298245614035087,0.2407900973259861,0.16649158524377855,0.05936314416892441,0.6103096253378759
2020-05-08 00:00:00+00:00,QQQ,1619,0.0,0.19298245614035087,0.06835248689313116,0.1477560233213411,0.1158340512821383,0.6114673713629644
2020-05-15 00:00:00+00:00,QQQ,1624,0.0,0.19298245614035087,0.04961363849446818,0.15079473195563636,0.1037967405400746,0.6137616096747319
2020-05-22 00:00:00+00:00,QQQ,1629,0.0,0.19298245614035087,0.0502830194308645,0.2540826969967798,0.12912732866185928,0.5973750365180185
2020-05-29 00:00:00+00:00,QQQ,1633,0.0,0.19298245614035087,0.0358037499287126,0.24167230714843677,0.14226707278770245,0.5793089836647273
2020-06-05 00:00:00+00:00,QQQ,1638,0.0,0.19298245614035087,0.05753542562164354,0.24167230714843677,0.1658123223280974,0.536612570285335
2020-06-12 00:00:00+00:00,QQQ,1643,0.0,0.19298245614035087,0.3158743318098169,0.2540826969967798,0.1395537456423872,0.375270822386558
2020-06-19 00:00:00+00:00,QQQ,1648,0.0,0.19298245614035087,0.2245501332655941,0.2540826969967798,0.1718695402192123,0.3321848059158816
2020-06-26 00:00:00+00:00,QQQ,1653,0.0,0.19298245614035087,0.3703391381144906,0.2540826969967798,0.14698960865483235,0.2933229868233968
2020-07-02 00:00:00+00:00,QQQ,1657,0.0,0.19298245614035087,0.3239764754373279,0.24167230714843677,0.1975890705897445,0.25615488025466954
2020-07-10 00:00:00+00:00,QQQ,1662,0.0,0.19298245614035087,0.24410065029078298,0.24167230714843677,0.24309841823583533,0.24343332769294387
2020-07-17 00:00:00+00:00,QQQ,1667,0.0,0.19298245614035087,0.3234969013823214,0.2540826969967798,0.21136177169322656,0.2243963519024533
2020-07-24 00:00:00+00:00,QQQ,1672,0.0,0.19298245614035087,0.35006672730097776,0.2540826969967798,0.1827802589674259,0.22532498055219966
2020-07-31 00:00:00+00:00,QQQ,1677,0.0,0.19298245614035087,0.24702000968923823,0.24167230714843677,0.22002717569100727,0.2217385329053845
2020-08-07 00:00:00+00:00,QQQ,1682,0.0,0.19298245614035087,0.26330639393517036,0.332971802657785,0.23478666545345717,0.21535179159938123
2020-08-14 00:00:00+00:00,QQQ,1687,0.0,0.19298245614035087,0.2824346677223992,0.27634378793055375,0.2272545902940799,0.2195211606080793
2020-08-21 00:00:00+00:00,QQQ,1692,1.0,0.19298245614035087,0.23408681527750794,0.24167230714843677,0.2595695239360172,0.22031303567199143
2020-08-28 00:00:00+00:00,QQQ,1697,1.0,0.19298245614035087,0.22072832525714386,0.24167230714843677,0.2942745051999016,0.22166560996970433
2020-09-04 00:00:00+00:00,QQQ,1702,0.0,0.19298245614035087,0.4834329760236872,0.2523726702542623,0.24197496706871657,0.2243423945261282
2020-09-11 00:00:00+00:00,QQQ,1706,0.0,0.19298245614035087,0.5489098453665049,0.38802350295376614,0.17710886513279545,0.255938835291017
2020-09-18 00:00:00+00:00,QQQ,1711,0.0,0.19298245614035087,0.46493342131537313,0.3980564666508331,0.15269739125212034,0.26065681298931326
2020-09-25 00:00:00+00:00,QQQ,1716,0.0,0.19298245614035087,0.38434983530056194,0.3980564666508331,0.16467982833649342,0.2654329172846535
2020-10-02 00:00:00+00:00,QQQ,1721,0.0,0.19298245614035087,0.33462879306706267,0.3508332003563121,0.16754963560461267,0.2708765153763341
2020-10-09 00:00:00+00:00,QQQ,1726,1.0,0.19298245614035087,0.2714684774569375,0.32907213847807815,0.20703070261382694,0.2757396195041847
2020-10-16 00:00:00+00:00,QQQ,1731,1.0,0.19298245614035087,0.33193170479313905,0.3067019247158354,0.208762820264502,0.2713374048374481
2020-10-23 00:00:00+00:00,QQQ,1736,0.0,0.19298245614035087,0.29582912035462233,0.2540826969967798,0.1844301998364053,0.2684587680077468
2020-10-30 00:00:00+00:00,QQQ,1741,0.0,0.19298245614035087,0.3414173431743467,0.18690506235615129,0.11398338261575303,0.2854823948669759
2020-11-06 00:00:00+00:00,QQQ,1746,0.0,0.19298245614035087,0.17060604467380844,0.3524000083991558,0.21063306117031178,0.29792581553883174
2020-11-13 00:00:00+00:00,QQQ,1751,0.0,0.19298245614035087,0.2554302497973016,0.3078233078952764,0.18716063281852535,0.3047391374182993
2020-11-20 00:00:00+00:00,QQQ,1756,0.0,0.19298245614035087,0.23559961437609084,0.2972215511034843,0.17710464339221454,0.3023421685882767
2020-11-27 00:00:00+00:00,QQQ,1760,0.0,0.19298245614035087,0.14870515458199646,0.16068095669560153,0.20594020131128965,0.30127410384309083
2020-12-04 00:00:00+00:00,QQQ,1765,0.0,0.19298245614035087,0.12068957293001054,0.24167230714843677,0.22356320679272113,0.25202316960097393
2020-12-11 00:00:00+00:00,QQQ,1770,0.0,0.19298245614035087,0.14370636784267599,0.20219933058552692,0.19781676134024462,0.24814619615060604
2020-12-18 00:00:00+00:00,QQQ,1775,0.0,0.19298245614035087,0.12519992926442441,0.19167193877949784,0.21874650757945746,0.23554537689229077
2020-12-24 00:00:00+00:00,QQQ,1779,0.0,0.19298245614035087,0.12190713651906196,0.19167193877949784,0.20779662798710175,0.22846380081720077
2020-12-31 00:00:00+00:00,QQQ,1783,0.0,0.19298245614035087,0.11324856083485707,0.2861152160063066,0.21143677207611056,0.2109421496244138
2020-01-03 00:00:00+00:00,GLD,1532,0.0,0.10755148741418764,0.07181733144402822,0.06923561946559233,0.08925165548824565,0.09163693345419041
2020-01-10 00:00:00+00:00,GLD,1537,0.0,0.10755148741418764,0.09394974371540646,0.08668165916340587,0.09241672675894708,0.09270493853751828
2020-01-17 00:00:00+00:00,GLD,1542,0.0,0.10755148741418764,0.10088151859915655,0.0870230807425068,0.08505241573124889,0.0935963073644038
2020-01-24 00:00:00+00:00,GLD,1546,0.0,0.10755148741418764,0.08581270852717394,0.08668165916340587,0.09142145589920037,0.09116177873336706
2020-01-31 00:00:00+00:00,GLD,1551,0.0,0.10755148741418764,0.08606095771955179,0.07147089915652943,0.09598312313673962,0.09220900465840128
2020-02-07 00:00:00+00:00,GLD,1556,0.0,0.10755148741418764,0.10086796018264273,0.06701694836361992,0.07933419770849781,0.08311967416400512
2020-02-14 00:00:00+00:00,GLD,1561,1.0,0.10755148741418764,0.08301971893983294,0.05754618553937513,0.08277880587415543,0.08364973837688337
2020-02-21 00:00:00+00:00,GLD,1565,1.0,0.10755148741418764,0.0965695610905794,0.14820020245668075,0.11902860357975409,0.09020521989958959
2020-02-28 00:00:00+00:00,GLD,1570,1.0,0.10755148741418764,0.20592422958467868,0.16613933006563897,0.06724979113287266,0.12530278590088895
2020-03-06 00:00:00+00:00,GLD,1575,1.0,0.10755148741418764,0.14446370425054775,0.26547950941417625,0.1264518371841914,0.14243993723823445
2020-03-13 00:00:00+00:00,GLD,1580,0.0,0.10755148741418764,0.3673572736471177,0.3048939342915665,0.018855723294911142,0.18419792985813707
2020-03-20 00:00:00+00:00,GLD,1585,0.0,0.10755148741418764,0.24687567783184633,0.3348447711842205,-0.006628025250829728,0.19865035771587575
2020-03-27 00:00:00+00:00,GLD,1590,0.0,0.10755148741418764,0.1891449634293211,0.18682521911083308,0.07458009726406822,0.24189190569875138
2020-04-03 00:00:00+00:00,GLD,1595,0.0,0.10755148741418764,0.2065021145097346,0.16180262414025542,0.07284784391838328,0.2510010404279163
2020-04-09 00:00:00+00:00,GLD,1599,0.0,0.10755148741418764,0.19833907363809275,0.16884659610086677,0.11158590025122184,0.2620215321866178
2020-04-17 00:00:00+00:00,GLD,1604,0.0,0.10755148741418764,0.29270090269757254,0.18907736945720321,0.10520308895510899,0.26800052826361004
2020-04-24 00:00:00+00:00,GLD,1609,0.0,0.10755148741418764,0.10633883520700403,0.21178035216905683,0.12793426582880052,0.27087709732876875
2020-05-01 00:00:00+00:00,GLD,1614,0.0,0.10755148741418764,0.12513884672422484,0.1162627502751313,0.1028996803402189,0.2726914206424511
2020-05-08 00:00:00+00:00,GLD,1619,0.0,0.10755148741418764,0.07242289173546751,0.1138266327515071,0.10242209698830207,0.275951576959309
2020-05-15 00:00:00+00:00,GLD,1624,0.0,0.10755148741418764,0.05120167677957269,0.1818431791914989,0.12121888435221884,0.2761324292062879
2020-05-22 00:00:00+00:00,GLD,1629,0.0,0.10755148741418764,0.05170282547052853,0.08941115253077932,0.11146566182090822,0.27454456229204255
2020-05-29 00:00:00+00:00,GLD,1633,0.0,0.10755148741418764,0.05434706068853817,0.08748197544675247,0.1064350587366818,0.2579047789896821
2020-06-05 00:00:00+00:00,GLD,1638,0.0,0.10755148741418764,0.07360431686943052,0.08967674623716411,0.06979167226629301,0.2582767949258502
2020-06-12 00:00:00+00:00,GLD,1643,0.0,0.10755148741418764,0.07665215829517809,0.1138266327515071,0.09756753172391397,0.23098515858805868
2020-06-19 00:00:00+00:00,GLD,1648,0.0,0.10755148741418764,0.08411371856781151,0.12200098973422031,0.10380719900209479,0.18262654204337306
2020-06-26 00:00:00+00:00,GLD,1653,0.0,0.10755148741418764,0.09312690532955893,0.11109705126962108,0.11611058152198894,0.16709036143434253
2020-07-02 00:00:00+00:00,GLD,1657,0.0,0.10755148741418764,0.08389956070797361,0.1029177482468666,0.11520250897958717,0.15488205077184578
2020-07-10 00:00:00+00:00,GLD,1662,0.0,0.10755148741418764,0.061604335474238416,0.23525393320168855,0.1249761679549144,0.1408969827177683
2020-07-17 00:00:00+00:00,GLD,1667,0.0,0.10755148741418764,0.07164209338745367,0.2372992199339796,0.12571073907776809,0.13000934493521302
2020-07-24 00:00:00+00:00,GLD,1672,0.0,0.10755148741418764,0.07146855843840375,0.23673665190104265,0.1759580591172507,0.1334439560764078
2020-07-31 00:00:00+00:00,GLD,1677,0.0,0.10755148741418764,0.11677041558001504,0.23673665190104265,0.21158657616282417,0.1311482577076692
2020-08-07 00:00:00+00:00,GLD,1682,1.0,0.10755148741418764,0.17236860852061933,0.21193013687522766,0.23664662429394423,0.13878871176987093
2020-08-14 00:00:00+00:00,GLD,1687,0.0,0.10755148741418764,0.34965049207546417,0.3021213850749982,0.17504263321109814,0.1850775049912472
2020-08-21 00:00:00+00:00,GLD,1692,0.0,0.10755148741418764,0.29447757522109264,0.3040314186402911,0.16372772418385617,0.1977474104293854
2020-08-28 00:00:00+00:00,GLD,1697,1.0,0.10755148741418764,0.24643792724906988,0.3040314186402911,0.17056070745122454,0.1974452261963262
2020-09-04 00:00:00+00:00,GLD,1702,0.0,0.10755148741418764,0.23641152133173765,0.3099253578607734,0.1449902904195588,0.19161400786354096
2020-09-11 00:00:00+00:00,GLD,1706,0.0,0.10755148741418764,0.15090644072949996,0.2825096696548528,0.14369173762479037,0.1925664756407752
2020-09-18 00:00:00+00:00,GLD,1711,0.0,0.10755148741418764,0.10081930871609902,0.2265848416485996,0.1402462278999248,0.1916580763519972
2020-09-25 00:00:00+00:00,GLD,1716,0.0,0.10755148741418764,0.15208888814233873,0.1277400010079454,0.08235997758304259,0.20235212792436744
2020-10-02 00:00:00+00:00,GLD,1721,0.0,0.10755148741418764,0.09625038440443966,0.1262103806414297,0.09801641184178322,0.20401123475666796
2020-10-09 00:00:00+00:00,GLD,1726,0.0,0.10755148741418764,0.10553985610962484,0.13799629970232227,0.10704289422679181,0.2075545740513774
2020-10-16 00:00:00+00:00,GLD,1731,0.0,0.10755148741418764,0.11417234565414207,0.1345508760059049,0.0840962160799692,0.20588902211835158
2020-10-23 00:00:00+00:00,GLD,1736,0.0,0.10755148741418764,0.09409765533728928,0.10854354454776965,0.0808534533948535,0.20091021249094926
2020-10-30 00:00:00+00:00,GLD,1741,1.0,0.10755148741418764,0.07865377280965379,0.12834931369853383,0.061145643440920994,0.1941813349736741
2020-11-06 00:00:00+00:00,GLD,1746,1.0,0.10755148741418764,0.06832205956555663,0.11564872133705383,0.09773656207185688,0.1586966722456734
2020-11-13 00:00:00+00:00,GLD,1751,1.0,0.10755148741418764,0.14090088611302048,0.13281261643318915,0.05729924558693056,0.16452941058745643
2020-11-20 00:00:00+00:00,GLD,1756,0.0,0.10755148741418764,0.13073151519014217,0.12488743160419968,0.044058587886979916,0.16048192061915625
2020-11-27 00:00:00+00:00,GLD,1760,0.0,0.10755148741418764,0.17377149273954592,0.2737894899266983,-0.005469981351598485,0.16242280003049073
2020-12-04 00:00:00+00:00,GLD,1765,0.0,0.10755148741418764,0.09754914428920394,0.23100301332312204,0.018524037944692262,0.16881271769902592
2020-12-11 00:00:00+00:00,GLD,1770,0.0,0.10755148741418764,0.09412910411633378,0.23100301332312204,0.016470463127451485,0.1741053419072396
2020-12-18 00:00:00+00:00,GLD,1775,0.0,0.10755148741418764,0.09965410940146185,0.1527131479004549,0.036654240684606654,0.16799223637845917
2020-12-24 00:00:00+00:00,GLD,1779,0.0,0.10755148741418764,0.1109012830178946,0.11105343592349551,0.03344291820442935,0.16693944251756307
2020-12-31 00:00:00+00:00,GLD,1783,1.0,0.10755148741418764,0.08059316349635012,0.08601559994771155,0.04098393290640856,0.16507423049871425
2021-01-08 00:00:00+00:00,SPY,1788,0.0,0.14039566049776644,0.1283489366175747,0.29909404339082124,0.17699689337906688,0.15558164608147054
2021-01-15 00:00:00+00:00,SPY,1793,0.0,0.14039566049776644,0.15108740377651422,0.3016449527622644,0.14870947746207563,0.15301865776887216
2021-01-22 00:00:00+00:00,SPY,1797,0.0,0.14039566049776644,0.15402040283072266,0.3042488194276512,0.16156041611096694,0.14970888350009887
2021-01-29 00:00:00+00:00,SPY,1802,0.0,0.14039566049776644,0.23877284085028405,0.2415508047723548,0.11393997810950518,0.14389761464717477
2021-02-05 00:00:00+00:00,SPY,1807,0.0,0.14039566049776644,0.1535712582578768,0.3014772266281855,0.15777404954693597,0.1341099371812355
2021-02-12 00:00:00+00:00,SPY,1812,0.0,0.14039566049776644,0.1916599478845917,0.24340091808432998,0.1630479333850463,0.1277636075681633
2021-02-19 00:00:00+00:00,SPY,1816,0.0,0.14039566049776644,0.19243168260231008,0.3599316458810998,0.14789124892620276,0.12338113607092223
2021-02-26 00:00:00+00:00,SPY,1821,0.0,0.14039566049776644,0.21477792511054217,0.16477277147898473,0.11119699660765625,0.13298714936267278
2021-03-05 00:00:00+00:00,SPY,1826,0.0,0.14039566049776644,0.15028150103482613,0.18086119769605893,0.1126864647355641,0.15003948371974787
2021-03-12 00:00:00+00:00,SPY,1831,0.0,0.14039566049776644,0.13560174593044097,0.23571476300668384,0.13511988811041986,0.15253558177901166
2021-03-19 00:00:00+00:00,SPY,1836,0.0,0.14039566049776644,0.1725323182067823,0.21704547475042624,0.11822548944293043,0.1535313646373792
2021-03-26 00:00:00+00:00,SPY,1841,0.0,0.14039566049776644,0.1473468308536387,0.19288364835080823,0.13061062605629647,0.15807061877171197
2021-04-01 00:00:00+00:00,SPY,1845,0.0,0.14039566049776644,0.13700395528276102,0.22568121993797424,0.1376267889317575,0.15602385525507118
2021-04-09 00:00:00+00:00,SPY,1850,0.0,0.14039566049776644,0.12811814618156514,0.23808784446999437,0.16020665844781723,0.15504740575723497
2021-04-16 00:00:00+00:00,SPY,1855,0.0,0.14039566049776644,0.14422703114480723,0.3158387079036597,0.16722376683009488,0.15254910418880194
2021-04-23 00:00:00+00:00,SPY,1860,0.0,0.14039566049776644,0.1707808457430343,0.3158387079036597,0.1573408409015391,0.14771050918493522
2021-04-30 00:00:00+00:00,SPY,1865,0.0,0.14039566049776644,0.15868615527128177,0.29909404339082124,0.15058049602183532,0.13566327417784965
2021-05-07 00:00:00+00:00,SPY,1870,0.0,0.14039566049776644,0.13153903850480714,0.23808784446999437,0.15605121716460646,0.13552857238247482
2021-05-14 00:00:00+00:00,SPY,1875,0.0,0.14039566049776644,0.1508337106528812,0.21532478189939722,0.1335903568299046,0.15046620160870594
2021-05-21 00:00:00+00:00,SPY,1880,0.0,0.14039566049776644,0.1525338277900424,0.24029682634737826,0.12231865479737491,0.14157860052956314
2021-05-28 00:00:00+00:00,SPY,1885,0.0,0.14039566049776644,0.15892662792527365,0.30282317465121333,0.12938837592093422,0.1259859079544442
2021-06-04 00:00:00+00:00,SPY,1889,0.0,0.14039566049776644,0.15437251774377075,0.2916803985407535,0.1310012927781592,0.1187920147806075
2021-06-11 00:00:00+00:00,SPY,1894,0.0,0.14039566049776644,0.1405625418820319,0.2065507204642051,0.12905845359157397,0.11725147963376888
2021-06-18 00:00:00+00:00,SPY,1899,0.0,0.14039566049776644,0.15445720851767464,0.17218085451559345,0.10208727335795587,0.11447363520152788
2021-06-25 00:00:00+00:00,SPY,1904,0.0,0.14039566049776644,0.12412674659906837,0.23465822017391103,0.12677981984988507,0.11361526022958232
2021-07-02 00:00:00+00:00,SPY,1909,0.0,0.14039566049776644,0.1408234133723871,0.2105897549168086,0.13824283742103516,0.1094094800146947
2021-07-09 00:00:00+00:00,SPY,1913,0.0,0.14039566049776644,0.14796322803372997,0.2464141357260546,0.13661908091425468,0.11189744926247375
2021-07-16 00:00:00+00:00,SPY,1918,0.0,0.14039566049776644,0.1742016606266837,0.16952246573087146,0.11767134232153831,0.10883391366807663
2021-07-23 00:00:00+00:00,SPY,1923,0.0,0.14039566049776644,0.1475392217742354,0.23421037409331458,0.13256665240746046,0.11580003622225883
2021-07-30 00:00:00+00:00,SPY,1928,0.0,0.14039566049776644,0.1569460369910924,0.2298502136007154,0.12191508606969714,0.11468544217038427
2021-08-06 00:00:00+00:00,SPY,1933,0.0,0.14039566049776644,0.1580316109282828,0.3312752021085493,0.12501104402123664,0.1009581085253026
2021-08-13 00:00:00+00:00,SPY,1938,0.0,0.14039566049776644,0.17733366322800964,0.27621867140260514,0.126183617265349,0.09142011713657924
2021-08-20 00:00:00+00:00,SPY,1943,0.0,0.14039566049776644,0.15421721737189856,0.1215734610480495,0.11155313458066796,0.09297962521496621
2021-08-27 00:00:00+00:00,SPY,1948,0.0,0.14039566049776644,0.15110178037862088,0.20241881991325625,0.12169937834726263,0.09617256691702337
2021-09-03 00:00:00+00:00,SPY,1953,1.0,0.14039566049776644,0.1512000526757003,0.1943633699180951,0.12190319254685456,0.09473847133799984
2021-09-10 00:00:00+00:00,SPY,1957,0.0,0.14039566049776644,0.16645022804220008,0.11280236174691016,0.09774945705824756,0.09655882732610928
2021-09-17 00:00:00+00:00,SPY,1962,0.0,0.14039566049776644,0.16905554969650266,0.0965158566102214,0.08551978973938068,0.09212661020491154
2021-09-24 00:00:00+00:00,SPY,1967,0.0,0.14039566049776644,0.14818948376383756,0.11603159508968094,0.08667352938887318,0.10269319759770282
2021-10-01 00:00:00+00:00,SPY,1972,0.0,0.14039566049776644,0.16460446854058208,0.16064141059235643,0.05826673192011467,0.1137754943758105
2021-10-08 00:00:00+00:00,SPY,1977,0.0,0.14039566049776644,0.1584733406157923,0.1465622268217986,0.06258969829377548,0.11779272139349335
2021-10-15 00:00:00+00:00,SPY,1982,0.0,0.14039566049776644,0.15708524344134908,0.1865227189429114,0.07735338911670708,0.11497416928119664
2021-10-22 00:00:00+00:00,SPY,1987,0.0,0.14039566049776644,0.14250617768969412,0.13676098606075987,0.08949619858003621,0.11380270644663686
2021-10-29 00:00:00+00:00,SPY,1992,0.0,0.14039566049776644,0.14957357352140227,0.1694285793828515,0.09889240456421722,0.11331537431323405
2021-11-05 00:00:00+00:00,SPY,1997,0.0,0.14039566049776644,0.14779488455304104,0.15234967583325293,0.11529061108844996,0.11425395622818298
2021-11-12 00:00:00+00:00,SPY,2002,0.0,0.14039566049776644,0.14757542358512316,0.169754772195344,0.10624789475308427,0.11314454960624315
2021-11-19 00:00:00+00:00,SPY,2007,0.0,0.14039566049776644,0.13220845567629652,0.14681002386612163,0.10422120028957038,0.1107781299404481
2021-11-26 00:00:00+00:00,SPY,2011,0.0,0.14039566049776644,0.15490580736886936,0.15218845819301308,0.0768311081373787,0.11921372220756142
2021-12-03 00:00:00+00:00,SPY,2016,0.0,0.14039566049776644,0.14874351693276547,0.11529324754659802,0.059554156209601805,0.1347515820950346
2021-12-10 00:00:00+00:00,SPY,2021,0.0,0.14039566049776644,0.12271412408988441,0.1433924763175246,0.0946128219922,0.1422901993196221
2021-12-17 00:00:00+00:00,SPY,2026,0.0,0.14039566049776644,0.16260521697774608,0.16522725779136538,0.06776568190412657,0.14180725143268286
2021-12-23 00:00:00+00:00,SPY,2030,1.0,0.14039566049776644,0.1542799490566346,0.15276006169785608,0.08857541131562252,0.1426329706412623
2021-12-31 00:00:00+00:00,SPY,2035,1.0,0.14039566049776644,0.16679966577884864,0.17668146064459342,0.09317863918934521,0.1366710967328893
2021-01-08 00:00:00+00:00,QQQ,1788,0.0,0.19783024888321635,0.16137031082517175,0.23387791297142635,0.2158580189095658,0.20981326059535466
2021-01-15 00:00:00+00:00,QQQ,1793,0.0,0.19783024888321635,0.1899431941039859,0.298644172993628,0.1743895538181719,0.20873733994232008
2021-01-22 00:00:00+00:00,QQQ,1797,0.0,0.19783024888321635,0.18489069708432967,0.2755293487865639,0.2132908549415995,0.2123423131192569
2021-01-29 00:00:00+00:00,QQQ,1802,0.0,0.19783024888321635,0.32922815656014975,0.3761863843558434,0.1600433726300421,0.19960576654494439
2021-02-05 00:00:00+00:00,QQQ,1807,1.0,0.19783024888321635,0.2408420361802627,0.3252968836337883,0.20896524902689229,0.17384622564283914
2021-02-12 00:00:00+00:00,QQQ,1812,1.0,0.19783024888321635,0.3019399463353697,0.33206104347833554,0.21415303680263054,0.16287853662148563
2021-02-19 00:00:00+00:00,QQQ,1816,1.0,0.19783024888321635,0.27449658468750465,0.3229165128874537,0.18448047224493047,0.1619147309985405
2021-02-26 00:00:00+00:00,QQQ,1821,1.0,0.19783024888321635,0.33002229342999534,0.2796129786593202,0.11442336153691168,0.18550123232606708
2021-03-05 00:00:00+00:00,QQQ,1826,0.0,0.19783024888321635,0.24771148356578987,0.19232555912645938,0.0863979704111737,0.21059775785353002
2021-03-12 00:00:00+00:00,QQQ,1831,0.0,0.19783024888321635,0.2197122291152208,0.21494128637495896,0.10228958730146442,0.23305246997747978
2021-03-19 00:00:00+00:00,QQQ,1836,0.0,0.19783024888321635,0.2611223277164641,0.1870164408171048,0.08619576962541387,0.24150281626554437
2021-03-26 00:00:00+00:00,QQQ,1841,0.0,0.19783024888321635,0.24636751074216331,0.14566774773878707,0.09039920997459605,0.2478742674313921
2021-04-01 00:00:00+00:00,QQQ,1845,0.0,0.19783024888321635,0.19591765193467875,0.1342949695781263,0.11368792376257231,0.24995901675304485
2021-04-09 00:00:00+00:00,QQQ,1850,0.0,0.19783024888321635,0.12424796783063029,0.10453066700648687,0.14799131983701463,0.2441718154677553
2021-04-16 00:00:00+00:00,QQQ,1855,1.0,0.19783024888321635,0.13874724154458,0.09842066946975342,0.15522139087085707,0.24119651208216253
2021-04-23 00:00:00+00:00,QQQ,1860,1.0,0.19783024888321635,0.15718686153653685,0.1137278478521492,0.13848517407988092,0.23746334396936064
2021-04-30 00:00:00+00:00,QQQ,1865,1.0,0.19783024888321635,0.12692250624913093,0.1962304503887944,0.12618942911457354,0.22635132667727295
2021-05-07 00:00:00+00:00,QQQ,1870,0.0,0.19783024888321635,0.10684020138887577,0.1441094606665012,0.10708997911798357,0.22927698587330797
2021-05-14 00:00:00+00:00,QQQ,1875,0.0,0.19783024888321635,0.12100749344096495,0.17078877978229254,0.07538697366048641,0.24500470358604834
2021-05-21 00:00:00+00:00,QQQ,1880,0.0,0.19783024888321635,0.1324927485274469,0.13205841532743343,0.07228154924628849,0.23121300027161015
2021-05-28 00:00:00+00:00,QQQ,1885,0.0,0.19783024888321635,0.14820580954652623,0.20364971277135005,0.08930917477975564,0.21101617646332996
2021-06-04 00:00:00+00:00,QQQ,1889,0.0,0.19783024888321635,0.18561199936495806,0.19934619785544577,0.09053565549578013,0.18827372400519013
2021-06-11 00:00:00+00:00,QQQ,1894,0.0,0.19783024888321635,0.16052008003453686,0.15928325651793027,0.10368535489905284,0.18148062307114954
2021-06-18 00:00:00+00:00,QQQ,1899,0.0,0.19783024888321635,0.1733630007480288,0.1904907982790304,0.10372031204910948,0.16514275753932173
2021-06-25 00:00:00+00:00,QQQ,1904,0.0,0.19783024888321635,0.16022472130930362,0.23597264787676164,0.12117994855123682,0.1610202896379968
2021-07-02 00:00:00+00:00,QQQ,1909,0.0,0.19783024888321635,0.16615074714812034,0.22228688753585457,0.1431044543467883,0.15501023985361354
2021-07-09 00:00:00+00:00,QQQ,1913,0.0,0.19783024888321635,0.17077400085743488,0.22228688753585457,0.14394463541594593,0.15186920271663132
2021-07-16 00:00:00+00:00,QQQ,1918,0.0,0.19783024888321635,0.19051018939759373,0.23414525209364123,0.12498474895533906,0.14803875543703876
2021-07-23 00:00:00+00:00,QQQ,1923,0.0,0.19783024888321635,0.170528445467247,0.2589350485407716,0.15066983118030852,0.14794858663243735
2021-07-30 00:00:00+00:00,QQQ,1928,0.0,0.19783024888321635,0.21239431660513294,0.3397189188036394,0.13225310607564045,0.14331513230097973
2021-08-06 00:00:00+00:00,QQQ,1933,0.0,0.19783024888321635,0.22237214533068508,0.38604201463316423,0.13594006660999036,0.1182627770145505
2021-08-13 00:00:00+00:00,QQQ,1938,0.0,0.19783024888321635,0.23280827413776942,0.3635232782280582,0.13084994650655735,0.10894485128093383
2021-08-20 00:00:00+00:00,QQQ,1943,0.0,0.19783024888321635,0.20136012328266878,0.2137982597586898,0.1194021725004526,0.10391447207672368
2021-08-27 00:00:00+00:00,QQQ,1948,0.0,0.19783024888321635,0.21988628514258715,0.34793499494154645,0.13727157162040027,0.10569573944014038
2021-09-03 00:00:00+00:00,QQQ,1953,1.0,0.19783024888321635,0.23339311536939947,0.3262407695730854,0.14612203562843495,0.10161042408071565
2021-09-10 00:00:00+00:00,QQQ,1957,1.0,0.19783024888321635,0.2648472412875879,0.3430235457522435,0.12507035080493178,0.10127175176355618
2021-09-17 00:00:00+00:00,QQQ,1962,0.0,0.19783024888321635,0.2621890981002979,0.188958377944566,0.11026972024383341,0.09995895415719344
2021-09-24 00:00:00+00:00,QQQ,1967,0.0,0.19783024888321635,0.22862011154946107,0.17897350952901758,0.10464923919914804,0.10893963459517263
2021-10-01 00:00:00+00:00,QQQ,1972,0.0,0.19783024888321635,0.25299508798742526,0.192938385028957,0.06105048719243156,0.12322110221507637
2021-10-08 00:00:00+00:00,QQQ,1977,0.0,0.19783024888321635,0.23383862033145883,0.19078650242702294,0.059999824608381935,0.1342759060777162
2021-10-15 00:00:00+00:00,QQQ,1982,0.0,0.19783024888321635,0.21922799617762362,0.19078650242702294,0.07871463156471203,0.13646341035129408
2021-10-22 00:00:00+00:00,QQQ,1987,0.0,0.19783024888321635,0.2043625669733733,0.17167678498623457,0.0886684998425249,0.13625930182910007
2021-10-29 00:00:00+00:00,QQQ,1992,0.0,0.19783024888321635,0.1971264030016655,0.2110228237236968,0.11816526821367779,0.13834774767752273
2021-11-05 00:00:00+00:00,QQQ,1997,0.0,0.19783024888321635,0.21461308819392402,0.2694673271575173,0.14821250045701428,0.14078778735231526
2021-11-12 00:00:00+00:00,QQQ,2002,0.0,0.19783024888321635,0.23885341651044734,0.27366175120850444,0.13108340032855859,0.14345507241564573
2021-11-19 00:00:00+00:00,QQQ,2007,1.0,0.19783024888321635,0.2061889949186028,0.2694673271575173,0.15171367469014752,0.14055221668736445
2021-11-26 00:00:00+00:00,QQQ,2011,0.0,0.19783024888321635,0.24284348557237737,0.190277736291406,0.11118051857521816,0.14658170156757133
2021-12-03 00:00:00+00:00,QQQ,2016,0.0,0.19783024888321635,0.22071707600376625,0.19830679836286685,0.08379200982512636,0.16453557581816766
2021-12-10 00:00:00+00:00,QQQ,2021,0.0,0.19783024888321635,0.1841909642564519,0.2355504076840863,0.11977132772624288,0.17890510935688164
2021-12-17 00:00:00+00:00,QQQ,2026,0.0,0.19783024888321635,0.24759344931455365,0.23783099582031633,0.07699396226801092,0.18833756265197885
2021-12-23 00:00:00+00:00,QQQ,2030,1.0,0.19783024888321635,0.21654035070676073,0.22859442741022284,0.10696056609807125,0.18570464073148912
2021-12-31 00:00:00+00:00,QQQ,2035,1.0,0.19783024888321635,0.23111144770257847,0.22859442741022284,0.10303806176157071,0.18131771529968913
2021-01-08 00:00:00+00:00,GLD,1788,0.0,0.11805998723675813,0.12217692704357641,0.2682853929822492,0.0067268846321444364,0.1815778873256366
2021-01-15 00:00:00+00:00,GLD,1793,0.0,0.11805998723675813,0.10477221274512334,0.24911076359820392,-0.0092440522832552,0.1831892720730883
2021-01-22 00:00:00+00:00,GLD,1797,0.0,0.11805998723675813,0.09724003090078223,0.22578915350737128,0.00447592137037911,0.18627337213149706
2021-01-29 00:00:00+00:00,GLD,1802,1.0,0.11805998723675813,0.09569802510482564,0.24911076359820392,-0.004877885183579123,0.18215835750640683
2021-02-05 00:00:00+00:00,GLD,1807,1.0,0.11805998723675813,0.1132460562802953,0.24024119607543182,-0.022593296031339638,0.16067520286075304
2021-02-12 00:00:00+00:00,GLD,1812,1.0,0.11805998723675813,0.09900045705075743,0.1680072729068672,-0.018886236899340214,0.161873346020683
2021-02-19 00:00:00+00:00,GLD,1816,1.0,0.11805998723675813,0.10556158020538736,0.19101008930415148,-0.04080942341663074,0.16546247816165197
2021-02-26 00:00:00+00:00,GLD,1821,0.0,0.11805998723675813,0.14879273033200693,0.17757351769006605,-0.07160880425715144,0.17085104835762865
2021-03-05 00:00:00+00:00,GLD,1826,0.0,0.11805998723675813,0.14895924243253228,0.09935838198647638,-0.08659445283154665,0.1622806454154558
2021-03-12 00:00:00+00:00,GLD,1831,0.0,0.11805998723675813,0.12130620790131003,0.1316365970958086,-0.07286202179586843,0.16655697248516108
2021-03-19 00:00:00+00:00,GLD,1836,0.0,0.11805998723675813,0.1327046182956278,0.12624646007705578,-0.06290566567887446,0.16321520102914125
2021-03-26 00:00:00+00:00,GLD,1841,0.0,0.11805998723675813,0.13452389572454843,0.07965113645670115,-0.06884296855304406,0.16213084447363665
2021-04-01 00:00:00+00:00,GLD,1845,0.0,0.11805998723675813,0.12860838686055576,0.09273994991637882,-0.0700745416760018,0.16372639903853078
2021-04-09 00:00:00+00:00,GLD,1850,0.0,0.11805998723675813,0.09997287401402309,0.07965113645670115,-0.06254160234624695,0.14909475719429768
2021-04-16 00:00:00+00:00,GLD,1855,0.0,0.11805998723675813,0.09340437155450432,0.15924026135791325,-0.04452476409791384,0.1478753499439325
2021-04-23 00:00:00+00:00,GLD,1860,0.0,0.11805998723675813,0.10012725269447889,0.15924026135791325,-0.04405178470342508,0.14916066489496613
2021-04-30 00:00:00+00:00,GLD,1865,0.0,0.11805998723675813,0.08048751119543927,0.15602694249249804,-0.04784619497043241,0.1464187141746696
2021-05-07 00:00:00+00:00,GLD,1870,0.0,0.11805998723675813,0.06026785894913342,0.1221229504608205,-0.013334297222699965,0.1454111115080674
2021-05-14 00:00:00+00:00,GLD,1875,0.0,0.11805998723675813,0.0719598561564161,0.12618363902202853,-0.0056228321165379125,0.1418720605613925
2021-05-21 00:00:00+00:00,GLD,1880,1.0,0.11805998723675813,0.08487608480535708,0.13244221971878162,0.01538795732676479,0.13448889546059356
2021-05-28 00:00:00+00:00,GLD,1885,1.0,0.11805998723675813,0.11880355896169442,0.1696586637125974,0.030247594783625598,0.11942943025448323
2021-06-04 00:00:00+00:00,GLD,1889,1.0,0.11805998723675813,0.12084876677787808,0.1693515548707306,0.02413150836085487,0.11988679763506051
2021-06-11 00:00:00+00:00,GLD,1894,0.0,0.11805998723675813,0.11620949340294914,0.19863111438688205,0.0166379751161414,0.1226401638591992
2021-06-18 00:00:00+00:00,GLD,1899,0.0,0.11805998723675813,0.15207613280091425,0.2250073906385185,-0.04401045850958596,0.14315567187831743
2021-06-25 00:00:00+00:00,GLD,1904,0.0,0.11805998723675813,0.11395500590395141,0.2471238077561969,-0.03220720753303696,0.1350068778210022
2021-07-02 00:00:00+00:00,GLD,1909,0.0,0.11805998723675813,0.1081169344787719,0.1680072729068672,-0.02571558215819525,0.13286608692335378
2021-07-09 00:00:00+00:00,GLD,1913,0.0,0.11805998723675813,0.10339263048809692,0.17329248221600704,-0.013108454014505222,0.13068802586036177
2021-07-16 00:00:00+00:00,GLD,1918,0.0,0.11805998723675813,0.11261229063948384,0.12412220301611006,-0.011067604486952543,0.12777049895351952
2021-07-23 00:00:00+00:00,GLD,1923,0.0,0.11805998723675813,0.11428081988235601,0.12412220301611006,-0.014716431899403082,0.12694984711583698
2021-07-30 00:00:00+00:00,GLD,1928,0.0,0.11805998723675813,0.1084894530201907,0.12412220301611006,-0.0059698747553905696,0.12609090994226
2021-08-06 00:00:00+00:00,GLD,1933,0.0,0.11805998723675813,0.13675802709842672,0.19133060116994827,-0.03485009949300277,0.1288108951733815
2021-08-13 00:00:00+00:00,GLD,1938,0.0,0.11805998723675813,0.11532754022894814,0.1680072729068672,-0.022364179821110608,0.136030925556536
2021-08-20 00:00:00+00:00,GLD,1943,0.0,0.11805998723675813,0.12250870411965362,0.1680072729068672,-0.019103089157832653,0.13452414958269868
2021-08-27 00:00:00+00:00,GLD,1948,0.0,0.11805998723675813,0.10526259454121592,0.15924026135791325,0.002995623333403863,0.13524345654649716
2021-09-03 00:00:00+00:00,GLD,1953,0.0,0.11805998723675813,0.10044138755856317,0.14683006232778337,0.009092793076598937,0.13486972064777655
2021-09-10 00:00:00+00:00,GLD,1957,0.0,0.11805998723675813,0.09224539876986626,0.15924026135791325,-0.012969941880626612,0.13469149196597535
2021-09-17 00:00:00+00:00,GLD,1962,0.0,0.11805998723675813,0.1126074163933706,0.17049958058955353,-0.0327727202776017,0.12589424705191302
2021-09-24 00:00:00+00:00,GLD,1967,0.0,0.11805998723675813,0.10143874623477385,0.17049958058955353,-0.03430035558503974,0.12756708422366905
2021-10-01 00:00:00+00:00,GLD,1972,0.0,0.11805998723675813,0.0887175436045941,0.1680072729068672,-0.0253224521820562,0.13325148507788556
2021-10-08 00:00:00+00:00,GLD,1977,0.0,0.11805998723675813,0.08971439246516481,0.1680072729068672,-0.0258656276383461,0.13215689089913296
2021-10-15 00:00:00+00:00,GLD,1982,0.0,0.11805998723675813,0.08975897372928014,0.15924026135791325,-0.01781862299746717,0.14004145536097062
2021-10-22 00:00:00+00:00,GLD,1987,0.0,0.11805998723675813,0.08126716819284917,0.15924026135791325,-0.0012123669766219702,0.1395222004447964
2021-10-29 00:00:00+00:00,GLD,1992,0.0,0.11805998723675813,0.08348217699507883,0.15924026135791325,-0.007062908283062663,0.1411245750923336
2021-11-05 00:00:00+00:00,GLD,1997,0.0,0.11805998723675813,0.08679642214710644,0.12403606282720678,0.012859308253256874,0.12928567397906737
2021-11-12 00:00:00+00:00,GLD,2002,1.0,0.11805998723675813,0.08329189633959108,0.09617254396546,0.04041421607603479,0.12816929147400616
2021-11-19 00:00:00+00:00,GLD,2007,0.0,0.11805998723675813,0.0967264000058525,0.11861226525837676,0.029072295360587086,0.12868532878246192
2021-11-26 00:00:00+00:00,GLD,2011,0.0,0.11805998723675813,0.12330632148375256,0.19093396172340132,-0.0047477656384677935,0.13419529718953233
2021-12-03 00:00:00+00:00,GLD,2016,0.0,0.11805998723675813,0.10811280679585625,0.16162777974524326,-0.005809803716417039,0.12828210856285027
2021-12-10 00:00:00+00:00,GLD,2021,0.0,0.11805998723675813,0.09302174700930511,0.20370412423237969,-0.006023041825491626,0.11867665563253381
2021-12-17 00:00:00+00:00,GLD,2026,0.0,0.11805998723675813,0.09303496871281708,0.20370412423237969,0.0003073244025910693,0.11885435041741763
2021-12-23 00:00:00+00:00,GLD,2030,0.0,0.11805998723675813,0.09949159595636883,0.15474952203698789,0.006377344868023105,0.11822586149890088
2021-12-31 00:00:00+00:00,GLD,2035,0.0,0.11805998723675813,0.0987860673664914,0.12348995102800657,0.017161971349993088,0.11379429862043795
2022-01-07 00:00:00+00:00,SPY,2040,1.0,0.12204507971412865,0.15018934247763643,0.10727229214946776,0.06750279263346726,0.14163918213430937
2022-01-14 00:00:00+00:00,SPY,2045,1.0,0.12204507971412865,0.11989805301557252,0.10027003164924897,0.05985276755491964,0.1406092863546918
2022-01-21 00:00:00+00:00,SPY,2049,0.0,0.12204507971412865,0.14174754731315975,0.16756490466282656,-0.003194596818087314,0.1535391934758398
2022-01-28 00:00:00+00:00,SPY,2054,0.0,0.12204507971412865,0.0893587616365195,0.24660927531517698,0.004263279800424069,0.16264604531694726
2022-02-04 00:00:00+00:00,SPY,2059,1.0,0.12204507971412865,0.09947061841771855,0.21945707125479005,0.017254226907660986,0.17480225150954598
2022-02-11 00:00:00+00:00,SPY,2064,1.0,0.12204507971412865,0.12807614453816232,0.2524687079319386,-0.003425645410297662,0.1847011008816618
2022-02-18 00:00:00+00:00,SPY,2069,0.0,0.12204507971412865,0.15854877673959208,0.25152114443683754,-0.01905037958661282,0.1928045591383067
2022-02-25 00:00:00+00:00,SPY,2073,0.0,0.12204507971412865,0.18816256156565558,0.2399012643926852,-0.011928142828394273,0.19465879965195412
2022-03-04 00:00:00+00:00,SPY,2078,0.0,0.12204507971412865,0.14178314591778482,0.25152114443683754,-0.02592692099601901,0.19016813353401713
2022-03-11 00:00:00+00:00,SPY,2083,0.0,0.12204507971412865,0.15497928440647224,0.21069159865776868,-0.05365415409288288,0.2064750241838874
2022-03-18 00:00:00+00:00,SPY,2088,0.0,0.12204507971412865,0.11100861299229858,0.19611999504657757,0.0035384079655986778,0.21216293748261972
2022-03-25 00:00:00+00:00,SPY,2093,1.0,0.12204507971412865,0.11921982280359783,0.17324843504575224,0.020185577485571038,0.2141345172909426
2022-04-01 00:00:00+00:00,SPY,2098,1.0,0.12204507971412865,0.12947369867663217,0.17324843504575224,0.018522276192459497,0.2150636274391797
2022-04-08 00:00:00+00:00,SPY,2103,1.0,0.12204507971412865,0.1114251753105535,0.19611999504657757,0.004631167293423388,0.21741028541193125
2022-04-14 00:00:00+00:00,SPY,2107,1.0,0.12204507971412865,0.09066297254331485,0.20750876550274816,-0.018050373797654062,0.21742993188807364
2022-04-22 00:00:00+00:00,SPY,2112,1.0,0.12204507971412865,0.09342646261031527,0.23112402550022812,-0.04494578926316484,0.2229014892895554
2022-04-29 00:00:00+00:00,SPY,2117,1.0,0.12204507971412865,0.10532492304591232,0.2516936593138595,-0.07583691958580663,0.2380100981085979
2022-05-06 00:00:00+00:00,SPY,2122,0.0,0.12204507971412865,0.10547647334636673,0.17206626943017103,-0.07678670716788993,0.2503639859668944
2022-05-13 00:00:00+00:00,SPY,2127,1.0,0.12204507971412865,0.15431063893791114,0.2222377156913817,-0.09641159653186948,0.2577193885205028
2022-05-20 00:00:00+00:00,SPY,2132,1.0,0.12204507971412865,0.20058056849409078,0.24578056692738193,-0.12165774036787957,0.2657380826793173
2022-05-27 00:00:00+00:00,SPY,2137,1.0,0.12204507971412865,0.12247803170360809,0.13775634184066984,-0.06191545831792278,0.26967025614736845
2022-06-03 00:00:00+00:00,SPY,2141,1.0,0.12204507971412865,0.1476636435797267,0.15665652277729908,-0.07144190794451521,0.26183966330160385
2022-06-10 00:00:00+00:00,SPY,2146,0.0,0.12204507971412865,0.2518586925949106,0.2853990808508614,-0.11659687001185393,0.26397957820538753
2022-06-17 00:00:00+00:00,SPY,2151,0.0,0.12204507971412865,0.22895984418779336,0.30926769437647006,-0.16378378089472378,0.2781911167000708
2022-06-24 00:00:00+00:00,SPY,2155,0.0,0.12204507971412865,0.10430068984671235,0.17206626943017103,-0.10571084631556671,0.2889671717301295
2022-07-01 00:00:00+00:00,SPY,2160,0.0,0.12204507971412865,0.10667027962780401,0.2222377156913817,-0.12302502156556716,0.2896726266048811
2022-07-08 00:00:00+00:00,SPY,2164,0.0,0.12204507971412865,0.08462935016854148,0.17206626943017103,-0.10394561568527405,0.2897387924306056
2022-07-15 00:00:00+00:00,SPY,2169,0.0,0.12204507971412865,0.11613327085031531,0.11838214518805786,-0.10932997034039471,0.2894722343455857
2022-07-22 00:00:00+00:00,SPY,2174,0.0,0.12204507971412865,0.07696622903437886,0.10715792653371659,-0.0844619564567266,0.2852959166751261
2022-07-29 00:00:00+00:00,SPY,2179,0.0,0.12204507971412865,0.0694514707059943,0.12807234680932747,-0.04363210047975796,0.27878758141026594
2022-08-05 00:00:00+00:00,SPY,2184,1.0,0.12204507971412865,0.07800370461143064,0.12807234680932747,-0.0386752275717398,0.2548298632349564
2022-08-12 00:00:00+00:00,SPY,2189,1.0,0.12204507971412865,0.08360528452318446,0.13093960382581304,-0.0051979278176582655,0.2502984411256581
2022-08-19 00:00:00+00:00,SPY,2194,1.0,0.12204507971412865,0.1116678451383007,0.18625740882410646,-0.015222047694145702,0.2338534126361223
2022-08-26 00:00:00+00:00,SPY,2199,1.0,0.12204507971412865,0.10253437125112883,0.22272423881040251,-0.05175243616015546,0.2403796983024166
2022-09-02 00:00:00+00:00,SPY,2204,1.0,0.12204507971412865,0.09754896483695204,0.22462088126023624,-0.07886789220871737,0.23562023494749373
2022-09-09 00:00:00+00:00,SPY,2208,1.0,0.12204507971412865,0.10186860620182604,0.25878849386066294,-0.042238287294896315,0.21315983193363452
2022-09-16 00:00:00+00:00,SPY,2213,1.0,0.12204507971412865,0.16108934396860553,0.2221507106599265,-0.08466496095650256,0.2170158135699494
2022-09-23 00:00:00+00:00,SPY,2218,0.0,0.12204507971412865,0.16682239606682947,0.2221507106599265,-0.12270126769654521,0.2102553118164788
2022-09-30 00:00:00+00:00,SPY,2223,0.0,0.12204507971412865,0.17870439623869086,0.18867991948554694,-0.14344257827133788,0.21689464229660274
2022-10-07 00:00:00+00:00,SPY,2228,0.0,0.12204507971412865,0.1408941141290267,0.16047465216224788,-0.1255060198069753,0.23922345672862252
2022-10-14 00:00:00+00:00,SPY,2233,0.0,0.12204507971412865,0.1709086325410429,0.1655049583005222,-0.13224550871381202,0.23807944792095045
2022-10-21 00:00:00+00:00,SPY,2238,0.0,0.12204507971412865,0.1642590505580211,0.1411909449732821,-0.08626321878482701,0.2427700692265503
2022-10-28 00:00:00+00:00,SPY,2243,0.0,0.12204507971412865,0.1817001133623535,0.1629114721254238,-0.045658895169883085,0.24785672574550557
2022-11-04 00:00:00+00:00,SPY,2248,0.0,0.12204507971412865,0.1968656749429806,0.22437811884608358,-0.0725872214941854,0.25159130976746585
2022-11-11 00:00:00+00:00,SPY,2253,0.0,0.12204507971412865,0.11852083809694254,0.16354883186629807,-0.015277776030933832,0.2789392201912118
2022-11-18 00:00:00+00:00,SPY,2258,0.0,0.12204507971412865,0.10509990064919184,0.16354883186629807,-0.01845055277341523,0.274512164092987
2022-11-25 00:00:00+00:00,SPY,2262,0.0,0.12204507971412865,0.09934239019906344,0.1445706676796231,-0.0005505230223586954,0.2656898657420513
2022-12-02 00:00:00+00:00,SPY,2267,1.0,0.12204507971412865,0.10588233012136142,0.12807234680932747,0.01312922973728492,0.27167014287369123
2022-12-09 00:00:00+00:00,SPY,2272,0.0,0.12204507971412865,0.07229539722138952,0.21539503542823724,-0.018970114401951843,0.25769316622241395
2022-12-16 00:00:00+00:00,SPY,2277,0.0,0.12204507971412865,0.082565849321078,0.18415841998448879,-0.03741206773881578,0.2610145205053841
2022-12-23 00:00:00+00:00,SPY,2282,0.0,0.12204507971412865,0.07767339697899442,0.14906621666219677,-0.03618038240865906,0.25500964744623283
2022-12-30 00:00:00+00:00,SPY,2286,0.0,0.12204507971412865,0.05998980921152978,0.1591555299214577,-0.0355946018110983,0.2435402528174366
2022-01-07 00:00:00+00:00,QQQ,2040,1.0,0.19846069268829028,0.2691803727689717,0.27806281612600237,0.0476405745436046,0.19501738398779678
2022-01-14 00:00:00+00:00,QQQ,2045,1.0,0.19846069268829028,0.19219283962432868,0.21585864915692962,0.043354566083320334,0.19956481282092958
2022-01-21 00:00:00+00:00,QQQ,2049,0.0,0.19846069268829028,0.2293949159074256,0.35572329780814205,-0.03607578517905985,0.21385822027237988
2022-01-28 00:00:00+00:00,QQQ,2054,1.0,0.19846069268829028,0.14993219412300368,0.2672170900436002,-0.03642597037134654,0.2273839369365327
2022-02-04 00:00:00+00:00,QQQ,2059,1.0,0.19846069268829028,0.17898212263443444,0.24678546883467062,-0.021063453611038452,0.25078139932398213
2022-02-11 00:00:00+00:00,QQQ,2064,1.0,0.19846069268829028,0.24379162282068495,0.3425257649923647,-0.052197856495704964,0.26442299011896503
2022-02-18 00:00:00+00:00,QQQ,2069,1.0,0.19846069268829028,0.2916485358671093,0.2416596713449869,-0.06846958582313478,0.2744950417714067
2022-02-25 00:00:00+00:00,QQQ,2073,1.0,0.19846069268829028,0.33314257187164703,0.21572344838605412,-0.05757198047847634,0.2834258934631203
2022-03-04 00:00:00+00:00,QQQ,2078,1.0,0.19846069268829028,0.2562625989455688,0.29211591339426507,-0.08198192218640654,0.2770489731439793
2022-03-11 00:00:00+00:00,QQQ,2083,0.0,0.19846069268829028,0.2701384051553015,0.3926941516141385,-0.1169624584727651,0.29561715663836824
2022-03-18 00:00:00+00:00,QQQ,2088,0.0,0.19846069268829028,0.1838934987605637,0.1712329140998847,-0.043551666279169066,0.30851742048304615
2022-03-25 00:00:00+00:00,QQQ,2093,1.0,0.19846069268829028,0.20155343784599816,0.1712329140998847,-0.022283604774613996,0.31244884258485833
2022-04-01 00:00:00+00:00,QQQ,2098,1.0,0.19846069268829028,0.20991960644499444,0.1675380056715789,-0.01710488372523644,0.31029067329051235
2022-04-08 00:00:00+00:00,QQQ,2103,1.0,0.19846069268829028,0.2206409111309425,0.2821196773234098,-0.052391663308260394,0.31797608488528545
2022-04-14 00:00:00+00:00,QQQ,2107,1.0,0.19846069268829028,0.14389576080398953,0.2831264110831462,-0.08095792989090767,0.3191307520885944
2022-04-22 00:00:00+00:00,QQQ,2112,1.0,0.19846069268829028,0.12417813498634726,0.2555396269213975,-0.11512954092074135,0.32159558637393904
2022-04-29 00:00:00+00:00,QQQ,2117,1.0,0.19846069268829028,0.13562885378114561,0.32161659193267395,-0.1458682408909503,0.3366854063518548
2022-05-06 00:00:00+00:00,QQQ,2122,1.0,0.19846069268829028,0.15989418099288444,0.18036732687140583,-0.15445879438256427,0.3468327627822218
2022-05-13 00:00:00+00:00,QQQ,2127,1.0,0.19846069268829028,0.2413902883934726,0.23228014882439516,-0.17054510946014578,0.35793510351139013
2022-05-20 00:00:00+00:00,QQQ,2132,1.0,0.19846069268829028,0.34584797900486935,0.32161659193267395,-0.20311476817660568,0.36003071845211204
2022-05-27 00:00:00+00:00,QQQ,2137,1.0,0.19846069268829028,0.20904828865940941,0.18036732687140583,-0.14260066089525125,0.3719141255762851
2022-06-03 00:00:00+00:00,QQQ,2141,1.0,0.19846069268829028,0.23975863061410146,0.16436174572573806,-0.14797920106467122,0.3639669616100066
2022-06-10 00:00:00+00:00,QQQ,2146,0.0,0.19846069268829028,0.4236507339469064,0.32161659193267395,-0.19252759638558237,0.35531202905249815
2022-06-17 00:00:00+00:00,QQQ,2151,0.0,0.19846069268829028,0.3551955954386718,0.32161659193267395,-0.22665603827598135,0.3721928405610555
2022-06-24 00:00:00+00:00,QQQ,2155,1.0,0.19846069268829028,0.180617642820972,0.15914633089716715,-0.1645590941633691,0.3786953921075836
2022-07-01 00:00:00+00:00,QQQ,2160,0.0,0.19846069268829028,0.17296254667953626,0.32161659193267395,-0.19477638627860538,0.37795541113760345
2022-07-08 00:00:00+00:00,QQQ,2164,0.0,0.19846069268829028,0.11624694166938514,0.18036732687140583,-0.15329351539475722,0.37889556216391973
2022-07-15 00:00:00+00:00,QQQ,2169,0.0,0.19846069268829028,0.1570091508253911,0.15914633089716715,-0.15846349953320726,0.37501080705071416
2022-07-22 00:00:00+00:00,QQQ,2174,0.0,0.19846069268829028,0.1029490927323077,0.14469144350543894,-0.12576330397448354,0.3706350586847196
2022-07-29 00:00:00+00:00,QQQ,2179,0.0,0.19846069268829028,0.109839218405,0.13619644431523945,-0.08325705320686183,0.36529554241479256
2022-08-05 00:00:00+00:00,QQQ,2184,1.0,0.19846069268829028,0.12225194609612809,0.17923699001416732,-0.06174833326479767,0.3362198814535365
2022-08-12 00:00:00+00:00,QQQ,2189,1.0,0.19846069268829028,0.15164474043165954,0.22055513552075098,-0.03293096525445982,0.3248649560555186
2022-08-19 00:00:00+00:00,QQQ,2194,1.0,0.19846069268829028,0.21135436513031733,0.2340382284851185,-0.051190425421459795,0.3063593151928718
2022-08-26 00:00:00+00:00,QQQ,2199,1.0,0.19846069268829028,0.16265566679781546,0.2831264110831462,-0.09112269438240839,0.31243505650519743
2022-09-02 00:00:00+00:00,QQQ,2204,1.0,0.19846069268829028,0.13418646347973956,0.2555396269213975,-0.12143706050594838,0.304699814614058
2022-09-09 00:00:00+00:00,QQQ,2208,1.0,0.19846069268829028,0.14769820145273618,0.21758029746092586,-0.08053969476329204,0.2799971652254103
2022-09-16 00:00:00+00:00,QQQ,2213,1.0,0.19846069268829028,0.2450518990043781,0.3662666402704934,-0.12732643019831513,0.2852459418422162
2022-09-23 00:00:00+00:00,QQQ,2218,1.0,0.19846069268829028,0.2447478291386713,0.3662666402704934,-0.16098232145007596,0.27381115401712597
2022-09-30 00:00:00+00:00,QQQ,2223,0.0,0.19846069268829028,0.2688010559261169,0.3449221551840052,-0.17870739973000538,0.2770643922318615
2022-10-07 00:00:00+00:00,QQQ,2228,0.0,0.19846069268829028,0.22303819342798156,0.21152208066514075,-0.16611960541634485,0.2962057818372191
2022-10-14 00:00:00+00:00,QQQ,2233,0.0,0.19846069268829028,0.25948577061856676,0.3449221551840052,-0.18359760682239767,0.2932682365993065
2022-10-21 00:00:00+00:00,QQQ,2238,1.0,0.19846069268829028,0.248219300038698,0.20517763802012934,-0.1292493441593262,0.2883828105783771
2022-10-28 00:00:00+00:00,QQQ,2243,1.0,0.19846069268829028,0.3143395441460915,0.20517763802012934,-0.10364369439040044,0.29643731190998507
2022-11-04 00:00:00+00:00,QQQ,2248,0.0,0.19846069268829028,0.3762991379259836,0.3926941516141385,-0.1495407891315228,0.3016010092310583
2022-11-11 00:00:00+00:00,QQQ,2253,0.0,0.19846069268829028,0.20997011581785582,0.15914633089716715,-0.06941547289641425,0.3431416303531229
2022-11-18 00:00:00+00:00,QQQ,2258,0.0,0.19846069268829028,0.2093762430383875,0.15914633089716715,-0.07412284047091211,0.33762602588573254
2022-11-25 00:00:00+00:00,QQQ,2262,1.0,0.19846069268829028,0.2244012053156694,0.14469144350543894,-0.06290544807206921,0.3292134085069372
2022-12-02 00:00:00+00:00,QQQ,2267,1.0,0.19846069268829028,0.2320185480980855,0.1675380056715789,-0.03960033876677005,0.3400135836601792
2022-12-09 00:00:00+00:00,QQQ,2272,1.0,0.19846069268829028,0.09913513066768348,0.22793383255341573,-0.06996866844373817,0.3202091388532814
2022-12-16 00:00:00+00:00,QQQ,2277,1.0,0.19846069268829028,0.10480857766761775,0.21845102160413785,-0.0911134798563975,0.3262662225376272
2022-12-23 00:00:00+00:00,QQQ,2282,0.0,0.19846069268829028,0.11286690421121891,0.21286427298822697,-0.10748544942919169,0.3230049045929413
2022-12-30 00:00:00+00:00,QQQ,2286,0.0,0.19846069268829028,0.06808592493552137,0.13743132438339695,-0.10743984893379854,0.31707229021749306
2022-01-07 00:00:00+00:00,GLD,2040,0.0,0.13358988455195162,0.1489205988036439,0.19202829077708283,-0.002811743211528217,0.11610829511358392
2022-01-14 00:00:00+00:00,GLD,2045,0.0,0.13358988455195162,0.1171538063979394,0.18722027576389436,0.007192868389573004,0.11283404801292433
2022-01-21 00:00:00+00:00,GLD,2049,0.0,0.13358988455195162,0.12144428126520213,0.18722027576389436,0.014664548276287714,0.11524141699438104
2022-01-28 00:00:00+00:00,GLD,2054,0.0,0.13358988455195162,0.14507042818824978,0.19495215838167704,-0.009939377116330306,0.12196909830756623
2022-02-04 00:00:00+00:00,GLD,2059,0.0,0.13358988455195162,0.11709193160457838,0.18722027576389436,0.0002298337638511061,0.11558789450145718
2022-02-11 00:00:00+00:00,GLD,2064,0.0,0.13358988455195162,0.09598963182196868,0.1651733482462253,0.02883379218932225,0.12007375319280227
2022-02-18 00:00:00+00:00,GLD,2069,0.0,0.13358988455195162,0.13314562911883113,0.12125582865613947,0.04719715866287211,0.1132187659663366
2022-02-25 00:00:00+00:00,GLD,2073,0.0,0.13358988455195162,0.1593527944654218,0.14039630573505885,0.04311175879997675,0.11342956769391307
2022-03-04 00:00:00+00:00,GLD,2078,0.0,0.13358988455195162,0.1629076589692015,0.1795714240664031,0.08410132886071486,0.12440281441619966
2022-03-11 00:00:00+00:00,GLD,2083,0.0,0.13358988455195162,0.28564265196059396,0.15212775349062413,0.09077234812967871,0.1508253401974692
2022-03-18 00:00:00+00:00,GLD,2088,0.0,0.13358988455195162,0.2708184668761256,0.16948859814162243,0.056234957193664226,0.15988745319364703
2022-03-25 00:00:00+00:00,GLD,2093,0.0,0.13358988455195162,0.21916139878710694,0.18681404269276744,0.07373749975231059,0.1629183587267308
2022-04-01 00:00:00+00:00,GLD,2098,0.0,0.13358988455195162,0.2004947543463345,0.17674606862641454,0.055617519540709814,0.16401347867198923
2022-04-08 00:00:00+00:00,GLD,2103,1.0,0.13358988455195162,0.12350242893228461,0.10629998333493235,0.06498667243435663,0.16122216802920594
2022-04-14 00:00:00+00:00,GLD,2107,1.0,0.13358988455195162,0.11663506413746356,0.08978163468015399,0.07781727176637232,0.15893861945876872
2022-04-22 00:00:00+00:00,GLD,2112,0.0,0.13358988455195162,0.1377595221126322,0.0911062243550759,0.0536197970009995,0.15982811638207428
2022-04-29 00:00:00+00:00,GLD,2117,0.0,0.13358988455195162,0.14283597003964452,0.1528394438432955,0.032821333903048755,0.16263879377926663
2022-05-06 00:00:00+00:00,GLD,2122,0.0,0.13358988455195162,0.1373463732611697,0.1592463625349902,0.023291808576187067,0.16797522250539598
2022-05-13 00:00:00+00:00,GLD,2127,0.0,0.13358988455195162,0.13968857538210805,0.19105883791262251,-0.015683841770361195,0.16850930374359926
2022-05-20 00:00:00+00:00,GLD,2132,0.0,0.13358988455195162,0.11576957318063263,0.2023061614899361,0.003041537149987006,0.16976489504074832
2022-05-27 00:00:00+00:00,GLD,2137,0.0,0.13358988455195162,0.1320352028556877,0.18459374600131198,0.006371002355307853,0.16345987501843126
2022-06-03 00:00:00+00:00,GLD,2141,1.0,0.13358988455195162,0.1295909408039159,0.14692125337005238,0.004137759922364648,0.138428119676846
2022-06-10 00:00:00+00:00,GLD,2146,1.0,0.13358988455195162,0.1335741915455858,0.14241228154610744,0.014770058540231279,0.13290297182818261
2022-06-17 00:00:00+00:00,GLD,2151,1.0,0.13358988455195162,0.15937940798968234,0.1633061983971196,-0.004433433981811841,0.14351007872600044
2022-06-24 00:00:00+00:00,GLD,2155,1.0,0.13358988455195162,0.15665291561177283,0.16173585861844728,-0.011493177869581372,0.13868299004088736
2022-07-01 00:00:00+00:00,GLD,2160,1.0,0.13358988455195162,0.13675446956593976,0.14692125337005238,-0.021955690849085108,0.1364129023029593
2022-07-08 00:00:00+00:00,GLD,2164,0.0,0.13358988455195162,0.16555832247432384,0.12994938387974567,-0.05673397389656565,0.1434650932874597
2022-07-15 00:00:00+00:00,GLD,2169,0.0,0.13358988455195162,0.12186010849702525,0.0812227855053895,-0.07543271172006527,0.14143304284208788
2022-07-22 00:00:00+00:00,GLD,2174,0.0,0.13358988455195162,0.09167223284617398,0.07891814152388292,-0.06517179682827023,0.14110249115418225
2022-07-29 00:00:00+00:00,GLD,2179,0.0,0.13358988455195162,0.10201007844857289,0.14692125337005238,-0.04487261444641444,0.1400768109539435
2022-08-05 00:00:00+00:00,GLD,2184,0.0,0.13358988455195162,0.12419768944995284,0.14241228154610744,-0.03779800449795845,0.14178955558474018
2022-08-12 00:00:00+00:00,GLD,2189,0.0,0.13358988455195162,0.1350555098763531,0.14759263076953952,-0.02268944491723124,0.13719028764238814
2022-08-19 00:00:00+00:00,GLD,2194,0.0,0.13358988455195162,0.15467089541037085,0.09704765387476554,-0.052246698045711804,0.13570261545705498
2022-08-26 00:00:00+00:00,GLD,2199,1.0,0.13358988455195162,0.12298409433950651,0.09590952899927459,-0.0569640457443108,0.13712575608682753
2022-09-02 00:00:00+00:00,GLD,2204,0.0,0.13358988455195162,0.11610594778779289,0.07113373866633392,-0.06963895485182114,0.13592698470603493
2022-09-09 00:00:00+00:00,GLD,2208,1.0,0.13358988455195162,0.1045155563893124,0.09450017844212576,-0.06492757554613804,0.12462103701889113
2022-09-16 00:00:00+00:00,GLD,2213,0.0,0.13358988455195162,0.12823693356919402,0.09520774758236772,-0.08699984528943117,0.12625891781974463
2022-09-23 00:00:00+00:00,GLD,2218,0.0,0.13358988455195162,0.11563692896072164,0.0812227855053895,-0.10211909736376812,0.1310128039386581
2022-09-30 00:00:00+00:00,GLD,2223,0.0,0.13358988455195162,0.14165840258622525,0.07901422693768186,-0.09064346164261516,0.13044726689365527
2022-10-07 00:00:00+00:00,GLD,2228,0.0,0.13358988455195162,0.13799178978428375,0.10207397444474563,-0.07068429263924769,0.14173725524950453
2022-10-14 00:00:00+00:00,GLD,2233,0.0,0.13358988455195162,0.1930681787984048,0.1304423569843476,-0.09767741966020327,0.14379109149688876
2022-10-21 00:00:00+00:00,GLD,2238,0.0,0.13358988455195162,0.16718149766684895,0.09878197891629142,-0.08853835228127915,0.1470706033358006
2022-10-28 00:00:00+00:00,GLD,2243,0.0,0.13358988455195162,0.15435390026267018,0.10207397444474563,-0.09241985180237644,0.1432747148752422
2022-11-04 00:00:00+00:00,GLD,2248,0.0,0.13358988455195162,0.11436885160592485,0.10207397444474563,-0.07041210079749638,0.157738080973995
2022-11-11 00:00:00+00:00,GLD,2253,0.0,0.13358988455195162,0.105257663582423,0.2399012643926852,-0.02086319580429774,0.17443634246715603
2022-11-18 00:00:00+00:00,GLD,2258,0.0,0.13358988455195162,0.14311316282736056,0.2399012643926852,-0.030858207026506435,0.17393365716757467
2022-11-25 00:00:00+00:00,GLD,2262,0.0,0.13358988455195162,0.14919209003895165,0.2399012643926852,-0.027413499034862676,0.1712359613173051
2022-12-02 00:00:00+00:00,GLD,2267,0.0,0.13358988455195162,0.1563685295768083,0.24456988014326345,-0.002077196489040589,0.17415052854545854
2022-12-09 00:00:00+00:00,GLD,2272,0.0,0.13358988455195162,0.09706990329996817,0.2099274555148352,-0.0015369137231777685,0.17114133818408145
2022-12-16 00:00:00+00:00,GLD,2277,0.0,0.13358988455195162,0.10575568454577554,0.21463895319853224,-0.0012808458400920264,0.17893166442882008
2022-12-23 00:00:00+00:00,GLD,2282,0.0,0.13358988455195162,0.12090659942826104,0.30736274318538065,0.0044082928047217695,0.17344099132427293
2022-12-30 00:00:00+00:00,GLD,2286,0.0,0.13358988455195162,0.08768918887545865,0.1901184757975915,0.020269464115555413,0.165417083590146
2023-01-06 00:00:00+00:00,SPY,2290,0.0,0.16578057032382792,0.23084609197153722,0.45706751316713123,-0.018584380008232038,0.24016794715704898
2023-01-13 00:00:00+00:00,SPY,2295,0.0,0.16578057032382792,0.17580404394793614,0.4287440827024646,0.011165103047695357,0.2240202543187706
2023-01-20 00:00:00+00:00,SPY,2299,0.0,0.16578057032382792,0.2114923771552515,0.37068468634044927,0.007364437495749332,0.22262132986336533
2023-01-27 00:00:00+00:00,SPY,2304,0.0,0.16578057032382792,0.159874365005518,0.18006904434275672,0.03484761366643041,0.21583706767954308
2023-02-03 00:00:00+00:00,SPY,2309,0.0,0.16578057032382792,0.19514135454019163,0.2077264870928507,0.05356824059079779,0.21260704190473095
2023-02-10 00:00:00+00:00,SPY,2314,1.0,0.16578057032382792,0.18049711489486636,0.15652328668595816,0.04355373616503311,0.17855991397583248
2023-02-17 00:00:00+00:00,SPY,2319,0.0,0.16578057032382792,0.1645120736979067,0.12643777663170844,0.04163867368096108,0.1805923508212231
2023-02-24 00:00:00+00:00,SPY,2323,0.0,0.16578057032382792,0.18314247581705334,0.2920300770491565,0.014283302046208757,0.18172872595777548
2023-03-03 00:00:00+00:00,SPY,2328,0.0,0.16578057032382792,0.12553834531974126,0.132025266864442,0.0338662094364921,0.16997557202597882
2023-03-10 00:00:00+00:00,SPY,2333,0.0,0.16578057032382792,0.18223710930712206,0.23508112578472629,-0.013250667561616636,0.1730481692874605
2023-03-17 00:00:00+00:00,SPY,2338,0.0,0.16578057032382792,0.18565557337052266,0.2463504688869218,0.0015592420714294342,0.17110375958141438
2023-03-24 00:00:00+00:00,SPY,2343,0.0,0.16578057032382792,0.1926455402417886,0.30024980892434733,0.017096084030127745,0.17251940587594455
2023-03-31 00:00:00+00:00,SPY,2348,0.0,0.16578057032382792,0.1622484970018473,0.16765869055789942,0.05096692540088399,0.17048312481039027
2023-04-06 00:00:00+00:00,SPY,2352,0.0,0.16578057032382792,0.1790640678262639,0.14762489362113318,0.04814935858967617,0.1627966051716359
2023-04-14 00:00:00+00:00,SPY,2357,0.0,0.16578057032382792,0.15294342148931567,0.1229922473476417,0.05429402742267997,0.1594689068155877
2023-04-21 00:00:00+00:00,SPY,2362,0.0,0.16578057032382792,0.1274183866484583,0.1229922473476417,0.051131227792055034,0.1531169708413971
2023-04-28 00:00:00+00:00,SPY,2367,0.0,0.16578057032382792,0.11546988792683786,0.11425082306005643,0.058568092527492954,0.15509594084659056
2023-05-05 00:00:00+00:00,SPY,2372,0.0,0.16578057032382792,0.13835046209247034,0.1204842309561788,0.04824760250175397,0.15396767407902434
2023-05-12 00:00:00+00:00,SPY,2377,0.0,0.16578057032382792,0.12727424092967363,0.11997262679021231,0.044233213359098356,0.1514346081505998
2023-05-19 00:00:00+00:00,SPY,2382,0.0,0.16578057032382792,0.15089480324686677,0.11560288076435869,0.06138953663815028,0.14610062808243934
2023-05-26 00:00:00+00:00,SPY,2387,0.0,0.16578057032382792,0.15043361942230862,0.11560288076435869,0.06450196325091628,0.14881156503734272
2023-06-02 00:00:00+00:00,SPY,2391,0.0,0.16578057032382792,0.1425365365646265,0.15987184541119365,0.08447869047769152,0.14589699026020733
2023-06-09 00:00:00+00:00,SPY,2396,0.0,0.16578057032382792,0.17182055064031726,0.1848094039357001,0.08860777122648034,0.13223464430496298
2023-06-16 00:00:00+00:00,SPY,2401,0.0,0.16578057032382792,0.1568276019391108,0.2058333921486165,0.11444773425858568,0.11931241867253033
2023-06-23 00:00:00+00:00,SPY,2405,0.0,0.16578057032382792,0.19517012893730853,0.20970795346958113,0.09592236617739691,0.1219280340390642
2023-06-30 00:00:00+00:00,SPY,2410,0.0,0.16578057032382792,0.12846455840393806,0.2174268632352941,0.11844288902050693,0.11894508002232827
2023-07-07 00:00:00+00:00,SPY,2414,0.0,0.16578057032382792,0.13705367081873526,0.13807474556210023,0.1033319806087396,0.12043411554941776
2023-07-14 00:00:00+00:00,SPY,2419,0.0,0.16578057032382792,0.11810589145390815,0.1943989565537911,0.12492892418379054,0.1191395800312507
2023-07-21 00:00:00+00:00,SPY,2424,0.0,0.16578057032382792,0.139399482453791,0.1766598478431385,0.12562333580133211,0.11449055073306948
2023-07-28 00:00:00+00:00,SPY,2429,0.0,0.16578057032382792,0.13034361234662686,0.19242409253871068,0.13114692980159637,0.1059294084232435
2023-08-04 00:00:00+00:00,SPY,2434,0.0,0.16578057032382792,0.16618617570216118,0.18838568461331712,0.09962606681730524,0.10286961221920561
2023-08-11 00:00:00+00:00,SPY,2439,0.0,0.16578057032382792,0.14769573850570314,0.14388885476634675,0.09138674134473002,0.10410355719601878
2023-08-18 00:00:00+00:00,SPY,2444,0.0,0.16578057032382792,0.16563983757914072,0.09621464716832742,0.0650090923019433,0.10375295702768529
2023-08-25 00:00:00+00:00,SPY,2449,0.0,0.16578057032382792,0.14880634924585495,0.09353017857324589,0.06912750918329924,0.10561828708011037
2023-09-01 00:00:00+00:00,SPY,2454,1.0,0.16578057032382792,0.13242696023768857,0.10950875462955437,0.09210070538640935,0.10446013684009023
2023-09-08 00:00:00+00:00,SPY,2458,1.0,0.16578057032382792,0.14756448842046088,0.09758234268892849,0.07550423924586513,0.10367825926200722
2023-09-15 00:00:00+00:00,SPY,2463,0.0,0.16578057032382792,0.14574639279277612,0.09715724275269799,0.07066387375161809,0.1052149648815358
2023-09-22 00:00:00+00:00,SPY,2468,0.0,0.16578057032382792,0.17067085229010046,0.10073987855866237,0.036872128309946905,0.10857896946142313
2023-09-29 00:00:00+00:00,SPY,2473,0.0,0.16578057032382792,0.12901087323218757,0.14331500880584316,0.02737263939012413,0.10947797572294507
2023-10-06 00:00:00+00:00,SPY,2478,0.0,0.16578057032382792,0.12703800524248068,0.13120606994820072,0.029846622552981872,0.11282077925820094
2023-10-13 00:00:00+00:00,SPY,2483,1.0,0.16578057032382792,0.12295396347888561,0.12431445368854621,0.031115772429036515,0.11335907925556686
2023-10-20 00:00:00+00:00,SPY,2488,0.0,0.16578057032382792,0.16141933567036143,0.16995506060821447,0.0033176440004034635,0.12067083532732054
2023-10-27 00:00:00+00:00,SPY,2493,0.0,0.16578057032382792,0.1767631409246569,0.16245077313752987,-0.02363428130312828,0.12203690205050276
2023-11-03 00:00:00+00:00,SPY,2498,0.0,0.16578057032382792,0.11763873230108356,0.12431445368854621,0.03136138730628102,0.13366212907580224
2023-11-10 00:00:00+00:00,SPY,2503,0.0,0.16578057032382792,0.16210387926016798,0.14131959828193238,0.04287749930447804,0.13433799112354627
2023-11-17 00:00:00+00:00,SPY,2508,0.0,0.16578057032382792,0.1520809582999729,0.1321492696811974,0.06418059583977698,0.13433857263743437
2023-11-24 00:00:00+00:00,SPY,2512,0.0,0.16578057032382792,0.1356178843307145,0.1477461260076479,0.0724484717422802,0.13083520257941658
2023-12-01 00:00:00+00:00,SPY,2517,0.0,0.16578057032382792,0.11799437187085551,0.149427699714738,0.0782564226903597,0.13013436751692908
2023-12-08 00:00:00+00:00,SPY,2522,0.0,0.16578057032382792,0.1225312449751604,0.1306322748757202,0.0771115573833483,0.12980322482599158
2023-12-15 00:00:00+00:00,SPY,2527,0.0,0.16578057032382792,0.11635309144076798,0.17079442818840299,0.09806791325997599,0.12319158632545611
2023-12-22 00:00:00+00:00,SPY,2532,0.0,0.16578057032382792,0.14587175397156227,0.2058333921486165,0.10309222971674781,0.12371609919548884
2023-12-29 00:00:00+00:00,SPY,2536,0.0,0.16578057032382792,0.15699229778118398,0.2058333921486165,0.10214387485285847,0.11922928088806017
2023-01-06 00:00:00+00:00,QQQ,2290,0.0,0.2542290961817303,0.3470457403768191,0.39340456470507085,-0.09393663104962602,0.3121972521636598
2023-01-13 00:00:00+00:00,QQQ,2295,0.0,0.2542290961817303,0.2529939914711331,0.4786462361009188,-0.04624329338901867,0.2972575489080048
2023-01-20 00:00:00+00:00,QQQ,2299,0.0,0.2542290961817303,0.28942315331060137,0.32946057652901245,-0.03495761423580124,0.2996351637735975
2023-01-27 00:00:00+00:00,QQQ,2304,0.0,0.2542290961817303,0.2848155386649668,0.41075591046017457,0.016489282297186714,0.28933444892010396
2023-02-03 00:00:00+00:00,QQQ,2309,0.0,0.2542290961817303,0.44253204424048886,0.25027181253577446,0.05405263524347137,0.29219429716579154
2023-02-10 00:00:00+00:00,QQQ,2314,0.0,0.2542290961817303,0.4355089521068218,0.35788870983788196,0.0338487855656735,0.251291136847591
2023-02-17 00:00:00+00:00,QQQ,2319,0.0,0.2542290961817303,0.388507790356743,0.32116518302451524,0.03997563188913644,0.25335536993723295
2023-02-24 00:00:00+00:00,QQQ,2323,0.0,0.2542290961817303,0.3870357688458997,0.5015797382041628,0.008948946167198546,0.2568549619060311
2023-03-03 00:00:00+00:00,QQQ,2328,0.0,0.2542290961817303,0.20234692062435372,0.28231256374029334,0.03607339836033718,0.2411274582733987
2023-03-10 00:00:00+00:00,QQQ,2333,0.0,0.2542290961817303,0.27350342724054993,0.45409352160740774,-0.002669821301959918,0.24046688971090907
2023-03-17 00:00:00+00:00,QQQ,2338,0.0,0.2542290961817303,0.2527601882920279,0.2272899852249682,0.055193432963485334,0.2356548283057903
2023-03-24 00:00:00+00:00,QQQ,2343,0.0,0.2542290961817303,0.34703332480617827,0.2308897738017603,0.07575831626458074,0.22947078707756824
2023-03-31 00:00:00+00:00,QQQ,2348,0.0,0.2542290961817303,0.33873782372578687,0.23849311895166192,0.10802545023461119,0.22751998515384436
2023-04-06 00:00:00+00:00,QQQ,2352,0.0,0.2542290961817303,0.3640149629040599,0.23849311895166192,0.09484716487430389,0.2203976440725005
2023-04-14 00:00:00+00:00,QQQ,2357,0.0,0.2542290961817303,0.28990551322246316,0.20161425175437916,0.09369005822098009,0.22080998995561574
2023-04-21 00:00:00+00:00,QQQ,2362,0.0,0.2542290961817303,0.23893405706764861,0.1603133359905185,0.08369703298335174,0.20972961750217065
2023-04-28 00:00:00+00:00,QQQ,2367,0.0,0.2542290961817303,0.19312677158385683,0.18652640221414707,0.10146616214843274,0.20657505439371437
2023-05-05 00:00:00+00:00,QQQ,2372,0.0,0.2542290961817303,0.2232728205628607,0.21564923418769852,0.10001888419193383,0.18692825840332794
2023-05-12 00:00:00+00:00,QQQ,2377,0.0,0.2542290961817303,0.19042547440917273,0.20144943612673738,0.10505949105123324,0.1836453850335366
2023-05-19 00:00:00+00:00,QQQ,2382,0.0,0.2542290961817303,0.2484470328471183,0.29831304544758236,0.1423401800230455,0.1747654784634688
2023-05-26 00:00:00+00:00,QQQ,2387,0.0,0.2542290961817303,0.27684870708089854,0.29831304544758236,0.18089679388392121,0.1835922139284953
2023-06-02 00:00:00+00:00,QQQ,2391,0.0,0.2542290961817303,0.26405436834666546,0.29831304544758236,0.20020236755848608,0.17909944093771965
2023-06-09 00:00:00+00:00,QQQ,2396,0.0,0.2542290961817303,0.30146902195247277,0.29831304544758236,0.19632816600080227,0.17149154179528106
2023-06-16 00:00:00+00:00,QQQ,2401,0.0,0.2542290961817303,0.24741591800255258,0.29831304544758236,0.23564047618417794,0.16371943415997572
2023-06-23 00:00:00+00:00,QQQ,2405,0.0,0.2542290961817303,0.33807738652182423,0.2756957803021207,0.2135155579907162,0.16751967081115365
2023-06-30 00:00:00+00:00,QQQ,2410,0.0,0.2542290961817303,0.19037729315448929,0.28519424592409726,0.22997888859306626,0.16890348579994333
2023-07-07 00:00:00+00:00,QQQ,2414,0.0,0.2542290961817303,0.22280126504081763,0.2019944042516699,0.2130397941290505,0.16741133317925816
2023-07-14 00:00:00+00:00,QQQ,2419,0.0,0.2542290961817303,0.18148300966478179,0.20773964913755846,0.24582216714313265,0.16573720047096532
2023-07-21 00:00:00+00:00,QQQ,2424,0.0,0.2542290961817303,0.2822681726311691,0.27584319097789173,0.22352780883267598,0.1677197698779596
2023-07-28 00:00:00+00:00,QQQ,2429,1.0,0.2542290961817303,0.22146637662909122,0.2019944042516699,0.23859670450925385,0.16197036832284412
2023-08-04 00:00:00+00:00,QQQ,2434,0.0,0.2542290961817303,0.2851753677032102,0.27919548729019167,0.1906980878950273,0.16418012690799091
2023-08-11 00:00:00+00:00,QQQ,2439,0.0,0.2542290961817303,0.2258881634465048,0.19657079616361403,0.1629752205148418,0.16781095749883324
2023-08-18 00:00:00+00:00,QQQ,2444,0.0,0.2542290961817303,0.22124264216623027,0.18050325139087608,0.12952470638042612,0.1669998864558308
2023-08-25 00:00:00+00:00,QQQ,2449,0.0,0.2542290961817303,0.16628546725866572,0.20231745560457431,0.13920643042622793,0.1638933410417
2023-09-01 00:00:00+00:00,QQQ,2454,1.0,0.2542290961817303,0.16748936722340568,0.2732307224625344,0.17264050488974192,0.16416190558135516
2023-09-08 00:00:00+00:00,QQQ,2458,1.0,0.2542290961817303,0.18866435413122656,0.2085238416089722,0.15066620649526108,0.1604973500419017
2023-09-15 00:00:00+00:00,QQQ,2463,0.0,0.2542290961817303,0.1976304251823809,0.19465440510662038,0.1372391334899019,0.1633507220901707
2023-09-22 00:00:00+00:00,QQQ,2468,0.0,0.2542290961817303,0.20162665794930135,0.18169347826286592,0.09284169199664949,0.16126945775698856
2023-09-29 00:00:00+00:00,QQQ,2473,0.0,0.2542290961817303,0.132745596938145,0.13076952289763794,0.08761466167175769,0.1614636606732334
2023-10-06 00:00:00+00:00,QQQ,2478,1.0,0.2542290961817303,0.13114037822927824,0.18721629355565214,0.10025342179584529,0.16611453723282943
2023-10-13 00:00:00+00:00,QQQ,2483,1.0,0.2542290961817303,0.14623289696781006,0.18427877299011966,0.09364371940299288,0.16088774367710856
2023-10-20 00:00:00+00:00,QQQ,2488,0.0,0.2542290961817303,0.20338456276864256,0.20647095235696716,0.053807518937290855,0.1674807352389546
2023-10-27 00:00:00+00:00,QQQ,2493,0.0,0.2542290961817303,0.22544575006556689,0.4203225443551915,0.020005138997235328,0.17035127050644153
2023-11-03 00:00:00+00:00,QQQ,2498,0.0,0.2542290961817303,0.1420066363279631,0.1830740072590679,0.07979826512722132,0.17915530893907164
2023-11-10 00:00:00+00:00,QQQ,2503,0.0,0.2542290961817303,0.20366333226048522,0.19154060387080668,0.10421316710599493,0.1803724095318175
2023-11-17 00:00:00+00:00,QQQ,2508,0.0,0.2542290961817303,0.22806081994065378,0.21239596303689934,0.119466859955776,0.17409048730818957
2023-11-24 00:00:00+00:00,QQQ,2512,0.0,0.2542290961817303,0.20357818231761823,0.15774828552692255,0.12398698388514129,0.16958161482393377
2023-12-01 00:00:00+00:00,QQQ,2517,0.0,0.2542290961817303,0.18818260931494074,0.15024624618794316,0.11824444157601421,0.16783358558407985
2023-12-08 00:00:00+00:00,QQQ,2522,0.0,0.2542290961817303,0.17752699095537505,0.15024624618794316,0.11729902072934073,0.1679473261776832
2023-12-15 00:00:00+00:00,QQQ,2527,0.0,0.2542290961817303,0.17401475870095234,0.20801242043607632,0.1458613658691179,0.15798772268978073
2023-12-22 00:00:00+00:00,QQQ,2532,0.0,0.2542290961817303,0.2083274272856201,0.20801242043607632,0.14768486334526587,0.15880477908587054
2023-12-29 00:00:00+00:00,QQQ,2536,0.0,0.2542290961817303,0.22056948364830217,0.21866697705595495,0.1438472753364588,0.15200676384590794
2023-01-06 00:00:00+00:00,GLD,2290,0.0,0.14113098115031417,0.16219401527506813,0.17655924505556322,0.04576230023728822,0.16730974726280243
2023-01-13 00:00:00+00:00,GLD,2295,0.0,0.14113098115031417,0.174178060146259,0.18598106723047075,0.0770283444253963,0.16579437507526648
2023-01-20 00:00:00+00:00,GLD,2299,0.0,0.14113098115031417,0.18391043989805989,0.18598106723047075,0.08045756377349944,0.1630067406032499
2023-01-27 00:00:00+00:00,GLD,2304,1.0,0.14113098115031417,0.2069512141980491,0.187700693309782,0.08014545114982496,0.16094133406569217
2023-02-03 00:00:00+00:00,GLD,2309,0.0,0.14113098115031417,0.24183681643811117,0.20204616087344937,0.04630346270892893,0.16587386622948136
2023-02-10 00:00:00+00:00,GLD,2314,0.0,0.14113098115031417,0.13694696162247857,0.11560288076435869,0.046673454678743065,0.14820211026511182
2023-02-17 00:00:00+00:00,GLD,2319,0.0,0.14113098115031417,0.13444119172890556,0.13697197545327428,0.03460511273476441,0.1478283010030866
2023-02-24 00:00:00+00:00,GLD,2323,0.0,0.14113098115031417,0.14252901092844442,0.17809062912295018,0.01767192491690217,0.14816661031985986
2023-03-03 00:00:00+00:00,GLD,2328,0.0,0.14113098115031417,0.10532506243207362,0.11753999641752047,0.042726490722372557,0.13831164415601332
2023-03-10 00:00:00+00:00,GLD,2333,0.0,0.14113098115031417,0.13350982173055514,0.11560288076435869,0.051153555046921095,0.1490380148072651
2023-03-17 00:00:00+00:00,GLD,2338,0.0,0.14113098115031417,0.13528680744579108,0.2461557489570281,0.10995583734046743,0.15863155074068505
2023-03-24 00:00:00+00:00,GLD,2343,0.0,0.14113098115031417,0.19109340539514913,0.22338068770603303,0.10745440418760466,0.16486084750048385
2023-03-31 00:00:00+00:00,GLD,2348,0.0,0.14113098115031417,0.17283478697825352,0.17469187748977547,0.10295690049786943,0.16639297849981266
2023-04-06 00:00:00+00:00,GLD,2352,0.0,0.14113098115031417,0.16356092678351963,0.17454451491767523,0.12056822238197573,0.16529643899281127
2023-04-14 00:00:00+00:00,GLD,2357,0.0,0.14113098115031417,0.13656640515905086,0.16115060083221885,0.11698560789823698,0.16930250025978405
2023-04-21 00:00:00+00:00,GLD,2362,0.0,0.14113098115031417,0.0913531573193805,0.13288707649626982,0.10122614496093618,0.1681963857813159
2023-04-28 00:00:00+00:00,GLD,2367,0.0,0.14113098115031417,0.07711635515824229,0.1250074415409708,0.10068270688981906,0.1656692418474744
2023-05-05 00:00:00+00:00,GLD,2372,0.0,0.14113098115031417,0.09199784103751994,0.1447602184640716,0.11177737366356877,0.16051732219472575
2023-05-12 00:00:00+00:00,GLD,2377,0.0,0.14113098115031417,0.10638887572253855,0.1714530970977623,0.10345518848207269,0.15906585531875303
2023-05-19 00:00:00+00:00,GLD,2382,0.0,0.14113098115031417,0.1295101328562549,0.15867381675410827,0.08151975638188169,0.16448268179921907
2023-05-26 00:00:00+00:00,GLD,2387,0.0,0.14113098115031417,0.1326374757794165,0.12808424290143636,0.06310339291460498,0.16590805798851413
2023-06-02 00:00:00+00:00,GLD,2391,0.0,0.14113098115031417,0.1058752383455476,0.12329438423420946,0.06187591848041074,0.16389336015512154
2023-06-09 00:00:00+00:00,GLD,2396,0.0,0.14113098115031417,0.09088398693012152,0.11425082306005643,0.06475345852623215,0.15400442967703404
2023-06-16 00:00:00+00:00,GLD,2401,0.0,0.14113098115031417,0.09515678155446307,0.12005970345180723,0.05939756875045843,0.13346461028719062
2023-06-23 00:00:00+00:00,GLD,2405,0.0,0.14113098115031417,0.1098539845129553,0.12349489392426886,0.036959260991174414,0.12969059701763266
2023-06-30 00:00:00+00:00,GLD,2410,0.0,0.14113098115031417,0.09110057869898408,0.12431445368854621,0.03462937942133504,0.12136156308322221
2023-07-07 00:00:00+00:00,GLD,2414,0.0,0.14113098115031417,0.09273453021828418,0.09275567703884524,0.03414938967023273,0.12047108349305384
2023-07-14 00:00:00+00:00,GLD,2419,0.0,0.14113098115031417,0.08614073285450306,0.08921810965422446,0.0462804104907486,0.11447809095015322
2023-07-21 00:00:00+00:00,GLD,2424,0.0,0.14113098115031417,0.09113835379801163,0.09166559435935914,0.046387530395602505,0.11448605825129947
2023-07-28 00:00:00+00:00,GLD,2429,0.0,0.14113098115031417,0.10080191024214802,0.12297229321311991,0.041084666019643334,0.11360058711834559
2023-08-04 00:00:00+00:00,GLD,2434,0.0,0.14113098115031417,0.10247625846535853,0.10678943791078159,0.027709795139053695,0.10802825774017275
2023-08-11 00:00:00+00:00,GLD,2439,0.0,0.14113098115031417,0.10751662824751075,0.12592130118905237,0.009290509097266586,0.10482920815871724
2023-08-18 00:00:00+00:00,GLD,2444,0.0,0.14113098115031417,0.11170104857595095,0.07854869804728,-0.00674424767615589,0.09981453732798365
2023-08-25 00:00:00+00:00,GLD,2449,0.0,0.14113098115031417,0.09546980807666694,0.07396521829358345,0.0029534407555076303,0.09814959835063766
2023-09-01 00:00:00+00:00,GLD,2454,1.0,0.14113098115031417,0.10234894656486351,0.07664800043321564,0.014510472050378365,0.09049117575202215
2023-09-08 00:00:00+00:00,GLD,2458,1.0,0.14113098115031417,0.11672287175011963,0.08110092401128076,0.0015179217021978886,0.0868519001535687
2023-09-15 00:00:00+00:00,GLD,2463,1.0,0.14113098115031417,0.11384346242603079,0.07321947012150486,0.0008325099898212063,0.0848650263810446
2023-09-22 00:00:00+00:00,GLD,2468,1.0,0.14113098115031417,0.11832484542578756,0.07321947012150486,0.0005060504020593104,0.08392452100402262
2023-09-29 00:00:00+00:00,GLD,2473,0.0,0.14113098115031417,0.151811276155686,0.0819880856476003,-0.04079383437377604,0.09098520166820544
2023-10-06 00:00:00+00:00,GLD,2478,0.0,0.14113098115031417,0.13503709163769886,0.07854869804728,-0.05088744056140415,0.08694878329455323
2023-10-13 00:00:00+00:00,GLD,2483,0.0,0.14113098115031417,0.1280646460251749,0.21725329747529956,-0.0006811789625297271,0.11529608820447457
2023-10-20 00:00:00+00:00,GLD,2488,0.0,0.14113098115031417,0.1618085140003231,0.20403834085476005,0.02438198988261564,0.11651087958617465
2023-10-27 00:00:00+00:00,GLD,2493,0.0,0.14113098115031417,0.18803586179072748,0.13531004713383032,0.03715825890987379,0.11555324092311552
2023-11-03 00:00:00+00:00,GLD,2498,0.0,0.14113098115031417,0.21589911532850967,0.1923657603184986,0.0286738515687599,0.11571713429935203
2023-11-10 00:00:00+00:00,GLD,2503,0.0,0.14113098115031417,0.1723620680753897,0.16856006079252486,-0.0009389280318673476,0.12073368654789167
2023-11-17 00:00:00+00:00,GLD,2508,0.0,0.14113098115031417,0.11231311938850302,0.14859945183840112,0.021796404025152594,0.1228875989296264
2023-11-24 00:00:00+00:00,GLD,2512,0.0,0.14113098115031417,0.11748371424572207,0.12431445368854621,0.030851672074274417,0.12387246798308232
2023-12-01 00:00:00+00:00,GLD,2517,0.0,0.14113098115031417,0.12434901974159915,0.15396078699246968,0.06443071027906488,0.1300024882727607
2023-12-08 00:00:00+00:00,GLD,2522,0.0,0.14113098115031417,0.19726286411772012,0.17357591357573282,0.0267051729550265,0.14104006234652977
2023-12-15 00:00:00+00:00,GLD,2527,0.0,0.14113098115031417,0.16494335290544596,0.1991114584569416,0.031890380662779716,0.15003536004362164
2023-12-22 00:00:00+00:00,GLD,2532,0.0,0.14113098115031417,0.16632758172483056,0.21493959633011878,0.04723859105141326,0.1468339009570203
2023-12-29 00:00:00+00:00,GLD,2536,0.0,0.14113098115031417,0.1891288112873603,0.21493959633011878,0.0504524240509423,0.14367905991922547
2024-01-05 00:00:00+00:00,SPY,2540,0.0,0.1595515308322553,0.15987802749700475,0.17308888007301462,0.0810340872885813,0.11974815915021123
2024-01-12 00:00:00+00:00,SPY,2545,0.0,0.1595515308322553,0.12330338897169693,0.1669459024861906,0.09586581825244322,0.1198394313542877
2024-01-19 00:00:00+00:00,SPY,2549,0.0,0.1595515308322553,0.16141703533239615,0.1818686240535074,0.105286309190187,0.11396675037630509
2024-01-26 00:00:00+00:00,SPY,2554,0.0,0.1595515308322553,0.1736342851512895,0.13933560981933205,0.11151027612389064,0.10136022947142816
2024-02-02 00:00:00+00:00,SPY,2559,0.0,0.1595515308322553,0.173489330660119,0.22018789710512968,0.12209617890515667,0.10480582443646327
2024-02-09 00:00:00+00:00,SPY,2564,0.0,0.1595515308322553,0.16257100319175966,0.21006152584415078,0.13186055402132735,0.10056065176375528
2024-02-16 00:00:00+00:00,SPY,2569,0.0,0.1595515308322553,0.15972429138297484,0.1799229891109367,0.12222535154248737,0.10137756394588826
2024-02-23 00:00:00+00:00,SPY,2573,0.0,0.1595515308322553,0.16367117982716423,0.1888338341322752,0.13599614697156537,0.10904534700267257
2024-03-01 00:00:00+00:00,SPY,2578,0.0,0.1595515308322553,0.15155630423264702,0.19890522086974974,0.1407666492268953,0.10944474633406732
2024-03-08 00:00:00+00:00,SPY,2583,0.0,0.1595515308322553,0.155263296140662,0.1799229891109367,0.1319961860772194,0.11338222047713169
2024-03-15 00:00:00+00:00,SPY,2588,0.0,0.1595515308322553,0.14063905149234915,0.19515086288062855,0.12492784962384706,0.11331971098740813
2024-03-22 00:00:00+00:00,SPY,2593,0.0,0.1595515308322553,0.11412222254079053,0.1419137513952158,0.14372817105464297,0.10916012730619457
2024-03-28 00:00:00+00:00,SPY,2597,1.0,0.1595515308322553,0.13554551965606468,0.1734607738416769,0.14291916023808748,0.10926262547622738
2024-04-05 00:00:00+00:00,SPY,2602,0.0,0.1595515308322553,0.13945679303205055,0.18826727557827255,0.12752179035662636,0.11035457786808878
2024-04-12 00:00:00+00:00,SPY,2607,0.0,0.1595515308322553,0.14674289567754595,0.18800665130426875,0.10584367624785318,0.11611831259138362
2024-04-19 00:00:00+00:00,SPY,2612,0.0,0.1595515308322553,0.14149891962135713,0.09554660341045332,0.06815766606309537,0.11852717844042823
2024-04-26 00:00:00+00:00,SPY,2617,0.0,0.1595515308322553,0.11927996425698133,0.11985805177468828,0.09241554814670994,0.1172087332595401
2024-05-03 00:00:00+00:00,SPY,2622,0.0,0.1595515308322553,0.12587389422202386,0.12905959460542826,0.09547138046840176,0.1204086002064398
2024-05-10 00:00:00+00:00,SPY,2627,0.0,0.1595515308322553,0.11856736786125116,0.11351461892060583,0.11180618662132091,0.11705477085851272
2024-05-17 00:00:00+00:00,SPY,2632,0.0,0.1595515308322553,0.12007075099674225,0.15676068740957955,0.12559068753946234,0.1105097777609311
2024-05-24 00:00:00+00:00,SPY,2637,0.0,0.1595515308322553,0.11576668837916566,0.1276724423062158,0.12045307814521622,0.11209234610324448
2024-05-31 00:00:00+00:00,SPY,2641,0.0,0.1595515308322553,0.11116724834931739,0.11886305104031186,0.11204507806820163,0.11155359775653134
2024-06-07 00:00:00+00:00,SPY,2646,0.0,0.1595515308322553,0.09522419964448714,0.08753489341370019,0.12022543589503876,0.1094421112657602
2024-06-14 00:00:00+00:00,SPY,2651,0.0,0.1595515308322553,0.08629391468549022,0.09129043794699124,0.13255439233276367,0.10704203899640098
2024-06-21 00:00:00+00:00,SPY,2655,0.0,0.1595515308322553,0.09896364523233891,0.09129043794699124,0.13501956810549132,0.1077963559826334
2024-06-28 00:00:00+00:00,SPY,2660,0.0,0.1595515308322553,0.10083873281962555,0.11694020723061258,0.12826006312092164,0.10645259723559095
2024-07-05 00:00:00+00:00,SPY,2664,1.0,0.1595515308322553,0.08796300891947918,0.11419054017541715,0.14466433120583466,0.10245154824547424
2024-07-12 00:00:00+00:00,SPY,2669,1.0,0.1595515308322553,0.11360379446711413,0.18797478671786944,0.14817100519598347,0.09339456284007192
2024-07-19 00:00:00+00:00,SPY,2674,1.0,0.1595515308322553,0.14879599356347128,0.18131829200680336,0.11791830099863043,0.09521560708603115
2024-07-26 00:00:00+00:00,SPY,2679,1.0,0.1595515308322553,0.17509756088021608,0.18800665130426875,0.10167713567730008,0.10399398884250009
2024-08-02 00:00:00+00:00,SPY,2684,0.0,0.1595515308322553,0.18031740084972522,0.1549756645818063,0.07220954943017288,0.11529490095628356
2024-08-09 00:00:00+00:00,SPY,2689,0.0,0.1595515308322553,0.17506546642158852,0.16305279840721587,0.066921395584004,0.14014995345072334
2024-08-16 00:00:00+00:00,SPY,2694,0.0,0.1595515308322553,0.15045141914258295,0.16057661960416114,0.10223093526528193,0.1458779655063011
2024-08-23 00:00:00+00:00,SPY,2699,0.0,0.1595515308322553,0.16813909723579049,0.14648672022656556,0.11030310059970105,0.1470062868196869
2024-08-30 00:00:00+00:00,SPY,2704,0.0,0.1595515308322553,0.16260623853761882,0.1633897454145087,0.10641041454451483,0.14542285511352016
2024-09-06 00:00:00+00:00,SPY,2708,0.0,0.1595515308322553,0.16844948269230955,0.11635504191454704,0.05636416171211023,0.15611217792484922
2024-09-13 00:00:00+00:00,SPY,2713,0.0,0.1595515308322553,0.09210452832758168,0.113796486031447,0.09311299248908567,0.15873253679606986
2024-09-20 00:00:00+00:00,SPY,2718,0.0,0.1595515308322553,0.11004829684126272,0.11303305949972409,0.10252718934858174,0.16203377948042028
2024-09-27 00:00:00+00:00,SPY,2723,0.0,0.1595515308322553,0.11036155153941142,0.11303305949972409,0.10242647856163467,0.16147178310201454
2024-10-04 00:00:00+00:00,SPY,2728,0.0,0.1595515308322553,0.10022304834040062,0.13215368152470564,0.09969982682109113,0.16124537764157457
2024-10-11 00:00:00+00:00,SPY,2733,0.0,0.1595515308322553,0.09374620482804934,0.10498642115352777,0.1067294755490602,0.15981885459225315
2024-10-18 00:00:00+00:00,SPY,2738,0.0,0.1595515308322553,0.10184223053295369,0.12524439884321076,0.11030112335243403,0.15139124404620916
2024-10-25 00:00:00+00:00,SPY,2743,0.0,0.1595515308322553,0.1177593737842585,0.1235295324061051,0.09389054599403113,0.14450968392835395
2024-11-01 00:00:00+00:00,SPY,2748,0.0,0.1595515308322553,0.15603953997550468,0.15810006624021164,0.07342640740439421,0.12109218971288956
2024-11-08 00:00:00+00:00,SPY,2753,0.0,0.1595515308322553,0.11903526681099087,0.17321627277814977,0.11889043276482214,0.12525006528404872
2024-11-15 00:00:00+00:00,SPY,2758,0.0,0.1595515308322553,0.16427595295700545,0.12131160219237926,0.08998362088464784,0.12704400736382992
2024-11-22 00:00:00+00:00,SPY,2763,0.0,0.1595515308322553,0.1350266483126589,0.12220262258734717,0.10297347224048359,0.1251456181050867
2024-11-29 00:00:00+00:00,SPY,2767,0.0,0.1595515308322553,0.14838288448753303,0.2250750110841626,0.11165398751795519,0.11604765365592774
2024-01-05 00:00:00+00:00,QQQ,2540,0.0,0.2445019404915912,0.2575605096790712,0.15047593720955005,0.10243663812755033,0.155884465406039
2024-01-12 00:00:00+00:00,QQQ,2545,0.0,0.2445019404915912,0.17083931494746724,0.19013640438083865,0.13012306015457709,0.15612190812238247
2024-01-19 00:00:00+00:00,QQQ,2549,0.0,0.2445019404915912,0.23162356583386987,0.19013640438083865,0.15599567381703583,0.15386290437281824
2024-01-26 00:00:00+00:00,QQQ,2554,0.0,0.2445019404915912,0.2851722570987162,0.194631209606558,0.1546117327341905,0.13509177822607688
2024-02-02 00:00:00+00:00,QQQ,2559,0.0,0.2445019404915912,0.2687925465613271,0.226678875140926,0.16022353131388245,0.14134770000515237
2024-02-09 00:00:00+00:00,QQQ,2564,0.0,0.2445019404915912,0.2433977851318491,0.226678875140926,0.17263200272184154,0.13459277642156925
2024-02-16 00:00:00+00:00,QQQ,2569,0.0,0.2445019404915912,0.2326708622168514,0.2010940982122293,0.14641275699130096,0.1356684596452137
2024-02-23 00:00:00+00:00,QQQ,2573,0.0,0.2445019404915912,0.24872551265203607,0.2397286828952629,0.15595204912631333,0.14795477600440263
2024-03-01 00:00:00+00:00,QQQ,2578,0.0,0.2445019404915912,0.2463148673406652,0.26246668353495733,0.1703712436225946,0.14943466324906662
2024-03-08 00:00:00+00:00,QQQ,2583,0.0,0.2445019404915912,0.26094970039727233,0.25842320042982403,0.14490607618623663,0.15844558094193034
2024-03-15 00:00:00+00:00,QQQ,2588,0.0,0.2445019404915912,0.23864049021380798,0.20247418832554226,0.12427148083828521,0.16194448646938187
2024-03-22 00:00:00+00:00,QQQ,2593,1.0,0.2445019404915912,0.16382517860484372,0.18117782150237363,0.15122376424071104,0.15911116536027786
2024-03-28 00:00:00+00:00,QQQ,2597,1.0,0.2445019404915912,0.2080301160138725,0.18488994264401948,0.13968317829067445,0.1548065205259234
2024-04-05 00:00:00+00:00,QQQ,2602,1.0,0.2445019404915912,0.18551656912123293,0.20043545160184464,0.125089656641036,0.15391544040294636
2024-04-12 00:00:00+00:00,QQQ,2607,1.0,0.2445019404915912,0.1869888277284965,0.17235228408888403,0.1137479698680095,0.1612280278723064
2024-04-19 00:00:00+00:00,QQQ,2612,0.0,0.2445019404915912,0.20509646409221063,0.13557820537948836,0.04975686392779566,0.16552483332793722
2024-04-26 00:00:00+00:00,QQQ,2617,0.0,0.2445019404915912,0.16787912665243648,0.179697016064018,0.08709715898951753,0.16567347473892727
2024-05-03 00:00:00+00:00,QQQ,2622,0.0,0.2445019404915912,0.1872757694130933,0.19221598868533363,0.0950946544340725,0.17170140371263087
2024-05-10 00:00:00+00:00,QQQ,2627,0.0,0.2445019404915912,0.1754829270899793,0.19221598868533363,0.10706550854082741,0.16723434038280063
2024-05-17 00:00:00+00:00,QQQ,2632,0.0,0.2445019404915912,0.18481652356253106,0.14871447680264235,0.12635452595756713,0.1575559163192203
2024-05-24 00:00:00+00:00,QQQ,2637,0.0,0.2445019404915912,0.1665967106164118,0.14871447680264235,0.13574334734914073,0.15796179836721252
2024-05-31 00:00:00+00:00,QQQ,2641,0.0,0.2445019404915912,0.1855653998537047,0.14456641750972302,0.11289483108828935,0.15247596966001717
2024-06-07 00:00:00+00:00,QQQ,2646,0.0,0.2445019404915912,0.15034527361477099,0.14127962786410705,0.13612425122428418,0.14811981671327484
2024-06-14 00:00:00+00:00,QQQ,2651,0.0,0.2445019404915912,0.142401603505084,0.18719783010128602,0.16825954357923445,0.1459390909293435
2024-06-21 00:00:00+00:00,QQQ,2655,0.0,0.2445019404915912,0.17328823356845274,0.19648645283872992,0.16457774001395764,0.14827435147257437
2024-06-28 00:00:00+00:00,QQQ,2660,0.0,0.2445019404915912,0.18566531756135854,0.20612917849779158,0.15627257365309521,0.1510297870770869
2024-07-05 00:00:00+00:00,QQQ,2664,1.0,0.2445019404915912,0.15416454017422357,0.2216476493471273,0.19062720887265727,0.14844279185274778
2024-07-12 00:00:00+00:00,QQQ,2669,1.0,0.2445019404915912,0.21829129367938313,0.2060115454059916,0.177734188480148,0.14370352993003496
2024-07-19 00:00:00+00:00,QQQ,2674,1.0,0.2445019404915912,0.2989274429798366,0.2355769398696873,0.12242386692931406,0.14590923989159357
2024-07-26 00:00:00+00:00,QQQ,2679,1.0,0.2445019404915912,0.32979797446847986,0.2389732685705419,0.0863538513972848,0.1623593526960721
2024-08-02 00:00:00+00:00,QQQ,2684,0.0,0.2445019404915912,0.31424675660320356,0.33234735522771147,0.04725540047096133,0.18228981594533625
2024-08-09 00:00:00+00:00,QQQ,2689,0.0,0.2445019404915912,0.29501380090995993,0.28663384828646793,0.04605054409826259,0.20447320338672073
2024-08-16 00:00:00+00:00,QQQ,2694,1.0,0.2445019404915912,0.26171150639788476,0.21348396418237892,0.09574785362776272,0.21391461641474427
2024-08-23 00:00:00+00:00,QQQ,2699,1.0,0.2445019404915912,0.30030999443243933,0.19985869391644162,0.09959649392032399,0.21765396759208627
2024-08-30 00:00:00+00:00,QQQ,2704,1.0,0.2445019404915912,0.2885304500293544,0.17038448529022596,0.08472505896708693,0.2161850307784042
2024-09-06 00:00:00+00:00,QQQ,2708,0.0,0.2445019404915912,0.3049605571028932,0.2870992707339849,0.01845921359404734,0.2312906396993581
2024-09-13 00:00:00+00:00,QQQ,2713,0.0,0.2445019404915912,0.1384296734285908,0.1525362874774237,0.07416105711499466,0.23566155021539512
2024-09-20 00:00:00+00:00,QQQ,2718,0.0,0.2445019404915912,0.18184293605962903,0.1525362874774237,0.0846974727335652,0.2388191640417766
2024-09-27 00:00:00+00:00,QQQ,2723,0.0,0.2445019404915912,0.17067091643625235,0.1525362874774237,0.08987366092254412,0.23767829705249346
2024-10-04 00:00:00+00:00,QQQ,2728,0.0,0.2445019404915912,0.1562881295518133,0.11726528573156067,0.08610470021225702,0.23442843461598922
2024-10-11 00:00:00+00:00,QQQ,2733,0.0,0.2445019404915912,0.1318973012773502,0.10264713816462699,0.09443068346081063,0.2294168944569047
2024-10-18 00:00:00+00:00,QQQ,2738,0.0,0.2445019404915912,0.15163954397221868,0.14370606861752178,0.09156000975805334,0.21478767184035905
2024-10-25 00:00:00+00:00,QQQ,2743,0.0,0.2445019404915912,0.16545738599904442,0.1511659994382933,0.08786728642807073,0.2002551684698869
2024-11-01 00:00:00+00:00,QQQ,2748,0.0,0.2445019404915912,0.2374397307563505,0.1865583528480061,0.0655838150211967,0.1802787747263978
2024-11-08 00:00:00+00:00,QQQ,2753,0.0,0.2445019404915912,0.17236589672685726,0.22575300830817854,0.11905771430155876,0.17889521495041827
2024-11-15 00:00:00+00:00,QQQ,2758,0.0,0.2445019404915912,0.2765116316592518,0.21790384310414632,0.07569671024451341,0.18185473009856326
2024-11-22 00:00:00+00:00,QQQ,2763,0.0,0.2445019404915912,0.22955124848890537,0.22249820325850336,0.09121558652391482,0.17832330565435842
2024-11-29 00:00:00+00:00,QQQ,2767,0.0,0.2445019404915912,0.2582005293825967,0.19527693164269042,0.09613986540603525,0.16609654372798718
2024-01-05 00:00:00+00:00,GLD,2540,0.0,0.13497197067701597,0.1524679872622591,0.18843989758924234,0.03953873912604888,0.14088545977670922
2024-01-12 00:00:00+00:00,GLD,2545,0.0,0.13497197067701597,0.11174918744240318,0.11101567812033308,0.040867714606844574,0.12695512094432368
2024-01-19 00:00:00+00:00,GLD,2549,0.0,0.13497197067701597,0.10474588667903853,0.1266760961703192,0.03068919468200182,0.1263445367222467
2024-01-26 00:00:00+00:00,GLD,2554,0.0,0.13497197067701597,0.09637400105752404,0.09334284484045598,0.02558643679423156,0.1252863123553366
2024-02-02 00:00:00+00:00,GLD,2559,0.0,0.13497197067701597,0.10183532355822529,0.12986806226565728,0.03409623147355623,0.12718713187248734
2024-02-09 00:00:00+00:00,GLD,2564,0.0,0.13497197067701597,0.1250195339211886,0.13331872752398893,0.028155941208970914,0.12342476399027237
2024-02-16 00:00:00+00:00,GLD,2569,0.0,0.13497197067701597,0.11545875594170175,0.13221237614638023,0.021186561132213955,0.12447819786512856
2024-02-23 00:00:00+00:00,GLD,2573,0.0,0.13497197067701597,0.0951820081064136,0.09931234383157503,0.033782612725067995,0.1221360878421801
2024-03-01 00:00:00+00:00,GLD,2578,0.0,0.13497197067701597,0.09559753154215574,0.10795677888040615,0.05695901595991093,0.1115353193803813
2024-03-08 00:00:00+00:00,GLD,2583,0.0,0.13497197067701597,0.11147582499201614,0.2026249424713059,0.1025612433224301,0.11154178240059032
2024-03-15 00:00:00+00:00,GLD,2588,0.0,0.13497197067701597,0.13932883885522282,0.1500027216119155,0.08924789474324313,0.10436970644080586
2024-03-22 00:00:00+00:00,GLD,2593,0.0,0.13497197067701597,0.1293787210997731,0.12945714878401757,0.08998247849167451,0.10514999035066834
2024-03-28 00:00:00+00:00,GLD,2597,0.0,0.13497197067701597,0.1261144673337836,0.17902958196161606,0.11662009851376887,0.10740587916300143
2024-04-05 00:00:00+00:00,GLD,2602,0.0,0.13497197067701597,0.11226418696271964,0.22018789710512968,0.16290162962780985,0.11471524240038962
2024-04-12 00:00:00+00:00,GLD,2607,0.0,0.13497197067701597,0.16245551383876752,0.21456327289780536,0.16621947614067412,0.12016783187268798
2024-04-19 00:00:00+00:00,GLD,2612,0.0,0.13497197067701597,0.15462580332353085,0.24398844631426808,0.18167591803376437,0.12307653133102632
2024-04-26 00:00:00+00:00,GLD,2617,0.0,0.13497197067701597,0.18176201978030987,0.18893939740929827,0.15250038004588684,0.13559921787944673
2024-05-03 00:00:00+00:00,GLD,2622,0.0,0.13497197067701597,0.1552692996042706,0.18893939740929827,0.12835669995560228,0.1404695038815802
2024-05-10 00:00:00+00:00,GLD,2627,0.0,0.13497197067701597,0.13228749350392288,0.18893939740929827,0.15373003469358726,0.14048278789030252
2024-05-17 00:00:00+00:00,GLD,2632,1.0,0.13497197067701597,0.12795884325265247,0.1699708041599848,0.17382825863491935,0.14817440386426356
2024-05-24 00:00:00+00:00,GLD,2637,0.0,0.13497197067701597,0.17018980540427225,0.1951642046300645,0.12715494044811781,0.16085599997325875
2024-05-31 00:00:00+00:00,GLD,2641,0.0,0.13497197067701597,0.12671511685608075,0.17770422095637858,0.11932075046945068,0.15683231780131784
2024-06-07 00:00:00+00:00,GLD,2646,0.0,0.13497197067701597,0.13721125958620034,0.1454847819819549,0.0943038344872591,0.17507332105596699
2024-06-14 00:00:00+00:00,GLD,2651,0.0,0.13497197067701597,0.10600326103903746,0.15021555492548136,0.1105008087008108,0.17665940371741454
2024-06-21 00:00:00+00:00,GLD,2655,0.0,0.13497197067701597,0.10879877944411735,0.15021555492548136,0.10152994623131595,0.18091611144860653
2024-06-28 00:00:00+00:00,GLD,2660,0.0,0.13497197067701597,0.09706260459366527,0.1454847819819549,0.09756066912577954,0.17742605708399115
2024-07-05 00:00:00+00:00,GLD,2664,0.0,0.13497197067701597,0.07660670513566556,0.15131427885770743,0.12324871712824481,0.17644428371500528
2024-07-12 00:00:00+00:00,GLD,2669,0.0,0.13497197067701597,0.07370456212918323,0.12260944406960783,0.12832233129371806,0.17020865934637133
2024-07-19 00:00:00+00:00,GLD,2674,0.0,0.13497197067701597,0.09949705188983567,0.1422485198687159,0.11395910943603638,0.17124028514478196
2024-07-26 00:00:00+00:00,GLD,2679,0.0,0.13497197067701597,0.10954382813225971,0.12852165000315724,0.10136443883010315,0.17019621257906647
2024-08-02 00:00:00+00:00,GLD,2684,0.0,0.13497197067701597,0.09026809199060248,0.1422485198687159,0.11806350114727793,0.1727409252303241
2024-08-09 00:00:00+00:00,GLD,2689,0.0,0.13497197067701597,0.09517324788835668,0.1422485198687159,0.10859692198962856,0.17259547810358125
2024-08-16 00:00:00+00:00,GLD,2694,0.0,0.13497197067701597,0.07675611792199638,0.13797818976301887,0.1391013408173274,0.17744565299983794
2024-08-23 00:00:00+00:00,GLD,2699,0.0,0.13497197067701597,0.1124990457275174,0.14257593590737974,0.1326375255810217,0.1687283106437106
2024-08-30 00:00:00+00:00,GLD,2704,0.0,0.13497197067701597,0.10059760669981169,0.1381895108885077,0.12202810791992302,0.1665757681042812
2024-09-06 00:00:00+00:00,GLD,2708,0.0,0.13497197067701597,0.1138942730328308,0.15158848147103615,0.11362443112417564,0.1488602682070532
2024-09-13 00:00:00+00:00,GLD,2713,0.0,0.13497197067701597,0.09290505549119049,0.18391686709821928,0.1456927451993355,0.14996170263758477
2024-09-20 00:00:00+00:00,GLD,2718,0.0,0.13497197067701597,0.10745617853172156,0.2024929385234524,0.155827761745309,0.14795388559080724
2024-09-27 00:00:00+00:00,GLD,2723,0.0,0.13497197067701597,0.10577893069877413,0.1878819267766582,0.16108917480117935,0.14916837570603814
2024-10-04 00:00:00+00:00,GLD,2728,0.0,0.13497197067701597,0.1103470618386424,0.1879916588557416,0.15306814942338764,0.1433082776129354
2024-10-11 00:00:00+00:00,GLD,2733,0.0,0.13497197067701597,0.09697301889160832,0.16880041086670272,0.14806063344297815,0.14070593222264624
2024-10-18 00:00:00+00:00,GLD,2738,1.0,0.13497197067701597,0.0947453138161045,0.1772794811155252,0.16746208473522972,0.13097342615879562
2024-10-25 00:00:00+00:00,GLD,2743,1.0,0.13497197067701597,0.09311302527461185,0.1772794811155252,0.16829717545242717,0.12905076139280713
2024-11-01 00:00:00+00:00,GLD,2748,1.0,0.13497197067701597,0.11591405090991448,0.20230722796529707,0.1554722859307318,0.12760301815547923
2024-11-08 00:00:00+00:00,GLD,2753,0.0,0.13497197067701597,0.13695122031568221,0.18893939740929827,0.12676366562066366,0.14282923846627407
2024-11-15 00:00:00+00:00,GLD,2758,0.0,0.13497197067701597,0.15732340573875955,0.1569260652598057,0.06900935213422366,0.14570530939697715
2024-11-22 00:00:00+00:00,GLD,2763,0.0,0.13497197067701597,0.09619446403423215,0.15162087166448962,0.12168387429715999,0.1516359720644882
2024-11-29 00:00:00+00:00,GLD,2767,0.0,0.13497197067701597,0.13434075443184562,0.1454847819819549,0.09691866035359076,0.1630720947098802
