anchor_ordinal,timestamp,bar_index,current_regime,trailing_log_return_24h,trailing_log_return_72h,trailing_log_return_168h,realized_volatility_24h,realized_volatility_168h,distance_from_close_mean_168h,log1p_current_state_age_hours,log1p_previous_state_duration_hours,log1p_hours_since_previous_transition,transition_count_trailing_24h,transition_count_trailing_72h,transition_count_trailing_168h,outcome_R_24h,outcome_R_72h,outcome_R_168h,outcome_M_24h,outcome_M_72h,outcome_M_168h,outcome_V_24h,outcome_V_72h,outcome_V_168h,outcome_S_24h,outcome_S_72h,outcome_S_168h,partition
0,2018-01-08 00:00:00,168,RANGE,-0.061870394526220347,0.059165276601460814,0.16164623991221885,0.04866014636085976,0.14389276521558372,0.66453792288427416,2.0794415416798357,0.69314718055994529,2.0794415416798357,5,7,10,-0.045520170609518816,-0.085699377675185776,-0.15117132137774064,0.045520170609518816,0.085699377675185776,0.15117132137774064,0.07355496095915863,0.1290963348026567,0.18303203937195389,0,0,0,1
1,2018-01-15 00:00:00,336,TREND_DOWN,-0.038061713575013562,0.044683531465174856,-0.15117132137774064,0.048759087968398708,0.18303203937195389,-0.76248333024353221,2.8332133440562162,1.3862943611198906,2.8332133440562162,3,8,15,-0.035585667347648446,-0.19478049406158474,-0.16009010905396923,0.035585667347648446,0.19478049406158474,0.16009010905396923,0.051732051212361387,0.24308368054641347,0.29238159840061617,0,0,0,1
2,2018-01-22 00:00:00,504,TREND_DOWN,-0.05497234130363423,0.013455502601525737,-0.16009010905396923,0.075951722727650633,0.29238159840061617,-0.28026412179688004,2.1972245773362196,2.1972245773362196,2.1972245773362196,2,7,18,-0.080873331455867142,-0.036973520352146752,-0.016275150374167512,0.080873331455867142,0.036973520352146752,0.016275150374167512,0.091778630457450994,0.14687458773105111,0.1846816974238408,0,0,0,1
3,2018-01-29 00:00:00,672,VOL_COMPRESSION,0.01642429751072368,0.016258270518592341,-0.016275150374167512,0.039864561173611562,0.1846816974238408,1.1388666994101666,2.1972245773362196,1.9459101490553132,2.1972245773362196,5,12,24,-0.033757100273366411,-0.13107667357228039,,0.033757100273366411,0.13107667357228039,,0.034974988355672781,0.096514506860826368,,1,0,,1
4,2018-02-12 00:00:00,1005,TREND_DOWN,-0.026807436328142076,0.034332906335416663,-0.0016406614593677644,0.071388379969935176,0.30071178099752305,0.3830313782904109,1.791759469228055,1.6094379124341003,1.791759469228055,3,9,13,0.083708493222486885,0.13358582993223744,0.24118296945851098,0.083708493222486885,0.13358582993223744,0.24118296945851098,0.062538997007830846,0.092179734878766184,0.15385450632741496,0,0,0,1
5,2018-02-19 00:00:00,1173,TREND_UP,-0.066094430579491978,0.020540934037665059,0.24118296945851098,0.083445302590125225,0.15385450632741496,0.91153832398087442,2.6390573296152584,1.0986122886681098,2.6390573296152584,3,6,18,0.088364801488993949,0.005340774214676932,-0.083951695548793795,0.088364801488993949,0.005340774214676932,0.083951695548793795,0.055608772422338699,0.091789840444138529,0.14144049103813544,0,0,0,1
6,2018-02-26 00:00:00,1341,TREND_DOWN,-0.0045772287001253848,-0.0082862246935784794,-0.083951695548793795,0.038414948102874491,0.14144049103813544,-1.237542119999377,3.713572066704308,1.9459101490553132,3.713572066704308,0,2,12,0.076339252643899166,0.079520395667511526,0.17685824278619658,0.076339252643899166,0.079520395667511526,0.17685824278619658,0.049093324107190618,0.083220073773566827,0.10734212983983914,0,0,0,1
7,2018-03-05 00:00:00,1509,VOL_COMPRESSION,0.0083411804924117244,0.03925418423631246,0.17685824278619658,0.029949903969485627,0.10734212983983914,1.4150500276146971,4.0604430105464191,0.69314718055994529,4.0604430105464191,0,7,22,-0.013089182903712211,-0.14011837262518342,-0.17709490166438088,0.013089182903712211,0.14011837262518342,0.17709490166438088,0.025270158335002554,0.096587393366076774,0.18216431134114641,1,0,0,1
8,2018-03-12 00:00:00,1677,TREND_UP,0.11721233479680383,0.022218310038142359,-0.17709490166438088,0.07293071050320496,0.18216431134114641,-0.38823100985163972,1.6094379124341003,1.791759469228055,1.6094379124341003,2,4,15,-0.036822314545491987,-0.1704773471306073,-0.14454390179653145,0.036822314545491987,0.1704773471306073,0.14454390179653145,0.077557457829605811,0.12773743926310163,0.19256056539815555,0,0,0,1
9,2018-03-19 00:00:00,1845,VOL_EXPANSION,0.072994595064456533,0.028592929169228391,-0.14454390179653145,0.095102175411060363,0.19256056539815555,-0.31571065312297003,1.3862943611198906,3.5263605246161616,1.3862943611198906,1,9,23,0.023508306020553399,0.083746507090476957,0.008400779340289169,0.023508306020553399,0.083746507090476957,0.008400779340289169,0.054062898549005999,0.082129560104986565,0.12126604812022868,0,0,0,1
10,2018-03-26 00:00:00,2013,TREND_DOWN,-0.021030584365464046,-0.031996352830853933,0.008400779340289169,0.036238535052252052,0.12126604812022868,-1.1958637683378559,1.0986122886681098,2.9444389791664403,1.0986122886681098,3,15,28,-0.020522169258541195,-0.05337053052301155,-0.18088889179245884,0.020522169258541195,0.05337053052301155,0.18088889179245884,0.048141823067971982,0.082275804356595122,0.16553003671287908,0,0,0,1
11,2018-04-02 00:00:00,2181,TREND_DOWN,-0.00098591325510960872,0.02463746021007502,-0.18088889179245884,0.070813958863999937,0.16553003671287908,-0.86773398053056161,2.4849066497880004,0.69314718055994529,2.4849066497880004,4,7,16,0.0064217131136485054,-0.042090395833363131,0.0099871842531818068,0.0064217131136485054,0.042090395833363131,0.0099871842531818068,0.039327317572295621,0.077810155455164731,0.11246292870492125,0,0,0,1
12,2018-04-09 00:00:00,2349,VOL_COMPRESSION,0.012946461963785877,0.035066414161665151,0.0099871842531818068,0.023554297937190924,0.11246292870492125,0.42947849988246861,3.8501476017100584,0.69314718055994529,3.8501476017100584,0,5,17,-0.041697275235818738,-0.01818100570197299,0.1720957375318847,0.041697275235818738,0.01818100570197299,0.1720957375318847,0.049641811237926631,0.056216003912854341,0.14362542495430278,0,0,0,1
13,2018-04-16 00:00:00,2517,VOL_COMPRESSION,0.037486275439596838,0.059847552094953023,0.1720957375318847,0.0286757073394318,0.14362542495430278,1.5351732645081342,3.5835189384561099,0.69314718055994529,3.5835189384561099,0,5,10,-0.041055713158888493,-0.028021416605596837,0.051173955524708242,0.041055713158888493,0.028021416605596837,0.051173955524708242,0.035153300302034216,0.057530313538832201,0.082105997918880069,1,1,1,1
14,2018-04-23 00:00:00,2685,VOL_COMPRESSION,-0.0016992357529598016,0.054765121586571701,0.051173955524708242,0.022751237201155024,0.082105997918880069,1.3081325574812241,5.3181199938442161,0.69314718055994529,5.3181199938442161,0,0,0,0.040005334613699206,-0.0014988551486793669,0.06392715231694418,0.040005334613699206,0.0014988551486793669,0.06392715231694418,0.030845554767627941,0.078888375672868008,0.10490305176271444,1,0,0,1
15,2018-04-30 00:00:00,2853,VOL_COMPRESSION,0.0027947229486551205,0.018618909543354017,0.06392715231694418,0.023663314572897158,0.10490305176271444,1.1202684287022511,3.4965075614664802,1.0986122886681098,3.4965075614664802,0,8,12,-0.047174835199778081,-0.027195143048214195,0.0044316557604204866,0.047174835199778081,0.027195143048214195,0.0044316557604204866,0.039147759805522049,0.04844473856086226,0.072951889782780985,1,1,0,1
16,2018-05-07 00:00:00,3021,VOL_COMPRESSION,-0.044120188520038239,-0.015341253551606078,0.0044316557604204866,0.030448699535149656,0.072951889782780985,0.13528999132160224,4.2766661190160553,0.69314718055994529,4.2766661190160553,0,1,2,-0.0072349111595846937,-0.014472054218172182,,0.0072349111595846937,0.014472054218172182,,0.025258144087672553,0.042486102881440044,,1,1,,1
17,2018-05-21 00:00:00,3356,VOL_COMPRESSION,0.032915730305466011,0.063332485120291035,-0.023928496893990795,0.021298775025886188,0.085550835523386604,0.57620101080452313,4.6051701859880918,2.1972245773362196,4.6051701859880918,0,0,12,-0.013256790225062227,-0.11094922040632524,-0.14149405905049808,0.013256790225062227,0.11094922040632524,0.14149405905049808,0.016398448563759476,0.049962384778507354,0.078948156999759878,1,0,0,1
18,2018-05-28 00:00:00,3524,VOL_COMPRESSION,0.013646096196504516,-0.026483868392567299,-0.14149405905049808,0.014852881582288185,0.078948156999759878,-0.97248335385395135,4.0775374439057197,1.6094379124341003,4.0775374439057197,0,4,8,-0.032018048001608471,,,0.032018048001608471,,,0.026419263719701363,,,1,,,1
19,2018-06-18 00:00:00,4026,VOL_COMPRESSION,-0.015862308612585904,-0.033096063063221215,-0.049633784571875214,0.016490492438034677,0.083749864868569501,-1.0815519382485557,4.2766661190160553,1.9459101490553132,4.2766661190160553,0,1,10,0.047270060153397429,0.053652212444457198,-0.03738150952924417,0.047270060153397429,0.053652212444457198,0.03738150952924417,0.032362622211303267,0.042330130251075217,0.11214654933511904,1,1,0,1
20,2018-06-25 00:00:00,4194,VOL_COMPRESSION,0.0060952055589112925,-0.085769419597840388,-0.03738150952924417,0.081465944908974991,0.11214654933511904,-0.97108263524120531,0,1.6094379124341003,0,5,7,7,0.0037501520227434231,-0.0044673753378208017,0.027024350040192983,0.0037501520227434231,0.0044673753378208017,0.027024350040192983,0.035233187493440732,0.044493485719038002,0.085311948381592062,0,0,0,1
21,2018-07-02 00:00:00,4362,VOL_COMPRESSION,-0.0041720846127254749,0.073598396364530472,0.027024350040192983,0.01383170950107861,0.085311948381592062,1.0598498115576369,3.7612001156935624,1.791759469228055,3.7612001156935624,0,4,7,0.042216808961084464,0.035046382683255259,0.056952332638054284,0.042216808961084464,0.035046382683255259,0.056952332638054284,0.041810757858605871,0.057400939665563554,0.071346377074992737,1,1,1,1
22,2018-07-09 00:00:00,4530,VOL_COMPRESSION,-0.0047324715492650868,0.026657814899174733,0.056952332638054284,0.0079462542231051488,0.071346377074992737,1.2158968152303824,5.3518581334760666,1.791759469228055,5.3518581334760666,0,0,0,-0.0065745001491506845,-0.049636725886968623,-0.054544568645780375,0.0065745001491506845,0.049636725886968623,0.054544568645780375,0.01006570924066354,0.037452075349638597,0.051935065594757253,1,1,1,1
23,2018-07-16 00:00:00,4698,VOL_COMPRESSION,0.016455647722527333,0.017988001578128528,-0.054544568645780375,0.012775977343130579,0.051935065594757253,-0.065428794379887564,5.9375362050824263,1.791759469228055,5.9375362050824263,0,0,0,0.058535123344727241,0.14494130695004709,0.16104021239102545,0.058535123344727241,0.14494130695004709,0.16104021239102545,0.030979921334577571,0.078779540040349996,0.092675829158034212,1,0,0,1
24,2018-07-23 00:00:00,4866,VOL_COMPRESSION,0.0042951222684061941,0.0079292743192003624,0.16104021239102545,0.024806141231886989,0.092675829158034212,0.73830173837853075,3.970291913552122,1.3862943611198906,3.970291913552122,0,2,8,0.032428063795294414,0.097090604479477857,0.089154045196071938,0.032428063795294414,0.097090604479477857,0.089154045196071938,0.02277764911219287,0.053606388499806659,0.081292982077314196,1,0,0,1
25,2018-07-30 00:00:00,5034,VOL_COMPRESSION,-0.011195672352233016,0.033308421324238585,0.089154045196071938,0.014081614484683185,0.081292982077314196,0.34961153339091278,4.0253516907351496,1.0986122886681098,4.0253516907351496,0,2,4,-0.0042885946548413979,-0.061454393064731126,-0.14715458061549061,0.0042885946548413979,0.061454393064731126,0.14715458061549061,0.037711251479494737,0.059383854288116683,0.084087799582662173,1,1,0,1
26,2018-08-06 00:00:00,5202,VOL_COMPRESSION,0.017485975102989427,-0.04735997352576047,-0.14715458061549061,0.026429909157727534,0.084087799582662173,-1.329976027380978,3.4965075614664802,0.69314718055994529,3.4965075614664802,0,2,2,-0.011970460662605284,-0.1133797415711025,,0.011970460662605284,0.1133797415711025,,0.025515063165648558,0.065299650609691937,,1,0,,1
27,2018-08-20 00:00:00,5523,VOL_COMPRESSION,0.021480408036656341,0.026876470894381114,0.028688494510842766,0.028403178426843805,0.093222872470880763,1.1090623272030418,4.3174881135363101,1.0986122886681098,4.3174881135363101,0,0,24,-0.031555285701939932,-0.013441297310748284,0.028161537977176306,0.031555285701939932,0.013441297310748284,0.028161537977176306,0.026871449579512145,0.074621608118125959,0.082948647526884439,1,0,0,1
28,2018-08-27 00:00:00,5691,VOL_COMPRESSION,-0.0078926632507437238,0.032689777927076356,0.028161537977176306,0.021397382352354354,0.082948647526884439,1.1834487378928351,4.5538768916005408,1.3862943611198906,4.5538768916005408,0,0,5,0.02985006586284545,0.050639273616603434,0.083468411271330076,0.02985006586284545,0.050639273616603434,0.083468411271330076,0.026605583276255063,0.038964131709527977,0.05558975813987891,1,1,1,1
29,2018-09-03 00:00:00,5859,VOL_COMPRESSION,0.017532450740881993,0.047552468923516257,0.083468411271330076,0.018255759401881382,0.05558975813987891,1.7322694124126465,5.5721540321777647,1.3862943611198906,5.5721540321777647,0,0,0,-0.0024648550854036574,-0.12620773061823373,-0.15251149731357266,0.0024648550854036574,0.12620773061823373,0.15251149731357266,0.015381754573962091,0.069711071514257206,0.091424703081674552,1,0,0,1
30,2018-09-10 00:00:00,6027,VOL_COMPRESSION,0.011744676346651137,-0.035929130608260453,-0.15251149731357266,0.037143115723113636,0.091424703081674552,-1.1070393786416035,4.4188406077965983,0.69314718055994529,4.4188406077965983,0,0,6,0.0090568807507536639,0.024484261949807525,0.041812961863466162,0.0090568807507536639,0.024484261949807525,0.041812961863466162,0.015439186888299858,0.032724721636545356,0.047838704580232164,1,1,1,1
31,2018-09-17 00:00:00,6195,VOL_COMPRESSION,0.0018437203229253311,0.0089370422774101791,0.041812961863466162,0.011604193780635423,0.047838704580232164,1.1269963355654995,5.5254529391317835,0.69314718055994529,5.5254529391317835,0,0,0,-0.041972897633601951,-0.016235352766878351,0.025968132289653615,0.041972897633601951,0.016235352766878351,0.025968132289653615,0.023033343578438805,0.057594439764068348,0.070635789128371068,1,0,0,1
32,2018-09-24 00:00:00,6363,VOL_COMPRESSION,-0.0012933347282940715,0.029041865067778765,0.025968132289653615,0.011632454521214027,0.070635789128371068,1.0535720738280463,4.5849674786705723,1.0986122886681098,4.5849674786705723,0,0,3,-0.027495369201503077,-0.030427439918038746,-0.0099997078511606195,0.027495369201503077,0.030427439918038746,0.0099997078511606195,0.01897944651220633,0.033438468906845403,0.056061899177730211,1,1,1,1
33,2018-10-01 00:00:00,6531,VOL_COMPRESSION,0.010006181806611112,-0.010683920055336138,-0.0099997078511606195,0.015307473867631245,0.056061899177730211,0.80534689994244335,5.5834963087816991,1.0986122886681098,5.5834963087816991,0,0,0,-0.010326403829948549,-0.022432513369072093,-0.0092426374302215127,0.010326403829948549,0.022432513369072093,0.0092426374302215127,0.010666056057849722,0.021283548531278163,0.029511084877484328,1,1,1,1
34,2018-10-08 00:00:00,6699,VOL_COMPRESSION,0.0015246206267494906,-0.0024330486492376837,-0.0092426374302215127,0.0073895845822505527,0.029511084877484328,0.62142088058544143,6.0730445341004051,1.0986122886681098,6.0730445341004051,0,0,0,0.0064704799486476226,-0.014895559490844233,-0.058191763136820146,0.0064704799486476226,0.014895559490844233,0.058191763136820146,0.0094220389658389598,0.02045486478054219,0.048146057079276376,1,1,0,1
35,2018-10-15 00:00:00,6867,VOL_COMPRESSION,-0.00082640630964277552,0.0068879354777528646,-0.058191763136820146,0.0108199656631201,0.048146057079276376,-0.93806288184991293,4.5325994931532563,1.3862943611198906,4.5325994931532563,0,0,2,0.037953331622594212,0.039117053768857615,0.033882874319394421,0.037953331622594212,0.039117053768857615,0.033882874319394421,0.063983790412204256,0.065228962233860932,0.066546795629733826,0,0,0,1
36,2018-10-22 00:00:00,7035,VOL_COMPRESSION,-0.00112480949772376,0.00056990779185578757,0.033882874319394421,0.0050766145490809111,0.066546795629733826,-0.15413823549136582,5.0369526024136295,2.3025850929940459,5.0369526024136295,0,0,2,0.00040264309199560764,0.0024196590296958879,-5.9317721342777138e-05,0.00040264309199560764,0.0024196590296958879,5.9317721342777138e-05,0.0046991717113578626,0.011547547056919814,0.01555731633903233,1,1,1,1
37,2018-10-29 00:00:00,7203,VOL_COMPRESSION,0.00011396233791240028,0.0013402691916786834,-5.9317721342777138e-05,0.0024848186555931073,0.01555731633903233,0.077158234002880702,5.7745515455444085,2.3025850929940459,5.7745515455444085,0,0,0,-0.022093701706034103,-0.015825495090800334,0.0052919443721579987,0.022093701706034103,0.015825495090800334,0.0052919443721579987,0.016222124734441134,0.02597171373929457,0.031129019336426339,1,1,1,1
38,2018-11-05 00:00:00,7371,VOL_COMPRESSION,0.017751403137454474,0.0095501457197060199,0.0052919443721579987,0.014650439382986873,0.031129019336426339,2.4469122679247559,6.1944053911046719,2.3025850929940459,6.1944053911046719,0,0,0,-0.0052622850716625164,0.0097889188877384355,-0.010577517018110768,0.0052622850716625164,0.0097889188877384355,0.010577517018110768,0.0075213805005000323,0.014938066581794083,0.022843934752154772,1,1,1,1
39,2018-11-12 00:00:00,7539,VOL_COMPRESSION,0.0023960687673037929,-0.0062779009071628183,-0.010577517018110768,0.0094945590896712631,0.022843934752154772,-0.56722486505381364,6.4892049313253173,2.3025850929940459,6.4892049313253173,0,0,0,-0.0084882366896952451,-0.13209448748923869,-0.13922985186548775,0.0084882366896952451,0.13209448748923869,0.13922985186548775,0.0082008767109556339,0.082328600288691198,0.11518680710598567,1,0,0,1
40,2018-11-19 00:00:00,7707,VOL_COMPRESSION,0.0039960616744526044,-0.0015878411854573446,-0.13922985186548775,0.012592566658696304,0.11518680710598567,-0.7001012564335175,4.219507705176107,3.4011973816621555,4.219507705176107,0,1,4,-0.13997733314698399,-0.20435652558912012,-0.32633370856764554,0.13997733314698399,0.20435652558912012,0.32633370856764554,0.057159270906440102,0.15664175890331988,0.21231791363771041,0,0,0,1
41,2018-11-26 00:00:00,7875,VOL_EXPANSION,0.058248910123775192,-0.069902375869792019,-0.32633370856764554,0.088097041972094559,0.21231791363771041,-0.94182064645858077,1.6094379124341003,1.791759469228055,1.6094379124341003,4,7,18,-0.067935311845336938,0.053543183769204666,0.017747466379394651,0.067935311845336938,0.053543183769204666,0.017747466379394651,0.07815369626279918,0.1200231337772789,0.15578507176099624,0,0,0,1
42,2018-12-03 00:00:00,8043,TREND_UP,-0.023784212361181785,-0.030278665204321913,0.017747466379394651,0.039654574792814631,0.15578507176099624,0.27318002796112206,2.1972245773362196,1.6094379124341003,2.1972245773362196,2,8,16,-0.055536733463020883,-0.087294727344859435,-0.13496134027820367,0.055536733463020883,0.087294727344859435,0.13496134027820367,0.052997079681878265,0.086664416450721482,0.16422371040058084,0,0,0,1
43,2018-12-10 00:00:00,8211,TREND_UP,0.046263075231608358,0.06947983419974943,-0.13496134027820367,0.036395359741795676,0.16422371040058084,-0.3779976602223632,2.1972245773362196,1.0986122886681098,2.1972245773362196,4,7,22,-0.047249711544756608,-0.039126504712652443,-0.10087667130240671,0.047249711544756608,0.039126504712652443,0.10087667130240671,0.030061816362644999,0.044739470358682622,0.073156440937902828,0,0,0,1
44,2018-12-17 00:00:00,8379,VOL_COMPRESSION,0.0089439665852772358,-0.016327963175103394,-0.10087667130240671,0.020037011360254393,0.073156440937902828,-0.94095912745728083,4.2626798770413155,1.0986122886681098,4.2626798770413155,0,1,10,0.082767709986692597,0.144332480325636,0.26277073937923956,0.082767709986692597,0.144332480325636,0.26277073937923956,0.057794454003537915,0.088272392807310002,0.16069569577437814,0,0,0,1
45,2018-12-24 00:00:00,8547,TREND_UP,0.047035253448463245,0.030026908391563675,0.26277073937923956,0.063600211118444092,0.16069569577437814,1.6816939320031137,0,2.9957322735539909,0,2,11,22,-0.090814128629673863,,,0.090814128629673863,,,0.07153674851241551,,,0,,,1
46,2019-01-07 00:00:00,8882,VOL_COMPRESSION,0.063126713150553765,0.073689559049029352,0.058404621625580105,0.059308112683447642,0.083363354040673007,3.3277665240184016,5.1873858058407549,1.0986122886681098,5.1873858058407549,0,0,0,-0.009684213136904601,-0.0069151654693290574,-0.14191418288692709,0.009684213136904601,0.0069151654693290574,0.14191418288692709,0.018491002634655029,0.027980172626158623,0.084681483402593696,1,1,0,1
47,2019-01-14 00:00:00,9050,VOL_COMPRESSION,-0.026071069428619222,-0.036181576344146524,-0.14191418288692709,0.032387276892563557,0.084681483402593696,-1.4912256876137817,4.3307333402863311,1.791759469228055,4.3307333402863311,0,0,4,0.042938211061768594,0.024240938313027399,0.0057219164847137332,0.042938211061768594,0.024240938313027399,0.0057219164847137332,0.037353263502280749,0.046305874631145487,0.067979332937735698,1,1,1,1
48,2019-01-21 00:00:00,9218,VOL_COMPRESSION,-0.04183378425628248,-0.026276806731481101,0.0057219164847137332,0.035785226863577713,0.067979332937735698,-1.4922009451744893,5.4971682252932021,1.791759469228055,5.4971682252932021,0,0,0,0.00069528452938318617,0.0056668716668377746,-0.0022927739575944561,0.00069528452938318617,0.0056668716668377746,0.0022927739575944561,0.009296362724172582,0.024977121246901362,0.03488252690523079,1,1,1,1
49,2019-01-28 00:00:00,9386,VOL_COMPRESSION,-0.0081002040351168259,-0.011885031944498942,-0.0022927739575944561,0.0075295904668014153,0.03488252690523079,-1.4030978016381768,6.0210233493495267,1.791759469228055,6.0210233493495267,0,0,0,-0.027715705130663126,-0.01881977055976311,-0.031311560933200873,0.027715705130663126,0.01881977055976311,0.031311560933200873,0.020894970431548719,0.029461078131463737,0.038859530169924252,1,1,1,1
50,2019-02-04 00:00:00,9554,VOL_COMPRESSION,-0.011032452884730331,0.0027493820965261121,-0.031311560933200873,0.010433389816923964,0.038859530169924252,-0.11146583057967288,6.363028103540465,1.791759469228055,6.363028103540465,0,0,0,-0.0028989262071857946,-0.016304668970587584,0.054064297297942362,0.0028989262071857946,0.016304668970587584,0.054064297297942362,0.0078529185177795228,0.016417726787343677,0.068167216190408164,1,1,0,1
51,2019-02-11 00:00:00,9722,VOL_COMPRESSION,-0.0027634910581352846,0.072207371598286427,0.054064297297942362,0.016535816272984963,0.068167216190408164,1.3325044278776703,3.9889840465642745,1.3862943611198906,3.9889840465642745,0,2,2,-0.012106226534304368,-0.0071696851986522373,0.012708379071981442,0.012106226534304368,0.0071696851986522373,0.012708379071981442,0.010947566989458854,0.018344446987110016,0.027376076842183825,1,1,1,1
52,2019-02-18 00:00:00,9890,VOL_COMPRESSION,0.020246414095507169,0.025403581674423689,0.012708379071981442,0.014491068948991746,0.027376076842183825,5.1978549208754137,5.4026773818722793,1.3862943611198906,5.4026773818722793,0,0,0,0.072093495051048506,0.070950199817600687,0.028157049408052547,0.072093495051048506,0.070950199817600687,0.028157049408052547,0.032165889584391566,0.047626583064531984,0.099205549666151485,0,0,0,1
53,2019-02-25 00:00:00,10058,VOL_COMPRESSION,-0.092873352610313015,-0.036059703526707204,0.028157049408052547,0.076159659046716427,0.099205549666151485,-1.3755965579262837,0,2.0794415416798357,0,4,4,8,0.015671986177860101,0.012018705114707923,0.011577205164037907,0.015671986177860101,0.012018705114707923,0.011577205164037907,0.019395173085322487,0.03434469672208762,0.039316734348624781,1,1,1,1
54,2019-03-04 00:00:00,10226,VOL_COMPRESSION,-0.0025910252714814183,0.0024686301908533924,0.011577205164037907,0.0076631379380121406,0.039316734348624781,0.060639708408687175,5.1298987149230735,2.0794415416798357,5.1298987149230735,0,0,0,-0.026621005230190967,0.015674138575164958,0.025469529875266964,0.026621005230190967,0.015674138575164958,0.025469529875266964,0.014458323741931579,0.033795538127945571,0.043333798019705466,1,1,1,1
55,2019-03-11 00:00:00,10394,VOL_COMPRESSION,-0.0012343404248941192,0.0098885520101575052,0.025469529875266964,0.010432730005230454,0.043333798019705466,0.97109477562748214,5.8200829303523616,2.0794415416798357,5.8200829303523616,0,0,0,-0.01880735335619892,-0.011082294456357149,0.020458048820486515,0.01880735335619892,0.011082294456357149,0.020458048820486515,0.014790875471537705,0.02143827436382368,0.032873496255798079,1,1,1,1
56,2019-03-18 00:00:00,10562,VOL_COMPRESSION,0.0041989331660716072,0.031555889452873284,0.020458048820486515,0.0097123720079608043,0.032873496255798079,1.6498714301312636,6.2245584292753602,2.0794415416798357,6.2245584292753602,0,0,0,-0.00057508430085518106,0.0140825453310839,-0.0049883574444102331,0.00057508430085518106,0.0140825453310839,0.0049883574444102331,0.013241088704479783,0.020282258049679886,0.033743114713268102,1,1,1,1
57,2019-03-25 00:00:00,10730,VOL_COMPRESSION,-0.0030030430876260279,-0.0036895531915756234,-0.0049883574444102331,0.0062665816520741475,0.033743114713268102,-0.90411063442043238,6.5117453296447279,2.0794415416798357,6.5117453296447279,0,0,0,-0.014194403111046982,0.01377427759405573,0.036579113170753692,0.014194403111046982,0.01377427759405573,0.036579113170753692,0.014979212776694128,0.022167374414666638,0.031872447160559134,1,1,1,1
58,2019-04-01 00:00:00,10898,VOL_COMPRESSION,0.0057058468203533908,0.023875507488188761,0.036579113170753692,0.007322044201943316,0.031872447160559134,1.4395612472634143,6.7345916599729483,2.0794415416798357,6.7345916599729483,0,0,0,0.0090009434217555289,0.20228390499238622,0.24682153738962656,0.0090009434217555289,0.20228390499238622,0.24682153738962656,0.0068355161177744775,0.1338694223605178,0.14670853243844192,1,0,0,1
59,2019-04-08 00:00:00,11066,TREND_UP,0.042556557165236694,0.062313534993519347,0.24682153738962656,0.026093160763222802,0.14670853243844192,1.2007745502514808,0,3.044522437723423,0,2,4,13,-0.0033980841631580721,0.0092578540895309116,,0.0033980841631580721,0.0092578540895309116,,0.033631440558751308,0.047918124146956301,,0,0,,1
60,2019-04-22 00:00:00,11401,VOL_COMPRESSION,-0.0074743788145459674,0.0033987587024150367,0.026018316288707755,0.017260071631376883,0.048051644670130657,0.77430503836651587,5.521460917862246,1.6094379124341003,5.521460917862246,0,0,0,0.017123715706323959,0.030617219467486662,-0.022325427623822072,0.017123715706323959,0.030617219467486662,0.022325427623822072,0.018470089957975378,0.038683690624269962,0.072934919603442144,1,1,0,1
61,2019-04-29 00:00:00,11569,VOL_COMPRESSION,-0.0017323278450323729,0.011190197501755155,-0.022325427623822072,0.014647772551233089,0.072934919603442144,-0.91446156504488552,4.1588830833596715,2.4849066497880004,4.1588830833596715,0,1,2,-0.0045585349840463873,0.028464959705273164,0.090986569135928466,0.0045585349840463873,0.028464959705273164,0.090986569135928466,0.011513133977994278,0.026556250173422568,0.067058167984701531,1,1,0,1
62,2019-05-06 00:00:00,11737,VOL_COMPRESSION,-0.014773014852425881,0.046475644156871498,0.090986569135928466,0.024330400990545498,0.067058167984701531,0.99343685566205764,3.1780538303479458,0.69314718055994529,3.1780538303479458,1,6,6,0.013791774897080885,0.05978629537920746,0.21422049198465085,0.013791774897080885,0.05978629537920746,0.21422049198465085,0.02431724475066549,0.056049730554815005,0.11010737098710183,1,0,0,1
63,2019-05-13 00:00:00,11905,TREND_UP,-0.0078381694213974142,0.13817750997305894,0.21422049198465085,0.064056853258914276,0.11010737098710183,1.4716569783470408,2.3978952727983707,1.9459101490553132,2.3978952727983707,3,5,9,0.11887171468952611,0.17229805116527189,0.12266664192518879,0.11887171468952611,0.17229805116527189,0.12266664192518879,0.070100219262288294,0.11135660955393648,0.16423158283579151,0,0,0,1
64,2019-05-20 00:00:00,12073,TREND_UP,0.084525738826330174,0.0048301096049743735,0.12266664192518879,0.071183781462109866,0.16423158283579151,0.57598283916338322,3.044522437723423,1.0986122886681098,3.044522437723423,3,8,16,0.00080863047350577969,-0.037522991525312854,0.11327504138132787,0.00080863047350577969,0.037522991525312854,0.11327504138132787,0.050169725339700558,0.067001454254027232,0.10410126073585209,0,0,0,1
65,2019-05-27 00:00:00,12241,TREND_UP,0.098416484525705283,0.12071811624711726,0.11327504138132787,0.070324634230714986,0.10410126073585209,4.9141473697527775,1.791759469228055,4.219507705176107,1.791759469228055,1,1,17,-0.014467335356837346,-0.023667850934309499,-0.024138001564017957,0.014467335356837346,0.023667850934309499,0.024138001564017957,0.028909030175700904,0.041969380732544491,0.082040431160547822,0,0,0,1
66,2019-06-03 00:00:00,12409,VOL_COMPRESSION,0.012295151303159654,0.043814682033077042,-0.024138001564017957,0.024468795550396848,0.082040431160547822,0.34910776192798443,3.9512437185814275,1.9459101490553132,3.9512437185814275,0,3,9,-0.08675458952510455,-0.10642493258072219,-0.13105357384253433,0.08675458952510455,0.10642493258072219,0.13105357384253433,0.056057698151434139,0.091528029290067425,0.10804938563947115,0,0,0,1
67,2019-06-10 00:00:00,12577,TREND_DOWN,-0.03686862129315447,-0.022961894015538942,-0.13105357384253433,0.027923342855148029,0.10804938563947115,-1.2177121317310775,0,4.3174881135363101,0,1,1,11,0.05023601824601464,0.07070993105510727,0.18820929827676278,0.05023601824601464,0.07070993105510727,0.18820929827676278,0.040013984879270749,0.056958214768724973,0.089883530210879428,0,0,0,1
68,2019-06-17 00:00:00,12745,TREND_UP,0.039565893095143419,0.11083574677276094,0.18820929827676278,0.057555859149788322,0.089883530210879428,1.9688529846396068,2.8332133440562162,0.69314718055994529,2.8332133440562162,3,3,9,0.011806333713894933,0.0080868599810271693,,0.011806333713894933,0.0080868599810271693,,0.033086042192086204,0.048087818489221508,,0,0,,1
69,2019-07-01 00:00:00,13080,VOL_EXPANSION,-0.09497058839321898,-0.040689069274248583,0.033118175180507747,0.072716816885868132,0.22717306156123096,-0.96885873605403616,0.69314718055994529,2.5649493574615367,0.69314718055994529,3,11,21,-0.065791885564133762,0.072573478558592766,0.036339190196197836,0.065791885564133762,0.072573478558592766,0.036339190196197836,0.070370257859794741,0.14048169466859559,0.17422764373215974,0,0,0,1
70,2019-07-08 00:00:00,13248,TREND_UP,0.021045403720596552,0.023754090214937743,0.036339190196197836,0.034205781477261332,0.17422764373215974,0.57247301548525409,1.791759469228055,1.0986122886681098,1.791759469228055,4,8,22,0.070375614586460758,0.041873216772136679,-0.13285685415106685,0.070375614586460758,0.041873216772136679,0.13285685415106685,0.043109517861904104,0.097468737437542474,0.14642952018534408,0,0,0,1
71,2019-07-15 00:00:00,13416,VOL_EXPANSION,-0.12302242183415373,-0.13653392293100503,-0.13285685415106685,0.057455886034438505,0.14642952018534408,-2.6600485150772593,0,3.6635616461296463,0,1,6,15,0.086904857323887655,-0.038352655375431463,0.057618119932555771,0.086904857323887655,0.038352655375431463,0.057618119932555771,0.074605557883002022,0.12225002229862895,0.17610093515106331,0,0,0,1
72,2019-07-22 00:00:00,13584,TREND_UP,-0.018902296111526419,-0.0074326863814670706,0.057618119932555771,0.032079839549093235,0.17610093515106331,0.63957716966311995,0,2.3978952727983707,0,5,11,20,-0.033995895748584845,-0.046177307070584449,-0.10703592256136488,0.033995895748584845,0.046177307070584449,0.10703592256136488,0.043023175885796648,0.078048950861865932,0.10970516735017863,0,0,0,1
73,2019-07-29 00:00:00,13752,TREND_DOWN,0.011303635849611695,-0.02056299406431316,-0.10703592256136488,0.016338667019756423,0.10970516735017863,-1.1119048095484392,1.0986122886681098,3.0910424533583161,1.0986122886681098,2,8,22,-0.0011724599360647442,0.053599320019357868,0.16403132521214767,0.0011724599360647442,0.053599320019357868,0.16403132521214767,0.023140202180837403,0.041723996814449715,0.068726830113826951,0,0,0,1
74,2019-08-05 00:00:00,13920,VOL_COMPRESSION,0.03241600401603905,0.076668793015395545,0.16403132521214767,0.035870693603909168,0.068726830113826951,2.0148084375690463,5.0106352940962555,1.3862943611198906,5.0106352940962555,0,0,3,0.046429278223228593,0.063577030421455433,0.021622197150497093,0.046429278223228593,0.063577030421455433,0.021622197150497093,0.035082364593770038,0.087268451726110557,0.10769660532973153,0,0,0,1
75,2019-08-12 00:00:00,14088,VOL_COMPRESSION,0.0084370062625416936,-0.041977411457337119,0.021622197150497093,0.019154377080498153,0.10769660532973153,-0.96243123398781516,3.5263605246161616,1.3862943611198906,3.5263605246161616,0,4,24,-0.0050068536698067668,-0.12734814310656153,-0.10492089563821225,0.0050068536698067668,0.12734814310656153,0.10492089563821225,0.012114094766325816,0.048356037999539976,0.097466393056272541,1,0,0,1
76,2019-08-19 00:00:00,14256,VOL_COMPRESSION,0.01039983437248298,0.0026903453834752921,-0.10492089563821225,0.024659594385754071,0.097466393056272541,-0.42670487135072338,3.2580965380214821,1.791759469228055,3.2580965380214821,0,7,9,0.053822099663138973,-0.024542233866805867,0.017681327602370289,0.053822099663138973,0.024542233866805867,0.017681327602370289,0.032255683996438654,0.06207234016072128,0.094622135922524192,1,0,0,1
77,2019-08-26 00:00:00,14424,TREND_DOWN,0.036519483231913057,0.037396286510930021,0.017681327602370289,0.04936420900680797,0.094622135922524192,0.70843038910835909,0,2.3025850929940459,0,3,3,10,-0.01693679766019188,-0.081249068300725841,-0.071745320411566268,0.01693679766019188,0.081249068300725841,0.071745320411566268,0.018787689234737944,0.057161436462413694,0.06983857317366228,0,0,0,1
78,2019-09-02 00:00:00,14592,VOL_COMPRESSION,0.016167508620692692,0.035403621749306197,-0.071745320411566268,0.014085250158586252,0.06983857317366228,-0.15953937953526429,4.5849674786705723,1.791759469228055,4.5849674786705723,0,0,4,0.061767070242023277,0.073023407107439431,0.06169210102261953,0.061767070242023277,0.073023407107439431,0.06169210102261953,0.029326689083082769,0.048803417374318404,0.072758521054035963,1,1,0,1
79,2019-09-09 00:00:00,14760,VOL_COMPRESSION,-0.010543155493004819,-0.016504909744954239,0.06169210102261953,0.015599292871759108,0.072758521054035963,-0.17417352351831486,3.912023005428146,1.6094379124341003,3.912023005428146,0,3,3,-0.0057905403297703302,-0.024247084836527228,-0.0053555921397402152,0.0057905403297703302,0.024247084836527228,0.0053555921397402152,0.029442985738261072,0.041771084322725874,0.050793929808664338,1,1,1,1
80,2019-09-16 00:00:00,14928,VOL_COMPRESSION,0.0006099473807427545,-0.0044978519439520803,-0.0053555921397402152,0.0097138838605422828,0.050793929808664338,0.83126817054058466,5.3844950627890888,1.6094379124341003,5.3844950627890888,0,0,0,-0.011987519425907131,-0.016834454685549134,-0.034936372076142308,0.011987519425907131,0.016834454685549134,0.034936372076142308,0.020031292334604961,0.025453310311345265,0.053258254493940026,1,1,1,1
81,2019-09-23 00:00:00,15096,VOL_COMPRESSION,0.0051729581084214186,-0.024414770332731525,-0.034936372076142308,0.016061920972194541,0.053258254493940026,-0.95816596725144565,5.955837369464831,1.6094379124341003,5.955837369464831,0,0,0,-0.025686800229297018,-0.17599239648808696,-0.21903737121625813,0.025686800229297018,0.17599239648808696,0.21903737121625813,0.014072304574545108,0.11021520554777299,0.12802580484506887,1,0,0,1
82,2019-09-30 00:00:00,15264,VOL_COMPRESSION,-0.023003929152474428,0.0068425780169667667,-0.21903737121625813,0.020474718339960733,0.12802580484506887,-0.81572921444894819,3.912023005428146,1.0986122886681098,3.912023005428146,0,5,10,0.024066170118210609,0.038696835027526667,-0.025847838232129345,0.024066170118210609,0.038696835027526667,0.025847838232129345,0.038948141475077407,0.054607460714231629,0.072802277636256213,0,0,0,1
83,2019-10-07 00:00:00,15432,VOL_COMPRESSION,-0.040778222277454618,-0.037608031924910988,-0.025847838232129345,0.034935905862515736,0.072802277636256213,-2.2956610671239686,4.7957905455967413,2.0794415416798357,4.7957905455967413,0,0,10,0.051694046037099768,0.092498705029450096,0.05647773590507571,0.051694046037099768,0.092498705029450096,0.05647773590507571,0.025306070774849723,0.044090889161663906,0.067791713544632232,1,1,0,1
84,2019-10-14 00:00:00,15600,VOL_COMPRESSION,-0.0070705194601213949,-0.030659658820412251,0.05647773590507571,0.023937980072890604,0.067791713544632232,-0.23966234739332054,4.1588830833596715,1.6094379124341003,4.1588830833596715,0,2,2,0.010218257199054654,-0.038242913020198943,-0.0067583264626771252,0.010218257199054654,0.038242913020198943,0.0067583264626771252,0.01452039603034346,0.031224283198080936,0.049125158174799934,1,1,1,1
85,2019-10-21 00:00:00,15768,VOL_COMPRESSION,0.037064727077605775,0.016839197789030484,-0.0067583264626771252,0.019229992003548937,0.049125158174799934,0.88841813297016348,5.4467373716663099,1.6094379124341003,5.4467373716663099,0,0,0,-0.0028918195359751452,-0.095858179158103365,0.16798912295535084,0.0028918195359751452,0.095858179158103365,0.16798912295535084,0.01517777327125275,0.062679086653356836,0.16901725677038842,1,0,0,1
86,2019-10-28 00:00:00,15936,TREND_UP,0.049986085216979212,0.26830179589831954,0.16798912295535084,0.043402914226738733,0.16901725677038842,1.8428575129183669,3.7612001156935624,0.69314718055994529,3.7612001156935624,0,6,8,-0.046405835544760396,-0.061068867582860641,,0.046405835544760396,0.061068867582860641,,0.037818677796721004,0.057364391360651606,,0,0,,1
87,2019-11-11 00:00:00,16271,VOL_COMPRESSION,0.03056154844622291,-0.016910613741776697,-0.014117959053556128,0.028149053626972068,0.05910623354014425,-0.33489298734921902,5.5294290875114234,0.69314718055994529,5.5294290875114234,0,0,0,-0.034854079680499923,-0.03156533440016681,-0.062890575630229414,0.034854079680499923,0.03156533440016681,0.062890575630229414,0.023780875054332171,0.0284538067739168,0.04783098093261224,1,1,1,1
88,2019-11-18 00:00:00,16439,VOL_COMPRESSION,-0.00024961027958782071,-0.012123318391192378,-0.062890575630229414,0.01937835442356205,0.04783098093261224,-1.0661021625968823,6.0402547112774139,0.69314718055994529,6.0402547112774139,0,0,0,-0.039044095660390271,-0.048996728463067213,-0.2091356147789851,0.039044095660390271,0.048996728463067213,0.2091356147789851,0.022958447481292214,0.029989705291261565,0.086667222840893871,1,1,0,1
89,2019-11-25 00:00:00,16607,TREND_DOWN,-0.052519830050665101,-0.10834376161746825,-0.2091356147789851,0.035363129620601771,0.086667222840893871,-1.7668074416819262,0.69314718055994529,0.69314718055994529,0.69314718055994529,3,7,9,0.037102231448372484,0.094490688756363322,0.068976227856874642,0.037102231448372484,0.094490688756363322,0.068976227856874642,0.060262259257753151,0.085078468542949315,0.10423705438312708,0,0,0,1
90,2019-12-02 00:00:00,16775,VOL_COMPRESSION,-0.014557076936749631,-0.013509773180401995,0.068976227856874642,0.028826794522889811,0.10423705438312708,0.082481450716985358,2.1972245773362196,0.69314718055994529,2.1972245773362196,2,6,13,-0.00089045088853488216,-0.02197628758652892,0.020551244498378297,0.00089045088853488216,0.02197628758652892,0.020551244498378297,0.022518165052532683,0.066067523900397607,0.076576096870312069,1,0,0,1
91,2019-12-09 00:00:00,16943,VOL_COMPRESSION,0.0068704080121084008,0.020898114340304249,0.020551244498378297,0.013372916149230904,0.076576096870312069,1.3276713964492812,4.4543472962535073,1.3862943611198906,4.4543472962535073,0,0,11,-0.026322740873939959,-0.05438520233508852,-0.063633271423710502,0.026322740873939959,0.05438520233508852,0.063633271423710502,0.026219188416537833,0.035632521904500697,0.047816433248508268,1,1,1,1
92,2019-12-16 00:00:00,17111,VOL_COMPRESSION,0.0046470698549212139,-0.016788236363486038,-0.063633271423710502,0.019054700704355818,0.047816433248508268,-1.3175561884100988,5.5373342670185366,1.3862943611198906,5.5373342670185366,0,0,0,-0.026752386234607062,0.025235064200369334,0.066112001356885261,0.026752386234607062,0.025235064200369334,0.066112001356885261,0.029133723755812063,0.076520169460345802,0.085584278596593982,1,0,0,1
93,2019-12-23 00:00:00,17279,VOL_COMPRESSION,0.056649549420311959,0.059389540457970666,0.066112001356885261,0.025250501405654231,0.085584278596593982,2.4659004840995227,4.4188406077965983,0.69314718055994529,4.4188406077965983,0,0,6,-0.0335380522033265,-0.05014329289938825,-0.029357552625439161,0.0335380522033265,0.05014329289938825,0.029357552625439161,0.030502568765626868,0.042173567080595734,0.055443167234419222,0,0,0,1
94,2019-12-30 00:00:00,17447,VOL_COMPRESSION,0.00481182440177265,0.018788882296721307,-0.029357552625439161,0.017566126231396091,0.055443167234419222,0.36045950161788365,4.990432586778736,0.69314718055994529,4.990432586778736,0,0,4,-0.015112925006039463,-0.021082271487424111,0.0051618351786623757,0.015112925006039463,0.021082271487424111,0.0051618351786623757,0.012905635658292388,0.021264008255912594,0.061308589924886775,1,1,1,1
95,2020-01-06 00:00:00,17615,VOL_COMPRESSION,0.00054674056487794053,0.063547914288002327,0.0051618351786623757,0.019091177155867285,0.061308589924886775,0.9765508542557052,5.7525726388256331,0.69314718055994529,5.7525726388256331,0,0,0,0.06777425733066178,0.075316097821016365,0.099592226147472013,0.06777425733066178,0.075316097821016365,0.099592226147472013,0.033038758247324516,0.072858189613563384,0.088588986656328833,1,0,0,1
96,2020-01-13 00:00:00,17783,VOL_COMPRESSION,0.010169309360444424,0.041417777649184744,0.099592226147472013,0.016066967387489497,0.088588986656328833,0.80633015851813983,3.8501476017100584,1.9459101490553132,3.8501476017100584,0,3,10,0.015370392080335861,0.071519713927324632,0.061994487071050701,0.015370392080335861,0.071519713927324632,0.061994487071050701,0.024444967322572279,0.054773223190073397,0.081960174100199928,1,0,0,1
97,2020-01-20 00:00:00,17951,VOL_COMPRESSION,-0.0345062230446515,-0.0017904571023953141,0.061994487071050701,0.049119224473532348,0.081960174100199928,-0.023206428783645459,2.3025850929940459,1.3862943611198906,2.3025850929940459,3,3,9,-0.0055809728069690862,-0.0035859278769404773,-0.0019300866676085356,0.0055809728069690862,0.0035859278769404773,0.0019300866676085356,0.013606078161291179,0.032279889994496533,0.052986769040839911,1,1,1,1
98,2020-01-27 00:00:00,18119,VOL_COMPRESSION,0.040712213114961725,0.029960071738709966,-0.0019300866676085356,0.01745569542605761,0.052986769040839911,0.97378218856410825,5.181783550292085,1.3862943611198906,5.181783550292085,0,0,0,0.046391883404778872,0.067551638125061972,,0.046391883404778872,0.067551638125061972,,0.029303518830203955,0.050985066613135149,,1,0,,1
99,2020-02-10 00:00:00,18454,VOL_COMPRESSION,0.024127653991153644,0.042563879929793519,0.081307528282196562,0.014828858533725396,0.05220620250960506,1.8828489820717533,5.6629604801359461,1.0986122886681098,5.6629604801359461,0,0,0,-0.042205640417262193,0.019935350870678107,-0.032343210773324166,0.042205640417262193,0.019935350870678107,0.032343210773324166,0.032745696739934591,0.054331716739319344,0.074302068543500299,1,1,0,1
100,2020-02-17 00:00:00,18622,VOL_COMPRESSION,-0.00630821323529964,-0.03604673374096784,-0.032343210773324166,0.026609665605763964,0.074302068543500299,-1.1111392044318804,3.4011973816621555,1.3862943611198906,3.4011973816621555,0,2,4,-0.020786878206594618,-0.024997236127077996,0.010697897860366054,0.020786878206594618,0.024997236127077996,0.010697897860366054,0.023743286367679077,0.070363911036861099,0.076927506918599134,1,0,0,1
101,2020-02-24 00:00:00,18790,VOL_COMPRESSION,0.028525034115498355,0.037671117083656683,0.010697897860366054,0.016597408386483326,0.076927506918599134,1.0087207691728313,4.3567088266895917,1.0986122886681098,4.3567088266895917,0,0,6,-0.036487138319387047,-0.14375517149645722,-0.15461128243596783,0.036487138319387047,0.14375517149645722,0.15461128243596783,0.023069427045720375,0.060257843494463531,0.081760797932660861,1,0,0,1
102,2020-03-02 00:00:00,18958,VOL_COMPRESSION,0.00069414573408938061,-0.035725103537338064,-0.15461128243596783,0.025932813096996528,0.081760797932660861,-1.0481429270032652,3.8712010109078911,2.5649493574615367,3.8712010109078911,0,2,4,0.035041768360834932,0.037593137028323502,-0.055353729245166836,0.035041768360834932,0.037593137028323502,0.055353729245166836,0.01923491664432158,0.034104354026235177,0.061678545810409026,1,1,0,1
103,2020-03-09 00:00:00,19126,TREND_DOWN,-0.08409362960635676,-0.10742809284822276,-0.055353729245166836,0.035753553906799226,0.061678545810409026,-3.3975325314612959,0.69314718055994529,1.6094379124341003,0.69314718055994529,3,3,3,-0.018306082061348254,-0.020265430631309908,-0.43456168577765153,0.018306082061348254,0.020265430631309908,0.43456168577765153,0.043706031481934061,0.073060214273346108,0.45644643825004777,1,0,0,1
104,2020-03-16 00:00:00,19294,HIGH_VOL,0.0079673292893211144,0.11633994703938871,-0.43456168577765153,0.18212472846713659,0.45644643825004777,-1.1086965845865679,1.0986122886681098,0.69314718055994529,1.0986122886681098,4,5,14,-0.028903841397786501,0.02452187073289324,0.12088140935544298,0.028903841397786501,0.02452187073289324,0.12088140935544298,0.13838853752898139,0.1698870888897103,0.23297007181796231,0,0,0,1
105,2020-03-23 00:00:00,19462,VOL_EXPANSION,-0.049684262051545483,-0.053994087138191926,0.12088140935544298,0.05945039523518076,0.23297007181796231,0.34600532770281356,1.0986122886681098,1.3862943611198906,1.0986122886681098,3,12,23,0.11192339174774303,0.13455014877722413,-0.0013379265154043337,0.11192339174774303,0.13455014877722413,0.0013379265154043337,0.094974514886037295,0.11979968977212573,0.14732239918835813,0,0,0,1
106,2020-03-30 00:00:00,19630,TREND_DOWN,-0.053066930666235503,-0.1478860869836347,-0.0013379265154043337,0.038795910971403468,0.14732239918835813,-1.8747157269894519,1.791759469228055,2.8332133440562162,1.791759469228055,2,5,13,0.088480177387363371,0.11701315213410886,0.15341514678030255,0.088480177387363371,0.11701315213410886,0.15341514678030255,0.044615137204204861,0.071226260273074882,0.10923037004044037,0,0,0,1
107,2020-04-06 00:00:00,19798,VOL_COMPRESSION,0.0011461552694984807,0.019151271682014786,0.15341514678030255,0.02145727910582413,0.10923037004044037,1.1621951943755713,3.1780538303479458,1.791759469228055,3.1780538303479458,1,5,18,0.06959586932671849,0.0669183570516933,-0.021912685778236088,0.06959586932671849,0.0669183570516933,0.021912685778236088,0.032859638427809992,0.057885561587407403,0.089133218493307895,0,0,0,1
108,2020-04-13 00:00:00,19966,TREND_UP,-0.021077925984960617,-0.081775803235252659,-0.021912685778236088,0.04266816796994518,0.089133218493307895,-1.8903019895063065,0.69314718055994529,3.9512437185814275,0.69314718055994529,1,5,24,0.016959385078830807,-0.023178899990565445,0.063889629374980841,0.016959385078830807,0.023178899990565445,0.063889629374980841,0.031728096070276407,0.04548489998891473,0.075734775007997288,0,0,0,1
109,2020-04-20 00:00:00,20134,VOL_COMPRESSION,-0.0084918479371411254,0.013585010787717318,0.063889629374980841,0.022864288942271285,0.075734775007997288,1.1460567040162362,4.219507705176107,2.9444389791664403,4.219507705176107,0,1,8,-0.040184711294583078,-0.006616478845290946,0.077865286623047328,0.040184711294583078,0.006616478845290946,0.077865286623047328,0.042190556139110644,0.049863039821726546,0.077010657038850544,0,0,0,1
110,2020-04-27 00:00:00,20302,VOL_COMPRESSION,0.023579683858066535,0.033837790125715077,0.077865286623047328,0.023432489589023085,0.077010657038850544,1.6101001382295852,4.290459441148391,0.69314718055994529,4.290459441148391,0,0,6,8.1235239891761516e-05,0.128695211718795,0.12848770790389227,8.1235239891761516e-05,0.128695211718795,0.12848770790389227,0.016767012118291021,0.055884418843822503,0.11738387009613878,1,0,0,1
111,2020-05-04 00:00:00,20470,RANGE,-0.035305274439629213,0.011476091090064769,0.12848770790389227,0.031197747097274547,0.11738387009613878,0.64211044226063396,0,1.791759469228055,0,4,7,10,0.010505733267034896,0.041993248186477233,-0.0049109982066273625,0.010505733267034896,0.041993248186477233,0.0049109982066273625,0.031566901020719955,0.056811925056864866,0.13779145062697551,0,0,0,1
112,2020-05-11 00:00:00,20638,TREND_DOWN,0.0060180723255629448,-0.13433562754546377,-0.0049109982066273625,0.068743968004145645,0.13779145062697551,-0.98922532239820715,2.9957322735539909,1.791759469228055,2.9957322735539909,1,3,14,-0.018192983297506252,0.059568928183404556,0.10780163626108062,0.018192983297506252,0.059568928183404556,0.10780163626108062,0.062978772064971031,0.075136089042713794,0.10472379205065398,0,0,0,1
113,2020-05-18 00:00:00,20806,VOL_COMPRESSION,0.030417554936683189,0.00024353705976713237,0.10780163626108062,0.033603123557102786,0.10472379205065398,1.3905879325524684,3.6635616461296463,0.69314718055994529,3.6635616461296463,0,5,12,-0.014232416788564186,-0.022643827920773865,-0.10399578230654946,0.014232416788564186,0.022643827920773865,0.10399578230654946,0.03040002505115379,0.061587690393791319,0.094469168066143999,0,0,0,1
114,2020-05-25 00:00:00,20974,TREND_DOWN,-0.043623460652430092,-0.023619731106121991,-0.10399578230654946,0.046467419928986009,0.094469168066143999,-2.0525281440612959,0.69314718055994529,4.1896547420264252,0.69314718055994529,1,2,10,0.0058341413105287097,0.05122284826459985,0.075173830000832775,0.0058341413105287097,0.05122284826459985,0.075173830000832775,0.023252473706751018,0.045022606899348658,0.066539339246483073,0,0,0,1
115,2020-06-01 00:00:00,21142,VOL_COMPRESSION,-0.017110300502373027,-0.0015730842792021514,0.075173830000832775,0.015788365032054479,0.066539339246483073,0.90018265676528442,5.1119877883565437,1.6094379124341003,5.1119877883565437,0,0,1,0.064188317923971561,0.014343545184266233,0.028742144172611679,0.064188317923971561,0.014343545184266233,0.028742144172611679,0.050585553371067016,0.07975877712362571,0.091339068637363421,0,0,0,1
116,2020-06-08 00:00:00,21310,VOL_COMPRESSION,0.010227038136120964,-0.0036217787307608615,0.028742144172611679,0.02936170403556769,0.091339068637363421,0.58857768075432115,4.8040210447332568,2.0794415416798357,4.8040210447332568,0,0,5,-0.0064723151766715508,0.013013224636050718,-0.046620832448513533,0.0064723151766715508,0.013013224636050718,0.046620832448513533,0.016274836409236253,0.022501484717645442,0.07216763607129309,1,1,0,1
117,2020-06-15 00:00:00,21478,VOL_COMPRESSION,-0.013454495370358296,0.0023108021721853105,-0.046620832448513533,0.01444572688040565,0.07216763607129309,-1.370439978625835,4.2766661190160553,2.3025850929940459,4.2766661190160553,0,1,2,0.0070549064630598714,0.010792886974444143,-0.0017393128145853306,0.0070549064630598714,0.010792886974444143,0.0017393128145853306,0.032797119408539313,0.044190342514828618,0.049634518235471804,1,1,1,1
118,2020-06-22 00:00:00,21646,VOL_COMPRESSION,-0.0049984035507474522,-0.0053071716592713869,-0.0017393128145853306,0.0088440859252089526,0.049634518235471804,-0.51654044453911097,5.4806389233419912,2.3025850929940459,5.4806389233419912,0,0,0,0.036884603591411484,-0.0059726942414289903,-0.021110100135479013,0.036884603591411484,0.0059726942414289903,0.021110100135479013,0.017871224780882572,0.034938277670783835,0.05663635280536037,1,1,1,1
119,2020-06-29 00:00:00,21814,VOL_COMPRESSION,0.016047506268471436,-0.017449929889332142,-0.021110100135479013,0.014748528937157897,0.05663635280536037,-0.84991199059107658,6.0112671744041615,2.3025850929940459,6.0112671744041615,0,0,0,0.0059861101074028906,0.01250760893672428,-0.0054110305617862025,0.0059861101074028906,0.01250760893672428,0.0054110305617862025,0.014850080493518178,0.021229228692239574,0.034266826251929526,1,1,1,1
120,2020-07-06 00:00:00,21982,VOL_COMPRESSION,-0.007489560714942522,-0.0032083598948997581,-0.0054110305617862025,0.011181722348177376,0.034266826251929526,-0.92580824961276253,6.3561076606958915,2.3025850929940459,6.3561076606958915,0,0,0,0.028434101335625555,0.037524976035171201,0.02231865027199139,0.028434101335625555,0.037524976035171201,0.02231865027199139,0.016731236439446347,0.026869043783154641,0.036674061852364208,1,1,1,1
121,2020-07-13 00:00:00,22150,VOL_COMPRESSION,0.0021376018641840475,0.0064873467199746187,0.02231865027199139,0.0095485548331015468,0.036674061852364208,0.10401404201981776,6.6120410348330916,2.3025850929940459,6.6120410348330916,0,0,0,-0.0059718847488400319,-0.0071681636179345802,-0.0088412274155601038,0.0059718847488400319,0.0071681636179345802,0.0088412274155601038,0.0091502167534487904,0.016192181916450919,0.022185248394111082,1,1,1,1
122,2020-07-20 00:00:00,22318,VOL_COMPRESSION,0.001278153014522318,0.0082945595422268398,-0.0088412274155601038,0.0070569499400571769,0.022185248394111082,0.096761108588621289,6.815639990074331,2.3025850929940459,6.815639990074331,0,0,0,-0.0020214084419718568,0.035683628013676555,0.082859222491806078,0.0020214084419718568,0.035683628013676555,0.082859222491806078,0.007274936890199926,0.024567264327867076,0.042119742115989851,1,1,1,1
123,2020-07-27 00:00:00,22486,VOL_COMPRESSION,0.029180786567776843,0.039878315405373121,0.082859222491806078,0.025376863298605921,0.042119742115989851,2.2645811713210309,6.9847163201182658,2.3025850929940459,6.9847163201182658,0,0,0,0.1128403337342597,0.10833465636523472,0.10843710009765498,0.1128403337342597,0.10833465636523472,0.10843710009765498,0.063138932683410934,0.082916697412933574,0.12256221142547932,0,0,0,1
124,2020-08-03 00:00:00,22654,TREND_DOWN,-0.058387768358729192,0.0062520766662158616,0.10843710009765498,0.077756301980192968,0.12256221142547932,0.066284003158600072,2.4849066497880004,1.9459101490553132,2.4849066497880004,3,3,7,0.020921477248578457,0.053223474138150845,0.054275150722363878,0.020921477248578457,0.053223474138150845,0.054275150722363878,0.026441357133118459,0.041680433177830788,0.055529100968841907,0,0,0,1
125,2020-08-10 00:00:00,22822,VOL_COMPRESSION,-0.0016642412729969036,-0.0039854666656082742,0.054275150722363878,0.017258734049331838,0.055529100968841907,0.88468160709108712,5.1179938124167554,2.6390573296152584,5.1179938124167554,0,0,1,0.011378227455783688,-0.0096847424680474546,0.0086658181075751958,0.011378227455783688,0.0096847424680474546,0.0086658181075751958,0.033530260720852051,0.050355745944266624,0.061447492747531064,1,0,0,1
126,2020-08-17 00:00:00,22990,VOL_COMPRESSION,0.0030413435428201757,0.006626081231195579,0.0086658181075751958,0.015879693650122203,0.061447492747531064,0.68926571711649309,4.7957905455967413,1.6094379124341003,4.7957905455967413,0,0,2,0.041020732911785422,-0.0048965452032874949,-0.018522454390361126,0.041020732911785422,0.0048965452032874949,0.018522454390361126,0.031585427190566367,0.046463553034944247,0.0549805760942505,1,0,0,1
127,2020-08-24 00:00:00,23158,VOL_COMPRESSION,-0.0014386990116931802,-0.017420729636634165,-0.018522454390361126,0.010660805843159375,0.0549805760942505,-0.77915632356543085,4.8520302639196169,0.69314718055994529,4.8520302639196169,0,0,2,0.0092777123329649529,-0.015322100883104449,0.0058731669536867728,0.0092777123329649529,0.015322100883104449,0.0058731669536867728,0.010792410836570704,0.029583556875270929,0.042453468483028278,1,1,1,1
128,2020-08-31 00:00:00,23326,VOL_COMPRESSION,0.016432334065982521,0.030418808500956893,0.0058731669536867728,0.014398568577051695,0.042453468483028278,1.334164465021036,5.6903594543240601,0.69314718055994529,5.6903594543240601,0,0,0,-0.0077263385229518755,-0.024457927733280361,,0.0077263385229518755,0.024457927733280361,,0.012179782037381929,0.037570139890690586,,1,0,,1
129,2020-09-14 00:00:00,23661,VOL_COMPRESSION,-0.015499037041037809,-0.0065308935530047291,-0.00073338245289652983,0.021566121600089257,0.063368342824060661,0.051972873281668427,4.7706846244656651,0.69314718055994529,4.7706846244656651,0,0,10,0.038580153526888039,0.06795276418153362,0.064154654842652578,0.038580153526888039,0.06795276418153362,0.064154654842652578,0.020759560422272071,0.038828168265198394,0.050926254976440662,1,1,1,1
130,2020-09-21 00:00:00,23829,VOL_COMPRESSION,-0.0089945795338876866,0.0046300274791027281,0.064154654842652578,0.017090993383956948,0.050926254976440662,0.60974038144936038,5.6559918108198524,0.69314718055994529,5.6559918108198524,0,0,0,-0.046909663252561767,-0.062886650767616861,-0.0060538900747417997,0.046909663252561767,0.062886650767616861,0.0060538900747417997,0.027097757086453698,0.035460937248363682,0.050675917107132325,0,0,0,1
131,2020-09-28 00:00:00,23997,VOL_COMPRESSION,0.010481495558118163,0.016650634998016806,-0.0060538900747417997,0.019012955541096534,0.050675917107132325,1.77745533012257,5.0238805208462765,0.69314718055994529,5.0238805208462765,0,0,2,-0.017189412769893105,-0.0097720076348633521,-0.016925123275169561,0.017189412769893105,0.0097720076348633521,0.016925123275169561,0.017811538143786245,0.025416697643849784,0.045516875726628776,1,1,1,1
132,2020-10-05 00:00:00,24165,VOL_COMPRESSION,0.014926850768209038,0.010910549385614393,-0.016925123275169561,0.0089678457949423415,0.045516875726628776,0.2041058045466331,5.768320995793772,0.69314718055994529,5.768320995793772,0,0,0,0.0045733626139567284,-0.0061367986303794107,0.061183788737658382,0.0045733626139567284,0.0061367986303794107,0.061183788737658382,0.012001489772138888,0.019786650910552064,0.04451714860638336,1,1,1,1
133,2020-10-12 00:00:00,24333,VOL_COMPRESSION,0.0066031794601439393,0.045082532106993062,0.061183788737658382,0.011473838349273641,0.04451714860638336,1.5250053970189006,6.1903154058531475,0.69314718055994529,6.1903154058531475,0,0,0,0.0096084403335804439,0.0013157706067617886,0.0079777059024357527,0.0096084403335804439,0.0013157706067617886,0.0079777059024357527,0.027399436758086721,0.037353893720724139,0.048611107881650989,1,1,1,1
134,2020-10-19 00:00:00,24501,VOL_COMPRESSION,0.0086859013166393929,-0.0031684827981820836,0.0079777059024357527,0.0095250932989802556,0.048611107881650989,0.88159407368084486,6.4861607889440887,0.69314718055994529,6.4861607889440887,0,0,0,0.022016583031349502,,,0.022016583031349502,,,0.019946922675769106,,,1,,,1
135,2020-11-02 00:00:00,24836,VOL_COMPRESSION,0.0056213583437341695,0.016208446481181898,0.055956956177724081,0.015546207703261422,0.069087571071127798,1.2750866144225541,3.5553480614894135,1.6094379124341003,3.5553480614894135,0,2,4,-0.02030674339217757,0.021600398502428328,0.11937783396542843,0.02030674339217757,0.021600398502428328,0.11937783396542843,0.030762185365628841,0.052395034655860984,0.091955956228869346,1,1,0,2
136,2020-11-09 00:00:00,25004,VOL_COMPRESSION,0.042444644906464393,-0.01975671891814771,0.11937783396542843,0.030008255448664832,0.091955956228869346,1.198129236260554,2.8903717578961645,2.1972245773362196,2.8903717578961645,1,5,8,-0.016436543861058375,0.0040199274573294551,0.026716470981832163,0.016436543861058375,0.0040199274573294551,0.026716470981832163,0.040553872716674114,0.050043022661262072,0.069878777148146623,0,0,0,2
137,2020-11-16 00:00:00,25172,VOL_COMPRESSION,-0.0043071613281418456,-0.026004173811385093,0.026716470981832163,0.015796156680245969,0.069878777148146623,0.53608306301180531,4.3438054218536841,2.3978952727983707,4.3438054218536841,0,0,6,0.050822138713807113,0.10579238013450099,0.12615654323219247,0.050822138713807113,0.10579238013450099,0.12615654323219247,0.024486406364513196,0.074618371950600532,0.098044177727632173,1,0,0,2
138,2020-11-23 00:00:00,25340,TREND_UP,-0.022717392898863594,0.019239577459221044,0.12615654323219247,0.040758425363814146,0.098044177727632173,0.39223978640926965,0,1.791759469228055,0,5,5,9,0.012909694924399846,0.039432186847457508,0.017162246357164207,0.012909694924399846,0.039432186847457508,0.017162246357164207,0.026167534264767828,0.051358638655424123,0.12082792403171094,0,0,0,2
139,2020-11-30 00:00:00,25508,VOL_COMPRESSION,0.04347905485841852,0.058340331466032049,0.017162246357164207,0.031885836761436095,0.12082792403171094,0.53580452316619065,3.8286413964890951,3.6635616461296463,3.8286413964890951,0,1,14,0.058878570775845483,0.039291552032676626,0.046236395762006777,0.058878570775845483,0.039291552032676626,0.046236395762006777,0.039874016801519425,0.084528817756847702,0.09899445728806365,0,0,0,2
140,2020-12-07 00:00:00,25676,VOL_COMPRESSION,0.0023284356938129604,-0.0084834730168729406,0.046236395762006777,0.021451759847757799,0.09899445728806365,0.80849130203813535,4.0943445622221004,0.69314718055994529,4.0943445622221004,0,2,10,-0.0046144832644075505,-0.04732130123468891,-0.014502430126271067,0.0046144832644075505,0.04732130123468891,0.014502430126271067,0.019339312395854992,0.049698908473662165,0.069402500394335001,1,0,0,2
141,2020-12-14 00:00:00,25844,VOL_COMPRESSION,0.014712653043479003,0.056010210717536937,-0.014502430126271067,0.020342625203270698,0.069402500394335001,0.92814487728657924,4.6728288344619058,1.9459101490553132,4.6728288344619058,0,0,2,0.018257409389392163,0.1170577426876404,0.21834335097348387,0.018257409389392163,0.1170577426876404,0.21834335097348387,0.020036910648179685,0.054576374126240876,0.10209807822954267,1,0,0,2
142,2020-12-21 00:00:00,26012,TREND_UP,0.007731123824678816,0.039476049634338095,0.21834335097348387,0.044468587236577491,0.10209807822954267,1.1256802670970503,1.3862943611198906,2.8332133440562162,1.3862943611198906,4,8,13,-0.048294448931858351,-0.027067837285366225,0.12474441650319013,0.048294448931858351,0.027067837285366225,0.12474441650319013,0.068060026237256169,0.089348171763372689,0.12544174403465419,0,0,0,2
143,2020-12-28 00:00:00,26180,TREND_UP,0.0039252759730614758,0.12798844511012766,0.12474441650319013,0.059125200163139144,0.12544174403465419,1.8357595353142679,3.3672958299864741,3.2188758248682006,3.3672958299864741,0,3,15,-0.0024454700059908662,0.081466019540894274,0.20325433339696333,0.0024454700059908662,0.081466019540894274,0.20325433339696333,0.034102593377279611,0.06026118991563633,0.13856454841984994,1,0,0,2
144,2021-01-04 00:00:00,26348,TREND_UP,0.01255468677345895,0.12376869696252478,0.20325433339696333,0.058170384038687753,0.13856454841984994,1.6245945533193811,1.791759469228055,0.69314718055994529,1.791759469228055,3,8,16,-0.013811409480396022,0.12472389359277242,0.12327165123739599,0.013811409480396022,0.12472389359277242,0.12327165123739599,0.079023542049080339,0.12681100140218698,0.18067792054170023,0,0,0,2
145,2021-01-11 00:00:00,26516,VOL_EXPANSION,-0.089251694716996816,-0.043172872079599897,0.12327165123739599,0.061952640794179968,0.18067792054170023,0.13038675864587546,1.9459101490553132,1.6094379124341003,1.9459101490553132,2,4,17,-0.062796208410148019,0.015670963637780047,-0.034315084480074719,0.062796208410148019,0.015670963637780047,0.034315084480074719,0.14321141658864076,0.18897832382613028,0.21907536113285761,0,0,0,2
146,2021-01-18 00:00:00,26684,TREND_DOWN,-0.011982160517086005,-0.091927013432562821,-0.034315084480074719,0.053975673607281914,0.21907536113285761,-0.036177147794589928,3.4339872044851463,2.0794415416798357,3.4339872044851463,0,4,15,0.020018190400168237,-0.018251773098924153,-0.098111857919320394,0.020018190400168237,0.018251773098924153,0.098111857919320394,0.045934058373180472,0.082626476224635162,0.15476563276677663,0,0,0,2
147,2021-01-25 00:00:00,26852,TREND_DOWN,0.021426251650677366,0.10140907058066144,-0.098111857919320394,0.035793878491722879,0.15476563276677663,-0.64054899415168098,1.791759469228055,0.69314718055994529,1.791759469228055,6,12,20,-0.0031559342483601597,-0.058796491696595628,-0.00027338026582597428,0.0031559342483601597,0.058796491696595628,0.00027338026582597428,0.054083981693897346,0.11538697420383588,0.1957588441509325,0,0,0,2
148,2021-02-01 00:00:00,27020,TREND_DOWN,-0.045853810781974216,-0.049608270371248132,-0.00027338026582597428,0.045657764250296363,0.1957588441509325,-0.27342818841256261,2.7080502011022101,1.791759469228055,2.7080502011022101,2,10,18,0.035801272139037901,0.15736650094977153,0.17338049239359513,0.035801272139037901,0.15736650094977153,0.17338049239359513,0.046265665751470571,0.070247126261410164,0.10673263607166868,0,0,0,2
149,2021-02-08 00:00:00,27188,RANGE,-0.022106488665032183,0.04572648175368757,0.17338049239359513,0.043198816487846854,0.10673263607166868,0.87181467389732703,0.69314718055994529,1.3862943611198906,0.69314718055994529,5,15,29,0.18860482049889674,0.13320455895150027,0.23062890939118552,0.18860482049889674,0.13320455895150027,0.23062890939118552,0.10905484134499205,0.13204676225142453,0.15412083684710098,0,0,0,2
150,2021-02-15 00:00:00,27356,VOL_COMPRESSION,0.023766917395979661,0.016896864704137364,0.23062890939118552,0.037582952119670603,0.15412083684710098,1.0345894516642193,1.791759469228055,1.9459101490553132,1.791759469228055,6,10,22,-0.023335026381020862,0.069484560763005299,0.14297396309901095,0.023335026381020862,0.069484560763005299,0.14297396309901095,0.038671111797722334,0.064845657626674824,0.094099952511099219,0,0,0,2
151,2021-02-22 00:00:00,27524,TREND_UP,0.0080305935172759087,0.089000794833182878,0.14297396309901095,0.034755266881428729,0.094099952511099219,1.1962951886809925,0,2.6390573296152584,0,4,11,23,-0.051781228941176149,-0.10800410644014388,-0.19521664763591484,0.051781228941176149,0.10800410644014388,0.19521664763591484,0.074212621960050462,0.16424002946891625,0.2027064190356625,0,0,0,2
152,2021-03-01 00:00:00,27692,TREND_DOWN,-0.001660981801673972,-0.010735753450041395,-0.19521664763591484,0.05951123697946125,0.2027064190356625,-0.78429307079311816,4.1431347263915326,0.69314718055994529,4.1431347263915326,0,3,13,0.064733655862259334,0.094225664638096437,0.10564131416774845,0.064733655862259334,0.094225664638096437,0.10564131416774845,0.039787513921601292,0.072686299686861244,0.11344887245449667,0,0,0,2
153,2021-03-08 00:00:00,27860,TREND_UP,0.044703523986010692,0.095268461729706641,0.10564131416774845,0.031788953564383271,0.11344887245449667,1.8896363089766179,0.69314718055994529,3.3672958299864741,0.69314718055994529,1,5,15,0.010501231904427491,0.076627894446035433,0.14366981775288012,0.010501231904427491,0.076627894446035433,0.14366981775288012,0.038103006652848222,0.073936138961305312,0.10348396239166523,0,0,0,2
154,2021-03-15 00:00:00,28028,TREND_UP,-0.030262826518335735,0.035220679197291764,0.14366981775288012,0.03169198986770691,0.10348396239166523,1.0775571250331524,0.69314718055994529,3.2188758248682006,0.69314718055994529,1,6,14,-0.095042813604943183,-0.0084535347223878843,-0.048997950085070664,0.095042813604943183,0.0084535347223878843,0.048997950085070664,0.057826726334137817,0.08473201768283331,0.10915625152014226,0,0,0,2
155,2021-03-22 00:00:00,28196,VOL_COMPRESSION,-0.031046939330145545,-0.0047424470473469505,-0.048997950085070664,0.037748958028029481,0.10915625152014226,-0.5298005801420097,2.3978952727983707,0.69314718055994529,2.3978952727983707,4,8,17,-0.033726168006704409,-0.073028831884342477,-0.021627967127421457,0.033726168006704409,0.073028831884342477,0.021627967127421457,0.03690351781852709,0.070844217578972302,0.10278674641712859,0,0,0,2
156,2021-03-29 00:00:00,28364,VOL_COMPRESSION,-0.011892747411812062,0.061164439177326217,-0.021627967127421457,0.026992790175100968,0.10278674641712859,0.4084496303334072,4.0073331852324712,1.0986122886681098,4.0073331852324712,0,6,17,0.037456276177576388,0.067320456068478612,0.044660838893549645,0.037456276177576388,0.067320456068478612,0.044660838893549645,0.032562499527592347,0.056253199229732119,0.067546778674032068,0,0,0,2
157,2021-04-05 00:00:00,28532,VOL_COMPRESSION,0.021108576001484386,-0.012586297011029708,0.044660838893549645,0.018778698729090323,0.067546778674032068,-0.4951753387545359,4.6051701859880918,1.0986122886681098,4.6051701859880918,0,0,8,0.024048614868449687,-0.026379809274151182,0.032002431997790841,0.024048614868449687,0.026379809274151182,0.032002431997790841,0.023805730816834143,0.041090936240976837,0.068379288262584409,1,0,0,2
158,2021-04-12 00:00:00,28700,VOL_COMPRESSION,-0.0050690413893254797,0.025459348422380228,0.032002431997790841,0.019201344503469296,0.068379288262584409,1.183444728380135,4.6539603501575231,1.791759469228055,4.6539603501575231,0,0,2,0.010421027064518544,0.047635130435985384,-0.050094350191798594,0.010421027064518544,0.047635130435985384,0.050094350191798594,0.026242726983119882,0.055700592900547616,0.10300044342719178,1,0,0,2
159,2021-04-19 00:00:00,28868,TREND_DOWN,-0.044583586678959078,-0.10881908114365497,-0.050094350191798594,0.07293268181585405,0.10300044342719178,-1.689011664047299,2.8332133440562162,1.791759469228055,2.8332133440562162,2,4,8,-0.038663466810439508,-0.050413948956002812,-0.11023688552831837,0.038663466810439508,0.050413948956002812,0.11023688552831837,0.042714939980596951,0.075217109047429037,0.13268056700139061,0,0,0,2
160,2021-04-26 00:00:00,29036,TREND_DOWN,0.021058851225563838,-0.011552598212177608,-0.11023688552831837,0.058838507595150268,0.13268056700139061,-0.69372842693248682,1.6094379124341003,2.1972245773362196,1.6094379124341003,3,6,12,0.052807763678638882,0.072138650580289385,0.12020403981248985,0.052807763678638882,0.072138650580289385,0.12020403981248985,0.039765844251970585,0.057687501944143099,0.084660505143274056,0,0,0,2
161,2021-05-03 00:00:00,29204,VOL_COMPRESSION,-0.00097080595995570188,0.072622569007687904,0.12020403981248985,0.030686189796173741,0.084660505143274056,1.3218615860164731,4.0073331852324712,1.0986122886681098,4.0073331852324712,0,2,9,-0.037116322371746509,-0.0073992674192366317,0.025348355756765594,0.037116322371746509,0.0073992674192366317,0.025348355756765594,0.044420202059980513,0.070565421936898243,0.098210556186067929,0,0,0,2
162,2021-05-10 00:00:00,29372,VOL_COMPRESSION,0.0052070844887671707,0.043221987176698722,0.025348355756765594,0.038864523868690701,0.098210556186067929,1.3923141318580845,2.3025850929940459,1.3862943611198906,2.3025850929940459,4,12,25,-0.059460354993017932,-0.16873411586846238,-0.25720458200593632,0.059460354993017932,0.16873411586846238,0.25720458200593632,0.045405711125454488,0.10050361446616038,0.1534018747744236,0,0,0,2
163,2021-05-17 00:00:00,29540,TREND_DOWN,-0.036656302400792762,-0.09424032138813275,-0.25720458200593632,0.073416053992217872,0.1534018747744236,-1.6820998727923075,0,1.791759469228055,0,2,2,12,-0.025821622603330052,-0.2390597754013897,-0.25552017107581337,0.025821622603330052,0.2390597754013897,0.25552017107581337,0.0868589873045751,0.21630201968989332,0.28385161119445962,0,0,0,2
164,2021-05-24 00:00:00,29708,TREND_DOWN,-0.079901442122318866,-0.16911518426018021,-0.25552017107581337,0.09120744324215789,0.28385161119445962,-1.324088821538733,1.3862943611198906,1.791759469228055,1.3862943611198906,5,11,26,0.11193001158813164,0.091375222018178562,0.0015955901113969789,0.11193001158813164,0.091375222018178562,0.0015955901113969789,0.074340854026799144,0.1130151689272421,0.16372560556472893,0,0,0,2
165,2021-05-31 00:00:00,29876,TREND_DOWN,0.042082103519145764,-0.073116230756842759,0.0015955901113969789,0.047499142453296235,0.16372560556472893,-1.0998002105012632,0,1.791759469228055,0,4,7,16,0.068490731011873807,0.058633017108545286,0.026789714021598961,0.068490731011873807,0.058633017108545286,0.026789714021598961,0.049653709915100798,0.074241066814187406,0.11715850461432248,0,0,0,2
166,2021-06-07 00:00:00,30044,TREND_DOWN,0.019720540379309832,-0.063350651038492772,0.026789714021598961,0.036212237914934664,0.11715850461432248,-0.566907534586789,0,2.1972245773362196,0,4,12,25,-0.074664392195574317,0.018347651224821671,0.075118037226579976,0.074664392195574317,0.018347651224821671,0.075118037226579976,0.046044774636036907,0.10054878759803275,0.13698824224282849,0,0,0,2
167,2021-06-14 00:00:00,30212,TREND_UP,0.090750863943407631,0.071680248894043688,0.075118037226579976,0.059123627523272416,0.13698824224282849,2.1095116110221004,2.0794415416798357,0.69314718055994529,2.0794415416798357,6,11,15,0.031220241463820898,-0.012876894273017431,-0.095817564599861807,0.031220241463820898,0.012876894273017431,0.095817564599861807,0.040086092485970296,0.062862546100395961,0.099818199429424978,0,0,0,2
168,2021-06-21 00:00:00,30380,TREND_DOWN,0.0049291450303107819,-0.05817974357557136,-0.095817564599861807,0.042097396932366402,0.099818199429424978,-1.2047969256576887,2.7080502011022101,2.0794415416798357,2.7080502011022101,2,10,25,-0.11173565471295524,-0.068716958838044517,-0.028306173880189352,0.11173565471295524,0.068716958838044517,0.028306173880189352,0.080516460949130758,0.13812450798236933,0.17383508114586477,0,0,0,2
169,2021-06-28 00:00:00,30548,TREND_UP,0.065564667108201094,-0.00051566615418483332,-0.028306173880189352,0.058786877474976608,0.17383508114586477,1.3846624783456016,2.6390573296152584,2.3025850929940459,2.6390573296152584,2,4,18,0.0095980487163519982,0.0047146646867743903,0.0081718622153752942,0.0095980487163519982,0.0047146646867743903,0.0081718622153752942,0.040242781021149331,0.068317657022676601,0.097191853088902658,1,0,0,2
170,2021-07-05 00:00:00,30716,VOL_COMPRESSION,0.0097120557735673688,0.030992370248889973,0.0081718622153752942,0.029147732942917778,0.097191853088902658,0.38040598688329369,4.0253516907351496,3.5835189384561099,4.0253516907351496,0,1,13,-0.023067139909140055,-0.047737187404147119,-0.019439487900943506,0.023067139909140055,0.047737187404147119,0.019439487900943506,0.041435164579793168,0.063134342897655987,0.083282993238225092,1,0,0,2
171,2021-07-12 00:00:00,30884,VOL_COMPRESSION,0.013695000663547152,0.053667413276137207,-0.019439487900943506,0.022849489720087011,0.083282993238225092,0.65568116902306017,4.4067192472642533,2.1972245773362196,4.4067192472642533,0,0,5,-0.032797566079767658,-0.036534864606392915,-0.078382584039149786,0.032797566079767658,0.036534864606392915,0.078382584039149786,0.019066778097197173,0.051224743411948249,0.073405338454150593,1,1,1,2
172,2021-07-19 00:00:00,31052,VOL_COMPRESSION,-0.01215420285879547,-0.0012860526113220286,-0.078382584039149786,0.022146338691168731,0.073405338454150593,-0.89561973792922811,5.521460917862246,2.1972245773362196,5.521460917862246,0,0,0,-0.025238000321930631,0.014712039250362303,0.15220139723658485,0.025238000321930631,0.014712039250362303,0.15220139723658485,0.024679287874333614,0.058297533006620848,0.087189734980810882,1,0,0,2
173,2021-07-26 00:00:00,31220,TREND_UP,0.077494915081234836,0.1284485843367813,0.15220139723658485,0.046801326176823387,0.087189734980810882,2.893110008149868,0,4.5643481914678361,0,1,1,5,0.017832642882339902,0.069106183271240212,0.071368027915506796,0.017832642882339902,0.069106183271240212,0.071368027915506796,0.070397861832153172,0.10736749063245164,0.12646661627721387,0,0,0,2
174,2021-08-02 00:00:00,31388,TREND_DOWN,-0.055196407583137055,-0.010037686894886587,0.071368027915506796,0.033612120875535875,0.12646661627721387,-0.18895916769647711,0,1.0986122886681098,0,2,4,9,-0.0046937911121815489,0.00057446195731502734,0.089638278085916456,0.0046937911121815489,0.00057446195731502734,0.089638278085916456,0.032163966943950295,0.048968408027024291,0.099732646635322331,0,0,0,2
175,2021-08-09 00:00:00,31556,TREND_UP,-0.031647245977624139,0.075728836626556925,0.089638278085916456,0.038753695194959512,0.099732646635322331,1.0569932556329606,3.6109179126442243,1.6094379124341003,3.6109179126442243,0,4,15,0.06174917066396831,0.057327581800002296,0.095949004358636,0.06174917066396831,0.057327581800002296,0.095949004358636,0.041683986271320077,0.055860147611804384,0.081080692188588516,0,0,0,2
176,2021-08-16 00:00:00,31724,VOL_COMPRESSION,0.0073445815265596702,0.066549143455716372,0.095949004358636,0.028582073137804399,0.081080692188588516,1.6577080541515137,4.8441870864585912,1.9459101490553132,4.8441870864585912,0,0,7,-0.038722567782617554,-0.054653590461990767,0.0386915688748646,0.038722567782617554,0.054653590461990767,0.0386915688748646,0.030232708267708481,0.053041742145242668,0.081078204212641392,1,0,0,2
177,2021-08-23 00:00:00,31892,VOL_COMPRESSION,0.0092978631745217338,0.04797928514683155,0.0386915688748646,0.025187357632683625,0.081078204212641392,1.4707778302386543,4.7535901911063645,1.6094379124341003,4.7535901911063645,0,0,4,-0.004554438116976707,-0.0032829292205899391,-0.020884936508053842,0.004554438116976707,0.0032829292205899391,0.020884936508053842,0.01933209072012744,0.046443678834142042,0.069622990069293081,1,1,0,2
178,2021-08-30 00:00:00,32060,VOL_COMPRESSION,-0.02346220001318582,0.024570849864813577,-0.020884936508053842,0.024642813120620527,0.069622990069293081,-0.099456741967326262,4.4886363697321396,1.3862943611198906,4.4886363697321396,0,0,2,-0.032960166873992211,0.0075114330748847309,0.066894910075621067,0.032960166873992211,0.0075114330748847309,0.066894910075621067,0.027494195754133314,0.049482491714463304,0.073604237869850583,1,1,0,2
179,2021-09-06 00:00:00,32228,VOL_COMPRESSION,0.031378287578553071,0.063573946220338198,0.066894910075621067,0.024166992034252884,0.073604237869850583,2.1192176351559273,4.0604430105464191,0.69314718055994529,4.0604430105464191,0,2,2,0.014306922838068344,-0.11091653995565579,-0.11737430079102618,0.014306922838068344,0.11091653995565579,0.11737430079102618,0.016516541678711624,0.088040932414221701,0.10246133170384729,1,0,0,2
180,2021-09-13 00:00:00,32396,VOL_COMPRESSION,0.023927453199650634,-0.011566635502867231,-0.11737430079102618,0.030135305577335594,0.10246133170384729,-0.50510960872099275,3.8501476017100584,1.791759469228055,3.8501476017100584,0,4,8,-0.018944160687374999,0.039661212576888927,0.020322284430715442,0.018944160687374999,0.039661212576888927,0.020322284430715442,0.065645942630766799,0.073116897851357207,0.089183393884025283,0,0,0,2
181,2021-09-20 00:00:00,32564,VOL_COMPRESSION,-0.019935439791404441,-0.01128161214538565,0.020322284430715442,0.023967484922380888,0.089183393884025283,-0.1115285729879934,4.9698132995760007,2.5649493574615367,4.9698132995760007,0,0,2,-0.12059969921113252,-0.083931244084507042,-0.068506480953179849,0.12059969921113252,0.083931244084507042,0.068506480953179849,0.057958249703978233,0.092993565758849248,0.1305487721240699,0,0,0,2
182,2021-09-27 00:00:00,32732,TREND_UP,0.029565364887836648,-0.018014098670911451,-0.068506480953179849,0.051668304252534075,0.1305487721240699,0.63629941430782777,0,2.3025850929940459,0,4,10,23,-0.03538326250278305,-0.036204908370062364,0.087398470335361536,0.03538326250278305,0.036204908370062364,0.087398470335361536,0.033064966975507461,0.054140627103813982,0.090991961473522495,0,0,0,2
183,2021-10-04 00:00:00,32900,VOL_COMPRESSION,0.012505586300097384,0.091613573721066599,0.087398470335361536,0.027635808011613288,0.090991961473522495,1.2423268469616751,3.970291913552122,2.3978952727983707,3.970291913552122,0,2,16,0.033962282500253682,0.13504956552993566,0.14106649333943305,0.033962282500253682,0.13504956552993566,0.14106649333943305,0.032798485174666735,0.061847521473550736,0.083236071685563684,0,0,0,2
184,2021-10-11 00:00:00,33068,VOL_COMPRESSION,0.0040661870249573493,0.018568841238226615,0.14106649333943305,0.028733467586072283,0.083236071685563684,0.86411821182472603,4.0430512678345503,0.69314718055994529,4.0430512678345503,0,4,12,0.031945011547273285,0.04569781843228702,0.12437546553461565,0.031945011547273285,0.04569781843228702,0.12437546553461565,0.025903513959838621,0.053948347808121334,0.090424190926218659,1,0,0,2
185,2021-10-18 00:00:00,33236,VOL_COMPRESSION,0.024770118185812106,0.090180399576041154,0.12437546553461565,0.037411193865587777,0.090424190926218659,1.8230749119109908,3.8286413964890951,2.0794415416798357,3.8286413964890951,0,4,11,-0.0094501833416989357,0.04960999091992175,-0.010298513842350313,0.0094501833416989357,0.04960999091992175,0.010298513842350313,0.028421257280093551,0.05010686777572352,0.082174503720591152,0,0,0,2
186,2021-10-25 00:00:00,33404,VOL_COMPRESSION,0.011813170508655249,-0.016046162153720921,-0.010298513842350313,0.027342877075989459,0.082174503720591152,-0.42015345530650156,3.912023005428146,2.3025850929940459,3.912023005428146,0,3,8,0.020728022909904699,-0.058566955152509252,-0.0032724671232269038,0.020728022909904699,0.058566955152509252,0.0032724671232269038,0.019654839765058846,0.045236701016438848,0.07406880460941076,1,0,0,2
187,2021-11-01 00:00:00,33572,VOL_COMPRESSION,-0.012639443304504928,0.0035584532595409773,-0.0032724671232269038,0.018476318106260652,0.07406880460941076,0.25626546337029898,4.1431347263915326,2.7725887222397811,4.1431347263915326,0,1,7,-0.0099655896257982522,0.019940443484039245,0.054178242912045892,0.0099655896257982522,0.019940443484039245,0.054178242912045892,0.040256110821444271,0.059427867326139215,0.078277467018694438,0,0,0,2
188,2021-11-08 00:00:00,33740,VOL_COMPRESSION,0.048379077135897973,0.065443365302384024,0.054178242912045892,0.030859727310239504,0.078277467018694438,3.4696392249662669,4.6051701859880918,1.0986122886681098,4.6051701859880918,0,0,6,0.039404911408076573,-0.00088798839713884452,0.012787165640556012,0.039404911408076573,0.00088798839713884452,0.012787165640556012,0.027356893350615859,0.05936971751252923,0.075037090828652467,1,0,0,2
189,2021-11-15 00:00:00,33908,VOL_COMPRESSION,0.013537127993022946,0.015775745628222922,0.012787165640556012,0.021767580208198675,0.075037090828652467,0.32780915288590973,4.5108595065168497,1.791759469228055,4.5108595065168497,0,0,4,-0.051522444296766765,-0.085184308851021642,-0.12427163940570812,0.051522444296766765,0.085184308851021642,0.12427163940570812,0.025420540163963553,0.056499023302448013,0.085323072901284894,1,0,0,2
190,2021-11-22 00:00:00,34076,VOL_COMPRESSION,-0.02093556292365549,0.011564475896341945,-0.12427163940570812,0.024988223094882234,0.085323072901284894,-0.73674783711416081,4.0775374439057197,0.69314718055994529,4.0775374439057197,0,3,6,-0.027070289852143783,-0.0027151187600711751,-0.0063814938159982883,0.027070289852143783,0.0027151187600711751,0.0063814938159982883,0.043098042481988029,0.061052047640302039,0.090444342875666509,0,0,0,2
191,2021-11-29 00:00:00,34244,TREND_UP,0.055056621078471681,-0.016057882363242688,-0.0063814938159982883,0.039919184830992861,0.090444342875666509,0.9591589425506325,0,0.69314718055994529,0,2,7,11,-0.00064975927883637085,-0.012977419252739229,-0.16896664257238941,0.00064975927883637085,0.012977419252739229,0.16896664257238941,0.030181393842464752,0.060491630295085475,0.11192046033064508,0,0,0,2
192,2021-12-06 00:00:00,34412,TREND_DOWN,-0.004563312167947752,-0.14728133583113559,-0.16896664257238941,0.037808550748863197,0.11192046033064508,-1.5677021022638986,2.3025850929940459,1.0986122886681098,2.3025850929940459,2,6,13,0.038012745916221558,0.032888008414974065,0.016871673626182769,0.038012745916221558,0.032888008414974065,0.016871673626182769,0.047340171039554325,0.068801464406082327,0.094410229303189458,0,0,0,2
193,2021-12-13 00:00:00,34580,VOL_COMPRESSION,0.0058844100267819947,0.032871694520821559,0.016871673626182769,0.025855122244238329,0.094410229303189458,0.27401027778993003,3.6375861597263857,3.1354942159291497,3.6375861597263857,0,3,17,-0.054425069096915704,-0.011793054401903895,-0.057139778761583507,0.054425069096915704,0.011793054401903895,0.057139778761583507,0.036333583685318097,0.063093267160068287,0.089289985811532968,0,0,0,2
194,2021-12-20 00:00:00,34748,VOL_COMPRESSION,0.004639785456994062,-0.019105474723698009,-0.057139778761583507,0.031287000678627941,0.089289985811532968,-0.76807711711643889,3.6888794541139363,2.9444389791664403,3.6888794541139363,0,2,14,-0.0021787105601746809,0.0296735297353404,0.07704728950164573,0.0021787105601746809,0.0296735297353404,0.07704728950164573,0.030991616491119263,0.050196528571987996,0.066126149713030533,0,0,0,2
195,2021-12-27 00:00:00,34916,VOL_COMPRESSION,0.0046963828537267436,-0.0050149198464559232,0.07704728950164573,0.020143540537033724,0.066126149713030533,0.85760971767405325,5.1179938124167554,0.69314718055994529,5.1179938124167554,0,0,2,-0.0055804576883576248,-0.081374129789712243,-0.073434481990237346,0.0055804576883576248,0.081374129789712243,0.073434481990237346,0.021179841897789976,0.049088005042918596,0.074547933744801342,1,0,0,2
196,2022-01-03 00:00:00,35084,VOL_COMPRESSION,-0.012089171769119823,-0.00034733157821556379,-0.073434481990237346,0.020954028166615579,0.074547933744801342,-0.66493311731141436,3.9318256327243257,1.3862943611198906,3.9318256327243257,0,2,4,-0.017559624682880325,-0.074450666665061144,-0.12209477189842367,0.017559624682880325,0.074450666665061144,0.12209477189842367,0.019785411234544175,0.053248054379606641,0.086634709672121862,1,0,0,2
197,2022-01-10 00:00:00,35252,VOL_COMPRESSION,-0.0029235427211133664,-0.026363489951056314,-0.12209477189842367,0.030493970631759668,0.086634709672121862,-1.0463404981111397,3.1780538303479458,1.6094379124341003,3.1780538303479458,1,8,14,-0.0010263199216590053,0.048904748149692853,0.029923800700239513,0.0010263199216590053,0.048904748149692853,0.029923800700239513,0.038944689315625988,0.054052796453695866,0.070332977257285517,0,0,0,2
198,2022-01-17 00:00:00,35420,VOL_COMPRESSION,-0.0041179385197200784,0.0034132501890757057,0.029923800700239513,0.016596164350422282,0.070332977257285517,0.18563549869964033,4.8202815656050371,1.791759469228055,4.8202815656050371,0,0,5,-0.012394506642850868,-0.025323728255660691,-0.17928815438202197,0.012394506642850868,0.025323728255660691,0.17928815438202197,0.018645533231735321,0.043066089338006514,0.11669641464868406,1,1,0,2
199,2022-01-24 00:00:00,35588,TREND_DOWN,0.012804877853310455,-0.13121774182799423,-0.17928815438202197,0.042137287133741985,0.11669641464868406,-1.2654149352036492,1.9459101490553132,0.69314718055994529,1.9459101490553132,4,8,11,0.0048116760738027165,0.03179318206108947,0.026797873544800656,0.0048116760738027165,0.03179318206108947,0.026797873544800656,0.075476012954649785,0.092028883702344508,0.11809670904057656,0,0,0,2
200,2022-01-31 00:00:00,35756,VOL_COMPRESSION,-0.026397943344207999,-0.0090685449966155518,0.026797873544800656,0.033985745056723825,0.11809670904057656,-0.055018302880915478,3.912023005428146,2.1972245773362196,3.912023005428146,0,7,20,0.04034967191993237,0.0013431780827032811,0.12771386521500722,0.04034967191993237,0.0013431780827032811,0.12771386521500722,0.022797232949701714,0.047388481314231429,0.08760972874674941,1,1,0,2
201,2022-02-07 00:00:00,35924,VOL_COMPRESSION,0.0088888109421327872,0.11799905219199786,0.12771386521500722,0.027798446010495744,0.08760972874674941,1.5315949766443449,3.8286413964890951,2.5649493574615367,3.8286413964890951,0,2,2,0.046854747039459417,0.05315292111130495,0.0062848816910945652,0.046854747039459417,0.05315292111130495,0.0062848816910945652,0.027063876737758612,0.056875409932276251,0.087032585244927088,0,0,0,2
202,2022-02-14 00:00:00,36092,VOL_COMPRESSION,-0.0067177037086958756,-0.02191035578826285,0.0062848816910945652,0.01920326547388768,0.087032585244927088,-1.3527443854927887,3.8712010109078911,1.9459101490553132,3.8712010109078911,0,6,14,0.01087327715881029,0.045411693828110708,-0.08343189429711749,0.01087327715881029,0.045411693828110708,0.08343189429711749,0.025566762331017023,0.042435016750703304,0.070899726439385233,1,1,0,2
203,2022-02-21 00:00:00,36260,VOL_COMPRESSION,-0.029812898645824593,-0.04592512246102147,-0.08343189429711749,0.033185985148075567,0.070899726439385233,-1.4935421331902754,3.9318256327243257,2.0794415416798357,3.9318256327243257,0,4,6,-0.04027977982138907,-0.052795629022670293,-0.030810768489935747,0.04027977982138907,0.052795629022670293,0.030810768489935747,0.060806006748120679,0.076180824970685068,0.12242419394486519,0,0,0,2
204,2022-02-28 00:00:00,36428,TREND_DOWN,-0.032139287245341999,-0.017402495084067722,-0.030810768489935747,0.052026521568486965,0.12242419394486519,-0.48707437859986685,1.3862943611198906,1.0986122886681098,1.3862943611198906,4,8,14,0.14793922291183564,0.15744221473045014,0.021294972151769457,0.14793922291183564,0.15744221473045014,0.021294972151769457,0.069243740877258361,0.088047515586852754,0.10654643346736153,0,0,0,2
205,2022-03-07 00:00:00,36596,TREND_DOWN,-0.032292822964028786,-0.08032279524970963,0.021294972151769457,0.030589487277251012,0.10654643346736153,-1.3168493007327873,0.69314718055994529,3.7612001156935624,0.69314718055994529,1,6,17,-0.0048056800812994608,0.085567405775797009,-0.014330458159519598,0.0048056800812994608,0.085567405775797009,0.014330458159519598,0.039380564082143639,0.07197244516330184,0.10084837742137537,0,0,0,2
206,2022-03-14 00:00:00,36764,VOL_COMPRESSION,-0.028238608326974238,-0.03777599595210273,-0.014330458159519598,0.030120537991936269,0.10084837742137537,-1.2275887691776957,3.912023005428146,1.3862943611198906,3.912023005428146,0,6,24,0.04482036211823788,0.080775951967268084,0.090700579621622424,0.04482036211823788,0.080775951967268084,0.090700579621622424,0.026966843943270358,0.078592635901711963,0.087437373078502564,1,0,0,2
207,2022-03-21 00:00:00,36932,VOL_COMPRESSION,-0.0152148119847431,0.026318302483658594,0.090700579621622424,0.014191593997109116,0.087437373078502564,0.78319679612969584,4.499809670330265,3.4011973816621555,4.499809670330265,0,0,4,-0.0067509707733780589,0.038101018916029419,0.12458852209818043,0.0067509707733780589,0.038101018916029419,0.12458852209818043,0.022278081219266468,0.048008890091562707,0.065877771419255021,1,0,0,2
208,2022-03-28 00:00:00,37100,VOL_COMPRESSION,0.048208840097996607,0.0646804843628008,0.12458852209818043,0.031692900114326336,0.065877771419255021,2.6300571464963407,4.9272536851572051,0.69314718055994529,4.9272536851572051,0,0,2,0.0099903281349274491,0.0048520402216702674,-0.02299569629478684,0.0099903281349274491,0.0048520402216702674,0.02299569629478684,0.020488455553933253,0.035138150389995765,0.064110520038134111,1,1,1,2
209,2022-04-04 00:00:00,37268,VOL_COMPRESSION,-0.0046303115086497358,0.0070085275700498082,-0.02299569629478684,0.024990956277413896,0.064110520038134111,-1.1109335009738557,5.7235851019523807,0.69314718055994529,5.7235851019523807,0,0,0,0.014112584531843249,-0.067274454849662976,-0.080812824434975436,0.014112584531843249,0.067274454849662976,0.080812824434975436,0.020394331395970404,0.038210917097581891,0.057699573967668526,1,0,0,2
210,2022-04-11 00:00:00,37436,VOL_COMPRESSION,-0.0078449370835320855,-0.023989369601066384,-0.080812824434975436,0.02107475317578834,0.057699573967668526,-1.2033333008000064,4.5538768916005408,1.0986122886681098,4.5538768916005408,0,0,4,-0.067446969456987346,-0.026720862827447098,-0.062696468549389858,0.067446969456987346,0.026720862827447098,0.062696468549389858,0.034641640627591397,0.05240628261951509,0.063018789054203453,0,0,0,2
211,2022-04-18 00:00:00,37604,VOL_COMPRESSION,-0.016169036317353423,-0.0030137785931119002,-0.062696468549389858,0.015678289432683006,0.063018789054203453,-1.1355655688586317,4.9558270576012609,2.1972245773362196,4.9558270576012609,0,0,2,0.028519053920461512,0.044501092146194889,-0.022118952470619558,0.028519053920461512,0.044501092146194889,0.022118952470619558,0.035847303536592101,0.046252937562039485,0.062485706331945223,1,1,0,2
212,2022-04-25 00:00:00,37772,VOL_COMPRESSION,-0.017824453109802595,-0.039492312869702478,-0.022118952470619558,0.020463257909443758,0.062485706331945223,-1.6784783001111396,4.3040650932041702,0.69314718055994529,4.3040650932041702,0,0,2,0.042620679585364224,0.01341091876068754,-0.0051902840243321317,0.042620679585364224,0.01341091876068754,0.0051902840243321317,0.02859308382346611,0.051002949193082674,0.070145305259743121,0,0,0,2
213,2022-05-02 00:00:00,37940,VOL_COMPRESSION,0.025692388382576346,-0.029779472850660387,-0.0051902840243321317,0.026222960097337066,0.070145305259743121,-0.42940632569273307,4.3567088266895917,1.3862943611198906,4.3567088266895917,0,0,13,-0.0072905423786223172,0.02495547176084275,-0.12484167054210242,0.0072905423786223172,0.02495547176084275,0.12484167054210242,0.02309281915564854,0.037071247600933763,0.07589999566505326,1,1,0,2
214,2022-05-09 00:00:00,38108,VOL_COMPRESSION,-0.027436641726263384,-0.063043001598365511,-0.12484167054210242,0.02940800871223704,0.07589999566505326,-1.7886979341661489,3.9889840465642745,2.0794415416798357,3.9889840465642745,0,3,5,-0.10319624228443268,-0.13862809255930858,-0.093992327311723356,0.10319624228443268,0.13862809255930858,0.093992327311723356,0.062240087699954316,0.15401366108190642,0.19993979610942944,0,0,0,2
215,2022-05-16 00:00:00,38276,TREND_UP,0.037935343441832386,0.052687063473004538,-0.093992327311723356,0.033977391526980774,0.19993979610942944,0.50702951007095109,1.6094379124341003,0.69314718055994529,1.6094379124341003,9,20,29,-0.031338299354033601,-0.073265108961727443,-0.026979645354085528,0.031338299354033601,0.073265108961727443,0.026979645354085528,0.048381430098639613,0.066879282874738863,0.090239084016748711,0,0,0,2
216,2022-05-23 00:00:00,38444,VOL_COMPRESSION,0.027277436528545657,0.00042068779104503871,-0.026979645354085528,0.027488427895717333,0.090239084016748711,1.0141651673786309,3.9512437185814275,1.6094379124341003,3.9512437185814275,0,4,25,-0.038034823928546055,-0.016293348885709935,-0.031689309304601544,0.038034823928546055,0.016293348885709935,0.031689309304601544,0.032441141834195879,0.048657443058186478,0.071686583924295541,0,0,0,2
217,2022-05-30 00:00:00,38612,VOL_COMPRESSION,0.010794860011051849,0.0090778385190798238,-0.031689309304601544,0.014352788471081561,0.071686583924295541,-0.066004558963391941,3.9318256327243257,1.791759469228055,3.9318256327243257,0,4,8,0.074366989870582628,0.012200005859350247,0.0328452890169708,0.074366989870582628,0.012200005859350247,0.0328452890169708,0.037240038866593383,0.056854457178467196,0.068331339192517604,0,0,0,2
218,2022-06-06 00:00:00,38780,VOL_COMPRESSION,0.018531119957546627,-0.0031340441797006132,0.0328452890169708,0.01794945151015083,0.068331339192517604,-0.15635857793041061,4.5643481914678361,1.9459101490553132,4.5643481914678361,0,0,9,-0.0033572887410625429,-0.0025986968234724865,-0.14177037919622693,0.0033572887410625429,0.0025986968234724865,0.14177037919622693,0.044871443218471807,0.075014788015004691,0.1001801083324019,0,0,0,2
219,2022-06-13 00:00:00,38948,TREND_DOWN,-0.080522741941061599,-0.12360121962815357,-0.14177037919622693,0.050614818238200306,0.1001801083324019,-2.7984526006975106,2.3978952727983707,1.9459101490553132,2.3978952727983707,3,3,17,-0.18989000957194405,-0.14821859037692245,-0.27145857522628597,0.18989000957194405,0.14821859037692245,0.27145857522628597,0.078322640219545256,0.1439986867323762,0.20030489748959315,0,0,0,2
220,2022-06-20 00:00:00,39116,TREND_UP,0.055606570162805839,-0.015344312608338306,-0.27145857522628597,0.093687525291618196,0.20030489748959315,-0.66602121259952429,0.69314718055994529,1.791759469228055,0.69314718055994529,5,10,28,0.030491115835420406,0.018586567117533228,0.049167357023328022,0.030491115835420406,0.018586567117533228,0.049167357023328022,0.054518666835647898,0.087602358072287015,0.10657246752256493,1,0,0,2
221,2022-06-27 00:00:00,39284,VOL_COMPRESSION,-0.019874109679134555,0.0021331491392941083,0.049167357023328022,0.025079760443611109,0.10657246752256493,0.43011742426990301,3.9512437185814275,2.5649493574615367,3.9512437185814275,0,3,14,-0.013660999483316023,-0.049973516645626978,-0.08921437712785088,0.013660999483316023,0.049973516645626978,0.08921437712785088,0.028668987483561243,0.046685835519363755,0.10063298291634655,1,1,0,2
222,2022-07-04 00:00:00,39452,VOL_COMPRESSION,0.0011808866236697488,-0.051497559104004685,-0.08921437712785088,0.024221070135031619,0.10063298291634655,-0.82009613249534141,3.8501476017100584,3.044522437723423,3.8501476017100584,0,3,8,0.057283475288240189,0.064233260928811917,0.077726619239843336,0.057283475288240189,0.064233260928811917,0.077726619239843336,0.033609119096869505,0.058757069068909054,0.090508773726173594,0,0,0,2
223,2022-07-11 00:00:00,39620,VOL_COMPRESSION,-0.026345251423026614,-0.043235772924713256,0.077726619239843336,0.020645383088879723,0.090508773726173594,0.10179794233359113,3.8286413964890951,2.9957322735539909,3.8286413964890951,0,4,15,-0.049605791442821408,-0.024776975221785989,0.00091649497813377353,0.049605791442821408,0.024776975221785989,0.00091649497813377353,0.028122153763660614,0.064871224627377835,0.093483322241314309,1,0,0,2
224,2022-07-18 00:00:00,39788,VOL_COMPRESSION,-0.022533669477864966,0.021016666295737868,0.00091649497813377353,0.027116054385525674,0.093483322241314309,0.68447526311338514,4.219507705176107,2.6390573296152584,4.219507705176107,0,1,9,0.070753624176518107,0.11066685346169303,0.070024280976138192,0.070753624176518107,0.11066685346169303,0.070024280976138192,0.059663038442811178,0.08844598088591929,0.1105033119103648,0,0,0,2
225,2022-07-25 00:00:00,39956,VOL_COMPRESSION,-0.0098997670326334778,-0.04173859772046732,0.070024280976138192,0.028449490394631918,0.1105033119103648,-0.65678255129497187,3.9318256327243257,1.3862943611198906,3.9318256327243257,0,4,8,-0.061171362332916181,0.020157344211648193,0.046360901013056566,0.061171362332916181,0.020157344211648193,0.046360901013056566,0.035191275106422518,0.06265625354563302,0.091077305912911646,0,0,0,2
226,2022-08-01 00:00:00,40124,VOL_COMPRESSION,-0.015700197662491859,-0.021233643033594731,0.046360901013056566,0.018788919222174769,0.091077305912911646,0.48720224806149726,3.8918202981106265,0.69314718055994529,3.8918202981106265,0,5,13,-0.0081217504471149341,-0.016173105578859138,-0.0050111472986460893,0.0081217504471149341,0.016173105578859138,0.0050111472986460893,0.026222342393113829,0.047488355894190017,0.063676375670686194,1,0,0,2
227,2022-08-08 00:00:00,40292,VOL_COMPRESSION,0.016095603810666246,0.027680903054771014,-0.0050111472986460893,0.013914263082646691,0.063676375670686194,0.87677111918380235,4.836281906951478,0.69314718055994529,4.836281906951478,0,0,2,0.022401658824425717,0.033518890437213865,0.047748020720441028,0.022401658824425717,0.033518890437213865,0.047748020720441028,0.024196779081365499,0.055181940128211281,0.071055209363970029,1,1,1,2
228,2022-08-15 00:00:00,40460,VOL_COMPRESSION,-0.0045729328770654516,0.017712343978432393,0.047748020720441028,0.018997749680125225,0.071055209363970029,0.73979267007806171,5.6835797673386814,0.69314718055994529,5.6835797673386814,0,0,0,-0.011429552914530971,-0.039681232768311911,-0.12910779817065529,0.011429552914530971,0.039681232768311911,0.12910779817065529,0.036934719605168975,0.052611355300189198,0.077888064682171021,0,0,0,2
229,2022-08-22 00:00:00,40628,VOL_COMPRESSION,0.013388625054041989,-0.066671599624709157,-0.12910779817065529,0.015989011540901134,0.077888064682171021,-1.0745005814572661,3.8286413964890951,1.9459101490553132,3.8286413964890951,0,4,6,-0.0070030459526390382,0.0013346891841547084,-0.088196874522482815,0.0070030459526390382,0.0013346891841547084,0.088196874522482815,0.025441787096620185,0.040502049558897961,0.068359945205966013,1,1,0,2
230,2022-08-29 00:00:00,40796,VOL_COMPRESSION,-0.017801509806860068,-0.089291311384672473,-0.088196874522482815,0.02075306436165851,0.068359945205966013,-2.063461183954534,3.8712010109078911,1.0986122886681098,3.8712010109078911,0,4,4,0.030849972675420487,0.02135489933528651,0.013900085237590835,0.030849972675420487,0.02135489933528651,0.013900085237590835,0.019069202999933699,0.0444487798753921,0.059500632159384309,1,1,1,2
231,2022-09-05 00:00:00,40964,VOL_COMPRESSION,0.0052499187951294494,-0.007787687159030574,0.013900085237590835,0.017357625384664038,0.059500632159384309,-0.40853037968764538,5.3752784076841653,1.0986122886681098,5.3752784076841653,0,0,0,0.0093091201881064685,-0.031062431453976101,0.083122438560818704,0.0093091201881064685,0.031062431453976101,0.083122438560818704,0.020419994278584777,0.053343562849418824,0.079694564764283174,1,0,0,2
232,2022-09-12 00:00:00,41132,VOL_COMPRESSION,0.0039455764208215973,0.11098378170479442,0.083122438560818704,0.021544366683062165,0.079694564764283174,1.3923821717469969,4.0073331852324712,0.69314718055994529,4.0073331852324712,0,8,10,0.026316096119974389,-0.070784322558895024,-0.10636572571354148,0.026316096119974389,0.070784322558895024,0.10636572571354148,0.034143426033231609,0.075780967911908859,0.087520291750654358,0,0,0,2
233,2022-09-19 00:00:00,41300,VOL_COMPRESSION,-0.026673940902388418,-0.016822630406516121,-0.10636572571354148,0.021940215522968997,0.087520291750654358,-1.0608026549100635,4.3820266346738812,1.0986122886681098,4.3820266346738812,0,0,8,0.0032530382226309985,-0.056412733323907199,-0.035940238455079661,0.0032530382226309985,0.056412733323907199,0.035940238455079661,0.056117496773303778,0.084147772099770382,0.098300474735201301,0,0,0,2
234,2022-09-26 00:00:00,41468,VOL_COMPRESSION,-0.01023676141954321,-0.028082245855648971,-0.035940238455079661,0.015809812631395647,0.098300474735201301,-1.0345905354798541,4.3307333402863311,1.3862943611198906,4.3307333402863311,0,0,19,0.030216664266196576,0.034862454328176758,0.016984132080795415,0.030216664266196576,0.034862454328176758,0.016984132080795415,0.032458391415232365,0.07272967622644419,0.087664778151454265,1,0,0,2
235,2022-10-03 00:00:00,41636,VOL_COMPRESSION,-0.0097649620060518347,-0.023525308438629797,0.016984132080795415,0.013387331888582956,0.087664778151454265,-0.7161447000591008,3.9318256327243257,2.0794415416798357,3.9318256327243257,0,2,20,0.024481013453706808,0.059831322377665724,0.020875857884027127,0.024481013453706808,0.059831322377665724,0.020875857884027127,0.022264593496982833,0.038282187445498848,0.050186105416410394,1,1,1,2
236,2022-10-10 00:00:00,41804,VOL_COMPRESSION,0.004903983321747428,-0.025218958153542997,0.020875857884027127,0.0090226944244507189,0.050186105416410394,-0.72178735115502823,5.389071729816501,2.0794415416798357,5.389071729816501,0,0,0,-0.023431442421692206,-0.018055158590763464,-0.013709216560173744,0.023431442421692206,0.018055158590763464,0.013709216560173744,0.020675961904255597,0.026492239625457541,0.062767609095770185,1,1,0,2
237,2022-10-17 00:00:00,41972,VOL_COMPRESSION,0.0047210185652261059,-0.0094019682192373714,-0.013709216560173744,0.018374426466585544,0.062767609095770185,0.1485827256075791,4.3307333402863311,1.0986122886681098,4.3307333402863311,0,0,5,0.018963358152634124,-0.013555502684012261,0.014975906754703264,0.018963358152634124,0.013555502684012261,0.014975906754703264,0.01218638674100516,0.027055117341975111,0.039599082584564294,1,1,1,2
238,2022-10-24 00:00:00,42140,VOL_COMPRESSION,0.016561688245574406,0.02454481274183247,0.014975906754703264,0.016420383166610264,0.039599082584564294,1.5718411900966951,5.4971682252932021,1.0986122886681098,5.4971682252932021,0,0,0,-0.010766831608345703,0.061611935151728976,0.051216267421427021,0.010766831608345703,0.061611935151728976,0.051216267421427021,0.0099712474446547374,0.03754582347369876,0.05298029583026944,1,1,1,2
239,2022-10-31 00:00:00,42308,VOL_COMPRESSION,-0.0083589492085743618,0.012716262490342481,0.051216267421427021,0.014514062264359674,0.05298029583026944,0.44524790133807518,6.0210233493495267,1.0986122886681098,6.0210233493495267,0,0,0,-0.0045431329896591438,-0.016995331893994995,0.017108036693940565,0.0045431329896591438,0.016995331893994995,0.017108036693940565,0.022484206903176564,0.029554045612185605,0.052999170424797869,1,1,1,2
240,2022-11-07 00:00:00,42476,VOL_COMPRESSION,-0.020151854812195315,0.03010729214733817,0.017108036693940565,0.014235804979367713,0.052999170424797869,0.47334957694386115,6.363028103540465,1.0986122886681098,6.363028103540465,0,0,0,-0.018515649333218875,-0.25222303500668836,-0.25256235864740734,0.018515649333218875,0.25222303500668836,0.25256235864740734,0.02273539651263301,0.12058673716464471,0.15984355139066883,1,0,0,2
241,2022-11-14 00:00:00,42644,VOL_COMPRESSION,-0.03511232516197501,-0.075284950545657564,-0.25256235864740734,0.021010213955534165,0.15984355139066883,-1.0490376287971399,3.7376696182833684,3.4339872044851463,3.7376696182833684,0,2,16,0.018522918555696318,0.027479625372311002,-1.2318745065438598e-06,0.018522918555696318,0.027479625372311002,1.2318745065438598e-06,0.060368419478438996,0.069927495888558802,0.077084742271790269,0,0,0,2
242,2022-11-21 00:00:00,42812,VOL_COMPRESSION,-0.028335010875082445,-0.042190188922572286,-1.2318745065438598e-06,0.019618949270423128,0.077084742271790269,-2.1468752800141102,4.8121843553724171,1.6094379124341003,4.8121843553724171,0,0,11,-0.024376009177592133,0.01899867468321572,0.012491099640852902,0.024376009177592133,0.01899867468321572,0.012491099640852902,0.028178357042788177,0.049643604621040047,0.055255800589370539,0,0,0,2
243,2022-11-28 00:00:00,42980,VOL_COMPRESSION,-0.00095820856391883188,-0.0046850204154768177,0.012491099640852902,0.010756948182919314,0.055255800589370539,0.26545594840180842,4.9698132995760007,1.6094379124341003,4.9698132995760007,0,0,2,-0.016399460369517133,0.04316103406698113,0.046232998993354792,0.016399460369517133,0.04316103406698113,0.046232998993354792,0.02480579677478208,0.041223839796829656,0.046222662260429523,1,1,1,2
244,2022-12-05 00:00:00,43148,VOL_COMPRESSION,0.015709922914910603,0.010253129086746155,0.046232998993354792,0.0093010949420651058,0.046222662260429523,1.3069939147614225,5.7430031878094825,1.6094379124341003,5.7430031878094825,0,0,0,-0.010075346145167282,-0.023655738692749943,-0.015517599679134249,0.010075346145167282,0.023655738692749943,0.015517599679134249,0.016658834694088402,0.023360984112839142,0.032338273296370811,1,1,1,2
245,2022-12-12 00:00:00,43316,VOL_COMPRESSION,-0.011219684684777884,-0.014930229514768431,-0.015517599679134249,0.00956297348790878,0.032338273296370811,-0.77945803390913915,6.1737861039019366,1.6094379124341003,6.1737861039019366,0,0,0,0.012151380601872264,0.048436559810474906,-0.010131815750133921,0.012151380601872264,0.048436559810474906,0.010131815750133921,0.0088631821399870834,0.044644190213058377,0.055623817725819077,1,0,0,2
246,2022-12-19 00:00:00,43484,VOL_COMPRESSION,0.0016311130458771148,-0.037743925440133358,-0.010131815750133921,0.0062502605734084393,0.055623817725819077,-0.95327859576543506,4.6051701859880918,0.69314718055994529,4.6051701859880918,0,0,2,-0.019142970306748174,0.0044539451380431324,0.0027902735271009738,0.019142970306748174,0.0044539451380431324,0.0027902735271009738,0.014077025396489794,0.023911573339131974,0.028698451571905308,1,1,1,2
247,2022-12-26 00:00:00,43652,VOL_COMPRESSION,-0.00090995924529907132,0.0030066082281199717,0.0027902735271009738,0.0052796785406229157,0.028698451571905308,0.42022677862567198,5.5909869805108565,0.69314718055994529,5.5909869805108565,0,0,0,0.0023610911868841445,-0.015289578047366621,-0.014720136302034361,0.0023610911868841445,0.015289578047366621,0.014720136302034361,0.0074607190080871761,0.018249333068968851,0.023523793312146449,1,1,1,2
248,2023-01-02 00:00:00,43820,VOL_COMPRESSION,0.0037792129305874757,-0.0024309545332070301,-0.014720136302034361,0.0040759819102191295,0.023523793312146449,-0.47579657934258912,6.0776422433490342,0.69314718055994529,6.0776422433490342,0,0,0,0.006521185330115164,0.014534716700511976,0.035616542791554108,0.006521185330115164,0.014534716700511976,0.035616542791554108,0.0090949195471175161,0.016440342020005966,0.023409478656437797,1,1,1,2
249,2023-01-09 00:00:00,43988,VOL_COMPRESSION,0.015138207031968921,0.019426153312669291,0.035616542791554108,0.011601452231599935,0.023409478656437797,3.2765031476388167,6.4035741979348151,0.69314718055994529,6.4035741979348151,0,0,0,0.001951699984567102,0.060709754038688328,0.19920501270681001,0.001951699984567102,0.060709754038688328,0.19920501270681001,0.0092212202444086969,0.032500825626198132,0.086721801402326118,1,1,0,2
250,2023-01-16 00:00:00,44156,VOL_COMPRESSION,0.0096244357560652093,0.11084204947447386,0.19920501270681001,0.015024039534660295,0.086721801402326118,1.5065646853145114,3.4011973816621555,2.3978952727983707,3.4011973816621555,0,5,6,0.006557877385250023,-0.013308533926677024,0.081322348567823347,0.006557877385250023,0.013308533926677024,0.081322348567823347,0.026691971380037822,0.039619509130536947,0.070188063773361661,1,0,0,2
251,2023-01-23 00:00:00,44324,VOL_COMPRESSION,-0.0057959538966999569,0.07743651609811418,0.081322348567823347,0.02100049823282607,0.070188063773361661,1.3576763738581641,3.1780538303479458,0.69314718055994529,3.1780538303479458,1,2,6,0.010562035770146036,0.021496534053833925,0.043225033480601145,0.010562035770146036,0.021496534053833925,0.043225033480601145,0.023038166898490486,0.05328535507594645,0.062541926047911034,1,0,0,2
252,2023-01-30 00:00:00,44492,VOL_COMPRESSION,0.027074389379042021,0.035419768491688292,0.043225033480601145,0.018033971080938835,0.062541926047911034,2.7633565828810647,4.5432947822700038,1.791759469228055,4.5432947822700038,0,0,2,-0.039568569862698806,0.01844708900298506,-0.029612805322217144,0.039568569862698806,0.01844708900298506,0.029612805322217144,0.027284103393126872,0.0426648480246676,0.056441514100672635,1,1,1,2
253,2023-02-06 00:00:00,44660,VOL_COMPRESSION,-0.010067148440406078,-0.021379192175325887,-0.029612805322217144,0.015500579130595795,0.056441514100672635,-0.83372874536331032,5.5683445037610966,1.791759469228055,5.5683445037610966,0,0,0,-0.011457013269409516,-0.0034539332616956419,-0.055255341095471693,0.011457013269409516,0.0034539332616956419,0.055255341095471693,0.014553674572023619,0.030689446157024548,0.048402560896726128,1,1,1,2
254,2023-02-13 00:00:00,44828,VOL_COMPRESSION,-0.00010631740797179566,-0.00041329130752134745,-0.055255341095471693,0.013735174986596006,0.048402560896726128,-0.98557280517064316,6.0637852086876078,1.791759469228055,6.0637852086876078,0,0,0,-0.0030449206345843196,0.11942434868727603,0.10411300830925165,0.0030449206345843196,0.11942434868727603,0.10411300830925165,0.018114310868009419,0.056240641589054584,0.081930286967013752,1,0,0,2
255,2023-02-20 00:00:00,44996,VOL_COMPRESSION,-0.021559837814339851,0.020921845770500515,0.10411300830925165,0.023298352061475965,0.081930286967013752,0.59393646335238703,3.8501476017100584,1.9459101490553132,3.8501476017100584,0,5,12,0.026334561942822632,-0.003464246347092944,-0.030271632242219213,0.026334561942822632,0.003464246347092944,0.030271632242219213,0.021083010491357489,0.041407691923373645,0.060054201204218165,1,1,1,2
256,2023-02-27 00:00:00,45164,VOL_COMPRESSION,0.016804874545695566,-0.019752956497919378,-0.030271632242219213,0.017375449968410527,0.060054201204218165,-0.67273901276449999,5.3706380281276624,1.9459101490553132,5.3706380281276624,0,0,0,-0.002958505104273341,0.004968373579510345,,0.002958505104273341,0.004968373579510345,,0.020760407282337082,0.036335140367034127,,1,1,,2
257,2023-03-13 00:00:00,45497,TREND_UP,0.094965505452803856,0.1194158114916439,0.010030081001987757,0.047090006848566859,0.087873636858777873,1.4021606278583107,1.791759469228055,3.4657359027997265,1.791759469228055,1,6,7,0.068192538487368101,0.068757964533238319,0.20762392947740249,0.068192538487368101,0.068757964533238319,0.20762392947740249,0.059651942349324076,0.089915497712727555,0.11293704048379155,1,0,0,2
258,2023-03-20 00:00:00,45665,TREND_UP,0.027298589276688465,0.11098868571153207,0.20762392947740249,0.028974850519886724,0.11293704048379155,1.4718434260970847,1.6094379124341003,3.2188758248682006,1.6094379124341003,1,7,14,0.001521353391825031,-0.018368654150011064,0.0041322225087352428,0.001521353391825031,0.018368654150011064,0.0041322225087352428,0.038745512555097748,0.076026128315924715,0.096000936073537629,0,0,0,2
259,2023-03-27 00:00:00,45833,VOL_COMPRESSION,0.016487218959190773,-0.0080238471909240706,0.0041322225087352428,0.020978607145063125,0.096000936073537629,0.39669011815384592,3.912023005428146,1.0986122886681098,3.912023005428146,0,4,20,-0.038139373619907491,0.01116625487419395,0.0037576421317451923,0.038139373619907491,0.01116625487419395,0.0037576421317451923,0.032989658605568822,0.051558675942490709,0.067881230707680332,1,1,0,2
260,2023-04-03 00:00:00,46001,VOL_COMPRESSION,-0.0087296364633068103,-0.0045663459294337256,0.0037576421317451923,0.013160088149958504,0.067881230707680332,0.21756810772350688,4.5217885770490405,1.0986122886681098,4.5217885770490405,0,0,2,-0.012843016764971278,-0.0045083681275751315,0.0095866979996276983,0.012843016764971278,0.0045083681275751315,0.0095866979996276983,0.031328036344370973,0.042074495786394293,0.047577658868970224,1,1,1,2
261,2023-04-10 00:00:00,46169,VOL_COMPRESSION,0.01224051541862951,0.010084530659908287,0.0095866979996276983,0.014843855133191518,0.047577658868970224,1.6325880873286307,5.5606816310155276,1.0986122886681098,5.5606816310155276,0,0,0,0.053298018828500146,0.055262398497951351,0.050443298773580371,0.053298018828500146,0.055262398497951351,0.050443298773580371,0.028481096848349857,0.036760188252815365,0.049846647855004964,1,1,1,2
262,2023-04-17 00:00:00,46337,VOL_COMPRESSION,-0.01445352260943243,-0.029928446307653123,0.050443298773580371,0.018148871601396444,0.049846647855004964,-0.29080070589741047,6.0591231955817966,1.0986122886681098,6.0591231955817966,0,0,0,-0.016516406918459296,-0.03191071892110222,-0.071451623359432628,0.016516406918459296,0.03191071892110222,0.071451623359432628,0.01489138053524116,0.043919985912109043,0.058693529362110697,1,1,1,2
263,2023-04-24 00:00:00,46505,VOL_COMPRESSION,0.0094641036118979088,-0.017009121564982275,-0.071451623359432628,0.013622245650387662,0.058693529362110697,-0.84528692095767977,6.39024066706535,1.0986122886681098,6.39024066706535,0,0,0,-0.012508573586981202,0.049994493242168404,0.05314600065312431,0.012508573586981202,0.049994493242168404,0.05314600065312431,0.022696029452229292,0.089150119975152833,0.097223196057062727,1,0,0,2
264,2023-05-01 00:00:00,46673,VOL_COMPRESSION,0.0057596504353063412,-0.0080845582122944584,0.05314600065312431,0.014641211072759591,0.097223196057062727,0.72167556478232597,4.3040650932041702,1.791759469228055,4.3040650932041702,0,0,6,-0.044280885108140169,-0.0093247668171542071,-0.024717350863154835,0.044280885108140169,0.0093247668171542071,0.024717350863154835,0.036507584253837898,0.047402991989106968,0.05941278602739828,1,1,1,2
265,2023-05-08 00:00:00,46841,VOL_COMPRESSION,-0.013438184346497658,-0.012019517024105314,-0.024717350863154835,0.015165016467815904,0.05941278602739828,-0.42791515116655093,5.4889377261566867,1.791759469228055,5.4889377261566867,0,0,0,-0.036131531872014767,-0.038295411824257553,-0.065026604577037947,0.036131531872014767,0.038295411824257553,0.065026604577037947,0.027283105649686806,0.048781710497584979,0.05787592636875228,1,0,0,2
266,2023-05-15 00:00:00,47009,VOL_COMPRESSION,0.0020808592608612961,-0.0086469275228956179,-0.065026604577037947,0.010271839922090614,0.05787592636875228,-0.83012828663615956,4.5849674786705723,1.0986122886681098,4.5849674786705723,0,0,4,0.01486578426309538,0.020365923647946694,-0.0057846788442333487,0.01486578426309538,0.020365923647946694,0.0057846788442333487,0.019065786285103282,0.030452593589560113,0.044229939078853017,1,1,1,2
267,2023-05-22 00:00:00,47177,VOL_COMPRESSION,-0.022122647124079665,-0.0087370400733680666,-0.0057846788442333487,0.010500391968594407,0.044229939078853017,-1.7868739381133165,5.5834963087816991,1.0986122886681098,5.5834963087816991,0,0,0,0.0065274070771414901,-0.015897716711792485,0.056399994639365437,0.0065274070771414901,0.015897716711792485,0.056399994639365437,0.01267329371211086,0.028303993877950708,0.039419456165969445,1,1,1,2
268,2023-05-29 00:00:00,47345,VOL_COMPRESSION,0.040273262828691939,0.063250152550486147,0.056399994639365437,0.018373431941790478,0.039419456165969445,3.4461238836553889,6.0730445341004051,1.0986122886681098,6.0730445341004051,0,0,0,-0.017197231511770168,-0.04057934031520595,-0.042340458867862266,0.017197231511770168,0.04057934031520595,0.042340458867862266,0.011684477849906309,0.026382741175097091,0.037185300482649924,1,1,1,2
269,2023-06-05 00:00:00,47513,VOL_COMPRESSION,0.00064719999461573547,0.0090136579689277449,-0.042340458867862266,0.0081684539192166481,0.037185300482649924,-0.7494952299888038,6.4002574453088208,1.0986122886681098,6.4002574453088208,0,0,0,-0.05054040068150361,-0.023851296184179513,-0.039868979208662302,0.05054040068150361,0.023851296184179513,0.039868979208662302,0.033431909520337824,0.051617765593496456,0.06657908806952785,1,1,1,3
270,2023-06-12 00:00:00,47681,VOL_COMPRESSION,0.0081726540113403797,-0.01855426982425468,-0.039868979208662302,0.012236731900834078,0.06657908806952785,-0.63701472811510018,6.6463905148477291,1.0986122886681098,6.6463905148477291,0,0,0,-0.0042865379009131722,-0.030348549602692707,0.014564497751534006,0.0042865379009131722,0.030348549602692707,0.014564497751534006,0.011701338926069662,0.043602753089626696,0.054261971695188149,1,1,1,3
271,2023-06-19 00:00:00,47849,VOL_COMPRESSION,-0.0031879466957477026,0.034163790968614327,0.014564497751534006,0.0097897921493111297,0.054261971695188149,0.84950745166814978,6.8437499490062246,1.0986122886681098,6.8437499490062246,0,0,0,0.023164794461431264,0.13406672552027071,0.14312578258137099,0.023164794461431264,0.13406672552027071,0.14312578258137099,0.015281967251274262,0.043737016955783622,0.065256490328707631,1,0,0,3
272,2023-06-26 00:00:00,48017,VOL_COMPRESSION,-0.0038196625747553658,0.013131527900834231,0.14312578258137099,0.01167369555597926,0.065256490328707631,0.7062778646523914,3.970291913552122,1.6094379124341003,3.970291913552122,0,2,4,-0.0018719965657270506,-0.011239684560564511,0.0073914534394124518,0.0018719965657270506,0.011239684560564511,0.0073914534394124518,0.021315910719097091,0.032512249254931402,0.049670763370394423,1,1,0,3
273,2023-07-03 00:00:00,48185,VOL_COMPRESSION,0.0020537577969870825,0.0065549934665216853,0.0073914534394124518,0.0083265109458161499,0.049670763370394423,0.98865086627952814,3.9889840465642745,1.6094379124341003,3.9889840465642745,0,3,3,0.015612143538273792,-0.0071774239889977661,-0.017954020023449799,0.015612143538273792,0.0071774239889977661,0.017954020023449799,0.014735593598541265,0.022323166905376411,0.040570478661104172,1,1,1,3
274,2023-07-10 00:00:00,48353,VOL_COMPRESSION,-0.0080839209481588254,0.0010472834427198026,-0.017954020023449799,0.0060896637310414179,0.040570478661104172,-1.2570709798823643,5.4026773818722793,1.6094379124341003,5.4026773818722793,0,0,0,0.01098564970251119,0.0087291115983387409,0.0045341973679877117,0.01098564970251119,0.0087291115983387409,0.0045341973679877117,0.021987388823066299,0.028264799260731655,0.047646547358768103,1,1,1,3
275,2023-07-17 00:00:00,48521,VOL_COMPRESSION,-0.0026537407843046637,-0.039632110323358623,0.0045341973679877117,0.0073800585619342354,0.047646547358768103,-0.8295252559393238,5.9661467391236922,1.6094379124341003,5.9661467391236922,0,0,0,-0.0020109301605218005,-0.0074906891393477885,-0.0074003741248485555,0.0020109301605218005,0.0074906891393477885,0.0074003741248485555,0.015797882865045538,0.024912977055729084,0.034865894073188755,1,1,1,3
276,2023-07-24 00:00:00,48689,VOL_COMPRESSION,0.0075670216244724808,0.00738739440586598,-0.0074003741248485555,0.012515648273652157,0.034865894073188755,0.23282879883402444,6.3243589623813108,1.6094379124341003,6.3243589623813108,0,0,0,-0.030227910161068568,-0.021980076799650285,-0.018471683688462352,0.030227910161068568,0.021980076799650285,0.018471683688462352,0.023206179644501491,0.027273923013429083,0.032343657039760831,1,1,1,3
277,2023-07-31 00:00:00,48857,VOL_COMPRESSION,0.0036129801737954719,0.0065308334062738537,-0.018471683688462352,0.010976401474769101,0.032343657039760831,0.95945106121404244,6.5875500148247959,1.6094379124341003,6.5875500148247959,0,0,0,-0.006033801156754272,-0.010490967509302465,-0.015258270098492965,0.006033801156754272,0.010490967509302465,0.015258270098492965,0.006519703347493808,0.028373006966085967,0.032284798974090013,1,1,1,3
278,2023-08-07 00:00:00,49025,VOL_COMPRESSION,-0.0010424670134801738,-0.0068419352523470933,-0.015258270098492965,0.0048020230003639509,0.032284798974090013,-0.77470644854100446,6.7957057751735137,1.6094379124341003,6.7957057751735137,0,0,0,0.0073792531932123564,0.020061666900781896,0.007756914142325582,0.0073792531932123564,0.020061666900781896,0.007756914142325582,0.010298066877224206,0.025598599379083702,0.028333647697026919,1,1,1,3
279,2023-08-14 00:00:00,49193,VOL_COMPRESSION,-0.0067029584140210772,-0.0073193869148458039,0.007756914142325582,0.0039281962269817903,0.028333647697026919,-0.75481935667432065,6.9679092018018842,1.6094379124341003,6.9679092018018842,0,0,0,0.0057563493025562977,-0.023843746849520942,-0.11213912384725438,0.0057563493025562977,0.023843746849520942,0.11213912384725438,0.0108705399732613,0.017890862879041573,0.056716459069705807,1,1,0,3
280,2023-08-21 00:00:00,49361,VOL_COMPRESSION,-0.0016831992780685801,-0.022549484757382127,-0.11213912384725438,0.0087406003509272814,0.056716459069705807,-1.0882647139180157,4.1743872698956368,2.4849066497880004,4.1743872698956368,0,1,2,-0.0015446271575768552,0.014054534912444459,-0.0045868605603754638,0.0015446271575768552,0.014054534912444459,0.0045868605603754638,0.011960289227441702,0.029365233080162138,0.036669782100236387,1,1,1,3
281,2023-08-28 00:00:00,49529,VOL_COMPRESSION,0.00090443664611277569,-0.0043676029702858984,-0.0045868605603754638,0.0063100395544883944,0.036669782100236387,-0.43930344247413522,5.4510384535657002,2.4849066497880004,5.4510384535657002,0,0,0,0.0041329862030670232,0.045129620444372485,-0.004383288146102224,0.0041329862030670232,0.045129620444372485,0.004383288146102224,0.01011612981150441,0.063941920324065551,0.073949869300936583,1,0,0,3
282,2023-09-04 00:00:00,49697,VOL_COMPRESSION,0.0013463041547444442,-0.0052750028849226039,-0.004383288146102224,0.0075079735636854597,0.073949869300936583,-0.67887658679333718,4.836281906951478,1.3862943611198906,4.836281906951478,0,0,2,-0.0055933221248158091,-0.0062053431530165069,-0.0070035524707910395,0.0055933221248158091,0.0062053431530165069,0.0070035524707910395,0.0097750437874144988,0.019770747711675918,0.029211397508285428,1,1,1,3
283,2023-09-11 00:00:00,49865,VOL_COMPRESSION,-0.0055671724879887922,-0.02493311682120582,-0.0070035524707910395,0.0079489968672498464,0.029211397508285428,-0.78439060817625494,5.6835797673386814,1.3862943611198906,5.6835797673386814,0,0,0,-0.020730991137514216,0.030738754277416364,0.028562612841317857,0.020730991137514216,0.030738754277416364,0.028562612841317857,0.022289104022288189,0.042063440191677792,0.050276442639110033,1,1,1,3
284,2023-09-18 00:00:00,50033,VOL_COMPRESSION,-0.00023459878898231577,-0.00084558169744707859,0.028562612841317857,0.0061439873400029659,0.050276442639110033,0.59050191807319308,6.1355648910817386,1.3862943611198906,6.1355648910817386,0,0,0,0.0081716410778818627,0.021439159994737087,-0.0082465862855983802,0.0081716410778818627,0.021439159994737087,0.0082465862855983802,0.025514793621262678,0.036859917713784843,0.042554626097501734,1,1,1,3
285,2023-09-25 00:00:00,50201,VOL_COMPRESSION,-0.0121682161312069,-0.01475522461960856,-0.0082465862855983802,0.012169793461440672,0.042554626097501734,-2.0122368708128753,6.4457198193855785,1.3862943611198906,6.4457198193855785,0,0,0,0.00027576886934698835,0.0065771175620648837,0.062603215674157525,0.00027576886934698835,0.0065771175620648837,0.062603215674157525,0.009142563578758818,0.025807851449346386,0.04513366385153935,1,1,1,3
286,2023-10-02 00:00:00,50369,VOL_COMPRESSION,0.034549646057853593,0.031886241964488041,0.062603215674157525,0.02969547103347199,0.04513366385153935,3.0597278102127428,6.6821085974498091,1.3862943611198906,6.6821085974498091,0,0,0,-0.018549193000378297,-0.0047068801376245603,-0.0039396003582335441,0.018549193000378297,0.0047068801376245603,0.0039396003582335441,0.02717606834313686,0.032860434577140843,0.047418983099767206,1,1,1,3
287,2023-10-09 00:00:00,50537,VOL_COMPRESSION,-0.0052809255817719905,0.013752219499880029,-0.0039396003582335441,0.0083411866805198978,0.047418983099767206,0.31445712884503635,6.8731638342125176,1.3862943611198906,6.8731638342125176,0,0,0,-0.010029561617689791,-0.038028662690238045,-0.024661942621973305,0.010029561617689791,0.038028662690238045,0.024661942621973305,0.013697647391396192,0.026506079151559829,0.032792359741506072,1,1,1,3
288,2023-10-16 00:00:00,50705,VOL_COMPRESSION,0.01141918580051852,0.012458094667114891,-0.024661942621973305,0.0085260078455715281,0.032792359741506072,0.19880123787544238,7.0335064842876971,1.3862943611198906,7.0335064842876971,0,0,0,0.040968694783376218,0.044471789987904083,0.1038196071058817,0.040968694783376218,0.044471789987904083,0.1038196071058817,0.031156943511589354,0.039697622646830022,0.05401170870735101,0,0,0,3
289,2023-10-23 00:00:00,50873,VOL_COMPRESSION,0.0047861960668065858,0.050091374208511633,0.1038196071058817,0.016032085819850855,0.05401170870735101,1.5376240706901196,4.9972122737641147,2.1972245773362196,4.9972122737641147,0,0,2,0.10709496431928725,0.14026547158417929,0.13456502735007411,0.10709496431928725,0.14026547158417929,0.13456502735007411,0.059663097899485748,0.077940327562314796,0.084223875035518814,0,0,0,3
290,2023-10-30 00:00:00,51041,VOL_COMPRESSION,0.011229939886950518,0.013060030401630214,0.13456502735007411,0.015277094761609641,0.084223875035518814,0.61602158989982037,4.7621739347977563,3.4339872044851463,4.7621739347977563,0,0,2,0.0016899436456092164,0.027861977311350154,0.017689066725438823,0.0016899436456092164,0.027861977311350154,0.017689066725438823,0.012996114662988865,0.037583158226449559,0.052383188594106442,1,1,1,3
291,2023-11-06 00:00:00,51209,VOL_COMPRESSION,0.0020908738496157025,0.016052415586481395,0.017689066725438823,0.018745354173263794,0.052383188594106442,1.0535102123256204,5.6524891802686508,3.4339872044851463,5.6524891802686508,0,0,0,-0.0040919652676544111,0.022181907019295042,0.056439503404953163,0.0040919652676544111,0.022181907019295042,0.056439503404953163,0.01358987362658279,0.029604489465174327,0.057111172269221744,1,1,0,3
292,2023-11-13 00:00:00,51377,VOL_COMPRESSION,0.0054358970244206264,0.016878129493658068,0.056439503404953163,0.0068548936041639714,0.057111172269221744,0.99832522513399635,4.3040650932041702,2.0794415416798357,4.3040650932041702,0,0,2,-0.023725629793124463,0.017829781918115871,0.0053995414054252948,0.023725629793124463,0.017829781918115871,0.0053995414054252948,0.015778411702758118,0.046254943421090856,0.059085306041781298,1,0,0,3
293,2023-11-20 00:00:00,51545,VOL_COMPRESSION,0.022476868819863608,0.025836599117641711,0.0053995414054252948,0.014193958135198375,0.059085306041781298,1.4766297485815816,4.836281906951478,0.69314718055994529,4.836281906951478,0,0,2,0.0025288008956849658,2.786501970293307e-05,0.00479953364446516,0.0025288008956849658,2.786501970293307e-05,0.00479953364446516,0.017801815798661302,0.043433162269415966,0.051368281061526411,1,0,0,3
294,2023-11-27 00:00:00,51713,VOL_COMPRESSION,-0.0070684817124224012,0.0053816613752221002,0.00479953364446516,0.012654882608077535,0.051368281061526411,0.32793648038779272,4.7874917427820458,1.0986122886681098,4.7874917427820458,0,0,4,-0.0064996962398179113,0.0075402004370465478,0.070027876537249137,0.0064996962398179113,0.0075402004370465478,0.070027876537249137,0.016428316515671493,0.032343503525431916,0.045594828059856388,1,1,1,3
295,2023-12-04 00:00:00,51881,VOL_COMPRESSION,0.017652979814614767,0.065066844207099656,0.070027876537249137,0.016180862554735356,0.045594828059856388,2.3969652867065379,5.6629604801359461,1.0986122886681098,5.6629604801359461,0,0,0,0.041274369463821223,0.085795075415348435,0.081409695732880982,0.041274369463821223,0.085795075415348435,0.081409695732880982,0.029752262637576105,0.042804884234047921,0.052640966523635618,1,0,0,3
296,2023-12-11 00:00:00,52049,VOL_COMPRESSION,-0.0032940915003688244,0.0052166860243069669,0.081409695732880982,0.010589778994805187,0.052640966523635618,0.36993488946298275,4.7874917427820458,1.3862943611198906,4.7874917427820458,0,0,2,-0.045541039650063432,-0.019093393186220158,-0.053989951965186231,0.045541039650063432,0.019093393186220158,0.053989951965186231,0.039647937489297624,0.056158933662016047,0.066680803519499579,0,0,0,3
297,2023-12-18 00:00:00,52217,VOL_COMPRESSION,-0.018448394210154151,-0.036789488980116733,-0.053989951965186231,0.016345095431975539,0.066680803519499579,-1.1691268727028787,4.990432586778736,1.3862943611198906,4.990432586778736,0,0,4,0.032363239948878103,0.052842700146939064,0.038019570078460144,0.032363239948878103,0.052842700146939064,0.038019570078460144,0.029567033589508154,0.048942035662900327,0.059435647674323536,1,1,1,3
298,2023-12-25 00:00:00,52385,VOL_COMPRESSION,-0.018403616245234893,-0.0208546633455103,0.038019570078460144,0.015360311917842441,0.059435647674323536,-0.25005210337557277,5.7525726388256331,1.3862943611198906,5.7525726388256331,0,0,0,0.012078194335847555,0.015099342934917768,-0.01146708276597898,0.012078194335847555,0.015099342934917768,0.01146708276597898,0.014091427641930703,0.032063115583438939,0.048336993318159244,1,1,1,3
299,2024-01-01 00:00:00,52553,VOL_COMPRESSION,0.0024596411760117879,0.0004179645658002317,-0.01146708276597898,0.014248388637871052,0.048336993318159244,-0.43259344427597385,6.1800166536525722,1.3862943611198906,6.1800166536525722,0,0,0,0.060341221049145286,0.010465236722756262,0.027887704507545463,0.060341221049145286,0.010465236722756262,0.027887704507545463,0.029944289179005004,0.063601301652178421,0.076963651522820989,1,0,0,3
300,2024-01-08 00:00:00,52721,VOL_COMPRESSION,-0.011257210939394436,-0.014002410941550551,0.027887704507545463,0.017799035439120477,0.076963651522820989,-0.27482044414301077,4.2046926193909657,1.0986122886681098,4.2046926193909657,0,3,6,0.067604351202712257,0.06726065630360506,-0.032414968561325988,0.067604351202712257,0.06726065630360506,0.032414968561325988,0.041328625227495724,0.07388249791498204,0.10618648925810456,0,0,0,3
301,2024-01-15 00:00:00,52889,VOL_COMPRESSION,-0.0098493734197842384,-0.091149406333905544,-0.032414968561325988,0.023431497836500791,0.10618648925810456,-1.5754594273337146,3.784189633918261,2.7080502011022101,3.784189633918261,0,4,16,0.0071932689156590348,0.0085582161425587049,-0.01512940895353199,0.0071932689156590348,0.0085582161425587049,0.01512940895353199,0.022098841369154531,0.033201687824732443,0.055110118816791696,1,1,0,3
302,2024-01-22 00:00:00,53057,VOL_COMPRESSION,0.00012829241847856881,0.0090992416592041037,-0.01512940895353199,0.0082032879971012992,0.055110118816791696,-0.75959552359216898,3.9318256327243257,1.0986122886681098,3.9318256327243257,0,4,4,-0.044263154116870963,-0.035894542436911432,0.0082033544574508094,0.044263154116870963,0.035894542436911432,0.0082033544574508094,0.029608994160013582,0.047082021618240863,0.061442862974519473,0,0,0,3
303,2024-01-29 00:00:00,53225,VOL_COMPRESSION,-0.00073288789322084114,0.051052282065420507,0.0082033544574508094,0.017405656332633544,0.061442862974519473,1.1742879321532935,4.9698132995760007,1.9459101490553132,4.9698132995760007,0,0,2,0.028258662339035984,0.011321633796374644,0.0086526379797863262,0.028258662339035984,0.011321633796374644,0.0086526379797863262,0.024478958407962593,0.040250753136580934,0.0517070351871107,1,1,1,3
304,2024-02-05 00:00:00,53393,VOL_COMPRESSION,-0.015631688421089578,-0.019226540836860227,0.0086526379797863262,0.012631080224412596,0.0517070351871107,-1.3023703976284793,5.7430031878094825,1.9459101490553132,5.7430031878094825,0,0,0,0.0051419603645549358,0.053744359781371681,0.13834508436103146,0.0051419603645549358,0.053744359781371681,0.13834508436103146,0.020910476470721178,0.031872766818718264,0.052715945832755531,1,1,1,3
305,2024-02-12 00:00:00,53561,VOL_COMPRESSION,0.017845596216835631,0.070507525133544927,0.13834508436103146,0.021260294600487881,0.052715945832755531,1.5866144412378906,6.1737861039019366,1.9459101490553132,6.1737861039019366,0,0,0,0.030701613115580183,0.074462370130136651,0.071087596952316867,0.030701613115580183,0.074462370130136651,0.071087596952316867,0.036693157408297615,0.053631212320319803,0.065572196038119854,1,1,1,3
306,2024-02-19 00:00:00,53729,VOL_COMPRESSION,0.0096537379962517312,0.0044197916778206626,0.071087596952316867,0.01483022822716492,0.065572196038119854,0.90900402728975371,6.4738906963522744,1.9459101490553132,6.4738906963522744,0,0,0,-0.010499432648336643,-0.012787163280391239,-0.0099433611042024708,0.010499432648336643,0.012787163280391239,0.0099433611042024708,0.015267267280246764,0.039186128606028568,0.048620113695882435,1,1,1,3
307,2024-02-26 00:00:00,53897,VOL_COMPRESSION,0.0038117942546763372,0.0049782788511479621,-0.0099433611042024708,0.0093373843949525696,0.048620113695882435,0.28192489144062893,6.7044143549641069,1.9459101490553132,6.7044143549641069,0,0,0,0.055116280174545548,0.17231647607009157,0.20590263664822347,0.055116280174545548,0.17231647607009157,0.20590263664822347,0.033888664452542357,0.073916475572315468,0.088809130054351315,1,0,0,3
308,2024-03-04 00:00:00,54065,VOL_COMPRESSION,0.027271192653655654,0.031641443477790715,0.20590263664822347,0.017618084557706203,0.088809130054351315,1.084701005823222,4.2341065045972597,3.4657359027997265,4.2341065045972597,0,1,6,0.070434300516042214,0.042468351584338704,0.07084094128373529,0.070434300516042214,0.042468351584338704,0.07084094128373529,0.03235000837058772,0.095745055420681846,0.10405373290567493,0,0,0,3
309,2024-03-11 00:00:00,54233,VOL_COMPRESSION,-0.0051482960178281167,0.014425366817866183,0.07084094128373529,0.023184213702077034,0.10405373290567493,0.56299083005833161,3.912023005428146,2.1972245773362196,3.912023005428146,0,2,8,0.055077773667430843,0.06701139768798918,-0.01344581357289404,0.055077773667430843,0.06701139768798918,0.01344581357289404,0.033818594393636048,0.048371709463391886,0.10263514534220669,1,0,0,3
310,2024-03-18 00:00:00,54401,VOL_COMPRESSION,0.031324413082880434,-0.066453734881940799,-0.01344581357289404,0.039717097498124881,0.10263514534220669,-1.2387050518941047,1.9459101490553132,0.69314718055994529,1.9459101490553132,4,6,10,-0.0019888237407260797,0.0061024853127188937,-0.010050600217959116,0.0019888237407260797,0.0061024853127188937,0.010050600217959116,0.026445067034550702,0.079851165170398586,0.099893346842810274,0,0,0,3
311,2024-03-25 00:00:00,54569,VOL_COMPRESSION,0.031163221954854169,0.011966210468260643,-0.010050600217959116,0.024438599523272413,0.099893346842810274,0.76230662480397104,3.8066624897703196,0.69314718055994529,3.8066624897703196,0,4,13,0.048761874765827086,0.044852180231549889,0.066907295693696606,0.048761874765827086,0.044852180231549889,0.066907295693696606,0.034900273613772993,0.049878938510415839,0.059281277796857795,1,0,0,3
312,2024-04-01 00:00:00,54737,VOL_COMPRESSION,0.01836074704009711,0.0059775261234985746,0.066907295693696606,0.010324034482535415,0.059281277796857795,1.2438332611216965,4.6249728132842707,1.0986122886681098,4.6249728132842707,0,0,3,-0.025498410014072811,-0.070822738909373573,-0.026328708351371556,0.025498410014072811,0.070822738909373573,0.026328708351371556,0.030481854991560177,0.056976555117512644,0.071663760409013275,1,0,0,3
313,2024-04-08 00:00:00,54905,VOL_COMPRESSION,0.0041637470691848859,0.010115925100329427,-0.026328708351371556,0.016139017797108249,0.071663760409013275,1.0785258463856922,4.0604430105464191,0.69314718055994529,4.0604430105464191,0,2,6,0.029889860898764373,0.016787749917605017,-0.055687021290562591,0.029889860898764373,0.016787749917605017,0.055687021290562591,0.024707325046665122,0.043381741446804054,0.098791034554164658,1,1,0,3
314,2024-04-15 00:00:00,55073,TREND_DOWN,0.028318349269583411,-0.069673625853279048,-0.055687021290562591,0.037584769623085684,0.098791034554164658,-1.2409388027841484,3.1780538303479458,1.0986122886681098,3.1780538303479458,1,9,9,-0.035574296904915932,-0.063869897084578811,-0.010116346249089829,0.035574296904915932,0.063869897084578811,0.010116346249089829,0.037622193433480139,0.064897082948515164,0.094456311769193418,0,0,0,3
315,2024-04-22 00:00:00,55241,VOL_COMPRESSION,0.0019084253331720655,0.034138372257902228,-0.010116346249089829,0.014581831657280936,0.094456311769193418,0.88079217147510958,3.8712010109078911,0.69314718055994529,3.8712010109078911,0,6,16,0.032570797633890584,-0.005977027974054628,-0.026053216900137729,0.032570797633890584,0.005977027974054628,0.026053216900137729,0.022228792583080022,0.037550285367932569,0.052559857393092574,1,1,1,3
316,2024-04-29 00:00:00,55409,VOL_COMPRESSION,-0.005083741897958456,-0.016600583835404966,-0.026053216900137729,0.013509372397667847,0.052559857393092574,-1.1221315317428264,5.3752784076841653,0.69314718055994529,5.3752784076841653,0,0,0,0.020601701308865329,-0.091784660006245591,0.01549182466530526,0.020601701308865329,0.091784660006245591,0.01549182466530526,0.028291665460450893,0.080664351012905242,0.096648309088841089,1,0,0,3
317,2024-05-06 00:00:00,55577,VOL_COMPRESSION,0.01100729326881557,0.084108261175789928,0.01549182466530526,0.013604520385524177,0.096648309088841089,1.2468379206806064,4.5108595065168497,3.1780538303479458,4.5108595065168497,0,0,4,-0.010843607698985671,-0.045476497590425373,-0.043784833497947845,0.010843607698985671,0.045476497590425373,0.043784833497947845,0.029457264099364663,0.042697904162649951,0.062324384552166878,1,1,0,3
318,2024-05-13 00:00:00,55745,VOL_COMPRESSION,0.0086193038599685131,-0.021842853339813562,-0.043784833497947845,0.010222307866646305,0.062324384552166878,-0.6154366968826317,4.0073331852324712,0.69314718055994529,4.0073331852324712,0,2,2,0.021132866178903965,0.072510892023957038,0.077688341547544254,0.021132866178903965,0.072510892023957038,0.077688341547544254,0.023987455642045141,0.040160588474424608,0.052833182648395538,1,1,1,3
319,2024-05-20 00:00:00,55913,VOL_COMPRESSION,-0.007039324037413106,0.014288605444627515,0.077688341547544254,0.014828339660203031,0.052833182648395538,0.74465903356330521,5.4071717714601188,0.69314718055994529,5.4071717714601188,0,0,0,0.070223995644766668,0.044202081323752723,0.034542258862994724,0.070223995644766668,0.044202081323752723,0.034542258862994724,0.039290598415830977,0.047988543108941989,0.061129954735994883,0,0,0,3
320,2024-05-27 00:00:00,56081,VOL_COMPRESSION,-0.0052789149106551563,0.014124000642501586,0.034542258862994724,0.011620546909558657,0.061129954735994883,-0.13892287261715211,4.3174881135363101,0.69314718055994529,4.3174881135363101,0,0,4,0.0075414614440043751,-0.01858541011683626,-0.014740378116288744,0.0075414614440043751,0.01858541011683626,0.014740378116288744,0.02199296007513301,0.035574942748208487,0.046240680572395443,1,1,1,3
321,2024-06-03 00:00:00,56249,VOL_COMPRESSION,-0.0007630780346897754,-0.0097948223793458827,-0.014740378116288744,0.014062674191606922,0.046240680572395443,-0.54240481117318839,5.4930614433405482,0.69314718055994529,5.4930614433405482,0,0,0,0.017673488155818023,0.046743264885654584,0.025924107297889666,0.017673488155818023,0.046743264885654584,0.025924107297889666,0.026487124573814601,0.036378017854467495,0.045916674526451935,1,1,1,3
322,2024-06-10 00:00:00,56417,VOL_COMPRESSION,0.0040619464009461793,-0.0185429030408823,0.025924107297889666,0.0073017750198373825,0.045916674526451935,-0.48948916546081467,6.0185932144962342,0.69314718055994529,6.0185932144962342,0,0,0,-0.0026092638002022878,-0.018248831176894239,-0.044448841556082308,0.0026092638002022878,0.018248831176894239,0.044448841556082308,0.010452231234398535,0.044219886314171244,0.055199201902247079,1,1,1,3
323,2024-06-17 00:00:00,56585,VOL_COMPRESSION,0.0061204934634083875,-0.0021739514333412816,-0.044448841556082308,0.0095045179017146635,0.055199201902247079,-0.66333629730937405,6.3613024775729956,0.69314718055994529,6.3613024775729956,0,0,0,-0.012042561621255415,-0.022333703176859489,-0.054143166433228494,0.012042561621255415,0.022333703176859489,0.054143166433228494,0.024361535927538636,0.032163990441716174,0.044543829578471188,1,1,1,3
324,2024-06-24 00:00:00,56753,VOL_COMPRESSION,-0.022327156555659731,-0.027676131985338179,-0.054143166433228494,0.011659355398156752,0.044543829578471188,-2.3629510922510533,6.6160651851328174,0.69314718055994529,6.6160651851328174,0,0,0,-0.042953548256839995,-0.033821650398713252,-0.0028633075926283893,0.042953548256839995,0.033821650398713252,0.0028633075926283893,0.036770157850689544,0.046693494985892502,0.058025763230764547,0,0,0,3
325,2024-07-01 00:00:00,56921,VOL_COMPRESSION,0.031147096252626696,0.021819959966175313,-0.0028633075926283893,0.020055638173363567,0.058025763230764547,2.4412881866635163,4.9836066217083363,1.6094379124341003,4.9836066217083363,0,0,2,3.9300623922480914e-05,-0.04048350820733089,-0.13176278083135806,3.9300623922480914e-05,0.04048350820733089,0.13176278083135806,0.019864691866702904,0.035059196369605326,0.081073143422613431,1,1,0,3
326,2024-07-08 00:00:00,57089,VOL_COMPRESSION,-0.050328626390053387,-0.040261123086419881,-0.13176278083135806,0.026968032813934249,0.081073143422613431,-1.5022202985191506,3.9318256327243257,3.044522437723423,3.9318256327243257,0,2,8,0.025725337845847657,0.044806658602786195,0.10584964042716703,0.025725337845847657,0.044806658602786195,0.10584964042716703,0.045049634399015562,0.057229580428489461,0.07613993673878619,0,0,0,3
327,2024-07-15 00:00:00,57257,VOL_COMPRESSION,0.024392922753413319,0.068560556017760774,0.10584964042716703,0.028598377456481795,0.07613993673878619,2.6675290606146493,4.9558270576012609,0.69314718055994529,4.9558270576012609,0,0,10,0.054205648943876555,0.05100305786079181,0.10776440141047458,0.054205648943876555,0.05100305786079181,0.10776440141047458,0.028015171941735164,0.045620951378156062,0.061026926443455171,1,0,0,3
328,2024-07-22 00:00:00,57425,VOL_COMPRESSION,0.016426951445705811,0.07006218772085801,0.10776440141047458,0.022356990167410756,0.061026926443455171,1.9685528181430256,4.8520302639196169,0.69314718055994529,4.8520302639196169,0,0,2,-0.010423566346880908,-0.040603514569768275,0.0075572643508387541,0.010423566346880908,0.040603514569768275,0.0075572643508387541,0.021983963410728346,0.042159318368911639,0.062703299716572958,1,1,1,3
329,2024-07-29 00:00:00,57593,VOL_COMPRESSION,0.011236604323468416,0.034799321179060656,0.0075572643508387541,0.015673624137677797,0.062703299716572958,1.4619507905274833,5.6903594543240601,0.69314718055994529,5.6903594543240601,0,0,0,-0.031500969551588674,-0.061647161552007841,-0.2022291647326778,0.031500969551588674,0.061647161552007841,0.2022291647326778,0.031098415694061157,0.0448644030391466,0.089638706422281875,1,1,0,3
330,2024-08-05 00:00:00,57761,TREND_DOWN,-0.078301662751866757,-0.14416581532140516,-0.2022291647326778,0.051507709653301682,0.089638706422281875,-2.7275444982961097,1.9459101490553132,3.6375861597263857,1.9459101490553132,1,5,5,-0.0016500230140390538,-0.014890929814801295,0.040380562841228193,0.0016500230140390538,0.014890929814801295,0.040380562841228193,0.10158538058814523,0.11133400304660893,0.13086553657191954,0,0,0,3
331,2024-08-12 00:00:00,57929,VOL_COMPRESSION,-0.044308113784608714,-0.046344195664446315,0.040380562841228193,0.026364421804472855,0.13086553657191954,0.16523838893884257,3.8712010109078911,0.69314718055994529,3.8712010109078911,0,5,23,0.022728172270479272,0.0092643053218692002,-0.001635730434669485,0.022728172270479272,0.0092643053218692002,0.001635730434669485,0.054337873799613044,0.070491662764826588,0.088987315509538784,0,0,0,3
332,2024-08-19 00:00:00,58097,VOL_COMPRESSION,-0.02231178999114283,0.01534944888370768,-0.001635730434669485,0.025676484904596997,0.088987315509538784,-0.99819612116292467,4.2484952420493594,0.69314718055994529,4.2484952420493594,0,2,10,0.03617122825546476,0.041429893275872487,0.094261441105092325,0.03617122825546476,0.041429893275872487,0.094261441105092325,0.025054589929885952,0.047079454753569568,0.062313368843987575,1,1,1,3
333,2024-08-26 00:00:00,58265,VOL_COMPRESSION,-0.0013370308846562,0.05430396778255988,0.094261441105092325,0.0074274664561167544,0.062313368843987575,1.3338554939841061,5.472270673671475,0.69314718055994529,5.472270673671475,0,0,0,-0.022160768102888632,-0.079610652252304598,-0.10959366418980744,0.022160768102888632,0.079610652252304598,0.10959366418980744,0.013553732819347386,0.049383069130670004,0.070828062558569341,1,0,0,3
334,2024-09-02 00:00:00,58433,VOL_COMPRESSION,-0.024941935425063889,-0.029553516451285629,-0.10959366418980744,0.025734412878249392,0.070828062558569341,-1.415860499311228,4.5849674786705723,2.0794415416798357,4.5849674786705723,0,0,4,0.030748653959632655,0.0091231731269458532,-0.043036425450212981,0.030748653959632655,0.0091231731269458532,0.043036425450212981,0.020430503794400839,0.04254825488803593,0.070513990653287478,1,1,0,3
335,2024-09-09 00:00:00,58601,VOL_COMPRESSION,0.016741453135394137,-0.019886684104976817,-0.043036425450212981,0.019488952133260105,0.070513990653287478,-0.73076607638108904,3.8712010109078911,2.4849066497880004,3.8712010109078911,0,2,2,0.034568631684536319,0.045749001994483056,0.063508909222447965,0.034568631684536319,0.045749001994483056,0.063508909222447965,0.032173864807090641,0.05164586334822175,0.064338892997885477,1,1,1,3
336,2024-09-16 00:00:00,58769,VOL_COMPRESSION,-0.023339758359073266,0.010823751506971555,0.063508909222447965,0.013842734487180356,0.064338892997885477,0.36112456305451196,5.3752784076841653,2.4849066497880004,5.3752784076841653,0,0,0,-0.01773526696282058,0.05931161832550659,0.080369485652678568,0.01773526696282058,0.05931161832550659,0.080369485652678568,0.025449306957286744,0.051765464475263388,0.061699102465763149,1,1,1,3
337,2024-09-23 00:00:00,58937,VOL_COMPRESSION,0.0051625581941277237,0.012716113813811391,0.080369485652678568,0.02158451630530563,0.061699102465763149,1.0815652670388471,5.9506425525877269,2.4849066497880004,5.9506425525877269,0,0,0,-0.010601160274495348,-0.01013338416620907,0.029477842874714378,0.010601160274495348,0.01013338416620907,0.029477842874714378,0.016463983477433129,0.029996218958388096,0.042220305254442717,1,1,1,3
338,2024-09-30 00:00:00,59105,VOL_COMPRESSION,-0.0032502937903173532,0.0032221248232348837,0.029477842874714378,0.0078737425345718672,0.042220305254442717,0.80690181064057598,6.313548046277095,2.4849066497880004,6.313548046277095,0,0,0,-0.03071330064975317,-0.071125307039433899,-0.027868482303449935,0.03071330064975317,0.071125307039433899,0.027868482303449935,0.022308675662267671,0.046151245377045791,0.06036415985364188,1,0,0,3
339,2024-10-07 00:00:00,59273,VOL_COMPRESSION,0.027941556440710977,0.051145386145190229,-0.027868482303449935,0.018234763501309197,0.06036415985364188,1.3579100546239578,4.8121843553724171,1.0986122886681098,4.8121843553724171,0,0,2,-0.018078898509768959,-0.053190019820064598,-0.018737178621239425,0.018078898509768959,0.053190019820064598,0.018737178621239425,0.030796568604313925,0.041351210200017405,0.053219699789296374,1,1,1,3
340,2024-10-14 00:00:00,59441,VOL_COMPRESSION,-0.010723878443818901,0.038344328370532185,-0.018737178621239425,0.013991952641617837,0.053219699789296374,0.29693064687428328,5.6733232671714928,1.0986122886681098,5.6733232671714928,0,0,0,0.053325135864605563,0.079969328038125065,0.10105867681926262,0.053325135864605563,0.079969328038125065,0.10105867681926262,0.033999594406716349,0.062126046934583685,0.068756961077702794,1,0,0,3
341,2024-10-21 00:00:00,59609,VOL_COMPRESSION,0.013380570741008986,0.028563727589819669,0.10105867681926262,0.0094107179096370782,0.068756961077702794,1.4170033253627947,4.8202815656050371,2.0794415416798357,4.8202815656050371,0,0,2,-0.029705333944537948,-0.026043736949817629,-0.020022605788566454,0.029705333944537948,0.026043736949817629,0.020022605788566454,0.019740467227879741,0.033334425148772613,0.044001906664283622,1,1,1,3
342,2024-10-28 00:00:00,59777,VOL_COMPRESSION,0.012461919417025274,-0.0026903675602712573,-0.020022605788566454,0.0099351033610045117,0.044001906664283622,0.69881385359553172,5.6767538022682817,2.0794415416798357,5.6767538022682817,0,0,0,0.031133383702168626,0.062608544717117146,0.013345672365055449,0.031133383702168626,0.062608544717117146,0.013345672365055449,0.014033802068363046,0.035544755985487793,0.059336128778090379,1,1,0,3
343,2024-11-04 00:00:00,59945,VOL_COMPRESSION,-0.0066937117625599689,-0.019971036578695416,0.013345672365055449,0.021439394788722831,0.059336128778090379,-0.99273459853659451,4.0253516907351496,0.69314718055994529,4.0253516907351496,0,2,2,-0.01019064710480163,0.093445016969513892,0.16057296946705066,0.01019064710480163,0.093445016969513892,0.16057296946705066,0.025008267003781497,0.062049437561538349,0.077703733196890515,1,0,0,3
344,2024-11-11 00:00:00,60113,VOL_COMPRESSION,0.047208038062771934,0.058217060682499752,0.16057296946705066,0.034436721421728919,0.077703733196890515,1.6875631347630557,0.69314718055994529,0.69314718055994529,0.69314718055994529,2,2,4,0.099710702140016219,0.11202826777893098,0.10945949198372185,0.099710702140016219,0.11202826777893098,0.10945949198372185,0.03455788370380921,0.07595089631085826,0.096097017368433846,0,0,0,3
345,2024-11-18 00:00:00,60281,VOL_COMPRESSION,-0.0097737725595926899,0.023197387981771084,0.10945949198372185,0.018314399544975251,0.096097017368433846,0.45325701345589209,3.9512437185814275,1.0986122886681098,3.9512437185814275,0,7,13,0.012343725960879716,0.052498343483969707,0.083797567691898042,0.012343725960879716,0.052498343483969707,0.083797567691898042,0.04299529393437676,0.053537193924451013,0.069915997576429093,0,0,0,3
346,2024-11-25 00:00:00,60449,VOL_COMPRESSION,-0.002040031590823237,-0.0028852336868965883,0.083797567691898042,0.022452936653135965,0.069915997576429093,0.74759878849628647,4.9767337424205742,2.3025850929940459,4.9767337424205742,0,0,2,-0.041869107170302663,-0.012066373674578914,-0.0033040314734171178,0.041869107170302663,0.012066373674578914,0.0033040314734171178,0.035586549929711692,0.055146098948980517,0.064177373162810802,0,0,0,3
347,2024-12-02 00:00:00,60617,VOL_COMPRESSION,0.011539205887069165,0.02082508356888799,-0.0033040314734171178,0.014837688685474927,0.064177373162810802,1.0106940368851725,4.8040210447332568,2.3025850929940459,4.8040210447332568,0,0,4,-0.017512485900592317,0.0098262095692209575,0.022313452232857682,0.017512485900592317,0.0098262095692209575,0.022313452232857682,0.032642849834250073,0.052260729434508171,0.08344642296294999,0,0,0,3
348,2024-12-09 00:00:00,60785,VOL_COMPRESSION,-0.0035339040623687278,0.021192523655447486,0.022313452232857682,0.02288589088719729,0.08344642296294999,0.61289110363100974,4.1896547420264252,2.3025850929940459,4.1896547420264252,0,1,9,-0.018319890575190369,0.011509869761296842,0.05535769189196324,0.018319890575190369,0.011509869761296842,0.05535769189196324,0.035520459587295966,0.05810653254751344,0.072874581877944156,0,0,0,3
349,2024-12-16 00:00:00,60953,VOL_COMPRESSION,0.038272373372404078,0.051342594621040447,0.05535769189196324,0.020246467407047861,0.072874581877944156,2.6001986672390913,4.8121843553724171,1.9459101490553132,4.8121843553724171,0,0,4,0.0048059225076030393,-0.045011576443118026,-0.11103194530662076,0.0048059225076030393,0.045011576443118026,0.11103194530662076,0.025387664302747054,0.050811707578374915,0.086783652611921266,1,0,0,3
350,2024-12-23 00:00:00,61121,VOL_COMPRESSION,-0.030016902421866526,-0.029674804524809639,-0.11103194530662076,0.028886316401857765,0.086783652611921266,-1.5276019602420379,3.912023005428146,3.4339872044851463,3.912023005428146,0,1,6,0.0012134759293822824,0.048159993611290031,-0.0097638625485291994,0.0012134759293822824,0.048159993611290031,0.0097638625485291994,0.034667275729714966,0.050372835104942261,0.064538361439167122,1,1,1,3
351,2024-12-30 00:00:00,61289,VOL_COMPRESSION,-0.016940299356147347,-0.024079608559070258,-0.0097638625485291994,0.01319256519599687,0.064538361439167122,-1.3321882484232719,5.3844950627890888,3.4339872044851463,5.3844950627890888,0,0,0,-0.011867765175492347,0.016253129154335799,0.050191615729353538,0.011867765175492347,0.016253129154335799,0.050191615729353538,0.037465508044300273,0.046794439940539514,0.054692289017637695,0,0,0,3
352,2025-01-06 00:00:00,61457,VOL_COMPRESSION,-5.0915812547952591e-05,0.014908622608531076,0.050191615729353538,0.0089173694999336566,0.054692289017637695,1.1624222873967986,4.990432586778736,0.69314718055994529,4.990432586778736,0,0,2,0.038888396390488064,-0.03200392743196568,-0.030171755059385061,0.038888396390488064,0.03200392743196568,0.030171755059385061,0.023224471304732174,0.043011983679701021,0.066834236849965423,1,1,0,3
353,2025-01-13 00:00:00,61625,VOL_COMPRESSION,0.0091278868006622865,0.026675202406868399,-0.030171755059385061,0.014206853229548733,0.066834236849965423,-0.25335472991100871,3.9512437185814275,1.0986122886681098,3.9512437185814275,0,3,7,-0.0088876982832933708,0.047087648467975772,0.044852139546808049,0.0088876982832933708,0.047087648467975772,0.044852139546808049,0.031049376768520785,0.048918256618080011,0.080499048103127913,0,0,0,3
354,2025-01-20 00:00:00,61793,RANGE,-0.042869284727870854,-0.0047171561052333092,0.044852139546808049,0.041174236964352413,0.080499048103127913,-0.0059520092726922155,0,1.0986122886681098,0,2,2,4,0.014013396083836151,0.035421794442378793,0.020134505007951119,0.014013396083836151,0.035421794442378793,0.020134505007951119,0.076166745610592737,0.085129541551032056,0.098236889668127381,0,0,0,3
355,2025-01-27 00:00:00,61961,VOL_COMPRESSION,-0.028171926031489505,-0.017226631858171252,0.020134505007951119,0.02056709304701463,0.098236889668127381,-1.7466418882957635,4.219507705176107,1.9459101490553132,4.219507705176107,0,1,15,0.0015923928590827268,0.022941073031672338,-0.052491183199377719,0.0015923928590827268,0.022941073031672338,0.052491183199377719,0.040963597674445747,0.049656589658402944,0.069612846999396294,0,0,0,3
356,2025-02-03 00:00:00,62129,TREND_DOWN,-0.048240824809891225,-0.083814864421094273,-0.052491183199377719,0.034878801867441786,0.069612846999396294,-2.6262000901428091,1.0986122886681098,4.9698132995760007,1.0986122886681098,1,1,3,0.047385615364119657,0.0037096983688324871,0.0026276033386290515,0.047385615364119657,0.0037096983688324871,0.0026276033386290515,0.059136544587124591,0.071221418835270278,0.082927288675241531,0,0,0,3
357,2025-02-10 00:00:00,62297,VOL_COMPRESSION,0.0012805392447953656,0.0021750650100967801,0.0026276033386290515,0.020079598992065417,0.082927288675241531,-0.40696888195615505,4.7706846244656651,1.9459101490553132,4.7706846244656651,0,0,5,0.011003198999401807,0.011238952838726777,-0.0041723557106147415,0.011003198999401807,0.011238952838726777,0.0041723557106147415,0.021875708451917542,0.038998836192021671,0.04847018534702946,1,1,1,3
358,2025-02-17 00:00:00,62465,VOL_COMPRESSION,-0.013131799139492532,-0.0045142725942415767,-0.0041723557106147415,0.011478536165010648,0.04847018534702946,-0.85507439362798765,5.6559918108198524,1.9459101490553132,5.6559918108198524,0,0,0,-0.0073751490123654343,0.0055602792648812233,-0.00076953189363419675,0.0073751490123654343,0.0055602792648812233,0.00076953189363419675,0.01752161465752947,0.031740687565126831,0.043441769668822766,1,1,1,3
359,2025-02-24 00:00:00,62633,VOL_COMPRESSION,-0.0043592847054676242,-0.02068728859538049,-0.00076953189363419675,0.0094636877463873132,0.043441769668822766,-0.18015488427450607,6.1180971980413483,1.9459101490553132,6.1180971980413483,0,0,0,-0.046835704363245474,-0.12904713243783159,-0.031379781091547244,0.046835704363245474,0.12904713243783159,0.031379781091547244,0.024790947422103967,0.056708519611413849,0.10688476484851005,1,0,0,3
360,2025-03-03 00:00:00,62801,TREND_UP,0.081526923859977174,0.10277137636731312,-0.031379781091547244,0.064589342068323827,0.10688476484851005,1.3490221895297656,2.1972245773362196,3.6375861597263857,2.1972245773362196,1,4,12,-0.081605667603045287,-0.035281866857312577,-0.13801252965556718,0.081605667603045287,0.035281866857312577,0.13801252965556718,0.070824088694211015,0.094714918313476795,0.12930542171525464,0,0,0,3
361,2025-03-10 00:00:00,62969,TREND_DOWN,-0.061305645438603375,-0.051083646209280867,-0.13801252965556718,0.033061383874417948,0.12930542171525464,-2.1241170657666499,1.0986122886681098,3.713572066704308,1.0986122886681098,1,7,27,-0.045788116830939987,0.026207847800373753,0.021779989233364671,0.045788116830939987,0.026207847800373753,0.021779989233364671,0.050703284784053282,0.074750172750307278,0.086799616058035545,0,0,0,3
362,2025-03-17 00:00:00,63137,VOL_COMPRESSION,-0.014442491250319446,0.019340947295022972,0.021779989233364671,0.025621808493889644,0.086799616058035545,0.31484213373782327,4.6151205168412597,0.69314718055994529,4.6151205168412597,0,0,10,0.0090045951159542104,0.035345688244199154,0.035460520611152666,0.0090045951159542104,0.035345688244199154,0.035460520611152666,0.018501888807179147,0.0400969612014523,0.052497817073153485,1,1,1,3
363,2025-03-24 00:00:00,63305,VOL_COMPRESSION,0.02392824126631355,0.018672994104415527,0.035460520611152666,0.011685372990493617,0.052497817073153485,1.9018484914979503,5.5947113796018391,0.69314718055994529,5.5947113796018391,0,0,0,0.018247163786404993,0.014593827196082819,-0.05273987752236213,0.018247163786404993,0.014593827196082819,0.05273987752236213,0.020438238367565066,0.032096171096837225,0.045852085234395976,1,1,1,3
364,2025-03-31 00:00:00,63473,VOL_COMPRESSION,-0.013897190472926329,-0.067705650527205924,-0.05273987752236213,0.016067695300108507,0.045852085234395976,-1.9911529715149376,6.0799331950955899,0.69314718055994529,6.0799331950955899,0,0,0,0.012307702305838924,0.019240928505177377,-0.041886997015894309,0.012307702305838924,0.019240928505177377,0.041886997015894309,0.024883588056848181,0.049582202469120741,0.074250978360860767,1,0,0,3
365,2025-04-07 00:00:00,63641,TREND_DOWN,-0.064561085633764961,-0.058747219823108064,-0.041886997015894309,0.033352975721572774,0.074250978360860767,-3.3829688468479238,1.0986122886681098,3.912023005428146,1.0986122886681098,1,4,7,0.0092156916666502643,0.050466523899955672,0.074233903411362712,0.0092156916666502643,0.050466523899955672,0.074233903411362712,0.054112040352693402,0.090987752680315365,0.10791202738548294,1,0,0,3
366,2025-04-14 00:00:00,63809,VOL_COMPRESSION,-0.013998694806950674,0.065153411732664188,0.074233903411362712,0.02321871788891575,0.10791202738548294,1.1447674176806124,4.0073331852324712,0.69314718055994529,4.0073331852324712,0,2,15,0.0071180658902758858,-0.0010912585702196054,0.027105712124823943,0.0071180658902758858,0.0010912585702196054,0.027105712124823943,0.028058937164614831,0.042751660745759409,0.050583139506097982,1,1,1,3
367,2025-04-21 00:00:00,63977,VOL_COMPRESSION,0.017074408201941525,0.020883950961316768,0.027105712124823943,0.020425353496592295,0.050583139506097982,3.4973201911865961,5.4071717714601188,0.69314718055994529,5.4071717714601188,0,0,0,0.012430881733254639,0.07552323162648808,0.075978605893404008,0.012430881733254639,0.07552323162648808,0.075978605893404008,0.022208729183917229,0.041548808774820485,0.051463675847858298,1,1,1,3
368,2025-04-28 00:00:00,64145,VOL_COMPRESSION,-0.015378426329104024,-0.0052254130060342772,0.075978605893404008,0.012111813224107114,0.051463675847858298,0.40554972118651239,5.9687075599853658,0.69314718055994529,5.9687075599853658,0,0,0,0.017280118719509557,0.010206358985862751,0.013394461814309734,0.017280118719509557,0.010206358985862751,0.013394461814309734,0.02200872393017974,0.033448522222616975,0.043720789127423811,1,1,1,3
369,2025-05-05 00:00:00,64313,VOL_COMPRESSION,-0.01213777382065442,-0.024482788685288123,0.013394461814309734,0.013736944396723218,0.043720789127423811,-0.74846733657854225,6.3261494731550991,0.69314718055994529,6.3261494731550991,0,0,0,-0.001321485548613384,0.031649570243461295,0.099309454727734295,0.001321485548613384,0.031649570243461295,0.099309454727734295,0.016593662888115639,0.0322000821511189,0.049327932534384979,1,1,1,3
370,2025-05-12 00:00:00,64481,VOL_COMPRESSION,0.001755660757195524,0.017363000000497314,0.099309454727734295,0.015462653936418122,0.049327932534384979,1.2668456291580414,6.5889264775335192,0.69314718055994529,6.5889264775335192,0,0,0,-0.022537332829928702,-0.0074761496963850708,0.0062813947071308426,0.022537332829928702,0.0074761496963850708,0.0062813947071308426,0.024077460085059146,0.031922961929406343,0.050971131420280334,1,1,1,3
371,2025-05-19 00:00:00,64649,VOL_COMPRESSION,0.017843442025487002,0.014196235162374263,0.0062813947071308426,0.026250044323623108,0.050971131420280334,2.1825923046505733,6.7968237182748554,0.69314718055994529,6.7968237182748554,0,0,0,0.0046662122659092906,0.043912886768663145,0.040247489255821764,0.0046662122659092906,0.043912886768663145,0.040247489255821764,0.025289158758097407,0.052346770202985449,0.06706283445966145,1,0,0,3
372,2025-05-26 00:00:00,64817,VOL_COMPRESSION,0.019384752821504172,-0.018479255976635932,0.040247489255821764,0.019563883577271374,0.06706283445966145,0.77628396245408204,4.6051701859880918,1.0986122886681098,4.6051701859880918,0,0,2,-0.0037680877018146366,-0.011806457318933223,-0.038295846929869641,0.0037680877018146366,0.011806457318933223,0.038295846929869641,0.01108171006676693,0.025068927926200409,0.041493450936199508,1,1,1,3
373,2025-06-02 00:00:00,64985,VOL_COMPRESSION,0.0091934369209056739,0.0053433475734712323,-0.038295846929869641,0.011026424415638477,0.041493450936199508,-0.66845427538508451,5.5909869805108565,1.0986122886681098,5.5909869805108565,0,0,0,0.0082334179941206329,-0.0041570743090917645,0.002731210882500567,0.0082334179941206329,0.0041570743090917645,0.002731210882500567,0.015096823518261195,0.026213094867502552,0.043387674507663551,1,1,1,3
374,2025-06-09 00:00:00,65153,VOL_COMPRESSION,0.0020800877432037451,0.036757083991972667,0.002731210882500567,0.0091162922373391377,0.043387674507663551,0.76585612813977666,6.0776422433490342,1.0986122886681098,6.0776422433490342,0,0,0,0.038823116732440523,0.027645468936555194,-0.0029925375606340006,0.038823116732440523,0.027645468936555194,0.0029925375606340006,0.019815692191058366,0.026374787757584416,0.042617053645752814,1,1,1,3
375,2025-06-16 00:00:00,65321,VOL_COMPRESSION,-0.0023472145762284467,0.015182176780340352,-0.0029925375606340006,0.012779066376167107,0.042617053645752814,-0.80410154922651877,6.4035741979348151,1.0986122886681098,6.4035741979348151,0,0,0,0.01716024396007795,-0.0042968254424772508,-0.04350251717965916,0.01716024396007795,0.0042968254424772508,0.04350251717965916,0.017335509005689174,0.028581625592966033,0.053748975885762142,1,1,1,3
376,2025-06-23 00:00:00,65489,VOL_COMPRESSION,-0.019125910639577581,-0.036529344262085151,-0.04350251717965916,0.033268783437167847,0.053748975885762142,-1.7819967488374959,6.6489845500247764,1.0986122886681098,6.6489845500247764,0,0,0,0.041219834609641487,0.061746973271308139,0.074395621308711218,0.041219834609641487,0.061746973271308139,0.074395621308711218,0.030359830266424186,0.037166591660277401,0.042417228555567128,1,1,1,3
377,2025-06-30 00:00:00,65657,VOL_COMPRESSION,0.011497430206709911,0.018680420925610383,0.074395621308711218,0.0097611363926615475,0.042417228555567128,1.2532208521011763,6.8458798752640497,1.0986122886681098,6.8458798752640497,0,0,0,-0.012493151572260166,0.0020361477092985642,0.00078860696857014864,0.012493151572260166,0.0020361477092985642,0.00078860696857014864,0.014227471226577184,0.026033879710813976,0.034474212738433763,1,1,1,3
378,2025-07-07 00:00:00,65825,VOL_COMPRESSION,0.0054413414840991546,-0.0061030365616960534,0.00078860696857014864,0.0096408706909693245,0.034474212738433763,0.68700162494159212,7.0103118673072293,1.0986122886681098,7.0103118673072293,0,0,0,-0.0050056003617331805,0.019179234500614002,0.090239362175996249,0.0050056003617331805,0.019179234500614002,0.090239362175996249,0.0094045231172058905,0.029055721655309626,0.04727358123926409,1,1,1,3
379,2025-07-14 00:00:00,65993,VOL_COMPRESSION,0.014953295450929582,0.029999845210714075,0.090239362175996249,0.0089815767338544857,0.04727358123926409,1.3796624358929199,7.1514854639047352,1.0986122886681098,7.1514854639047352,0,0,0,0.0033819224176691916,-0.0014682408554425128,-0.014367031590873916,0.0033819224176691916,0.0014682408554425128,0.014367031590873916,0.022097463530142893,0.038682215813391922,0.04714192819039615,1,1,1,3
380,2025-07-21 00:00:00,66161,VOL_COMPRESSION,-0.0049203481572712071,-0.020558317297606387,-0.014367031590873916,0.0090134709518621507,0.04714192819039615,-0.96739573130034862,7.2751723194527713,1.0986122886681098,7.2751723194527713,0,0,0,-0.0021468785676577598,0.014205334194353514,0.015525853088809161,0.0021468785676577598,0.014205334194353514,0.015525853088809161,0.01679228869047714,0.032400295056568579,0.044525644866552971,1,1,1,3
381,2025-07-28 00:00:00,66329,VOL_COMPRESSION,0.01062347104084616,0.013108443783061665,0.015525853088809161,0.0084706186373931548,0.044525644866552971,1.1690785531132748,7.3852309230665734,1.0986122886681098,7.3852309230665734,0,0,0,-0.010671353993562284,-0.0071874840269742059,-0.037117972993945036,0.010671353993562284,0.0071874840269742059,0.037117972993945036,0.01050019112413645,0.024810449440477986,0.040530521834083982,1,1,1,3
382,2025-08-04 00:00:00,66497,VOL_COMPRESSION,0.017602605232564024,-0.0044509955533364705,-0.037117972993945036,0.0089377182367982137,0.040530521834083982,-0.6502980963685574,7.4843686432861309,1.0986122886681098,7.4843686432861309,0,0,0,-0.00031872493585680697,0.00010294159309343603,0.036235890571398421,0.00031872493585680697,0.00010294159309343603,0.036235890571398421,0.0097054654643069296,0.023917024842255465,0.035552419407411752,1,1,1,3
383,2025-08-11 00:00:00,66665,VOL_COMPRESSION,0.020177019740703142,0.015630701013651143,0.036235890571398421,0.015481253818019994,0.035552419407411752,2.1085635534530085,7.5745584842024805,1.0986122886681098,7.5745584842024805,0,0,0,-0.0015697900755232491,0.039108947833826749,-0.015063712616525093,0.0015697900755232491,0.039108947833826749,0.015063712616525093,0.02306391516809006,0.033742816520509707,0.044391524629427311,1,1,1,3
384,2025-08-18 00:00:00,66833,VOL_COMPRESSION,0.00026883838250317088,-0.0077552324462479751,-0.015063712616525093,0.0094490825692198684,0.044391524629427311,-1.1251912671458217,7.6572827929781901,1.0986122886681098,7.6572827929781901,0,0,0,-0.006456460744235744,-0.026600253834565251,-0.04126200827280415,0.006456460744235744,0.026600253834565251,0.04126200827280415,0.017826916724070628,0.031456306048203861,0.051800797736023758,1,1,1,3
385,2025-08-25 00:00:00,67001,VOL_COMPRESSION,-0.023706612159405248,0.0002711947744759931,-0.04126200827280415,0.020468003325282237,0.051800797736023758,-1.4407728769539028,7.7336835707759004,1.0986122886681098,7.7336835707759004,0,0,0,-0.031775764645575397,-0.011495297071378424,-0.039938553906423507,0.031775764645575397,0.011495297071378424,0.039938553906423507,0.025705184993794396,0.032669370091237916,0.046668444223983287,1,1,1,3
386,2025-09-01 00:00:00,67169,VOL_COMPRESSION,-0.010831227254283206,-0.036216665056012912,-0.039938553906423507,0.0105447363373188,0.046668444223983287,-1.376778262445447,7.8046592970561024,1.0986122886681098,7.8046592970561024,0,0,0,0.0075117393040822133,0.035296356469260361,0.023785250952196992,0.0075117393040822133,0.035296356469260361,0.023785250952196992,0.02291392219369949,0.037597961801175264,0.051891517760011385,1,1,1,3
387,2025-09-08 00:00:00,67337,VOL_COMPRESSION,0.0039570765400678354,0.00329117934807869,0.023785250952196992,0.0074820808369908563,0.051891517760011385,0.16881686308577842,7.8709295967551425,1.0986122886681098,7.8709295967551425,0,0,0,0.0074521748745576613,0.027471080495317209,0.038062236631703633,0.0074521748745576613,0.027471080495317209,0.038062236631703633,0.011815486430970036,0.024944195374619876,0.03229660089579605,1,1,1,3
388,2025-09-15 00:00:00,67505,VOL_COMPRESSION,-0.0074601911712004251,-0.0066419051642251838,0.038062236631703633,0.0096649854537105596,0.03229660089579605,0.61734164288719873,7.9330797718804149,1.0986122886681098,7.9330797718804149,0,0,0,-0.00018842517827901098,0.010762232936421796,-0.0057721305339230996,0.00018842517827901098,0.010762232936421796,0.0057721305339230996,0.014356473717239403,0.021592412522068821,0.027764437330302275,1,1,1,3
389,2025-09-22 00:00:00,67673,VOL_COMPRESSION,-0.010945964424606831,-0.026023478619212045,-0.0057721305339230996,0.0095980433715744662,0.027764437330302275,-2.0743699506972346,7.9915922820680922,1.0986122886681098,7.9915922820680922,0,0,0,-0.017461239866354904,-0.012062738218611478,-0.019094700267707647,0.017461239866354904,0.012062738218611478,0.019094700267707647,0.015478244843795955,0.023651519110958689,0.03995029978896323,1,1,1,3
390,2025-09-29 00:00:00,67841,VOL_COMPRESSION,0.023715034126439445,0.025044068937874225,-0.019094700267707647,0.012281342661219087,0.03995029978896323,0.62629602471112522,8.046869510959576,1.0986122886681098,8.046869510959576,0,0,0,0.020232090099278108,0.053779972328609538,0.094206060640241812,0.020232090099278108,0.053779972328609538,0.094206060640241812,0.01505237778890897,0.028854406019188563,0.044175586434911887,1,1,1,3
391,2025-10-06 00:00:00,68009,VOL_COMPRESSION,0.009565196955730975,0.025857204338247813,0.094206060640241812,0.023560081659823113,0.044175586434911887,1.2352688855808747,8.0992505617969606,1.0986122886681098,8.0992505617969606,0,0,0,0.012601658848604451,-0.0041632507177659112,-0.067026120135833978,0.012601658848604451,0.0041632507177659112,0.067026120135833978,0.015228531968041588,0.031128278779080778,0.064897358007529632,1,1,0,3
392,2025-10-13 00:00:00,68177,VOL_COMPRESSION,0.04998004897513908,-0.054190243284660176,-0.067026120135833978,0.020725911381598409,0.064897358007529632,-0.79947424941565226,3.6375861597263857,2.7725887222397811,3.6375861597263857,0,2,2,-0.002876666614956325,-0.043457330082326731,-0.065367588662227458,0.002876666614956325,0.043457330082326731,0.065367588662227458,0.019836153650482101,0.03274267580070539,0.057725232444955303,1,1,0,3
393,2025-10-20 00:00:00,68345,VOL_COMPRESSION,0.010764098447394536,-0.0066838182739253366,-0.065367588662227458,0.016722867801243262,0.057725232444955303,-0.67436938185477002,4.0253516907351496,1.0986122886681098,4.0253516907351496,0,2,2,0.021911073189470703,-0.0019854468564572004,,0.021911073189470703,0.0019854468564572004,,0.019221252477291003,0.051598600896899029,,1,0,,3
394,2025-11-03 00:00:00,68676,VOL_COMPRESSION,-0.0016182736026157994,0.0040562636007452305,-0.04478800967854376,0.014293478687155796,0.057802839851480679,-0.75920583219469362,5.6664266881124323,1.0986122886681098,5.6664266881124323,0,0,0,-0.030608793237086658,-0.056946923047235247,-0.032145261812684151,0.030608793237086658,0.056946923047235247,0.032145261812684151,0.02980357300462325,0.052497960453866385,0.067675402768514997,1,0,0,3
395,2025-11-10 00:00:00,68844,VOL_COMPRESSION,0.04338312366233469,0.046781260326318186,-0.032145261812684151,0.022181339597179495,0.067675402768514997,1.3533424823268601,4.7535901911063645,2.4849066497880004,4.7535901911063645,0,0,2,-0.0015378905194415554,-0.042434779188915354,-0.10957094174428922,0.0015378905194415554,0.042434779188915354,0.10957094174428922,0.022598256544564869,0.039086570349750521,0.06761187049138212,1,1,0,3
396,2025-11-17 00:00:00,69012,VOL_COMPRESSION,-0.00062861189527152548,-0.037969604867279988,-0.10957094174428922,0.02301734866119132,0.06761187049138212,-1.1959542577420461,3.8286413964890951,2.6390573296152584,3.8286413964890951,0,6,6,-0.034039476334642917,-0.036802371344767389,-0.093953275444448328,0.034039476334642917,0.036802371344767389,0.093953275444448328,0.029537064274447931,0.05384447357133202,0.091126023984419047,0,0,0,3
397,2025-11-24 00:00:00,69180,VOL_COMPRESSION,0.02082947950882609,-0.0054619432297247847,-0.093953275444448328,0.024134554979199772,0.091126023984419047,-0.58911613060831081,3.784189633918261,3.1354942159291497,3.784189633918261,0,3,8,0.015763902095468563,0.042532692507547307,0.0034482719338826107,0.015763902095468563,0.042532692507547307,0.0034482719338826107,0.028104016669576484,0.045434590827492544,0.067607276479130923,1,1,1,3
398,2025-12-01 00:00:00,69348,VOL_COMPRESSION,-0.043989702598482332,-0.047036489829677869,0.0034482719338826107,0.040438730402259357,0.067607276479130923,-1.356389402802985,5.3565862746720123,3.1354942159291497,5.3565862746720123,0,0,0,-0.0056250855749124268,0.067483945056795988,0.037879203987351971,0.0056250855749124268,0.067483945056795988,0.037879203987351971,0.02741776603218854,0.047768876150087,0.066239460440337794,1,1,0,3
399,2025-12-08 00:00:00,69516,VOL_COMPRESSION,0.010547925447340293,-0.021428591365143912,0.037879203987351971,0.02948960384095381,0.066239460440337794,0.10044584105086904,3.970291913552122,1.6094379124341003,3.970291913552122,0,2,2,0.00045783706535987431,0.011544225962676373,-0.021089273157100529,0.00045783706535987431,0.011544225962676373,0.021089273157100529,0.020292268787895171,0.042648783504885233,0.059027961335486281,1,1,1,3
400,2025-12-15 00:00:00,69684,VOL_COMPRESSION,-0.021102442496377875,-0.034558021707663658,-0.021089273157100529,0.010360008043952148,0.059027961335486281,-1.9842920328415732,5.3981627015177525,1.6094379124341003,5.3981627015177525,0,0,0,-0.030043385774623635,-0.026040184055362049,0.0014104750650847742,0.030043385774623635,0.026040184055362049,0.0014104750650847742,0.026929373758746544,0.053416633646427299,0.070400069759966419,1,0,0,3
401,2025-12-22 00:00:00,69852,VOL_COMPRESSION,0.0027351139916111343,0.034880780866829698,0.0014104750650847742,0.015430135750887638,0.070400069759966419,0.96515149815735324,4.3040650932041702,1.6094379124341003,4.3040650932041702,0,0,7,0.0013512311453974279,-0.012470321648938406,-0.0042749258430822817,0.0013512311453974279,0.012470321648938406,0.0042749258430822817,0.017738761131812688,0.029450079914097836,0.044439441437239303,1,1,1,3
402,2025-12-29 00:00:00,70020,VOL_COMPRESSION,0.0050260955410844511,0.01311123294710741,-0.0042749258430822817,0.0061712083861067421,0.044439441437239303,0.52955394961566149,5.4889377261566867,1.6094379124341003,5.4889377261566867,0,0,0,-0.012354337838522307,,,0.012354337838522307,,,0.02296340656864209,,,1,,,3
