state_run_id,state_run_ordinal,regime_label,start_bar_index,end_bar_index,start_timestamp,end_timestamp,duration_bars,entered_from_regime_label,exited_to_regime_label
f1b5d79ef99677fc7f89d1d41d000aeee7b9cb200b2f4231684cdd2ee48c2cf3,0,UNKNOWN,0,59,2018-01-01T00:00:00,2018-01-03T11:00:00,60,,TREND_UP
d34af758506444e91743e6e4f600fcad8bde151a5bb5eb4db50fb66029438b06,1,TREND_UP,60,82,2018-01-03T12:00:00,2018-01-04T10:00:00,23,UNKNOWN,RANGE
03e5cf3eaf2b7e12a4f5bd9605d37a181ff8baf46fe9d537b9e3fc84601faba9,2,RANGE,83,88,2018-01-04T11:00:00,2018-01-04T16:00:00,6,TREND_UP,TREND_UP
d18dede030902f448179aeb2ab3f98d70e7093e8b842dd34078afa412175e375,3,TREND_UP,89,96,2018-01-04T17:00:00,2018-01-05T00:00:00,8,RANGE,VOL_COMPRESSION
74e64e254551f4eaa5278b5cb1ab221e8e25b3865e166f790d5f7698272299ee,4,VOL_COMPRESSION,97,103,2018-01-05T01:00:00,2018-01-05T07:00:00,7,TREND_UP,TREND_UP
94f9acc8d81038d5fc64f923996c8964f2db2c08c71dab052a83f39f9b02812a,5,TREND_UP,104,144,2018-01-05T08:00:00,2018-01-07T00:00:00,41,VOL_COMPRESSION,VOL_COMPRESSION
b2c5b88641b570513adb9857351b6fb3c7145f77eaf2a8340a3731d1d00355dd,6,VOL_COMPRESSION,145,148,2018-01-07T01:00:00,2018-01-07T04:00:00,4,TREND_UP,TREND_UP
3b4ddd74d692b892c279aad1675b96cefb0a2acc6b858a511984a35764bf3481,7,TREND_UP,149,153,2018-01-07T05:00:00,2018-01-07T09:00:00,5,VOL_COMPRESSION,VOL_COMPRESSION
adf22c538abf1889952db52f2630251372d807bbef143f71b6ce963fe7c7187d,8,VOL_COMPRESSION,154,159,2018-01-07T10:00:00,2018-01-07T15:00:00,6,TREND_UP,TREND_UP
24037181800614ebdf6af9131ae3bec95f84feb7f82e7d08c6df0475c463b6a1,9,TREND_UP,160,160,2018-01-07T16:00:00,2018-01-07T16:00:00,1,VOL_COMPRESSION,RANGE
97f22d586a8a9501b9d8f3aaac6a556345d7203a5fb1cc3117b1037efb108049,10,RANGE,161,169,2018-01-07T17:00:00,2018-01-08T01:00:00,9,TREND_UP,TREND_DOWN
a4d180e907c28c16b5b24139c4c1834edf4f863d4c73fb09475badf5f00a15d4,11,TREND_DOWN,170,181,2018-01-08T02:00:00,2018-01-08T13:00:00,12,RANGE,VOL_EXPANSION
64bbf933aec06f9f64b3995fda8faca1d817ae382343d5bdcaea1431d878a338,12,VOL_EXPANSION,182,186,2018-01-08T14:00:00,2018-01-08T18:00:00,5,TREND_DOWN,TREND_DOWN
1aec3ba5f616d70761de383d2d6289cf21f5ca73b06f9547f8730ce90e8639b1,13,TREND_DOWN,187,242,2018-01-08T19:00:00,2018-01-11T02:00:00,56,VOL_EXPANSION,VOL_EXPANSION
7287c0b98985e5f485c17986f23b456d04499947b44a570fc5eb6802df78cbc5,14,VOL_EXPANSION,243,248,2018-01-11T03:00:00,2018-01-11T08:00:00,6,TREND_DOWN,TREND_DOWN
b3e730118b33ca858ddc972fea9b3084f7a069dd47b0271e7acd766a61cae3da,15,TREND_DOWN,249,261,2018-01-11T09:00:00,2018-01-11T21:00:00,13,VOL_EXPANSION,VOL_EXPANSION
37511c939c6e19f338514dee9a7f1a66c4a66b9ea884bc63b01440db46b3a8ca,16,VOL_EXPANSION,262,263,2018-01-11T22:00:00,2018-01-11T23:00:00,2,TREND_DOWN,TREND_DOWN
5565993a0bb7c62e549c5afe085529c2c215fafe21bb07405dfee9b0072b4d4e,17,TREND_DOWN,264,277,2018-01-12T00:00:00,2018-01-12T13:00:00,14,VOL_EXPANSION,RANGE
2fd95664c54e3c3fdc9caa0303b2bfebc353591db3c33499beda16ec4b006c8b,18,RANGE,278,278,2018-01-12T14:00:00,2018-01-12T14:00:00,1,TREND_DOWN,TREND_DOWN
3cfd497c135b4e7c3991888bbf8df11ced2f5d12d5897c0d40965c4531f7aa6e,19,TREND_DOWN,279,288,2018-01-12T15:00:00,2018-01-13T00:00:00,10,RANGE,RANGE
18d300f56cc9789b2e5fa276182e938c8905ec293196e6259e4c5d04d349421f,20,RANGE,289,292,2018-01-13T01:00:00,2018-01-13T04:00:00,4,TREND_DOWN,TREND_UP
8395fec285d633819b91921baa4bd1766e148b560f2ad57905beb8b8c5d02b65,21,TREND_UP,293,297,2018-01-13T05:00:00,2018-01-13T09:00:00,5,RANGE,VOL_COMPRESSION
64f9b23ef26caaf027512417c28578b5d9a5b985257caa966a33f636a23540b3,22,VOL_COMPRESSION,298,315,2018-01-13T10:00:00,2018-01-14T03:00:00,18,TREND_UP,TREND_UP
7e7f5f7229d1491605ab1e27dc4bbbadf6c2e047accf150f179e92521e5f6bc3,23,TREND_UP,316,316,2018-01-14T04:00:00,2018-01-14T04:00:00,1,VOL_COMPRESSION,RANGE
4b386d5c4ad945853a00f97ed780f8d22eb2ba6899d2b715a6911e134d72971f,24,RANGE,317,319,2018-01-14T05:00:00,2018-01-14T07:00:00,3,TREND_UP,TREND_DOWN
bf959b3a634b9a1757773bdf40ab31588599c5e2a31d48eeeda472c30accc5b7,25,TREND_DOWN,320,342,2018-01-14T08:00:00,2018-01-15T06:00:00,23,RANGE,VOL_COMPRESSION
4dd6de7aee79e56e1792208225d6db02bf167d044d0ffb8e00c427506507b82d,26,VOL_COMPRESSION,343,347,2018-01-15T07:00:00,2018-01-15T11:00:00,5,TREND_DOWN,RANGE
d0c52a403d68faaf1e61978dbd5bff349d05be441f1d7280ae253728c0639300,27,RANGE,348,351,2018-01-15T12:00:00,2018-01-15T15:00:00,4,VOL_COMPRESSION,TREND_UP
dbf4014a590e34e5c6bf3e37984bd17ef71b504afdd704e1e969fe9d21adccf4,28,TREND_UP,352,358,2018-01-15T16:00:00,2018-01-15T22:00:00,7,RANGE,TREND_DOWN
706a7f166298241ac2fe05a43b0da418b478647a390875ffea9a0290fec2c146,29,TREND_DOWN,359,362,2018-01-15T23:00:00,2018-01-16T02:00:00,4,TREND_UP,VOL_EXPANSION
e59ac9a1ef059dc082e4d0bf46996154aac37d83a0cdc0747a91d90e10a871ad,30,VOL_EXPANSION,363,363,2018-01-16T03:00:00,2018-01-16T03:00:00,1,TREND_DOWN,TREND_DOWN
e2212b70978207b9768dbc310d2a4048e3c1f556db2e6eed8922d2f4e2736cbe,31,TREND_DOWN,364,367,2018-01-16T04:00:00,2018-01-16T07:00:00,4,VOL_EXPANSION,VOL_EXPANSION
868dd9e9ddeb80a9532218352b4c1bf0eec7178bea429d136b5029a52b8d763f,32,VOL_EXPANSION,368,368,2018-01-16T08:00:00,2018-01-16T08:00:00,1,TREND_DOWN,HIGH_VOL
548e7d46a879226c5d074fbfb84d914f30653714591bd3efaca0f6af6d149130,33,HIGH_VOL,369,417,2018-01-16T09:00:00,2018-01-18T09:00:00,49,VOL_EXPANSION,TREND_DOWN
db5c57b5b147db5e0ab86961e3bbd5869256cb8363ea1c20ef06c2d9a9f80b38,34,TREND_DOWN,418,420,2018-01-18T10:00:00,2018-01-18T12:00:00,3,HIGH_VOL,RANGE
1258d992cdc3b0d1c4a4e415098eaac4a37b9d8a26c42a3cae04a489f9786640,35,RANGE,421,431,2018-01-18T13:00:00,2018-01-18T23:00:00,11,TREND_DOWN,TREND_DOWN
59c40884e4bddbc144d1cada1b1269fb4f6fbfd6d13bec5efc371128a90ad4a8,36,TREND_DOWN,432,439,2018-01-19T00:00:00,2018-01-19T07:00:00,8,RANGE,RANGE
33c815139019ea1eda4c96e4dff37104e041efe006f2491eaeb01170887b1cb0,37,RANGE,440,442,2018-01-19T08:00:00,2018-01-19T10:00:00,3,TREND_DOWN,TREND_UP
1c0af150ea11871a137f5c0910e6e8ffbb173283de44a0b59115fb09b1f1d907,38,TREND_UP,443,449,2018-01-19T11:00:00,2018-01-19T17:00:00,7,RANGE,TREND_DOWN
3f21a3b416224164461f204780cd88afe1d1696348b154d29ab96e5afaae8d0f,39,TREND_DOWN,450,457,2018-01-19T18:00:00,2018-01-20T01:00:00,8,TREND_UP,RANGE
38c3137c3666071193e41c5afc92ad7bb087aad89c084ee29f181dd0def599c0,40,RANGE,458,458,2018-01-20T02:00:00,2018-01-20T02:00:00,1,TREND_DOWN,TREND_UP
ca093e92638a79bf3ad8d779e549d688fc479bf228f2d75087643673cb5254d2,41,TREND_UP,459,487,2018-01-20T03:00:00,2018-01-21T07:00:00,29,RANGE,RANGE
62fc471b518be0bc322872f43889409a593e0579524d697222267c176b5fd877,42,RANGE,488,495,2018-01-21T08:00:00,2018-01-21T15:00:00,8,TREND_UP,TREND_DOWN
76e60eab4eb6910c6184af862e7ece71c5b5557887a3c56a4fd820b50030504e,43,TREND_DOWN,496,516,2018-01-21T16:00:00,2018-01-22T12:00:00,21,RANGE,VOL_EXPANSION
bbdc1c44cac61ee6bff80e61d1e2c9c5f7d58222b709fdd0a265cd303edca45e,44,VOL_EXPANSION,517,521,2018-01-22T13:00:00,2018-01-22T17:00:00,5,TREND_DOWN,TREND_DOWN
4dd9d5d4354fa6d089600e0ff6a5629d15ab9a5e280649f132f81162d7866882,45,TREND_DOWN,522,535,2018-01-22T18:00:00,2018-01-23T07:00:00,14,VOL_EXPANSION,VOL_EXPANSION
4d22d6949b08fd13cc43e23085113aaf1216219cb80306d10a30fdd8832e97cd,46,VOL_EXPANSION,536,536,2018-01-23T08:00:00,2018-01-23T08:00:00,1,TREND_DOWN,TREND_DOWN
b839c5a510689788b38108d1f3aeddd40f270e7b20f26d6896af18cc2ad2d8fa,47,TREND_DOWN,537,538,2018-01-23T09:00:00,2018-01-23T10:00:00,2,VOL_EXPANSION,VOL_EXPANSION
43f6058fd5e2d4cbf5b20a85f32976ee8ee1473e633f68f98c906ca76ac3607a,48,VOL_EXPANSION,539,540,2018-01-23T11:00:00,2018-01-23T12:00:00,2,TREND_DOWN,TREND_DOWN
95825b6d6c7644fd54cbee49d96173f91576d9961502d5f6f7ece91cde754bb5,49,TREND_DOWN,541,546,2018-01-23T13:00:00,2018-01-23T18:00:00,6,VOL_EXPANSION,RANGE
e2b06e77cea60e43aa8bb0ffb0884a4571b8599cdcf9cc37786e8d06458e5829,50,RANGE,547,550,2018-01-23T19:00:00,2018-01-23T22:00:00,4,TREND_DOWN,TREND_DOWN
098c80d8c5a90d7660d8636b0aa46fa60dc99de24e228c2157db408193d83eab,51,TREND_DOWN,551,561,2018-01-23T23:00:00,2018-01-24T09:00:00,11,RANGE,RANGE
61255e97987518162e691555b21fd45de4fe687e18676964e3b56923cfd2a2a2,52,RANGE,562,570,2018-01-24T10:00:00,2018-01-24T18:00:00,9,TREND_DOWN,TREND_UP
7c27bd3d579d53565e912ff66ea69fae51b538bb80fcac11b6f39e6d3adf3031,53,TREND_UP,571,590,2018-01-24T19:00:00,2018-01-25T14:00:00,20,RANGE,RANGE
b5dc59958295d2e06ddc67d912ae7d4db50bbc4fc17663917e5cd3cbe3bbce6d,54,RANGE,591,596,2018-01-25T15:00:00,2018-01-25T20:00:00,6,TREND_UP,TREND_UP
8bc915537133695a216cc9009a100ddbe4a95b9a3c13eb8d9230c2f60cdd075f,55,TREND_UP,597,607,2018-01-25T21:00:00,2018-01-26T07:00:00,11,RANGE,RANGE
e607fcada59e96f350b90d57d205d0b4ca1ebb0ab6ed48a38dbfcbd5b47c437a,56,RANGE,608,608,2018-01-26T08:00:00,2018-01-26T08:00:00,1,TREND_UP,TREND_DOWN
56368b4d12bf53444775b65d874ac1b196cbe841b0a6972c6deefb89675bf49c,57,TREND_DOWN,609,628,2018-01-26T09:00:00,2018-01-27T04:00:00,20,RANGE,RANGE
776acd5c45bfa26446036f511946940b72ad132755f366c7fae545c80ad281bb,58,RANGE,629,633,2018-01-27T05:00:00,2018-01-27T09:00:00,5,TREND_DOWN,TREND_UP
ad3d20a2b690531ccf73dd4cc55e6c7aa87d3406ff47d975be7ac1f74693961e,59,TREND_UP,634,634,2018-01-27T10:00:00,2018-01-27T10:00:00,1,RANGE,RANGE
047c93213f6c15c24b36442561946dc36a29aa2f3482cae7af5276fd56dcdb11,60,RANGE,635,636,2018-01-27T11:00:00,2018-01-27T12:00:00,2,TREND_UP,TREND_DOWN
f0fffa6a85c45c4ca60fc755b8c8bc16c5c5c0f4aff681959e7d0742c6f692e0,61,TREND_DOWN,637,638,2018-01-27T13:00:00,2018-01-27T14:00:00,2,RANGE,TREND_UP
b288b6dbe5e2ffe25af81e08d2470775f87d759842a3df2799949d64a6710834,62,TREND_UP,639,648,2018-01-27T15:00:00,2018-01-28T00:00:00,10,TREND_DOWN,VOL_COMPRESSION
01874433072f8ee30aff4a878eaf409d528aeba7f7745a0dcac9db5f6bfddbcd,63,VOL_COMPRESSION,649,654,2018-01-28T01:00:00,2018-01-28T06:00:00,6,TREND_UP,TREND_UP
386d4467d75d242451fdd30124aa752abec6401ff2f93f86bb99a79b6cfc8a46,64,TREND_UP,655,655,2018-01-28T07:00:00,2018-01-28T07:00:00,1,VOL_COMPRESSION,VOL_COMPRESSION
536ccbc4a6dc7cfebe4eb4c913c745c405e39920aa5611562127b28d245f8367,65,VOL_COMPRESSION,656,657,2018-01-28T08:00:00,2018-01-28T09:00:00,2,TREND_UP,TREND_UP
9753f41421833f7abb31015e28fde666edab090ae0c5892319795a090b0a37bd,66,TREND_UP,658,663,2018-01-28T10:00:00,2018-01-28T15:00:00,6,VOL_COMPRESSION,VOL_COMPRESSION
eae314ac387711517926d6dcbaa9a1ab649fd92c6968b66f9bf27940e1c221c8,67,VOL_COMPRESSION,664,708,2018-01-28T16:00:00,2018-01-30T12:00:00,45,TREND_UP,TREND_DOWN
cec3f1e0424aae4b6d95594a4d35b8591cf77e2c19ce8e62163b10ddc58ff099,68,TREND_DOWN,709,714,2018-01-30T13:00:00,2018-01-30T18:00:00,6,VOL_COMPRESSION,VOL_EXPANSION
569128ceadfb0f5aafa22fd085063523fcdf66a63e7f93e4b8f843720b8b8f58,69,VOL_EXPANSION,715,717,2018-01-30T19:00:00,2018-01-30T21:00:00,3,TREND_DOWN,TREND_DOWN
516cdcb214681ebec5a2bd8f92bebee5d810eb165be97d280436a24c076308cf,70,TREND_DOWN,718,722,2018-01-30T22:00:00,2018-01-31T02:00:00,5,VOL_EXPANSION,VOL_EXPANSION
30926105282204cf515807ca261d61680de80a638391868f9b56a0feba04167a,71,VOL_EXPANSION,723,723,2018-01-31T03:00:00,2018-01-31T03:00:00,1,TREND_DOWN,TREND_DOWN
e51987b66dd878b29631e26d3a965195679b19d90d926a5bf1d5151193f2ff5f,72,TREND_DOWN,724,745,2018-01-31T04:00:00,2018-02-01T01:00:00,22,VOL_EXPANSION,VOL_COMPRESSION
cd2ac2d7e854e5cda28dc32a5c3b8997fa713550dd8aa3519cb6f8b56558869f,73,VOL_COMPRESSION,746,746,2018-02-01T02:00:00,2018-02-01T02:00:00,1,TREND_DOWN,TREND_DOWN
d24f9d4065981353cc52ae34afa795abbc17a308b5b076603bcc3ba9090906f6,74,TREND_DOWN,747,756,2018-02-01T03:00:00,2018-02-01T15:00:00,10,VOL_COMPRESSION,VOL_EXPANSION
ce6d76e45a6c13e86afe014c5936ef481f91ba512071f4589a25734700c15e11,75,VOL_EXPANSION,757,758,2018-02-01T16:00:00,2018-02-01T17:00:00,2,TREND_DOWN,TREND_DOWN
24d6ec32b25f4f71f1f332de5b9d4db8e92c9771c98f12ff917784011e5e14d2,76,TREND_DOWN,759,760,2018-02-01T18:00:00,2018-02-01T19:00:00,2,VOL_EXPANSION,VOL_EXPANSION
8133dc456e4a09bfa8f5af52e1acc913b97f323f371c17d9237c140bf0f8e4fe,77,VOL_EXPANSION,761,765,2018-02-01T20:00:00,2018-02-02T00:00:00,5,TREND_DOWN,TREND_DOWN
c42977afa43dd14fcebe7a005080d1ee7aafd9261d5c9e3f62050a3f12da7cca,78,TREND_DOWN,766,776,2018-02-02T01:00:00,2018-02-02T11:00:00,11,VOL_EXPANSION,VOL_EXPANSION
516c0be160d6ebbbd0a961a0b3e91bc5de40c2779ca504e2d52d22b89134217b,79,VOL_EXPANSION,777,777,2018-02-02T12:00:00,2018-02-02T12:00:00,1,TREND_DOWN,HIGH_VOL
0f99a2d29432ee149462e17f765ad041b593dddc51ee4c25bbf7a3b2a66340e5,80,HIGH_VOL,778,785,2018-02-02T13:00:00,2018-02-02T20:00:00,8,VOL_EXPANSION,TREND_DOWN
0085415b41266a7947163d9ecff60a4c284c9b233dfa70fdcf3e47de0c765183,81,TREND_DOWN,786,801,2018-02-02T21:00:00,2018-02-03T12:00:00,16,HIGH_VOL,RANGE
f04c3141ec08f4a67ef30d9a1c11017f7f56484f817449786b45913a6f1fde96,82,RANGE,802,808,2018-02-03T13:00:00,2018-02-03T19:00:00,7,TREND_DOWN,TREND_UP
e24a6393d37e14f05ae697ee44f4785b0a8cadb26e93d5a40e20ca1e4eb0ca51,83,TREND_UP,809,822,2018-02-03T20:00:00,2018-02-04T09:00:00,14,RANGE,RANGE
5fd69c0639a4bf89e28862c7c2a891be06021cebbc817db97dd556cdd223958b,84,RANGE,823,823,2018-02-04T10:00:00,2018-02-04T10:00:00,1,TREND_UP,TREND_DOWN
2ad3c6221fcea8dde25b45b65b343147173a3bdf690d2169a3798a901a1f3946,85,TREND_DOWN,824,827,2018-02-04T11:00:00,2018-02-04T14:00:00,4,RANGE,VOL_EXPANSION
73d44a6bab6b6fd726acfc4517c7e9b62f087089a428450249f457902c9d56aa,86,VOL_EXPANSION,828,829,2018-02-04T15:00:00,2018-02-04T16:00:00,2,TREND_DOWN,TREND_DOWN
ed1900f70bde5e833e91333e7d6cf4c036e3df2168d377ed529bc45158eeda7c,87,TREND_DOWN,830,830,2018-02-04T17:00:00,2018-02-04T17:00:00,1,VOL_EXPANSION,VOL_EXPANSION
7ca43e188fbfd82ab455a17b3587499141084f9eac04e2640413c06812daf14c,88,VOL_EXPANSION,831,832,2018-02-04T18:00:00,2018-02-04T19:00:00,2,TREND_DOWN,TREND_DOWN
64140b695677d7abc7c525dcde3bbf396fea608386d3be5f345b5dbcf7206686,89,TREND_DOWN,833,834,2018-02-04T20:00:00,2018-02-04T21:00:00,2,VOL_EXPANSION,VOL_EXPANSION
1100e4ea09682e24e312f5d8623f1bf45ddcf068e457546c140803df159fdcdd,90,VOL_EXPANSION,835,836,2018-02-04T22:00:00,2018-02-04T23:00:00,2,TREND_DOWN,TREND_DOWN
9bb354c395c33dd9272618bb2dba7242d3d396dff929ba9f47e74b3dc49a8689,91,TREND_DOWN,837,851,2018-02-05T00:00:00,2018-02-05T14:00:00,15,VOL_EXPANSION,VOL_EXPANSION
283e89c34add9daa168fe2221956ec22f9007493aeb558b5d338e73a95019973,92,VOL_EXPANSION,852,854,2018-02-05T15:00:00,2018-02-05T17:00:00,3,TREND_DOWN,HIGH_VOL
c7eadec6ae95003d255d60104f6af627a91ac0d81db8ca483a00a7e0dbdcb5f1,93,HIGH_VOL,855,893,2018-02-05T18:00:00,2018-02-07T08:00:00,39,VOL_EXPANSION,RANGE
7a08057709cf7093a98e059541e8cb17317c2ac9a750a436ae48a59f2e4c4e7f,94,RANGE,894,894,2018-02-07T09:00:00,2018-02-07T09:00:00,1,HIGH_VOL,TREND_UP
b376fb1fb5d9c8c50a6445d3f81d6ff5ea3458a4387c6622067bc0345776e802,95,TREND_UP,895,933,2018-02-07T10:00:00,2018-02-09T00:00:00,39,RANGE,VOL_EXPANSION
5f0e5109cbded8b5aad171919a1bf5daf6ac185ec656fa353c9d27b11d5f4f5f,96,VOL_EXPANSION,934,935,2018-02-09T01:00:00,2018-02-09T02:00:00,2,TREND_UP,TREND_UP
0cd40975ca7394eb7c7125bc2850c28a0746f7a17152431477bd7fab069ae71e,97,TREND_UP,936,936,2018-02-09T03:00:00,2018-02-09T03:00:00,1,VOL_EXPANSION,VOL_EXPANSION
7d6fb063ba56cd3a4b22f80de2d7a735041b1c891762caad7748b6f5cf1082f4,98,VOL_EXPANSION,937,937,2018-02-09T04:00:00,2018-02-09T04:00:00,1,TREND_UP,RANGE
e8172418637258e36ccc227fefae6314aee0c3d7d528f0c425ad786dfe4c23dc,99,RANGE,938,941,2018-02-09T05:00:00,2018-02-09T08:00:00,4,VOL_EXPANSION,TREND_UP
990d2d05be36abbdc60bfd561de1cd4255887147335f41654a12d5dcc6bd3262,100,TREND_UP,942,974,2018-02-09T09:00:00,2018-02-10T17:00:00,33,RANGE,RANGE
c6830be938765a07ce8308af98bd7486911cdad83fc43967fcd4fa22365b8950,101,RANGE,975,985,2018-02-10T18:00:00,2018-02-11T04:00:00,11,TREND_UP,TREND_DOWN
fd1ae60f3a4108542af6c1648c2039a204c743e6c4d949995ed651a2bc0d3877,102,TREND_DOWN,986,995,2018-02-11T05:00:00,2018-02-11T14:00:00,10,RANGE,RANGE
d4234b5d8176909952aa6fc2ae5c1bba93ccca7e9e84bd8e27c9fdac5bef2e64,103,RANGE,996,999,2018-02-11T15:00:00,2018-02-11T18:00:00,4,TREND_DOWN,TREND_DOWN
ffa4eb8617aee981b3fe624b1b6171d6cec91225e37f478a523dcd0bb34b070b,104,TREND_DOWN,1000,1007,2018-02-11T19:00:00,2018-02-12T02:00:00,8,RANGE,RANGE
cd109279f04ed53aa25774c38241ef21cc5a42a3f65beec22238c0321d99704d,105,RANGE,1008,1009,2018-02-12T03:00:00,2018-02-12T04:00:00,2,TREND_DOWN,TREND_UP
c705fbb4186ede881dcbdc9abad3ceda33d0252e10075ce9ef84e9916f35219c,106,TREND_UP,1010,1039,2018-02-12T05:00:00,2018-02-13T10:00:00,30,RANGE,RANGE
4ec98f6dfece326b9e61ba270f131302697c6f17bb73930c023c384dfe21db32,107,RANGE,1040,1042,2018-02-13T11:00:00,2018-02-13T13:00:00,3,TREND_UP,TREND_UP
3571241bad4de3b93670566a1e2c409a6323889a4ffb5ed8cdeece6f14b011c5,108,TREND_UP,1043,1047,2018-02-13T14:00:00,2018-02-13T18:00:00,5,RANGE,VOL_COMPRESSION
4edb653b3ce5b4f524877de7b4f9f2a9cfb244fbd2f2556286a468674311107b,109,VOL_COMPRESSION,1048,1049,2018-02-13T19:00:00,2018-02-13T20:00:00,2,TREND_UP,TREND_UP
037f3d61055bfcd148f361a7ef485ae842f67882dde01abf8e550c32d70079eb,110,TREND_UP,1050,1051,2018-02-13T21:00:00,2018-02-13T22:00:00,2,VOL_COMPRESSION,VOL_COMPRESSION
310fff42cc2960073df1e5a9454edb3703aa99226b5118de6d3537ad3bf0e7fa,111,VOL_COMPRESSION,1052,1064,2018-02-13T23:00:00,2018-02-14T11:00:00,13,TREND_UP,TREND_UP
47363e84e357fd54dc19d683964b46fc62c1fcc0ab5d8958128696e9b01db306,112,TREND_UP,1065,1073,2018-02-14T12:00:00,2018-02-14T20:00:00,9,VOL_COMPRESSION,VOL_COMPRESSION
ffa375d7a1ec4f843591971e917a588793a200497806504a71a8024e477a4471,113,VOL_COMPRESSION,1074,1074,2018-02-14T21:00:00,2018-02-14T21:00:00,1,TREND_UP,TREND_UP
f1146bb6147a822867c0bcf7ca430101360bc0d0cda2cb7da432049963471c7d,114,TREND_UP,1075,1077,2018-02-14T22:00:00,2018-02-15T00:00:00,3,VOL_COMPRESSION,VOL_COMPRESSION
77444000f9efde10a8f440cdc3ff65328ad19cf4affd0e4b92db1477b3b4a2e5,115,VOL_COMPRESSION,1078,1078,2018-02-15T01:00:00,2018-02-15T01:00:00,1,TREND_UP,TREND_UP
8486179fc146686f06ae724125b06380f69f074eb988a3f2775023e92cab8fbd,116,TREND_UP,1079,1123,2018-02-15T02:00:00,2018-02-16T22:00:00,45,VOL_COMPRESSION,VOL_COMPRESSION
624ba73e38ca931784d9133ec182bc4e3e8a86fa98f269de33ec1fcc35c33c91,117,VOL_COMPRESSION,1124,1130,2018-02-16T23:00:00,2018-02-17T05:00:00,7,TREND_UP,TREND_UP
f84536d5fd1e04a684ac75a71f22711a0611f1fd4ac610cbc3fd46616b6c170c,118,TREND_UP,1131,1142,2018-02-17T06:00:00,2018-02-17T17:00:00,12,VOL_COMPRESSION,VOL_COMPRESSION
5d0f77ccb3c424479cd243a61c2acf8fa14a3a81aecc847b300bd0fc2aa90b35,119,VOL_COMPRESSION,1143,1149,2018-02-17T18:00:00,2018-02-18T00:00:00,7,TREND_UP,TREND_UP
559d85e5cb50aee7a8fc829a1dbeeeea44525eb5d7b6b18d660b0bc4ef7fca5a,120,TREND_UP,1150,1157,2018-02-18T01:00:00,2018-02-18T08:00:00,8,VOL_COMPRESSION,RANGE
2aa93e26bb51b07ef4c850d40fb98ac6f4cfb2aad1a2bffcd2889d93472ea246,121,RANGE,1158,1159,2018-02-18T09:00:00,2018-02-18T10:00:00,2,TREND_UP,TREND_UP
ab60683b364e7e9b7f253d75af9dbaf999bd4214aaa5ab7e572402652463f2c7,122,TREND_UP,1160,1174,2018-02-18T11:00:00,2018-02-19T01:00:00,15,RANGE,RANGE
07c4c2103a405fec61759f0163eb913ba0b4a28c6666187b0b6b53a269790712,123,RANGE,1175,1177,2018-02-19T02:00:00,2018-02-19T04:00:00,3,TREND_UP,TREND_UP
32e45936093a20a93d11797f4356300f89dc3adf8324c13b5efc0fbc978dbaed,124,TREND_UP,1178,1178,2018-02-19T05:00:00,2018-02-19T05:00:00,1,RANGE,RANGE
3598b8c368ee7e5a2bebfe7c14f519fb93aeb1619dd2844c425f659e5a8306e3,125,RANGE,1179,1179,2018-02-19T06:00:00,2018-02-19T06:00:00,1,TREND_UP,TREND_UP
4740c6c7277ea2b82fd592bafc3502c243d3b260f1909e4a4e6b9cc1298bec38,126,TREND_UP,1180,1201,2018-02-19T07:00:00,2018-02-20T04:00:00,22,RANGE,VOL_COMPRESSION
e9df4e8279dda113e73c2cd0b2a6fbf6e59d8209e7c0f6bfa43db22ac5ecbddd,127,VOL_COMPRESSION,1202,1204,2018-02-20T05:00:00,2018-02-20T07:00:00,3,TREND_UP,TREND_UP
b8abca025e224c94d78a1bdb3b84d2b3c466c8a3dac4c8eba30695381e62a2f0,128,TREND_UP,1205,1212,2018-02-20T08:00:00,2018-02-20T15:00:00,8,VOL_COMPRESSION,VOL_COMPRESSION
91756e7d178c3d66215ba29fa4740f5961665bac239c74045f7252f6e44667d2,129,VOL_COMPRESSION,1213,1218,2018-02-20T16:00:00,2018-02-20T21:00:00,6,TREND_UP,TREND_UP
d9ef90897b84dedb32b025286a76ef457558f790c385466f47b1a4fe7ff94585,130,TREND_UP,1219,1222,2018-02-20T22:00:00,2018-02-21T01:00:00,4,VOL_COMPRESSION,RANGE
cf2e6feeb18d4631967129146e2b25d6ef3d7f1f54361407377ae24a8635ee22,131,RANGE,1223,1233,2018-02-21T02:00:00,2018-02-21T12:00:00,11,TREND_UP,TREND_DOWN
bc99a34b3933e1847682702d88b6b9c2c1cab0ced291e4b1f3af17ed74b66678,132,TREND_DOWN,1234,1294,2018-02-21T13:00:00,2018-02-24T01:00:00,61,RANGE,RANGE
1c4238845fcb00d2cd0a7ffe435500c9632b7e3e6ec8c1c35c610371c8ee5d77,133,RANGE,1295,1300,2018-02-24T02:00:00,2018-02-24T07:00:00,6,TREND_DOWN,TREND_DOWN
1033782a80f9d1798473b65714703f109a2c638d7e57625ebbea0192085a47af,134,TREND_DOWN,1301,1353,2018-02-24T08:00:00,2018-02-26T12:00:00,53,RANGE,RANGE
fbc0ec3370c127578b3e1253c177c7b5ba48fabae118f0319cdc0016545c0e24,135,RANGE,1354,1355,2018-02-26T13:00:00,2018-02-26T14:00:00,2,TREND_DOWN,TREND_UP
91b7483bf254506d3db7f237665f090a93ba333321d80a8d32c0cdca2ec98457,136,TREND_UP,1356,1370,2018-02-26T15:00:00,2018-02-27T05:00:00,15,RANGE,VOL_COMPRESSION
3959a9b86b2eab2e3f638e90787403b4fb8fe98b72f1f6957875952122d8d12b,137,VOL_COMPRESSION,1371,1371,2018-02-27T06:00:00,2018-02-27T06:00:00,1,TREND_UP,TREND_UP
5a5568149491f027f6947ecc357630597b972c5b206b1f3b4cdb1780b187eed9,138,TREND_UP,1372,1376,2018-02-27T07:00:00,2018-02-27T11:00:00,5,VOL_COMPRESSION,VOL_COMPRESSION
0acdc82f49605759f0812011f832300f07b07001566e9531cec4bc7f4ea95915,139,VOL_COMPRESSION,1377,1377,2018-02-27T12:00:00,2018-02-27T12:00:00,1,TREND_UP,TREND_UP
a88042d5b1775e681ccde3a1ddf2c913cbd4615373e8aa8f04ff75fb9e5528e6,140,TREND_UP,1378,1382,2018-02-27T13:00:00,2018-02-27T17:00:00,5,VOL_COMPRESSION,VOL_COMPRESSION
7e0d9d5b4eabdda2f41bf07fbe52685ac280cefe5e54791dd91c3f2e69e026a8,141,VOL_COMPRESSION,1383,1391,2018-02-27T18:00:00,2018-02-28T02:00:00,9,TREND_UP,TREND_UP
e8d942076c3520fb45dd2b031e99e9f533c05be3edc3ef62c773a234d0b193c3,142,TREND_UP,1392,1393,2018-02-28T03:00:00,2018-02-28T04:00:00,2,VOL_COMPRESSION,VOL_COMPRESSION
b839e211630803d32a292f3a81426925640b33844825929955c9d9f4d7091d1a,143,VOL_COMPRESSION,1394,1394,2018-02-28T05:00:00,2018-02-28T05:00:00,1,TREND_UP,TREND_UP
70f34b4fcb372dd2885c2d9dc9985c3500d8da42233cf32b2f45e9799d443922,144,TREND_UP,1395,1407,2018-02-28T06:00:00,2018-02-28T18:00:00,13,VOL_COMPRESSION,VOL_COMPRESSION
4de42f3dc474a7c0daa8e5c3c545590f3793db56b8046436d4875ca54883e0c6,145,VOL_COMPRESSION,1408,1409,2018-02-28T19:00:00,2018-02-28T20:00:00,2,TREND_UP,TREND_UP
7c0f1bb0c133dd8f269423807fce2489e362608eb47bcc2490cf4f5a77548145,146,TREND_UP,1410,1413,2018-02-28T21:00:00,2018-03-01T00:00:00,4,VOL_COMPRESSION,RANGE
f4c2e11fcf33f372b64bc5bba35a71f6f5148a6a12af85d4e0ec7a0cb071f3b9,147,RANGE,1414,1417,2018-03-01T01:00:00,2018-03-01T04:00:00,4,TREND_UP,VOL_COMPRESSION
a3cb5e8a50d3eb9afa4a2e717c92c5a060d5d7e2a604ed9528400b63b08c63a6,148,VOL_COMPRESSION,1418,1433,2018-03-01T05:00:00,2018-03-01T20:00:00,16,RANGE,TREND_UP
a43b2997716b859f851aec41a67627f86d291c7c52fdfbe6e287a1830fbc97fe,149,TREND_UP,1434,1439,2018-03-01T21:00:00,2018-03-02T02:00:00,6,VOL_COMPRESSION,VOL_COMPRESSION
156ade80eaf286cb8639a56a3203aeaadce64c26beb5e0bbe31da66cb2aa329b,150,VOL_COMPRESSION,1440,1440,2018-03-02T03:00:00,2018-03-02T03:00:00,1,TREND_UP,TREND_UP
72b0ec23b43dfd1f73a2f4b032e989825d80d979c01a89b105baad3713787c7c,151,TREND_UP,1441,1442,2018-03-02T04:00:00,2018-03-02T05:00:00,2,VOL_COMPRESSION,VOL_COMPRESSION
b1e01aa6b216f205e791938bd446a52a587cdb50acbc1dee78788a0adc77d587,152,VOL_COMPRESSION,1443,1445,2018-03-02T06:00:00,2018-03-02T08:00:00,3,TREND_UP,TREND_UP
b3093723089f5404025b98ff9827ef76d3c067a98daec5f7dcce9e333e85e16d,153,TREND_UP,1446,1447,2018-03-02T09:00:00,2018-03-02T10:00:00,2,VOL_COMPRESSION,VOL_COMPRESSION
4e7c56ae4538edd45fff2d64c8bffafa1a4c3c26645bb4ef94831d06920e06bd,154,VOL_COMPRESSION,1448,1450,2018-03-02T11:00:00,2018-03-02T13:00:00,3,TREND_UP,TREND_UP
e6c74a80711b241431d710d878ddaf232cd10144da03418cf86c56d356664ad5,155,TREND_UP,1451,1451,2018-03-02T14:00:00,2018-03-02T14:00:00,1,VOL_COMPRESSION,VOL_COMPRESSION
9790006512680985803c734a480a046bdb153549caeff7ae53e9c139aae1dc34,156,VOL_COMPRESSION,1452,1555,2018-03-02T15:00:00,2018-03-06T22:00:00,104,TREND_UP,TREND_DOWN
faf3d589f10a3bdef73afb4cc04057cfd8aeb648e1c19504bcf9d6197fb6fd48,157,TREND_DOWN,1556,1557,2018-03-06T23:00:00,2018-03-07T00:00:00,2,VOL_COMPRESSION,VOL_COMPRESSION
5d35718184f5e2428950a1410cbce7bc4ed9caea9154282165130cdd463d7b65,158,VOL_COMPRESSION,1558,1562,2018-03-07T01:00:00,2018-03-07T05:00:00,5,TREND_DOWN,TREND_DOWN
143783a81f4e379d559f24a4293ca896100e3405c2d75d781e79450383c70a9d,159,TREND_DOWN,1563,1564,2018-03-07T06:00:00,2018-03-07T07:00:00,2,VOL_COMPRESSION,VOL_COMPRESSION
1d130b0ace7acbd6a50f74c20890255eae428091371c39ad1624d9ba3e397b94,160,VOL_COMPRESSION,1565,1567,2018-03-07T08:00:00,2018-03-07T10:00:00,3,TREND_DOWN,TREND_DOWN
5e1c0bbc81bf2e4394ee063fd9c7cb55aa8608bdea25384d2e680c365836319b,161,TREND_DOWN,1568,1568,2018-03-07T11:00:00,2018-03-07T11:00:00,1,VOL_COMPRESSION,VOL_COMPRESSION
3f619012eecbac0043123d69b26a68bfd75189420e081811f18afc6ad174324b,162,VOL_COMPRESSION,1569,1572,2018-03-07T12:00:00,2018-03-07T15:00:00,4,TREND_DOWN,TREND_DOWN
1b30c9a63e58e746f51e4b61406bffc2e05ad25edcf91fea48d7997fbaa976cd,163,TREND_DOWN,1573,1573,2018-03-07T16:00:00,2018-03-07T16:00:00,1,VOL_COMPRESSION,VOL_EXPANSION
02966f7f53c3a0f7a74da50fbc5e876c5328a68a698a7414d97ecd577d3c01ea,164,VOL_EXPANSION,1574,1577,2018-03-07T17:00:00,2018-03-07T20:00:00,4,TREND_DOWN,TREND_DOWN
705becd2ef5fb1d44063c2ef65fc6d52dba165562de976eb6ba12f4cba4d5419,165,TREND_DOWN,1578,1596,2018-03-07T21:00:00,2018-03-08T15:00:00,19,VOL_EXPANSION,VOL_EXPANSION
a8d7c613c9bfec3cf3120d2a1353e28674b97db96be69bd356dd29809d10c2fa,166,VOL_EXPANSION,1597,1600,2018-03-08T16:00:00,2018-03-08T19:00:00,4,TREND_DOWN,TREND_DOWN
4e2d099418cd24cd05af861dbc48404420381cef2ae6a9b908c972306e998b74,167,TREND_DOWN,1601,1608,2018-03-08T20:00:00,2018-03-09T03:00:00,8,VOL_EXPANSION,VOL_EXPANSION
287968ff415a34a0ea0581dcaca448c29d7c3f3aa28c756275f4343b3bfaf4bf,168,VOL_EXPANSION,1609,1615,2018-03-09T04:00:00,2018-03-09T10:00:00,7,TREND_DOWN,TREND_DOWN
76546e541601a95eb668f3a998d1d7647b7f9728fdc46f53dc0f0b681fc6e8f3,169,TREND_DOWN,1616,1667,2018-03-09T11:00:00,2018-03-11T14:00:00,52,VOL_EXPANSION,RANGE
02b60a0d999dc77aef0b631ef885f52ef245868961f7b2c8b85350792c3b26d2,170,RANGE,1668,1672,2018-03-11T15:00:00,2018-03-11T19:00:00,5,TREND_DOWN,TREND_UP
6669795627d3a77b9160033acdece6c6c869cafc78de6cf0e3d2f32cfa34b97f,171,TREND_UP,1673,1693,2018-03-11T20:00:00,2018-03-12T16:00:00,21,RANGE,RANGE
8d63811ee8fe6f4d89fa0c5026bdb8af25adfcefa57dd453a8fb3bce794d7c8c,172,RANGE,1694,1696,2018-03-12T17:00:00,2018-03-12T19:00:00,3,TREND_UP,VOL_EXPANSION
bb66215cca2a16f89c5b0ad593b03eaf88b2a2ca8af07a0981613c1fb7e8648f,173,VOL_EXPANSION,1697,1697,2018-03-12T20:00:00,2018-03-12T20:00:00,1,RANGE,RANGE
119be713a4c1f1382a328d6bc7c6da383512c70ff3154e451f71cfe7c2f32dd6,174,RANGE,1698,1698,2018-03-12T21:00:00,2018-03-12T21:00:00,1,VOL_EXPANSION,TREND_DOWN
49264e2b4c754d07f4c4f3b455bf9a8a910c3249db979dc4d6a40debdf334cec,175,TREND_DOWN,1699,1708,2018-03-12T22:00:00,2018-03-13T07:00:00,10,RANGE,RANGE
392b6df32eca4ebea672708ae4aa86dbf4e39f121118ae9ce77463614ce22999,176,RANGE,1709,1709,2018-03-13T08:00:00,2018-03-13T08:00:00,1,TREND_DOWN,TREND_DOWN
a85b33dab271c93f49ce86770fd6404b1089cb3cfd5f498f47817c4d15340fd9,177,TREND_DOWN,1710,1710,2018-03-13T09:00:00,2018-03-13T09:00:00,1,RANGE,VOL_EXPANSION
96c0c7a2ea597a716b94783d92f3aed7fde1f65754b142fbca07bba2f1fe2222,178,VOL_EXPANSION,1711,1711,2018-03-13T10:00:00,2018-03-13T10:00:00,1,TREND_DOWN,TREND_DOWN
809868433492bd9acf0abc69380947e3ea720ec5228c16d6f1082f0519bff867,179,TREND_DOWN,1712,1713,2018-03-13T11:00:00,2018-03-13T12:00:00,2,VOL_EXPANSION,VOL_EXPANSION
1620882ffcc94d78138d9e2fb1a250ed3623f0ddd77abd803a1253d2be3cdead,180,VOL_EXPANSION,1714,1714,2018-03-13T13:00:00,2018-03-13T13:00:00,1,TREND_DOWN,TREND_DOWN
2f2c3cf900122361198ca7ebca1d79852bcd3bbea4386b75d57e6b123dfb0fb9,181,TREND_DOWN,1715,1726,2018-03-13T14:00:00,2018-03-14T01:00:00,12,VOL_EXPANSION,RANGE
17416262a21f6226d7919b523436690d25f717425c4ce07d870fc9b3e46a0897,182,RANGE,1727,1729,2018-03-14T02:00:00,2018-03-14T04:00:00,3,TREND_DOWN,TREND_DOWN
c8dfb8e1bcfea89c4f182c66f3c3dae5c01845c10964913e0d3d859b89c701a8,183,TREND_DOWN,1730,1750,2018-03-14T05:00:00,2018-03-15T01:00:00,21,RANGE,VOL_EXPANSION
bd5a260ba4f7834a16c169eb93c6869e30d261578cd0f37e31fe831151b98f35,184,VOL_EXPANSION,1751,1751,2018-03-15T02:00:00,2018-03-15T02:00:00,1,TREND_DOWN,TREND_DOWN
ce47432d081511f4a35f353bc877251558fffc6aea56eda7a453cfc3a244fcb1,185,TREND_DOWN,1752,1787,2018-03-15T03:00:00,2018-03-16T14:00:00,36,VOL_EXPANSION,RANGE
d078ac15ad0977f9a3914c5abce4377808ad7dc77422d268bdaa85c11455faaf,186,RANGE,1788,1794,2018-03-16T15:00:00,2018-03-16T21:00:00,7,TREND_DOWN,VOL_COMPRESSION
405c411a62f2b05307df784059e0d06456379622a55ab636416ba72b64db1ac5,187,VOL_COMPRESSION,1795,1795,2018-03-16T22:00:00,2018-03-16T22:00:00,1,RANGE,RANGE
131003855dd1d7770b7b8ac3f3517e6413c5c5caf934d0212610dee5a55c60a5,188,RANGE,1796,1797,2018-03-16T23:00:00,2018-03-17T00:00:00,2,VOL_COMPRESSION,TREND_DOWN
418d0e99cda6b1bd10cd5f3898ea52983c47c3a2e8e6a1e2c482413ba22ebe70,189,TREND_DOWN,1798,1803,2018-03-17T01:00:00,2018-03-17T06:00:00,6,RANGE,VOL_COMPRESSION
494644851d9c78147799bcf4ba3603bfe3e67fa715d000db8fd39752e13451c1,190,VOL_COMPRESSION,1804,1804,2018-03-17T07:00:00,2018-03-17T07:00:00,1,TREND_DOWN,TREND_DOWN
db44042fcae91e7f7bece66637a92c1d3d2379ea8dc039457792b37559c58362,191,TREND_DOWN,1805,1806,2018-03-17T08:00:00,2018-03-17T09:00:00,2,VOL_COMPRESSION,VOL_COMPRESSION
f96f5f3da29eb12dd2add4baff28e0978bb914bc459e50182f268f26df592a99,192,VOL_COMPRESSION,1807,1808,2018-03-17T10:00:00,2018-03-17T11:00:00,2,TREND_DOWN,TREND_DOWN
430e21e84fbbceb58a61533d7f97cb2f98059a0f60eb8ccf067163d3be42ea7f,193,TREND_DOWN,1809,1841,2018-03-17T12:00:00,2018-03-18T20:00:00,33,VOL_COMPRESSION,VOL_EXPANSION
5790e7d216a958a70a6d976d66676b8a54e21a48a18d5f0f62bd15ec36688e51,194,VOL_EXPANSION,1842,1846,2018-03-18T21:00:00,2018-03-19T01:00:00,5,TREND_DOWN,RANGE
b394635336d08b5331ac9c90b4a5c02af078f23e012d0ea0bccd5d7940591bee,195,RANGE,1847,1849,2018-03-19T02:00:00,2018-03-19T04:00:00,3,VOL_EXPANSION,TREND_UP
8c3c434f6306ed9f74d86ed4b7a3bd1e12de7d0b82568b7e9ac374d88c4b2211,196,TREND_UP,1850,1894,2018-03-19T05:00:00,2018-03-21T01:00:00,45,RANGE,VOL_COMPRESSION
891b20955222dc8de44ca48b05c37c856692b68fd553aef3576177929ba5ca2c,197,VOL_COMPRESSION,1895,1899,2018-03-21T02:00:00,2018-03-21T06:00:00,5,TREND_UP,TREND_UP
1fd384d1127b1547df2861bef6d66fc1bdf2ebc490aae70634d71cabd2082a72,198,TREND_UP,1900,1900,2018-03-21T07:00:00,2018-03-21T07:00:00,1,VOL_COMPRESSION,VOL_COMPRESSION
73014e43059f511ded8283eaab27d056c131ec99c3a7a246560743f8c79c6703,199,VOL_COMPRESSION,1901,1908,2018-03-21T08:00:00,2018-03-21T15:00:00,8,TREND_UP,TREND_UP
eef30e6bc4d7effc3ad613b88f7e24383f05d4a25304bc684a86103d5e75e5fb,200,TREND_UP,1909,1913,2018-03-21T16:00:00,2018-03-21T20:00:00,5,VOL_COMPRESSION,VOL_COMPRESSION
527df78d3d5de420ace7060a64bf29c4a8a97b4e00f2482c340f5803fa771d1c,201,VOL_COMPRESSION,1914,1916,2018-03-21T21:00:00,2018-03-21T23:00:00,3,TREND_UP,TREND_UP
bf5cbfa50aaab3370b0768fa8667773bf09689d5d573557a6832b907e2f52e51,202,TREND_UP,1917,1918,2018-03-22T00:00:00,2018-03-22T01:00:00,2,VOL_COMPRESSION,VOL_COMPRESSION
ac7b06ab64e9442be86ff490b0da0c2361247e21a237946fe748da9ebc5283c2,203,VOL_COMPRESSION,1919,1927,2018-03-22T02:00:00,2018-03-22T10:00:00,9,TREND_UP,TREND_UP
60c9629e2776981c0e68c2ace14c8a942e3dcafed801984da2ad87ea778bebc8,204,TREND_UP,1928,1928,2018-03-22T11:00:00,2018-03-22T11:00:00,1,VOL_COMPRESSION,RANGE
8b1b2d45c8f46189d2bafb666fe162b64f514c232f2d1d88c7ea4ee8391a2b5e,205,RANGE,1929,1934,2018-03-22T12:00:00,2018-03-22T17:00:00,6,TREND_UP,TREND_DOWN
ceadbf27e902a5e96f8ff5c72128e18dc509d4ff930d2304be4e34200baac291,206,TREND_DOWN,1935,1936,2018-03-22T18:00:00,2018-03-22T19:00:00,2,RANGE,VOL_COMPRESSION
6414efa73f6e292f7feec65bdec7285940ca6015cab6034bca5d6dcd162fa00d,207,VOL_COMPRESSION,1937,1942,2018-03-22T20:00:00,2018-03-23T01:00:00,6,TREND_DOWN,TREND_DOWN
c52e02f96772b02e2135259f81d91b28c7569ee8ce01ef1c9b0b29f959133984,208,TREND_DOWN,1943,1945,2018-03-23T02:00:00,2018-03-23T04:00:00,3,VOL_COMPRESSION,VOL_COMPRESSION
f885b1976b435a36acdd469dc82fbe18f25da697cce5f8efb5d45219a1097567,209,VOL_COMPRESSION,1946,1952,2018-03-23T05:00:00,2018-03-23T11:00:00,7,TREND_DOWN,TREND_DOWN
4addb5397174a56171431fff089d2b2c9a0e4c2bf8dd9117d545bb68615b9433,210,TREND_DOWN,1953,1953,2018-03-23T12:00:00,2018-03-23T12:00:00,1,VOL_COMPRESSION,VOL_COMPRESSION
bae4d99591fa9b2b34af691c56e6a2d131729cecfbe92ab0293d3a1dca4c01f9,211,VOL_COMPRESSION,1954,1954,2018-03-23T13:00:00,2018-03-23T13:00:00,1,TREND_DOWN,TREND_DOWN
b3b12dd5f777c44c3ead8e779c7f62b9e8453313b23f2aa9e5c187dd90cd677b,212,TREND_DOWN,1955,1957,2018-03-23T14:00:00,2018-03-23T16:00:00,3,VOL_COMPRESSION,VOL_COMPRESSION
73ad76fd2fb7d848603ade264278679c942abc10057fc77c1d462ec9525d118e,213,VOL_COMPRESSION,1958,1958,2018-03-23T17:00:00,2018-03-23T17:00:00,1,TREND_DOWN,TREND_DOWN
cc2f649d1291d1404f2f15d07f83243a5a02eb884493bbcdeabd00d7b445a8aa,214,TREND_DOWN,1959,1959,2018-03-23T18:00:00,2018-03-23T18:00:00,1,VOL_COMPRESSION,VOL_COMPRESSION
7a99083369f4ac231eddbd97ee3cbfe5d63f9141fa4b12a23a5972f6c36a14b2,215,VOL_COMPRESSION,1960,1963,2018-03-23T19:00:00,2018-03-23T22:00:00,4,TREND_DOWN,RANGE
f411d4f4bb2fea20bde88ff2a346d1ecb221c8a14481ff03ebd13009e620a0b5,216,RANGE,1964,1965,2018-03-23T23:00:00,2018-03-24T00:00:00,2,VOL_COMPRESSION,VOL_COMPRESSION
2313f952592621174b7c9635b664f55ed09db18c0c9ca763da6b0553198fa63f,217,VOL_COMPRESSION,1966,1985,2018-03-24T01:00:00,2018-03-24T20:00:00,20,RANGE,TREND_UP
1e33e6ec61e6b8583c5ad5e60226bfde965016f4f28ea8f1c9b8ea34527f751c,218,TREND_UP,1986,1987,2018-03-24T21:00:00,2018-03-24T22:00:00,2,VOL_COMPRESSION,RANGE
b79e96ec8146a4ba815259a206c7094cc8f21653494806728753bbd46f0f8acc,219,RANGE,1988,1990,2018-03-24T23:00:00,2018-03-25T01:00:00,3,TREND_UP,TREND_DOWN
17940b4050c9c5c9ab19aa176b1b5e50a0be79fcab7577ff1c4b6012b6dce282,220,TREND_DOWN,1991,1992,2018-03-25T02:00:00,2018-03-25T03:00:00,2,RANGE,VOL_COMPRESSION
64fa800c338605e5f5366ad69b89b36d14e006848d8780344b0baa609b834de6,221,VOL_COMPRESSION,1993,2010,2018-03-25T04:00:00,2018-03-25T21:00:00,18,TREND_DOWN,TREND_DOWN
505670d84b5270807570ab1d576889803d86e17f5a4f08ac64ccb342d7365058,222,TREND_DOWN,2011,2013,2018-03-25T22:00:00,2018-03-26T00:00:00,3,VOL_COMPRESSION,VOL_COMPRESSION
77672e164ba11ffb4670180c3039c6fef133f738413b0664c0f8a0855f79cb1c,223,VOL_COMPRESSION,2014,2029,2018-03-26T01:00:00,2018-03-26T16:00:00,16,TREND_DOWN,TREND_DOWN
5eb42c042dc7997603d9950aab113d778042c3d94d34c1bfc062f33e9fca3d6b,224,TREND_DOWN,2030,2030,2018-03-26T17:00:00,2018-03-26T17:00:00,1,VOL_COMPRESSION,VOL_COMPRESSION
de825f7c5e32aaf4da47029c8d11863e8026e1ef64dd6305ffad1fb6e4a60b7f,225,VOL_COMPRESSION,2031,2034,2018-03-26T18:00:00,2018-03-26T21:00:00,4,TREND_DOWN,TREND_DOWN
56077688572effa370c90642452a040f8645831477d799b3a22209d578d1a1a4,226,TREND_DOWN,2035,2064,2018-03-26T22:00:00,2018-03-28T03:00:00,30,VOL_COMPRESSION,VOL_COMPRESSION
61b0d5d6cdcf19400344328311403544afeb372622dc2c5d1e5cbc3a38bbcf0f,227,VOL_COMPRESSION,2065,2088,2018-03-28T04:00:00,2018-03-29T03:00:00,24,TREND_DOWN,TREND_DOWN
e53a95475aeca38dfbcf20ba18e10168838aec26a05f56393d340eea4b1f9331,228,TREND_DOWN,2089,2102,2018-03-29T04:00:00,2018-03-29T17:00:00,14,VOL_COMPRESSION,VOL_COMPRESSION
6e3c07ae9c3f612bb87f982560195078aeba5e47471791919db43a7a1220a2d5,229,VOL_COMPRESSION,2103,2103,2018-03-29T18:00:00,2018-03-29T18:00:00,1,TREND_DOWN,TREND_DOWN
0c06230f180bda3484efc4d00aec2af6948fae91d5b7dd6c51769f0d83d6e1a0,230,TREND_DOWN,2104,2108,2018-03-29T19:00:00,2018-03-29T23:00:00,5,VOL_COMPRESSION,VOL_EXPANSION
bc982b3b85dbcc13bcca1955ec91fd73c8642817923782e7ec4495b640d31fb2,231,VOL_EXPANSION,2109,2111,2018-03-30T00:00:00,2018-03-30T02:00:00,3,TREND_DOWN,TREND_DOWN
a314e5e4b1cd3f6ca8dd66eeab1851929bb2fafe60246a7ae7cc535276d478a0,232,TREND_DOWN,2112,2112,2018-03-30T03:00:00,2018-03-30T03:00:00,1,VOL_EXPANSION,VOL_EXPANSION
4fd90365d9b9577bd8baf0372c794ef90c234e0a474e557c11a747854a6e72d0,233,VOL_EXPANSION,2113,2118,2018-03-30T04:00:00,2018-03-30T09:00:00,6,TREND_DOWN,TREND_DOWN
3e5798d03903d84decf9f63bfe1a5a0f070a572b252a0c2fcb73aec6be4130d0,234,TREND_DOWN,2119,2161,2018-03-30T10:00:00,2018-04-01T04:00:00,43,VOL_EXPANSION,VOL_COMPRESSION
7d225537288bb5dcba75298cba51073ebcb032ebcc5799e6ebe9f4449b28f29c,235,VOL_COMPRESSION,2162,2162,2018-04-01T05:00:00,2018-04-01T05:00:00,1,TREND_DOWN,TREND_DOWN
347ace02478cc25ea460d79825bf123dd47fee42ea7762eb53f9c9780df42585,236,TREND_DOWN,2163,2168,2018-04-01T06:00:00,2018-04-01T11:00:00,6,VOL_COMPRESSION,VOL_COMPRESSION
badc2e3923ebf7e586f6abe42f73c3e93840de85632778d5c1138ba31fd83c36,237,VOL_COMPRESSION,2169,2169,2018-04-01T12:00:00,2018-04-01T12:00:00,1,TREND_DOWN,TREND_DOWN
2e361ddbbce9c05b3935e2917b0b38cccd20a78813fa807a93201a6e63a984c2,238,TREND_DOWN,2170,2183,2018-04-01T13:00:00,2018-04-02T02:00:00,14,VOL_COMPRESSION,RANGE
971c11924d4b8eef37ee56d491c0d607c8ae34601b7cb1382b2c567a2ccc878a,239,RANGE,2184,2193,2018-04-02T03:00:00,2018-04-02T12:00:00,10,TREND_DOWN,VOL_COMPRESSION
6d7a9994def8095bc148b8f53fa380ff332483b30506ce1c67a078c8c2a75eb2,240,VOL_COMPRESSION,2194,2194,2018-04-02T13:00:00,2018-04-02T13:00:00,1,RANGE,TREND_UP
9b6fe337150ff3a98efdbadedb55e5db5b323e079b90e7dcf3a481223e85022c,241,TREND_UP,2195,2198,2018-04-02T14:00:00,2018-04-02T17:00:00,4,VOL_COMPRESSION,VOL_COMPRESSION
973707a5e28b9c775af68a9252f2fa6edc0bf18128eacf7604053c65bb298c16,242,VOL_COMPRESSION,2199,2208,2018-04-02T18:00:00,2018-04-03T03:00:00,10,TREND_UP,TREND_UP
bf951963ff2b66446ba37cf2d01dde1760192301dc78c4344f4fe7709bdec7c5,243,TREND_UP,2209,2212,2018-04-03T04:00:00,2018-04-03T07:00:00,4,VOL_COMPRESSION,VOL_COMPRESSION
bb2999f4bee576efe3be0f3179536ccbf9e9836c5a8d362f2d64cbc251def1b2,244,VOL_COMPRESSION,2213,2237,2018-04-03T08:00:00,2018-04-04T08:00:00,25,TREND_UP,TREND_UP
2d958f68a9a1a6873d27b7108e448a769d6b4c204be63dfff45fa6d1c4e91445,245,TREND_UP,2238,2238,2018-04-04T09:00:00,2018-04-04T09:00:00,1,VOL_COMPRESSION,VOL_COMPRESSION
07611cf0482e13f307078590042dcaa960f823fc5c82cccfe5856e244ef67c54,246,VOL_COMPRESSION,2239,2239,2018-04-04T10:00:00,2018-04-04T10:00:00,1,TREND_UP,RANGE
d43f1649e4e54f7578a0c5832ebd18af89846bcd17fcba1cd3f584dd36a769e2,247,RANGE,2240,2240,2018-04-04T11:00:00,2018-04-04T11:00:00,1,VOL_COMPRESSION,VOL_COMPRESSION
72ef68b71ef9d328be7a411b5fe3cbdbae0c7b096999b3f4fd510d629f9949a8,248,VOL_COMPRESSION,2241,2242,2018-04-04T12:00:00,2018-04-04T13:00:00,2,RANGE,RANGE
6cdc8f6ad42c8c51c394d6545025a8cceb21fbfb65549854e5df7714055cfb98,249,RANGE,2243,2243,2018-04-04T14:00:00,2018-04-04T14:00:00,1,VOL_COMPRESSION,TREND_DOWN
4ad77c65130e677be6213e977cd46360aa239aee6e380e8ee7a645455d620c8a,250,TREND_DOWN,2244,2279,2018-04-04T15:00:00,2018-04-06T02:00:00,36,RANGE,VOL_COMPRESSION
945c0e45d43c0f2b3bf3349a87ed3989eaf2cec53e98b7a8e9b6a2f57e56b721,251,VOL_COMPRESSION,2280,2282,2018-04-06T03:00:00,2018-04-06T05:00:00,3,TREND_DOWN,TREND_DOWN
59dbb99a93632749dfe6cd7a7117f3d67278767220c8f6041091af9962525c9b,252,TREND_DOWN,2283,2290,2018-04-06T06:00:00,2018-04-06T13:00:00,8,VOL_COMPRESSION,VOL_COMPRESSION
f01b6c4d141558606e5c6793dcca8f73957d179861b6e297ec25a448140d21ff,253,VOL_COMPRESSION,2291,2301,2018-04-06T14:00:00,2018-04-07T00:00:00,11,TREND_DOWN,TREND_DOWN
9dc7b2e02dbec0b019f233f916e1dd53da717be3c014b0ca372b96d113ffb335,254,TREND_DOWN,2302,2302,2018-04-07T01:00:00,2018-04-07T01:00:00,1,VOL_COMPRESSION,VOL_COMPRESSION
f0b85eb44d0b94ec5612d612e1f9f6b8253208aeccf87c19f856367ee90f8544,255,VOL_COMPRESSION,2303,2358,2018-04-07T02:00:00,2018-04-09T09:00:00,56,TREND_DOWN,TREND_UP
811a56e860dd216884ef4295fe4f2ec45dfd7351883c7218c11ee03cb7dc960b,256,TREND_UP,2359,2360,2018-04-09T10:00:00,2018-04-09T11:00:00,2,VOL_COMPRESSION,RANGE
7d4e26181572df09488a6c4d44a423b17f7bfa32b96aeb6cdd1175435dd1f74f,257,RANGE,2361,2361,2018-04-09T12:00:00,2018-04-09T12:00:00,1,TREND_UP,VOL_COMPRESSION
4d69c3d7b77b9a36a3a826ad273d1fe51060321fcfab204195621e2b187ded73,258,VOL_COMPRESSION,2362,2431,2018-04-09T13:00:00,2018-04-12T10:00:00,70,RANGE,VOL_EXPANSION
faf807287ba9641c96b3278f379efcc79d2ce2272bea063bf6594e9414121808,259,VOL_EXPANSION,2432,2432,2018-04-12T11:00:00,2018-04-12T11:00:00,1,VOL_COMPRESSION,TREND_UP
0a5c1ba17ad11fc7bd5b38b03c5308f4530633949763a8cc3740ec91b5218dad,260,TREND_UP,2433,2462,2018-04-12T12:00:00,2018-04-13T17:00:00,30,VOL_EXPANSION,VOL_COMPRESSION
d58f6b70f09dd5d32b9132cb82cb2ecb8a830f753129e076f22f9f27e865829d,261,VOL_COMPRESSION,2463,2464,2018-04-13T18:00:00,2018-04-13T19:00:00,2,TREND_UP,TREND_UP
32ab3705e79e92d95f4821e8ce0ec8c4b6d68185d90f89f6d805e1d3aff843ce,262,TREND_UP,2465,2471,2018-04-13T20:00:00,2018-04-14T02:00:00,7,VOL_COMPRESSION,VOL_COMPRESSION
66b0eec62a84a4537a71621211cbf22cc42788aabd029d32a122d8faddda8e59,263,VOL_COMPRESSION,2472,2480,2018-04-14T03:00:00,2018-04-14T11:00:00,9,TREND_UP,TREND_UP
a585632335fd929a0eb085cb3232a31e3fe44201cfdbc3899ccd32d04fc69f89,264,TREND_UP,2481,2481,2018-04-14T12:00:00,2018-04-14T12:00:00,1,VOL_COMPRESSION,VOL_COMPRESSION
ea6595bcba365324dad370d6538d783076b4d237ebf6cafc83ab0c0cfe9af101,265,VOL_COMPRESSION,2482,2734,2018-04-14T13:00:00,2018-04-25T01:00:00,253,TREND_UP,TREND_UP
a55e2be24b478133525739191a48c795d02e275856a020e052c60c4635c86169,266,TREND_UP,2735,2744,2018-04-25T02:00:00,2018-04-25T11:00:00,10,VOL_COMPRESSION,RANGE
e85b0b57bb624d87db32bb201feff44ba2d5e302ee8e0b6768b8515381c43037,267,RANGE,2745,2750,2018-04-25T12:00:00,2018-04-25T17:00:00,6,TREND_UP,TREND_DOWN
12bebec8d4164b893ed88777422c3d83e2d56e2fae556f31cef2168d47afc0cb,268,TREND_DOWN,2751,2772,2018-04-25T18:00:00,2018-04-26T15:00:00,22,RANGE,VOL_COMPRESSION
e463a65ed006f1ca289804b8b3a278ea116be6eee230d351ad06748b37b77779,269,VOL_COMPRESSION,2773,2801,2018-04-26T16:00:00,2018-04-27T20:00:00,29,TREND_DOWN,RANGE
db4a7125840c413f868561048045886a859f48d69d426fac3c98f1bca27974e1,270,RANGE,2802,2802,2018-04-27T21:00:00,2018-04-27T21:00:00,1,VOL_COMPRESSION,VOL_COMPRESSION
f755fc41f02750b9ce425dd33a0ade3e65d48dda9856e37cdf2a9bc653c7526c,271,VOL_COMPRESSION,2803,2803,2018-04-27T22:00:00,2018-04-27T22:00:00,1,RANGE,RANGE
35643cd9d9b631fc6dca50bbe9894a4f7c0744d0001a7e3711de6bec3d7b30bf,272,RANGE,2804,2808,2018-04-27T23:00:00,2018-04-28T03:00:00,5,VOL_COMPRESSION,VOL_COMPRESSION
6c7c2578f0186d6dd8bdf16b5019cd3605931aa9ed0d71e71a779fd9b093a8e9,273,VOL_COMPRESSION,2809,2816,2018-04-28T04:00:00,2018-04-28T11:00:00,8,RANGE,TREND_UP
307774570590332736c52b6dd0c1249c881a4c1c0407f4948c252df6f70e75c9,274,TREND_UP,2817,2817,2018-04-28T12:00:00,2018-04-28T12:00:00,1,VOL_COMPRESSION,VOL_COMPRESSION
7625878b3b2428bcda04c12990908cc760e8d09032d29b7c6ba60b22b5bc034f,275,VOL_COMPRESSION,2818,2818,2018-04-28T13:00:00,2018-04-28T13:00:00,1,TREND_UP,TREND_UP
207d9a76ae32e5a930423a9d9d33a11175d2ff2b2b73281407828683da922ac3,276,TREND_UP,2819,2820,2018-04-28T14:00:00,2018-04-28T15:00:00,2,VOL_COMPRESSION,VOL_COMPRESSION
250bdfc8a1ef66f9bc5b33da71cd7fa4dedb4b092ca5d19fb9fcc73d09899cad,277,VOL_COMPRESSION,2821,2948,2018-04-28T16:00:00,2018-05-03T23:00:00,128,TREND_UP,TREND_UP
9ba4a110cad6c1ac99c81e3693a5922c4fee0b244c41a15089da05b49de47cbc,278,TREND_UP,2949,2949,2018-05-04T00:00:00,2018-05-04T00:00:00,1,VOL_COMPRESSION,VOL_COMPRESSION
f120b4f725a59707b468eab2721ae4256b402b663c1a267b3c431427ea335fcf,279,VOL_COMPRESSION,2950,3135,2018-05-04T01:00:00,2018-05-11T19:00:00,186,TREND_UP,TREND_DOWN
bf27ca0d82037fcac48db5fed71c7f4480acb17f384052de545e1aa82bcbddde,280,TREND_DOWN,3136,3141,2018-05-11T20:00:00,2018-05-12T01:00:00,6,VOL_COMPRESSION,VOL_COMPRESSION
ba14bc9a8e99dd50595026f01081ed501640007b1892e55ccfed6e34b34a95fc,281,VOL_COMPRESSION,3142,3148,2018-05-12T02:00:00,2018-05-12T08:00:00,7,TREND_DOWN,TREND_DOWN
d4853c5326535a46f05317aa06257d5301fe896d835255bd5841a2dc24bda7a2,282,TREND_DOWN,3149,3161,2018-05-12T09:00:00,2018-05-12T21:00:00,13,VOL_COMPRESSION,VOL_COMPRESSION
dbda27b12bc390c19cce18e0d7a45a9e98d60a6ed4ad740f84bcf17940e4a382,283,VOL_COMPRESSION,3162,3172,2018-05-12T22:00:00,2018-05-13T08:00:00,11,TREND_DOWN,TREND_DOWN
d7216b25a85b68445b7e039da0b4aa8c2064fe91862afca871b3ee475fc5af49,284,TREND_DOWN,3173,3173,2018-05-13T09:00:00,2018-05-13T09:00:00,1,VOL_COMPRESSION,VOL_COMPRESSION
beb5816812a2749e44ad294834d487aa703ac83882adb2011110b3e94ff887b4,285,VOL_COMPRESSION,3174,3190,2018-05-13T10:00:00,2018-05-14T02:00:00,17,TREND_DOWN,RANGE
c09d3adeff2705946ff956a46a4430ad9a3a1013f5e359a14f034ed988212287,286,RANGE,3191,3191,2018-05-14T03:00:00,2018-05-14T03:00:00,1,VOL_COMPRESSION,TREND_DOWN
5b3cfeac5ea966a6ab0a00bf6217591536c0fa694f989fdf3a6a9a2b98c0245e,287,TREND_DOWN,3192,3193,2018-05-14T04:00:00,2018-05-14T05:00:00,2,RANGE,VOL_COMPRESSION
f7595e19c482ad39e4b07fa71560a6aad4b64a6f5ad509504c4401b18c183822,288,VOL_COMPRESSION,3194,3200,2018-05-14T06:00:00,2018-05-14T12:00:00,7,TREND_DOWN,TREND_DOWN
48204be163c7561bca80ff8e5383b01e2b8ee1d6a9dc0a00c084980eeb3515ac,289,TREND_DOWN,3201,3202,2018-05-14T13:00:00,2018-05-14T14:00:00,2,VOL_COMPRESSION,RANGE
af671cffe305cb530a51b687a06909d0ea7b8c84c18db6855b95b2025f9d4852,290,RANGE,3203,3204,2018-05-14T15:00:00,2018-05-14T16:00:00,2,TREND_DOWN,VOL_COMPRESSION
a54bbf69651b40afa51a943f6d169f2de973e63d56965c0e2060e43e5b19918a,291,VOL_COMPRESSION,3205,3209,2018-05-14T17:00:00,2018-05-14T21:00:00,5,RANGE,TREND_UP
d075794fafb8b67f840a34f30e0ebfcfd01f57eaee7d340a255f805935b7eb8e,292,TREND_UP,3210,3210,2018-05-14T22:00:00,2018-05-14T22:00:00,1,VOL_COMPRESSION,VOL_COMPRESSION
8452cabc5545273207242bbdfef2301f521621fb09e52a5f9290fd8bcfcc89b7,293,VOL_COMPRESSION,3211,3236,2018-05-14T23:00:00,2018-05-16T00:00:00,26,TREND_UP,TREND_DOWN
ae80210e048aa59be0e511b59964eeef6a65b18954ed0fb7a6c8a6adc51a8b3e,294,TREND_DOWN,3237,3242,2018-05-16T01:00:00,2018-05-16T06:00:00,6,VOL_COMPRESSION,VOL_COMPRESSION
16578a373ad11d71f2f888ca12848804c51941495ac86356965c843f30853e31,295,VOL_COMPRESSION,3243,3248,2018-05-16T07:00:00,2018-05-16T12:00:00,6,TREND_DOWN,TREND_DOWN
8c7bf1c804df31c4f18bf62de0d5d90247071afb5f47350db950f2952437e87e,296,TREND_DOWN,3249,3256,2018-05-16T13:00:00,2018-05-16T20:00:00,8,VOL_COMPRESSION,VOL_COMPRESSION
7d6781133af0cc706198703edecd500d8569ba3a6a6fc21a2625c2354d716d1a,297,VOL_COMPRESSION,3257,3419,2018-05-16T21:00:00,2018-05-23T15:00:00,163,TREND_DOWN,TREND_DOWN
0299f30b87fb6b20898c72e355fcdd1bee96abeaabeecc0c2c70cdf74118820b,298,TREND_DOWN,3420,3433,2018-05-23T16:00:00,2018-05-24T05:00:00,14,VOL_COMPRESSION,VOL_COMPRESSION
bd9831211a0d0b31e03bc60c67fabef38e7247c68f0b88646d7d263eef13439d,299,VOL_COMPRESSION,3434,3434,2018-05-24T06:00:00,2018-05-24T06:00:00,1,TREND_DOWN,TREND_DOWN
8e2876bb71c435eab7306a7c28952d3a0f5a5c6ef625b1f821c7745588df9844,300,TREND_DOWN,3435,3451,2018-05-24T07:00:00,2018-05-24T23:00:00,17,VOL_COMPRESSION,VOL_COMPRESSION
3d26735015a0e323a909fab025d02ba6e8a7311e9c2216692e3ae6cfe58bc9da,301,VOL_COMPRESSION,3452,3458,2018-05-25T00:00:00,2018-05-25T06:00:00,7,TREND_DOWN,TREND_DOWN
910aaf53a50d8d2d34aa26d4aa8edc254c44f696042da69ec46b7a4222a20b09,302,TREND_DOWN,3459,3459,2018-05-25T07:00:00,2018-05-25T07:00:00,1,VOL_COMPRESSION,VOL_COMPRESSION
f6c58e2b57ad16b72c4954acda7c3b230a68074e7c62a0078992f714e15e1d27,303,VOL_COMPRESSION,3460,3461,2018-05-25T08:00:00,2018-05-25T09:00:00,2,TREND_DOWN,TREND_DOWN
5e1b4edf8883bbecb4606ef0539b63d172473756146207241b29d4f1a728e651,304,TREND_DOWN,3462,3465,2018-05-25T10:00:00,2018-05-25T13:00:00,4,VOL_COMPRESSION,VOL_COMPRESSION
0cb162917f04ac738eafa68a7fe43c08abc0018b5d06aa3ecda341241274ccb1,305,VOL_COMPRESSION,3466,3850,2018-05-25T14:00:00,2018-06-10T16:00:00,385,TREND_DOWN,TREND_DOWN
ff9fcb6427fc75a529b9e1af3b54ecf323c65b70f4c4cf6e2f12b2a48520cd6e,306,TREND_DOWN,3851,3862,2018-06-10T17:00:00,2018-06-11T04:00:00,12,VOL_COMPRESSION,VOL_COMPRESSION
38e7916f01ebb1c7beecff446f335a59d9b5a7c16db19ed8c77ffb9669b0a857,307,VOL_COMPRESSION,3863,3865,2018-06-11T05:00:00,2018-06-11T07:00:00,3,TREND_DOWN,TREND_DOWN
4277da0b02f14aa8431f40ad0404cac57c4599397b6dab79df2a5b5109cde672,308,TREND_DOWN,3866,3867,2018-06-11T08:00:00,2018-06-11T09:00:00,2,VOL_COMPRESSION,VOL_COMPRESSION
809cb641df40708db485c7d13b656d1fb55068b10bd9e0b75b10dae98267c816,309,VOL_COMPRESSION,3868,3921,2018-06-11T10:00:00,2018-06-13T15:00:00,54,TREND_DOWN,TREND_DOWN
eda91586147ba62579a145afb081cd744e852b16be864e859884f5f188ed6b30,310,TREND_DOWN,3922,3929,2018-06-13T16:00:00,2018-06-13T23:00:00,8,VOL_COMPRESSION,VOL_COMPRESSION
d4c9af1478074613b3b7ecc476cb367d5b072404151d204a506e218f2feb93d9,311,VOL_COMPRESSION,3930,3931,2018-06-14T00:00:00,2018-06-14T01:00:00,2,TREND_DOWN,TREND_DOWN
cd2a3974257d785c3d2709e51b0d2c1a13a1974020e4d07f1bb562ea81069dd8,312,TREND_DOWN,3932,3934,2018-06-14T02:00:00,2018-06-14T04:00:00,3,VOL_COMPRESSION,VOL_COMPRESSION
babbd2001cce24660abbac8df96b73215f7101d908be7fba31d5b9d6920cc91e,313,VOL_COMPRESSION,3935,3945,2018-06-14T05:00:00,2018-06-14T15:00:00,11,TREND_DOWN,TREND_DOWN
c575ae872a4e1f464a79b0cacdd105233ff7b5d75556a47779eef0140822340b,314,TREND_DOWN,3946,3948,2018-06-14T16:00:00,2018-06-14T18:00:00,3,VOL_COMPRESSION,RANGE
ec0cecb20a210ba032ea624d3d9e9d663cd6f88a547328e1bfe1ba5f1650d2d2,315,RANGE,3949,3954,2018-06-14T19:00:00,2018-06-15T00:00:00,6,TREND_DOWN,VOL_COMPRESSION
2163035e645c3884003f7d9f9a0bec010e75ad1bd6c23d3a77bef760f8c98e0c,316,VOL_COMPRESSION,3955,4134,2018-06-15T01:00:00,2018-06-22T12:00:00,180,RANGE,TREND_DOWN
23ef01f4c90ed7fe4095038dd925022f709322f8b30c2b80166671cff7be1b43,317,TREND_DOWN,4135,4150,2018-06-22T13:00:00,2018-06-23T04:00:00,16,VOL_COMPRESSION,VOL_COMPRESSION
ec9c99c6ae97ba58c72e8c75ee3bf94e4794a6c9b7cd9ef9195a84421b3b1295,318,VOL_COMPRESSION,4151,4175,2018-06-23T05:00:00,2018-06-24T05:00:00,25,TREND_DOWN,TREND_DOWN
e8b1444cb078bdce45d2256dd3b62c5b06d1d970529550224ddd9605824a3aa0,319,TREND_DOWN,4176,4176,2018-06-24T06:00:00,2018-06-24T06:00:00,1,VOL_COMPRESSION,VOL_COMPRESSION
ce52d9eba688cb0d02254993427cbd8fa44f9565e3923ea3cff797f504dac35f,320,VOL_COMPRESSION,4177,4185,2018-06-24T07:00:00,2018-06-24T15:00:00,9,TREND_DOWN,TREND_DOWN
2ce96743bd4fd3e7de540792aac8ba7f4288f636bb2a863f8acc5013adfb703a,321,TREND_DOWN,4186,4189,2018-06-24T16:00:00,2018-06-24T19:00:00,4,VOL_COMPRESSION,RANGE
127117a2a31cf4f9419bdb6990831df86a83bfce42f2b27b584f8129d0ba1a5e,322,RANGE,4190,4193,2018-06-24T20:00:00,2018-06-24T23:00:00,4,TREND_DOWN,VOL_COMPRESSION
e08bf56ca46714147c8227b68ef2153b8c0b35b68122af01e77788f015d90623,323,VOL_COMPRESSION,4194,4207,2018-06-25T00:00:00,2018-06-25T13:00:00,14,RANGE,RANGE
b2bb6219caa56b96d95bf93f80ebbbe4d4c6c84aed4de441cb0c37fa5a77b7ed,324,RANGE,4208,4208,2018-06-25T14:00:00,2018-06-25T14:00:00,1,VOL_COMPRESSION,TREND_UP
6cda39c6621ec96943545b2d27f3c35ab82767fe0c66c0a8f15a6750ff42f5d9,325,TREND_UP,4209,4210,2018-06-25T15:00:00,2018-06-25T16:00:00,2,RANGE,VOL_COMPRESSION
f2eba880cf33396fc83fe08e59a3a448895cd1ca629902ce785e0955d8ae936a,326,VOL_COMPRESSION,4211,4311,2018-06-25T17:00:00,2018-06-29T21:00:00,101,TREND_UP,TREND_DOWN
cbfa7e1067e4815eb13c6663c76a83aed21b83aa6dddfeba63b61565cfec033b,327,TREND_DOWN,4312,4312,2018-06-29T22:00:00,2018-06-29T22:00:00,1,VOL_COMPRESSION,RANGE
e88290a1b4178fb6257a21e516d479d8dc342b9ee01ff51c4befd4e769eeca95,328,RANGE,4313,4314,2018-06-29T23:00:00,2018-06-30T00:00:00,2,TREND_DOWN,TREND_UP
1573eade457dacb4943b0c052f3d708370ad49e4f6c7fd7b7abf4a574cd048e4,329,TREND_UP,4315,4319,2018-06-30T01:00:00,2018-06-30T05:00:00,5,RANGE,VOL_COMPRESSION
f6c79af7e68e40fad48e5d0d39a6f38d0519969b412bf82cd79755ffedbe7177,330,VOL_COMPRESSION,4320,4738,2018-06-30T06:00:00,2018-07-17T16:00:00,419,TREND_UP,TREND_UP
6f62830189437745e89c4d9ece263195f1bc315c013dbacde48a135faf35a46f,331,TREND_UP,4739,4746,2018-07-17T17:00:00,2018-07-18T00:00:00,8,VOL_COMPRESSION,VOL_COMPRESSION
b061e898be6a51671e465ea5debca583d18ef41e9966f63d28906b3043c82dfc,332,VOL_COMPRESSION,4747,4748,2018-07-18T01:00:00,2018-07-18T02:00:00,2,TREND_UP,TREND_UP
e09280bdebe61cca1e311e37eec1bdd157135b46994d698ec8ea3ddc70926b2a,333,TREND_UP,4749,4750,2018-07-18T03:00:00,2018-07-18T04:00:00,2,VOL_COMPRESSION,VOL_COMPRESSION
b4f2fbd31e54349b22d6c943bcede20e850047bb0c82efe15f312eb2b5530e4d,334,VOL_COMPRESSION,4751,4765,2018-07-18T05:00:00,2018-07-18T19:00:00,15,TREND_UP,TREND_UP
13c18c1b015e5d015b64d3dbc0690dece8efebc35363b29e50a9f964581a84f8,335,TREND_UP,4766,4768,2018-07-18T20:00:00,2018-07-18T22:00:00,3,VOL_COMPRESSION,VOL_COMPRESSION
73beff80cd88045bb81410127437f41bf71742fa3366a7a6b4a47a4ced6e6743,336,VOL_COMPRESSION,4769,4810,2018-07-18T23:00:00,2018-07-20T16:00:00,42,TREND_UP,TREND_UP
8894f63f79d5ee93767495a10fdd3af9ddc9297b43e5e19c1119f52edeea7778,337,TREND_UP,4811,4813,2018-07-20T17:00:00,2018-07-20T19:00:00,3,VOL_COMPRESSION,VOL_COMPRESSION
92ce275e4402e4a816108bb0dc7d526bde305c62faca5fd54a423193bca8be5e,338,VOL_COMPRESSION,4814,4901,2018-07-20T20:00:00,2018-07-24T11:00:00,88,TREND_UP,TREND_UP
ddce50ca76463b168bb49e0f28a0d166f6692dd334783ae4c357b9532da3e8d6,339,TREND_UP,4902,4905,2018-07-24T12:00:00,2018-07-24T15:00:00,4,VOL_COMPRESSION,VOL_COMPRESSION
f662c6ba33c0b4a9c30882f8b6176c604decda1f577453a96160feffae04925f,340,VOL_COMPRESSION,4906,4976,2018-07-24T16:00:00,2018-07-27T14:00:00,71,TREND_UP,TREND_DOWN
a8dad5dc17ba5b2af21fab2e7ca2cb58e2a75bf13b156aed57aa10ffb66edab6,341,TREND_DOWN,4977,4978,2018-07-27T15:00:00,2018-07-27T16:00:00,2,VOL_COMPRESSION,VOL_COMPRESSION
711c9445fa80426838c498537682b67a024e7918c1403df31492e1edb61a2c1b,342,VOL_COMPRESSION,4979,5168,2018-07-27T17:00:00,2018-08-04T14:00:00,190,TREND_DOWN,TREND_DOWN
4b15fd30ff2293692b2e3dba4787a7bfe9071b3a84f0267cb58b674bae6812b7,343,TREND_DOWN,5169,5169,2018-08-04T15:00:00,2018-08-04T15:00:00,1,VOL_COMPRESSION,VOL_COMPRESSION
8a7a24feca53e94c5e5d451d82863bdfa8f31e87dfc363a22fff27494d5f312b,344,VOL_COMPRESSION,5170,5246,2018-08-04T16:00:00,2018-08-07T20:00:00,77,TREND_DOWN,TREND_DOWN
a0498872dcd7258716d08f0e5ca92479568b412d717a7d31b2912fe0e1bba0d7,345,TREND_DOWN,5247,5261,2018-08-07T21:00:00,2018-08-08T11:00:00,15,VOL_COMPRESSION,VOL_COMPRESSION
44754e202b387e1640122bfca77d36bab5c5470a2b64b8586c58fa58f3f3b49b,346,VOL_COMPRESSION,5262,5265,2018-08-08T12:00:00,2018-08-08T15:00:00,4,TREND_DOWN,TREND_DOWN
80889da4ee6e3d85ae46d0489c4f554f6254b9eea55ac0f9795593b3b8d2047d,347,TREND_DOWN,5266,5275,2018-08-08T16:00:00,2018-08-09T01:00:00,10,VOL_COMPRESSION,VOL_COMPRESSION
005496766cdba091f56024f28819f25644cd89da5b964154fe7f21ce7aca48be,348,VOL_COMPRESSION,5276,5286,2018-08-09T02:00:00,2018-08-09T12:00:00,11,TREND_DOWN,TREND_DOWN
9b0cded17095a8ff26e6c8a5baf30a62d7a70b30fefce9cb0e943441ebdcd8b6,349,TREND_DOWN,5287,5291,2018-08-09T13:00:00,2018-08-09T17:00:00,5,VOL_COMPRESSION,VOL_COMPRESSION
007ff6035ba3a27ed50a329bad24bf6d63440532979762f1d012c892f2d7d2bc,350,VOL_COMPRESSION,5292,5298,2018-08-09T18:00:00,2018-08-10T00:00:00,7,TREND_DOWN,RANGE
f91ea20784b414a40a737660e15957f09e467b95a684aefd161280ce7d8d966c,351,RANGE,5299,5299,2018-08-10T16:00:00,2018-08-10T16:00:00,1,VOL_COMPRESSION,TREND_DOWN
6dc58592c757ef4ae22fad0ad6961642c7b4dcb071fcadaad6b0e9e82e2a6f0e,352,TREND_DOWN,5300,5301,2018-08-10T17:00:00,2018-08-10T18:00:00,2,RANGE,VOL_COMPRESSION
9aef8f42935d3595de5801c41137801f534bdb0c469ff8bae0f4cc9da2031904,353,VOL_COMPRESSION,5302,5302,2018-08-10T19:00:00,2018-08-10T19:00:00,1,TREND_DOWN,TREND_DOWN
d1ebdcbd4ca26ccc11b7c7588622111ccf6b774d789d853d7d80c2f2c4dbbeb7,354,TREND_DOWN,5303,5315,2018-08-10T20:00:00,2018-08-11T08:00:00,13,VOL_COMPRESSION,VOL_COMPRESSION
6bc90811cbc72cbbde4cde1dad91141e8167c270feefaf2d3a1d3a49528a1e8d,355,VOL_COMPRESSION,5316,5323,2018-08-11T09:00:00,2018-08-11T16:00:00,8,TREND_DOWN,TREND_DOWN
31279873e68f452ad23d09dd7ce7c8b256c4a43004d80872062a69acf2884501,356,TREND_DOWN,5324,5326,2018-08-11T17:00:00,2018-08-11T19:00:00,3,VOL_COMPRESSION,RANGE
e6fe555f6376635f3a6dfd5a5e01340743a7fc45504a2611a3c8ff51d8043d60,357,RANGE,5327,5328,2018-08-11T20:00:00,2018-08-11T21:00:00,2,TREND_DOWN,VOL_COMPRESSION
e905863de4524a20c64d80d42474c3ae586881c0d6e4b01fb0a2d621e2b589be,358,VOL_COMPRESSION,5329,5329,2018-08-11T22:00:00,2018-08-11T22:00:00,1,RANGE,RANGE
9250a93129d11d179359772d005950d82cbdcf5230a36044c0cf3945bf04bfed,359,RANGE,5330,5331,2018-08-11T23:00:00,2018-08-12T00:00:00,2,VOL_COMPRESSION,TREND_DOWN
71284a85f5d4bb7fcfd61c99b0078ed8e9fd9da8f236fb505bc4dacbf43c9299,360,TREND_DOWN,5332,5333,2018-08-12T01:00:00,2018-08-12T02:00:00,2,RANGE,VOL_COMPRESSION
72170c3324ad117ffd6b150a0f0bd08277835aac087dff0836834569c68be94e,361,VOL_COMPRESSION,5334,5342,2018-08-12T03:00:00,2018-08-12T11:00:00,9,TREND_DOWN,TREND_DOWN
2974405a066baf794d86d92e2d137648862dc94409d39fc7f36e2551902d10dc,362,TREND_DOWN,5343,5343,2018-08-12T12:00:00,2018-08-12T12:00:00,1,VOL_COMPRESSION,VOL_COMPRESSION
f55c105a6e169f2ee123d1a978ecfd87902b1a4d805e369062e10e7b00de9e5d,363,VOL_COMPRESSION,5344,5349,2018-08-12T13:00:00,2018-08-12T18:00:00,6,TREND_DOWN,RANGE
6425f681e633bfb07d5538d54b0375b18d355246a924f953af2ce4e8196c14a6,364,RANGE,5350,5354,2018-08-12T19:00:00,2018-08-12T23:00:00,5,VOL_COMPRESSION,VOL_COMPRESSION
a49ad8512d80e8af6d729e3f4cca9358f8b1e308d966ac139781d695701ae4d0,365,VOL_COMPRESSION,5355,5369,2018-08-13T00:00:00,2018-08-13T14:00:00,15,RANGE,TREND_UP
41eebf9312448116e327ab07e30d3d0536f335da49238b8a071d6727a9a8a3fb,366,TREND_UP,5370,5370,2018-08-13T15:00:00,2018-08-13T15:00:00,1,VOL_COMPRESSION,VOL_COMPRESSION
09d86d0585b9314e0735769908743661efc64439f80a7c2579adfd3d22988593,367,VOL_COMPRESSION,5371,5371,2018-08-13T16:00:00,2018-08-13T16:00:00,1,TREND_UP,RANGE
cff6d3a29969f96318f2adf0d16ee467d103a691aa89186f339fdc815d115860,368,RANGE,5372,5374,2018-08-13T17:00:00,2018-08-13T19:00:00,3,VOL_COMPRESSION,TREND_DOWN
a0b3c6dfa754f38595f425b6bada434ebd63fa4c566d4be44f989a3fb01a343b,369,TREND_DOWN,5375,5375,2018-08-13T20:00:00,2018-08-13T20:00:00,1,RANGE,VOL_COMPRESSION
0432c7fd76842dc2955d85794ba0c69c155606f2ede443d7f38ac4d6d9208554,370,VOL_COMPRESSION,5376,5379,2018-08-13T21:00:00,2018-08-14T00:00:00,4,TREND_DOWN,TREND_DOWN
c14fd04ae6f7d9aa5693adfc24722d244902de76d20b7a46c99f55ad7cc321a0,371,TREND_DOWN,5380,5387,2018-08-14T01:00:00,2018-08-14T08:00:00,8,VOL_COMPRESSION,VOL_COMPRESSION
69361f459f4a57660dedddf9fde722f7a4e15bed01819dd7d93a694f3c4d7bba,372,VOL_COMPRESSION,5388,5388,2018-08-14T09:00:00,2018-08-14T09:00:00,1,TREND_DOWN,TREND_DOWN
4070ae4c431b461c8e54a3b3ddf7867ea7e864dc1439b8cf7f16411a186e4980,373,TREND_DOWN,5389,5389,2018-08-14T10:00:00,2018-08-14T10:00:00,1,VOL_COMPRESSION,VOL_COMPRESSION
c4b8bddbf68bd628eb85c1d5d2a7c5a8dd25670ad963b2dd3e7cc2e41f574bbe,374,VOL_COMPRESSION,5390,5390,2018-08-14T11:00:00,2018-08-14T11:00:00,1,TREND_DOWN,TREND_DOWN
94672b7d726795e92301ceb78e499e651c7a0211629371e6d0135af308cc1b61,375,TREND_DOWN,5391,5398,2018-08-14T12:00:00,2018-08-14T19:00:00,8,VOL_COMPRESSION,VOL_COMPRESSION
bc671e44fb500dd26b79bfeec66ea52c72b430471e08782a7c937feb1dc7024e,376,VOL_COMPRESSION,5399,5401,2018-08-14T20:00:00,2018-08-14T22:00:00,3,TREND_DOWN,TREND_DOWN
fecae64b492944b9fdb456495c6d3132e1a7fe0551f83705a479bb2f0bc03bb4,377,TREND_DOWN,5402,5403,2018-08-14T23:00:00,2018-08-15T00:00:00,2,VOL_COMPRESSION,VOL_COMPRESSION
8faed11649fee79a3c5139f0776f1b6fcadd5c1eda3b2215bbe1e89255e17cdc,378,VOL_COMPRESSION,5404,5406,2018-08-15T01:00:00,2018-08-15T03:00:00,3,TREND_DOWN,RANGE
7f79fea2887c164391df175a50230df5e32080d72338d94ee16711a971cba414,379,RANGE,5407,5407,2018-08-15T04:00:00,2018-08-15T04:00:00,1,VOL_COMPRESSION,VOL_COMPRESSION
6ea484e5bd90a23f667ae81d4d1df88636b9406840c6052364df20ec26298a14,380,VOL_COMPRESSION,5408,5409,2018-08-15T05:00:00,2018-08-15T06:00:00,2,RANGE,TREND_UP
c582fc4606362a477c471aa0bf1436286a4013bb11922c4b813c53c120b961b0,381,TREND_UP,5410,5428,2018-08-15T07:00:00,2018-08-16T01:00:00,19,VOL_COMPRESSION,RANGE
59ea1330ec3dc56af4a673279ca7777d56de69c43ef673ff1d317875b5fc6092,382,RANGE,5429,5431,2018-08-16T02:00:00,2018-08-16T04:00:00,3,TREND_UP,VOL_COMPRESSION
77e5d4d9822fa304152374dbc385b85e7ebbd33bef914a51f62d3fdbfa475dd1,383,VOL_COMPRESSION,5432,5438,2018-08-16T05:00:00,2018-08-16T11:00:00,7,RANGE,TREND_UP
0c305a6f8387d61cd03792d884f562a7a13fa179291fbd9535d9ed0a0d4420b9,384,TREND_UP,5439,5440,2018-08-16T12:00:00,2018-08-16T13:00:00,2,VOL_COMPRESSION,VOL_COMPRESSION
25089044fd64627e51f6699f0b49ec8520378c0fb00ebbfe643d3406cf5fc518,385,VOL_COMPRESSION,5441,5441,2018-08-16T14:00:00,2018-08-16T14:00:00,1,TREND_UP,TREND_UP
b24a31a1c2feeb226849f7348ece13d5aa65e124603dd0c34fe79f3394e79f4c,386,TREND_UP,5442,5444,2018-08-16T15:00:00,2018-08-16T17:00:00,3,VOL_COMPRESSION,VOL_COMPRESSION
a22007e9df61ef70b4262150d51b72b4331a2b031c115cb06ef4147c2dbf7718,387,VOL_COMPRESSION,5445,5446,2018-08-16T18:00:00,2018-08-16T19:00:00,2,TREND_UP,TREND_UP
e91d6018272926772d1282f52f707659ea98a8c9f65ee65a8d3d20ab1a42c184,388,TREND_UP,5447,5448,2018-08-16T20:00:00,2018-08-16T21:00:00,2,VOL_COMPRESSION,VOL_COMPRESSION
b4f7bdb5e13b57b83a324346ec655de8d8d40f1c6b481a4ea945326c11535b52,389,VOL_COMPRESSION,5449,5571,2018-08-16T22:00:00,2018-08-22T00:00:00,123,TREND_UP,TREND_UP
1c5b26f53ea5cd3d5870888372b885ef302ee2d626ea77449808b6646a688bef,390,TREND_UP,5572,5576,2018-08-22T01:00:00,2018-08-22T05:00:00,5,VOL_COMPRESSION,VOL_COMPRESSION
b478875eaf25c2f5616f6ee6d772c0b593a8a52ba90aeeaa214cd4736672c57e,391,VOL_COMPRESSION,5577,5592,2018-08-22T06:00:00,2018-08-22T21:00:00,16,TREND_UP,RANGE
0e8b17fd558287180dbc6e3b39c20fea595b2e06dd5469193ee0feecca8d2ab5,392,RANGE,5593,5593,2018-08-22T22:00:00,2018-08-22T22:00:00,1,VOL_COMPRESSION,TREND_DOWN
cc9f602e347893f764a61617de4e2f3502fd74b84e144dd8dad02f257ed79c9c,393,TREND_DOWN,5594,5596,2018-08-22T23:00:00,2018-08-23T01:00:00,3,RANGE,VOL_COMPRESSION
68659626610298e96539e4ed1d0d772d7d9ece733db92adad1b18d8c43979685,394,VOL_COMPRESSION,5597,5922,2018-08-23T02:00:00,2018-09-05T15:00:00,326,TREND_DOWN,TREND_DOWN
588f513fee448cb22cf90136ca2b1c71c2a4ce578ad650be75c899d822114e55,395,TREND_DOWN,5923,5923,2018-09-05T16:00:00,2018-09-05T16:00:00,1,VOL_COMPRESSION,VOL_COMPRESSION
6c1c6021a3bfad2fa022edda810b8ead684a8c94506e2db50862c833075010df,396,VOL_COMPRESSION,5924,5929,2018-09-05T17:00:00,2018-09-05T22:00:00,6,TREND_DOWN,TREND_DOWN
856680e4f4dc518a1c65c02eaaf5e52aa2cd4e03e1754117221c0c18d4a95c9c,397,TREND_DOWN,5930,5942,2018-09-05T23:00:00,2018-09-06T11:00:00,13,VOL_COMPRESSION,VOL_COMPRESSION
7d6324f7b1050a89aa8f7f5ea83265979cf51d4e4e6183ce9cf4b63072d9628f,398,VOL_COMPRESSION,5943,5943,2018-09-06T12:00:00,2018-09-06T12:00:00,1,TREND_DOWN,TREND_DOWN
b030eee81a7136d11885420a82c2544464c3ff5d0e9521e0e3beefe085c2cd45,399,TREND_DOWN,5944,5944,2018-09-06T13:00:00,2018-09-06T13:00:00,1,VOL_COMPRESSION,VOL_COMPRESSION
539372bf6282aea880a0e6f3bf8a3d45e60c1983e1ce508d3e4535aa9fb16fdb,400,VOL_COMPRESSION,5945,6261,2018-09-06T14:00:00,2018-09-19T18:00:00,317,TREND_DOWN,TREND_DOWN
83397999bfc7087af2a0fb98b9a51fdb158539f8e70116dfe386e92c5ecb9c4c,401,TREND_DOWN,6262,6263,2018-09-19T19:00:00,2018-09-19T20:00:00,2,VOL_COMPRESSION,RANGE
6e179084efe64d787af4959b55bf2418b7b787ef38731c391f89ed429fc62213,402,RANGE,6264,6265,2018-09-19T21:00:00,2018-09-19T22:00:00,2,TREND_DOWN,VOL_COMPRESSION
524eb35d87d940eb5963804535c5a4a67772e505f28c19a351d8cc5f15edb947,403,VOL_COMPRESSION,6266,6771,2018-09-19T23:00:00,2018-10-11T00:00:00,506,RANGE,TREND_DOWN
380a5283bca957993b31c4935572fcdc20f2707ed5b69a99d955acfdaf68b731,404,TREND_DOWN,6772,6774,2018-10-11T01:00:00,2018-10-11T03:00:00,3,VOL_COMPRESSION,VOL_COMPRESSION
c6f8764dfa1cd689ba22b932e3940596fb77a5a36a6e42ce8f1dd7346057af14,405,VOL_COMPRESSION,6775,6872,2018-10-11T04:00:00,2018-10-15T05:00:00,98,TREND_DOWN,TREND_UP
e395228946cd4695a6669051f8443b8cfbc7feeece56a78ccf8341a0a629fe6b,406,TREND_UP,6873,6881,2018-10-15T06:00:00,2018-10-15T14:00:00,9,VOL_COMPRESSION,VOL_COMPRESSION
ab7339bd26e9514be0eebb0e3cbde89e6a3337e6d1983b1339b553ce36a9c1c3,407,VOL_COMPRESSION,6882,7602,2018-10-15T15:00:00,2018-11-14T15:00:00,721,TREND_UP,TREND_DOWN
b90fdc14832d42b4a86403a86592fa8721aa0b3c277ae5c544a77cfd9dcdac5e,408,TREND_DOWN,7603,7605,2018-11-14T16:00:00,2018-11-14T18:00:00,3,VOL_COMPRESSION,VOL_EXPANSION
659d7c2c9efa569bebc0f193f253f885835a18f57a4076b800aff49158c63d78,409,VOL_EXPANSION,7606,7610,2018-11-14T19:00:00,2018-11-14T23:00:00,5,TREND_DOWN,TREND_DOWN
e8fdde8839ac224d704ee87f45ae1bc0bda15ea14f9b980865ba95ac6adb3932,410,TREND_DOWN,7611,7639,2018-11-15T00:00:00,2018-11-16T04:00:00,29,VOL_EXPANSION,VOL_COMPRESSION
92cc45f35d7e019eb82cc5da3847022695e4baa9fba366b5d986a0a8d764856d,411,VOL_COMPRESSION,7640,7714,2018-11-16T05:00:00,2018-11-19T07:00:00,75,TREND_DOWN,TREND_DOWN
88d0f8e2f6ad2d70c29ea7629260ee4c377de6b1d0acb483889942b1b882e961,412,TREND_DOWN,7715,7727,2018-11-19T08:00:00,2018-11-19T20:00:00,13,VOL_COMPRESSION,VOL_EXPANSION
33ccb2bf1986f18016ed5a1fb735adf121b4f0ac8515d5e66d391223e38c3a97,413,VOL_EXPANSION,7728,7731,2018-11-19T21:00:00,2018-11-20T00:00:00,4,TREND_DOWN,TREND_DOWN
2580d91c68a8ca15b380a8ecd0dfe69954def5d50c071c8140e3ecbb5b2c2f4c,414,TREND_DOWN,7732,7738,2018-11-20T01:00:00,2018-11-20T07:00:00,7,VOL_EXPANSION,VOL_EXPANSION
2cb99fb1160dbfbc0366206ee620ae5f3da17a0481e1a7cab8a9a264a5feafe6,415,VOL_EXPANSION,7739,7743,2018-11-20T08:00:00,2018-11-20T12:00:00,5,TREND_DOWN,TREND_DOWN
3f6b066195f68df845ee0fbf99a2f3b403189a60ccec48e9d9d2c74112d08c91,416,TREND_DOWN,7744,7746,2018-11-20T13:00:00,2018-11-20T15:00:00,3,VOL_EXPANSION,VOL_EXPANSION
aa29d6c1c23d6112d1576f790f0800c081d9cefa1b10cf9bda40fa7df135f937,417,VOL_EXPANSION,7747,7749,2018-11-20T16:00:00,2018-11-20T18:00:00,3,TREND_DOWN,TREND_DOWN
34c464e900a0f61b4ef51aec927c8f0540b1dde8d2ac20bb830b6fcf8727ad8e,418,TREND_DOWN,7750,7750,2018-11-20T19:00:00,2018-11-20T19:00:00,1,VOL_EXPANSION,HIGH_VOL
51dfd8d17252fdfa3b83139dd8c02c012dcb4a0f9b047b989b92c6fc639ddf01,419,HIGH_VOL,7751,7755,2018-11-20T20:00:00,2018-11-21T00:00:00,5,TREND_DOWN,TREND_DOWN
ce6b3ad10350b843b1f5909eb6b45c207948534a99037917c85860a7094069b1,420,TREND_DOWN,7756,7796,2018-11-21T01:00:00,2018-11-22T17:00:00,41,HIGH_VOL,VOL_COMPRESSION
8eaeb42dea5bad81c1cc888ebc7b1abfb7dbaedd7d082ff3f33df41e41e8cc60,421,VOL_COMPRESSION,7797,7801,2018-11-22T18:00:00,2018-11-22T22:00:00,5,TREND_DOWN,TREND_DOWN
95595ccb1d5830fbd8338096fad531fabe9b29e476876695b648b3d8003877f5,422,TREND_DOWN,7802,7830,2018-11-22T23:00:00,2018-11-24T03:00:00,29,VOL_COMPRESSION,VOL_COMPRESSION
5942b5eb687eb18413522589af861bc504ac46ea99e4430743119f6757f9f761,423,VOL_COMPRESSION,7831,7847,2018-11-24T04:00:00,2018-11-24T20:00:00,17,TREND_DOWN,TREND_DOWN
579c692d693a3fdaea1e28686433b059ebfa022c64fbbd6740643290782892cf,424,TREND_DOWN,7848,7848,2018-11-24T21:00:00,2018-11-24T21:00:00,1,VOL_COMPRESSION,VOL_EXPANSION
af069a312740c3435ba4e459dbc7bff1dfcb292a2042d59a5cbb83122e2d3cd7,425,VOL_EXPANSION,7849,7854,2018-11-24T22:00:00,2018-11-25T03:00:00,6,TREND_DOWN,TREND_DOWN
c288dd7e0644ed77e1ca40559dcef23c722f2e65f237f63225f70e995ed2b1ea,426,TREND_DOWN,7855,7861,2018-11-25T04:00:00,2018-11-25T10:00:00,7,VOL_EXPANSION,VOL_EXPANSION
7506667dee5268ccbd67f1460bfb42be9c940381a7df6f34bcf8263f13d84bea,427,VOL_EXPANSION,7862,7865,2018-11-25T11:00:00,2018-11-25T14:00:00,4,TREND_DOWN,TREND_DOWN
d59d4f7fc11d5036244e2b1326b18eb6be8b7ce1d70cfacf8862628daf64f307,428,TREND_DOWN,7866,7870,2018-11-25T15:00:00,2018-11-25T19:00:00,5,VOL_EXPANSION,VOL_EXPANSION
05791dcabcb1bcdf733815a7172db95ffd567cec3c93b224d8fc1b4fcab126c2,429,VOL_EXPANSION,7871,7875,2018-11-25T20:00:00,2018-11-26T00:00:00,5,TREND_DOWN,RANGE
c0a6c03a744cd4024c2a22c35471c429ef083670b4a97d8dafc1a8792adb2d11,430,RANGE,7876,7876,2018-11-26T01:00:00,2018-11-26T01:00:00,1,VOL_EXPANSION,TREND_DOWN
6320580c77e5a7f86f533b646f6d975b69c29c6c258a2d219f6ce1848943b0cf,431,TREND_DOWN,7877,7880,2018-11-26T02:00:00,2018-11-26T05:00:00,4,RANGE,RANGE
4aba26cdb35fb5d00ebce17479d2be0702f6bef23b5e955bd219b343b516e17a,432,RANGE,7881,7882,2018-11-26T06:00:00,2018-11-26T07:00:00,2,TREND_DOWN,TREND_DOWN
1f080e42406142a118890d18791d23f247a712fff5d065715be6ffd01e0d81ae,433,TREND_DOWN,7883,7890,2018-11-26T08:00:00,2018-11-26T15:00:00,8,RANGE,VOL_EXPANSION
347eb8286c03166c2d2365ec3682fed0554d95a6ef9d0231dbfa72eb07bfe015,434,VOL_EXPANSION,7891,7895,2018-11-26T16:00:00,2018-11-26T20:00:00,5,TREND_DOWN,TREND_DOWN
29074755dabb4dfb7b43652214732b28f280f84242bd07a310dbe1a8d7ee46a7,435,TREND_DOWN,7896,7923,2018-11-26T21:00:00,2018-11-28T00:00:00,28,VOL_EXPANSION,RANGE
4dcba7d084abb42afc1ace0e82d08e1965b27febe6dd6888a902699b804f6ed0,436,RANGE,7924,7928,2018-11-28T01:00:00,2018-11-28T05:00:00,5,TREND_DOWN,TREND_UP
e7aad53a84a476cf4eae77159d89f864dad2ea0d5e060303f6cc61b77e8bf56b,437,TREND_UP,7929,7981,2018-11-28T06:00:00,2018-11-30T10:00:00,53,RANGE,RANGE
ec2338957977140784bba307e4567c9a047cc263248199371774b8d3c038994a,438,RANGE,7982,7985,2018-11-30T11:00:00,2018-11-30T14:00:00,4,TREND_UP,TREND_DOWN
5feaa9964bc31bacc22eadaae72c344dda4298e3841c9c80c4a13289fcba85dc,439,TREND_DOWN,7986,7999,2018-11-30T15:00:00,2018-12-01T04:00:00,14,RANGE,VOL_COMPRESSION
ca6ab85e3a4a5d48dce5722d2a3a90429b056423606e34e10aff98ddd1c76519,440,VOL_COMPRESSION,8000,8004,2018-12-01T05:00:00,2018-12-01T09:00:00,5,TREND_DOWN,TREND_DOWN
763de7cf488f9e3b904666ac205297e80cddd32b3b198fcd05d29f9082f8600b,441,TREND_DOWN,8005,8006,2018-12-01T10:00:00,2018-12-01T11:00:00,2,VOL_COMPRESSION,RANGE
254c828ec915a1b8005f45f8fdb415774cdd1ed17bdb148b66ad200d589da98b,442,RANGE,8007,8010,2018-12-01T12:00:00,2018-12-01T15:00:00,4,TREND_DOWN,TREND_UP
b6234e59f5b8cecf9ca0d28bee0be14cc73902b6bb83a5860982fee8c4f86d02,443,TREND_UP,8011,8030,2018-12-01T16:00:00,2018-12-02T11:00:00,20,RANGE,RANGE
217ed531c9e70fe457edcf0411c260155a1d5641a6ff454b72481cc0c64db5bf,444,RANGE,8031,8034,2018-12-02T12:00:00,2018-12-02T15:00:00,4,TREND_UP,TREND_UP
ef8b213f9e5a5d5713491eb744dbbd629dc2f03b32630b54d9003ff2e90a6bbd,445,TREND_UP,8035,8043,2018-12-02T16:00:00,2018-12-03T00:00:00,9,RANGE,RANGE
529eeaa934dd342bbf306efb6eab522e7bbdfb61ef970820ad2e7141a05b6139,446,RANGE,8044,8044,2018-12-03T01:00:00,2018-12-03T01:00:00,1,TREND_UP,TREND_DOWN
f2b4bdc89b708979ff89e5481f1503e8fa2e9d81e8e3ebbe4f3e34c090100805,447,TREND_DOWN,8045,8052,2018-12-03T02:00:00,2018-12-03T09:00:00,8,RANGE,VOL_COMPRESSION
4b1586ce4c664afbff5e65233b15afa65f529a7540d86c13bdf37fc0fbbed25b,448,VOL_COMPRESSION,8053,8057,2018-12-03T10:00:00,2018-12-03T14:00:00,5,TREND_DOWN,TREND_DOWN
fc5f8ee3ee082efb623844bb1e856b000ba630c2d6480638fdb980fb9c323ccd,449,TREND_DOWN,8058,8068,2018-12-03T15:00:00,2018-12-04T01:00:00,11,VOL_COMPRESSION,VOL_COMPRESSION
1eccf9d818312f6d6289016c53383a9f9cf28c7d4307d5abe6e8046eae1db31d,450,VOL_COMPRESSION,8069,8069,2018-12-04T02:00:00,2018-12-04T02:00:00,1,TREND_DOWN,TREND_DOWN
fb0c1a93d1c314b69b6f1915a8c8976a0d37678f30d52375b4d4a6a0a953c87b,451,TREND_DOWN,8070,8081,2018-12-04T03:00:00,2018-12-04T14:00:00,12,VOL_COMPRESSION,RANGE
809cfdd77947a90704b686858420c496765c1e6543bec2f0971dbf3684beb099,452,RANGE,8082,8083,2018-12-04T15:00:00,2018-12-04T16:00:00,2,TREND_DOWN,TREND_DOWN
d1c3442e7883b2210c0cee04f35d963b5b2c96d0ae03a7aa0226512b4a892fec,453,TREND_DOWN,8084,8089,2018-12-04T17:00:00,2018-12-04T22:00:00,6,RANGE,VOL_COMPRESSION
0583aa0463fa4d3ee47d4688ea56bba9405d9b04020f47d904b6b4dcfd163373,454,VOL_COMPRESSION,8090,8106,2018-12-04T23:00:00,2018-12-05T15:00:00,17,TREND_DOWN,TREND_DOWN
2fbd08fbe6e2dedacba0fb937375b86e176127d51cd7b6abfc22967a3779ab23,455,TREND_DOWN,8107,8112,2018-12-05T16:00:00,2018-12-05T21:00:00,6,VOL_COMPRESSION,VOL_COMPRESSION
275f72306793389d9394bd5fb1be0019da6de1e8e1567b7e8130374c357fb4f0,456,VOL_COMPRESSION,8113,8113,2018-12-05T22:00:00,2018-12-05T22:00:00,1,TREND_DOWN,TREND_DOWN
0067a8e83449c390188df824fadbaed3cd030144e40d279270bc696d746e8e6b,457,TREND_DOWN,8114,8115,2018-12-05T23:00:00,2018-12-06T00:00:00,2,VOL_COMPRESSION,VOL_COMPRESSION
8472ea3fff27de9ccdcb35e873ec71049e455d1f257ba916e24282f7b6d4c86a,458,VOL_COMPRESSION,8116,8119,2018-12-06T01:00:00,2018-12-06T04:00:00,4,TREND_DOWN,TREND_DOWN
b997d3a5afc37f8b7a36ea464ce3a5b5b7bfb4c6dbda0e61d8662c97efca1087,459,TREND_DOWN,8120,8138,2018-12-06T05:00:00,2018-12-06T23:00:00,19,VOL_COMPRESSION,VOL_EXPANSION
f441fd520f036203a01340617429f2a32b07137e2ce8868d9427ff0d7ff2ec8d,460,VOL_EXPANSION,8139,8142,2018-12-07T00:00:00,2018-12-07T03:00:00,4,TREND_DOWN,TREND_DOWN
ca9ec8c8a1c15e3bb2bc3d9841dd5f4c427bba72cd00c359a326fe007cad7523,461,TREND_DOWN,8143,8157,2018-12-07T04:00:00,2018-12-07T18:00:00,15,VOL_EXPANSION,VOL_EXPANSION
010bff08d768acbbcd79c16a86b81580f52fc5304e7406dedf08be4157f27a48,462,VOL_EXPANSION,8158,8162,2018-12-07T19:00:00,2018-12-07T23:00:00,5,TREND_DOWN,TREND_DOWN
4a55b5d619a2648dee9348f496f2172432ae3d7d028d8ef044add0c51ba709da,463,TREND_DOWN,8163,8194,2018-12-08T00:00:00,2018-12-09T07:00:00,32,VOL_EXPANSION,VOL_COMPRESSION
c4b9d6a911c9035ebd5c72fe255742f1a5f4c84455370a1d4404e608983106ef,464,VOL_COMPRESSION,8195,8199,2018-12-09T08:00:00,2018-12-09T12:00:00,5,TREND_DOWN,TREND_DOWN
fecfc1639901b820a6374607b68af9a1086c2e870efbf563f0bae137e1f4f820,465,TREND_DOWN,8200,8200,2018-12-09T13:00:00,2018-12-09T13:00:00,1,VOL_COMPRESSION,RANGE
db05dcc28a26fb15702cf59a74e31d0c5de94923cba94c7a2e887b333c12bc18,466,RANGE,8201,8202,2018-12-09T14:00:00,2018-12-09T15:00:00,2,TREND_DOWN,TREND_UP
4fbc34d2a541d4d8e38ca131e15df21d5c4a5ecaec68e1452e4967d6a018f9d0,467,TREND_UP,8203,8214,2018-12-09T16:00:00,2018-12-10T03:00:00,12,RANGE,VOL_COMPRESSION
39b1d9f15826f4cab9e73885f2ab5b3f81a5e6d7bf31cefe43be16adfff262e0,468,VOL_COMPRESSION,8215,8216,2018-12-10T04:00:00,2018-12-10T05:00:00,2,TREND_UP,TREND_UP
64b86ebfa28fea753e75aa91aef952f1fc48db1c252406eeaef2119cf161f845,469,TREND_UP,8217,8218,2018-12-10T06:00:00,2018-12-10T07:00:00,2,VOL_COMPRESSION,VOL_COMPRESSION
3a9399fb2042bf839a9755b7b5110c1b8944555321bd9fd722eb288cf182cca6,470,VOL_COMPRESSION,8219,8226,2018-12-10T08:00:00,2018-12-10T15:00:00,8,TREND_UP,RANGE
a1030bf606327a1ade74d368a3d2fe4509fe4c37ee1cf23a9965fbf73cf0b383,471,RANGE,8227,8228,2018-12-10T16:00:00,2018-12-10T17:00:00,2,VOL_COMPRESSION,TREND_DOWN
ee050dcfa08d3810b7d20681416ec8ca85a8eda005ec70278c83a6b074f9f96c,472,TREND_DOWN,8229,8235,2018-12-10T18:00:00,2018-12-11T00:00:00,7,RANGE,VOL_COMPRESSION
d86bab346a4ea4a2132470a0d04fde6d847f9633ca87b795b8eb7f2444b9a4ee,473,VOL_COMPRESSION,8236,8302,2018-12-11T01:00:00,2018-12-13T19:00:00,67,TREND_DOWN,TREND_DOWN
9a14663562ffa9ab4a47d784bcdd51d9ecbff84d57ffbdc9d364b48ef5cf5a14,474,TREND_DOWN,8303,8304,2018-12-13T20:00:00,2018-12-13T21:00:00,2,VOL_COMPRESSION,VOL_COMPRESSION
e9e46f9345649aa8f04a8e5195fe819408a89bb12ce61d9ba714a0a9872644d5,475,VOL_COMPRESSION,8305,8306,2018-12-13T22:00:00,2018-12-13T23:00:00,2,TREND_DOWN,TREND_DOWN
98de118137dac81e2c762e5fdedc714224812218517b0b1230c89254211e6f56,476,TREND_DOWN,8307,8308,2018-12-14T00:00:00,2018-12-14T01:00:00,2,VOL_COMPRESSION,VOL_COMPRESSION
91ec1dbce3f80a75e1fa57c0f6ff99de42c91e676e879d6b4af5ac7e6229d293,477,VOL_COMPRESSION,8309,8391,2018-12-14T02:00:00,2018-12-17T12:00:00,83,TREND_DOWN,TREND_UP
60c340f77dc429e21e27533f2d374398238d327ce3ec9a91a07996c2b3bb1f04,478,TREND_UP,8392,8392,2018-12-17T13:00:00,2018-12-17T13:00:00,1,VOL_COMPRESSION,VOL_COMPRESSION
66f4a2067af7275d6c7ae0c28ce06874cbcff9fa3f96ed74c8bf14f37608505f,479,VOL_COMPRESSION,8393,8396,2018-12-17T14:00:00,2018-12-17T17:00:00,4,TREND_UP,TREND_UP
6f8cdad9388fa6309b9a9d24eb24a4fe6a5ee61ed25de7824ea48f055eab1b38,480,TREND_UP,8397,8404,2018-12-17T18:00:00,2018-12-18T01:00:00,8,VOL_COMPRESSION,VOL_COMPRESSION
e02c1eed73485e66ee4ec45f46513483fa186fff869f6403b13fdf7f9e495c74,481,VOL_COMPRESSION,8405,8417,2018-12-18T02:00:00,2018-12-18T14:00:00,13,TREND_UP,TREND_UP
12cf469b50e47e9ebaf2cde9fd32d555e8d71e7081f8af92f018fb31e0c86e39,482,TREND_UP,8418,8418,2018-12-18T15:00:00,2018-12-18T15:00:00,1,VOL_COMPRESSION,VOL_COMPRESSION
b2a92f5e7897834030f2bc98ce5a80f31a9a089368f9cc79017a5b192a87e220,483,VOL_COMPRESSION,8419,8425,2018-12-18T16:00:00,2018-12-18T22:00:00,7,TREND_UP,TREND_UP
8754bdeb761b64d7e377a155ea29f43488f922ca1f22a369df5879fbdb1f98f3,484,TREND_UP,8426,8467,2018-12-18T23:00:00,2018-12-20T16:00:00,42,VOL_COMPRESSION,VOL_EXPANSION
08572f92b1e4fbc0544a2d6f0ac6b564449e4690e75e7c2cee2049eda2cafd9d,485,VOL_EXPANSION,8468,8468,2018-12-20T17:00:00,2018-12-20T17:00:00,1,TREND_UP,TREND_UP
eef16f1f8c149dfdbaa2079d0637a9719ec091dcc1566b61bd205c9f33025ac1,486,TREND_UP,8469,8470,2018-12-20T18:00:00,2018-12-20T19:00:00,2,VOL_EXPANSION,VOL_EXPANSION
8eefd8fa1324f97361e5dd72047b3ca5838f5506a047b33eda12de7379e34436,487,VOL_EXPANSION,8471,8471,2018-12-20T20:00:00,2018-12-20T20:00:00,1,TREND_UP,TREND_UP
137e6cc3e13f04625ffbba407f8f3911f4907278f2e861f28dc554c28667cc13,488,TREND_UP,8472,8494,2018-12-20T21:00:00,2018-12-21T19:00:00,23,VOL_EXPANSION,RANGE
6280bb77fce6d6bad898122d7c8a8c8e77d98122a22f2451bcb0b2df0975961b,489,RANGE,8495,8504,2018-12-21T20:00:00,2018-12-22T05:00:00,10,TREND_UP,VOL_COMPRESSION
aa86c560933cac2befcf64760e1115f1bc07cc6b62544a56b41df8c246466416,490,VOL_COMPRESSION,8505,8507,2018-12-22T06:00:00,2018-12-22T08:00:00,3,RANGE,TREND_DOWN
a199ec34c071b15af8be8d4a0dbc78c30631a3d6fee0b5015bbb6c37c6a16d22,491,TREND_DOWN,8508,8508,2018-12-22T09:00:00,2018-12-22T09:00:00,1,VOL_COMPRESSION,VOL_COMPRESSION
5c59e551e46a1f0370c54fb327074b4633817abb984d0d207a25951c714ed550,492,VOL_COMPRESSION,8509,8510,2018-12-22T10:00:00,2018-12-22T11:00:00,2,TREND_DOWN,TREND_DOWN
3e55a3525604da40eb3194b6a1baccb367bd1eaa668691e52e48e4f1e8c50a93,493,TREND_DOWN,8511,8511,2018-12-22T12:00:00,2018-12-22T12:00:00,1,VOL_COMPRESSION,VOL_COMPRESSION
23c8f0e502eca022e58dc39864c909393edc5bae734f6975c46934e2412ca6fc,494,VOL_COMPRESSION,8512,8514,2018-12-22T13:00:00,2018-12-22T15:00:00,3,TREND_DOWN,TREND_DOWN
950b14c4148d02ca8d7191bc7eaeb104ed6fe05ff675913cc9ca394b6a61412f,495,TREND_DOWN,8515,8515,2018-12-22T16:00:00,2018-12-22T16:00:00,1,VOL_COMPRESSION,VOL_COMPRESSION
574f64a6f86cc934d533123ddd9429dd3782ff616aea4c13980dcb46fe87b940,496,VOL_COMPRESSION,8516,8521,2018-12-22T17:00:00,2018-12-22T22:00:00,6,TREND_DOWN,TREND_UP
8ef389dfac556f928f9b0f95787885144743ce61d128a36dacdc6dc5c901a4d0,497,TREND_UP,8522,8527,2018-12-22T23:00:00,2018-12-23T04:00:00,6,VOL_COMPRESSION,VOL_COMPRESSION
3fbf9ed039934c24b0059cd6613b5881ebd97fb2e13ced2594084fdd553715c8,498,VOL_COMPRESSION,8528,8546,2018-12-23T05:00:00,2018-12-23T23:00:00,19,TREND_UP,TREND_UP
6feedbccec55102e210a202786ee800df7b046c259ee8c18f21b07eb75773f0c,499,TREND_UP,8547,8554,2018-12-24T00:00:00,2018-12-24T07:00:00,8,VOL_COMPRESSION,VOL_COMPRESSION
cbd3ca5919e094cc2103be64acf367e2172ca581ced30892bddb82c20355e175,500,VOL_COMPRESSION,8555,8556,2018-12-24T08:00:00,2018-12-24T09:00:00,2,TREND_UP,TREND_UP
40b950fd6afa28b6a41450db6520fe73f00fe27855ac15ce3053f5b6b66fbe04,501,TREND_UP,8557,8558,2018-12-24T10:00:00,2018-12-24T11:00:00,2,VOL_COMPRESSION,VOL_COMPRESSION
185e1b5daa74cd8ad6a470d945ca79539f71fdde9828749752d367886c192284,502,VOL_COMPRESSION,8559,8560,2018-12-24T12:00:00,2018-12-24T13:00:00,2,TREND_UP,TREND_UP
790e636dd981817ab24d8bdf5fd7d861681b08791c7296cf6020c4d50318ae58,503,TREND_UP,8561,8570,2018-12-24T14:00:00,2018-12-24T23:00:00,10,VOL_COMPRESSION,RANGE
5596f80e68109b00ad40d4fea46a72a2b8771b2e5f5f69e423d9735b0ea69445,504,RANGE,8571,8572,2018-12-25T00:00:00,2018-12-25T01:00:00,2,TREND_UP,TREND_DOWN
025ecc2acf7ea62090a92526dca88a772e1ce5a572ab185a3910593437db3aa8,505,TREND_DOWN,8573,8596,2018-12-25T02:00:00,2018-12-26T01:00:00,24,RANGE,VOL_COMPRESSION
d872c0479242b7ef9e99e27b0d9023e0a04a7b55eb2c079a8ee5ed58fe6be22d,506,VOL_COMPRESSION,8597,8618,2018-12-26T03:00:00,2018-12-27T00:00:00,22,TREND_DOWN,TREND_DOWN
3efd961d855ad50aa460e18c071d3c829cb4bfda44b3d9cddc8fad6f84646fe8,507,TREND_DOWN,8619,8619,2018-12-27T01:00:00,2018-12-27T01:00:00,1,VOL_COMPRESSION,VOL_COMPRESSION
6c31c89f9b44c1cebf7afc82b9a3fb3a91fea8cb1ae2cb5d4ee06e16e7558f94,508,VOL_COMPRESSION,8620,8636,2018-12-27T02:00:00,2018-12-27T18:00:00,17,TREND_DOWN,TREND_DOWN
aee3d17c05c62606d49634dddc94aa667d728a75bb6aab21803809c225a099d8,509,TREND_DOWN,8637,8638,2018-12-27T19:00:00,2018-12-27T20:00:00,2,VOL_COMPRESSION,VOL_COMPRESSION
3e1d3f57879f55cb5fde691367d2d32f9f46a3149535d5b680f3015bec723571,510,VOL_COMPRESSION,8639,8656,2018-12-27T21:00:00,2018-12-28T14:00:00,18,TREND_DOWN,TREND_DOWN
3d99314eea76d18bfc799aea8dcc61c928ad30e9e596b805f22c95e00f226419,511,TREND_DOWN,8657,8657,2018-12-28T15:00:00,2018-12-28T15:00:00,1,VOL_COMPRESSION,RANGE
d05bbcfbc896a7b8ab8e77db98f4194b02e2a385ba01c1a9cef4a0f4f3b3fe74,512,RANGE,8658,8661,2018-12-28T16:00:00,2018-12-28T19:00:00,4,TREND_DOWN,TREND_UP
03d618c6b49b01e89df902e034b7ec46d68897668883b86341651f8080209d6c,513,TREND_UP,8662,8665,2018-12-28T20:00:00,2018-12-28T23:00:00,4,RANGE,VOL_COMPRESSION
876ead333831e71e06943a3b27dec5513afd91da516dff2fb21a0daea433041e,514,VOL_COMPRESSION,8666,8688,2018-12-29T00:00:00,2018-12-29T22:00:00,23,TREND_UP,TREND_UP
e25276836ecb9780f8fe4f9a5288421fd4cbe5c3146d07a7b5639325d1af8e26,515,TREND_UP,8689,8690,2018-12-29T23:00:00,2018-12-30T00:00:00,2,VOL_COMPRESSION,RANGE
fba63b9adb33d6c44a3d385262f3c90a0035c07080acb6d201861ad100d73a45,516,RANGE,8691,8693,2018-12-30T01:00:00,2018-12-30T03:00:00,3,TREND_UP,VOL_COMPRESSION
ee8a8e45eea40b19140351e44f4f04260fcdab39d97d2acb4b24a9e048f00e0c,517,VOL_COMPRESSION,8694,8701,2018-12-30T04:00:00,2018-12-30T11:00:00,8,RANGE,TREND_UP
d259db963f3de9bb489aeb1dc5710cc4447b8d7b74255f68f084699e3b64de90,518,TREND_UP,8702,8703,2018-12-30T12:00:00,2018-12-30T13:00:00,2,VOL_COMPRESSION,VOL_COMPRESSION
ecaa3187a8b761240e5c2bf1aa8ce3aa0584ce8aba8e207f1035f335a247df2f,519,VOL_COMPRESSION,8704,8959,2018-12-30T14:00:00,2019-01-10T05:00:00,256,TREND_UP,TREND_DOWN
32e379b043cc67f4ef129cc7a70b29a907ece5035fb5c6aac0c9f725a59bf88a,520,TREND_DOWN,8960,8961,2019-01-10T06:00:00,2019-01-10T07:00:00,2,VOL_COMPRESSION,VOL_COMPRESSION
8a2ddb7ec4cfb771a2a6edcc8011dcc5ca59afe0f1bbda16cf9f7522f3b2741a,521,VOL_COMPRESSION,8962,8969,2019-01-10T08:00:00,2019-01-10T15:00:00,8,TREND_DOWN,TREND_DOWN
dd926a3a83944f8d6bcfe0450340bb4154fc2291e49e7eb3c946aad8988bd442,522,TREND_DOWN,8970,8974,2019-01-10T16:00:00,2019-01-10T20:00:00,5,VOL_COMPRESSION,VOL_COMPRESSION
fad9e012f24793e9d45ce5cb506fc04dcee0bfdeb700c5bc334fbb2b0ae195d6,523,VOL_COMPRESSION,8975,9665,2019-01-10T21:00:00,2019-02-08T15:00:00,691,TREND_DOWN,TREND_UP
300dc5e0437e1ee7485dfab7e8d2496b71dbe0a6bc23477da9d171bca8e64e1f,524,TREND_UP,9666,9668,2019-02-08T16:00:00,2019-02-08T18:00:00,3,VOL_COMPRESSION,VOL_COMPRESSION
41bfe0cb0b95ba33cca43218ec62472fa564dbad796c07d86e9103096227f0b8,525,VOL_COMPRESSION,9669,9905,2019-02-08T19:00:00,2019-02-18T15:00:00,237,TREND_UP,TREND_UP
723d229dabac3445a63272b2ef432b7128c71c25d1d1a198311cc32dc7d28a2b,526,TREND_UP,9906,9907,2019-02-18T16:00:00,2019-02-18T17:00:00,2,VOL_COMPRESSION,VOL_COMPRESSION
7595a57485244a4648c945155291277435ca16bad7013503ee7d56f03e675c0c,527,VOL_COMPRESSION,9908,9914,2019-02-18T18:00:00,2019-02-19T00:00:00,7,TREND_UP,TREND_UP
be1bee53e69d314993ca21f39faa06f0954484851def2e6f0d139427686e8e24,528,TREND_UP,9915,9915,2019-02-19T01:00:00,2019-02-19T01:00:00,1,VOL_COMPRESSION,VOL_COMPRESSION
97b7408b2c769c482fb2bb4909a5f8234d0e9be1d18b151fcc281763f5e6cfa2,529,VOL_COMPRESSION,9916,10047,2019-02-19T02:00:00,2019-02-24T13:00:00,132,TREND_UP,TREND_UP
8667ee2a3f926847ccb0635a779826cce6d836e871a5a874121a39809d6abc26,530,TREND_UP,10048,10048,2019-02-24T14:00:00,2019-02-24T14:00:00,1,VOL_COMPRESSION,RANGE
03f9b5077de3bdbd7c557808e508eed8cb5f89fc80f96661f2b384bd6cc58c75,531,RANGE,10049,10050,2019-02-24T15:00:00,2019-02-24T16:00:00,2,TREND_UP,TREND_DOWN
b507d310226cc12363629249a091a7dd42a0c8c6934827fae89d68b57b5ee3b3,532,TREND_DOWN,10051,10057,2019-02-24T17:00:00,2019-02-24T23:00:00,7,RANGE,VOL_COMPRESSION
b04a60a9d70b021d2dfb0f1090a61d7a6df355a6d8f15157bd056ad83d217553,533,VOL_COMPRESSION,10058,10925,2019-02-25T00:00:00,2019-04-02T03:00:00,868,TREND_DOWN,TREND_UP
78123894592657146f9ae15b64c4fb5af8e0434698c7e47bec0ee8a325461cd2,534,TREND_UP,10926,10926,2019-04-02T04:00:00,2019-04-02T04:00:00,1,VOL_COMPRESSION,VOL_EXPANSION
d8400bb32fd2641360d73da02c63d23d1a55428cfbf6a8aea2ca8e970f25050f,535,VOL_EXPANSION,10927,10931,2019-04-02T05:00:00,2019-04-02T09:00:00,5,TREND_UP,TREND_UP
c9dbdcd1541df3a454be46918e33424cec638b5c7fe1d81b64fa7795876e33cd,536,TREND_UP,10932,10959,2019-04-02T10:00:00,2019-04-03T13:00:00,28,VOL_EXPANSION,VOL_COMPRESSION
1df2110f638b5535314a5953782757280c1d123f473c5eaf8500a3c4d20bc9c0,537,VOL_COMPRESSION,10960,10961,2019-04-03T14:00:00,2019-04-03T15:00:00,2,TREND_UP,TREND_UP
449cba2877d92532b21f0a0e65d1862eeadc1a64b59ceab41896e440f46fe4ed,538,TREND_UP,10962,10968,2019-04-03T16:00:00,2019-04-03T22:00:00,7,VOL_COMPRESSION,VOL_EXPANSION
d1b25444f196c97af6433fc1630b820ceaad2901e819d573a7137bf92ceb9b11,539,VOL_EXPANSION,10969,10971,2019-04-03T23:00:00,2019-04-04T01:00:00,3,TREND_UP,TREND_UP
df06b3d377a61c522f22d0e05395c956bbddc7f6d58e0b3308216303412fc8ab,540,TREND_UP,10972,10989,2019-04-04T02:00:00,2019-04-04T19:00:00,18,VOL_EXPANSION,RANGE
ffc29e20f91abf0ceac52c4e53bdb9555efad9b2d5c81df106566cec89ec7490,541,RANGE,10990,10993,2019-04-04T20:00:00,2019-04-04T23:00:00,4,TREND_UP,TREND_UP
318d0d5ca91c1ebe77934745a2ec5695845b13ed1e11aa6c1fe0f6fe824f6de0,542,TREND_UP,10994,10996,2019-04-05T00:00:00,2019-04-05T02:00:00,3,RANGE,VOL_COMPRESSION
2d3ff796e097c60ec66c6a18852580ff4de4e3da73181148412b41698981f957,543,VOL_COMPRESSION,10997,11037,2019-04-05T03:00:00,2019-04-06T19:00:00,41,TREND_UP,TREND_UP
3e99b6cc4c5287fc70b2ef3265fbdb16bf8688d45dc5ee220ff9858fa901452a,544,TREND_UP,11038,11045,2019-04-06T20:00:00,2019-04-07T03:00:00,8,VOL_COMPRESSION,VOL_COMPRESSION
f47f88f832f4b8561376fecd73039ff6b70b3ebdd6fbbf65a381e4b6ac071320,545,VOL_COMPRESSION,11046,11065,2019-04-07T04:00:00,2019-04-07T23:00:00,20,TREND_UP,TREND_UP
e277c1574365a99cbb089c271bb2935b8df7a5a3ce853d57e70aff0bc81c70ba,546,TREND_UP,11066,11074,2019-04-08T00:00:00,2019-04-08T08:00:00,9,VOL_COMPRESSION,VOL_COMPRESSION
674fb97edd3ecae596a82a545c57139c4a10da5a2e8e8033e289f650ab7ed288,547,VOL_COMPRESSION,11075,11075,2019-04-08T09:00:00,2019-04-08T09:00:00,1,TREND_UP,TREND_UP
07693ab31d18af32aa3948e2bb79ea4d98d2c1d8b3f4f688476780df47e28116,548,TREND_UP,11076,11078,2019-04-08T10:00:00,2019-04-08T12:00:00,3,VOL_COMPRESSION,VOL_COMPRESSION
25e30db4f9f91cf7c2437bd67d7d02353eff8c7d3551ebd187458f7968a097c7,549,VOL_COMPRESSION,11079,11133,2019-04-08T13:00:00,2019-04-10T19:00:00,55,TREND_UP,TREND_UP
605cfac47c5778047b9651cc4a1e0639eb60b67c836898d607a235c2d7514c3c,550,TREND_UP,11134,11136,2019-04-10T20:00:00,2019-04-10T22:00:00,3,VOL_COMPRESSION,VOL_COMPRESSION
0d823dfc6e3e572a779dec7cd506912a5d99f8404f1a2f7b414009e0250fbe30,551,VOL_COMPRESSION,11137,11140,2019-04-10T23:00:00,2019-04-11T02:00:00,4,TREND_UP,TREND_UP
45c0d6debd9bb72d8742ca69d91f2b0e7683dac7b1783bcb08ce9414e9a36c06,552,TREND_UP,11141,11142,2019-04-11T03:00:00,2019-04-11T04:00:00,2,VOL_COMPRESSION,RANGE
50f9e7a089b75459d553c31726e848531ecff24075c6a998bac34fe342bdf9c0,553,RANGE,11143,11143,2019-04-11T05:00:00,2019-04-11T05:00:00,1,TREND_UP,VOL_COMPRESSION
816cb60a649699ff20165995829b1edf73c0f72e6cd7d8c56f5bc607c9e542ab,554,VOL_COMPRESSION,11144,11146,2019-04-11T06:00:00,2019-04-11T08:00:00,3,RANGE,RANGE
7144afac57f74360441d3770e0addfea5ec04e5a751659e4b296f29d0d840905,555,RANGE,11147,11147,2019-04-11T09:00:00,2019-04-11T09:00:00,1,VOL_COMPRESSION,TREND_DOWN
acbace77d2f477900165d6755cdd986ceedb8fd5be05843bb9b800b7b4383422,556,TREND_DOWN,11148,11151,2019-04-11T10:00:00,2019-04-11T14:00:00,4,RANGE,VOL_COMPRESSION
dd4347e7d73f3a288a6d3075fe433492021d1b866baf9c689ae612a9d8c42910,557,VOL_COMPRESSION,11152,11494,2019-04-11T15:00:00,2019-04-25T21:00:00,343,TREND_DOWN,TREND_DOWN
6a83dd0abfc57963ae00d8a50cb07aedb7c2cd0ee8cc53fb912755c4ae3447c0,558,TREND_DOWN,11495,11505,2019-04-25T22:00:00,2019-04-26T08:00:00,11,VOL_COMPRESSION,VOL_COMPRESSION
81a5887abe732a6e108950b0bf0f9b09e98babb3a8e255385717cd1eddf13f32,559,VOL_COMPRESSION,11506,11673,2019-04-26T09:00:00,2019-05-03T08:00:00,168,TREND_DOWN,TREND_UP
af1c4294381ea33c3fc9105003816f35dd1caee31afd374bbb69f2adc3f20c25,560,TREND_UP,11674,11679,2019-05-03T09:00:00,2019-05-03T14:00:00,6,VOL_COMPRESSION,VOL_COMPRESSION
0306b699dbabf0a3ff12f07c69242446bc980944405c809471e3fe4bcea4836d,561,VOL_COMPRESSION,11680,11701,2019-05-03T15:00:00,2019-05-04T12:00:00,22,TREND_UP,TREND_UP
b6cb677f08f40c197e78bb519655bd3ff789418ba1783898139fc25350a2e473,562,TREND_UP,11702,11703,2019-05-04T13:00:00,2019-05-04T14:00:00,2,VOL_COMPRESSION,VOL_COMPRESSION
c685df4d47c283aca07fbdb9835eea5e3375a7aeccd770daca801d08b9237076,563,VOL_COMPRESSION,11704,11712,2019-05-04T15:00:00,2019-05-04T23:00:00,9,TREND_UP,TREND_UP
20f7793be97f53939f829eead6d5332f463f6433e6f86e6e75469937d429c074,564,TREND_UP,11713,11713,2019-05-05T00:00:00,2019-05-05T00:00:00,1,VOL_COMPRESSION,VOL_COMPRESSION
727b30cc60d2aec019710d8fa5ebda2cf671fce0361ba709d9036e368541e629,565,VOL_COMPRESSION,11714,11774,2019-05-05T01:00:00,2019-05-07T13:00:00,61,TREND_UP,TREND_UP
a99cc9800d0b85ab4f7417bc9b58e3f96a05efa79617162eac380e7adac11b93,566,TREND_UP,11775,11775,2019-05-07T14:00:00,2019-05-07T14:00:00,1,VOL_COMPRESSION,VOL_COMPRESSION
4c9592ff9b81fdff89145c864092cff83f9983dd9580582ae5c1cdd4443196d5,567,VOL_COMPRESSION,11776,11783,2019-05-07T15:00:00,2019-05-07T22:00:00,8,TREND_UP,TREND_UP
842164d0527af00e01c5a158dc7c251db39fbb2c2feb27f32edc8da8f9444088,568,TREND_UP,11784,11786,2019-05-07T23:00:00,2019-05-08T01:00:00,3,VOL_COMPRESSION,VOL_COMPRESSION
f84c154ca3f2d2dedbc7855cd88f9d087151f36ed8720574c02ae937b430f15e,569,VOL_COMPRESSION,11787,11860,2019-05-08T02:00:00,2019-05-11T03:00:00,74,TREND_UP,TREND_UP
6145897e3c4949a6e97f45be22246bd7f57437ab853e6c25c4a361d95ce39263,570,TREND_UP,11861,11880,2019-05-11T04:00:00,2019-05-11T23:00:00,20,VOL_COMPRESSION,VOL_EXPANSION
109bcd2aa19a41c9051367861dd937b4a55143570ad59d5591777c1515795482,571,VOL_EXPANSION,11881,11882,2019-05-12T00:00:00,2019-05-12T01:00:00,2,TREND_UP,TREND_UP
afb551cf98beb6c9d3c8e71c511ad856c6cde2f91df5b80709587a0487ab2888,572,TREND_UP,11883,11888,2019-05-12T02:00:00,2019-05-12T07:00:00,6,VOL_EXPANSION,VOL_EXPANSION
64e95445e51e5429c139e358b2ce863d5fc6d18c88f346da8264e14b943191dd,573,VOL_EXPANSION,11889,11894,2019-05-12T08:00:00,2019-05-12T13:00:00,6,TREND_UP,TREND_UP
e344d01d33b618e502a00a1810718c262d6021c452618eda52e0db6fac13808e,574,TREND_UP,11895,11926,2019-05-12T14:00:00,2019-05-13T21:00:00,32,VOL_EXPANSION,VOL_EXPANSION
1df4ed1d53e6d1190c00ca0f8b25f344e7848d7a2d5215e216d2247250f91251,575,VOL_EXPANSION,11927,11930,2019-05-13T22:00:00,2019-05-14T01:00:00,4,TREND_UP,TREND_UP
4dcc438c451e1af84bfdf37e77c42bd161cec6d54283652463496283fde76911,576,TREND_UP,11931,11937,2019-05-14T02:00:00,2019-05-14T08:00:00,7,VOL_EXPANSION,VOL_EXPANSION
9476608a9ca97e8325e095fc7a95ea0c3ff9e48e12175edfc9a89e706a658fa0,577,VOL_EXPANSION,11938,11939,2019-05-14T09:00:00,2019-05-14T10:00:00,2,TREND_UP,TREND_UP
439075805c87291e9fe175ae84b85bcb038994704715f67b9ebcf65d6c0b32eb,578,TREND_UP,11940,11946,2019-05-14T11:00:00,2019-05-14T17:00:00,7,VOL_EXPANSION,VOL_EXPANSION
c02aa4c8f364978194443cce28768d4a60e5f952a71218c8183a60cd991ac685,579,VOL_EXPANSION,11947,11947,2019-05-14T18:00:00,2019-05-14T18:00:00,1,TREND_UP,TREND_UP
f8ed60bcfb279080a35c9f57ddd8687158e1000a35e646fa7585664e607b1908,580,TREND_UP,11948,11987,2019-05-14T19:00:00,2019-05-16T10:00:00,40,VOL_EXPANSION,RANGE
ab52abf9c884d06e5989f26dd2401c5a51a4cc4796cbff1bfd3c04a548bd9cea,581,RANGE,11988,11998,2019-05-16T11:00:00,2019-05-16T21:00:00,11,TREND_UP,TREND_DOWN
34334066614f95478ed302d2122e558d0d9fdbab12041b56ed38facb19d130ac,582,TREND_DOWN,11999,12003,2019-05-16T22:00:00,2019-05-17T02:00:00,5,RANGE,VOL_EXPANSION
43f66a95ff4e4f7c7f182229bcb6887e5db2d267c3f749792ad38930b14c3807,583,VOL_EXPANSION,12004,12008,2019-05-17T03:00:00,2019-05-17T07:00:00,5,TREND_DOWN,TREND_DOWN
91039f99949f1d7c07a2c4143563805fac2ac1650b5ce4ff3a86ae7e34d91fc7,584,TREND_DOWN,12009,12038,2019-05-17T08:00:00,2019-05-18T13:00:00,30,VOL_EXPANSION,VOL_COMPRESSION
733fb50385ac79f1b3ca1ec8aa8ec4a4bb4b99021ce618cd77084e0be8d836ea,585,VOL_COMPRESSION,12039,12041,2019-05-18T14:00:00,2019-05-18T16:00:00,3,TREND_DOWN,TREND_DOWN
9584a0a4d9c7756e17a530cbbf1bc10a1ce952daead7984b9fdee2c939329b56,586,TREND_DOWN,12042,12043,2019-05-18T17:00:00,2019-05-18T18:00:00,2,VOL_COMPRESSION,VOL_COMPRESSION
e013c4c2de7896a233f4022853555ec5e34d6242792e55680248253f21df5ec1,587,VOL_COMPRESSION,12044,12049,2019-05-18T19:00:00,2019-05-19T00:00:00,6,TREND_DOWN,TREND_DOWN
35ae22f65a1ab340f15ba019ab5de468ad7cf90a59f3db58284d64b834fe91d2,588,TREND_DOWN,12050,12050,2019-05-19T01:00:00,2019-05-19T01:00:00,1,VOL_COMPRESSION,RANGE
6a0e681a648290c43d266bd9a284fabc0a027080283fd2afea70e340a66d9c79,589,RANGE,12051,12052,2019-05-19T02:00:00,2019-05-19T03:00:00,2,TREND_DOWN,TREND_UP
ce61e5388365b45f17da5f8cd56337ecf61cf81aecb48b6d80b747d0207fd3de,590,TREND_UP,12053,12087,2019-05-19T04:00:00,2019-05-20T14:00:00,35,RANGE,RANGE
42d5da5686d99bdb30efe487a13e31ccea1bea4cc7253141e8924d7c9ba910ea,591,RANGE,12088,12092,2019-05-20T15:00:00,2019-05-20T19:00:00,5,TREND_UP,TREND_UP
a9d5e9109de2c8428997037eb791fe35fa58a84c9bef1c0ae29de0d58e0cfedc,592,TREND_UP,12093,12105,2019-05-20T20:00:00,2019-05-21T08:00:00,13,RANGE,VOL_COMPRESSION
0cc3bff538c85caff50bbd8ccb9f4488fd8f2b4caf64f9089f99e481bec1a3fc,593,VOL_COMPRESSION,12106,12106,2019-05-21T09:00:00,2019-05-21T09:00:00,1,TREND_UP,TREND_UP
59ae5680101533e0fe61000f6e6b8d1a4f5d3ab7c2a6eb3fb482d61d54d98304,594,TREND_UP,12107,12112,2019-05-21T10:00:00,2019-05-21T15:00:00,6,VOL_COMPRESSION,VOL_COMPRESSION
2feb7e0edaf9af6a7d7703de391fa56c0b8ca38b1adb81ee60a36a1dfdf9fa4a,595,VOL_COMPRESSION,12113,12113,2019-05-21T16:00:00,2019-05-21T16:00:00,1,TREND_UP,TREND_UP
c85d105a9d15c17765112bc8562c1dc1aa81dcc68f320cb7469204395ea46d93,596,TREND_UP,12114,12115,2019-05-21T17:00:00,2019-05-21T18:00:00,2,VOL_COMPRESSION,VOL_COMPRESSION
997dd5db1670828cd7fd4ed0e53eaaa7d4cf7c8d86fe9c074ef314b2758659b5,597,VOL_COMPRESSION,12116,12118,2019-05-21T19:00:00,2019-05-21T21:00:00,3,TREND_UP,TREND_UP
8ea998e3bdcfb84c74baf894679c416cddf4722702df753558919ffbca9c06bc,598,TREND_UP,12119,12119,2019-05-21T22:00:00,2019-05-21T22:00:00,1,VOL_COMPRESSION,VOL_COMPRESSION
96ea9f4e79c1523f404cd092e39acd4579bd94c26229284181ca76a3de604144,599,VOL_COMPRESSION,12120,12140,2019-05-21T23:00:00,2019-05-22T19:00:00,21,TREND_UP,TREND_UP
91f94ecb0fd1591356d446d0e893bbba65e67beb02e6c3dd7fc6448bc1cb1f5e,600,TREND_UP,12141,12141,2019-05-22T20:00:00,2019-05-22T20:00:00,1,VOL_COMPRESSION,TREND_DOWN
11f67d88a8affb76d5f363bbe75555354828896b2b7f160dbf127d83cb419d67,601,TREND_DOWN,12142,12155,2019-05-22T21:00:00,2019-05-23T10:00:00,14,TREND_UP,VOL_COMPRESSION
35028f1dfcea57034884af5c629873913f7f8f139394f08c0fe3fc459cc63697,602,VOL_COMPRESSION,12156,12161,2019-05-23T11:00:00,2019-05-23T16:00:00,6,TREND_DOWN,TREND_DOWN
00d0fed209a0c5b99a519fa0c545249badbacec1c90b11e71062092053e7fcf8,603,TREND_DOWN,12162,12162,2019-05-23T17:00:00,2019-05-23T17:00:00,1,VOL_COMPRESSION,VOL_COMPRESSION
2ec48a70c49497015708b86f5aca009f52d7a26ad3c8fdeeb5a57c6bb0c74101,604,VOL_COMPRESSION,12163,12166,2019-05-23T18:00:00,2019-05-23T21:00:00,4,TREND_DOWN,RANGE
815d6d959e2b19977935616e8e4645d059c677f6a0ad96f6a592a9f2b1eca02b,605,RANGE,12167,12168,2019-05-23T22:00:00,2019-05-23T23:00:00,2,VOL_COMPRESSION,VOL_COMPRESSION
5b34ac0f8b33434242ce3ae5f6792eaae7eec1bb01e8043fb2ea17dfc849e2b2,606,VOL_COMPRESSION,12169,12235,2019-05-24T00:00:00,2019-05-26T18:00:00,67,RANGE,TREND_UP
8714730c830346a12766f5d15a33bfe6dbefb66fedc9078da8c858fa42407c66,607,TREND_UP,12236,12247,2019-05-26T19:00:00,2019-05-27T06:00:00,12,VOL_COMPRESSION,VOL_COMPRESSION
cca6061150fdf4909f484e129468ebcae6d60dff6cf3836ededf023c77580078,608,VOL_COMPRESSION,12248,12256,2019-05-27T07:00:00,2019-05-27T15:00:00,9,TREND_UP,TREND_UP
5aa6f20b40310a744133b8456f29bb377c87937787a48cda98ab10c62cc6dd03,609,TREND_UP,12257,12262,2019-05-27T16:00:00,2019-05-27T21:00:00,6,VOL_COMPRESSION,VOL_COMPRESSION
ec0b080667ce0fd600aae8510b6a4522f4903a1e6c7d731e3d1ce3848b61edb5,610,VOL_COMPRESSION,12263,12328,2019-05-27T22:00:00,2019-05-30T15:00:00,66,TREND_UP,TREND_UP
38849d511f822a24bd5b2d52992a06ba8510ad49b397141b32d9b4ba825f989a,611,TREND_UP,12329,12332,2019-05-30T16:00:00,2019-05-30T19:00:00,4,VOL_COMPRESSION,RANGE
d2eec733731179e4be0f60f995c6b503a0000c1e0939ab1c598e0728b7887bf1,612,RANGE,12333,12333,2019-05-30T20:00:00,2019-05-30T20:00:00,1,TREND_UP,TREND_DOWN
42e1eef0baaee076b8f041aac604f0a3515524313c4ca32380bd3130f716b588,613,TREND_DOWN,12334,12347,2019-05-30T21:00:00,2019-05-31T10:00:00,14,RANGE,VOL_COMPRESSION
ba3c12ab4337d6d0ea0dceb17be5434f60d0e7bdf0d42c1d1ab182cbcfc8b843,614,VOL_COMPRESSION,12348,12351,2019-05-31T11:00:00,2019-05-31T14:00:00,4,TREND_DOWN,TREND_DOWN
3c5db08e96509015e3befc85460c2c2690e3b8268498a787a5102c7381d079a8,615,TREND_DOWN,12352,12357,2019-05-31T15:00:00,2019-05-31T20:00:00,6,VOL_COMPRESSION,VOL_COMPRESSION
890e59f995f68c9abdfcb1bcf20e2d5a1ca43b16ee30e79b902bf1fa0d1c62ff,616,VOL_COMPRESSION,12358,12423,2019-05-31T21:00:00,2019-06-03T14:00:00,66,TREND_DOWN,TREND_DOWN
95ef7ff572d2518d51c6324ff27aeab09ded27266bd0bdfec8fba34ce17dc325,617,TREND_DOWN,12424,12427,2019-06-03T15:00:00,2019-06-03T18:00:00,4,VOL_COMPRESSION,VOL_COMPRESSION
1e5ef825f6ae54f011b4c4be535a8be56019eb6c9e2be35c57e0650e530f9881,618,VOL_COMPRESSION,12428,12431,2019-06-03T19:00:00,2019-06-03T22:00:00,4,TREND_DOWN,TREND_DOWN
b44c92981cca5d508c256dbe8a632e73cbeb479d2766a31e172f079f8db789fc,619,TREND_DOWN,12432,12469,2019-06-03T23:00:00,2019-06-05T12:00:00,38,VOL_COMPRESSION,VOL_COMPRESSION
52ea25601f871e4ee7b6c15ecc9c86ebad3841c80b039d25211b1c58b6c3728b,620,VOL_COMPRESSION,12470,12470,2019-06-05T13:00:00,2019-06-05T13:00:00,1,TREND_DOWN,TREND_DOWN
536c0eda5da9cafb54a486abaad096bc331c03c4a2c3394e1b65f9e25e7b851e,621,TREND_DOWN,12471,12484,2019-06-05T14:00:00,2019-06-06T03:00:00,14,VOL_COMPRESSION,VOL_COMPRESSION
78b9994f17698fe5965547f57dad611aa53cebc232f401db1a222c846b97b794,622,VOL_COMPRESSION,12485,12494,2019-06-06T04:00:00,2019-06-06T13:00:00,10,TREND_DOWN,TREND_DOWN
067c772534c58af0acaaf52c55723f01d0c35babb6b198d85231aec1f3a20b56,623,TREND_DOWN,12495,12495,2019-06-06T14:00:00,2019-06-06T14:00:00,1,VOL_COMPRESSION,VOL_COMPRESSION
cf075383f2e0d904b67a57e2a009ce53da83aa3b147411d27b706d3a321901a8,624,VOL_COMPRESSION,12496,12498,2019-06-06T15:00:00,2019-06-06T17:00:00,3,TREND_DOWN,TREND_DOWN
94f68e4a918ca10f79475c30ee6e597f65f6db0dbb756c736b37596d3c8dccea,625,TREND_DOWN,12499,12502,2019-06-06T18:00:00,2019-06-06T21:00:00,4,VOL_COMPRESSION,VOL_COMPRESSION
81dde5debb9ab4c06fbf49f82b108d6386cef317f129141268c9a931a66174be,626,VOL_COMPRESSION,12503,12576,2019-06-06T22:00:00,2019-06-09T23:00:00,74,TREND_DOWN,TREND_DOWN
0147d53f00f9fd8020828ea200f35ecfc7c617970963e5c9ad2f7594312a331e,627,TREND_DOWN,12577,12578,2019-06-10T00:00:00,2019-06-10T01:00:00,2,VOL_COMPRESSION,VOL_COMPRESSION
ea915f520e6fe16dbd9bccffab4bd5f827ea3b97651ebc8109efb86f90c97033,628,VOL_COMPRESSION,12579,12587,2019-06-10T02:00:00,2019-06-10T10:00:00,9,TREND_DOWN,TREND_DOWN
b1ca5e6d8a11c52c9990c0eeb35a3c97da9cbafbd7d89bc6da5714ef03eec90c,629,TREND_DOWN,12588,12588,2019-06-10T11:00:00,2019-06-10T11:00:00,1,VOL_COMPRESSION,RANGE
94c78f5e64418e7967e8971aea2cfc88c2339448fdacc144a8e4968941a54ca5,630,RANGE,12589,12593,2019-06-10T12:00:00,2019-06-10T16:00:00,5,TREND_DOWN,VOL_COMPRESSION
ad469c5e9def97d833ca3a448bf961e1c5c6caadea50532b316f9bbbe3f6341d,631,VOL_COMPRESSION,12594,12639,2019-06-10T17:00:00,2019-06-12T14:00:00,46,RANGE,TREND_UP
f68480eb38e5454a864a220d33ec70fc964c9ba189099b2a7048ac1bfec3f15c,632,TREND_UP,12640,12640,2019-06-12T15:00:00,2019-06-12T15:00:00,1,VOL_COMPRESSION,VOL_COMPRESSION
02761f7a70a82edb5d95049bffbb1306bd6b48c795627109e5c4297fb83a747c,633,VOL_COMPRESSION,12641,12726,2019-06-12T16:00:00,2019-06-16T05:00:00,86,TREND_UP,TREND_UP
c574d058f4f72969f89a75e770df69606d1fcf97854d368e816472d72911ce40,634,TREND_UP,12727,12727,2019-06-16T06:00:00,2019-06-16T06:00:00,1,VOL_COMPRESSION,VOL_COMPRESSION
f3473dcfe530e1e2039c5dbcbf681d628bdd5a687b2d2df4f96731f0a831d4ca,635,VOL_COMPRESSION,12728,12728,2019-06-16T07:00:00,2019-06-16T07:00:00,1,TREND_UP,TREND_UP
f6bf68d78ee31b690a363df1d059210642b51302bff49ee2ab5f3c7092aa95fe,636,TREND_UP,12729,12751,2019-06-16T08:00:00,2019-06-17T06:00:00,23,VOL_COMPRESSION,VOL_COMPRESSION
95c41ebcb0fe4309d450f92bbb912656cc7052868a102bfb916d293b394c98f0,637,VOL_COMPRESSION,12752,12759,2019-06-17T07:00:00,2019-06-17T14:00:00,8,TREND_UP,TREND_UP
1f749a7cafc05b0693cd0350da11b7857109a177bf605de22e750fad91f7e5f8,638,TREND_UP,12760,12771,2019-06-17T15:00:00,2019-06-18T02:00:00,12,VOL_COMPRESSION,VOL_COMPRESSION
617bb5b5125b98d5648807e15bb3fae4d4c33df1750ab9abc8f37231a6924343,639,VOL_COMPRESSION,12772,12775,2019-06-18T03:00:00,2019-06-18T06:00:00,4,TREND_UP,TREND_UP
3979db61bf195edd5f169f26b5d31c1d76d2e64351e78218033f7a77b72fda31,640,TREND_UP,12776,12776,2019-06-18T07:00:00,2019-06-18T07:00:00,1,VOL_COMPRESSION,VOL_COMPRESSION
34ae184d2cafdb0f440c285807c08b65f1f1310a77cc69c58e993420c08918f8,641,VOL_COMPRESSION,12777,12784,2019-06-18T08:00:00,2019-06-18T15:00:00,8,TREND_UP,RANGE
2d3da385787bc7467d9ce50b0efb4fd16b701f4fef7d2cbc8fe4945305c04325,642,RANGE,12785,12787,2019-06-18T16:00:00,2019-06-18T18:00:00,3,VOL_COMPRESSION,VOL_COMPRESSION
7fe8abc0012585088cb355651daf66c89f6b60a183e761242f0052d15ed1a262,643,VOL_COMPRESSION,12788,12789,2019-06-18T19:00:00,2019-06-18T20:00:00,2,RANGE,RANGE
fa1863c095702458a937655221cc38ddf0a66ca8b2c5b104cb193a57690d4970,644,RANGE,12790,12793,2019-06-18T21:00:00,2019-06-19T00:00:00,4,VOL_COMPRESSION,VOL_COMPRESSION
677f2e9dc98835ad9e98603f2fa2eb61ddf8cb56dea1a98ce579ed061cb4d700,645,VOL_COMPRESSION,12794,12863,2019-06-19T01:00:00,2019-06-21T23:00:00,70,RANGE,TREND_UP
253c2eb68c0753c578f7376f76d16988aab4dead93547861917e8007a4bdeb9f,646,TREND_UP,12864,12877,2019-06-22T00:00:00,2019-06-22T13:00:00,14,VOL_COMPRESSION,VOL_EXPANSION
271dc5241aa9bf08c06306f486d15b3f669fbae0806055c0de1a5fd92c775781,647,VOL_EXPANSION,12878,12878,2019-06-22T14:00:00,2019-06-22T14:00:00,1,TREND_UP,TREND_UP
69b93887170945bbf9213c044e5e560720997424aa2465aaed3e50b587eb215f,648,TREND_UP,12879,12904,2019-06-22T15:00:00,2019-06-23T16:00:00,26,VOL_EXPANSION,VOL_COMPRESSION
945b3db9bbaa7ed01b6e7e7882baa793042eb5570c1dff6cfb5378cd7ac71754,649,VOL_COMPRESSION,12905,12906,2019-06-23T17:00:00,2019-06-23T18:00:00,2,TREND_UP,TREND_UP
0e54f3985798609675ee2a900b4f095edd247ab7cda957cf1a7c8c55d331e598,650,TREND_UP,12907,12921,2019-06-23T19:00:00,2019-06-24T09:00:00,15,VOL_COMPRESSION,VOL_COMPRESSION
b078cb6491c18d59afe9519573c4b3676a05dc7371098e14bfabdb595622d64a,651,VOL_COMPRESSION,12922,12930,2019-06-24T10:00:00,2019-06-24T18:00:00,9,TREND_UP,TREND_UP
14539f6f167b83004ea64890748cfccfbe16985290b79dc8e79c0c5b0d11c9c3,652,TREND_UP,12931,12932,2019-06-24T19:00:00,2019-06-24T20:00:00,2,VOL_COMPRESSION,VOL_COMPRESSION
774b3e8a95d9a3551f4f6453586bca111ba6db5da54dd6cdb42461d2c44de69f,653,VOL_COMPRESSION,12933,12947,2019-06-24T21:00:00,2019-06-25T11:00:00,15,TREND_UP,TREND_UP
e55e99a0bf5685bed885ef3002a5c43e9e1340157d7e60ffcf978c6874e03ddf,654,TREND_UP,12948,12954,2019-06-25T12:00:00,2019-06-25T18:00:00,7,VOL_COMPRESSION,VOL_COMPRESSION
b8af9e0eede48246e0f4d35a5199d73c9692384250deedbef41a15644a24c140,655,VOL_COMPRESSION,12955,12957,2019-06-25T19:00:00,2019-06-25T21:00:00,3,TREND_UP,TREND_UP
c3a222cc87627f8b0a351ac24d13952fb351a9f75e4e2c50497bf90fea3ed5b2,656,TREND_UP,12958,12968,2019-06-25T22:00:00,2019-06-26T08:00:00,11,VOL_COMPRESSION,VOL_EXPANSION
93eda995752eff4f5f71b4716964bc91b06aa48398aa08c7962e77c428655576,657,VOL_EXPANSION,12969,12970,2019-06-26T09:00:00,2019-06-26T10:00:00,2,TREND_UP,TREND_UP
c439e4547f46863de0299f5b7d18aadbf2983fc6a33359cf81dd0bbbdbba86fa,658,TREND_UP,12971,12975,2019-06-26T11:00:00,2019-06-26T15:00:00,5,VOL_EXPANSION,VOL_EXPANSION
e8da4483f656a6a69e95f13f9ab092ff1a78f92469815d545bc10cadedb2ddf2,659,VOL_EXPANSION,12976,12979,2019-06-26T16:00:00,2019-06-26T19:00:00,4,TREND_UP,HIGH_VOL
4c94af899950de31c06cae86100f4534971e46d8c1c5b709c8a8472768826278,660,HIGH_VOL,12980,13011,2019-06-26T20:00:00,2019-06-28T03:00:00,32,VOL_EXPANSION,TREND_DOWN
d4cf3580e892bec70eb702bfe3fa7b053bd2342dcba046ca4043908b17f707df,661,TREND_DOWN,13012,13018,2019-06-28T04:00:00,2019-06-28T10:00:00,7,HIGH_VOL,RANGE
b2d88a5ad2b9ecf031b438082014461a8b46009ee7ccdb8a03faacdc0cadf28f,662,RANGE,13019,13027,2019-06-28T11:00:00,2019-06-28T19:00:00,9,TREND_DOWN,TREND_UP
ffc53ce751753fe3ed81ab96133e5ec45137233c351df5b5ee20be6aa06a5b4a,663,TREND_UP,13028,13034,2019-06-28T20:00:00,2019-06-29T02:00:00,7,RANGE,VOL_EXPANSION
0afc3458d80e9b3a2a79deb028abce6b79ee7ca325635dae7a4bf2d2c0a71424,664,VOL_EXPANSION,13035,13037,2019-06-29T03:00:00,2019-06-29T05:00:00,3,TREND_UP,RANGE
4d31f6cf1383d15c820068a43d605401da7d6d822eb6d75eadc51d31dbb88965,665,RANGE,13038,13040,2019-06-29T06:00:00,2019-06-29T08:00:00,3,VOL_EXPANSION,TREND_DOWN
11cd014172dc426aabddb9c1f7555c5e6e34863a38d3c55f6c8167a15d28323e,666,TREND_DOWN,13041,13042,2019-06-29T09:00:00,2019-06-29T10:00:00,2,RANGE,RANGE
e5d7287b69bb81cd921e5ebc228dd6a63b9bf192cf601c2f2840d7acb74ddd32,667,RANGE,13043,13043,2019-06-29T11:00:00,2019-06-29T11:00:00,1,TREND_DOWN,TREND_UP
2bd820b580227729461a00de05c26daaf08b01fa22eb28c95efdd2eb39eccca5,668,TREND_UP,13044,13063,2019-06-29T12:00:00,2019-06-30T07:00:00,20,RANGE,RANGE
42650f542c61f28d207b95b6f67222dab47784d51600599563e14f6e2436a8ac,669,RANGE,13064,13066,2019-06-30T08:00:00,2019-06-30T10:00:00,3,TREND_UP,TREND_DOWN
9f915c1322776ae03e15a4cc7adef1ea1d11e58d8e67d9a412f0079656215e53,670,TREND_DOWN,13067,13078,2019-06-30T11:00:00,2019-06-30T22:00:00,12,RANGE,VOL_EXPANSION
5d8b9d2491d76fc47c4807901c4e8858b3498d88ded639e2d5b75f0a75e0a59b,671,VOL_EXPANSION,13079,13082,2019-06-30T23:00:00,2019-07-01T02:00:00,4,TREND_DOWN,TREND_DOWN
653b205e8eb80eed537715d2919d661df906fc97a23b5fa96588485583b6dd31,672,TREND_DOWN,13083,13093,2019-07-01T03:00:00,2019-07-01T13:00:00,11,VOL_EXPANSION,VOL_EXPANSION
92beb9ff3cef211b24eb1a55ec6f2998d6dcd1b3e424a278c0c63350bbf962cc,673,VOL_EXPANSION,13094,13096,2019-07-01T14:00:00,2019-07-01T16:00:00,3,TREND_DOWN,TREND_DOWN
2c90f17f02e0a3a1a06f35e5d4cdd8872dd67cf986f12d0ee91273a2d31796ae,674,TREND_DOWN,13097,13107,2019-07-01T17:00:00,2019-07-02T03:00:00,11,VOL_EXPANSION,VOL_EXPANSION
9dc6249975572ceeb69e059bfe8ccc3dedf4d07f7a61eacfce388ec38e8fbf59,675,VOL_EXPANSION,13108,13108,2019-07-02T04:00:00,2019-07-02T04:00:00,1,TREND_DOWN,TREND_DOWN
f89c1699aeac163be86bec324c472665e6b6d4c71a8382baf899d14400c21bba,676,TREND_DOWN,13109,13111,2019-07-02T05:00:00,2019-07-02T07:00:00,3,VOL_EXPANSION,VOL_EXPANSION
0dc7669bc1a1584fd0e700a704e8c4253387518aac58d9fcf077bad00607090a,677,VOL_EXPANSION,13112,13112,2019-07-02T08:00:00,2019-07-02T08:00:00,1,TREND_DOWN,TREND_DOWN
94b9141b07016593e19a43975eede1fcd2b3051b481eb0a1c88b335a63b47fc9,678,TREND_DOWN,13113,13114,2019-07-02T09:00:00,2019-07-02T10:00:00,2,VOL_EXPANSION,VOL_EXPANSION
e54c927ebf7b6a0cf1bfd3bc5d589e0dd6b0911fba2154689c474beec331d3e1,679,VOL_EXPANSION,13115,13116,2019-07-02T11:00:00,2019-07-02T12:00:00,2,TREND_DOWN,TREND_DOWN
de7322d01cf56cd84e887ee337c933d96bd9895c809c367e7cc5df503f3cfb20,680,TREND_DOWN,13117,13117,2019-07-02T13:00:00,2019-07-02T13:00:00,1,VOL_EXPANSION,VOL_EXPANSION
41ff96680f91b8ef9e0daab1188a55358e79369204f5686fa4d2bee6d089d757,681,VOL_EXPANSION,13118,13119,2019-07-02T14:00:00,2019-07-02T15:00:00,2,TREND_DOWN,TREND_DOWN
764be738657f49e950f73ac381aab709c7a448fa2b90daa9c4b9c801600fed8a,682,TREND_DOWN,13120,13122,2019-07-02T16:00:00,2019-07-02T18:00:00,3,VOL_EXPANSION,RANGE
a8b89fae5b496a394c9debc0c079f7dbc9f95635aae728c06d759a959f512c69,683,RANGE,13123,13130,2019-07-02T19:00:00,2019-07-03T02:00:00,8,TREND_DOWN,TREND_UP
1dc7e6aec39cdff63518f23bb997d394c788cdf46d35957fba5b88fd0285266c,684,TREND_UP,13131,13175,2019-07-03T03:00:00,2019-07-04T23:00:00,45,RANGE,RANGE
91e5ebe3ad2e2a09616fb13e71ed324d2bbbb36c9ecfe38d46c80fcb79b5027a,685,RANGE,13176,13182,2019-07-05T00:00:00,2019-07-05T06:00:00,7,TREND_UP,TREND_DOWN
74e8ce84ca238900c952ed318cfe9b47206a2dd84486db38572fb6d828841468,686,TREND_DOWN,13183,13202,2019-07-05T07:00:00,2019-07-06T02:00:00,20,RANGE,RANGE
a53c3ca4a0d7b463d8bdefca8c38f470b169fb5bff89940a65e28994dca44c5f,687,RANGE,13203,13206,2019-07-06T03:00:00,2019-07-06T06:00:00,4,TREND_DOWN,TREND_UP
de2b308aeb50d4a54bdd537b073b17d149b948c7b75a5a745c4cfa28f233e8c0,688,TREND_UP,13207,13222,2019-07-06T07:00:00,2019-07-06T22:00:00,16,RANGE,RANGE
1524584fe9b8afcffe1db229043068ad53915e432eb6f884965bb9e749f0f17d,689,RANGE,13223,13225,2019-07-06T23:00:00,2019-07-07T01:00:00,3,TREND_UP,TREND_DOWN
0bf8a3866a3f39afab0cc8f7828792719ec14445a3371b3d1e6a9a269197c1e4,690,TREND_DOWN,13226,13230,2019-07-07T02:00:00,2019-07-07T06:00:00,5,RANGE,VOL_COMPRESSION
b79896d761777b1f5412c79f2b35f7a4f816e017825ef3bd7c02147c902bb465,691,VOL_COMPRESSION,13231,13240,2019-07-07T07:00:00,2019-07-07T16:00:00,10,TREND_DOWN,RANGE
5c4fc0e185ed69880d603caafd8870c933bdb4da9fc867e190cd4e4438e68d0e,692,RANGE,13241,13242,2019-07-07T17:00:00,2019-07-07T18:00:00,2,VOL_COMPRESSION,TREND_UP
23b3497d706cbc216b9463cd2676856e91ba77f47be9d439cc8702e6b5d3f11a,693,TREND_UP,13243,13250,2019-07-07T19:00:00,2019-07-08T02:00:00,8,RANGE,VOL_COMPRESSION
23a0744cd3551ab2db463dc6cf3f611afd9662341b1d28457e3a0759dcb43192,694,VOL_COMPRESSION,13251,13255,2019-07-08T03:00:00,2019-07-08T07:00:00,5,TREND_UP,TREND_UP
bf9ce35969571448527c1dcca6172be9ed210de5c865f893d9b9c8f7177b562b,695,TREND_UP,13256,13259,2019-07-08T08:00:00,2019-07-08T11:00:00,4,VOL_COMPRESSION,VOL_COMPRESSION
ee31d3daec2bb4e6a68f1f24fda26295a4c6a7fc0c45f2df1637fa14602c10e6,696,VOL_COMPRESSION,13260,13272,2019-07-08T12:00:00,2019-07-09T00:00:00,13,TREND_UP,TREND_UP
7a2b4f349575291f45b1ad33f7711d3f372f2d99b71a1354f8c03b1d68bee94e,697,TREND_UP,13273,13313,2019-07-09T01:00:00,2019-07-10T17:00:00,41,VOL_COMPRESSION,RANGE
1fc8571122c6a7d74fd9f341408220e7da24129c002e7144f2a17ac63255e33c,698,RANGE,13314,13316,2019-07-10T18:00:00,2019-07-10T20:00:00,3,TREND_UP,VOL_EXPANSION
4270e2875c4515d411ed5924638e7fa2d9345038c971faff797e0882b60250b4,699,VOL_EXPANSION,13317,13320,2019-07-10T21:00:00,2019-07-11T00:00:00,4,RANGE,TREND_DOWN
acaf12e7dc641ad6ff8c789b7ca1513e55a590695117400c5f11ddc02e1a53e1,700,TREND_DOWN,13321,13339,2019-07-11T01:00:00,2019-07-11T19:00:00,19,VOL_EXPANSION,VOL_EXPANSION
8417611fefa3a00f7aa448f83cc951ac2cb7a7850b593c7c9dfe42aa177ce83c,701,VOL_EXPANSION,13340,13341,2019-07-11T20:00:00,2019-07-11T21:00:00,2,TREND_DOWN,TREND_DOWN
6fbbb165e614f3959d5653466bf768a42636b5c5e3b3c1c74df893ea4fa64700,702,TREND_DOWN,13342,13365,2019-07-11T22:00:00,2019-07-12T21:00:00,24,VOL_EXPANSION,RANGE
414cef36a3ab1517ba0f7bd4bba8caf08302d8ea4f5e810f30fd34e0b995ddd6,703,RANGE,13366,13369,2019-07-12T22:00:00,2019-07-13T01:00:00,4,TREND_DOWN,VOL_COMPRESSION
776065d8e324f7e3add14c4c76bdf5a22f0255aff1f5a31dcf54b8ac03d60db8,704,VOL_COMPRESSION,13370,13370,2019-07-13T02:00:00,2019-07-13T02:00:00,1,RANGE,TREND_DOWN
cbe16e9427b495f16e3f8d47758e12042a989dbd8adf58eb64ce3e921b891e41,705,TREND_DOWN,13371,13372,2019-07-13T03:00:00,2019-07-13T04:00:00,2,VOL_COMPRESSION,VOL_COMPRESSION
5eb2cf249725a5baab1c071a77dfccc61e7ade2957aa97bd87b9f152acd39af5,706,VOL_COMPRESSION,13373,13377,2019-07-13T05:00:00,2019-07-13T09:00:00,5,TREND_DOWN,TREND_DOWN
f63f4b69d510b599e548c45deca591070c44b7c968ba6cec831cbb775420f63a,707,TREND_DOWN,13378,13415,2019-07-13T10:00:00,2019-07-14T23:00:00,38,VOL_COMPRESSION,VOL_EXPANSION
bb69bb5a5f670235bcb0532ad9292c784d5ffba661f307c939075cc8997baaec,708,VOL_EXPANSION,13416,13416,2019-07-15T00:00:00,2019-07-15T00:00:00,1,TREND_DOWN,TREND_DOWN
0ba71c4f1f5db6c739d20f3c886fc13972c65630958ebc8b43949c5a89abeeca,709,TREND_DOWN,13417,13435,2019-07-15T01:00:00,2019-07-15T19:00:00,19,VOL_EXPANSION,RANGE
081c8a4912fe5756e576641de066468330874ef11d57b41d1eda59a787e365e4,710,RANGE,13436,13446,2019-07-15T20:00:00,2019-07-16T06:00:00,11,TREND_DOWN,TREND_DOWN
a6e43cc3af4d845120198de5b8cc3ee24e3133734f31775463294bf085be1539,711,TREND_DOWN,13447,13447,2019-07-16T07:00:00,2019-07-16T07:00:00,1,RANGE,RANGE
041acaf3c38b434f55ef4753f47914b4e20a0c2c26cc25091c8dbe680e0ccbd0,712,RANGE,13448,13449,2019-07-16T08:00:00,2019-07-16T09:00:00,2,TREND_DOWN,TREND_DOWN
00a6e0aab2c535e9c322460bcdfc75d621de02d5735609f29036b5cdff13250d,713,TREND_DOWN,13450,13455,2019-07-16T10:00:00,2019-07-16T15:00:00,6,RANGE,VOL_EXPANSION
7350450a92aa0af1ec05271fcf93bf641c777abb05cf5354db3d8a2f54e4decf,714,VOL_EXPANSION,13456,13460,2019-07-16T16:00:00,2019-07-16T20:00:00,5,TREND_DOWN,TREND_DOWN
3f515e385848b3387289bd012f8bf07a39bd56a6c621073d46fbf82641ba1e48,715,TREND_DOWN,13461,13501,2019-07-16T21:00:00,2019-07-18T13:00:00,41,VOL_EXPANSION,VOL_EXPANSION
ea6f8438fe6f801c5e5dce2895a0ec7b81cc7a3ca1cedd1ccbad5c2d626a2b89,716,VOL_EXPANSION,13502,13506,2019-07-18T14:00:00,2019-07-18T18:00:00,5,TREND_DOWN,TREND_UP
a11a9602d7ce0c897c3b70b772a744d64ae9e4bbeed5f52de7e0ae13cad2ba6a,717,TREND_UP,13507,13541,2019-07-18T19:00:00,2019-07-20T05:00:00,35,VOL_EXPANSION,VOL_COMPRESSION
d191851e745a10ecb13b38859725b0c6e29dd8e4ce8e3be6897e8807a0f25d1a,718,VOL_COMPRESSION,13542,13542,2019-07-20T06:00:00,2019-07-20T06:00:00,1,TREND_UP,TREND_UP
9f1da0e4f9b1e1c60d23930142987a204f3c0a2c682ecf299d652932e071e372,719,TREND_UP,13543,13543,2019-07-20T07:00:00,2019-07-20T07:00:00,1,VOL_COMPRESSION,VOL_COMPRESSION
ccd879e3a0cb28d4752e035b058219484069586973f2e70ad04342ee647d98f8,720,VOL_COMPRESSION,13544,13548,2019-07-20T08:00:00,2019-07-20T12:00:00,5,TREND_UP,TREND_UP
4c78b7de85e452c54575492391f66d4233422593ebd3392ece1011a89cd8d8e6,721,TREND_UP,13549,13555,2019-07-20T13:00:00,2019-07-20T19:00:00,7,VOL_COMPRESSION,VOL_COMPRESSION
398e0b4f383fe3c13cfd12df9fcf5058585f7f444426cf4f59fb2a2c89e24623,722,VOL_COMPRESSION,13556,13558,2019-07-20T20:00:00,2019-07-20T22:00:00,3,TREND_UP,TREND_UP
8cbbe2280617ea9ad271d3d4d1aff9dc2b963dadd6c4fcfc4637e86a12bd3af3,723,TREND_UP,13559,13566,2019-07-20T23:00:00,2019-07-21T06:00:00,8,VOL_COMPRESSION,VOL_COMPRESSION
1aaf118c40f303edfa4e09d5d3fc389c3abaca454610826081d6f5670f86a314,724,VOL_COMPRESSION,13567,13567,2019-07-21T07:00:00,2019-07-21T07:00:00,1,TREND_UP,TREND_UP
54a6cf8da7d7c46c9c0a2c531c97e68376819c818cafa12b2c5f39c3d499a1e2,725,TREND_UP,13568,13571,2019-07-21T08:00:00,2019-07-21T11:00:00,4,VOL_COMPRESSION,VOL_COMPRESSION
d5322d7816aaeff0fe4ec0cb3386d7687fd1e8d255e78bb20305a03a3251533c,726,VOL_COMPRESSION,13572,13573,2019-07-21T12:00:00,2019-07-21T13:00:00,2,TREND_UP,RANGE
693acc4eb88050ffe5d7d9c7618f5cac112f1345ece9425293d8f797c882702d,727,RANGE,13574,13583,2019-07-21T14:00:00,2019-07-21T23:00:00,10,VOL_COMPRESSION,TREND_UP
74ad6d20e596c776df82621988bf3413045d1c60dc0e4506f53633c45b7ed2ff,728,TREND_UP,13584,13584,2019-07-22T00:00:00,2019-07-22T00:00:00,1,RANGE,VOL_COMPRESSION
450e4d23f001753829e6613adc3b04a375a944851a73f912b81401c66c231277,729,VOL_COMPRESSION,13585,13597,2019-07-22T01:00:00,2019-07-22T13:00:00,13,TREND_UP,TREND_DOWN
5cda9dcc3ba9e06abd631d3af19b0da694b49289c54b10f981fe389d20fb8887,730,TREND_DOWN,13598,13611,2019-07-22T14:00:00,2019-07-23T03:00:00,14,VOL_COMPRESSION,VOL_COMPRESSION
5c631bdadca746fc2917437354c7e0b5e9a4a6eed69677ee17056bdf9d392195,731,VOL_COMPRESSION,13612,13613,2019-07-23T04:00:00,2019-07-23T05:00:00,2,TREND_DOWN,TREND_DOWN
1fb60c315347c7dfe64e2ce6c73bcb2ed9124c49dc493a19370b3e92374af4ad,732,TREND_DOWN,13614,13624,2019-07-23T06:00:00,2019-07-23T16:00:00,11,VOL_COMPRESSION,VOL_COMPRESSION
453ac63c8abe4bc194fd7ed606673225b7e46fc89f4f9aafd6ae25a7c5919e3c,733,VOL_COMPRESSION,13625,13625,2019-07-23T17:00:00,2019-07-23T17:00:00,1,TREND_DOWN,TREND_DOWN
f94534954669ee5622e2d058a91eed0700f0935c2254178828b684999e1b2d41,734,TREND_DOWN,13626,13626,2019-07-23T18:00:00,2019-07-23T18:00:00,1,VOL_COMPRESSION,VOL_COMPRESSION
85d93a02ca830c61400411fa5f80a7049f3fbfd426b7f1efeea5eaa1009e4e08,735,VOL_COMPRESSION,13627,13630,2019-07-23T19:00:00,2019-07-23T22:00:00,4,TREND_DOWN,TREND_DOWN
1d162d43fd819fd226c74ca9ce15484664d3bd1e430e7d53f2cdca47d2f26315,736,TREND_DOWN,13631,13637,2019-07-23T23:00:00,2019-07-24T05:00:00,7,VOL_COMPRESSION,VOL_COMPRESSION
42a27a3b2a8869a1e9a2af02acfc5577807dee50863a55d251d28a8092767436,737,VOL_COMPRESSION,13638,13645,2019-07-24T06:00:00,2019-07-24T13:00:00,8,TREND_DOWN,TREND_DOWN
bef2e20c6c927c4f9604f6f0606e16bb0eec17986ccbd7641dcb701dfd6440d8,738,TREND_DOWN,13646,13646,2019-07-24T14:00:00,2019-07-24T14:00:00,1,VOL_COMPRESSION,VOL_COMPRESSION
2a44439cfb599c91cc2be7563d49daf72c8d490ebfda1208098e7cf98cd0cbce,739,VOL_COMPRESSION,13647,13647,2019-07-24T15:00:00,2019-07-24T15:00:00,1,TREND_DOWN,TREND_DOWN
49804f94be59ccf1464493826b5788f166fc769a20324df304bc64cf1c0ce619,740,TREND_DOWN,13648,13657,2019-07-24T16:00:00,2019-07-25T01:00:00,10,VOL_COMPRESSION,RANGE
5e8acfd5b8e8fa64b2bd7d03618e63f274154ddc339a6e6f47c90e02be5f865c,741,RANGE,13658,13660,2019-07-25T02:00:00,2019-07-25T04:00:00,3,TREND_DOWN,VOL_COMPRESSION
cd48c2d154d5eff76fbfa1d78dd94e1bd390809bd016b63d57519e0e77ded251,742,VOL_COMPRESSION,13661,13703,2019-07-25T05:00:00,2019-07-26T23:00:00,43,RANGE,RANGE
cbe096780816047b5da5adbb5f2020d11d7c19b80d7885a55db1a0c2e2d6df40,743,RANGE,13704,13704,2019-07-27T00:00:00,2019-07-27T00:00:00,1,VOL_COMPRESSION,VOL_COMPRESSION
fa2e7b1aaa84b2213a1578af9515c87b8053c26e38d7eb74712d553a0167e577,744,VOL_COMPRESSION,13705,13713,2019-07-27T01:00:00,2019-07-27T09:00:00,9,RANGE,TREND_UP
8ee3a7049d138d39457ae7727413142bc53ff3b654795bd213a570a459c44e8f,745,TREND_UP,13714,13714,2019-07-27T10:00:00,2019-07-27T10:00:00,1,VOL_COMPRESSION,TREND_DOWN
fc74238b173e9d5e63d88f7417da060fbf0a1c2a30914a661f6aca795492528b,746,TREND_DOWN,13715,13721,2019-07-27T11:00:00,2019-07-27T17:00:00,7,TREND_UP,VOL_COMPRESSION
1e883a9b633d28d715653e2adde26fcfb2b091ba15869f948d609ed5043e6acf,747,VOL_COMPRESSION,13722,13725,2019-07-27T18:00:00,2019-07-27T21:00:00,4,TREND_DOWN,TREND_DOWN
e8b5721cb26a68f13ead83e8ad0aa0e74da6d97c760b60b9e1b9ea764d14a1f2,748,TREND_DOWN,13726,13728,2019-07-27T22:00:00,2019-07-28T00:00:00,3,VOL_COMPRESSION,VOL_COMPRESSION
cb5ab809599e50308b7ad43f320baca28f41c58213745750dc7292000137f51e,749,VOL_COMPRESSION,13729,13749,2019-07-28T01:00:00,2019-07-28T21:00:00,21,TREND_DOWN,TREND_DOWN
487a3000a09be3ad0fc9e6801e88edd3816413086fdf29d87ff42e74a4638fde,750,TREND_DOWN,13750,13754,2019-07-28T22:00:00,2019-07-29T02:00:00,5,VOL_COMPRESSION,VOL_COMPRESSION
30935874ab13435e71f59a785363ade15bf8fb09f44db84349d002a7d5c2f33b,751,VOL_COMPRESSION,13755,13767,2019-07-29T03:00:00,2019-07-29T15:00:00,13,TREND_DOWN,TREND_DOWN
fb3adcc8d09803ac7aede50a7138a6e69c318c5b55345f7c6811e30581f240f7,752,TREND_DOWN,13768,13770,2019-07-29T16:00:00,2019-07-29T18:00:00,3,VOL_COMPRESSION,VOL_COMPRESSION
cb2aa107ff61c87b83a9f5b6798e5a972347f48143c02b182010890820d7a40e,753,VOL_COMPRESSION,13771,13920,2019-07-29T19:00:00,2019-08-05T00:00:00,150,TREND_DOWN,TREND_UP
f10e408bc2f19518552b78fa7ae5bbe01b060b679fa7060f6cc13fcd717866ba,754,TREND_UP,13921,13924,2019-08-05T01:00:00,2019-08-05T04:00:00,4,VOL_COMPRESSION,VOL_COMPRESSION
3135e01e033368d0133de2a3aba47c391f50caef84c1d51cb616ad7094fcd9ea,755,VOL_COMPRESSION,13925,13926,2019-08-05T05:00:00,2019-08-05T06:00:00,2,TREND_UP,TREND_UP
286efb3bd3aebef350b2cde38b0cc772b2956f8cf4cd7c1c3ad1fac249c72dd2,756,TREND_UP,13927,13927,2019-08-05T07:00:00,2019-08-05T07:00:00,1,VOL_COMPRESSION,VOL_COMPRESSION
d3d3801da6acf4036294d4dfa2d0fb6862f010c56587e5e3f4aa32a8ebbad8fc,757,VOL_COMPRESSION,13928,13930,2019-08-05T08:00:00,2019-08-05T10:00:00,3,TREND_UP,TREND_UP
e4b8aaa8dc28109ecac01e515d7497e1ebd28460f62a6470a5fcd3060f28aed9,758,TREND_UP,13931,13931,2019-08-05T11:00:00,2019-08-05T11:00:00,1,VOL_COMPRESSION,VOL_COMPRESSION
b2785d471e9a9760fe1db8a157d543a2ddbd068fc07219f5a20454f321ba9c21,759,VOL_COMPRESSION,13932,13949,2019-08-05T12:00:00,2019-08-06T05:00:00,18,TREND_UP,TREND_UP
ad70cb0a8262612a08a96d3224fe9ebde23b1b4aa69edbcb22d1262f7537e7be,760,TREND_UP,13950,13951,2019-08-06T06:00:00,2019-08-06T07:00:00,2,VOL_COMPRESSION,VOL_COMPRESSION
08696fdcb164f61d2242719425165e6cf6a2941256ab0811067e229e7b6062c4,761,VOL_COMPRESSION,13952,13953,2019-08-06T08:00:00,2019-08-06T09:00:00,2,TREND_UP,TREND_UP
61e0380f3f309ee0c9b112af6129a5f8fe7e6bfe2b9ed4df47ee7ba524ae64b7,762,TREND_UP,13954,13965,2019-08-06T10:00:00,2019-08-06T21:00:00,12,VOL_COMPRESSION,RANGE
c6746527414d5d3596fc0ea9f650d8265282e5fa6f314c8896c34c037dee4e01,763,RANGE,13966,13971,2019-08-06T22:00:00,2019-08-07T03:00:00,6,TREND_UP,TREND_UP
e31c146187537c1c761386283dc5a7a5e709920f32d2c7bf784c133576e178b8,764,TREND_UP,13972,13977,2019-08-07T04:00:00,2019-08-07T09:00:00,6,RANGE,VOL_COMPRESSION
2e08ca5cc1ad222d36d8023e7509280fead8cee897827a0372998329ca49b944,765,VOL_COMPRESSION,13978,13980,2019-08-07T10:00:00,2019-08-07T12:00:00,3,TREND_UP,TREND_UP
1ddfadb2b40864ec6d220b8e128bf8ed4f74f9a61422427f6cdbe342cb36529b,766,TREND_UP,13981,13996,2019-08-07T13:00:00,2019-08-08T04:00:00,16,VOL_COMPRESSION,VOL_COMPRESSION
a2612bf1377cd4121fc1a14918f6a443d21c18789d9d0b6da3b9ab7b2519ee51,767,VOL_COMPRESSION,13997,13997,2019-08-08T05:00:00,2019-08-08T05:00:00,1,TREND_UP,TREND_UP
4b247b7a1e1aea27f6d7a0c555d81d7a67227be6c9760cc0ef78c72368d8b0af,768,TREND_UP,13998,13999,2019-08-08T06:00:00,2019-08-08T07:00:00,2,VOL_COMPRESSION,VOL_COMPRESSION
fedaa00ca95050008d11d5f4fad9034db5fbdefc223f483dee2433cabf44556b,769,VOL_COMPRESSION,14000,14004,2019-08-08T08:00:00,2019-08-08T12:00:00,5,TREND_UP,TREND_UP
71d375ad42c5f67b04ba1bb3a8ced966a36e660e062918c45456928c9d8cf7c6,770,TREND_UP,14005,14005,2019-08-08T13:00:00,2019-08-08T13:00:00,1,VOL_COMPRESSION,VOL_COMPRESSION
1f4452abf7a809b8c605ae74350a9a807cc9855771a221016f7527008a5b2939,771,VOL_COMPRESSION,14006,14008,2019-08-08T14:00:00,2019-08-08T16:00:00,3,TREND_UP,RANGE
50884002cae25a62dcd017843a2201dd6403f9db8f93a88eeec1523d330822d9,772,RANGE,14009,14014,2019-08-08T17:00:00,2019-08-08T22:00:00,6,VOL_COMPRESSION,TREND_UP
dca4d3d0b72a7c0630088bfd7ec1a7884861d0e0aecdd34eedeff928c3d9e890,773,TREND_UP,14015,14017,2019-08-08T23:00:00,2019-08-09T01:00:00,3,RANGE,VOL_COMPRESSION
1fc5513e017079a2996268652ba43fb523229bd0f7e88c512e11685181ff12ec,774,VOL_COMPRESSION,14018,14050,2019-08-09T02:00:00,2019-08-10T10:00:00,33,TREND_UP,RANGE
139c66137c00b390011b70c8beda3141c6d68279e30170cabd83cf73b048a9a1,775,RANGE,14051,14051,2019-08-10T11:00:00,2019-08-10T11:00:00,1,VOL_COMPRESSION,TREND_DOWN
bd1f58929925b178871031583479e9b6e0ac1fa27915389ecca95f2e46a21605,776,TREND_DOWN,14052,14054,2019-08-10T12:00:00,2019-08-10T14:00:00,3,RANGE,VOL_COMPRESSION
fac7daf1cb17b654283f184a26b8616ab2d1a7c608a14a52f730606fa6a616cb,777,VOL_COMPRESSION,14055,14151,2019-08-10T15:00:00,2019-08-14T15:00:00,97,TREND_DOWN,TREND_DOWN
00fba9fea0e4e5a3c8d7c2441e3d9b89622946365214aef2973182ba98425a29,778,TREND_DOWN,14152,14183,2019-08-14T16:00:00,2019-08-15T23:00:00,32,VOL_COMPRESSION,RANGE
410f92045ae7363757d636a1dd6428ce754a8371f300ae846920b21cceb48f57,779,RANGE,14184,14184,2019-08-16T00:00:00,2019-08-16T00:00:00,1,TREND_DOWN,TREND_DOWN
6abadb355f56c63fb612b6a21c08987164506dbcc2f02f1e66cb1dd87230760f,780,TREND_DOWN,14185,14200,2019-08-16T01:00:00,2019-08-16T16:00:00,16,RANGE,RANGE
e70d566524830339c20448db81c09341f54edfcd924a15cec1b9d48a38d9972e,781,RANGE,14201,14209,2019-08-16T17:00:00,2019-08-17T01:00:00,9,TREND_DOWN,TREND_UP
fc357dcc228ccd0bd58e255dc2243129d3aae36833f3f5473eb877dc1b06318e,782,TREND_UP,14210,14214,2019-08-17T02:00:00,2019-08-17T06:00:00,5,RANGE,VOL_COMPRESSION
48690e5e623f478e26807e2424e7ab19e2ea89a88723f0da7a73b5f5c9ab72e9,783,VOL_COMPRESSION,14215,14224,2019-08-17T07:00:00,2019-08-17T16:00:00,10,TREND_UP,RANGE
d50d75415b646891d7ee093338bf49a5d89cc280160784357acca344539cda7c,784,RANGE,14225,14225,2019-08-17T17:00:00,2019-08-17T17:00:00,1,VOL_COMPRESSION,TREND_DOWN
ceaf498f0cf51da7a82b7f666ef1b37d5552ef54259dd9f081e9bdea6fa5863b,785,TREND_DOWN,14226,14230,2019-08-17T18:00:00,2019-08-17T22:00:00,5,RANGE,VOL_COMPRESSION
ec23e857a433d56f45a055b3eb0c6ad1a5f02aaf6c276820772dc796d3448890,786,VOL_COMPRESSION,14231,14306,2019-08-17T23:00:00,2019-08-21T02:00:00,76,TREND_DOWN,RANGE
8d9dabfd0c38e5acfc4264ac2ad82ef453975da6e2f87d35455775ffb7a696db,787,RANGE,14307,14308,2019-08-21T03:00:00,2019-08-21T04:00:00,2,VOL_COMPRESSION,TREND_DOWN
cb473ced0a0924844fc7f70d1bda3d5739c8f6aea552372953e9b5825cf57814,788,TREND_DOWN,14309,14323,2019-08-21T05:00:00,2019-08-21T19:00:00,15,RANGE,VOL_COMPRESSION
becf927eaa243bdb6e7f2a945164bfa787e1afc79bcc4d4171857f1382b8dbc7,789,VOL_COMPRESSION,14324,14324,2019-08-21T20:00:00,2019-08-21T20:00:00,1,TREND_DOWN,TREND_DOWN
b2f5dbb107a488ead7588ef75f10023315366133e18154238949de4c220ae702,790,TREND_DOWN,14325,14325,2019-08-21T21:00:00,2019-08-21T21:00:00,1,VOL_COMPRESSION,VOL_COMPRESSION
d1b1f055b4052f5388da002ce31853db17d186e45a5ac64972fa2b782d3ee7b8,791,VOL_COMPRESSION,14326,14328,2019-08-21T22:00:00,2019-08-22T00:00:00,3,TREND_DOWN,TREND_DOWN
b41a45427fb8e7f8e908a3c0232f31e3e5797efb27bd5bba3f84ad78cf9bc603,792,TREND_DOWN,14329,14337,2019-08-22T01:00:00,2019-08-22T09:00:00,9,VOL_COMPRESSION,VOL_COMPRESSION
0ed6c60b83433c54415bdf5d0314e6ce6bc6b2053bccf4a2b7e7ae587aae4a3b,793,VOL_COMPRESSION,14338,14413,2019-08-22T10:00:00,2019-08-25T13:00:00,76,TREND_DOWN,RANGE
5ad04e0ec8b26b8188a1d2886ebb93b51d70c5df831c57fd465509fe725371e3,794,RANGE,14414,14414,2019-08-25T14:00:00,2019-08-25T14:00:00,1,VOL_COMPRESSION,VOL_COMPRESSION
f24cb0e7cc56d675b51246567b08127a635aafe2ee0935f47c8674fd239496d9,795,VOL_COMPRESSION,14415,14423,2019-08-25T15:00:00,2019-08-25T23:00:00,9,RANGE,TREND_DOWN
fac08a89b59f59a0762ef2bb418c8e9350c0fc8cbf79dc8b0935dc6e3f6034a0,796,TREND_DOWN,14424,14424,2019-08-26T00:00:00,2019-08-26T00:00:00,1,VOL_COMPRESSION,TREND_UP
3ee3e7132eb7508d8669812974d7980427af812b7745b6fa15156c05502a9c28,797,TREND_UP,14425,14432,2019-08-26T01:00:00,2019-08-26T08:00:00,8,TREND_DOWN,VOL_COMPRESSION
30a4cd43d7ef7c660abe2c95a7b17c8c59a2b06ae4cc4b010b498204fa995b54,798,VOL_COMPRESSION,14433,14489,2019-08-26T09:00:00,2019-08-28T17:00:00,57,TREND_UP,TREND_DOWN
76c71ee7603054d25fdde3d1e4716df0dd6435faf42501edda969beb68553585,799,TREND_DOWN,14490,14494,2019-08-28T18:00:00,2019-08-28T22:00:00,5,VOL_COMPRESSION,VOL_COMPRESSION
69b61e7cb72e248a61baae327fdbddbac0e39513b5dda2890b8c8fa7fce1d0b6,800,VOL_COMPRESSION,14495,14704,2019-08-28T23:00:00,2019-09-06T16:00:00,210,TREND_DOWN,TREND_UP
a22a8ec4ba2012a002a2094ccb23401bbfbe8f29d254d50194b98ca200d3ca31,801,TREND_UP,14705,14706,2019-09-06T17:00:00,2019-09-06T18:00:00,2,VOL_COMPRESSION,RANGE
e4885c7a23a4b9cd6bbeadf60fc7751c12539d0f28899c3b8f79005f71aeb9f4,802,RANGE,14707,14710,2019-09-06T19:00:00,2019-09-06T22:00:00,4,TREND_UP,VOL_COMPRESSION
2ea8c04184f8351a85dca2da2c6b0f71f379b2eefb47f4d010c3166913d1dc76,803,VOL_COMPRESSION,14711,15137,2019-09-06T23:00:00,2019-09-24T17:00:00,427,RANGE,TREND_DOWN
a73e6e40218d933f4b4fc5fe659a62c392d389731afd1335801529b0d5b3fe54,804,TREND_DOWN,15138,15138,2019-09-24T18:00:00,2019-09-24T18:00:00,1,VOL_COMPRESSION,VOL_EXPANSION
bcf435fa613c785f62d437e6b4999cca8a22aad1e17e21e94369334003fe3677,805,VOL_EXPANSION,15139,15143,2019-09-24T19:00:00,2019-09-24T23:00:00,5,TREND_DOWN,TREND_DOWN
ffce2017241ab33d992afc6cc177bb01c00ee37aea7c49ab289ee3cd8502263d,806,TREND_DOWN,15144,15171,2019-09-25T00:00:00,2019-09-26T03:00:00,28,VOL_EXPANSION,VOL_COMPRESSION
e843bb1c763e64fd9174839d3f0d0ff180d5fe885eefffc47d44421c7971f60e,807,VOL_COMPRESSION,15172,15180,2019-09-26T04:00:00,2019-09-26T12:00:00,9,TREND_DOWN,TREND_DOWN
b0626377af3c4d8b319566086a3265d3b2eec44a6f29d4a6979814c44c938fd5,808,TREND_DOWN,15181,15197,2019-09-26T13:00:00,2019-09-27T05:00:00,17,VOL_COMPRESSION,VOL_COMPRESSION
7b491f9bfebf658fb2748a82e7aa41829623b31e3d8a75eae6723be4fad4ada5,809,VOL_COMPRESSION,15198,15206,2019-09-27T06:00:00,2019-09-27T14:00:00,9,TREND_DOWN,TREND_DOWN
6c9346044f97430e430a0b6fce5808d4f98375860f0a447ff8964e0ad709ac56,810,TREND_DOWN,15207,15208,2019-09-27T15:00:00,2019-09-27T16:00:00,2,VOL_COMPRESSION,VOL_COMPRESSION
1668637ee38b774b83c96be7d3faffd0305403ed57e1fc75bad42224d24b89bb,811,VOL_COMPRESSION,15209,15212,2019-09-27T17:00:00,2019-09-27T20:00:00,4,TREND_DOWN,TREND_DOWN
bfa5e910bcee79f11395f14b9088193780228ae27267d07d5e11f4a527a2700a,812,TREND_DOWN,15213,15214,2019-09-27T21:00:00,2019-09-27T22:00:00,2,VOL_COMPRESSION,VOL_COMPRESSION
8e88885a71c220e98189e754c41c5e3a34a2eea9c6514e203f71ca50a8c49c61,813,VOL_COMPRESSION,15215,15267,2019-09-27T23:00:00,2019-09-30T03:00:00,53,TREND_DOWN,TREND_DOWN
648a543045259fcee2a8389f13fefbb56c2bd73036a1c0e5591d22d68bba370c,814,TREND_DOWN,15268,15269,2019-09-30T04:00:00,2019-09-30T05:00:00,2,VOL_COMPRESSION,VOL_COMPRESSION
d4129a59d37fd0a490e27bcb26a64ce493a39cfd67a3315006377601e8308ffa,815,VOL_COMPRESSION,15270,15271,2019-09-30T06:00:00,2019-09-30T07:00:00,2,TREND_DOWN,TREND_DOWN
40cadcc2dea39d9482b595356d61a91a92aaf1f00663bffdd9fcaa451c0978dc,816,TREND_DOWN,15272,15277,2019-09-30T08:00:00,2019-09-30T13:00:00,6,VOL_COMPRESSION,RANGE
8ff2c4347fe916f8aef647fbfb0c6ccbc83cb517b206e94f8b6820ddba3e3f24,817,RANGE,15278,15281,2019-09-30T14:00:00,2019-09-30T17:00:00,4,TREND_DOWN,TREND_UP
c912793cd819f774d415609077df17d7d486678d99f3b5668a365b2c0e4c51a1,818,TREND_UP,15282,15282,2019-09-30T18:00:00,2019-09-30T18:00:00,1,RANGE,VOL_COMPRESSION
c5a32f264766652d71f865aa3c9112acf9fc6c12ceddc32069de82dc3f0b0124,819,VOL_COMPRESSION,15283,15289,2019-09-30T19:00:00,2019-10-01T01:00:00,7,TREND_UP,TREND_UP
ec2ec99132d4928bede5a35aa53be4b2052d2b73f185ab0d4fb2f74302e60164,820,TREND_UP,15290,15291,2019-10-01T02:00:00,2019-10-01T03:00:00,2,VOL_COMPRESSION,VOL_COMPRESSION
905e95dd5d359c6006fc02a10aec87201baa6ff8deda22094eefb579000b351c,821,VOL_COMPRESSION,15292,15304,2019-10-01T04:00:00,2019-10-01T16:00:00,13,TREND_UP,TREND_UP
0911fd194826073110ea41f2c29cf6474d9e97b0924c1685a01a1fd7c73f0c89,822,TREND_UP,15305,15311,2019-10-01T17:00:00,2019-10-01T23:00:00,7,VOL_COMPRESSION,VOL_COMPRESSION
b2e7b0e4c6151f11ee687d208c73876fdf400230fda785afda4383ecbb7478ba,823,VOL_COMPRESSION,15312,15532,2019-10-02T00:00:00,2019-10-11T04:00:00,221,TREND_UP,TREND_UP
29e6e7c4edddbcd53b7de6da47a094034b67f8e24550d4e468e0877a1eb59386,824,TREND_UP,15533,15536,2019-10-11T05:00:00,2019-10-11T08:00:00,4,VOL_COMPRESSION,VOL_COMPRESSION
325bf0b87f1f1bd454d0734b336013a82d6d22c9a91858ca6617bdf6d6647226,825,VOL_COMPRESSION,15537,15827,2019-10-11T09:00:00,2019-10-23T11:00:00,291,TREND_UP,TREND_DOWN
d9a85831c27c69ca1ae80ed4573e1b24397a0bda54a8b6ad0ccf262b1dc123c3,826,TREND_DOWN,15828,15834,2019-10-23T12:00:00,2019-10-23T18:00:00,7,VOL_COMPRESSION,VOL_COMPRESSION
c994e6c6d28108871b1e24f7cc639247499eb958ed4e77d652b79a844fbd3560,827,VOL_COMPRESSION,15835,15878,2019-10-23T19:00:00,2019-10-25T14:00:00,44,TREND_DOWN,RANGE
f7beef654c3b9ccea91be10e7bbd7c9605be8d8e260d52a07fba89a5ae1324df,828,RANGE,15879,15879,2019-10-25T15:00:00,2019-10-25T15:00:00,1,VOL_COMPRESSION,TREND_UP
e15d4d406f0361d0f7832679b92ab4cb0e3061ad05cb4e2d51d7b67d0786da88,829,TREND_UP,15880,15887,2019-10-25T16:00:00,2019-10-25T23:00:00,8,RANGE,VOL_EXPANSION
69cafcc2514b56c00cc1b1aed151f0d4b64be2a0d8dc759bad5e32e67efc1c30,830,VOL_EXPANSION,15888,15888,2019-10-26T00:00:00,2019-10-26T00:00:00,1,TREND_UP,HIGH_VOL
67dc5f2d8ad5099334983c8bafc2be806436edcbd3221c213ee154aa93fdb1cb,831,HIGH_VOL,15889,15892,2019-10-26T01:00:00,2019-10-26T04:00:00,4,VOL_EXPANSION,VOL_EXPANSION
e1df356d6ec71ef7eef6e89de0eb2e5cff4faaa4e06f42fd117f45e494953e5b,832,VOL_EXPANSION,15893,15893,2019-10-26T05:00:00,2019-10-26T05:00:00,1,HIGH_VOL,TREND_UP
282716103d5366e2357227c7f04873b79bcf58e0016e479acb8f493e4757a678,833,TREND_UP,15894,15952,2019-10-26T06:00:00,2019-10-28T16:00:00,59,VOL_EXPANSION,VOL_COMPRESSION
8448dec77b1011614dba620f0c0e380d8fa2574993561bada9f2a850f56311d4,834,VOL_COMPRESSION,15953,15953,2019-10-28T17:00:00,2019-10-28T17:00:00,1,TREND_UP,TREND_UP
3d9a3b5e2479d89f2d56750ae83e1d9163e3c2f0e5b0c82acaaf10b16a9169ea,835,TREND_UP,15954,15954,2019-10-28T18:00:00,2019-10-28T18:00:00,1,VOL_COMPRESSION,VOL_COMPRESSION
a2e42b7d5901ce574701f3538ad6455973cf937e353f33ad2bbe698c4bfd5eb2,836,VOL_COMPRESSION,15955,15958,2019-10-28T19:00:00,2019-10-28T22:00:00,4,TREND_UP,TREND_UP
a8804ecfa724bdabad40c8919e17db7b927d95738ac6d7acde3214ec98071613,837,TREND_UP,15959,15961,2019-10-28T23:00:00,2019-10-29T01:00:00,3,VOL_COMPRESSION,VOL_COMPRESSION
ca168b8a908ca31362b739628776ead53317328534c3eff845f1a8c4ee467ac6,838,VOL_COMPRESSION,15962,15964,2019-10-29T02:00:00,2019-10-29T04:00:00,3,TREND_UP,TREND_UP
000f57145eaff77ed952efe317193d65d724b58aa03f16317682f3b6e096f96e,839,TREND_UP,15965,15966,2019-10-29T05:00:00,2019-10-29T06:00:00,2,VOL_COMPRESSION,VOL_COMPRESSION
20af45dc2de2f0aa4a790c1e5b7eb67e8777cbbfaca2aae9ac02855fe4cdd0da,840,VOL_COMPRESSION,15967,15978,2019-10-29T07:00:00,2019-10-29T18:00:00,12,TREND_UP,RANGE
964d3eaeb0fa866acddec061eaac8120d5b1192f98998cd0c1b16cd90ead8ec0,841,RANGE,15979,15980,2019-10-29T19:00:00,2019-10-29T20:00:00,2,VOL_COMPRESSION,TREND_UP
743408d6c22df1acd0428237e68915d2766adb2046d71f3c0db5c8aebd4a0d77,842,TREND_UP,15981,15987,2019-10-29T21:00:00,2019-10-30T03:00:00,7,RANGE,RANGE
8325378c4c27e7d5aa41e3625b2398fb30ca90582afbdc73be6f6a296ccf1175,843,RANGE,15988,15989,2019-10-30T04:00:00,2019-10-30T05:00:00,2,TREND_UP,VOL_COMPRESSION
cd811f20629efc4df64625091ec727cbd25ece0e859189bb7b7825939c17fff4,844,VOL_COMPRESSION,15990,15998,2019-10-30T06:00:00,2019-10-30T14:00:00,9,RANGE,TREND_DOWN
a325532e244e5774d611cbd6cc3174fe56d6b72bd69be1fc8b149bbfc03dab50,845,TREND_DOWN,15999,16001,2019-10-30T15:00:00,2019-10-30T17:00:00,3,VOL_COMPRESSION,VOL_COMPRESSION
3ece3eeebcb3673d394a83d4aa5088dc9c51d5532ce2a4ba09a2ed433002ca40,846,VOL_COMPRESSION,16002,16019,2019-10-30T18:00:00,2019-10-31T11:00:00,18,TREND_DOWN,TREND_DOWN
52eeff000ca5178736086a41fcedb56b3c2877104b02245b4fe26681f087f12e,847,TREND_DOWN,16020,16020,2019-10-31T12:00:00,2019-10-31T12:00:00,1,VOL_COMPRESSION,VOL_COMPRESSION
40c316a99954d07f0901e8be3996020c0d327faa229494c353c4b96c3b280ec8,848,VOL_COMPRESSION,16021,16525,2019-10-31T13:00:00,2019-11-21T14:00:00,505,TREND_DOWN,TREND_DOWN
83c24675118672f1b2455f65fac7a52f79c087a89765f295ddc19060e8a958f8,849,TREND_DOWN,16526,16528,2019-11-21T15:00:00,2019-11-21T17:00:00,3,VOL_COMPRESSION,VOL_COMPRESSION
dda2ba9bbdcd0b181788763768f81c82c147c451627612e5a778ff9ff7ba4680,850,VOL_COMPRESSION,16529,16542,2019-11-21T18:00:00,2019-11-22T07:00:00,14,TREND_DOWN,TREND_DOWN
52a5bf41ed492a00e66651596c20a504a50bc13d712b42fdd006c658b078a752,851,TREND_DOWN,16543,16569,2019-11-22T08:00:00,2019-11-23T10:00:00,27,VOL_COMPRESSION,VOL_COMPRESSION
d594d2e6013bd86b58d4ce9c3ea103e3a2767072cd992dae8178b2ca4535f110,852,VOL_COMPRESSION,16570,16574,2019-11-23T11:00:00,2019-11-23T15:00:00,5,TREND_DOWN,TREND_DOWN
372c0b509467fc45b7e6f58da74b5f2a951c06944814a53180fe0edc6d1cb398,853,TREND_DOWN,16575,16575,2019-11-23T16:00:00,2019-11-23T16:00:00,1,VOL_COMPRESSION,VOL_COMPRESSION
92eea137e66ee204c6ff7002033872ac01593abc968fc5c78c47b42a316b0f63,854,VOL_COMPRESSION,16576,16596,2019-11-23T17:00:00,2019-11-24T13:00:00,21,TREND_DOWN,TREND_DOWN
ea22aaa24b5da9da5b9fa73470e3f615e137ff1efd4b64c062657cbe14964276,855,TREND_DOWN,16597,16604,2019-11-24T14:00:00,2019-11-24T21:00:00,8,VOL_COMPRESSION,VOL_COMPRESSION
db2e5c9f8717099ebe5c4b4303aba43fe35b6d76c94daf41a5ff630d4c6986ee,856,VOL_COMPRESSION,16605,16605,2019-11-24T22:00:00,2019-11-24T22:00:00,1,TREND_DOWN,TREND_DOWN
05f7b90cfc87d86810d00168642430b5532f5095fd82e5a9e61d4b0b94477795,857,TREND_DOWN,16606,16621,2019-11-24T23:00:00,2019-11-25T14:00:00,16,VOL_COMPRESSION,RANGE
1b6fd6565272c0dfd906d173ddd111915280d0dc162d3c9be60189536f273b68,858,RANGE,16622,16633,2019-11-25T15:00:00,2019-11-26T02:00:00,12,TREND_DOWN,TREND_UP
a5763eb1064252637cc9144cd8ea2415ef150909d8fc04a3fa815d7c46842b69,859,TREND_UP,16634,16644,2019-11-26T03:00:00,2019-11-26T13:00:00,11,RANGE,RANGE
311cfb92517889208cda9c327ee939b755d9ab2dc7abcda3fc035693301371ec,860,RANGE,16645,16648,2019-11-26T14:00:00,2019-11-26T17:00:00,4,TREND_UP,VOL_COMPRESSION
50d24d343aa8a3f0d02646287b0b8eaf8708a79d6a7b5a1ffa45526a6229ac27,861,VOL_COMPRESSION,16649,16665,2019-11-26T18:00:00,2019-11-27T10:00:00,17,RANGE,TREND_DOWN
4661779a1657f3dde7a5cd304d3d66f095b9e31efbfadda4cf14115797bcb832,862,TREND_DOWN,16666,16668,2019-11-27T11:00:00,2019-11-27T13:00:00,3,VOL_COMPRESSION,TREND_UP
ab9e3ade662cfc96a7ede5b2e8317ce83205328829ff6174624ab0918c518d66,863,TREND_UP,16669,16681,2019-11-27T14:00:00,2019-11-28T02:00:00,13,TREND_DOWN,VOL_COMPRESSION
1e7cb0b470dcec80c9cd46d35359671c6c16494a93b0cc1379286d6f6170d35d,864,VOL_COMPRESSION,16682,16715,2019-11-28T03:00:00,2019-11-29T12:00:00,34,TREND_UP,TREND_UP
199b67eebc2bdd0a5122b0643f39896e963d5d6cb56fbf3666f62f5be330ce78,865,TREND_UP,16716,16717,2019-11-29T13:00:00,2019-11-29T14:00:00,2,VOL_COMPRESSION,VOL_COMPRESSION
b8d5091c6a0b1ebe8f5e4f9dc486d90382e268f5f2f649c104e26679d0eaa616,866,VOL_COMPRESSION,16718,16718,2019-11-29T15:00:00,2019-11-29T15:00:00,1,TREND_UP,TREND_UP
dfd86a594382b59d59415ad3a71bacbf96b5691acd6e8b8a7538e321ac2ede5b,867,TREND_UP,16719,16719,2019-11-29T16:00:00,2019-11-29T16:00:00,1,VOL_COMPRESSION,VOL_COMPRESSION
1ba74312635f192fae421ffae090a256f59ed344963bdb98d829c16bbd3e9641,868,VOL_COMPRESSION,16720,16765,2019-11-29T17:00:00,2019-12-01T14:00:00,46,TREND_UP,TREND_DOWN
e5cc7dea14f5c6fc8c259c95c6d5161916c6ef54abf5aa49dc068f7d6d847284,869,TREND_DOWN,16766,16766,2019-12-01T15:00:00,2019-12-01T15:00:00,1,VOL_COMPRESSION,VOL_COMPRESSION
de351074cfcdf988329fa95f7a6f643ca498ce81176b64826a1d95c75939701f,870,VOL_COMPRESSION,16767,16835,2019-12-01T16:00:00,2019-12-04T12:00:00,69,TREND_DOWN,TREND_DOWN
5edcd4dc5d3badfb98e417f0f0f1c0f67faa6cbeb3d752ba3f1d1ed3175c826d,871,TREND_DOWN,16836,16836,2019-12-04T13:00:00,2019-12-04T13:00:00,1,VOL_COMPRESSION,RANGE
da833f0be0efe2cebf0055816149e078723aa8061054e8f0c3e75694a550df93,872,RANGE,16837,16839,2019-12-04T14:00:00,2019-12-04T16:00:00,3,TREND_DOWN,TREND_UP
120212023ed7231d0cf79bb072966ad7d51c1930d6ce8d10c85b48d7b11ddbba,873,TREND_UP,16840,16840,2019-12-04T17:00:00,2019-12-04T17:00:00,1,RANGE,VOL_COMPRESSION
93784d85eedfc64c4b4e102a4dcaf10b3ea276f737fc5b349da1ce22b5d537b6,874,VOL_COMPRESSION,16841,16842,2019-12-04T18:00:00,2019-12-04T19:00:00,2,TREND_UP,TREND_UP
6aae0c4cad7c8b87b66849195409e3ee89b12a70feeea4c04d0d2f769901b156,875,TREND_UP,16843,16844,2019-12-04T20:00:00,2019-12-04T21:00:00,2,VOL_COMPRESSION,RANGE
c9243ba9a2381e9182072a1d514837ad146de612daff2579bd8a00be0ef50d16,876,RANGE,16845,16845,2019-12-04T22:00:00,2019-12-04T22:00:00,1,TREND_UP,TREND_DOWN
6088fb8c36548717e5253da2f0c303bff27378088fc1ae66f12a853fba8d1341,877,TREND_DOWN,16846,16849,2019-12-04T23:00:00,2019-12-05T02:00:00,4,RANGE,VOL_COMPRESSION
b09abd4376bd9bf69f8ce00604c951093b7e23aa069fcff12a1c61a0bdeec8d7,878,VOL_COMPRESSION,16850,16850,2019-12-05T03:00:00,2019-12-05T03:00:00,1,TREND_DOWN,TREND_DOWN
236624c8fb10b3981ee4ce7a3783077feb599e4faa39220d0d311a5fcc17a4a1,879,TREND_DOWN,16851,16854,2019-12-05T04:00:00,2019-12-05T07:00:00,4,VOL_COMPRESSION,RANGE
7300684d0ec41df4b805971a72946f4acb0a1a9ce3ae10a9f1a983924dc438a3,880,RANGE,16855,16857,2019-12-05T08:00:00,2019-12-05T10:00:00,3,TREND_DOWN,VOL_COMPRESSION
527910c69642f2bebfee763677d3d7d966839afc24fcc3cb6d6edcb9562a7034,881,VOL_COMPRESSION,16858,17171,2019-12-05T11:00:00,2019-12-18T12:00:00,314,RANGE,TREND_DOWN
57fa4dd3c14db22049b6e32b690a16f078cc8e8dc8b3bb8e96cb38a92d2eb871,882,TREND_DOWN,17172,17175,2019-12-18T13:00:00,2019-12-18T16:00:00,4,VOL_COMPRESSION,RANGE
48b706497b509a258379deffdcd3084ba986f384a12fc842d6fc49056dfabfa5,883,RANGE,17176,17180,2019-12-18T17:00:00,2019-12-18T21:00:00,5,TREND_DOWN,TREND_UP
b0676aa12cbb765172166e9416d899b6ee4ddd4dfa3788adf5009f2d59c1d6e4,884,TREND_UP,17181,17190,2019-12-18T22:00:00,2019-12-19T07:00:00,10,RANGE,VOL_COMPRESSION
09be6c23630dd37b16c13d4cddfefec36d25bc56672bfe4dc41b6786c7c7f0f2,885,VOL_COMPRESSION,17191,17195,2019-12-19T08:00:00,2019-12-19T12:00:00,5,TREND_UP,TREND_UP
097b2915bce752300c0e88e75f87ad5f9813d66d1681f2da18189d2ef88e583f,886,TREND_UP,17196,17196,2019-12-19T13:00:00,2019-12-19T13:00:00,1,VOL_COMPRESSION,VOL_COMPRESSION
0d65dca20306d7d0f2b9eb504e13415f4bcad85f9739e960f36e89e485202f6a,887,VOL_COMPRESSION,17197,17295,2019-12-19T14:00:00,2019-12-23T16:00:00,99,TREND_UP,TREND_UP
77bc1e78f45c73d0a24ae932a085a3a331ecace11663485c0f38283a150e0ce8,888,TREND_UP,17296,17298,2019-12-23T17:00:00,2019-12-23T19:00:00,3,VOL_COMPRESSION,VOL_COMPRESSION
f149fb3651f3ae6be07d797638799ead498e50109d6d98268327e4e3167d9d42,889,VOL_COMPRESSION,17299,17299,2019-12-23T20:00:00,2019-12-23T20:00:00,1,TREND_UP,TREND_UP
d6144296532cd31ca7723b1454b89282c149c43bb1fc0382388e8f6a789e1689,890,TREND_UP,17300,17300,2019-12-23T21:00:00,2019-12-23T21:00:00,1,VOL_COMPRESSION,VOL_COMPRESSION
1b879a91e23feb82f8e20406147e9aeef01d2e11bfd13dabebb89522ac308da6,891,VOL_COMPRESSION,17301,17656,2019-12-23T22:00:00,2020-01-07T17:00:00,356,TREND_UP,TREND_UP
60c8c8a1e4ebf11a28a933fab158525c165a6153d1c44a6186b351da857abb3d,892,TREND_UP,17657,17657,2020-01-07T18:00:00,2020-01-07T18:00:00,1,VOL_COMPRESSION,VOL_COMPRESSION
fe63e6372f9e39cd4c343b95fbd92de5db5bde72a209cd75e0d037fcbca595e8,893,VOL_COMPRESSION,17658,17658,2020-01-07T19:00:00,2020-01-07T19:00:00,1,TREND_UP,TREND_UP
b71f42538564ed9fd581cd1f56c41323f786b36ac5752975236d75b4aaf97f3a,894,TREND_UP,17659,17670,2020-01-07T20:00:00,2020-01-08T07:00:00,12,VOL_COMPRESSION,VOL_COMPRESSION
522b7ba7053b4372c3128adbad72c1c0af197e8ecb03c9a06b701bf844b08284,895,VOL_COMPRESSION,17671,17676,2020-01-08T08:00:00,2020-01-08T13:00:00,6,TREND_UP,TREND_UP
e0444814a837cc4412dc6f2eaf8f46bf38a14f15b09cf9fef816c407d2998a80,896,TREND_UP,17677,17687,2020-01-08T14:00:00,2020-01-09T00:00:00,11,VOL_COMPRESSION,RANGE
cb1624b575fa7ab0f57bdb5e6806887898319856c1a163fa12cbb63d9d0ef19c,897,RANGE,17688,17690,2020-01-09T01:00:00,2020-01-09T03:00:00,3,TREND_UP,VOL_COMPRESSION
d986ddd599895fc7ca858fed9653aed6e61dec57c007f80f65280df6f5d7b239,898,VOL_COMPRESSION,17691,17726,2020-01-09T04:00:00,2020-01-10T15:00:00,36,RANGE,RANGE
6301ae8ffb9b31bed249232d9c775f8958be21577058be52411d6da14ed128f3,899,RANGE,17727,17730,2020-01-10T16:00:00,2020-01-10T19:00:00,4,VOL_COMPRESSION,TREND_UP
e45a9f851ad6b6a30446cd81650d8b0705a9259e5633dc4f6c6de6564fe283bb,900,TREND_UP,17731,17736,2020-01-10T20:00:00,2020-01-11T01:00:00,6,RANGE,VOL_COMPRESSION
53623de361106a9e8c0f3594d5a2db48b0ec3659239b9b650b6c37062cfcef42,901,VOL_COMPRESSION,17737,17822,2020-01-11T02:00:00,2020-01-14T15:00:00,86,TREND_UP,TREND_UP
ac0ae09d210ba093667319db7f0281adc6adc86b718973d5e52f5dec9109fa20,902,TREND_UP,17823,17828,2020-01-14T16:00:00,2020-01-14T21:00:00,6,VOL_COMPRESSION,VOL_COMPRESSION
63c1394966d1b4f5db99bcfa6465e49013c53fa7c8343c6505b01467e86745ba,903,VOL_COMPRESSION,17829,17829,2020-01-14T22:00:00,2020-01-14T22:00:00,1,TREND_UP,TREND_UP
3c76a1ee52c919e078f73b0eeb69f922ad35d9800aed43854ba4f1d8e87dfa76,904,TREND_UP,17830,17837,2020-01-14T23:00:00,2020-01-15T06:00:00,8,VOL_COMPRESSION,VOL_COMPRESSION
f6ca5d47ca88b934e07bb5535d1b2b612c4f5c3bb61cae44cce467da2efa1d51,905,VOL_COMPRESSION,17838,17844,2020-01-15T07:00:00,2020-01-15T13:00:00,7,TREND_UP,TREND_UP
1ed596423e67f1049cde3a4ce408a58314ab6f8c01978b93722184db216fc6fa,906,TREND_UP,17845,17849,2020-01-15T14:00:00,2020-01-15T18:00:00,5,VOL_COMPRESSION,VOL_COMPRESSION
7983ad6c4ffa111b802706afa42dc9af90cd43f06e35fd96b890e035c3ac5f1d,907,VOL_COMPRESSION,17850,17937,2020-01-15T19:00:00,2020-01-19T10:00:00,88,TREND_UP,TREND_UP
e49ee9d69331a0c18baa70c5b007ce93fc6c9e80d93782394d057430f4d925a2,908,TREND_UP,17938,17938,2020-01-19T11:00:00,2020-01-19T11:00:00,1,VOL_COMPRESSION,RANGE
0e354c03b1800bcb6793127fabaed6ad8a88288bc622d02d02b500240055bf72,909,RANGE,17939,17941,2020-01-19T12:00:00,2020-01-19T14:00:00,3,TREND_UP,VOL_COMPRESSION
3618e1bb2e52b97a518ddda4be2d07570d7155399d5b96077d18f2174ac13011,910,VOL_COMPRESSION,17942,18165,2020-01-19T15:00:00,2020-01-28T22:00:00,224,RANGE,TREND_UP
a4d4c4ae2175f6619e3a67853c747f252f95c43fa19111b6ba0d779324b015ed,911,TREND_UP,18166,18167,2020-01-28T23:00:00,2020-01-29T00:00:00,2,VOL_COMPRESSION,VOL_COMPRESSION
7bab5ed0c1a6ec44e928ca9d86071e41c935091e7d4552d3ec649400421b455a,912,VOL_COMPRESSION,18168,18538,2020-01-29T01:00:00,2020-02-13T12:00:00,371,TREND_UP,RANGE
2c5bfef105206ae98b892d9b05e1d878ad5f1389940afd9e5fef922e84101c15,913,RANGE,18539,18544,2020-02-13T13:00:00,2020-02-13T18:00:00,6,VOL_COMPRESSION,VOL_COMPRESSION
eedb941bbb4831586c43d5348fe5a8f4e93e4da0778c671a132f0057e944773e,914,VOL_COMPRESSION,18545,18589,2020-02-13T19:00:00,2020-02-15T15:00:00,45,RANGE,TREND_DOWN
02c72f8dd2cb583416bd86f1f612b8a6df9de5dae9333639df7fc1c24d739122,915,TREND_DOWN,18590,18592,2020-02-15T16:00:00,2020-02-15T18:00:00,3,VOL_COMPRESSION,VOL_COMPRESSION
329a9951f236f8601619dc1f0d1f7a5811dfebcf2d5dacd29acdcd6fbdb60c11,916,VOL_COMPRESSION,18593,18690,2020-02-15T19:00:00,2020-02-19T20:00:00,98,TREND_DOWN,TREND_UP
d1700f4ed9bbf049ad5d4b33e935178d55b204b5614a648bcbba582e6b40af95,917,TREND_UP,18691,18691,2020-02-19T21:00:00,2020-02-19T21:00:00,1,VOL_COMPRESSION,RANGE
29cdb63390257e4696ddce9485d43a56d3ba15b4e5668d0cf6911eabe8abff69,918,RANGE,18692,18694,2020-02-19T22:00:00,2020-02-20T00:00:00,3,TREND_UP,TREND_DOWN
e80db9686b6004e00a9125cedc4e00c21752911128f360aae438114ff258ec42,919,TREND_DOWN,18695,18699,2020-02-20T01:00:00,2020-02-20T05:00:00,5,RANGE,VOL_COMPRESSION
7650815cefee1b37370288877c76b8f84997f92b4056ab896e1904a424ea54f9,920,VOL_COMPRESSION,18700,18710,2020-02-20T06:00:00,2020-02-20T16:00:00,11,TREND_DOWN,TREND_DOWN
699402da7199e638d04711be443d04cd4391f717740c14873ab989baab23d727,921,TREND_DOWN,18711,18712,2020-02-20T17:00:00,2020-02-20T18:00:00,2,VOL_COMPRESSION,VOL_COMPRESSION
0940411288f87c3c0a4264d6b941ce8b2980df401e30b67650b178dd3d95ef3e,922,VOL_COMPRESSION,18713,18849,2020-02-20T19:00:00,2020-02-26T11:00:00,137,TREND_DOWN,TREND_DOWN
6528e1f8da5a4261afc34606b09660565811a2084d96f54cb5a190452f2c484c,923,TREND_DOWN,18850,18868,2020-02-26T12:00:00,2020-02-27T06:00:00,19,VOL_COMPRESSION,VOL_COMPRESSION
c30d7fdcaa5dab8670a6514c6da149d6a55f3e1b8b84429c0d524ce75673da2d,924,VOL_COMPRESSION,18869,18898,2020-02-27T07:00:00,2020-02-28T12:00:00,30,TREND_DOWN,TREND_DOWN
3fffa93dbee4e3f93fabbb4081b31168a3212c725a60811dd7b23563fbfb1ed6,925,TREND_DOWN,18899,18910,2020-02-28T13:00:00,2020-02-29T00:00:00,12,VOL_COMPRESSION,VOL_COMPRESSION
8abd47e3d53bf9aec0d323fac17453028871a67f709c7d0f7a72b5ac4f3e151b,926,VOL_COMPRESSION,18911,19117,2020-02-29T01:00:00,2020-03-08T15:00:00,207,TREND_DOWN,TREND_DOWN
efb8a0a7b7e8a4328c42fc43ffcbe8907fcd7537af8203d5b25f4a799d2e06b8,927,TREND_DOWN,19118,19120,2020-03-08T16:00:00,2020-03-08T18:00:00,3,VOL_COMPRESSION,VOL_COMPRESSION
3f1a1e2654e3c0d6d91157d07109a4f79720973a89cac2cc4ddff41d9c646b32,928,VOL_COMPRESSION,19121,19124,2020-03-08T19:00:00,2020-03-08T22:00:00,4,TREND_DOWN,TREND_DOWN
e3fe80473d973a85c72cf60e83c49a13df2b328a717920ae246cfe3b54ccef11,929,TREND_DOWN,19125,19152,2020-03-08T23:00:00,2020-03-10T02:00:00,28,VOL_COMPRESSION,VOL_COMPRESSION
67bdda691b71a07027ab3d634283c45ea34f5c42106b01818a24071244b09f44,930,VOL_COMPRESSION,19153,19164,2020-03-10T03:00:00,2020-03-10T14:00:00,12,TREND_DOWN,TREND_DOWN
5a934b476abb47f259bd7caf4a70ee5b89c112e2fa27ca9aee43e5bae31ddb4c,931,TREND_DOWN,19165,19175,2020-03-10T15:00:00,2020-03-11T01:00:00,11,VOL_COMPRESSION,VOL_COMPRESSION
40c842145a9ae3dcdf02854b2ad8f9860c222992aafd5257dc49771af71638e3,932,VOL_COMPRESSION,19176,19191,2020-03-11T02:00:00,2020-03-11T17:00:00,16,TREND_DOWN,TREND_DOWN
4a47438d390bf38c300673f5555b99a196521962f093589a902116a87e05e41a,933,TREND_DOWN,19192,19193,2020-03-11T18:00:00,2020-03-11T19:00:00,2,VOL_COMPRESSION,VOL_COMPRESSION
d03a50d1c60682e592e66a77f5bd745228bf4430876a184c0f72d6f5c3dde086,934,VOL_COMPRESSION,19194,19195,2020-03-11T20:00:00,2020-03-11T21:00:00,2,TREND_DOWN,TREND_DOWN
03d6f64d205154505bb7ad362bdeaedd0b613041f70cd5633ea14e673f92a144,935,TREND_DOWN,19196,19197,2020-03-11T22:00:00,2020-03-11T23:00:00,2,VOL_COMPRESSION,VOL_COMPRESSION
5b27be961d5a7a628e1b52f2060e74b1a6e9a852482fdc9add08707ee3cc895f,936,VOL_COMPRESSION,19198,19198,2020-03-12T00:00:00,2020-03-12T00:00:00,1,TREND_DOWN,TREND_DOWN
b1ee5b246fc7b9c841c98b9d0c5db9289de8aba5b88a568f52bb54ce2fbf294f,937,TREND_DOWN,19199,19207,2020-03-12T01:00:00,2020-03-12T09:00:00,9,VOL_COMPRESSION,HIGH_VOL
6b7b73c4f40e818f44612312afbaf560410c18e6c04b46f85f1d8fa9426a6635,938,HIGH_VOL,19208,19252,2020-03-12T10:00:00,2020-03-14T06:00:00,45,TREND_DOWN,TREND_DOWN
f857738e46a850889d325dbc0a2ad6b4e3cffb682ba881204b646ef664871341,939,TREND_DOWN,19253,19281,2020-03-14T07:00:00,2020-03-15T11:00:00,29,HIGH_VOL,VOL_EXPANSION
f2879b2e502d27e1f5e8a91c08d583d03dc4d0edb2ebab47d116a280c7d40781,940,VOL_EXPANSION,19282,19284,2020-03-15T12:00:00,2020-03-15T14:00:00,3,TREND_DOWN,TREND_DOWN
3fb1fc375fe681644bd2682351797ac3d80a6d3ae181145f58372319947e98cc,941,TREND_DOWN,19285,19290,2020-03-15T15:00:00,2020-03-15T20:00:00,6,VOL_EXPANSION,VOL_EXPANSION
ff46de298f2b9a39ceb6f7b80dbe85d96c2125ee57228a04783c27b8f1d4c83c,942,VOL_EXPANSION,19291,19291,2020-03-15T21:00:00,2020-03-15T21:00:00,1,TREND_DOWN,HIGH_VOL
098f3cd4cfde7ba116ceb229dc2d82bf89bf26eadd531f7d4d6a679a465113ee,943,HIGH_VOL,19292,19295,2020-03-15T22:00:00,2020-03-16T01:00:00,4,VOL_EXPANSION,TREND_DOWN
64ef916e26ce9b7db38380cd3bf019009ca9a8f924f0485b20aaf70e472877f0,944,TREND_DOWN,19296,19303,2020-03-16T02:00:00,2020-03-16T09:00:00,8,HIGH_VOL,HIGH_VOL
5694753fd815195e87f7581e7c920bd84c529050ed03393292bd16b9e898418e,945,HIGH_VOL,19304,19320,2020-03-16T10:00:00,2020-03-17T02:00:00,17,TREND_DOWN,RANGE
8387c680710932b5329c2be191db9c2be2056f3e73865b98797667c8fe8da458,946,RANGE,19321,19332,2020-03-17T03:00:00,2020-03-17T14:00:00,12,HIGH_VOL,VOL_EXPANSION
1a9843a6dca959616781d1c6e672cbbe27ab05d0c02da07906ba0a101a65a7b9,947,VOL_EXPANSION,19333,19334,2020-03-17T15:00:00,2020-03-17T16:00:00,2,RANGE,TREND_UP
de8c8117962ff25355323042803fa6da8d1702ec52c6a508401d7413d732d17a,948,TREND_UP,19335,19349,2020-03-17T17:00:00,2020-03-18T07:00:00,15,VOL_EXPANSION,RANGE
806a9f23eabe933acde727e621afb04af3f536db13b30e222d67941bac281f50,949,RANGE,19350,19353,2020-03-18T08:00:00,2020-03-18T11:00:00,4,TREND_UP,TREND_DOWN
79a54e5b8a5122abbd269694aff2dd241372f8382d8a5a4d9f1a13b1be7027f5,950,TREND_DOWN,19354,19354,2020-03-18T12:00:00,2020-03-18T12:00:00,1,RANGE,VOL_EXPANSION
b9697b20fb4ed2d69d879b91c67790ae8339d998805f14849720ed540fabf7e2,951,VOL_EXPANSION,19355,19359,2020-03-18T13:00:00,2020-03-18T17:00:00,5,TREND_DOWN,TREND_UP
508527cb2fb65733e49f04672f81f007e9d0a6f0e70017b942c2764e99a52335,952,TREND_UP,19360,19381,2020-03-18T18:00:00,2020-03-19T15:00:00,22,VOL_EXPANSION,VOL_EXPANSION
4edf30b2cef7fc5cdb94bf5350fde994c80669abfa297effa2fab136dde71b0c,953,VOL_EXPANSION,19382,19386,2020-03-19T16:00:00,2020-03-19T20:00:00,5,TREND_UP,TREND_UP
32c7ddcaf661f23e93f79fa2535728e3b153fc2e13d3715238f4d480826e96bc,954,TREND_UP,19387,19398,2020-03-19T21:00:00,2020-03-20T08:00:00,12,VOL_EXPANSION,VOL_EXPANSION
901f88123725a99c6b8d8e2d456f85c895b1cfbe83dc83e3693cf9b4936e2690,955,VOL_EXPANSION,19399,19404,2020-03-20T09:00:00,2020-03-20T14:00:00,6,TREND_UP,TREND_UP
4b0e9483e2f65a6c7f78b98a6a511159a73f78e42d14ddc7ae24cb7d70a42ea6,956,TREND_UP,19405,19409,2020-03-20T15:00:00,2020-03-20T19:00:00,5,VOL_EXPANSION,HIGH_VOL
8a15d811514221dbbe72bfced906e8f0833e3623e4743cfa8edb7d2f972dd68d,957,HIGH_VOL,19410,19413,2020-03-20T20:00:00,2020-03-20T23:00:00,4,TREND_UP,VOL_EXPANSION
1a2545d67cd6162d92feda9fc21fd6daec993aa89b3aefca279565c73b2e09f0,958,VOL_EXPANSION,19414,19414,2020-03-21T00:00:00,2020-03-21T00:00:00,1,HIGH_VOL,TREND_UP
30e2e22e8cf178b843095000f4ece286836223c356ac0ef9380d0f7034cd1ea7,959,TREND_UP,19415,19424,2020-03-21T01:00:00,2020-03-21T10:00:00,10,VOL_EXPANSION,RANGE
3f5f12e6850795d3c7835fb5a2218c47c8c44a45ef2a4bda1998b90e1beb343b,960,RANGE,19425,19427,2020-03-21T11:00:00,2020-03-21T13:00:00,3,TREND_UP,TREND_UP
edfbb475bc54ba301b33353230717ac33f885953754f73b3434d58ab2b3b52ed,961,TREND_UP,19428,19435,2020-03-21T14:00:00,2020-03-21T21:00:00,8,RANGE,VOL_EXPANSION
3d9a5f27c6271e226175a95e38724327f5e4eb18fd6d00db13c68407242aa3b5,962,VOL_EXPANSION,19436,19436,2020-03-21T22:00:00,2020-03-21T22:00:00,1,TREND_UP,TREND_UP
0d50dee22dd90fea22fca76b8a2e43887d4be52021674af7707d7e765ce7b92e,963,TREND_UP,19437,19450,2020-03-21T23:00:00,2020-03-22T12:00:00,14,VOL_EXPANSION,RANGE
2a3d42d7a4c3c413b2af9ad7ed7d7b5fe4911e3404b2ded53404334cee452bea,964,RANGE,19451,19456,2020-03-22T13:00:00,2020-03-22T18:00:00,6,TREND_UP,TREND_DOWN
69b9e2f10b8a45d555f110e8a2180d5086a2b61521222000bc225338d4c36bcf,965,TREND_DOWN,19457,19459,2020-03-22T19:00:00,2020-03-22T21:00:00,3,RANGE,VOL_EXPANSION
701f147a2b4579b1148152e74b90fc56190208ec1539d0cb372f6446d5ec6911,966,VOL_EXPANSION,19460,19463,2020-03-22T22:00:00,2020-03-23T01:00:00,4,TREND_DOWN,TREND_DOWN
d0fffc9ab8903377ef52679cc988b53a4096db0b27e4b3286a1a71650330759b,967,TREND_DOWN,19464,19473,2020-03-23T02:00:00,2020-03-23T11:00:00,10,VOL_EXPANSION,VOL_EXPANSION
f425bfd8b8f44c6b8f51a9b01e9c6274f65fb9ffd508edc789d45a4d11e45039,968,VOL_EXPANSION,19474,19478,2020-03-23T12:00:00,2020-03-23T16:00:00,5,TREND_DOWN,TREND_UP
bba23269853b85483e9a3aaeb17ae02f28f49e49a57b825585d49e18e4407419,969,TREND_UP,19479,19543,2020-03-23T17:00:00,2020-03-26T09:00:00,65,VOL_EXPANSION,VOL_COMPRESSION
7747cd4be51cdee4a9f1f119b0585b8ca170b961968cf1719d92ca0168902fb1,970,VOL_COMPRESSION,19544,19544,2020-03-26T10:00:00,2020-03-26T10:00:00,1,TREND_UP,TREND_UP
367f885337e263419dd6fc6300db1058fc60a700b477b4abb4f9464184bb1fda,971,TREND_UP,19545,19545,2020-03-26T11:00:00,2020-03-26T11:00:00,1,VOL_COMPRESSION,VOL_COMPRESSION
920866dffde3292b95783ecb661003211a2d170d79eecf37f9534b22de9f1118,972,VOL_COMPRESSION,19546,19546,2020-03-26T12:00:00,2020-03-26T12:00:00,1,TREND_UP,TREND_UP
b33368dda1d2fa184ae758e28f0d72b8edc60fb9e98c085f778efcc6aef60d74,973,TREND_UP,19547,19550,2020-03-26T13:00:00,2020-03-26T16:00:00,4,VOL_COMPRESSION,VOL_COMPRESSION
47aea41ebc1498940c6e9b980b67a719b10f711bb22058fa75591ff82535e22f,974,VOL_COMPRESSION,19551,19580,2020-03-26T17:00:00,2020-03-27T22:00:00,30,TREND_UP,TREND_DOWN
a59da584d3c7cc0f929c61012f09104e6073f5978f7bc9f76c5f2d89a09a4275,975,TREND_DOWN,19581,19595,2020-03-27T23:00:00,2020-03-28T13:00:00,15,VOL_COMPRESSION,VOL_COMPRESSION
065734988e146dcac653008f7aa8e50ea1b5bfab353d1bbb442dac42e1a0fdf3,976,VOL_COMPRESSION,19596,19598,2020-03-28T14:00:00,2020-03-28T16:00:00,3,TREND_DOWN,TREND_DOWN
8bb81eec18da7ac04cb70ef7eafb12a6a589847552660c8680a84aff23d066cf,977,TREND_DOWN,19599,19608,2020-03-28T17:00:00,2020-03-29T02:00:00,10,VOL_COMPRESSION,VOL_COMPRESSION
df828ee74d906686d85f4eab3fcb892c5826d48173cd386e7c84dc9eef6a49c5,978,VOL_COMPRESSION,19609,19624,2020-03-29T03:00:00,2020-03-29T18:00:00,16,TREND_DOWN,TREND_DOWN
5685cf8f24266d3a6254dd9b75f2b10dd183718b7ba1e0442f99ca2310d4fa4c,979,TREND_DOWN,19625,19632,2020-03-29T19:00:00,2020-03-30T02:00:00,8,VOL_COMPRESSION,VOL_COMPRESSION
7d7bd4f7c806dd3b0efc0e68dddb96ff5ea9dd2513f2cb3d2957b4c203ca936f,980,VOL_COMPRESSION,19633,19634,2020-03-30T03:00:00,2020-03-30T04:00:00,2,TREND_DOWN,TREND_DOWN
4bf549923a773b7d67b3b0a395c1d51e3be97ddd32067a0c8817e70cca8b37f8,981,TREND_DOWN,19635,19637,2020-03-30T05:00:00,2020-03-30T07:00:00,3,VOL_COMPRESSION,RANGE
6f9d639fa1d789946ddcc4e8430298718054990bcdaa8c8edba59de98de6555d,982,RANGE,19638,19645,2020-03-30T08:00:00,2020-03-30T15:00:00,8,TREND_DOWN,TREND_UP
844fe1627b11499cc49029b481c94ab830a217b6afe1b45cc48a006c52308114,983,TREND_UP,19646,19648,2020-03-30T16:00:00,2020-03-30T18:00:00,3,RANGE,VOL_COMPRESSION
9934436a93966b84cad37e7ec87dadbccd37ee819af533db09a4d1965f590672,984,VOL_COMPRESSION,19649,19649,2020-03-30T19:00:00,2020-03-30T19:00:00,1,TREND_UP,TREND_UP
44135298a4ac5f23c5aab36d5327c00b745793f8d5b78f2387b5905372dacfad,985,TREND_UP,19650,19661,2020-03-30T20:00:00,2020-03-31T07:00:00,12,VOL_COMPRESSION,VOL_COMPRESSION
3302b3a915e0f820f07b335c5189bec350072c081e4974d5f7cbb8fe90548250,986,VOL_COMPRESSION,19662,19665,2020-03-31T08:00:00,2020-03-31T11:00:00,4,TREND_UP,TREND_UP
c448145fa985010ced27d05b0fd1f7ff22a5bcd355769852545782b0018b5121,987,TREND_UP,19666,19670,2020-03-31T12:00:00,2020-03-31T16:00:00,5,VOL_COMPRESSION,VOL_COMPRESSION
80e833fd7add0ae667db8b4f9243a904f80abf9323878b053292ab1be909bb7b,988,VOL_COMPRESSION,19671,19699,2020-03-31T17:00:00,2020-04-01T21:00:00,29,TREND_UP,RANGE
b5bf222ab307fef3aeaad5d097ddac163d842156523d8b7ad968913c1e03f517,989,RANGE,19700,19700,2020-04-01T22:00:00,2020-04-01T22:00:00,1,VOL_COMPRESSION,TREND_UP
54ffd62ccbc14122549d7c175b2d2b5dab5e53c496be1c8010ea7ede48a5c406,990,TREND_UP,19701,19708,2020-04-01T23:00:00,2020-04-02T06:00:00,8,RANGE,VOL_COMPRESSION
c9100d77dfdc2fe0b6fcb8b34fa8a30e03067d96ae271ea631c0638a844edc18,991,VOL_COMPRESSION,19709,19713,2020-04-02T07:00:00,2020-04-02T11:00:00,5,TREND_UP,TREND_UP
2d811e0c68ec90299b269d2c6f4a1b1a48e45d269db5eddcfa64e24c9ca40bd2,992,TREND_UP,19714,19753,2020-04-02T12:00:00,2020-04-04T03:00:00,40,VOL_COMPRESSION,VOL_COMPRESSION
76ecdb84a0d6d44dadb13a7ab05800edd3eae412d3d0032882cc6ef1004c636f,993,VOL_COMPRESSION,19754,19760,2020-04-04T04:00:00,2020-04-04T10:00:00,7,TREND_UP,TREND_UP
226b2c5042015e1ab6208a6f2d9cc3fa23d781c38128eec9ad3795c7e23da7ef,994,TREND_UP,19761,19764,2020-04-04T11:00:00,2020-04-04T14:00:00,4,VOL_COMPRESSION,VOL_COMPRESSION
b2459a06bd83bebbe96215f8dba177dd5cf078952418754262522d1328a569d5,995,VOL_COMPRESSION,19765,19769,2020-04-04T15:00:00,2020-04-04T19:00:00,5,TREND_UP,TREND_UP
96c725fb1a9e6b4ab1d9383cc17f3b47a895017e8802e9867f33d5636904838f,996,TREND_UP,19770,19774,2020-04-04T20:00:00,2020-04-05T00:00:00,5,VOL_COMPRESSION,VOL_COMPRESSION
24b3148a45c779380b903c1d1408357f5e0e89ff0c2f1fadc953452add99a333,997,VOL_COMPRESSION,19775,19804,2020-04-05T01:00:00,2020-04-06T06:00:00,30,TREND_UP,TREND_UP
4c31d9491ebc9ffe81a95b6094799a2862df2458ec39e05df4ece2d10823b443,998,TREND_UP,19805,19808,2020-04-06T07:00:00,2020-04-06T10:00:00,4,VOL_COMPRESSION,VOL_COMPRESSION
f90c0deeb8c044466fdf83eb69b39dd8e9163055d6a5ecf03099343cff5d3b29,999,VOL_COMPRESSION,19809,19810,2020-04-06T11:00:00,2020-04-06T12:00:00,2,TREND_UP,TREND_UP
7a055f8bfda65d6d0fb29a29e9c9e6af8ec915dae111bf0316436909e307875c,1000,TREND_UP,19811,19811,2020-04-06T13:00:00,2020-04-06T13:00:00,1,VOL_COMPRESSION,VOL_COMPRESSION
c21ca0ea1be4f2fc23cee24f2728dfab5577eec159aff5326cc4063c8842a1c3,1001,VOL_COMPRESSION,19812,19817,2020-04-06T14:00:00,2020-04-06T19:00:00,6,TREND_UP,TREND_UP
4bd4d62144744adbd3a3404ae9504ae59d8540102e80831a0992e1e1313bf4b5,1002,TREND_UP,19818,19818,2020-04-06T20:00:00,2020-04-06T20:00:00,1,VOL_COMPRESSION,VOL_COMPRESSION
3ed4fccb1ecf48bd8af7ab7e8c8c7088086aeb34dea2e9ea083ea8ff85177a5e,1003,VOL_COMPRESSION,19819,19820,2020-04-06T21:00:00,2020-04-06T22:00:00,2,TREND_UP,TREND_UP
a48792e2e6caddc9aadb423d35fe0ddeffd638e58ef77c4ca3fe3887d2773a2c,1004,TREND_UP,19821,19827,2020-04-06T23:00:00,2020-04-07T05:00:00,7,VOL_COMPRESSION,VOL_COMPRESSION
08f0c0861383ae9cc77db07c9e1a107851331f4cca15d0cf7253e6680d4b9335,1005,VOL_COMPRESSION,19828,19841,2020-04-07T06:00:00,2020-04-07T19:00:00,14,TREND_UP,TREND_UP
19929f83b30b5f4eae735c036af63ac68bd601d314f18d9f662eb584c830873d,1006,TREND_UP,19842,19845,2020-04-07T20:00:00,2020-04-07T23:00:00,4,VOL_COMPRESSION,RANGE
5efb9347375f384f6019161fcc2e9745c8ccfd21a9471ecd73979c51f1382e04,1007,RANGE,19846,19846,2020-04-08T00:00:00,2020-04-08T00:00:00,1,TREND_UP,VOL_COMPRESSION
5054fa65a6977ebe662f77ff2c43def21577771003bf90126701271d782e3ee1,1008,VOL_COMPRESSION,19847,19848,2020-04-08T01:00:00,2020-04-08T02:00:00,2,RANGE,TREND_UP
85067f2804668e430f14e8767aef8fe85acf22cbd9a4454c82ac9b9c22851eb9,1009,TREND_UP,19849,19849,2020-04-08T03:00:00,2020-04-08T03:00:00,1,VOL_COMPRESSION,VOL_COMPRESSION
ec522087f3313e6c33fe5be28e726bdf3c647f551e3ff0480808101350a9ef82,1010,VOL_COMPRESSION,19850,19851,2020-04-08T04:00:00,2020-04-08T05:00:00,2,TREND_UP,TREND_UP
df5240cf06ffc071085f5d9be00b5858ac9b5163cd12c87ebbd77a6e96150afe,1011,TREND_UP,19852,19852,2020-04-08T06:00:00,2020-04-08T06:00:00,1,VOL_COMPRESSION,VOL_COMPRESSION
f81c6d87d5dd0493a2f5fb24344070f908d76a083d74855632e668dcbc505884,1012,VOL_COMPRESSION,19853,19857,2020-04-08T07:00:00,2020-04-08T11:00:00,5,TREND_UP,TREND_UP
dba12170969fffbb44fe5f6eaa5283570a7d4a743eba4bc393bbb082d693fb3f,1013,TREND_UP,19858,19860,2020-04-08T12:00:00,2020-04-08T14:00:00,3,VOL_COMPRESSION,VOL_COMPRESSION
81739ccd595bb288aacf05782729915e7ceb2209fd17f16f0639a5e7c0b5460a,1014,VOL_COMPRESSION,19861,19881,2020-04-08T15:00:00,2020-04-09T11:00:00,21,TREND_UP,TREND_UP
220a753c72ce1cafb3a944c3342ba310aa2c690b80e68407366304dfbf780167,1015,TREND_UP,19882,19882,2020-04-09T12:00:00,2020-04-09T12:00:00,1,VOL_COMPRESSION,VOL_COMPRESSION
907acffea636d16cb61f2fcca9e6fd5ce13deb50684c7c0f1d9aa181f91ad1a2,1016,VOL_COMPRESSION,19883,19898,2020-04-09T13:00:00,2020-04-10T04:00:00,16,TREND_UP,TREND_DOWN
5b928645be27c8deee2cfbc1998c1134b00ea582dbcbf9bbe5c9816ed8947470,1017,TREND_DOWN,19899,19903,2020-04-10T05:00:00,2020-04-10T09:00:00,5,VOL_COMPRESSION,VOL_COMPRESSION
4d8762ed75b7da404370b559b0b07338ba00083370672108e9a1bba6a2f4a117,1018,VOL_COMPRESSION,19904,19908,2020-04-10T10:00:00,2020-04-10T14:00:00,5,TREND_DOWN,TREND_DOWN
48b749a87bedf85be41acb40b3844fbb3242011727528c50d45fbce850bba4ec,1019,TREND_DOWN,19909,19913,2020-04-10T15:00:00,2020-04-10T19:00:00,5,VOL_COMPRESSION,VOL_COMPRESSION
c3e638bc07253f36953203d43a39881954fbcb6d2c1cdedc22d59242acd13022,1020,VOL_COMPRESSION,19914,19964,2020-04-10T20:00:00,2020-04-12T22:00:00,51,TREND_DOWN,TREND_UP
b8a0308cedfccee32f158b81a6e09f35d73e665b3a796e6a8f8863054921a4b0,1021,TREND_UP,19965,19966,2020-04-12T23:00:00,2020-04-13T00:00:00,2,VOL_COMPRESSION,TREND_DOWN
212daa84cd3117bd2b6d0edd2a154136d19e4353daa105d63072ab7560059f96,1022,TREND_DOWN,19967,19973,2020-04-13T01:00:00,2020-04-13T07:00:00,7,TREND_UP,VOL_COMPRESSION
f9fd18dbac86fc4f546f8bfcf0a463a74981150bf71ef1db4b06af1009c7386c,1023,VOL_COMPRESSION,19974,19977,2020-04-13T08:00:00,2020-04-13T11:00:00,4,TREND_DOWN,TREND_DOWN
97727470f39f70d1e66da442716f886c653aa588f9bbb7a2b58d312d160c6961,1024,TREND_DOWN,19978,19984,2020-04-13T12:00:00,2020-04-13T18:00:00,7,VOL_COMPRESSION,VOL_COMPRESSION
35ca23c288ddc0a983484f196d58afb5308be3ce5125e1d10967852de401d789,1025,VOL_COMPRESSION,19985,20044,2020-04-13T19:00:00,2020-04-16T06:00:00,60,TREND_DOWN,TREND_DOWN
e131849589a9173c694e822bb3fa2067beb33280cfaab29ac0ce1bf6708a0bfc,1026,TREND_DOWN,20045,20045,2020-04-16T07:00:00,2020-04-16T07:00:00,1,VOL_COMPRESSION,RANGE
ac0ab3936a1efdf398a74308c1529d8b6516ae7d33ef2ca4de69574a2f96dd51,1027,RANGE,20046,20048,2020-04-16T08:00:00,2020-04-16T10:00:00,3,TREND_DOWN,TREND_UP
b02de426c0c648092430849f60e03b204f0b6b90d8a41fec48c55e13d7c4bed8,1028,TREND_UP,20049,20066,2020-04-16T11:00:00,2020-04-17T04:00:00,18,RANGE,VOL_COMPRESSION
2cdcd388ed0a7bfea3741cf2431c4ffc404ec08dc0f1053d6aaf930851636090,1029,VOL_COMPRESSION,20067,20150,2020-04-17T05:00:00,2020-04-20T16:00:00,84,TREND_UP,TREND_DOWN
050b6fec500a6767d2a2f9fb1ddf91ea66d6c9bb95cad98a982dee558ecaaf2e,1030,TREND_DOWN,20151,20159,2020-04-20T17:00:00,2020-04-21T01:00:00,9,VOL_COMPRESSION,VOL_COMPRESSION
4e3ad2a91817c09eb7ea9d701dc50669c29ec1cb67704df56022b875286a2bfe,1031,VOL_COMPRESSION,20160,20219,2020-04-21T02:00:00,2020-04-23T13:00:00,60,TREND_DOWN,TREND_UP
b978c46aa0995e24860d84ca85d93d9c467753e5b80317ab3eacc452c09ba864,1032,TREND_UP,20220,20225,2020-04-23T14:00:00,2020-04-23T19:00:00,6,VOL_COMPRESSION,VOL_COMPRESSION
283905dab494fdf00b7916a44c6aaf65a2776f69253ee0ea09c86026558815a8,1033,VOL_COMPRESSION,20226,20228,2020-04-23T20:00:00,2020-04-23T22:00:00,3,TREND_UP,TREND_UP
2e5b207af89eb806709a6d7642af38db280ff54c5284a2e4d6b97c579bca952e,1034,TREND_UP,20229,20229,2020-04-23T23:00:00,2020-04-23T23:00:00,1,VOL_COMPRESSION,VOL_COMPRESSION
bbb95d688e9605e5ce6b718d4a31e8c16b918d338bb6ac1ea65b062357701ee3,1035,VOL_COMPRESSION,20230,20365,2020-04-24T00:00:00,2020-04-29T15:00:00,136,TREND_UP,TREND_UP
062a6636a2f5aa41e30664d05e9f878746bc9aeaa2083122deabb11fc681201e,1036,TREND_UP,20366,20382,2020-04-29T16:00:00,2020-04-30T08:00:00,17,VOL_COMPRESSION,VOL_EXPANSION
448f015c28e2c31db1c699f6e542166c070139179b936df6b2eebd1735a45f1f,1037,VOL_EXPANSION,20383,20385,2020-04-30T09:00:00,2020-04-30T11:00:00,3,TREND_UP,TREND_UP
5f45c8bdc0e7df3798cd0d1ab22862e3513ae91b0a0f0cb77bfa53e7587e9341,1038,TREND_UP,20386,20407,2020-04-30T12:00:00,2020-05-01T09:00:00,22,VOL_EXPANSION,VOL_COMPRESSION
f5ebfd5d18d356da1b064c2b8b6e4cc465dab553cef5173f06e4d66a7cad6fdd,1039,VOL_COMPRESSION,20408,20408,2020-05-01T10:00:00,2020-05-01T10:00:00,1,TREND_UP,TREND_UP
d9fc4e2bcb37d609452862042a312ae2b494a45bda5fdbca4b545e85204700a8,1040,TREND_UP,20409,20419,2020-05-01T11:00:00,2020-05-01T21:00:00,11,VOL_COMPRESSION,VOL_COMPRESSION
f856ee68523884d9f63ea10c134abecf8b8c27eb8971b9e88b117ab27f949a47,1041,VOL_COMPRESSION,20420,20457,2020-05-01T22:00:00,2020-05-03T11:00:00,38,TREND_UP,TREND_UP
5a4bc6299301297a330fd3228461092a6514bec40d43597ec2ed29e7acf59f9d,1042,TREND_UP,20458,20461,2020-05-03T12:00:00,2020-05-03T15:00:00,4,VOL_COMPRESSION,RANGE
48851198cd5f4e6eb717ce7ae999c32a4a326e6112e6da38c17db0ff1c17d0d0,1043,RANGE,20462,20464,2020-05-03T16:00:00,2020-05-03T18:00:00,3,TREND_UP,VOL_COMPRESSION
a82117dbf3a9c1586680de2a5c8e72a8cb25927283da0818a5c2533a58926fcd,1044,VOL_COMPRESSION,20465,20469,2020-05-03T19:00:00,2020-05-03T23:00:00,5,RANGE,RANGE
1355fb33bfdceaea2317f7c29ec26932d724353fe029f115df5bf616658be635,1045,RANGE,20470,20472,2020-05-04T00:00:00,2020-05-04T02:00:00,3,VOL_COMPRESSION,TREND_DOWN
3b3ebfdaef60d286be9df56479d9feeb2d3d3eb8d4e196d06dedbe0fed2783f9,1046,TREND_DOWN,20473,20479,2020-05-04T03:00:00,2020-05-04T09:00:00,7,RANGE,VOL_COMPRESSION
c9ccdf4107ba1986ed7bac6c2bc010f8ac56d754507c61e5760b9788d75850f0,1047,VOL_COMPRESSION,20480,20503,2020-05-04T10:00:00,2020-05-05T09:00:00,24,TREND_DOWN,TREND_UP
ac13704b1e4e2fdd70c58cb82486b63cff1f41f22275bf08a3036a0642947278,1048,TREND_UP,20504,20504,2020-05-05T10:00:00,2020-05-05T10:00:00,1,VOL_COMPRESSION,VOL_COMPRESSION
c7293eedf23b795629389166aeb1014eacebca838e2c95b02788437ff7aa8b54,1049,VOL_COMPRESSION,20505,20529,2020-05-05T11:00:00,2020-05-06T11:00:00,25,TREND_UP,TREND_UP
577e541f5c3fe69a8738e55e84133a4d05365f8656d372bfe99d84a345c8003e,1050,TREND_UP,20530,20531,2020-05-06T12:00:00,2020-05-06T13:00:00,2,VOL_COMPRESSION,VOL_COMPRESSION
1d9371edff53b511efa7ffb879dfd631fe00d6afd76f669caa73b77a37cbfa0b,1051,VOL_COMPRESSION,20532,20540,2020-05-06T14:00:00,2020-05-06T22:00:00,9,TREND_UP,TREND_UP
abe7d409b60ccfa4f98b4391122a819b8979eac0693218936e93febe7ac2be32,1052,TREND_UP,20541,20547,2020-05-06T23:00:00,2020-05-07T05:00:00,7,VOL_COMPRESSION,VOL_COMPRESSION
d80385274c1b9fe8b3f93d18d5a819e9c37b0090753a0b02bced1349fbe8ae87,1053,VOL_COMPRESSION,20548,20554,2020-05-07T06:00:00,2020-05-07T12:00:00,7,TREND_UP,TREND_UP
47b9a05b32ea1c47f32d324c7b9c0a3d1e96edb14d5239b9c8c7047a74ee0e6b,1054,TREND_UP,20555,20555,2020-05-07T13:00:00,2020-05-07T13:00:00,1,VOL_COMPRESSION,VOL_COMPRESSION
a194334e3ae9c0630a375fe4ebb60cf83c7d2e50d631884576a0280d080b2e4e,1055,VOL_COMPRESSION,20556,20556,2020-05-07T14:00:00,2020-05-07T14:00:00,1,TREND_UP,TREND_UP
0f4d67d6236775ff6f5740677bf5a79c0b6c782a365161b1b8ccf48dad56c878,1056,TREND_UP,20557,20574,2020-05-07T15:00:00,2020-05-08T08:00:00,18,VOL_COMPRESSION,VOL_COMPRESSION
a0b160f9e05fa0bff9207ba8deec0956ff6535d2e6c2f454b1072b3f45a449cb,1057,VOL_COMPRESSION,20575,20613,2020-05-08T09:00:00,2020-05-09T23:00:00,39,TREND_UP,VOL_EXPANSION
98441e08d351c434bb36f8c2a349664280b7c1c2889b811a539f84f5cbe17e19,1058,VOL_EXPANSION,20614,20618,2020-05-10T00:00:00,2020-05-10T04:00:00,5,VOL_COMPRESSION,TREND_DOWN
2aaa3be0a8036419fd8faacb4e6c990e5b32b1efa6de2608713458679b7d3e82,1059,TREND_DOWN,20619,20653,2020-05-10T05:00:00,2020-05-11T15:00:00,35,VOL_EXPANSION,VOL_EXPANSION
99caca8abe287937a2e3e9eaeed6de5caa188d1d7312e3728ca335087c497d8c,1060,VOL_EXPANSION,20654,20659,2020-05-11T16:00:00,2020-05-11T21:00:00,6,TREND_DOWN,TREND_DOWN
038ba8d64972fbffc28c69a6f90f1f403a41dc67f443fde37d6c431aeb29795d,1061,TREND_DOWN,20660,20676,2020-05-11T22:00:00,2020-05-12T14:00:00,17,VOL_EXPANSION,RANGE
ecf28393c0069fea95e788c64d10ccedd4bc8e75adfd60f12c978661e9e3fd31,1062,RANGE,20677,20684,2020-05-12T15:00:00,2020-05-12T22:00:00,8,TREND_DOWN,TREND_DOWN
df6a8dbea9547ba7a88fb080b50706fa35c8afcf80eda3bdf35226dd36379c53,1063,TREND_DOWN,20685,20685,2020-05-12T23:00:00,2020-05-12T23:00:00,1,RANGE,RANGE
d965416372a461f2a7f757dda0149b5ded625b28650634d619eae0c229152426,1064,RANGE,20686,20686,2020-05-13T00:00:00,2020-05-13T00:00:00,1,TREND_DOWN,VOL_COMPRESSION
acd5f2ab4da4605387ba88bc239b3c47391206f0f14361f111aee25031d2a691,1065,VOL_COMPRESSION,20687,20718,2020-05-13T01:00:00,2020-05-14T08:00:00,32,RANGE,TREND_UP
4598663711b406ab9a628ce028fe19c6937f9e07e41aafa273a8bfac5e0b0e1c,1066,TREND_UP,20719,20750,2020-05-14T09:00:00,2020-05-15T16:00:00,32,VOL_COMPRESSION,VOL_COMPRESSION
dfe015bb38da213dbf8d93593d70e4febae213ffcf96b0f3c7ea9e9266dc410d,1067,VOL_COMPRESSION,20751,20752,2020-05-15T17:00:00,2020-05-15T18:00:00,2,TREND_UP,RANGE
6217d675a68c550e70cad40cfc162276d154acc3c7040d5f6c33e52b3ba45c83,1068,RANGE,20753,20762,2020-05-15T19:00:00,2020-05-16T04:00:00,10,VOL_COMPRESSION,TREND_UP
5dd7a511aee48be22c64c3017327e5254eb16ce328f4055658f13051fa318a48,1069,TREND_UP,20763,20766,2020-05-16T05:00:00,2020-05-16T08:00:00,4,RANGE,RANGE
0d75a371b9c8240aab29fd80eb8e4696fcf190fb5a798548207ae323383ece86,1070,RANGE,20767,20767,2020-05-16T09:00:00,2020-05-16T09:00:00,1,TREND_UP,VOL_COMPRESSION
bfea8c1512661db120f1b1dc04304df2a138c70989de622976b0ced37f4bef71,1071,VOL_COMPRESSION,20768,20813,2020-05-16T10:00:00,2020-05-18T07:00:00,46,RANGE,TREND_UP
ae3765a28c4f485d74126bd506c4fa22732e1a3e811e82f18a9b4f32558ebb3f,1072,TREND_UP,20814,20816,2020-05-18T08:00:00,2020-05-18T10:00:00,3,VOL_COMPRESSION,VOL_COMPRESSION
06064ee3c0e2e705cb37d130f5cac6874e798ce1245b389079eb0b41c06d3bf2,1073,VOL_COMPRESSION,20817,20841,2020-05-18T11:00:00,2020-05-19T11:00:00,25,TREND_UP,TREND_UP
69aa1dce13f73f3a4ee32eaa6597539525ea25007925c32c77a69f3dacbe7ed2,1074,TREND_UP,20842,20843,2020-05-19T12:00:00,2020-05-19T13:00:00,2,VOL_COMPRESSION,VOL_COMPRESSION
2fce9cd27f58222ffbbd5fc9db3a657eb245505d5ad17f9784f8c97b25fe696e,1075,VOL_COMPRESSION,20844,20868,2020-05-19T14:00:00,2020-05-20T14:00:00,25,TREND_UP,RANGE
1d2a3b4a2a11c1e96ef93d6c1270ed6aeda80b533f22bae087289880ecabeab8,1076,RANGE,20869,20870,2020-05-20T15:00:00,2020-05-20T16:00:00,2,VOL_COMPRESSION,TREND_DOWN
ac9a3fda2a8ccc0a6fdf4142f4744f52a9a7b060cc127a367e46593c0c78eea5,1077,TREND_DOWN,20871,20872,2020-05-20T17:00:00,2020-05-20T18:00:00,2,RANGE,VOL_COMPRESSION
f8bd4c0bbf392dfedaa467f757bade5a53f1e95adc9825c59c79212288702f7a,1078,VOL_COMPRESSION,20873,20891,2020-05-20T19:00:00,2020-05-21T13:00:00,19,TREND_DOWN,TREND_DOWN
17bc4d4d8bc89b9fbcdf1d8c3eb74bfeea1e79ceeadaec9d3490fec81dc9226f,1079,TREND_DOWN,20892,20907,2020-05-21T14:00:00,2020-05-22T05:00:00,16,VOL_COMPRESSION,VOL_COMPRESSION
747f28f517a14454aa6a82247eb42cd1f69aec0c2ed41b741bc32083bc301869,1080,VOL_COMPRESSION,20908,20972,2020-05-22T06:00:00,2020-05-24T22:00:00,65,TREND_DOWN,TREND_DOWN
c67fd99e78f1744fdcc4e2bdeaebbc9a28e886aa1fc20c4d971953cddb496bdd,1081,TREND_DOWN,20973,20976,2020-05-24T23:00:00,2020-05-25T02:00:00,4,VOL_COMPRESSION,VOL_COMPRESSION
78258c0d5ed56fe7ee364024889dcf1249473fa76f330f53a4cdecf5cf59dd94,1082,VOL_COMPRESSION,20977,21164,2020-05-25T03:00:00,2020-06-01T22:00:00,188,TREND_DOWN,TREND_UP
7603a4b22541808557647f16cdd350849fb9f56cf72d9673a1f14ec8d887c459,1083,TREND_UP,21165,21168,2020-06-01T23:00:00,2020-06-02T02:00:00,4,VOL_COMPRESSION,VOL_COMPRESSION
399e91db066fd61d318013c3688b71d1b057aa5f8bd274545b264c7e1c1a1b69,1084,VOL_COMPRESSION,21169,21179,2020-06-02T03:00:00,2020-06-02T13:00:00,11,TREND_UP,TREND_UP
43f299362b73d395bae65f7784628a04ede16e4dec3c616c7b1b3195353e231f,1085,TREND_UP,21180,21181,2020-06-02T14:00:00,2020-06-02T15:00:00,2,VOL_COMPRESSION,RANGE
07784e08e67551b8547bef101d118b96402f091a205df7a35a245424f09bff22,1086,RANGE,21182,21188,2020-06-02T16:00:00,2020-06-02T22:00:00,7,TREND_UP,VOL_COMPRESSION
a853d252a25a425464411c665d4cddbd80628532421c4b585d97143c6b334d73,1087,VOL_COMPRESSION,21189,21397,2020-06-02T23:00:00,2020-06-11T15:00:00,209,RANGE,TREND_DOWN
267d449a5a2f6d95059357702da67a1eed9aa75486bd58c90e81151d0d39dfc4,1088,TREND_DOWN,21398,21406,2020-06-11T16:00:00,2020-06-12T00:00:00,9,VOL_COMPRESSION,VOL_COMPRESSION
22640b0eec9c62de35ee945fb83814a07e284413d0b7e4315a4ff423c678a94d,1089,VOL_COMPRESSION,21407,22501,2020-06-12T01:00:00,2020-07-27T15:00:00,1095,TREND_DOWN,TREND_UP
d312120154b10e99747b4276afcef48279ddf55131200605d4baf5d7dde4d6a9,1090,TREND_UP,22502,22534,2020-07-27T16:00:00,2020-07-29T00:00:00,33,VOL_COMPRESSION,VOL_COMPRESSION
33f76ecb27a3338374d92e316b653fe10349533cd21c4265bbab17df5ea8b2ed,1091,VOL_COMPRESSION,22535,22547,2020-07-29T01:00:00,2020-07-29T13:00:00,13,TREND_UP,TREND_UP
23b79d32ec2303f75fc45c1ddfe072ec04618b1fd94292d1187da5a649d993e9,1092,TREND_UP,22548,22548,2020-07-29T14:00:00,2020-07-29T14:00:00,1,VOL_COMPRESSION,VOL_COMPRESSION
f4ac3e4f153e8eea416dee08846661ca98981caba994b0ab9d5172eab41066bd,1093,VOL_COMPRESSION,22549,22633,2020-07-29T15:00:00,2020-08-02T03:00:00,85,TREND_UP,VOL_EXPANSION
ba80da87ba933a5575bf251453d857e8241b55fca0b067392b2feeda2c7297f5,1094,VOL_EXPANSION,22634,22636,2020-08-02T04:00:00,2020-08-02T06:00:00,3,VOL_COMPRESSION,RANGE
8991821f261748956e5db76e0fe545ebd433fee2d6f0f177e2c738f5dbdbcafd,1095,RANGE,22637,22642,2020-08-02T07:00:00,2020-08-02T12:00:00,6,VOL_EXPANSION,TREND_DOWN
235725f8d5c42421ce3f10bf30a68cfb073c72f4bca1661fc71246cb6dc3e9a4,1096,TREND_DOWN,22643,22655,2020-08-02T13:00:00,2020-08-03T01:00:00,13,RANGE,VOL_COMPRESSION
743af1c4057711e84c7e43d4a7ba38cb86b719cdae2ecf8fd659cae50a317313,1097,VOL_COMPRESSION,22656,22865,2020-08-03T02:00:00,2020-08-11T19:00:00,210,TREND_DOWN,TREND_DOWN
33c8be7e7968afedf0983b248291ef6a4eb4f7d872bafa40f2f5787d30805f39,1098,TREND_DOWN,22866,22869,2020-08-11T20:00:00,2020-08-11T23:00:00,4,VOL_COMPRESSION,VOL_COMPRESSION
93462f0aa9edcf7ef33c628d38e69b7324e2614234d200736aaa116c4bef4c2b,1099,VOL_COMPRESSION,22870,23029,2020-08-12T00:00:00,2020-08-18T15:00:00,160,TREND_DOWN,RANGE
b8c0694eab22d65d56d4e7ce9216fa722524bfa164096f0c47c439145a5d2c2d,1100,RANGE,23030,23030,2020-08-18T16:00:00,2020-08-18T16:00:00,1,VOL_COMPRESSION,VOL_COMPRESSION
16947c4c01819477ec2776d029c58d63f15410cef4847ea34aa6792d70ace5f8,1101,VOL_COMPRESSION,23031,23387,2020-08-18T17:00:00,2020-09-02T13:00:00,357,RANGE,TREND_DOWN
791a96671ecdcfa79b26343c7689889dafff5b13bddcd79e1796174aac51510a,1102,TREND_DOWN,23388,23388,2020-09-02T14:00:00,2020-09-02T14:00:00,1,VOL_COMPRESSION,VOL_COMPRESSION
73b56431c274064f10b5f3a1d2334879dbc7e9d143348a3bce47e6b096ec8fee,1103,VOL_COMPRESSION,23389,23409,2020-09-02T15:00:00,2020-09-03T11:00:00,21,TREND_DOWN,TREND_DOWN
037afbb85c5e650ba98c7902a87d70d4ac85dcdcb7fe01261b57a73801774375,1104,TREND_DOWN,23410,23447,2020-09-03T12:00:00,2020-09-05T02:00:00,38,VOL_COMPRESSION,VOL_COMPRESSION
66735a813e921d38086d17d2f1af831ef401d4dedc8c9a461250b29fbae7b3ee,1105,VOL_COMPRESSION,23448,23456,2020-09-05T03:00:00,2020-09-05T11:00:00,9,TREND_DOWN,TREND_DOWN
365bdff7741c3c2b876a045ee33de1d1b2ae1b318e75425e9e80322eb22740ab,1106,TREND_DOWN,23457,23479,2020-09-05T12:00:00,2020-09-06T10:00:00,23,VOL_COMPRESSION,VOL_COMPRESSION
610bfb1e33fc5af567cf0dd97b6de97e826eecf6a65028ee474316859808ee55,1107,VOL_COMPRESSION,23480,23505,2020-09-06T11:00:00,2020-09-07T12:00:00,26,TREND_DOWN,TREND_DOWN
f7c07a86323610394cc01aead18e529bee81dcd9dd71541b69fdef44ef96abc8,1108,TREND_DOWN,23506,23509,2020-09-07T13:00:00,2020-09-07T16:00:00,4,VOL_COMPRESSION,VOL_COMPRESSION
b5db738696deff79888e8f5b998cf7786f63eacae27b3e8692d1b02ecbe09d95,1109,VOL_COMPRESSION,23510,23530,2020-09-07T17:00:00,2020-09-08T13:00:00,21,TREND_DOWN,TREND_DOWN
19cea812c576ffbbea74afb01d1fdb0027f4170bd6da5cd797ddaa001ad47e87,1110,TREND_DOWN,23531,23531,2020-09-08T14:00:00,2020-09-08T14:00:00,1,VOL_COMPRESSION,VOL_COMPRESSION
7a66aaea9705112f651b8bd2e291af5634e9563d164f136c18b9243b65875fc0,1111,VOL_COMPRESSION,23532,23534,2020-09-08T15:00:00,2020-09-08T17:00:00,3,TREND_DOWN,TREND_DOWN
458c452f96931937186972525db941472ec7e161549464b3570cf4a07410bead,1112,TREND_DOWN,23535,23535,2020-09-08T18:00:00,2020-09-08T18:00:00,1,VOL_COMPRESSION,VOL_COMPRESSION
ab92c854f7a66aed5f3aff6b072ad671f70fccab5bbad2c3fd1e8abb58e73430,1113,VOL_COMPRESSION,23536,23538,2020-09-08T19:00:00,2020-09-08T21:00:00,3,TREND_DOWN,TREND_DOWN
2fec6d1a775ae6b6bdb3778d2df5e0c14f5bc934e0cc417fe7cd4911ccfb5dce,1114,TREND_DOWN,23539,23541,2020-09-08T22:00:00,2020-09-09T00:00:00,3,VOL_COMPRESSION,VOL_COMPRESSION
15ed29ddc516493b84441ac653bc3ecc237fc5c4bff0dbb85eadcd2e98d4675a,1115,VOL_COMPRESSION,23542,23542,2020-09-09T01:00:00,2020-09-09T01:00:00,1,TREND_DOWN,TREND_DOWN
3cc3ae9731eada5ccb12154d239b5efa253c0aabc60f20047725754b6197beb6,1116,TREND_DOWN,23543,23543,2020-09-09T02:00:00,2020-09-09T02:00:00,1,VOL_COMPRESSION,VOL_COMPRESSION
912b4e3e20b44964424eeea8d6dfbba39e14d32eb8065ccc56966ddb2ba592ca,1117,VOL_COMPRESSION,23544,23844,2020-09-09T03:00:00,2020-09-21T15:00:00,301,TREND_DOWN,TREND_DOWN
aadff7772355e653d99cbab5d5466e1e38fad02a9a077bf1051d18abd37599a3,1118,TREND_DOWN,23845,23845,2020-09-21T16:00:00,2020-09-21T16:00:00,1,VOL_COMPRESSION,VOL_COMPRESSION
d1253de1d3f0ea14f9f30f58655cbb4f25fc2fcdea2ebbb5ba59ba2f4a8d1f4d,1119,VOL_COMPRESSION,23846,24561,2020-09-21T17:00:00,2020-10-21T13:00:00,716,TREND_DOWN,TREND_UP
c74b03103d545a120d426cf371670d0262b2b558bd85d9ef87b3d418e07b6e8c,1120,TREND_UP,24562,24562,2020-10-21T14:00:00,2020-10-21T14:00:00,1,VOL_COMPRESSION,VOL_COMPRESSION
9bab7c424d6abae00611fe7067d99e813e50356cf271ed661517896d2d2914e0,1121,VOL_COMPRESSION,24563,24563,2020-10-21T15:00:00,2020-10-21T15:00:00,1,TREND_UP,TREND_UP
c7d1a0000d680864c8e189c374369192952424086bae14deb5f2ceb9e4dfb36f,1122,TREND_UP,24564,24564,2020-10-21T16:00:00,2020-10-21T16:00:00,1,VOL_COMPRESSION,VOL_COMPRESSION
b75df2c0e47109966de5bc7d83c4477a03dc7071f2b223b97a07e22a380d2134,1123,VOL_COMPRESSION,24565,24569,2020-10-21T17:00:00,2020-10-21T21:00:00,5,TREND_UP,TREND_UP
0091b7f8780a77ff3ecc4fcb7bb72d137a99fab87bed9785d779799bf59cbf24,1124,TREND_UP,24570,24577,2020-10-21T22:00:00,2020-10-22T05:00:00,8,VOL_COMPRESSION,VOL_COMPRESSION
7908113f762ad06dab983249516dd8be673f899ffa492788e2dadb604bfc9b7e,1125,VOL_COMPRESSION,24578,24728,2020-10-22T06:00:00,2020-10-28T12:00:00,151,TREND_UP,RANGE
9e7361c32e4425144dbc09b940caa82a2284e77e5fdf01c7a9891a6983f5945b,1126,RANGE,24729,24735,2020-10-28T13:00:00,2020-10-28T19:00:00,7,VOL_COMPRESSION,VOL_COMPRESSION
3159da941febd035975e69aef31501ed181e51eac10d49253f5bb36cede96ba3,1127,VOL_COMPRESSION,24736,24797,2020-10-28T20:00:00,2020-10-31T09:00:00,62,RANGE,TREND_UP
f62ba63818b1574ebee6a23f53a6b587c985df9c6830bcd798bca54650af0164,1128,TREND_UP,24798,24801,2020-10-31T10:00:00,2020-10-31T13:00:00,4,VOL_COMPRESSION,VOL_COMPRESSION
7ef488556bb78cbde4cd3205b5ce28140e527b017df7e2f64d96a8312524941f,1129,VOL_COMPRESSION,24802,24920,2020-10-31T14:00:00,2020-11-05T12:00:00,119,TREND_UP,TREND_UP
6cf387a2c26ae31442b65e69769118c1d7b0253d7dd3e485800a9052a9ac40d2,1130,TREND_UP,24921,24921,2020-11-05T13:00:00,2020-11-05T13:00:00,1,VOL_COMPRESSION,VOL_COMPRESSION
132908d81600f4fc31bb9d7ea2fca9b251625c3f05c12c503ed084b3ca149798,1131,VOL_COMPRESSION,24922,24922,2020-11-05T14:00:00,2020-11-05T14:00:00,1,TREND_UP,TREND_UP
7c50ebb2f5ae40ce983038651542b6c28b72bf3037edf43df4004184f0b68ec2,1132,TREND_UP,24923,24955,2020-11-05T15:00:00,2020-11-06T23:00:00,33,VOL_COMPRESSION,VOL_COMPRESSION
c8bb7be90844b6052ae6708ade048a2a0a2011a1cd0a08e183cfeb956e767eb3,1133,VOL_COMPRESSION,24956,24971,2020-11-07T00:00:00,2020-11-07T15:00:00,16,TREND_UP,TREND_UP
de2154aba5ce7eb5d5c20277e03d8cea5f2d635af5f0f1b629aa0ce9c080c8ef,1134,TREND_UP,24972,24973,2020-11-07T16:00:00,2020-11-07T17:00:00,2,VOL_COMPRESSION,RANGE
62003d6485524dcaddbf6350ee55615063e6c8c2b232b17cfeed7e283c130188,1135,RANGE,24974,24978,2020-11-07T18:00:00,2020-11-07T22:00:00,5,TREND_UP,TREND_DOWN
f7825124350ec69de959788c3a4c1ce46e103718d1a624d4e88984d2fc5159d3,1136,TREND_DOWN,24979,24986,2020-11-07T23:00:00,2020-11-08T06:00:00,8,RANGE,VOL_COMPRESSION
4623990c94414633f8399e4c0834de1f9cde26f93bbd1d5f17d592b813caf0b0,1137,VOL_COMPRESSION,24987,25015,2020-11-08T07:00:00,2020-11-09T11:00:00,29,TREND_DOWN,TREND_UP
6428a694d2973785ab388834c62e3bc5b856731b299342dcf2ba3b22573993bc,1138,TREND_UP,25016,25019,2020-11-09T12:00:00,2020-11-09T15:00:00,4,VOL_COMPRESSION,RANGE
5c55adfca68719adc9ba3248b55ba1242a4dec83ac02453e48798b60645d7e22,1139,RANGE,25020,25024,2020-11-09T16:00:00,2020-11-09T20:00:00,5,TREND_UP,TREND_UP
0abceb1d20aa4471930a4dbc03ad7b309cd82bd4de4c8ac9382cdc2717b0a561,1140,TREND_UP,25025,25028,2020-11-09T21:00:00,2020-11-10T00:00:00,4,RANGE,VOL_COMPRESSION
45286329e100159a37f4912df82f6301f5574610ad93777237056332c71f9f64,1141,VOL_COMPRESSION,25029,25085,2020-11-10T01:00:00,2020-11-12T09:00:00,57,TREND_UP,TREND_UP
6981e9b597e10ccc7564adc9b0da762a72e171495d98e53f12f6ee790053c3ad,1142,TREND_UP,25086,25095,2020-11-12T10:00:00,2020-11-12T19:00:00,10,VOL_COMPRESSION,VOL_COMPRESSION
7f942263741064f30ffc23994d3cfb485f480d27417a0d34e4dd3d5ef1c9f5fc,1143,VOL_COMPRESSION,25096,25211,2020-11-12T20:00:00,2020-11-17T15:00:00,116,TREND_UP,TREND_UP
9213a1a6ec55de4b259726050271a9953e5c257e3e44a076598bacd74a78609a,1144,TREND_UP,25212,25218,2020-11-17T16:00:00,2020-11-17T22:00:00,7,VOL_COMPRESSION,VOL_COMPRESSION
ba77ed3d1fad9c2cbcb9cf1c1f6e39a4e1f66360405cc5889bfcfc3128d96625,1145,VOL_COMPRESSION,25219,25223,2020-11-17T23:00:00,2020-11-18T03:00:00,5,TREND_UP,TREND_UP
16a62d84ac0974931c494cc4ce7aaf9208e917b00538e9a8048991a3d9bf7751,1146,TREND_UP,25224,25261,2020-11-18T04:00:00,2020-11-19T17:00:00,38,VOL_COMPRESSION,VOL_COMPRESSION
13bf282863fb280863ee91d96177fd93470e6a9b460c3efb34cf0554cd14d6eb,1147,VOL_COMPRESSION,25262,25325,2020-11-19T18:00:00,2020-11-22T09:00:00,64,TREND_UP,RANGE
f0b7bc362517f4b4219f8d56fabf3dee0b52c74e5acddbcc6eaf7386afe3e165,1148,RANGE,25326,25328,2020-11-22T10:00:00,2020-11-22T12:00:00,3,VOL_COMPRESSION,TREND_DOWN
4b62a7aa14c2e44fb6bf65a34efeeb148fb33dd1e29398359834773621a1f6fb,1149,TREND_DOWN,25329,25333,2020-11-22T13:00:00,2020-11-22T17:00:00,5,RANGE,RANGE
10472892fc7f3ecceb553660741b491ec85c76e8aa391bcc60b52fb6a7942776,1150,RANGE,25334,25334,2020-11-22T18:00:00,2020-11-22T18:00:00,1,TREND_DOWN,VOL_COMPRESSION
d8b237d77c9ce8ed276375fad9b713313c2f1bb8e3e80f18aa67e0f9b1359cea,1151,VOL_COMPRESSION,25335,25339,2020-11-22T19:00:00,2020-11-22T23:00:00,5,RANGE,TREND_UP
26ad63cd7801b7d8a2243d6a0f32a6c74aeb30be93332f31227faabbc8e7ad8a,1152,TREND_UP,25340,25340,2020-11-23T00:00:00,2020-11-23T00:00:00,1,VOL_COMPRESSION,TREND_DOWN
5c4b4a5b8053761df5d367905dc16c52125c226529fd959ebdee9d1867d1f456,1153,TREND_DOWN,25341,25343,2020-11-23T01:00:00,2020-11-23T03:00:00,3,TREND_UP,VOL_COMPRESSION
81e375460c36c1bfd1b5146915765a19c711fb16ab90c126da13988687a73435,1154,VOL_COMPRESSION,25344,25355,2020-11-23T04:00:00,2020-11-23T15:00:00,12,TREND_DOWN,TREND_UP
55cce10150184fb5bdde02a045498267c6eef24a47983e1dfd2df50b0930daf0,1155,TREND_UP,25356,25356,2020-11-23T16:00:00,2020-11-23T16:00:00,1,VOL_COMPRESSION,VOL_COMPRESSION
08e755aae5da2b8522adf16e794069033131f491d3bc7a24ed830f2ddc13ea71,1156,VOL_COMPRESSION,25357,25373,2020-11-23T17:00:00,2020-11-24T09:00:00,17,TREND_UP,TREND_UP
e4350bec97ce5c1c990cfc6099a22935b2c82b7ffd9dd9972ad3a52e39633e94,1157,TREND_UP,25374,25382,2020-11-24T10:00:00,2020-11-24T18:00:00,9,VOL_COMPRESSION,VOL_COMPRESSION
5b6ae2aed3292ce41e06fc0b16deffd5a4cfad64413812acf8f1dc5244eb90ab,1158,VOL_COMPRESSION,25383,25384,2020-11-24T19:00:00,2020-11-24T20:00:00,2,TREND_UP,TREND_UP
6a7531294050a095daad837a4f1dd4ea4438aa70403230df228256d182e5944f,1159,TREND_UP,25385,25386,2020-11-24T21:00:00,2020-11-24T22:00:00,2,VOL_COMPRESSION,VOL_COMPRESSION
e755fcda6f09ab9bb7e47505093fa070bcc2007397093755cdf4d17d16a44436,1160,VOL_COMPRESSION,25387,25407,2020-11-24T23:00:00,2020-11-25T19:00:00,21,TREND_UP,TREND_UP
1578d719ef19295c8fae81b0d7b178eccae0e08d0e632f512c1a2332fb9aa305,1161,TREND_UP,25408,25409,2020-11-25T20:00:00,2020-11-25T21:00:00,2,VOL_COMPRESSION,RANGE
28aac4aaf43fc960c07e8d091c0ed0061b28ed906de5a632a4c7139ba68642f7,1162,RANGE,25410,25414,2020-11-25T22:00:00,2020-11-26T02:00:00,5,TREND_UP,TREND_DOWN
cb2f2e68e28e9c6004b555c6e5b5dd3e592b6c676c5230fcc305841ec6f95218,1163,TREND_DOWN,25415,25419,2020-11-26T03:00:00,2020-11-26T07:00:00,5,RANGE,VOL_EXPANSION
78a968a8eabcbd222586823e9379ec9f9f2b745a6259e2c041eafe32e3ba6d9d,1164,VOL_EXPANSION,25420,25424,2020-11-26T08:00:00,2020-11-26T12:00:00,5,TREND_DOWN,TREND_DOWN
ac9907d8b99b0bac7ee88891395aa94899d86bf2e8c7ead6751c230bd3322e23,1165,TREND_DOWN,25425,25462,2020-11-26T13:00:00,2020-11-28T02:00:00,38,VOL_EXPANSION,VOL_COMPRESSION
9ba7994b4023ac77612c1d2a85011e12df4f6f64b9b3e62e9d2e9f9670b64722,1166,VOL_COMPRESSION,25463,25521,2020-11-28T03:00:00,2020-11-30T13:00:00,59,TREND_DOWN,TREND_UP
0bc73f84a42b9af39547cb0f2988d3575bbe20c2873c5bc52abf65e771e4e3c3,1167,TREND_UP,25522,25539,2020-11-30T14:00:00,2020-12-01T07:00:00,18,VOL_COMPRESSION,VOL_COMPRESSION
c7c8ee02d6eaec8b7c1cb5a6d8c9ebca68f6691ce9414e8acc519b08976e215f,1168,VOL_COMPRESSION,25540,25542,2020-12-01T08:00:00,2020-12-01T10:00:00,3,TREND_UP,TREND_UP
ee55079d4b929282327c8d0617cd74e34b5f996841734e7529a09387b89b49e2,1169,TREND_UP,25543,25545,2020-12-01T11:00:00,2020-12-01T13:00:00,3,VOL_COMPRESSION,VOL_EXPANSION
935bb1c36c025b7cfc5d3c64e1e9e62e84a826be9e2bc1a2f7eef582624fc7f0,1170,VOL_EXPANSION,25546,25546,2020-12-01T14:00:00,2020-12-01T14:00:00,1,TREND_UP,TREND_UP
f5164e408b85c4725163c533181b97a1bab4e6ff6fdb741931fe3f3557e8ef6f,1171,TREND_UP,25547,25556,2020-12-01T15:00:00,2020-12-02T00:00:00,10,VOL_EXPANSION,RANGE
a1d213c4e2012c15947acf6961fa8b6f66c287469be39ea91dfa99dc7b6f392c,1172,RANGE,25557,25563,2020-12-02T01:00:00,2020-12-02T07:00:00,7,TREND_UP,TREND_UP
6d2f81779c49576ac46411c6ab15c0bb3af1a17779b576d9c6dbb5778df9d337,1173,TREND_UP,25564,25575,2020-12-02T08:00:00,2020-12-02T19:00:00,12,RANGE,VOL_COMPRESSION
bcf89a2e6af64d77b42936ab3f26efca0ed7e2b086836cf5215e78ea45b3260e,1174,VOL_COMPRESSION,25576,25615,2020-12-02T20:00:00,2020-12-04T11:00:00,40,TREND_UP,RANGE
037c981d08b7c77c5c6caa05180aae6e3fb1a96d38ef08b434ce25987a92e9e5,1175,RANGE,25616,25616,2020-12-04T12:00:00,2020-12-04T12:00:00,1,VOL_COMPRESSION,VOL_COMPRESSION
ac2405122581cf680d18688ed9175113811a945749bf58a1df4bc77491bea371,1176,VOL_COMPRESSION,25617,25731,2020-12-04T13:00:00,2020-12-09T07:00:00,115,RANGE,TREND_DOWN
4e810c36d64b077ab1d9bc27300dd1c4bbc9d6b5e5aff5ef820330b768470618,1177,TREND_DOWN,25732,25737,2020-12-09T08:00:00,2020-12-09T13:00:00,6,VOL_COMPRESSION,VOL_COMPRESSION
4a493f1a5117e7d722396de6449d0ab2d8eabb13581584962695d2c6c1bd7472,1178,VOL_COMPRESSION,25738,25905,2020-12-09T14:00:00,2020-12-16T13:00:00,168,TREND_DOWN,TREND_UP
3de5c5988c149bb336a95597b8caad796ed41dde3d7ac5aeaf9bf966ea6a6e01,1179,TREND_UP,25906,25910,2020-12-16T14:00:00,2020-12-16T18:00:00,5,VOL_COMPRESSION,VOL_COMPRESSION
a6e7b06cceddda8506ad03eaa2ca9954bb5ed9286e552a0a5819d0a3fc282aa0,1180,VOL_COMPRESSION,25911,25912,2020-12-16T19:00:00,2020-12-16T20:00:00,2,TREND_UP,TREND_UP
d6b0605060aa1dea2ccfbd5e96c309a505b491730606b06d96d3967e461c1302,1181,TREND_UP,25913,25933,2020-12-16T21:00:00,2020-12-17T17:00:00,21,VOL_COMPRESSION,VOL_EXPANSION
2419fc4e6dde5c5fe70b8332c8910e8f81cc6c4f2f76cba7163b1669c344b28b,1182,VOL_EXPANSION,25934,25937,2020-12-17T18:00:00,2020-12-17T21:00:00,4,TREND_UP,TREND_UP
5ac2252e4b79bf35f0b3b1a5446942d4938807ae8372a2b6160d1eb223688773,1183,TREND_UP,25938,25958,2020-12-17T22:00:00,2020-12-18T18:00:00,21,VOL_EXPANSION,VOL_COMPRESSION
8ff23b970c6eff27219b48c273fc7057c109677e7e18492388b87e4152c1a9e7,1184,VOL_COMPRESSION,25959,25979,2020-12-18T19:00:00,2020-12-19T15:00:00,21,TREND_UP,TREND_UP
ad1daa2dfa2c962d7fcea5f9ef010a213f3e86f54203eea2e9dc18d61918d6e6,1185,TREND_UP,25980,25983,2020-12-19T16:00:00,2020-12-19T19:00:00,4,VOL_COMPRESSION,VOL_COMPRESSION
4f88daf0d077f0f905bae1330d318516c18de8d2223610699d00eb3800bcff3b,1186,VOL_COMPRESSION,25984,25987,2020-12-19T20:00:00,2020-12-19T23:00:00,4,TREND_UP,TREND_UP
d3c553ea9ad108bed67c66cb855236a566cccbd67ada2af2a11497f594285cdb,1187,TREND_UP,25988,25989,2020-12-20T00:00:00,2020-12-20T01:00:00,2,VOL_COMPRESSION,VOL_COMPRESSION
b0fae4ed69bdc6ded828b3a304501357dee17817e75d23d56fc38b6786cf86b4,1188,VOL_COMPRESSION,25990,25991,2020-12-20T02:00:00,2020-12-20T03:00:00,2,TREND_UP,TREND_UP
5ea977a4a16ac8733415dad6cd8b6e16a2d04092eabefb1dfdaabce1ee3c1016,1189,TREND_UP,25992,25992,2020-12-20T04:00:00,2020-12-20T04:00:00,1,VOL_COMPRESSION,VOL_COMPRESSION
9b243e6d31b9e5881ad7904f00d519d691a6aa40fad5998ef86afe18e0392601,1190,VOL_COMPRESSION,25993,26008,2020-12-20T05:00:00,2020-12-20T20:00:00,16,TREND_UP,TREND_UP
cecb61c7c730fa0934b66c8a5827adcf6448ddf53e38a1570a40025142f3652c,1191,TREND_UP,26009,26017,2020-12-20T21:00:00,2020-12-21T05:00:00,9,VOL_COMPRESSION,VOL_COMPRESSION
3b295b646d203beaea982be3e435327851dac5be63e602b27d6e8c2d9794190e,1192,VOL_COMPRESSION,26018,26019,2020-12-21T06:00:00,2020-12-21T07:00:00,2,TREND_UP,TREND_UP
d703ec7b1248348fc6d2ac257e8164e935a730673836646958bd74e2289a3ff1,1193,TREND_UP,26020,26022,2020-12-21T08:00:00,2020-12-21T10:00:00,3,VOL_COMPRESSION,RANGE
73a02397f89c0b42534f573a9ca5225c69967c244df6a37eaa541e847e77b8b7,1194,RANGE,26023,26024,2020-12-21T11:00:00,2020-12-21T12:00:00,2,TREND_UP,TREND_DOWN
56ab84d2f6ae7425db853b65ce31c273003fb5e8aa237fc50e1b1073713194bc,1195,TREND_DOWN,26025,26049,2020-12-21T13:00:00,2020-12-22T13:00:00,25,RANGE,RANGE
bc98ffb27c5f1705cd231888ef8c8eb8f3034158e985d71881f672f6bb316622,1196,RANGE,26050,26054,2020-12-22T14:00:00,2020-12-22T18:00:00,5,TREND_DOWN,VOL_COMPRESSION
300e2f7e300e16ff92f615309106fe381f3e8585001e1d8fe754ba1391020b46,1197,VOL_COMPRESSION,26055,26060,2020-12-22T19:00:00,2020-12-23T00:00:00,6,RANGE,TREND_UP
cb665454f5727bc5e08902b8b3f2f9f20652c733041fea5c5114d8736c6c557b,1198,TREND_UP,26061,26061,2020-12-23T01:00:00,2020-12-23T01:00:00,1,VOL_COMPRESSION,VOL_COMPRESSION
472cdc12fdd104731b6ac89882733c6a4f1eac6055257e6a0904b6817093b329,1199,VOL_COMPRESSION,26062,26070,2020-12-23T02:00:00,2020-12-23T10:00:00,9,TREND_UP,TREND_UP
2aa5b2fe11bef9c37af3f9870d9b87dec18c718d94a114df02536b6be1e8542c,1200,TREND_UP,26071,26082,2020-12-23T11:00:00,2020-12-23T22:00:00,12,VOL_COMPRESSION,RANGE
311cd9245603e6e31563469ebb5404f8c13a194f149ce701a4c81a2344af85e4,1201,RANGE,26083,26085,2020-12-23T23:00:00,2020-12-24T01:00:00,3,TREND_UP,TREND_DOWN
08b33e345a980230bf1c6d3eca8406e9c46875cc33c1b8e5dbef1859c70bb20f,1202,TREND_DOWN,26086,26099,2020-12-24T02:00:00,2020-12-24T15:00:00,14,RANGE,VOL_COMPRESSION
50e59557c9a387d411d2d865861a29edea58d3a8db0871c7ec58552154c8ce40,1203,VOL_COMPRESSION,26100,26121,2020-12-24T16:00:00,2020-12-25T13:00:00,22,TREND_DOWN,TREND_UP
f30c316c4f3fa20b108d9c68aa2155d85c90fc5e1db3d9c603272d194302ea2c,1204,TREND_UP,26122,26127,2020-12-25T14:00:00,2020-12-25T19:00:00,6,VOL_COMPRESSION,VOL_COMPRESSION
9c5b839ed8d186d7fed900c6cb0e8ae14bd8cdd8cfd560711b7aea407e753f52,1205,VOL_COMPRESSION,26128,26151,2020-12-25T20:00:00,2020-12-26T19:00:00,24,TREND_UP,TREND_UP
2da72d7dcdfa1ad0785e2d1c33e24d97f4344f068d78efa9b3e6dafd20358476,1206,TREND_UP,26152,26208,2020-12-26T20:00:00,2020-12-29T04:00:00,57,VOL_COMPRESSION,RANGE
7c253145cf4d55f38eadb1c5d8645d9e9e5400da30697d61c591331de81b2e3a,1207,RANGE,26209,26214,2020-12-29T05:00:00,2020-12-29T10:00:00,6,TREND_UP,TREND_UP
2a8817a1a8095b6d66af179ca9b807fdbb743446d8c8d2a07d357617b8aa35c3,1208,TREND_UP,26215,26215,2020-12-29T11:00:00,2020-12-29T11:00:00,1,RANGE,VOL_COMPRESSION
1ffc547c446638342e1be9a80543d22b372cb84d6d44276c6f6469afb6fc1164,1209,VOL_COMPRESSION,26216,26220,2020-12-29T12:00:00,2020-12-29T16:00:00,5,TREND_UP,TREND_UP
c9dfb2779a3dc3d30ed4457dbe146ae63d6856ae75d9de64d96de964f80fd90f,1210,TREND_UP,26221,26221,2020-12-29T17:00:00,2020-12-29T17:00:00,1,VOL_COMPRESSION,VOL_COMPRESSION
729cbf2a723c8a2e118b8765773a3ad4a2517797f7f30dc35c916743c18e70ea,1211,VOL_COMPRESSION,26222,26227,2020-12-29T18:00:00,2020-12-29T23:00:00,6,TREND_UP,TREND_UP
9c55568735d0b47b1f83ae2d1b0041f64861b8fd9f5399a8396ce20f25eb7ff8,1212,TREND_UP,26228,26228,2020-12-30T00:00:00,2020-12-30T00:00:00,1,VOL_COMPRESSION,VOL_COMPRESSION
04905be9c9d7b63698a5e941860ebee9cb54918c18e56ca73200f270d577b5ad,1213,VOL_COMPRESSION,26229,26229,2020-12-30T01:00:00,2020-12-30T01:00:00,1,TREND_UP,TREND_UP
2bfe95cf725d69f7a1ae07521989cb4eca88221dfb1961dae57c34c58564e460,1214,TREND_UP,26230,26280,2020-12-30T02:00:00,2021-01-01T04:00:00,51,VOL_COMPRESSION,VOL_COMPRESSION
fc9cfd5af2759039fc40c10c7ca56ff08f364cc379f87a0eaed2909807071c73,1215,VOL_COMPRESSION,26281,26293,2021-01-01T05:00:00,2021-01-01T17:00:00,13,TREND_UP,TREND_UP
161bd92475dd117ab2e9efde5a8d669a7e985c15d9b55be6218db5c82c0908ab,1216,TREND_UP,26294,26294,2021-01-01T18:00:00,2021-01-01T18:00:00,1,VOL_COMPRESSION,VOL_COMPRESSION
6681781285f8a5cc8937e94fc36c4524f2d0c35a90871a1d698a6fd1efafbe33,1217,VOL_COMPRESSION,26295,26312,2021-01-01T19:00:00,2021-01-02T12:00:00,18,TREND_UP,TREND_UP
296b09d1bba247a7ed47bc42c1ad64f441446722c74608e16e0c158e18f9e8d8,1218,TREND_UP,26313,26319,2021-01-02T13:00:00,2021-01-02T19:00:00,7,VOL_COMPRESSION,VOL_EXPANSION
430007330e9d29f3189b79105fe492129991c5a6ad14cedce2553ba307bf743d,1219,VOL_EXPANSION,26320,26324,2021-01-02T20:00:00,2021-01-03T00:00:00,5,TREND_UP,TREND_UP
da418f24b52569e4a92f904a989e1dcde5d2bba18e86ef6e4d25cc877deeb73c,1220,TREND_UP,26325,26341,2021-01-03T01:00:00,2021-01-03T17:00:00,17,VOL_EXPANSION,VOL_EXPANSION
b3ec880b4f78fa0d2c13886f876968d194b142fe0c2205e569c9760bfbd90262,1221,VOL_EXPANSION,26342,26342,2021-01-03T18:00:00,2021-01-03T18:00:00,1,TREND_UP,TREND_UP
dd69066ef9f398e164d053a3dd6a245ec0edae287d34f3d155fbfa0e917009ac,1222,TREND_UP,26343,26355,2021-01-03T19:00:00,2021-01-04T07:00:00,13,VOL_EXPANSION,VOL_EXPANSION
83a2885fd072d30112fc2e71a6da6a81e47838072b2dc1d4b45fcf09c1fe0626,1223,VOL_EXPANSION,26356,26357,2021-01-04T08:00:00,2021-01-04T09:00:00,2,TREND_UP,HIGH_VOL
e66478afdaf641be5b734abb29ec39961438662b19cad7f5d7c6c03707449c87,1224,HIGH_VOL,26358,26360,2021-01-04T10:00:00,2021-01-04T12:00:00,3,VOL_EXPANSION,VOL_EXPANSION
daef3cd7fd716563a4a244f244db562bc744428efa12f4b6e7be23da8f167ec9,1225,VOL_EXPANSION,26361,26362,2021-01-04T13:00:00,2021-01-04T14:00:00,2,HIGH_VOL,RANGE
0381c1b67a5bc3b8f1991e437a5d354d317713bd16f38e4b0f90741ab67905e0,1226,RANGE,26363,26364,2021-01-04T15:00:00,2021-01-04T16:00:00,2,VOL_EXPANSION,TREND_DOWN
2cc3596f9dd23888bf29fe9e1c442d4b727567499914ed71dcb2064fdbe8d2f7,1227,TREND_DOWN,26365,26372,2021-01-04T17:00:00,2021-01-05T00:00:00,8,RANGE,RANGE
cc6a6383b9837a9fb1d4914fe5aa959a83b8a3f1f24be6b4731d45fef719b795,1228,RANGE,26373,26375,2021-01-05T01:00:00,2021-01-05T03:00:00,3,TREND_DOWN,TREND_DOWN
13efb7087da871b0556f3b48a32c924d402643dd4aea470dfba0114a17a67820,1229,TREND_DOWN,26376,26376,2021-01-05T04:00:00,2021-01-05T04:00:00,1,RANGE,VOL_EXPANSION
1f16d8daca25c268bf84d2b5b5d7725e1ce2c22f5f4ea8d40dd650da12c5dda3,1230,VOL_EXPANSION,26377,26379,2021-01-05T05:00:00,2021-01-05T07:00:00,3,TREND_DOWN,TREND_DOWN
e4c3f3a98b78a9de006d31bd58e36eaa4b2de964f17103ad66e4cf22eb7a4f56,1231,TREND_DOWN,26380,26386,2021-01-05T08:00:00,2021-01-05T14:00:00,7,VOL_EXPANSION,RANGE
44e1b7ca82e26452483fa80f67dc8ee2d9e8cb3be1ea8fa5adf81075fe41734b,1232,RANGE,26387,26388,2021-01-05T15:00:00,2021-01-05T16:00:00,2,TREND_DOWN,TREND_UP
43188598b9b9516ad4f56e2b4e0824b61ab932d1ccf337501707ec0ebeeb2641,1233,TREND_UP,26389,26437,2021-01-05T17:00:00,2021-01-07T17:00:00,49,RANGE,VOL_EXPANSION
cf821905ab1ebf17d88ada48317f3eed7c03d0869fce360b34ab340a1efb00c4,1234,VOL_EXPANSION,26438,26442,2021-01-07T18:00:00,2021-01-07T22:00:00,5,TREND_UP,TREND_UP
d900d70796d75a70c6217b690f8d6c11faf9e38cb13ecb3fe0cb8efb3a57b73b,1235,TREND_UP,26443,26445,2021-01-07T23:00:00,2021-01-08T01:00:00,3,VOL_EXPANSION,VOL_EXPANSION
d2fadad6a235f37f7115d9686ea60ac987758320440176fa2bf9ed7425579ce4,1236,VOL_EXPANSION,26446,26448,2021-01-08T02:00:00,2021-01-08T04:00:00,3,TREND_UP,TREND_UP
ad2517dd27613afbcec918772a644e2741382f46943fe6beb3399bcb063676a1,1237,TREND_UP,26449,26505,2021-01-08T05:00:00,2021-01-10T13:00:00,57,VOL_EXPANSION,RANGE
4d9e397e10d0d6af8a54c2e9fb4fd63abc6055fbb329df3a88ec0a3a527da927,1238,RANGE,26506,26509,2021-01-10T14:00:00,2021-01-10T17:00:00,4,TREND_UP,VOL_EXPANSION
17d1c90c5a2bea86c2357df66cf55105ee53912de5224de75705d0b23559988a,1239,VOL_EXPANSION,26510,26516,2021-01-10T18:00:00,2021-01-11T00:00:00,7,RANGE,TREND_DOWN
9a956f7c5a7f5f052f0c702824f9ef18cc8a7a075251044fc127ae2e8e6b8edf,1240,TREND_DOWN,26517,26518,2021-01-11T01:00:00,2021-01-11T02:00:00,2,VOL_EXPANSION,HIGH_VOL
522cc5885663c9b08ca4b1086d2c6cb8a0371319ce6b8bf167b97701b3ac21e8,1241,HIGH_VOL,26519,26543,2021-01-11T03:00:00,2021-01-12T03:00:00,25,TREND_DOWN,TREND_DOWN
a1e44b91e0aa664140c422d6f1c14f78ea7d5a7020256cf81a4ea8ad68f821d5,1242,TREND_DOWN,26544,26553,2021-01-12T04:00:00,2021-01-12T13:00:00,10,HIGH_VOL,VOL_EXPANSION
bf36e3bfea7331bec7da946c8714446770802d23f3af9559fada89c6264bd4f6,1243,VOL_EXPANSION,26554,26554,2021-01-12T14:00:00,2021-01-12T14:00:00,1,TREND_DOWN,TREND_DOWN
1100539295717c9be236855aa821cc7ccee4f7c7199e43be99cf709c649dea80,1244,TREND_DOWN,26555,26555,2021-01-12T15:00:00,2021-01-12T15:00:00,1,VOL_EXPANSION,VOL_EXPANSION
dbed5324842b76aec7b0046db914af5f68e26e53205ddd5ca5ff04e114a9f3ac,1245,VOL_EXPANSION,26556,26556,2021-01-12T16:00:00,2021-01-12T16:00:00,1,TREND_DOWN,TREND_DOWN
e26f7fb5d2e00b485371f226d2512544b52c2c59b207ae7562fc7f6c5796081c,1246,TREND_DOWN,26557,26563,2021-01-12T17:00:00,2021-01-12T23:00:00,7,VOL_EXPANSION,VOL_EXPANSION
82be1c798d70a653adc4efeaab7925013ce0b8b6d43fd76b96c622b8a187a168,1247,VOL_EXPANSION,26564,26564,2021-01-13T00:00:00,2021-01-13T00:00:00,1,TREND_DOWN,TREND_DOWN
d231dc054ff73001d515e0914b9fa98c4aec9eb94bcb7ad87d2ee4adac2a541d,1248,TREND_DOWN,26565,26581,2021-01-13T01:00:00,2021-01-13T17:00:00,17,VOL_EXPANSION,RANGE
eb7e928c3f68b6f08e170d360a93484c53a75d1ecc8ef856c666228c4fc5bb7a,1249,RANGE,26582,26585,2021-01-13T18:00:00,2021-01-13T21:00:00,4,TREND_DOWN,TREND_UP
5cf1d64be0f95cc5d45156b3776585bc3fc98079b91358f2c2102f3f6e0114bd,1250,TREND_UP,26586,26626,2021-01-13T22:00:00,2021-01-15T14:00:00,41,RANGE,VOL_EXPANSION
68351a6b0f982b9bad10658cbf569783c776ec359497e50b4a8afd85a611dcb1,1251,VOL_EXPANSION,26627,26632,2021-01-15T15:00:00,2021-01-15T20:00:00,6,TREND_UP,TREND_DOWN
47dc606a3ebebd6bf6c2ad339e8291257f1a0d1b3d42319561915ed5ee1b9373,1252,TREND_DOWN,26633,26646,2021-01-15T21:00:00,2021-01-16T10:00:00,14,VOL_EXPANSION,RANGE
2cadf4d03fe92a2e24720457ed0bfc647352348a3da09137e8e41312200d4e7b,1253,RANGE,26647,26653,2021-01-16T11:00:00,2021-01-16T17:00:00,7,TREND_DOWN,TREND_DOWN
0a761ba433d9a48db59db44e546403fb492b36cd93e4afcd8691cd4fe918c74b,1254,TREND_DOWN,26654,26693,2021-01-16T18:00:00,2021-01-18T09:00:00,40,RANGE,RANGE
4adaf5d4986f36b33bef30c0b403e0cf92740bd69b692fa285c99bf3e085a894,1255,RANGE,26694,26701,2021-01-18T10:00:00,2021-01-18T17:00:00,8,TREND_DOWN,TREND_DOWN
464bb1cc17d603238b52f24c5eea53c8851c210e05769cb537c7c80f2e97bfbc,1256,TREND_DOWN,26702,26705,2021-01-18T18:00:00,2021-01-18T21:00:00,4,RANGE,RANGE
83c5dac5865e2898aa9ff4fd3a14db6d9eb17c66b81732efc10e7bb8e34f33b3,1257,RANGE,26706,26706,2021-01-18T22:00:00,2021-01-18T22:00:00,1,TREND_DOWN,TREND_UP
eabaa10d6e10114c170e95fe4ee35870e5198e5bc05181348f508a8fa5c1080a,1258,TREND_UP,26707,26729,2021-01-18T23:00:00,2021-01-19T21:00:00,23,RANGE,RANGE
454114a52a129013d06e189a62c5d471f7011cf834f8971269dcc315091e781a,1259,RANGE,26730,26734,2021-01-19T22:00:00,2021-01-20T02:00:00,5,TREND_UP,TREND_DOWN
26a5e2c9b5fdb6cbc6c2ffa333c3ac42ae188eed5cb77b76640c732b46468893,1260,TREND_DOWN,26735,26767,2021-01-20T03:00:00,2021-01-21T11:00:00,33,RANGE,VOL_EXPANSION
e86247551bce360824f1832f8dad09e87c855af5a3958d5060f9c48476509f94,1261,VOL_EXPANSION,26768,26774,2021-01-21T12:00:00,2021-01-21T18:00:00,7,TREND_DOWN,TREND_DOWN
1a125006d237676c585c9cd2f46a7161a922faebc75de2e3a1bc1693ee85106f,1262,TREND_DOWN,26775,26780,2021-01-21T19:00:00,2021-01-22T00:00:00,6,VOL_EXPANSION,VOL_EXPANSION
a9757e38910d31ac9fa37bb48c8d339462caf39be0519a200d4f1b0a8b7c2bf0,1263,VOL_EXPANSION,26781,26782,2021-01-22T01:00:00,2021-01-22T02:00:00,2,TREND_DOWN,TREND_DOWN
e5b2ed91ae5f875c1a5541945c8c424446e8855c1c4f6ae48b5a6041d4ac54e7,1264,TREND_DOWN,26783,26798,2021-01-22T03:00:00,2021-01-22T18:00:00,16,VOL_EXPANSION,RANGE
9591c14c27b9133456adb62c6dd4b5274582d9b914fab6835476c6c66f57fcfc,1265,RANGE,26799,26805,2021-01-22T19:00:00,2021-01-23T01:00:00,7,TREND_DOWN,TREND_DOWN
9b53caa7fb67cecdc89762d57e272ad943cd63251a382f301d6457827619a4fd,1266,TREND_DOWN,26806,26810,2021-01-23T02:00:00,2021-01-23T06:00:00,5,RANGE,RANGE
8f8813590a1a6efb12e1892ae16e2ea1b1f48b2df63ef76d5daa779785567af9,1267,RANGE,26811,26813,2021-01-23T07:00:00,2021-01-23T09:00:00,3,TREND_DOWN,TREND_DOWN
9c089dc006f7ceb1d12db68baf5f6c0306882572f0d39675147a9fe41028f2df,1268,TREND_DOWN,26814,26833,2021-01-23T10:00:00,2021-01-24T05:00:00,20,RANGE,RANGE
e59e0c1d3f4681ffef01b293a069e3ff8ddb797d4d5a0b1ba935bada6ffe5030,1269,RANGE,26834,26838,2021-01-24T06:00:00,2021-01-24T10:00:00,5,TREND_DOWN,VOL_COMPRESSION
1aed990689cc47e677ce219d58038c162a5e7f7f24cc542f75b353d384494f66,1270,VOL_COMPRESSION,26839,26839,2021-01-24T11:00:00,2021-01-24T11:00:00,1,RANGE,RANGE
70b9bc5eb043317960c1fdea642b953f4e2981154b63a35f3bb2e6a0be0fe5cc,1271,RANGE,26840,26841,2021-01-24T12:00:00,2021-01-24T13:00:00,2,VOL_COMPRESSION,TREND_DOWN
38e9841cc3eef28a34d79dcb1743558612c86760d913ee02864b15838cf8b79d,1272,TREND_DOWN,26842,26845,2021-01-24T14:00:00,2021-01-24T17:00:00,4,RANGE,VOL_COMPRESSION
8c50f2a77e66f1d4a4b79febcb5794c140f0c953d11659d463f3fea54d9521e1,1273,VOL_COMPRESSION,26846,26846,2021-01-24T18:00:00,2021-01-24T18:00:00,1,TREND_DOWN,TREND_DOWN
5b32ae0f3d24963f323a8d59aef3258791c3898a132706064af91a6b3afc48bc,1274,TREND_DOWN,26847,26852,2021-01-24T19:00:00,2021-01-25T00:00:00,6,VOL_COMPRESSION,RANGE
fd502aeb24592cee703d64c7a6db008a6e4a18ed712bd8b461a77b98df640993,1275,RANGE,26853,26855,2021-01-25T01:00:00,2021-01-25T03:00:00,3,TREND_DOWN,TREND_UP
9058193456aa228929ad77e0f3f8492ceb434bb2f7259c16114edfadf7f6f950,1276,TREND_UP,26856,26874,2021-01-25T04:00:00,2021-01-25T22:00:00,19,RANGE,RANGE
a2d0236b109f963e81947ab829bb6629b4afb89907476f4a66fd3599c30e21f9,1277,RANGE,26875,26879,2021-01-25T23:00:00,2021-01-26T03:00:00,5,TREND_UP,TREND_DOWN
775393e20f792cab60f9fdd2bcc8b973aeb7be15d1d0d91f285844e51c0be03f,1278,TREND_DOWN,26880,26917,2021-01-26T04:00:00,2021-01-27T17:00:00,38,RANGE,VOL_EXPANSION
dd92266cf2ce90742576b1e532b6f2cc96669fea04aa3b23941db3ee7bc05be0,1279,VOL_EXPANSION,26918,26922,2021-01-27T18:00:00,2021-01-27T22:00:00,5,TREND_DOWN,TREND_DOWN
96ce98bf21e15e662f91b50beedfe4274a11cf0f427fa7325600c0a342eb840f,1280,TREND_DOWN,26923,26936,2021-01-27T23:00:00,2021-01-28T12:00:00,14,VOL_EXPANSION,RANGE
7dcaee807dc66da63bfc02874ac66583a484ad058b9bce0742d6934f0d31e7bc,1281,RANGE,26937,26941,2021-01-28T13:00:00,2021-01-28T17:00:00,5,TREND_DOWN,TREND_UP
94274b1e322fbf5d80382ea16ccdb5cd98c7c521513422dc040e5e64876bffde,1282,TREND_UP,26942,26955,2021-01-28T18:00:00,2021-01-29T07:00:00,14,RANGE,VOL_EXPANSION
1df2f63f9dbe44a3188126a1d54e1d8322837bcb2a014b0a1bde57e4655aa2cc,1283,VOL_EXPANSION,26956,26957,2021-01-29T08:00:00,2021-01-29T09:00:00,2,TREND_UP,HIGH_VOL
c0fe4a0c3c69985a6a7ac482af3d7daed42595557a5626390c8b49c5c0f34d41,1284,HIGH_VOL,26958,26958,2021-01-29T10:00:00,2021-01-29T10:00:00,1,VOL_EXPANSION,VOL_EXPANSION
d7f717649127900aeca9291e743a4ed5b2ff0d9881dd17c30c8cf64c11887fa2,1285,VOL_EXPANSION,26959,26961,2021-01-29T11:00:00,2021-01-29T13:00:00,3,HIGH_VOL,TREND_UP
43cfb79f08364e110ad0563b7981fbbd306dec18afb481ad834893fea23bcf1e,1286,TREND_UP,26962,26966,2021-01-29T14:00:00,2021-01-29T18:00:00,5,VOL_EXPANSION,HIGH_VOL
9a44406f68836161c97af121d57a97727509237b5fe299a7ae1806e2f9eef2cb,1287,HIGH_VOL,26967,26968,2021-01-29T19:00:00,2021-01-29T20:00:00,2,TREND_UP,TREND_UP
f97d6541f1c4d576d5c1b9663303e5c2579b60af18c22a3bdf7c80e22842e293,1288,TREND_UP,26969,26975,2021-01-29T21:00:00,2021-01-30T03:00:00,7,HIGH_VOL,RANGE
065b8353197f27502d0723c14cc93ae13fd972ae03f55d36903b7e7deb082845,1289,RANGE,26976,26980,2021-01-30T04:00:00,2021-01-30T08:00:00,5,TREND_UP,TREND_UP
a3de7933dd0fda7b71da1f62dd239405d89276896882f064f970c748395bc8b8,1290,TREND_UP,26981,27000,2021-01-30T09:00:00,2021-01-31T04:00:00,20,RANGE,RANGE
d594100cee9463f17d0604e987f59f1579711b71ce604285b391a0bb8dc9ff35,1291,RANGE,27001,27005,2021-01-31T05:00:00,2021-01-31T09:00:00,5,TREND_UP,TREND_DOWN
090d8e3b9bf1abbc4d8a77369b7e529adc283b8d4691d38a22256aa1986137c2,1292,TREND_DOWN,27006,27024,2021-01-31T10:00:00,2021-02-01T04:00:00,19,RANGE,RANGE
809aa2e50f3565850e6b2cec22d8da5bebb4fd130ea3317f856710a7af628588,1293,RANGE,27025,27030,2021-02-01T05:00:00,2021-02-01T10:00:00,6,TREND_DOWN,TREND_UP
99a27d07dc4cf9428d76499b6466cd5113461c41dbd4b3cd4e7784ba8c79dba3,1294,TREND_UP,27031,27034,2021-02-01T11:00:00,2021-02-01T14:00:00,4,RANGE,TREND_DOWN
b6c0641b60f5a9b2a75094689746213c427d4b99168fd6dbb4fda27bd788fc86,1295,TREND_DOWN,27035,27038,2021-02-01T15:00:00,2021-02-01T18:00:00,4,TREND_UP,RANGE
5ebc3f9d8a2a9708e5b7cd361013a20951f5d92bfd5bacb63a9f09717b7fe82b,1296,RANGE,27039,27039,2021-02-01T19:00:00,2021-02-01T19:00:00,1,TREND_DOWN,TREND_UP
3ce4856dfe0bc13a5a5f7a09751f260362a48b3ccc33c9cc06d466c8e08da10a,1297,TREND_UP,27040,27042,2021-02-01T20:00:00,2021-02-01T22:00:00,3,RANGE,RANGE
ae3bc3a88f84a61e644e404a3394bb7b18c09c57b518675081fea47d7a67dc81,1298,RANGE,27043,27046,2021-02-01T23:00:00,2021-02-02T02:00:00,4,TREND_UP,VOL_COMPRESSION
56c6580a2d2ca7041b0a2652d26009a7845242a77bd51520cab844db59896948,1299,VOL_COMPRESSION,27047,27052,2021-02-02T03:00:00,2021-02-02T08:00:00,6,RANGE,TREND_UP
f102e34b62996eba91c1a862841816eae8c76b57de314af55cb989f55dafbf3c,1300,TREND_UP,27053,27066,2021-02-02T09:00:00,2021-02-02T22:00:00,14,VOL_COMPRESSION,VOL_COMPRESSION
9046ddb5b320d975e6e926c8d1eb64650954bf3a577838de7bc66c66d4651b01,1301,VOL_COMPRESSION,27067,27067,2021-02-02T23:00:00,2021-02-02T23:00:00,1,TREND_UP,TREND_UP
da07918a468fb09c1db3ebea5fd4cb9146e93d6ced9f520125f3afdfe096c272,1302,TREND_UP,27068,27074,2021-02-03T00:00:00,2021-02-03T06:00:00,7,VOL_COMPRESSION,VOL_COMPRESSION
a374778b8059eef9af28d237829ec09cc2fd49600bde4bae0a82f6bb30839c51,1303,VOL_COMPRESSION,27075,27075,2021-02-03T07:00:00,2021-02-03T07:00:00,1,TREND_UP,TREND_UP
dcff3e6629ea9d767cc1765626311fac23fbc9dc7a6b6b9b2b6159fdd10e75cf,1304,TREND_UP,27076,27084,2021-02-03T08:00:00,2021-02-03T16:00:00,9,VOL_COMPRESSION,VOL_COMPRESSION
a57be66560f5b1221a72e0144e8a4701349b27c09395576c8bb1508bfda0fd7a,1305,VOL_COMPRESSION,27085,27093,2021-02-03T17:00:00,2021-02-04T01:00:00,9,TREND_UP,TREND_UP
1fefc16237fa1dde31379191b93da286052135f1d0d5776f697947c42e606d34,1306,TREND_UP,27094,27129,2021-02-04T02:00:00,2021-02-05T13:00:00,36,VOL_COMPRESSION,VOL_COMPRESSION
020f051503f1ab5fc00301dcbc3325050775968dd794cfa3970010fcce53fa86,1307,VOL_COMPRESSION,27130,27140,2021-02-05T14:00:00,2021-02-06T00:00:00,11,TREND_UP,TREND_UP
bdbbd0045cfbb35a2eae339e52abf5948dc57f1a29742a8c0ae0ef137bc55d74,1308,TREND_UP,27141,27148,2021-02-06T01:00:00,2021-02-06T08:00:00,8,VOL_COMPRESSION,VOL_COMPRESSION
08413f2e34fbb78d57e7f6c1132a926e48a439c8075fadb06ad0f41f948dca42,1309,VOL_COMPRESSION,27149,27151,2021-02-06T09:00:00,2021-02-06T11:00:00,3,TREND_UP,TREND_UP
c359523ca81c16eaf083d52bf363853142e8d86ac02a21c5341df203d6048e46,1310,TREND_UP,27152,27152,2021-02-06T12:00:00,2021-02-06T12:00:00,1,VOL_COMPRESSION,VOL_COMPRESSION
37f7de65a680b8f4a11cac9f0ece056596c546b36dd8c259e590867086c3c0e2,1311,VOL_COMPRESSION,27153,27154,2021-02-06T13:00:00,2021-02-06T14:00:00,2,TREND_UP,TREND_UP
fff76128f8ce051daa9288348c5cb7d23ec29d2fc4c6abef4d85c5a11dbc435e,1312,TREND_UP,27155,27157,2021-02-06T15:00:00,2021-02-06T17:00:00,3,VOL_COMPRESSION,VOL_COMPRESSION
916892726050a3e0f8c14bf471ed479d69fd7c76c54c0dabeda3e0d4818d2579,1313,VOL_COMPRESSION,27158,27159,2021-02-06T18:00:00,2021-02-06T19:00:00,2,TREND_UP,TREND_UP
a373a4cb7f456f136d3912f67086564b2f32d9e9341fa895804cd1648ae43e2a,1314,TREND_UP,27160,27160,2021-02-06T20:00:00,2021-02-06T20:00:00,1,VOL_COMPRESSION,VOL_COMPRESSION
05d0d247f7f8fedd51f17e2fe70f5a00780c766f78e47e6e48d7f0e36f4c27ac,1315,VOL_COMPRESSION,27161,27162,2021-02-06T21:00:00,2021-02-06T22:00:00,2,TREND_UP,TREND_UP
26d1ab7fccff6414640711c444f6cbf1db7e41593d7acfeeb4cd68abd7b58f2d,1316,TREND_UP,27163,27168,2021-02-06T23:00:00,2021-02-07T04:00:00,6,VOL_COMPRESSION,RANGE
3d25c10f971e45968654156768a4125afbb752a1260aff3aef88ea146f996c4e,1317,RANGE,27169,27171,2021-02-07T05:00:00,2021-02-07T07:00:00,3,TREND_UP,TREND_UP
876dee5c227a8dcf66b2c1adb9544b9e969ec47dfad32ff05a8cc9e735bb12ad,1318,TREND_UP,27172,27177,2021-02-07T08:00:00,2021-02-07T13:00:00,6,RANGE,RANGE
9fc11610ca1f1308404b6b6af72217a368f86a71747c456f39e72e3245717d22,1319,RANGE,27178,27183,2021-02-07T14:00:00,2021-02-07T19:00:00,6,TREND_UP,TREND_DOWN
ca7745debe8ba1b4ecbca8b4bf61d0354b42456efff7af9573f175c80c255590,1320,TREND_DOWN,27184,27186,2021-02-07T20:00:00,2021-02-07T22:00:00,3,RANGE,RANGE
486cad93af6dcfabd8e6b76b673be445de4c7a812591a71afde5f59463b356af,1321,RANGE,27187,27189,2021-02-07T23:00:00,2021-02-08T01:00:00,3,TREND_DOWN,TREND_DOWN
6332829544845f1a2be0b4283d9603877a245a1a064bfaecf6e3f424c32b4b66,1322,TREND_DOWN,27190,27194,2021-02-08T02:00:00,2021-02-08T06:00:00,5,RANGE,TREND_UP
5fd4dbc6e58bcb2dda9f588c60bb217c88923e5917ac17c534191bebc58bb3fc,1323,TREND_UP,27195,27198,2021-02-08T07:00:00,2021-02-08T10:00:00,4,TREND_DOWN,VOL_COMPRESSION
13bb1b117e69d231af423f4ab683dd8b09fdaeae9b2dcee6c28cc9c139e61cdd,1324,VOL_COMPRESSION,27199,27199,2021-02-08T11:00:00,2021-02-08T11:00:00,1,TREND_UP,TREND_UP
e375a34236b33ef7b64530b9d6bb97f5253e31bf60bf27bda27f42d0804c27ec,1325,TREND_UP,27200,27200,2021-02-08T12:00:00,2021-02-08T12:00:00,1,VOL_COMPRESSION,VOL_EXPANSION
baa5cfbb1f1e256b9b99dc278b85f3059f32a82883f71b8298e7ffe897c489e5,1326,VOL_EXPANSION,27201,27205,2021-02-08T13:00:00,2021-02-08T17:00:00,5,TREND_UP,TREND_UP
cdf35b4e17eb78fc174b54f194504e75cb558accb33d4478c5e152e6ab66ede4,1327,TREND_UP,27206,27223,2021-02-08T18:00:00,2021-02-09T11:00:00,18,VOL_EXPANSION,VOL_EXPANSION
630f7640886dce6eafda8563ef8bb9a943248c6eca34f796ce3b315c167acb45,1328,VOL_EXPANSION,27224,27225,2021-02-09T12:00:00,2021-02-09T13:00:00,2,TREND_UP,TREND_UP
7832ca2b25ef0d16e7804ce6f055ad77d12a7e9f86d890a20b7e9e70f9147f7f,1329,TREND_UP,27226,27252,2021-02-09T14:00:00,2021-02-10T16:00:00,27,VOL_EXPANSION,RANGE
436882400d8e9b29c98cfc106699f155fe0f245eacfedd359cb2e9151aa889a3,1330,RANGE,27253,27257,2021-02-10T17:00:00,2021-02-10T21:00:00,5,TREND_UP,TREND_UP
37603a299968dd6ebfa5d4ba593c75cd8a8aa43a35547f468b39021c433a26a5,1331,TREND_UP,27258,27258,2021-02-10T22:00:00,2021-02-10T22:00:00,1,RANGE,RANGE
87c225d146b49998cdc161fc8003edf54bdf953b25087ce2e18aade7633b1879,1332,RANGE,27259,27269,2021-02-10T23:00:00,2021-02-11T09:00:00,11,TREND_UP,TREND_UP
1f623a8e2bc073da4a38519e37a107f49d7359fbebbc8a21d6f53f27d1c2c900,1333,TREND_UP,27270,27308,2021-02-11T10:00:00,2021-02-13T00:00:00,39,RANGE,VOL_COMPRESSION
cfa7bc07d1d726e4d14f7407b3911d2e9233a9096be3e405f0dfb653904f3648,1334,VOL_COMPRESSION,27309,27317,2021-02-13T01:00:00,2021-02-13T09:00:00,9,TREND_UP,TREND_UP
90b66be01554d00fe0f30d9e71a4ea91dfdb9518bfdfbd46e1d736f33ccf27cf,1335,TREND_UP,27318,27318,2021-02-13T10:00:00,2021-02-13T10:00:00,1,VOL_COMPRESSION,RANGE
ad589fe67ef068fead6752801d23ce20d5dec9819aaeb4a733eea4746c701350,1336,RANGE,27319,27322,2021-02-13T11:00:00,2021-02-13T14:00:00,4,TREND_UP,VOL_COMPRESSION
cb4f71e660ac03d3a7c0c1b937719b7b330c30b65d40ab7a7e0afa9bc84e7580,1337,VOL_COMPRESSION,27323,27337,2021-02-13T15:00:00,2021-02-14T05:00:00,15,RANGE,TREND_UP
391bb54bb67bea6fb81b52aa0b747441b22b3c5a0b4d3d1dbe50cecff09cd221,1338,TREND_UP,27338,27338,2021-02-14T06:00:00,2021-02-14T06:00:00,1,VOL_COMPRESSION,VOL_COMPRESSION
f29eee6f7aa3ae705ae93d8a62651a1831f2c6deda3dc70ffc9356df44ef122e,1339,VOL_COMPRESSION,27339,27339,2021-02-14T07:00:00,2021-02-14T07:00:00,1,TREND_UP,TREND_UP
a29395acbf2f767121265bb68c8644cdf98e28b0877868f5e6183dc2e83b9afc,1340,TREND_UP,27340,27340,2021-02-14T08:00:00,2021-02-14T08:00:00,1,VOL_COMPRESSION,VOL_COMPRESSION
e617dda6fd7a628802145e1f3a9c9de4a83ea4aaea238a85784ec29fc6cac04a,1341,VOL_COMPRESSION,27341,27344,2021-02-14T09:00:00,2021-02-14T12:00:00,4,TREND_UP,TREND_UP
342f11cceabc6700cc9ec48d01890fc9d1d35306bff7ae38c9f66d29784000ce,1342,TREND_UP,27345,27350,2021-02-14T13:00:00,2021-02-14T18:00:00,6,VOL_COMPRESSION,VOL_COMPRESSION
94d6e95cc18c1a614d54d29e11f778ca29c9ece5971ea91847d620f0a3e7f05f,1343,VOL_COMPRESSION,27351,27356,2021-02-14T19:00:00,2021-02-15T00:00:00,6,TREND_UP,TREND_UP
a6198c489700ada48805b234ba198b095d42e07d2f9654e6d467dd312548125e,1344,TREND_UP,27357,27358,2021-02-15T01:00:00,2021-02-15T02:00:00,2,VOL_COMPRESSION,RANGE
c1fc686186580f5c25cd3328c88c4057d0d6c0abb1c4d183d366db3f70a7d2c6,1345,RANGE,27359,27368,2021-02-15T03:00:00,2021-02-15T12:00:00,10,TREND_UP,TREND_UP
d90ab4ae91729c8bde1ba0f70f3076f9a97f433cdf51336eb5b43d9095957b37,1346,TREND_UP,27369,27372,2021-02-15T13:00:00,2021-02-15T16:00:00,4,RANGE,VOL_COMPRESSION
05d6bac8cc5a57cb1bff391bef80e42409b860cea15795f276de2e6ef520d799,1347,VOL_COMPRESSION,27373,27379,2021-02-15T17:00:00,2021-02-15T23:00:00,7,TREND_UP,TREND_UP
7dad9efce39a583a2062e44b985e13e12308acdbd29c75dba2f394a2c3cef3d1,1348,TREND_UP,27380,27390,2021-02-16T00:00:00,2021-02-16T10:00:00,11,VOL_COMPRESSION,VOL_COMPRESSION
63db783adaa6dccd392223879a9369e02388672894a622ec91cdb758c5ea582e,1349,VOL_COMPRESSION,27391,27391,2021-02-16T11:00:00,2021-02-16T11:00:00,1,TREND_UP,TREND_UP
9353245adbe83834be6893cb4286acff3f0731af7eaa5d7691891d768775e60a,1350,TREND_UP,27392,27421,2021-02-16T12:00:00,2021-02-17T17:00:00,30,VOL_COMPRESSION,VOL_COMPRESSION
d1082cb1a7d976d8438978facedff2d71a784b6a565a15d7551bb9b01bfec863,1351,VOL_COMPRESSION,27422,27422,2021-02-17T18:00:00,2021-02-17T18:00:00,1,TREND_UP,TREND_UP
f43b3073deed4618522ca29a5856a360a3bbad05c4c4af509701284dc03b09ca,1352,TREND_UP,27423,27425,2021-02-17T19:00:00,2021-02-17T21:00:00,3,VOL_COMPRESSION,VOL_COMPRESSION
5b77db828db1ad67a6e63539a7e1886ca5f158ff1a1b880943904af68a3a287a,1353,VOL_COMPRESSION,27426,27442,2021-02-17T22:00:00,2021-02-18T14:00:00,17,TREND_UP,TREND_UP
5cec14343dcde6b81b2d86e7ad9b4ca0416fab02ef07e73a7d3aaf39c96a8fc7,1354,TREND_UP,27443,27444,2021-02-18T15:00:00,2021-02-18T16:00:00,2,VOL_COMPRESSION,VOL_COMPRESSION
072cdd03b51728cf07c381fdaebc06294b81a8d8bf3aa2ab83d6132394bd1e64,1355,VOL_COMPRESSION,27445,27470,2021-02-18T17:00:00,2021-02-19T18:00:00,26,TREND_UP,TREND_UP
d119e176e0cda803733c79218bf11bd801c241bbabde12494a52cc9f6ee44f35,1356,TREND_UP,27471,27480,2021-02-19T19:00:00,2021-02-20T04:00:00,10,VOL_COMPRESSION,VOL_COMPRESSION
64f9c1baa721d3e6b5a07f82a044fa610f992a4354e6676b937317f70d33f0e3,1357,VOL_COMPRESSION,27481,27487,2021-02-20T05:00:00,2021-02-20T11:00:00,7,TREND_UP,TREND_UP
74dede45aa709f92f89ea67ac6f49cac289928f0d6ad5f28b4512e2972a0e87c,1358,TREND_UP,27488,27488,2021-02-20T12:00:00,2021-02-20T12:00:00,1,VOL_COMPRESSION,VOL_COMPRESSION
63fdcf4f7439ad013b2c6dc2862ff4a9925d05d60644f1b0ffc5f1248cbe70e9,1359,VOL_COMPRESSION,27489,27489,2021-02-20T13:00:00,2021-02-20T13:00:00,1,TREND_UP,TREND_UP
391afa006194155c488e70a9ad254a54576a2395e81dd9dbd7fd89b9d8aa8600,1360,TREND_UP,27490,27495,2021-02-20T14:00:00,2021-02-20T19:00:00,6,VOL_COMPRESSION,VOL_COMPRESSION
05675e5be9bcff9c9bfc121e960cceaacfe4ff13d4194f63e39c0d5804c7ca5b,1361,VOL_COMPRESSION,27496,27497,2021-02-20T20:00:00,2021-02-20T21:00:00,2,TREND_UP,TREND_UP
fe60636924a77053320129dbcd550a13084b3f3e15fbf2fbb54e14213dc21ab6,1362,TREND_UP,27498,27505,2021-02-20T22:00:00,2021-02-21T05:00:00,8,VOL_COMPRESSION,VOL_COMPRESSION
de8a3846d2959c90b79e7e12ab58e593ef39797e1bcd6ae52cdec339a8e0c20d,1363,VOL_COMPRESSION,27506,27509,2021-02-21T06:00:00,2021-02-21T09:00:00,4,TREND_UP,TREND_UP
87b102c3a36d47cfdd30414cf3be6c3ae56aa3bcc9c9bc8a1282b401dce2a891,1364,TREND_UP,27510,27510,2021-02-21T10:00:00,2021-02-21T10:00:00,1,VOL_COMPRESSION,VOL_COMPRESSION
8f59869b825657d0c8161afac4c99e32d1c8e5feaf3fd9cb3286beb2d626c8bf,1365,VOL_COMPRESSION,27511,27523,2021-02-21T11:00:00,2021-02-21T23:00:00,13,TREND_UP,TREND_UP
57a8af1d562b72716082e03f904c9f08bc9f07f119e8ca4ef225ef7769afbcda,1366,TREND_UP,27524,27529,2021-02-22T00:00:00,2021-02-22T05:00:00,6,VOL_COMPRESSION,RANGE
b71e7f8f294516b21005f379408af7bc0a4a37521c932ac82c2f9d41e10d2143,1367,RANGE,27530,27535,2021-02-22T06:00:00,2021-02-22T11:00:00,6,TREND_UP,TREND_DOWN
82fbbf8266fe723202f5c676007690c0fa807c3dee0218d9ac6ce785c66af008,1368,TREND_DOWN,27536,27537,2021-02-22T12:00:00,2021-02-22T13:00:00,2,RANGE,VOL_EXPANSION
bf9d2491977e4dd4caa29d0c43a4ba15c5e8b9d90d3835cd45be97bab18dea61,1369,VOL_EXPANSION,27538,27542,2021-02-22T14:00:00,2021-02-22T18:00:00,5,TREND_DOWN,TREND_DOWN
00da2864d3d8283df5af8909a33061f31351cf72e7e58e4151d716c63cb2fb10,1370,TREND_DOWN,27543,27551,2021-02-22T19:00:00,2021-02-23T03:00:00,9,VOL_EXPANSION,VOL_EXPANSION
2c12ba7c40c45bbc47811c48cd396fe3728437f71fdf680ebe0afb4d9a716766,1371,VOL_EXPANSION,27552,27555,2021-02-23T04:00:00,2021-02-23T07:00:00,4,TREND_DOWN,HIGH_VOL
c1cc17a77b2c25a3c478a5026dfa2814a2c808f53b2ef84ff3fcc8b6a3eec693,1372,HIGH_VOL,27556,27569,2021-02-23T08:00:00,2021-02-23T21:00:00,14,VOL_EXPANSION,TREND_DOWN
1aed0cf8894aa12b36ed2b3302ecaacc08b6b51793b6f713f6bbe531ae1460c2,1373,TREND_DOWN,27570,27608,2021-02-23T22:00:00,2021-02-25T12:00:00,39,HIGH_VOL,RANGE
321bd06e7f718a35173110b26a8be974db394d5350f21c75d7696cc13b4b9f2c,1374,RANGE,27609,27613,2021-02-25T13:00:00,2021-02-25T17:00:00,5,TREND_DOWN,TREND_DOWN
623d4fa2628f9b18b66ace4968d956667d2d5bb95366be47a5e74b7b14ce9d45,1375,TREND_DOWN,27614,27619,2021-02-25T18:00:00,2021-02-25T23:00:00,6,RANGE,VOL_EXPANSION
c37f74fa4e485825f859fcc4584708bdaa964278d09548be1f8c91816f7dd88c,1376,VOL_EXPANSION,27620,27623,2021-02-26T00:00:00,2021-02-26T03:00:00,4,TREND_DOWN,TREND_DOWN
f79d310b2648f31ff9fd9e13b03a68f95e997a4017fd8327cb768dac4067aacc,1377,TREND_DOWN,27624,27628,2021-02-26T04:00:00,2021-02-26T08:00:00,5,VOL_EXPANSION,VOL_EXPANSION
b15170ac0ebb81f8c5121c81d7500136197159a059c09a446e7073668fee33a7,1378,VOL_EXPANSION,27629,27629,2021-02-26T09:00:00,2021-02-26T09:00:00,1,TREND_DOWN,TREND_DOWN
af3cbc7c88728b5419f9f30e0c9bdf8d8e1df745198f01c6e9877068e580dee0,1379,TREND_DOWN,27630,27693,2021-02-26T10:00:00,2021-03-01T01:00:00,64,VOL_EXPANSION,RANGE
11e91cd4007a7c94e03de6862f54eec7e6c8a1c14a0f9145225cb9412d108399,1380,RANGE,27694,27702,2021-03-01T02:00:00,2021-03-01T10:00:00,9,TREND_DOWN,TREND_UP
ba3e68004b239ce860933a4cc75dce1a5ff1b61477f1e051b1cb949ef7d1e2a7,1381,TREND_UP,27703,27734,2021-03-01T11:00:00,2021-03-02T18:00:00,32,RANGE,RANGE
66940148558af97faf539be1b60f4bd4702280c82d9e2467020d5c376580bf2e,1382,RANGE,27735,27739,2021-03-02T19:00:00,2021-03-02T23:00:00,5,TREND_UP,TREND_UP
9a3c731585f3c5437a32ba7fc1679e83f5eb88366761a9f1443aadc886cefd60,1383,TREND_UP,27740,27746,2021-03-03T00:00:00,2021-03-03T06:00:00,7,RANGE,VOL_COMPRESSION
e605d14f2682051f6ffef79fb4dba724924fca6d14ca53657321988bd2f355fe,1384,VOL_COMPRESSION,27747,27747,2021-03-03T07:00:00,2021-03-03T07:00:00,1,TREND_UP,TREND_UP
01838e6e89a1b4fc4ea10f671f0686bd1a712eb11fd7d462b6f174aa04193999,1385,TREND_UP,27748,27770,2021-03-03T08:00:00,2021-03-04T06:00:00,23,VOL_COMPRESSION,RANGE
70623317bf98066ea76b971618d2ba9d71d871364ff2ecdddc1ba950a3d9d9e4,1386,RANGE,27771,27771,2021-03-04T07:00:00,2021-03-04T07:00:00,1,TREND_UP,TREND_UP
3e4a88be5889a40317724dcc962d3ba3d5fa55f596de1c628b1d3130d1faca10,1387,TREND_UP,27772,27773,2021-03-04T08:00:00,2021-03-04T09:00:00,2,RANGE,RANGE
2ca87abe1062fea00b64c11f3ee9cd409f4967781360f6a25dc582b53fca1cb1,1388,RANGE,27774,27782,2021-03-04T10:00:00,2021-03-04T18:00:00,9,TREND_UP,TREND_DOWN
db96bc07c765aa752f112353330ef3741bcdcbfbab205f2f3624abbb6fd9e886,1389,TREND_DOWN,27783,27807,2021-03-04T19:00:00,2021-03-05T19:00:00,25,RANGE,RANGE
e4194343e9e290f11fde6a79b70d16f847de6a1c9d655bf0d7c60c978aa34a25,1390,RANGE,27808,27817,2021-03-05T20:00:00,2021-03-06T05:00:00,10,TREND_DOWN,VOL_COMPRESSION
70cdc11e75961fe8602d9a949f73bdc6b37ca517fd837d72e4874150ae9f036a,1391,VOL_COMPRESSION,27818,27827,2021-03-06T06:00:00,2021-03-06T15:00:00,10,RANGE,TREND_DOWN
ece3ee36ef83a10cc83a1cfa7fd295eb4c5c221ed7b00af368ff89ea02e9c121,1392,TREND_DOWN,27828,27830,2021-03-06T16:00:00,2021-03-06T18:00:00,3,VOL_COMPRESSION,VOL_COMPRESSION
15ee983d06ce8d55b7d324b4d634ea85da1c1a9a6c77eb31c38c7521648cccb1,1393,VOL_COMPRESSION,27831,27858,2021-03-06T19:00:00,2021-03-07T22:00:00,28,TREND_DOWN,TREND_UP
627146a50a0cb5567711f6a25a366ea13d4fe86ce03826ea4f99e5ac5e121ad3,1394,TREND_UP,27859,27877,2021-03-07T23:00:00,2021-03-08T17:00:00,19,VOL_COMPRESSION,VOL_COMPRESSION
344603793b3890a9c43ff0fa715c90c062c306ffc79a0dddb9fbe1a897179ca1,1395,VOL_COMPRESSION,27878,27878,2021-03-08T18:00:00,2021-03-08T18:00:00,1,TREND_UP,TREND_UP
173fc4a40b6533407196df6439af4e9ca479fef0e3e41c6d9f2b3fa0a0f5d67c,1396,TREND_UP,27879,27880,2021-03-08T19:00:00,2021-03-08T20:00:00,2,VOL_COMPRESSION,VOL_COMPRESSION
ee043a303d739038daab3b1599033ba5fe4fcf24fa1143b77a1ee8f777012d85,1397,VOL_COMPRESSION,27881,27883,2021-03-08T21:00:00,2021-03-08T23:00:00,3,TREND_UP,TREND_UP
4b9a770bede3520ede7732419e220706680e444c3c450a6751e2ba0b56092612,1398,TREND_UP,27884,27894,2021-03-09T00:00:00,2021-03-09T10:00:00,11,VOL_COMPRESSION,VOL_COMPRESSION
38c2d2c317f70590b5e6cb8d648f7483e2d0315dfa1a5ec9e8c3d06c723bb842,1399,VOL_COMPRESSION,27895,27896,2021-03-09T11:00:00,2021-03-09T12:00:00,2,TREND_UP,TREND_UP
0d86f0390480108128dd20394895f0e2cd6b908dd5fc9c5ae537e0b1b3ac931f,1400,TREND_UP,27897,27899,2021-03-09T13:00:00,2021-03-09T15:00:00,3,VOL_COMPRESSION,VOL_COMPRESSION
f424c412473655142d5847d295ef0ef7d6233f87d8d571d4dff6714bfc5f01e9,1401,VOL_COMPRESSION,27900,27908,2021-03-09T16:00:00,2021-03-10T00:00:00,9,TREND_UP,TREND_UP
ba695b970a699c6ab6e4ff84a97b15939095e49a3ecf428fb1ec3f4277114ef9,1402,TREND_UP,27909,27982,2021-03-10T01:00:00,2021-03-13T02:00:00,74,VOL_COMPRESSION,VOL_COMPRESSION
cfab4f943237143d958c74ccc8fe4749c6fcf92df7f1e87a52c28c6ba93c44f0,1403,VOL_COMPRESSION,27983,27989,2021-03-13T03:00:00,2021-03-13T09:00:00,7,TREND_UP,TREND_UP
8ff4c1e5d8ad113d671e11377573bc3cb0a075bdb6b39b10b81255829e929f12,1404,TREND_UP,27990,27995,2021-03-13T10:00:00,2021-03-13T15:00:00,6,VOL_COMPRESSION,VOL_COMPRESSION
e7d28a2ed672f38c16af382f635e568d4a501d34b1b9d1f0f7573ce09bf792e3,1405,VOL_COMPRESSION,27996,28000,2021-03-13T16:00:00,2021-03-13T20:00:00,5,TREND_UP,TREND_UP
68fac0e75c546cc1bbc24f6fd84320bee6ad8754fe006bbb704470da1b7b60af,1406,TREND_UP,28001,28002,2021-03-13T21:00:00,2021-03-13T22:00:00,2,VOL_COMPRESSION,VOL_COMPRESSION
7eb6b9988c86e3eca1b0a898fa2828a2abded3f8d51d5ff8a6de8844fc1e299c,1407,VOL_COMPRESSION,28003,28026,2021-03-13T23:00:00,2021-03-14T22:00:00,24,TREND_UP,TREND_UP
3f82213b8c1231d0c8fe1d5f87f0e680b125e168bac3941d3d4bb5ebd0bc037c,1408,TREND_UP,28027,28034,2021-03-14T23:00:00,2021-03-15T06:00:00,8,VOL_COMPRESSION,RANGE
6b98e060bb10bc8f44ae2b506bc8a0189c3e53ab8f52337b75263b1c815b9087,1409,RANGE,28035,28036,2021-03-15T07:00:00,2021-03-15T08:00:00,2,TREND_UP,TREND_DOWN
ba34007650ac21d79f589be7d57fc6bb4ffbf1476c0f3154b2b1142eee45ca1f,1410,TREND_DOWN,28037,28081,2021-03-15T09:00:00,2021-03-17T05:00:00,45,RANGE,VOL_COMPRESSION
0ec7833657636e842322dd3e14ab6fc69f526c20d855ea4df4884c58dc753d6c,1411,VOL_COMPRESSION,28082,28084,2021-03-17T06:00:00,2021-03-17T08:00:00,3,TREND_DOWN,TREND_DOWN
e4b2e6bcb7dac8b86a260ab799fc282a8ee7f6925a6b6193ed1a41f0041ed86d,1412,TREND_DOWN,28085,28094,2021-03-17T09:00:00,2021-03-17T18:00:00,10,VOL_COMPRESSION,RANGE
7d68601c5f4d0730229651da3ff3cfe5f90dbe59c5ad9af4b384553033d00f77,1413,RANGE,28095,28097,2021-03-17T19:00:00,2021-03-17T21:00:00,3,TREND_DOWN,TREND_UP
d5e83b8a4955840489f57ad3ede7a94cdadb69b442c71d9571c2b38ea2dfbcb9,1414,TREND_UP,28098,28103,2021-03-17T22:00:00,2021-03-18T03:00:00,6,RANGE,VOL_COMPRESSION
964a8dc69181a782bb89fced992e9e104a858e4441a24052f0913a33c09b5707,1415,VOL_COMPRESSION,28104,28114,2021-03-18T04:00:00,2021-03-18T14:00:00,11,TREND_UP,TREND_UP
c799c7ca49e46ee68639b2e9f855793cdd65b952486aabd9e72115084cc55927,1416,TREND_UP,28115,28123,2021-03-18T15:00:00,2021-03-18T23:00:00,9,VOL_COMPRESSION,RANGE
5fe3b8a093e4ea968aeab48a09546654f74448624cb29ff903843c57382e066f,1417,RANGE,28124,28128,2021-03-19T00:00:00,2021-03-19T04:00:00,5,TREND_UP,TREND_UP
8138899ece93c79f49750a69c407b99edd05ef85e42482473510a6781e037b3e,1418,TREND_UP,28129,28134,2021-03-19T05:00:00,2021-03-19T10:00:00,6,RANGE,VOL_COMPRESSION
cc0ee05102e290c5adc28dd4686013a604960cba50b2ce2cfd680e0b4ad34eaf,1419,VOL_COMPRESSION,28135,28137,2021-03-19T11:00:00,2021-03-19T13:00:00,3,TREND_UP,TREND_UP
8bc6988c54bb8d9652a24e666df5465e86550e266cd9ecfdf705b1d9d55a6860,1420,TREND_UP,28138,28139,2021-03-19T14:00:00,2021-03-19T15:00:00,2,VOL_COMPRESSION,VOL_COMPRESSION
8b44d1bb078bd982725c887c2d5f7dcd5702717c32ec8b1619ac7c3bdb7a5ff1,1421,VOL_COMPRESSION,28140,28180,2021-03-19T16:00:00,2021-03-21T08:00:00,41,TREND_UP,TREND_DOWN
456650b8c9a202b0248a02b5fa3e5fbe40d0abc8e6213ba411c6656daa70f0fd,1422,TREND_DOWN,28181,28183,2021-03-21T09:00:00,2021-03-21T11:00:00,3,VOL_COMPRESSION,VOL_COMPRESSION
9e00b5a7b51e8af222a308eb9b5d97de4d61f971ebfdc495c4148e1ada1a7b6b,1423,VOL_COMPRESSION,28184,28184,2021-03-21T12:00:00,2021-03-21T12:00:00,1,TREND_DOWN,TREND_DOWN
1076ac54e9540704e3e42d3a386d97b17fc4e8af76877b508a98434e68974fbd,1424,TREND_DOWN,28185,28185,2021-03-21T13:00:00,2021-03-21T13:00:00,1,VOL_COMPRESSION,VOL_COMPRESSION
3a38c608d9f4a3e8f320a5822187c1a32a706db65bd1376d635d8d8378acc990,1425,VOL_COMPRESSION,28186,28214,2021-03-21T14:00:00,2021-03-22T18:00:00,29,TREND_DOWN,TREND_DOWN
ed96c41df61b1cb4addb509d5ccf0e0f28b52b9d0a2fa018b26c63422d99270d,1426,TREND_DOWN,28215,28237,2021-03-22T19:00:00,2021-03-23T17:00:00,23,VOL_COMPRESSION,VOL_COMPRESSION
0928ead077473911b4157876baae9734756da4e18f07eb966ef1d5556d3ed0d6,1427,VOL_COMPRESSION,28238,28238,2021-03-23T18:00:00,2021-03-23T18:00:00,1,TREND_DOWN,TREND_DOWN
8204902b599fd533f2deb29a32bacb7445bef4e3a34998678749c0897f963ac4,1428,TREND_DOWN,28239,28241,2021-03-23T19:00:00,2021-03-23T21:00:00,3,VOL_COMPRESSION,VOL_COMPRESSION
d32db0cde5de973215330f026b0b5c94ab2d8704c46f27a5b8e460e6f2802755,1429,VOL_COMPRESSION,28242,28243,2021-03-23T22:00:00,2021-03-23T23:00:00,2,TREND_DOWN,TREND_DOWN
9112a374888a9973c1ddb29a33505b0e51699d7741de082f1662876f0fbb5737,1430,TREND_DOWN,28244,28248,2021-03-24T00:00:00,2021-03-24T04:00:00,5,VOL_COMPRESSION,VOL_COMPRESSION
b6c21baad69fcc7dc1f2ea0389ea9b0b5f82ceb3901f044a4b8c155375e30dc0,1431,VOL_COMPRESSION,28249,28249,2021-03-24T05:00:00,2021-03-24T05:00:00,1,TREND_DOWN,TREND_DOWN
170585d27e5e27b28921d4254cc2da188d480babf016edaad054d955d7574990,1432,TREND_DOWN,28250,28253,2021-03-24T06:00:00,2021-03-24T09:00:00,4,VOL_COMPRESSION,RANGE
5e17d4cd70c22cf7e8a01370901892db605aa920e35760520303bdb38d657bb1,1433,RANGE,28254,28254,2021-03-24T10:00:00,2021-03-24T10:00:00,1,TREND_DOWN,VOL_COMPRESSION
aa2e3348cf93721540b5c56c78c772ea492260b548a8f3c5cd72f315082ab51b,1434,VOL_COMPRESSION,28255,28261,2021-03-24T11:00:00,2021-03-24T17:00:00,7,RANGE,TREND_UP
14c16801561acab6a72a83c85315357681f00cb33c2f65c2c7162820b0a98464,1435,TREND_UP,28262,28262,2021-03-24T18:00:00,2021-03-24T18:00:00,1,VOL_COMPRESSION,TREND_DOWN
057c8b4330e0cf8b432a759cbbedbdfbf61b18cd8fd9b38244692d89fb9bc3f8,1436,TREND_DOWN,28263,28301,2021-03-24T19:00:00,2021-03-26T09:00:00,39,TREND_UP,RANGE
a2d6ff74a2a969b1a3e1234c45635e91be3b85c516a6b1e9cb3d1d8523c7c9f3,1437,RANGE,28302,28303,2021-03-26T10:00:00,2021-03-26T11:00:00,2,TREND_DOWN,TREND_DOWN
1efcbb1633f02f1aa5a0807ae5848518b9886e1d6cc277c6aae07091bcf1e0db,1438,TREND_DOWN,28304,28305,2021-03-26T12:00:00,2021-03-26T13:00:00,2,RANGE,RANGE
aa032e5d35768cd220f578372738ff41fad746196d7970ee744bdade673f47a8,1439,RANGE,28306,28306,2021-03-26T14:00:00,2021-03-26T14:00:00,1,TREND_DOWN,VOL_COMPRESSION
08b88878b4058a088680eb01955bd3a0a2394288c77ff8dad4f6ffb6b867b137,1440,VOL_COMPRESSION,28307,28307,2021-03-26T15:00:00,2021-03-26T15:00:00,1,RANGE,RANGE
c5ca4053a298f27af8f4161cf80cf0a18c21380f8eefc78b526320009290cffa,1441,RANGE,28308,28309,2021-03-26T16:00:00,2021-03-26T17:00:00,2,VOL_COMPRESSION,VOL_COMPRESSION
918a0b0bb9c3626f7c8fc38bd12cf42187005e2c91a60def2278626bfe48ced6,1442,VOL_COMPRESSION,28310,28372,2021-03-26T18:00:00,2021-03-29T08:00:00,63,RANGE,TREND_UP
7fd84e52f1ec6511cd108e35ac94c2ac490cc12024668a9d24058ce346ae21b3,1443,TREND_UP,28373,28373,2021-03-29T09:00:00,2021-03-29T09:00:00,1,VOL_COMPRESSION,VOL_COMPRESSION
b5b167344cdf76d51ec0d9ba29654bc7c676a205cb2f26891685a4a6689bf85c,1444,VOL_COMPRESSION,28374,28419,2021-03-29T10:00:00,2021-03-31T07:00:00,46,TREND_UP,TREND_UP
190942237541ed4bd00cc9ece6d01367a0aae85cc9ac853c5a2f572f532b274e,1445,TREND_UP,28420,28425,2021-03-31T08:00:00,2021-03-31T13:00:00,6,VOL_COMPRESSION,VOL_COMPRESSION
182ce86315678b8b9461eefb65a7ed91bcff3fe370f72ab48e22b1d04d8bb80d,1446,VOL_COMPRESSION,28426,28427,2021-03-31T14:00:00,2021-03-31T15:00:00,2,TREND_UP,TREND_UP
27ff4324d5ff6c8fdebfb77cba576c1bb231349764bd106723d98903947f9350,1447,TREND_UP,28428,28428,2021-03-31T16:00:00,2021-03-31T16:00:00,1,VOL_COMPRESSION,VOL_COMPRESSION
8d62e2cb58c4e70493dd68c0d1157b652a5aedc25b341284248e7bd7bb9114f0,1448,VOL_COMPRESSION,28429,28430,2021-03-31T17:00:00,2021-03-31T18:00:00,2,TREND_UP,TREND_UP
84bc20201eff39d6c69dd94466c774f910fb6121fc8524d4215c0e0d93dd21c0,1449,TREND_UP,28431,28432,2021-03-31T19:00:00,2021-03-31T20:00:00,2,VOL_COMPRESSION,VOL_COMPRESSION
72e334c55be981fd0c63a9bb60333248302dfa8f3a29d09e622f0b7d74b75f71,1450,VOL_COMPRESSION,28433,28590,2021-03-31T21:00:00,2021-04-07T10:00:00,158,TREND_UP,TREND_DOWN
3e242c64be58a94f7c6bed64ca19f4679195e08546b741ca32e37f32282bd2eb,1451,TREND_DOWN,28591,28595,2021-04-07T11:00:00,2021-04-07T15:00:00,5,VOL_COMPRESSION,VOL_COMPRESSION
06e06af9b4f00f70ea524b3a77f88b42ea550a107332ac09fdb49cdcf36f6b0c,1452,VOL_COMPRESSION,28596,28760,2021-04-07T16:00:00,2021-04-14T12:00:00,165,TREND_DOWN,TREND_UP
8453884891793041b183837f41628cd7ac1df6b29afc22b8e307762d5e48482e,1453,TREND_UP,28761,28767,2021-04-14T13:00:00,2021-04-14T19:00:00,7,VOL_COMPRESSION,RANGE
0ba6e57cacd766c75657a1b35de6e882954df246908872e879133616c06ea185,1454,RANGE,28768,28770,2021-04-14T20:00:00,2021-04-14T22:00:00,3,TREND_UP,TREND_UP
0de16bdbe91c0eb94f8abbe81272b623ff23c61a874170721373330bd7d4cf32,1455,TREND_UP,28771,28772,2021-04-14T23:00:00,2021-04-15T00:00:00,2,RANGE,VOL_COMPRESSION
71cbd761aab18176bb4e880917734e80a32c20629db2cc1aaba01cfe001b82c1,1456,VOL_COMPRESSION,28773,28809,2021-04-15T01:00:00,2021-04-16T13:00:00,37,TREND_UP,TREND_DOWN
745425d2b7893efc86c2ad20efca445c54bd128797c0f38c27e9000d89461907,1457,TREND_DOWN,28810,28810,2021-04-16T14:00:00,2021-04-16T14:00:00,1,VOL_COMPRESSION,VOL_COMPRESSION
ab8f44a3a0c29a9228a820e853646d0a0f219c8ea3701193b2c67fc7cb6274ac,1458,VOL_COMPRESSION,28811,28846,2021-04-16T15:00:00,2021-04-18T02:00:00,36,TREND_DOWN,VOL_EXPANSION
819f3c21ea1bee2a2c6ee393ebfb487b4970698944220437f4aca472e11e214f,1459,VOL_EXPANSION,28847,28851,2021-04-18T03:00:00,2021-04-18T07:00:00,5,VOL_COMPRESSION,TREND_DOWN
bcadd2336bbb7c90a2bf7a68abf3886b54949a33e35adfbf6d5a56f0c93f4c85,1460,TREND_DOWN,28852,28876,2021-04-18T08:00:00,2021-04-19T08:00:00,25,VOL_EXPANSION,VOL_COMPRESSION
183c4b91b2d97acaade5d6ea78cb3991ce0019a8b3acf9aeee38ca27816b5db7,1461,VOL_COMPRESSION,28877,28878,2021-04-19T09:00:00,2021-04-19T10:00:00,2,TREND_DOWN,TREND_DOWN
73c9da42792f0eee5fd6502abae3e2a261c7b87f5208f52db81cde56dd05613f,1462,TREND_DOWN,28879,28911,2021-04-19T11:00:00,2021-04-20T19:00:00,33,VOL_COMPRESSION,RANGE
3841d6569a9ba6082f3e20bec1554469224879377bd43af6326ef8c3191aa02a,1463,RANGE,28912,28917,2021-04-20T20:00:00,2021-04-21T01:00:00,6,TREND_DOWN,TREND_DOWN
09021cf69513996524702ebd83b169c48ef520f377b51672e137112791b93a81,1464,TREND_DOWN,28918,28934,2021-04-21T02:00:00,2021-04-21T18:00:00,17,RANGE,VOL_COMPRESSION
162671ea29840d0955255f5b3d6b3ec1c857eff1d12e8336e27f5c2d08eceacf,1465,VOL_COMPRESSION,28935,28937,2021-04-21T19:00:00,2021-04-21T21:00:00,3,TREND_DOWN,TREND_DOWN
35d46ce9b7dda92cb71405844350c9c9fed3752d83b317caa8c4e1b046e51696,1466,TREND_DOWN,28938,28965,2021-04-21T22:00:00,2021-04-23T01:00:00,28,VOL_COMPRESSION,VOL_EXPANSION
77e39e7878fecd957377dfb6c68ed0d39930abd49f7fd2ef50dd40d73fdabf72,1467,VOL_EXPANSION,28966,28970,2021-04-23T02:00:00,2021-04-23T06:00:00,5,TREND_DOWN,TREND_DOWN
e50e70b07bf0497d1c1d2b4e4d4cc3443c7289beaff86a760bccee3971bc7ffd,1468,TREND_DOWN,28971,29008,2021-04-23T07:00:00,2021-04-24T20:00:00,38,VOL_EXPANSION,VOL_COMPRESSION
8378bcba1e0c43f119f3b89f3d55ca2510fa30653b932118249d88bf7953d11b,1469,VOL_COMPRESSION,29009,29020,2021-04-24T21:00:00,2021-04-25T08:00:00,12,TREND_DOWN,TREND_DOWN
05b2e517325a9e2711baa34df58741343c36ff7da81612194149ba9dd968d4e2,1470,TREND_DOWN,29021,29023,2021-04-25T09:00:00,2021-04-25T11:00:00,3,VOL_COMPRESSION,VOL_COMPRESSION
eefc2fcafd5b609d60bc77dd314e61d8f7ac7e234b833aac09accbbb34d6b252,1471,VOL_COMPRESSION,29024,29031,2021-04-25T12:00:00,2021-04-25T19:00:00,8,TREND_DOWN,TREND_DOWN
392eadef3704b6b9037cdbb8dc221d643a95f9a7105baf2e64eb0983e05fc79c,1472,TREND_DOWN,29032,29037,2021-04-25T20:00:00,2021-04-26T01:00:00,6,VOL_COMPRESSION,RANGE
fc67d56dcdb46e19ff5ed7cdbe0076db29ed0456a2fb8800e598d63bb7ec2ea2,1473,RANGE,29038,29039,2021-04-26T02:00:00,2021-04-26T03:00:00,2,TREND_DOWN,TREND_UP
a72b22d74e94aa31d5ef981ff1abd7bd5d64416a8333d7fc424ab848dcafa768,1474,TREND_UP,29040,29050,2021-04-26T04:00:00,2021-04-26T14:00:00,11,RANGE,VOL_COMPRESSION
e81e4289d0e65ef82790373c87990561e06a3c7925b104f497290305727274a7,1475,VOL_COMPRESSION,29051,29051,2021-04-26T15:00:00,2021-04-26T15:00:00,1,TREND_UP,TREND_UP
fa7d674fde9dd8da23d6a49a6c16a8cdfc8ae8d54335b48d5272407e01a3e13e,1476,TREND_UP,29052,29061,2021-04-26T16:00:00,2021-04-27T01:00:00,10,VOL_COMPRESSION,VOL_COMPRESSION
82a677e4ce28492eca5b810095a99a787c2f6c61a8fb1cc41c96c01d09eae2e1,1477,VOL_COMPRESSION,29062,29103,2021-04-27T02:00:00,2021-04-28T19:00:00,42,TREND_UP,TREND_UP
fa6f21a40511e2f09a2cc52f687fff1ccb62f6f24f296622d4184f0d2894abb1,1478,TREND_UP,29104,29108,2021-04-28T20:00:00,2021-04-29T00:00:00,5,VOL_COMPRESSION,VOL_COMPRESSION
c6b178fc5a350bdb44079207fa2e2eacb85a43ca2b0b3827abf847637ffce8d0,1479,VOL_COMPRESSION,29109,29147,2021-04-29T01:00:00,2021-04-30T15:00:00,39,TREND_UP,TREND_UP
d7cc58934ff664dc1b309dc4f88929daffd2d3a677c3abf9661ff270c3824cfe,1480,TREND_UP,29148,29149,2021-04-30T16:00:00,2021-04-30T17:00:00,2,VOL_COMPRESSION,VOL_COMPRESSION
8b10bda9849f0f8e2e6db822c310fb25e863dd0d3bdd0c88457c2c5baf3de210,1481,VOL_COMPRESSION,29150,29227,2021-04-30T18:00:00,2021-05-03T23:00:00,78,TREND_UP,RANGE
aaee62342bf2a152ba8ad3e4fdbf612b50ba8079dd245926a3e6a49203a9aad2,1482,RANGE,29228,29229,2021-05-04T00:00:00,2021-05-04T01:00:00,2,VOL_COMPRESSION,TREND_DOWN
fca189e52ebcb76ddb3fc1bd0a227ac1d44c44534fb24cf93b5eb7545b1e3687,1483,TREND_DOWN,29230,29234,2021-05-04T02:00:00,2021-05-04T06:00:00,5,RANGE,VOL_COMPRESSION
bacee3b4ef61905776e43af5396910b253545185752bf40c03db267b7d583aad,1484,VOL_COMPRESSION,29235,29240,2021-05-04T07:00:00,2021-05-04T12:00:00,6,TREND_DOWN,TREND_DOWN
b45c5b8f803afa3444e34f49a83dc872f9f8c4c09587efac48e501ec10904d71,1485,TREND_DOWN,29241,29265,2021-05-04T13:00:00,2021-05-05T13:00:00,25,VOL_COMPRESSION,RANGE
c050920050d5304f17bef37ed51d6f56bdbb54ecc9c898ffd38913bede293e47,1486,RANGE,29266,29269,2021-05-05T14:00:00,2021-05-05T17:00:00,4,TREND_DOWN,TREND_UP
4da3ad593093ecf87cbfc1cade67b0be9a4bcc69e13e1832193cf0ee8cd02d48,1487,TREND_UP,29270,29272,2021-05-05T18:00:00,2021-05-05T20:00:00,3,RANGE,VOL_COMPRESSION
8ef9c448fd725e224006df4da5702fc6a9cf130ca0909055858018701499e710,1488,VOL_COMPRESSION,29273,29275,2021-05-05T21:00:00,2021-05-05T23:00:00,3,TREND_UP,TREND_UP
ebbc30b29d5523ece670985642fc4a204890c944bf70b651725e7cc18369fcb8,1489,TREND_UP,29276,29277,2021-05-06T00:00:00,2021-05-06T01:00:00,2,VOL_COMPRESSION,VOL_COMPRESSION
7bd00bac90680346d50d32c2d53baeb4d5832b02866e92e9d035d32ced554788,1490,VOL_COMPRESSION,29278,29293,2021-05-06T02:00:00,2021-05-06T17:00:00,16,TREND_UP,TREND_UP
624f6c3524d9ac5ac1287214bec1884cff61360a85aebfc0bb68fe8e6b932904,1491,TREND_UP,29294,29294,2021-05-06T18:00:00,2021-05-06T18:00:00,1,VOL_COMPRESSION,RANGE
105b8d78c26c9bd6f964fc5fbf07ac91d5c4ffff0854fc3b2ca7e927f087e8b3,1492,RANGE,29295,29298,2021-05-06T19:00:00,2021-05-06T22:00:00,4,TREND_UP,VOL_COMPRESSION
3c05031c9399086f86e3381d87e2cd933c436f069435599bcdcc5a2334869020,1493,VOL_COMPRESSION,29299,29299,2021-05-06T23:00:00,2021-05-06T23:00:00,1,RANGE,RANGE
fe29c1b6eecab98832e975536ccebadce641647a729ef823cb6ed1eb3b6e1b7a,1494,RANGE,29300,29302,2021-05-07T00:00:00,2021-05-07T02:00:00,3,VOL_COMPRESSION,TREND_DOWN
23f64ac073cb243da9c746f4cc85f7ac73eeea18ce25fe7ccda203c41a0b2734,1495,TREND_DOWN,29303,29304,2021-05-07T03:00:00,2021-05-07T04:00:00,2,RANGE,VOL_COMPRESSION
d2c73e20756a4bf86102d9663e2ebd49dc00c80de9151184f5738d25070316a3,1496,VOL_COMPRESSION,29305,29312,2021-05-07T05:00:00,2021-05-07T12:00:00,8,TREND_DOWN,TREND_UP
dcb8fd603ae9df30763cd119212b6c70ff6fd988273f74e66e642364152231c0,1497,TREND_UP,29313,29320,2021-05-07T13:00:00,2021-05-07T20:00:00,8,VOL_COMPRESSION,VOL_COMPRESSION
3dcbfecb9a54068d3ab9ff670d45050afbe34ce85371896247ee152bca6542b6,1498,VOL_COMPRESSION,29321,29321,2021-05-07T21:00:00,2021-05-07T21:00:00,1,TREND_UP,TREND_UP
a773199c01110b59901f88ebf14a2a20a09dcc18c28ed145d0a22e15aee2e2d5,1499,TREND_UP,29322,29322,2021-05-07T22:00:00,2021-05-07T22:00:00,1,VOL_COMPRESSION,VOL_COMPRESSION
80aafac4cc1983d5da34208b9f289772eae28945812bd7b77bd588e115766b80,1500,VOL_COMPRESSION,29323,29338,2021-05-07T23:00:00,2021-05-08T14:00:00,16,TREND_UP,TREND_UP
717c382f5361aac8893083bbbda1be9ea65d07c0fefa3288ad40d7653a6ab20e,1501,TREND_UP,29339,29342,2021-05-08T15:00:00,2021-05-08T18:00:00,4,VOL_COMPRESSION,VOL_COMPRESSION
3f78b0687110eeae5fb571b0c282adfc681857fd6d008549fe988cf701544849,1502,VOL_COMPRESSION,29343,29351,2021-05-08T19:00:00,2021-05-09T03:00:00,9,TREND_UP,TREND_UP
9edf65e698df62d84a5c64b5ec9d740ed229379dace27e8b202a17e661877bf7,1503,TREND_UP,29352,29352,2021-05-09T04:00:00,2021-05-09T04:00:00,1,VOL_COMPRESSION,VOL_COMPRESSION
a579a439509a0ae8d408c32052e4e52233a1777e60c4dcd78a217c9e47abdd04,1504,VOL_COMPRESSION,29353,29359,2021-05-09T05:00:00,2021-05-09T11:00:00,7,TREND_UP,RANGE
3f2cd0a56b41aca8bc95c3b8512b0a754eb4770ff37f9e632cc49209d6e4088e,1505,RANGE,29360,29362,2021-05-09T12:00:00,2021-05-09T14:00:00,3,VOL_COMPRESSION,VOL_COMPRESSION
a5a31950a3749f7c803087cae491cc629b40e63bf418b532eaa043da8accf5be,1506,VOL_COMPRESSION,29363,29386,2021-05-09T15:00:00,2021-05-10T14:00:00,24,RANGE,RANGE
23dc2de08947a2c8570f46e0bd6d4f43f2becbb38d04e1c6f7f6351ed7b5c51d,1507,RANGE,29387,29388,2021-05-10T15:00:00,2021-05-10T16:00:00,2,VOL_COMPRESSION,TREND_DOWN
4efe7761625ff0d271b35fb2c86d9b4c3536daa199760d1e064cfea25a014e3c,1508,TREND_DOWN,29389,29413,2021-05-10T17:00:00,2021-05-11T17:00:00,25,RANGE,VOL_COMPRESSION
0fc2ea4e93049b890eb504edd6afdd8cb41b6e8a8bb31ce0a77b152989eaa0ca,1509,VOL_COMPRESSION,29414,29434,2021-05-11T18:00:00,2021-05-12T14:00:00,21,TREND_DOWN,TREND_DOWN
0a8072d4af8efd4562bd3316f02e7d84f5d5c6b8bbe7e3d4aec6a70a797f74a9,1510,TREND_DOWN,29435,29442,2021-05-12T15:00:00,2021-05-12T22:00:00,8,VOL_COMPRESSION,VOL_EXPANSION
2d946fd3cab326c92ba42cf787b0f465a4ecec1e0c8ad1b361bad58950611651,1511,VOL_EXPANSION,29443,29443,2021-05-12T23:00:00,2021-05-12T23:00:00,1,TREND_DOWN,HIGH_VOL
92a497311889f604de378ff663891e088e82d1ff1a4cad0c3d4a8801f2f823fa,1512,HIGH_VOL,29444,29446,2021-05-13T00:00:00,2021-05-13T02:00:00,3,VOL_EXPANSION,VOL_EXPANSION
9b960395455fc4151ae884f6578beb55099f2c6db5d79d16bc1ff2062915882d,1513,VOL_EXPANSION,29447,29447,2021-05-13T03:00:00,2021-05-13T03:00:00,1,HIGH_VOL,TREND_DOWN
1756139ce952f5019336500fb3474bcab7af0f57e6bb6b2a605e2feec49177ef,1514,TREND_DOWN,29448,29462,2021-05-13T04:00:00,2021-05-13T18:00:00,15,VOL_EXPANSION,VOL_EXPANSION
837b29ed5c53599cc1406463735a48606f100ab1879cd023dc4abe2632ef96d7,1515,VOL_EXPANSION,29463,29464,2021-05-13T19:00:00,2021-05-13T20:00:00,2,TREND_DOWN,TREND_DOWN
5cb0cb0c760c1ce52d82de4930bb0e720082c07bff1ea77ff67b83c2c11b999d,1516,TREND_DOWN,29465,29534,2021-05-13T21:00:00,2021-05-16T18:00:00,70,VOL_EXPANSION,VOL_EXPANSION
1bd72b94ca8c1438394dfac5b9f00deecb1013ac33faec24caee6b86c11329ad,1517,VOL_EXPANSION,29535,29539,2021-05-16T19:00:00,2021-05-16T23:00:00,5,TREND_DOWN,TREND_DOWN
6838cb4f160654382538be8e9d9acd54717512b1b9f547998fc2bbefed31413a,1518,TREND_DOWN,29540,29544,2021-05-17T00:00:00,2021-05-17T04:00:00,5,VOL_EXPANSION,VOL_EXPANSION
8e83ce0aeb0ab5ec004cffd293ece82cd173d8a39019755b86f851c4e20c3ff9,1519,VOL_EXPANSION,29545,29547,2021-05-17T05:00:00,2021-05-17T07:00:00,3,TREND_DOWN,TREND_DOWN
dec9b1f6dbc5b1b7c7ade17f78f021952693872497d7252f512f6218f0a89d3f,1520,TREND_DOWN,29548,29563,2021-05-17T08:00:00,2021-05-17T23:00:00,16,VOL_EXPANSION,VOL_EXPANSION
b1dae337c4d1274e9da9168a291b4243f5801bcf45b2dd4003ad62e8979e576b,1521,VOL_EXPANSION,29564,29565,2021-05-18T00:00:00,2021-05-18T01:00:00,2,TREND_DOWN,TREND_DOWN
50acbeadfc1a769651fb06c6985d6b9a90d07327d627123960fbdb9e94c282f2,1522,TREND_DOWN,29566,29588,2021-05-18T02:00:00,2021-05-19T00:00:00,23,VOL_EXPANSION,VOL_EXPANSION
a6e99d4d6f17932c8f4d163559296af0bddf67617745fada913e90001aa72723,1523,VOL_EXPANSION,29589,29593,2021-05-19T01:00:00,2021-05-19T05:00:00,5,TREND_DOWN,TREND_DOWN
73531b69c3b98ca35d4dfaa9c73c9bfbdc70a155b09126051f79770ae355bc57,1524,TREND_DOWN,29594,29594,2021-05-19T06:00:00,2021-05-19T06:00:00,1,VOL_EXPANSION,VOL_EXPANSION
2ebd180d494aa83f9f90f70d4f4bb53b09808d8d694d9201599053d48d2f270c,1525,VOL_EXPANSION,29595,29596,2021-05-19T07:00:00,2021-05-19T08:00:00,2,TREND_DOWN,TREND_DOWN
be66d840567bbf2225cf3c04d4712f85fd81310395e024490f7f9312ff29aafa,1526,TREND_DOWN,29597,29598,2021-05-19T09:00:00,2021-05-19T10:00:00,2,VOL_EXPANSION,VOL_EXPANSION
06ca94ea4afba4b378e78e6abb42dc3615c8696fed04026ba7ec0c87f04d7f25,1527,VOL_EXPANSION,29599,29599,2021-05-19T11:00:00,2021-05-19T11:00:00,1,TREND_DOWN,HIGH_VOL
28f9000c9f73b7b6d953c382b78f3d0b80061fa12f3239703f65c66c0f575d2d,1528,HIGH_VOL,29600,29621,2021-05-19T12:00:00,2021-05-20T09:00:00,22,VOL_EXPANSION,TREND_DOWN
af6072cb10856e57f8afcea60df55f3a589be48ba0aea6f61bfde65a88219434,1529,TREND_DOWN,29622,29624,2021-05-20T10:00:00,2021-05-20T12:00:00,3,HIGH_VOL,RANGE
10114bb45e3ffc8a089c29000c8939a0714fd5888d4a0c5bbabefe43fd760391,1530,RANGE,29625,29627,2021-05-20T13:00:00,2021-05-20T15:00:00,3,TREND_DOWN,HIGH_VOL
d86e13fad31b42e97d83cc3cbdda7b94f30d456d0d1f296d3ea648fae96a3faf,1531,HIGH_VOL,29628,29629,2021-05-20T16:00:00,2021-05-20T17:00:00,2,RANGE,TREND_DOWN
e9927fbb61e82ff83ace9ad926643974050cec3e176fb3b6567886cba439cf14,1532,TREND_DOWN,29630,29635,2021-05-20T18:00:00,2021-05-20T23:00:00,6,HIGH_VOL,RANGE
a94b404f2fed824d4993f6772d047cbf9b97d3d007bd5a6eaf80fd0d17abc085,1533,RANGE,29636,29640,2021-05-21T00:00:00,2021-05-21T04:00:00,5,TREND_DOWN,TREND_DOWN
0c6f076a50be6a7dfc59d7671d4e71df834d61219f8f948dda6a623a478e7892,1534,TREND_DOWN,29641,29647,2021-05-21T05:00:00,2021-05-21T11:00:00,7,RANGE,RANGE
807487df1e7f2106e3e6eb7f7927152b1943ae53db263e531b076c2d0ecd329d,1535,RANGE,29648,29649,2021-05-21T12:00:00,2021-05-21T13:00:00,2,TREND_DOWN,HIGH_VOL
bae002d5fcafd2ca0305d3e5994a16f5ec98c4ccc67f624b3d53628ab84fef8e,1536,HIGH_VOL,29650,29653,2021-05-21T14:00:00,2021-05-21T17:00:00,4,RANGE,VOL_EXPANSION
cabf3552139b0c9c45e57cf2b009d847157b097eb136f30c5a564a6b35c44a36,1537,VOL_EXPANSION,29654,29654,2021-05-21T18:00:00,2021-05-21T18:00:00,1,HIGH_VOL,HIGH_VOL
244381865930df813ce4127033818c8338d1c5c400498cb85d70d4fa8a1d1325,1538,HIGH_VOL,29655,29659,2021-05-21T19:00:00,2021-05-21T23:00:00,5,VOL_EXPANSION,TREND_DOWN
4da046239036da45b728f27fdb003e577a89f9f152b1d03e2d44b58f2a75efcd,1539,TREND_DOWN,29660,29691,2021-05-22T00:00:00,2021-05-23T07:00:00,32,HIGH_VOL,VOL_EXPANSION
5df302c064e265598b50be7b966aea440e4836b88b86b620127dedf6e0297902,1540,VOL_EXPANSION,29692,29697,2021-05-23T08:00:00,2021-05-23T13:00:00,6,TREND_DOWN,HIGH_VOL
dbd1246687e3f350af33c1da2ad4032377808d595f204ac80c567f8d71e0eef1,1541,HIGH_VOL,29698,29698,2021-05-23T14:00:00,2021-05-23T14:00:00,1,VOL_EXPANSION,VOL_EXPANSION
a1369a4ba2008ad974251bbf609ff6a4a0dc467682f7dd31d20924abb241f6aa,1542,VOL_EXPANSION,29699,29699,2021-05-23T15:00:00,2021-05-23T15:00:00,1,HIGH_VOL,HIGH_VOL
84f1125da1a877c306361447515bda3aec4f3e949ceb39d4ef158aad27543330,1543,HIGH_VOL,29700,29704,2021-05-23T16:00:00,2021-05-23T20:00:00,5,VOL_EXPANSION,TREND_DOWN
f3e86b4913768ce83737ead8838271c60de7bd4c01985aa40689decde6d65021,1544,TREND_DOWN,29705,29716,2021-05-23T21:00:00,2021-05-24T08:00:00,12,HIGH_VOL,RANGE
8c95f21bac487193df90d1b150251f2b277a0050d36c00f6d0b9b52bd4923d7c,1545,RANGE,29717,29723,2021-05-24T09:00:00,2021-05-24T15:00:00,7,TREND_DOWN,TREND_UP
12112aa3f2f78a1e867d55e06104d3a437377885ed24038003c6761149a75dbb,1546,TREND_UP,29724,29726,2021-05-24T16:00:00,2021-05-24T18:00:00,3,RANGE,VOL_EXPANSION
2cdf8efb26f6754be90231f2bb212a1ac3f42fe280ffd01a9d10e2ef5d4673ea,1547,VOL_EXPANSION,29727,29730,2021-05-24T19:00:00,2021-05-24T22:00:00,4,TREND_UP,TREND_UP
e941c7b8170e75a63d729e700f1e84cb3d9ec4b06d6bf6ba401bee6e0a6a408f,1548,TREND_UP,29731,29744,2021-05-24T23:00:00,2021-05-25T12:00:00,14,VOL_EXPANSION,RANGE
7c01e9ebbfb4a335c7de8c4a83ccb133cf6dbf39cbc53fb5f3aced4fde5d079d,1549,RANGE,29745,29746,2021-05-25T13:00:00,2021-05-25T14:00:00,2,TREND_UP,TREND_UP
e5f0cee854f1d3c4e015382276221ee40babe0c2c0d6b8419d463306e3ea7ec8,1550,TREND_UP,29747,29781,2021-05-25T15:00:00,2021-05-27T01:00:00,35,RANGE,RANGE
51db7c9e8e7018ce94b3c248758547da15f5113bc999f35a5c80366a667abdc0,1551,RANGE,29782,29788,2021-05-27T02:00:00,2021-05-27T08:00:00,7,TREND_UP,TREND_UP
1fae30fa95bea5003a6f02bcaddb5f9ef49cca05bb76d4a45237680439ef0a58,1552,TREND_UP,29789,29802,2021-05-27T09:00:00,2021-05-27T22:00:00,14,RANGE,RANGE
015e62bc1b2802e583a9b2b2161d77984d17e34496638ebe24cd2c81b854eec2,1553,RANGE,29803,29807,2021-05-27T23:00:00,2021-05-28T03:00:00,5,TREND_UP,TREND_DOWN
1f63ef7f6648f7b2d8b1b702b8ceb278fe0e6f743d4117027d22ef33dee8f8cc,1554,TREND_DOWN,29808,29815,2021-05-28T04:00:00,2021-05-28T11:00:00,8,RANGE,VOL_EXPANSION
bf3cccf9cf610529ee8fe76c14c473d3a472dead9476a4ae495d79814ec3a94a,1555,VOL_EXPANSION,29816,29816,2021-05-28T12:00:00,2021-05-28T12:00:00,1,TREND_DOWN,TREND_DOWN
14c56e07c376242998700e19c86c0fad2a194fa38204e19a185b972b7c7f9feb,1556,TREND_DOWN,29817,29860,2021-05-28T13:00:00,2021-05-30T08:00:00,44,VOL_EXPANSION,RANGE
18f2e7415405a8b8750dea070389b15b6ea6e65591681d32d3a7c0f3821aeb31,1557,RANGE,29861,29865,2021-05-30T09:00:00,2021-05-30T13:00:00,5,TREND_DOWN,TREND_DOWN
28fc5f7fb17d00c925cdf1b72ebe8b35a5c0c5721602259c272988767c6b4b08,1558,TREND_DOWN,29866,29870,2021-05-30T14:00:00,2021-05-30T18:00:00,5,RANGE,RANGE
5f4f54787eccca2fa1d7fd047597490765be9ea80d02ef802b1f91c5795821c2,1559,RANGE,29871,29875,2021-05-30T19:00:00,2021-05-30T23:00:00,5,TREND_DOWN,TREND_DOWN
c4d6c212984bfb75c6d013651fd2520f355ec641f1b9f62ce33fdb75d67463c1,1560,TREND_DOWN,29876,29885,2021-05-31T00:00:00,2021-05-31T09:00:00,10,RANGE,RANGE
a8c7adabccbca967f9f5080cf70e750d3a70a40eeeca3d5bd68108897ec1909f,1561,RANGE,29886,29887,2021-05-31T10:00:00,2021-05-31T11:00:00,2,TREND_DOWN,TREND_UP
a8314adcba25ecf946748dd01ea209ab431c89c63bfbac5b1c9e5660ca17337f,1562,TREND_UP,29888,29911,2021-05-31T12:00:00,2021-06-01T11:00:00,24,RANGE,RANGE
b47dd2a9e154de4be6c861ee941dc2b6a56b16bf4249e15bee4b8c377e7404ee,1563,RANGE,29912,29912,2021-06-01T12:00:00,2021-06-01T12:00:00,1,TREND_UP,TREND_UP
aa89cb6b9fbf6e03699c90ff1e104e8f14ca54dfdc3ff4fade9a09ba021aaf64,1564,TREND_UP,29913,29917,2021-06-01T13:00:00,2021-06-01T17:00:00,5,RANGE,RANGE
20d104100d04aeb4d465dc1367cbdb43d15e9c64ac6955652393863b05a72167,1565,RANGE,29918,29922,2021-06-01T18:00:00,2021-06-01T22:00:00,5,TREND_UP,TREND_UP
ee55af68b8f1fbedfc12768e7e9e3f8a24d0e506497c9d8f4689d56ad2e4f5de,1566,TREND_UP,29923,29932,2021-06-01T23:00:00,2021-06-02T08:00:00,10,RANGE,VOL_COMPRESSION
652e669ac95d8b1db07409867df9eb5128930cc80075532e9fef36b9b6dafff7,1567,VOL_COMPRESSION,29933,29936,2021-06-02T09:00:00,2021-06-02T12:00:00,4,TREND_UP,TREND_UP
11b088bbf38a69b268eaf66c0dd6096759b2ecac4bcf01db55b15f5bf3908b44,1568,TREND_UP,29937,29940,2021-06-02T13:00:00,2021-06-02T16:00:00,4,VOL_COMPRESSION,VOL_COMPRESSION
97fab2529dc85d4e1a93ae5a4917b63f40467cb23e0bbce781ff21acc46ad90c,1569,VOL_COMPRESSION,29941,29959,2021-06-02T17:00:00,2021-06-03T11:00:00,19,TREND_UP,TREND_UP
ad0032191c7ef88ea54a844f650a88b631bfa17550c65769a03ff373a6068f1e,1570,TREND_UP,29960,29964,2021-06-03T12:00:00,2021-06-03T16:00:00,5,VOL_COMPRESSION,VOL_COMPRESSION
958d9158af3258264bbd97ae3676b49fea6e49febd9af237c3b62dae9d9e876d,1571,VOL_COMPRESSION,29965,29965,2021-06-03T17:00:00,2021-06-03T17:00:00,1,TREND_UP,TREND_UP
722f75df055aa04f990b06bdaf19750427459e68b8a76c2fddbd8ae2ae3da1e2,1572,TREND_UP,29966,29966,2021-06-03T18:00:00,2021-06-03T18:00:00,1,VOL_COMPRESSION,VOL_COMPRESSION
76e1b76f3e1d8042f45b7cbb51d185453c84089263e587065f417a175e4ae9e5,1573,VOL_COMPRESSION,29967,29972,2021-06-03T19:00:00,2021-06-04T00:00:00,6,TREND_UP,TREND_UP
feec9fbb6669ab8003dbe6ec5c84ca54776d452b2bb9a6758afca14473583cc0,1574,TREND_UP,29973,29976,2021-06-04T01:00:00,2021-06-04T04:00:00,4,VOL_COMPRESSION,RANGE
7a71753b08c7ccbc070e01e5821d63f8d006dab7e87f5ddb78a6bfd09fb8baf0,1575,RANGE,29977,29981,2021-06-04T05:00:00,2021-06-04T09:00:00,5,TREND_UP,TREND_DOWN
d79e52e9942fbb6d899a441991c978ed551b346a49c293c927dcbe09771ed981,1576,TREND_DOWN,29982,29993,2021-06-04T10:00:00,2021-06-04T21:00:00,12,RANGE,VOL_COMPRESSION
eb501f42a30af1f0616f2e41d83c6719269698a3adc65aff6add97769ff0fb93,1577,VOL_COMPRESSION,29994,29994,2021-06-04T22:00:00,2021-06-04T22:00:00,1,TREND_DOWN,TREND_DOWN
8512a69a755ac3d640587f63fdd10d14ced96820fb0d44dc9e70b68516ee6446,1578,TREND_DOWN,29995,29998,2021-06-04T23:00:00,2021-06-05T02:00:00,4,VOL_COMPRESSION,RANGE
a0764f9aa064dc4d91f951fa00c7a9605317ab241df0857a3515e63b91b55d75,1579,RANGE,29999,30000,2021-06-05T03:00:00,2021-06-05T04:00:00,2,TREND_DOWN,VOL_COMPRESSION
482b0a4f434b74ac17b542a1bad8d8091da43f31364e856f1e3e6a499967a5e0,1580,VOL_COMPRESSION,30001,30004,2021-06-05T05:00:00,2021-06-05T08:00:00,4,RANGE,TREND_DOWN
8f80344f0a48df13863aca94c48f8b11d0a2bb8303ebb65175a4da7ae36f41d1,1581,TREND_DOWN,30005,30028,2021-06-05T09:00:00,2021-06-06T08:00:00,24,VOL_COMPRESSION,VOL_COMPRESSION
772598a43d256ff849de0918bef27f42b1c21b9d58ff69e02ab129702fe929ae,1582,VOL_COMPRESSION,30029,30033,2021-06-06T09:00:00,2021-06-06T13:00:00,5,TREND_DOWN,TREND_DOWN
725ee0118fe872ce760b51c5834a72c0215d24c31bfea099639f7f878ec983f5,1583,TREND_DOWN,30034,30035,2021-06-06T14:00:00,2021-06-06T15:00:00,2,VOL_COMPRESSION,VOL_COMPRESSION
0c285bd7ab2214c9028d6aae1ebfcced4ec6eca03b5571cd0f0d45e72dbdbfba,1584,VOL_COMPRESSION,30036,30043,2021-06-06T16:00:00,2021-06-06T23:00:00,8,TREND_DOWN,TREND_DOWN
cfe1fa9813893c03998bc4da44ca93486f4d358e271e4f2204213e70e915082e,1585,TREND_DOWN,30044,30045,2021-06-07T00:00:00,2021-06-07T01:00:00,2,VOL_COMPRESSION,VOL_COMPRESSION
b4818b39fe228d194e1f62d410dad9d17e5d84fd3251dabc7c3a6b3321f41f89,1586,VOL_COMPRESSION,30046,30063,2021-06-07T02:00:00,2021-06-07T19:00:00,18,TREND_DOWN,TREND_DOWN
71693013d33fb5f23a25cc95893018e70654a02d5fdf2ee3fdba6ab5d99ed4eb,1587,TREND_DOWN,30064,30100,2021-06-07T20:00:00,2021-06-09T08:00:00,37,VOL_COMPRESSION,RANGE
e6e069ac81624689217d1380281856a62ffeff346227c1d51154e3c1cf001927,1588,RANGE,30101,30106,2021-06-09T09:00:00,2021-06-09T14:00:00,6,TREND_DOWN,TREND_UP
b2851ec429dc9331e0981c6b9c995474554e8e30d7cf7d1b2d2bc0eaf751e57d,1589,TREND_UP,30107,30159,2021-06-09T15:00:00,2021-06-11T19:00:00,53,RANGE,VOL_COMPRESSION
94f522e56f606f0ff24242b943465ec18be3e5600ccbd4dfab3dd768ca98e0a5,1590,VOL_COMPRESSION,30160,30160,2021-06-11T20:00:00,2021-06-11T20:00:00,1,TREND_UP,TREND_UP
cfddb734468b3d7c198e55c25ec6afe4c3a6a2a835ea88b554204d2c40098762,1591,TREND_UP,30161,30166,2021-06-11T21:00:00,2021-06-12T02:00:00,6,VOL_COMPRESSION,RANGE
b1773c8a83ff727f02e68dd53cc44cda47ee6c74921d4ebf9cd26f0bce867658,1592,RANGE,30167,30169,2021-06-12T03:00:00,2021-06-12T05:00:00,3,TREND_UP,TREND_DOWN
511b7528ed31ffdf16d895ecfd39e56a9635664662d8e995265715494efd40fb,1593,TREND_DOWN,30170,30182,2021-06-12T06:00:00,2021-06-12T18:00:00,13,RANGE,VOL_COMPRESSION
2689c067c6ee4b68df88e001e5bb606b06473272b44be9369e4a155b55df953b,1594,VOL_COMPRESSION,30183,30190,2021-06-12T19:00:00,2021-06-13T02:00:00,8,TREND_DOWN,TREND_DOWN
81613e10986c2b858d1dfa2b8239738ea8321f76118ff597ca04a51d2ad5966c,1595,TREND_DOWN,30191,30194,2021-06-13T03:00:00,2021-06-13T06:00:00,4,VOL_COMPRESSION,VOL_COMPRESSION
2524cbb03ec0565211483eb84220f856f493e0f12b28a81b8b840b40fbbbefbe,1596,VOL_COMPRESSION,30195,30195,2021-06-13T07:00:00,2021-06-13T07:00:00,1,TREND_DOWN,TREND_DOWN
64aaf91ade34768892ec27697bbd5751c0675847d947ae56cd3119b769cb5e1f,1597,TREND_DOWN,30196,30196,2021-06-13T08:00:00,2021-06-13T08:00:00,1,VOL_COMPRESSION,VOL_COMPRESSION
387f7a9a445f23ee7953d5b8aa56f01ce30244ba9d85cdf28b157909ed731b85,1598,VOL_COMPRESSION,30197,30203,2021-06-13T09:00:00,2021-06-13T15:00:00,7,TREND_DOWN,RANGE
d77c6d5b440b6d73dd2a9fe6de0558c5c13495380c0ad415ec4af9d634f90003,1599,RANGE,30204,30204,2021-06-13T16:00:00,2021-06-13T16:00:00,1,VOL_COMPRESSION,TREND_UP
5158da4cee59e909c2ffc854f3c43f51c13520796e84efd6dadf2a273f8cd41f,1600,TREND_UP,30205,30222,2021-06-13T17:00:00,2021-06-14T10:00:00,18,RANGE,VOL_COMPRESSION
a8bf6b266f3f735efbcec81e83de8478f7c34abdc525528d898732e1f04574c4,1601,VOL_COMPRESSION,30223,30223,2021-06-14T11:00:00,2021-06-14T11:00:00,1,TREND_UP,TREND_UP
9a874a37a9920758c3ac52a6de7ca5ca081b5c36eb2451e4c3f52ac0114b1d63,1602,TREND_UP,30224,30239,2021-06-14T12:00:00,2021-06-15T03:00:00,16,VOL_COMPRESSION,VOL_COMPRESSION
41e15a664e9f29023c1bfa6f2b48492ae55d4a5961050e38d747df043bda3f91,1603,VOL_COMPRESSION,30240,30244,2021-06-15T04:00:00,2021-06-15T08:00:00,5,TREND_UP,TREND_UP
a7187057897138d3945064ec966957bdf8d6743e08678314330beee452a99d81,1604,TREND_UP,30245,30245,2021-06-15T09:00:00,2021-06-15T09:00:00,1,VOL_COMPRESSION,VOL_COMPRESSION
1e755bc9c558913042eed187d6d04428b8383ccba29f5fe3403c1f42975b30d1,1605,VOL_COMPRESSION,30246,30253,2021-06-15T10:00:00,2021-06-15T17:00:00,8,TREND_UP,TREND_UP
69922434eb5dbcc6ef3957ca995e772fb219bcfeff241e5967c85677a80a790f,1606,TREND_UP,30254,30258,2021-06-15T18:00:00,2021-06-15T22:00:00,5,VOL_COMPRESSION,VOL_COMPRESSION
2ef324ddf0b27759454459bb1b6fb4949081e079741f3870239f3589e79d6dde,1607,VOL_COMPRESSION,30259,30273,2021-06-15T23:00:00,2021-06-16T13:00:00,15,TREND_UP,RANGE
e88a3b0a0615dd36a68fe22cad8745fa0fa18fc48438db55f1468f1163b2dd9e,1608,RANGE,30274,30274,2021-06-16T14:00:00,2021-06-16T14:00:00,1,VOL_COMPRESSION,VOL_COMPRESSION
650d1955b7a29694b74b4f59a627ad281913d8274c7deb72935d24856cea0e2f,1609,VOL_COMPRESSION,30275,30275,2021-06-16T15:00:00,2021-06-16T15:00:00,1,RANGE,RANGE
bd53a7cb55bff5e9d0fa1a2447b6e1b89d6f53a853d94934134f14e59e2ca976,1610,RANGE,30276,30277,2021-06-16T16:00:00,2021-06-16T17:00:00,2,VOL_COMPRESSION,TREND_DOWN
177f88d8907e8ff673ac37ff9aa69bf7cfa05709ea8a309e47e2a6b746797a82,1611,TREND_DOWN,30278,30285,2021-06-16T18:00:00,2021-06-17T01:00:00,8,RANGE,VOL_COMPRESSION
b45eda9fb9b42b44833d21e02bd70d1a98562b9bb7a00af30386ebd3a24b7a6c,1612,VOL_COMPRESSION,30286,30300,2021-06-17T02:00:00,2021-06-17T16:00:00,15,TREND_DOWN,TREND_DOWN
22cc61a24cf872dbe8fcd9a3da8d364a2dc8d8823a22941c476f7d480faab054,1613,TREND_DOWN,30301,30305,2021-06-17T17:00:00,2021-06-17T21:00:00,5,VOL_COMPRESSION,VOL_COMPRESSION
9cdb2b2ba60834f9595cd98bfc92e28b19d270fd0dd0ab14d1b6f4b7e2d04d6b,1614,VOL_COMPRESSION,30306,30307,2021-06-17T22:00:00,2021-06-17T23:00:00,2,TREND_DOWN,TREND_DOWN
234c8f556e2f0a8c2e67f02ba3bba8345ae86496bcaee3a747dd72cd3840ed1f,1615,TREND_DOWN,30308,30311,2021-06-18T00:00:00,2021-06-18T03:00:00,4,VOL_COMPRESSION,VOL_COMPRESSION
830ed1c58843c834ef1ac0603dce7b570b7b45f8b7541e1d802b1e27ab3448ae,1616,VOL_COMPRESSION,30312,30312,2021-06-18T04:00:00,2021-06-18T04:00:00,1,TREND_DOWN,TREND_DOWN
0ef474a8b32f885551c3bd6b53c9b40d1cfa7bbfeca4978243bec57721f9f02c,1617,TREND_DOWN,30313,30313,2021-06-18T05:00:00,2021-06-18T05:00:00,1,VOL_COMPRESSION,VOL_COMPRESSION
6dd8a2b2d281a22bef8723457ca98b9b6800775c9b32f6e97d4a9dc4757637d9,1618,VOL_COMPRESSION,30314,30317,2021-06-18T06:00:00,2021-06-18T09:00:00,4,TREND_DOWN,TREND_DOWN
dc94a934ebae90449c35ec17de4db05b4bdf66904f6ed3e37d452dc5e59dcf94,1619,TREND_DOWN,30318,30342,2021-06-18T10:00:00,2021-06-19T10:00:00,25,VOL_COMPRESSION,VOL_COMPRESSION
02eec84278203cce96628d5db7a7adacf40a43a239c4a35f0261e23b6ce27cdf,1620,VOL_COMPRESSION,30343,30343,2021-06-19T11:00:00,2021-06-19T11:00:00,1,TREND_DOWN,TREND_DOWN
a34eefdb28c39e1f0b2d13462013367636e9094a016a02a222d6754d746e9563,1621,TREND_DOWN,30344,30353,2021-06-19T12:00:00,2021-06-19T21:00:00,10,VOL_COMPRESSION,VOL_COMPRESSION
0e9cf822091ab34e868b661c23680e7e9e15253e4060a4959ca7c6efeecd3f0f,1622,VOL_COMPRESSION,30354,30355,2021-06-19T22:00:00,2021-06-19T23:00:00,2,TREND_DOWN,TREND_DOWN
db4b870c465a7530c4ec5d2695607e28f8f5bb9c0c7710bae15412a0c3916db9,1623,TREND_DOWN,30356,30358,2021-06-20T00:00:00,2021-06-20T02:00:00,3,VOL_COMPRESSION,VOL_COMPRESSION
ab8a42ab1d37a686083aa52a2f6e09f799290dda5b83d1c33ab21a40fcf161f8,1624,VOL_COMPRESSION,30359,30365,2021-06-20T03:00:00,2021-06-20T09:00:00,7,TREND_DOWN,TREND_DOWN
9e8e9d2bad4b292ccaff61876f4ae32f1f5698aaef3451883f678c6b12d42203,1625,TREND_DOWN,30366,30388,2021-06-20T10:00:00,2021-06-21T08:00:00,23,VOL_COMPRESSION,VOL_EXPANSION
53b0cb3052076a137bdcbeb751fbefa5a1155d35fe857e2567f48302b2ce26f8,1626,VOL_EXPANSION,30389,30393,2021-06-21T09:00:00,2021-06-21T13:00:00,5,TREND_DOWN,TREND_DOWN
833f3f48e2a0371a83bc7d2d8d01077b1013a9a871687c59249534624980d4eb,1627,TREND_DOWN,30394,30404,2021-06-21T14:00:00,2021-06-22T00:00:00,11,VOL_EXPANSION,VOL_EXPANSION
869c421ff427273c80c0dc9d7261572db3a43e33829bf513bd703b622bdf871a,1628,VOL_EXPANSION,30405,30405,2021-06-22T01:00:00,2021-06-22T01:00:00,1,TREND_DOWN,TREND_DOWN
c4f0d9b2df4cfccbdece235e0feb461477dadffc17cbb12c12c6fa6f582385c9,1629,TREND_DOWN,30406,30415,2021-06-22T02:00:00,2021-06-22T11:00:00,10,VOL_EXPANSION,VOL_EXPANSION
f500ec5657fd7d45ec8a095e10f3df664b315dc7fb41bb840a348ed32e15f89f,1630,VOL_EXPANSION,30416,30422,2021-06-22T12:00:00,2021-06-22T18:00:00,7,TREND_DOWN,TREND_DOWN
268778c9f2723e6abbea001c903f17ad31db77f2a5c48d351a6d2bb1ec25aee8,1631,TREND_DOWN,30423,30428,2021-06-22T19:00:00,2021-06-23T00:00:00,6,VOL_EXPANSION,RANGE
9afef9ebdf11330aa0a7f3698df872ef44961b0ddc3da976d8d5c5b05f9236e6,1632,RANGE,30429,30435,2021-06-23T01:00:00,2021-06-23T07:00:00,7,TREND_DOWN,TREND_UP
4a2287dfbc2f96e4144a74766c7b4de64d7af4569f03b7e52f6f73c0dc3376b0,1633,TREND_UP,30436,30447,2021-06-23T08:00:00,2021-06-23T19:00:00,12,RANGE,RANGE
586175339b466e7f51855aeca0813ab9b2ff54e80fcc955ab99244f6193684dc,1634,RANGE,30448,30453,2021-06-23T20:00:00,2021-06-24T01:00:00,6,TREND_UP,TREND_DOWN
42e8600565b6a196c077f9ad94b9dc21f8661edaaf8d4c59d240384b18c50b72,1635,TREND_DOWN,30454,30462,2021-06-24T02:00:00,2021-06-24T10:00:00,9,RANGE,RANGE
3e9a069bbd4912acaf716f0dec34480efe36765b9a276992c7e1eaf0da0c80a9,1636,RANGE,30463,30463,2021-06-24T11:00:00,2021-06-24T11:00:00,1,TREND_DOWN,TREND_UP
4d8f5c89128a56c84d19850a11823949bd139c196df0844d02be64f4e02e2b85,1637,TREND_UP,30464,30473,2021-06-24T12:00:00,2021-06-24T21:00:00,10,RANGE,VOL_COMPRESSION
eb8293febfc5e3ccfca372b7d8dc25dc090e9b8d9a502ba03f79061b1c86e5df,1638,VOL_COMPRESSION,30474,30475,2021-06-24T22:00:00,2021-06-24T23:00:00,2,TREND_UP,TREND_UP
3bfb5f053a22877f20d2b38846f43600f251c7487139c5400f370fb4665b0899,1639,TREND_UP,30476,30486,2021-06-25T00:00:00,2021-06-25T10:00:00,11,VOL_COMPRESSION,RANGE
fd066a338b65ac3ed57863a0ac109b922f950881ed8e18fedc68efa944266a7e,1640,RANGE,30487,30490,2021-06-25T11:00:00,2021-06-25T14:00:00,4,TREND_UP,TREND_DOWN
bbc2ad2b557d43e23942300beea14bcb4245081552c29ee4c4110d22aa615df1,1641,TREND_DOWN,30491,30525,2021-06-25T15:00:00,2021-06-27T01:00:00,35,RANGE,RANGE
93534ccd1a4e9c5c57cb6a8e8eb0b170573000bb610fb1c02acba6a129f6f0dd,1642,RANGE,30526,30534,2021-06-27T02:00:00,2021-06-27T10:00:00,9,TREND_DOWN,TREND_UP
10c09771754ea89c339c7856a1b41c3b4c99adcc2a6d4b2556101b089957c3c7,1643,TREND_UP,30535,30591,2021-06-27T11:00:00,2021-06-29T19:00:00,57,RANGE,VOL_COMPRESSION
0e8455d34c81cc6f2f3184ebf79ac0223918409571e220a9e115677a09983934,1644,VOL_COMPRESSION,30592,30599,2021-06-29T20:00:00,2021-06-30T03:00:00,8,TREND_UP,TREND_UP
72669c3aeb1addee5d2489f4255f452b73669f8be78d138b73a45eefb3c291cf,1645,TREND_UP,30600,30602,2021-06-30T04:00:00,2021-06-30T06:00:00,3,VOL_COMPRESSION,VOL_COMPRESSION
309e1950dbbd08da2f0dbfb109c92c6d35809cbf9329d80159093b9d7018b315,1646,VOL_COMPRESSION,30603,30603,2021-06-30T07:00:00,2021-06-30T07:00:00,1,TREND_UP,RANGE
dd1d30afa2bc74b8e111cef37e1075dff398b727276ef53609fb01d3a9750d60,1647,RANGE,30604,30608,2021-06-30T08:00:00,2021-06-30T12:00:00,5,VOL_COMPRESSION,VOL_COMPRESSION
f6c29e24e19488c1e8321d73a673aa8bc5602d1b270e1e646d8517bea3a84df1,1648,VOL_COMPRESSION,30609,30610,2021-06-30T13:00:00,2021-06-30T14:00:00,2,RANGE,RANGE
67652e39525dc17fd5b8f70c5e71415693898e2c24fca5cb13875bbc7ab9bbab,1649,RANGE,30611,30614,2021-06-30T15:00:00,2021-06-30T18:00:00,4,VOL_COMPRESSION,VOL_COMPRESSION
91c270645ba249f09a26c4c67bf844a503b88b6df91317b51e0b1def1d8ca605,1650,VOL_COMPRESSION,30615,30615,2021-06-30T19:00:00,2021-06-30T19:00:00,1,RANGE,RANGE
913ed7fa394b29729d1ad69e4d791a8913a95a28390dcd71b16ee595d88b662c,1651,RANGE,30616,30618,2021-06-30T20:00:00,2021-06-30T22:00:00,3,VOL_COMPRESSION,VOL_COMPRESSION
e6b4b05c3b275eda7a06840ca852cece0154ff1adde6752b750c45a6f2736fc0,1652,VOL_COMPRESSION,30619,30621,2021-06-30T23:00:00,2021-07-01T01:00:00,3,RANGE,TREND_DOWN
39935986a1ebb79f7c8de374a5bd98a04fddcb8a2afe7f704c6529d4e4adda6b,1653,TREND_DOWN,30622,30623,2021-07-01T02:00:00,2021-07-01T03:00:00,2,VOL_COMPRESSION,VOL_COMPRESSION
b96fce5239bd85d55f33c442c4717b8fcf7fb79b0c6b84d7cf677518ca5b1d2e,1654,VOL_COMPRESSION,30624,30625,2021-07-01T04:00:00,2021-07-01T05:00:00,2,TREND_DOWN,TREND_DOWN
49767f8f2384e4f25a0337e15d145455134f2e282504f3d241a06089a1765aff,1655,TREND_DOWN,30626,30660,2021-07-01T06:00:00,2021-07-02T16:00:00,35,VOL_COMPRESSION,VOL_COMPRESSION
dd947f7bc34f96c7af68452d5667425a365390f10ca5dbf34b28565721693673,1656,VOL_COMPRESSION,30661,30748,2021-07-02T17:00:00,2021-07-06T08:00:00,88,TREND_DOWN,RANGE
c1f53ea3cf61ddee4ab7332a1572a2ae05298ca1f722a2721ecf8f24caae928d,1657,RANGE,30749,30751,2021-07-06T09:00:00,2021-07-06T11:00:00,3,VOL_COMPRESSION,TREND_DOWN
af61f1ba62922d7840c81e97e8978927a5fb30525e71a33d6f01143b58dcb1b0,1658,TREND_DOWN,30752,30764,2021-07-06T12:00:00,2021-07-07T00:00:00,13,RANGE,VOL_COMPRESSION
5d8f496fa5defc6b23ba3de6fec78217eacf8339307688870d753bcfb71fa3ce,1659,VOL_COMPRESSION,30765,30794,2021-07-07T01:00:00,2021-07-08T06:00:00,30,TREND_DOWN,TREND_DOWN
52013f43a6778132b5da45f5f65776f5a4fb5d84d0ddc96c9e7c72b2708d3cd7,1660,TREND_DOWN,30795,30802,2021-07-08T07:00:00,2021-07-08T14:00:00,8,VOL_COMPRESSION,VOL_COMPRESSION
e1811d91ebc3062d582be80b6b0d3f1b0574b30fd863b33d5b674e60c8eaf8b4,1661,VOL_COMPRESSION,30803,31079,2021-07-08T15:00:00,2021-07-20T03:00:00,277,TREND_DOWN,TREND_DOWN
cf2787f428c9d3371fc15b3df2e013baaf0e2dc357cc3ae310086d58981e6457,1662,TREND_DOWN,31080,31080,2021-07-20T04:00:00,2021-07-20T04:00:00,1,VOL_COMPRESSION,VOL_COMPRESSION
d1df0127e284e1bb2157d0ee673c91c67dc28b669a0b8b342ae9726d9ae422fc,1663,VOL_COMPRESSION,31081,31117,2021-07-20T05:00:00,2021-07-21T17:00:00,37,TREND_DOWN,TREND_UP
2b2cd7e52eaa3e363bc9e58ca36d7709f5786013f24eea968107031e894e3b7c,1664,TREND_UP,31118,31124,2021-07-21T18:00:00,2021-07-22T00:00:00,7,VOL_COMPRESSION,VOL_COMPRESSION
3a875149fc55fe8d07511d8406d2f79cbe10247ad4aa5faebe227f098a1f3ef8,1665,VOL_COMPRESSION,31125,31219,2021-07-22T01:00:00,2021-07-25T23:00:00,95,TREND_UP,TREND_UP
f226e6542e48b199d7251210b7e4290bf84b70b9d262ea82ed2aea2700c8e333,1666,TREND_UP,31220,31240,2021-07-26T00:00:00,2021-07-26T20:00:00,21,VOL_COMPRESSION,VOL_EXPANSION
fc4ef4e29f758b4b275c3ba40c67079bebe50cb66139f4c1d8905e9c6602630b,1667,VOL_EXPANSION,31241,31242,2021-07-26T21:00:00,2021-07-26T22:00:00,2,TREND_UP,TREND_UP
d27600a4ffab88af712192a6b9bead9159990ff8c8c4b38af626d701ca62c6b3,1668,TREND_UP,31243,31306,2021-07-26T23:00:00,2021-07-29T14:00:00,64,VOL_EXPANSION,VOL_COMPRESSION
9d27fb1344703864e9f04b1f21bd014c1e1556f257fce5d1f30eed8282fbae75,1669,VOL_COMPRESSION,31307,31307,2021-07-29T15:00:00,2021-07-29T15:00:00,1,TREND_UP,TREND_UP
8d102ee2c388d45bda81b622f707138983d2f0d2824ae00eb31f8daf1e1daa3b,1670,TREND_UP,31308,31308,2021-07-29T16:00:00,2021-07-29T16:00:00,1,VOL_COMPRESSION,VOL_COMPRESSION
8ec6ef2da16a0a3260aae0fdfc42a793ddae45618a77399fade2bd3471005dab,1671,VOL_COMPRESSION,31309,31335,2021-07-29T17:00:00,2021-07-30T19:00:00,27,TREND_UP,TREND_UP
9a62f7027845877c049035c867d25987b590af6957b56700fa4c5cfa4da0d11a,1672,TREND_UP,31336,31346,2021-07-30T20:00:00,2021-07-31T06:00:00,11,VOL_COMPRESSION,VOL_COMPRESSION
9f33e8c038eb4d81a2bb71c8506bf880b9abe664de918cfa684217852acb5a8a,1673,VOL_COMPRESSION,31347,31385,2021-07-31T07:00:00,2021-08-01T21:00:00,39,TREND_UP,RANGE
9d528d45f7ee551ed45b0a58e267555496d0b50a504b9c29be8e8043ae47551c,1674,RANGE,31386,31387,2021-08-01T22:00:00,2021-08-01T23:00:00,2,VOL_COMPRESSION,TREND_DOWN
dc7011cef7aca828e476d00c3cfecd956c137298feb91cf002491f6ad898a649,1675,TREND_DOWN,31388,31392,2021-08-02T00:00:00,2021-08-02T04:00:00,5,RANGE,VOL_COMPRESSION
efab1deb1ddb31601949735b6992c427f13e1064edacdb74e176aec22dbef8e9,1676,VOL_COMPRESSION,31393,31395,2021-08-02T05:00:00,2021-08-02T07:00:00,3,TREND_DOWN,TREND_DOWN
d575fc7e77111a8c13cd9b9327be548195ed7cc69a8f1e3a0af09ac8ecf90b9b,1677,TREND_DOWN,31396,31397,2021-08-02T08:00:00,2021-08-02T09:00:00,2,VOL_COMPRESSION,VOL_COMPRESSION
6548cf4e0265cf7bd30a4141b24b7e52910c4b0c3d9d8d3b0695e4c117c0f873,1678,VOL_COMPRESSION,31398,31399,2021-08-02T10:00:00,2021-08-02T11:00:00,2,TREND_DOWN,TREND_DOWN
8e790d8d6cd58105a46ef81bb7b5e293c83a67cbca2a4c1a814d9dcfb0b4ff22,1679,TREND_DOWN,31400,31401,2021-08-02T12:00:00,2021-08-02T13:00:00,2,VOL_COMPRESSION,VOL_COMPRESSION
e3c70393c9a45fef2e19ec25073dd6671828e0862eb4575b1eecdde11dd8e3e7,1680,VOL_COMPRESSION,31402,31411,2021-08-02T14:00:00,2021-08-02T23:00:00,10,TREND_DOWN,TREND_DOWN
edf7e4897ae625913d68dda9bd05f9fbdaadd80111bcb8e0fd1539490a9ae621,1681,TREND_DOWN,31412,31418,2021-08-03T00:00:00,2021-08-03T06:00:00,7,VOL_COMPRESSION,VOL_COMPRESSION
92f24366d8c5e32e72e58db8714f1d2b3d4ca8636e9d5aa9c43923d2a7534830,1682,VOL_COMPRESSION,31419,31428,2021-08-03T07:00:00,2021-08-03T16:00:00,10,TREND_DOWN,TREND_DOWN
3ebd487ce9cc1ae33913c6bbb68717c2fbd7f5e0bfa8cb27c87625ae16d99c9f,1683,TREND_DOWN,31429,31431,2021-08-03T17:00:00,2021-08-03T19:00:00,3,VOL_COMPRESSION,VOL_COMPRESSION
6e3b10da981f5b376766f5ea9ba1408aa1b017dcac49e16956e4e1c183be9f55,1684,VOL_COMPRESSION,31432,31472,2021-08-03T20:00:00,2021-08-05T12:00:00,41,TREND_DOWN,TREND_DOWN
9e479cd2dd00c745beba0357495350a72ae3d50a57e58b8929c546615da5b777,1685,TREND_DOWN,31473,31476,2021-08-05T13:00:00,2021-08-05T16:00:00,4,VOL_COMPRESSION,TREND_UP
672de4105cd1fc0d181b9572028d050367433494ba6168fb3380510afea80ce7,1686,TREND_UP,31477,31497,2021-08-05T17:00:00,2021-08-06T13:00:00,21,TREND_DOWN,VOL_COMPRESSION
e2f13bef92999a08a33b30448588f27f78123179fc1345977cbffc400316bbac,1687,VOL_COMPRESSION,31498,31498,2021-08-06T14:00:00,2021-08-06T14:00:00,1,TREND_UP,TREND_UP
4d3be21c1f486f190b9a716b87db8173a7cbfe628433a41770d92019976dd43c,1688,TREND_UP,31499,31515,2021-08-06T15:00:00,2021-08-07T07:00:00,17,VOL_COMPRESSION,VOL_COMPRESSION
bdf856c166eb138af2e336f3d4e1e6c0a492d0a540f51e2357cdcb733775142e,1689,VOL_COMPRESSION,31516,31519,2021-08-07T08:00:00,2021-08-07T11:00:00,4,TREND_UP,TREND_UP
eb5f9edb9088045eedfbbc73726d3d6aa227152e666486dfc49d687ae3cd29ce,1690,TREND_UP,31520,31558,2021-08-07T12:00:00,2021-08-09T02:00:00,39,VOL_COMPRESSION,RANGE
6de5e3fe749350f8e542f9ab9b66f2c783591f7d0fc176be2c09ad3b13958990,1691,RANGE,31559,31560,2021-08-09T03:00:00,2021-08-09T04:00:00,2,TREND_UP,TREND_UP
2b346055e5bf6a806d62ed0866e24e5f0f6834f3f803903678c5cc733111bab6,1692,TREND_UP,31561,31562,2021-08-09T05:00:00,2021-08-09T06:00:00,2,RANGE,VOL_COMPRESSION
afba28b082a0406856ae97d3773296acfcb98b8fbdda0bb44aa7fd022cd1e680,1693,VOL_COMPRESSION,31563,31564,2021-08-09T07:00:00,2021-08-09T08:00:00,2,TREND_UP,TREND_UP
8509b48a60a2b8d41b18f0c169e694e07869dd2d32c01a9681349f0269a8785e,1694,TREND_UP,31565,31584,2021-08-09T09:00:00,2021-08-10T04:00:00,20,VOL_COMPRESSION,VOL_COMPRESSION
4718c0423efe9b9310fdc41ade7bc9f47dc9870a3e8eb43261f8cbfbd6a1b1c7,1695,VOL_COMPRESSION,31585,31591,2021-08-10T05:00:00,2021-08-10T11:00:00,7,TREND_UP,TREND_UP
0dad870bd9efb94c2bdebb6faa390a3063bc607fb318f6b5ab8e7451d45cf824,1696,TREND_UP,31592,31597,2021-08-10T12:00:00,2021-08-10T17:00:00,6,VOL_COMPRESSION,VOL_COMPRESSION
f2fd5186109588509774b26caf310afcc852fc73361df8e2bad035e384e4f920,1697,VOL_COMPRESSION,31598,31767,2021-08-10T18:00:00,2021-08-17T19:00:00,170,TREND_UP,TREND_DOWN
08f5a66e0918afbd5c16ea41537e84ac0c990ade5ba43d9ca6f6a97357aea6aa,1698,TREND_DOWN,31768,31768,2021-08-17T20:00:00,2021-08-17T20:00:00,1,VOL_COMPRESSION,VOL_COMPRESSION
36f0203e9bccd490c64c1e082a2548f27b022f528ec41a855fe93a2c1e72cd87,1699,VOL_COMPRESSION,31769,31772,2021-08-17T21:00:00,2021-08-18T00:00:00,4,TREND_DOWN,TREND_DOWN
5646dfd5578803e9b831b782ef728be2508ae72f441fb6437a87b514933ebf5f,1700,TREND_DOWN,31773,31776,2021-08-18T01:00:00,2021-08-18T04:00:00,4,VOL_COMPRESSION,VOL_COMPRESSION
b64413fab240206c9eef29fc93bf76a4311f6e769243560483b2a681d7859a54,1701,VOL_COMPRESSION,31777,31968,2021-08-18T05:00:00,2021-08-26T04:00:00,192,TREND_DOWN,TREND_DOWN
345d45be34f2361064a4cae868dbcfbaa903df5325678f98d1d78de8be1931ed,1702,TREND_DOWN,31969,31971,2021-08-26T05:00:00,2021-08-26T07:00:00,3,VOL_COMPRESSION,VOL_COMPRESSION
5dfab163dd9abaf981a933e18cf64388ceab440deb79bf9205eea7aabfab4170,1703,VOL_COMPRESSION,31972,32169,2021-08-26T08:00:00,2021-09-03T13:00:00,198,TREND_DOWN,TREND_UP
ab1f6a4c6c42bd70a6873b4af74b194ed3e32241bc859e4a4dc0418b11384493,1704,TREND_UP,32170,32170,2021-09-03T14:00:00,2021-09-03T14:00:00,1,VOL_COMPRESSION,VOL_COMPRESSION
7c0e8d06fa99e9862a106331d9ccc904e1687dc09f24a0090bd0ed0ff99ee8f8,1705,VOL_COMPRESSION,32171,32265,2021-09-03T15:00:00,2021-09-07T13:00:00,95,TREND_UP,TREND_DOWN
11eb1ebe27e2cd28cb755b289dfefa140fb17e64ba6e86e3f07a93d1ea49a36e,1706,TREND_DOWN,32266,32266,2021-09-07T14:00:00,2021-09-07T14:00:00,1,VOL_COMPRESSION,VOL_EXPANSION
f507d16c83277833f2e1caa4917e14c41592de2c9edf89164133ac95679be2bf,1707,VOL_EXPANSION,32267,32271,2021-09-07T15:00:00,2021-09-07T19:00:00,5,TREND_DOWN,TREND_DOWN
ac2d557dd8c3a62404d1a9b9c943832a9477822142d9c5b1a8a3e00e7a7c415d,1708,TREND_DOWN,32272,32304,2021-09-07T20:00:00,2021-09-09T04:00:00,33,VOL_EXPANSION,VOL_COMPRESSION
e94f820c5f7ed51c6b7c5a6bf381a760e83259603ccb59577be2d8b164c0a695,1709,VOL_COMPRESSION,32305,32337,2021-09-09T05:00:00,2021-09-10T13:00:00,33,TREND_DOWN,TREND_DOWN
cf125a383afb593e01c3ea5035126e510e5e831973bfb394166531d8e56a8b7d,1710,TREND_DOWN,32338,32340,2021-09-10T14:00:00,2021-09-10T16:00:00,3,VOL_COMPRESSION,VOL_COMPRESSION
b1baa32ffd3f39274ed75a543718d2e497b203eaa1689f0dcc927e48a63c1db2,1711,VOL_COMPRESSION,32341,32344,2021-09-10T17:00:00,2021-09-10T20:00:00,4,TREND_DOWN,TREND_DOWN
680d303161c61367f9b7ee96892aebfda2b79093619623bdfe0ad27f264ddbca,1712,TREND_DOWN,32345,32349,2021-09-10T21:00:00,2021-09-11T01:00:00,5,VOL_COMPRESSION,VOL_COMPRESSION
efc4cb0a5bca16b78956f9fbe10c0e4e6293807aa9644cdc0f96b6a0cd2c815f,1713,VOL_COMPRESSION,32350,32408,2021-09-11T02:00:00,2021-09-13T12:00:00,59,TREND_DOWN,TREND_DOWN
4c1359b4357c924df70acb1ca0a3908db9ba0b83dc345389dcaf08182c07c88e,1714,TREND_DOWN,32409,32420,2021-09-13T13:00:00,2021-09-14T00:00:00,12,VOL_COMPRESSION,VOL_COMPRESSION
88a71069f09829d85219916a39f6c6e9d48e33a8e0b86654984ae32668cf227a,1715,VOL_COMPRESSION,32421,32565,2021-09-14T01:00:00,2021-09-20T01:00:00,145,TREND_DOWN,TREND_DOWN
e940275d57155282f9c0c664ca7971fc2dbb7a587a5f8d3ae5d0e16819958e25,1716,TREND_DOWN,32566,32568,2021-09-20T02:00:00,2021-09-20T04:00:00,3,VOL_COMPRESSION,VOL_COMPRESSION
9baeca329c538885f8e8ff9a694d0368abc5b03f5ef538d325bafc21ae88a8bd,1717,VOL_COMPRESSION,32569,32570,2021-09-20T05:00:00,2021-09-20T06:00:00,2,TREND_DOWN,TREND_DOWN
04b829b680c83f997cb45505d23816cd8234d1d83d7dddbcdf4dbeec07e233d7,1718,TREND_DOWN,32571,32587,2021-09-20T07:00:00,2021-09-20T23:00:00,17,VOL_COMPRESSION,VOL_EXPANSION
35fcca7eb35bf02bae2f864cdfbd085b763f30706c5ebb6c9fa1f559edabc53c,1719,VOL_EXPANSION,32588,32589,2021-09-21T00:00:00,2021-09-21T01:00:00,2,TREND_DOWN,TREND_DOWN
7206529465965583aad248e0a4be8202e47ac99f9054e0b209e4e33ae235eae1,1720,TREND_DOWN,32590,32608,2021-09-21T02:00:00,2021-09-21T20:00:00,19,VOL_EXPANSION,VOL_EXPANSION
88851fc790593ea26c642440eda771dbe1c243dd3ccc9c88df6bb2bdecd173d3,1721,VOL_EXPANSION,32609,32613,2021-09-21T21:00:00,2021-09-22T01:00:00,5,TREND_DOWN,TREND_DOWN
84845d0ffd5fbc18c7106afa6bb0f73ed46864fc18e9b42ffc8b9b1eb2fd31d6,1722,TREND_DOWN,32614,32630,2021-09-22T02:00:00,2021-09-22T18:00:00,17,VOL_EXPANSION,RANGE
e94f349f7b146591a2875edc78297aa12b17e3ef28db8febf070b09ba415adf5,1723,RANGE,32631,32639,2021-09-22T19:00:00,2021-09-23T03:00:00,9,TREND_DOWN,VOL_COMPRESSION
49333a1dd382518791a9492a7ca7197144b2674d2e4889bcb0533c42c3b67f25,1724,VOL_COMPRESSION,32640,32648,2021-09-23T04:00:00,2021-09-23T12:00:00,9,RANGE,TREND_UP
61b68471a5b7f8e8cde93bbedaced5b63e71a28f492ab63931040d3c02196075,1725,TREND_UP,32649,32649,2021-09-23T13:00:00,2021-09-23T13:00:00,1,VOL_COMPRESSION,VOL_COMPRESSION
43eb9ed2c8d6b9d846d789f068bd38da3508993b98b96d5d17adc54b491b93dc,1726,VOL_COMPRESSION,32650,32652,2021-09-23T14:00:00,2021-09-23T16:00:00,3,TREND_UP,TREND_UP
51021d8c0972c19ba6a8d3ce6b3a8a602de2d9dc6a41cabab3d66d72b8116c0d,1727,TREND_UP,32653,32654,2021-09-23T17:00:00,2021-09-23T18:00:00,2,VOL_COMPRESSION,VOL_COMPRESSION
d674edc62f50135166cc4001ee0548933b7c6e317201f43d7932ca939904be68,1728,VOL_COMPRESSION,32655,32668,2021-09-23T19:00:00,2021-09-24T08:00:00,14,TREND_UP,TREND_UP
cfbb5a06a6bdd127bdb6ae25739e8cc2b23f1c72d837db97a8fb86221ae7cf3a,1729,TREND_UP,32669,32669,2021-09-24T09:00:00,2021-09-24T09:00:00,1,VOL_COMPRESSION,RANGE
2a29f35b6b5142c243c55aa24b6719eadb460a4375a206c141fc4d6185125848,1730,RANGE,32670,32671,2021-09-24T10:00:00,2021-09-24T11:00:00,2,TREND_UP,TREND_DOWN
38763d550e777dc307633e370fcaccfdb9ee41c3351e2834ec051789da3ddd05,1731,TREND_DOWN,32672,32688,2021-09-24T12:00:00,2021-09-25T04:00:00,17,RANGE,VOL_COMPRESSION
4313873b77f0e57a5efe2e57cb1f2c517f132d42e4ddcd41d3d4928fa83afc88,1732,VOL_COMPRESSION,32689,32691,2021-09-25T05:00:00,2021-09-25T07:00:00,3,TREND_DOWN,TREND_DOWN
f26e12337059f88a5a1badbc48daa70f01512ff12393bff44f6c8903ad05ff96,1733,TREND_DOWN,32692,32695,2021-09-25T08:00:00,2021-09-25T11:00:00,4,VOL_COMPRESSION,VOL_COMPRESSION
31643b5c432ad5ec60ce3c0627212162d2c75f640ae16c835a758b324ee36803,1734,VOL_COMPRESSION,32696,32714,2021-09-25T12:00:00,2021-09-26T06:00:00,19,TREND_DOWN,TREND_DOWN
5e5d7fb390930dab234e54d2bdeec0d53336b7eaeff319c16290855fe991b94d,1735,TREND_DOWN,32715,32719,2021-09-26T07:00:00,2021-09-26T11:00:00,5,VOL_COMPRESSION,RANGE
6f83e807dabc4675085db55ee9ac6b0314b295eb799663e0d946770a58867aea,1736,RANGE,32720,32722,2021-09-26T12:00:00,2021-09-26T14:00:00,3,TREND_DOWN,VOL_COMPRESSION
6f836a7989f8b93bbe54f51db018baf9d76973e10ffd141ac20a74d21def98f0,1737,VOL_COMPRESSION,32723,32731,2021-09-26T15:00:00,2021-09-26T23:00:00,9,RANGE,TREND_UP
b1c9bf7c8617d67010563a02385d9349e53ae981502690ce0c675f3d5cdbbdb0,1738,TREND_UP,32732,32735,2021-09-27T00:00:00,2021-09-27T03:00:00,4,VOL_COMPRESSION,VOL_COMPRESSION
aac5d1fdbeab4a8d0f07c0b738101fba1ab7d1b97ebdda560b8dca076acd5227,1739,VOL_COMPRESSION,32736,32754,2021-09-27T04:00:00,2021-09-27T22:00:00,19,TREND_UP,RANGE
a016a485315629f770e3c0bf4eaa523e242703c70be3808aa51cc93da8a31554,1740,RANGE,32755,32755,2021-09-27T23:00:00,2021-09-27T23:00:00,1,VOL_COMPRESSION,TREND_DOWN
fcec3050084b4ac9a62dc9733897855c051a2676e0b54aca62333fdd803a14dd,1741,TREND_DOWN,32756,32757,2021-09-28T00:00:00,2021-09-28T01:00:00,2,RANGE,VOL_COMPRESSION
c58b8de3c7d84e47f4b858803d3def57e42d548246aa92be7a9891cab580ff14,1742,VOL_COMPRESSION,32758,32769,2021-09-28T02:00:00,2021-09-28T13:00:00,12,TREND_DOWN,TREND_DOWN
5365b9ce1399f354b844c979d8ac3d1379e3812faa060c091a171f432950b8b9,1743,TREND_DOWN,32770,32772,2021-09-28T14:00:00,2021-09-28T16:00:00,3,VOL_COMPRESSION,VOL_COMPRESSION
74f8388783b8522f05718103132b967183b21f90ec7583ba39325f95a19b3d76,1744,VOL_COMPRESSION,32773,32779,2021-09-28T17:00:00,2021-09-28T23:00:00,7,TREND_DOWN,TREND_DOWN
713df713ec1d455472ff4bcbfa802d4180d5cb86de0be392a008c3fe749cc4e9,1745,TREND_DOWN,32780,32783,2021-09-29T00:00:00,2021-09-29T03:00:00,4,VOL_COMPRESSION,VOL_COMPRESSION
8a41b400461c8fa28649ea74f8a3ef722795a2414586c2d4b9832bde98373f05,1746,VOL_COMPRESSION,32784,32804,2021-09-29T04:00:00,2021-09-30T00:00:00,21,TREND_DOWN,TREND_DOWN
c9c1e55eb68ddbb88a0e69a7ba3b4d7ec0bd6b02724731713965393e007b33f5,1747,TREND_DOWN,32805,32805,2021-09-30T01:00:00,2021-09-30T01:00:00,1,VOL_COMPRESSION,VOL_COMPRESSION
7732c5e0f5510d6c0b982867d37aa37341924a154c9287c92638965e916ef29d,1748,VOL_COMPRESSION,32806,32806,2021-09-30T02:00:00,2021-09-30T02:00:00,1,TREND_DOWN,RANGE
34982e7cde23b2f6065c5ba00801fef22c81e102b6dd11352856471197cbb123,1749,RANGE,32807,32807,2021-09-30T03:00:00,2021-09-30T03:00:00,1,VOL_COMPRESSION,VOL_COMPRESSION
8dfa85a3fb524df23a787a9a598df60af1efb7aca0495f64d3fc36648495c92c,1750,VOL_COMPRESSION,32808,32823,2021-09-30T04:00:00,2021-09-30T19:00:00,16,RANGE,TREND_UP
7787c2096dd84208704e9360987750a912e93b222e866b106817ddbb7620af3d,1751,TREND_UP,32824,32824,2021-09-30T20:00:00,2021-09-30T20:00:00,1,VOL_COMPRESSION,VOL_COMPRESSION
f8a492f257493bcdf2ccd28c7b951e49ab53e57ee82785b02604944121820d04,1752,VOL_COMPRESSION,32825,32837,2021-09-30T21:00:00,2021-10-01T09:00:00,13,TREND_UP,TREND_UP
bf94b24c2a37a8b00ac26669c84cadf7d328380673057f3dc3e8b483858ca0d4,1753,TREND_UP,32838,32847,2021-10-01T10:00:00,2021-10-01T19:00:00,10,VOL_COMPRESSION,VOL_COMPRESSION
792a9e420c1373429c034fa360111fda3237674407394d54e5859384545fa4c4,1754,VOL_COMPRESSION,32848,32915,2021-10-01T20:00:00,2021-10-04T15:00:00,68,TREND_UP,TREND_UP
4ebdc8ec76c1de1c950dcb8bbf209369722f6f16b54ba7a7a4b4e80423b29288,1755,TREND_UP,32916,32924,2021-10-04T16:00:00,2021-10-05T00:00:00,9,VOL_COMPRESSION,VOL_COMPRESSION
a2b21f5e5cc48f51eb1f96c1898e70827d69eeb30835ae5b19860f75ed5c63de,1756,VOL_COMPRESSION,32925,32959,2021-10-05T01:00:00,2021-10-06T11:00:00,35,TREND_UP,TREND_UP
f10519e4909723802ccfbcfac4f7d8db021acb86e5852b187d9691ef7e4f79c5,1757,TREND_UP,32960,32969,2021-10-06T12:00:00,2021-10-06T21:00:00,10,VOL_COMPRESSION,VOL_COMPRESSION
f9b63fb5335f69e55b3949dc5fbe7e7b857f93fee0f2ca0e5a469fc67492b778,1758,VOL_COMPRESSION,32970,32971,2021-10-06T22:00:00,2021-10-06T23:00:00,2,TREND_UP,TREND_UP
e7b53daf561c70332ef51f0b3d375f232dbd17045a1096090179ba8d897f469a,1759,TREND_UP,32972,32975,2021-10-07T00:00:00,2021-10-07T03:00:00,4,VOL_COMPRESSION,VOL_COMPRESSION
fd34a6c2edb48d11312bad77f6a245191d7fced194489b84a0b7a0ed146a1aa1,1760,VOL_COMPRESSION,32976,32985,2021-10-07T04:00:00,2021-10-07T13:00:00,10,TREND_UP,TREND_UP
003bd5e2c3e418aace15394e7398d3469cfccfc5f7ef3b9f466d5d0d3eaa303e,1761,TREND_UP,32986,32989,2021-10-07T14:00:00,2021-10-07T17:00:00,4,VOL_COMPRESSION,VOL_COMPRESSION
f06ff80c06cfbbf5909d3140f4fdfd157628649a18c8cf272efe425cb3e6ccb1,1762,VOL_COMPRESSION,32990,33008,2021-10-07T18:00:00,2021-10-08T12:00:00,19,TREND_UP,TREND_UP
2a76a6b5cfde8fea0cefae504011372b228117f41505107bffbd4cfc56c1389f,1763,TREND_UP,33009,33009,2021-10-08T13:00:00,2021-10-08T13:00:00,1,VOL_COMPRESSION,VOL_COMPRESSION
1a320e518ed696795679a684fb3bb3624025a0f8e3f065ddffae7ce67c48de66,1764,VOL_COMPRESSION,33010,33010,2021-10-08T14:00:00,2021-10-08T14:00:00,1,TREND_UP,TREND_UP
d10e985ed338fb0286029efc53a0ef2d534e5b7b2bbe82273c394a3b46ddd3a8,1765,TREND_UP,33011,33011,2021-10-08T15:00:00,2021-10-08T15:00:00,1,VOL_COMPRESSION,VOL_COMPRESSION
ce50594b289b2ad41335e4b9e18049a83ad025d88b9c291f3b73d97ea0b93d44,1766,VOL_COMPRESSION,33012,33111,2021-10-08T16:00:00,2021-10-12T19:00:00,100,TREND_UP,RANGE
ed6e2093cc327addd9934f4ba1f02b36a1d1d7e9b260d0926f610db3e13f3255,1767,RANGE,33112,33117,2021-10-12T20:00:00,2021-10-13T01:00:00,6,VOL_COMPRESSION,VOL_COMPRESSION
7fc55d13f624f8ab1c5928d88905a242ab6f5493a77ae381d878ac3c74185c98,1768,VOL_COMPRESSION,33118,33122,2021-10-13T02:00:00,2021-10-13T06:00:00,5,RANGE,TREND_DOWN
7316493d8d9e26938b48de7c4d104ebd8fc7184e3f31512647f248a18a61bd08,1769,TREND_DOWN,33123,33128,2021-10-13T07:00:00,2021-10-13T12:00:00,6,VOL_COMPRESSION,VOL_COMPRESSION
ec653fd7a61638f05086f969d978b95d5ad897cbcb2f31613964820e36dbf154,1770,VOL_COMPRESSION,33129,33129,2021-10-13T13:00:00,2021-10-13T13:00:00,1,TREND_DOWN,TREND_DOWN
5a411c307e8b34e4aecb32aa5352400220c374ee4ffc00c96a80e8ed34932a22,1771,TREND_DOWN,33130,33132,2021-10-13T14:00:00,2021-10-13T16:00:00,3,VOL_COMPRESSION,RANGE
4ac168431b988144ae75f246246580ca29db7fb913fb2b02465e95b59201789a,1772,RANGE,33133,33134,2021-10-13T17:00:00,2021-10-13T18:00:00,2,TREND_DOWN,VOL_COMPRESSION
03628e7d5b3dbd0b0ebae4ea4b0fac989dbc4ff74455d1443ae8d323e0a56bbf,1773,VOL_COMPRESSION,33135,33165,2021-10-13T19:00:00,2021-10-15T01:00:00,31,RANGE,TREND_UP
aa5ab3ab794e0e3096ca10c405bc9b76cfe532c586cd77065c0a7309e43ad4d6,1774,TREND_UP,33166,33168,2021-10-15T02:00:00,2021-10-15T04:00:00,3,VOL_COMPRESSION,VOL_COMPRESSION
c7befbaa8b66a787f0a48a61a1b87cd85cbb2f8228ce6576e5587be0821e98be,1775,VOL_COMPRESSION,33169,33183,2021-10-15T05:00:00,2021-10-15T19:00:00,15,TREND_UP,TREND_UP
8b4cd8a7dda7a80db367fa51fd4cea3864d247f60e962466698580b1f8262451,1776,TREND_UP,33184,33190,2021-10-15T20:00:00,2021-10-16T02:00:00,7,VOL_COMPRESSION,VOL_COMPRESSION
99ad2af1559f978bd0db28840dc604d16e470cb79e12221383708890782647bb,1777,VOL_COMPRESSION,33191,33244,2021-10-16T03:00:00,2021-10-18T08:00:00,54,TREND_UP,TREND_UP
c4e4a4c84ba18b8645df89e899ea62fd94ca35cf1b62cec045ed706c6de099a3,1778,TREND_UP,33245,33255,2021-10-18T09:00:00,2021-10-18T19:00:00,11,VOL_COMPRESSION,VOL_COMPRESSION
5847053594151a6a959302004f96efcbc613ad4f3931041019e6687e4d9f5495,1779,VOL_COMPRESSION,33256,33318,2021-10-18T20:00:00,2021-10-21T10:00:00,63,TREND_UP,TREND_UP
a194f7c4ef0786f1ae3e53fe56d80327ab4abba229c6648397747a911dfee10e,1780,TREND_UP,33319,33322,2021-10-21T11:00:00,2021-10-21T14:00:00,4,VOL_COMPRESSION,RANGE
266731ff0e88c7f69f9f12074118b19c5def2fbc10aa6e2dc3154104d92b51f5,1781,RANGE,33323,33327,2021-10-21T15:00:00,2021-10-21T19:00:00,5,TREND_UP,TREND_DOWN
20b7e64ad360b287e19d8ccc24e237e8c0a9a6b1f9811af383ce2dde0b8632fe,1782,TREND_DOWN,33328,33334,2021-10-21T20:00:00,2021-10-22T02:00:00,7,RANGE,VOL_COMPRESSION
88d80f50872255e8956a8c9f6f88d01c161eb3742b80b8ec194f91a5cd2b3dc8,1783,VOL_COMPRESSION,33335,33345,2021-10-22T03:00:00,2021-10-22T13:00:00,11,TREND_DOWN,TREND_DOWN
efa270084311c58337ad90f280b97260f51af085d1978532267df5619cde1ed4,1784,TREND_DOWN,33346,33354,2021-10-22T14:00:00,2021-10-22T22:00:00,9,VOL_COMPRESSION,VOL_COMPRESSION
9b99695d35c98ca926eb9991681bdca3643a761ca98a99784921b934fe74787b,1785,VOL_COMPRESSION,33355,33459,2021-10-22T23:00:00,2021-10-27T07:00:00,105,TREND_DOWN,TREND_DOWN
c8c85abb597128df21a8d6de0ce93a6ba7c0add5770878fde5267539466175b7,1786,TREND_DOWN,33460,33467,2021-10-27T08:00:00,2021-10-27T15:00:00,8,VOL_COMPRESSION,VOL_COMPRESSION
42378c9f3d4657d571125bdd9b1c9ff09ca750738e537b2bc05715a2f7aa3522,1787,VOL_COMPRESSION,33468,33471,2021-10-27T16:00:00,2021-10-27T19:00:00,4,TREND_DOWN,TREND_DOWN
92fb0dfe5424e7eabcf164e2394f7f6e22035099e25052b354a6aa069e9e8f01,1788,TREND_DOWN,33472,33472,2021-10-27T20:00:00,2021-10-27T20:00:00,1,VOL_COMPRESSION,VOL_COMPRESSION
87022d77fe86396b5826dc41c8cea4dc112121ba47f4f12051077edabaf70dd2,1789,VOL_COMPRESSION,33473,33493,2021-10-27T21:00:00,2021-10-28T17:00:00,21,TREND_DOWN,RANGE
c5413aab8f7d3f7c4ed11d86964087ae94a37fdb1406748e4f23a649810d62b2,1790,RANGE,33494,33494,2021-10-28T18:00:00,2021-10-28T18:00:00,1,VOL_COMPRESSION,TREND_UP
7da9b06c6875009f471b21acc1b85cbb80df8eeff67056a55c0c7d898a509f95,1791,TREND_UP,33495,33509,2021-10-28T19:00:00,2021-10-29T09:00:00,15,RANGE,VOL_COMPRESSION
19b8cd78359f7903270d8d723ec5da06c35564da08113a9498e5d590033e2d6d,1792,VOL_COMPRESSION,33510,33578,2021-10-29T10:00:00,2021-11-01T06:00:00,69,TREND_UP,TREND_DOWN
f38446718b5ae173e584fa3f12e958c7d279045cc81a77ee12a3778550321188,1793,TREND_DOWN,33579,33579,2021-11-01T07:00:00,2021-11-01T07:00:00,1,VOL_COMPRESSION,RANGE
e42116f424935a4586b156f8650d24fc9d296679cb3602cfe976c6f02358a911,1794,RANGE,33580,33580,2021-11-01T08:00:00,2021-11-01T08:00:00,1,TREND_DOWN,VOL_COMPRESSION
b6630bddc5632e686ec3546fcee593815443c1c0d982f7c62266065bf67b7646,1795,VOL_COMPRESSION,33581,33637,2021-11-01T09:00:00,2021-11-03T17:00:00,57,RANGE,RANGE
551e687320a2c1e75ba8d7aca4fcb18140aed4e6966a0e2ca1f796c8dcbb8c62,1796,RANGE,33638,33638,2021-11-03T18:00:00,2021-11-03T18:00:00,1,VOL_COMPRESSION,TREND_UP
c5a6ecf59c55ae1a818a04910a9ea62ef0445a914c29aa343c789d6306d14834,1797,TREND_UP,33639,33640,2021-11-03T19:00:00,2021-11-03T20:00:00,2,RANGE,VOL_COMPRESSION
813fe479eac0d787d8873a9395e28acc56665e0dc8e6cd21d8b7b52e243461f7,1798,VOL_COMPRESSION,33641,33807,2021-11-03T21:00:00,2021-11-10T19:00:00,167,TREND_UP,TREND_UP
85336bfbfe87a37e2e8d51399c359ec2bef88e17692aea13d52858b409ba77fc,1799,TREND_UP,33808,33808,2021-11-10T20:00:00,2021-11-10T20:00:00,1,VOL_COMPRESSION,RANGE
ea57d7384b060155a4d7e40c516ef0cd8d61b4cd4e682a4323f95fe003d34aeb,1800,RANGE,33809,33812,2021-11-10T21:00:00,2021-11-11T00:00:00,4,TREND_UP,TREND_DOWN
a34510a90eb2b274537af416426c995dca6a844e4d31c4132d29b02c84468068,1801,TREND_DOWN,33813,33817,2021-11-11T01:00:00,2021-11-11T05:00:00,5,RANGE,VOL_COMPRESSION
ba7dbbd1710bb98802a4c305eb91ed8e8b973cb848efe698d994977fa94f1118,1802,VOL_COMPRESSION,33818,33933,2021-11-11T06:00:00,2021-11-16T01:00:00,116,TREND_DOWN,TREND_DOWN
cdb23326400cacfa2b1c4ae4f3b9f984a4da5d2efe629000f82c7124f15136d1,1803,TREND_DOWN,33934,33973,2021-11-16T02:00:00,2021-11-17T17:00:00,40,VOL_COMPRESSION,VOL_COMPRESSION
68df75ace0ba3d44bc59665cd255cdcc096dea28b64663876b100ba55b3359c7,1804,VOL_COMPRESSION,33974,33994,2021-11-17T18:00:00,2021-11-18T14:00:00,21,TREND_DOWN,TREND_DOWN
1e9f303a7590015e18a1ee37ac4019cf13c155a5dc6ffb38b6d06f6f772913b7,1805,TREND_DOWN,33995,34015,2021-11-18T15:00:00,2021-11-19T11:00:00,21,VOL_COMPRESSION,VOL_COMPRESSION
196b776f2b3ec4bd1014b0c1e8a64b4a557eb9785429bc1820321765db96b2bd,1806,VOL_COMPRESSION,34016,34016,2021-11-19T12:00:00,2021-11-19T12:00:00,1,TREND_DOWN,TREND_DOWN
68ab08c8cc059c4fa2120ccabd2e574eb2d5792bf1d4c46797d57b7abf434df5,1807,TREND_DOWN,34017,34017,2021-11-19T13:00:00,2021-11-19T13:00:00,1,VOL_COMPRESSION,VOL_COMPRESSION
29a4f2e435120afc6e08f3a28b1f04713a91f51e67154814afb87934b9d5f3de,1808,VOL_COMPRESSION,34018,34088,2021-11-19T14:00:00,2021-11-22T12:00:00,71,TREND_DOWN,TREND_DOWN
be0421d62949b28d1b1abb3e250414751a60e2105e21ebeccd9f5cb3250508a9,1809,TREND_DOWN,34089,34102,2021-11-22T13:00:00,2021-11-23T02:00:00,14,VOL_COMPRESSION,VOL_COMPRESSION
3e33df3407aaca69dda26ff27547ccdcacefe4e702195ac9d0d3469284108ee3,1810,VOL_COMPRESSION,34103,34108,2021-11-23T03:00:00,2021-11-23T08:00:00,6,TREND_DOWN,TREND_DOWN
7017ba048190a7f469fd672f7dbbcf296d3c56be268f23c428205e22a01b9a32,1811,TREND_DOWN,34109,34119,2021-11-23T09:00:00,2021-11-23T19:00:00,11,VOL_COMPRESSION,VOL_COMPRESSION
4f25f666bb27d5fc0e491494f76c23d82fd89da62f45b2642989fdcb95c9626c,1812,VOL_COMPRESSION,34120,34179,2021-11-23T20:00:00,2021-11-26T07:00:00,60,TREND_DOWN,RANGE
56b88e27dd0c26e773cae5348eb58e1f1723645c33c407264fdc62261f231744,1813,RANGE,34180,34180,2021-11-26T08:00:00,2021-11-26T08:00:00,1,VOL_COMPRESSION,TREND_DOWN
03f715343d145a6b0cda809896625265a34c214aef8f175438d546b774c72946,1814,TREND_DOWN,34181,34189,2021-11-26T09:00:00,2021-11-26T17:00:00,9,RANGE,VOL_COMPRESSION
76815008c933edb8a11ef7959823459f2cad252ad1f49be9776926ec596b424f,1815,VOL_COMPRESSION,34190,34195,2021-11-26T18:00:00,2021-11-26T23:00:00,6,TREND_DOWN,TREND_DOWN
9ed9bda94ac81af4bc1aad53c5cb01fe758052bf0b958e3ea1ca98b97d954bcd,1816,TREND_DOWN,34196,34196,2021-11-27T00:00:00,2021-11-27T00:00:00,1,VOL_COMPRESSION,VOL_COMPRESSION
e5199edb3b88f57779359954c81149cc628d72a3606ae5c345ce1c038dcc8e88,1817,VOL_COMPRESSION,34197,34242,2021-11-27T01:00:00,2021-11-28T22:00:00,46,TREND_DOWN,RANGE
0002f7372f7f0bb2cfb9d8f2c917a3260a9ea547378f872db46d62da5a9f0d4a,1818,RANGE,34243,34243,2021-11-28T23:00:00,2021-11-28T23:00:00,1,VOL_COMPRESSION,TREND_UP
0eac3168ebaed4f947e777882804ebeba1f32e953c6546f5eda2f5cba0e7a884,1819,TREND_UP,34244,34246,2021-11-29T00:00:00,2021-11-29T02:00:00,3,RANGE,VOL_COMPRESSION
965e11ab97f36d4d609d64cc759a8fd8a9f50e4bb12469e70bf9f3762cf55c08,1820,VOL_COMPRESSION,34247,34282,2021-11-29T03:00:00,2021-11-30T14:00:00,36,TREND_UP,TREND_UP
26486ffde0df7d548a9f60ed8903462511a54e8e61139110526fb12e4213c27b,1821,TREND_UP,34283,34296,2021-11-30T15:00:00,2021-12-01T04:00:00,14,VOL_COMPRESSION,VOL_COMPRESSION
8c732ad5d696d414ddf0b292b8379943b264e5f56ce66d6bb155135e38099518,1822,VOL_COMPRESSION,34297,34311,2021-12-01T05:00:00,2021-12-01T19:00:00,15,TREND_UP,TREND_UP
ed5db1048c5aeb0618e24d87b097fdf99846dc071a613a8081478d771829b25a,1823,TREND_UP,34312,34312,2021-12-01T20:00:00,2021-12-01T20:00:00,1,VOL_COMPRESSION,VOL_COMPRESSION
51ec77767db785258b7aab4d45f5de9ca28a90604e4b226e2fc36d97ee9e31fd,1824,VOL_COMPRESSION,34313,34331,2021-12-01T21:00:00,2021-12-02T15:00:00,19,TREND_UP,TREND_DOWN
6c183796e394f17b10a7daeed43a783f7694773ba967cec565521fda082c7a50,1825,TREND_DOWN,34332,34332,2021-12-02T16:00:00,2021-12-02T16:00:00,1,VOL_COMPRESSION,VOL_COMPRESSION
d6cc1423d54f83e35ee6e2419e311346fdf7ce2a0075680240b4df46ff3c1269,1826,VOL_COMPRESSION,34333,34358,2021-12-02T17:00:00,2021-12-03T18:00:00,26,TREND_DOWN,TREND_DOWN
379e081335cd381609cae8e0b603225d468fdf646ec82cc6002d2d17a423a35c,1827,TREND_DOWN,34359,34368,2021-12-03T19:00:00,2021-12-04T04:00:00,10,VOL_COMPRESSION,HIGH_VOL
5bb5198588353a490e38112b57ad0298ee6adef78374bcd1d37fbe316e860d69,1828,HIGH_VOL,34369,34371,2021-12-04T05:00:00,2021-12-04T07:00:00,3,TREND_DOWN,VOL_EXPANSION
3a3764337f793f35fb2374dd2ed9d8dcab3631c195eedce42200553b5942f04a,1829,VOL_EXPANSION,34372,34373,2021-12-04T08:00:00,2021-12-04T09:00:00,2,HIGH_VOL,TREND_DOWN
b985b34884e076b14d20b52931c943f30ef67a789ed3a1ce49e6e48c5e360f84,1830,TREND_DOWN,34374,34400,2021-12-04T10:00:00,2021-12-05T12:00:00,27,VOL_EXPANSION,VOL_COMPRESSION
e0c84cd038ecc9958f3c33476576d479fd24b09da11641542a48ce33e02e5f3e,1831,VOL_COMPRESSION,34401,34402,2021-12-05T13:00:00,2021-12-05T14:00:00,2,TREND_DOWN,TREND_DOWN
01cef2ee4b202d0bdb9b154b1bc12b82732ef75031af1881f45855aa236819d8,1832,TREND_DOWN,34403,34415,2021-12-05T15:00:00,2021-12-06T03:00:00,13,VOL_COMPRESSION,VOL_COMPRESSION
c843e249d1ed04b876c4631550261f5aa823139b99f0d0077d0af181aaf8813c,1833,VOL_COMPRESSION,34416,34418,2021-12-06T04:00:00,2021-12-06T06:00:00,3,TREND_DOWN,TREND_DOWN
d1607bc28c3727dbbdc8a17d9ea395ef2453296433858ff86c9923309576fd2a,1834,TREND_DOWN,34419,34433,2021-12-06T07:00:00,2021-12-06T21:00:00,15,VOL_COMPRESSION,RANGE
bc06997741d471d1656794f633d68acc33b4294e413ae30a47b89440aa2e9cb1,1835,RANGE,34434,34438,2021-12-06T22:00:00,2021-12-07T02:00:00,5,TREND_DOWN,TREND_UP
206dc69caa872e3586388e70a0e28ac97ee0248f6fe7742df5bb1050e7fa3a60,1836,TREND_UP,34439,34440,2021-12-07T03:00:00,2021-12-07T04:00:00,2,RANGE,VOL_COMPRESSION
0651ec417701846a34b4f4cf5828af4d47a72a180026b5ffd51c71d9830ce27c,1837,VOL_COMPRESSION,34441,34473,2021-12-07T05:00:00,2021-12-08T13:00:00,33,TREND_UP,TREND_DOWN
d691686666bfe930886a3de9e2aada78e125130d4234d496a8c61fa20750e667,1838,TREND_DOWN,34474,34476,2021-12-08T14:00:00,2021-12-08T16:00:00,3,VOL_COMPRESSION,RANGE
647a00e5ae4cc1ebfdee7910f1b4bcabe8890a7ec55844305047ec8c01325d6a,1839,RANGE,34477,34478,2021-12-08T17:00:00,2021-12-08T18:00:00,2,TREND_DOWN,TREND_UP
e186555753a337a6421df268260ec943c5455d5e0f7fbae17443f1aff3bbb208,1840,TREND_UP,34479,34480,2021-12-08T19:00:00,2021-12-08T20:00:00,2,RANGE,VOL_COMPRESSION
489dd26c747bad0fff50db5138c5e1789b86d517dda36c884c9f4b9b6805cfe4,1841,VOL_COMPRESSION,34481,34481,2021-12-08T21:00:00,2021-12-08T21:00:00,1,TREND_UP,TREND_UP
e81b3611e9bf8844587f1d49bc63547926d6a10449d7b31060e89cecb18e24f3,1842,TREND_UP,34482,34482,2021-12-08T22:00:00,2021-12-08T22:00:00,1,VOL_COMPRESSION,VOL_COMPRESSION
84cc5da28c671276529de0d5e931709f584af528fbdd605eeaa9de72e202b1ad,1843,VOL_COMPRESSION,34483,34491,2021-12-08T23:00:00,2021-12-09T07:00:00,9,TREND_UP,TREND_DOWN
9abe9ef7ad968c44b38aa58f525ce5634db50c6e35f5b9bb66b8e0ad663be1bb,1844,TREND_DOWN,34492,34493,2021-12-09T08:00:00,2021-12-09T09:00:00,2,VOL_COMPRESSION,VOL_COMPRESSION
4c9d947b6a2c22c083ae1a131b9a175e25b09f55cf40d53ff112e91b27f9f43b,1845,VOL_COMPRESSION,34494,34497,2021-12-09T10:00:00,2021-12-09T13:00:00,4,TREND_DOWN,TREND_DOWN
76be0848c4612f9533534a0f3fa4393b90c3e3bc4e63ada936406e01e1f3ad83,1846,TREND_DOWN,34498,34514,2021-12-09T14:00:00,2021-12-10T06:00:00,17,VOL_COMPRESSION,VOL_COMPRESSION
c1d8be760da4240c80b757774af4d96a93386f488ca5971e7b49e28d71133db9,1847,VOL_COMPRESSION,34515,34520,2021-12-10T07:00:00,2021-12-10T12:00:00,6,TREND_DOWN,TREND_DOWN
e4ca96c5588fbe16784d96447b1a67eebde4a502384fa4119c4257cbe690575c,1848,TREND_DOWN,34521,34542,2021-12-10T13:00:00,2021-12-11T10:00:00,22,VOL_COMPRESSION,VOL_COMPRESSION
216b190f12662f452cb04d246dcf1504edbd8da131c36ad9838979f6ce8bce37,1849,VOL_COMPRESSION,34543,34594,2021-12-11T11:00:00,2021-12-13T14:00:00,52,TREND_DOWN,TREND_DOWN
1d81589ee4093c52cdd2113b944a2225872e72e7c3f4e13234d181c20a8abe9d,1850,TREND_DOWN,34595,34608,2021-12-13T15:00:00,2021-12-14T04:00:00,14,VOL_COMPRESSION,VOL_COMPRESSION
1ba26157edf35bf270b95b0bff5ad08481489690d1e65666b3af6f6dd6f050be,1851,VOL_COMPRESSION,34609,34612,2021-12-14T05:00:00,2021-12-14T08:00:00,4,TREND_DOWN,TREND_DOWN
90a3e904dd7772c154b604f7fbdd9e5151c140b1448ca510da21929fda386217,1852,TREND_DOWN,34613,34614,2021-12-14T09:00:00,2021-12-14T10:00:00,2,VOL_COMPRESSION,VOL_COMPRESSION
21f5c80cac0758b4dd7d0a1ffac8cdc51dbd631e089e27d45cf697081418c72e,1853,VOL_COMPRESSION,34615,34616,2021-12-14T11:00:00,2021-12-14T12:00:00,2,TREND_DOWN,TREND_DOWN
b8223e776619107125f46dacac425ce3814486f843a21b967be36c9eb2f055da,1854,TREND_DOWN,34617,34617,2021-12-14T13:00:00,2021-12-14T13:00:00,1,VOL_COMPRESSION,VOL_COMPRESSION
887d001faae0af602b48cca93db0f3df39c0ffa58617a5cf9555773766a19b8b,1855,VOL_COMPRESSION,34618,34618,2021-12-14T14:00:00,2021-12-14T14:00:00,1,TREND_DOWN,TREND_DOWN
5cf1b4f2ef8f6929ec1566f8ed6bd826768bf80786b89ec2f1487523c9189b1c,1856,TREND_DOWN,34619,34626,2021-12-14T15:00:00,2021-12-14T22:00:00,8,VOL_COMPRESSION,RANGE
82d9f6296a3d3326d1934af31087a051ecd9ddfe9989dc7134e6e215b2ca0a58,1857,RANGE,34627,34628,2021-12-14T23:00:00,2021-12-15T00:00:00,2,TREND_DOWN,VOL_COMPRESSION
d3ee72224839e3ba79367b61b9b60b4bf9b51a9c748a341cf5a3ee4e6eae457c,1858,VOL_COMPRESSION,34629,34645,2021-12-15T01:00:00,2021-12-15T17:00:00,17,RANGE,TREND_DOWN
d7f4e0de89ce5b215bc64e8bcbe326a6b72822347a8e0cf3a5a13ba5b844e0cb,1859,TREND_DOWN,34646,34647,2021-12-15T18:00:00,2021-12-15T19:00:00,2,VOL_COMPRESSION,TREND_UP
72b6e51c20ed024fc6c0ff39c60f7cdbd35e008435845aa61eedd5df15f22664,1860,TREND_UP,34648,34653,2021-12-15T20:00:00,2021-12-16T01:00:00,6,TREND_DOWN,VOL_COMPRESSION
ba30c6afa979c5e062dd87d7dbac29e59530924d86b9893845d5c1f2f83c8ba6,1861,VOL_COMPRESSION,34654,34690,2021-12-16T02:00:00,2021-12-17T14:00:00,37,TREND_UP,TREND_DOWN
655b6966f9addc8a22f2fcf855be8b7ccbf0d8d17da2da4f26ce77476dfa1f2b,1862,TREND_DOWN,34691,34708,2021-12-17T15:00:00,2021-12-18T08:00:00,18,VOL_COMPRESSION,VOL_COMPRESSION
d52e6f4250603acc9d2f633641e2dd4d6b162f991ccaf1b98b896a410df04e3c,1863,VOL_COMPRESSION,34709,34748,2021-12-18T09:00:00,2021-12-20T00:00:00,40,TREND_DOWN,TREND_DOWN
380a6a8dc688684eb341e1024188a8b129e7a6c82f2a0d235f6d60b34fcc2547,1864,TREND_DOWN,34749,34749,2021-12-20T01:00:00,2021-12-20T01:00:00,1,VOL_COMPRESSION,VOL_COMPRESSION
83d78e17ad085e80348e65f074db1db35e01d8d3e99ef750d6c9844c05dd9487,1865,VOL_COMPRESSION,34750,34986,2021-12-20T02:00:00,2021-12-29T22:00:00,237,TREND_DOWN,TREND_DOWN
74ba4029651c890b2f0fca72781df0a16da1b48198053e355969b4a03e16612a,1866,TREND_DOWN,34987,34990,2021-12-29T23:00:00,2021-12-30T02:00:00,4,VOL_COMPRESSION,VOL_COMPRESSION
708617d6759c1b66bf410dc9bc8c5aafa06bcad3ef0a4ec5069566233974689b,1867,VOL_COMPRESSION,34991,35030,2021-12-30T03:00:00,2021-12-31T18:00:00,40,TREND_DOWN,TREND_DOWN
f20016787d822c7323ff51c25f855fa64402eb01a58d94f35125894e99cc8840,1868,TREND_DOWN,35031,35033,2021-12-31T19:00:00,2021-12-31T21:00:00,3,VOL_COMPRESSION,VOL_COMPRESSION
2e8233508e56266722ed27f1b882a344acc162e8a8c8af9d4e36640bd90a7110,1869,VOL_COMPRESSION,35034,35126,2021-12-31T22:00:00,2022-01-04T18:00:00,93,TREND_DOWN,TREND_DOWN
810102a7569b8722e5cd0bc7d337d093f362c564fbd1e768adb4097bef69d29b,1870,TREND_DOWN,35127,35128,2022-01-04T19:00:00,2022-01-04T20:00:00,2,VOL_COMPRESSION,VOL_COMPRESSION
fcec675bb54654d2021b1b3cc34bf386e1727a487f41d3a586eaac5a8fdffec6,1871,VOL_COMPRESSION,35129,35150,2022-01-04T21:00:00,2022-01-05T18:00:00,22,TREND_DOWN,TREND_DOWN
787736ff9202f683c1adb12420912132cbdc92096f3d53e4ddd7ee9d46d639ce,1872,TREND_DOWN,35151,35163,2022-01-05T19:00:00,2022-01-06T07:00:00,13,VOL_COMPRESSION,VOL_COMPRESSION
2ba57355e473e9e315773ea6db54f9042ca2087ba38301ae5c97b16af22f4190,1873,VOL_COMPRESSION,35164,35164,2022-01-06T08:00:00,2022-01-06T08:00:00,1,TREND_DOWN,TREND_DOWN
9fdd6c7c3c743702dff9107013681b2a825d93977f16b8a3312ca4153cebcca0,1874,TREND_DOWN,35165,35165,2022-01-06T09:00:00,2022-01-06T09:00:00,1,VOL_COMPRESSION,VOL_COMPRESSION
a187adea36bef7b3c5392713a2af1a5876d7ded803f69f909be51d7feb1b6a62,1875,VOL_COMPRESSION,35166,35183,2022-01-06T10:00:00,2022-01-07T03:00:00,18,TREND_DOWN,TREND_DOWN
0a1e92dcc538a282ba498e765c12852eb6763ee813f502dd9f49c5e6819bb66c,1876,TREND_DOWN,35184,35184,2022-01-07T04:00:00,2022-01-07T04:00:00,1,VOL_COMPRESSION,VOL_COMPRESSION
df1b4f85b67e81a9b71a32a315418bf12cb60a607437eda331a0a8ac80f5dac8,1877,VOL_COMPRESSION,35185,35187,2022-01-07T05:00:00,2022-01-07T07:00:00,3,TREND_DOWN,TREND_DOWN
68146a03fd6fb640c9220e817a5cfb8f7961e001854cd564e49f4ece7f828e77,1878,TREND_DOWN,35188,35191,2022-01-07T08:00:00,2022-01-07T11:00:00,4,VOL_COMPRESSION,VOL_COMPRESSION
dbb0df73362c164b6a49ab5d225f1b2c8b9a2a3eaf7346425665c251ee0b7264,1879,VOL_COMPRESSION,35192,35192,2022-01-07T12:00:00,2022-01-07T12:00:00,1,TREND_DOWN,TREND_DOWN
52caff3971387924be83abce4b9d80d1e481d19f6a2a3bd2efb872337346771e,1880,TREND_DOWN,35193,35205,2022-01-07T13:00:00,2022-01-08T01:00:00,13,VOL_COMPRESSION,VOL_COMPRESSION
4def5d2053223e858bfa520ad5b7a8c5f993c086c634e763c19e481f8714ef00,1881,VOL_COMPRESSION,35206,35224,2022-01-08T02:00:00,2022-01-08T20:00:00,19,TREND_DOWN,TREND_DOWN
f19c8cfa441569c1fdc2ec3c0a9ff626055e4c647f311bc4a2c3b913843e0b15,1882,TREND_DOWN,35225,35228,2022-01-08T21:00:00,2022-01-09T00:00:00,4,VOL_COMPRESSION,VOL_COMPRESSION
ccbc634406c9ef51d4ea0a484f48d788efad72218a86ce97fe1c33a8cf5040e5,1883,VOL_COMPRESSION,35229,35265,2022-01-09T01:00:00,2022-01-10T13:00:00,37,TREND_DOWN,TREND_DOWN
0cac60a8000a50ea5acedc94122a147bdcefa2e4dc08e2e1ee7e13c8b4768ae8,1884,TREND_DOWN,35266,35277,2022-01-10T14:00:00,2022-01-11T01:00:00,12,VOL_COMPRESSION,RANGE
82bb7cdfc4f8ec690bdd5c95e9f8b19fa5cd2d7e7e427fecf5871bdee93a5ca8,1885,RANGE,35278,35278,2022-01-11T02:00:00,2022-01-11T02:00:00,1,TREND_DOWN,VOL_COMPRESSION
4b0e66cb1eef355f1024f068f041f9db3ecae7ff537bd808387a5b1e27dde20a,1886,VOL_COMPRESSION,35279,35291,2022-01-11T03:00:00,2022-01-11T15:00:00,13,RANGE,TREND_UP
230022fa600ac365b1677f7fd88a161366b6fc435e7cde1e0446cf5fdb97dd47,1887,TREND_UP,35292,35296,2022-01-11T16:00:00,2022-01-11T20:00:00,5,VOL_COMPRESSION,VOL_COMPRESSION
5c076b7bb955bea3c66d9df6a5f580e717706ee03e7ea64f40f1d9cab42291e6,1888,VOL_COMPRESSION,35297,35512,2022-01-11T21:00:00,2022-01-20T20:00:00,216,TREND_UP,TREND_UP
4899a07b65e34a4e53abbd1003e74b51683136fbcc28c302e47b75a038093d25,1889,TREND_UP,35513,35513,2022-01-20T21:00:00,2022-01-20T21:00:00,1,VOL_COMPRESSION,RANGE
905091df6857dd4af83dec41a51a092daf2449cb586d28094262595b00dc8167,1890,RANGE,35514,35514,2022-01-20T22:00:00,2022-01-20T22:00:00,1,TREND_UP,TREND_DOWN
3827e4bc88af66ffcf430fecead422834fd425394a29c96435caac5ac93d70bf,1891,TREND_DOWN,35515,35537,2022-01-20T23:00:00,2022-01-21T21:00:00,23,RANGE,VOL_EXPANSION
0123988eab6cf9b16ee74bfb00e3706bf1c33f2b90cb0e347f2a39bd22fdc03f,1892,VOL_EXPANSION,35538,35540,2022-01-21T22:00:00,2022-01-22T00:00:00,3,TREND_DOWN,TREND_DOWN
0a921b52f58b00667f1ac6bef4b775f569493c18b1b6317d3b05fccf8c7ff0fb,1893,TREND_DOWN,35541,35549,2022-01-22T01:00:00,2022-01-22T09:00:00,9,VOL_EXPANSION,VOL_EXPANSION
afcc39a330acaacd49d61a944d34730285d4f6888460f4e8d3e7bca6fd52f74e,1894,VOL_EXPANSION,35550,35551,2022-01-22T10:00:00,2022-01-22T11:00:00,2,TREND_DOWN,TREND_DOWN
b457f94e002e873f9e836d6dbb9d66327b3e96f5c7a4afa6d7bc589fc520e3ea,1895,TREND_DOWN,35552,35576,2022-01-22T12:00:00,2022-01-23T12:00:00,25,VOL_EXPANSION,VOL_COMPRESSION
e28f8b6b28ac4c9746edefa6699da0c1b0273cabfeff33ac8bfff91bd42c9d9b,1896,VOL_COMPRESSION,35577,35577,2022-01-23T13:00:00,2022-01-23T13:00:00,1,TREND_DOWN,TREND_DOWN
0d5b762250fd88fe65cbdc51f4106869a1ebb551e681aa765eb33a8bec02c3e0,1897,TREND_DOWN,35578,35580,2022-01-23T14:00:00,2022-01-23T16:00:00,3,VOL_COMPRESSION,VOL_COMPRESSION
532a00747c030e59f7f77b8b6c960aa8b04f0a6a8df65c3a157491a4bed5823a,1898,VOL_COMPRESSION,35581,35581,2022-01-23T17:00:00,2022-01-23T17:00:00,1,TREND_DOWN,TREND_DOWN
7a870b40cc02f10697aab85e609b08460fc9f77c4c8b409f28df7df0bceb895b,1899,TREND_DOWN,35582,35604,2022-01-23T18:00:00,2022-01-24T16:00:00,23,VOL_COMPRESSION,VOL_EXPANSION
b29441f30b0124b63295f2563a66a3ed1966c6306af9afeed40d01ff1804d4a7,1900,VOL_EXPANSION,35605,35609,2022-01-24T17:00:00,2022-01-24T21:00:00,5,TREND_DOWN,RANGE
dbc032c6cf161bff612a78b197d95273433554674ff69007ba1d15fc4ec1c1b6,1901,RANGE,35610,35614,2022-01-24T22:00:00,2022-01-25T02:00:00,5,VOL_EXPANSION,TREND_UP
a061aa3bbe0539e0c7bccb96665fc7cb6dba2338e1c629d3ca89be5bc55c59d3,1902,TREND_UP,35615,35643,2022-01-25T03:00:00,2022-01-26T07:00:00,29,RANGE,VOL_COMPRESSION
f87a6c9d7860c651019cac32cfff1a2362f25685ac3f5c6434760bca290455c9,1903,VOL_COMPRESSION,35644,35645,2022-01-26T08:00:00,2022-01-26T09:00:00,2,TREND_UP,TREND_UP
c54c5a8c568142dce16eb29b04342542b4a4fab7c567d45e099162150ef11c61,1904,TREND_UP,35646,35647,2022-01-26T10:00:00,2022-01-26T11:00:00,2,VOL_COMPRESSION,VOL_COMPRESSION
9c703ca522ef4bcb161c0315618f811fbba2464da02239b822cdb53dbdc3e348,1905,VOL_COMPRESSION,35648,35648,2022-01-26T12:00:00,2022-01-26T12:00:00,1,TREND_UP,TREND_UP
c0f81c09a252a79261e88874f8caa989b7d3fb04cdedab8d82700208ac642825,1906,TREND_UP,35649,35658,2022-01-26T13:00:00,2022-01-26T22:00:00,10,VOL_COMPRESSION,RANGE
8f3b024d8140fc26c827f9f5803b75fa25b9150ee143cc79c032e9d6af8f5f59,1907,RANGE,35659,35665,2022-01-26T23:00:00,2022-01-27T05:00:00,7,TREND_UP,TREND_DOWN
fb474f934eaafba970836235586863b8905dbe33a4324a2ea0f90bd7c3f1ea8e,1908,TREND_DOWN,35666,35672,2022-01-27T06:00:00,2022-01-27T12:00:00,7,RANGE,VOL_COMPRESSION
5a5dc2f51626463a0b8c035029aff5bd788c56f6c2d4cd35be72f262620c64c7,1909,VOL_COMPRESSION,35673,35673,2022-01-27T13:00:00,2022-01-27T13:00:00,1,TREND_DOWN,TREND_DOWN
594ae86fb45d2f6ac59603ef377a1f335a3bf69631e69226ddcfcad8826bc8f2,1910,TREND_DOWN,35674,35674,2022-01-27T14:00:00,2022-01-27T14:00:00,1,VOL_COMPRESSION,RANGE
79aa2d3e2c2c707b34b70a10bbb5c9a583b33f637280bfb278e4c78c8d66966c,1911,RANGE,35675,35676,2022-01-27T15:00:00,2022-01-27T16:00:00,2,TREND_DOWN,TREND_DOWN
988d8624e68ae87ef996f1195171d817e46738b3d817146b0f96ff81e60b5764,1912,TREND_DOWN,35677,35684,2022-01-27T17:00:00,2022-01-28T00:00:00,8,RANGE,RANGE
b75fcb2eac9677227776fa7224e5133810d8dc0b00a3d2ea63edd6e878e699d2,1913,RANGE,35685,35686,2022-01-28T01:00:00,2022-01-28T02:00:00,2,TREND_DOWN,TREND_UP
8dd9907246a9328744ec1babb0dc2409141ea9ad9a952a80c5ffb8c352d5798f,1914,TREND_UP,35687,35693,2022-01-28T03:00:00,2022-01-28T09:00:00,7,RANGE,RANGE
00136092a10ac17e46b7491316263535457af0e88c67076b7c7a1cda196e4ad1,1915,RANGE,35694,35695,2022-01-28T10:00:00,2022-01-28T11:00:00,2,TREND_UP,TREND_DOWN
9f9b1e5f6927cbd1b29d9ab027e605cf2ff96b8b4bb1c8d7e4b32790169c681a,1916,TREND_DOWN,35696,35696,2022-01-28T12:00:00,2022-01-28T12:00:00,1,RANGE,RANGE
c24ba14f04a9364708c610c0e4e5c2905323bbf01fd8d39772d78edb9fd4343e,1917,RANGE,35697,35698,2022-01-28T13:00:00,2022-01-28T14:00:00,2,TREND_DOWN,TREND_UP
e4e2f4b4769d5d1d995c9b409a5b1b230a08b4ac3dd9aed40ed734b2175b635d,1918,TREND_UP,35699,35706,2022-01-28T15:00:00,2022-01-28T22:00:00,8,RANGE,VOL_COMPRESSION
60cb190bd547440bbd034329c8da3d735a2c3cfc87b8ef9836645e07cd5eec5c,1919,VOL_COMPRESSION,35707,35866,2022-01-28T23:00:00,2022-02-04T14:00:00,160,TREND_UP,TREND_UP
3ddf9a465713f51c56f73a03410673227003c6b9235f267d3eea339cbf54c28a,1920,TREND_UP,35867,35878,2022-02-04T15:00:00,2022-02-05T02:00:00,12,VOL_COMPRESSION,VOL_COMPRESSION
d1e9fce221b612f7569e4e565e7a6bf5798fcb1635aee3bbf9c0c1fcfa1c3e8c,1921,VOL_COMPRESSION,35879,35941,2022-02-05T03:00:00,2022-02-07T17:00:00,63,TREND_UP,TREND_UP
7877c5a45fcc6fb85cfc2e26ecac9e468aeec0effc8281beb7db4929353715b9,1922,TREND_UP,35942,35945,2022-02-07T18:00:00,2022-02-07T21:00:00,4,VOL_COMPRESSION,VOL_COMPRESSION
040b73ba0a8359a378f3a98dd64ad8d7768d86338098d0664737bb7284b70fa3,1923,VOL_COMPRESSION,35946,35955,2022-02-07T22:00:00,2022-02-08T07:00:00,10,TREND_UP,TREND_UP
7e6ab3d0a3022d1d50810e5d5e4b5cdcf52268ddad3bc9e59a79c4eb73682e38,1924,TREND_UP,35956,35966,2022-02-08T08:00:00,2022-02-08T18:00:00,11,VOL_COMPRESSION,RANGE
d7aa44aaf0dfc56a2bfa3031b5ac3c860244b7a5e68041c78e282e2d61e38122,1925,RANGE,35967,35967,2022-02-08T19:00:00,2022-02-08T19:00:00,1,TREND_UP,TREND_UP
bfd996aaa992bf671fad1a0aa7dee7df14bc9aeb3849ffe92ca7510dce38bd6a,1926,TREND_UP,35968,35975,2022-02-08T20:00:00,2022-02-09T03:00:00,8,RANGE,VOL_COMPRESSION
9646fff8a55a14cd744270b32b10fad3a1746196c39e33a1154575b2ab1920c0,1927,VOL_COMPRESSION,35976,36008,2022-02-09T04:00:00,2022-02-10T12:00:00,33,TREND_UP,TREND_UP
2b156b8eb5a4628d8b696a43308271efa296a033c52f9f12310eb3f3ae59e424,1928,TREND_UP,36009,36018,2022-02-10T13:00:00,2022-02-10T22:00:00,10,VOL_COMPRESSION,RANGE
cd843dc8fa4e7b819d8f811e8c47ec9add148e0c9293e8c317b353c168207ffe,1929,RANGE,36019,36023,2022-02-10T23:00:00,2022-02-11T03:00:00,5,TREND_UP,TREND_DOWN
be299a339dcee1b49131ecc971c7a8571154a62e3b514b4e61839094f461aa31,1930,TREND_DOWN,36024,36026,2022-02-11T04:00:00,2022-02-11T06:00:00,3,RANGE,VOL_COMPRESSION
cd2998ebaf7c18459348dab19e5156e546cfb1e0f087d27ad6fd554410bc9abf,1931,VOL_COMPRESSION,36027,36027,2022-02-11T07:00:00,2022-02-11T07:00:00,1,TREND_DOWN,TREND_DOWN
b6ca9fb9baffe646c74b787f5fa20c96753ebb118658002177166f2ad738bf3e,1932,TREND_DOWN,36028,36030,2022-02-11T08:00:00,2022-02-11T10:00:00,3,VOL_COMPRESSION,VOL_COMPRESSION
e8353e93b4bb1c72542c106771f3d58bc979854ba415c6403d843d63f80ce9e3,1933,VOL_COMPRESSION,36031,36038,2022-02-11T11:00:00,2022-02-11T18:00:00,8,TREND_DOWN,TREND_DOWN
d466908f47f74a06f7ef3f3987013e41e5f6c8fea8cda4fae7031dd905e2e9a9,1934,TREND_DOWN,36039,36044,2022-02-11T19:00:00,2022-02-12T00:00:00,6,VOL_COMPRESSION,VOL_COMPRESSION
d0897822f22f9aef47882f2279b84670d50c4965a530da22fc0375c1eefc188d,1935,VOL_COMPRESSION,36045,36181,2022-02-12T01:00:00,2022-02-17T17:00:00,137,TREND_DOWN,TREND_DOWN
af20d8e409e40d1b9d0eccc622888390a6c300cd5a743dea1cccdc74a57d30de,1936,TREND_DOWN,36182,36187,2022-02-17T18:00:00,2022-02-17T23:00:00,6,VOL_COMPRESSION,VOL_COMPRESSION
533520f598ee1362fb5134e1d853b8d9009bcd4f325cacde7ef6447fdd72c2af,1937,VOL_COMPRESSION,36188,36188,2022-02-18T00:00:00,2022-02-18T00:00:00,1,TREND_DOWN,TREND_DOWN
5d11da7ad5a7b91b049ff6f7430bcba160dc1f6901d8a205786264a8486f4b27,1938,TREND_DOWN,36189,36189,2022-02-18T01:00:00,2022-02-18T01:00:00,1,VOL_COMPRESSION,VOL_COMPRESSION
2514a01961437bc92e61cae16d3f080661cec76f2d7e6e4bff113c13368e8c20,1939,VOL_COMPRESSION,36190,36202,2022-02-18T02:00:00,2022-02-18T14:00:00,13,TREND_DOWN,TREND_DOWN
69414c07acaa5bc12f2deea43d06f78a23325141c032a8676135a0bd0a711344,1940,TREND_DOWN,36203,36209,2022-02-18T15:00:00,2022-02-18T21:00:00,7,VOL_COMPRESSION,VOL_COMPRESSION
6dd52d7fcb2dd77f84fdb6bd9f5cb09d3c0affa4edbf9c19aa9d3c0b4ac31dc5,1941,VOL_COMPRESSION,36210,36270,2022-02-18T22:00:00,2022-02-21T10:00:00,61,TREND_DOWN,TREND_DOWN
19560ffc237a13ab600d8777e65144b524d0effcedbdcd52cc00321f5db3839a,1942,TREND_DOWN,36271,36308,2022-02-21T11:00:00,2022-02-23T00:00:00,38,VOL_COMPRESSION,VOL_COMPRESSION
71770cedc0dff1d8d81b9fd80ed36bf5ddd2496947ae888df46fd68dbc0eb446,1943,VOL_COMPRESSION,36309,36309,2022-02-23T01:00:00,2022-02-23T01:00:00,1,TREND_DOWN,TREND_DOWN
e69f58c0700ce131d3f36eec81e2ffcbb9c4503b21bfd0460aaf7b3d0e0f06f1,1944,TREND_DOWN,36310,36310,2022-02-23T02:00:00,2022-02-23T02:00:00,1,VOL_COMPRESSION,VOL_COMPRESSION
fca78890f63abcf3135fffc4c9637738465308deadfd601d1e1740e15a8ea408,1945,VOL_COMPRESSION,36311,36330,2022-02-23T03:00:00,2022-02-23T22:00:00,20,TREND_DOWN,TREND_DOWN
ac0391fbb87bb473745893cc115053dbe6ca5c8d9404908f39d62baa4937c01d,1946,TREND_DOWN,36331,36352,2022-02-23T23:00:00,2022-02-24T20:00:00,22,VOL_COMPRESSION,RANGE
063756439faac6258486d69757836f9efedb73a48d7fc2fd54204598d564635d,1947,RANGE,36353,36357,2022-02-24T21:00:00,2022-02-25T01:00:00,5,TREND_DOWN,TREND_UP
2ecc8a362e65c7fb7972bb8e25cf74176c6bc4d6f3335f2685a998728d85de46,1948,TREND_UP,36358,36384,2022-02-25T02:00:00,2022-02-26T04:00:00,27,RANGE,VOL_COMPRESSION
9f5d5a8e4c0b95e45b4b46eebdd52ea815757944308c344577692b6eb730c049,1949,VOL_COMPRESSION,36385,36387,2022-02-26T05:00:00,2022-02-26T07:00:00,3,TREND_UP,TREND_UP
1b2b041ff9c5458018ded326e6528486d8625b2de3ad17fed6510cfc689a5358,1950,TREND_UP,36388,36388,2022-02-26T08:00:00,2022-02-26T08:00:00,1,VOL_COMPRESSION,VOL_COMPRESSION
d108bff456699fd1831dba1fcc1ef47e149fd84a2d703d004f5e5ca56cbfd43a,1951,VOL_COMPRESSION,36389,36416,2022-02-26T09:00:00,2022-02-27T12:00:00,28,TREND_UP,TREND_UP
52adff25d06676c1ef1e346849173b8524835e8b23f6ef2d8d0ef183af9971d2,1952,TREND_UP,36417,36421,2022-02-27T13:00:00,2022-02-27T17:00:00,5,VOL_COMPRESSION,VOL_COMPRESSION
9d324488463024a552b3e2d0a2082e4cffdab5472c6bce2b7437b921a93c1801,1953,VOL_COMPRESSION,36422,36422,2022-02-27T18:00:00,2022-02-27T18:00:00,1,TREND_UP,RANGE
3b1547009f556dfb9a09aa0f048293ef8db974be223c10d1b1c99fa73700e2c3,1954,RANGE,36423,36424,2022-02-27T19:00:00,2022-02-27T20:00:00,2,VOL_COMPRESSION,TREND_DOWN
6b90680e36359c1f485783360a19ff87511749a87c36c567869e38347b4be07a,1955,TREND_DOWN,36425,36441,2022-02-27T21:00:00,2022-02-28T13:00:00,17,RANGE,RANGE
355665c4c1c4469a258329c06a3617fce97380c7f34db83bf6b118642ab1ae2d,1956,RANGE,36442,36442,2022-02-28T14:00:00,2022-02-28T14:00:00,1,TREND_DOWN,TREND_UP
c3e6dc4ce204ed2b9b49f058cb2d97b5689415b5bae06c50a6b215dc88073680,1957,TREND_UP,36443,36458,2022-02-28T15:00:00,2022-03-01T06:00:00,16,RANGE,VOL_COMPRESSION
3eaaf202e2f8690eed4f1e232da083385ceb51a6e8eb14eb195424366c4c7925,1958,VOL_COMPRESSION,36459,36463,2022-03-01T07:00:00,2022-03-01T11:00:00,5,TREND_UP,TREND_UP
091488185146fbc349727c1891d815608c63f5f05167002c448e1bd73317f840,1959,TREND_UP,36464,36480,2022-03-01T12:00:00,2022-03-02T04:00:00,17,VOL_COMPRESSION,VOL_COMPRESSION
25b593e47a41552a7562f0db38596384a13ea971a0d1b32e83cb31dbd540b1c8,1960,VOL_COMPRESSION,36481,36489,2022-03-02T05:00:00,2022-03-02T13:00:00,9,TREND_UP,TREND_UP
65d2707e8d824a8ce3c3cbed52135913bc09e8419df1a8e8e3aa89fcc810f129,1961,TREND_UP,36490,36498,2022-03-02T14:00:00,2022-03-02T22:00:00,9,VOL_COMPRESSION,VOL_COMPRESSION
6327397a67fcff4134105a45ba3128855a9199a182e6a86091e07cb4cf8309bc,1962,VOL_COMPRESSION,36499,36514,2022-03-02T23:00:00,2022-03-03T14:00:00,16,TREND_UP,TREND_UP
ffe669fb0152d983d3cd27737fdfdd39d6c6c649fff30c70a23d955699049228,1963,TREND_UP,36515,36515,2022-03-03T15:00:00,2022-03-03T15:00:00,1,VOL_COMPRESSION,RANGE
17ebbf699b502a7805fac379b84730c5ba5d88df1d6fe326fcf2eae88ac359d3,1964,RANGE,36516,36518,2022-03-03T16:00:00,2022-03-03T18:00:00,3,TREND_UP,VOL_COMPRESSION
d9ddcb776a9d38d0cd3a4b9fea9e6e7f05d82ed39bbb479a63a86bea8316f6ad,1965,VOL_COMPRESSION,36519,36523,2022-03-03T19:00:00,2022-03-03T23:00:00,5,RANGE,TREND_DOWN
f6ca92efab4f3341a5b737209daaefe4064e206f2943c941e5e994b7846f20c8,1966,TREND_DOWN,36524,36526,2022-03-04T00:00:00,2022-03-04T02:00:00,3,VOL_COMPRESSION,VOL_COMPRESSION
adece3204d7dcefc8f52defb61b2bebb84e6d06f13bb474efd0eb7e375df459e,1967,VOL_COMPRESSION,36527,36537,2022-03-04T03:00:00,2022-03-04T13:00:00,11,TREND_DOWN,TREND_DOWN
9d5ea240b2c740642c35f1a201fd9906fb12535a55546efc6b04f9ab3014a474,1968,TREND_DOWN,36538,36541,2022-03-04T14:00:00,2022-03-04T17:00:00,4,VOL_COMPRESSION,VOL_COMPRESSION
174d9d4d82043dbc50182627bef481bebddd90d8842267a39e9d52e3ba71d10a,1969,VOL_COMPRESSION,36542,36542,2022-03-04T18:00:00,2022-03-04T18:00:00,1,TREND_DOWN,TREND_DOWN
6432da2c4c559688c341ad31557fac09e5fc088cbde19dc14eb6882ee84200ed,1970,TREND_DOWN,36543,36552,2022-03-04T19:00:00,2022-03-05T04:00:00,10,VOL_COMPRESSION,VOL_COMPRESSION
d157aefadab8182cc3747a89c64af3275457e350683ae74b0eec85897f494f12,1971,VOL_COMPRESSION,36553,36594,2022-03-05T05:00:00,2022-03-06T22:00:00,42,TREND_DOWN,TREND_DOWN
38baebe11dcee99b2acfdfbb97ab726f49dc780d94f09509c3a1c49f41c08a82,1972,TREND_DOWN,36595,36596,2022-03-06T23:00:00,2022-03-07T00:00:00,2,VOL_COMPRESSION,VOL_COMPRESSION
9fddbcdf4daf646d183df49b62afe4537495d718a2ee621fb0e5a19ea229cab5,1973,VOL_COMPRESSION,36597,36597,2022-03-07T01:00:00,2022-03-07T01:00:00,1,TREND_DOWN,TREND_DOWN
bd5f8d9a834e6bebc09ee1f25f1c0e3b55dd46c850cf929d8822925ad8239bde,1974,TREND_DOWN,36598,36599,2022-03-07T02:00:00,2022-03-07T03:00:00,2,VOL_COMPRESSION,VOL_COMPRESSION
e948d0a7616daf6c17711e68fa0d1aee8499b8b4f21d50d9e49e3bcfe7bcea0e,1975,VOL_COMPRESSION,36600,36611,2022-03-07T04:00:00,2022-03-07T15:00:00,12,TREND_DOWN,TREND_DOWN
1d941c148a2544756028a0d564c944ff354b6eedde295704e9f93c2fda87c511,1976,TREND_DOWN,36612,36629,2022-03-07T16:00:00,2022-03-08T09:00:00,18,VOL_COMPRESSION,RANGE
d51816df041f2ec89587ec135303d20cf90ffda9284a66bd0a46f7754c589304,1977,RANGE,36630,36635,2022-03-08T10:00:00,2022-03-08T15:00:00,6,TREND_DOWN,TREND_DOWN
e226982ea4f7af26f7778ab0cf5fee30d1783c376cc4d61c5ab050f67a26c291,1978,TREND_DOWN,36636,36636,2022-03-08T16:00:00,2022-03-08T16:00:00,1,RANGE,RANGE
301bca684be077794cfe656dbfdc289b1cf1dba70087eaca92d13f297e366d28,1979,RANGE,36637,36637,2022-03-08T17:00:00,2022-03-08T17:00:00,1,TREND_DOWN,TREND_DOWN
1af7c3729897a9557264956df120135851fcc8cfbb874f942b7cd8d9cefaca54,1980,TREND_DOWN,36638,36642,2022-03-08T18:00:00,2022-03-08T22:00:00,5,RANGE,VOL_COMPRESSION
9191d31ee522ca90b38635f6dde1b46a70a37c739076088fb6627918b3850356,1981,VOL_COMPRESSION,36643,36646,2022-03-08T23:00:00,2022-03-09T02:00:00,4,TREND_DOWN,TREND_UP
01e2434c9777eef3b659c2f937c5eec2c7b7cb693acad8b345ce36cb13f30e62,1982,TREND_UP,36647,36653,2022-03-09T03:00:00,2022-03-09T09:00:00,7,VOL_COMPRESSION,VOL_COMPRESSION
0ce0e10603f5f6ca3f6a3fe193536e52c3b2c801069dbea84d04fcedcaafc0de,1983,VOL_COMPRESSION,36654,36655,2022-03-09T10:00:00,2022-03-09T11:00:00,2,TREND_UP,TREND_UP
dd36d364ba48f8da79009ddc4497398b8be32b62ed0d81fc8b5b3f8071dc50be,1984,TREND_UP,36656,36658,2022-03-09T12:00:00,2022-03-09T14:00:00,3,VOL_COMPRESSION,VOL_COMPRESSION
4e1ae184d1f39c6b86b6271a86c8e040f48f6ea570396c62c4afeeeea82bf9fc,1985,VOL_COMPRESSION,36659,36668,2022-03-09T15:00:00,2022-03-10T00:00:00,10,TREND_UP,TREND_UP
0ca07493aabf6764ca736c74d78d2d003702d3caba6ba0b2fc73f00a3df53b97,1986,TREND_UP,36669,36672,2022-03-10T01:00:00,2022-03-10T04:00:00,4,VOL_COMPRESSION,RANGE
5455089c6487275eb58a36fa1a04cb8bfa84aebcb67a5be0aadd664a9079a0ad,1987,RANGE,36673,36678,2022-03-10T05:00:00,2022-03-10T10:00:00,6,TREND_UP,VOL_COMPRESSION
548d2bfb2f7aea7c12a4f1652a62fa0f3674a052bd11dd90964a228d0169390a,1988,VOL_COMPRESSION,36679,36680,2022-03-10T11:00:00,2022-03-10T12:00:00,2,RANGE,TREND_DOWN
6ca386f1cf3a17651b0d5cb05e5eb645c8939f4704313c1115d8b9c660505d7c,1989,TREND_DOWN,36681,36689,2022-03-10T13:00:00,2022-03-10T21:00:00,9,VOL_COMPRESSION,VOL_COMPRESSION
b8d36ded3b16d4d0b0f43725942988335de17e6fe73acd5f5e9b0c72cb71e1ee,1990,VOL_COMPRESSION,36690,36692,2022-03-10T22:00:00,2022-03-11T00:00:00,3,TREND_DOWN,TREND_DOWN
e1a375615ac8cfd6cab28ba17bd49a7296f5577ae0df951697629e9ff40b37bb,1991,TREND_DOWN,36693,36696,2022-03-11T01:00:00,2022-03-11T04:00:00,4,VOL_COMPRESSION,VOL_COMPRESSION
58292a6631ca56166f32b0661cc633efa4e77a8cc73455283ad70751237084f3,1992,VOL_COMPRESSION,36697,36702,2022-03-11T05:00:00,2022-03-11T10:00:00,6,TREND_DOWN,TREND_DOWN
dc71201472ca7175e660291365a24eb0a49b75f8536ce99ad69f441df79bc90e,1993,TREND_DOWN,36703,36709,2022-03-11T11:00:00,2022-03-11T17:00:00,7,VOL_COMPRESSION,VOL_COMPRESSION
fe12c9c9d31060dcd865e88ffb48c8f004ac177391c3ad5661083d2d95d042c2,1994,VOL_COMPRESSION,36710,36711,2022-03-11T18:00:00,2022-03-11T19:00:00,2,TREND_DOWN,TREND_DOWN
48f93a5c2167fd0f6d1f0cd27fa68ca5974fc4a37f5b7995d57295bb17ca6637,1995,TREND_DOWN,36712,36714,2022-03-11T20:00:00,2022-03-11T22:00:00,3,VOL_COMPRESSION,VOL_COMPRESSION
c132ec53c2d44d0f3361b1ee36bac9e9c5893e84e1e486ea976472813c6f2c4d,1996,VOL_COMPRESSION,36715,36788,2022-03-11T23:00:00,2022-03-15T00:00:00,74,TREND_DOWN,TREND_UP
05d1ccfd7f0f5239d7aba6fda8c8fbbe9a0d5bbe3eb8c427855036f9c7b83eea,1997,TREND_UP,36789,36789,2022-03-15T01:00:00,2022-03-15T01:00:00,1,VOL_COMPRESSION,VOL_COMPRESSION
4f04dbac15a566b987a064e41366c500d90670dacb3817872235a321b5667776,1998,VOL_COMPRESSION,36790,36813,2022-03-15T02:00:00,2022-03-16T01:00:00,24,TREND_UP,TREND_UP
6c03ebfb506a977bcab614cae3a3eb422d7d8bf32c8995ecbc9f0d6ba9eed67c,1999,TREND_UP,36814,36842,2022-03-16T02:00:00,2022-03-17T06:00:00,29,VOL_COMPRESSION,VOL_COMPRESSION
035a5040ecf06ffd11cc2e02fd59f5f265b60a2a4deb98ac003e4153525f78bf,2000,VOL_COMPRESSION,36843,36961,2022-03-17T07:00:00,2022-03-22T05:00:00,119,TREND_UP,TREND_UP
6f0b888cfefbe001c11b8eb039659b9f1078a1813311bac937ef79b942a08033,2001,TREND_UP,36962,36962,2022-03-22T06:00:00,2022-03-22T06:00:00,1,VOL_COMPRESSION,VOL_COMPRESSION
53719e023262786d5b6739a04786cbe9177e16c7a5dacfed1e0fe82ddff314a6,2002,VOL_COMPRESSION,36963,37333,2022-03-22T07:00:00,2022-04-06T17:00:00,371,TREND_UP,TREND_DOWN
d3ec198f85fcf2c95a09ef0fff65ef5d410654816c7a7a0c335865009c7d6a72,2003,TREND_DOWN,37334,37336,2022-04-06T18:00:00,2022-04-06T20:00:00,3,VOL_COMPRESSION,VOL_COMPRESSION
bdb6bbcef9d2f7dde75af85c83a67439ed1036d07e7c5be5f09c7fab62ee7853,2004,VOL_COMPRESSION,37337,37339,2022-04-06T21:00:00,2022-04-06T23:00:00,3,TREND_DOWN,TREND_DOWN
c7da5682c1420ba8aeae3b6278340294ecb5dbe325edf3f58cf22705bc9aa600,2005,TREND_DOWN,37340,37341,2022-04-07T00:00:00,2022-04-07T01:00:00,2,VOL_COMPRESSION,VOL_COMPRESSION
ac83e71812338b254956972a019d73661a11532b72ddc50ebede2012328fd030,2006,VOL_COMPRESSION,37342,37454,2022-04-07T02:00:00,2022-04-11T18:00:00,113,TREND_DOWN,TREND_DOWN
ff6a75917606a6a545594e5736ec84fb728409dbcc416bf6c565ea9ae2711458,2007,TREND_DOWN,37455,37462,2022-04-11T19:00:00,2022-04-12T02:00:00,8,VOL_COMPRESSION,VOL_COMPRESSION
1ce91b2d8212075445f551430b1c81f139ed1018a1e7d78cf03ee476428f652e,2008,VOL_COMPRESSION,37463,37697,2022-04-12T03:00:00,2022-04-21T21:00:00,235,TREND_DOWN,RANGE
1a92d59adced7c950843c23ff2f9c947531bc4c3dd8aa3fbb67b39f89040372f,2009,RANGE,37698,37698,2022-04-21T22:00:00,2022-04-21T22:00:00,1,VOL_COMPRESSION,VOL_COMPRESSION
ea2511d73d15682a5dbb574b7eceeadb2e2198458f05c2c5c4e8d99e0af233bd,2010,VOL_COMPRESSION,37699,37787,2022-04-21T23:00:00,2022-04-25T15:00:00,89,RANGE,TREND_DOWN
b64b4841657f0b697bd68609925746e38412ff713bc34900657717975939f804,2011,TREND_DOWN,37788,37788,2022-04-25T16:00:00,2022-04-25T16:00:00,1,VOL_COMPRESSION,VOL_COMPRESSION
c9571ae26c2cf2fb27070ad566c0c42094a4878d3b13d6d063315c06c64e007c,2012,VOL_COMPRESSION,37789,37789,2022-04-25T17:00:00,2022-04-25T17:00:00,1,TREND_DOWN,TREND_DOWN
0d859a94ddadae898af99eefb20f9fb178fae78676e0c0b37178d658a675336c,2013,TREND_DOWN,37790,37790,2022-04-25T18:00:00,2022-04-25T18:00:00,1,VOL_COMPRESSION,RANGE
d359c1b444854a784e49f8889e9ee45d7116f6edb7172951e494901f6f9ed903,2014,RANGE,37791,37792,2022-04-25T19:00:00,2022-04-25T20:00:00,2,TREND_DOWN,VOL_COMPRESSION
9fff8351829f361d15aaa8eefba1f5c5f01f00f86b459bfa60d0f9ed247003af,2015,VOL_COMPRESSION,37793,37812,2022-04-25T21:00:00,2022-04-26T16:00:00,20,RANGE,TREND_DOWN
3504f7f35f355b6a1eba14244a25b24e657cfdf8311aa5a63cb395b17f412ce8,2016,TREND_DOWN,37813,37813,2022-04-26T17:00:00,2022-04-26T17:00:00,1,VOL_COMPRESSION,VOL_COMPRESSION
d9a2e5f7dce7a59bb449fd120de4e231f3ef5fd7e22600de3e9aaec43e675f0a,2017,VOL_COMPRESSION,37814,37814,2022-04-26T18:00:00,2022-04-26T18:00:00,1,TREND_DOWN,TREND_DOWN
8a5e5278dc6a63a776fb7d5f8647a9e7becb0ff484c00bf64776508de39d391a,2018,TREND_DOWN,37815,37820,2022-04-26T19:00:00,2022-04-27T00:00:00,6,VOL_COMPRESSION,VOL_COMPRESSION
b4f9bb5b2aec42279ec50051056e511fe0a07d7c0ffe0e10d7250a93b62880d7,2019,VOL_COMPRESSION,37821,37833,2022-04-27T01:00:00,2022-04-27T13:00:00,13,TREND_DOWN,TREND_DOWN
8c5c055c16b8074ee82767eb27a42e307aa896bd7da0d77cf3c3ce93ab999955,2020,TREND_DOWN,37834,37835,2022-04-27T14:00:00,2022-04-27T15:00:00,2,VOL_COMPRESSION,VOL_COMPRESSION
25a279127c31005d3b551a01f1ef6a5b92f3ac37cad08628d79ae279da043977,2021,VOL_COMPRESSION,37836,37859,2022-04-27T16:00:00,2022-04-28T15:00:00,24,TREND_DOWN,TREND_UP
ad21df0489ca19fd2712acd0761dd4d8c7e256194f6d2766a2770bd1fdc981a0,2022,TREND_UP,37860,37862,2022-04-28T16:00:00,2022-04-28T18:00:00,3,VOL_COMPRESSION,VOL_COMPRESSION
e04045980e7385f02d2ca363348ee85d2c332a1f11a555241c7ac5f60889b295,2023,VOL_COMPRESSION,37863,38026,2022-04-28T19:00:00,2022-05-05T14:00:00,164,TREND_UP,RANGE
11085bdf90a366d401d0a9aadea0a94a8b544e98cebf16cc13a5763be9a86ac5,2024,RANGE,38027,38028,2022-05-05T15:00:00,2022-05-05T16:00:00,2,VOL_COMPRESSION,TREND_DOWN
a2d2cd8b14eea71a295bc3015ced4ef0f1385ba07d58f720955dd5efe87749f7,2025,TREND_DOWN,38029,38036,2022-05-05T17:00:00,2022-05-06T00:00:00,8,RANGE,VOL_COMPRESSION
da50a3517b36203fa5beda59b52715aa6a75b1fca04ad681f46900c0b13d72d3,2026,VOL_COMPRESSION,38037,38047,2022-05-06T01:00:00,2022-05-06T11:00:00,11,TREND_DOWN,TREND_DOWN
1b3552f41ac7fa683105266637c9b2330e4c53876dfcd893cee25f8b6b7ee425,2027,TREND_DOWN,38048,38054,2022-05-06T12:00:00,2022-05-06T18:00:00,7,VOL_COMPRESSION,VOL_COMPRESSION
9c1a9615c6b03f7c87045070d6dda20f4afa8cbf1c6f760f1b3297e9f1d3fc66,2028,VOL_COMPRESSION,38055,38109,2022-05-06T19:00:00,2022-05-09T01:00:00,55,TREND_DOWN,TREND_DOWN
75010d02cceb7baaa2745d6d589abd877bf2a18ca3b05d7a5d2272cdc39532ce,2029,TREND_DOWN,38110,38111,2022-05-09T02:00:00,2022-05-09T03:00:00,2,VOL_COMPRESSION,VOL_COMPRESSION
95bb5c804cbb7b7dcab8711854c53675c2330fa109255fdb772ff05befad951f,2030,VOL_COMPRESSION,38112,38117,2022-05-09T04:00:00,2022-05-09T09:00:00,6,TREND_DOWN,TREND_DOWN
8ff0f385199179f42d541680c45631dc6405c28148d10b9ea5da9b19d71f2c25,2031,TREND_DOWN,38118,38127,2022-05-09T10:00:00,2022-05-09T19:00:00,10,VOL_COMPRESSION,VOL_EXPANSION
ca65fcb7fe7dcd94541d03b239d3c3c755870a4f97237ab467756357a1b3cfe4,2032,VOL_EXPANSION,38128,38133,2022-05-09T20:00:00,2022-05-10T01:00:00,6,TREND_DOWN,TREND_DOWN
a005216777e76134c1667663921d64ff68e91e5d1be1c7e2028a49d97004276b,2033,TREND_DOWN,38134,38167,2022-05-10T02:00:00,2022-05-11T11:00:00,34,VOL_EXPANSION,VOL_EXPANSION
8e34a1d0e74d5a9f4eac2724fe5a55d537ec1802b9cee06231937ef97536bd42,2034,VOL_EXPANSION,38168,38173,2022-05-11T12:00:00,2022-05-11T17:00:00,6,TREND_DOWN,TREND_DOWN
9f4b486e3ae669de8d6cd14457971d44bcf2903221c600d865e1c0951ef25712,2035,TREND_DOWN,38174,38186,2022-05-11T18:00:00,2022-05-12T06:00:00,13,VOL_EXPANSION,HIGH_VOL
8d3c97e7c67aae4c265277c185923011c5d382f9c29da0c9cb9220b0b4db6e79,2036,HIGH_VOL,38187,38191,2022-05-12T07:00:00,2022-05-12T11:00:00,5,TREND_DOWN,TREND_DOWN
3e401766fa43ae7c84d44cc382e91d2218e33d8060ff9e4a77f17526b931da11,2037,TREND_DOWN,38192,38206,2022-05-12T12:00:00,2022-05-13T02:00:00,15,HIGH_VOL,RANGE
817bbfd6ca4d861cdeabd1836783c99666dc7d8e707a69d7e108d155be89a1fc,2038,RANGE,38207,38215,2022-05-13T03:00:00,2022-05-13T11:00:00,9,TREND_DOWN,TREND_UP
f2351d7a3e814a251d26c4179202ca9f351af8c893c5b27edad2efcdbd35ebd6,2039,TREND_UP,38216,38223,2022-05-13T12:00:00,2022-05-13T19:00:00,8,RANGE,RANGE
746705ba45115ad882c04811eafedd589bc4db11ec06fbf61269b5dfe0ec5e46,2040,RANGE,38224,38224,2022-05-13T20:00:00,2022-05-13T20:00:00,1,TREND_UP,TREND_UP
8f7fbef328353db6c4ae2cee5be7dbbb769af664985cd5a5fffc9fd149d630de,2041,TREND_UP,38225,38226,2022-05-13T21:00:00,2022-05-13T22:00:00,2,RANGE,RANGE
f9f9c57f00cd6a28d4a4d064df594f0122e493543fe017667ef09979116cf754,2042,RANGE,38227,38227,2022-05-13T23:00:00,2022-05-13T23:00:00,1,TREND_UP,TREND_DOWN
d63d9d6940f55107b0559f6b5f727907f8ed54b2214cb631fbf97e0dcaa944e0,2043,TREND_DOWN,38228,38234,2022-05-14T00:00:00,2022-05-14T06:00:00,7,RANGE,VOL_COMPRESSION
58448bef0cef3455d7647dc4bbe77ad1f24aef276b65aa3b4cb838c33383c89f,2044,VOL_COMPRESSION,38235,38239,2022-05-14T07:00:00,2022-05-14T11:00:00,5,TREND_DOWN,TREND_DOWN
5605418270419526db7c4757e108d14d02352fa9ebfe4bf38cf6ccd91dcee3c1,2045,TREND_DOWN,38240,38242,2022-05-14T12:00:00,2022-05-14T14:00:00,3,VOL_COMPRESSION,VOL_COMPRESSION
f2add2be70cb926e9e8c0ddb879e4fc842394c3fe7252f7b385f34f474263466,2046,VOL_COMPRESSION,38243,38243,2022-05-14T15:00:00,2022-05-14T15:00:00,1,TREND_DOWN,TREND_DOWN
2fc041dd9b3f66809f0d1b0d3216dcff4c1a354c1f3c888ccab074f0b5611572,2047,TREND_DOWN,38244,38249,2022-05-14T16:00:00,2022-05-14T21:00:00,6,VOL_COMPRESSION,RANGE
a8012015ff03bfd18839bb80f44c3ad8a443c6b74ebaae57306b58bb984299e1,2048,RANGE,38250,38257,2022-05-14T22:00:00,2022-05-15T05:00:00,8,TREND_DOWN,TREND_UP
ef57db8b7b4d912aac46461debf22fdba2cb6526efed28e60496c2d07f1c1836,2049,TREND_UP,38258,38258,2022-05-15T06:00:00,2022-05-15T06:00:00,1,RANGE,VOL_COMPRESSION
8b0ab4e78c7de4157d5f5fe7e154176e40861198e8e2d66d04d0364ccc10656f,2050,VOL_COMPRESSION,38259,38263,2022-05-15T07:00:00,2022-05-15T11:00:00,5,TREND_UP,TREND_UP
71e803d6477704301d8b13683851357a803664335c6001c44479900e0e5bc341,2051,TREND_UP,38264,38264,2022-05-15T12:00:00,2022-05-15T12:00:00,1,VOL_COMPRESSION,VOL_COMPRESSION
d2c6e623ba70e3f9a6d6e6ef26c9a09b1e24f9bd4334f3eaca18bc31fe8ee7cd,2052,VOL_COMPRESSION,38265,38265,2022-05-15T13:00:00,2022-05-15T13:00:00,1,TREND_UP,TREND_UP
5cd8e756789dc9e6fc8ed052199194ec54d3009406398819029923cff851d5d1,2053,TREND_UP,38266,38267,2022-05-15T14:00:00,2022-05-15T15:00:00,2,VOL_COMPRESSION,VOL_COMPRESSION
41a126a6758735868b0a5467ee5975e5cfd7d85f1d9fecd801df93bd38b48c78,2054,VOL_COMPRESSION,38268,38269,2022-05-15T16:00:00,2022-05-15T17:00:00,2,TREND_UP,TREND_UP
b3ba592da4f1a8e73a3c4781a72e427989d1f324a18967ed86671eb492b655e8,2055,TREND_UP,38270,38270,2022-05-15T18:00:00,2022-05-15T18:00:00,1,VOL_COMPRESSION,VOL_COMPRESSION
290c8aec98df9c3ea052df4e29337946202c2a699aa8fbc024916f7a2daa2bdc,2056,VOL_COMPRESSION,38271,38271,2022-05-15T19:00:00,2022-05-15T19:00:00,1,TREND_UP,TREND_UP
925e88642a391d5ae0c44f6543a6955d15a478c4f810b35a4fc88a6ab153333f,2057,TREND_UP,38272,38280,2022-05-15T20:00:00,2022-05-16T04:00:00,9,VOL_COMPRESSION,VOL_COMPRESSION
423cfdfb6908db6b92af43c70c179954fc71a10072ff095a66236f3abd93344d,2058,VOL_COMPRESSION,38281,38281,2022-05-16T05:00:00,2022-05-16T05:00:00,1,TREND_UP,TREND_UP
4b542bba611a7de1e72098ab41e0123058548262d781ef3b434b21598b298239,2059,TREND_UP,38282,38282,2022-05-16T06:00:00,2022-05-16T06:00:00,1,VOL_COMPRESSION,RANGE
ce9c16780d718a72940505c1e6bb3c3644f6b49a6894542db550d09d39d6a064,2060,RANGE,38283,38291,2022-05-16T07:00:00,2022-05-16T15:00:00,9,TREND_UP,TREND_DOWN
70d5109aa40eda652d53798e5180b1144e02fbb0ece284308ade01875d8256f2,2061,TREND_DOWN,38292,38299,2022-05-16T16:00:00,2022-05-16T23:00:00,8,RANGE,RANGE
cb92bd3b74072e169352fd34a210dbae733e0aa79b5bdcbb65a80ab6eef4cb14,2062,RANGE,38300,38302,2022-05-17T00:00:00,2022-05-17T02:00:00,3,TREND_DOWN,TREND_UP
b6a3ef1eec908472fcc000a3cf7b6b4b3a6dc67b66bd6488b6deda022134d857,2063,TREND_UP,38303,38304,2022-05-17T03:00:00,2022-05-17T04:00:00,2,RANGE,VOL_COMPRESSION
2773678cf215959ce574fe5e1468124f70058f14cacc0e22edaae7b0769c22e2,2064,VOL_COMPRESSION,38305,38317,2022-05-17T05:00:00,2022-05-17T17:00:00,13,TREND_UP,RANGE
4c218ac3e605e786dece0ef753d1c464d1881b77fc64019ddd5de047e0b7acae,2065,RANGE,38318,38320,2022-05-17T18:00:00,2022-05-17T20:00:00,3,VOL_COMPRESSION,TREND_UP
7cf18863fe7a5d7d3e53edb2742b77d62900405c8144acf0bf227fd198ac3170,2066,TREND_UP,38321,38323,2022-05-17T21:00:00,2022-05-17T23:00:00,3,RANGE,VOL_COMPRESSION
985f3c9abb98f19d51d5283b9d20e6c1872dafd57aa91c76d79895e77f440a0a,2067,VOL_COMPRESSION,38324,38324,2022-05-18T00:00:00,2022-05-18T00:00:00,1,TREND_UP,TREND_UP
99eca8e2a68cc575eb8e0f8a8fb8ece32cda9fae363dbfc14d08d752493fc1d0,2068,TREND_UP,38325,38325,2022-05-18T01:00:00,2022-05-18T01:00:00,1,VOL_COMPRESSION,VOL_COMPRESSION
878668410e59131cfd483044a9df2eeb15a7354ea5feae9f5da539e56397e8a4,2069,VOL_COMPRESSION,38326,38326,2022-05-18T02:00:00,2022-05-18T02:00:00,1,TREND_UP,TREND_UP
41182dd45c6c8200cbcc313bd0ec1c9d4f2077770c8603d1ca423a818ebd57d1,2070,TREND_UP,38327,38327,2022-05-18T03:00:00,2022-05-18T03:00:00,1,VOL_COMPRESSION,VOL_COMPRESSION
c5aeeeb36845800d62fa5f41d9bf98f8d8ae110879411c3068118825fffacd46,2071,VOL_COMPRESSION,38328,38339,2022-05-18T04:00:00,2022-05-18T15:00:00,12,TREND_UP,TREND_DOWN
3199401a6b3c3e0693eeed25a056aa87c4aa0b2933f90b5e9e245b663dc57b07,2072,TREND_DOWN,38340,38344,2022-05-18T16:00:00,2022-05-18T20:00:00,5,VOL_COMPRESSION,VOL_COMPRESSION
940f380ea413e4fbaa0442ac244f3603dbb8e3db2b09af0f6c5e1e3d3a34db16,2073,VOL_COMPRESSION,38345,38345,2022-05-18T21:00:00,2022-05-18T21:00:00,1,TREND_DOWN,TREND_DOWN
876ff66f5432b9fc5439a0e57728de5258166af1bf18860e2b50eeca3a8094c9,2074,TREND_DOWN,38346,38352,2022-05-18T22:00:00,2022-05-19T04:00:00,7,VOL_COMPRESSION,VOL_COMPRESSION
951cf20079cd7020d8e7dfe44196cd7da1c04d07fc2144972a29344e788625c1,2075,VOL_COMPRESSION,38353,38362,2022-05-19T05:00:00,2022-05-19T14:00:00,10,TREND_DOWN,RANGE
2da12a7f8342349665b21671628d47b71302ba0f5d0b0977b777bf967138e099,2076,RANGE,38363,38366,2022-05-19T15:00:00,2022-05-19T18:00:00,4,VOL_COMPRESSION,TREND_UP
db67c9cfd32ee732191eea98b1b87d8672436617ff439be0e2e15071c11a7a97,2077,TREND_UP,38367,38368,2022-05-19T19:00:00,2022-05-19T20:00:00,2,RANGE,VOL_COMPRESSION
6f6f4bf3bcc41f4457f2f4aed68cbc71642f8b4b6a1e5067f8f0b847b3febbe5,2078,VOL_COMPRESSION,38369,38385,2022-05-19T21:00:00,2022-05-20T13:00:00,17,TREND_UP,TREND_UP
84b71aad914d4bc73683940b930d84ecd538e2bfa14313a1d4a7ad94874ac205,2079,TREND_UP,38386,38387,2022-05-20T14:00:00,2022-05-20T15:00:00,2,VOL_COMPRESSION,RANGE
85199ee4cfad1b1ef620090943899dfdb6d513876237feb86005ac4f1017e403,2080,RANGE,38388,38388,2022-05-20T16:00:00,2022-05-20T16:00:00,1,TREND_UP,TREND_DOWN
00b15b8b688413459c353ce331fe8c99f0186268d6b96dd50be4fd8ba0c2c271,2081,TREND_DOWN,38389,38392,2022-05-20T17:00:00,2022-05-20T20:00:00,4,RANGE,VOL_COMPRESSION
22f7626465638a4bf4939d76536c2f9311016bde88611652990dca62df3f6a4a,2082,VOL_COMPRESSION,38393,38462,2022-05-20T21:00:00,2022-05-23T18:00:00,70,TREND_DOWN,RANGE
9dfbab38b0885a18f6a41df2ac34cc587e3c2df39fdd1c5c095707afb2534ea7,2083,RANGE,38463,38464,2022-05-23T19:00:00,2022-05-23T20:00:00,2,VOL_COMPRESSION,VOL_COMPRESSION
eda2b814451533732c0d74ac858c36e1887bc07dc872a39b7f5188ed66921ca5,2084,VOL_COMPRESSION,38465,38528,2022-05-23T21:00:00,2022-05-26T12:00:00,64,RANGE,TREND_DOWN
11ee2479789d90d8baca34644430ee7a628a20547b2b15dced9322b9e5d08005,2085,TREND_DOWN,38529,38533,2022-05-26T13:00:00,2022-05-26T17:00:00,5,VOL_COMPRESSION,VOL_COMPRESSION
21b8cf0fb5b50ba8683a886dfb8962ad0c29819ea84220b3746464bb497a4825,2086,VOL_COMPRESSION,38534,38553,2022-05-26T18:00:00,2022-05-27T13:00:00,20,TREND_DOWN,TREND_DOWN
bfe91a95157244ede78da4fbde7a8069e11bd703d0aad054d2bac33feda3b1d1,2087,TREND_DOWN,38554,38555,2022-05-27T14:00:00,2022-05-27T15:00:00,2,VOL_COMPRESSION,VOL_COMPRESSION
6754c9f6fe68f6bb1a3b13aa8c7589ca26b57761f091e01b136ad5f4deb1f2ba,2088,VOL_COMPRESSION,38556,38556,2022-05-27T16:00:00,2022-05-27T16:00:00,1,TREND_DOWN,TREND_DOWN
643278460dc42600604b6cfbd1c425a8abd1f54861b4aac9b32a58c1dfb6e511,2089,TREND_DOWN,38557,38561,2022-05-27T17:00:00,2022-05-27T21:00:00,5,VOL_COMPRESSION,VOL_COMPRESSION
7c9f0f39f4822fbb0e60ba4adc4b5d2db2a05e331534ee216d724dfffd43de4a,2090,VOL_COMPRESSION,38562,38632,2022-05-27T22:00:00,2022-05-30T20:00:00,71,TREND_DOWN,TREND_UP
7ca3a88ee2d1bd03c8d51c31d76b54588198bffbfc20822e437933e52ca6856a,2091,TREND_UP,38633,38636,2022-05-30T21:00:00,2022-05-31T00:00:00,4,VOL_COMPRESSION,VOL_COMPRESSION
d4190eef9e5b2058b0fe0fac5ac4ea7301b91be6e47a04421aebfa0eeb1415f6,2092,VOL_COMPRESSION,38637,38651,2022-05-31T01:00:00,2022-05-31T15:00:00,15,TREND_UP,TREND_UP
2499f153652f119c2daff5e6b2c02ba39808d0a3db50980084d28f71d0a77d50,2093,TREND_UP,38652,38652,2022-05-31T16:00:00,2022-05-31T16:00:00,1,VOL_COMPRESSION,VOL_COMPRESSION
e2ed6f3cbf33d720876c3854982df9cf6295469353f09439016a8462a25159a9,2094,VOL_COMPRESSION,38653,38653,2022-05-31T17:00:00,2022-05-31T17:00:00,1,TREND_UP,TREND_UP
c89d2a3e5e561a468efea56cb400521595ec7586555605278e71f22e377c6fe0,2095,TREND_UP,38654,38655,2022-05-31T18:00:00,2022-05-31T19:00:00,2,VOL_COMPRESSION,VOL_COMPRESSION
feeef265a841cd3e7b97290b20eee144bba07252636a1f9ef4b52b20320bba45,2096,VOL_COMPRESSION,38656,38676,2022-05-31T20:00:00,2022-06-01T16:00:00,21,TREND_UP,RANGE
6b587e3b0a3e58196b465361bcbe3ac029665b058cdb5b5d850d822068372886,2097,RANGE,38677,38678,2022-06-01T17:00:00,2022-06-01T18:00:00,2,VOL_COMPRESSION,TREND_DOWN
a09819dc972ac4675e38924cfeae931a2c2bc24cde294bd0d92cdf79013466bb,2098,TREND_DOWN,38679,38684,2022-06-01T19:00:00,2022-06-02T00:00:00,6,RANGE,VOL_COMPRESSION
f0f529c9a779b30fe7f22749e91960a6b2de65052f4ff242a38d561bd9838388,2099,VOL_COMPRESSION,38685,38803,2022-06-02T01:00:00,2022-06-06T23:00:00,119,TREND_DOWN,TREND_UP
9062c4e76cea0ee948b9a92bc3920575bf437e75536cfeb291e1fbffcc96f756,2100,TREND_UP,38804,38805,2022-06-07T00:00:00,2022-06-07T01:00:00,2,VOL_COMPRESSION,RANGE
f2b841c76da1d953561c837ee560ee1efa60e669b881f49691a78a06e84f8831,2101,RANGE,38806,38809,2022-06-07T02:00:00,2022-06-07T05:00:00,4,TREND_UP,VOL_COMPRESSION
cce3749b262bd19bf1797555ed6a37f2a4513cdcbaff4f225d4990ea82e29018,2102,VOL_COMPRESSION,38810,38822,2022-06-07T06:00:00,2022-06-07T18:00:00,13,RANGE,TREND_DOWN
308fca799a7525e7a37f79d1cb58f0432f58568d01dff78ee18d9e428dedaa4c,2103,TREND_DOWN,38823,38823,2022-06-07T19:00:00,2022-06-07T19:00:00,1,VOL_COMPRESSION,RANGE
785ea4e2fe199a411b2c3b776d447769a42b85654b5108e74a8ea6f13708c88b,2104,RANGE,38824,38825,2022-06-07T20:00:00,2022-06-07T21:00:00,2,TREND_DOWN,TREND_UP
1020f0e6c60d2dc869ed3574a78f5569cbc99e24e9d68772007678a004dac184,2105,TREND_UP,38826,38834,2022-06-07T22:00:00,2022-06-08T06:00:00,9,RANGE,RANGE
4f9fa7050cc5079d24c01b0df152bd27eb4f18e820c6baeb3a7b3a7a7a8a3094,2106,RANGE,38835,38835,2022-06-08T07:00:00,2022-06-08T07:00:00,1,TREND_UP,TREND_UP
e650307c4921830f32e355ba3c5b68b0d8681365e046b75241734d92dda77c5a,2107,TREND_UP,38836,38838,2022-06-08T08:00:00,2022-06-08T10:00:00,3,RANGE,VOL_COMPRESSION
92b96608d09c4486a6547ebda9746fd986e8774779ccf160b7d20d1a1d45da50,2108,VOL_COMPRESSION,38839,38840,2022-06-08T11:00:00,2022-06-08T12:00:00,2,TREND_UP,RANGE
fc8c7bbbea9ffdc2ff32e0d4de2b8d35bfa7565d3594c05986e1c108235e0c05,2109,RANGE,38841,38844,2022-06-08T13:00:00,2022-06-08T16:00:00,4,VOL_COMPRESSION,VOL_COMPRESSION
aa38ede3c0616426693f31ea485be47887d49313089d6f37cef8f8b862ec0564,2110,VOL_COMPRESSION,38845,38845,2022-06-08T17:00:00,2022-06-08T17:00:00,1,RANGE,RANGE
7b601e3f281353e678a4f4019883c75ad8c39f80b188dff67772e344255e1b68,2111,RANGE,38846,38846,2022-06-08T18:00:00,2022-06-08T18:00:00,1,VOL_COMPRESSION,TREND_DOWN
8d07e2438a448db27542d2ae05ea2e377fb2deadfd5c8d95e0d73a191e5e5d03,2112,TREND_DOWN,38847,38847,2022-06-08T19:00:00,2022-06-08T19:00:00,1,RANGE,VOL_COMPRESSION
7f99c24fa5f42a3c36fe6c31066a369e8e323a1a2b806fceed4ceb209dad9bcc,2113,VOL_COMPRESSION,38848,38925,2022-06-08T20:00:00,2022-06-12T01:00:00,78,TREND_DOWN,TREND_DOWN
ca78f77e193a0d342e37eb5f7cbe4b0010cbdbaf56edb51b809610893a35dadc,2114,TREND_DOWN,38926,38931,2022-06-12T02:00:00,2022-06-12T07:00:00,6,VOL_COMPRESSION,VOL_COMPRESSION
fd8dd7db5baa2e79258e31d354168ae93089d5df8db56050994c133d66122df3,2115,VOL_COMPRESSION,38932,38937,2022-06-12T08:00:00,2022-06-12T13:00:00,6,TREND_DOWN,TREND_DOWN
3a3e86d2b5468a0c684704029d0f54955b7b8f62f67b994a61e371e044b3f1db,2116,TREND_DOWN,38938,38954,2022-06-12T14:00:00,2022-06-13T06:00:00,17,VOL_COMPRESSION,VOL_EXPANSION
75440a74a3ad6870ec95e97aaae5b2f6b9b0467b0d14d7e4ecb184141cbe4cb5,2117,VOL_EXPANSION,38955,38959,2022-06-13T07:00:00,2022-06-13T11:00:00,5,TREND_DOWN,TREND_DOWN
c922b088b6bbae233b483f4727d8e6cc4457d02bb481fe27bac3f04f1a9d7b0a,2118,TREND_DOWN,38960,38962,2022-06-13T12:00:00,2022-06-13T14:00:00,3,VOL_EXPANSION,VOL_EXPANSION
ebc67c268817e4a3af989fed1be1c3b4f4515cb851f360bc58caa1cc6692a36a,2119,VOL_EXPANSION,38963,38966,2022-06-13T15:00:00,2022-06-13T18:00:00,4,TREND_DOWN,TREND_DOWN
4243c55ed020bfb77355bd3f8a930911a47014dae5037bad08912fc74e9b3a65,2120,TREND_DOWN,38967,38972,2022-06-13T19:00:00,2022-06-14T00:00:00,6,VOL_EXPANSION,VOL_EXPANSION
fdac6049b18c2227d3acbd55c58424d633199ecd79b562a674996917bc04d147,2121,VOL_EXPANSION,38973,38978,2022-06-14T01:00:00,2022-06-14T06:00:00,6,TREND_DOWN,TREND_DOWN
31e37c4840fd2b288ee3a2a0d26bc0860c347310d9e38ba046d3cf544f6f0866,2122,TREND_DOWN,38979,39002,2022-06-14T07:00:00,2022-06-15T06:00:00,24,VOL_EXPANSION,VOL_EXPANSION
1872a9f3e54a72be40cb74ae247cd416acaee618306c12736b6f2d30f249a00c,2123,VOL_EXPANSION,39003,39004,2022-06-15T07:00:00,2022-06-15T08:00:00,2,TREND_DOWN,TREND_DOWN
b776cf1a3f17564f60fae2a688b22a5aac355325a6f3321c16e87bdfe6a21a8f,2124,TREND_DOWN,39005,39006,2022-06-15T09:00:00,2022-06-15T10:00:00,2,VOL_EXPANSION,VOL_EXPANSION
02eb7e19820a513eb0e0b42ba5aaccfddef7c809f7ed514188de70f62a4851a2,2125,VOL_EXPANSION,39007,39007,2022-06-15T11:00:00,2022-06-15T11:00:00,1,TREND_DOWN,TREND_DOWN
e875144a0c801d6f9dc523c892d58b8ce362082696317bdd34430bde8358a0f7,2126,TREND_DOWN,39008,39009,2022-06-15T12:00:00,2022-06-15T13:00:00,2,VOL_EXPANSION,VOL_EXPANSION
db2931da8bba3040f473e33a32612e198b1f9c857d5db42ec2ac9f6a28f35740,2127,VOL_EXPANSION,39010,39010,2022-06-15T14:00:00,2022-06-15T14:00:00,1,TREND_DOWN,TREND_DOWN
eda0a879fb77dbbcd39f0f8b6cd9fb61ae52f991c0e5df2231cbeff854cd066b,2128,TREND_DOWN,39011,39012,2022-06-15T15:00:00,2022-06-15T16:00:00,2,VOL_EXPANSION,VOL_EXPANSION
6da77333a90fbd4274bdd30808f1296ed69545a8da72768404ad836b603b00f4,2129,VOL_EXPANSION,39013,39013,2022-06-15T17:00:00,2022-06-15T17:00:00,1,TREND_DOWN,HIGH_VOL
08673ece77f6108e2990fb05ab81963dba985f88a921201d5a85237737af2457,2130,HIGH_VOL,39014,39014,2022-06-15T18:00:00,2022-06-15T18:00:00,1,VOL_EXPANSION,VOL_EXPANSION
a20051f1351419b46d9251203c96789ef7fc36dfbab7067c023d7380b1230b99,2131,VOL_EXPANSION,39015,39018,2022-06-15T19:00:00,2022-06-15T22:00:00,4,HIGH_VOL,TREND_DOWN
ec3d1759389e7fd41485e32cd1441102432cb3be1369b8a4fe52e7a5e82f4247,2132,TREND_DOWN,39019,39020,2022-06-15T23:00:00,2022-06-16T00:00:00,2,VOL_EXPANSION,RANGE
7a5235761b61178e117d58c051441dabd1fa4867e504b245ffb221b82fe31070,2133,RANGE,39021,39023,2022-06-16T01:00:00,2022-06-16T03:00:00,3,TREND_DOWN,TREND_DOWN
e76b06b5914aa43d0950855607f51ce97c1128f078350c63fd397cd46b0c6500,2134,TREND_DOWN,39024,39066,2022-06-16T04:00:00,2022-06-17T22:00:00,43,RANGE,VOL_COMPRESSION
8017652e351ee203affaace020d689c30483211c7d13effd6792e5b446bd1cda,2135,VOL_COMPRESSION,39067,39067,2022-06-17T23:00:00,2022-06-17T23:00:00,1,TREND_DOWN,TREND_DOWN
94f0ec69bb1fb216c9a8a84189a506b77e39f28fe784cf7d8eab139aac6eae05,2136,TREND_DOWN,39068,39069,2022-06-18T00:00:00,2022-06-18T01:00:00,2,VOL_COMPRESSION,VOL_COMPRESSION
e8e8c9a651b23f994cc707a578e05fd69205993ff4b71717a1900155e6bd2205,2137,VOL_COMPRESSION,39070,39073,2022-06-18T02:00:00,2022-06-18T05:00:00,4,TREND_DOWN,TREND_DOWN
4cd988f4c3c0f9057d2d79b201b6f57e27700df8d7a895437d43fdb943f897c2,2138,TREND_DOWN,39074,39088,2022-06-18T06:00:00,2022-06-18T20:00:00,15,VOL_COMPRESSION,VOL_EXPANSION
2bf59267077d0e9aa6f87a51dc728609a839ba78eba97802f8369c81db6e4053,2139,VOL_EXPANSION,39089,39093,2022-06-18T21:00:00,2022-06-19T01:00:00,5,TREND_DOWN,TREND_DOWN
9b1f2f22658938f8f249695d09a936d1f9528e6d43d96f1fae6d62d235d56506,2140,TREND_DOWN,39094,39101,2022-06-19T02:00:00,2022-06-19T09:00:00,8,VOL_EXPANSION,VOL_EXPANSION
60af9bb079a3cc4fa17c32eb03615ba2b981a4460fd24f7e1740e74e933d28ca,2141,VOL_EXPANSION,39102,39105,2022-06-19T10:00:00,2022-06-19T13:00:00,4,TREND_DOWN,TREND_DOWN
977f772b3e067c5e1caaff74310c47beae1ad9ac2b6d3dce9a134d53c6296e52,2142,TREND_DOWN,39106,39109,2022-06-19T14:00:00,2022-06-19T17:00:00,4,VOL_EXPANSION,RANGE
47f7252415d490db21c353b98438151e45b7e524b5bf88dd24e876b0ebf8f16b,2143,RANGE,39110,39114,2022-06-19T18:00:00,2022-06-19T22:00:00,5,TREND_DOWN,TREND_UP
a81cd278b6a9016d8cbfe09a0e2ad29fa6dd53bcd276ed030495de2cd9002d0c,2144,TREND_UP,39115,39165,2022-06-19T23:00:00,2022-06-22T01:00:00,51,RANGE,RANGE
b37db95a5d4e7395453ca44ce6bda79ac6ac3c1caf39387dc613830027cfa4d8,2145,RANGE,39166,39175,2022-06-22T02:00:00,2022-06-22T11:00:00,10,TREND_UP,TREND_DOWN
476c4cc36c5a3568c5d4ec81417d639a4ce6062a6a02350a58e841f2f9d3723d,2146,TREND_DOWN,39176,39176,2022-06-22T12:00:00,2022-06-22T12:00:00,1,RANGE,RANGE
6d13d1fc5afa341be0c3ccba5cbe28ac2fcd05902d2dc68266d2273add2da9bc,2147,RANGE,39177,39178,2022-06-22T13:00:00,2022-06-22T14:00:00,2,TREND_DOWN,TREND_DOWN
e43f2793f7ac2a301decc9d263b1c8b497ba828d1111c42c996b10087af419ae,2148,TREND_DOWN,39179,39195,2022-06-22T15:00:00,2022-06-23T07:00:00,17,RANGE,RANGE
0fcc8ce49a0bbfab9622208ef07c9b9e0e7eae9e1e7f331d135ec1fdc348c863,2149,RANGE,39196,39198,2022-06-23T08:00:00,2022-06-23T10:00:00,3,TREND_DOWN,VOL_COMPRESSION
cf54507921b887047c5155cf057ee849356ecc98db1610b7334ff1fc61dbbcee,2150,VOL_COMPRESSION,39199,39199,2022-06-23T11:00:00,2022-06-23T11:00:00,1,RANGE,TREND_UP
25d1679d00d623317493843654f19be5176913febee3d700d5fef92d1c159056,2151,TREND_UP,39200,39203,2022-06-23T12:00:00,2022-06-23T15:00:00,4,VOL_COMPRESSION,RANGE
88f29e927ba6568481e20bcbf32313644ad4b7674a735e817c3dafa3c9f8bbb5,2152,RANGE,39204,39204,2022-06-23T16:00:00,2022-06-23T16:00:00,1,TREND_UP,TREND_DOWN
6f778c3ceb8e7252ab6a9d5588075dba3d9bf1c630098a9dc9f16428038e12e5,2153,TREND_DOWN,39205,39205,2022-06-23T17:00:00,2022-06-23T17:00:00,1,RANGE,VOL_COMPRESSION
714b52834c7f67c0b637e5fcd6971eb50dd79f56f3427396b56f7771249c8b75,2154,VOL_COMPRESSION,39206,39206,2022-06-23T18:00:00,2022-06-23T18:00:00,1,TREND_DOWN,TREND_UP
f2b81b87c3def7eb7ae3f40ab171fba28e6619981057969756cba02aa846cb65,2155,TREND_UP,39207,39219,2022-06-23T19:00:00,2022-06-24T07:00:00,13,VOL_COMPRESSION,VOL_COMPRESSION
07499548e0eb46ed5aebcd290ede7c75c3dcc8d4d22cf76ff2ecd97c6d0fdc3e,2156,VOL_COMPRESSION,39220,39220,2022-06-24T08:00:00,2022-06-24T08:00:00,1,TREND_UP,TREND_UP
a43a6914a48511d73cdd84b854c692d8c61009b977814fa7efe04270b490be79,2157,TREND_UP,39221,39232,2022-06-24T09:00:00,2022-06-24T20:00:00,12,VOL_COMPRESSION,VOL_COMPRESSION
7b806655e93965c50c34fa4c646dd3cac20e6bb221174c804937abc185459c2f,2158,VOL_COMPRESSION,39233,39364,2022-06-24T21:00:00,2022-06-30T08:00:00,132,TREND_UP,TREND_DOWN
040d82fed674a66d4c52b3b60e76ef7d07cd2dfe11820f2f4c75f9baf2604d6f,2159,TREND_DOWN,39365,39365,2022-06-30T09:00:00,2022-06-30T09:00:00,1,VOL_COMPRESSION,VOL_COMPRESSION
fa90b640dee60fe153229cd1407b88a7bd4c3ae69bc6d6f1f09b3cdb89c16fec,2160,VOL_COMPRESSION,39366,39368,2022-06-30T10:00:00,2022-06-30T12:00:00,3,TREND_DOWN,TREND_DOWN
60e537ed59297a742d3fbbcf390cbdf33a5434b70527d80cc53ac5cdef9012f5,2161,TREND_DOWN,39369,39374,2022-06-30T13:00:00,2022-06-30T18:00:00,6,VOL_COMPRESSION,VOL_COMPRESSION
de50a50918120f43e21e39c08b598966d028d8ae9415ddb392322ed036d02e20,2162,VOL_COMPRESSION,39375,39375,2022-06-30T19:00:00,2022-06-30T19:00:00,1,TREND_DOWN,TREND_DOWN
899dfea994a8f27e228738ce2ca58f683bba2ee3ee783f698f9a5769d2ff8955,2163,TREND_DOWN,39376,39381,2022-06-30T20:00:00,2022-07-01T01:00:00,6,VOL_COMPRESSION,RANGE
174bb308e46c608e37cef1ee92ef2cd32e82440404967893a250cba983c9cf31,2164,RANGE,39382,39385,2022-07-01T02:00:00,2022-07-01T05:00:00,4,TREND_DOWN,TREND_DOWN
48d27ba1b8588571370c1c901db5a57e613867204ed44d737087d14326e05e2e,2165,TREND_DOWN,39386,39405,2022-07-01T06:00:00,2022-07-02T01:00:00,20,RANGE,VOL_COMPRESSION
54ba72a56e2e342da52e567d84961dfcc93fdcc297b904e41fcb409beaf07e78,2166,VOL_COMPRESSION,39406,39473,2022-07-02T02:00:00,2022-07-04T21:00:00,68,TREND_DOWN,TREND_UP
019ab09437903e3af9e89c5e0cc3495504e33c74c2d2cef218e36e38687bb99b,2167,TREND_UP,39474,39476,2022-07-04T22:00:00,2022-07-05T00:00:00,3,VOL_COMPRESSION,VOL_COMPRESSION
9f8d08bbabd4ea65ae0ab12900a1e69857433908a3475eac0096b7431dc74838,2168,VOL_COMPRESSION,39477,39484,2022-07-05T01:00:00,2022-07-05T08:00:00,8,TREND_UP,TREND_UP
0939ddd63d06d5ba2ab880b29f61a3b7f5295c2be32b61afac0547d2dcade489,2169,TREND_UP,39485,39485,2022-07-05T09:00:00,2022-07-05T09:00:00,1,VOL_COMPRESSION,VOL_COMPRESSION
58eaed8e40122bee098cdf231156c619009b15d04119c99d558d8e71cb8e26fa,2170,VOL_COMPRESSION,39486,39486,2022-07-05T10:00:00,2022-07-05T10:00:00,1,TREND_UP,TREND_UP
5ef55f8238ff76566abccd3e2dd33a4ed8f97de7b15574399177ff7ef61b88c1,2171,TREND_UP,39487,39487,2022-07-05T11:00:00,2022-07-05T11:00:00,1,VOL_COMPRESSION,RANGE
cba8046c5807604692c639b0e6a39ee016239bf0b85153ab093e06192850f0a3,2172,RANGE,39488,39488,2022-07-05T12:00:00,2022-07-05T12:00:00,1,TREND_UP,VOL_COMPRESSION
2a1d0ddb1aff50c553ff0a674a7c93d938fbb09ede7e6b7d275df3a8de279ba4,2173,VOL_COMPRESSION,39489,39493,2022-07-05T13:00:00,2022-07-05T17:00:00,5,RANGE,TREND_UP
39356f8198cda08e0f920fbe8b66444a261a306083e507e90195abac46503ae1,2174,TREND_UP,39494,39510,2022-07-05T18:00:00,2022-07-06T10:00:00,17,VOL_COMPRESSION,VOL_COMPRESSION
743e72c6b4961bdcd2367f8956cc8e4986ce96e8ec2da17a10f7e7c3d97121ed,2175,VOL_COMPRESSION,39511,39541,2022-07-06T11:00:00,2022-07-07T17:00:00,31,TREND_UP,TREND_UP
e82318d84225c0bffcc0151b11135e015af563d8cbe729fd18be3fa39362e07e,2176,TREND_UP,39542,39546,2022-07-07T18:00:00,2022-07-07T22:00:00,5,VOL_COMPRESSION,VOL_COMPRESSION
eb9c3f02ea3547167be1afa3dbb7d9e13f029ef25e2fa83f3d0619ae2a452ab6,2177,VOL_COMPRESSION,39547,39548,2022-07-07T23:00:00,2022-07-08T00:00:00,2,TREND_UP,TREND_UP
0ab10eac1761a0ad34101fe5248c80edd25c41fce703ca1bca734745aca4ab30,2178,TREND_UP,39549,39554,2022-07-08T01:00:00,2022-07-08T06:00:00,6,VOL_COMPRESSION,VOL_COMPRESSION
f9b0dcd8e79b932d61de839aa2bf1c630072d352651cf3e04f2b271988272314,2179,VOL_COMPRESSION,39555,39555,2022-07-08T07:00:00,2022-07-08T07:00:00,1,TREND_UP,TREND_UP
fbf81bb0dcec70b1e7b232eb084270b3a13e144eb984b326c93fd1bcfa214d99,2180,TREND_UP,39556,39574,2022-07-08T08:00:00,2022-07-09T02:00:00,19,VOL_COMPRESSION,VOL_COMPRESSION
b60a0154c67f33ff7ccd25ecb3f289bd2756022bd8179c51e82c06d15e4c8abd,2181,VOL_COMPRESSION,39575,39679,2022-07-09T03:00:00,2022-07-13T11:00:00,105,TREND_UP,TREND_DOWN
e7977a93daa0b71310fcf956928775aeab5892a4aa391b187abf0da4948cf0c3,2182,TREND_DOWN,39680,39690,2022-07-13T12:00:00,2022-07-13T22:00:00,11,VOL_COMPRESSION,RANGE
d57bb4bb95e8e70e6847eaed556ac63e47f426d1413265497f215ae4931263de,2183,RANGE,39691,39697,2022-07-13T23:00:00,2022-07-14T05:00:00,7,TREND_DOWN,TREND_UP
07a98cf44e05b11515ac17e534cd929bb82520b62f6e6815518ee037e426b700,2184,TREND_UP,39698,39698,2022-07-14T06:00:00,2022-07-14T06:00:00,1,RANGE,VOL_COMPRESSION
665d7ba5892e8b28a5b73d9c7263f6a264b7adfdec06967a24f66c78d8669d01,2185,VOL_COMPRESSION,39699,39699,2022-07-14T07:00:00,2022-07-14T07:00:00,1,TREND_UP,RANGE
3f4b551e665a9b4b492326ea875f44823a8e6b2221b36633d521d5ca3ee7013e,2186,RANGE,39700,39700,2022-07-14T08:00:00,2022-07-14T08:00:00,1,VOL_COMPRESSION,VOL_COMPRESSION
86eff9638ad1f4e3377c417dcbe6f15792accececf7a6c7f15ce5a3c6c0e5808,2187,VOL_COMPRESSION,39701,39706,2022-07-14T09:00:00,2022-07-14T14:00:00,6,RANGE,TREND_DOWN
bd7980cdaf3bc5c9178d79cdd556c3904c09fc0fc2736bceabbf3494e95eec89,2188,TREND_DOWN,39707,39707,2022-07-14T15:00:00,2022-07-14T15:00:00,1,VOL_COMPRESSION,TREND_UP
48237782a14f8ec144f11116a294b3621d41e919c1ae042b4b3f6939380c65bb,2189,TREND_UP,39708,39720,2022-07-14T16:00:00,2022-07-15T04:00:00,13,TREND_DOWN,VOL_COMPRESSION
163361899da670036c15844b6ed7d47f71e952459f191aa8ae80789f4963e672,2190,VOL_COMPRESSION,39721,39793,2022-07-15T05:00:00,2022-07-18T05:00:00,73,TREND_UP,TREND_UP
c9ab3c9e2cf52f7b8e90f700a3e5bbd9d907317d4f88b01392167f29617d1c76,2191,TREND_UP,39794,39863,2022-07-18T06:00:00,2022-07-21T03:00:00,70,VOL_COMPRESSION,RANGE
19c7b189b1781d1459f5918cf2c8903e84148cb2f3b56ed357fcf96a1755f6b9,2192,RANGE,39864,39878,2022-07-21T04:00:00,2022-07-21T18:00:00,15,TREND_UP,TREND_UP
9360b0b7202cc4ffa985eeaa5b6afd22299e96695c6f703f23d7aec0c1b830f3,2193,TREND_UP,39879,39883,2022-07-21T19:00:00,2022-07-21T23:00:00,5,RANGE,VOL_COMPRESSION
93df740b8eb2c9b4dcaafaa7ffde5094095632e17497db207919821fdf4fc6e7,2194,VOL_COMPRESSION,39884,39899,2022-07-22T00:00:00,2022-07-22T15:00:00,16,TREND_UP,TREND_UP
75de9cfa53a78ddc47fdfb0adaa3b5068f4504425e3b568d37154dee3874f110,2195,TREND_UP,39900,39901,2022-07-22T16:00:00,2022-07-22T17:00:00,2,VOL_COMPRESSION,VOL_COMPRESSION
03e7f090902587ed8da4571bfb048b0bb629af986a329adb2d3ec6f74c607f50,2196,VOL_COMPRESSION,39902,39902,2022-07-22T18:00:00,2022-07-22T18:00:00,1,TREND_UP,RANGE
0b88f7330a3d277cf24fa7af29996ccb729122af4b4f873fdbc811b8f29a569a,2197,RANGE,39903,39905,2022-07-22T19:00:00,2022-07-22T21:00:00,3,VOL_COMPRESSION,VOL_COMPRESSION
1d439d4fa15633fe5e1c29fead6f85ad9530af0195b71053249dd0003d1da7bb,2198,VOL_COMPRESSION,39906,39977,2022-07-22T22:00:00,2022-07-25T21:00:00,72,RANGE,TREND_DOWN
5237e07d55161cfbb45deaf5ced035355479a7c82c1bad616f65d0281ba0b5c9,2199,TREND_DOWN,39978,39984,2022-07-25T22:00:00,2022-07-26T04:00:00,7,VOL_COMPRESSION,VOL_COMPRESSION
6063a1460c53d8e554a19fa71518688ab5f45976a896e6a1d290399728c912a5,2200,VOL_COMPRESSION,39985,40021,2022-07-26T05:00:00,2022-07-27T17:00:00,37,TREND_DOWN,RANGE
4a99336005084a2cca760cf77e07e45a28905fdbf5d33e5f3c6ad3e04438d4ea,2201,RANGE,40022,40022,2022-07-27T18:00:00,2022-07-27T18:00:00,1,VOL_COMPRESSION,TREND_UP
2e4b8e3d5d229e24aa1d295c50a319537758a05a3a89888bae657634fa0a1197,2202,TREND_UP,40023,40028,2022-07-27T19:00:00,2022-07-28T00:00:00,6,RANGE,VOL_COMPRESSION
5bceca387f8f1f138c8e940636c4d1db9353544bb4941c2a84d9b633e836a0e5,2203,VOL_COMPRESSION,40029,40029,2022-07-28T01:00:00,2022-07-28T01:00:00,1,TREND_UP,TREND_UP
b288ce4ca7b57bb68dfae1d2ccb2b6f36853f281e638152abc831340c0c0fe27,2204,TREND_UP,40030,40033,2022-07-28T02:00:00,2022-07-28T05:00:00,4,VOL_COMPRESSION,VOL_COMPRESSION
d23d4558db29bf12a5837e1a060542c3c2fa153f5298d4ee3f17e7fadf8cb372,2205,VOL_COMPRESSION,40034,40039,2022-07-28T06:00:00,2022-07-28T11:00:00,6,TREND_UP,TREND_UP
b019e2936a374ebf6f3b48fd37d9095fe9ccf3a48e762c8fe1edbcc2a19cad8a,2206,TREND_UP,40040,40052,2022-07-28T12:00:00,2022-07-29T00:00:00,13,VOL_COMPRESSION,VOL_COMPRESSION
53db2c41db7584fb9cf7fd127caf1fc7c1e3c0466c0ffa1ef9d7edf0aa7e2d8d,2207,VOL_COMPRESSION,40053,40064,2022-07-29T01:00:00,2022-07-29T12:00:00,12,TREND_UP,TREND_UP
3503426ab92e49cd25ce47c8451ec73cfa5769acf69e199586aa26be5226c5cc,2208,TREND_UP,40065,40071,2022-07-29T13:00:00,2022-07-29T19:00:00,7,VOL_COMPRESSION,VOL_COMPRESSION
9d6c3fab033e556a1e32fb0d968e7719877eb3edde990d9df7ffd61b0a6415c6,2209,VOL_COMPRESSION,40072,40074,2022-07-29T20:00:00,2022-07-29T22:00:00,3,TREND_UP,TREND_UP
1af0739242bd32c1f5a9c78ee9ec7c143d9e2971f290fa529c0305b8090e1d75,2210,TREND_UP,40075,40075,2022-07-29T23:00:00,2022-07-29T23:00:00,1,VOL_COMPRESSION,VOL_COMPRESSION
de21b482b69df616898d14fc2d32df5e50a9d5e752cbbd995222226c8005c0a5,2211,VOL_COMPRESSION,40076,40165,2022-07-30T00:00:00,2022-08-02T17:00:00,90,TREND_UP,TREND_DOWN
eb4d4633e71a9184fab52b0fab2121ab9a02d714cc92d396e578df3400e1f8b1,2212,TREND_DOWN,40166,40166,2022-08-02T18:00:00,2022-08-02T18:00:00,1,VOL_COMPRESSION,VOL_COMPRESSION
c9f845f3ecf458d106c9303c56c75e7ebc43dde566f91ea7b099235c97573058,2213,VOL_COMPRESSION,40167,40465,2022-08-02T19:00:00,2022-08-15T05:00:00,299,TREND_DOWN,TREND_UP
cd1e431a1a9e8d99858c536c650d83898cef1e8c9fa0c966a50d11a88423e056,2214,TREND_UP,40466,40467,2022-08-15T06:00:00,2022-08-15T07:00:00,2,VOL_COMPRESSION,VOL_COMPRESSION
cd559e344ec7ec273b27b1bc3e3d86596e55794fa1a24fb33e359b4e8cc7ca7c,2215,VOL_COMPRESSION,40468,40561,2022-08-15T08:00:00,2022-08-19T05:00:00,94,TREND_UP,TREND_DOWN
6bbb99162032caedf3193b70f528bc042815c62eebcd56bc2f26950eb0b98207,2216,TREND_DOWN,40562,40572,2022-08-19T06:00:00,2022-08-19T16:00:00,11,VOL_COMPRESSION,VOL_COMPRESSION
9964989e9222cbe3670a36ddfd31dc868bd52c4c446d16929acd685b61f62f86,2217,VOL_COMPRESSION,40573,40576,2022-08-19T17:00:00,2022-08-19T20:00:00,4,TREND_DOWN,TREND_DOWN
c608b0d21fed3dd0c56c91023203a1160919a307d2f268e7358438c869bbbe49,2218,TREND_DOWN,40577,40582,2022-08-19T21:00:00,2022-08-20T02:00:00,6,VOL_COMPRESSION,VOL_COMPRESSION
14b90ce8690a21c7f8fb19168213cb3d7b47a67eb03e37cdfbeb816ad9827dfd,2219,VOL_COMPRESSION,40583,40737,2022-08-20T03:00:00,2022-08-26T13:00:00,155,TREND_DOWN,TREND_DOWN
6b1d60805d2a62919285d988103eeb05c01defdb87799b7bffed69cd62e10100,2220,TREND_DOWN,40738,40743,2022-08-26T14:00:00,2022-08-26T19:00:00,6,VOL_COMPRESSION,VOL_COMPRESSION
5f39a5c40c0df9c6405a9bec19935c0d1be5d9e3ea71bd0d0c42c4ba4430d209,2221,VOL_COMPRESSION,40744,40746,2022-08-26T20:00:00,2022-08-26T22:00:00,3,TREND_DOWN,TREND_DOWN
2c1ce73eb4fea7c5d76c6302cb7c07281088090799821f2d96a9387b672d00ab,2222,TREND_DOWN,40747,40748,2022-08-26T23:00:00,2022-08-27T00:00:00,2,VOL_COMPRESSION,VOL_COMPRESSION
baa718e6fc2f10818d84998b71cdc847fe0de9ee4473d12a6b9c5a89c358b977,2223,VOL_COMPRESSION,40749,41004,2022-08-27T01:00:00,2022-09-06T16:00:00,256,TREND_DOWN,TREND_DOWN
6a2d0371b8e2cd510f810d1cf0fe030e7e3766368ba1448414913721d8a5c59c,2224,TREND_DOWN,41005,41009,2022-09-06T17:00:00,2022-09-06T21:00:00,5,VOL_COMPRESSION,VOL_COMPRESSION
ff247ae8b6b00cf1fcb245520680c947bf5b33c49da9183a40a10e4dbe3c7dcd,2225,VOL_COMPRESSION,41010,41065,2022-09-06T22:00:00,2022-09-09T05:00:00,56,TREND_DOWN,TREND_UP
95a29c47a42ec50e953a4c1b3ac35777cf5f16ec94f6f3af19402aaa6f15108b,2226,TREND_UP,41066,41066,2022-09-09T06:00:00,2022-09-09T06:00:00,1,VOL_COMPRESSION,VOL_COMPRESSION
57666e66c603e3be1b010e49d08c65156f1fe1acbdfda71e6c2f8c9b3df6c9e1,2227,VOL_COMPRESSION,41067,41067,2022-09-09T07:00:00,2022-09-09T07:00:00,1,TREND_UP,TREND_UP
c265dec8ef446806cfd1ce6e1e5482697359c5793a18c89fdaacf8544788a352,2228,TREND_UP,41068,41068,2022-09-09T08:00:00,2022-09-09T08:00:00,1,VOL_COMPRESSION,VOL_COMPRESSION
8e4b15c0371e94bc206fbe84282c574e1390877d0dd402372b866ee8651f9826,2229,VOL_COMPRESSION,41069,41069,2022-09-09T09:00:00,2022-09-09T09:00:00,1,TREND_UP,TREND_UP
ad3ba3a624fe8214b7a8a8809b3148193b009f9532fca3792ab74adde1526e68,2230,TREND_UP,41070,41073,2022-09-09T10:00:00,2022-09-09T13:00:00,4,VOL_COMPRESSION,VOL_COMPRESSION
02cbd4857b790d996ff822c1ec407563217299e10447f5729c567035644a9a6e,2231,VOL_COMPRESSION,41074,41076,2022-09-09T14:00:00,2022-09-09T16:00:00,3,TREND_UP,TREND_UP
d0477efcc20e76f90d219f591c976dfe0e97f495ce12846749698df2254f6dd9,2232,TREND_UP,41077,41077,2022-09-09T17:00:00,2022-09-09T17:00:00,1,VOL_COMPRESSION,VOL_COMPRESSION
9b73ddb8c07168db125892c83b30412c0811c8c22765818beb46c263f19340b2,2233,VOL_COMPRESSION,41078,41132,2022-09-09T18:00:00,2022-09-12T00:00:00,55,TREND_UP,TREND_UP
8ac6a1b57687cc5b12b018cce33638404195119d6fdeb0f2c9cf7b7af44d700f,2234,TREND_UP,41133,41136,2022-09-12T01:00:00,2022-09-12T04:00:00,4,VOL_COMPRESSION,VOL_COMPRESSION
557c5a875f2feed929951a78f78d5377f5da5d3c15a9aa9ea93b11da34367f2c,2235,VOL_COMPRESSION,41137,41167,2022-09-12T05:00:00,2022-09-13T11:00:00,31,TREND_UP,TREND_UP
44b7c677762f85389e383dcf9146a3483b17eef5cfd5b73b77fa476ded862949,2236,TREND_UP,41168,41169,2022-09-13T12:00:00,2022-09-13T13:00:00,2,VOL_COMPRESSION,RANGE
968fca9b40b6ba8f75ccd899a759dfa290b13f07f9b9f1ecd7e1a526756350ed,2237,RANGE,41170,41171,2022-09-13T14:00:00,2022-09-13T15:00:00,2,TREND_UP,TREND_DOWN
2346af6fe0a23bfd0062d152dab74f877d112f34e104617f5194edb0c813bbb4,2238,TREND_DOWN,41172,41183,2022-09-13T16:00:00,2022-09-14T03:00:00,12,RANGE,VOL_COMPRESSION
d87bc13d792aab006c7b7edad5fc0168b1a4842f006585c95355663fabb1ff99,2239,VOL_COMPRESSION,41184,41218,2022-09-14T04:00:00,2022-09-15T14:00:00,35,TREND_DOWN,TREND_DOWN
7c60a5a4a85fa6bba4269e255e7a074a10234356335b984a735eb568718efc1e,2240,TREND_DOWN,41219,41220,2022-09-15T15:00:00,2022-09-15T16:00:00,2,VOL_COMPRESSION,VOL_COMPRESSION
474b8063d9b995138fb095b1e9bd2b8a5759eb813c5e4889a25787bd5e5cfe38,2241,VOL_COMPRESSION,41221,41301,2022-09-15T17:00:00,2022-09-19T01:00:00,81,TREND_DOWN,TREND_DOWN
58db9067fff2c60e6edaca887be42887ea9c3979e4976d07d30a190a02c0f310,2242,TREND_DOWN,41302,41302,2022-09-19T02:00:00,2022-09-19T02:00:00,1,VOL_COMPRESSION,VOL_COMPRESSION
8e641b22822fd8bdb14d9575055daedb178755baab62eb05b63be008f6103128,2243,VOL_COMPRESSION,41303,41304,2022-09-19T03:00:00,2022-09-19T04:00:00,2,TREND_DOWN,TREND_DOWN
3d927cd6c7d4d4deda892ba214a458a7589f460c388ae69f39ff26201dff6d9f,2244,TREND_DOWN,41305,41308,2022-09-19T05:00:00,2022-09-19T08:00:00,4,VOL_COMPRESSION,VOL_COMPRESSION
59a9243351516c7ef8da5cbd7eb7f03ce7486922b45a160e8df123ba7d0e0357,2245,VOL_COMPRESSION,41309,41312,2022-09-19T09:00:00,2022-09-19T12:00:00,4,TREND_DOWN,TREND_DOWN
153079152fd370369cadbe81089aa4d5abd9f5c86a3268ecaba7651e92aed18f,2246,TREND_DOWN,41313,41321,2022-09-19T13:00:00,2022-09-19T21:00:00,9,VOL_COMPRESSION,RANGE
144129724c72d52c5361c467ca346f2033a41ad52f3fa7838a79e2add4bb9a9f,2247,RANGE,41322,41324,2022-09-19T22:00:00,2022-09-20T00:00:00,3,TREND_DOWN,VOL_COMPRESSION
782afc3518b9159bc9de27351eed0eff44d2345cd0b2283434a76da3208f577b,2248,VOL_COMPRESSION,41325,41339,2022-09-20T01:00:00,2022-09-20T15:00:00,15,RANGE,TREND_DOWN
68bca523ddf13eb4d08142c6bbfed529ad6de35c54c7596a967ccf366766f44e,2249,TREND_DOWN,41340,41345,2022-09-20T16:00:00,2022-09-20T21:00:00,6,VOL_COMPRESSION,VOL_COMPRESSION
bded40d06e5ffc341104dc08520482f55a07583dd3eef3f56f7a19453b67697a,2250,VOL_COMPRESSION,41346,41364,2022-09-20T22:00:00,2022-09-21T16:00:00,19,TREND_DOWN,RANGE
84a2f06d089d68b3edf77e9e750646f060e4c6b3e848544accff0915f9b45cdd,2251,RANGE,41365,41365,2022-09-21T17:00:00,2022-09-21T17:00:00,1,VOL_COMPRESSION,TREND_UP
5a6cd651a2c1579356e3ff3b80af13a2d4715878920d1cd9c8b311310aca4049,2252,TREND_UP,41366,41366,2022-09-21T18:00:00,2022-09-21T18:00:00,1,RANGE,RANGE
5f0b94da55c88b5beda66792913b946947499b5d283ec0c5ca097e4b9115cc7b,2253,RANGE,41367,41368,2022-09-21T19:00:00,2022-09-21T20:00:00,2,TREND_UP,TREND_DOWN
a909686a4c8679665215abb69e875895f3333737a46c63a6f7f9308c18bad387,2254,TREND_DOWN,41369,41381,2022-09-21T21:00:00,2022-09-22T09:00:00,13,RANGE,RANGE
5ac730afd6715adb9c7d1a88e2b76235af8b3d4de0cde1377bc7704c774b2217,2255,RANGE,41382,41383,2022-09-22T10:00:00,2022-09-22T11:00:00,2,TREND_DOWN,VOL_COMPRESSION
d90437dd6e6de327871cf5ed671c9afddf9cb99cd371d46cecf22959509fd894,2256,VOL_COMPRESSION,41384,41384,2022-09-22T12:00:00,2022-09-22T12:00:00,1,RANGE,RANGE
eaa803703001ab60111ff47ffd5d607f1157aa4a1a8b9beedf1c419f0bbcf1ef,2257,RANGE,41385,41387,2022-09-22T13:00:00,2022-09-22T15:00:00,3,VOL_COMPRESSION,TREND_DOWN
de095e460de6215c32a8a1378bf110399f61bf83e8c8c880d15dae68af0500ed,2258,TREND_DOWN,41388,41389,2022-09-22T16:00:00,2022-09-22T17:00:00,2,RANGE,RANGE
7e777c1691dc2d7ebbcca7301a7710ae6c6e4c8176ada2aee13d1dac76aa34f3,2259,RANGE,41390,41392,2022-09-22T18:00:00,2022-09-22T20:00:00,3,TREND_DOWN,VOL_COMPRESSION
5b68c7346350a1be7a2db9ea7472823afd8debdb263552bff90558b98ac3c27f,2260,VOL_COMPRESSION,41393,41494,2022-09-22T21:00:00,2022-09-27T02:00:00,102,RANGE,TREND_UP
d4f34b1a22457f9541df6a515559a81b93ee0f6cddacf6dfe8f3b2b033fd8127,2261,TREND_UP,41495,41495,2022-09-27T03:00:00,2022-09-27T03:00:00,1,VOL_COMPRESSION,VOL_COMPRESSION
52ecc2278fa3c609f85a27073854eeef203e7275b059d68462747f1c29fd7b58,2262,VOL_COMPRESSION,41496,41507,2022-09-27T04:00:00,2022-09-27T15:00:00,12,TREND_UP,TREND_UP
2ce2ed8fe1e93eb1f608ad175aeaf0e0986177c509420becd7a017b8c00c58ca,2263,TREND_UP,41508,41509,2022-09-27T16:00:00,2022-09-27T17:00:00,2,VOL_COMPRESSION,RANGE
204dbbbef79b0cbc5a2038819d1eee111e157fb653d5d9d4483c99b8f1827f46,2264,RANGE,41510,41515,2022-09-27T18:00:00,2022-09-27T23:00:00,6,TREND_UP,VOL_COMPRESSION
b0bc5abe87c6b9a0f4d657d07d075c6cc5c573bafb7f8db73719ddd7c6273d3b,2265,VOL_COMPRESSION,41516,41517,2022-09-28T00:00:00,2022-09-28T01:00:00,2,RANGE,TREND_DOWN
68b2cab2288fd05664c689c5b9c9d6920fb2b13f27c6e42cf9d8cd517b325c23,2266,TREND_DOWN,41518,41520,2022-09-28T02:00:00,2022-09-28T04:00:00,3,VOL_COMPRESSION,VOL_COMPRESSION
2d56230dfa9ea95456479cf1c0e357e5d3acb810dbee046bba4d0577f0c4e0a4,2267,VOL_COMPRESSION,41521,41525,2022-09-28T05:00:00,2022-09-28T09:00:00,5,TREND_DOWN,TREND_DOWN
a352903854f956d2dd83d763b080b0b98b45a483f44c7c0d13c5979c3f97b7d1,2268,TREND_DOWN,41526,41528,2022-09-28T10:00:00,2022-09-28T12:00:00,3,VOL_COMPRESSION,VOL_COMPRESSION
e12b215ba07a1fc3b2a08d52cb3533b10101fa356819aacedb6d3280eb3d1dbe,2269,VOL_COMPRESSION,41529,41529,2022-09-28T13:00:00,2022-09-28T13:00:00,1,TREND_DOWN,TREND_DOWN
66147392c8b831f9a00911f829e608834b825d8ca5a5108384a6381d1c0bcb07,2270,TREND_DOWN,41530,41530,2022-09-28T14:00:00,2022-09-28T14:00:00,1,VOL_COMPRESSION,RANGE
ebc1812e0f4069285e6522cdce19a970aa4a64633c4daf2e03244570332b1765,2271,RANGE,41531,41531,2022-09-28T15:00:00,2022-09-28T15:00:00,1,TREND_DOWN,VOL_COMPRESSION
c27477c20b731ead06ef7d1655f0ac290ae18a1f79e5fa0acef1faaa09ab9b14,2272,VOL_COMPRESSION,41532,41532,2022-09-28T16:00:00,2022-09-28T16:00:00,1,RANGE,RANGE
8c670bc5e16b1e537307b17444720803abf19f2295415ea397a6e1a253256b27,2273,RANGE,41533,41535,2022-09-28T17:00:00,2022-09-28T19:00:00,3,VOL_COMPRESSION,TREND_UP
93792e35961c672ce81a3d2d02c6c11c66d27e78f8e43a6dea5bb613a297b846,2274,TREND_UP,41536,41538,2022-09-28T20:00:00,2022-09-28T22:00:00,3,RANGE,VOL_COMPRESSION
738698ef0c5501bcf3aa9ba18ce8f918dfe26d267f50a8e8898c100e34f906f5,2275,VOL_COMPRESSION,41539,41553,2022-09-28T23:00:00,2022-09-29T13:00:00,15,TREND_UP,RANGE
42cee78d3faeaf57c42f2f28bd681fa419807b7d9d98b9280952a20abdf8fcd6,2276,RANGE,41554,41558,2022-09-29T14:00:00,2022-09-29T18:00:00,5,VOL_COMPRESSION,TREND_UP
8d586c2babad21519fad21416bd48c67d4d615baad0ea33b05ed333e904be4b9,2277,TREND_UP,41559,41561,2022-09-29T19:00:00,2022-09-29T21:00:00,3,RANGE,VOL_COMPRESSION
387cbf5bd2ef08b6ddd5553844dc70c353d37490de7741175b421c38c7bdd1f2,2278,VOL_COMPRESSION,41562,41578,2022-09-29T22:00:00,2022-09-30T14:00:00,17,TREND_UP,TREND_UP
d5b8f6f254f4f62f71ae9d0f9b6ee2410ae9333863bf48cbee452f17e3ee781c,2279,TREND_UP,41579,41585,2022-09-30T15:00:00,2022-09-30T21:00:00,7,VOL_COMPRESSION,VOL_COMPRESSION
b8c2c203e9d02d85e283b0db975d2d9594150fab7ac737bb13071b9fc1df322f,2280,VOL_COMPRESSION,41586,41887,2022-09-30T22:00:00,2022-10-13T11:00:00,302,TREND_UP,TREND_DOWN
dcd5ca5463d2eaa8f9cb63759efb3102d4c0b6e795e72389865b64eb4e504e0a,2281,TREND_DOWN,41888,41888,2022-10-13T12:00:00,2022-10-13T12:00:00,1,VOL_COMPRESSION,VOL_COMPRESSION
4542afd4a6351edcb2834d13761560f837d360188242f183bb999a2db6cc49d7,2282,VOL_COMPRESSION,41889,41890,2022-10-13T13:00:00,2022-10-13T14:00:00,2,TREND_DOWN,TREND_DOWN
e64fe15037f41d025c4fbe61c5d374767add2ca1aebc446524c02fbb2c64226f,2283,TREND_DOWN,41891,41894,2022-10-13T15:00:00,2022-10-13T18:00:00,4,VOL_COMPRESSION,RANGE
88932fcaf10d25f788686b4d479910d33ee0981a98b1db5db85cc50c501bee9f,2284,RANGE,41895,41896,2022-10-13T19:00:00,2022-10-13T20:00:00,2,TREND_DOWN,VOL_COMPRESSION
18f8e0c042ec84876e901e063c64f10789da0b781ea5316ff4ba0e9695e3f0ff,2285,VOL_COMPRESSION,41897,42503,2022-10-13T21:00:00,2022-11-08T03:00:00,607,RANGE,TREND_DOWN
4767ea46270d1bde04af0a45a79df4f45b03edcba9632586c8eb631eb373f496,2286,TREND_DOWN,42504,42508,2022-11-08T04:00:00,2022-11-08T08:00:00,5,VOL_COMPRESSION,VOL_COMPRESSION
ed24003707fe156053c55eee2e047ed9f11f327b8c1de4b82914790afe77bf30,2287,VOL_COMPRESSION,42509,42515,2022-11-08T09:00:00,2022-11-08T15:00:00,7,TREND_DOWN,TREND_DOWN
bc90ffa29ecfea147bb0c6e82238d77eacd1ba9ca3f453165cd66b2a46832abf,2288,TREND_DOWN,42516,42517,2022-11-08T16:00:00,2022-11-08T17:00:00,2,VOL_COMPRESSION,VOL_EXPANSION
b7129bb73fb165201607f5b90fdcec2e8819804f84977eadf61375322f3365d8,2289,VOL_EXPANSION,42518,42522,2022-11-08T18:00:00,2022-11-08T22:00:00,5,TREND_DOWN,TREND_DOWN
f60c72bb6361edf5a77db3a8d1cbb457e304b167c07391cd7430cc31accd0d60,2290,TREND_DOWN,42523,42538,2022-11-08T23:00:00,2022-11-09T14:00:00,16,VOL_EXPANSION,VOL_EXPANSION
238017a69aa2937814dfb86550b0360a9b0fe946625dfa542b2ca2a995560d37,2291,VOL_EXPANSION,42539,42543,2022-11-09T15:00:00,2022-11-09T19:00:00,5,TREND_DOWN,TREND_DOWN
13aabbe8ac8b95841bc1de0e928c1c184159a6c0ac5415b91c8e5dc2c530ed55,2292,TREND_DOWN,42544,42544,2022-11-09T20:00:00,2022-11-09T20:00:00,1,VOL_EXPANSION,VOL_EXPANSION
12f10ca8a2dcbe72ec8e4387077407c9205acc8ac7be7651a34928860739a3ac,2293,VOL_EXPANSION,42545,42546,2022-11-09T21:00:00,2022-11-09T22:00:00,2,TREND_DOWN,TREND_DOWN
65996c65e61fba43aef4dadb2a5a1ebb7db4cee1e9da734afaa4d47e03765572,2294,TREND_DOWN,42547,42547,2022-11-09T23:00:00,2022-11-09T23:00:00,1,VOL_EXPANSION,VOL_EXPANSION
87bda6035081ee29e496202f221cd4bbf09d907f5ba40d50367515bce4c1b583,2295,VOL_EXPANSION,42548,42548,2022-11-10T00:00:00,2022-11-10T00:00:00,1,TREND_DOWN,TREND_DOWN
454c6aa81cac2fc21290e8dd3ee87a70bd1d6993155a8364d1bd6ef1aa888014,2296,TREND_DOWN,42549,42560,2022-11-10T01:00:00,2022-11-10T12:00:00,12,VOL_EXPANSION,VOL_EXPANSION
890331163ed71c9042e6b30db378a9a2d01fe47e75db1f023553d7e2963406ea,2297,VOL_EXPANSION,42561,42565,2022-11-10T13:00:00,2022-11-10T17:00:00,5,TREND_DOWN,TREND_DOWN
b49c7422d655778791af341ed219521c7b5cf15e058bb803ab334c49d528dbc3,2298,TREND_DOWN,42566,42569,2022-11-10T18:00:00,2022-11-10T21:00:00,4,VOL_EXPANSION,RANGE
531fc12d33c5ae06b8b88457b686f73abe8255c89213a15133107bb68157fe2b,2299,RANGE,42570,42572,2022-11-10T22:00:00,2022-11-11T00:00:00,3,TREND_DOWN,TREND_DOWN
de0e998ac8f68f0141b639b5fc014b5ab748bb7ae3b73e31fb685734eabd3bfc,2300,TREND_DOWN,42573,42602,2022-11-11T01:00:00,2022-11-12T06:00:00,30,RANGE,VOL_COMPRESSION
8d685397c4dbfba4ce392ed18d217f6a6e150fc9b15b5c59a7f9f9a30246c2f6,2301,VOL_COMPRESSION,42603,42645,2022-11-12T07:00:00,2022-11-14T01:00:00,43,TREND_DOWN,TREND_DOWN
2349385e9cd60ab32cd4e4b8ae1796366a1ee3027fb0126a10288926f9b1ff36,2302,TREND_DOWN,42646,42646,2022-11-14T02:00:00,2022-11-14T02:00:00,1,VOL_COMPRESSION,VOL_COMPRESSION
b99810fbfdf3991571857fc499d9886443987c488fa7d25ec2911c49fcd3f86a,2303,VOL_COMPRESSION,42647,42647,2022-11-14T03:00:00,2022-11-14T03:00:00,1,TREND_DOWN,TREND_DOWN
5b0c0522cf712eded5b3bcff6a58fac4de58c6eb1afae659df3d7f25b29253c0,2304,TREND_DOWN,42648,42653,2022-11-14T04:00:00,2022-11-14T09:00:00,6,VOL_COMPRESSION,RANGE
4221b26b028080f9e042e0b153b17e79fa3d0630b5cb7271951b69731c2a4e82,2305,RANGE,42654,42659,2022-11-14T10:00:00,2022-11-14T15:00:00,6,TREND_DOWN,TREND_DOWN
036c7c3305463b64e4e955b6c34be8c1386dc14503d019d63b803313f2863e7d,2306,TREND_DOWN,42660,42670,2022-11-14T16:00:00,2022-11-15T02:00:00,11,RANGE,RANGE
13072e568e7119802cf3f0ad181e8055522740c48977d3d422b0dbbf1752541c,2307,RANGE,42671,42673,2022-11-15T03:00:00,2022-11-15T05:00:00,3,TREND_DOWN,VOL_COMPRESSION
55f6501a089b06528c2b6b561485b349ca6d6afb0898678ea4d15c2299609d6c,2308,VOL_COMPRESSION,42674,42681,2022-11-15T06:00:00,2022-11-15T13:00:00,8,RANGE,TREND_UP
fc142070276c1bda1eed880288c1b25b75dcee01a97d77f89653beee8c4e7836,2309,TREND_UP,42682,42682,2022-11-15T14:00:00,2022-11-15T14:00:00,1,VOL_COMPRESSION,VOL_COMPRESSION
056fa15271b082043bcde90a30b33259765da53bcee8dc91ee466436ce02bb49,2310,VOL_COMPRESSION,42683,42685,2022-11-15T15:00:00,2022-11-15T17:00:00,3,TREND_UP,TREND_UP
11c7bd20888ae11ff9e11f6001f6a0549e50f5a30d670f0b1f4108097becfb12,2311,TREND_UP,42686,42689,2022-11-15T18:00:00,2022-11-15T21:00:00,4,VOL_COMPRESSION,VOL_COMPRESSION
803b0451e08370952616694da9c5f0f234a49b2f80d26790be5534eda4d440ab,2312,VOL_COMPRESSION,42690,42832,2022-11-15T22:00:00,2022-11-21T20:00:00,143,TREND_UP,TREND_DOWN
9361cc6ea227f025459b1a5c0e47fd48b52fa540eb53272ef419f7d505ca8b12,2313,TREND_DOWN,42833,42836,2022-11-21T21:00:00,2022-11-22T00:00:00,4,VOL_COMPRESSION,VOL_COMPRESSION
46e754d52650250e584486c9e9d612d2453c1aa815a9ff432d9de79bce84c221,2314,VOL_COMPRESSION,42837,43383,2022-11-22T01:00:00,2022-12-14T19:00:00,547,TREND_DOWN,TREND_UP
a5b8a5def1c1b69a26913a3f8eeaf4893baf3621ca660f27c8a1ad04a95f73ce,2315,TREND_UP,43384,43384,2022-12-14T20:00:00,2022-12-14T20:00:00,1,VOL_COMPRESSION,VOL_COMPRESSION
cd7d8c552774c25baaa0fabd5d37204982213b640b055e7f5dd7ae7fe53ed12f,2316,VOL_COMPRESSION,43385,44076,2022-12-14T21:00:00,2023-01-12T16:00:00,692,TREND_UP,TREND_UP
70de29f4de0273a39186e801618910a657b44957cc821b6ac58b58a0eda44f1e,2317,TREND_UP,44077,44084,2023-01-12T17:00:00,2023-01-13T00:00:00,8,VOL_COMPRESSION,VOL_COMPRESSION
4c5c2622d0d01d7ad757b1db0e331789528ddde2b21c10309e310a4314baba6e,2318,VOL_COMPRESSION,44085,44107,2023-01-13T01:00:00,2023-01-13T23:00:00,23,TREND_UP,TREND_UP
164c56511e290cc509e76d7177e97dced186e0b74c39b48feb452bda20a945bb,2319,TREND_UP,44108,44114,2023-01-14T00:00:00,2023-01-14T06:00:00,7,VOL_COMPRESSION,VOL_COMPRESSION
e2ce5ca6f054fcfcc64a64bf7e5fb6cf607a36d57de27945a78969a9e0692f60,2320,VOL_COMPRESSION,44115,44116,2023-01-14T07:00:00,2023-01-14T08:00:00,2,TREND_UP,TREND_UP
a24acc0af347bc0d175dba8f1b43dc2a3876e95be909fd347ca3041ad43fd286,2321,TREND_UP,44117,44126,2023-01-14T09:00:00,2023-01-14T18:00:00,10,VOL_COMPRESSION,VOL_COMPRESSION
cfc729c5a05f8c3045ef234342e9c4c3b6e4367e932df3f46456a53ce97c4615,2322,VOL_COMPRESSION,44127,44219,2023-01-14T19:00:00,2023-01-18T15:00:00,93,TREND_UP,TREND_UP
8110362c2d968d31dc35bb3c103b764ebf8b7012be953da28e44d17f87e52d09,2323,TREND_UP,44220,44220,2023-01-18T16:00:00,2023-01-18T16:00:00,1,VOL_COMPRESSION,RANGE
6c6b26f9d970dc60d5ad62a938f5c642d99d24e2c4069059b0cc0e87049b69ad,2324,RANGE,44221,44224,2023-01-18T17:00:00,2023-01-18T20:00:00,4,TREND_UP,TREND_DOWN
7946c48118f93b6142da7b54c63305fceede6096e9d091aa8e68d3def33be522,2325,TREND_DOWN,44225,44225,2023-01-18T21:00:00,2023-01-18T21:00:00,1,RANGE,VOL_COMPRESSION
bd9ea68c75cf0dac8c52e67999b0c827ddb7b7def062ab90b462cf4f4f183270,2326,VOL_COMPRESSION,44226,44299,2023-01-18T22:00:00,2023-01-21T23:00:00,74,TREND_DOWN,TREND_UP
82334968575e380a7456943768685cf17d787355a416d363ac3f246a868104ae,2327,TREND_UP,44300,44300,2023-01-22T00:00:00,2023-01-22T00:00:00,1,VOL_COMPRESSION,VOL_COMPRESSION
4bf52d326193018839514b43988007fb01615f88bff2bd0ebc6f3c90692e75be,2328,VOL_COMPRESSION,44301,44393,2023-01-22T01:00:00,2023-01-25T21:00:00,93,TREND_UP,TREND_UP
7e34cf59b3c004b683a59f94912a47255fc8d09a751d7147ae7412b222f47a89,2329,TREND_UP,44394,44398,2023-01-25T22:00:00,2023-01-26T02:00:00,5,VOL_COMPRESSION,VOL_COMPRESSION
4217eaeeb5d5d3094a3c528f6edafc5f137cd409c794122a2cf8f01d86dfd8ee,2330,VOL_COMPRESSION,44399,44895,2023-01-26T03:00:00,2023-02-15T19:00:00,497,TREND_UP,TREND_UP
ea1ecaac58428b8188c97d7a1b3a204460ee9f7b87ece76cb02739b5d9f598b7,2331,TREND_UP,44896,44898,2023-02-15T20:00:00,2023-02-15T22:00:00,3,VOL_COMPRESSION,VOL_COMPRESSION
a38bb682d9634af5146330e055bb11c159e859edb70af2bd6fe798a93f8cea2f,2332,VOL_COMPRESSION,44899,44899,2023-02-15T23:00:00,2023-02-15T23:00:00,1,TREND_UP,TREND_UP
9b1e3a8d27f3a859be983ac55753c6e4826ce7dac97c42598fd5548b35b607ce,2333,TREND_UP,44900,44901,2023-02-16T00:00:00,2023-02-16T01:00:00,2,VOL_COMPRESSION,VOL_COMPRESSION
42711787f39d05cc21ede8d1203a1163240d027a96c6d9293328b28b064155be,2334,VOL_COMPRESSION,44902,44915,2023-02-16T02:00:00,2023-02-16T15:00:00,14,TREND_UP,TREND_UP
67d12813ac6400f34149bdad6ea54580999472d0c50f682408ff86f8b3840e60,2335,TREND_UP,44916,44916,2023-02-16T16:00:00,2023-02-16T16:00:00,1,VOL_COMPRESSION,VOL_COMPRESSION
83bc4b94893a437eec12b341dbb7a15131cdb34168df8380a9089ef0b131bdac,2336,VOL_COMPRESSION,44917,44921,2023-02-16T17:00:00,2023-02-16T21:00:00,5,TREND_UP,TREND_UP
3f59cec6e16cd61c6bd401a00007bf90724eb6aa3418ccfb093171d17bed0e8e,2337,TREND_UP,44922,44927,2023-02-16T22:00:00,2023-02-17T03:00:00,6,VOL_COMPRESSION,VOL_COMPRESSION
6b58e4d799eb375480d986a1aef7407a7a8d7c0a74e476e2101d125625adaf8c,2338,VOL_COMPRESSION,44928,44940,2023-02-17T04:00:00,2023-02-17T16:00:00,13,TREND_UP,TREND_UP
9245ebce2cd2ce94ef1992bada03028c38a461dfd5e2a2499b90c97918afe96b,2339,TREND_UP,44941,44941,2023-02-17T17:00:00,2023-02-17T17:00:00,1,VOL_COMPRESSION,VOL_COMPRESSION
df9d2f2ca3515f64f729133a8a7ced0f26d8573d0e3c098bb30366982eb9c2b4,2340,VOL_COMPRESSION,44942,44943,2023-02-17T18:00:00,2023-02-17T19:00:00,2,TREND_UP,TREND_UP
6e9949a154e9cf09f95752fe527dfdf72d6b160c3033b6270d4f86abe307e8d7,2341,TREND_UP,44944,44949,2023-02-17T20:00:00,2023-02-18T01:00:00,6,VOL_COMPRESSION,VOL_COMPRESSION
a6006deb3f7ea4eab1f051a7965556b100c268b900efc2c0495821fddbfa576e,2342,VOL_COMPRESSION,44950,45260,2023-02-18T02:00:00,2023-03-03T00:00:00,311,TREND_UP,TREND_DOWN
c7b979594b0a8dbddc3fa582de5df4bffe4298644df0c8cc5fa86a4519a0cbfc,2343,TREND_DOWN,45261,45263,2023-03-03T01:00:00,2023-03-03T03:00:00,3,VOL_COMPRESSION,VOL_COMPRESSION
fb2b9eaddb0374f3a9b93fb6d080a63b363ae36def94fee7af2e5784affb8748,2344,VOL_COMPRESSION,45264,45420,2023-03-03T04:00:00,2023-03-09T19:00:00,157,TREND_DOWN,TREND_DOWN
53077ceeaa7beaf26ce60ae5d983100f6a50ac6c5f8eb4c3d81e4feb951a30e9,2345,TREND_DOWN,45421,45429,2023-03-09T20:00:00,2023-03-10T04:00:00,9,VOL_COMPRESSION,VOL_COMPRESSION
085d3f2512ebd30ed6a16bd688fd684ebe5ad8fde4b1eaef437c4c2c80b26647,2346,VOL_COMPRESSION,45430,45437,2023-03-10T05:00:00,2023-03-10T12:00:00,8,TREND_DOWN,TREND_DOWN
af5b1550a7c0c460ae7c869958b73b293bce6381ffae6d86b592ef4f23fd3a0b,2347,TREND_DOWN,45438,45447,2023-03-10T13:00:00,2023-03-10T22:00:00,10,VOL_COMPRESSION,VOL_COMPRESSION
be1515aa59470a3ab67126743e5b4064f47858377860ee5a308a6b4de79ec70b,2348,VOL_COMPRESSION,45448,45449,2023-03-10T23:00:00,2023-03-11T00:00:00,2,TREND_DOWN,TREND_DOWN
7040ed3ce786af95340f373216a02b5764b56583374a7b5b01d429870feb4d8d,2349,TREND_DOWN,45450,45460,2023-03-11T01:00:00,2023-03-11T11:00:00,11,VOL_COMPRESSION,VOL_COMPRESSION
93d102308635bb66fa5c33e1cf18f5aca993e41d0acb5278bee8b2b1dc93d773,2350,VOL_COMPRESSION,45461,45491,2023-03-11T12:00:00,2023-03-12T18:00:00,31,TREND_DOWN,TREND_UP
eba2abb622be03ce4e2fe04afb5ac1b6fd391373d76a97bfaa9b9db87ecf98a4,2351,TREND_UP,45492,45524,2023-03-12T19:00:00,2023-03-14T03:00:00,33,VOL_COMPRESSION,VOL_COMPRESSION
ec4d3dd78cef50ecac60f265b7dce7cd3ad8f79e69609d609d299867946074a5,2352,VOL_COMPRESSION,45525,45525,2023-03-14T04:00:00,2023-03-14T04:00:00,1,TREND_UP,TREND_UP
508cc2a39c5f75cd8aab1540531846b5f98273a7e2024596f42cf110fdc0076d,2353,TREND_UP,45526,45528,2023-03-14T05:00:00,2023-03-14T07:00:00,3,VOL_COMPRESSION,VOL_COMPRESSION
23d31987e0973d29cb74a6f31feddb0feef6a1438bade8176efbc70f8b32743e,2354,VOL_COMPRESSION,45529,45532,2023-03-14T08:00:00,2023-03-14T11:00:00,4,TREND_UP,TREND_UP
6f75e416f26e6718512eb74b62fa2f9c7e093a9f0ff9d8b00fb79b8e700bc607,2355,TREND_UP,45533,45571,2023-03-14T12:00:00,2023-03-16T02:00:00,39,VOL_COMPRESSION,VOL_COMPRESSION
e0405bdd92776f3f3526fe0d0983defd36c555aa2e140d50f3308034aebcffe4,2356,VOL_COMPRESSION,45572,45589,2023-03-16T03:00:00,2023-03-16T20:00:00,18,TREND_UP,TREND_UP
e9dfa7c4d3ec0a1f2b6a460ab0bfab85710907c3f7b8c4fa8e754eeac3f801fe,2357,TREND_UP,45590,45590,2023-03-16T21:00:00,2023-03-16T21:00:00,1,VOL_COMPRESSION,VOL_COMPRESSION
e84bee39c00a284a52ff9ad7c61c194f9ce6ad48091829b2f36d4bc7cc766c0c,2358,VOL_COMPRESSION,45591,45593,2023-03-16T22:00:00,2023-03-17T00:00:00,3,TREND_UP,TREND_UP
491e9a04d1f8c963ae88e03d75224b594610c77e519ccc50f59d7f073c576339,2359,TREND_UP,45594,45596,2023-03-17T01:00:00,2023-03-17T03:00:00,3,VOL_COMPRESSION,VOL_COMPRESSION
dbdb758f662abaa72392c35d71630f4cd73ef33ea01c8a4ef4a65290708f54c7,2360,VOL_COMPRESSION,45597,45602,2023-03-17T04:00:00,2023-03-17T09:00:00,6,TREND_UP,TREND_UP
c6e425d1453454e15eb31be91c757877ee3d2b1a04b410150f09010cdaa8db70,2361,TREND_UP,45603,45623,2023-03-17T10:00:00,2023-03-18T06:00:00,21,VOL_COMPRESSION,VOL_COMPRESSION
c290907a464e3b6910fe2f9f4d4375d922e5a3cfe9cb450b6cd9caae15c8b9f6,2362,VOL_COMPRESSION,45624,45632,2023-03-18T07:00:00,2023-03-18T15:00:00,9,TREND_UP,TREND_UP
c44b5abafa5b9a83e1b308c8883566746e548896c807b3d085aa5b606f4e3d04,2363,TREND_UP,45633,45636,2023-03-18T16:00:00,2023-03-18T19:00:00,4,VOL_COMPRESSION,VOL_COMPRESSION
a966945be6c417dcbe4bd8362dd9e53b37c087f61b71f2497e918d1a6d783c90,2364,VOL_COMPRESSION,45637,45660,2023-03-18T20:00:00,2023-03-19T19:00:00,24,TREND_UP,TREND_UP
a158a1099238d3253e2eee3c891599c523609f3afe1487cb58d58dbb0bb31375,2365,TREND_UP,45661,45670,2023-03-19T20:00:00,2023-03-20T05:00:00,10,VOL_COMPRESSION,VOL_COMPRESSION
2066ce4d8bc0cc7e4949795e0aa00b178a63d951868e386ba777e64aca45e60e,2366,VOL_COMPRESSION,45671,45671,2023-03-20T06:00:00,2023-03-20T06:00:00,1,TREND_UP,TREND_UP
f34eccc4f57f79bbc902f600955235f43f747b58e0067597c0f20b4226631ab4,2367,TREND_UP,45672,45676,2023-03-20T07:00:00,2023-03-20T11:00:00,5,VOL_COMPRESSION,VOL_COMPRESSION
3a8bbf4b9cb0480b4bfd92d7dd61608e7d7601a15cef5d02a8d9d9a068f121db,2368,VOL_COMPRESSION,45677,45677,2023-03-20T12:00:00,2023-03-20T12:00:00,1,TREND_UP,TREND_UP
c2741bb27564a2f624398093d51766aee4f7ca15964c138f342542b3e4c89b48,2369,TREND_UP,45678,45686,2023-03-20T13:00:00,2023-03-20T21:00:00,9,VOL_COMPRESSION,VOL_COMPRESSION
f41407cda2d51981b6487b12cfcbe0d2d8fb107d3bf896bd7f3a14829f514c5d,2370,VOL_COMPRESSION,45687,45687,2023-03-20T22:00:00,2023-03-20T22:00:00,1,TREND_UP,TREND_UP
8def4710c390665025a9608b8f03421d447c5c8d1678f714124b9304985843fe,2371,TREND_UP,45688,45689,2023-03-20T23:00:00,2023-03-21T00:00:00,2,VOL_COMPRESSION,VOL_COMPRESSION
404d99c01eb4a97573df01f03de095be9e20a43f566617d5c173b03c7ecd3dbd,2372,VOL_COMPRESSION,45690,45705,2023-03-21T01:00:00,2023-03-21T16:00:00,16,TREND_UP,TREND_UP
ce0e0331b034a3997acb8546c79865aed148da032778f90d267d03c494d27a1c,2373,TREND_UP,45706,45706,2023-03-21T17:00:00,2023-03-21T17:00:00,1,VOL_COMPRESSION,VOL_COMPRESSION
c6beb79316006445f47860338ac87f100593c366ad24ba12b34e5d45f88a5d0e,2374,VOL_COMPRESSION,45707,45730,2023-03-21T18:00:00,2023-03-22T17:00:00,24,TREND_UP,TREND_UP
ecef57b8ddb8957fb2f60b2d52720e0b1c58c4c55f3ca558ab7318506d82e83b,2375,TREND_UP,45731,45732,2023-03-22T18:00:00,2023-03-22T19:00:00,2,VOL_COMPRESSION,RANGE
984c3a71caba9d70e06ab154a1c6c22be2f924b0e53f334bf623f1d33be950ae,2376,RANGE,45733,45734,2023-03-22T20:00:00,2023-03-22T21:00:00,2,TREND_UP,TREND_DOWN
0e4a83d442f3cd880fed8257bf55606e95d02eccabbb17cb83f1751cb5f21bdc,2377,TREND_DOWN,45735,45739,2023-03-22T22:00:00,2023-03-23T02:00:00,5,RANGE,VOL_COMPRESSION
742919de1fc84e402e9379b3cc351a0363a4d574d992a23ea192da004992a3a7,2378,VOL_COMPRESSION,45740,45751,2023-03-23T03:00:00,2023-03-23T14:00:00,12,TREND_DOWN,RANGE
6f69ed922d870f771195a56e6c6d8e39e8292bf29118a6e63d4c04f1e729ad4a,2379,RANGE,45752,45753,2023-03-23T15:00:00,2023-03-23T16:00:00,2,VOL_COMPRESSION,TREND_UP
f32874c2e87d9ab82d7d3f775578b1ee9209a29ee4953790a70c9a4045031f27,2380,TREND_UP,45754,45760,2023-03-23T17:00:00,2023-03-23T23:00:00,7,RANGE,VOL_COMPRESSION
94e8287b6bc6cb1e770bcbdc5c1561d23e9a6dad1ae6b1fd612e8d5231841bcb,2381,VOL_COMPRESSION,45761,45774,2023-03-24T00:00:00,2023-03-24T13:00:00,14,TREND_UP,RANGE
7467d06ecb5e53193842e5bd4536a70553058aa3def6794e6a62e6162cf0fed3,2382,RANGE,45775,45775,2023-03-24T14:00:00,2023-03-24T14:00:00,1,VOL_COMPRESSION,VOL_COMPRESSION
3c604d37d433f22dc6af74d8e479d12d827f92eabc8e6c805600455abef771d7,2383,VOL_COMPRESSION,45776,45781,2023-03-24T15:00:00,2023-03-24T20:00:00,6,RANGE,TREND_DOWN
a8385ea4eaba88ed0fea9739a886edf4380bc5a59b9354334a501d669f4b1b13,2384,TREND_DOWN,45782,45783,2023-03-24T21:00:00,2023-03-24T22:00:00,2,VOL_COMPRESSION,VOL_COMPRESSION
6bb9dfb2fc974101c10535142e537a678547c534711304323fea9ec24f61c36a,2385,VOL_COMPRESSION,45784,45907,2023-03-24T23:00:00,2023-03-30T02:00:00,124,TREND_DOWN,TREND_UP
bac1b4ee34af9fd29139676f3fa07a3e71e79bec3f2a7f080a8d4e94596e1d6b,2386,TREND_UP,45908,45909,2023-03-30T03:00:00,2023-03-30T04:00:00,2,VOL_COMPRESSION,VOL_COMPRESSION
e8b5fe90315bbff5fdc43bac3426ff01f275a32a999c5af6fba671980e8e47ce,2387,VOL_COMPRESSION,45910,46571,2023-03-30T05:00:00,2023-04-26T18:00:00,662,TREND_UP,TREND_UP
60c971cf148633904c0560c28b60a2b9ae84bd2c3ef28538dd6fe31702eaee42,2388,TREND_UP,46572,46589,2023-04-26T19:00:00,2023-04-27T12:00:00,18,VOL_COMPRESSION,VOL_COMPRESSION
cd3ebcf5cc71a4c24cc264bab37621b870886ab666a8da36136fec027ac5f73a,2389,VOL_COMPRESSION,46590,46591,2023-04-27T13:00:00,2023-04-27T14:00:00,2,TREND_UP,TREND_UP
e9b3490b01c5c0a3727a2db94a3a979d0842ff601082c1a7986fad23a2330315,2390,TREND_UP,46592,46592,2023-04-27T15:00:00,2023-04-27T15:00:00,1,VOL_COMPRESSION,VOL_COMPRESSION
39f9613f44988fe5b4f568e5394ac6d1bff0039e826bf46f0e9ee82d69f0d55f,2391,VOL_COMPRESSION,46593,46594,2023-04-27T16:00:00,2023-04-27T17:00:00,2,TREND_UP,TREND_UP
f85f8477f91be3466add3e137e466aa387b097deba8bf3a08ac37aaf95e4da02,2392,TREND_UP,46595,46599,2023-04-27T18:00:00,2023-04-27T22:00:00,5,VOL_COMPRESSION,VOL_COMPRESSION
02b275caf1cdab465fd96b7e287f8c8e52011115d1ae5735c02897f3e3b1eb04,2393,VOL_COMPRESSION,46600,46905,2023-04-27T23:00:00,2023-05-10T16:00:00,306,TREND_UP,RANGE
854d0d92157945340a22e378c5ae8426e48e8d260d4435b7924bb14cb5ab303a,2394,RANGE,46906,46906,2023-05-10T17:00:00,2023-05-10T17:00:00,1,VOL_COMPRESSION,VOL_COMPRESSION
c9bafdb52f4f508f761957774f4a7b4dff769ef06848b275bf825809a18daf95,2395,VOL_COMPRESSION,46907,46909,2023-05-10T18:00:00,2023-05-10T20:00:00,3,RANGE,TREND_DOWN
acf5b5739b8782d3c5dd1645ac8402ab145b5c72b7f8ea76b5c263d4e02360d1,2396,TREND_DOWN,46910,46911,2023-05-10T21:00:00,2023-05-10T22:00:00,2,VOL_COMPRESSION,VOL_COMPRESSION
2bf5856a0e23ad64774783c72a80a4f07c7728184c4148e01f6127f2e99f7c73,2397,VOL_COMPRESSION,46912,47912,2023-05-10T23:00:00,2023-06-21T15:00:00,1001,TREND_DOWN,TREND_UP
51ef0023360eafe547ac430736765b11ba64a0625de48e77ee85566e40a97bdf,2398,TREND_UP,47913,47918,2023-06-21T16:00:00,2023-06-21T21:00:00,6,VOL_COMPRESSION,VOL_COMPRESSION
3bb6bec4b3f7c027e57fc187669106ec58841cf3759953078d9e0c9a91d4b701,2399,VOL_COMPRESSION,47919,47960,2023-06-21T22:00:00,2023-06-23T15:00:00,42,TREND_UP,TREND_UP
e749cbf18d9708209a99a9ca7ae76b245dd6b9b918571880bf87dd6292182b19,2400,TREND_UP,47961,47964,2023-06-23T16:00:00,2023-06-23T19:00:00,4,VOL_COMPRESSION,VOL_COMPRESSION
8831173bf4e71be21703c4f190d3bb8d3564752b53a2a127cf0e35e2bc55e58c,2401,VOL_COMPRESSION,47965,48125,2023-06-23T20:00:00,2023-06-30T12:00:00,161,TREND_UP,TREND_UP
1d510d2131405ba957c38105e33af514933f8bee86fa0dbf9f3e4080f38f3fd5,2402,TREND_UP,48126,48127,2023-06-30T13:00:00,2023-06-30T14:00:00,2,VOL_COMPRESSION,RANGE
e1dba58aa19db4b469fa8a38580600d521d30127409b3bcd9e049e40045946d5,2403,RANGE,48128,48131,2023-06-30T15:00:00,2023-06-30T18:00:00,4,TREND_UP,VOL_COMPRESSION
b6db7c6c081794c344e7a1f9df3fa2685ddfcf7adf2f29b4613379979988aea2,2404,VOL_COMPRESSION,48132,49285,2023-06-30T19:00:00,2023-08-17T20:00:00,1154,RANGE,TREND_DOWN
e3cee292a6278245792c3be1d7889b8252103aac8a9bd8350de3f89dc0875cc5,2405,TREND_DOWN,49286,49296,2023-08-17T21:00:00,2023-08-18T07:00:00,11,VOL_COMPRESSION,VOL_COMPRESSION
99269258bc004d8c9279da67f2f778fa9bbf80fb35da0df02767e8ce0bf0ad56,2406,VOL_COMPRESSION,49297,49568,2023-08-18T08:00:00,2023-08-29T15:00:00,272,TREND_DOWN,TREND_UP
b194e4cb93652f058badb42bfec58c78bdb00db808f769ca931a5ab182b73abb,2407,TREND_UP,49569,49571,2023-08-29T16:00:00,2023-08-29T18:00:00,3,VOL_COMPRESSION,VOL_COMPRESSION
ba6e71e631b553487a40bd062329a4b3922a0d367efa9d224cf387ba243e4539,2408,VOL_COMPRESSION,49572,50717,2023-08-29T19:00:00,2023-10-16T12:00:00,1146,TREND_UP,TREND_UP
80d5174a6d5938af4c30abd78971dd3b3d19b8d0b81edec2bf20756b490af19f,2409,TREND_UP,50718,50725,2023-10-16T13:00:00,2023-10-16T20:00:00,8,VOL_COMPRESSION,VOL_COMPRESSION
bc998682b2a5cf546b75f782c00df326ee821f3acea799d499d2eea678c25de5,2410,VOL_COMPRESSION,50726,50894,2023-10-16T21:00:00,2023-10-23T21:00:00,169,TREND_UP,TREND_UP
959046f2f784cd72eb07c528718592004808f0f1ce4e02a9c43af731477617f3,2411,TREND_UP,50895,50924,2023-10-23T22:00:00,2023-10-25T03:00:00,30,VOL_COMPRESSION,VOL_COMPRESSION
b1d3c82cbd3f469de1c399a6482f4b07a47342b60594be97a7b34f9999da7ac2,2412,VOL_COMPRESSION,50925,51296,2023-10-25T04:00:00,2023-11-09T15:00:00,372,TREND_UP,TREND_UP
5f97ffaacd1a3f8c81b19d8b3808162597e2cfa3549f6d536f48c1c87935af03,2413,TREND_UP,51297,51303,2023-11-09T16:00:00,2023-11-09T22:00:00,7,VOL_COMPRESSION,VOL_COMPRESSION
365690a33f254b8120cb44697ad5c9a8e533f15d54f6816fa0f7e52f645ad9e6,2414,VOL_COMPRESSION,51304,51418,2023-11-09T23:00:00,2023-11-14T17:00:00,115,TREND_UP,TREND_DOWN
952f9d584fa31b123791ee2f5ce31f7feee2ec30e64504a860214851da1af167,2415,TREND_DOWN,51419,51419,2023-11-14T18:00:00,2023-11-14T18:00:00,1,VOL_COMPRESSION,VOL_COMPRESSION
1ab0aa859dd219092c64a6d8cfdebc7cbee5da8059c30942fa3d13ea1be9d4e7,2416,VOL_COMPRESSION,51420,51585,2023-11-14T19:00:00,2023-11-21T16:00:00,166,TREND_DOWN,RANGE
cd357bc2c273d2bda62ab0812e0b88c76bf60a4f216ea3f82adfecada68d6b72,2417,RANGE,51586,51586,2023-11-21T17:00:00,2023-11-21T17:00:00,1,VOL_COMPRESSION,VOL_COMPRESSION
9b82a8d417904f1c2276cb7426bc807af6eb17c92e850f53dfd9fbb40ff03c89,2418,VOL_COMPRESSION,51587,51591,2023-11-21T18:00:00,2023-11-21T22:00:00,5,RANGE,TREND_DOWN
a9b35741cf7b7489873deb41482bd771dcc44c958f2487d91a5457c98730c6bd,2419,TREND_DOWN,51592,51593,2023-11-21T23:00:00,2023-11-22T00:00:00,2,VOL_COMPRESSION,VOL_COMPRESSION
277c9c316ea26320aaaed982bc98800c7c242848494c94674de18c8035f6d153,2420,VOL_COMPRESSION,51594,51926,2023-11-22T01:00:00,2023-12-05T21:00:00,333,TREND_DOWN,TREND_UP
e6efe6f83b9852b767296421b409842e354e9533a707517dbca30eee1c191068,2421,TREND_UP,51927,51929,2023-12-05T22:00:00,2023-12-06T00:00:00,3,VOL_COMPRESSION,VOL_COMPRESSION
30672d5dd5bd824aaec02eb4b5c6c9a2b69b003be1c4db22b6a905302ec2aded,2422,VOL_COMPRESSION,51930,52050,2023-12-06T01:00:00,2023-12-11T01:00:00,121,TREND_UP,TREND_DOWN
4d30ca4a5ae2aa92a9a28a44271b56c58d0e63422d2d5ef4f71bbb50536eb5d3,2423,TREND_DOWN,52051,52056,2023-12-11T02:00:00,2023-12-11T07:00:00,6,VOL_COMPRESSION,VOL_COMPRESSION
d4138b08c9023b7c36673616a808997f7ceae591356b6eaaa8d04d099877fddc,2424,VOL_COMPRESSION,52057,52067,2023-12-11T08:00:00,2023-12-11T18:00:00,11,TREND_DOWN,TREND_DOWN
1f85ce4d7168d53c5964132ddffd4f377b37fc8ed8908bd8c7b749b100b05166,2425,TREND_DOWN,52068,52070,2023-12-11T19:00:00,2023-12-11T21:00:00,3,VOL_COMPRESSION,VOL_COMPRESSION
c9c9afa22f6ef15ac8f54c2e912d0a4ec5ab268ac0024ce13582ed07cb92f849,2426,VOL_COMPRESSION,52071,52612,2023-12-11T22:00:00,2024-01-03T11:00:00,542,TREND_DOWN,RANGE
af06a5617fa5d2bacea513b3ff33f9e490b7406e54ecb87201b79774322dd082,2427,RANGE,52613,52616,2024-01-03T12:00:00,2024-01-03T15:00:00,4,VOL_COMPRESSION,TREND_DOWN
f5a33683672c6afeb2896e1d0aa3febb87afb8ef27ce103c05acc5cdb8727d22,2428,TREND_DOWN,52617,52625,2024-01-03T16:00:00,2024-01-04T00:00:00,9,RANGE,VOL_COMPRESSION
35a51f32a7e834dc564c8f5117a1c703ea8070d6b8cb38bd090d42d7d3631fe9,2429,VOL_COMPRESSION,52626,52649,2024-01-04T01:00:00,2024-01-05T00:00:00,24,TREND_DOWN,TREND_UP
59c423df8e2d6c76baab44a933af90aa7cdc843e5eba79b8d3b25367db33d809,2430,TREND_UP,52650,52652,2024-01-05T01:00:00,2024-01-05T03:00:00,3,VOL_COMPRESSION,RANGE
096abb04ae867ffebe0d7bbb7104246a040dc961029857f4b9ed3c87a38496ee,2431,RANGE,52653,52654,2024-01-05T04:00:00,2024-01-05T05:00:00,2,TREND_UP,VOL_COMPRESSION
fa91298765cfd8d6fa996a47e0369f5d5d533a7e98e4f1b7e7463be6052aaecd,2432,VOL_COMPRESSION,52655,52738,2024-01-05T06:00:00,2024-01-08T17:00:00,84,RANGE,TREND_UP
95a703c7b2432d2075a06173133db6ef3563a6ae416c1fd05217a635a5caf960,2433,TREND_UP,52739,52742,2024-01-08T18:00:00,2024-01-08T21:00:00,4,VOL_COMPRESSION,VOL_COMPRESSION
f3ab43ec753fffd1e2b226af13b4bb77a3c7c74dd0e982e8bd3f0f788c64e785,2434,VOL_COMPRESSION,52743,52744,2024-01-08T22:00:00,2024-01-08T23:00:00,2,TREND_UP,TREND_UP
16b5bcce7506825ced101fa30ddf5d5f681cf99477cd4e263fb6ccf7ce2834db,2435,TREND_UP,52745,52746,2024-01-09T00:00:00,2024-01-09T01:00:00,2,VOL_COMPRESSION,VOL_COMPRESSION
04c9abe48c72a277f88df0e8f599ce8edfb743ba5f95916cff48060f7cf6c794,2436,VOL_COMPRESSION,52747,52765,2024-01-09T02:00:00,2024-01-09T20:00:00,19,TREND_UP,TREND_UP
7521b6fe15618af91c98d45470ca0b8b2808a8d32b6b3c382547f910d1eb0b96,2437,TREND_UP,52766,52772,2024-01-09T21:00:00,2024-01-10T03:00:00,7,VOL_COMPRESSION,VOL_COMPRESSION
eecce7961e7921c5b56751c1de1a55e97f8094c8f72a3fa1748bb3ab8ee11385,2438,VOL_COMPRESSION,52773,52780,2024-01-10T04:00:00,2024-01-10T11:00:00,8,TREND_UP,RANGE
707f190af17867c43643bd5e585b9184132d622738e918bedb44dfa53b874a70,2439,RANGE,52781,52782,2024-01-10T12:00:00,2024-01-10T13:00:00,2,VOL_COMPRESSION,TREND_DOWN
5b9a155b75a4ad95777314f9cce01287c4b8d41f84f952bf7bffb255231e0cb1,2440,TREND_DOWN,52783,52785,2024-01-10T14:00:00,2024-01-10T16:00:00,3,RANGE,RANGE
961140f30050b8df23d3d1b7194e4a85ab3f09d75dabf4e0de4ef018edb8d68f,2441,RANGE,52786,52786,2024-01-10T17:00:00,2024-01-10T17:00:00,1,TREND_DOWN,TREND_UP
9348eb62a0cb303bc24e86bdfc65bb241154ab9974aa820946ec8eac5132f8b4,2442,TREND_UP,52787,52800,2024-01-10T18:00:00,2024-01-11T07:00:00,14,RANGE,VOL_COMPRESSION
e296bdc51983a7a92d98831a139b6c157915562dff50f0ca6f0e61d74f10fb0a,2443,VOL_COMPRESSION,52801,52806,2024-01-11T08:00:00,2024-01-11T13:00:00,6,TREND_UP,TREND_UP
0db31d84f190cd426d8e76fc0ea9c1aa20218a02182d432e4bd2f2e10ca2ef26,2444,TREND_UP,52807,52817,2024-01-11T14:00:00,2024-01-12T00:00:00,11,VOL_COMPRESSION,RANGE
26b8987e6482b4b278770071453a794b7f201cd75811f8e9567151a78c67db8f,2445,RANGE,52818,52818,2024-01-12T01:00:00,2024-01-12T01:00:00,1,TREND_UP,VOL_COMPRESSION
eef87db84493cd7b7926e58ca72b9df87e50ed3dd41b05438bbb0c1302b5c6ff,2446,VOL_COMPRESSION,52819,52831,2024-01-12T02:00:00,2024-01-12T14:00:00,13,RANGE,TREND_DOWN
a350bb7a8583048b49bf93338b42e7d0e6ef2fc22b149d2689ff378f8ab8dfdb,2447,TREND_DOWN,52832,52845,2024-01-12T15:00:00,2024-01-13T04:00:00,14,VOL_COMPRESSION,VOL_COMPRESSION
a944c4af2938307cd145f1fcfd27dd15675d3829125e406b08597a5eb48d1eef,2448,VOL_COMPRESSION,52846,53002,2024-01-13T05:00:00,2024-01-19T17:00:00,157,TREND_DOWN,TREND_DOWN
5db96c9e20db6e68ae4c37d1b33935793350c5e883d5fabdb97c028c10bdced6,2449,TREND_DOWN,53003,53003,2024-01-19T18:00:00,2024-01-19T18:00:00,1,VOL_COMPRESSION,VOL_COMPRESSION
8da811619a3c17be737777911ac238b493a78eed25deb08cea8a60ba11a347f8,2450,VOL_COMPRESSION,53004,53004,2024-01-19T19:00:00,2024-01-19T19:00:00,1,TREND_DOWN,TREND_DOWN
c042258a4e4b587acf886903e2b9a5f96e9851b8f3aae767cd730d0964a77ee3,2451,TREND_DOWN,53005,53006,2024-01-19T20:00:00,2024-01-19T21:00:00,2,VOL_COMPRESSION,VOL_COMPRESSION
39fcda6f50d74a674f1922d0ad4f879e94d595db0a3fbe0d9b9912a6dafc5d84,2452,VOL_COMPRESSION,53007,53075,2024-01-19T22:00:00,2024-01-22T18:00:00,69,TREND_DOWN,TREND_DOWN
b686f8c638cbc15808fd7df729e237daee6114bd3faa47afe61106273a8e6ba5,2453,TREND_DOWN,53076,53081,2024-01-22T19:00:00,2024-01-23T00:00:00,6,VOL_COMPRESSION,VOL_COMPRESSION
6269a3c33e527dd628cf832a12d6ee0c7d8fbf8e5ffa9de700c2fc209eb869b2,2454,VOL_COMPRESSION,53082,53922,2024-01-23T01:00:00,2024-02-27T01:00:00,841,TREND_DOWN,TREND_UP
df1a50107ad0b090242aae8d61f2d57fa1deefc8065add1ee50d3b709b751294,2455,TREND_UP,53923,53926,2024-02-27T02:00:00,2024-02-27T05:00:00,4,VOL_COMPRESSION,VOL_COMPRESSION
214c1281d48be46a7df2e1233b2f6b0a6a15bddd7ae903b9e250ef5773b5c941,2456,VOL_COMPRESSION,53927,53957,2024-02-27T06:00:00,2024-02-28T12:00:00,31,TREND_UP,TREND_UP
3c2ecd39665b5b92b584cc97b56ccf5a095218754fba2dffd5b27597f8f95f15,2457,TREND_UP,53958,53961,2024-02-28T13:00:00,2024-02-28T16:00:00,4,VOL_COMPRESSION,VOL_EXPANSION
6a650770eb79e7d86ef08530485df65812cf3e763072ec2308f069b479a3f8d3,2458,VOL_EXPANSION,53962,53965,2024-02-28T17:00:00,2024-02-28T20:00:00,4,TREND_UP,TREND_UP
3b2462f46292fc643abe19db4622d6a440f9e222ce268e45ac9cdc49b3c4195c,2459,TREND_UP,53966,53996,2024-02-28T21:00:00,2024-03-01T03:00:00,31,VOL_EXPANSION,VOL_COMPRESSION
1f20ebbc9d89ae1f4e6f5f5b59be80031f1e05fd88458bbff95103cc99e439a9,2460,VOL_COMPRESSION,53997,54081,2024-03-01T04:00:00,2024-03-04T16:00:00,85,TREND_UP,TREND_UP
3f5e7473921f42d9573025e29a2f5642294be164e9ecf6261d851ae48fad5e0d,2461,TREND_UP,54082,54107,2024-03-04T17:00:00,2024-03-05T18:00:00,26,VOL_COMPRESSION,VOL_EXPANSION
29b414190193e7cf01d811b40207403c226453ceee7529bec3d41fba5d83b032,2462,VOL_EXPANSION,54108,54112,2024-03-05T19:00:00,2024-03-05T23:00:00,5,TREND_UP,TREND_DOWN
19da7114a8dbacc453498b02e6e003daf53be5fb63607d2932f00a776df82475,2463,TREND_DOWN,54113,54119,2024-03-06T00:00:00,2024-03-06T06:00:00,7,VOL_EXPANSION,RANGE
8229dde596698e8beffb68e126292be8d0a7197254620304c2165d711c836052,2464,RANGE,54120,54120,2024-03-06T07:00:00,2024-03-06T07:00:00,1,TREND_DOWN,TREND_UP
910021d6622c678a4d910a5f7e7fca661f9ac31ea82e1113b20586a14ba1a419,2465,TREND_UP,54121,54140,2024-03-06T08:00:00,2024-03-07T03:00:00,20,RANGE,VOL_COMPRESSION
1b97ae72a37ac469c39aa389f4ba84c1abe51c72c3c073b52e5c2bda87b81b51,2466,VOL_COMPRESSION,54141,54175,2024-03-07T04:00:00,2024-03-08T14:00:00,35,TREND_UP,TREND_UP
87b64b66a9d803331f253bb83cccb7770ed82a013ca96dc261b38ee6a78291cd,2467,TREND_UP,54176,54183,2024-03-08T15:00:00,2024-03-08T22:00:00,8,VOL_COMPRESSION,VOL_COMPRESSION
c73d3caec299cbed92e950b5442065398dc8549f01efb30b59adbdf647e40762,2468,VOL_COMPRESSION,54184,54272,2024-03-08T23:00:00,2024-03-12T15:00:00,89,TREND_UP,TREND_UP
b972c51cf8a5c1c403f8b2f04dc755a3e8045bf41c15399b7b159a29ae8b9eea,2469,TREND_UP,54273,54279,2024-03-12T16:00:00,2024-03-12T22:00:00,7,VOL_COMPRESSION,VOL_COMPRESSION
4a6e4cdc38c290e465c870d3b675e7ac3ecc704dc10ad75e7658d3798b49bd6e,2470,VOL_COMPRESSION,54280,54319,2024-03-12T23:00:00,2024-03-14T14:00:00,40,TREND_UP,RANGE
f5265f5ddad8435c1746788da20d42eaaa4a8e737781841ba7719c62946d73fe,2471,RANGE,54320,54322,2024-03-14T15:00:00,2024-03-14T17:00:00,3,VOL_COMPRESSION,TREND_DOWN
58a24651d4762d2d07bdc95373f5b86f6e468583a9358407170efc80a425490c,2472,TREND_DOWN,54323,54357,2024-03-14T18:00:00,2024-03-16T04:00:00,35,RANGE,VOL_COMPRESSION
c978d9eb75557f7a6d6ed29704f29c88bcd7f30d3d32356bd1e7ab2b1beba0da,2473,VOL_COMPRESSION,54358,54374,2024-03-16T05:00:00,2024-03-16T21:00:00,17,TREND_DOWN,TREND_DOWN
83de48f81dc6b42691da5530c8574dc0a742e269577cfae34270ca973a883700,2474,TREND_DOWN,54375,54380,2024-03-16T22:00:00,2024-03-17T03:00:00,6,VOL_COMPRESSION,VOL_COMPRESSION
0cf89056b8ec87e7007c65499893497654a7e4bb6a3f4d775362f25aad64917f,2475,VOL_COMPRESSION,54381,54382,2024-03-17T04:00:00,2024-03-17T05:00:00,2,TREND_DOWN,TREND_DOWN
ccb23e41bf26858eb39fd2863b81559761b3213d82b894ff790ef5e7f1d6dd03,2476,TREND_DOWN,54383,54393,2024-03-17T06:00:00,2024-03-17T16:00:00,11,VOL_COMPRESSION,RANGE
797988dccc9741fcfd0ca6c7169d1e13c0004768578d068fe99bd0218e4e1a58,2477,RANGE,54394,54394,2024-03-17T17:00:00,2024-03-17T17:00:00,1,TREND_DOWN,VOL_COMPRESSION
ffb37ff880c974767288da0dfcc4e5d849b1141f646f8db44c8958ed78bffcd1,2478,VOL_COMPRESSION,54395,54416,2024-03-17T18:00:00,2024-03-18T15:00:00,22,RANGE,TREND_DOWN
8a61b119607d8d0a373989df8959d2f0d536a7a8fe9aadc5bd9deb54f49b943c,2479,TREND_DOWN,54417,54419,2024-03-18T16:00:00,2024-03-18T18:00:00,3,VOL_COMPRESSION,VOL_COMPRESSION
e27904657146d6ec7ae75c6a73f83b274b8d63c7a715a5e8ae5d4c44183621bf,2480,VOL_COMPRESSION,54420,54425,2024-03-18T19:00:00,2024-03-19T00:00:00,6,TREND_DOWN,TREND_DOWN
926b9dfc83c19aa4b31c4495e14dae22638fd8471d734f561dc46ec685bd3b43,2481,TREND_DOWN,54426,54468,2024-03-19T01:00:00,2024-03-20T19:00:00,43,VOL_COMPRESSION,RANGE
996f0dbcf902e14f49b31f6f77d8874286977f3aa00776cb52742fa202c7b744,2482,RANGE,54469,54471,2024-03-20T20:00:00,2024-03-20T22:00:00,3,TREND_DOWN,TREND_UP
2a4050087dee19a4418aaab2577800f7ccd3bb5c0b298ad60b530d193203403e,2483,TREND_UP,54472,54479,2024-03-20T23:00:00,2024-03-21T06:00:00,8,RANGE,VOL_COMPRESSION
6db7526fea6f0efc256d258d5a9d23475c27f45e45c01d33233dd14b31e7b8ed,2484,VOL_COMPRESSION,54480,54489,2024-03-21T07:00:00,2024-03-21T16:00:00,10,TREND_UP,TREND_UP
a24475314bbc9096a2b1d3150e6f63ac1f52dee30680de9f5326013523019650,2485,TREND_UP,54490,54492,2024-03-21T17:00:00,2024-03-21T19:00:00,3,VOL_COMPRESSION,RANGE
c5b1e35e160c8fd019d6e4c1c3d61559346f3788c2e995c9032cb779bfb16823,2486,RANGE,54493,54495,2024-03-21T20:00:00,2024-03-21T22:00:00,3,TREND_UP,VOL_COMPRESSION
35fece497d3005e0eb0c09a7167ca4e9ee7f2fa8593c3bda83ea3467182ed004,2487,VOL_COMPRESSION,54496,54509,2024-03-21T23:00:00,2024-03-22T12:00:00,14,RANGE,TREND_DOWN
2ca6d4370bbfe517adfb392124b23de5438832d4f3b9c0e02e00295df2bbcc64,2488,TREND_DOWN,54510,54522,2024-03-22T13:00:00,2024-03-23T01:00:00,13,VOL_COMPRESSION,VOL_COMPRESSION
abc91ffe6fb0629b96ce6ae056b784dc1b0d63fae22feefe66e97a90497ae311,2489,VOL_COMPRESSION,54523,54523,2024-03-23T02:00:00,2024-03-23T02:00:00,1,TREND_DOWN,TREND_DOWN
82cc2ac97f13cd28e9b7377c89b95baa0d20fd8aa20024b159df6e264f9a7bfe,2490,TREND_DOWN,54524,54524,2024-03-23T03:00:00,2024-03-23T03:00:00,1,VOL_COMPRESSION,VOL_COMPRESSION
489fd6ce1ab1cf03a3c22d0415c811c645121d9cbd55b3b25e96c1ab6acbf79d,2491,VOL_COMPRESSION,54525,54630,2024-03-23T04:00:00,2024-03-27T13:00:00,106,TREND_DOWN,TREND_UP
4e303b4eb5b694a3cd96c48e3b73d798e40d6b95e0130ad63dcef5d9f0d172e7,2492,TREND_UP,54631,54633,2024-03-27T14:00:00,2024-03-27T16:00:00,3,VOL_COMPRESSION,RANGE
9047b2f6afa02c86e9e8877abed6820f263a0ea02862688de5e73d524d88c199,2493,RANGE,54634,54635,2024-03-27T17:00:00,2024-03-27T18:00:00,2,TREND_UP,VOL_COMPRESSION
02beff3604a1d705590a6f64683b9b8224a18e401931d1e886e23ad22c57dc69,2494,VOL_COMPRESSION,54636,54762,2024-03-27T19:00:00,2024-04-02T01:00:00,127,RANGE,TREND_DOWN
75b5064666d39577b7393b229edaeee7726a4838faffe05565834b9d620b3908,2495,TREND_DOWN,54763,54766,2024-04-02T02:00:00,2024-04-02T05:00:00,4,VOL_COMPRESSION,VOL_COMPRESSION
c6e5a6774153076faa34118a12917eed0261cc37fc1a9caccd07dcd043aac455,2496,VOL_COMPRESSION,54767,54774,2024-04-02T06:00:00,2024-04-02T13:00:00,8,TREND_DOWN,TREND_DOWN
743423287e4e3b4d559cf5f920d4bba4e967301d9e87e82ac07244f1c0d16fe0,2497,TREND_DOWN,54775,54780,2024-04-02T14:00:00,2024-04-02T19:00:00,6,VOL_COMPRESSION,VOL_COMPRESSION
d31eb7a34ac68055b6086eeae885864c08d141b09814720ea59146e5a3e9a3a4,2498,VOL_COMPRESSION,54781,54846,2024-04-02T20:00:00,2024-04-05T13:00:00,66,TREND_DOWN,TREND_UP
c499b891959e7bb395ae8063862ab0ce3c259558f84aa18d18ad329d3cf05b66,2499,TREND_UP,54847,54847,2024-04-05T14:00:00,2024-04-05T14:00:00,1,VOL_COMPRESSION,VOL_COMPRESSION
10c6af704af7185a5ee98ed06a8dfc9fbfcc0529654a488dedd9dab33653f9ab,2500,VOL_COMPRESSION,54848,55018,2024-04-05T15:00:00,2024-04-12T17:00:00,171,TREND_UP,TREND_DOWN
7eec6d2077a134ef6a83470b62fafb4f6776e9eb7e7fb8a2aea54217d73d2c08,2501,TREND_DOWN,55019,55024,2024-04-12T18:00:00,2024-04-12T23:00:00,6,VOL_COMPRESSION,VOL_COMPRESSION
1bb28279805abd102783b89958691a936d468cbf574d80b08d5b2791707d9d0f,2502,VOL_COMPRESSION,55025,55025,2024-04-13T00:00:00,2024-04-13T00:00:00,1,TREND_DOWN,TREND_DOWN
636a10ccceb9e6944579595c57d8853725535f022f3ab68e2667d6db74ddcf27,2503,TREND_DOWN,55026,55027,2024-04-13T01:00:00,2024-04-13T02:00:00,2,VOL_COMPRESSION,VOL_COMPRESSION
9d722ecc6dd570ce5851f1449b34fbbe063ca393ae015bb4fb54cb03b44a13d7,2504,VOL_COMPRESSION,55028,55028,2024-04-13T03:00:00,2024-04-13T03:00:00,1,TREND_DOWN,TREND_DOWN
b6ae9c1e6035547427dba710718a03b2d69f4c342f3babbd4aea102bfc200f28,2505,TREND_DOWN,55029,55031,2024-04-13T04:00:00,2024-04-13T06:00:00,3,VOL_COMPRESSION,VOL_COMPRESSION
0fdd93d622c2d3c5401ab22d1dae9e68be836ffaad3c2f215d8a0a1a36792ca9,2506,VOL_COMPRESSION,55032,55043,2024-04-13T07:00:00,2024-04-13T18:00:00,12,TREND_DOWN,TREND_DOWN
0ca2cbc3c1b9f349765143c5375567d66e39171845c3b7c9ce28b7c2fd95ff1c,2507,TREND_DOWN,55044,55047,2024-04-13T19:00:00,2024-04-13T22:00:00,4,VOL_COMPRESSION,VOL_EXPANSION
9fb94c9701b612f196d844e353265d9a3747dc7cc29b23974186587b09dfac72,2508,VOL_EXPANSION,55048,55049,2024-04-13T23:00:00,2024-04-14T00:00:00,2,TREND_DOWN,TREND_DOWN
15a70ba3fff348daa4341f234b4f98107b167fcde54a3e1ce10bad8cdae78fd5,2509,TREND_DOWN,55050,55075,2024-04-14T01:00:00,2024-04-15T02:00:00,26,VOL_EXPANSION,VOL_COMPRESSION
37246a48d340a9ed2d5e372360d12949ad2b9bc1f3726460510c90cf31f0fcde,2510,VOL_COMPRESSION,55076,55086,2024-04-15T03:00:00,2024-04-15T13:00:00,11,TREND_DOWN,TREND_DOWN
eb753997fc3e0945ea37a7dfb3a95bbb97ef1c4a342c110ff97d41a943b4936e,2511,TREND_DOWN,55087,55105,2024-04-15T14:00:00,2024-04-16T08:00:00,19,VOL_COMPRESSION,VOL_COMPRESSION
b2d2e37bc4f8fbad5a29e8a900be0a5c4a522089b04a2c020875647bec84d282,2512,VOL_COMPRESSION,55106,55106,2024-04-16T09:00:00,2024-04-16T09:00:00,1,TREND_DOWN,TREND_DOWN
2b4df769f404a05840b773ae2c9511f56380d08dbcd94cba88bbdd15be846e3e,2513,TREND_DOWN,55107,55119,2024-04-16T10:00:00,2024-04-16T22:00:00,13,VOL_COMPRESSION,VOL_COMPRESSION
01ce5c78feb4b2a8d4d000fc9442354e8d287d17922c42a908f5adb92e4dfad5,2514,VOL_COMPRESSION,55120,55134,2024-04-16T23:00:00,2024-04-17T13:00:00,15,TREND_DOWN,TREND_DOWN
ac73503408f433e01a37dd19565be72d2cc3c783b57ed5d4c1afaf136767ce07,2515,TREND_DOWN,55135,55145,2024-04-17T14:00:00,2024-04-18T00:00:00,11,VOL_COMPRESSION,VOL_COMPRESSION
b253b5d7cf25efd24e757316380a2aacdab659823233b9e3babbc037d91a0a9c,2516,VOL_COMPRESSION,55146,55157,2024-04-18T01:00:00,2024-04-18T12:00:00,12,TREND_DOWN,TREND_DOWN
29abd5fa4fbfb75d8cf20da9035f26ceced9a6ccd2ac1aa2b321fecd811f9aee,2517,TREND_DOWN,55158,55158,2024-04-18T13:00:00,2024-04-18T13:00:00,1,VOL_COMPRESSION,RANGE
0f66b055f5b6fd693c89bc3cbab6f9a99cf63f8ab8d105e28fe21c04f14f7fac,2518,RANGE,55159,55164,2024-04-18T14:00:00,2024-04-18T19:00:00,6,TREND_DOWN,VOL_COMPRESSION
d565b9c0a3de5dc86f00c52842fc8f76d324292c9727e173f7072312ce413bf9,2519,VOL_COMPRESSION,55165,55169,2024-04-18T20:00:00,2024-04-19T00:00:00,5,RANGE,RANGE
7d4c95bacaab153e46d5c97f9e045bc1e9cc0f36d3173796da5a82ba4411af4a,2520,RANGE,55170,55170,2024-04-19T01:00:00,2024-04-19T01:00:00,1,VOL_COMPRESSION,TREND_DOWN
7c3cfc78fb0150fefadf77556374381551acbab44eac66162a96bcedf52cb0a9,2521,TREND_DOWN,55171,55175,2024-04-19T02:00:00,2024-04-19T06:00:00,5,RANGE,TREND_UP
9f4229e4b3f0ee7ffc6c6d0144ebf80e86d3146a022da62c348d028730484353,2522,TREND_UP,55176,55189,2024-04-19T07:00:00,2024-04-19T20:00:00,14,TREND_DOWN,VOL_COMPRESSION
ee7143c0e2c092626e2640300fa251c991b64938a7b529a5f49b8105eeee70d8,2523,VOL_COMPRESSION,55190,55192,2024-04-19T21:00:00,2024-04-19T23:00:00,3,TREND_UP,TREND_UP
d843f5ad743a9cf51fe071c8859f228b5bd99b3abea4ade4c8f2e0eebaa35a9a,2524,TREND_UP,55193,55193,2024-04-20T00:00:00,2024-04-20T00:00:00,1,VOL_COMPRESSION,VOL_COMPRESSION
ce004126b8bf72491d8e546a9a6afc3370655a1c1bbf303415e272f88185f1de,2525,VOL_COMPRESSION,55194,55451,2024-04-20T01:00:00,2024-04-30T18:00:00,258,TREND_UP,TREND_DOWN
3f3a58a5409ca7205c02ef93d838c2562e3289dd2b1cbace008d03b5ff117e03,2526,TREND_DOWN,55452,55457,2024-04-30T19:00:00,2024-05-01T00:00:00,6,VOL_COMPRESSION,VOL_COMPRESSION
7f71e006a9955377ec33652a5244df6115e65fad591f384bb085a211be4e5506,2527,VOL_COMPRESSION,55458,55463,2024-05-01T01:00:00,2024-05-01T06:00:00,6,TREND_DOWN,TREND_DOWN
6fd951ad73f5ba160485e0b161b6b33ab44cc9d45dd7b7bf60a6673469c91dd1,2528,TREND_DOWN,55464,55486,2024-05-01T07:00:00,2024-05-02T05:00:00,23,VOL_COMPRESSION,VOL_COMPRESSION
4b70336d338c62dfe7be6b5787764ae8a054ff98012d2d0270806f40038a690c,2529,VOL_COMPRESSION,55487,55689,2024-05-02T06:00:00,2024-05-10T16:00:00,203,TREND_DOWN,TREND_DOWN
ab85b7988bfe271419f102d27244c0fd5dcac4b538a9f4c11845611f9ea0a37d,2530,TREND_DOWN,55690,55690,2024-05-10T17:00:00,2024-05-10T17:00:00,1,VOL_COMPRESSION,VOL_COMPRESSION
fd18fdfbae8285aa46fbd95db707c67b20497cc390fc2a0368a45788a262c9e9,2531,VOL_COMPRESSION,55691,55935,2024-05-10T18:00:00,2024-05-20T22:00:00,245,TREND_DOWN,TREND_UP
813bedaa2b6e2c957aa4ea403047a26825cfe8690cbfa7d7667ea1b483bad979,2532,TREND_UP,55936,55937,2024-05-20T23:00:00,2024-05-21T00:00:00,2,VOL_COMPRESSION,VOL_COMPRESSION
9ab6f6eab3eb3171aa4fdcf4a63d976a41cb546e78a3dbefdbbcdbbb3797fb2a,2533,VOL_COMPRESSION,55938,56005,2024-05-21T01:00:00,2024-05-23T20:00:00,68,TREND_UP,TREND_DOWN
9937c7ed71a6d5d0e5b7112d09dbc1fd5bd22da08952b5f5f1920755ad4818fe,2534,TREND_DOWN,56006,56006,2024-05-23T21:00:00,2024-05-23T21:00:00,1,VOL_COMPRESSION,VOL_COMPRESSION
abea8afbc9baca9022c853a222c367bf89a3b72d2e0eac5b1d62be3cb7ef5662,2535,VOL_COMPRESSION,56007,56771,2024-05-23T22:00:00,2024-06-24T18:00:00,765,TREND_DOWN,TREND_DOWN
b58f82d93dab866d14063a679cf3b76315076e1c5c2eae5c348bfa96268286c8,2536,TREND_DOWN,56772,56775,2024-06-24T19:00:00,2024-06-24T22:00:00,4,VOL_COMPRESSION,VOL_COMPRESSION
c63850f3ff4fefe03eba0e1c4cea85f42192e68e478c5aabae1cb01c74b6f1c9,2537,VOL_COMPRESSION,56776,56994,2024-06-24T23:00:00,2024-07-04T01:00:00,219,TREND_DOWN,TREND_DOWN
0e844f9a168f20155e766e67919ee87bd25713632cd5703048307f03f3609417,2538,TREND_DOWN,56995,56995,2024-07-04T02:00:00,2024-07-04T02:00:00,1,VOL_COMPRESSION,VOL_COMPRESSION
7448b2cda6759ba73da8e6c8dbd2a23544240dde664e7d0ad7ecb6f315b660d4,2539,VOL_COMPRESSION,56996,57001,2024-07-04T03:00:00,2024-07-04T08:00:00,6,TREND_DOWN,TREND_DOWN
708b96466f21aa981cc5a4159296c0498dbbbd523e580c3d4628127d9052264a,2540,TREND_DOWN,57002,57002,2024-07-04T09:00:00,2024-07-04T09:00:00,1,VOL_COMPRESSION,VOL_COMPRESSION
21431a90f81576ec75776ce768dd5b4edc8b4a5d9f1f8c1984c582ef715472c4,2541,VOL_COMPRESSION,57003,57007,2024-07-04T10:00:00,2024-07-04T14:00:00,5,TREND_DOWN,TREND_DOWN
e5914235aaa3b9f4287547f0349d2a1f4802d0e19c55891a117c2a5ae47fa0f7,2542,TREND_DOWN,57008,57009,2024-07-04T15:00:00,2024-07-04T16:00:00,2,VOL_COMPRESSION,VOL_COMPRESSION
bb852cdbaa8aa18f62cdc55aee212cbb3cd1fe8a74abe8a76b89fe3e21f923a8,2543,VOL_COMPRESSION,57010,57018,2024-07-04T17:00:00,2024-07-05T01:00:00,9,TREND_DOWN,TREND_DOWN
7d1ad05014c493598b680b915102bc55b32a7d518dcd0efdebca1e5ddc1c45c5,2544,TREND_DOWN,57019,57038,2024-07-05T02:00:00,2024-07-05T21:00:00,20,VOL_COMPRESSION,VOL_COMPRESSION
fc723c6aab16c1cfc73a5a38931f1036741c1e57e707fba2507b498b0ed55355,2545,VOL_COMPRESSION,57039,57092,2024-07-05T22:00:00,2024-07-08T03:00:00,54,TREND_DOWN,TREND_DOWN
36eced559880f735bca5ae5d904cec64ab2a541542f76e482d42b1725f2ecb7f,2546,TREND_DOWN,57093,57093,2024-07-08T04:00:00,2024-07-08T04:00:00,1,VOL_COMPRESSION,VOL_COMPRESSION
14d80b07af7efd4509ef94a240afdc377bf967b51c8da7f8191c0e89a5111379,2547,VOL_COMPRESSION,57094,57094,2024-07-08T05:00:00,2024-07-08T05:00:00,1,TREND_DOWN,TREND_DOWN
2acfe62aecd10ae5e1b075f323122accd26de174b7f43259bc083e90bcb73763,2548,TREND_DOWN,57095,57095,2024-07-08T06:00:00,2024-07-08T06:00:00,1,VOL_COMPRESSION,VOL_COMPRESSION
bd13c59411ccda1d03df73aa3b26ac45b655119d77e848de600a2539b790cfaa,2549,VOL_COMPRESSION,57096,57096,2024-07-08T07:00:00,2024-07-08T07:00:00,1,TREND_DOWN,TREND_DOWN
c42c093d0e7d78805f298b0233a78aef7c5b9e61159072d6074b6ea19916e790,2550,TREND_DOWN,57097,57099,2024-07-08T08:00:00,2024-07-08T10:00:00,3,VOL_COMPRESSION,RANGE
71769106785cb4c95ae79db76fbdb936f0bdc2932a8e2417890f9b5031743f01,2551,RANGE,57100,57103,2024-07-08T11:00:00,2024-07-08T14:00:00,4,TREND_DOWN,TREND_DOWN
c879aa42fd046e46fb80dfa8fd387a645019e06976d629e9e11c667ffbeb173a,2552,TREND_DOWN,57104,57111,2024-07-08T15:00:00,2024-07-08T22:00:00,8,RANGE,VOL_COMPRESSION
1d7e9597b283169651507dd5ca8780e2a1606fbf99a27d4d98d4f28894c3d398,2553,VOL_COMPRESSION,57112,57114,2024-07-08T23:00:00,2024-07-09T01:00:00,3,TREND_DOWN,RANGE
9da76d67e26eb6ff7964cbc9b9dd933bf07078bde19013ed5f5743bc64ac61d9,2554,RANGE,57115,57115,2024-07-09T02:00:00,2024-07-09T02:00:00,1,VOL_COMPRESSION,VOL_COMPRESSION
801a7f2fe9a76d041162cea29c576797f1097c38313491a3903e67b0f10e59cb,2555,VOL_COMPRESSION,57116,57296,2024-07-09T03:00:00,2024-07-16T15:00:00,181,RANGE,TREND_UP
a21374aab9e9a876fc090537ab7c8c108c64184da67803615a052a076bea700b,2556,TREND_UP,57297,57297,2024-07-16T16:00:00,2024-07-16T16:00:00,1,VOL_COMPRESSION,VOL_COMPRESSION
10c6115fa36c45c35ca230061e111ad5b7ce1788a676f07c90d2d97437376cb4,2557,VOL_COMPRESSION,57298,57702,2024-07-16T17:00:00,2024-08-02T13:00:00,405,TREND_UP,TREND_DOWN
d7c187e83037da1ec78726f2817bbeb9d3868e435d5bfccad386c9bacdd094bf,2558,TREND_DOWN,57703,57706,2024-08-02T14:00:00,2024-08-02T17:00:00,4,VOL_COMPRESSION,VOL_COMPRESSION
f042358062ac2aecd9e982736570afcb3e9a8c305030749570d7b170beed63e5,2559,VOL_COMPRESSION,57707,57708,2024-08-02T18:00:00,2024-08-02T19:00:00,2,TREND_DOWN,TREND_DOWN
ac659417ebd57d909d38c84af7602efea4f91270397238f6776bb099d3c86f30,2560,TREND_DOWN,57709,57717,2024-08-02T20:00:00,2024-08-03T04:00:00,9,VOL_COMPRESSION,VOL_COMPRESSION
37a206f490cd5409b4bde96996cbc81cf5a3918f9dced002f96432d51241c66f,2561,VOL_COMPRESSION,57718,57754,2024-08-03T05:00:00,2024-08-04T17:00:00,37,TREND_DOWN,TREND_DOWN
b02366c70a04fa8cb8499f1892796a06cfdb8c792c6afc2edfdb4d537891cb53,2562,TREND_DOWN,57755,57761,2024-08-04T18:00:00,2024-08-05T00:00:00,7,VOL_COMPRESSION,VOL_EXPANSION
3e18e632e307a5a1572093efc1f58e03cf5e52061c3b7bbccf48a5eab20bb21d,2563,VOL_EXPANSION,57762,57762,2024-08-05T01:00:00,2024-08-05T01:00:00,1,TREND_DOWN,TREND_DOWN
c0743d0de9849ce0a97dbd3e61c8e4e0e678060a4613a26f41bcfe9df1649132,2564,TREND_DOWN,57763,57765,2024-08-05T02:00:00,2024-08-05T04:00:00,3,VOL_EXPANSION,VOL_EXPANSION
df27b66fe537a85970aa2888331d9dcc3ea015873a2839fbd7a2d5ed018ff513,2565,VOL_EXPANSION,57766,57771,2024-08-05T05:00:00,2024-08-05T10:00:00,6,TREND_DOWN,TREND_DOWN
253d61d0bf0d2764468be6b342e10c8aedfc7ee2f2fc2303ffd0ecf7a241a1b8,2566,TREND_DOWN,57772,57773,2024-08-05T11:00:00,2024-08-05T12:00:00,2,VOL_EXPANSION,VOL_EXPANSION
9e4e13f4366d2a7bf13e88b844c12134f3b9fbbf13d81380c5f90b8f080c8e40,2567,VOL_EXPANSION,57774,57777,2024-08-05T13:00:00,2024-08-05T16:00:00,4,TREND_DOWN,TREND_DOWN
ffcbf8de5d6c5179a092cfd91fd6f31c8aee61371dd6b8c67230437e1c04756d,2568,TREND_DOWN,57778,57801,2024-08-05T17:00:00,2024-08-06T16:00:00,24,VOL_EXPANSION,RANGE
9bba2953a78f0155947d690fdf571fb95e7525f5159fb2a0988402b03876635b,2569,RANGE,57802,57814,2024-08-06T17:00:00,2024-08-07T05:00:00,13,TREND_DOWN,VOL_COMPRESSION
1c253c47eb9c811b5f0d7f09a8d0b8351dc8c4634492854376b1fa34e61b4b2c,2570,VOL_COMPRESSION,57815,57822,2024-08-07T06:00:00,2024-08-07T13:00:00,8,RANGE,TREND_UP
4a5899c50cb6ad2fc311c6967b29a158cb8ad78645aed2049be6604492df8431,2571,TREND_UP,57823,57824,2024-08-07T14:00:00,2024-08-07T15:00:00,2,VOL_COMPRESSION,VOL_COMPRESSION
ab148bed5b4149c48c3a3c86dc76b326ed11559e11f90a986af95111d7229ec6,2572,VOL_COMPRESSION,57825,57825,2024-08-07T16:00:00,2024-08-07T16:00:00,1,TREND_UP,RANGE
9ba62b7cfd65e5dbc8640797f122db62a593c571235ad8d45b421e5770e91d61,2573,RANGE,57826,57826,2024-08-07T17:00:00,2024-08-07T17:00:00,1,VOL_COMPRESSION,TREND_DOWN
e3c75f9fb6c9fe9e9c50d8cad66a2d28e5cc6df0a4ca846579f25b0d4ac7715a,2574,TREND_DOWN,57827,57835,2024-08-07T18:00:00,2024-08-08T02:00:00,9,RANGE,RANGE
57ebd21a17bcfd71d656aeb8691a65fb40aed01e9db55fc864dfb2e01c13e8f2,2575,RANGE,57836,57838,2024-08-08T03:00:00,2024-08-08T05:00:00,3,TREND_DOWN,TREND_UP
71f1e668a975170801745a62dfc5a12d03b4249e00fe8c7732dd33d27f1b1f95,2576,TREND_UP,57839,57839,2024-08-08T06:00:00,2024-08-08T06:00:00,1,RANGE,VOL_COMPRESSION
d100c662e35bb0608faeffeb2dd42419fa447053b3ae73eb815039a9e421b620,2577,VOL_COMPRESSION,57840,57845,2024-08-08T07:00:00,2024-08-08T12:00:00,6,TREND_UP,TREND_UP
5b3e0a6bfa0fb5193837160181a33196b4b5c93cb5bc319cd7824c7801a13d46,2578,TREND_UP,57846,57852,2024-08-08T13:00:00,2024-08-08T19:00:00,7,VOL_COMPRESSION,VOL_COMPRESSION
c8d58437212a180a41682a4dafaf557664f22511802b4e636e3e288f2d0a6faa,2579,VOL_COMPRESSION,57853,57853,2024-08-08T20:00:00,2024-08-08T20:00:00,1,TREND_UP,TREND_UP
351d52778a4734393aaa68805b972f97bb9d67e00da00e6bb54b7b8dea0137cb,2580,TREND_UP,57854,57862,2024-08-08T21:00:00,2024-08-09T05:00:00,9,VOL_COMPRESSION,VOL_COMPRESSION
e88ad92cc08fb7d0b9f8bdc33cd7fde290f3ed7ea9defaff4086edb2a5888079,2581,VOL_COMPRESSION,57863,57870,2024-08-09T06:00:00,2024-08-09T13:00:00,8,TREND_UP,TREND_UP
c66232160f0ab7448e4ee111e1d90cf75e99d0e907537c0a24d641e2fd9e04d6,2582,TREND_UP,57871,57875,2024-08-09T14:00:00,2024-08-09T18:00:00,5,VOL_COMPRESSION,VOL_COMPRESSION
91a54a66e572aec7342d6df197196501a733b83b531b780e7eb6aa5d7b27c48b,2583,VOL_COMPRESSION,57876,57880,2024-08-09T19:00:00,2024-08-09T23:00:00,5,TREND_UP,TREND_UP
4cadf012dec495e4ca7f81057d0a0c31b7ebb459c61c3485eeb5029cd234e5f0,2584,TREND_UP,57881,57881,2024-08-10T00:00:00,2024-08-10T00:00:00,1,VOL_COMPRESSION,VOL_COMPRESSION
a2c25330a5f4bcf3fb222cd7ffbfb5dea50be5e83a38a81e850f32ebcbe19319,2585,VOL_COMPRESSION,57882,57941,2024-08-10T01:00:00,2024-08-12T12:00:00,60,TREND_UP,TREND_DOWN
daaad6153eefe7e9457d37e3bf8719e06c33215a4519ae4c758ba2460b59cd6d,2586,TREND_DOWN,57942,57943,2024-08-12T13:00:00,2024-08-12T14:00:00,2,VOL_COMPRESSION,RANGE
bfe032594ea86adbaf641ddf408fb783fd413e0da17158b500227e83fe330cd7,2587,RANGE,57944,57944,2024-08-12T15:00:00,2024-08-12T15:00:00,1,TREND_DOWN,TREND_DOWN
4b6dbc66e51cf7900e11c849e159dc5aa89dbe2ce4d8d4205882aebcd0f2839f,2588,TREND_DOWN,57945,57956,2024-08-12T16:00:00,2024-08-13T03:00:00,12,RANGE,VOL_COMPRESSION
d0e2094595d0f982557153ac78bd94aeb07f7c8509b534036906b8959c80804f,2589,VOL_COMPRESSION,57957,57992,2024-08-13T04:00:00,2024-08-14T15:00:00,36,TREND_DOWN,RANGE
92a57ec04aa3837f7c0246d16f05fb07dd026d2e6d09cc5865188929dc74d9cb,2590,RANGE,57993,57993,2024-08-14T16:00:00,2024-08-14T16:00:00,1,VOL_COMPRESSION,VOL_COMPRESSION
63ae50fd79c8237ae0509ef224adc990bc8de35640642dcc5959b4f6bd9388c8,2591,VOL_COMPRESSION,57994,58019,2024-08-14T17:00:00,2024-08-15T18:00:00,26,RANGE,TREND_DOWN
99f48343d8674ddc7edf8ae9661dbccd17605fa8c873f6d7f073392249c0aace,2592,TREND_DOWN,58020,58024,2024-08-15T19:00:00,2024-08-15T23:00:00,5,VOL_COMPRESSION,VOL_COMPRESSION
e75c165ff7dd7f336534665389ce61cb93da73d2426bd9006b356487616d51f0,2593,VOL_COMPRESSION,58025,58026,2024-08-16T00:00:00,2024-08-16T01:00:00,2,TREND_DOWN,TREND_DOWN
4c0b5887189cf5b665d205c9fcecbd479594acd32f7e47612e00d22532651bd5,2594,TREND_DOWN,58027,58027,2024-08-16T02:00:00,2024-08-16T02:00:00,1,VOL_COMPRESSION,VOL_COMPRESSION
b9e01fdaf99fc91fff8ec58e1684788fb980ec99e05a3912500dfd0ccfccf74d,2595,VOL_COMPRESSION,58028,58310,2024-08-16T03:00:00,2024-08-27T21:00:00,283,TREND_DOWN,TREND_DOWN
14e9259a9727edf6aed721f54c5c4e73b2eeaa8362be749f27c636a5f4cd0edf,2596,TREND_DOWN,58311,58314,2024-08-27T22:00:00,2024-08-28T01:00:00,4,VOL_COMPRESSION,VOL_COMPRESSION
fc975dca80608b76b1d119c812113040fb6dea8d53fcea3211322a4b0622ea4c,2597,VOL_COMPRESSION,58315,58328,2024-08-28T02:00:00,2024-08-28T15:00:00,14,TREND_DOWN,TREND_DOWN
5e99de3a263802eb3d63847fb028470c7afb81bd93e40da605064b4a78c392ad,2598,TREND_DOWN,58329,58335,2024-08-28T16:00:00,2024-08-28T22:00:00,7,VOL_COMPRESSION,VOL_COMPRESSION
8acc0503cfe79ffdc40541ac2a9326cb8d89935abb0a260a5c4e6cf19194f8c5,2599,VOL_COMPRESSION,58336,58542,2024-08-28T23:00:00,2024-09-06T13:00:00,207,TREND_DOWN,TREND_DOWN
4c352bc9ddefeab1358479d8dd42cec674697e0d3acc8a2e9b4aff8787ad1805,2600,TREND_DOWN,58543,58553,2024-09-06T14:00:00,2024-09-07T00:00:00,11,VOL_COMPRESSION,VOL_COMPRESSION
67b89c4fdbdc1b543d291b77b6dd211bef93b98e17c319e185c3b42b75313efe,2601,VOL_COMPRESSION,58554,59148,2024-09-07T01:00:00,2024-10-01T19:00:00,595,TREND_DOWN,TREND_DOWN
0688426ca2eff615a23d7e4379dd778ae627b55ed9cff5041612b9b95463469f,2602,TREND_DOWN,59149,59150,2024-10-01T20:00:00,2024-10-01T21:00:00,2,VOL_COMPRESSION,VOL_COMPRESSION
5b921d2d0f2a02663015bc09e2580b699bbd85a51bcb2bb415fd7e7ce3fb5d2d,2603,VOL_COMPRESSION,59151,59478,2024-10-01T22:00:00,2024-10-15T13:00:00,328,TREND_DOWN,TREND_UP
f50150af3c70b5578bff34464eb70a46e57ebb09f0a3d65c0b2e355393477c06,2604,TREND_UP,59479,59485,2024-10-15T14:00:00,2024-10-15T20:00:00,7,VOL_COMPRESSION,VOL_COMPRESSION
fe612979291e25e4f265b0671636c290ebaf05a91363c4f6440640bcb7b76c43,2605,VOL_COMPRESSION,59486,59888,2024-10-15T21:00:00,2024-11-01T15:00:00,403,TREND_UP,TREND_DOWN
9847f43ae3e7fc43fe03a6f03500a46983a0821d649b4bacff1e2c9d68dab715,2606,TREND_DOWN,59889,59889,2024-11-01T16:00:00,2024-11-01T16:00:00,1,VOL_COMPRESSION,VOL_COMPRESSION
1ab83808925127852adf023dc3ed6e07034652dfc5ad3f0a9a13526e63e7cced,2607,VOL_COMPRESSION,59890,59992,2024-11-01T17:00:00,2024-11-05T23:00:00,103,TREND_DOWN,TREND_UP
42da225144b9c9ab702999d099289ffe0ce41dc34d3e5974d1aad790208eaf6c,2608,TREND_UP,59993,60014,2024-11-06T00:00:00,2024-11-06T21:00:00,22,VOL_COMPRESSION,VOL_COMPRESSION
83fa0546a99affc13219f117dead9fe23d910d819ba0e07d8290b76131b68d4b,2609,VOL_COMPRESSION,60015,60110,2024-11-06T22:00:00,2024-11-10T21:00:00,96,TREND_UP,TREND_UP
bbb36f4ea8c2d174198cbbb97a22ebc0a4055d30e965ff919c35d77e6c434a6b,2610,TREND_UP,60111,60111,2024-11-10T22:00:00,2024-11-10T22:00:00,1,VOL_COMPRESSION,VOL_COMPRESSION
82b98936cd41910f5efc597a533cd2b2cb388bf98a5ac349526e69efeb63addb,2611,VOL_COMPRESSION,60112,60131,2024-11-10T23:00:00,2024-11-11T18:00:00,20,TREND_UP,TREND_UP
8c3ff22dd80f913326bda56ddc0b75b210944c7aabe89f8fb0cb78f7072c32ee,2612,TREND_UP,60132,60169,2024-11-11T19:00:00,2024-11-13T08:00:00,38,VOL_COMPRESSION,VOL_COMPRESSION
8c34f6c377ebfdd379adc1034be8745d05d785938f05e128e05537136c27ac45,2613,VOL_COMPRESSION,60170,60174,2024-11-13T09:00:00,2024-11-13T13:00:00,5,TREND_UP,TREND_UP
0b98c65045a42d1c8038401698321028e9276811aa5d770a0094f93633581bf7,2614,TREND_UP,60175,60194,2024-11-13T14:00:00,2024-11-14T09:00:00,20,VOL_COMPRESSION,VOL_COMPRESSION
cd12bd081738cfd9e560e25769017598ce30ec29d6c4a182354617bcbdd0e47d,2615,VOL_COMPRESSION,60195,60198,2024-11-14T10:00:00,2024-11-14T13:00:00,4,TREND_UP,TREND_UP
c52639e80d24bd3ecf78702851c90ca6ca518592d5296808d2570d7b89aecbbd,2616,TREND_UP,60199,60205,2024-11-14T14:00:00,2024-11-14T20:00:00,7,VOL_COMPRESSION,RANGE
7fb717250fc38f4901e1558e172090c1a1585d680619d070c57ac70b1a850ab1,2617,RANGE,60206,60211,2024-11-14T21:00:00,2024-11-15T02:00:00,6,TREND_UP,VOL_COMPRESSION
da36f1a8e91ad3e37d787640c42edf9639e108214612a4a7d02bd47df8336335,2618,VOL_COMPRESSION,60212,60212,2024-11-15T03:00:00,2024-11-15T03:00:00,1,RANGE,RANGE
95920964e7c7ebca32c2acad91dc36ac58c4aa3ef8c323688335174570a8ad13,2619,RANGE,60213,60213,2024-11-15T04:00:00,2024-11-15T04:00:00,1,VOL_COMPRESSION,VOL_COMPRESSION
e54fb9dcb80fe61cbae9fd5ea67f9d4e036ad6c3abd793a88c8569b7b0da7623,2620,VOL_COMPRESSION,60214,60223,2024-11-15T05:00:00,2024-11-15T14:00:00,10,RANGE,TREND_UP
e6837c8eb3ef7b101fb48e8ea88eaf18ef62fda65fbcc635052f54b3f052a911,2621,TREND_UP,60224,60226,2024-11-15T15:00:00,2024-11-15T17:00:00,3,VOL_COMPRESSION,VOL_COMPRESSION
52ec4a9e7a5c78f9bdcbf1ef6089eeb4ffee5d21a14ba6076660a57b478ca5c2,2622,VOL_COMPRESSION,60227,60227,2024-11-15T18:00:00,2024-11-15T18:00:00,1,TREND_UP,TREND_UP
32d8069f957a25b33a6c0c24dda36fa2172257974e7cbfd14d4d66aab2c06e6a,2623,TREND_UP,60228,60229,2024-11-15T19:00:00,2024-11-15T20:00:00,2,VOL_COMPRESSION,VOL_COMPRESSION
8205634a3668896d7a993c2358fc18b08efe33136d94d0064dc51992075722e5,2624,VOL_COMPRESSION,60230,60295,2024-11-15T21:00:00,2024-11-18T14:00:00,66,TREND_UP,TREND_UP
611edb897f1cdd6bd09f67dd088dfcb71b148d199f02a8b85631f761fe435d89,2625,TREND_UP,60296,60304,2024-11-18T15:00:00,2024-11-18T23:00:00,9,VOL_COMPRESSION,VOL_COMPRESSION
1c2e082e84acf607e6cfe90eb50fc2da3f64b01dc32b3b929a88b7a2886474fa,2626,VOL_COMPRESSION,60305,60470,2024-11-19T00:00:00,2024-11-25T21:00:00,166,TREND_UP,TREND_DOWN
660e944bd13810ff4b2d75f87b3d13a08ba918714f7637cb0e6ffe17fc864ce3,2627,TREND_DOWN,60471,60475,2024-11-25T22:00:00,2024-11-26T02:00:00,5,VOL_COMPRESSION,VOL_COMPRESSION
138ba75ee69075ab816361a311efc673cde51f6218c4ad0c7dae4f3b0ba7d99c,2628,VOL_COMPRESSION,60476,60486,2024-11-26T03:00:00,2024-11-26T13:00:00,11,TREND_DOWN,TREND_DOWN
1284f2c609bd78a8c2eb8f0d1400026601cad6f4d2366c3096b60c8a3e38dbcc,2629,TREND_DOWN,60487,60495,2024-11-26T14:00:00,2024-11-26T22:00:00,9,VOL_COMPRESSION,VOL_COMPRESSION
571b05ea8523c81b903289fdebaacc17b0041a917919becf50f9071c9d4085d4,2630,VOL_COMPRESSION,60496,60634,2024-11-26T23:00:00,2024-12-02T17:00:00,139,TREND_DOWN,TREND_DOWN
3c64d1252c22f37e7c6f50449ab6997edee0af93547227bac802eae27870b7ba,2631,TREND_DOWN,60635,60635,2024-12-02T18:00:00,2024-12-02T18:00:00,1,VOL_COMPRESSION,VOL_COMPRESSION
d7e1ac72e9d43266eec0a061eae7ad504240ddf251c0ebe0ad34bfffd59acd3b,2632,VOL_COMPRESSION,60636,60690,2024-12-02T19:00:00,2024-12-05T01:00:00,55,TREND_DOWN,TREND_UP
7a965537394db6a19af0ae65e8625a4603eaa4a92a1785d95696d06a5e2e1c5d,2633,TREND_UP,60691,60697,2024-12-05T02:00:00,2024-12-05T08:00:00,7,VOL_COMPRESSION,VOL_COMPRESSION
022469545918525e31ea4e746b20bfb66eb1e9b8bf6c6fbb88a70cb8b8808a4f,2634,VOL_COMPRESSION,60698,60703,2024-12-05T09:00:00,2024-12-05T14:00:00,6,TREND_UP,TREND_UP
1400d0f312bc5d385bf6a0b502849ddb5512cba304ad931ace193d528593f602,2635,TREND_UP,60704,60705,2024-12-05T15:00:00,2024-12-05T16:00:00,2,VOL_COMPRESSION,VOL_COMPRESSION
cd4141e778dc7e02706f2e93d90c93490627c6651207b1f00ba229a6a4080e1e,2636,VOL_COMPRESSION,60706,60706,2024-12-05T17:00:00,2024-12-05T17:00:00,1,TREND_UP,TREND_UP
71564c376741af080a2f168fd91cf52bd0585d852120cd510c1be79d1079bd07,2637,TREND_UP,60707,60710,2024-12-05T18:00:00,2024-12-05T21:00:00,4,VOL_COMPRESSION,RANGE
4fc5df211998e319d7468fb912ee02000db067eb039b11a7e1b7f6b5d99ecf44,2638,RANGE,60711,60719,2024-12-05T22:00:00,2024-12-06T06:00:00,9,TREND_UP,VOL_COMPRESSION
945625367a87d951c71a018bf3034d65e19b5804fe01d34ac989e4430d1d0f3e,2639,VOL_COMPRESSION,60720,60805,2024-12-06T07:00:00,2024-12-09T20:00:00,86,RANGE,TREND_DOWN
826cc3a3061467da28abb316506bc11c82df19b192d05c071d4c22096b993128,2640,TREND_DOWN,60806,60813,2024-12-09T21:00:00,2024-12-10T04:00:00,8,VOL_COMPRESSION,VOL_COMPRESSION
a4f12a8084ec9adcefa06589806f3a05a83e77d9d3eefdda9ac5dfc308953252,2641,VOL_COMPRESSION,60814,60824,2024-12-10T05:00:00,2024-12-10T15:00:00,11,TREND_DOWN,TREND_DOWN
e10f4269e491ca2769aef6ef4d49e57c6684dfb19dc79e6dc22dc32f18c33a7b,2642,TREND_DOWN,60825,60830,2024-12-10T16:00:00,2024-12-10T21:00:00,6,VOL_COMPRESSION,VOL_COMPRESSION
2a86ed8c092c8ca0d6e06a78526b058daa00585c270b381743b97b5c77eec06e,2643,VOL_COMPRESSION,60831,61020,2024-12-10T22:00:00,2024-12-18T19:00:00,190,TREND_DOWN,TREND_DOWN
b54426fb550068e002d444e681405d971dbfcea8f8e3943f75147f1bf58d46c7,2644,TREND_DOWN,61021,61024,2024-12-18T20:00:00,2024-12-18T23:00:00,4,VOL_COMPRESSION,VOL_COMPRESSION
a5eeef4d1edbc1dcc5b145b179d3196f15e13471dea296903cd30c15b98600ec,2645,VOL_COMPRESSION,61025,61026,2024-12-19T00:00:00,2024-12-19T01:00:00,2,TREND_DOWN,TREND_DOWN
8389e0698d2cfcd551dd2be25da50c91fb9dfbc71afa5bfb35549138054190ae,2646,TREND_DOWN,61027,61028,2024-12-19T02:00:00,2024-12-19T03:00:00,2,VOL_COMPRESSION,VOL_COMPRESSION
0cf6fdc36149abb3754d3b09af27e6d1596048ce8c8647d2543fdb9ca9316dd5,2647,VOL_COMPRESSION,61029,61041,2024-12-19T04:00:00,2024-12-19T16:00:00,13,TREND_DOWN,TREND_DOWN
d6831548dc976033fa273183b2b6bad7a13198a3a15e2cd4871558f655942524,2648,TREND_DOWN,61042,61071,2024-12-19T17:00:00,2024-12-20T22:00:00,30,VOL_COMPRESSION,VOL_COMPRESSION
7773994f8aa5229f8143a3cfb72276b3310e3ddc6d7409cd93e8d723c0629452,2649,VOL_COMPRESSION,61072,61309,2024-12-20T23:00:00,2024-12-30T20:00:00,238,TREND_DOWN,TREND_DOWN
314fa7edffe81bad14eae013f75e8a705a9f447b271a26047c7d4f91a2a75f0c,2650,TREND_DOWN,61310,61310,2024-12-30T21:00:00,2024-12-30T21:00:00,1,VOL_COMPRESSION,VOL_COMPRESSION
75a232b3da4f41a0a306814792d1197e5a44d0643cb755e22d8bb9b596cb3a25,2651,VOL_COMPRESSION,61311,61545,2024-12-30T22:00:00,2025-01-09T16:00:00,235,TREND_DOWN,TREND_DOWN
373c69fe9030e5a64d4f573b60df850dfa41127c1f44e165f9e31c18cf07a0cb,2652,TREND_DOWN,61546,61546,2025-01-09T17:00:00,2025-01-09T17:00:00,1,VOL_COMPRESSION,VOL_COMPRESSION
9ef7cfa360f13f162148505c62bff581c7ba365ef2833859d17a375f36067a11,2653,VOL_COMPRESSION,61547,61547,2025-01-09T18:00:00,2025-01-09T18:00:00,1,TREND_DOWN,TREND_DOWN
87f21cb5cf9b985fd8f5e1f1e0230d9a1624741a81c067f0fe486062afe0bc81,2654,TREND_DOWN,61548,61549,2025-01-09T19:00:00,2025-01-09T20:00:00,2,VOL_COMPRESSION,VOL_COMPRESSION
048cc827baf944e98f91af506c4e9cfcd085560ec5808bb019383a69335cf8e5,2655,VOL_COMPRESSION,61550,61569,2025-01-09T21:00:00,2025-01-10T16:00:00,20,TREND_DOWN,TREND_DOWN
6982f40dcb89a754e6f31fa8faefeeb1bbe722f5daa6a6151c3ce8757d496e35,2656,TREND_DOWN,61570,61571,2025-01-10T17:00:00,2025-01-10T18:00:00,2,VOL_COMPRESSION,RANGE
0237bb4f34e515e2fe57859259e67e1a22731264ea3ee5596741474babf218fe,2657,RANGE,61572,61573,2025-01-10T19:00:00,2025-01-10T20:00:00,2,TREND_DOWN,VOL_COMPRESSION
9ff91d3ebb92c9f00a90ca875d88fb048587594946e50b0b06708e40a17097ad,2658,VOL_COMPRESSION,61574,61638,2025-01-10T21:00:00,2025-01-13T13:00:00,65,RANGE,TREND_DOWN
6d5f01f17ec6ce01b804100ada6634b6ff05e45c29201ce2fecebb43819ec99c,2659,TREND_DOWN,61639,61646,2025-01-13T14:00:00,2025-01-13T21:00:00,8,VOL_COMPRESSION,VOL_COMPRESSION
68c55aa3ee8229d450ffb8874788d56adc69f7081522094faf34370dd17501da,2660,VOL_COMPRESSION,61647,61790,2025-01-13T22:00:00,2025-01-19T21:00:00,144,TREND_DOWN,TREND_UP
5c286566a6a1be904428f0c83c4aa1bd52807026539d97c03e6e6a027c285378,2661,TREND_UP,61791,61792,2025-01-19T22:00:00,2025-01-19T23:00:00,2,VOL_COMPRESSION,RANGE
b6dd1bd9ea2c392dcea98423489e23107cf4f0243877f8b9ece44d2d8ecd78aa,2662,RANGE,61793,61794,2025-01-20T00:00:00,2025-01-20T01:00:00,2,TREND_UP,TREND_DOWN
dceb30521c8c48a955ccd5b59f171d35725c16671f4ca7ca66d6c347883d73c6,2663,TREND_DOWN,61795,61798,2025-01-20T02:00:00,2025-01-20T05:00:00,4,RANGE,RANGE
e4968f805d8caf1ac21a0071095ad8615c987e30c3100e06ede957f2cec3306f,2664,RANGE,61799,61799,2025-01-20T06:00:00,2025-01-20T06:00:00,1,TREND_DOWN,TREND_UP
3a98653fdcab643d24db8b7cc1fcc940b078e80481df7b7f7f0b8a1b7c1cc72d,2665,TREND_UP,61800,61809,2025-01-20T07:00:00,2025-01-20T16:00:00,10,RANGE,VOL_EXPANSION
700b6b3b9429d25c77dee410b9641b2e89f73b72b3b4cc832250e806bd7e076b,2666,VOL_EXPANSION,61810,61810,2025-01-20T17:00:00,2025-01-20T17:00:00,1,TREND_UP,TREND_UP
c03cbc1ed7719bf3215cc6458ca6664bc07661c8d4574cfa905f161de167f6dd,2667,TREND_UP,61811,61811,2025-01-20T18:00:00,2025-01-20T18:00:00,1,VOL_EXPANSION,RANGE
7b290efb04756e1f934dfabc08fc089ab6aedde18e3ea18994b7ff579c295cfc,2668,RANGE,61812,61816,2025-01-20T19:00:00,2025-01-20T23:00:00,5,TREND_UP,TREND_DOWN
c2d61b500ad40150b90738c694f9e38bffb92ff5fccd68950183a6f29c634ed1,2669,TREND_DOWN,61817,61827,2025-01-21T00:00:00,2025-01-21T10:00:00,11,RANGE,VOL_COMPRESSION
bb5d23f79ca129f6cf4e13e23921e1c66bfe30f26c3f88d0c68ac353417fb0cc,2670,VOL_COMPRESSION,61828,61830,2025-01-21T11:00:00,2025-01-21T13:00:00,3,TREND_DOWN,RANGE
f5bed49984d87f4a49b46e5e21ab380eef414c5291ba692e88f558aff04b6939,2671,RANGE,61831,61834,2025-01-21T14:00:00,2025-01-21T17:00:00,4,VOL_COMPRESSION,TREND_UP
65a6d2331a34cc07a1bbfbaaeb335a6c285749702cef000253187e003bbc1ef7,2672,TREND_UP,61835,61839,2025-01-21T18:00:00,2025-01-21T22:00:00,5,RANGE,VOL_COMPRESSION
850f15f460947013b0a82eb51059a2ac77041f984de42b463959493bba67aaac,2673,VOL_COMPRESSION,61840,61878,2025-01-21T23:00:00,2025-01-23T13:00:00,39,TREND_UP,TREND_DOWN
995d4a452310b4e021388ddd49d059fc38e9aec7d1b0d5c7f0ff0c02ab64dfdf,2674,TREND_DOWN,61879,61880,2025-01-23T14:00:00,2025-01-23T15:00:00,2,VOL_COMPRESSION,RANGE
72065e7857bbed0bab022dbb52dc197e23d0fb619bcfa6cd62be83951974a499,2675,RANGE,61881,61887,2025-01-23T16:00:00,2025-01-23T22:00:00,7,TREND_DOWN,TREND_DOWN
981978b1991157464c1138b91ed112ebf26d31ba541eff06273a498b6bb472a5,2676,TREND_DOWN,61888,61893,2025-01-23T23:00:00,2025-01-24T04:00:00,6,RANGE,VOL_COMPRESSION
405818f40f98101e4f848d82e9d06116c3b6d9f4f6169c128284471ffbbebe9e,2677,VOL_COMPRESSION,61894,61973,2025-01-24T05:00:00,2025-01-27T12:00:00,80,TREND_DOWN,TREND_DOWN
e26249d86dd135c698d254565c9b1086d9aa52c4082c2ca6aeae662104495224,2678,TREND_DOWN,61974,61983,2025-01-27T13:00:00,2025-01-27T22:00:00,10,VOL_COMPRESSION,VOL_COMPRESSION
e001c1fb591316ed0285998f5bf609a15c45d79102de9c7c60a5f23ddb58e433,2679,VOL_COMPRESSION,61984,62126,2025-01-27T23:00:00,2025-02-02T21:00:00,143,TREND_DOWN,TREND_DOWN
3feaceeafd3972d0ddfa53a599b7e5c3ced00e24bc79f170d63b74123aa75613,2680,TREND_DOWN,62127,62146,2025-02-02T22:00:00,2025-02-03T17:00:00,20,VOL_COMPRESSION,RANGE
fc172eef9fb121f78e418af27a2ecfedf50fd3c567935c8cc9344ed2d77a2c35,2681,RANGE,62147,62152,2025-02-03T18:00:00,2025-02-03T23:00:00,6,TREND_DOWN,VOL_COMPRESSION
3d43b3bed3f50240789ae48420056fb638d9d6b10e40f9ff67b6fcf3dbdc8d05,2682,VOL_COMPRESSION,62153,62172,2025-02-04T00:00:00,2025-02-04T19:00:00,20,RANGE,RANGE
7dc4a5f41a7a86b0548f6f84e60732b89c4155ae6dd25708aea6b795d6249b48,2683,RANGE,62173,62173,2025-02-04T20:00:00,2025-02-04T20:00:00,1,VOL_COMPRESSION,TREND_DOWN
d7235bb130f43d5a67b30294c359535eaa4f1c8263cd2c9b21b72240bc5d682f,2684,TREND_DOWN,62174,62179,2025-02-04T21:00:00,2025-02-05T02:00:00,6,RANGE,VOL_COMPRESSION
fa331280ebd64f3cee8a658f73afd0bd24246fe410b138645215eb6391c5e4c1,2685,VOL_COMPRESSION,62180,62663,2025-02-05T03:00:00,2025-02-25T06:00:00,484,TREND_DOWN,TREND_DOWN
5b7297222e6572721026c6cd3e897da19733ba381e1d138ccded7fa2e27c4d29,2686,TREND_DOWN,62664,62681,2025-02-25T07:00:00,2025-02-26T00:00:00,18,VOL_COMPRESSION,VOL_COMPRESSION
77c0e086c93f501f2eef93c9d7dfc99f8621fabfcaed8153af5d55609f3fbd60,2687,VOL_COMPRESSION,62682,62696,2025-02-26T01:00:00,2025-02-26T15:00:00,15,TREND_DOWN,TREND_DOWN
1efdf04682500647c3a554c3e9f920224e6a9eef78d914a4d50139e90b988235,2688,TREND_DOWN,62697,62712,2025-02-26T16:00:00,2025-02-27T07:00:00,16,VOL_COMPRESSION,VOL_COMPRESSION
6c70cb78c0882c6b45b1f70b11863ed1c3669d64b0c2abfc1db736cb9bf88202,2689,VOL_COMPRESSION,62713,62720,2025-02-27T08:00:00,2025-02-27T15:00:00,8,TREND_DOWN,TREND_DOWN
9ff41bf3063e170f7ebe78d25a2b279864f8ada10c83a57b3577d22abb45de6e,2690,TREND_DOWN,62721,62722,2025-02-27T16:00:00,2025-02-27T17:00:00,2,VOL_COMPRESSION,VOL_COMPRESSION
9835be4958edfc67478b1e0c79db6119132dee0a6d60a889bcd5a9afdbeb3880,2691,VOL_COMPRESSION,62723,62724,2025-02-27T18:00:00,2025-02-27T19:00:00,2,TREND_DOWN,TREND_DOWN
4799db0ed75a7b87009f5a16ef78a4dad0771acefcac4c1a79feed01554b86dc,2692,TREND_DOWN,62725,62727,2025-02-27T20:00:00,2025-02-27T22:00:00,3,VOL_COMPRESSION,VOL_COMPRESSION
ecf9dfe648bbf9232f432dc663ca7e1224ca8432db18bab550d46c91278eee28,2693,VOL_COMPRESSION,62728,62729,2025-02-27T23:00:00,2025-02-28T00:00:00,2,TREND_DOWN,TREND_DOWN
f0a8049b923904d276c71ac4e5bdf42e38251d821ac30aeb8732e18e8274f134,2694,TREND_DOWN,62730,62747,2025-02-28T01:00:00,2025-02-28T18:00:00,18,VOL_COMPRESSION,RANGE
b62641518313dd4046bdc2c4096c01a27df2357b96cab45724599c29498bd18d,2695,RANGE,62748,62755,2025-02-28T19:00:00,2025-03-01T02:00:00,8,TREND_DOWN,VOL_COMPRESSION
fdf85b42b961e806d3f36cada047e5ad5feaf6f79ec13b066cdf51a94721a73a,2696,VOL_COMPRESSION,62756,62792,2025-03-01T03:00:00,2025-03-02T15:00:00,37,RANGE,TREND_UP
4eea6c889b0aecba87522f408f3fa8b4fe7dda2f97c26cbc3a63c07f91519c7f,2697,TREND_UP,62793,62804,2025-03-02T16:00:00,2025-03-03T03:00:00,12,VOL_COMPRESSION,VOL_COMPRESSION
19b75bb90d60035f15fcbfcd2951536da7c80a92ecc295398df97942085163d4,2698,VOL_COMPRESSION,62805,62806,2025-03-03T04:00:00,2025-03-03T05:00:00,2,TREND_UP,TREND_UP
23ce86cc2d8d9b1dc52bbe0b43a5b5396710691c083bba0201b54895920d863b,2699,TREND_UP,62807,62811,2025-03-03T06:00:00,2025-03-03T10:00:00,5,VOL_COMPRESSION,VOL_COMPRESSION
4f3f9eacca4a4dab3d6490b4a2c262dad8e733ba386f0c5a9168939e0d0487d8,2700,VOL_COMPRESSION,62812,62814,2025-03-03T11:00:00,2025-03-03T13:00:00,3,TREND_UP,TREND_UP
e5dd79013efacad03f3e4d02580815142a216382047297f41dc1aeaad446eb43,2701,TREND_UP,62815,62818,2025-03-03T14:00:00,2025-03-03T17:00:00,4,VOL_COMPRESSION,RANGE
ccf0aca8b3579b482aa9417f1f567c4799ccee2c5ab17b57d3be6cb555c804cc,2702,RANGE,62819,62824,2025-03-03T18:00:00,2025-03-03T23:00:00,6,TREND_UP,TREND_DOWN
d4033522fe55596096729277af462437d91967697630f215b3b6d7b3c1c57203,2703,TREND_DOWN,62825,62836,2025-03-04T00:00:00,2025-03-04T11:00:00,12,RANGE,VOL_COMPRESSION
6fe365970582fcf9aa69439e9ccac14b28da78f44031bdd122b95e3712a5cccd,2704,VOL_COMPRESSION,62837,62837,2025-03-04T12:00:00,2025-03-04T12:00:00,1,TREND_DOWN,TREND_DOWN
0e0146b19846a510babea46d69ceaba79d3628e28b8c6b610c24dd5a9b5243ce,2705,TREND_DOWN,62838,62845,2025-03-04T13:00:00,2025-03-04T20:00:00,8,VOL_COMPRESSION,RANGE
5ba3e5b237ca7e4bc870ddbcc6cf33756cf22984d0404a0c0b5a599dad0494c4,2706,RANGE,62846,62854,2025-03-04T21:00:00,2025-03-05T05:00:00,9,TREND_DOWN,VOL_COMPRESSION
02f7b475ec95ce73b826519ce5ac26f691018861bda030b24a7e506bb8b178e9,2707,VOL_COMPRESSION,62855,62858,2025-03-05T06:00:00,2025-03-05T09:00:00,4,RANGE,TREND_UP
87c0a4fb2b24e394e776176eb9916881582e2d80704d97ace265adde1c6e20bb,2708,TREND_UP,62859,62859,2025-03-05T10:00:00,2025-03-05T10:00:00,1,VOL_COMPRESSION,VOL_COMPRESSION
897fbbffd00a158a83c8fd754f2cc4b7ec46bcc2c87087d4689427f8a49b73dd,2709,VOL_COMPRESSION,62860,62861,2025-03-05T11:00:00,2025-03-05T12:00:00,2,TREND_UP,TREND_UP
52784692ad130c18c7409b937e161d4f334498b65bc68da4d7eee04b1ec3c3b0,2710,TREND_UP,62862,62870,2025-03-05T13:00:00,2025-03-05T21:00:00,9,VOL_COMPRESSION,VOL_COMPRESSION
87241b05d2e60fd020ecc6a804ad0c7b5e807a906f506ff8e1812f7315ee456e,2711,VOL_COMPRESSION,62871,62873,2025-03-05T22:00:00,2025-03-06T00:00:00,3,TREND_UP,TREND_UP
96cf8e2c16c2b986de337282aedbf970af0662db597f96df66a2fa8db7aec63d,2712,TREND_UP,62874,62874,2025-03-06T01:00:00,2025-03-06T01:00:00,1,VOL_COMPRESSION,VOL_COMPRESSION
199fcc98688d703919892a50ac3cc6f7265c858e4fc0d2f0ffd451f0b4a1c862,2713,VOL_COMPRESSION,62875,62887,2025-03-06T02:00:00,2025-03-06T14:00:00,13,TREND_UP,TREND_UP
23e64a2cc819ec96c2a59e57cbdfc6da8e4d159b3334bc137f9240501ba5f303,2714,TREND_UP,62888,62891,2025-03-06T15:00:00,2025-03-06T18:00:00,4,VOL_COMPRESSION,RANGE
bcddc1ddacf7029d3d423cc8f5c9e05fff63492ce97ae9f311d06edfb75aafb4,2715,RANGE,62892,62895,2025-03-06T19:00:00,2025-03-06T22:00:00,4,TREND_UP,TREND_UP
584d9e1eb9889220fb46421c5b150bb3ec8b681f8007be490917eac1d90933be,2716,TREND_UP,62896,62896,2025-03-06T23:00:00,2025-03-06T23:00:00,1,RANGE,RANGE
bfc93df7d32e590efb5ffe6f814dbab18b49c7734a1ee9f1078276aff7a23e45,2717,RANGE,62897,62899,2025-03-07T00:00:00,2025-03-07T02:00:00,3,TREND_UP,TREND_DOWN
6ee3e2b826e0c189dc1f0d47cbda3f73777f56e97e7d08f168b4a4504a9efe0f,2718,TREND_DOWN,62900,62908,2025-03-07T03:00:00,2025-03-07T11:00:00,9,RANGE,RANGE
9a5dd0e5b31453162b70ddd4ab7805bf995edd2281037d4893caa0f377ee773a,2719,RANGE,62909,62910,2025-03-07T12:00:00,2025-03-07T13:00:00,2,TREND_DOWN,TREND_UP
9d8320f552322f997ff8dc2130b5677cb266785ad270d30c766bbc51059991df,2720,TREND_UP,62911,62911,2025-03-07T14:00:00,2025-03-07T14:00:00,1,RANGE,RANGE
102e2d8b64b1552aece274d6804f167254ef09e8af6f0bae4b62bb4be0d4175b,2721,RANGE,62912,62912,2025-03-07T15:00:00,2025-03-07T15:00:00,1,TREND_UP,TREND_DOWN
925762c0883da4b4315d61295367c465788adc21775e1358ae1d9f046c14b41e,2722,TREND_DOWN,62913,62926,2025-03-07T16:00:00,2025-03-08T05:00:00,14,RANGE,VOL_COMPRESSION
505d9d1f90a8e3adb378c341c1db0cae9678d6471963ac18e82123efe29681ec,2723,VOL_COMPRESSION,62927,62966,2025-03-08T06:00:00,2025-03-09T21:00:00,40,TREND_DOWN,TREND_DOWN
0ce3711a2dd63d73276467b08f7bbbceedfc692fab5af53609bd54098d262a63,2724,TREND_DOWN,62967,62972,2025-03-09T22:00:00,2025-03-10T03:00:00,6,VOL_COMPRESSION,VOL_COMPRESSION
83fdbc167f887aac95212a3e11749de79db427936e4cc080dd18460e770817b1,2725,VOL_COMPRESSION,62973,62977,2025-03-10T04:00:00,2025-03-10T08:00:00,5,TREND_DOWN,TREND_DOWN
3ea29a0af00f70e656c62aa05bd694eb09d22bad75fa0b13beae217bfb197cec,2726,TREND_DOWN,62978,63002,2025-03-10T09:00:00,2025-03-11T09:00:00,25,VOL_COMPRESSION,VOL_COMPRESSION
fe5689c46cc4fcd8e1c34a75eda7da19a4ac45b5a094b09e2264774d3757595c,2727,VOL_COMPRESSION,63003,63005,2025-03-11T10:00:00,2025-03-11T12:00:00,3,TREND_DOWN,TREND_DOWN
c95f67faaf025d84ddf44acdfaeb7fe2e5a5e1a9a52b08f94016a6f7f07608c5,2728,TREND_DOWN,63006,63011,2025-03-11T13:00:00,2025-03-11T18:00:00,6,VOL_COMPRESSION,RANGE
f9fa319a02032568f158f32f9bd3021d1038b623d9d42ccffb23960261f883a5,2729,RANGE,63012,63015,2025-03-11T19:00:00,2025-03-11T22:00:00,4,TREND_DOWN,VOL_COMPRESSION
08899745735146313f87179a5e9d1757c8b9447ec756112d6eeb24ae22e2c355,2730,VOL_COMPRESSION,63016,63029,2025-03-11T23:00:00,2025-03-12T12:00:00,14,RANGE,TREND_UP
61d7ae7c64fd0aec31be1efa51eb994527eeb1b8c8b8a930308f9e6c8aa0d052,2731,TREND_UP,63030,63033,2025-03-12T13:00:00,2025-03-12T16:00:00,4,VOL_COMPRESSION,RANGE
a5abbc7c7d08b8c0053c744e855bc52899dd24ddc65d913028ac5d499e676649,2732,RANGE,63034,63035,2025-03-12T17:00:00,2025-03-12T18:00:00,2,TREND_UP,TREND_UP
4926f1d4c55ef6c53a1a348d2866bc44ec0e36c08d374ddd7dc3670548270bb1,2733,TREND_UP,63036,63036,2025-03-12T19:00:00,2025-03-12T19:00:00,1,RANGE,VOL_COMPRESSION
23eb657f5d28b1591a6956353d2b588a3eeb5c541f70367bacadaf639b551389,2734,VOL_COMPRESSION,63037,63540,2025-03-12T20:00:00,2025-04-02T19:00:00,504,TREND_UP,TREND_UP
a59150ff84f316dbf4ee02224e07daa4f00050a89f1958077e54ae9935d85b69,2735,TREND_UP,63541,63543,2025-04-02T20:00:00,2025-04-02T22:00:00,3,VOL_COMPRESSION,RANGE
a7c83ace8ab705ddf1bbbe149c54eac833269f6f50774dd73c06fdcae53da535,2736,RANGE,63544,63548,2025-04-02T23:00:00,2025-04-03T03:00:00,5,TREND_UP,VOL_COMPRESSION
77eef1813cf43fac33449788f3780e484286b29c8ed5342772e07f5a5cfdb548,2737,VOL_COMPRESSION,63549,63582,2025-04-03T04:00:00,2025-04-04T13:00:00,34,RANGE,TREND_DOWN
1959b5f4544e279e332dcdc07add03099e7ea8117e7f81ecd7fff1003131fbc9,2738,TREND_DOWN,63583,63586,2025-04-04T14:00:00,2025-04-04T17:00:00,4,VOL_COMPRESSION,RANGE
6a5acf7766b5d1a7201644f3c6eba3d2deda146a5cf921a58ca90b03d7d0fd81,2739,RANGE,63587,63589,2025-04-04T18:00:00,2025-04-04T20:00:00,3,TREND_DOWN,VOL_COMPRESSION
af76cb871cbe298612af6d29550e593730bb0a286d872a73a1651f1a06203c4a,2740,VOL_COMPRESSION,63590,63638,2025-04-04T21:00:00,2025-04-06T21:00:00,49,RANGE,TREND_DOWN
61e656019da8ade336927dc871dbc284862e479dfea65e68877b241cc4c427c1,2741,TREND_DOWN,63639,63668,2025-04-06T22:00:00,2025-04-08T03:00:00,30,VOL_COMPRESSION,RANGE
8ac5bd6ded1b2449502def7f930f1584c0e83e943592e08fa86723369e9ee8b7,2742,RANGE,63669,63671,2025-04-08T04:00:00,2025-04-08T06:00:00,3,TREND_DOWN,VOL_COMPRESSION
50b4b3ce325356bde1c1596456e12d445ce0930702dc0bac15ef52fd406400e7,2743,VOL_COMPRESSION,63672,63680,2025-04-08T07:00:00,2025-04-08T15:00:00,9,RANGE,TREND_DOWN
436866b47fee153369fde4314d54ffed5f03a1114edec5ccb2a2da709e97d3d0,2744,TREND_DOWN,63681,63685,2025-04-08T16:00:00,2025-04-08T20:00:00,5,VOL_COMPRESSION,VOL_COMPRESSION
0be0f289f1c8df75b6d483f7d540caf4e638d3c95b7230bee59c4f19124208a5,2745,VOL_COMPRESSION,63686,63689,2025-04-08T21:00:00,2025-04-09T00:00:00,4,TREND_DOWN,TREND_DOWN
b1da479fa3cd5e0a9b8e5139d708c382b60ba854b8a8cf85f3c2a1dc68df083c,2746,TREND_DOWN,63690,63697,2025-04-09T01:00:00,2025-04-09T08:00:00,8,VOL_COMPRESSION,VOL_COMPRESSION
cc0733f5d69cbbb0e09dcabc4f913803b08bf7ebe97bec94dd8011224a812a9a,2747,VOL_COMPRESSION,63698,63699,2025-04-09T09:00:00,2025-04-09T10:00:00,2,TREND_DOWN,TREND_DOWN
d6c3fada79b112f1e82fe6069f545c8b532ccc999915b0dc916fdc0db3ce4a90,2748,TREND_DOWN,63700,63705,2025-04-09T11:00:00,2025-04-09T16:00:00,6,VOL_COMPRESSION,RANGE
8e99be3ab562d1935093d3d32fd0bac8f6b6e087bf7ca9efd7d999a31b6966e3,2749,RANGE,63706,63707,2025-04-09T17:00:00,2025-04-09T18:00:00,2,TREND_DOWN,TREND_UP
190556c564fb6386a77ebe011295b356b250b3bb7c8ca7f05b7fedeb4bc72a52,2750,TREND_UP,63708,63714,2025-04-09T19:00:00,2025-04-10T01:00:00,7,RANGE,VOL_COMPRESSION
7ab44f60fa2f4638a1756a8cb922414fc8f4e287187a7b074333cc969c3c1fbb,2751,VOL_COMPRESSION,63715,63727,2025-04-10T02:00:00,2025-04-10T14:00:00,13,TREND_UP,TREND_UP
31009ea1156eaf52f88b0d7218dca8bb8459e56d81a2aaa85c8e7c3df8f3bb1c,2752,TREND_UP,63728,63729,2025-04-10T15:00:00,2025-04-10T16:00:00,2,VOL_COMPRESSION,RANGE
4f654885ef527998e46b9d55fac8f535f516f2f68d8fc0b08651cb13904894d0,2753,RANGE,63730,63732,2025-04-10T17:00:00,2025-04-10T19:00:00,3,TREND_UP,VOL_COMPRESSION
ac2d5fabe53159288c4a5a17909eb56f2b14a1fd56fb8c658ce6b93048edf675,2754,VOL_COMPRESSION,63733,63753,2025-04-10T20:00:00,2025-04-11T16:00:00,21,RANGE,TREND_UP
50be4929308fa42a821ecba343826708739d5ee0a18a3557bbc65a640043e893,2755,TREND_UP,63754,63754,2025-04-11T17:00:00,2025-04-11T17:00:00,1,VOL_COMPRESSION,VOL_COMPRESSION
15ad46af82cfbd818bca0cb01fea25d1a66701c5674c26a93b9a5503a2d26901,2756,VOL_COMPRESSION,63755,64715,2025-04-11T18:00:00,2025-05-21T18:00:00,961,TREND_UP,TREND_UP
2b8ea39e7b2483c73e85c963ce9a2fa6624ed96d51af1c1a3fef54be90e9f463,2757,TREND_UP,64716,64717,2025-05-21T19:00:00,2025-05-21T20:00:00,2,VOL_COMPRESSION,VOL_COMPRESSION
131fbd873f55212cd3f398c6c73cd54fdcf8c670215a5aaa26d07d152f06507c,2758,VOL_COMPRESSION,64718,68124,2025-05-21T21:00:00,2025-10-10T19:00:00,3407,TREND_UP,TREND_DOWN
1d28fb59f454d4dde6c3ec0c4597422b715fb3be42d8db1174c96b4b11e91a48,2759,TREND_DOWN,68125,68139,2025-10-10T20:00:00,2025-10-11T10:00:00,15,VOL_COMPRESSION,VOL_COMPRESSION
c8d4ffabc10fe57e69f22c668d671c7e5f09d3f86be72ad0fcc40895cfb3d942,2760,VOL_COMPRESSION,68140,68287,2025-10-11T11:00:00,2025-10-17T14:00:00,148,TREND_DOWN,TREND_DOWN
165f8ae2618d00e4428315042da569badcea6e6783466e2e6c09ac4d0b972f05,2761,TREND_DOWN,68288,68289,2025-10-17T15:00:00,2025-10-17T16:00:00,2,VOL_COMPRESSION,VOL_COMPRESSION
c3358413efde50bf2c7c1471491cf67960f1ae72ebf5e1aa1f7e6c9f65a38108,2762,VOL_COMPRESSION,68290,68390,2025-10-17T17:00:00,2025-10-21T21:00:00,101,TREND_DOWN,TREND_UP
6f43cfc697a0681613dcb334dc80cc273d4e2ad71f34b219f4deecd2f7ac70c7,2763,TREND_UP,68391,68392,2025-10-21T22:00:00,2025-10-21T23:00:00,2,VOL_COMPRESSION,VOL_COMPRESSION
856a58f4898ef9ebf1fee7b29e6fe353b74108af4c2e7278b388891376040a7d,2764,VOL_COMPRESSION,68393,68717,2025-10-22T00:00:00,2025-11-04T17:00:00,325,TREND_UP,TREND_DOWN
6a8df2afd8937c8e005c9c1d49952d342764d6790ae3479838b1780f109040c6,2765,TREND_DOWN,68718,68728,2025-11-04T18:00:00,2025-11-05T04:00:00,11,VOL_COMPRESSION,VOL_COMPRESSION
7ea5114b6a03abc9cf4f5af13f3731e9138da2357598ce1b5ea0246c67a850bc,2766,VOL_COMPRESSION,68729,68943,2025-11-05T05:00:00,2025-11-14T03:00:00,215,TREND_DOWN,TREND_DOWN
76b70b94f46b821d214b24e0bb1cf1d6a322ae02d757f548f2e906399fc38d65,2767,TREND_DOWN,68944,68944,2025-11-14T04:00:00,2025-11-14T04:00:00,1,VOL_COMPRESSION,VOL_COMPRESSION
7a345d2905e9a078da8bb6ea936be7291864b19192fc889605ad1b4977babfe8,2768,VOL_COMPRESSION,68945,68945,2025-11-14T05:00:00,2025-11-14T05:00:00,1,TREND_DOWN,TREND_DOWN
9ddfe0e194e649fe5c6a600ac2ac826d1c9e4e0b76b887dc07351afc9807d4f4,2769,TREND_DOWN,68946,68947,2025-11-14T06:00:00,2025-11-14T07:00:00,2,VOL_COMPRESSION,VOL_COMPRESSION
e60a816671c389bcdf9ef8d10a3766a4568f3028456f411ac564b72dff310377,2770,VOL_COMPRESSION,68948,68953,2025-11-14T08:00:00,2025-11-14T13:00:00,6,TREND_DOWN,TREND_DOWN
963445aac50527c96d6ee71e590dc5e81b8261fc67e7957418389e90ff01db39,2771,TREND_DOWN,68954,68966,2025-11-14T14:00:00,2025-11-15T02:00:00,13,VOL_COMPRESSION,VOL_COMPRESSION
24a7d81aa61bdf7382fc946212f8206fae34aefe6b74b4b7425f13c85fe06f7d,2772,VOL_COMPRESSION,68967,69028,2025-11-15T03:00:00,2025-11-17T16:00:00,62,TREND_DOWN,TREND_DOWN
72e75f892e1e7738fcf83d4712c40831c543c78d8013f05f38ecab09c66b7823,2773,TREND_DOWN,69029,69029,2025-11-17T17:00:00,2025-11-17T17:00:00,1,VOL_COMPRESSION,VOL_COMPRESSION
17fc9952754f4e393f04b0d2581c2f05fa566fe134bb9bb1d4d6b02bd467659e,2774,VOL_COMPRESSION,69030,69030,2025-11-17T18:00:00,2025-11-17T18:00:00,1,TREND_DOWN,TREND_DOWN
9658b7d8b5facc6b8d981068da0cc649ecdc7273de826f5acc9885f648a33a10,2775,TREND_DOWN,69031,69031,2025-11-17T19:00:00,2025-11-17T19:00:00,1,VOL_COMPRESSION,VOL_COMPRESSION
72fce3f5d15bd1f58ce80ef878728fcd8508a86bc24ee0c4c5c92418ed2932f7,2776,VOL_COMPRESSION,69032,69099,2025-11-17T20:00:00,2025-11-20T15:00:00,68,TREND_DOWN,TREND_DOWN
d446bba83767bec3363d15667d852e46500d0d0a02b73ee07fe9097cadbf6875,2777,TREND_DOWN,69100,69112,2025-11-20T16:00:00,2025-11-21T04:00:00,13,VOL_COMPRESSION,VOL_COMPRESSION
15ececb688987119fef64928e697afc92af5aaea46eca49dc956c825e4b3407e,2778,VOL_COMPRESSION,69113,69114,2025-11-21T05:00:00,2025-11-21T06:00:00,2,TREND_DOWN,TREND_DOWN
eb57bfbbc854a7866253ba05075bda858fac31cb43bac697b879728de71b6d8b,2779,TREND_DOWN,69115,69136,2025-11-21T07:00:00,2025-11-22T04:00:00,22,VOL_COMPRESSION,VOL_COMPRESSION
c67ccf58f3c8116b5ccfffe3920c67134bef48b85ee58ddf00ad464b3d33a58a,2780,VOL_COMPRESSION,69137,69459,2025-11-22T05:00:00,2025-12-05T15:00:00,323,TREND_DOWN,TREND_DOWN
66680696e7082db7617748b0350be30e2ebd4120a80e497c7484c89ecd721ec6,2781,TREND_DOWN,69460,69463,2025-12-05T16:00:00,2025-12-05T19:00:00,4,VOL_COMPRESSION,VOL_COMPRESSION
40586e3a64e93bf04f9afff4f5829fe3f4e7356195dba513250c8f8b1f4a1429,2782,VOL_COMPRESSION,69464,69746,2025-12-05T20:00:00,2025-12-17T14:00:00,283,TREND_DOWN,RANGE
74756a4b189117f7c00126aab2579165a0f961acf7531bbced2ce23c9fad0095,2783,RANGE,69747,69749,2025-12-17T15:00:00,2025-12-17T17:00:00,3,VOL_COMPRESSION,TREND_DOWN
c2390ee79da1224f7737e950e5999efb1db824c7e366875959fe3683ae2ba9cf,2784,TREND_DOWN,69750,69752,2025-12-17T18:00:00,2025-12-17T20:00:00,3,RANGE,VOL_COMPRESSION
ea7e03ecef24837d5162e68a2d2407a888f8ee398b14790766a1872646e387c3,2785,VOL_COMPRESSION,69753,69772,2025-12-17T21:00:00,2025-12-18T16:00:00,20,TREND_DOWN,TREND_UP
345a7ce952cdf2b952715d0b815dfe718348868f0046567bb8de8b4f0e8e4953,2786,TREND_UP,69773,69773,2025-12-18T17:00:00,2025-12-18T17:00:00,1,VOL_COMPRESSION,RANGE
4a2c71618103d48e0da3ffabf6f81e76f3f2948327be2b19bcda0478e97318f6,2787,RANGE,69774,69774,2025-12-18T18:00:00,2025-12-18T18:00:00,1,TREND_UP,TREND_DOWN
7c699e63b0319a056de3a7f5ee6809fbdfd745deb318df7a92f98654883ab9ce,2788,TREND_DOWN,69775,69778,2025-12-18T19:00:00,2025-12-18T22:00:00,4,RANGE,VOL_COMPRESSION
40acef47913a5a0187243fadef29df7392a27820e71cfe5a4a7e587f50983459,2789,VOL_COMPRESSION,69779,70068,2025-12-18T23:00:00,2025-12-31T00:00:00,290,TREND_DOWN,
