transition_id,transition_ordinal,anchor_bar_index,anchor_timestamp,prior_regime_label,current_regime_label,ordered_transition,prior_state_start_timestamp,prior_state_duration_bars,prior_transition_timestamp,spacing_since_prior_transition_bars,spacing_since_prior_transition_hours,current_state_age_bars,anchor_source_row_digest
a85de0c29eae981b34bcd58b94b6b0b7fb0ebb849e7bf25d63697848fd78b071,0,60,2018-01-03T12:00:00,UNKNOWN,TREND_UP,UNKNOWN -> TREND_UP,2018-01-01T00:00:00,60,,,,1,d0724d3eca43bdd063774bb6ccdb4ec8019de34321daf6f228f809925677202a
822be86ed16abdedb7152bbb59573bc49bbccc9b7f4416773337248cfbe55313,1,83,2018-01-04T11:00:00,TREND_UP,RANGE,TREND_UP -> RANGE,2018-01-03T12:00:00,23,2018-01-03T12:00:00,23,23,1,783642bf8e488c14e7be620eef2ecd01fbe520d065c769e224faf5b9cc056103
dd0283fc45717c51f99facabb1dda0f545e045c7ac40feaa79e0f6e601fa3e1d,2,89,2018-01-04T17:00:00,RANGE,TREND_UP,RANGE -> TREND_UP,2018-01-04T11:00:00,6,2018-01-04T11:00:00,6,6,1,c16ad8ac4cc880bba2a09b8865a7c7486c387e01b26b6703199176fbea24699b
d1515aa9d12d5459b16202e0359faa59bef1928dcbbec6429826a078c1213a2c,3,97,2018-01-05T01:00:00,TREND_UP,VOL_COMPRESSION,TREND_UP -> VOL_COMPRESSION,2018-01-04T17:00:00,8,2018-01-04T17:00:00,8,8,1,1e6cea9cbfcabb1cadb4e4b4013425857e744efc2b4450a0a8d4d7d387c18270
69524ca09702009c18b4458104825ca59ede878395e1974f0e3b953b6cf66628,4,104,2018-01-05T08:00:00,VOL_COMPRESSION,TREND_UP,VOL_COMPRESSION -> TREND_UP,2018-01-05T01:00:00,7,2018-01-05T01:00:00,7,7,1,d5945bd5118b8dd5750d15c91ffea0d7b1b4425f4cdd6a6a1b35cd85f77009f3
2c87dc2732e04e704865514e083d1e80dbd935b6d0c543b8141e14f1b128434b,5,145,2018-01-07T01:00:00,TREND_UP,VOL_COMPRESSION,TREND_UP -> VOL_COMPRESSION,2018-01-05T08:00:00,41,2018-01-05T08:00:00,41,41,1,18f903792ffab13306dbafa1ac19740901369aec4af2a964b7b3398677dbd30b
a2553eab554447ff9e906af2b8206d383549d03b2fa5fd2e585dfa220ed4854f,6,149,2018-01-07T05:00:00,VOL_COMPRESSION,TREND_UP,VOL_COMPRESSION -> TREND_UP,2018-01-07T01:00:00,4,2018-01-07T01:00:00,4,4,1,a373e4db0b36b11f94304b446dce7f5722d0005a939d07b5ccbc30b083fef79c
9ad9137ec4cbed5e3894711dd7aa1d5beb844f4f0f5f4daf1b710e14e4740edc,7,154,2018-01-07T10:00:00,TREND_UP,VOL_COMPRESSION,TREND_UP -> VOL_COMPRESSION,2018-01-07T05:00:00,5,2018-01-07T05:00:00,5,5,1,1fbb7ec80c33048ca70d2baece55a902dd51469a7a5ceaf7e1f212c1323d4948
c9fe218f659f21562ddfbc4d5b73eda0f426ee0ecfa899ae8a00983576f57207,8,160,2018-01-07T16:00:00,VOL_COMPRESSION,TREND_UP,VOL_COMPRESSION -> TREND_UP,2018-01-07T10:00:00,6,2018-01-07T10:00:00,6,6,1,3758c7901693e2745425c12041c9e55b4478e7ae1c9193e6aadb41f535e3fe1d
769116ba153583b87f802e094aa1d9726a8579e9e83a12f5dfb9bb3153c876a4,9,161,2018-01-07T17:00:00,TREND_UP,RANGE,TREND_UP -> RANGE,2018-01-07T16:00:00,1,2018-01-07T16:00:00,1,1,1,17430f3780861440230e3d202ad7eaead897286b2db2ec6d6d1c0cff40cf893b
79f60d7a6e2bdba989e9759f21bb7110023b92de12d0624607a850297b39dd7f,10,170,2018-01-08T02:00:00,RANGE,TREND_DOWN,RANGE -> TREND_DOWN,2018-01-07T17:00:00,9,2018-01-07T17:00:00,9,9,1,d12bb42022039a4782d1af51343b2fb2e379873c7046bce2fb9665b5d6c30461
cb649336ee467600daa177489d22a3037494044acd3fa064295de72aba6b518d,11,182,2018-01-08T14:00:00,TREND_DOWN,VOL_EXPANSION,TREND_DOWN -> VOL_EXPANSION,2018-01-08T02:00:00,12,2018-01-08T02:00:00,12,12,1,1f9df3ea8d902984b3b360843e5ced63f2905ff7b34b5452d9383c33affdd4e0
d2ff7b01b7eb7c81405dfba053a6695f52704c478041704309958b54c0f1b584,12,187,2018-01-08T19:00:00,VOL_EXPANSION,TREND_DOWN,VOL_EXPANSION -> TREND_DOWN,2018-01-08T14:00:00,5,2018-01-08T14:00:00,5,5,1,fafcd13f7241384b8490000233197264b24cfe701014e919f0826bbd3cc85a54
cbefda3d0c87fe0f49cecaee223277b7339140dcadcd99eab6311d886bc007c3,13,243,2018-01-11T03:00:00,TREND_DOWN,VOL_EXPANSION,TREND_DOWN -> VOL_EXPANSION,2018-01-08T19:00:00,56,2018-01-08T19:00:00,56,56,1,e2e8303a45ce332706f35c793467d64a5eaac951aefbecaf834ed206b3dcba68
cb8401917322ba6ee90c8790bec66c43f6da0f1f3918898aca71021a27a56e70,14,249,2018-01-11T09:00:00,VOL_EXPANSION,TREND_DOWN,VOL_EXPANSION -> TREND_DOWN,2018-01-11T03:00:00,6,2018-01-11T03:00:00,6,6,1,e708911f9596692641c7c4f6d374402a39dfef3c26d07f0e3536e38a457fc278
c112c407e23d1ad76adcc011c51543281c69f254738d4c9884dcda8e0d7f3ab2,15,262,2018-01-11T22:00:00,TREND_DOWN,VOL_EXPANSION,TREND_DOWN -> VOL_EXPANSION,2018-01-11T09:00:00,13,2018-01-11T09:00:00,13,13,1,9a59e1fb35e9476b338b624be26fe935a6b809eda72481bae29236a84085c514
cac50b2c05b2702ccca81a09b6ef5075cf5f417b51604bd0ef2a811e2731239d,16,264,2018-01-12T00:00:00,VOL_EXPANSION,TREND_DOWN,VOL_EXPANSION -> TREND_DOWN,2018-01-11T22:00:00,2,2018-01-11T22:00:00,2,2,1,20e601a63362ef7cf175a4b3e2b3a0fa18f870a3c27251c1c1dc5e383906cabe
1e2cec8f7f059665306f8d86ee77b6e6ba88f607f6fb1baa4e8adce12506021b,17,278,2018-01-12T14:00:00,TREND_DOWN,RANGE,TREND_DOWN -> RANGE,2018-01-12T00:00:00,14,2018-01-12T00:00:00,14,14,1,ef70e7aac0808ed9501cb1c73d5892c57e692e4b60f71273456e8962175cef5d
5aeccce863d5979fd0260468b9d6623b91c1453b17589f2e77641f9d15b26977,18,279,2018-01-12T15:00:00,RANGE,TREND_DOWN,RANGE -> TREND_DOWN,2018-01-12T14:00:00,1,2018-01-12T14:00:00,1,1,1,9ea3987d46873f025263d975f6e37305cac1ee2dcd6369207549a0c10437704d
b577e48b9366f30cb77540fbdebf2f2688269aa41851eab70aa16b8e3ffc0508,19,289,2018-01-13T01:00:00,TREND_DOWN,RANGE,TREND_DOWN -> RANGE,2018-01-12T15:00:00,10,2018-01-12T15:00:00,10,10,1,51c14ab94d5cde096f47fa6af7e989ae22f417c1da6c9f81fd725ba5e5111124
b8472dcb19385c6c21d86e0baee23c8b17095ba2ae7d444fb60cf8cf6afeb4e1,20,293,2018-01-13T05:00:00,RANGE,TREND_UP,RANGE -> TREND_UP,2018-01-13T01:00:00,4,2018-01-13T01:00:00,4,4,1,c4a2ae2b45ce2285ad8da5fcb8ce3d826c2a8fbf96bbef093531ffe538774dba
5dabdf9b3de51fbb54ffcab14c39cd4234c89af2671a7e92569c0d88999e1eb0,21,298,2018-01-13T10:00:00,TREND_UP,VOL_COMPRESSION,TREND_UP -> VOL_COMPRESSION,2018-01-13T05:00:00,5,2018-01-13T05:00:00,5,5,1,daed6a0b81b74e51855e285cd19159b93b7b2ad274834dfaaf8575e03548d690
f9663fd1eabe222a5a06c9803a7496dff27709ba3df7955d28eca2ae2abdcd4e,22,316,2018-01-14T04:00:00,VOL_COMPRESSION,TREND_UP,VOL_COMPRESSION -> TREND_UP,2018-01-13T10:00:00,18,2018-01-13T10:00:00,18,18,1,dc244a3ad68969290b32d3b75a286c1a4e0205adb0617f7b2ebd5af82ff0ad0b
b32a84e6c93b21a97d0a42437a2f08d706444d03ce46638e42c54aa145f896bb,23,317,2018-01-14T05:00:00,TREND_UP,RANGE,TREND_UP -> RANGE,2018-01-14T04:00:00,1,2018-01-14T04:00:00,1,1,1,97d1313e1767c4b7d1c590f50dfc525415d4856dd8683ce087702adccdc79cf5
26645e51b5322e935843f879dfa0993ff49d26c47bd85c200c7d6dc76567aad9,24,320,2018-01-14T08:00:00,RANGE,TREND_DOWN,RANGE -> TREND_DOWN,2018-01-14T05:00:00,3,2018-01-14T05:00:00,3,3,1,cf2f6d3b0028d9584139dcd38aa57a6d9254846dd29c930ddb4f37695770055a
9dc437aac06922883d20db50e4119d6e7a8b2411b997a696c4600b0884a10351,25,343,2018-01-15T07:00:00,TREND_DOWN,VOL_COMPRESSION,TREND_DOWN -> VOL_COMPRESSION,2018-01-14T08:00:00,23,2018-01-14T08:00:00,23,23,1,c628a2a07e06bb04871b5dbb037b037ced44599413967c0b20a3b1c7eb10af7b
e9bef420302ca6001c35aa148954667e99af50470956408048dce0b771d8aff9,26,348,2018-01-15T12:00:00,VOL_COMPRESSION,RANGE,VOL_COMPRESSION -> RANGE,2018-01-15T07:00:00,5,2018-01-15T07:00:00,5,5,1,d168378bc2d7e59e5935686199c9b976ec26d625f0ccca20dada315be0da2b63
d2516289e473e55142ebbc64f443900947e48904adf14e41cb5dc61cf38f5170,27,352,2018-01-15T16:00:00,RANGE,TREND_UP,RANGE -> TREND_UP,2018-01-15T12:00:00,4,2018-01-15T12:00:00,4,4,1,88753d93875ff7a4ab4feed846d8cd3516b7fc89f6e6a7e1b71f6599e1a94a9e
65e7934a456364ed42cda484071cee409a864e62b64f76bf78d7cc1da96e8cff,28,359,2018-01-15T23:00:00,TREND_UP,TREND_DOWN,TREND_UP -> TREND_DOWN,2018-01-15T16:00:00,7,2018-01-15T16:00:00,7,7,1,c3fd3f37050e4789a337b6a065b3dc440330f182ec573f242eaff7a6a94cfa06
58284c167ba1d2094074f64259e24b66f40ac7552a00e3c7f2c4e459067d2b1e,29,363,2018-01-16T03:00:00,TREND_DOWN,VOL_EXPANSION,TREND_DOWN -> VOL_EXPANSION,2018-01-15T23:00:00,4,2018-01-15T23:00:00,4,4,1,e2f7fe83abf52c4deaa80a6d43095655a06642a4336559501e2c62c29c648244
705178890a9e9e94108ed9002e8bb25a8dfc1acb05eb629e7d5a1ba72d9fc20f,30,364,2018-01-16T04:00:00,VOL_EXPANSION,TREND_DOWN,VOL_EXPANSION -> TREND_DOWN,2018-01-16T03:00:00,1,2018-01-16T03:00:00,1,1,1,7f34acdce1223d2caa9c2eadd0eab32ab98adcb008e25b61520519de612b37a7
35f30aaaf845535c9382e9ecb5aeb85754f41025f5b0e460b18f792512b97427,31,368,2018-01-16T08:00:00,TREND_DOWN,VOL_EXPANSION,TREND_DOWN -> VOL_EXPANSION,2018-01-16T04:00:00,4,2018-01-16T04:00:00,4,4,1,f453afc93a135acb5b00930b177e100483a40892bd4b61e73e8585aa258a2a3f
d3c81c18ed34e476540a2d4c029e64ab9003e902d1330ec0e259b212d60bffb6,32,369,2018-01-16T09:00:00,VOL_EXPANSION,HIGH_VOL,VOL_EXPANSION -> HIGH_VOL,2018-01-16T08:00:00,1,2018-01-16T08:00:00,1,1,1,eaf0cda0212c01a20cd3cacdb190f112080114ca70686859ed4d91ed7c98130f
ab85b64075cc73b53d0b56058c9a0bb35bc3a6b43c1348db2c2c7c906958b7ff,33,418,2018-01-18T10:00:00,HIGH_VOL,TREND_DOWN,HIGH_VOL -> TREND_DOWN,2018-01-16T09:00:00,49,2018-01-16T09:00:00,49,49,1,eced1b094e71ab3b845415343384876422bc4d5e0ab34e58ad8b36e581b88d34
27e68af4eb6922b0ded1ac2065795f215d7fcebb4b599e1d03a01b5bf55ca79f,34,421,2018-01-18T13:00:00,TREND_DOWN,RANGE,TREND_DOWN -> RANGE,2018-01-18T10:00:00,3,2018-01-18T10:00:00,3,3,1,704e2bf29508b6dbfae63f80ba2de4f75dbb1e740500b86c953e96eca886bbd2
f34158da67063fbead30b49cb7eca4ecf33b44407d1c8a1482bc6d5afca1c840,35,432,2018-01-19T00:00:00,RANGE,TREND_DOWN,RANGE -> TREND_DOWN,2018-01-18T13:00:00,11,2018-01-18T13:00:00,11,11,1,26141555634095dea2f922da2debf5e92e831a812de2e968f30244314246ef6e
8305ed6c9f2439f910f3de3456ca5e55dae50408202238314b4bf82af8bdb8d6,36,440,2018-01-19T08:00:00,TREND_DOWN,RANGE,TREND_DOWN -> RANGE,2018-01-19T00:00:00,8,2018-01-19T00:00:00,8,8,1,0c69e3a7d172e0a938632d7ddd7108a773f2e80d1638ab7c8cdb188dc85c1d5f
6c1891c555e85ead4e8d1f8933b64a9537fa12a328c5485650f27a1ddde01386,37,443,2018-01-19T11:00:00,RANGE,TREND_UP,RANGE -> TREND_UP,2018-01-19T08:00:00,3,2018-01-19T08:00:00,3,3,1,3876b7010d898c2f613840363a6dfe74921c9aecf6acb99f6099559cb3e17279
964405f1fd418a912adfc64fef07a5bddb2c5d89781fc4ed0acd33ae86be3242,38,450,2018-01-19T18:00:00,TREND_UP,TREND_DOWN,TREND_UP -> TREND_DOWN,2018-01-19T11:00:00,7,2018-01-19T11:00:00,7,7,1,b817af109e5f47c2010901ee5706360ab1fd1957f17088a0cda028783d299aa1
6340157038db47ede0efa87ff47190c57c1e77c28f04c84afbf0ec5971c2acf6,39,458,2018-01-20T02:00:00,TREND_DOWN,RANGE,TREND_DOWN -> RANGE,2018-01-19T18:00:00,8,2018-01-19T18:00:00,8,8,1,047fe44111c2ddae4039eb0d3a8f672360560aa56a4372e12aea47e19f55c8cb
71380dc69436e74d527ce611e089da6fcb84ba5c10a91b57570b09f93293799f,40,459,2018-01-20T03:00:00,RANGE,TREND_UP,RANGE -> TREND_UP,2018-01-20T02:00:00,1,2018-01-20T02:00:00,1,1,1,3bb09701277a12cdc7c4484eff382e6cc7634842b048e4809f3a8093de44f2f5
aca02e89cd9d1b80f8371c411137b30814163373ed273c1bc6171f61065983b6,41,488,2018-01-21T08:00:00,TREND_UP,RANGE,TREND_UP -> RANGE,2018-01-20T03:00:00,29,2018-01-20T03:00:00,29,29,1,341e92b26428612dcfe9dca1327b72b28d7be1ea463964479e0fcd4b094ffc49
adf75cec53735abfd27a8dc865d55cc784e20a953c2fbb9219f1b3bb9b1a9edf,42,496,2018-01-21T16:00:00,RANGE,TREND_DOWN,RANGE -> TREND_DOWN,2018-01-21T08:00:00,8,2018-01-21T08:00:00,8,8,1,f344fe8debccbd52c2d12dda34152423b9aee2caaabd43337929aa18892ff90a
32a575e7c6d1e9cb8991d73492536811794c73496eb5df013df5afef5e2b8603,43,517,2018-01-22T13:00:00,TREND_DOWN,VOL_EXPANSION,TREND_DOWN -> VOL_EXPANSION,2018-01-21T16:00:00,21,2018-01-21T16:00:00,21,21,1,65e9243f9f69584a3e3a4a8b279bd2f0c198dbab511ce5c45532e246dbb1822f
26a15bcb411fffb3fd43d69b9cd326fd2575c8ce8a06ec43952714b65c55e97c,44,522,2018-01-22T18:00:00,VOL_EXPANSION,TREND_DOWN,VOL_EXPANSION -> TREND_DOWN,2018-01-22T13:00:00,5,2018-01-22T13:00:00,5,5,1,3af51188459458cc903d024c0987db58ef143a246931a8a998011b9ad983c5e1
97be590a34e36a5ad6685eeca256e7364b2675475e06ed156ab05500a27180bb,45,536,2018-01-23T08:00:00,TREND_DOWN,VOL_EXPANSION,TREND_DOWN -> VOL_EXPANSION,2018-01-22T18:00:00,14,2018-01-22T18:00:00,14,14,1,7608718fe93a6ace6f5bef2f13304556dd5570c38af86038083de49d3dc5d23d
61a4bc08d3d085550898adfd64d33935e3d7ab0764bc96c15a487d4d2a1a2299,46,537,2018-01-23T09:00:00,VOL_EXPANSION,TREND_DOWN,VOL_EXPANSION -> TREND_DOWN,2018-01-23T08:00:00,1,2018-01-23T08:00:00,1,1,1,32604e0ae6399c36e23592876d0f25a923cb722408c720ad229233968f7907b8
ed5afb6a22c2d246c90a115836ad05814f0702f3c727871dfbe53103b3bd8136,47,539,2018-01-23T11:00:00,TREND_DOWN,VOL_EXPANSION,TREND_DOWN -> VOL_EXPANSION,2018-01-23T09:00:00,2,2018-01-23T09:00:00,2,2,1,9f676896b663c1444e7e3d21429833fa1b7fbc446aa493ef98f400e8e582f175
f83325724a5d3d947319be3aaa76859dded1437ee3436326921d7d67a64129af,48,541,2018-01-23T13:00:00,VOL_EXPANSION,TREND_DOWN,VOL_EXPANSION -> TREND_DOWN,2018-01-23T11:00:00,2,2018-01-23T11:00:00,2,2,1,a8806e7bd9854d7ecbb986272c1cfbbaea881644c9080ca66ce7683a2958c834
2f9290c520a21bfea9848fce419c4d763e6daafad8bbac284fe6e53c970abfc9,49,547,2018-01-23T19:00:00,TREND_DOWN,RANGE,TREND_DOWN -> RANGE,2018-01-23T13:00:00,6,2018-01-23T13:00:00,6,6,1,75fd1a565421cb47553aa09817062d1276e5b6683fc73f7987505a60fc6bb39a
2af455419b8c2d5f984a124a4cfba86063766e62c0480ce421094f6dd521ba93,50,551,2018-01-23T23:00:00,RANGE,TREND_DOWN,RANGE -> TREND_DOWN,2018-01-23T19:00:00,4,2018-01-23T19:00:00,4,4,1,7c54cefbc7a214462486b3b98067fb176e03492b3cb0e032c5ec88775040c27c
132024f95d8bcd734358a131e6ff35816ed344e2ec8e7af50d0edf49d42e7d86,51,562,2018-01-24T10:00:00,TREND_DOWN,RANGE,TREND_DOWN -> RANGE,2018-01-23T23:00:00,11,2018-01-23T23:00:00,11,11,1,3562255b8087f54c226f7876405df2c5c498202366a3d6c4cb059ab9952e1320
caa3c616b0857ac916fd585e23d8982092aa32057d849d9f493a82be3c89fa2a,52,571,2018-01-24T19:00:00,RANGE,TREND_UP,RANGE -> TREND_UP,2018-01-24T10:00:00,9,2018-01-24T10:00:00,9,9,1,f09d167302638d354ff7f6715a5a3be468e3f7f56010673de27b14cf646c4728
346c3367f3a6cc8c4e81db133f06a10d9c81ebf3e4c71459b11c9c27273c343a,53,591,2018-01-25T15:00:00,TREND_UP,RANGE,TREND_UP -> RANGE,2018-01-24T19:00:00,20,2018-01-24T19:00:00,20,20,1,75d287773042458dd4cca20e0362f9a07dea3cd1eec0335ce0de4bae4e27de17
cf3ca138f8c5ccccd8cb781da02a760013bb91755671745da838c088a09df955,54,597,2018-01-25T21:00:00,RANGE,TREND_UP,RANGE -> TREND_UP,2018-01-25T15:00:00,6,2018-01-25T15:00:00,6,6,1,b9bcf79ef5cbeca9d90be3037f05d71ccb718cb2ea571307499d979d3918f569
5dcda536e1d607e07d9ff52d1877dd7107f0ab8b3ab504e3751510bb1ba440e7,55,608,2018-01-26T08:00:00,TREND_UP,RANGE,TREND_UP -> RANGE,2018-01-25T21:00:00,11,2018-01-25T21:00:00,11,11,1,870f4000046bf18badbf06e020b312d5b34e834e8cc289ef5054fe6359daabf5
1042b1387cc2118496f292b53ce64c8ce6c14670a0dd11b3718258002971b221,56,609,2018-01-26T09:00:00,RANGE,TREND_DOWN,RANGE -> TREND_DOWN,2018-01-26T08:00:00,1,2018-01-26T08:00:00,1,1,1,abdf64c03b580f6176323790971f3aeb0f4ca94ec07aff37e054557369d15a35
87a5a65b29eef26b9d70988c1d2312e7da2c8669d3f661d12903328c20c6fcc1,57,629,2018-01-27T05:00:00,TREND_DOWN,RANGE,TREND_DOWN -> RANGE,2018-01-26T09:00:00,20,2018-01-26T09:00:00,20,20,1,3e87799e40966fe6ed7ce34b63b0ac9bb16dadc2494b71a731321746052f5b81
a6aef21419ae218865240fc01bc1860a5747ee7d5cba575afc0f72a5ff6a9087,58,634,2018-01-27T10:00:00,RANGE,TREND_UP,RANGE -> TREND_UP,2018-01-27T05:00:00,5,2018-01-27T05:00:00,5,5,1,eb07fa572aa6da16e718d90c7f77c791955c1bc8481ea4e9bf07f585a69e23aa
59eaf8152aea7cc958a142309b8847fd9138d8ead9aff6c4a1f995eda0cc08e5,59,635,2018-01-27T11:00:00,TREND_UP,RANGE,TREND_UP -> RANGE,2018-01-27T10:00:00,1,2018-01-27T10:00:00,1,1,1,c6a21efb764858a178270a423d2b75199bbda8f80f7054063e0aee035d4d7696
c9d9c5e3e4f7e63bf26f9bdcde0435fa028b6870c509a8509205dd0de931ca84,60,637,2018-01-27T13:00:00,RANGE,TREND_DOWN,RANGE -> TREND_DOWN,2018-01-27T11:00:00,2,2018-01-27T11:00:00,2,2,1,0ae0c8c57ac52546ed002bcacb8725b49746728239eba53cf4677320cb9e1882
919688330beedf7713fb1b13aa597f12a0c8b99030531762622005b8dfdc92d4,61,639,2018-01-27T15:00:00,TREND_DOWN,TREND_UP,TREND_DOWN -> TREND_UP,2018-01-27T13:00:00,2,2018-01-27T13:00:00,2,2,1,f391fe210acbf09bc242c2a2177de5cf2fc6f34efe95a6f62c8ab6cc2e3cac61
3e8b0a630e1a6c040e5ddf356c0b35aa745bd00abde3021d401ec097741d2ad2,62,649,2018-01-28T01:00:00,TREND_UP,VOL_COMPRESSION,TREND_UP -> VOL_COMPRESSION,2018-01-27T15:00:00,10,2018-01-27T15:00:00,10,10,1,9fa0e1a00263bdf054cb964d6c8f0c3dbe1e5a7547ac798d8fae615343e72bff
1f2280e63b51ea74d00df59980204c12a54014b46d7a9cb9790140a37feb4dad,63,655,2018-01-28T07:00:00,VOL_COMPRESSION,TREND_UP,VOL_COMPRESSION -> TREND_UP,2018-01-28T01:00:00,6,2018-01-28T01:00:00,6,6,1,85d3ab78637dd182a49b8721b325ceeb41fea8624081689c1fab3c1963798f39
d477a8dbdc8c01bde6ebd5636bc0d19c5a843c92a4aed1fe808cc28aa182df77,64,656,2018-01-28T08:00:00,TREND_UP,VOL_COMPRESSION,TREND_UP -> VOL_COMPRESSION,2018-01-28T07:00:00,1,2018-01-28T07:00:00,1,1,1,4b5d16542836a02256b2005e5c2226c8612dfe5cc4d62fa9a569511471ade717
d29e4590f3594bccbb7e4211a912e4d8edd926390636e4b84b995a0f63c4de1f,65,658,2018-01-28T10:00:00,VOL_COMPRESSION,TREND_UP,VOL_COMPRESSION -> TREND_UP,2018-01-28T08:00:00,2,2018-01-28T08:00:00,2,2,1,50cf85c97120bf2b4593a32cc0541b95bd54d6e14957d9b25407d148d2ca7c39
4982388d479782888ec77dcc01757c74ae008555e3939a4d7cc1ebc2fa2f6da5,66,664,2018-01-28T16:00:00,TREND_UP,VOL_COMPRESSION,TREND_UP -> VOL_COMPRESSION,2018-01-28T10:00:00,6,2018-01-28T10:00:00,6,6,1,d0796e665665b310a8cc1f6c57a5f7052fd2061e2a7d1e92018c81addfaaca24
e08f783110cad01eac4605246985abb027dca342d94406dda7c49b60f793d382,67,709,2018-01-30T13:00:00,VOL_COMPRESSION,TREND_DOWN,VOL_COMPRESSION -> TREND_DOWN,2018-01-28T16:00:00,45,2018-01-28T16:00:00,45,45,1,b1d70fd1b76e7475e78a4a8441d2185283ee42a4f7dc4e7119ef23ed30590841
eeef199a664bb0af4255f890c3e27f97a5c6573e0605fe48ae8580aecc5f7694,68,715,2018-01-30T19:00:00,TREND_DOWN,VOL_EXPANSION,TREND_DOWN -> VOL_EXPANSION,2018-01-30T13:00:00,6,2018-01-30T13:00:00,6,6,1,d1562c9954fa89391b890ca8638b6a19a1a65e88cac78139611ca173703009d8
e4d24da35b0294d13c1af84d4d0b606fd2b7bb21da197a3a71b9f37b17bb7a20,69,718,2018-01-30T22:00:00,VOL_EXPANSION,TREND_DOWN,VOL_EXPANSION -> TREND_DOWN,2018-01-30T19:00:00,3,2018-01-30T19:00:00,3,3,1,24f0f2ca2cbe06250203846eb888b3c61038275b083da0b801d5ab3f0dd35249
7ce33e66cc6cafdcc954fb70fa74b7f89d222cb78eff3df372003835db0b2e65,70,723,2018-01-31T03:00:00,TREND_DOWN,VOL_EXPANSION,TREND_DOWN -> VOL_EXPANSION,2018-01-30T22:00:00,5,2018-01-30T22:00:00,5,5,1,db5aa76fd4be3bed2d691d001bdd3f4323db12d70f2a722a283a9de845b2084c
327a13fae48f1784e38453a025b63fa1c2a44c18c5f5c5eda8e052d2c86c1f68,71,724,2018-01-31T04:00:00,VOL_EXPANSION,TREND_DOWN,VOL_EXPANSION -> TREND_DOWN,2018-01-31T03:00:00,1,2018-01-31T03:00:00,1,1,1,d705777ccdb62f7063b436885ed667a30f377c78ec2ce5819e9f7e57973dbab6
5e578c3174861106a436007537f9305a2f42b963a56bd3765ba1e73f2adf7451,72,746,2018-02-01T02:00:00,TREND_DOWN,VOL_COMPRESSION,TREND_DOWN -> VOL_COMPRESSION,2018-01-31T04:00:00,22,2018-01-31T04:00:00,22,22,1,06321eaf848192420a3dc9a6c3dd5c9ffe45129b86a38b968097574cd02e6b25
ebbc50e85680e9e863c7f6ea9da73329a52b00c618ec604baf26911773962dca,73,747,2018-02-01T03:00:00,VOL_COMPRESSION,TREND_DOWN,VOL_COMPRESSION -> TREND_DOWN,2018-02-01T02:00:00,1,2018-02-01T02:00:00,1,1,1,e843234f2500d69dc1e8224731260a38bcaca92986cbae49209eb7592e29e719
35cea83ec7cc5e9d9d2d883775e0c677239e3714415f680527b3267c9c458e10,74,757,2018-02-01T16:00:00,TREND_DOWN,VOL_EXPANSION,TREND_DOWN -> VOL_EXPANSION,2018-02-01T03:00:00,10,2018-02-01T03:00:00,10,13,1,5745b5838ecccfa4b39367ec6fef28080df2fdfef392e987a3f99e6f9c9a3e30
ec4cd3c71c5415afc934f534988671aa600cf0fa8cc4860a0d56bc0192d6edbc,75,759,2018-02-01T18:00:00,VOL_EXPANSION,TREND_DOWN,VOL_EXPANSION -> TREND_DOWN,2018-02-01T16:00:00,2,2018-02-01T16:00:00,2,2,1,32bf99085689f2bc08837bfa2cdbd4d310af62a5936df78426cdd452be91b4e5
2318ca58875684d476ff26cf4fe92ec850f962e245b9a9224b801b1a80a07003,76,761,2018-02-01T20:00:00,TREND_DOWN,VOL_EXPANSION,TREND_DOWN -> VOL_EXPANSION,2018-02-01T18:00:00,2,2018-02-01T18:00:00,2,2,1,054319e7a40bafc01243ace1fa37357c85c3413a9fa51bdd88302218da6a673f
a5c4e74bd1a3e47044e0faeb7280d6d63bb647decf692005fdad2309f77569ef,77,766,2018-02-02T01:00:00,VOL_EXPANSION,TREND_DOWN,VOL_EXPANSION -> TREND_DOWN,2018-02-01T20:00:00,5,2018-02-01T20:00:00,5,5,1,6bf3aec416daff558368365ed3977c77bac89e2ee7d9bd441b26fc7444017606
f914d618409c40b98625a54a6fd7358f2290f4f7bc1c80d3e4deab117830baf2,78,777,2018-02-02T12:00:00,TREND_DOWN,VOL_EXPANSION,TREND_DOWN -> VOL_EXPANSION,2018-02-02T01:00:00,11,2018-02-02T01:00:00,11,11,1,52abf280f0d01317d2f75a55e95b7ffcdde74e6402d1f390df6c57aef419e59c
f0573a995029c88baf1578519fb8ba9c223e609ddb6e878b703093d40e3b3028,79,778,2018-02-02T13:00:00,VOL_EXPANSION,HIGH_VOL,VOL_EXPANSION -> HIGH_VOL,2018-02-02T12:00:00,1,2018-02-02T12:00:00,1,1,1,8706dc02eaa8c5064ccde2896d2881a412b32cf31a7588731fb37e9647c926c8
f3dfc659bc4ce4381eeaaecd30a6888bb9cd60ec1d13a4c4b4a9c8c90affb65a,80,786,2018-02-02T21:00:00,HIGH_VOL,TREND_DOWN,HIGH_VOL -> TREND_DOWN,2018-02-02T13:00:00,8,2018-02-02T13:00:00,8,8,1,0fc78cca97e638051687ce458a4086bf34206d30848efe80eacbb9e6f1cd2528
45e9445e187399c7c10b9b0ed38560007068f6970eebe3a11359383f7124fe9c,81,802,2018-02-03T13:00:00,TREND_DOWN,RANGE,TREND_DOWN -> RANGE,2018-02-02T21:00:00,16,2018-02-02T21:00:00,16,16,1,f097a9cbb808cf1c113683ad7818a3fb229a38b692a04f9315b2ffe92550c2d6
efe24d20ff70867dfa37c2e4dc2205971a03c458c5ab6c8dab6031f8d3b90b55,82,809,2018-02-03T20:00:00,RANGE,TREND_UP,RANGE -> TREND_UP,2018-02-03T13:00:00,7,2018-02-03T13:00:00,7,7,1,8c2dfdc733a5638cd07c8f97e9e29ebf1c074705ab190e6c9e2df25a9d423d81
a2114462914e96d235ccda8ad32058165b5fd89f6d272fbebd47e53a71c96bfb,83,823,2018-02-04T10:00:00,TREND_UP,RANGE,TREND_UP -> RANGE,2018-02-03T20:00:00,14,2018-02-03T20:00:00,14,14,1,f8931b64f45fb81637577c19329e326e856ab50d30563c80578591d6e473c39a
716c64c685e86525bec7ec9232c0e1c5a5086b429b50698fcbecc71c9608a824,84,824,2018-02-04T11:00:00,RANGE,TREND_DOWN,RANGE -> TREND_DOWN,2018-02-04T10:00:00,1,2018-02-04T10:00:00,1,1,1,94065d30f730283e0474b123936d568541f82a4ca55a62b8589051c84c138705
fcce4515908eba16b1cc1e0f9ad032d781ac2d04b694f2062378e94f86e60367,85,828,2018-02-04T15:00:00,TREND_DOWN,VOL_EXPANSION,TREND_DOWN -> VOL_EXPANSION,2018-02-04T11:00:00,4,2018-02-04T11:00:00,4,4,1,17895f854552559f1b1fd9ae25a67c365bc90de823ce86881a4a4d37b2ee7e55
071cebf666c273dec65b5bb907e6c9acc61ee22cdea092e2a16f0c49860a20c4,86,830,2018-02-04T17:00:00,VOL_EXPANSION,TREND_DOWN,VOL_EXPANSION -> TREND_DOWN,2018-02-04T15:00:00,2,2018-02-04T15:00:00,2,2,1,98d0b74deaf9c715078e92ab902072119414e224e53618e0fdaf64ab8d90bae9
7930632d54e2c53aaccb5405ce1a4d6bada170145d60485bbd5d51284849bc8b,87,831,2018-02-04T18:00:00,TREND_DOWN,VOL_EXPANSION,TREND_DOWN -> VOL_EXPANSION,2018-02-04T17:00:00,1,2018-02-04T17:00:00,1,1,1,6122cb612c212efe592b4b0e6ffb3bfcdfbf89790fc3ee8d2e802aef458548fa
ade7616ff096a199ae28828787bc902bdea02997d2c9612623dc1ed770535d8d,88,833,2018-02-04T20:00:00,VOL_EXPANSION,TREND_DOWN,VOL_EXPANSION -> TREND_DOWN,2018-02-04T18:00:00,2,2018-02-04T18:00:00,2,2,1,3c09a9f3a1342d3564a5a822752dede73cd456796112586efeb77568b957ab64
8607fab977d9ac3668390e6bb58ca3da7aa667bd2ae528894f2c20f9f3e8f198,89,835,2018-02-04T22:00:00,TREND_DOWN,VOL_EXPANSION,TREND_DOWN -> VOL_EXPANSION,2018-02-04T20:00:00,2,2018-02-04T20:00:00,2,2,1,7eaa89c308a9d7dbe587822fbd0e82e141867095923d2e5a60e28fff0562af80
691be875b417f3d9a05e1bc78044feb79d2a21f506bd908a67dac7d178f61ed4,90,837,2018-02-05T00:00:00,VOL_EXPANSION,TREND_DOWN,VOL_EXPANSION -> TREND_DOWN,2018-02-04T22:00:00,2,2018-02-04T22:00:00,2,2,1,b11e990e727be2ee0fbbfbf5faf011865b94b5d1eba1bb9d3bf88e088ac1f00d
ad117ffc37d0567998e3ba20f3ca4e44bea3b44f70406b7c99b90384db4bc0b6,91,852,2018-02-05T15:00:00,TREND_DOWN,VOL_EXPANSION,TREND_DOWN -> VOL_EXPANSION,2018-02-05T00:00:00,15,2018-02-05T00:00:00,15,15,1,60b11a4c5b658525163001e403c6e06ba32d5a424bb7ec364e6c9c1bbb67288c
12594cf576bf216d346188b7d23d1f9a6ba7cf7882584fe1ed64d5dd405cb708,92,855,2018-02-05T18:00:00,VOL_EXPANSION,HIGH_VOL,VOL_EXPANSION -> HIGH_VOL,2018-02-05T15:00:00,3,2018-02-05T15:00:00,3,3,1,831a14ca882b2078d8b7c4c6609e2080b43f0af3905a7d81e584a5616b13c10d
e9956131bc1942bf1417b18b8ff28edff785d9512ac7b8fb9d05622ca76ebccd,93,894,2018-02-07T09:00:00,HIGH_VOL,RANGE,HIGH_VOL -> RANGE,2018-02-05T18:00:00,39,2018-02-05T18:00:00,39,39,1,8b65130696b4ed5acb2039b3c0cb7b36bed3e81f1027d9c723623ba28b3ad2cc
dfe00c63e177f17c1f27302c95953474a18c72f47e2c3a13390b289771a30ab8,94,895,2018-02-07T10:00:00,RANGE,TREND_UP,RANGE -> TREND_UP,2018-02-07T09:00:00,1,2018-02-07T09:00:00,1,1,1,75fc070d056d2f0a50c2beb111402af02a7cad70c149502fa9b28ed3f04c93a1
71f4533b16241f91525b17f9f4e29ae2ea8bff55ae53370fb66a3b0655a5f6d6,95,934,2018-02-09T01:00:00,TREND_UP,VOL_EXPANSION,TREND_UP -> VOL_EXPANSION,2018-02-07T10:00:00,39,2018-02-07T10:00:00,39,39,1,cca8032cf6f7c182a5269e1513985c6c8d523e285a1a80c12d32c8a06fc89a2a
457e78091b2d59d0b5c20f32d1ac70162f43202ff59ad79eff53bf349aadc5e5,96,936,2018-02-09T03:00:00,VOL_EXPANSION,TREND_UP,VOL_EXPANSION -> TREND_UP,2018-02-09T01:00:00,2,2018-02-09T01:00:00,2,2,1,2a2fa8cb7e38a259a81842337bcbdf65905deb5fc0f378f4d1596274ef9b10cd
69baf8aa456f14b47c9abf66e5ca7dd8fd96c9841d575ea222a932f4a94810b4,97,937,2018-02-09T04:00:00,TREND_UP,VOL_EXPANSION,TREND_UP -> VOL_EXPANSION,2018-02-09T03:00:00,1,2018-02-09T03:00:00,1,1,1,07ed9ecf25cbb6358381eb8893270c2c500bbdc0e499839d65f85ee1e4676311
101f5bf92f994fa568783348761c8e471b404dd67f7f5c2ec574e8e7e9147efe,98,938,2018-02-09T05:00:00,VOL_EXPANSION,RANGE,VOL_EXPANSION -> RANGE,2018-02-09T04:00:00,1,2018-02-09T04:00:00,1,1,1,001d103848d1d62abdf8cf31ef90a3a6c1f2007fed0c0fb1b030fa7aa5c7fae4
6f12a6e9a66722fa610e699d9424c769b0ca8548e36880fd983f0070d790869f,99,942,2018-02-09T09:00:00,RANGE,TREND_UP,RANGE -> TREND_UP,2018-02-09T05:00:00,4,2018-02-09T05:00:00,4,4,1,89ce20d0453622a7f9acbda81535c9d3c2ba487e93a4a995919cb3357a69d209
8c142d51201ed1a1d27c16734439b5badbf1baf890702414779ff2c11d954143,100,975,2018-02-10T18:00:00,TREND_UP,RANGE,TREND_UP -> RANGE,2018-02-09T09:00:00,33,2018-02-09T09:00:00,33,33,1,c5c3d8b15486d583f1e7f2c252f7fa4df744608ab98d5f56d66ce99f8674c490
832996897e250b03277e701aa19f377362f5ca7147de9fd307563e1687379c39,101,986,2018-02-11T05:00:00,RANGE,TREND_DOWN,RANGE -> TREND_DOWN,2018-02-10T18:00:00,11,2018-02-10T18:00:00,11,11,1,6ab605eefd955e1a6d04e26b3bfd04b196ba95c56a58636bf2cac485a4cd0391
680aa6730fa029fd0a00aeef3fcb178cce95b3a6c06a93c1238a8410991e2b1a,102,996,2018-02-11T15:00:00,TREND_DOWN,RANGE,TREND_DOWN -> RANGE,2018-02-11T05:00:00,10,2018-02-11T05:00:00,10,10,1,691ce073bd520f8053e140325aefa73d24e9c7f10d7111882711607083616c49
d54490e2f89e992006fcb8c1aaf73c5121bf515ecb05420ea03663d463651527,103,1000,2018-02-11T19:00:00,RANGE,TREND_DOWN,RANGE -> TREND_DOWN,2018-02-11T15:00:00,4,2018-02-11T15:00:00,4,4,1,415e906c2ee4ac4bbd37f08f7a87c0e84af87853372946e68760ec6a01218c63
f20c369f5f38ed51f89ca2169cb0ccab7a15facdd6369898fa40bc0ba938b0df,104,1008,2018-02-12T03:00:00,TREND_DOWN,RANGE,TREND_DOWN -> RANGE,2018-02-11T19:00:00,8,2018-02-11T19:00:00,8,8,1,0244e2ebaff36f37fee45a4659ac276fbb2fe8810b2329cf93d9d81b29fed53f
b47d13167065578590a80d0438bbee443fea83013f04a0ca1b39fb6dc1112d0c,105,1010,2018-02-12T05:00:00,RANGE,TREND_UP,RANGE -> TREND_UP,2018-02-12T03:00:00,2,2018-02-12T03:00:00,2,2,1,2d5007fa33fa97c4d79d7cb3b14f49303e4fae0cba1e4373e5751e53527531a5
cd0a01779068239a20929538245ff2f08b9e3cc226759d78a168ceb02b312506,106,1040,2018-02-13T11:00:00,TREND_UP,RANGE,TREND_UP -> RANGE,2018-02-12T05:00:00,30,2018-02-12T05:00:00,30,30,1,2ee2eff9cc40b9805077f3c0ab66db5f5fc54ea21a3269f89a9c98194b15d6c1
56eb9fadff3d296188a9641dc1787cae884d0c4b9fb7d0d54561aec1ed28b81b,107,1043,2018-02-13T14:00:00,RANGE,TREND_UP,RANGE -> TREND_UP,2018-02-13T11:00:00,3,2018-02-13T11:00:00,3,3,1,ff8f75554d6a0d4997ee5789a01a5ad6c81da361d744e14ba02473cefe88ecea
56db65bb4a8d03c9c37708b1ebe7ac29121585c9adf822ed12bf4d45a729fea7,108,1048,2018-02-13T19:00:00,TREND_UP,VOL_COMPRESSION,TREND_UP -> VOL_COMPRESSION,2018-02-13T14:00:00,5,2018-02-13T14:00:00,5,5,1,61679942abcdfb4e7e399a26a2dfcf5be6f60664b7fe6afe5dde45a75ab9b6b4
108ff140609bf2dd6828f193ca1a26a20e32ebeb44b75d10bf0e54cdbd5f7f82,109,1050,2018-02-13T21:00:00,VOL_COMPRESSION,TREND_UP,VOL_COMPRESSION -> TREND_UP,2018-02-13T19:00:00,2,2018-02-13T19:00:00,2,2,1,57da7337ca564f1223705d3d428848a2fd1c890604b402ed6abb25faedc27acf
b2988e041767fe166cae674caa6bfb8c5cf0d0bc80530d47fff2b37abb71d967,110,1052,2018-02-13T23:00:00,TREND_UP,VOL_COMPRESSION,TREND_UP -> VOL_COMPRESSION,2018-02-13T21:00:00,2,2018-02-13T21:00:00,2,2,1,0e7d8cd260446f22592c55ec4c6849d4fdab924018594a587e422cf8d72346cd
1780a1a26baf58a9d6d954ec8d60bd96b51bdcd137b2f8fc93325341db7f8ee5,111,1065,2018-02-14T12:00:00,VOL_COMPRESSION,TREND_UP,VOL_COMPRESSION -> TREND_UP,2018-02-13T23:00:00,13,2018-02-13T23:00:00,13,13,1,59e914c9d4ea5bd452b035e2366ad3e3e484b0e7344288ee6f770f1c826a995e
b871bddc5d05fc33b853ed72201af7e85f9dd9cdb9b207b037736efcae88b37e,112,1074,2018-02-14T21:00:00,TREND_UP,VOL_COMPRESSION,TREND_UP -> VOL_COMPRESSION,2018-02-14T12:00:00,9,2018-02-14T12:00:00,9,9,1,eb455d146f37af69ea1fc9a0bc29cabeb4ddeafd6e88a9d9dfaa51d449e49dde
089519dbbc683600ddb4319a856301e968cefa2a703c896708a630b230065146,113,1075,2018-02-14T22:00:00,VOL_COMPRESSION,TREND_UP,VOL_COMPRESSION -> TREND_UP,2018-02-14T21:00:00,1,2018-02-14T21:00:00,1,1,1,beecc3af1b2bcc971963254aa3c1d37aab4d22ab13e18deb4b4663268d0fbbaa
e9c4664e0ff65f9492c6962da2dfeea7a4ff7b71d25b6378c6df943f45433694,114,1078,2018-02-15T01:00:00,TREND_UP,VOL_COMPRESSION,TREND_UP -> VOL_COMPRESSION,2018-02-14T22:00:00,3,2018-02-14T22:00:00,3,3,1,4033f1e561a8ab79bba69226cb6f7cfd219bfd4b349b432aecf5c68b52eb1ce8
2611d6bdd400fb84cd352cfa9a5d950a6223d698c60242930a342508649df6fe,115,1079,2018-02-15T02:00:00,VOL_COMPRESSION,TREND_UP,VOL_COMPRESSION -> TREND_UP,2018-02-15T01:00:00,1,2018-02-15T01:00:00,1,1,1,f63bf398346e7f125ed39efebf1df591faf796bce91bf654a57845779832ab6a
1a1b5f630bdc5d397878dc00a1835db224e16cee3a048ff856ffd696042eb495,116,1124,2018-02-16T23:00:00,TREND_UP,VOL_COMPRESSION,TREND_UP -> VOL_COMPRESSION,2018-02-15T02:00:00,45,2018-02-15T02:00:00,45,45,1,89ac148860d5c05ac8fdd9a849094ef85aa0b6e87d59d5b0b24675a6cfeda36a
89177e9d6e99fa3df85b56e96582f0bb03f27637a97a3e1fc0ae01295a999dd0,117,1131,2018-02-17T06:00:00,VOL_COMPRESSION,TREND_UP,VOL_COMPRESSION -> TREND_UP,2018-02-16T23:00:00,7,2018-02-16T23:00:00,7,7,1,3fa6067e5dfd1d30a8ea7009e6c765efb1b5917308142f5f59cc8deb1b55e0b6
946f8e8e3c56c414d85431860911aaa112f83f98844382dc26b7f77475fa34f2,118,1143,2018-02-17T18:00:00,TREND_UP,VOL_COMPRESSION,TREND_UP -> VOL_COMPRESSION,2018-02-17T06:00:00,12,2018-02-17T06:00:00,12,12,1,d1bd8c6d9dd776d73e1dac2eb239bdd864034149f0fd14301674c27d33f7a0c9
3afee378bc272bf19f089ff27c4f121dea9872384a600bc68024cba6465f645d,119,1150,2018-02-18T01:00:00,VOL_COMPRESSION,TREND_UP,VOL_COMPRESSION -> TREND_UP,2018-02-17T18:00:00,7,2018-02-17T18:00:00,7,7,1,4d48eafa68cf7aab5d92b084a96f3563edbe502ac8ef9af22aa3fa2fe27ba27b
ec574f349047b17ee859f541075673b49eb95a6e7b32b10710fb84c98ce4d9b9,120,1158,2018-02-18T09:00:00,TREND_UP,RANGE,TREND_UP -> RANGE,2018-02-18T01:00:00,8,2018-02-18T01:00:00,8,8,1,3e1239349104e15c96a99ee5ed2c5542b34a92d6e94de0d3882bf615674393c2
e20f82402216290f0eb0b8856082dca19224fcca5684f27b35df82d0ad8c07c9,121,1160,2018-02-18T11:00:00,RANGE,TREND_UP,RANGE -> TREND_UP,2018-02-18T09:00:00,2,2018-02-18T09:00:00,2,2,1,1281d4f92c93634fc38425f110543bad8f1d8f18ce5d0ac3234748b924e9bb99
92d6cf94a38c17912e8a8a0c54b1133d0068449d1c4d023886e480098638c4ae,122,1175,2018-02-19T02:00:00,TREND_UP,RANGE,TREND_UP -> RANGE,2018-02-18T11:00:00,15,2018-02-18T11:00:00,15,15,1,5f4bdc3b6d3b01e4c91612e144697a7156f79fac506eb0ea569733d35c2aee0b
1b8d5229ffbb93e9cb4bab55028ac102625f7bef785de414e830f6165560130c,123,1178,2018-02-19T05:00:00,RANGE,TREND_UP,RANGE -> TREND_UP,2018-02-19T02:00:00,3,2018-02-19T02:00:00,3,3,1,fb5134bb126abd41ca665e049ae930e340f5401c21a15107c53f446e78cfae5c
61849880999f62dc46c9c826a288f884e540c2c6d6efbcf4b2d6dc480b39b2ba,124,1179,2018-02-19T06:00:00,TREND_UP,RANGE,TREND_UP -> RANGE,2018-02-19T05:00:00,1,2018-02-19T05:00:00,1,1,1,197dd0e0e8d063eb5cf7fa4845ab11676e28ac4b63bd68547379edfd48517014
645885d228245c32b68a5e2afad753cfbf5f04f8dddd5ef915fa3745998e0c3e,125,1180,2018-02-19T07:00:00,RANGE,TREND_UP,RANGE -> TREND_UP,2018-02-19T06:00:00,1,2018-02-19T06:00:00,1,1,1,e568d5fcfdd3c431ed9db097ae80eb613fae4cee279df70b2ac0e64cb33a5725
d8b50df137a0a255553f4489aa193cd67f2cff609fbde308ecf59850e631a892,126,1202,2018-02-20T05:00:00,TREND_UP,VOL_COMPRESSION,TREND_UP -> VOL_COMPRESSION,2018-02-19T07:00:00,22,2018-02-19T07:00:00,22,22,1,c258c6ac4dbbb4093abdb43490f08227389b12125d381f0b53b5827b275c44ab
7b1bda343bdf4603edf22972aca7f84d835a5ec5240875371be109b164846c81,127,1205,2018-02-20T08:00:00,VOL_COMPRESSION,TREND_UP,VOL_COMPRESSION -> TREND_UP,2018-02-20T05:00:00,3,2018-02-20T05:00:00,3,3,1,d1ccf43186bf47353b11789018f06ef177da18d9219dddc20e19656620d789c3
6a107bd195b75c5fcca57b581327de9f68a7060d6abc7596112ff7f7c8521443,128,1213,2018-02-20T16:00:00,TREND_UP,VOL_COMPRESSION,TREND_UP -> VOL_COMPRESSION,2018-02-20T08:00:00,8,2018-02-20T08:00:00,8,8,1,dc055147080b3b6fc6954ca4531d1c90951e731e65e607b2b28713a84f659385
6ebf57fe7a4f66e9a8ec61380b9d088b2724787df5a426305c6fa4ca7b15bde7,129,1219,2018-02-20T22:00:00,VOL_COMPRESSION,TREND_UP,VOL_COMPRESSION -> TREND_UP,2018-02-20T16:00:00,6,2018-02-20T16:00:00,6,6,1,5c0aca8901783c76804c40bbc398d9c489d825abdd3ce760c88082e3062df06b
77c84b361564aa8bbef21aeacd77c9669e22d50532cd7b3db9411b396f228091,130,1223,2018-02-21T02:00:00,TREND_UP,RANGE,TREND_UP -> RANGE,2018-02-20T22:00:00,4,2018-02-20T22:00:00,4,4,1,c034fda4ad9f07fb2132193b3bc8b336b6bb6038277f91f31dad4dc3dff7c731
f955ca0479b704962414456b31bbc2a5a4f3ef58f8ef01b59df5e28a87d4a421,131,1234,2018-02-21T13:00:00,RANGE,TREND_DOWN,RANGE -> TREND_DOWN,2018-02-21T02:00:00,11,2018-02-21T02:00:00,11,11,1,9ca76fb1d00dcc0aaa89d9f090c74987d3234b75c175c5dbdff9316ce2e9e1f1
b5746bb728dc283a8b03f672e2d060e2ff175bcfd2177e6425761ac1bb367f89,132,1295,2018-02-24T02:00:00,TREND_DOWN,RANGE,TREND_DOWN -> RANGE,2018-02-21T13:00:00,61,2018-02-21T13:00:00,61,61,1,a760312d298577e4b176915bb2bae0acb4701cfc51ca55e331569127ecc46d60
5723fcf20937ba638d96c03f9ac6d4bc8805bd6be6bc4f9a001024ecb5ac9c93,133,1301,2018-02-24T08:00:00,RANGE,TREND_DOWN,RANGE -> TREND_DOWN,2018-02-24T02:00:00,6,2018-02-24T02:00:00,6,6,1,170cd06ac271841b0cfc5dc8df3f0dfdc925496cd1a8895a32a5179ff804677b
c1e314a8f0db0cbf3ace6c93747cc08cebf284b48b063f8c93643570cd40c77c,134,1354,2018-02-26T13:00:00,TREND_DOWN,RANGE,TREND_DOWN -> RANGE,2018-02-24T08:00:00,53,2018-02-24T08:00:00,53,53,1,42d7e47de65347d7980b9d67349de381c41837309d7fbb030b1492b7799fdb2f
0535d48c77c51fae0524de24ad4f1d0bc623eb8823b54c993c7bb807cc96505b,135,1356,2018-02-26T15:00:00,RANGE,TREND_UP,RANGE -> TREND_UP,2018-02-26T13:00:00,2,2018-02-26T13:00:00,2,2,1,faf6dc9ce55dceff91b6c3489f729c9b2b345994dbc722602cfb8e1315bc59a5
b64932fcf94635b56de987c246ca3bf1d5ed7daac37faf09355424fa100ad389,136,1371,2018-02-27T06:00:00,TREND_UP,VOL_COMPRESSION,TREND_UP -> VOL_COMPRESSION,2018-02-26T15:00:00,15,2018-02-26T15:00:00,15,15,1,15cdd516fdd62f461828590115f6b0471ba0baa4bedd72c5004f7f857094330c
5a7ca27bb7820a9c8872ea3cefb575de6c3f180c0a41ff3702d637d71999abc8,137,1372,2018-02-27T07:00:00,VOL_COMPRESSION,TREND_UP,VOL_COMPRESSION -> TREND_UP,2018-02-27T06:00:00,1,2018-02-27T06:00:00,1,1,1,f5eb8c97f75e70bd3ff6fc2d5f13541cfa00369440a630bbad56f0660cea354a
c365d412d5d9112721f72cec093f9c79343a9bc57ea3efb90b37fc04625b7798,138,1377,2018-02-27T12:00:00,TREND_UP,VOL_COMPRESSION,TREND_UP -> VOL_COMPRESSION,2018-02-27T07:00:00,5,2018-02-27T07:00:00,5,5,1,7bbf08883707855ab7979f405bb9564aa31404cb2be714544de2afb5e1c584c0
4f89e5434dabff3d4598a1c02aae0ce799b8fdef04157786dd42c1744faa3ffd,139,1378,2018-02-27T13:00:00,VOL_COMPRESSION,TREND_UP,VOL_COMPRESSION -> TREND_UP,2018-02-27T12:00:00,1,2018-02-27T12:00:00,1,1,1,ce3fb8e31a1516e27456ac89c15e246ad83da43348b669095cd01a21c3933d5c
a95855a49cced58504b7683e8e7569ffbe13130a604bde254eb982297c8bd0ea,140,1383,2018-02-27T18:00:00,TREND_UP,VOL_COMPRESSION,TREND_UP -> VOL_COMPRESSION,2018-02-27T13:00:00,5,2018-02-27T13:00:00,5,5,1,f7ca541c6337203d5d588ed3b25a8551ebee5069c53cdd98e8222e8df5268362
4e09b4f1b59d1e15d90f9bb1f567739174ea561cf1f90105d9d49d0c73874119,141,1392,2018-02-28T03:00:00,VOL_COMPRESSION,TREND_UP,VOL_COMPRESSION -> TREND_UP,2018-02-27T18:00:00,9,2018-02-27T18:00:00,9,9,1,e5e820deacdc5ad9ab9524f2aa1f4d6d00c68813ad027bbbc8183e0999ff3132
e6ab85eb0717c633fe27bd55295bc240fd6e2a003b54e7c15d954b1d041d164b,142,1394,2018-02-28T05:00:00,TREND_UP,VOL_COMPRESSION,TREND_UP -> VOL_COMPRESSION,2018-02-28T03:00:00,2,2018-02-28T03:00:00,2,2,1,1c86cb885ef7de5942330f880631719b30571fd9cc8545f6c857556e02448bf1
247b7ac0a1eddc1030c61f000e894919517172425baa9d7cac9ef7dc8d09d06d,143,1395,2018-02-28T06:00:00,VOL_COMPRESSION,TREND_UP,VOL_COMPRESSION -> TREND_UP,2018-02-28T05:00:00,1,2018-02-28T05:00:00,1,1,1,2d3c80ee12c6316248e9850aba79a1c4d36e4183dcc3493178f5c078daf4cf43
bb73009c9eafe88557c78bc17640860fea4e3b44e5a822007d5aa449c3ad5fa9,144,1408,2018-02-28T19:00:00,TREND_UP,VOL_COMPRESSION,TREND_UP -> VOL_COMPRESSION,2018-02-28T06:00:00,13,2018-02-28T06:00:00,13,13,1,c4213417a66e943b305b6ba588acfa9caab8d2236ff0432fbfd486240bdd7bbb
46ad810fed7256c8a229e8a9aad8a3c57c61023a881a48b9a43178cfdf731e90,145,1410,2018-02-28T21:00:00,VOL_COMPRESSION,TREND_UP,VOL_COMPRESSION -> TREND_UP,2018-02-28T19:00:00,2,2018-02-28T19:00:00,2,2,1,05d1a1a687a3c6b3da4b9fcba2ebb2b173c0d3175ff021b23d54bb1a4ab506b5
1ea0c98ac68a881688a3506024d2c6c5ad152b04f98d33f051df04a2a486ea47,146,1414,2018-03-01T01:00:00,TREND_UP,RANGE,TREND_UP -> RANGE,2018-02-28T21:00:00,4,2018-02-28T21:00:00,4,4,1,1a2e246854080a62e35c72316cb4a22b3b176d4387393c8dc82def0c98e46f37
4eac3215a0a771c72fed80cf9aa55ad3965d50077882734277e36792db1e1076,147,1418,2018-03-01T05:00:00,RANGE,VOL_COMPRESSION,RANGE -> VOL_COMPRESSION,2018-03-01T01:00:00,4,2018-03-01T01:00:00,4,4,1,7b43c96c0326d3536eff648c18149e613cb6e06be216b7bd60227d2ac40eff87
17da6fc0f30c92f1cc6f8d5bde8d98f82787acebe845c1d7ab6972dc42aec70a,148,1434,2018-03-01T21:00:00,VOL_COMPRESSION,TREND_UP,VOL_COMPRESSION -> TREND_UP,2018-03-01T05:00:00,16,2018-03-01T05:00:00,16,16,1,cbf80a8cdf448f1e2bd3f870fbc2e665079b4a8d560cc3fceb1a3084cffaa9b1
2cfff31c7f353e22afbb2276cb79d9ba9f449af94d9552b8e856937aabd3ead6,149,1440,2018-03-02T03:00:00,TREND_UP,VOL_COMPRESSION,TREND_UP -> VOL_COMPRESSION,2018-03-01T21:00:00,6,2018-03-01T21:00:00,6,6,1,20fd03be2ad5183adef3b953668cce6ce5ec82f5b6455d44b36cbd8e55346da7
6ea862a6d56cec4fdb238e220b76c7cb3940e9f1653f524a2e5ecf8a73d1bbde,150,1441,2018-03-02T04:00:00,VOL_COMPRESSION,TREND_UP,VOL_COMPRESSION -> TREND_UP,2018-03-02T03:00:00,1,2018-03-02T03:00:00,1,1,1,d8207fd5e137dc0cd231fcf64551791f90f17b8ea92738be750a08c8045be379
d036d5ff7afbcaf943c9824abe328eec63052c0ec263edb9388fbcdc485ae0df,151,1443,2018-03-02T06:00:00,TREND_UP,VOL_COMPRESSION,TREND_UP -> VOL_COMPRESSION,2018-03-02T04:00:00,2,2018-03-02T04:00:00,2,2,1,3b53f125804f5d8571fa43b8137bc68eafce317f6ea6ad0f49fab7a01632a1cd
aee468ded02c209584b7cdbc4d2d09209ebabe6ceba276b136cf483f9b0eeb5d,152,1446,2018-03-02T09:00:00,VOL_COMPRESSION,TREND_UP,VOL_COMPRESSION -> TREND_UP,2018-03-02T06:00:00,3,2018-03-02T06:00:00,3,3,1,2f44e10b8fdee9a5d79070a3312c73ccefdefe7268c6eac92b41cdc4b6643a38
a3a43145a2b82a9a147ac42eed2829e2a1361419902966534361380012e5e1f6,153,1448,2018-03-02T11:00:00,TREND_UP,VOL_COMPRESSION,TREND_UP -> VOL_COMPRESSION,2018-03-02T09:00:00,2,2018-03-02T09:00:00,2,2,1,c74b3526a5755ae84ddc8aac88f0ada014dff3feafc162d18fa091ac3d0ff216
cb9b23c439498a3d70f40604937d565325a79b6c8c15d5a7e9b930ccdb39ae4d,154,1451,2018-03-02T14:00:00,VOL_COMPRESSION,TREND_UP,VOL_COMPRESSION -> TREND_UP,2018-03-02T11:00:00,3,2018-03-02T11:00:00,3,3,1,9afae8d00b7345b93c96150ce5677f2efe9a0a94801cddfab19984b26cf642b4
f0c186a26004b31ce45b137603a2a4f2038dd0ec0e0a64cca845035030223f31,155,1452,2018-03-02T15:00:00,TREND_UP,VOL_COMPRESSION,TREND_UP -> VOL_COMPRESSION,2018-03-02T14:00:00,1,2018-03-02T14:00:00,1,1,1,347c00438d19e6b47b67e51b641600dad3276a7fa8ae1805f18fff966dbc072d
cf53dab49e5ea4e3e7c9d88fb495bd1b09a8f84c7a0a092fb595858bc74d9d5f,156,1556,2018-03-06T23:00:00,VOL_COMPRESSION,TREND_DOWN,VOL_COMPRESSION -> TREND_DOWN,2018-03-02T15:00:00,104,2018-03-02T15:00:00,104,104,1,2e94557c97116e9ac47ef3ae3a557323b63d700fa47202826a8dfec71f6ad0e0
3c86da060e09240595964055f9142d41f4c89f480daf060bff4f54bf2b0fcbe5,157,1558,2018-03-07T01:00:00,TREND_DOWN,VOL_COMPRESSION,TREND_DOWN -> VOL_COMPRESSION,2018-03-06T23:00:00,2,2018-03-06T23:00:00,2,2,1,54f116967d12499d9e7534c1cbb4cc1110ee0612b4c95cf025f3527cd7e17dd9
25b6f15d9c730232fed05390e4adec7df45c54b008490fef8c42fe47bb3ed3f5,158,1563,2018-03-07T06:00:00,VOL_COMPRESSION,TREND_DOWN,VOL_COMPRESSION -> TREND_DOWN,2018-03-07T01:00:00,5,2018-03-07T01:00:00,5,5,1,830e799171a656e5cbb567f5a0579d44d3a8c3373818424f57c776cfcbf204c9
034feb55e0699125dd9a4bcbb225ffea3b727ae41c4b1e8d9d2f0edf6c074906,159,1565,2018-03-07T08:00:00,TREND_DOWN,VOL_COMPRESSION,TREND_DOWN -> VOL_COMPRESSION,2018-03-07T06:00:00,2,2018-03-07T06:00:00,2,2,1,dadf3bc844ee9d0caef88032ce3c5ee276b333d48c753254ab3375e2171ff899
eb6dee7eac18c24ac9b177969ad6f7a109e80c8ef3f246c0f75f0ba79afe91cc,160,1568,2018-03-07T11:00:00,VOL_COMPRESSION,TREND_DOWN,VOL_COMPRESSION -> TREND_DOWN,2018-03-07T08:00:00,3,2018-03-07T08:00:00,3,3,1,c766ded8075421f68a91b161e9cf700f91287573ce5a05dfd8c3d411fd8e9137
a81c50e72f4536be524413bc70df6a24d40637aa36d68f738d487c1793004755,161,1569,2018-03-07T12:00:00,TREND_DOWN,VOL_COMPRESSION,TREND_DOWN -> VOL_COMPRESSION,2018-03-07T11:00:00,1,2018-03-07T11:00:00,1,1,1,1a2b915c13059d384ab9b194e25c3f6b399f396b0c57616070e32f070f72bb3d
8dc9ea2b355eab8246b37670b60f023117dd2203a91e30b2cde8abb108fb9f84,162,1573,2018-03-07T16:00:00,VOL_COMPRESSION,TREND_DOWN,VOL_COMPRESSION -> TREND_DOWN,2018-03-07T12:00:00,4,2018-03-07T12:00:00,4,4,1,a0031169cca02b0c3019f1b3b82ea49335d8db30b2e95876a3b2bd017e20280a
2126f08dd1509a571027c935eeed886cbb78590485c7d8ee6b48e54d1bbc8e03,163,1574,2018-03-07T17:00:00,TREND_DOWN,VOL_EXPANSION,TREND_DOWN -> VOL_EXPANSION,2018-03-07T16:00:00,1,2018-03-07T16:00:00,1,1,1,fc17189170b7136c6c9f43255f047d20bbeb487ae97ca34c701502cff5c7f4e3
26067b1d669bee71b8541b5cb25c6ba917dfc5ae2f68c9d5cf8eda16ab9ee1a1,164,1578,2018-03-07T21:00:00,VOL_EXPANSION,TREND_DOWN,VOL_EXPANSION -> TREND_DOWN,2018-03-07T17:00:00,4,2018-03-07T17:00:00,4,4,1,af0e33b8a832a28bab0b74059a65abee8e201e7729d3c6270df0c027d08aee2a
b6c8589d6cd33cb253eac666f5066740e13a8008454522c4adc58e80ccd916d9,165,1597,2018-03-08T16:00:00,TREND_DOWN,VOL_EXPANSION,TREND_DOWN -> VOL_EXPANSION,2018-03-07T21:00:00,19,2018-03-07T21:00:00,19,19,1,7c1b407beb5a788e207ec10fec8353f2d93c2b1edf39dde65f6f6dc95fb2c84a
7586a6ffac1e46ac0d7876200ea4933f45a1a5c9e276925eb5d52743805544df,166,1601,2018-03-08T20:00:00,VOL_EXPANSION,TREND_DOWN,VOL_EXPANSION -> TREND_DOWN,2018-03-08T16:00:00,4,2018-03-08T16:00:00,4,4,1,cbc65c16a4f7bd745584e852b7db6baadec16876e9eff7cadc765d1b8b593da8
845d9c4ca085194807cb08797da453cf1d1be28f3cb58712159e208bf42e0404,167,1609,2018-03-09T04:00:00,TREND_DOWN,VOL_EXPANSION,TREND_DOWN -> VOL_EXPANSION,2018-03-08T20:00:00,8,2018-03-08T20:00:00,8,8,1,4745e0205b60aa9584dc806e5239ac470d7e48e956d8e2b08c528b0ab47ece2a
d365702df0462e16a2ccec44016f2e758692c535e8ba7737d42b29a94669f71c,168,1616,2018-03-09T11:00:00,VOL_EXPANSION,TREND_DOWN,VOL_EXPANSION -> TREND_DOWN,2018-03-09T04:00:00,7,2018-03-09T04:00:00,7,7,1,a8bad64140ce1f270c1a1ef408dda1fd8c47b43f26f0b2c0c7c855bffd7ad400
7cdc329a7bf1b77727b8b77bdede77c0a3f284c3f06dfbf68fb968b7b1364cb9,169,1668,2018-03-11T15:00:00,TREND_DOWN,RANGE,TREND_DOWN -> RANGE,2018-03-09T11:00:00,52,2018-03-09T11:00:00,52,52,1,d26f52bd060e1cc091fb9691b90c6f12fed5a27805983abfc21f8348a03fa79e
bb50bccbbd20514cbad2626755d08cf35a3eb36bd8af26ac01e16a21a197a444,170,1673,2018-03-11T20:00:00,RANGE,TREND_UP,RANGE -> TREND_UP,2018-03-11T15:00:00,5,2018-03-11T15:00:00,5,5,1,3e92821d9ce0e779a9edf747f5a204bc42aca89cdf4ab745dd25c70870b4412e
763e200e3f204946ebe5c25f2aa3b095302a5fff558fad01d890645193c9850a,171,1694,2018-03-12T17:00:00,TREND_UP,RANGE,TREND_UP -> RANGE,2018-03-11T20:00:00,21,2018-03-11T20:00:00,21,21,1,950ba1ead9ebbb867cbe7f2459057a38dabf32a453272cd9121c8af5fe283635
2039b8b671f82f5828336456fe2936ef4f218c2f9b9e00cc9b43d8f2c2f6a9e8,172,1697,2018-03-12T20:00:00,RANGE,VOL_EXPANSION,RANGE -> VOL_EXPANSION,2018-03-12T17:00:00,3,2018-03-12T17:00:00,3,3,1,4bd02d88839ce813bad129652dcf3c8d63c5273cc4e3c67d705ccd532839036a
51407f18b3b48b71c074b0fe96b54ddf38f2af888cc3af36caa99d591d44e548,173,1698,2018-03-12T21:00:00,VOL_EXPANSION,RANGE,VOL_EXPANSION -> RANGE,2018-03-12T20:00:00,1,2018-03-12T20:00:00,1,1,1,a6e9638e5861965f1a897d93c6444168e03aebf54b397ee74b620ff2a707a2e8
23ab3969521632efe1ccbf20941ea143b8469856101137a2d0c5bf2dd3be6b15,174,1699,2018-03-12T22:00:00,RANGE,TREND_DOWN,RANGE -> TREND_DOWN,2018-03-12T21:00:00,1,2018-03-12T21:00:00,1,1,1,023ebc0bad6f5b24461b000e5355dcb8fe4f24fb90efa9c763f9953507b94cbd
fa14ed8a18cfcef7ccba84284183d47656e17a8f48cca6ef0011ace261a8944e,175,1709,2018-03-13T08:00:00,TREND_DOWN,RANGE,TREND_DOWN -> RANGE,2018-03-12T22:00:00,10,2018-03-12T22:00:00,10,10,1,547dfdeeabe1dbd3d7a042df04373992cb75d39263d9860a29759dfa55231faa
5bdaeb95f1b791c536012796efefed48f9361b09f181ce8fd7bb889656785199,176,1710,2018-03-13T09:00:00,RANGE,TREND_DOWN,RANGE -> TREND_DOWN,2018-03-13T08:00:00,1,2018-03-13T08:00:00,1,1,1,b2d7c91c2150208da778854bd7050e11d0cf79aaa52c742584c0f7ec73cc6f8a
2a3b7f27e5615320b217c208262c79b697ab81cdfe7bab9ff7ee974200c557dc,177,1711,2018-03-13T10:00:00,TREND_DOWN,VOL_EXPANSION,TREND_DOWN -> VOL_EXPANSION,2018-03-13T09:00:00,1,2018-03-13T09:00:00,1,1,1,4e1e6b17c904c935bb943f6550bf0cd35cb118005e2659bc14102742f17b4f6a
9a4650b4cf1e57cd080838b4b5440953031a5f4e4a1a03b264ff65133dc60db8,178,1712,2018-03-13T11:00:00,VOL_EXPANSION,TREND_DOWN,VOL_EXPANSION -> TREND_DOWN,2018-03-13T10:00:00,1,2018-03-13T10:00:00,1,1,1,01edec1a4fa10b91ccaf37bef92042ac73d911e329b8beaf3b5bc90e9d7b611f
ad8e97a4f3ad167c4a7292d3fb809deb3f34569b27c0c618d95bbd2dad9e1d9c,179,1714,2018-03-13T13:00:00,TREND_DOWN,VOL_EXPANSION,TREND_DOWN -> VOL_EXPANSION,2018-03-13T11:00:00,2,2018-03-13T11:00:00,2,2,1,fb110d7919a8e99d75e8a5306dd4376adc6ded58e56199fce9ff319f8f4e257c
ddb05876b52d1af91d564dbe2ca32d99345cb100476e5635f8a3462caed85fc2,180,1715,2018-03-13T14:00:00,VOL_EXPANSION,TREND_DOWN,VOL_EXPANSION -> TREND_DOWN,2018-03-13T13:00:00,1,2018-03-13T13:00:00,1,1,1,7992c0fc5c68201e0516277dc47e55fb8bb247b715ea8590597feab8b28e8662
f7a985897be71c55e93cb152efe3a2cf836fd5edcaac069cda0020c982a79b43,181,1727,2018-03-14T02:00:00,TREND_DOWN,RANGE,TREND_DOWN -> RANGE,2018-03-13T14:00:00,12,2018-03-13T14:00:00,12,12,1,c39da26e7107cb28b128146bb753198317f40e316d06f8a3420cd54a75f25fb7
c58aa0e56107e7d0eb8c0d4c248fa56e2921280a957ea4d2e16558a1051ac507,182,1730,2018-03-14T05:00:00,RANGE,TREND_DOWN,RANGE -> TREND_DOWN,2018-03-14T02:00:00,3,2018-03-14T02:00:00,3,3,1,c77d140a9585b24c1a4b35b5cd66e4b611a77e8eca5af171962456f40541154a
471239edd1ebcb2b21f38bef79a6a46bc8f60d3c04a9779d8bea0d352d85aa68,183,1751,2018-03-15T02:00:00,TREND_DOWN,VOL_EXPANSION,TREND_DOWN -> VOL_EXPANSION,2018-03-14T05:00:00,21,2018-03-14T05:00:00,21,21,1,5b2b0ceef5d4b732cbf1569bbaee373d28845d5e0c8b9e6928fb35e30a51b5d3
2e63a37de9e438b6c937b050eeebd2207deaf6be41963e6711a06c03e8cdf232,184,1752,2018-03-15T03:00:00,VOL_EXPANSION,TREND_DOWN,VOL_EXPANSION -> TREND_DOWN,2018-03-15T02:00:00,1,2018-03-15T02:00:00,1,1,1,31201b30c9f2a1aa1009889a9da8f315227b4e4b90d41eebcf25b50596d6f705
ad48d8a0a782b090956695277bbf5872105460c4f2c539ba5e779e881f69a985,185,1788,2018-03-16T15:00:00,TREND_DOWN,RANGE,TREND_DOWN -> RANGE,2018-03-15T03:00:00,36,2018-03-15T03:00:00,36,36,1,3796ea199e107b1f371a8dbfcaabeee0895bd6c6c971d85154b078e6cda942e7
a662553ab9c576da8880e494c5a117adeb48613819468b97800a9ecc3041eb75,186,1795,2018-03-16T22:00:00,RANGE,VOL_COMPRESSION,RANGE -> VOL_COMPRESSION,2018-03-16T15:00:00,7,2018-03-16T15:00:00,7,7,1,7a1ef67b99c36db8723969eb142b39a3df03207a4212f9fe6f21fc44240990c3
ef56577dbabb5bc4b469b299346f12e7cc6651c167be90a277ed9588b3810b06,187,1796,2018-03-16T23:00:00,VOL_COMPRESSION,RANGE,VOL_COMPRESSION -> RANGE,2018-03-16T22:00:00,1,2018-03-16T22:00:00,1,1,1,2329b32bd15359c07b9b3aba1d9eaa18dd68540259c7c46838c83772707c898a
135f11ddd53894804c52d54889ae4a0830ba7911681a1f9306165dfdf85d5613,188,1798,2018-03-17T01:00:00,RANGE,TREND_DOWN,RANGE -> TREND_DOWN,2018-03-16T23:00:00,2,2018-03-16T23:00:00,2,2,1,b87cc83f0f7b71a528ff02b427c452b434b5ede92cf49f052ce056e97ff9bb3a
a1000397459c6e9f899c815992d45c887624ca46ecdc61666b06055ec95dbdef,189,1804,2018-03-17T07:00:00,TREND_DOWN,VOL_COMPRESSION,TREND_DOWN -> VOL_COMPRESSION,2018-03-17T01:00:00,6,2018-03-17T01:00:00,6,6,1,8f323c3f4bb722044aa3ee35659f69aee2e49afcf7e018545864031d91ffd6fc
29e23fc1e2fed8ae72495e568282c40cad705ac1947030e3b8318d695515e617,190,1805,2018-03-17T08:00:00,VOL_COMPRESSION,TREND_DOWN,VOL_COMPRESSION -> TREND_DOWN,2018-03-17T07:00:00,1,2018-03-17T07:00:00,1,1,1,2bd84354578cf74301375ddd004d436057fb59f44d5a161e38a5dc29dc1dcf3d
e1c85ce12fd4c62278f85ee6687bf1e218910efa635c293fe6d03ad769d70dd7,191,1807,2018-03-17T10:00:00,TREND_DOWN,VOL_COMPRESSION,TREND_DOWN -> VOL_COMPRESSION,2018-03-17T08:00:00,2,2018-03-17T08:00:00,2,2,1,06328401ac0e7f77447a6a53949eb98fea30fcc1ba65c5fc4b75244f05bfdb97
84870f9b4ee25ae87cc1693964a7c27733032d0da44b590ae358cdf34d4c2b87,192,1809,2018-03-17T12:00:00,VOL_COMPRESSION,TREND_DOWN,VOL_COMPRESSION -> TREND_DOWN,2018-03-17T10:00:00,2,2018-03-17T10:00:00,2,2,1,470a5a219331e7f6eccf207c54a0db9f2e23a6f4e2db55a2c50cdb63e70856e7
54323b8f6ac34a4df9f16d5bf45bc57e04121d7174f6128c2309908fd14293ed,193,1842,2018-03-18T21:00:00,TREND_DOWN,VOL_EXPANSION,TREND_DOWN -> VOL_EXPANSION,2018-03-17T12:00:00,33,2018-03-17T12:00:00,33,33,1,43627c67c0914aae1229ff221cc269e0309b903aade61ae539856969dcaf27fd
097a4711ea92e06d40e63ad1cf5c2df2ff83a47e1cdefed1f3f90efc522e13cf,194,1847,2018-03-19T02:00:00,VOL_EXPANSION,RANGE,VOL_EXPANSION -> RANGE,2018-03-18T21:00:00,5,2018-03-18T21:00:00,5,5,1,93f78f27f976c309d0e1d0ed47c9ffd4b75a4317f0075011dbfd0f39596c2a71
69d3d233511c19a9f76961b705095431be2bbbd651d02231d6f9cf5ebbc5af84,195,1850,2018-03-19T05:00:00,RANGE,TREND_UP,RANGE -> TREND_UP,2018-03-19T02:00:00,3,2018-03-19T02:00:00,3,3,1,b8a63be7e33599263716ae0aede168870f6040fc264a74d21999d857a8a12be8
25cdc9ff9abaca683ce7cfdbf1cb1ab5873c16764e66b1953956693a05bd282d,196,1895,2018-03-21T02:00:00,TREND_UP,VOL_COMPRESSION,TREND_UP -> VOL_COMPRESSION,2018-03-19T05:00:00,45,2018-03-19T05:00:00,45,45,1,c69eb570e4d9c7a364e6223f4a34d87c05f3ce16ca3e734bfa3002cb8a2b0785
e543b03084c553b52d43df81557a24cb5fb4b924a5ec9817acf67c438c750ca4,197,1900,2018-03-21T07:00:00,VOL_COMPRESSION,TREND_UP,VOL_COMPRESSION -> TREND_UP,2018-03-21T02:00:00,5,2018-03-21T02:00:00,5,5,1,04f1eac846014ec1e4a745c7cf5c90a1df85a9c6a1761a739b85f3cbbb2862c6
b4d05a346a3674d0e75fa4f8a3eaa2684e6c47aaf55bb08a436845c6e0ed0669,198,1901,2018-03-21T08:00:00,TREND_UP,VOL_COMPRESSION,TREND_UP -> VOL_COMPRESSION,2018-03-21T07:00:00,1,2018-03-21T07:00:00,1,1,1,cb1e94b327cef109a7c17680cf37309dbb0a1c5df8d088c7ce4fa8e4799ad424
5fbc4ca4c4e0882d44d4683ec68d8229ec257e004edf7b2756206106554c865e,199,1909,2018-03-21T16:00:00,VOL_COMPRESSION,TREND_UP,VOL_COMPRESSION -> TREND_UP,2018-03-21T08:00:00,8,2018-03-21T08:00:00,8,8,1,62809b446a5979c9cab0a9144843693e45781073bd660b2eb5da5ae57cdd434b
04ce3dabe066fcc0d32356ecba5cc8d677256172ac5da3f8d899f2b27bd294e0,200,1914,2018-03-21T21:00:00,TREND_UP,VOL_COMPRESSION,TREND_UP -> VOL_COMPRESSION,2018-03-21T16:00:00,5,2018-03-21T16:00:00,5,5,1,4c79ce5d52d7a2d8009eee1910bbb199a7961948adf20f911deab102795ca082
a1a8884437aeee947891ff595897ceece23006356cf86cc88a24b8f95903f474,201,1917,2018-03-22T00:00:00,VOL_COMPRESSION,TREND_UP,VOL_COMPRESSION -> TREND_UP,2018-03-21T21:00:00,3,2018-03-21T21:00:00,3,3,1,bcaf95de14bb6e3efe5f1380120f809df903fde812f01d61dfeeef56b3339a07
d5b22be2ed05b4bd230199964dd8dafc28e6dcdba9e89421fffd067d1fceb780,202,1919,2018-03-22T02:00:00,TREND_UP,VOL_COMPRESSION,TREND_UP -> VOL_COMPRESSION,2018-03-22T00:00:00,2,2018-03-22T00:00:00,2,2,1,4a665a78b7c60f88ea5987321d86ccd036173f6e35e75db63b977f12a5a20beb
e638e6038d46af7e5449c8fd9ba1b62b3aa7cbf49e5dc4d0e5c9e3bb19b4e680,203,1928,2018-03-22T11:00:00,VOL_COMPRESSION,TREND_UP,VOL_COMPRESSION -> TREND_UP,2018-03-22T02:00:00,9,2018-03-22T02:00:00,9,9,1,8d8621ac3b1ce06a448e1e657408739d5753a0a8394d0a27d11669429bf799e8
5ffb2d0bc69dd54dd98833a7cea761ff00d2fe37e603db532108f96fb027645b,204,1929,2018-03-22T12:00:00,TREND_UP,RANGE,TREND_UP -> RANGE,2018-03-22T11:00:00,1,2018-03-22T11:00:00,1,1,1,800b580666fc0093c9760065dc2df945bbfdcac8d17491d14499e715670b9820
25467796fa9649fa56372db50b896aa6a0e01ff1b5ab48e488790a53502786f7,205,1935,2018-03-22T18:00:00,RANGE,TREND_DOWN,RANGE -> TREND_DOWN,2018-03-22T12:00:00,6,2018-03-22T12:00:00,6,6,1,14502c3f43d59372e4e7ff3063266e733facbbca9ff4ae2b8d895342421d6983
c69904d0e58ecdc0698a690d644b35bdbf11055b35af67b92de49158af0ea6df,206,1937,2018-03-22T20:00:00,TREND_DOWN,VOL_COMPRESSION,TREND_DOWN -> VOL_COMPRESSION,2018-03-22T18:00:00,2,2018-03-22T18:00:00,2,2,1,fd83c02bff664e47101fe89428d6d264a481590e479d13fdd3b9d9a769872c73
881782c1d991c48cbf6ae2106ae54e42bf7efa2148e6f55721ed91ce7286ba9c,207,1943,2018-03-23T02:00:00,VOL_COMPRESSION,TREND_DOWN,VOL_COMPRESSION -> TREND_DOWN,2018-03-22T20:00:00,6,2018-03-22T20:00:00,6,6,1,5c040871468203a6ea1bcb6379a3eccc40ca6a5bb877c8dd4075ead5ba4a5f17
2e9b4981272e8afe5ff714cf6e1e17e5f1b7ad91d60933553f3fed75ec65f009,208,1946,2018-03-23T05:00:00,TREND_DOWN,VOL_COMPRESSION,TREND_DOWN -> VOL_COMPRESSION,2018-03-23T02:00:00,3,2018-03-23T02:00:00,3,3,1,e3d27c33b84547d0f32538a186481980ddb6d29e01c8d8392496c148de4035ae
cda9baea46bfd22af97290a13d8ed74912869eee874c6a1d5e9f24e060450dc9,209,1953,2018-03-23T12:00:00,VOL_COMPRESSION,TREND_DOWN,VOL_COMPRESSION -> TREND_DOWN,2018-03-23T05:00:00,7,2018-03-23T05:00:00,7,7,1,ca880bb0fdfb6f559d3be4281d3123a6dce47f432851ea6c1266e22d40e88b70
fd7dc88b62df57ec55a43f5a1f779569bd1de4483c1c2e05276f3b1ec2c1cd0c,210,1954,2018-03-23T13:00:00,TREND_DOWN,VOL_COMPRESSION,TREND_DOWN -> VOL_COMPRESSION,2018-03-23T12:00:00,1,2018-03-23T12:00:00,1,1,1,ca03df9b19d439c80784e94d9121607a49c6c7a6dbe93d01a60806e0093752d9
4639100be049f9b42f6e6d45eb447f38175ccc3a607da226da79bd4ef4812ffe,211,1955,2018-03-23T14:00:00,VOL_COMPRESSION,TREND_DOWN,VOL_COMPRESSION -> TREND_DOWN,2018-03-23T13:00:00,1,2018-03-23T13:00:00,1,1,1,06e219be894640e8c4841ee625bd2b548bf12a53fc67963d40aec6e89fe2e77d
0d6e871725f02482be2ba4befb69d1d989ff2ac04d80e0dc1ea77871e1ba9471,212,1958,2018-03-23T17:00:00,TREND_DOWN,VOL_COMPRESSION,TREND_DOWN -> VOL_COMPRESSION,2018-03-23T14:00:00,3,2018-03-23T14:00:00,3,3,1,f7de0979aeb0309e8c82fc97e5bb4c8da7a1d0ce6ff8fb383f66966fc935060f
68b21c02c9501e333f3ae2717af5a348d38f35be5078639210130de86f522447,213,1959,2018-03-23T18:00:00,VOL_COMPRESSION,TREND_DOWN,VOL_COMPRESSION -> TREND_DOWN,2018-03-23T17:00:00,1,2018-03-23T17:00:00,1,1,1,02540c9b4fdb0eb8b362b425fce36da587747d882ba3cce3c6aac9b0539e61cb
1e04b73835a679537cbb02bffbe9e59d654ba5c41f22917be833da808d43fc22,214,1960,2018-03-23T19:00:00,TREND_DOWN,VOL_COMPRESSION,TREND_DOWN -> VOL_COMPRESSION,2018-03-23T18:00:00,1,2018-03-23T18:00:00,1,1,1,6130ae8fd30ec791b265e3b947b9c71edb84a2ee9844b37ef364e15d641b996a
2ac1314f020ef3d28ae6a4a991ca329b96ff258b35fd6548496847dc3bec26d1,215,1964,2018-03-23T23:00:00,VOL_COMPRESSION,RANGE,VOL_COMPRESSION -> RANGE,2018-03-23T19:00:00,4,2018-03-23T19:00:00,4,4,1,844d1f83b746dc5b148528c1b2abb0f9c2cefd6325ec3b3a25057d547c6afde4
248da94536f26504b92b9d744d3d31cdb790aa1a3f107b79fb80c90777409a1f,216,1966,2018-03-24T01:00:00,RANGE,VOL_COMPRESSION,RANGE -> VOL_COMPRESSION,2018-03-23T23:00:00,2,2018-03-23T23:00:00,2,2,1,27e12400f32a2b18cda2ea545b4d4585859dc90fd0de459fd0b83970286a2dea
324afc9f489ba1b2abc90089c22c070122e1c24170c1fe58f6c2231dad28a205,217,1986,2018-03-24T21:00:00,VOL_COMPRESSION,TREND_UP,VOL_COMPRESSION -> TREND_UP,2018-03-24T01:00:00,20,2018-03-24T01:00:00,20,20,1,1aa1748e5979b10662ed1792aae0541a072a5d8a9a509cb1d50b68de814bb78d
d2d8350564a0ce54b07c5dc1e1d18a39df535eb8b5f62d9817a24f5036299666,218,1988,2018-03-24T23:00:00,TREND_UP,RANGE,TREND_UP -> RANGE,2018-03-24T21:00:00,2,2018-03-24T21:00:00,2,2,1,67e79597c2cec0f2f53268e5a7fe69c807627987ee5d6d184a15c86fb9095f33
e3c041968662d315ea8246daa4dac067df0faa26c5fb9308b0477e358ae8a916,219,1991,2018-03-25T02:00:00,RANGE,TREND_DOWN,RANGE -> TREND_DOWN,2018-03-24T23:00:00,3,2018-03-24T23:00:00,3,3,1,4b85b37f337b014250e635ccf7ffc4089a45ad819fc0574b87aef2621048d479
45e033802e6c24a1f11778df7d155198e079a72d7f3dbfd0e262e99fb9e83f9a,220,1993,2018-03-25T04:00:00,TREND_DOWN,VOL_COMPRESSION,TREND_DOWN -> VOL_COMPRESSION,2018-03-25T02:00:00,2,2018-03-25T02:00:00,2,2,1,a2a438608bdf06a94d1cf8cf2b4c4420f269950e4639a92f2dffbaef0d652702
dc8f0f119b6f14a307b8dfc0ee834fb73ae43517bd614079a25f9d5b0b1a46fe,221,2011,2018-03-25T22:00:00,VOL_COMPRESSION,TREND_DOWN,VOL_COMPRESSION -> TREND_DOWN,2018-03-25T04:00:00,18,2018-03-25T04:00:00,18,18,1,ec922ee06959ec44df0e4bd343ceee6b87a587e2d9bf79295ea6ad64f1c6467f
e9af2ff1e1a3ff030c03f13bff93cbbfd080368becc3c497a0b2bf469e1ccb8c,222,2014,2018-03-26T01:00:00,TREND_DOWN,VOL_COMPRESSION,TREND_DOWN -> VOL_COMPRESSION,2018-03-25T22:00:00,3,2018-03-25T22:00:00,3,3,1,f3c2c5a6025b2aaab921fa35d013da76935f9faa9b24b7eacfa4684964490a9e
54ab3161790a12fc4d88f0d0b951fa664407c4460b6c8c9046e30fddae6c023c,223,2030,2018-03-26T17:00:00,VOL_COMPRESSION,TREND_DOWN,VOL_COMPRESSION -> TREND_DOWN,2018-03-26T01:00:00,16,2018-03-26T01:00:00,16,16,1,80cdc8c48c060e11c028acf163dacd46af1e7e4fecd47c9d7e4d950293e64983
927569877060238317f258fe920bca026328d8444281592cc579d9f5965fdfd4,224,2031,2018-03-26T18:00:00,TREND_DOWN,VOL_COMPRESSION,TREND_DOWN -> VOL_COMPRESSION,2018-03-26T17:00:00,1,2018-03-26T17:00:00,1,1,1,3782e1f910a8b2874ae21c56cd40b0521499641501199c3d17b00bcde071b3e7
7cf762f94db65aea01ab41b8c27e869db97fe0490518f7471859fd5eb0304d87,225,2035,2018-03-26T22:00:00,VOL_COMPRESSION,TREND_DOWN,VOL_COMPRESSION -> TREND_DOWN,2018-03-26T18:00:00,4,2018-03-26T18:00:00,4,4,1,bd53b885eee7efad7984a4627fb80b84908ca4eb8cf1dcb3c626fc1a5569b103
e994c2d90ff44393b9c75757015b65062833620745b87e8c40de2123d844906b,226,2065,2018-03-28T04:00:00,TREND_DOWN,VOL_COMPRESSION,TREND_DOWN -> VOL_COMPRESSION,2018-03-26T22:00:00,30,2018-03-26T22:00:00,30,30,1,1c1bfd18f181416ebf817b2bb366f122cd7d3701a2a8c7b6672270f64e839342
78b1a1fe8a96f962578f506bdee7968b49dfe18f35d0cfe47b8350cc28981134,227,2089,2018-03-29T04:00:00,VOL_COMPRESSION,TREND_DOWN,VOL_COMPRESSION -> TREND_DOWN,2018-03-28T04:00:00,24,2018-03-28T04:00:00,24,24,1,64945d8033e86b0f67aba8ab8cd8ea57fcc54d12c414f83be15027d76dc98d59
aeea865e2d2f0aa9088b9d1fee8ca40e0d69882006c79db8e6f2168bd783bd71,228,2103,2018-03-29T18:00:00,TREND_DOWN,VOL_COMPRESSION,TREND_DOWN -> VOL_COMPRESSION,2018-03-29T04:00:00,14,2018-03-29T04:00:00,14,14,1,bf572345bd919cc8ede70cfffb0e79a9d32b0c53d8311c5e1bcfe61c75398368
d1cf38eec99bd6487200eae5d08a791d636e85afeff63ee11a86a1a3799b380f,229,2104,2018-03-29T19:00:00,VOL_COMPRESSION,TREND_DOWN,VOL_COMPRESSION -> TREND_DOWN,2018-03-29T18:00:00,1,2018-03-29T18:00:00,1,1,1,5e43e6136fd1a2f439f9883980e0ed541f970347a6ce34f938e7d8ba69511281
2ac00f5367f656166bb52fbe68c0132798e26ba1d311dc85307f50dd9727455d,230,2109,2018-03-30T00:00:00,TREND_DOWN,VOL_EXPANSION,TREND_DOWN -> VOL_EXPANSION,2018-03-29T19:00:00,5,2018-03-29T19:00:00,5,5,1,000efea46d2a20cd85be9c9c22c6dd9a1d57fd586b9c80961c0db0e10c9dd584
34a2517d4e862f6b4fc2772b510a49e80b347c5ffd8b271cdced924dc250428f,231,2112,2018-03-30T03:00:00,VOL_EXPANSION,TREND_DOWN,VOL_EXPANSION -> TREND_DOWN,2018-03-30T00:00:00,3,2018-03-30T00:00:00,3,3,1,79438e14181b1fe787e1d4d85335286bc690599f843f9cfc565f65728a6346c9
6c3c0403137117b441d42669dab7b472f4d875a56ecebece3956dfe323f56063,232,2113,2018-03-30T04:00:00,TREND_DOWN,VOL_EXPANSION,TREND_DOWN -> VOL_EXPANSION,2018-03-30T03:00:00,1,2018-03-30T03:00:00,1,1,1,61a09045b7487364ce56945cb107f15e0546e566b58338c5a3156a465d71fe3d
ab0727fa3bafc04fbd4259f7956816c74681c6b02146f601b3e417be3a02c813,233,2119,2018-03-30T10:00:00,VOL_EXPANSION,TREND_DOWN,VOL_EXPANSION -> TREND_DOWN,2018-03-30T04:00:00,6,2018-03-30T04:00:00,6,6,1,d6044119a7ce6508fb28719293dae452255e20c2ffab36cafd01f67b0f2056e6
de63b0556487bbbfa791104833fd0338a317defc3b5ec603847300ca686c5165,234,2162,2018-04-01T05:00:00,TREND_DOWN,VOL_COMPRESSION,TREND_DOWN -> VOL_COMPRESSION,2018-03-30T10:00:00,43,2018-03-30T10:00:00,43,43,1,b5fd94a5d119a7a8624d98508b1606922f553b75649348a8d3cc006e6030bcaf
b2837110440e13087e1c92990482950cf78847c72df07b28d39f271007fbc00d,235,2163,2018-04-01T06:00:00,VOL_COMPRESSION,TREND_DOWN,VOL_COMPRESSION -> TREND_DOWN,2018-04-01T05:00:00,1,2018-04-01T05:00:00,1,1,1,f831eeacabcfced9f5747d976a14da05c772906b3fbacb0736504920d2323723
2c6ecefc6fe218504364faec21900fbcb7199fc9dc278b419a5ea1e78b2a5bdb,236,2169,2018-04-01T12:00:00,TREND_DOWN,VOL_COMPRESSION,TREND_DOWN -> VOL_COMPRESSION,2018-04-01T06:00:00,6,2018-04-01T06:00:00,6,6,1,bd6cdfb73902812849edbc0abb16b6e0b0f4a530b553d913387498fd3dd6b543
05e9549940cbc6aecbd9e7b82fab52086dc112d97384c4527a8eca1df01047c4,237,2170,2018-04-01T13:00:00,VOL_COMPRESSION,TREND_DOWN,VOL_COMPRESSION -> TREND_DOWN,2018-04-01T12:00:00,1,2018-04-01T12:00:00,1,1,1,f436efb24faf90fba82e514f2d7ff40a805b753eb7a5d502a07ad5a36cabbe3f
1b2a784d743cf8949ee62d4c3df49fc3ea85cfba7b03c6ec56a41bf37d7a0265,238,2184,2018-04-02T03:00:00,TREND_DOWN,RANGE,TREND_DOWN -> RANGE,2018-04-01T13:00:00,14,2018-04-01T13:00:00,14,14,1,9e50a28c6a524145082717ec8daa811821f305707c00b334947c2bca42136f56
e629c97c867088e7bf81a69699f91e87895b2e7d528efd450e44aa9437f206f3,239,2194,2018-04-02T13:00:00,RANGE,VOL_COMPRESSION,RANGE -> VOL_COMPRESSION,2018-04-02T03:00:00,10,2018-04-02T03:00:00,10,10,1,72c6b0c173e208cf15462a67c2e776d89baed72857f69e8192775999d4dee0ed
d6681f8982cd2deded5cabb10c95770443a34de6e7b5b11127ea3960e9526fa7,240,2195,2018-04-02T14:00:00,VOL_COMPRESSION,TREND_UP,VOL_COMPRESSION -> TREND_UP,2018-04-02T13:00:00,1,2018-04-02T13:00:00,1,1,1,84c7bb27cdf6f8c14e07c02f550eaf80ce07ab7a45fa3bbb4436089da72a7ca9
82a67b75e6c57c9376c26650b630babc796b843fd512892107ae19a9491d07b8,241,2199,2018-04-02T18:00:00,TREND_UP,VOL_COMPRESSION,TREND_UP -> VOL_COMPRESSION,2018-04-02T14:00:00,4,2018-04-02T14:00:00,4,4,1,4141f7bfc4c8eb44db11199041baac7f93285537ea69273ca2133b1baa6a0616
12fd50457454c9d2f6f5ed6e5e43aa72f16bef0508ff9ddc79db0b22a92c2e0e,242,2209,2018-04-03T04:00:00,VOL_COMPRESSION,TREND_UP,VOL_COMPRESSION -> TREND_UP,2018-04-02T18:00:00,10,2018-04-02T18:00:00,10,10,1,7a824feb45a9e4651c36581f26d8906d7c2eeaba47fee005770e4f32796fc622
52992e6cddf38c172428aacc1fb36cb84f28378f68bac07d2792d38cf06e8f77,243,2213,2018-04-03T08:00:00,TREND_UP,VOL_COMPRESSION,TREND_UP -> VOL_COMPRESSION,2018-04-03T04:00:00,4,2018-04-03T04:00:00,4,4,1,44f516f91e1df6be8daa8f14863598308ff8c1cb297cd788bc3f67532a1ee06b
3eff8c6bdc339cc24061e9f78e9caeb22e0666e4579ad62ad16d1ac514be9c54,244,2238,2018-04-04T09:00:00,VOL_COMPRESSION,TREND_UP,VOL_COMPRESSION -> TREND_UP,2018-04-03T08:00:00,25,2018-04-03T08:00:00,25,25,1,36767f33df52abe87a010f1cabcbe664f7d3e3c103d14a17686f28b49f689d20
78f43a07f56f427ec6fd0b9975730741733f329ae7c6b7ff50c9bf0fbe78c3bb,245,2239,2018-04-04T10:00:00,TREND_UP,VOL_COMPRESSION,TREND_UP -> VOL_COMPRESSION,2018-04-04T09:00:00,1,2018-04-04T09:00:00,1,1,1,4cf5604000207b7a28309ee926c8e82bc865151904eec29e04abfb04798f871d
e9f4176298d436afffc16afe8c78b5e5d493ce806ed3560b18b3520cd1fa1844,246,2240,2018-04-04T11:00:00,VOL_COMPRESSION,RANGE,VOL_COMPRESSION -> RANGE,2018-04-04T10:00:00,1,2018-04-04T10:00:00,1,1,1,7be667dc50298ab6e45cf23608506f447aeef757b504ed07535258d5382f5cb9
72e55d5443bdb137b63ccb9909bffdb24ac23a5167c1d4cabbe684dec809430c,247,2241,2018-04-04T12:00:00,RANGE,VOL_COMPRESSION,RANGE -> VOL_COMPRESSION,2018-04-04T11:00:00,1,2018-04-04T11:00:00,1,1,1,558343b758568b79d06c93c0e033ef231ac54e52ed8c73599af6d48dc4705eef
29176d949013bcfea1d7d4af43fc23d5aed18a362ef5d9d942760f7f7c8cc506,248,2243,2018-04-04T14:00:00,VOL_COMPRESSION,RANGE,VOL_COMPRESSION -> RANGE,2018-04-04T12:00:00,2,2018-04-04T12:00:00,2,2,1,14a4018cd41b8188d5b0990768cec594f93ffea450197c280618010965b81cd8
151689318c34cd08807caf0ec413a5acff9ea72ef9b695030403563330d0da88,249,2244,2018-04-04T15:00:00,RANGE,TREND_DOWN,RANGE -> TREND_DOWN,2018-04-04T14:00:00,1,2018-04-04T14:00:00,1,1,1,02d9360d1fdbbb127614b63a4aef2f256474d9a029eabb545539731e32637b53
de29d11130a47c10407921bd6864586ef8f81c4ddb39ebe289bd6aeb04376707,250,2280,2018-04-06T03:00:00,TREND_DOWN,VOL_COMPRESSION,TREND_DOWN -> VOL_COMPRESSION,2018-04-04T15:00:00,36,2018-04-04T15:00:00,36,36,1,27e731368d4aa10fb9dfe00ebf43b7b779dd6cd22f0ed2ab719ebba9ad167b8f
7a89dfda53af8f66886b2ceeca94cd4e80f0ad70eeaf533660f9381ea9635103,251,2283,2018-04-06T06:00:00,VOL_COMPRESSION,TREND_DOWN,VOL_COMPRESSION -> TREND_DOWN,2018-04-06T03:00:00,3,2018-04-06T03:00:00,3,3,1,4d89488a1f19dfdda98d0f956ae82e3760ef888478aa13956b2cf8ceb6504c6a
d47b26b6d82e4dc5aa759af88514edf0428b622d8999eaba671c244ae6822db9,252,2291,2018-04-06T14:00:00,TREND_DOWN,VOL_COMPRESSION,TREND_DOWN -> VOL_COMPRESSION,2018-04-06T06:00:00,8,2018-04-06T06:00:00,8,8,1,ef5573973981914c89e26081310f1e6a0393fadb93cc598ebcbcfbb33d372a1d
bb97ae35ea7245aa6fee5902dd434741c08908b8f5679793e3f78f71b6adb7de,253,2302,2018-04-07T01:00:00,VOL_COMPRESSION,TREND_DOWN,VOL_COMPRESSION -> TREND_DOWN,2018-04-06T14:00:00,11,2018-04-06T14:00:00,11,11,1,e118e459568295dd1b3f5e9d743094454736fc10dd1af514ff5c45b5b08889b5
a26597b3ea60722047a47b0b69fdc16d295ee2c2fe3a98bf1e2e7ee8470944af,254,2303,2018-04-07T02:00:00,TREND_DOWN,VOL_COMPRESSION,TREND_DOWN -> VOL_COMPRESSION,2018-04-07T01:00:00,1,2018-04-07T01:00:00,1,1,1,9b98f4b9a3571e10fdb4cb8240cecccb76c5d7914d5cce3c2b9316abb7309a9b
9536fd57ad6578d90a63ff339cd816647c4c718211c3eec37fba1d2b469fd1c4,255,2359,2018-04-09T10:00:00,VOL_COMPRESSION,TREND_UP,VOL_COMPRESSION -> TREND_UP,2018-04-07T02:00:00,56,2018-04-07T02:00:00,56,56,1,d123cd18661eb0af865707d91d0cd91b16315b413de7ed1b175fa97d00257055
65ef4be408141005a59970535a608d457958605e4a32c4eab37fe0c6cb7c2be8,256,2361,2018-04-09T12:00:00,TREND_UP,RANGE,TREND_UP -> RANGE,2018-04-09T10:00:00,2,2018-04-09T10:00:00,2,2,1,06a5cbbe3a46f69d20124be503ffb3010a2d3b227ea2d420b7bac5a76a09caf4
00e12df60380efaabdc6ea26f3d5acd80cb394f2465aeaecaec1d194b7e0db3e,257,2362,2018-04-09T13:00:00,RANGE,VOL_COMPRESSION,RANGE -> VOL_COMPRESSION,2018-04-09T12:00:00,1,2018-04-09T12:00:00,1,1,1,6528f6d40be82dcfdadaee959ef2032e48f7b236cd746956bc8d07f9513abd89
488524b705f5919a28a6fc49c682e941768db4ea43abd7a2658bb30a223ec9c0,258,2432,2018-04-12T11:00:00,VOL_COMPRESSION,VOL_EXPANSION,VOL_COMPRESSION -> VOL_EXPANSION,2018-04-09T13:00:00,70,2018-04-09T13:00:00,70,70,1,e744ebfff0c0af2cf99efdd52ceffd7b4c1d0aeb0ab8d328175b1de6a1cfa811
06d2be55947cb0559f991c39fa324cce1b1ed1fa444d1852f0f209bf88b29749,259,2433,2018-04-12T12:00:00,VOL_EXPANSION,TREND_UP,VOL_EXPANSION -> TREND_UP,2018-04-12T11:00:00,1,2018-04-12T11:00:00,1,1,1,d36b088df1d3dfb54ecf50e0e30f6fc933189b77aa85eb49b6e42b8e7431353c
27ad7b0592b4dd753fe69810d2ad01185f2a0f4511e1af9bfe2eef332f81627f,260,2463,2018-04-13T18:00:00,TREND_UP,VOL_COMPRESSION,TREND_UP -> VOL_COMPRESSION,2018-04-12T12:00:00,30,2018-04-12T12:00:00,30,30,1,6934f59ac3bd2e3b2dd2f31d0eeadb2db657a8a5d3fd1661d61d8d1414171cba
93b809913d1b5a1961cbbf2b6bffe13b7c8e4dab025db1f13c162b49bc7e29f3,261,2465,2018-04-13T20:00:00,VOL_COMPRESSION,TREND_UP,VOL_COMPRESSION -> TREND_UP,2018-04-13T18:00:00,2,2018-04-13T18:00:00,2,2,1,e034ef593cbf3e78c6a1474638872672eb671f7790c5b3735b875317e34f8b19
7dc0076e8cce124211a10a04896e2e215fdd1279f25a489efb1027d9e7461614,262,2472,2018-04-14T03:00:00,TREND_UP,VOL_COMPRESSION,TREND_UP -> VOL_COMPRESSION,2018-04-13T20:00:00,7,2018-04-13T20:00:00,7,7,1,096e06388a0c15172e0aa859050befed96ec9caffaddc09b81c3873c17d1d36d
65b9d699e092f6c35e00f344b554f9a201e663962c6707046fa09c8d7e95d9e9,263,2481,2018-04-14T12:00:00,VOL_COMPRESSION,TREND_UP,VOL_COMPRESSION -> TREND_UP,2018-04-14T03:00:00,9,2018-04-14T03:00:00,9,9,1,15fdb0d7fdb8c3460a848a471bb5d2e94cf02f9d0916af9d7c413ee71e6c9251
255172262ac3ba6b5f56f09d2f3f637e239dcdf500e1e6d4b10548f0a51b2cb4,264,2482,2018-04-14T13:00:00,TREND_UP,VOL_COMPRESSION,TREND_UP -> VOL_COMPRESSION,2018-04-14T12:00:00,1,2018-04-14T12:00:00,1,1,1,74c19c42d681baf00794de13899693bb6d1443cc4f94317930483580adbc3966
2c2c4678dc6ce393a8d41fd000c30eebe5eca360cf09e10a73feed7b1c104f46,265,2735,2018-04-25T02:00:00,VOL_COMPRESSION,TREND_UP,VOL_COMPRESSION -> TREND_UP,2018-04-14T13:00:00,253,2018-04-14T13:00:00,253,253,1,1961b91604d68e835bab5c19e95a53b7fa47fd411abab5eef493559f764ddff3
d6ff8045af117edc8dbb1e0670b1d68b4bb8ff5722e33e61bcc1ccd4292d7798,266,2745,2018-04-25T12:00:00,TREND_UP,RANGE,TREND_UP -> RANGE,2018-04-25T02:00:00,10,2018-04-25T02:00:00,10,10,1,34ca326f15a3fa5988e1841d309adeff36333f3b32b0b1395a75587b02b04b30
1070d13e843d56cf56e67bbeb85d415f6895bc658ac0a652e95b3966f8305b99,267,2751,2018-04-25T18:00:00,RANGE,TREND_DOWN,RANGE -> TREND_DOWN,2018-04-25T12:00:00,6,2018-04-25T12:00:00,6,6,1,835db96375b0382dc9871ed6735a141cf868d30d7937d9ff3d28356d81ea82f0
5d4c39cd5e7df63caffccc7f96bf2990b021383d46bbb32e06b3fdeb02bd4f6c,268,2773,2018-04-26T16:00:00,TREND_DOWN,VOL_COMPRESSION,TREND_DOWN -> VOL_COMPRESSION,2018-04-25T18:00:00,22,2018-04-25T18:00:00,22,22,1,239dfa13ea737cae77c02f71af6fd55bb4fc1c0cb5555b8d8eb450b3ee04195e
7dfcb4066e1022d0aac714df9f009e64d9c51884a3c8fbfef67d31c7cfceb0ca,269,2802,2018-04-27T21:00:00,VOL_COMPRESSION,RANGE,VOL_COMPRESSION -> RANGE,2018-04-26T16:00:00,29,2018-04-26T16:00:00,29,29,1,7c881ce0076dc378145c70b984e255b319ee6087a94f955c0b1dc1a346b40369
fd5b03c52bf91c03f4336974bc21ded32e5adb4d995cdf339ed05feb26da9c3b,270,2803,2018-04-27T22:00:00,RANGE,VOL_COMPRESSION,RANGE -> VOL_COMPRESSION,2018-04-27T21:00:00,1,2018-04-27T21:00:00,1,1,1,58edc5ede8a369fb734dd3bf0a38bb4911300746e7b768d43317db7680cadbb1
a797f35df3aa61c6e970cdb881070f63dba35227864464e51dd410479efc7052,271,2804,2018-04-27T23:00:00,VOL_COMPRESSION,RANGE,VOL_COMPRESSION -> RANGE,2018-04-27T22:00:00,1,2018-04-27T22:00:00,1,1,1,1c7363b6afa7171b28c097b586b796a95ed9344b1c6d060be1982e480b2735b9
acc04690540cd683c03ce39dfaa095b70d558aef2dd1034b8f0978bb3040d09c,272,2809,2018-04-28T04:00:00,RANGE,VOL_COMPRESSION,RANGE -> VOL_COMPRESSION,2018-04-27T23:00:00,5,2018-04-27T23:00:00,5,5,1,7e8ca998d96f0110d65cfe057696c8421df85814299c837d868be35f493b27e3
939399809a205bf60cc6cce0a333e50472e5d5275c088833f42bba789d1f03cd,273,2817,2018-04-28T12:00:00,VOL_COMPRESSION,TREND_UP,VOL_COMPRESSION -> TREND_UP,2018-04-28T04:00:00,8,2018-04-28T04:00:00,8,8,1,f184a54712fe2a219411cbe8bc7f9e614d97cecd68f161f22feeccc502f58324
c318455181b99e9ac9ea1d22ae2091f2659b0004f64e5b9f66c75df789d92a97,274,2818,2018-04-28T13:00:00,TREND_UP,VOL_COMPRESSION,TREND_UP -> VOL_COMPRESSION,2018-04-28T12:00:00,1,2018-04-28T12:00:00,1,1,1,dd27401c42276d6588d4920cdd9a0679b52bfb6b8c81ee0106595caffea38e40
2c2518c1064f979a095044d7009d2fe807149195bd1e88ada690463dc5bb7618,275,2819,2018-04-28T14:00:00,VOL_COMPRESSION,TREND_UP,VOL_COMPRESSION -> TREND_UP,2018-04-28T13:00:00,1,2018-04-28T13:00:00,1,1,1,2b460fdf74d78691717dedc06a5a2d86326be15a5c2593c8cec00a064b45b37b
bf76da3264a68405dd5d41a6c576e17957e610e9e1c26d875980e535043635cd,276,2821,2018-04-28T16:00:00,TREND_UP,VOL_COMPRESSION,TREND_UP -> VOL_COMPRESSION,2018-04-28T14:00:00,2,2018-04-28T14:00:00,2,2,1,0fb7d3e2923de8f4d3f72fe29f281ddd3fb74512aa27e22333b77b1b968fadf6
e50a59d4a5bc466adb285acc6256c4b3abbcb74c3ad74d262e568078b95cf43c,277,2949,2018-05-04T00:00:00,VOL_COMPRESSION,TREND_UP,VOL_COMPRESSION -> TREND_UP,2018-04-28T16:00:00,128,2018-04-28T16:00:00,128,128,1,78b8a4dd970e334ca48ce608d5ead808c359fc019658228f1828f8c924120249
572c2c412fa33c5bd3afc2da2f6d3b9b783aa7644cd7547ff5a033c6ad29d984,278,2950,2018-05-04T01:00:00,TREND_UP,VOL_COMPRESSION,TREND_UP -> VOL_COMPRESSION,2018-05-04T00:00:00,1,2018-05-04T00:00:00,1,1,1,c325a528448f00b8bb6b82e8cdcaee2c60b5b42f8399ea7fdcf9ec14c1036e84
954512c6872367b5e874f7c4e354c7601b55b43c52d19a6d836f5afdefcf3b10,279,3136,2018-05-11T20:00:00,VOL_COMPRESSION,TREND_DOWN,VOL_COMPRESSION -> TREND_DOWN,2018-05-04T01:00:00,186,2018-05-04T01:00:00,186,187,1,ab046b3748234d547244d715ea847df139f315d8cd2cb84f05dcccc34eeffaf4
99fb41457ec1e4d1302f5bee886602dace53febef16a7e8039c3d4cdb4fd8db4,280,3142,2018-05-12T02:00:00,TREND_DOWN,VOL_COMPRESSION,TREND_DOWN -> VOL_COMPRESSION,2018-05-11T20:00:00,6,2018-05-11T20:00:00,6,6,1,2bd0f1cc9e55b7f1195fd657b7e45ce19a50d2b64ae1bded449e23938fc3c8f3
2ed84fd35cb862f5d6ca2f0972c2712504d57735a652064fe1513601eb09d167,281,3149,2018-05-12T09:00:00,VOL_COMPRESSION,TREND_DOWN,VOL_COMPRESSION -> TREND_DOWN,2018-05-12T02:00:00,7,2018-05-12T02:00:00,7,7,1,83814ef7554093a547422322c148693dbea666a9633f1586777e9a47abc89711
cf4df44b83a69cc376ea7968faccc77cbd49a32fc24143e760082f7222f90d3a,282,3162,2018-05-12T22:00:00,TREND_DOWN,VOL_COMPRESSION,TREND_DOWN -> VOL_COMPRESSION,2018-05-12T09:00:00,13,2018-05-12T09:00:00,13,13,1,a14a59cff44ec134c2da49d9d2de5fa6ebdb297d5a11599d61e10faf215b1301
6f07d59c5e24982a39559b012609e86c75adef8386d06ddfb6092d8c4fbdcd66,283,3173,2018-05-13T09:00:00,VOL_COMPRESSION,TREND_DOWN,VOL_COMPRESSION -> TREND_DOWN,2018-05-12T22:00:00,11,2018-05-12T22:00:00,11,11,1,210b7bbfb3c740bf91a40afbdc5d97e86964e1369f2b6562b138206138bd800d
64aec21ea1b5336a63c5da246ad138a3d08fcbc4fafd80b18eac7f8152a0733e,284,3174,2018-05-13T10:00:00,TREND_DOWN,VOL_COMPRESSION,TREND_DOWN -> VOL_COMPRESSION,2018-05-13T09:00:00,1,2018-05-13T09:00:00,1,1,1,2f66e7f40e897c909cb55dc4876894abaef4841d82f316720b054a1db6da049c
9dff06c13b573f5f3f72147760bd407ef75d1e2a3a09f42836cc96cc958b7059,285,3191,2018-05-14T03:00:00,VOL_COMPRESSION,RANGE,VOL_COMPRESSION -> RANGE,2018-05-13T10:00:00,17,2018-05-13T10:00:00,17,17,1,32813ae30d89b72b2c26e0b4ac557b863f41882bdde435f1854f8d5b670b2066
83559fdf3626c03b7327f06a30d78766d85eca811193365a0c3652febae5c477,286,3192,2018-05-14T04:00:00,RANGE,TREND_DOWN,RANGE -> TREND_DOWN,2018-05-14T03:00:00,1,2018-05-14T03:00:00,1,1,1,4dff2bf57541069039aa004c531a05d39c000a3a4ac67d59888098b748d0d12c
980bef757ea13e919f6ff92dd11d37e08c291d00c6e59127f36e350c26abfcd6,287,3194,2018-05-14T06:00:00,TREND_DOWN,VOL_COMPRESSION,TREND_DOWN -> VOL_COMPRESSION,2018-05-14T04:00:00,2,2018-05-14T04:00:00,2,2,1,ed1190a2d038077aeee0169a28537d0eeecdd675fbadfef578207ca3dd7f2272
3b57198205c67a8f7c75c295d7e4be55d03caae5f0038cc1afb116a98cc96033,288,3201,2018-05-14T13:00:00,VOL_COMPRESSION,TREND_DOWN,VOL_COMPRESSION -> TREND_DOWN,2018-05-14T06:00:00,7,2018-05-14T06:00:00,7,7,1,ea0c91f58fad9572df79ec9928ff288719fde9e1edef50b721680c3830f785c5
8c80fddaf6b14a310b02ced72eadd94c8fc66f8376611e3174905f2d4ecdf56d,289,3203,2018-05-14T15:00:00,TREND_DOWN,RANGE,TREND_DOWN -> RANGE,2018-05-14T13:00:00,2,2018-05-14T13:00:00,2,2,1,104edfafa6c718c86ab64e7041131e8959203a5fbf541bd497179f3215bf52c8
0ec01e607f75a624b74af96c368ae1dee099832f72c9869eccfe552321584b04,290,3205,2018-05-14T17:00:00,RANGE,VOL_COMPRESSION,RANGE -> VOL_COMPRESSION,2018-05-14T15:00:00,2,2018-05-14T15:00:00,2,2,1,82b8fb7d604ecb907d679556e29989207278b76be5f8189b8c66a4c8ed1fc1a8
0a3a5e072c816f975a74f95092ae4fc22903975d009b3c8609f93aec01d631cc,291,3210,2018-05-14T22:00:00,VOL_COMPRESSION,TREND_UP,VOL_COMPRESSION -> TREND_UP,2018-05-14T17:00:00,5,2018-05-14T17:00:00,5,5,1,1d01951194f55182f89487f6e90f6699875220a8eb9d5a47644e1b89cdfc2626
8524e70030f8d9ad59c1878e7cfe2e35bc756a9468790d4c49178650bb5a07d0,292,3211,2018-05-14T23:00:00,TREND_UP,VOL_COMPRESSION,TREND_UP -> VOL_COMPRESSION,2018-05-14T22:00:00,1,2018-05-14T22:00:00,1,1,1,8f958de629023d5b3d27c39a07643d95f389d8a700937d83729cb31dd93fcee5
807d76bd9550fd176515787c3526063b1a44ea6618a3550942cb076eccfd4bfd,293,3237,2018-05-16T01:00:00,VOL_COMPRESSION,TREND_DOWN,VOL_COMPRESSION -> TREND_DOWN,2018-05-14T23:00:00,26,2018-05-14T23:00:00,26,26,1,f329b0db77799ecd12070cb174bb0efe06da6e68f8bc9486d45977a473a89373
8ac791ff87a3d5db353dadd6b27ae993e4de1d99d05a62379f75442a3a7620b7,294,3243,2018-05-16T07:00:00,TREND_DOWN,VOL_COMPRESSION,TREND_DOWN -> VOL_COMPRESSION,2018-05-16T01:00:00,6,2018-05-16T01:00:00,6,6,1,3044dfc2bf53c21daf07ea314f9d086421df4c1b1ecc85c84a8098364f1162f4
6adb129e6ab72a2482d1568abae73035ee2dd70df661424179387ee0b8dad88e,295,3249,2018-05-16T13:00:00,VOL_COMPRESSION,TREND_DOWN,VOL_COMPRESSION -> TREND_DOWN,2018-05-16T07:00:00,6,2018-05-16T07:00:00,6,6,1,5216c3164e6e162251a4c1b91727e37550045f6de5a0becf70ec24c4b76b242b
22ff459d59c0c8dca344c71c968b65e19bfa20e073976694309419386b1f0ef8,296,3257,2018-05-16T21:00:00,TREND_DOWN,VOL_COMPRESSION,TREND_DOWN -> VOL_COMPRESSION,2018-05-16T13:00:00,8,2018-05-16T13:00:00,8,8,1,6a3c01a6bca362aa8590c4015e198f59232c1e140168fcf847ea8dc36604748b
146bb00fe65bf31ae0b2103e530c0660f6af5a9317382a475273de2da1d729d1,297,3420,2018-05-23T16:00:00,VOL_COMPRESSION,TREND_DOWN,VOL_COMPRESSION -> TREND_DOWN,2018-05-16T21:00:00,163,2018-05-16T21:00:00,163,163,1,94036012d7b9feae31ce441065e6d5690a344d96d06fdfa79c75548e18ba502e
a9e0968cacb2b3b9daff95a549a2195749be5b8ed598c60d7156dbde67a0c3b7,298,3434,2018-05-24T06:00:00,TREND_DOWN,VOL_COMPRESSION,TREND_DOWN -> VOL_COMPRESSION,2018-05-23T16:00:00,14,2018-05-23T16:00:00,14,14,1,25c7446b81aa3cce87d1ae435540cc17fe228a901bb57daf1aa357ef521385cd
ca152345e2fd994521ec3f2fce0a58f9a9df271005f90d82e756231048ffd156,299,3435,2018-05-24T07:00:00,VOL_COMPRESSION,TREND_DOWN,VOL_COMPRESSION -> TREND_DOWN,2018-05-24T06:00:00,1,2018-05-24T06:00:00,1,1,1,81d8cc28a43c7bdb1c2102b911e12d8db73b2a1d87a9ce0d7cde731d7c4178fc
8194d73bd51c91ba7241f73419049f22990a68b8d8ec8ff36174012d326cc45f,300,3452,2018-05-25T00:00:00,TREND_DOWN,VOL_COMPRESSION,TREND_DOWN -> VOL_COMPRESSION,2018-05-24T07:00:00,17,2018-05-24T07:00:00,17,17,1,791d3ddd64f11d97aa6a0c7d915561b3ab7e260a525061b550ad37ca15d19bcc
94e64f592ddff9e21a4cb6cd249cfb67ca58339811a62be7cab4d1342f1f4c31,301,3459,2018-05-25T07:00:00,VOL_COMPRESSION,TREND_DOWN,VOL_COMPRESSION -> TREND_DOWN,2018-05-25T00:00:00,7,2018-05-25T00:00:00,7,7,1,dffa9e6bd48c6b475f3c29de15bde255a0ec98569cac6cb16e39cdcd9d8432a7
4663e6875ed3c631951da167b405ed0236986fbec22d570408969c644f2e53b7,302,3460,2018-05-25T08:00:00,TREND_DOWN,VOL_COMPRESSION,TREND_DOWN -> VOL_COMPRESSION,2018-05-25T07:00:00,1,2018-05-25T07:00:00,1,1,1,2034f70dc781f0af6b78c1bad3d9e97e5cc053fa27d29265310f773647e12ff8
dee2be37c31d39cbb0bb566b38e8275e7eecca1871b95659a5b15eb7378c075c,303,3462,2018-05-25T10:00:00,VOL_COMPRESSION,TREND_DOWN,VOL_COMPRESSION -> TREND_DOWN,2018-05-25T08:00:00,2,2018-05-25T08:00:00,2,2,1,40ee2dd3147359b25db65c8ad64ccd9d23e6ea41bfa949c7fc4299de1e693e6a
7bae5d38a8f697e806fd0017df5d986b46582509163cf75c341807745067716f,304,3466,2018-05-25T14:00:00,TREND_DOWN,VOL_COMPRESSION,TREND_DOWN -> VOL_COMPRESSION,2018-05-25T10:00:00,4,2018-05-25T10:00:00,4,4,1,ce6e1afd069fb2101867aefa71f43f720e23e7e0bbc7e5a32264555674c93b66
4ec4bb2795f78005bfcf2676517e1f3858ebf8758a76456c90cdd876fc6b337a,305,3851,2018-06-10T17:00:00,VOL_COMPRESSION,TREND_DOWN,VOL_COMPRESSION -> TREND_DOWN,2018-05-25T14:00:00,385,2018-05-25T14:00:00,385,387,1,a1b91016bb2eedd2205d16e0e192d01fd404062dbc1c3833647bdf366cdc84b2
8c8e42db39edb10e879e3887b761dfb04563e3c44c6ad097f0840f9f175a8a9e,306,3863,2018-06-11T05:00:00,TREND_DOWN,VOL_COMPRESSION,TREND_DOWN -> VOL_COMPRESSION,2018-06-10T17:00:00,12,2018-06-10T17:00:00,12,12,1,e353fb0e6e99473b2af2669e082e13271e6938c4a63dcffa98c64c439a7c80be
f841979c4b1e0925c343c0a1c881ecf785e5154ddf8d0e2943e82f881a7ecdef,307,3866,2018-06-11T08:00:00,VOL_COMPRESSION,TREND_DOWN,VOL_COMPRESSION -> TREND_DOWN,2018-06-11T05:00:00,3,2018-06-11T05:00:00,3,3,1,7f62e3ba19726b28ea6efa2e3c5e3513fbc1f41724910b48cfa52d81f97e354c
5fa9aaae88edbb19c5efb323eb61bbf3936bdf44a7cec894729e3e05c1fc2645,308,3868,2018-06-11T10:00:00,TREND_DOWN,VOL_COMPRESSION,TREND_DOWN -> VOL_COMPRESSION,2018-06-11T08:00:00,2,2018-06-11T08:00:00,2,2,1,37f333b9707225c550c96ffb6d5e8752372dbee5d691397cd4a29eb9d4f2be55
c90711b7a83bf7f0d7c17c689933fac8c1b74339bdeb1dc8b134e88dd538da90,309,3922,2018-06-13T16:00:00,VOL_COMPRESSION,TREND_DOWN,VOL_COMPRESSION -> TREND_DOWN,2018-06-11T10:00:00,54,2018-06-11T10:00:00,54,54,1,d307b8908c6b73ad4d35ce0b01827977589bf6e2f6fd3c446b10ef0fb485fc68
3ffb76528421471663a497f2c99eeeaff3f2909bf964efa305b7250e5b19fe6a,310,3930,2018-06-14T00:00:00,TREND_DOWN,VOL_COMPRESSION,TREND_DOWN -> VOL_COMPRESSION,2018-06-13T16:00:00,8,2018-06-13T16:00:00,8,8,1,31b8015aae54fbdcb35cce415ade2b017fd15f60b953550972c13990a3b6dba8
cbf2e8a693bab9f35a83ac19c18749c76d2a95196d9c13f79b45d97193b33ceb,311,3932,2018-06-14T02:00:00,VOL_COMPRESSION,TREND_DOWN,VOL_COMPRESSION -> TREND_DOWN,2018-06-14T00:00:00,2,2018-06-14T00:00:00,2,2,1,ac5a7901a5b4b29eb072b84ea94bb91fab618e9ebab93a956d3f05bbb22153dc
6529a2ac7b5939c31b0860d63a2c0e8cb72570ba86af4aaff3e352814f38b2db,312,3935,2018-06-14T05:00:00,TREND_DOWN,VOL_COMPRESSION,TREND_DOWN -> VOL_COMPRESSION,2018-06-14T02:00:00,3,2018-06-14T02:00:00,3,3,1,5b73c9ab29a8c05268b7fea5ac932d159468bce7393ee75b6bbf35fa6604145a
79c18b01df00f9f4d553a9939d5a629d66e17937bddc52b56cb75f5daa188e8d,313,3946,2018-06-14T16:00:00,VOL_COMPRESSION,TREND_DOWN,VOL_COMPRESSION -> TREND_DOWN,2018-06-14T05:00:00,11,2018-06-14T05:00:00,11,11,1,559aa227d0c2ae14d5cccd870fa7b8daf741ca701bda46d2d64c268d547f6c26
0a8bcebe09ce99dfc90a272fa875f5bc302d14f0a737679808fe197b3268534a,314,3949,2018-06-14T19:00:00,TREND_DOWN,RANGE,TREND_DOWN -> RANGE,2018-06-14T16:00:00,3,2018-06-14T16:00:00,3,3,1,785f41b1ee4b863c539cfbf7a8a087ad4b54208a6e1dea130ffb170ee1bfe0fe
c5c3fb91f7990cfbab76c288cf00c5f2667e5b4f196d01ea79130675bf1a4b03,315,3955,2018-06-15T01:00:00,RANGE,VOL_COMPRESSION,RANGE -> VOL_COMPRESSION,2018-06-14T19:00:00,6,2018-06-14T19:00:00,6,6,1,833fdca0b9a174c4d524126c7845c1f05e885f586bd4b8eba05652bf5e19f9ab
ff78890a60cd938c8184593e5139d514bcef41c98b1a7d49e2c1612ae8e58958,316,4135,2018-06-22T13:00:00,VOL_COMPRESSION,TREND_DOWN,VOL_COMPRESSION -> TREND_DOWN,2018-06-15T01:00:00,180,2018-06-15T01:00:00,180,180,1,12e95d43228221f53433cbce75446579b61260f07f1edcd2fd93eefa258eec96
941da1640a73872ff65216abcaa370578b91554fc8bbd2ec53d8c9406ca5731c,317,4151,2018-06-23T05:00:00,TREND_DOWN,VOL_COMPRESSION,TREND_DOWN -> VOL_COMPRESSION,2018-06-22T13:00:00,16,2018-06-22T13:00:00,16,16,1,ab5fff2629d48287a5032f339882d94f9127222f0cdfc4d50bf16c369cd390ff
2d91d34df44c876bc93640db127e62b9185d6bd7564b926ed0ddf65df5812700,318,4176,2018-06-24T06:00:00,VOL_COMPRESSION,TREND_DOWN,VOL_COMPRESSION -> TREND_DOWN,2018-06-23T05:00:00,25,2018-06-23T05:00:00,25,25,1,86fe63bc42c183d3af055900ce6dcaf8eb7bf6791cf36b9a676036365df5917c
afe05867f15d9da851ac62ab3a07f0a83140ffa71f15efd1f15e533c503a47f5,319,4177,2018-06-24T07:00:00,TREND_DOWN,VOL_COMPRESSION,TREND_DOWN -> VOL_COMPRESSION,2018-06-24T06:00:00,1,2018-06-24T06:00:00,1,1,1,ea02c0b7f8c70995e310416c8caf7dd1992c01c6ae44d00b42b8cb85d76c68b8
833d80357ca0757b3be4d115e5227d7aae7a588570966698bb71ad038959f847,320,4186,2018-06-24T16:00:00,VOL_COMPRESSION,TREND_DOWN,VOL_COMPRESSION -> TREND_DOWN,2018-06-24T07:00:00,9,2018-06-24T07:00:00,9,9,1,c4708362b7ac240a10cf197b7a0fdee729eea82ac4bb78ed216b5c6d6463df9d
7163303a76a9016c15d281721b83930e33e282855ba1397bcc7ab130dbb56c9a,321,4190,2018-06-24T20:00:00,TREND_DOWN,RANGE,TREND_DOWN -> RANGE,2018-06-24T16:00:00,4,2018-06-24T16:00:00,4,4,1,b91390b50f52743c51aed47ac15fddb0e3829c4cfdd0a7135ca1a995052583c2
af6c9106f25599c5fdfa220f1e11fbf6a6d9b715ead2e90510877ad83d77bac7,322,4194,2018-06-25T00:00:00,RANGE,VOL_COMPRESSION,RANGE -> VOL_COMPRESSION,2018-06-24T20:00:00,4,2018-06-24T20:00:00,4,4,1,2f4f212cfa266113093cd4b05866de1f472b8206351d9e66eec1e9e40d86b0ef
3abf8850538358b53fc909b8c514e56a0fe8a76fc17cddade398e51e5f57c20f,323,4208,2018-06-25T14:00:00,VOL_COMPRESSION,RANGE,VOL_COMPRESSION -> RANGE,2018-06-25T00:00:00,14,2018-06-25T00:00:00,14,14,1,883d58a22f3a008889ebcd692660a4c17516b4069fdbdd60b57b0f36b8677ee7
635d311574df0f53f81df7c1b73a65a8d95af7652c115bce2d986259ac3584d5,324,4209,2018-06-25T15:00:00,RANGE,TREND_UP,RANGE -> TREND_UP,2018-06-25T14:00:00,1,2018-06-25T14:00:00,1,1,1,0a0b955f68cca31549670c15b1e0b30197925713299d0b091ee804fdc6e3efab
032c898f85c71b11975711b09cf43dcd7a12b2dab76eab3df19048f045a8f3ca,325,4211,2018-06-25T17:00:00,TREND_UP,VOL_COMPRESSION,TREND_UP -> VOL_COMPRESSION,2018-06-25T15:00:00,2,2018-06-25T15:00:00,2,2,1,c7320fc15ab873f5f655d3af924ea1f89b28f26b5e51cf625bb3f191f0f04275
c76a517452031eaeac8d4d16f0f481b52ec23f105aae9684599a6b5494fcc4d9,326,4312,2018-06-29T22:00:00,VOL_COMPRESSION,TREND_DOWN,VOL_COMPRESSION -> TREND_DOWN,2018-06-25T17:00:00,101,2018-06-25T17:00:00,101,101,1,a818f2de71ffa8fed0a34948e49f7a276a202454dcaf80d112217d94372ef171
e4a9ac92ce108894cd27dd453fffbe605c59af1e340d804682662b4b4431961c,327,4313,2018-06-29T23:00:00,TREND_DOWN,RANGE,TREND_DOWN -> RANGE,2018-06-29T22:00:00,1,2018-06-29T22:00:00,1,1,1,64d36a5a1b86ee61cc7de7e6cfafc9e672998010981de92f925989b3b670e1a1
d924b5e0e91bce0bac2cd4cf8781723ece37ae8a8cfc949a82290015c6b1780b,328,4315,2018-06-30T01:00:00,RANGE,TREND_UP,RANGE -> TREND_UP,2018-06-29T23:00:00,2,2018-06-29T23:00:00,2,2,1,f222eb3eefb4a6f2716d8970278a758423873f76b95a41a2b10c6aedd805ca1d
3f0ced799879899ef9d1a0b3c56f47fdda41b030af5be8ca6ac41ed87cc56598,329,4320,2018-06-30T06:00:00,TREND_UP,VOL_COMPRESSION,TREND_UP -> VOL_COMPRESSION,2018-06-30T01:00:00,5,2018-06-30T01:00:00,5,5,1,d44d89ec0deaef38dd200eb585570591f16c6f23a2057ade42693873a425f962
4884df1d9a9fedd96e46489c905d4bebdbdecf6c903cca0a867a44fffd02e45e,330,4739,2018-07-17T17:00:00,VOL_COMPRESSION,TREND_UP,VOL_COMPRESSION -> TREND_UP,2018-06-30T06:00:00,419,2018-06-30T06:00:00,419,419,1,71fdee504aad823d42b75aa8cc388280988431e8fe571dfecc30d994fd7c811a
1e6ab93e74383cdba4d5c7fea1a501251673caeaf565a9b749241357bb8a574d,331,4747,2018-07-18T01:00:00,TREND_UP,VOL_COMPRESSION,TREND_UP -> VOL_COMPRESSION,2018-07-17T17:00:00,8,2018-07-17T17:00:00,8,8,1,f42b275bd10aa101cc326d6efc2504e4c256f8c8c76df32a70cbac55ff4a742e
159a0f7c53d29431cba9aab0e9c1f731a99e9705f22ebd3fa1094099c0d3d463,332,4749,2018-07-18T03:00:00,VOL_COMPRESSION,TREND_UP,VOL_COMPRESSION -> TREND_UP,2018-07-18T01:00:00,2,2018-07-18T01:00:00,2,2,1,c5ab735858d603be91018d17c21bb7b18352a0bebe78c70dbf708a1a83bfbbc2
061f871c04d463d26aeed805a8e8a0892d8d47ba857317db8bc687bf31d74a05,333,4751,2018-07-18T05:00:00,TREND_UP,VOL_COMPRESSION,TREND_UP -> VOL_COMPRESSION,2018-07-18T03:00:00,2,2018-07-18T03:00:00,2,2,1,a9341aea5f893bfff8963f0fe4a887da8b4ffb933ee5f3bfaa9d570abe099362
9f4c972a247493f1143dfc4cd8a9bf042f1e50ac74e5498a2cb1546c5da3140f,334,4766,2018-07-18T20:00:00,VOL_COMPRESSION,TREND_UP,VOL_COMPRESSION -> TREND_UP,2018-07-18T05:00:00,15,2018-07-18T05:00:00,15,15,1,4e6fc130d39d9cfbfa9a8add9d308c129bed7dd17a9f450c207d4431ec477737
3d68600da19035f7606a16b416398a62765322cc8a9a48e37adaf0a70f89bfd3,335,4769,2018-07-18T23:00:00,TREND_UP,VOL_COMPRESSION,TREND_UP -> VOL_COMPRESSION,2018-07-18T20:00:00,3,2018-07-18T20:00:00,3,3,1,3989f1b36207ba54390506a9a2f45497deeefc8142589a13a63686664c8ee56e
c4c6ea198c579ab0675f8928927df5d82bc56a13706a28a1aaf9cb2681675c6d,336,4811,2018-07-20T17:00:00,VOL_COMPRESSION,TREND_UP,VOL_COMPRESSION -> TREND_UP,2018-07-18T23:00:00,42,2018-07-18T23:00:00,42,42,1,b0456f6fb6ae62c1a208c7f6b5556e49ac16e62f8ff1b9143ebf8931284a6fd7
3e496b787cb9244d8ade5fb6eddc180d4b2100df1628f870307c81f06a005499,337,4814,2018-07-20T20:00:00,TREND_UP,VOL_COMPRESSION,TREND_UP -> VOL_COMPRESSION,2018-07-20T17:00:00,3,2018-07-20T17:00:00,3,3,1,399751926a85a829986e5a0a8ee95833b7850e2c221db6403006c71284c2fa3f
02319194f3eea7a948bc2f57520b85ab6b12787ddca27ec4079d5be63c166403,338,4902,2018-07-24T12:00:00,VOL_COMPRESSION,TREND_UP,VOL_COMPRESSION -> TREND_UP,2018-07-20T20:00:00,88,2018-07-20T20:00:00,88,88,1,8fb502236eed95b76577008f2c59eb33e4d249392482938ed5416e69ef2c4422
8bb0b530f5667e0d91a21e4c1d038029a6213eda8f402a1e32d0980e9cddc7b6,339,4906,2018-07-24T16:00:00,TREND_UP,VOL_COMPRESSION,TREND_UP -> VOL_COMPRESSION,2018-07-24T12:00:00,4,2018-07-24T12:00:00,4,4,1,1eec750139470534ae9613737c66c112d24be2f7aca43a128502d8e5fb8cd367
89c0e233214c1221a0a49e541e671a7d64df1ff1de821d66be5799653f53a495,340,4977,2018-07-27T15:00:00,VOL_COMPRESSION,TREND_DOWN,VOL_COMPRESSION -> TREND_DOWN,2018-07-24T16:00:00,71,2018-07-24T16:00:00,71,71,1,ca2344253b25df2cf2ad97a997d02cc4ec95a020d41dd64ab8b44867c3c61f15
cb98ac0bee35b5bd3ccd9dc5c9163106d2dbc6b5c627a188a483550862f22282,341,4979,2018-07-27T17:00:00,TREND_DOWN,VOL_COMPRESSION,TREND_DOWN -> VOL_COMPRESSION,2018-07-27T15:00:00,2,2018-07-27T15:00:00,2,2,1,22bc74b2758f57841f694e9cab8afa0a8dab6952d44a39abeaa4a4b68a955843
4ba8b2abff1816a34ebdb86d900b31b2f3acd5974d50f5d26a701f94a6aee967,342,5169,2018-08-04T15:00:00,VOL_COMPRESSION,TREND_DOWN,VOL_COMPRESSION -> TREND_DOWN,2018-07-27T17:00:00,190,2018-07-27T17:00:00,190,190,1,2f31370d40c0edc8138c226b89d1a9fde853aad230cae6f81a599a0d0044a14e
b3e82ee704b5f0d9c76c1d0b094ac66a8a83d3878d361dc10af66b6fd88abeae,343,5170,2018-08-04T16:00:00,TREND_DOWN,VOL_COMPRESSION,TREND_DOWN -> VOL_COMPRESSION,2018-08-04T15:00:00,1,2018-08-04T15:00:00,1,1,1,589e575c1082f88b87bfc1b5a4d8d710a1550638808c8c0b1c2b27dfe6130fd8
c6b6faf372ac36d8c5999351593baea09c2b7630489d7d00de51eb9d56f8f0ee,344,5247,2018-08-07T21:00:00,VOL_COMPRESSION,TREND_DOWN,VOL_COMPRESSION -> TREND_DOWN,2018-08-04T16:00:00,77,2018-08-04T16:00:00,77,77,1,f2460079a334b556218c88b79710509ee6d5ed41a53a480d59db341be75fd326
93a2b0a4674569c0795ad2807e08c2a942fe639d68226595b6d9a0fb1917318e,345,5262,2018-08-08T12:00:00,TREND_DOWN,VOL_COMPRESSION,TREND_DOWN -> VOL_COMPRESSION,2018-08-07T21:00:00,15,2018-08-07T21:00:00,15,15,1,f8809dcc81527843636dd1e3a67941d9e7d9e7dcf8925ecab01d3d5e8cde76a1
dbbbefc9645722ecd4e7ba065fc93a4e27bbb65a80c51d8e58e81845c14d331a,346,5266,2018-08-08T16:00:00,VOL_COMPRESSION,TREND_DOWN,VOL_COMPRESSION -> TREND_DOWN,2018-08-08T12:00:00,4,2018-08-08T12:00:00,4,4,1,c1586762edd7171aea16c92e92f233ad5b0d11de1d09729f5fc6a613393b6d1a
07a2888f0c47714fc5659d72502b1d96ba9d8e488da9c0abc68ef3c498529dea,347,5276,2018-08-09T02:00:00,TREND_DOWN,VOL_COMPRESSION,TREND_DOWN -> VOL_COMPRESSION,2018-08-08T16:00:00,10,2018-08-08T16:00:00,10,10,1,fa8a80fcc3e98139eda1b4452dd2180b8bbffd03a124b250855ded80e60e8ed2
597d58d5cdd5fe64d82de62d4f5a74d97587cd3e46f0dee99fe3cd0946d57c8f,348,5287,2018-08-09T13:00:00,VOL_COMPRESSION,TREND_DOWN,VOL_COMPRESSION -> TREND_DOWN,2018-08-09T02:00:00,11,2018-08-09T02:00:00,11,11,1,8867b4fb4b81465e73153affbadf645680fc19e3ebed66f1ba95e9da495f922e
f95c68e6035439a2126bde6675ff67461816396d80583021d59df3ac2c6186e8,349,5292,2018-08-09T18:00:00,TREND_DOWN,VOL_COMPRESSION,TREND_DOWN -> VOL_COMPRESSION,2018-08-09T13:00:00,5,2018-08-09T13:00:00,5,5,1,170bf8f72160a8844b425307f64f6cab2676c65c3c48d21b988026aad8cd9087
3a10ffce90d53562486baef6508695074043ee80e7b62ec2dbed7fafb4b1e88d,350,5299,2018-08-10T16:00:00,VOL_COMPRESSION,RANGE,VOL_COMPRESSION -> RANGE,2018-08-09T18:00:00,7,2018-08-09T18:00:00,7,22,1,26232fce39ba3e9d5e720f6d2f65d08fb15aa174d91417e0b14c8dc9c8019641
0c5a3c67a31defd14f94882a234c30f30b2953fed6699e9ac72e5cd34c5c043f,351,5300,2018-08-10T17:00:00,RANGE,TREND_DOWN,RANGE -> TREND_DOWN,2018-08-10T16:00:00,1,2018-08-10T16:00:00,1,1,1,7c79b1b610e9270bf6d10256ab30a08a62b5dfe75d38de1b084d825140ed22ed
d605dbb9fff6677484495539bdba723e4bdbddb0f2c68c30ebe4f77db99bf0f5,352,5302,2018-08-10T19:00:00,TREND_DOWN,VOL_COMPRESSION,TREND_DOWN -> VOL_COMPRESSION,2018-08-10T17:00:00,2,2018-08-10T17:00:00,2,2,1,f9b32b083ab1b1125363f543e41b0e74bacf24f7f3ef29183d39dc852e6171cc
7029a7437f715fd1bede9bf141516cc98c237d791972103029452f78e0070355,353,5303,2018-08-10T20:00:00,VOL_COMPRESSION,TREND_DOWN,VOL_COMPRESSION -> TREND_DOWN,2018-08-10T19:00:00,1,2018-08-10T19:00:00,1,1,1,59b6c7335cb595582075952dcc248302b3f2dcb27ff0242a85cfb19b843e758b
ffb723580dde4b0bbfab54ebb4805bda0d8e60556abfb016ab6e72f1200dde8a,354,5316,2018-08-11T09:00:00,TREND_DOWN,VOL_COMPRESSION,TREND_DOWN -> VOL_COMPRESSION,2018-08-10T20:00:00,13,2018-08-10T20:00:00,13,13,1,f979b18964bc27c438045b13158cbc63d49ce128344a0b68f0947a332f1485c9
a4a98b5af1c3c662acdde4d877faa83a6c91421645eef8459c9453f320eea0ea,355,5324,2018-08-11T17:00:00,VOL_COMPRESSION,TREND_DOWN,VOL_COMPRESSION -> TREND_DOWN,2018-08-11T09:00:00,8,2018-08-11T09:00:00,8,8,1,eecd5e20046a4f155762b2167bddb294d5ad516c488faac7d0d20beb29b3f281
8337dbd29ae0d7ed82e452f19c86369490eb1f8faf5568a4d1262d972eb459a0,356,5327,2018-08-11T20:00:00,TREND_DOWN,RANGE,TREND_DOWN -> RANGE,2018-08-11T17:00:00,3,2018-08-11T17:00:00,3,3,1,6cf670b4b7a8cbce8df2a583523ad5532c542e831a62ecae689fd56d4813405c
b349bbbf5f1a95ce3fcc79d13c1b72607849774a8bb301ed3ee7a28c1476385d,357,5329,2018-08-11T22:00:00,RANGE,VOL_COMPRESSION,RANGE -> VOL_COMPRESSION,2018-08-11T20:00:00,2,2018-08-11T20:00:00,2,2,1,26606220c8ab647e33c0d4963716877c1f81e6b8e50d4134eede9326a897aced
26c68ecac7f2c957fe4b55b923d404b99f35005c430f5b5320bcb3431b4e0a51,358,5330,2018-08-11T23:00:00,VOL_COMPRESSION,RANGE,VOL_COMPRESSION -> RANGE,2018-08-11T22:00:00,1,2018-08-11T22:00:00,1,1,1,77ad321ce657db4abaa90faaf8f7f6452d2b2243bd616dae15a6b0d64f8f73f7
33fa610541d72d95f5b984347e936be4e7ae886ec89a721e2956c66407af2b81,359,5332,2018-08-12T01:00:00,RANGE,TREND_DOWN,RANGE -> TREND_DOWN,2018-08-11T23:00:00,2,2018-08-11T23:00:00,2,2,1,8728907700d84d0b6a63c9c793fbf128e97aa751d68c12755612443637edf06d
f4af2d5021639108f21a7bc11eabc169b6f057f99b41c151ed6da593e4e83836,360,5334,2018-08-12T03:00:00,TREND_DOWN,VOL_COMPRESSION,TREND_DOWN -> VOL_COMPRESSION,2018-08-12T01:00:00,2,2018-08-12T01:00:00,2,2,1,2d4cf7d75a1b9fe6a9cea2b5bd0ca8c422a22dc4fe833cb655744adeac41a0fa
981dbf0ce3513653b6f7a9beb6e4f9cea30222a6b2420eecf8cacb63239f9ca1,361,5343,2018-08-12T12:00:00,VOL_COMPRESSION,TREND_DOWN,VOL_COMPRESSION -> TREND_DOWN,2018-08-12T03:00:00,9,2018-08-12T03:00:00,9,9,1,2703e0a8a084c5421e5adb614de4225ffde823b7acd610f5d783232ab8ab4b5f
ac087a7b5558a27d1348d4820626fdf7315b76843539964f91357cffe0fd22b0,362,5344,2018-08-12T13:00:00,TREND_DOWN,VOL_COMPRESSION,TREND_DOWN -> VOL_COMPRESSION,2018-08-12T12:00:00,1,2018-08-12T12:00:00,1,1,1,269e57a360e8488193a64ef9ab10a81007a2c440fa48c762b12d029a702895f2
aa84e353c7883306c478e7de6322d1c11845769fb8d4a7d2affbf7c5e4dfa2fb,363,5350,2018-08-12T19:00:00,VOL_COMPRESSION,RANGE,VOL_COMPRESSION -> RANGE,2018-08-12T13:00:00,6,2018-08-12T13:00:00,6,6,1,4bdc98159469ee3ddaa999c5b3839768c9347561168f0dcc742a9b505f3a9dab
71af4dcb9e654f729f9ea87b7f5bf428e48fed974475b0abbf3658964a8bcebb,364,5355,2018-08-13T00:00:00,RANGE,VOL_COMPRESSION,RANGE -> VOL_COMPRESSION,2018-08-12T19:00:00,5,2018-08-12T19:00:00,5,5,1,45cea700cc8c54806e0e880b4cd412f1f438c4108b38b79da4fbeb6125c43c5e
644ac1778818bc21281f5a7932623fd5e9630d8831d6d8befddcd0f97a4e644e,365,5370,2018-08-13T15:00:00,VOL_COMPRESSION,TREND_UP,VOL_COMPRESSION -> TREND_UP,2018-08-13T00:00:00,15,2018-08-13T00:00:00,15,15,1,9e036e772d9d41acdc9e250783f8b344b633fb1b942f25573e5bdf26d570f263
8b3ed6efbf16285a0b7b8a6c04592b5f7b9a993f05ab99e6309df0913bef36bb,366,5371,2018-08-13T16:00:00,TREND_UP,VOL_COMPRESSION,TREND_UP -> VOL_COMPRESSION,2018-08-13T15:00:00,1,2018-08-13T15:00:00,1,1,1,ab5af98373314e90e0132635d877c494e807eb570ba2bba71bb5b22309d101d2
046c296bf06142aff7296d56ebe13b7f65f27e2d2863b3699d372c11fa9c8479,367,5372,2018-08-13T17:00:00,VOL_COMPRESSION,RANGE,VOL_COMPRESSION -> RANGE,2018-08-13T16:00:00,1,2018-08-13T16:00:00,1,1,1,6ac18073f89113ac9b7c85a39970fd7f2a6b1c6e2a577b3ea7e1470eb7fd4c83
7e0845c628d91aed0b1601196c1aa161837a731eeb8d0dcb60635863adc8442d,368,5375,2018-08-13T20:00:00,RANGE,TREND_DOWN,RANGE -> TREND_DOWN,2018-08-13T17:00:00,3,2018-08-13T17:00:00,3,3,1,b90f0210a4dfb9e18342c2b16270a52897141da161feeab63d88a40045a569a9
c7cbdb1a57e834fc39b5556135ef3c93522b6e36074d6ba483a9456469d4026d,369,5376,2018-08-13T21:00:00,TREND_DOWN,VOL_COMPRESSION,TREND_DOWN -> VOL_COMPRESSION,2018-08-13T20:00:00,1,2018-08-13T20:00:00,1,1,1,f55869b2886b5516410e218668cf29f19fc10d16653188840a3913a390877b4a
8f48062cba3c2dfcb6f558b13fa8372b126cb9f46ae5bd9052a7b2cf4d8de33a,370,5380,2018-08-14T01:00:00,VOL_COMPRESSION,TREND_DOWN,VOL_COMPRESSION -> TREND_DOWN,2018-08-13T21:00:00,4,2018-08-13T21:00:00,4,4,1,3c49c0b62f67d01e789046da6012ac9ce4f6889554a4b2414682a465e9bdc488
986ea64283cfebe19720ead44765a8befa2f00a6ac42f0d3e9c71c8e2fcba48b,371,5388,2018-08-14T09:00:00,TREND_DOWN,VOL_COMPRESSION,TREND_DOWN -> VOL_COMPRESSION,2018-08-14T01:00:00,8,2018-08-14T01:00:00,8,8,1,cf3bacc9836933a6426f7aea4ebaa59d8bcc396a5457e46aeff07a285686ed90
f61d9006d7717d606e45aa327dbcfdc458de6bd9809465300305b9d03f4a79aa,372,5389,2018-08-14T10:00:00,VOL_COMPRESSION,TREND_DOWN,VOL_COMPRESSION -> TREND_DOWN,2018-08-14T09:00:00,1,2018-08-14T09:00:00,1,1,1,ccc1dd0572be7e7cbb50891fbc0145f636f3bbec447852fe9d3073bb09043cfc
25b7b8ff07cdd929d8cdc16ec7574f6754a7b340479fcbdc4d8cda0d0ef25c86,373,5390,2018-08-14T11:00:00,TREND_DOWN,VOL_COMPRESSION,TREND_DOWN -> VOL_COMPRESSION,2018-08-14T10:00:00,1,2018-08-14T10:00:00,1,1,1,d279dbfaac0119fca48218639efa53870a25099f2a7ab4853d15d22fb80128cf
63a83b0bc56f1e4531264da7b09089aa34e057d15e8dacbda509154df7df6710,374,5391,2018-08-14T12:00:00,VOL_COMPRESSION,TREND_DOWN,VOL_COMPRESSION -> TREND_DOWN,2018-08-14T11:00:00,1,2018-08-14T11:00:00,1,1,1,50b0e4bb8ab80234e22ccadeeda2abadaa3ebe8bb06a3cccb6bf22a3f087a6b3
71bdecbf2b6a0413ac7285d415dc9762d12566a30a6eeafc814996d8942920da,375,5399,2018-08-14T20:00:00,TREND_DOWN,VOL_COMPRESSION,TREND_DOWN -> VOL_COMPRESSION,2018-08-14T12:00:00,8,2018-08-14T12:00:00,8,8,1,d8b9997ee30903e99d63b649fe24939e5d056f90da194c51d0a23022a0e55f69
8b531e80471dc325bfcd4a9b4cfda50f801e9426d06fa350323dd3a309f82bd8,376,5402,2018-08-14T23:00:00,VOL_COMPRESSION,TREND_DOWN,VOL_COMPRESSION -> TREND_DOWN,2018-08-14T20:00:00,3,2018-08-14T20:00:00,3,3,1,c972f9a46be6bcc027e4555a9ba7dfb9a0e3e90d928fea29d316ff705f6bba8d
0293175aef4f8003dca33c6651655a4ac190a6d0e01ec6535d0e5ad184c5df7f,377,5404,2018-08-15T01:00:00,TREND_DOWN,VOL_COMPRESSION,TREND_DOWN -> VOL_COMPRESSION,2018-08-14T23:00:00,2,2018-08-14T23:00:00,2,2,1,e51f913a6c0c5ec26c5b117f8deb2db5ce064e2083f5717861ceb0a539efa33b
870b6cfb87b53a557a4a494a202838a6a0b840b1097f0878169167e17570a937,378,5407,2018-08-15T04:00:00,VOL_COMPRESSION,RANGE,VOL_COMPRESSION -> RANGE,2018-08-15T01:00:00,3,2018-08-15T01:00:00,3,3,1,52c7cb12c36fa47955c9e88a5efdef60e02a0432946147bfc6da49e33b151331
24156da9fa9bd58a1b7d4054b30d3302db75fa573296435680277cbd8a5077db,379,5408,2018-08-15T05:00:00,RANGE,VOL_COMPRESSION,RANGE -> VOL_COMPRESSION,2018-08-15T04:00:00,1,2018-08-15T04:00:00,1,1,1,887cd61fe00338e693fe6ee637f1dcc513a10f736d5764a01d2d2780fd526588
483cec3648436e9b7aa04594441d23d88196d0250ae5c4b9117f111afce17476,380,5410,2018-08-15T07:00:00,VOL_COMPRESSION,TREND_UP,VOL_COMPRESSION -> TREND_UP,2018-08-15T05:00:00,2,2018-08-15T05:00:00,2,2,1,ee16188c20c5a7ec09e621a42abc232c59a6a72ece0358bd98ec6b1bf56323ba
391001d33341804f12ebea212c4ed8a65bf5ad9fe7dbfa159a673f609c871c2d,381,5429,2018-08-16T02:00:00,TREND_UP,RANGE,TREND_UP -> RANGE,2018-08-15T07:00:00,19,2018-08-15T07:00:00,19,19,1,a396a47886abe74bad5024278bcc4bb048039628afa9f83bbd9a17d8c084d99f
e51c78d3db622a3927211131feb893e598e6e3bec1681f1d6f70bfa84ab2d059,382,5432,2018-08-16T05:00:00,RANGE,VOL_COMPRESSION,RANGE -> VOL_COMPRESSION,2018-08-16T02:00:00,3,2018-08-16T02:00:00,3,3,1,28587f0dcefc47ab9d87a9c72c028d4cfb0088dcbe973a07533ad6dd621eb0c3
3e8a734aa40fa419b6b3b1f37e709e7e4e819afa658ce4ce8f2d0a84a1c8a96b,383,5439,2018-08-16T12:00:00,VOL_COMPRESSION,TREND_UP,VOL_COMPRESSION -> TREND_UP,2018-08-16T05:00:00,7,2018-08-16T05:00:00,7,7,1,c579e3206eb8ba020521bd81988be35dd267bc4e3d7205833c26412afdd314e2
ae70056b23cb7909425d0481d5fb55dadaebb4f11807fb2b41cc59c6e998dd11,384,5441,2018-08-16T14:00:00,TREND_UP,VOL_COMPRESSION,TREND_UP -> VOL_COMPRESSION,2018-08-16T12:00:00,2,2018-08-16T12:00:00,2,2,1,3622514f767ed0ae721dbc9419063240e05973f4e925620d6980e89e09052f92
120c92a4b033c95d9822041b5159adc2e16331253206630c61a51c1d854ee2c1,385,5442,2018-08-16T15:00:00,VOL_COMPRESSION,TREND_UP,VOL_COMPRESSION -> TREND_UP,2018-08-16T14:00:00,1,2018-08-16T14:00:00,1,1,1,dbd41e9054c4b74a4b8528e24c045bfaf3c16e2a7cf4169642f92c86841313e2
44cfddf45603407b7157355d4315169140a5cee5080d73058a7c1f0a4120301d,386,5445,2018-08-16T18:00:00,TREND_UP,VOL_COMPRESSION,TREND_UP -> VOL_COMPRESSION,2018-08-16T15:00:00,3,2018-08-16T15:00:00,3,3,1,caae044c034a6bcf3e265b8af3a60341b408d8704f9f4cea58c318391263388a
67daf7d65d146b544ee740dd3853833661bfecc65accaa82010ce7fc368c4ab9,387,5447,2018-08-16T20:00:00,VOL_COMPRESSION,TREND_UP,VOL_COMPRESSION -> TREND_UP,2018-08-16T18:00:00,2,2018-08-16T18:00:00,2,2,1,2356089e189c7ae21683e804f7248bf6a4bda2f7781bdd7c799e4ee74b5da5e1
fa5db237ce8d893d76a1e1582ade35e49850910a3c71e281fbf5b6a8ac1bdba1,388,5449,2018-08-16T22:00:00,TREND_UP,VOL_COMPRESSION,TREND_UP -> VOL_COMPRESSION,2018-08-16T20:00:00,2,2018-08-16T20:00:00,2,2,1,c73ad8004735ecab791744782fc36bf721bfeeeaed6a277d892cde64e221828a
b1c5e4f18e0db63a32607bd0309b850737d7a5fe7d6ddc365d85ca8f3c646a7d,389,5572,2018-08-22T01:00:00,VOL_COMPRESSION,TREND_UP,VOL_COMPRESSION -> TREND_UP,2018-08-16T22:00:00,123,2018-08-16T22:00:00,123,123,1,d7452af95a2114c24886bebe82cf86c24d133c0b06fd732e7ef7e0a5af30a4e5
a93bfca874b35bed3557e5035d259c25c4f821904a01c83e65429f5355baac16,390,5577,2018-08-22T06:00:00,TREND_UP,VOL_COMPRESSION,TREND_UP -> VOL_COMPRESSION,2018-08-22T01:00:00,5,2018-08-22T01:00:00,5,5,1,2b2b8d88ab4f5e817640b83ef061c0bb3a7564b21ceaeed1d89f9a4b9b9273c3
040655a1e7bd3b552e1da719dbb3279ef20053c98d397e6bbaf658946367612c,391,5593,2018-08-22T22:00:00,VOL_COMPRESSION,RANGE,VOL_COMPRESSION -> RANGE,2018-08-22T06:00:00,16,2018-08-22T06:00:00,16,16,1,cf1b999468e4689aeffb58710f71a5fd2489320fda486968c76675aae1ab9f73
687539ab37e64f6f52fc9b6e604165715d325c9cb36bcb093812bd3e6874cd8f,392,5594,2018-08-22T23:00:00,RANGE,TREND_DOWN,RANGE -> TREND_DOWN,2018-08-22T22:00:00,1,2018-08-22T22:00:00,1,1,1,db139cce653396dc4c8eddfafb610b2aa2e3b14f1d750333e30c7c603821b698
f6abe87ed0f0c61fc33126f37fd8899b042140737881a487264713ae49919a3b,393,5597,2018-08-23T02:00:00,TREND_DOWN,VOL_COMPRESSION,TREND_DOWN -> VOL_COMPRESSION,2018-08-22T23:00:00,3,2018-08-22T23:00:00,3,3,1,6b65ab29a04b891ec39431d3588480c91bfd6d6daaae3cce1dcebf42c14345c6
400a16ad55d828cebd44264966b263c712c5818fe3dace80196308696313ae56,394,5923,2018-09-05T16:00:00,VOL_COMPRESSION,TREND_DOWN,VOL_COMPRESSION -> TREND_DOWN,2018-08-23T02:00:00,326,2018-08-23T02:00:00,326,326,1,11f55155422c2d9419933abc071e8c2f4d10746b8af58356e6dff24a410a44b2
5514612cc9e27ad0adcc76c71f7b3796fbe44c38c6b74a59df9ea3ef5fdd9f7f,395,5924,2018-09-05T17:00:00,TREND_DOWN,VOL_COMPRESSION,TREND_DOWN -> VOL_COMPRESSION,2018-09-05T16:00:00,1,2018-09-05T16:00:00,1,1,1,e42fc556f29afb03065ba6db7cbe6b89777e9b871d78626a5aaec9a91daa2fb8
ead041af6289e80eea2131c5244d4701c25b880f71a52cf56af260dfa472a1eb,396,5930,2018-09-05T23:00:00,VOL_COMPRESSION,TREND_DOWN,VOL_COMPRESSION -> TREND_DOWN,2018-09-05T17:00:00,6,2018-09-05T17:00:00,6,6,1,5997a72d8a79447b8d07ce18b600233cd9fc260f997d96eb0847bbea945dcab6
ea009cd49a453be258e0dbce8905f02bd60fba4f34783637e6ea5e033af82c0a,397,5943,2018-09-06T12:00:00,TREND_DOWN,VOL_COMPRESSION,TREND_DOWN -> VOL_COMPRESSION,2018-09-05T23:00:00,13,2018-09-05T23:00:00,13,13,1,e80fefdbe4fe6bd7a8e9ac86cff215f7a96c2b23120905bb7e6ae69d850dae17
53b401a71f5c550bbceda5b7b36e0f2a57230e5555ab703916718ffe55373ebc,398,5944,2018-09-06T13:00:00,VOL_COMPRESSION,TREND_DOWN,VOL_COMPRESSION -> TREND_DOWN,2018-09-06T12:00:00,1,2018-09-06T12:00:00,1,1,1,cd0d1797b406fe22ced852c945e5972614552187a03a83ec057dc64b597884cf
7d23d95ade967ec830853abfe4b63d3585bc6acfe83774e2c94ebf6d9e146dad,399,5945,2018-09-06T14:00:00,TREND_DOWN,VOL_COMPRESSION,TREND_DOWN -> VOL_COMPRESSION,2018-09-06T13:00:00,1,2018-09-06T13:00:00,1,1,1,9698ba464d64093003235b61c340ed95b9584b1248c43a1b3b6f8ad58607e1eb
4dd7e9f7cdbdb7a917d2901242fd3cf4e42b575a9de0839432890319ca68fc11,400,6262,2018-09-19T19:00:00,VOL_COMPRESSION,TREND_DOWN,VOL_COMPRESSION -> TREND_DOWN,2018-09-06T14:00:00,317,2018-09-06T14:00:00,317,317,1,82a4a89b757a20474ef3e77f09e17f1f881531af9bc0a7a90a7c206c6f44426c
2316ed86409b14bc963b6bf61482b25e19e843b565293059880799b70e4ee19f,401,6264,2018-09-19T21:00:00,TREND_DOWN,RANGE,TREND_DOWN -> RANGE,2018-09-19T19:00:00,2,2018-09-19T19:00:00,2,2,1,f728acbfc0b01f0f2f9264d634a993ed2dbd3ccbf1906991894f041bee59beff
15dd45e6ceb933ecc7a1becead80f60a32d13d6908d642a0d20d4d831658489b,402,6266,2018-09-19T23:00:00,RANGE,VOL_COMPRESSION,RANGE -> VOL_COMPRESSION,2018-09-19T21:00:00,2,2018-09-19T21:00:00,2,2,1,605098c2ae703cb85938358e570b9573fa2e13af45e1a5d6ecdcb140245e66fe
00ba29b55563e771d8155b730b350ca7243f13ccab9ed61e5a1d8c21b06ed411,403,6772,2018-10-11T01:00:00,VOL_COMPRESSION,TREND_DOWN,VOL_COMPRESSION -> TREND_DOWN,2018-09-19T23:00:00,506,2018-09-19T23:00:00,506,506,1,006904cb31a576f080ae37c545ef877d005e46e922f207c155786bf5e8aed718
80a372a957b659ff2850529d1fb3ac1cdae6c8b882d42fa6ddbf0997f7529a16,404,6775,2018-10-11T04:00:00,TREND_DOWN,VOL_COMPRESSION,TREND_DOWN -> VOL_COMPRESSION,2018-10-11T01:00:00,3,2018-10-11T01:00:00,3,3,1,021f81e7ad5773672c9a255442026fe1ed9ccffffa092e920e434b7c5db7f044
41381d1a2c0a26e78b4afac0604427d336e58d984b79053378d2046db94a13c0,405,6873,2018-10-15T06:00:00,VOL_COMPRESSION,TREND_UP,VOL_COMPRESSION -> TREND_UP,2018-10-11T04:00:00,98,2018-10-11T04:00:00,98,98,1,c25b3476727e91b871d4dc74d405caf7bbca82a4fa693071ec3ff392dc5cea93
d85a3f7f8ecf59bcd64b44ac7f5c5c869991101f5f819f911b47732c99abdf0b,406,6882,2018-10-15T15:00:00,TREND_UP,VOL_COMPRESSION,TREND_UP -> VOL_COMPRESSION,2018-10-15T06:00:00,9,2018-10-15T06:00:00,9,9,1,0c42729ae987d238f77101b635d27a372fe4d780726932c92f377801808f147a
e49d55ff2ec4d13c84a7281228827696c24e01320cb129526dc52c73c4082bac,407,7603,2018-11-14T16:00:00,VOL_COMPRESSION,TREND_DOWN,VOL_COMPRESSION -> TREND_DOWN,2018-10-15T15:00:00,721,2018-10-15T15:00:00,721,721,1,541231128269c11174d6277eb35392b0bee9cde4ddabd2d82679cc726002d765
4527e2889cd5540aa353affa58e78db3ad63dde47901ab068285032f1405f3ed,408,7606,2018-11-14T19:00:00,TREND_DOWN,VOL_EXPANSION,TREND_DOWN -> VOL_EXPANSION,2018-11-14T16:00:00,3,2018-11-14T16:00:00,3,3,1,b6701b80fbb5837a31a802587817454e7fd314ddc8f646224c20c3f796aaeeb2
a74f04e4370e76e170f20c5376946ac1d5331495a3ddd1a608b23598e2e9ec37,409,7611,2018-11-15T00:00:00,VOL_EXPANSION,TREND_DOWN,VOL_EXPANSION -> TREND_DOWN,2018-11-14T19:00:00,5,2018-11-14T19:00:00,5,5,1,5fce19938a3952894fcb949a54c33bb292426aa5f6ea5f0056e8e2397460ab35
94e16b36d9e193f1013b2d2bcb4d73b32db5bc575779d3ce4350581711246538,410,7640,2018-11-16T05:00:00,TREND_DOWN,VOL_COMPRESSION,TREND_DOWN -> VOL_COMPRESSION,2018-11-15T00:00:00,29,2018-11-15T00:00:00,29,29,1,b629b8574cf6728f65b25be228d88b1065459f5e1a0fa8e06217a8450829a18e
3875e1c629d306978f9c6e061d851c2be0bc953a914fdc7aa6b68946e77c368d,411,7715,2018-11-19T08:00:00,VOL_COMPRESSION,TREND_DOWN,VOL_COMPRESSION -> TREND_DOWN,2018-11-16T05:00:00,75,2018-11-16T05:00:00,75,75,1,54726217dbb28a6cb7176d1a7f1dd55dad5623931d568ace40e9e78e099939f0
be4cb97a55ad9a2f45a57dcb065d06c8e8d4176e59be33e8b1cda53cb839ba9e,412,7728,2018-11-19T21:00:00,TREND_DOWN,VOL_EXPANSION,TREND_DOWN -> VOL_EXPANSION,2018-11-19T08:00:00,13,2018-11-19T08:00:00,13,13,1,d0b81dc807c78ee072a780b0884fc1e119f907b8e37e27f7481622c2800db7ed
de6750f1b9611b326e3645b2cc9feb2569a670770d017adae4513c61741a2636,413,7732,2018-11-20T01:00:00,VOL_EXPANSION,TREND_DOWN,VOL_EXPANSION -> TREND_DOWN,2018-11-19T21:00:00,4,2018-11-19T21:00:00,4,4,1,d3e593a38a105fc31717a5621aa0100e555981d3131b15d085710c2b37d56d45
cfead36f365a7418cb65dfc77e3285beb72362923c3f1196257cdd26a30f4425,414,7739,2018-11-20T08:00:00,TREND_DOWN,VOL_EXPANSION,TREND_DOWN -> VOL_EXPANSION,2018-11-20T01:00:00,7,2018-11-20T01:00:00,7,7,1,5dacd887063939b5eadb0e905e404888208a848c7a62c2901708f3aa1b4a8c8c
4fd87c2cefeb1036da9bae394d1f4f48b1f3cb6180f026ee478916acc62a1694,415,7744,2018-11-20T13:00:00,VOL_EXPANSION,TREND_DOWN,VOL_EXPANSION -> TREND_DOWN,2018-11-20T08:00:00,5,2018-11-20T08:00:00,5,5,1,0f00ba61be34dca1525960a23e198869c733b5d0291f7268d54d5dc4d419889a
5b0fe49631f3d59c463a0ab077e577bb6c997fb92dd0fdb7286c10cbee122c8c,416,7747,2018-11-20T16:00:00,TREND_DOWN,VOL_EXPANSION,TREND_DOWN -> VOL_EXPANSION,2018-11-20T13:00:00,3,2018-11-20T13:00:00,3,3,1,e439e23afdf0443953d62237748a0845c8697310af2e7f787129784bc5c0edb0
28ca6226b2baf77fd74d370b4431cdd5c0df74dee009a18117fa9078658023db,417,7750,2018-11-20T19:00:00,VOL_EXPANSION,TREND_DOWN,VOL_EXPANSION -> TREND_DOWN,2018-11-20T16:00:00,3,2018-11-20T16:00:00,3,3,1,b7834424fa874d2f88acbee978895cf75f244e30622980db509446ac497ecf28
8a951882014cc9e2edeb5f3949c2f3e0a30639076c9bf58a9d0677a3876784cc,418,7751,2018-11-20T20:00:00,TREND_DOWN,HIGH_VOL,TREND_DOWN -> HIGH_VOL,2018-11-20T19:00:00,1,2018-11-20T19:00:00,1,1,1,4bdeb4e6df38627057bc055b5bc1163e7d6f3a0db424a4f91ec50bb6e1f8b54c
bda9f3ce9debf987bde0ed46cb42662c2f8ea7daeda53fcf6b8e58a9228b9b12,419,7756,2018-11-21T01:00:00,HIGH_VOL,TREND_DOWN,HIGH_VOL -> TREND_DOWN,2018-11-20T20:00:00,5,2018-11-20T20:00:00,5,5,1,be4682ba8c53084226e6cb46564258026986372c3601a775969c7a7cbd523fc0
753174f14ba8836dde183e106dbf790bc39c3db9d412522dc21f2ed8f25bf44c,420,7797,2018-11-22T18:00:00,TREND_DOWN,VOL_COMPRESSION,TREND_DOWN -> VOL_COMPRESSION,2018-11-21T01:00:00,41,2018-11-21T01:00:00,41,41,1,5e5fb838a316fb6cf614ff3be607d658f8428208a17220b2b47958880ed86878
13c233bfb6b54ce9402a6fcc487f32ebc315d34cc8eef5b71560c775265a41af,421,7802,2018-11-22T23:00:00,VOL_COMPRESSION,TREND_DOWN,VOL_COMPRESSION -> TREND_DOWN,2018-11-22T18:00:00,5,2018-11-22T18:00:00,5,5,1,094ba147f2dfb9a14ce8387b82cbc650c3840e6ae3b0b3a190ccfb4dcbedc71a
94cf475dd64d659fe6c227c51a365bb08da1e912108204aba2d224c3adf6f252,422,7831,2018-11-24T04:00:00,TREND_DOWN,VOL_COMPRESSION,TREND_DOWN -> VOL_COMPRESSION,2018-11-22T23:00:00,29,2018-11-22T23:00:00,29,29,1,a2fae41791d51db668e04940ebfa9a9d370631964a734271ee2ced28ed156e72
e5d87e79b22cec91f3e13d791b878e06b600b7c4509b0a699968b3cb9929f795,423,7848,2018-11-24T21:00:00,VOL_COMPRESSION,TREND_DOWN,VOL_COMPRESSION -> TREND_DOWN,2018-11-24T04:00:00,17,2018-11-24T04:00:00,17,17,1,d9f1df07c692cb777ffba3e374b7ddf595b5c9bfec4e5f560c429e903bddbc1c
ac0de80277bd19dbe0ca7561273597c2795780c6dd2253f722894a7e7e97df34,424,7849,2018-11-24T22:00:00,TREND_DOWN,VOL_EXPANSION,TREND_DOWN -> VOL_EXPANSION,2018-11-24T21:00:00,1,2018-11-24T21:00:00,1,1,1,e8e1eaccaa1af0a14c377aa171e00e0224ec62dfd172dec0432fc3646fdeee14
d06695ba66b4a880dba1f92fc7cc2f005abcd5ea4365eb0ac9786e3333e9bfb2,425,7855,2018-11-25T04:00:00,VOL_EXPANSION,TREND_DOWN,VOL_EXPANSION -> TREND_DOWN,2018-11-24T22:00:00,6,2018-11-24T22:00:00,6,6,1,853a943c47c11356aee7f4a92d8183a8cbe322282a1f068d7ded9a9301945ddd
764591699af6a201bd3c33b9187f22ba6c349c4e4e2cffd87e31601492a7011e,426,7862,2018-11-25T11:00:00,TREND_DOWN,VOL_EXPANSION,TREND_DOWN -> VOL_EXPANSION,2018-11-25T04:00:00,7,2018-11-25T04:00:00,7,7,1,6fb92efa2a5cac5f4d5b2d56ebab159db3d992dc0221c784023c333b80eed6e7
b762d7dc65ae5dfec266f5e8757eb5b10cf472e3c8fb963fe120358503859959,427,7866,2018-11-25T15:00:00,VOL_EXPANSION,TREND_DOWN,VOL_EXPANSION -> TREND_DOWN,2018-11-25T11:00:00,4,2018-11-25T11:00:00,4,4,1,1f2a58d0caaa60eda61b2957bff5f1ab9eb6b18a06b7799619d735d2d0a2769f
d799b512d4dc519c93b7aeb8c16e6f703b8c8be159df18881d9fd59f67af447b,428,7871,2018-11-25T20:00:00,TREND_DOWN,VOL_EXPANSION,TREND_DOWN -> VOL_EXPANSION,2018-11-25T15:00:00,5,2018-11-25T15:00:00,5,5,1,9f33434a3d7bf27e1b108c60e943f680cc220e3d9ec21910785056e20d6f6977
2aa2d18e73727470ab70a22353b39b0cf5e7560779c657f5e71fa0caacb78cea,429,7876,2018-11-26T01:00:00,VOL_EXPANSION,RANGE,VOL_EXPANSION -> RANGE,2018-11-25T20:00:00,5,2018-11-25T20:00:00,5,5,1,a3d940dfba85ee6d2cf46013b879482f4bd039a1ed3870a2cab83b562abe9dda
ae0666f7986b9f56ae920ae3d8733153577619de08036619ec1a16da1de11d56,430,7877,2018-11-26T02:00:00,RANGE,TREND_DOWN,RANGE -> TREND_DOWN,2018-11-26T01:00:00,1,2018-11-26T01:00:00,1,1,1,b2c67704368a8bbd3f76768b761ab0025526fb820f1d82e61e4f35502f56204d
8193605a94203fec73069ed63312bbe83b3e8b3ae550266610ccbf34e6fc0d0c,431,7881,2018-11-26T06:00:00,TREND_DOWN,RANGE,TREND_DOWN -> RANGE,2018-11-26T02:00:00,4,2018-11-26T02:00:00,4,4,1,cf90c292c731e3d03d2b85b35a5157e819d1a546ac85a534f70c1b9c4080c2dd
611c971401f619a5b10e7bc5e7889baeded6fe004ea32c6950be907ca1bb4185,432,7883,2018-11-26T08:00:00,RANGE,TREND_DOWN,RANGE -> TREND_DOWN,2018-11-26T06:00:00,2,2018-11-26T06:00:00,2,2,1,4056c8425e7842a60181eb5165fcc124523aa27b1b8dc3131f48989abe02e7a8
43468952a3c54871e652f6d8639dc56859059380aa7cc4de5f4d7da0f1ce2231,433,7891,2018-11-26T16:00:00,TREND_DOWN,VOL_EXPANSION,TREND_DOWN -> VOL_EXPANSION,2018-11-26T08:00:00,8,2018-11-26T08:00:00,8,8,1,27da723a72204582579d5ec7575e3fc4d7f28e36f6e12b2e0bfd02ea92c737d7
482f172ab260d57a1ca5b57e69fe0b1e578de8664c26bdf3ca8bab7ef27f6cf5,434,7896,2018-11-26T21:00:00,VOL_EXPANSION,TREND_DOWN,VOL_EXPANSION -> TREND_DOWN,2018-11-26T16:00:00,5,2018-11-26T16:00:00,5,5,1,a19a0219dfd70cc3421de0ac2f456c3dab5ad311a027ac7d34e0903491556ba9
9a04c012d9537b097a63fd65085254129932cb08178dab2498fc403acddc647d,435,7924,2018-11-28T01:00:00,TREND_DOWN,RANGE,TREND_DOWN -> RANGE,2018-11-26T21:00:00,28,2018-11-26T21:00:00,28,28,1,872a92a0a51ff017d987b07f8ac2abc52cdea93b3bcda13a12ba668874eeebf9
487b35a3c77ada342e29f2687af572c0b50b51ff80f7c564b98240ed1c6921fa,436,7929,2018-11-28T06:00:00,RANGE,TREND_UP,RANGE -> TREND_UP,2018-11-28T01:00:00,5,2018-11-28T01:00:00,5,5,1,226ef3e68757df74648c2beb352e9faef258b1c97a44feb03c9d2d8800e206ce
f2b7143e1ed442b6baecbf7183c808064ebd059bb1a667ec685c86c57372a7e4,437,7982,2018-11-30T11:00:00,TREND_UP,RANGE,TREND_UP -> RANGE,2018-11-28T06:00:00,53,2018-11-28T06:00:00,53,53,1,b607d49d7a00dc117b05a87f3bfc16484d37f8e7b2919556e3358f9880b7c218
55145c075a9b59e7cb3fd749cd6a8f2a11d01965ad7ce6b3c3a8a2b3a7e5fb5b,438,7986,2018-11-30T15:00:00,RANGE,TREND_DOWN,RANGE -> TREND_DOWN,2018-11-30T11:00:00,4,2018-11-30T11:00:00,4,4,1,45fdb3e6782c38e69e96b92762aef04b479fed8e8d628ec6d2896bd72ae77651
33660b7516e4c7c0ed08b5bdc375cb05120fcaa1b8ab35815732160e4f91eaf1,439,8000,2018-12-01T05:00:00,TREND_DOWN,VOL_COMPRESSION,TREND_DOWN -> VOL_COMPRESSION,2018-11-30T15:00:00,14,2018-11-30T15:00:00,14,14,1,9e025613e70e1cd1319ccd388305698464ffbc9c477c04fdffb666bcfb938419
60438ccbcae67b793093488343cb01eded65fb8a71799ac31aeb066833b30cea,440,8005,2018-12-01T10:00:00,VOL_COMPRESSION,TREND_DOWN,VOL_COMPRESSION -> TREND_DOWN,2018-12-01T05:00:00,5,2018-12-01T05:00:00,5,5,1,178d9d1dc5c6949b1dc1049cfe91c9e8f8bbdabac651f9e072333081e57703bf
aff33583f19b8bf406ba2a41eb2f00755b52367ccd57153c1a0df9f3d6803d76,441,8007,2018-12-01T12:00:00,TREND_DOWN,RANGE,TREND_DOWN -> RANGE,2018-12-01T10:00:00,2,2018-12-01T10:00:00,2,2,1,704c242f092172af98dbbc3bc2baa98bd76984822c18e77b27d601adc9dfd7a6
c8e22be5b47b66e263b815e37fc08a4eca1707d274a74594aedf6e8750734ff3,442,8011,2018-12-01T16:00:00,RANGE,TREND_UP,RANGE -> TREND_UP,2018-12-01T12:00:00,4,2018-12-01T12:00:00,4,4,1,0d5818a01c8ade330a725b4c4e6d46f60731347ff9596f1affcbc4557980d60e
f44245683812bbe184e9e0a566e69c5f94c9a0c5b33e1ad71bb57f3e34679e01,443,8031,2018-12-02T12:00:00,TREND_UP,RANGE,TREND_UP -> RANGE,2018-12-01T16:00:00,20,2018-12-01T16:00:00,20,20,1,ac1f0e3b6024799455174f608a1ae3b0cfd3bb56792d0ebb24a34833d5319368
db2085930fee5a1a26bcb9767a532264b0de962c20237ff9f6d4f9da0ff9ae20,444,8035,2018-12-02T16:00:00,RANGE,TREND_UP,RANGE -> TREND_UP,2018-12-02T12:00:00,4,2018-12-02T12:00:00,4,4,1,3738261bd3aa52e3fa7a848b6b7e6f3bc80d4288ee0fffaa8f9fe309fdfa5bc8
0f336d631e3ae97f381b0de0fd2ee98d253770f515868e53ccba87e93e0593e1,445,8044,2018-12-03T01:00:00,TREND_UP,RANGE,TREND_UP -> RANGE,2018-12-02T16:00:00,9,2018-12-02T16:00:00,9,9,1,287a2a4304d85a7f5171075b33d4aac7495a314638fb52293a79b520f34762cc
102f0613f08c01320b7d7497ff6c181b2da2f7daf2ba71512d4235b233581f0a,446,8045,2018-12-03T02:00:00,RANGE,TREND_DOWN,RANGE -> TREND_DOWN,2018-12-03T01:00:00,1,2018-12-03T01:00:00,1,1,1,92a818edbcc3e1f5c5a972ed5205e63bc2b17e1cf5ee9c849019fcc043b181b8
b10b1ed5588633b7f2dda064318dbfe11d28a7b146c5c44d4b44b32d744145ce,447,8053,2018-12-03T10:00:00,TREND_DOWN,VOL_COMPRESSION,TREND_DOWN -> VOL_COMPRESSION,2018-12-03T02:00:00,8,2018-12-03T02:00:00,8,8,1,f59e82f40f22e384656cd35659daae2298a78082f7e538bd2d75752c22e5d290
68259acfc340ecc83250a5cdde93eeacb621c6c518a90722d9cbf4b4c9b65290,448,8058,2018-12-03T15:00:00,VOL_COMPRESSION,TREND_DOWN,VOL_COMPRESSION -> TREND_DOWN,2018-12-03T10:00:00,5,2018-12-03T10:00:00,5,5,1,13b26c4c9eebdddca225cf70df1daeaa357eb5ba20b0ebf2919fb556d87063ea
c140ba86efff548dc3086fae90080b62c991dfc362a2cf5bbfa40571b3b03d4e,449,8069,2018-12-04T02:00:00,TREND_DOWN,VOL_COMPRESSION,TREND_DOWN -> VOL_COMPRESSION,2018-12-03T15:00:00,11,2018-12-03T15:00:00,11,11,1,a38812fdf1426952f5c6dc95fcd09409f55e7619fe8f9cf4182bb8fa335ff8a9
1acc412f6c0f45ae6eda6353429180d3b0424586448360fd458e06272b943eb5,450,8070,2018-12-04T03:00:00,VOL_COMPRESSION,TREND_DOWN,VOL_COMPRESSION -> TREND_DOWN,2018-12-04T02:00:00,1,2018-12-04T02:00:00,1,1,1,cc10632bc6fb5a72b93ee7bbd0fc4d915b64887ddc25562d61e3730a24c05b1e
2a4fe013168514c3508551ef598d7d4919f52e5f473b709ed9ac01a2bfd16795,451,8082,2018-12-04T15:00:00,TREND_DOWN,RANGE,TREND_DOWN -> RANGE,2018-12-04T03:00:00,12,2018-12-04T03:00:00,12,12,1,b327c39923b6001e7cc1650dd8dced31242f2484b615a329eb1fd08b33e0d7e5
54581ebb1dbde702ec5116aac8f76441b1fe76e7d828e6d05b2744fce7a80388,452,8084,2018-12-04T17:00:00,RANGE,TREND_DOWN,RANGE -> TREND_DOWN,2018-12-04T15:00:00,2,2018-12-04T15:00:00,2,2,1,afa3e6189a5250e9bbaa6c8dcc0513cfea81733680978635500bee520af9ce51
fe2d5f01948c8c0a1d7f69483ff0ce68f03716ea309a1c4c3d12af0aa1156bf9,453,8090,2018-12-04T23:00:00,TREND_DOWN,VOL_COMPRESSION,TREND_DOWN -> VOL_COMPRESSION,2018-12-04T17:00:00,6,2018-12-04T17:00:00,6,6,1,bbcbe2129a3cc6f388d1ed902d9c0f031d3b25ad78dc9054ee294cc6e027b82c
8b6899ccc8796fa5e8e80d4742bd0a7cb0f8a08483b51cd66077b10ea1531746,454,8107,2018-12-05T16:00:00,VOL_COMPRESSION,TREND_DOWN,VOL_COMPRESSION -> TREND_DOWN,2018-12-04T23:00:00,17,2018-12-04T23:00:00,17,17,1,60671c069e3bdef6aa12b9f7b0efa40d503f587d52b5288bb68abe83adf62929
6b2806a6d495432957fbd6ecff4a1baadd943b1c4253a89dc7849f359c6011cb,455,8113,2018-12-05T22:00:00,TREND_DOWN,VOL_COMPRESSION,TREND_DOWN -> VOL_COMPRESSION,2018-12-05T16:00:00,6,2018-12-05T16:00:00,6,6,1,c0e8c8cbfbbaf4e1aa7d56b45f5af500a94939c52dad1010988bcbf840fdb9a7
96f85bc6d216741cacfb034a62a0e5d1b4b44481d70e37131c3777786bf128b2,456,8114,2018-12-05T23:00:00,VOL_COMPRESSION,TREND_DOWN,VOL_COMPRESSION -> TREND_DOWN,2018-12-05T22:00:00,1,2018-12-05T22:00:00,1,1,1,9721daf38d87137ecadd247d749cc66631ec864320a4f6dd0f01510f51268827
6adc19bacc801ff809906c84f1aaf9525c8ae99f6cc7a9ccdf6e75485500897e,457,8116,2018-12-06T01:00:00,TREND_DOWN,VOL_COMPRESSION,TREND_DOWN -> VOL_COMPRESSION,2018-12-05T23:00:00,2,2018-12-05T23:00:00,2,2,1,56165db0cbf61f51feb84d713cee50e107b1d5c4d89fdcd7e880b896c673801e
b4c95eefb491a0f2edd05747e851034bea39f27e68e5d6ce3345d445e0d9fd53,458,8120,2018-12-06T05:00:00,VOL_COMPRESSION,TREND_DOWN,VOL_COMPRESSION -> TREND_DOWN,2018-12-06T01:00:00,4,2018-12-06T01:00:00,4,4,1,a267053b44bf4b5abf62f6456b6fb7cce0e80e93b2b4cf95eeb69535acb9f7e5
847fda9b9fd32c01db3a624cccefbee689f060c72c682f60c5a4442a178ad8df,459,8139,2018-12-07T00:00:00,TREND_DOWN,VOL_EXPANSION,TREND_DOWN -> VOL_EXPANSION,2018-12-06T05:00:00,19,2018-12-06T05:00:00,19,19,1,187385cc61ee3159909479cde9e549b9ef9a99d64270a4d7928a1bcf193e0742
ad65d0a891d787a4f761a66c932fc80f28fd5bee53cdf043e5a027755d43bbce,460,8143,2018-12-07T04:00:00,VOL_EXPANSION,TREND_DOWN,VOL_EXPANSION -> TREND_DOWN,2018-12-07T00:00:00,4,2018-12-07T00:00:00,4,4,1,9fbd9a4c125db3d827ab85df5187b6ad88abb3b1622abf689dfdb45b76040030
8dce31aee41ccb380e3141124a804ce4f7c8d6b34cf64e594efc5d459fdfbf97,461,8158,2018-12-07T19:00:00,TREND_DOWN,VOL_EXPANSION,TREND_DOWN -> VOL_EXPANSION,2018-12-07T04:00:00,15,2018-12-07T04:00:00,15,15,1,8dcd3d67f516d98f07e67caa11bd6da14190fd2e19748976971056c58b91dc42
25d472f73329460b82c7969baf8b15cbcd055ca8c1774198551f11f21bf2de5e,462,8163,2018-12-08T00:00:00,VOL_EXPANSION,TREND_DOWN,VOL_EXPANSION -> TREND_DOWN,2018-12-07T19:00:00,5,2018-12-07T19:00:00,5,5,1,a139d72c2d0387f17c3dc76aef69ccd6845853d2dc89ed2fbc8d8fd2b7d38035
21b61105b6be76bc80bdfd318464c74c555c876f318f63242abe4fa6843353ab,463,8195,2018-12-09T08:00:00,TREND_DOWN,VOL_COMPRESSION,TREND_DOWN -> VOL_COMPRESSION,2018-12-08T00:00:00,32,2018-12-08T00:00:00,32,32,1,2dcae373a6911a0d70523fe8ccd767c13567cd655af4a502b4334d1aba37903a
289015cbe60f45364412dd001f33efb7c1f2fe5cf87292103ab21d4687761361,464,8200,2018-12-09T13:00:00,VOL_COMPRESSION,TREND_DOWN,VOL_COMPRESSION -> TREND_DOWN,2018-12-09T08:00:00,5,2018-12-09T08:00:00,5,5,1,2e0fb93d2b8b2bdc545cbd6a59e7446690a9e8954e97d7a5fa79b24b1d5984f2
f5e6d79658595aa44e4d8f1295548c0d07d514bf2cbe387900d430ca19bea477,465,8201,2018-12-09T14:00:00,TREND_DOWN,RANGE,TREND_DOWN -> RANGE,2018-12-09T13:00:00,1,2018-12-09T13:00:00,1,1,1,29b6037879ce51ac492855f4309f7e8f657c130cd3173190c0b4e7b42e1580c6
db22f43710718bcb38974a26578214885a692624ad0909120ae2682a4070d431,466,8203,2018-12-09T16:00:00,RANGE,TREND_UP,RANGE -> TREND_UP,2018-12-09T14:00:00,2,2018-12-09T14:00:00,2,2,1,4383bd80992bb8f7cc094594daa4c8a18a950710ff54540315a0db4492193892
9d4b3a98eeb0288234e2ca3a25c8d9d521fc179bd21636b0246ee56a782111ac,467,8215,2018-12-10T04:00:00,TREND_UP,VOL_COMPRESSION,TREND_UP -> VOL_COMPRESSION,2018-12-09T16:00:00,12,2018-12-09T16:00:00,12,12,1,eebe41e6e1d9038832b56c9989faf2a1ab6b917be3c0905bf21fb98cc94ba9ae
bb1f673f96e7e8712b74f795f89daa760e8e3f8fa6da2ce6d64ee0150048851d,468,8217,2018-12-10T06:00:00,VOL_COMPRESSION,TREND_UP,VOL_COMPRESSION -> TREND_UP,2018-12-10T04:00:00,2,2018-12-10T04:00:00,2,2,1,624734e8f042e39d35f418659ee3f73f7560c6566dfb69a8faf2db064a1cdfe4
3ec521d4a86c33419c5e971666687465bfee9b9d9895265f218b5194fb14bab9,469,8219,2018-12-10T08:00:00,TREND_UP,VOL_COMPRESSION,TREND_UP -> VOL_COMPRESSION,2018-12-10T06:00:00,2,2018-12-10T06:00:00,2,2,1,e4d7c3f46a4b6444b1d55bca0696dcbf59fc0ede0d2350fa3192f8a64fe891ca
2323716e34421beb2c5270b2e81d4cb02832c4ad67e7836a774b63796a7c8ff1,470,8227,2018-12-10T16:00:00,VOL_COMPRESSION,RANGE,VOL_COMPRESSION -> RANGE,2018-12-10T08:00:00,8,2018-12-10T08:00:00,8,8,1,07590d83cff7c2e90aef8c6a9e84a33a0db43d11b2693cdaf898016b7fa1a2dc
6fa8e128307cb8a2361dd59df0f70d020a23413437bfe71bafab1205d24eb1ba,471,8229,2018-12-10T18:00:00,RANGE,TREND_DOWN,RANGE -> TREND_DOWN,2018-12-10T16:00:00,2,2018-12-10T16:00:00,2,2,1,e5a5723d0d6a947fc34f3a7f90762810bb2148ba0328ca5d00d5966e0b0e1e7b
52342e77be7c393fae510bf84ed8ca7a2200a641102f5c68614dbfc3e8f50e92,472,8236,2018-12-11T01:00:00,TREND_DOWN,VOL_COMPRESSION,TREND_DOWN -> VOL_COMPRESSION,2018-12-10T18:00:00,7,2018-12-10T18:00:00,7,7,1,e331f651515327a83a025adf32b62db255558bf75a45398f42423d2fcd81cca4
92dda633ac5fbfbfc2a1c7e9e4bae1a023821ecba3c1d181d54a34eaa7a1e076,473,8303,2018-12-13T20:00:00,VOL_COMPRESSION,TREND_DOWN,VOL_COMPRESSION -> TREND_DOWN,2018-12-11T01:00:00,67,2018-12-11T01:00:00,67,67,1,76d887605934fb3996853fb3974a092ab7dde0906420fe8bed5baea5f58fb1f7
4a6cbabb81ee85a6817c7c60afde3f03ab7ac4a4d06e9cc2c06070b0397742d9,474,8305,2018-12-13T22:00:00,TREND_DOWN,VOL_COMPRESSION,TREND_DOWN -> VOL_COMPRESSION,2018-12-13T20:00:00,2,2018-12-13T20:00:00,2,2,1,02680e2f97c72034505ef086d98e02b8d5726efe03f4de506478438ca7352aa2
d8a5b57dfbbe33b393beec513b7c08db8ec8a44f494efc03577c328b80129a3b,475,8307,2018-12-14T00:00:00,VOL_COMPRESSION,TREND_DOWN,VOL_COMPRESSION -> TREND_DOWN,2018-12-13T22:00:00,2,2018-12-13T22:00:00,2,2,1,da0ff65e06d37b939da7128dcf7ce2555bbc35a162392a12683021122510a333
e8e8243980c8fcca1f407df85c5bff53e39b0f633a476ae1a086f5aa798154c6,476,8309,2018-12-14T02:00:00,TREND_DOWN,VOL_COMPRESSION,TREND_DOWN -> VOL_COMPRESSION,2018-12-14T00:00:00,2,2018-12-14T00:00:00,2,2,1,d24ae8d2a26688aca4a06350078b9be02a42ad04c2391b0a5834863efb013f25
a0e0e84f58a5f9ee2a651ad31c73be3658f544cef72a18d36e3b3ea5c458d234,477,8392,2018-12-17T13:00:00,VOL_COMPRESSION,TREND_UP,VOL_COMPRESSION -> TREND_UP,2018-12-14T02:00:00,83,2018-12-14T02:00:00,83,83,1,e67203e6ac55a1a0451aeddd8640c9d5cd9e84804af1bbb921c8f571ca7b5821
bffe7b8b51fe946f41373b7e73a26ac1e8895c98f371dd865b495fcaa8c40203,478,8393,2018-12-17T14:00:00,TREND_UP,VOL_COMPRESSION,TREND_UP -> VOL_COMPRESSION,2018-12-17T13:00:00,1,2018-12-17T13:00:00,1,1,1,7a2ce5121beffb021ced6c3f5170d58a4fa1b1b5044372c5b48831342b3ff15d
fef9e962c75c5716439a71324ad62e1209e1007c282d3d7a4e15b872e87bce65,479,8397,2018-12-17T18:00:00,VOL_COMPRESSION,TREND_UP,VOL_COMPRESSION -> TREND_UP,2018-12-17T14:00:00,4,2018-12-17T14:00:00,4,4,1,a361dd90491c38267c83db577ea38324e7757102b9f0aa0281d69c0aac97d8c6
26df5f3f604ab174717ad637950cf4e8af7bdc7766ee2079e9e2fdf37c8a5efd,480,8405,2018-12-18T02:00:00,TREND_UP,VOL_COMPRESSION,TREND_UP -> VOL_COMPRESSION,2018-12-17T18:00:00,8,2018-12-17T18:00:00,8,8,1,498884abf5f294670a580fbfc5dc8db6dec3afbd1426021c8aad8d510811fc09
014d2b68204c7c9eea411919611b67527b63f7a5b956fc8b5ed4e200f43f9509,481,8418,2018-12-18T15:00:00,VOL_COMPRESSION,TREND_UP,VOL_COMPRESSION -> TREND_UP,2018-12-18T02:00:00,13,2018-12-18T02:00:00,13,13,1,f105b7526a6609d0bc29de9cbafe30bdf9b5f85d423b2c8c15b33c1726bf7bdf
45b1aff09c20b4d1efd2c5287f03f46e3b8a28c289c515f58abd379725ef062c,482,8419,2018-12-18T16:00:00,TREND_UP,VOL_COMPRESSION,TREND_UP -> VOL_COMPRESSION,2018-12-18T15:00:00,1,2018-12-18T15:00:00,1,1,1,3b91df4c22c3ccc6f9fc4a021244831531dd6e46944ededf029a8122b564769d
5b3a1500f60281f4cdcd188064ddaa70a86528cab5f62d763f6534d98ebaf86e,483,8426,2018-12-18T23:00:00,VOL_COMPRESSION,TREND_UP,VOL_COMPRESSION -> TREND_UP,2018-12-18T16:00:00,7,2018-12-18T16:00:00,7,7,1,7e8299212920a1595888bd65a0e8c60cf3a22dd6d745107b89be03a966632080
3f4998f98e188d5b376d432c70399b9b0753f338f11cbd5b2b865138b2723f48,484,8468,2018-12-20T17:00:00,TREND_UP,VOL_EXPANSION,TREND_UP -> VOL_EXPANSION,2018-12-18T23:00:00,42,2018-12-18T23:00:00,42,42,1,322a2884e75971008e25c3242fbbb9989eb6acf933916363937aad563dd147d9
602e58af5379226adc3419307c5be00e03860cead465bb2fb619b67eec37762b,485,8469,2018-12-20T18:00:00,VOL_EXPANSION,TREND_UP,VOL_EXPANSION -> TREND_UP,2018-12-20T17:00:00,1,2018-12-20T17:00:00,1,1,1,4504aa125369fd27acd127d5044a519632b32f6d9847af809906d5d1b9ee60a5
d2d6477430309dfdec36b622e2187900d8e494a868af23082bf4131ee778b70e,486,8471,2018-12-20T20:00:00,TREND_UP,VOL_EXPANSION,TREND_UP -> VOL_EXPANSION,2018-12-20T18:00:00,2,2018-12-20T18:00:00,2,2,1,d58d9803777ec41aa0b710c61c25ceb7a1b1f5251af1fad00a566a8f96b6b49d
d0286b1c73eeb3a41da49fbc0dc1365f2a1fc7ce79a1c1067842eb22abd65ee7,487,8472,2018-12-20T21:00:00,VOL_EXPANSION,TREND_UP,VOL_EXPANSION -> TREND_UP,2018-12-20T20:00:00,1,2018-12-20T20:00:00,1,1,1,c3be7f8e5d43c1d7cff6ec8944814ef50012f133f56596090d14a38b8801b9e0
6728f3dfc8aa951ab0b667e9e0c4f7733cb7bba01517e93c7412851c32c8eb93,488,8495,2018-12-21T20:00:00,TREND_UP,RANGE,TREND_UP -> RANGE,2018-12-20T21:00:00,23,2018-12-20T21:00:00,23,23,1,b883a02bbe3b5aca2c2216b2a093a7e61ff21c80acf0df826d02e17131315388
79e3336802c679f612071769072df5aece2e0e2165984b4cdd8cfb6f81f891dd,489,8505,2018-12-22T06:00:00,RANGE,VOL_COMPRESSION,RANGE -> VOL_COMPRESSION,2018-12-21T20:00:00,10,2018-12-21T20:00:00,10,10,1,a962325047bc45d61234d0cf492062f415afe49f0ac3d98379cb54322df9096a
24417789247f2835911746c0ba153e9c762b9926a207abc242a49a2a061fa51d,490,8508,2018-12-22T09:00:00,VOL_COMPRESSION,TREND_DOWN,VOL_COMPRESSION -> TREND_DOWN,2018-12-22T06:00:00,3,2018-12-22T06:00:00,3,3,1,ca9ff93e4be091b35ad05b238bc03918b53d3a9ff02c07779f7e55ef4abc70b0
a607d1ffbcea1d0045c6752202ff50c22b54e7151a1f438b36c7c84679835433,491,8509,2018-12-22T10:00:00,TREND_DOWN,VOL_COMPRESSION,TREND_DOWN -> VOL_COMPRESSION,2018-12-22T09:00:00,1,2018-12-22T09:00:00,1,1,1,5e8309a8ff91783b25cdebd4c205f69942ac0ef0c1bc57098ae40df1920b12d0
0cc3f2ef495470dc60df67e4dc7fc4ce1e54cc4a81ff7eb4b994ccedd4ff9e24,492,8511,2018-12-22T12:00:00,VOL_COMPRESSION,TREND_DOWN,VOL_COMPRESSION -> TREND_DOWN,2018-12-22T10:00:00,2,2018-12-22T10:00:00,2,2,1,2e807c712fbf1b64788e606951f8d98724d20e8fca24bcdc1c9b2c8c6d71c9e1
052b7bc0c6817c6bb5c72cb9b22aaef97ade01ebf4eb7930b46c629c2173bbca,493,8512,2018-12-22T13:00:00,TREND_DOWN,VOL_COMPRESSION,TREND_DOWN -> VOL_COMPRESSION,2018-12-22T12:00:00,1,2018-12-22T12:00:00,1,1,1,fa42296b1e85187f126de0bcaaef53f0627931e8ab1b10abcbadbd9dbede1c2c
dfc2b9d66231b4195ae7843cada8233321b76a776c344558908085fd8deacf5a,494,8515,2018-12-22T16:00:00,VOL_COMPRESSION,TREND_DOWN,VOL_COMPRESSION -> TREND_DOWN,2018-12-22T13:00:00,3,2018-12-22T13:00:00,3,3,1,49caddbc531e4deec26d4cddb71392cdc3076a0762907badd3ceed4e12b188d1
92dcc1b1252134586b4006a2328f841bba1feba7d5dba6ff92d222d6d87958ad,495,8516,2018-12-22T17:00:00,TREND_DOWN,VOL_COMPRESSION,TREND_DOWN -> VOL_COMPRESSION,2018-12-22T16:00:00,1,2018-12-22T16:00:00,1,1,1,52ea191ab0498d8dace44b25ce548ac61be3d3a982c5963f365f74b2564393af
f75ab2ee1ff87c2e85af717addeef23eeaeecfbf2aefd0adfac9282771d9070a,496,8522,2018-12-22T23:00:00,VOL_COMPRESSION,TREND_UP,VOL_COMPRESSION -> TREND_UP,2018-12-22T17:00:00,6,2018-12-22T17:00:00,6,6,1,37e12c68f4a5051531cb0074780f21b582fb2c5910326815e4e3074146b2304e
330658397a63a9c4e9ae5fbc5fc0cfb3422db8bf8764ed7db7cc4758fc58d7f2,497,8528,2018-12-23T05:00:00,TREND_UP,VOL_COMPRESSION,TREND_UP -> VOL_COMPRESSION,2018-12-22T23:00:00,6,2018-12-22T23:00:00,6,6,1,c3dfe40db5c15dc1468cffd9c654ab182ec9609878e24bc43a5d5a90f5fb2add
7bd290d2a3da34c827a6390800d52773ad17dd6a2eaa15f2bee8e32e441571f0,498,8547,2018-12-24T00:00:00,VOL_COMPRESSION,TREND_UP,VOL_COMPRESSION -> TREND_UP,2018-12-23T05:00:00,19,2018-12-23T05:00:00,19,19,1,f0000d3d6f5459790f9905509eb3f192fe41c67236f2c80873e2015e9deb77b1
fa4402635b1c99ce236f0f7ccd8822211aef259728f005c25be1144e691e4a10,499,8555,2018-12-24T08:00:00,TREND_UP,VOL_COMPRESSION,TREND_UP -> VOL_COMPRESSION,2018-12-24T00:00:00,8,2018-12-24T00:00:00,8,8,1,250d04e9b3d43603d17115dadc3f08ab918e91e9d15baebdc1f26b790f85fdfb
44a74d5b5e8e423529c34e969181270661fe8669bd5656d25edcd93b2fa2e7d5,500,8557,2018-12-24T10:00:00,VOL_COMPRESSION,TREND_UP,VOL_COMPRESSION -> TREND_UP,2018-12-24T08:00:00,2,2018-12-24T08:00:00,2,2,1,e7520bc80dcbffef99b41ddcdcbfc74b5199a77f28dc013140095198ddb84bfe
99232bdbc3421291767e2f0e180758e75e6746a052c6914d73694345cfc9a02b,501,8559,2018-12-24T12:00:00,TREND_UP,VOL_COMPRESSION,TREND_UP -> VOL_COMPRESSION,2018-12-24T10:00:00,2,2018-12-24T10:00:00,2,2,1,c74a8998c56df3f3fae01507643be80c9adb6eb16caeff70f3771efe86263881
d847ca56f58b7d0616759e412b28c6474f04e4177e42aa4fee078bb5162d3be5,502,8561,2018-12-24T14:00:00,VOL_COMPRESSION,TREND_UP,VOL_COMPRESSION -> TREND_UP,2018-12-24T12:00:00,2,2018-12-24T12:00:00,2,2,1,628432bdf8da37f09e49cd65890233da96cedb3f8f4a08cb83e71a54ab94f0c5
0575ea31edd3c18f071acd05e187cfa63861736c23822bc74c61a94d3b6b12bd,503,8571,2018-12-25T00:00:00,TREND_UP,RANGE,TREND_UP -> RANGE,2018-12-24T14:00:00,10,2018-12-24T14:00:00,10,10,1,3ca1a9c7731855409e1c3848146a1d40eb4611916cc2fe3d99ae8819a67eefc9
c3afb05b120dc9e9bb304c8d331223639765c5331d4ce8d5d9aacf094be69e7d,504,8573,2018-12-25T02:00:00,RANGE,TREND_DOWN,RANGE -> TREND_DOWN,2018-12-25T00:00:00,2,2018-12-25T00:00:00,2,2,1,d1ba0228f40e068d20dc7b7505bbf5c5bbc02d8ff1a2f88c6c24a67cf2f10089
359afd3840e5dbbd22ae7afbeb839be2bcb5126a9ae11543ff59b21d5e9d1b60,505,8597,2018-12-26T03:00:00,TREND_DOWN,VOL_COMPRESSION,TREND_DOWN -> VOL_COMPRESSION,2018-12-25T02:00:00,24,2018-12-25T02:00:00,24,25,1,546029f2fcba941ba20bd259639288d2be5c69ddb08f7c586e3a1f0b0c830ce7
b99f251e224fc2e8832902c92d59ed11bddfc1f8c3bb1b8024d1a0bbf7a2076b,506,8619,2018-12-27T01:00:00,VOL_COMPRESSION,TREND_DOWN,VOL_COMPRESSION -> TREND_DOWN,2018-12-26T03:00:00,22,2018-12-26T03:00:00,22,22,1,b3ddd7d8311de76c772e7476cf21d34b74d1213293f6c803fad9408cbf50958f
b9ab8bb79955f0522143a071ee8e5587dbc77da3bbbe6f31bd566bbdae64d969,507,8620,2018-12-27T02:00:00,TREND_DOWN,VOL_COMPRESSION,TREND_DOWN -> VOL_COMPRESSION,2018-12-27T01:00:00,1,2018-12-27T01:00:00,1,1,1,af7167cb5463cf1cf00ff44f5da7ae0bc936c3022c90fbe72ae1e857c2a80983
39331bd91af00f2e3fad0eae6d16aba0fca4eb7990d4b75eaeeac3eec2356944,508,8637,2018-12-27T19:00:00,VOL_COMPRESSION,TREND_DOWN,VOL_COMPRESSION -> TREND_DOWN,2018-12-27T02:00:00,17,2018-12-27T02:00:00,17,17,1,2c159580f2a6e889377177580428ae48a4716b8ad284663452b08ab1726eca95
fd864730697c79dbdaa805955548265420974b97c3470406837f28d99bc220ed,509,8639,2018-12-27T21:00:00,TREND_DOWN,VOL_COMPRESSION,TREND_DOWN -> VOL_COMPRESSION,2018-12-27T19:00:00,2,2018-12-27T19:00:00,2,2,1,5e80cba3262093aaa66df3b8ee3301713cc3c51b3a4a69d4c5774a5e0fb9275f
8f007665011ec4b629290658013568be98dba60a71e0f6ded50cff6e53a3ea78,510,8657,2018-12-28T15:00:00,VOL_COMPRESSION,TREND_DOWN,VOL_COMPRESSION -> TREND_DOWN,2018-12-27T21:00:00,18,2018-12-27T21:00:00,18,18,1,4068d23d40aad7dbd2b7f245a064689965db23fcf063bb5d5c59b25c4c746cd2
339b689d66158c2356588e74f37d4ab6005cdd7791fe078bc658aa4a3b75a34c,511,8658,2018-12-28T16:00:00,TREND_DOWN,RANGE,TREND_DOWN -> RANGE,2018-12-28T15:00:00,1,2018-12-28T15:00:00,1,1,1,7f94381b52207a2631a22954e89adc88a30510b6ccd1e7f99280280373362239
5c3b061dc79a5253e16535a180833ee62416ab3ddc3e4d779f3d5de703f5828a,512,8662,2018-12-28T20:00:00,RANGE,TREND_UP,RANGE -> TREND_UP,2018-12-28T16:00:00,4,2018-12-28T16:00:00,4,4,1,1eeb639f2caf4b68f8e851dfe7330e773a7af45f7b4155ce4edacfa97e419cba
04422b8a2d25b350a317a6b0855183611b7efc82ec591766ac5f04d6d44a1617,513,8666,2018-12-29T00:00:00,TREND_UP,VOL_COMPRESSION,TREND_UP -> VOL_COMPRESSION,2018-12-28T20:00:00,4,2018-12-28T20:00:00,4,4,1,748275275636176b99843bffb17afaa3db909d8403c9b8b67ac8946e2e462259
82239825f2f6e3dc4ff6100a80145b4e0094d2ebdb8f4a0df9466c729ae4f49e,514,8689,2018-12-29T23:00:00,VOL_COMPRESSION,TREND_UP,VOL_COMPRESSION -> TREND_UP,2018-12-29T00:00:00,23,2018-12-29T00:00:00,23,23,1,a4db2cef6a90e08145ec232000d1c3a335800d04afdf41256da9fbe8454d2af1
3b6f6601eb0e83fc731e4be60a506158eed8361ae6b0bc08c0e681e6a00e3e69,515,8691,2018-12-30T01:00:00,TREND_UP,RANGE,TREND_UP -> RANGE,2018-12-29T23:00:00,2,2018-12-29T23:00:00,2,2,1,c409be2b7098e92de50c58132502b2080d83fc00bf71e5c700fdce1abffb5f1d
1c8d79aaf86da7b525856831897634741de57f67a9a995f680c6686c62ebb18c,516,8694,2018-12-30T04:00:00,RANGE,VOL_COMPRESSION,RANGE -> VOL_COMPRESSION,2018-12-30T01:00:00,3,2018-12-30T01:00:00,3,3,1,ffcf9c8393013307a8d268687ba3ffb6a3b71add9a121f6ecfe63562d0c9538b
715c00ccaffebfc90bcb99c2dbeb186fc061cc407f5175524f5221d6e345cf1a,517,8702,2018-12-30T12:00:00,VOL_COMPRESSION,TREND_UP,VOL_COMPRESSION -> TREND_UP,2018-12-30T04:00:00,8,2018-12-30T04:00:00,8,8,1,80dd474595320a47d4b9e5ba81b993f493250cd252da23b1f6e42c8d833630b9
9c8284ee448b83fd5ea7134b959b34db7370d9be53f3c648f14990ec72dc4ffb,518,8704,2018-12-30T14:00:00,TREND_UP,VOL_COMPRESSION,TREND_UP -> VOL_COMPRESSION,2018-12-30T12:00:00,2,2018-12-30T12:00:00,2,2,1,9c3637eeb12ad9f64ea467d15dfdae63bc5e2b9bf0176299a33fba7531d22196
ff9bd6c072adcad2140b765e648bdfe0bdf341cb172d41ea23028f9f2f78355e,519,8960,2019-01-10T06:00:00,VOL_COMPRESSION,TREND_DOWN,VOL_COMPRESSION -> TREND_DOWN,2018-12-30T14:00:00,256,2018-12-30T14:00:00,256,256,1,90a6a721408b563697182301cc25e3909b485688c9e1778ebd1ef0d59f26f514
974bbd9c9ddaade6c5bc5eb15b597cbea5088709caff24dffda50f04ad07b375,520,8962,2019-01-10T08:00:00,TREND_DOWN,VOL_COMPRESSION,TREND_DOWN -> VOL_COMPRESSION,2019-01-10T06:00:00,2,2019-01-10T06:00:00,2,2,1,fd440f942f3fe1a2e209c83090388b0b8cca2e3d1c60046474684c499c7beb99
1cd3a194e84dbd779b06e0c02da1cf2225320f40b50214cd2a60c3f9542eef0d,521,8970,2019-01-10T16:00:00,VOL_COMPRESSION,TREND_DOWN,VOL_COMPRESSION -> TREND_DOWN,2019-01-10T08:00:00,8,2019-01-10T08:00:00,8,8,1,59148a0bfa29d5ba7c527cd6062fadd2d68065b1de79c2872034986ddd908c6b
c13fc831e14f88d762405d242e505d95155bf333d5eeafb80eab9e1ee573c029,522,8975,2019-01-10T21:00:00,TREND_DOWN,VOL_COMPRESSION,TREND_DOWN -> VOL_COMPRESSION,2019-01-10T16:00:00,5,2019-01-10T16:00:00,5,5,1,b6e45563ead5b19f07e73dd93e10d06d5c1ae2512c35de5b5768a9634ddaf691
03b66c4708fda06922847fa9e09c2628aabb1ae72e32f4b103379baad7e7ae93,523,9666,2019-02-08T16:00:00,VOL_COMPRESSION,TREND_UP,VOL_COMPRESSION -> TREND_UP,2019-01-10T21:00:00,691,2019-01-10T21:00:00,691,691,1,55e16eca37889c8c0ef8ae24ca015e88d152ba13595e08a7d203c7552768af3b
7141e75aa3b52bdcef86163e9673eb2dcb4595f4cfb597198576c095e48b9b52,524,9669,2019-02-08T19:00:00,TREND_UP,VOL_COMPRESSION,TREND_UP -> VOL_COMPRESSION,2019-02-08T16:00:00,3,2019-02-08T16:00:00,3,3,1,93627d70f758ada2525060220dabba8b84285d25a4697e0f76e00a55e9ddd7a2
872891c130a56e34af195ba7cecf3b5f3fffea1aa123f6f9f7bc85388e2211cb,525,9906,2019-02-18T16:00:00,VOL_COMPRESSION,TREND_UP,VOL_COMPRESSION -> TREND_UP,2019-02-08T19:00:00,237,2019-02-08T19:00:00,237,237,1,11b1b47268a1a1bb03bd7d57877237bd46456b15d2a06baaea9658d39773f2e7
a917a844a8a8ac7ed1a02244e2bea3e24ac82757d8011a37311992d666f9cbdc,526,9908,2019-02-18T18:00:00,TREND_UP,VOL_COMPRESSION,TREND_UP -> VOL_COMPRESSION,2019-02-18T16:00:00,2,2019-02-18T16:00:00,2,2,1,182bba1d019abf45a87bc260d2421911e54dc816ccf3091018c3d8184045463e
193f1651115390eac03232a9a50ee9dae347415fa88f1d34d6db84eda749dc31,527,9915,2019-02-19T01:00:00,VOL_COMPRESSION,TREND_UP,VOL_COMPRESSION -> TREND_UP,2019-02-18T18:00:00,7,2019-02-18T18:00:00,7,7,1,01d371b0fe0e7093f36368ff27d2494bed7e96d1aa75402589385a465e1b8339
369990f695ad37ea6df546253bfc84a8a04829351ffe87df6f0ff1073b76575d,528,9916,2019-02-19T02:00:00,TREND_UP,VOL_COMPRESSION,TREND_UP -> VOL_COMPRESSION,2019-02-19T01:00:00,1,2019-02-19T01:00:00,1,1,1,0f3cae873b20f68cb69a51ec5951156d40dace1b808373a95073329d7cf61715
cb8d829d35db0d6bee2cccf3b087aa7c7847a197543ff87d62a39e8d2be04feb,529,10048,2019-02-24T14:00:00,VOL_COMPRESSION,TREND_UP,VOL_COMPRESSION -> TREND_UP,2019-02-19T02:00:00,132,2019-02-19T02:00:00,132,132,1,10f7f4a3b20bc060ccabf484919cb679894494efbdcc181a13d1305e14a19bc1
a516494f82c1b27a4e21147a0128fb01da86bc1d8c08ad20cd12ec3bec96ebd0,530,10049,2019-02-24T15:00:00,TREND_UP,RANGE,TREND_UP -> RANGE,2019-02-24T14:00:00,1,2019-02-24T14:00:00,1,1,1,84bca479dd5368e79d721a45ffe83b29ee4e03b094eb22aee84e673f6a509d9b
86c72469d60e861038b3abbf7e03d6b5ed6fc8e09705cf5c197134cbc4532621,531,10051,2019-02-24T17:00:00,RANGE,TREND_DOWN,RANGE -> TREND_DOWN,2019-02-24T15:00:00,2,2019-02-24T15:00:00,2,2,1,c4d412a3503c4565b96791b6dc7ff2d5f7fb4c6595d86f42640205b8ca1a914c
7ea1b79229a39bc856a2d5c3447005e728a754d93af4751a54f3edc3de5b1ae9,532,10058,2019-02-25T00:00:00,TREND_DOWN,VOL_COMPRESSION,TREND_DOWN -> VOL_COMPRESSION,2019-02-24T17:00:00,7,2019-02-24T17:00:00,7,7,1,b8382a94f9513970f10da55e8418ae1ae234a471635f60ab9f8903c9ff6e4231
b1946a600046801ba2f5c567a5022b56d2abdf1076fe80eb452832eebc5a74b6,533,10926,2019-04-02T04:00:00,VOL_COMPRESSION,TREND_UP,VOL_COMPRESSION -> TREND_UP,2019-02-25T00:00:00,868,2019-02-25T00:00:00,868,868,1,b9f43faa233914b802f1aa8d70fd6507ee3ecef9087a20743ed91f5a107739b5
c2a40ea490d8160e18d074129b306df03277db94ad6bd9f23f7afad9fc013d1b,534,10927,2019-04-02T05:00:00,TREND_UP,VOL_EXPANSION,TREND_UP -> VOL_EXPANSION,2019-04-02T04:00:00,1,2019-04-02T04:00:00,1,1,1,6dac877561801bd6980676915a2f0689c3449930346fbbb60de135af9f66c766
f4b8077b4d02ebd7456f23a15fd91370fd719c2a31a1b80735efdd788ddb8861,535,10932,2019-04-02T10:00:00,VOL_EXPANSION,TREND_UP,VOL_EXPANSION -> TREND_UP,2019-04-02T05:00:00,5,2019-04-02T05:00:00,5,5,1,c4b0363a9bbe4beb94274e85e2435a115142e65fdde94d4e34b2d27686653db0
a14e548973a1ad02be02b7040a539cf1f8c201e6831ae19c39ac1ad4bc0b7895,536,10960,2019-04-03T14:00:00,TREND_UP,VOL_COMPRESSION,TREND_UP -> VOL_COMPRESSION,2019-04-02T10:00:00,28,2019-04-02T10:00:00,28,28,1,d1d09d82d9c1173b3dfb56e3ef0831bbfb1268570c7f729f5949e2c04834b5ed
0192db9fb5b2eb3bee52af48e378e9006703bcc9cf3fc0dc8b608740a6676ed9,537,10962,2019-04-03T16:00:00,VOL_COMPRESSION,TREND_UP,VOL_COMPRESSION -> TREND_UP,2019-04-03T14:00:00,2,2019-04-03T14:00:00,2,2,1,27ad01c615fbe2f309fc10cfe0b38a5c17d5e7356522fcc16b1dde912ea849f0
85dbf18fd6a701efa1eeed8d658a7c23b4c9e4b7fa27f67cbd6571e87df5f626,538,10969,2019-04-03T23:00:00,TREND_UP,VOL_EXPANSION,TREND_UP -> VOL_EXPANSION,2019-04-03T16:00:00,7,2019-04-03T16:00:00,7,7,1,70f4360569085315454324bfe2696206c0a632b04fb9f6a674f031fb2deac288
17bc45af59506b22dd965b357cc3b650adae7e77754e62031873b1340cfbda53,539,10972,2019-04-04T02:00:00,VOL_EXPANSION,TREND_UP,VOL_EXPANSION -> TREND_UP,2019-04-03T23:00:00,3,2019-04-03T23:00:00,3,3,1,b9be6dca1cdc4a4631e61613bf0df6119dd2b9a9db9d0b896e38be68da9bb69a
7de88aee7f825cdf74c92214f252c6688b3a1b24bb54a2a8515a6ea9a2858107,540,10990,2019-04-04T20:00:00,TREND_UP,RANGE,TREND_UP -> RANGE,2019-04-04T02:00:00,18,2019-04-04T02:00:00,18,18,1,03f463c4b55ab4e1ed30866a331da81629f5412bdacc39c2b49af82ea7ee23c6
c1ecf3645912034cef10d9c1cde62825fcdf16c5a2d5d79858c42e5db16d36b8,541,10994,2019-04-05T00:00:00,RANGE,TREND_UP,RANGE -> TREND_UP,2019-04-04T20:00:00,4,2019-04-04T20:00:00,4,4,1,a1afef8c82c6fba431156d9d0359aff193e2be69e5503c0f351a4c595a5ceb30
9bfa2d5b180328564f8c4b0a9b5c25d21082da126ba34c6832e4fe900ee324dd,542,10997,2019-04-05T03:00:00,TREND_UP,VOL_COMPRESSION,TREND_UP -> VOL_COMPRESSION,2019-04-05T00:00:00,3,2019-04-05T00:00:00,3,3,1,e7ba03220f908af7138a00b4bfb45fb320afd5b61a220dd39e0b92e9d071076d
75ea6940dca724ca1444abb2d0de1d16dd6317349e8a879b861158b7df206128,543,11038,2019-04-06T20:00:00,VOL_COMPRESSION,TREND_UP,VOL_COMPRESSION -> TREND_UP,2019-04-05T03:00:00,41,2019-04-05T03:00:00,41,41,1,76cf3e9c6753786537573d1ff52d893f6fcdcd812343cde8ab60d889fbf02d51
c99d94ccf06c7ff5e9c9dcb9b2bad30e05e66e3aa606e776ffa65c1961196d9c,544,11046,2019-04-07T04:00:00,TREND_UP,VOL_COMPRESSION,TREND_UP -> VOL_COMPRESSION,2019-04-06T20:00:00,8,2019-04-06T20:00:00,8,8,1,c5a6cec3a760e6a1206418a87328d2959e53501c085808324a11cf23e8f4c29f
67f1a76eb919835bab1d08b3ad1b9d4462736bc7a4e480f31fbf519917bb839a,545,11066,2019-04-08T00:00:00,VOL_COMPRESSION,TREND_UP,VOL_COMPRESSION -> TREND_UP,2019-04-07T04:00:00,20,2019-04-07T04:00:00,20,20,1,3776585275e47065335120e4410bf56af9ed3dda1717232698c521f954f8c43a
48feb75e5757c3608f1ca0a8d2b157cf458a667f075341eaf6d861a00efd147c,546,11075,2019-04-08T09:00:00,TREND_UP,VOL_COMPRESSION,TREND_UP -> VOL_COMPRESSION,2019-04-08T00:00:00,9,2019-04-08T00:00:00,9,9,1,3ae05e6b5e41c1fdf06d90045cdb82c17b89cfc69291f58e8058bdb53a6be3ed
5915a30b1aa89291ce361ad6bb97b0e8a516a6db9a296fde1fc3d9962d7d8b58,547,11076,2019-04-08T10:00:00,VOL_COMPRESSION,TREND_UP,VOL_COMPRESSION -> TREND_UP,2019-04-08T09:00:00,1,2019-04-08T09:00:00,1,1,1,6bfe13f37f6dfbf000777ff6a7dc3c5966637e533eab5edd8ea27cdd6aacdd38
f9f0df59a68b849b11ce80fd05a212d3a71c04d99194e8fd421be762899bd2e6,548,11079,2019-04-08T13:00:00,TREND_UP,VOL_COMPRESSION,TREND_UP -> VOL_COMPRESSION,2019-04-08T10:00:00,3,2019-04-08T10:00:00,3,3,1,49898808327b75ddd63df1d64244ad2f05c5d2af835a899fc66fcd2ac1f07451
bfff2a522554b952243a5172654bd3e8d4e99c3dcb764c9722558e0391b254f8,549,11134,2019-04-10T20:00:00,VOL_COMPRESSION,TREND_UP,VOL_COMPRESSION -> TREND_UP,2019-04-08T13:00:00,55,2019-04-08T13:00:00,55,55,1,92b6c16eaf5026300fc6042e48ea35c31fac8eee8976da1cbde2a103882bc53e
358eb69b40c59145a7813190b73f5751a74804682dfeeffe118f27f5557fcd5b,550,11137,2019-04-10T23:00:00,TREND_UP,VOL_COMPRESSION,TREND_UP -> VOL_COMPRESSION,2019-04-10T20:00:00,3,2019-04-10T20:00:00,3,3,1,f9ab627b21a9290a52b98bab07121e07e29c05c9206458fab58ce59c507db525
0ea1f05ea45abd88785ed392fe4f1d6e66d575681fb611df4601f0d7171a5bac,551,11141,2019-04-11T03:00:00,VOL_COMPRESSION,TREND_UP,VOL_COMPRESSION -> TREND_UP,2019-04-10T23:00:00,4,2019-04-10T23:00:00,4,4,1,3a25a6cf2a7235264f8af6af829f0657b41a46847456bfd4212cfee6602e6e47
db4132903da901cd7d90a8a48d0191c7902e4f4a2c07d1852f22f9a6eb073c97,552,11143,2019-04-11T05:00:00,TREND_UP,RANGE,TREND_UP -> RANGE,2019-04-11T03:00:00,2,2019-04-11T03:00:00,2,2,1,ee9d785dd58f60c906affd2832b5f8998191ccac85d3f4e4411e01652c8bd2dd
9f74aef9e51b31b9f68252eab1160e1c7d138aa39ff11c615a4ac3f601043a17,553,11144,2019-04-11T06:00:00,RANGE,VOL_COMPRESSION,RANGE -> VOL_COMPRESSION,2019-04-11T05:00:00,1,2019-04-11T05:00:00,1,1,1,0a4b790a38d54e1b615aee157060ecec2d65a2202ef27d6fa74f23bda8051d84
439163a6aae5f56c31bf2aa7f952d1d3294b27ccd3140774f70b27e0dc6dc0b8,554,11147,2019-04-11T09:00:00,VOL_COMPRESSION,RANGE,VOL_COMPRESSION -> RANGE,2019-04-11T06:00:00,3,2019-04-11T06:00:00,3,3,1,357440dc10645076c87f7c7ca5e53a16e3d7de53088a90940e2850eabd0a24f2
c0538172f86981a974f1b431a58e5fc23bd9a9cc6790e4562ec0869666dfef6c,555,11148,2019-04-11T10:00:00,RANGE,TREND_DOWN,RANGE -> TREND_DOWN,2019-04-11T09:00:00,1,2019-04-11T09:00:00,1,1,1,7368dcfae119b9895e82a7d05486064e2f739966299764f33cd736ba63fc6aa5
ccc192d5c7a02a067170a01c77a37853a399f427cfa7333549bdbb1c20d76b63,556,11152,2019-04-11T15:00:00,TREND_DOWN,VOL_COMPRESSION,TREND_DOWN -> VOL_COMPRESSION,2019-04-11T10:00:00,4,2019-04-11T10:00:00,4,5,1,8d5d9a499183f226bc27b6790323363f95264f3ec3bedc52baf4509538f3ea7c
77aa2c85b6af2ad6d9d307b03041d2a27e5a7da2eda49ce0a114bfc7b23d4983,557,11495,2019-04-25T22:00:00,VOL_COMPRESSION,TREND_DOWN,VOL_COMPRESSION -> TREND_DOWN,2019-04-11T15:00:00,343,2019-04-11T15:00:00,343,343,1,1dd478f9e656258cadf6b2a87603100f60e2fe46ed76d291a710d46859eeed0f
d3b4c8119730c3779a1d9857eacc390b8e5d4078bd9709cdcdcf8016522a7332,558,11506,2019-04-26T09:00:00,TREND_DOWN,VOL_COMPRESSION,TREND_DOWN -> VOL_COMPRESSION,2019-04-25T22:00:00,11,2019-04-25T22:00:00,11,11,1,2645626ae7dac5ca9f5b96b9ec3913bf487cf7711e7766de8129de4229d5a63e
36448d214b4c8fe6852c998b5331735a4cb76a0b7c89f644db1f607cced8698b,559,11674,2019-05-03T09:00:00,VOL_COMPRESSION,TREND_UP,VOL_COMPRESSION -> TREND_UP,2019-04-26T09:00:00,168,2019-04-26T09:00:00,168,168,1,0416b11bfa2d89b188221121e6e54b94ba17535c6f5e26d90c75a54b40a01045
9140388b4c83443f374516f21117c569af533b27de37410f8b68bc3cac098054,560,11680,2019-05-03T15:00:00,TREND_UP,VOL_COMPRESSION,TREND_UP -> VOL_COMPRESSION,2019-05-03T09:00:00,6,2019-05-03T09:00:00,6,6,1,b0133683acdc9eb94243f808573f1ff128c3b4c22566f5992bd4b3e1be07cb74
c47bbb9593677c4e449ad14a7d19af2c4dfff6ea2a5b38aad3eeb0dcaf354a46,561,11702,2019-05-04T13:00:00,VOL_COMPRESSION,TREND_UP,VOL_COMPRESSION -> TREND_UP,2019-05-03T15:00:00,22,2019-05-03T15:00:00,22,22,1,236c3e89c9324036f756414c95884a217cdc78216790475a4d1a30dfe1d84535
5baa6af2df8707316aebfee39416477ac3dcd23c1c7ae9d6fd9c384bed520fa7,562,11704,2019-05-04T15:00:00,TREND_UP,VOL_COMPRESSION,TREND_UP -> VOL_COMPRESSION,2019-05-04T13:00:00,2,2019-05-04T13:00:00,2,2,1,f002b7025b09e06444e0f477fff5b32883b19b3ac04363d11ee71f5f4f06be39
db9dc8ac696d625e9ff0ad1f626beea2e6b69e8c233e5bd6804191cf042186a3,563,11713,2019-05-05T00:00:00,VOL_COMPRESSION,TREND_UP,VOL_COMPRESSION -> TREND_UP,2019-05-04T15:00:00,9,2019-05-04T15:00:00,9,9,1,920c376b680e38d7eb207a177b658ae2dc8714b3d0187d27d05ddb0d01b93c4a
92c45cea721d827e1a2fd9eff8d746cc412ed2d9c52f747b2a93d671baf21446,564,11714,2019-05-05T01:00:00,TREND_UP,VOL_COMPRESSION,TREND_UP -> VOL_COMPRESSION,2019-05-05T00:00:00,1,2019-05-05T00:00:00,1,1,1,d79db50149c6a51d49ea5457c649de5d4d4c2aa28595be7b28da3cfabccfff22
b4334eccf08ce7c83e4bf7c68ecd5746a5d068bdfa6a133c42b1f3a2f986ee68,565,11775,2019-05-07T14:00:00,VOL_COMPRESSION,TREND_UP,VOL_COMPRESSION -> TREND_UP,2019-05-05T01:00:00,61,2019-05-05T01:00:00,61,61,1,8fd3e3a040aa9edd7a05e511d8440601512197b286808c976e019752aca2304e
58c06c4f53951bd09616cac06d2e03069bc18ce833311765dc9f81988b80efb7,566,11776,2019-05-07T15:00:00,TREND_UP,VOL_COMPRESSION,TREND_UP -> VOL_COMPRESSION,2019-05-07T14:00:00,1,2019-05-07T14:00:00,1,1,1,a762b0c02474c5ca882012050f674a1e1605e52e8fb24d66ada6876fd5c0647b
2a6d1e1011f145fe6a3f8571bbb89ec6d19ed7d83168d935167b455d202eed78,567,11784,2019-05-07T23:00:00,VOL_COMPRESSION,TREND_UP,VOL_COMPRESSION -> TREND_UP,2019-05-07T15:00:00,8,2019-05-07T15:00:00,8,8,1,fb83a0d132ea3fffd2b4beffc95c4a4197024e7d14982ef49984bd26f5d52b43
c2db13c7da0baba97d1b5bbae6ec1a232a3681da550baa44a0ea50bff1ba436a,568,11787,2019-05-08T02:00:00,TREND_UP,VOL_COMPRESSION,TREND_UP -> VOL_COMPRESSION,2019-05-07T23:00:00,3,2019-05-07T23:00:00,3,3,1,630a1b0c41a8b928ef6e95c12bcfd3c21f4c4d482b3abcd04d84aa11ca3cc179
200c612a48b3889babaa00792d18bf2f6329999a98222b3372f68c6f3cf90dd6,569,11861,2019-05-11T04:00:00,VOL_COMPRESSION,TREND_UP,VOL_COMPRESSION -> TREND_UP,2019-05-08T02:00:00,74,2019-05-08T02:00:00,74,74,1,c4fbec6310569a863ec187ad0eadd5dd94d13b3f8f58923fe7a01563b2fc37ab
61eb4655fe22ca0cd06ea709e70779cfdba4bf07f1d606288aa6e9569045f203,570,11881,2019-05-12T00:00:00,TREND_UP,VOL_EXPANSION,TREND_UP -> VOL_EXPANSION,2019-05-11T04:00:00,20,2019-05-11T04:00:00,20,20,1,54f5f851daf77eeb9eafadb9e04026f3c638316d13390a3ac23c4fd4b8786c99
5a5e4fb80d6d07e55c3d7493ec20c97b5ee9ea4d9ca2e5627edd0c4ef8d07c6d,571,11883,2019-05-12T02:00:00,VOL_EXPANSION,TREND_UP,VOL_EXPANSION -> TREND_UP,2019-05-12T00:00:00,2,2019-05-12T00:00:00,2,2,1,05f55c314a72fe24ebd022a819ce6bf1af579f58a5d6b73e0593daaabcf651de
16e71866e4ff980937593fcd74cd3b56328134663f4549d4a8cbe26f78c5a447,572,11889,2019-05-12T08:00:00,TREND_UP,VOL_EXPANSION,TREND_UP -> VOL_EXPANSION,2019-05-12T02:00:00,6,2019-05-12T02:00:00,6,6,1,6e6a447e68108e0ae748323de21c691aa17485f99bcb9da1b8b15800bb441811
31e807510783f563df78e3784951175047821289a9e0cb12cb1de2d60b5ccc60,573,11895,2019-05-12T14:00:00,VOL_EXPANSION,TREND_UP,VOL_EXPANSION -> TREND_UP,2019-05-12T08:00:00,6,2019-05-12T08:00:00,6,6,1,12bddb35ba13fc147ea1553bec2b46167d3cb8a62cd7dc58584318f60b6bfd4f
f15b609af2e36888cee2444eec49f41ee8b30e07282ffc059170f37d1f7cced5,574,11927,2019-05-13T22:00:00,TREND_UP,VOL_EXPANSION,TREND_UP -> VOL_EXPANSION,2019-05-12T14:00:00,32,2019-05-12T14:00:00,32,32,1,39bf3909a88898b6014c6bac2955adbf803fcea8b445fba96804cb38f7c4b3db
ea6c2ed5e47590b399169dac5d53128ed4fa6e4707419d77ac88420addedf06e,575,11931,2019-05-14T02:00:00,VOL_EXPANSION,TREND_UP,VOL_EXPANSION -> TREND_UP,2019-05-13T22:00:00,4,2019-05-13T22:00:00,4,4,1,c37c56593590c4f96d22b3655a4dd1ceff7a8d6eaa8d564776d8551bd87d5a05
bb403a5355cb5b20c799d5172cc33a6bbc4abe995e0c67efeb306c8802d3a15a,576,11938,2019-05-14T09:00:00,TREND_UP,VOL_EXPANSION,TREND_UP -> VOL_EXPANSION,2019-05-14T02:00:00,7,2019-05-14T02:00:00,7,7,1,c29c313c02786c7e1e8f0747e353bc5cd7a6b46dd6bd8c06ba0ccba22f66e368
ac2bb2e6cc7ae5037dbe85f2a39d9f16874f34c848991177cafbd22273b2327e,577,11940,2019-05-14T11:00:00,VOL_EXPANSION,TREND_UP,VOL_EXPANSION -> TREND_UP,2019-05-14T09:00:00,2,2019-05-14T09:00:00,2,2,1,a19f462b126b108ba1581106fa97f31f57db8ab179c26b86491f4afdc760f877
ea4d2df7bac88604f24075aed85f6d506678efd5239ccf2d5dd30441291f2817,578,11947,2019-05-14T18:00:00,TREND_UP,VOL_EXPANSION,TREND_UP -> VOL_EXPANSION,2019-05-14T11:00:00,7,2019-05-14T11:00:00,7,7,1,a1ce571aa3e64dd263115f8794a0f388ce3cdc3779e19ecd8c16aa39b46ed35b
670a61a200fc7c49ba914b9099875c092c3063c84cdc082396b670768394d5f1,579,11948,2019-05-14T19:00:00,VOL_EXPANSION,TREND_UP,VOL_EXPANSION -> TREND_UP,2019-05-14T18:00:00,1,2019-05-14T18:00:00,1,1,1,8ed3ec87c05b633d189714e601bdfeb4376e610ac57a9414868e986ca2101677
8bfc0b286de18f3d847b43c6695087bf212542773ccb2db691e1ca8d1d99583b,580,11988,2019-05-16T11:00:00,TREND_UP,RANGE,TREND_UP -> RANGE,2019-05-14T19:00:00,40,2019-05-14T19:00:00,40,40,1,e2be0a5057cac893282f8d1f9b5368d627bd4f4dec3b2bb188e1bad9bafd1e4f
3d42339728dd8b197e08a97959f43cb14beec41089cdffcad53ab5b0de7fb26b,581,11999,2019-05-16T22:00:00,RANGE,TREND_DOWN,RANGE -> TREND_DOWN,2019-05-16T11:00:00,11,2019-05-16T11:00:00,11,11,1,98f670b5abe43c1a859f507f04e02080790b78c4b8dd2a53db108355d4953950
ad7592a94157183ec13a6a123496aa65b235c3b50aaa1f83079961ff41814a7e,582,12004,2019-05-17T03:00:00,TREND_DOWN,VOL_EXPANSION,TREND_DOWN -> VOL_EXPANSION,2019-05-16T22:00:00,5,2019-05-16T22:00:00,5,5,1,14b4c3fbdaa7abaca34947cf3c719a9943876933dc228f77bed817f221b0a1d9
d485590cb3a0603597b818f55d10ca4903b0c9023e479011839a4c7628138ebb,583,12009,2019-05-17T08:00:00,VOL_EXPANSION,TREND_DOWN,VOL_EXPANSION -> TREND_DOWN,2019-05-17T03:00:00,5,2019-05-17T03:00:00,5,5,1,5f419a870045366c79a28aafba7464edb6d5480586468a889791e5bb93ffee15
bdf4f3c4442c8c9520498d533e066683d5df46a9bad33e242a9aa0a4f3a767ca,584,12039,2019-05-18T14:00:00,TREND_DOWN,VOL_COMPRESSION,TREND_DOWN -> VOL_COMPRESSION,2019-05-17T08:00:00,30,2019-05-17T08:00:00,30,30,1,6a81924b43c60c79ef3ffc1d84ea0ec3e7889011ed2a19862bb83728b9819348
4b9dd270eaab6923755b6eb02c288cfab177fe709f1a5ff77318bcb0e5a9e613,585,12042,2019-05-18T17:00:00,VOL_COMPRESSION,TREND_DOWN,VOL_COMPRESSION -> TREND_DOWN,2019-05-18T14:00:00,3,2019-05-18T14:00:00,3,3,1,579cf8b8765d2ab40721e4df74b78a106ff1277b9ddbd9e5d0e101de76bc887a
1fa053de2cf708613e96b57694a83b9ec9cfed9f7ce7f7be4572756a9987985a,586,12044,2019-05-18T19:00:00,TREND_DOWN,VOL_COMPRESSION,TREND_DOWN -> VOL_COMPRESSION,2019-05-18T17:00:00,2,2019-05-18T17:00:00,2,2,1,692525ea367b61aea3b747d0d15bc91687352bc0f6e2179d4ec6e7b00948769f
ccb0ef1b02b011a1fee261d1f76a1aa2340609e2f9642c5518467ce056b36861,587,12050,2019-05-19T01:00:00,VOL_COMPRESSION,TREND_DOWN,VOL_COMPRESSION -> TREND_DOWN,2019-05-18T19:00:00,6,2019-05-18T19:00:00,6,6,1,999bb7f9387c2b34842eaf18b27b3267abc195f175f00f0227089abb6bdfe87b
65204862568e7a0469d22c5fd872a10d42664362cc5915251c6ece28754989f9,588,12051,2019-05-19T02:00:00,TREND_DOWN,RANGE,TREND_DOWN -> RANGE,2019-05-19T01:00:00,1,2019-05-19T01:00:00,1,1,1,7e0a11d4f575dca8c72c13a29bda03f0b205b20e3c32d12c0918faeb1bc706e6
067beca50f9be39f1805bbf2c03fe3d67569c64b3b5ac9db4bdd194589ddd656,589,12053,2019-05-19T04:00:00,RANGE,TREND_UP,RANGE -> TREND_UP,2019-05-19T02:00:00,2,2019-05-19T02:00:00,2,2,1,bc2058d13e27de3036f105262e631a296b1b75ff87b86193eff05aa82d7513c2
4d6781888cfa55aaf0d7561eb8bb7960a318545b5a516c6c40ac4bf165a353d2,590,12088,2019-05-20T15:00:00,TREND_UP,RANGE,TREND_UP -> RANGE,2019-05-19T04:00:00,35,2019-05-19T04:00:00,35,35,1,a0f016b31a0789c589c4c127082ec606c9c90fbe092d171674fd4b2b600dc0d6
c45e983b9b0e4ca828308f3ef8fee34e5af53a23ec5313bc640e1bc35fa3c6d5,591,12093,2019-05-20T20:00:00,RANGE,TREND_UP,RANGE -> TREND_UP,2019-05-20T15:00:00,5,2019-05-20T15:00:00,5,5,1,91738d96d58fa435edf26cc8e29fc34b05ecd5bff1c7ae788e71d7dbbd93c56e
273501cba067a5440be0fc2fa850b1a791589e23eeccee486e4b3158f7da9742,592,12106,2019-05-21T09:00:00,TREND_UP,VOL_COMPRESSION,TREND_UP -> VOL_COMPRESSION,2019-05-20T20:00:00,13,2019-05-20T20:00:00,13,13,1,8d05cc5516d91d5393968a68e1d1c456f733784f4415d709e34db50961eca421
21b247f639010ecc953218a0587287081c85c1dbcf71f7c4c746917085c8e6e6,593,12107,2019-05-21T10:00:00,VOL_COMPRESSION,TREND_UP,VOL_COMPRESSION -> TREND_UP,2019-05-21T09:00:00,1,2019-05-21T09:00:00,1,1,1,9a92a4192c6822418abe50305d5be23c951d6716f6dc891af9f166f7cbe7caa5
1703eebfe95103356b09b8e18da251fa78f2f03bafff71cfa320eb88edba0607,594,12113,2019-05-21T16:00:00,TREND_UP,VOL_COMPRESSION,TREND_UP -> VOL_COMPRESSION,2019-05-21T10:00:00,6,2019-05-21T10:00:00,6,6,1,cea380315062c1b1362dba3f466d261e83226569cea05b98c18457f4d1f45096
c14af8f87524f944814a3f0e0ea5fe5a5cfb92e0b9622ce45262bb352dd9da96,595,12114,2019-05-21T17:00:00,VOL_COMPRESSION,TREND_UP,VOL_COMPRESSION -> TREND_UP,2019-05-21T16:00:00,1,2019-05-21T16:00:00,1,1,1,f6061bb79c6935263628a4336d7159caeba22fa2f2a4316ec3707fdfcd50eb23
4ac78c67b1cc74b677febca2ea99587e4a948569e971587cdd98c0ae36301b96,596,12116,2019-05-21T19:00:00,TREND_UP,VOL_COMPRESSION,TREND_UP -> VOL_COMPRESSION,2019-05-21T17:00:00,2,2019-05-21T17:00:00,2,2,1,3930c47331a04846f64a044a1fdafd4b10a1ce8957be65d57d127cb0a48f0666
336db1b4cd762d534a6b408b80185d5525f47c067c40d360dde4c2f13cb5e6d6,597,12119,2019-05-21T22:00:00,VOL_COMPRESSION,TREND_UP,VOL_COMPRESSION -> TREND_UP,2019-05-21T19:00:00,3,2019-05-21T19:00:00,3,3,1,96a865e21464f5be2f2f7b1239165c422e13567dc53e4bf97f6cc70aed47f80f
44fd06666a045747a52589d7b64b63f3df2f76f1048fb87e4aaf87e25ff3eade,598,12120,2019-05-21T23:00:00,TREND_UP,VOL_COMPRESSION,TREND_UP -> VOL_COMPRESSION,2019-05-21T22:00:00,1,2019-05-21T22:00:00,1,1,1,98256da4709f065f067f5fa915d6a8e81ca634f5d4bcbfef9cf2cb6ae01ed1f7
3046c3958462bae4e943dbb0e27fcd8f41b6b4ea90312f0eeea12d598209d03e,599,12141,2019-05-22T20:00:00,VOL_COMPRESSION,TREND_UP,VOL_COMPRESSION -> TREND_UP,2019-05-21T23:00:00,21,2019-05-21T23:00:00,21,21,1,c3e2290af91f1729e4281dd597ef54e825c99327a7017515bca234a76153b58c
9d64e826fcc6ccb6dc14f88dd259d8d37333eb33bca7d8097f081bbaa5bef64d,600,12142,2019-05-22T21:00:00,TREND_UP,TREND_DOWN,TREND_UP -> TREND_DOWN,2019-05-22T20:00:00,1,2019-05-22T20:00:00,1,1,1,f36a9b63cfedcce2cffd895aee79aa5be952f28907d769df9ed87cdd1f48b37a
c47ec9694798bbf82997894c5842b4f4e51e966b95ed8c3294d8f85e7a67f506,601,12156,2019-05-23T11:00:00,TREND_DOWN,VOL_COMPRESSION,TREND_DOWN -> VOL_COMPRESSION,2019-05-22T21:00:00,14,2019-05-22T21:00:00,14,14,1,020e4ec7a1b33213834b8dc1aba4d718eef88e0f4318f843df496e0bfc26b33d
625128e9bbbe3360ce292e0cd857d7a62d7bbe6396fc1ed9161c53903fc0e8b4,602,12162,2019-05-23T17:00:00,VOL_COMPRESSION,TREND_DOWN,VOL_COMPRESSION -> TREND_DOWN,2019-05-23T11:00:00,6,2019-05-23T11:00:00,6,6,1,5eec8373c5fa19e326b90ebe50d62f73724871795fd68d95506e7179ec6361ef
ed8c217668db21a1ed2c4500330a1ffa47dd4cbd6e236f2a51a6505be02e23af,603,12163,2019-05-23T18:00:00,TREND_DOWN,VOL_COMPRESSION,TREND_DOWN -> VOL_COMPRESSION,2019-05-23T17:00:00,1,2019-05-23T17:00:00,1,1,1,88d9f537304cb024eeb74af9ed009174c3590a36b2a7f61047e4454a7fe23d28
50b0a72a3074fc95497fb11ffd64a76004c636728a6f9a092f101de65bd1b52e,604,12167,2019-05-23T22:00:00,VOL_COMPRESSION,RANGE,VOL_COMPRESSION -> RANGE,2019-05-23T18:00:00,4,2019-05-23T18:00:00,4,4,1,eec7e72c0b7ed0d3735a8722827382f52e66a2768bb1b6aec9231c4fd9c0aee9
1d63c06dab70044b3b915bb16f57a6865c6e714a3516f202c42f84c3730c54f8,605,12169,2019-05-24T00:00:00,RANGE,VOL_COMPRESSION,RANGE -> VOL_COMPRESSION,2019-05-23T22:00:00,2,2019-05-23T22:00:00,2,2,1,09c6f5fbf98aa3dba4f44b0478172f9e2d281c1b9336c4e7fe8492a0d9cfa758
5e4512113d2e3016262666b2796a5bd3c7def6f60074bd47a59d0039bf59c82d,606,12236,2019-05-26T19:00:00,VOL_COMPRESSION,TREND_UP,VOL_COMPRESSION -> TREND_UP,2019-05-24T00:00:00,67,2019-05-24T00:00:00,67,67,1,51747219d597f20dc4cf8d0ffe5a67e5a0d724f665a04cba648e5277a964459d
985aa6d1ee598e5c1bebd39203c8f7b0eb411233db6df948a17d633b007a55d2,607,12248,2019-05-27T07:00:00,TREND_UP,VOL_COMPRESSION,TREND_UP -> VOL_COMPRESSION,2019-05-26T19:00:00,12,2019-05-26T19:00:00,12,12,1,73c035f26c0f7e39bb8cf28b1ea41bd0dbcf683027da22c931f0f9eeb90bb1a2
9fd5716a6d6de4976250daa03436cf548dfe422ea7d02585e90ef41763990c98,608,12257,2019-05-27T16:00:00,VOL_COMPRESSION,TREND_UP,VOL_COMPRESSION -> TREND_UP,2019-05-27T07:00:00,9,2019-05-27T07:00:00,9,9,1,fe6c6eb6d7e988b61f5d5acb858c18ef0673c53dae65de8829b0f5018c07a08f
fbd67bbed98343f0ce9793c3d275a873662c888989e129c6f9f7f3e80ac89c49,609,12263,2019-05-27T22:00:00,TREND_UP,VOL_COMPRESSION,TREND_UP -> VOL_COMPRESSION,2019-05-27T16:00:00,6,2019-05-27T16:00:00,6,6,1,a6ec515eef2ef6b07df1ace7b0d725b866a79e6be30206caffe1d7ba33831b2e
42e9c0cc9d0a69017b46265eec64503a34d753a69ed29c898002442bf6649584,610,12329,2019-05-30T16:00:00,VOL_COMPRESSION,TREND_UP,VOL_COMPRESSION -> TREND_UP,2019-05-27T22:00:00,66,2019-05-27T22:00:00,66,66,1,f88badbb5942cead3866e8c6918383df78cdf9e0af9a921d6e6776e5932c282e
3b2b5637cb84b23d325560728650bb3214cf496fccc54e633269c3fb493fc5ec,611,12333,2019-05-30T20:00:00,TREND_UP,RANGE,TREND_UP -> RANGE,2019-05-30T16:00:00,4,2019-05-30T16:00:00,4,4,1,9707216db0d8aac83f3bbdafe2d459723e046b099c2938137fddc34e9d218498
8e7d6c40ca168c7a5cff54aae46f9495e5bac1389aae8a4a78e820048a329043,612,12334,2019-05-30T21:00:00,RANGE,TREND_DOWN,RANGE -> TREND_DOWN,2019-05-30T20:00:00,1,2019-05-30T20:00:00,1,1,1,383d0084ade6ead6179194116febf0e445693062d986debb100d3161f0879e97
e1f4e0f6f515638b872ba8af920311075c2ae472616b18553804cc479b97e347,613,12348,2019-05-31T11:00:00,TREND_DOWN,VOL_COMPRESSION,TREND_DOWN -> VOL_COMPRESSION,2019-05-30T21:00:00,14,2019-05-30T21:00:00,14,14,1,93b869aa3dfa77fd4ddff1fdc633a7b920a99709ec48c9ba62187d8a41d4295e
850aba705668f2d00bc8c7103b6f15f24de8b3633e8b068c9ea9c2877b7e48d1,614,12352,2019-05-31T15:00:00,VOL_COMPRESSION,TREND_DOWN,VOL_COMPRESSION -> TREND_DOWN,2019-05-31T11:00:00,4,2019-05-31T11:00:00,4,4,1,b775dd5bfcccb170f93d35afeb24f7b11b1a00b0366c7207984266bdf1d7652d
5f5e1282b54aecbad789e61817a9842ad84a0f1670addf8667dac04f18d94e4e,615,12358,2019-05-31T21:00:00,TREND_DOWN,VOL_COMPRESSION,TREND_DOWN -> VOL_COMPRESSION,2019-05-31T15:00:00,6,2019-05-31T15:00:00,6,6,1,f60a4909c806d6047726422b03c30a620146508c2e69babedab86568dbe9b0c8
5851662698b2d6e4f398d0ed5a64b2f4d0d0176643ad0420745c86b0389723cc,616,12424,2019-06-03T15:00:00,VOL_COMPRESSION,TREND_DOWN,VOL_COMPRESSION -> TREND_DOWN,2019-05-31T21:00:00,66,2019-05-31T21:00:00,66,66,1,ab943d0e33ba6a5446a188888b703efc3051ff0b1a14d3ac4ccf9bb91def6be1
dc9f33940199e5d81a65a0a2869eb9f2d596ed1f99b8054cedfdfa86397fd351,617,12428,2019-06-03T19:00:00,TREND_DOWN,VOL_COMPRESSION,TREND_DOWN -> VOL_COMPRESSION,2019-06-03T15:00:00,4,2019-06-03T15:00:00,4,4,1,f824edaa143269f4e3a3dfe01651006af5f31838dfcacd3fd62f19c3d89e33a7
5226ca2c7cfa5912bb8e18ec014edf7bff1a890500ff02a1686061b5c52f2d60,618,12432,2019-06-03T23:00:00,VOL_COMPRESSION,TREND_DOWN,VOL_COMPRESSION -> TREND_DOWN,2019-06-03T19:00:00,4,2019-06-03T19:00:00,4,4,1,79ecd331fe75adf3b3fd496f8264847c44520aeb80d60c50b14899dc2202232b
b4e5a56bebfe886ea27d8ac43a234bb3c1fb455181e80bc034d675f27f59c7f7,619,12470,2019-06-05T13:00:00,TREND_DOWN,VOL_COMPRESSION,TREND_DOWN -> VOL_COMPRESSION,2019-06-03T23:00:00,38,2019-06-03T23:00:00,38,38,1,10a82f8ae786d2e4328590ccbc7b551a7a217faaf89d24667f910017a3b8f32a
365e5402f88017bd3880fed0a9a5a3fa68addd9c1769478a32e2a38c8c0aa794,620,12471,2019-06-05T14:00:00,VOL_COMPRESSION,TREND_DOWN,VOL_COMPRESSION -> TREND_DOWN,2019-06-05T13:00:00,1,2019-06-05T13:00:00,1,1,1,50287e48348d0d7131f1743b0d96611cb198b5ec47d09032b15de17385f62f79
8f3c167ec16cd0828c0276b66314931dd491a7cd2053569e430e262da1659490,621,12485,2019-06-06T04:00:00,TREND_DOWN,VOL_COMPRESSION,TREND_DOWN -> VOL_COMPRESSION,2019-06-05T14:00:00,14,2019-06-05T14:00:00,14,14,1,a516b0c8edafaf6ad5b79a94d7598436f9b62a0567bdc3adf11e79f3239fd332
deb22a0029e630b2ed322e7557610dee8c2aadbd84cd0dc66ae51b669fdf18d2,622,12495,2019-06-06T14:00:00,VOL_COMPRESSION,TREND_DOWN,VOL_COMPRESSION -> TREND_DOWN,2019-06-06T04:00:00,10,2019-06-06T04:00:00,10,10,1,7c5b45496a2221709506b12acc0539710756481b06367000395e9e6b2038af84
f05fbf19a28e7805cfe3f8e69600d5921fffc53394c1218e67bf9ea070043873,623,12496,2019-06-06T15:00:00,TREND_DOWN,VOL_COMPRESSION,TREND_DOWN -> VOL_COMPRESSION,2019-06-06T14:00:00,1,2019-06-06T14:00:00,1,1,1,b7db255ca074712bb61e8dcec83e2c9108e26e43d66db760b4515e0fa83a34d8
f12985f1dc649cc4d3c282e227a89d52e20511e251629078cf384f2be0b76ef5,624,12499,2019-06-06T18:00:00,VOL_COMPRESSION,TREND_DOWN,VOL_COMPRESSION -> TREND_DOWN,2019-06-06T15:00:00,3,2019-06-06T15:00:00,3,3,1,76d0d4f180821ba6eb4880802432b1b5419e4492a32ce9fe26cbf2d782b6b98b
b0ef8cdaf28c6ebff304b2a8f69d72d78dda6ccc779f3ea74159d9679d0deca5,625,12503,2019-06-06T22:00:00,TREND_DOWN,VOL_COMPRESSION,TREND_DOWN -> VOL_COMPRESSION,2019-06-06T18:00:00,4,2019-06-06T18:00:00,4,4,1,912bfc95a335e41cb43547ee9eef79fdb94698ac85dffa01ad043cb9ad5e7af4
e2a4e05e5a3110ce6713ebf529fcc354a1c47c84aaef451b8693cd6626c4c624,626,12577,2019-06-10T00:00:00,VOL_COMPRESSION,TREND_DOWN,VOL_COMPRESSION -> TREND_DOWN,2019-06-06T22:00:00,74,2019-06-06T22:00:00,74,74,1,7d25fbb4489af76e775a8da50f22bdf15c7f4ab82560e9bcc8e861100cbd4aaf
c85a08e1dd8319dd9e1db3c06632f5532c79bf0dc6b2e23901b8079cbbc7c257,627,12579,2019-06-10T02:00:00,TREND_DOWN,VOL_COMPRESSION,TREND_DOWN -> VOL_COMPRESSION,2019-06-10T00:00:00,2,2019-06-10T00:00:00,2,2,1,d449dc69ba5bb440e31c162a08ba381d8fec0aacdb233d3e19a884dc8b975957
b3b126215feb87e596f2e9f50ae9484d9a17d5f5daba0479720be097eb3eb898,628,12588,2019-06-10T11:00:00,VOL_COMPRESSION,TREND_DOWN,VOL_COMPRESSION -> TREND_DOWN,2019-06-10T02:00:00,9,2019-06-10T02:00:00,9,9,1,6157f57207c2fc36c26370bcb3dde992908f5610ae3730f5489114afa9f8f177
d0415356a5e18e7868ff09834a041972e0eb0fa763a92ceff91cf179e7df30c0,629,12589,2019-06-10T12:00:00,TREND_DOWN,RANGE,TREND_DOWN -> RANGE,2019-06-10T11:00:00,1,2019-06-10T11:00:00,1,1,1,b30c9893afcfe2dbe0fd68ae77e74f3a88b90947683e1098ee7d5bdbc1e30d03
26f57095fe58d5357cd7f7c643f956c8197a8c0b2e8dbac837ade3c2657dbe4a,630,12594,2019-06-10T17:00:00,RANGE,VOL_COMPRESSION,RANGE -> VOL_COMPRESSION,2019-06-10T12:00:00,5,2019-06-10T12:00:00,5,5,1,5636a5b1ef628deb10788f5755fe00ac01e56d1be283c7b12ba5bfa8d7851d44
bc0625f3f6e03e633e42f1e07f3ea1a09bec9543851a4eab35e2388046051501,631,12640,2019-06-12T15:00:00,VOL_COMPRESSION,TREND_UP,VOL_COMPRESSION -> TREND_UP,2019-06-10T17:00:00,46,2019-06-10T17:00:00,46,46,1,2fda2ec66451ed836155df7c8e705228947bb186121f79d966274fb7fa1ff4c2
26d7a34c9721be6c53babbbcf2bf7cfb7063388c7ae1e9190963458e88264d8a,632,12641,2019-06-12T16:00:00,TREND_UP,VOL_COMPRESSION,TREND_UP -> VOL_COMPRESSION,2019-06-12T15:00:00,1,2019-06-12T15:00:00,1,1,1,b248b81e4beb68c6e66c7530f550f15275e491c677424b6c7662af26f7c72850
69d73cd7a1bc3f14376a1ce1727f3a42702bbd42b00c60ade03756dd11575c51,633,12727,2019-06-16T06:00:00,VOL_COMPRESSION,TREND_UP,VOL_COMPRESSION -> TREND_UP,2019-06-12T16:00:00,86,2019-06-12T16:00:00,86,86,1,45dca4ab8adcae63b1c8f63a25b271e56d07e22c54de054a5bbdbe6410fdf978
ddf3fb7678f7f76903bca8307a87004e59536315c2a63d6fbea5d3aef6a748e6,634,12728,2019-06-16T07:00:00,TREND_UP,VOL_COMPRESSION,TREND_UP -> VOL_COMPRESSION,2019-06-16T06:00:00,1,2019-06-16T06:00:00,1,1,1,7d0a1b0cbd80e16985cf0ae3237279cbfbb627cd137104b5482506c362378d9b
c121b63ec61d843a41441315fd1a683154844c166181cec3319a1e89fe6694ce,635,12729,2019-06-16T08:00:00,VOL_COMPRESSION,TREND_UP,VOL_COMPRESSION -> TREND_UP,2019-06-16T07:00:00,1,2019-06-16T07:00:00,1,1,1,24363b297252f4c959c85e0330810d710373cf67183e13c79fb06957d577be2b
80961641708b91b7c281a4081f1102c824ef758c8c35c1892e13458994cd0c70,636,12752,2019-06-17T07:00:00,TREND_UP,VOL_COMPRESSION,TREND_UP -> VOL_COMPRESSION,2019-06-16T08:00:00,23,2019-06-16T08:00:00,23,23,1,628989a591894654f8a17dbd7dc70e480fc456a72266e4b73cbd20c85d2e7115
74f820194a449b6c2ba2c14f67b6fda07e1aa9dd7d840f5d08779363cb430c60,637,12760,2019-06-17T15:00:00,VOL_COMPRESSION,TREND_UP,VOL_COMPRESSION -> TREND_UP,2019-06-17T07:00:00,8,2019-06-17T07:00:00,8,8,1,44f8e891425b363a2ba5d6944ebab2476a74d6ed44fdc6a7476fd40a5f53de62
d255d566a0540edf779dbe59574a7677edc7edee62d502bfe79f51416e93a2b0,638,12772,2019-06-18T03:00:00,TREND_UP,VOL_COMPRESSION,TREND_UP -> VOL_COMPRESSION,2019-06-17T15:00:00,12,2019-06-17T15:00:00,12,12,1,c77095d6ff7568d71ea3b2b503233cded0346c54a38f4f831f45fda731793b4d
da07b34f18fcb014f807e858b4bb91e93765ac105f0833d6b35511c53a0b0efb,639,12776,2019-06-18T07:00:00,VOL_COMPRESSION,TREND_UP,VOL_COMPRESSION -> TREND_UP,2019-06-18T03:00:00,4,2019-06-18T03:00:00,4,4,1,5f1f21dc3afd5515118b60b6e954268aa2df57ed9880ccc6c23cd7bc7f57e9c4
901dfcb18f5fafd56d44c968c860f124cf5d16cab7be597c48055d0591b580a7,640,12777,2019-06-18T08:00:00,TREND_UP,VOL_COMPRESSION,TREND_UP -> VOL_COMPRESSION,2019-06-18T07:00:00,1,2019-06-18T07:00:00,1,1,1,f13f15a42ae3456c4cf59abd5e4c79e4b8e53567bdf4c06e654dc611999f933b
980450f558bf0007b00e1bfbd8350bc6cb3ff5b594971cc5800e882c24b9c038,641,12785,2019-06-18T16:00:00,VOL_COMPRESSION,RANGE,VOL_COMPRESSION -> RANGE,2019-06-18T08:00:00,8,2019-06-18T08:00:00,8,8,1,8a1cd05b2da55e7c5faf05874cd6516b3dfed7d77feaed911df0c89098123c7c
4da586a1c07e985d4c65ad33cac3d5429b0570806653da5ed453220745c71822,642,12788,2019-06-18T19:00:00,RANGE,VOL_COMPRESSION,RANGE -> VOL_COMPRESSION,2019-06-18T16:00:00,3,2019-06-18T16:00:00,3,3,1,c9ea1dc25953e2f985cba41f2a7b025a0d0bd646e02232d84d93be13efc1ae52
420dc2f78213a542226a0b23c61f10b13b4487e1d295b961e5f35772ff93dc10,643,12790,2019-06-18T21:00:00,VOL_COMPRESSION,RANGE,VOL_COMPRESSION -> RANGE,2019-06-18T19:00:00,2,2019-06-18T19:00:00,2,2,1,c0887f4bee191fb8ed5ac821251018cb186b049cdeb2144f659fbf8aece61a4e
7623e68cfd724a2017c2c885659d1a2decaa3330a18ca76b9480142307a285b8,644,12794,2019-06-19T01:00:00,RANGE,VOL_COMPRESSION,RANGE -> VOL_COMPRESSION,2019-06-18T21:00:00,4,2019-06-18T21:00:00,4,4,1,36a494b210a709e21f2abc54800ea20a5f5e4a10d0bb3da043ca7e71976152e0
b276649bbf398932220d435bdc4aa7e0c59f1a29b69bbfa631eb311af5ef9cba,645,12864,2019-06-22T00:00:00,VOL_COMPRESSION,TREND_UP,VOL_COMPRESSION -> TREND_UP,2019-06-19T01:00:00,70,2019-06-19T01:00:00,70,71,1,3f115609761d27cb5e6a7251627d535a49c0bb4f07e1b50ed71b310d8c86aafb
bcc98261eb6f29955664d1f9f15e1326d0354b5501badcd49de6ccf0eb770fea,646,12878,2019-06-22T14:00:00,TREND_UP,VOL_EXPANSION,TREND_UP -> VOL_EXPANSION,2019-06-22T00:00:00,14,2019-06-22T00:00:00,14,14,1,1c9f7f2ec5470fa4a806773bf7bc60ce20ed973e642c4435c34c802f5f7f1364
39b2795477f87ec8cb3c0e1814469e490560d5569234c22eae0675d59e3fe4d3,647,12879,2019-06-22T15:00:00,VOL_EXPANSION,TREND_UP,VOL_EXPANSION -> TREND_UP,2019-06-22T14:00:00,1,2019-06-22T14:00:00,1,1,1,6bcd5a3e2451ff0300143e823eb38747b40eb4ff4d5076df7993e935313b8da3
0dddd22818dc074839f4b96fa5e6bcd4d4aac1d427e23eec9e440c03c9c5061d,648,12905,2019-06-23T17:00:00,TREND_UP,VOL_COMPRESSION,TREND_UP -> VOL_COMPRESSION,2019-06-22T15:00:00,26,2019-06-22T15:00:00,26,26,1,99717de45a3a69bb2bbad6ddd11b21c0a8e67c629badf730f99f4535a5458d50
f96543b32cb0e1b9c8488a03d8cee6df9de5599e0027d5913246e4734d142b4a,649,12907,2019-06-23T19:00:00,VOL_COMPRESSION,TREND_UP,VOL_COMPRESSION -> TREND_UP,2019-06-23T17:00:00,2,2019-06-23T17:00:00,2,2,1,d8fc24eaa4a0ab93eabc0081a23fce46e83ea3ada178b942bd728af75444b173
df1e3487ac4f57f31ce334ae15d7d68ec65cb031e3de64a0297f18804cae676b,650,12922,2019-06-24T10:00:00,TREND_UP,VOL_COMPRESSION,TREND_UP -> VOL_COMPRESSION,2019-06-23T19:00:00,15,2019-06-23T19:00:00,15,15,1,5189198f24c6beca27898d39144e36dd3e6c82710bd962bd2992800c115fbc4f
75d128bd513d9882241e48c36a114dcc7dd42a2ac80b737ebe6f1cdc97dd41a7,651,12931,2019-06-24T19:00:00,VOL_COMPRESSION,TREND_UP,VOL_COMPRESSION -> TREND_UP,2019-06-24T10:00:00,9,2019-06-24T10:00:00,9,9,1,79701be770010fa24c639466f7dcc5d563a57b02b66bc90f9501294712779785
409324d68790b17b7765aeae4879ddff448c94249169f16ddae2cfcc2001a9a6,652,12933,2019-06-24T21:00:00,TREND_UP,VOL_COMPRESSION,TREND_UP -> VOL_COMPRESSION,2019-06-24T19:00:00,2,2019-06-24T19:00:00,2,2,1,e9cf15685ebe328ca31dc5d227286a499004504ce2aff7f8526e689d16ef036e
3fa6891e9165829e659c6bd2d8e02dd3eca47a24521a4200cae10a6d59faa810,653,12948,2019-06-25T12:00:00,VOL_COMPRESSION,TREND_UP,VOL_COMPRESSION -> TREND_UP,2019-06-24T21:00:00,15,2019-06-24T21:00:00,15,15,1,d8a49a59ac91e1576a702b56849cebe66832965927d8ff59bcaaf6c064b23cf8
05a30a8a2e8bddf2c2e76328306b1a45af1a1039a069ca482a5ced6832234b49,654,12955,2019-06-25T19:00:00,TREND_UP,VOL_COMPRESSION,TREND_UP -> VOL_COMPRESSION,2019-06-25T12:00:00,7,2019-06-25T12:00:00,7,7,1,d72098db58e8486883bc7e5c1de504d420b0a318fc61183f2732e22d841ec593
c0df7c1b8319739e709725a7f516456ec3f09e90e157c53420c8f8d5e8fe0d65,655,12958,2019-06-25T22:00:00,VOL_COMPRESSION,TREND_UP,VOL_COMPRESSION -> TREND_UP,2019-06-25T19:00:00,3,2019-06-25T19:00:00,3,3,1,155bbeae686889921110ba1adb965123ba2d2ce3be2d2c7fdab565cac39d3844
fc334020c62d8406dd89326e505736a00d6077ee193c3bd9229ef8727927e127,656,12969,2019-06-26T09:00:00,TREND_UP,VOL_EXPANSION,TREND_UP -> VOL_EXPANSION,2019-06-25T22:00:00,11,2019-06-25T22:00:00,11,11,1,50dfca9dfa8d4e4d430edd0aac648aea27178c0147ca75243b35717fa62e086a
7da4356fe24c75b10953c81e4245fc5f79b2ba029e7a010fa3999e84c1f9949c,657,12971,2019-06-26T11:00:00,VOL_EXPANSION,TREND_UP,VOL_EXPANSION -> TREND_UP,2019-06-26T09:00:00,2,2019-06-26T09:00:00,2,2,1,518dd0e0641b1adc08570f7b933cfc699dc753def5ea2ce555705821f1832d1e
9d0107edefaf5a97be147f417c53f776dc51046de90a4001645c2bea1e86ba7e,658,12976,2019-06-26T16:00:00,TREND_UP,VOL_EXPANSION,TREND_UP -> VOL_EXPANSION,2019-06-26T11:00:00,5,2019-06-26T11:00:00,5,5,1,cf71545b461f5a65f3acb09bec644052b9533efeb27966274befd22a1da3da1c
6bef6e501d7908d4895a2966e3bc244843838373087dbace69cd0fc8f5000b55,659,12980,2019-06-26T20:00:00,VOL_EXPANSION,HIGH_VOL,VOL_EXPANSION -> HIGH_VOL,2019-06-26T16:00:00,4,2019-06-26T16:00:00,4,4,1,cd872063df0913effee5d99e60a451074b67d5c08768d4a3fab0e028b1a86ae9
9126144a0f6f5e88aace8647f84624cb60b7695eae7cf14758029bbef6a68978,660,13012,2019-06-28T04:00:00,HIGH_VOL,TREND_DOWN,HIGH_VOL -> TREND_DOWN,2019-06-26T20:00:00,32,2019-06-26T20:00:00,32,32,1,d4bc3ab379f9081bc1c365f6835f7f39e791543bd1fa02a1ae2bd8288d11adf8
e479fcaf4492c21c9f69661b7cd66ab420640d7b81c70f95df5e0b8b68e3a774,661,13019,2019-06-28T11:00:00,TREND_DOWN,RANGE,TREND_DOWN -> RANGE,2019-06-28T04:00:00,7,2019-06-28T04:00:00,7,7,1,3e858b32b086a72cb366e9670bffdb91d4ff0153ec8c76ef23adacc773949dd6
8a284d07ccafbe524f792e505efbc5a31ffd938d62e40432797af8295ef10eae,662,13028,2019-06-28T20:00:00,RANGE,TREND_UP,RANGE -> TREND_UP,2019-06-28T11:00:00,9,2019-06-28T11:00:00,9,9,1,2c4828096f3ea85bb1d0962c4c667c134ef8e44103cc09023ac7001f1c4ab3d1
c1ad3adf6379af8668a18f3c0c7416be46fae6ce7055dc44e6a20a9c957f481b,663,13035,2019-06-29T03:00:00,TREND_UP,VOL_EXPANSION,TREND_UP -> VOL_EXPANSION,2019-06-28T20:00:00,7,2019-06-28T20:00:00,7,7,1,46f8808fccfa17949b8b7836fcdcc0f049a39ea7349aea26d2d5e34109e87f0c
a539c487562c399a20b3e59785987c765e4fdaac735ace5727d53219a965ec1e,664,13038,2019-06-29T06:00:00,VOL_EXPANSION,RANGE,VOL_EXPANSION -> RANGE,2019-06-29T03:00:00,3,2019-06-29T03:00:00,3,3,1,54d010b00fbcc18c4d9f692ba549c3b7f49cd271f85ef5ff9a71556dcb03329f
6a6c5dfec3cf6bfb9e26021b44688ca43764bf71904d33bb7b37f1735c4601c9,665,13041,2019-06-29T09:00:00,RANGE,TREND_DOWN,RANGE -> TREND_DOWN,2019-06-29T06:00:00,3,2019-06-29T06:00:00,3,3,1,436be7ed040070c8f22262b2690911211f483a22d3e3597d6be326c66f97c4a6
20ff58314d7803d681acc8bba92abc96647d0772a70c5737d8c9db00f0981346,666,13043,2019-06-29T11:00:00,TREND_DOWN,RANGE,TREND_DOWN -> RANGE,2019-06-29T09:00:00,2,2019-06-29T09:00:00,2,2,1,eee148bb8525e3007ec6053c013a5732a6b6bbf596b18766d81660ec72b81f8a
bbbbd1a787b99b8cc5d70efb0a4ffbb147042104ecd769cdeedd65799c813d6f,667,13044,2019-06-29T12:00:00,RANGE,TREND_UP,RANGE -> TREND_UP,2019-06-29T11:00:00,1,2019-06-29T11:00:00,1,1,1,8ec5623cb8ebc5aceb27bac449c56d859516afba669b79b6403e55ed83263314
11253d0c151d9d41074aa3701df2728a36b2c56beb3a31aee4d75b902df58800,668,13064,2019-06-30T08:00:00,TREND_UP,RANGE,TREND_UP -> RANGE,2019-06-29T12:00:00,20,2019-06-29T12:00:00,20,20,1,3692a0d2ba3fad1ea287930d19bb152387d63f8cf2a734957e0666d31180acd1
41c16afadffa9c93b9a0738194e824bb5a21f47480c763d163ddeddb750cfad1,669,13067,2019-06-30T11:00:00,RANGE,TREND_DOWN,RANGE -> TREND_DOWN,2019-06-30T08:00:00,3,2019-06-30T08:00:00,3,3,1,3d40cf87f27737ab7bc57c8ccc5b11ece75349262288d1e07c44941963f2835f
627d5e4c8de3ea16449eb42034b29068a6def1a7d2d2f82ee71fa7c9d805e10e,670,13079,2019-06-30T23:00:00,TREND_DOWN,VOL_EXPANSION,TREND_DOWN -> VOL_EXPANSION,2019-06-30T11:00:00,12,2019-06-30T11:00:00,12,12,1,dbbac47b81a52fe8e4ee9277afb5adafb0f3d4cc6e73a90689ab991f4f4caaba
4ffef5c3c03f4816399eced1dd57238b2c7174c8a7257b719419aa012ff3ef8c,671,13083,2019-07-01T03:00:00,VOL_EXPANSION,TREND_DOWN,VOL_EXPANSION -> TREND_DOWN,2019-06-30T23:00:00,4,2019-06-30T23:00:00,4,4,1,c883de0bed4b1c2c26328b6055f19b6d289eba2716bdb65954e2279ac61b381d
58039a853926f0ea83fa4abd4fcb9422b1fda5fb336929ac7922435bbafa476d,672,13094,2019-07-01T14:00:00,TREND_DOWN,VOL_EXPANSION,TREND_DOWN -> VOL_EXPANSION,2019-07-01T03:00:00,11,2019-07-01T03:00:00,11,11,1,4a3a8ff53c4172ba67a2ba89a46d8082983ea03a65a7df8b798b18235d2f056a
5924287efb1dcd871ae32a4d859c0e562afe73a78e0fd85113cebaf41bce7617,673,13097,2019-07-01T17:00:00,VOL_EXPANSION,TREND_DOWN,VOL_EXPANSION -> TREND_DOWN,2019-07-01T14:00:00,3,2019-07-01T14:00:00,3,3,1,2b2a19deb8d701d96834642da2b7e215d6a2f8a80b6eb2bdc0a25e9c2f164e05
6ccbbe1f02cad09685c6580f13990c8d65835a63cec07c03ed0c08a84a20112f,674,13108,2019-07-02T04:00:00,TREND_DOWN,VOL_EXPANSION,TREND_DOWN -> VOL_EXPANSION,2019-07-01T17:00:00,11,2019-07-01T17:00:00,11,11,1,5589018d49d54146fad1e78e88124e388b700108643cb99f9728bf2a093f91e4
f120e006636518b690d7bec3ed8f3c4ba56f54565b517bd9d1142dedb31f9bc4,675,13109,2019-07-02T05:00:00,VOL_EXPANSION,TREND_DOWN,VOL_EXPANSION -> TREND_DOWN,2019-07-02T04:00:00,1,2019-07-02T04:00:00,1,1,1,1d15cf09832cd7216bb572aa7535836d7c3513e5150018a3f811a471469adf31
748f4055bab35a1f5838988ac69a3cf6b4325c859aa6161e9301dd9d480fc3d1,676,13112,2019-07-02T08:00:00,TREND_DOWN,VOL_EXPANSION,TREND_DOWN -> VOL_EXPANSION,2019-07-02T05:00:00,3,2019-07-02T05:00:00,3,3,1,b44ccfbbcc5cdaf3188b0eb30a4db5ea1cabee666f28065b8180d0a5512904c1
92112ed9f63aa6fd7531a809559610daa1452dae1292e9a814faa40d3e8499c5,677,13113,2019-07-02T09:00:00,VOL_EXPANSION,TREND_DOWN,VOL_EXPANSION -> TREND_DOWN,2019-07-02T08:00:00,1,2019-07-02T08:00:00,1,1,1,9daa3b790bbe20aeeb7bb10a1567661ae8c0f99c2c6049090ab16dcaa1edf4cf
5f52c66bc2703c3435678538559572429617fd062199e2681d927baf5e22efcc,678,13115,2019-07-02T11:00:00,TREND_DOWN,VOL_EXPANSION,TREND_DOWN -> VOL_EXPANSION,2019-07-02T09:00:00,2,2019-07-02T09:00:00,2,2,1,90a3e3316137e663af522a6c8f571275cd116c2b2a362292b78ee3e420e04ad7
cd1e48af05518ec8984ce434436220bd2728d8a5dd9bbab35ecb3c1485423b8a,679,13117,2019-07-02T13:00:00,VOL_EXPANSION,TREND_DOWN,VOL_EXPANSION -> TREND_DOWN,2019-07-02T11:00:00,2,2019-07-02T11:00:00,2,2,1,d2d565d3458018897a839461aa868fca8846cf59d3959ccf322e3df71588f143
c7ef1167189c969edc3845703678066883e53e2e0b1a2b9c7e126c28786dbf5b,680,13118,2019-07-02T14:00:00,TREND_DOWN,VOL_EXPANSION,TREND_DOWN -> VOL_EXPANSION,2019-07-02T13:00:00,1,2019-07-02T13:00:00,1,1,1,11d83e7b3530b1bd87c140eae135307846888851c24c0941c903ac8bbd9585cf
599476ae650e6071b444b6b48d051a0ae7d238fd9fa2572aa34cefd952878ab3,681,13120,2019-07-02T16:00:00,VOL_EXPANSION,TREND_DOWN,VOL_EXPANSION -> TREND_DOWN,2019-07-02T14:00:00,2,2019-07-02T14:00:00,2,2,1,fd63466a280528c42b0d2282e142a093216876bf166b568d8ec8f3ab300f75a3
112b5bc8ba6d45791fd06d3061e8f3ee5eac0d451f8c0263cd91cf2648f072da,682,13123,2019-07-02T19:00:00,TREND_DOWN,RANGE,TREND_DOWN -> RANGE,2019-07-02T16:00:00,3,2019-07-02T16:00:00,3,3,1,ac368678ee8e6fa04b867c0394e956a3f3681f6b1dd5f75b32815a2e3b25c491
cb74088e8d69c9aa4bdd3a24df4a44b02d62ad41dd425abfa59b04dce6eaf0f7,683,13131,2019-07-03T03:00:00,RANGE,TREND_UP,RANGE -> TREND_UP,2019-07-02T19:00:00,8,2019-07-02T19:00:00,8,8,1,a14d336c69c5ebe52afc5d01e9be34d42ccfd0c11f49a7cee3d4d46711469b48
1f6cab4e49bdb7d5fd1b343fb71f20ddd6f7b81cf254461079edf6fdfcbf2e21,684,13176,2019-07-05T00:00:00,TREND_UP,RANGE,TREND_UP -> RANGE,2019-07-03T03:00:00,45,2019-07-03T03:00:00,45,45,1,1d67f561096320cbcd9755a2425a3d598b14c15e20765a4f47113ad0bd42d727
224a0bf96f6d8bf271df9cbfc3ea9a83db1fda8c78f76a585937c477a79df681,685,13183,2019-07-05T07:00:00,RANGE,TREND_DOWN,RANGE -> TREND_DOWN,2019-07-05T00:00:00,7,2019-07-05T00:00:00,7,7,1,3a5280a85f6b797ea9c0d6f35f826d06e27d8f9ab0d09f56897723d8f2aa94cb
57a0c1293f188ef2c4d01ae09785f2e6bf660aab1fcba586663433fb33ad01e6,686,13203,2019-07-06T03:00:00,TREND_DOWN,RANGE,TREND_DOWN -> RANGE,2019-07-05T07:00:00,20,2019-07-05T07:00:00,20,20,1,60cc58e507950a017298227b6299a0ba2b012685a013fe2b4f368227c54610e4
0aa3f5155ee238383ce49ed368fca3aac599705b55e7815bf523111ba2d88b65,687,13207,2019-07-06T07:00:00,RANGE,TREND_UP,RANGE -> TREND_UP,2019-07-06T03:00:00,4,2019-07-06T03:00:00,4,4,1,90ff159caaf116b82a6c84e40eff4e3f99384c3cb02d8ca15fb6223cc6c7cb85
6784d90e21c731eeeb6c0dbd9daf7a49a0aa82a89df1a4573c342fe762c8093e,688,13223,2019-07-06T23:00:00,TREND_UP,RANGE,TREND_UP -> RANGE,2019-07-06T07:00:00,16,2019-07-06T07:00:00,16,16,1,54d2ec76572691e72eefe7a7d04c91bc02bb322fc7c139c03ff8143db2c54b97
805cba6c0e5f46a93e903a97ce73288d31beaeb7801c3f4032606cef4f94f1c6,689,13226,2019-07-07T02:00:00,RANGE,TREND_DOWN,RANGE -> TREND_DOWN,2019-07-06T23:00:00,3,2019-07-06T23:00:00,3,3,1,1d604bd1653e0d618cee58b5ea7eb423d64d3ed59795b6fe289e749776389ece
49773398bd872b339a0c7c1dada2af5262897f5cdb1f0d18deff169eca047b8e,690,13231,2019-07-07T07:00:00,TREND_DOWN,VOL_COMPRESSION,TREND_DOWN -> VOL_COMPRESSION,2019-07-07T02:00:00,5,2019-07-07T02:00:00,5,5,1,1942bc2329977dee67e2431abfe44998ebda44d5ad46dc0d03367914aba3f693
135799d153b039d09b6bfeadf54b17562ebc7769a6bedaf329a59013d33d9b76,691,13241,2019-07-07T17:00:00,VOL_COMPRESSION,RANGE,VOL_COMPRESSION -> RANGE,2019-07-07T07:00:00,10,2019-07-07T07:00:00,10,10,1,44db9bd726ace611fedaf66e76335c10881e8638469c4509f72538b231e32e5a
d9c48665481b225ae56a401a07e19c20be43dbed73e6828562936b63672384ac,692,13243,2019-07-07T19:00:00,RANGE,TREND_UP,RANGE -> TREND_UP,2019-07-07T17:00:00,2,2019-07-07T17:00:00,2,2,1,8829acbb851c2002da8f10a0a22bfde5ac6e6eeeec2e9e0ca059e0b9f8ac75e3
a2e1eac86e1fdc88918184b77bc03996a713345e2f0609c7a8e1a7d8c3b14efe,693,13251,2019-07-08T03:00:00,TREND_UP,VOL_COMPRESSION,TREND_UP -> VOL_COMPRESSION,2019-07-07T19:00:00,8,2019-07-07T19:00:00,8,8,1,142cbd590f753bdc91409b084e730d722fc326f9c672b259ec3706e12a35b45b
203e092bea4bac7e001f466620387a93b831504b4d500faf73bfeab17ef9373c,694,13256,2019-07-08T08:00:00,VOL_COMPRESSION,TREND_UP,VOL_COMPRESSION -> TREND_UP,2019-07-08T03:00:00,5,2019-07-08T03:00:00,5,5,1,927de6ab6b6827dfad81beae8229f28234dcd45698e798c8a10f8d89c371a88f
cb513c4b8c30a1018d73703f62887d7a1075f263363fdccd8e5dca2b5fbbae04,695,13260,2019-07-08T12:00:00,TREND_UP,VOL_COMPRESSION,TREND_UP -> VOL_COMPRESSION,2019-07-08T08:00:00,4,2019-07-08T08:00:00,4,4,1,38d72dbb3cb48f119a80ecd6d8597c83e1817fb191fef3382a60668a7835acec
3d54be60511598d866e24aa6d4373beee180c4c5890e3511994cb89e6e0b1a47,696,13273,2019-07-09T01:00:00,VOL_COMPRESSION,TREND_UP,VOL_COMPRESSION -> TREND_UP,2019-07-08T12:00:00,13,2019-07-08T12:00:00,13,13,1,078e528cda4127c23c650e5453712314087efac8556d1f5b8f404c4714cb0f7b
38a3c65a4e178f41fa4f684485600f784677586644d4a91f9c1058c8f9825d05,697,13314,2019-07-10T18:00:00,TREND_UP,RANGE,TREND_UP -> RANGE,2019-07-09T01:00:00,41,2019-07-09T01:00:00,41,41,1,93879c804a8d70f055d93dacc4c281fe8ad888e219adebde1f906b3dba016939
ecf0666033c1b576972293251cb65ecf102f14c2f95cf2af952c3503ad7e4e7d,698,13317,2019-07-10T21:00:00,RANGE,VOL_EXPANSION,RANGE -> VOL_EXPANSION,2019-07-10T18:00:00,3,2019-07-10T18:00:00,3,3,1,38ffd8582ea2f6ff8b236ab4c3faa46bb77bf7d6939a32dcd89d4e782c5d7895
df06b15bd592d4eb679a05fb4dac826125ff99b5ffa6864ede1b1bd6498bebf9,699,13321,2019-07-11T01:00:00,VOL_EXPANSION,TREND_DOWN,VOL_EXPANSION -> TREND_DOWN,2019-07-10T21:00:00,4,2019-07-10T21:00:00,4,4,1,de5f027a199c060c565c7d953afbed5bc47853b3907cb0f10a605261a5642ad1
93d540cea5dafe3c35267aea1a5954941156fc717aa907a9076c5624e98eabd8,700,13340,2019-07-11T20:00:00,TREND_DOWN,VOL_EXPANSION,TREND_DOWN -> VOL_EXPANSION,2019-07-11T01:00:00,19,2019-07-11T01:00:00,19,19,1,f14ddbb532a46b176d03c0d639e0e1e43f86a0eb9531d0ae705037f600bf78b5
0557ab94929717c1a61fd92aa46819df485bda7df0bd80131ec09aee8b708e35,701,13342,2019-07-11T22:00:00,VOL_EXPANSION,TREND_DOWN,VOL_EXPANSION -> TREND_DOWN,2019-07-11T20:00:00,2,2019-07-11T20:00:00,2,2,1,2ecedd682cf414e40ac7165bc60480376eed2a2a433c373ff8887f18d9a82628
7fbaa6b4404b5058da5f9e508ec51f2e68450585f62124fcf606a7c24b089b0a,702,13366,2019-07-12T22:00:00,TREND_DOWN,RANGE,TREND_DOWN -> RANGE,2019-07-11T22:00:00,24,2019-07-11T22:00:00,24,24,1,0e97e9dd94ff6abd4ec65308248144eedfec08622b6f82335f193c8016fa4a36
af16227dd9c2d6ef269a89f2d4f3bcaeea694b0ea6b88acc2c7874b73bc4edf0,703,13370,2019-07-13T02:00:00,RANGE,VOL_COMPRESSION,RANGE -> VOL_COMPRESSION,2019-07-12T22:00:00,4,2019-07-12T22:00:00,4,4,1,447d21f34f7f320f4e24e04ed157adb691c4f3e4395f7f4268f9adc5df4b2ff3
db5d58835feb17281dcac4f172d68ba765564cc6d7453ccd42adc245ff2f6b1d,704,13371,2019-07-13T03:00:00,VOL_COMPRESSION,TREND_DOWN,VOL_COMPRESSION -> TREND_DOWN,2019-07-13T02:00:00,1,2019-07-13T02:00:00,1,1,1,bcdf0fce5e0375b2941b9cdc8a18a504b22a166e6974ae518f5106cc8ed456f3
7a4fb9728b0315ebc352d1e5223b96d3ae11ea6d7eda765f66ac534069d293a3,705,13373,2019-07-13T05:00:00,TREND_DOWN,VOL_COMPRESSION,TREND_DOWN -> VOL_COMPRESSION,2019-07-13T03:00:00,2,2019-07-13T03:00:00,2,2,1,d30de708f4e766ea4788d7548c110e23c5b872179420a42ebf2545002eaa827d
4ac155cf74904230a497bc3da6f0c9be1f98521dbee9c50ab6eabfa6fa5df200,706,13378,2019-07-13T10:00:00,VOL_COMPRESSION,TREND_DOWN,VOL_COMPRESSION -> TREND_DOWN,2019-07-13T05:00:00,5,2019-07-13T05:00:00,5,5,1,23f61956ef811ad2ad0a1331b2e0951ee1d7667ae60399256fa82050ebd4a444
585b119c254ca1f1d2e11055492becac5c08dba12166cfc3d8ec2a092d00404d,707,13416,2019-07-15T00:00:00,TREND_DOWN,VOL_EXPANSION,TREND_DOWN -> VOL_EXPANSION,2019-07-13T10:00:00,38,2019-07-13T10:00:00,38,38,1,9b378c6f0fc37969985a5b4b802832249038e9195587b20cf864d25dfc166437
5845c9be3fc90cb69d9f49b5ea2b288a4cf973854de9f88112e041fe7a8f5413,708,13417,2019-07-15T01:00:00,VOL_EXPANSION,TREND_DOWN,VOL_EXPANSION -> TREND_DOWN,2019-07-15T00:00:00,1,2019-07-15T00:00:00,1,1,1,11f787f8cb82800ebe229e59cbadafe502f9585c782a506b556ca3b9d6b6867f
18591949c8b4be96541893e5b92587491cf23a311266aa24666ed2c7a341e176,709,13436,2019-07-15T20:00:00,TREND_DOWN,RANGE,TREND_DOWN -> RANGE,2019-07-15T01:00:00,19,2019-07-15T01:00:00,19,19,1,93cc59290a080426fa766f9897b4610ca41a3dd1652b492fe6709d6d31d6d742
318685d94e753ae1a77996e6b14355326da9eca48fe0d5be83587dc1040483b3,710,13447,2019-07-16T07:00:00,RANGE,TREND_DOWN,RANGE -> TREND_DOWN,2019-07-15T20:00:00,11,2019-07-15T20:00:00,11,11,1,061c25569a8285fc3a409ed444caf30d64997802d8747040c8f8c84886be9d99
eb644c505b95e481f3d4e0d784b244d9303f76e8c35ad1ca05fb8edce88d51b8,711,13448,2019-07-16T08:00:00,TREND_DOWN,RANGE,TREND_DOWN -> RANGE,2019-07-16T07:00:00,1,2019-07-16T07:00:00,1,1,1,84f6d643d711aa0e634a3afea7ef547a6e05861fcad94b332ce87d3516d7fb11
d1e2314000351134737bd2fdc9a8c65319468c1c585f9b2525b3a40bee9dc510,712,13450,2019-07-16T10:00:00,RANGE,TREND_DOWN,RANGE -> TREND_DOWN,2019-07-16T08:00:00,2,2019-07-16T08:00:00,2,2,1,f99e501624a4bc0be4ad9b7508cfad35face80fd1f589659ca33e5a376815449
eb5b4582e45cbfb4a8645ca55a8446594dcc6b1fbc4658978d4157bd6cb20037,713,13456,2019-07-16T16:00:00,TREND_DOWN,VOL_EXPANSION,TREND_DOWN -> VOL_EXPANSION,2019-07-16T10:00:00,6,2019-07-16T10:00:00,6,6,1,eab03cde63c4cf9363f2f798a9e954e7400e6ee41bde6aa3e257b6daf36b7208
96ae82318a5bd2830a5f5a39269ded680147910cb447089b3090ccbc74450cda,714,13461,2019-07-16T21:00:00,VOL_EXPANSION,TREND_DOWN,VOL_EXPANSION -> TREND_DOWN,2019-07-16T16:00:00,5,2019-07-16T16:00:00,5,5,1,0ac7fbdac89e844d1f440c879c730a5a9b63c39613dcc03cc36b6edc0d9de36b
b372bb328ac8be5360547fd569af73faeb8a59c59f9b11a262de487b6333f15c,715,13502,2019-07-18T14:00:00,TREND_DOWN,VOL_EXPANSION,TREND_DOWN -> VOL_EXPANSION,2019-07-16T21:00:00,41,2019-07-16T21:00:00,41,41,1,397e5014d5defe04126c23673c92e6a4ae4d91acd8127cf48e9cdc3fcb1bc353
43851d787c1af0f1c1d8edf9275529fcf8c50ca9368d79d0917ee39de61d8e76,716,13507,2019-07-18T19:00:00,VOL_EXPANSION,TREND_UP,VOL_EXPANSION -> TREND_UP,2019-07-18T14:00:00,5,2019-07-18T14:00:00,5,5,1,6020bc5f9391f93d79f66ca53fd7e90aff7e3a799cf273daf9d410e554d0b458
39382906f80e4b548ea73989efa77e74eacc3c41c3e76d2069085761a6701d94,717,13542,2019-07-20T06:00:00,TREND_UP,VOL_COMPRESSION,TREND_UP -> VOL_COMPRESSION,2019-07-18T19:00:00,35,2019-07-18T19:00:00,35,35,1,47229d9902c0a43b90dfa5e293d094c30d3d6312fba4bb53f427ce633f56a70e
21f4f50f8fd79a737f4d953258f4d38ecfb93b9c8fedbf049827ad15e91d3328,718,13543,2019-07-20T07:00:00,VOL_COMPRESSION,TREND_UP,VOL_COMPRESSION -> TREND_UP,2019-07-20T06:00:00,1,2019-07-20T06:00:00,1,1,1,fa6aa30deedcc9e67f190b400aa5c700599c0ca718ae2f7dd0e4d08f76a3d899
680f008fe3465c3db63112f9f34e49b1222d6a9f35d0fbc92aacb6fc7497e2d2,719,13544,2019-07-20T08:00:00,TREND_UP,VOL_COMPRESSION,TREND_UP -> VOL_COMPRESSION,2019-07-20T07:00:00,1,2019-07-20T07:00:00,1,1,1,15245da2331565f073094906c45945da4191514c497bc529859a435084717260
c77bb4547829b21b936e45460c2df110731d6dfc0ebf4c4bf5c5dc1df97e5e35,720,13549,2019-07-20T13:00:00,VOL_COMPRESSION,TREND_UP,VOL_COMPRESSION -> TREND_UP,2019-07-20T08:00:00,5,2019-07-20T08:00:00,5,5,1,f50070c0950a4baa1b996ed0f899893ea6fe046e7aff6b194c2423a19f6ba89f
8d63bbd96d3f4a7c2c6ea8b0ff98f88b40604a122d43ce66587ae62b3ec25c99,721,13556,2019-07-20T20:00:00,TREND_UP,VOL_COMPRESSION,TREND_UP -> VOL_COMPRESSION,2019-07-20T13:00:00,7,2019-07-20T13:00:00,7,7,1,aebc6d61c088db99324b0cf96b4c008f4cbaf8631c117b1e71d1469f531887da
81249c61ce813b00207108df4041aa2eb01885123f11487fe5b5e476807b099a,722,13559,2019-07-20T23:00:00,VOL_COMPRESSION,TREND_UP,VOL_COMPRESSION -> TREND_UP,2019-07-20T20:00:00,3,2019-07-20T20:00:00,3,3,1,f41aaf1fd998a5ee7377bfd9ec44de07482fcb66c9926c50fcf69662d3a0f3b2
d598853ec23341445766397fc6a11ccdc54fdf1adc50df9966097956db826c66,723,13567,2019-07-21T07:00:00,TREND_UP,VOL_COMPRESSION,TREND_UP -> VOL_COMPRESSION,2019-07-20T23:00:00,8,2019-07-20T23:00:00,8,8,1,ec59b180ba27254f8d0999f5d2293a47213c58590b308378a481aadf3f25c506
cca1676f960a4f977a08da61468b0c40eb1a0bb8a1dbebba710c1f3b0f94d45f,724,13568,2019-07-21T08:00:00,VOL_COMPRESSION,TREND_UP,VOL_COMPRESSION -> TREND_UP,2019-07-21T07:00:00,1,2019-07-21T07:00:00,1,1,1,0197e8591dc7bf9351d28b8c9e55ba283e600d0d17a48aa96dcd72f1435ec6b2
2746f622c8c8d0482e747086a5e667773d8dc7e127ff36a35da3f697e3f11cb8,725,13572,2019-07-21T12:00:00,TREND_UP,VOL_COMPRESSION,TREND_UP -> VOL_COMPRESSION,2019-07-21T08:00:00,4,2019-07-21T08:00:00,4,4,1,343f1e15d0f7f399d8fc0a5d358e2dfbbd88c5cd98f3de07b07fe3c7a06703e1
bd8d6e89d3985f585d46bd50606c4b89494d984b9c4a72b183ff8ae41852945e,726,13574,2019-07-21T14:00:00,VOL_COMPRESSION,RANGE,VOL_COMPRESSION -> RANGE,2019-07-21T12:00:00,2,2019-07-21T12:00:00,2,2,1,4d5b1d3c1eeea47964e0c8ef5170af844f3e785872ba7cecc7f7fcd4cf56c394
3c9a60318811edf78fc2484a8789eaed2d19984d3b792f5ff931f263edc4710d,727,13584,2019-07-22T00:00:00,RANGE,TREND_UP,RANGE -> TREND_UP,2019-07-21T14:00:00,10,2019-07-21T14:00:00,10,10,1,ebfa1c15357d84091abbcfeee45f47de1a69aceb31d20b3db5485c75ad16bc1b
69517a4c01e4dd05d0e4e654e4638511b6bd03c0789817328e0be124f9101623,728,13585,2019-07-22T01:00:00,TREND_UP,VOL_COMPRESSION,TREND_UP -> VOL_COMPRESSION,2019-07-22T00:00:00,1,2019-07-22T00:00:00,1,1,1,8d81d458b212f900af48e63d1152de6cb1ee8f0eb6db4f571780a931a81b4f99
7983aea972891b3472a372d724feacc75abde7fac763e03bdf907b2ecbdcc56b,729,13598,2019-07-22T14:00:00,VOL_COMPRESSION,TREND_DOWN,VOL_COMPRESSION -> TREND_DOWN,2019-07-22T01:00:00,13,2019-07-22T01:00:00,13,13,1,311c5069098d050f3f6f9db5f39f166197611a23d8bb896e7e7ad6194d8ac757
3bc84fa7b63bd981d7894f35f1bfe7b66d0757b61e3acc76b8f6de1c6248f85b,730,13612,2019-07-23T04:00:00,TREND_DOWN,VOL_COMPRESSION,TREND_DOWN -> VOL_COMPRESSION,2019-07-22T14:00:00,14,2019-07-22T14:00:00,14,14,1,a9c072e8700487bfb0a9523bccf936184e1431f15e6eb042ca5015f34c7a90a6
69eb82d672df08d9190d89936300545d958bfade3cc1efb2efaf0798582aa30a,731,13614,2019-07-23T06:00:00,VOL_COMPRESSION,TREND_DOWN,VOL_COMPRESSION -> TREND_DOWN,2019-07-23T04:00:00,2,2019-07-23T04:00:00,2,2,1,e51ba65c5bb455bfa3b828fa42cd55cdb5ffd07029c86c0924fe5fd082f6d306
774e11edf597fc0abc75bfed04086553d648123dfbf7d7e6711737c618a13cfa,732,13625,2019-07-23T17:00:00,TREND_DOWN,VOL_COMPRESSION,TREND_DOWN -> VOL_COMPRESSION,2019-07-23T06:00:00,11,2019-07-23T06:00:00,11,11,1,30402c8a3727a7613a08b13216f46781d4a89e7dd657225573dae5300d65c262
d2161371d1510d39e6dab32e7d90efcdd4d8aa7e2e78e261646f481249e75881,733,13626,2019-07-23T18:00:00,VOL_COMPRESSION,TREND_DOWN,VOL_COMPRESSION -> TREND_DOWN,2019-07-23T17:00:00,1,2019-07-23T17:00:00,1,1,1,8fa852e0d48072c373e24abcb0e019ede2454505c37a76ba05d5036b39c9e9c8
471d6b9021aaee1006f2a76e0a637f4204797cfd731a1b04ffe940c00bc47461,734,13627,2019-07-23T19:00:00,TREND_DOWN,VOL_COMPRESSION,TREND_DOWN -> VOL_COMPRESSION,2019-07-23T18:00:00,1,2019-07-23T18:00:00,1,1,1,cde6d1c7600b9eeb6545b277e00aeaad0768bb0c94a0160865e4e9c4f5e29220
17bc7cad7432c7316be997082205c4bdda4a69185c3d4adfb3d6b07063b09684,735,13631,2019-07-23T23:00:00,VOL_COMPRESSION,TREND_DOWN,VOL_COMPRESSION -> TREND_DOWN,2019-07-23T19:00:00,4,2019-07-23T19:00:00,4,4,1,c49e7435356f444fc1cd99f3c6d618262cd5f736e9c1048cc84b4f06c93eab13
22f9340ee20653d9f0afca6d9d7088109643a15ec2a14b4b453bd5ef9bc583ad,736,13638,2019-07-24T06:00:00,TREND_DOWN,VOL_COMPRESSION,TREND_DOWN -> VOL_COMPRESSION,2019-07-23T23:00:00,7,2019-07-23T23:00:00,7,7,1,49b6017fd378c61f2ac787b5ee58790c4c482a8b1271c81d6029a488710991b3
b5ee91abb811e8113ad697b959f7142efd9a3544b93f0dcc8e05facbbfc53e40,737,13646,2019-07-24T14:00:00,VOL_COMPRESSION,TREND_DOWN,VOL_COMPRESSION -> TREND_DOWN,2019-07-24T06:00:00,8,2019-07-24T06:00:00,8,8,1,4d5b19b196f8c5f66e191bff925c97d40f270a0af9ff953fb6a2adcbcd5df56d
52d1a39d7169cb83eddc8e52d6c6106fcfb2d36dd6b070a6f0a636b9db05b243,738,13647,2019-07-24T15:00:00,TREND_DOWN,VOL_COMPRESSION,TREND_DOWN -> VOL_COMPRESSION,2019-07-24T14:00:00,1,2019-07-24T14:00:00,1,1,1,75e7a5d6977ba044348976bced592c1317b268a01da627006cac987f2a878c24
73cd4adc38c707ab59d488a3abcd5b39c38277ba676c655b1ec47eebf613315e,739,13648,2019-07-24T16:00:00,VOL_COMPRESSION,TREND_DOWN,VOL_COMPRESSION -> TREND_DOWN,2019-07-24T15:00:00,1,2019-07-24T15:00:00,1,1,1,d2f5020c0234a1245b4175f7bcd8b7b513078d207c7cae682bac00a65b28827f
af48a17cf7857d1822260d35faada3c29c5bde3c40e250fac011220148ca7c02,740,13658,2019-07-25T02:00:00,TREND_DOWN,RANGE,TREND_DOWN -> RANGE,2019-07-24T16:00:00,10,2019-07-24T16:00:00,10,10,1,f6595151b612a33b5c69a9ba66a96b106463009692921e0716f2451c9c0507c0
ef707a26a9df82169575903b00d3755c22a3424728a6574005c8c46d1c7c1c41,741,13661,2019-07-25T05:00:00,RANGE,VOL_COMPRESSION,RANGE -> VOL_COMPRESSION,2019-07-25T02:00:00,3,2019-07-25T02:00:00,3,3,1,97258a342fe24beabfeb960b860786fc5152341031f22db8956151032643f6fa
fdc63f963f18127bfb2b190a5e713b310f5125dbc2ed2a0d43534166abc7fee8,742,13704,2019-07-27T00:00:00,VOL_COMPRESSION,RANGE,VOL_COMPRESSION -> RANGE,2019-07-25T05:00:00,43,2019-07-25T05:00:00,43,43,1,bc549f600b670ce0e4e9ce4cf4c40b25366cf36c2eb778fe59dff20767fb77cd
3dbbdc59b3ff24fb0b97040a875f5ac4c0376561d74628118ee547bb29a39dfb,743,13705,2019-07-27T01:00:00,RANGE,VOL_COMPRESSION,RANGE -> VOL_COMPRESSION,2019-07-27T00:00:00,1,2019-07-27T00:00:00,1,1,1,1727e73db8e85f61f978c38515697e7447d288450790be4ca8098a8683d6d7c5
732dae11fa788e8c96d4a2d5a2976a68632111f50b5db600527149d7ab3f66ea,744,13714,2019-07-27T10:00:00,VOL_COMPRESSION,TREND_UP,VOL_COMPRESSION -> TREND_UP,2019-07-27T01:00:00,9,2019-07-27T01:00:00,9,9,1,f3fa31205d8d839f1195fae3289eff9902c5f398b5485829ff5c639ec835e282
3a3d93f3cd12fd7559d45544a3ec02bfbb694ab1ee3fa623241cd517d87689de,745,13715,2019-07-27T11:00:00,TREND_UP,TREND_DOWN,TREND_UP -> TREND_DOWN,2019-07-27T10:00:00,1,2019-07-27T10:00:00,1,1,1,afa1dcba6e26815f2c4ee46bdacfbb27f141a82df29c21a673c5f5e056d5da77
c0df938e74b088b50f089946fd3059d553ed3ce8eae5e3b60c9a91bc56426aa3,746,13722,2019-07-27T18:00:00,TREND_DOWN,VOL_COMPRESSION,TREND_DOWN -> VOL_COMPRESSION,2019-07-27T11:00:00,7,2019-07-27T11:00:00,7,7,1,d485613e83227fe1f4f3d69d66cc4c86739ce1757e0b359609af232f742f0c60
fa03ebb86fb4104919eaf6b455948b8766c8715aa8c9e9348eebf7d62d13f8ec,747,13726,2019-07-27T22:00:00,VOL_COMPRESSION,TREND_DOWN,VOL_COMPRESSION -> TREND_DOWN,2019-07-27T18:00:00,4,2019-07-27T18:00:00,4,4,1,508d9a1a142df07e2a00d4563d5e0fca058013e7084cefa8a673cf766addc379
1721de2956e9f941e0edc62fd0802b3648e75e80497500f8adc0a83c87cae0a2,748,13729,2019-07-28T01:00:00,TREND_DOWN,VOL_COMPRESSION,TREND_DOWN -> VOL_COMPRESSION,2019-07-27T22:00:00,3,2019-07-27T22:00:00,3,3,1,f833cd292571a124e21c248b680bdab81f21d749692b3038ca16c776d2873fd9
4b6e6b9002a0af3023014ec80562ce198c3d6cbf430a22b09193b4fbf80dbde4,749,13750,2019-07-28T22:00:00,VOL_COMPRESSION,TREND_DOWN,VOL_COMPRESSION -> TREND_DOWN,2019-07-28T01:00:00,21,2019-07-28T01:00:00,21,21,1,d338c4e1a90a092122afb1f5872028332bd81ae50601bd7d7f615c8435127328
e1edb9d805ca0cca91c68b93231935145e2f3539519f31fb3f2f45ba7d517dd1,750,13755,2019-07-29T03:00:00,TREND_DOWN,VOL_COMPRESSION,TREND_DOWN -> VOL_COMPRESSION,2019-07-28T22:00:00,5,2019-07-28T22:00:00,5,5,1,f16244ebf6a241cb9171e555b060cf68d5d459b53cca5f959b34d930c82a327e
f49502835b85def015b8207206bdcbebd2ad0984ba5b89324d49af17fa9e4b6b,751,13768,2019-07-29T16:00:00,VOL_COMPRESSION,TREND_DOWN,VOL_COMPRESSION -> TREND_DOWN,2019-07-29T03:00:00,13,2019-07-29T03:00:00,13,13,1,c914e0f24bfe04649f6143417ab22d92cd3312ac427732091955568f15c51a8a
b742ac8f962934fda7e5d0fff779370e7ae4571b0b67b112116163d08ebbb3f9,752,13771,2019-07-29T19:00:00,TREND_DOWN,VOL_COMPRESSION,TREND_DOWN -> VOL_COMPRESSION,2019-07-29T16:00:00,3,2019-07-29T16:00:00,3,3,1,e771706839d98f29622ea4345dc9b0ea987d80e1b5183c8ee2c5cc314f6ac09f
378f63389f002dfd63a694a71d5a7ba03fa3a39a57d0de83d4d0fe835f786492,753,13921,2019-08-05T01:00:00,VOL_COMPRESSION,TREND_UP,VOL_COMPRESSION -> TREND_UP,2019-07-29T19:00:00,150,2019-07-29T19:00:00,150,150,1,4c6db9aedffe6c21597c9e0cf77bd70cd2be7e97419033d9e243a42035e7c330
9ef75243004f71d52e3be101cbd6b500925e2e34b3479958d0661b771cb9bc7d,754,13925,2019-08-05T05:00:00,TREND_UP,VOL_COMPRESSION,TREND_UP -> VOL_COMPRESSION,2019-08-05T01:00:00,4,2019-08-05T01:00:00,4,4,1,70850ad68dd39ec003b4b7b6eef714c284bf21bc89e70f32d92970974c1931d4
b7f33b20412566e2eeea0763d59b6cc012c84175c47d4709e1a7066068cf6b3f,755,13927,2019-08-05T07:00:00,VOL_COMPRESSION,TREND_UP,VOL_COMPRESSION -> TREND_UP,2019-08-05T05:00:00,2,2019-08-05T05:00:00,2,2,1,16416f6760fa1f7ea285f0d13f46a8bc68f519411bc246ff885f99bc1333f5a3
9da5e942dc78742cbcbd7e228d94d17e995f418b3c1ced7b7fd89ff7e085596a,756,13928,2019-08-05T08:00:00,TREND_UP,VOL_COMPRESSION,TREND_UP -> VOL_COMPRESSION,2019-08-05T07:00:00,1,2019-08-05T07:00:00,1,1,1,62a0184576413b7116de617aa0e628cd03286d6cbfb87d0d80523022b20aabbe
845bc5b7dbf6ff77d0d23f74965bda5a72aa39062c6fbd3b21184cbd06a6a906,757,13931,2019-08-05T11:00:00,VOL_COMPRESSION,TREND_UP,VOL_COMPRESSION -> TREND_UP,2019-08-05T08:00:00,3,2019-08-05T08:00:00,3,3,1,25a5ec81ecfbef922f549ff3aa6509b18ab810db2eb46250b507e6338f6e5919
195d79608853217d13b12f86fcf288781223e6b0d5b2f4ceebc05374da450b5f,758,13932,2019-08-05T12:00:00,TREND_UP,VOL_COMPRESSION,TREND_UP -> VOL_COMPRESSION,2019-08-05T11:00:00,1,2019-08-05T11:00:00,1,1,1,e8937f7a8184f3b016592e20134a4a79d8700e52a3d43ca13b2c7983d6b06706
14513758024672168294d8696314ccfcf33e4e03ff25fcf4a0af69dd2eb2a1b6,759,13950,2019-08-06T06:00:00,VOL_COMPRESSION,TREND_UP,VOL_COMPRESSION -> TREND_UP,2019-08-05T12:00:00,18,2019-08-05T12:00:00,18,18,1,51d64186915a2df5a4dbc10caf88d1f997623dbd1b1f4d8e60189098cab296ac
11ef927eb9625785628a7bcc5bb0e2a5e620e79ccd2ab7d264cf42305f329f5c,760,13952,2019-08-06T08:00:00,TREND_UP,VOL_COMPRESSION,TREND_UP -> VOL_COMPRESSION,2019-08-06T06:00:00,2,2019-08-06T06:00:00,2,2,1,d381322fade4834daf2b753ef9bfd4cb45675924d9689e390f6f8dc0411db925
c34214600d0ced44e03f135cfed2fcde6cf1070a4dd58e3baa509977d7cad2eb,761,13954,2019-08-06T10:00:00,VOL_COMPRESSION,TREND_UP,VOL_COMPRESSION -> TREND_UP,2019-08-06T08:00:00,2,2019-08-06T08:00:00,2,2,1,c1b04aa51277e68a67374b02c50e9d538de27007999f7bbd9cdbcc89fec58fa4
7294224c677bdc169b2c1ddc25360d8e067dc56438fae54c7b00adc8f463c443,762,13966,2019-08-06T22:00:00,TREND_UP,RANGE,TREND_UP -> RANGE,2019-08-06T10:00:00,12,2019-08-06T10:00:00,12,12,1,8d4ba0627b96205401208d33bb01d642348317cd538f9030feab36932d8a6ee9
741314e29677281c0b7c506eab1fddafad81d5373b7ec107fd2a7b7453d95202,763,13972,2019-08-07T04:00:00,RANGE,TREND_UP,RANGE -> TREND_UP,2019-08-06T22:00:00,6,2019-08-06T22:00:00,6,6,1,a5551ede64d169d19d1370833726ebe061adb9678527eb9e05b4eca58b93b1d7
8054199ea32a122ff8a5764b216ef6a20a111a4e8ebab3ee41a75776f675ca24,764,13978,2019-08-07T10:00:00,TREND_UP,VOL_COMPRESSION,TREND_UP -> VOL_COMPRESSION,2019-08-07T04:00:00,6,2019-08-07T04:00:00,6,6,1,888ac444c6ff709f841f11c729f91559e3635db157faf2887f55e9a69ac0290e
0fa5d5bb435cde9a9310999e826b7e6c86fd184d3dcac8b68a5e3baad96133e9,765,13981,2019-08-07T13:00:00,VOL_COMPRESSION,TREND_UP,VOL_COMPRESSION -> TREND_UP,2019-08-07T10:00:00,3,2019-08-07T10:00:00,3,3,1,73a1e75029bbb11c11d4f50485625aa0dc60fc43a2eba1c41c8d13e4f5d2ec12
246989e9a77c452c11ad7fb13d40f65a5a21895b677f7e173b4e4696e1c8ddd7,766,13997,2019-08-08T05:00:00,TREND_UP,VOL_COMPRESSION,TREND_UP -> VOL_COMPRESSION,2019-08-07T13:00:00,16,2019-08-07T13:00:00,16,16,1,5f3e27fe4ec07a2e91ad538fa56a67c4e2f5a8212a5383e1f47fa1b676d795f0
0b0302299f89b6796424a6501dbed5bdb4e8fe2a3527f709e0107f9e9d376785,767,13998,2019-08-08T06:00:00,VOL_COMPRESSION,TREND_UP,VOL_COMPRESSION -> TREND_UP,2019-08-08T05:00:00,1,2019-08-08T05:00:00,1,1,1,939a1e8c17ea7be3e8dbfe811af42e4cbba024f1a32f2d903c9582f5e05fd624
bf7836e2e90b55cc33ad7327a7193d71fec448970026f2c9c457a7c2887094a9,768,14000,2019-08-08T08:00:00,TREND_UP,VOL_COMPRESSION,TREND_UP -> VOL_COMPRESSION,2019-08-08T06:00:00,2,2019-08-08T06:00:00,2,2,1,ff319f7cd3c623b78549848aadbec3731bc31c99e5e015af74bbc4f9b99b8387
938300dc74e76cf61026c8a515d9d4c3024e9fb8ef03c879a89e591f880261a3,769,14005,2019-08-08T13:00:00,VOL_COMPRESSION,TREND_UP,VOL_COMPRESSION -> TREND_UP,2019-08-08T08:00:00,5,2019-08-08T08:00:00,5,5,1,3a9120a5581ddabc5e019b2195d6d7912ba75f53e152581eba6466960afb6940
50b49285797d2dafa7b6e9cf215292d407e0904e4718bdbcc428d633d7ced47f,770,14006,2019-08-08T14:00:00,TREND_UP,VOL_COMPRESSION,TREND_UP -> VOL_COMPRESSION,2019-08-08T13:00:00,1,2019-08-08T13:00:00,1,1,1,f0936c678d8211762d7b0434c5c9a49d144d93a8cf75a3fe10833b1c82a996fb
dffcf329f3706f9b3ecb4f7754abf5002519f9f68f4c9f207268085a12dddee3,771,14009,2019-08-08T17:00:00,VOL_COMPRESSION,RANGE,VOL_COMPRESSION -> RANGE,2019-08-08T14:00:00,3,2019-08-08T14:00:00,3,3,1,d9c3e843dc47bb401e9859700e174c92f8f1be361754e57ffaadfe0e4d81d001
b9d430c6fecb8091f87bd348d68c4a86c8cd3119bc8a0db8bf519137c5814646,772,14015,2019-08-08T23:00:00,RANGE,TREND_UP,RANGE -> TREND_UP,2019-08-08T17:00:00,6,2019-08-08T17:00:00,6,6,1,610608d39a0880bfc0e4cad2556233276771f6f2c54614096c41f1009d5bde83
a622818916de9447e97b7ce958273b73107a78f8ba6fb31a12b38e665597c314,773,14018,2019-08-09T02:00:00,TREND_UP,VOL_COMPRESSION,TREND_UP -> VOL_COMPRESSION,2019-08-08T23:00:00,3,2019-08-08T23:00:00,3,3,1,09dcc1d93ab618fc9a90aa89c0ffd8481a89d03e45e3c0cca6c2abb9863ee81a
a11527f6c186c7136a49c60eedec541696fccbe353dc39944c7051725730d181,774,14051,2019-08-10T11:00:00,VOL_COMPRESSION,RANGE,VOL_COMPRESSION -> RANGE,2019-08-09T02:00:00,33,2019-08-09T02:00:00,33,33,1,6bd418f2352b54de9f909eb8fece0bde90b0a31a8f9f7ccc064793556180753e
2d99ecbeff091e2b6c72e59cfcf5e52e4eca2de3f4b682a2f998fa89471a712a,775,14052,2019-08-10T12:00:00,RANGE,TREND_DOWN,RANGE -> TREND_DOWN,2019-08-10T11:00:00,1,2019-08-10T11:00:00,1,1,1,8c7bfd65e2c99b64aed6ebd8a7a5a3c9c612afa1f946bcd351a6d79406ce428c
d5ec85e2ccea075ec0f5ce00e69e4e367430325c217f3748369ce4f3607f8db3,776,14055,2019-08-10T15:00:00,TREND_DOWN,VOL_COMPRESSION,TREND_DOWN -> VOL_COMPRESSION,2019-08-10T12:00:00,3,2019-08-10T12:00:00,3,3,1,939e5dab0afd2ac530e6d4414289f594256216c57b8a585b826481dca57bf28a
c9d12803421bba2c900ff6524b3f58fd01002ce4b95a90969adc0aa92ccd27c8,777,14152,2019-08-14T16:00:00,VOL_COMPRESSION,TREND_DOWN,VOL_COMPRESSION -> TREND_DOWN,2019-08-10T15:00:00,97,2019-08-10T15:00:00,97,97,1,5ea155217369fd9fd23df87d256d61191f3abd2e0919c3f6736f7fd21331b236
6e26432f1dd6a55354f9969ae4c7111853a6d44e02e2db82158381f9dd8bd2c6,778,14184,2019-08-16T00:00:00,TREND_DOWN,RANGE,TREND_DOWN -> RANGE,2019-08-14T16:00:00,32,2019-08-14T16:00:00,32,32,1,01af1e18094a7e837306e51ab540c5db55c871d478c96abf52150db75b653f65
9144561e4400846e035be82ed370982a00b31c263a7a8faa444f90427df080b1,779,14185,2019-08-16T01:00:00,RANGE,TREND_DOWN,RANGE -> TREND_DOWN,2019-08-16T00:00:00,1,2019-08-16T00:00:00,1,1,1,a5b2dc49e1aa0d889ced10c1b7f523db23cd579039ab5fc16b5e4c5777d4c31a
7db68282ff9f33079e4fe94ac1f4a983ff01b78fcfd0bcdd03f1b8e1626451af,780,14201,2019-08-16T17:00:00,TREND_DOWN,RANGE,TREND_DOWN -> RANGE,2019-08-16T01:00:00,16,2019-08-16T01:00:00,16,16,1,3fea773588a1643d00dce5db9661e6216c57c2d76b06ea36dcb43ac074d63ab5
6deeb7b67c86b143362ec5202bd4b6656ebd5d42f0f5d20c82671a44d31f14f7,781,14210,2019-08-17T02:00:00,RANGE,TREND_UP,RANGE -> TREND_UP,2019-08-16T17:00:00,9,2019-08-16T17:00:00,9,9,1,a00c34829ee160511a2b1b0827424216be6232ccb84d478e5d623df65d3fecb1
92c5312afa47cc11f855c25e4259b50ecca6314b70fd50c8b4e646815f287581,782,14215,2019-08-17T07:00:00,TREND_UP,VOL_COMPRESSION,TREND_UP -> VOL_COMPRESSION,2019-08-17T02:00:00,5,2019-08-17T02:00:00,5,5,1,da8c9d2bb4b0943b9fc1a9a07e79f137fd09bfb8934c619e6ae36e6ae8cb3451
eb202cfe1cf9748219d97351646396d4eca94637082ddff900fa2094781e0d01,783,14225,2019-08-17T17:00:00,VOL_COMPRESSION,RANGE,VOL_COMPRESSION -> RANGE,2019-08-17T07:00:00,10,2019-08-17T07:00:00,10,10,1,2d6f561b18fd0858a2745a3a3bc9b6ad34b6a5da3dc699946a183effd45ac4a4
8c6e5437c28d4279b9b111fccdb193391cdfbf77ecd076fcf7560abeabb52293,784,14226,2019-08-17T18:00:00,RANGE,TREND_DOWN,RANGE -> TREND_DOWN,2019-08-17T17:00:00,1,2019-08-17T17:00:00,1,1,1,75e33ae190beb389fc94efe06373ca4f9220a69a993af9138441a96fcf0d6a2f
722d0210149d97887a2cb7e564f23d1de4c18a44ca14cca437fb67ba49da6f9a,785,14231,2019-08-17T23:00:00,TREND_DOWN,VOL_COMPRESSION,TREND_DOWN -> VOL_COMPRESSION,2019-08-17T18:00:00,5,2019-08-17T18:00:00,5,5,1,3d4266dd506b334a28f041e3fa1bc81e910433dae96390fe0f8cf17f10a934cf
bf747c369d2280a15c87d5043a3254319130333c29a84b3cfb898c9b02f49ac8,786,14307,2019-08-21T03:00:00,VOL_COMPRESSION,RANGE,VOL_COMPRESSION -> RANGE,2019-08-17T23:00:00,76,2019-08-17T23:00:00,76,76,1,2b0a9732297d93b083ba846427c31aa400fbddaec6378238becc08e4c9672d7f
d0153574d3b203eca85615a29b75250b7192ba0146d86f6f7071b067d2b0deb4,787,14309,2019-08-21T05:00:00,RANGE,TREND_DOWN,RANGE -> TREND_DOWN,2019-08-21T03:00:00,2,2019-08-21T03:00:00,2,2,1,085ddb7d604766a0fda24e7d01e341b88662642c6642003b19b75a033610ac67
f59f1652fef0663b7a65cf4ea3ba9f099f3ef5ed9962568fafe1f3bf83d118c7,788,14324,2019-08-21T20:00:00,TREND_DOWN,VOL_COMPRESSION,TREND_DOWN -> VOL_COMPRESSION,2019-08-21T05:00:00,15,2019-08-21T05:00:00,15,15,1,9c4462c8089e0b74e291a4f989495833003f47c0c4f7b5bf05b09af3a605d224
da1decc8d93ee8afab9960d16076a65bfd5f38853dab3d47eb725dd791cc5a78,789,14325,2019-08-21T21:00:00,VOL_COMPRESSION,TREND_DOWN,VOL_COMPRESSION -> TREND_DOWN,2019-08-21T20:00:00,1,2019-08-21T20:00:00,1,1,1,43dd1f138d8b050ae18c774e91272146f6ce7326149007ed8631da22a27b7a14
eb966d38726bfb4cb17a247360d9650c4d7912e8d0a97c604966a4e8bb42a69e,790,14326,2019-08-21T22:00:00,TREND_DOWN,VOL_COMPRESSION,TREND_DOWN -> VOL_COMPRESSION,2019-08-21T21:00:00,1,2019-08-21T21:00:00,1,1,1,3e321987e65f98c48d0365919c545bb85535101470d915ea7f39d4da0655fbfc
76658ee8ca50b848925d35a8408253770de691815233fd3eb717b3eba6a75518,791,14329,2019-08-22T01:00:00,VOL_COMPRESSION,TREND_DOWN,VOL_COMPRESSION -> TREND_DOWN,2019-08-21T22:00:00,3,2019-08-21T22:00:00,3,3,1,71fa62c33e23803da73be2888fb9fa07a175c15146c69fb2a640c4415d36b8a4
271d94e5d221e53469032765452e51ad85067663aff0b4bdd76f30f37b37fa32,792,14338,2019-08-22T10:00:00,TREND_DOWN,VOL_COMPRESSION,TREND_DOWN -> VOL_COMPRESSION,2019-08-22T01:00:00,9,2019-08-22T01:00:00,9,9,1,a3c19ca8dd622837174b796831413d0d53092ea3bf2a9dc5eb578c8bc4241393
4e858c2ca510104fe957b78a01284188e369de0152f39cd8cc69a79919d2a244,793,14414,2019-08-25T14:00:00,VOL_COMPRESSION,RANGE,VOL_COMPRESSION -> RANGE,2019-08-22T10:00:00,76,2019-08-22T10:00:00,76,76,1,e86660a2bf54c339234288452409eb61b9b61971f4151b9b46e5670b5f4d2c66
ffc3e73d607fdb16244a16b62791813815aed51da7f8080b310583f25bcec30d,794,14415,2019-08-25T15:00:00,RANGE,VOL_COMPRESSION,RANGE -> VOL_COMPRESSION,2019-08-25T14:00:00,1,2019-08-25T14:00:00,1,1,1,6f3e8ac4e733ae3dfcfa310980e494eeb9b1392e54d36edc79b613911d78784e
8f2b366bc6559eba7393c1010a8b58deecd0eb048bc13876d67d03976af03b71,795,14424,2019-08-26T00:00:00,VOL_COMPRESSION,TREND_DOWN,VOL_COMPRESSION -> TREND_DOWN,2019-08-25T15:00:00,9,2019-08-25T15:00:00,9,9,1,d7c82af259b601f52efb7f8a20b1b04e425e421d301ea912e2225ae5e576de11
1f121c98fd118132a22dd60938287e5824bf1862e6d18508ee6bbe16d01ed614,796,14425,2019-08-26T01:00:00,TREND_DOWN,TREND_UP,TREND_DOWN -> TREND_UP,2019-08-26T00:00:00,1,2019-08-26T00:00:00,1,1,1,eaf45ba065122fcd1bae36c2a4c5b18d2065fb571deaddc7cc23ab779af31553
324df0a11d22212198b30978c2ca4f3bdd2c45be094beef419cf753c8a4cd975,797,14433,2019-08-26T09:00:00,TREND_UP,VOL_COMPRESSION,TREND_UP -> VOL_COMPRESSION,2019-08-26T01:00:00,8,2019-08-26T01:00:00,8,8,1,504e2ec387f9dc0b58b5138b7a1f49a76a714c7c4fbe82c2bdf0af5b953a9ae2
07366a805c51abbaac3bfce526f70df49873f40485509baf8670d91ad7c2e6d4,798,14490,2019-08-28T18:00:00,VOL_COMPRESSION,TREND_DOWN,VOL_COMPRESSION -> TREND_DOWN,2019-08-26T09:00:00,57,2019-08-26T09:00:00,57,57,1,9f37ce3ebaa3fd3583708c8f35896a72f74f0198c1d0d7e325a135697e6a1625
626448dc2e3a7a5b23996de215f28a0fcb1bb328220ee95f807609541afee5c6,799,14495,2019-08-28T23:00:00,TREND_DOWN,VOL_COMPRESSION,TREND_DOWN -> VOL_COMPRESSION,2019-08-28T18:00:00,5,2019-08-28T18:00:00,5,5,1,d69b134767fb33aff33badc2957516eeea0fab2215aefe61535f85f0b449dba2
9363f333dea39c7cfa0d1d4e89d4252e17e29ab1b9e9d06e735f902b85063829,800,14705,2019-09-06T17:00:00,VOL_COMPRESSION,TREND_UP,VOL_COMPRESSION -> TREND_UP,2019-08-28T23:00:00,210,2019-08-28T23:00:00,210,210,1,56490159505d304b7cb55a82e8854ef8fe85000059f475324a54fe3c89fa001f
9b650a83e05598d589665198011e3ee3bba64b20ff41ca5d24b31e1e470a19a8,801,14707,2019-09-06T19:00:00,TREND_UP,RANGE,TREND_UP -> RANGE,2019-09-06T17:00:00,2,2019-09-06T17:00:00,2,2,1,579c0caccfa1aa4b8f62d63be44519f218cb171f8740c062dd940bcf726bb6f6
614ecb122439cfe9333ac815dc8b3c9f8fc3c6aab55d5fe5699db4febf7f3064,802,14711,2019-09-06T23:00:00,RANGE,VOL_COMPRESSION,RANGE -> VOL_COMPRESSION,2019-09-06T19:00:00,4,2019-09-06T19:00:00,4,4,1,c1021ce83635bd09f5d187a348e6676e257695d0f8558e40592f5955accb0e78
87777a3b9d38190dc6abca9eb6e19ff7c5bd089fc9693357ae28d8dddd0b88c6,803,15138,2019-09-24T18:00:00,VOL_COMPRESSION,TREND_DOWN,VOL_COMPRESSION -> TREND_DOWN,2019-09-06T23:00:00,427,2019-09-06T23:00:00,427,427,1,e009778da23dbece02d0c894f6e663aefaaa9bab6d8001d05c001719d2e0b765
952d887fc0174e77dcf04617a4f889bd0344c4d85de61099bcd95d0c5c591fd4,804,15139,2019-09-24T19:00:00,TREND_DOWN,VOL_EXPANSION,TREND_DOWN -> VOL_EXPANSION,2019-09-24T18:00:00,1,2019-09-24T18:00:00,1,1,1,e8830ba36284ea12e69384bddf05754bec94f5b3c18ce4be0d41c6eeaddfce4a
e814eb38fff6185f0cea599763c9c3b0ff13ab8f9e10232806e956a3041a1b6b,805,15144,2019-09-25T00:00:00,VOL_EXPANSION,TREND_DOWN,VOL_EXPANSION -> TREND_DOWN,2019-09-24T19:00:00,5,2019-09-24T19:00:00,5,5,1,fa8ec4de09526ec1663de27f6080587800370c6f4973203143cea2cf71ac7db7
a36da841f6c758832e441b3368e415543d9356bb47642721e0e082a103277c6c,806,15172,2019-09-26T04:00:00,TREND_DOWN,VOL_COMPRESSION,TREND_DOWN -> VOL_COMPRESSION,2019-09-25T00:00:00,28,2019-09-25T00:00:00,28,28,1,aa96f8eb0d63e74f3c6e75e4854110ad855a791a2f11cedcb68b6e23bdcfa119
795ec717ff4853875e97054d66d37011fa22a71d07155e59f9295bc15afa8683,807,15181,2019-09-26T13:00:00,VOL_COMPRESSION,TREND_DOWN,VOL_COMPRESSION -> TREND_DOWN,2019-09-26T04:00:00,9,2019-09-26T04:00:00,9,9,1,cc231a1874dd628feadacbd8c2c80baff222991bbd4cf578a3842efb174e3ab1
8c6dfdd0dcf7eb1ccb670920fd1d609e81213df52c301681fbff99ab9d351db3,808,15198,2019-09-27T06:00:00,TREND_DOWN,VOL_COMPRESSION,TREND_DOWN -> VOL_COMPRESSION,2019-09-26T13:00:00,17,2019-09-26T13:00:00,17,17,1,327decc1be860826d9f597cd700d92db222a8e28219fe0799f6c9b6dbc179c90
9c52939d0b78787f468ed365e73c409863bbce137a91f3fdbf0103b1b69e8dda,809,15207,2019-09-27T15:00:00,VOL_COMPRESSION,TREND_DOWN,VOL_COMPRESSION -> TREND_DOWN,2019-09-27T06:00:00,9,2019-09-27T06:00:00,9,9,1,e8d018ff2f302b8c518b23157b441d14a131c52480f86ac3f63379eb618c1893
de08cccacd2d922bab200e76466a065d57da93312ab973f7a30863684c6056a8,810,15209,2019-09-27T17:00:00,TREND_DOWN,VOL_COMPRESSION,TREND_DOWN -> VOL_COMPRESSION,2019-09-27T15:00:00,2,2019-09-27T15:00:00,2,2,1,927bfbda19c5ff510de46c7854aea717f24df32dbd4051432e4651c13ecb4477
976d5492c29fd7e4b614d17e4b661c17704acd6f67f77cd90672e3ce301a6f4c,811,15213,2019-09-27T21:00:00,VOL_COMPRESSION,TREND_DOWN,VOL_COMPRESSION -> TREND_DOWN,2019-09-27T17:00:00,4,2019-09-27T17:00:00,4,4,1,24ca6497ba2e09fe150161e9175feb396706c4cde85c55684164b5faa3541e23
88e5e62b22671ac92da38d5a115e32043b1c160df89206f874c07608bf3483ea,812,15215,2019-09-27T23:00:00,TREND_DOWN,VOL_COMPRESSION,TREND_DOWN -> VOL_COMPRESSION,2019-09-27T21:00:00,2,2019-09-27T21:00:00,2,2,1,08d198d7e0d52e1f58dbea3ae5d1f048d4dc1aca20879629715cdd5b38451917
ace129da0a29f8feb9d29ebe1073bb55f3b0e23903b9cc4cc06017aa9f50f109,813,15268,2019-09-30T04:00:00,VOL_COMPRESSION,TREND_DOWN,VOL_COMPRESSION -> TREND_DOWN,2019-09-27T23:00:00,53,2019-09-27T23:00:00,53,53,1,c2373a4b61c361529ef9398e929cdb6bc1df1361f5c6b6955397974a6e0ea51b
c3aff92de2d82a5a9ccbae06852b09bf6e57810c0311816f07b6c8a0bd6c8c21,814,15270,2019-09-30T06:00:00,TREND_DOWN,VOL_COMPRESSION,TREND_DOWN -> VOL_COMPRESSION,2019-09-30T04:00:00,2,2019-09-30T04:00:00,2,2,1,30725b6759e4cda63c085745e17b209da8be52eea67239a2f842ac44e6e70c6d
136c2a72301aa5f9c53cdc01bf703c653f40b4996ff65e672f874770c335115d,815,15272,2019-09-30T08:00:00,VOL_COMPRESSION,TREND_DOWN,VOL_COMPRESSION -> TREND_DOWN,2019-09-30T06:00:00,2,2019-09-30T06:00:00,2,2,1,01ed099ba923e0c72523afb6ed883778e86b9d6097ff96023c3f2020ecab11a6
ea24e6149869daaeb4887533b946b4015717a4f75125a1d9efb7fc68b0e8e6f3,816,15278,2019-09-30T14:00:00,TREND_DOWN,RANGE,TREND_DOWN -> RANGE,2019-09-30T08:00:00,6,2019-09-30T08:00:00,6,6,1,d24f2d9403751e8c6aa03f342c4f8c93b6cc80ceea89f149a4a9bb512bd10830
03438788d9921fcf4dc4998a0a70c433aa23ea44ba7ebed7ea81cd2d0da3c0cc,817,15282,2019-09-30T18:00:00,RANGE,TREND_UP,RANGE -> TREND_UP,2019-09-30T14:00:00,4,2019-09-30T14:00:00,4,4,1,6de5b0e66430ffa2f2e46267cc766a77f6c53ffbd17874b993a83b06ed1cd1b5
6b4e4e5f88ace0ec2873c79e1b0103bcfaf4dd6363bfde71c1462b95e17448a3,818,15283,2019-09-30T19:00:00,TREND_UP,VOL_COMPRESSION,TREND_UP -> VOL_COMPRESSION,2019-09-30T18:00:00,1,2019-09-30T18:00:00,1,1,1,553a64ced0ce4173f614408ba77f27fd082be27f88ee790b4d1d032c435ec934
5687a877755db10a787c83e16a3fdc10a1eda7b5411dacc21292277c2fc6e3d0,819,15290,2019-10-01T02:00:00,VOL_COMPRESSION,TREND_UP,VOL_COMPRESSION -> TREND_UP,2019-09-30T19:00:00,7,2019-09-30T19:00:00,7,7,1,66f1e28a6788a5ec05f111b5e0c0ed92652a337e85a55013fd5f50d8cb14144f
8043a42c7e0357e0791f83a3260a2836ac6d1b631e9cc036762cdde2da62b0a7,820,15292,2019-10-01T04:00:00,TREND_UP,VOL_COMPRESSION,TREND_UP -> VOL_COMPRESSION,2019-10-01T02:00:00,2,2019-10-01T02:00:00,2,2,1,82dcfcd901ab1a02f169ee94af7cd17f7e04067a8a0f5f8b22624138dd161375
9191f21b7dbbdce7eda28d7ba73fc50a4d27c1c9fb47d7abd36446c6a274a0d0,821,15305,2019-10-01T17:00:00,VOL_COMPRESSION,TREND_UP,VOL_COMPRESSION -> TREND_UP,2019-10-01T04:00:00,13,2019-10-01T04:00:00,13,13,1,b7b8677b967d7a78f5e57803783aac32f405575fed7ceec04b776ba83b8d42d4
e7c0d5d47729d099ce45ce532b328757e0d061878a69c8a07ec2bda53d3c934f,822,15312,2019-10-02T00:00:00,TREND_UP,VOL_COMPRESSION,TREND_UP -> VOL_COMPRESSION,2019-10-01T17:00:00,7,2019-10-01T17:00:00,7,7,1,1a4bfdc6d562bb04a29e1df059bd2df00290323036ee81e011f49bae7c944020
02cbaba9e07db8feae191e31626c04282cd5e49018c6017891b5f56c3dd1cf30,823,15533,2019-10-11T05:00:00,VOL_COMPRESSION,TREND_UP,VOL_COMPRESSION -> TREND_UP,2019-10-02T00:00:00,221,2019-10-02T00:00:00,221,221,1,09f3aed5a7ad36e04ccf61c5d6d7322442a8e8d6d3cfa82515b65b03c9b9ad7f
54fbd0f08749107b94c58604c201df9798b9f91abdde134f2e9f53c55138009f,824,15537,2019-10-11T09:00:00,TREND_UP,VOL_COMPRESSION,TREND_UP -> VOL_COMPRESSION,2019-10-11T05:00:00,4,2019-10-11T05:00:00,4,4,1,d16e01f20f3783c7458398574e448ab9933b592cd8a9824aef3b612342d40ae1
8043afeb109aec47f75513115cc91f0f5a827414ab04450f065971b18ff52e0f,825,15828,2019-10-23T12:00:00,VOL_COMPRESSION,TREND_DOWN,VOL_COMPRESSION -> TREND_DOWN,2019-10-11T09:00:00,291,2019-10-11T09:00:00,291,291,1,7c50fb880d60de505dc6fed51a23bbf8498242036d3b2c317bd62ed1a195e236
1ddcdb40084993953e7fc71d22fe1efa99d74e71a619663f08c35057028808cc,826,15835,2019-10-23T19:00:00,TREND_DOWN,VOL_COMPRESSION,TREND_DOWN -> VOL_COMPRESSION,2019-10-23T12:00:00,7,2019-10-23T12:00:00,7,7,1,827139a1013080bb30afc217a153466646176ed5eb451d5b699730ebe263d679
debc2866311048d8436fa1b686edf8a1660c1a5e8bd335b9da2b9d6f521e3671,827,15879,2019-10-25T15:00:00,VOL_COMPRESSION,RANGE,VOL_COMPRESSION -> RANGE,2019-10-23T19:00:00,44,2019-10-23T19:00:00,44,44,1,a11fba8521ed63fcfa5cfd173a24e34006f933ea598ad638100357b708e62a5e
d143b845c63518258a94849b30ce10f5a26de75b43fe8379e4dea10e64b7701a,828,15880,2019-10-25T16:00:00,RANGE,TREND_UP,RANGE -> TREND_UP,2019-10-25T15:00:00,1,2019-10-25T15:00:00,1,1,1,55ac25e4ffff5cce88ffa4ad87aecd0a0c8c0c2fad36993cccadf3c8e6d5dab0
1b417682e3a553c971eb5cad1dd82dd83c3dc492f2a1656e5bafa9c3dee7602e,829,15888,2019-10-26T00:00:00,TREND_UP,VOL_EXPANSION,TREND_UP -> VOL_EXPANSION,2019-10-25T16:00:00,8,2019-10-25T16:00:00,8,8,1,4b3d9ba116976426638c736e1513c4e6e749ac81cbfbd192d29a63327be1b386
5800506f08ab7ccb9e9409c579f2a7cf2c73a24ff62a3d94f0b7cc6910af08a2,830,15889,2019-10-26T01:00:00,VOL_EXPANSION,HIGH_VOL,VOL_EXPANSION -> HIGH_VOL,2019-10-26T00:00:00,1,2019-10-26T00:00:00,1,1,1,677446208ced72ff2a0c7273a4c627736ed2f38054fb946b7cf6ae139413b3dc
da9d2e6a31d231a839395d0b3e1a3d206710c51bf64f023076d51ef3fb249280,831,15893,2019-10-26T05:00:00,HIGH_VOL,VOL_EXPANSION,HIGH_VOL -> VOL_EXPANSION,2019-10-26T01:00:00,4,2019-10-26T01:00:00,4,4,1,280516bcac9fab51bd1c44116996a20696e3627b2c8b4cb65f616f023231275b
f8747c0d5448696302bae9874631e895883549c6049a6a87127ebfdb7de6caa3,832,15894,2019-10-26T06:00:00,VOL_EXPANSION,TREND_UP,VOL_EXPANSION -> TREND_UP,2019-10-26T05:00:00,1,2019-10-26T05:00:00,1,1,1,5086847e291d7aac6ee45aae780ba0f301cf5478b255b985907986ed75cf5252
4be382dc89f4e256b86e892c973863e2e023c4d94266eb0ff88daf6031aa1ba8,833,15953,2019-10-28T17:00:00,TREND_UP,VOL_COMPRESSION,TREND_UP -> VOL_COMPRESSION,2019-10-26T06:00:00,59,2019-10-26T06:00:00,59,59,1,74cb4b0768c0203573216815be31e337cdc06858eb0a275633d81b13df709f7d
00201f05fe1c610c67b928574d949d9282b0eaa6834e1d5a680f702f4aa38813,834,15954,2019-10-28T18:00:00,VOL_COMPRESSION,TREND_UP,VOL_COMPRESSION -> TREND_UP,2019-10-28T17:00:00,1,2019-10-28T17:00:00,1,1,1,d03bdb5694986343b70e295a7226ec5df5fc919276632495b9c158b553273cd7
545ec81e36d8f7014bf2292b5f6f19a22329e6a8e5fe7f1be74aac977d54dc49,835,15955,2019-10-28T19:00:00,TREND_UP,VOL_COMPRESSION,TREND_UP -> VOL_COMPRESSION,2019-10-28T18:00:00,1,2019-10-28T18:00:00,1,1,1,edae0335a4b0e718c6340b8989837871fee627af896a5e8319803372eaea7d50
50de18ac50bbfe2acddb862d66fb25c0334ef94f5487e042caf5c13807dd8aea,836,15959,2019-10-28T23:00:00,VOL_COMPRESSION,TREND_UP,VOL_COMPRESSION -> TREND_UP,2019-10-28T19:00:00,4,2019-10-28T19:00:00,4,4,1,f03d946b75e914474c7bda13f7e4da1176acb6be8352b8ade9a14b16befd2c4f
b3906cf7699da95d14157dc3811c7e5d49b8d4517944b79767006b9d6e0e964c,837,15962,2019-10-29T02:00:00,TREND_UP,VOL_COMPRESSION,TREND_UP -> VOL_COMPRESSION,2019-10-28T23:00:00,3,2019-10-28T23:00:00,3,3,1,756c411843da633c6ea02924ebc3bb1cb97ad5866b252396accf85103fb1309d
2154b153792101e0a4f8127d4abd8cf2e56ff12c56eb191fa36b61f04d671e96,838,15965,2019-10-29T05:00:00,VOL_COMPRESSION,TREND_UP,VOL_COMPRESSION -> TREND_UP,2019-10-29T02:00:00,3,2019-10-29T02:00:00,3,3,1,cf1cda369f05218835d3a2cecc575dbed38b1e79c26491914cc65619b5169dbb
d80706193d8f82da4424639a074ac8c1acf6451c5567fa0d803336235f91e063,839,15967,2019-10-29T07:00:00,TREND_UP,VOL_COMPRESSION,TREND_UP -> VOL_COMPRESSION,2019-10-29T05:00:00,2,2019-10-29T05:00:00,2,2,1,12ea5eba64cb8995f445fe7e5659b78267d7855e1d2847e6d6d97a07e9216fe8
bb601dcb7c3125c179be8bdffea3da6eda21a0ba9108f8244a2741c7c62cff45,840,15979,2019-10-29T19:00:00,VOL_COMPRESSION,RANGE,VOL_COMPRESSION -> RANGE,2019-10-29T07:00:00,12,2019-10-29T07:00:00,12,12,1,f505a66123f2e880f28c92c8360fa05fe43e25224a3557dc34b458ad915caa49
7000f892efe6ceb9e7f05407f42d06fe3c7579affe53ad2c4561637f1b0a1ae7,841,15981,2019-10-29T21:00:00,RANGE,TREND_UP,RANGE -> TREND_UP,2019-10-29T19:00:00,2,2019-10-29T19:00:00,2,2,1,d2a3280b97850ed0402f905af59a7ca8861484a82e4b60e251e068f478828567
c9e138d3c610c9662983dfe9d385eb111c21a3fde54b011733cf4e5763fd3b8a,842,15988,2019-10-30T04:00:00,TREND_UP,RANGE,TREND_UP -> RANGE,2019-10-29T21:00:00,7,2019-10-29T21:00:00,7,7,1,a587a293c95017cbd3e929a63133f6f63315bacd07ef486f8c117408ec9b119d
f4fca81f1c79e785a68025adf6b59858f877507a2f2614119701ca02536b6e7c,843,15990,2019-10-30T06:00:00,RANGE,VOL_COMPRESSION,RANGE -> VOL_COMPRESSION,2019-10-30T04:00:00,2,2019-10-30T04:00:00,2,2,1,a13715709bde3c4db55d8abe94f89ffad5e0eab00420a0b5bd4d7f335888e36f
f13eb33c2b9bb8d87b852edd11154282495f0e90d95443e37cb1c10dd2117538,844,15999,2019-10-30T15:00:00,VOL_COMPRESSION,TREND_DOWN,VOL_COMPRESSION -> TREND_DOWN,2019-10-30T06:00:00,9,2019-10-30T06:00:00,9,9,1,9134e7c81eed768ca284de95977e43a0d23f53a78b6b1c4d96d1238cb3ce4ecb
21a89b90aaeaf7a93d84fdd6200d3083b03c95e0cdfa3259abbff7475ffdbd19,845,16002,2019-10-30T18:00:00,TREND_DOWN,VOL_COMPRESSION,TREND_DOWN -> VOL_COMPRESSION,2019-10-30T15:00:00,3,2019-10-30T15:00:00,3,3,1,56a87c78cceaa7a4542f65a70e2f3c818b212fb96fcea6e69852fecf3ab98c62
0528573ae7cdaab16c49c025155e2d334403e212f3d19bd939c9bb8dfbe1b07d,846,16020,2019-10-31T12:00:00,VOL_COMPRESSION,TREND_DOWN,VOL_COMPRESSION -> TREND_DOWN,2019-10-30T18:00:00,18,2019-10-30T18:00:00,18,18,1,2ba5cd6aa8ca618a6e0768319681a78d12d2ca01445ea7b2576cf9445ec5e50f
376f0c74457f453fa0bc88b424366ff4ba065a1d48ad03249ace1294fa743fe1,847,16021,2019-10-31T13:00:00,TREND_DOWN,VOL_COMPRESSION,TREND_DOWN -> VOL_COMPRESSION,2019-10-31T12:00:00,1,2019-10-31T12:00:00,1,1,1,c520f26a1242532ad4516369fff69422edd97a3f8b4881d4c83dd5149b55ff94
6497ea5bfbb8c67b2da41d76e01516585c76f1d6576daa3734b5d8838cd4488f,848,16526,2019-11-21T15:00:00,VOL_COMPRESSION,TREND_DOWN,VOL_COMPRESSION -> TREND_DOWN,2019-10-31T13:00:00,505,2019-10-31T13:00:00,505,506,1,2537b01f99f6d838805df476fa1e0af2a98465835d7adb3b632b4a90a8dac745
466846e592ccc1c0c822e7fc36316bbe53c2e9c0a1f4782de352f05c3360c776,849,16529,2019-11-21T18:00:00,TREND_DOWN,VOL_COMPRESSION,TREND_DOWN -> VOL_COMPRESSION,2019-11-21T15:00:00,3,2019-11-21T15:00:00,3,3,1,55c4dfffe0fad49cc41db685e528701eed03031a4ffad41db4e9cbd1072c4c09
9125604c22d26145288a399a35f8217b474ef564c70f49e9668e98051c5c3074,850,16543,2019-11-22T08:00:00,VOL_COMPRESSION,TREND_DOWN,VOL_COMPRESSION -> TREND_DOWN,2019-11-21T18:00:00,14,2019-11-21T18:00:00,14,14,1,48e3e5f353fa3248eb0c10e8a88bdfbb7192b1e32d99e1064e94e899102ab9bf
f65ee779b22abe0561e52ac49b29c976a4319fc2cada16f7d629003c53043af7,851,16570,2019-11-23T11:00:00,TREND_DOWN,VOL_COMPRESSION,TREND_DOWN -> VOL_COMPRESSION,2019-11-22T08:00:00,27,2019-11-22T08:00:00,27,27,1,77ff6557152d9a778e3d96bfc8cb368b80c57ce09257c1b7452072191278fd68
55fec3ae81abc08bdc8a7aeadfb575126bbe2c269e627b6ce4d3c81f348bb736,852,16575,2019-11-23T16:00:00,VOL_COMPRESSION,TREND_DOWN,VOL_COMPRESSION -> TREND_DOWN,2019-11-23T11:00:00,5,2019-11-23T11:00:00,5,5,1,5759fb10f8171a817f341ff7d2a0b346ba2baad023eabf5a1a76cc61ee2adf42
70f7b83853d9f5502fa3d5d88ffbcecdaa481eaf33fec9bfc596a4b95a660d47,853,16576,2019-11-23T17:00:00,TREND_DOWN,VOL_COMPRESSION,TREND_DOWN -> VOL_COMPRESSION,2019-11-23T16:00:00,1,2019-11-23T16:00:00,1,1,1,70ef5ce58e3217e18fe9d1d162f30206c4aa09002dfb19a8d64b4bf02b7ca007
b7abafd49b0096ef6f3345747e321ae638f2f5056095ba6f2568a8690950a769,854,16597,2019-11-24T14:00:00,VOL_COMPRESSION,TREND_DOWN,VOL_COMPRESSION -> TREND_DOWN,2019-11-23T17:00:00,21,2019-11-23T17:00:00,21,21,1,d102864f6cb554d2df8e18a08e268639d1fb3d2810416932bfec9da6ccff0cee
86abb5d2326ee149e5710ef55eb5d3ae31fa0f9ced94005e83dfa07c35e17309,855,16605,2019-11-24T22:00:00,TREND_DOWN,VOL_COMPRESSION,TREND_DOWN -> VOL_COMPRESSION,2019-11-24T14:00:00,8,2019-11-24T14:00:00,8,8,1,656cd488ce68d9df38b5cc9493bba7334f60671ec0de50090019e7c8bc246461
38d94bd1b83ef3adac0c524e05ded00e4ec8bad895b9dbb2341372ffd72a1823,856,16606,2019-11-24T23:00:00,VOL_COMPRESSION,TREND_DOWN,VOL_COMPRESSION -> TREND_DOWN,2019-11-24T22:00:00,1,2019-11-24T22:00:00,1,1,1,57bc3887031a6b463d91ac5e085fbafdcb73cf1076deba4f032aa45be95318c6
6dad58927702746bbc76605e647452adcc6e9729d4f1e9d32bb1385684703c61,857,16622,2019-11-25T15:00:00,TREND_DOWN,RANGE,TREND_DOWN -> RANGE,2019-11-24T23:00:00,16,2019-11-24T23:00:00,16,16,1,8c9b54901138eb3efcc5c78d3bade41859078b772b5a9c91cf9f6090da7cc0f9
fdc31e0a3c2b074de5dab33d2786238006bff392c3da259b77d9069a486b18e4,858,16634,2019-11-26T03:00:00,RANGE,TREND_UP,RANGE -> TREND_UP,2019-11-25T15:00:00,12,2019-11-25T15:00:00,12,12,1,babb472665ee86c3e25a3510564b0b9ee864db8846993172fdb2a0e49d4b6518
441bf7b33156de35bcfa8267847cac345466d72f29764a6fa08448073ef63277,859,16645,2019-11-26T14:00:00,TREND_UP,RANGE,TREND_UP -> RANGE,2019-11-26T03:00:00,11,2019-11-26T03:00:00,11,11,1,a07b65576d70d520ce68a8aeff60a4ef4959f74bb545ffba52653f64258bf385
ebc534f59de9f51702965565dcd3ced6375194954bffb8795ebd40e7a4a2b220,860,16649,2019-11-26T18:00:00,RANGE,VOL_COMPRESSION,RANGE -> VOL_COMPRESSION,2019-11-26T14:00:00,4,2019-11-26T14:00:00,4,4,1,92b9a140837f2667f93c51d38d8bdc7584f3b9fab79ef13a28aa3d10bd12859e
8563f55be66bff39b5d3ec78dfc1c1e04d2b191011d42e439db7f4097f74f6ee,861,16666,2019-11-27T11:00:00,VOL_COMPRESSION,TREND_DOWN,VOL_COMPRESSION -> TREND_DOWN,2019-11-26T18:00:00,17,2019-11-26T18:00:00,17,17,1,ed08464b90e5f3cadacb7b28b8bfcc2b404a53deb2aaad55184b57c455e24c6d
c0ee68335ad11c898c494128493c01723502e25372725313d6b1584e80c449d5,862,16669,2019-11-27T14:00:00,TREND_DOWN,TREND_UP,TREND_DOWN -> TREND_UP,2019-11-27T11:00:00,3,2019-11-27T11:00:00,3,3,1,8ea5ffb094412e6a57f1651721f7a03c32082c7245e88b5483249e22f85ca4b4
41dd6372475170a955ac7132912dd9b5ec8dfdb8e7680093e5a52ef9a625e94f,863,16682,2019-11-28T03:00:00,TREND_UP,VOL_COMPRESSION,TREND_UP -> VOL_COMPRESSION,2019-11-27T14:00:00,13,2019-11-27T14:00:00,13,13,1,212483ea1f1916286bae662b0e1b840a8ebf465641f237f921e682f3c4f2bf17
44ee06d15ae6b2e768b7bda7a9b13b34cb23bdb661dff07363db1390a004637a,864,16716,2019-11-29T13:00:00,VOL_COMPRESSION,TREND_UP,VOL_COMPRESSION -> TREND_UP,2019-11-28T03:00:00,34,2019-11-28T03:00:00,34,34,1,757a8aabc0eb7a3af0398a16bd3b5c621f87fb0237b97053d69a095f57554a3c
3bc4960975d95a3b4b4059a9e293538b56cfba80ce19b73fdf36eb5ef176ecc4,865,16718,2019-11-29T15:00:00,TREND_UP,VOL_COMPRESSION,TREND_UP -> VOL_COMPRESSION,2019-11-29T13:00:00,2,2019-11-29T13:00:00,2,2,1,c2c71a15c5ba958e9de53d42a56dfebfe4e6fd3f61b91129831b7105607eea4d
d5e4af9defe0bffbd9d87ee5722aef5ff688a3122cac8a18358508788fd2834f,866,16719,2019-11-29T16:00:00,VOL_COMPRESSION,TREND_UP,VOL_COMPRESSION -> TREND_UP,2019-11-29T15:00:00,1,2019-11-29T15:00:00,1,1,1,c34936310fdf4ca84e8e6fbc8c20d661f534bcf1a63ecc711a722f7fb8644fe2
89696e735fb651f7a4b7b7ad60c0ce90955a27bbb3475eb51e0925566a384b48,867,16720,2019-11-29T17:00:00,TREND_UP,VOL_COMPRESSION,TREND_UP -> VOL_COMPRESSION,2019-11-29T16:00:00,1,2019-11-29T16:00:00,1,1,1,68c90528a21dbba220631a366f6de4ecfeb6618eb1e7b66a5b242093f81a550a
0cb388c3f83140677ec94f1c26bb184aafc803403fb6d8762ebc03b0990accd8,868,16766,2019-12-01T15:00:00,VOL_COMPRESSION,TREND_DOWN,VOL_COMPRESSION -> TREND_DOWN,2019-11-29T17:00:00,46,2019-11-29T17:00:00,46,46,1,894c898dfe8fef3461970c2d5219966366f8ac6504caadad21ae2a1abccecfc9
c3a72dccf93737473581c203bba08e6160f3002d337cee9ab30303b7cf610155,869,16767,2019-12-01T16:00:00,TREND_DOWN,VOL_COMPRESSION,TREND_DOWN -> VOL_COMPRESSION,2019-12-01T15:00:00,1,2019-12-01T15:00:00,1,1,1,e92fa9153e95831bb448097f15449106147a5f7ef407634657ed70cf0d585d1e
cbbf8aac3a7961420d4b8f4e40cd61cf00c7b16b3aa55ce8ce62ffd83b56a710,870,16836,2019-12-04T13:00:00,VOL_COMPRESSION,TREND_DOWN,VOL_COMPRESSION -> TREND_DOWN,2019-12-01T16:00:00,69,2019-12-01T16:00:00,69,69,1,0313dedc40eae99924c6f6f6e99d2864094ff67ed203dbb6212633983131150d
fdc9838241dc2b93f38e77144419032409f7eced1f8c4955037fd01ff4140ab0,871,16837,2019-12-04T14:00:00,TREND_DOWN,RANGE,TREND_DOWN -> RANGE,2019-12-04T13:00:00,1,2019-12-04T13:00:00,1,1,1,8ed7e9591beb70c9251f3092866824b0ae14b8899384df7706ce33d4d32cc3b3
4f1ce632ac05ddd2c8567faaef55daa7485daf997aec9afadcb93a53860ae9a9,872,16840,2019-12-04T17:00:00,RANGE,TREND_UP,RANGE -> TREND_UP,2019-12-04T14:00:00,3,2019-12-04T14:00:00,3,3,1,169d4350b11fae21391b31ab75e2973280e5a896e10875c67f016e9fdd7f2c95
262560ffa889abff7ad7432acb2dd6fa7c828c887d147739b0953cc4490ac83a,873,16841,2019-12-04T18:00:00,TREND_UP,VOL_COMPRESSION,TREND_UP -> VOL_COMPRESSION,2019-12-04T17:00:00,1,2019-12-04T17:00:00,1,1,1,f8c95529ae6116b56990a5404527edde771e4107772202d459896876f74c581d
17a99f56034638a43deb0ad2437ae0d95c85d5f609d42e5da21eaa2dc788132c,874,16843,2019-12-04T20:00:00,VOL_COMPRESSION,TREND_UP,VOL_COMPRESSION -> TREND_UP,2019-12-04T18:00:00,2,2019-12-04T18:00:00,2,2,1,8e71c20b7fe6d3e567a2e229cc64d05af17192f41a67f6a0a3109d750aa495d8
5bd1150640aa112dd3fbfe13977ad8f574b57f71b1a5275527727fc61ed6a653,875,16845,2019-12-04T22:00:00,TREND_UP,RANGE,TREND_UP -> RANGE,2019-12-04T20:00:00,2,2019-12-04T20:00:00,2,2,1,085d4f67381277919d49da40fb3f5e1c674381f63f0879bdec64c02647ceb77f
49f22573df1c00b9f97c4a4f4a815b10b5bf7b806c8324c4661310fe5af63002,876,16846,2019-12-04T23:00:00,RANGE,TREND_DOWN,RANGE -> TREND_DOWN,2019-12-04T22:00:00,1,2019-12-04T22:00:00,1,1,1,4988c5c9b633ab63e4fec8cb2ef459eb716a7bab502ca36f7246420fedbdd30b
4cddcadef60ffb2f9eaf782eba555bc3802485d87665830628500b50dc36f3fd,877,16850,2019-12-05T03:00:00,TREND_DOWN,VOL_COMPRESSION,TREND_DOWN -> VOL_COMPRESSION,2019-12-04T23:00:00,4,2019-12-04T23:00:00,4,4,1,0dc870e708c9ff87ea28cc3020cbe9521ba7a1c317c49a6c22289148ab3df478
509718b49290ccbaa9d7b54c8bcb9ebadcb7a2714ccb2348f1eb1b7129fc7af5,878,16851,2019-12-05T04:00:00,VOL_COMPRESSION,TREND_DOWN,VOL_COMPRESSION -> TREND_DOWN,2019-12-05T03:00:00,1,2019-12-05T03:00:00,1,1,1,9c69b0e07014a17319024d851aba4275041dcb958fbd088018a7c3957e897531
345ab4a87315f5e090e6fa2a44c8e546867d9e20d364d9dc16e0385e9fe61bfe,879,16855,2019-12-05T08:00:00,TREND_DOWN,RANGE,TREND_DOWN -> RANGE,2019-12-05T04:00:00,4,2019-12-05T04:00:00,4,4,1,531a0eec0ef138a805224f647c82d47630e965c436da656db6072dacc9fbf8d9
0211d563c244674577bf43ead91864cd556dfb6e33b9531786458db26bae0aa3,880,16858,2019-12-05T11:00:00,RANGE,VOL_COMPRESSION,RANGE -> VOL_COMPRESSION,2019-12-05T08:00:00,3,2019-12-05T08:00:00,3,3,1,2567e3c002cf3bf1aaad5d000e6d1f56c1f18b9c4f9517cc4560b093d71424f0
0aa64e3cbe65e8dbd521c7a41347cc0ca7bcf6b2086a6fb54f0562878171ebcc,881,17172,2019-12-18T13:00:00,VOL_COMPRESSION,TREND_DOWN,VOL_COMPRESSION -> TREND_DOWN,2019-12-05T11:00:00,314,2019-12-05T11:00:00,314,314,1,604a67b4babc59cca357378309e84abbc69676f04f19771859134ce5e1ed9d74
29ca237c3ad3906463dc5503472c462a51d94b2d39e220e23d7a8ffc20005526,882,17176,2019-12-18T17:00:00,TREND_DOWN,RANGE,TREND_DOWN -> RANGE,2019-12-18T13:00:00,4,2019-12-18T13:00:00,4,4,1,bc1283518add0cf5f16437a074a468b89db55d8400ce82e1f89351fd89a924f3
b1d589e29c089a348d4b2fef430c643761fbe1f49bbda861aa3dcea733a1ce82,883,17181,2019-12-18T22:00:00,RANGE,TREND_UP,RANGE -> TREND_UP,2019-12-18T17:00:00,5,2019-12-18T17:00:00,5,5,1,867363e4321c91eef050c6fc5e1df946e2ea208432e71cbd8662602922f5040a
9aef2d6f8c9ea39de57f3ffefa3c17b0b72512f285482fa8a93f22ade1375fca,884,17191,2019-12-19T08:00:00,TREND_UP,VOL_COMPRESSION,TREND_UP -> VOL_COMPRESSION,2019-12-18T22:00:00,10,2019-12-18T22:00:00,10,10,1,f133bcd65c0b4e939d708ffa326c0236b0e7f1c54aed4724b10cbffbae8ee815
863a005ee3098e64994046a184136ec743b80af0c7d5ff6965870b2120d4338b,885,17196,2019-12-19T13:00:00,VOL_COMPRESSION,TREND_UP,VOL_COMPRESSION -> TREND_UP,2019-12-19T08:00:00,5,2019-12-19T08:00:00,5,5,1,29956abd094af9673d13474f9979e294cc1c59893c32e38c61bb675924ffb3e8
186bf67c8b5d42416ef8655cfcd350e7256c4cf05113e3f11c0cb56d2507cb16,886,17197,2019-12-19T14:00:00,TREND_UP,VOL_COMPRESSION,TREND_UP -> VOL_COMPRESSION,2019-12-19T13:00:00,1,2019-12-19T13:00:00,1,1,1,60a5f503f3b19e9822141f083eeda67633fdf10e2b4f351601205d0d8087d31e
9d5d99a74cc2d0cc3edf0e8a92bcd8d6084ec7eb0320bad202c39b22bd887045,887,17296,2019-12-23T17:00:00,VOL_COMPRESSION,TREND_UP,VOL_COMPRESSION -> TREND_UP,2019-12-19T14:00:00,99,2019-12-19T14:00:00,99,99,1,8c319eac50a62bba71b1bc68ca89a01f322b23c7b265dbbe49e3533623c24909
b0ae11eb69ba06742c5c1189b575f50aad37c32154f0a8f1919b1dfc54527b2a,888,17299,2019-12-23T20:00:00,TREND_UP,VOL_COMPRESSION,TREND_UP -> VOL_COMPRESSION,2019-12-23T17:00:00,3,2019-12-23T17:00:00,3,3,1,d812fd58f977c97b32709c6013c4fcca1e25c22b5f36a6effbcdd83e356fe32d
c84b6cdc3eb59d84c9654199f36ff7aa1fd7a894ea577f31b80259f3e2e2c35f,889,17300,2019-12-23T21:00:00,VOL_COMPRESSION,TREND_UP,VOL_COMPRESSION -> TREND_UP,2019-12-23T20:00:00,1,2019-12-23T20:00:00,1,1,1,61b39a4e645b10eb8ebcb3ffcf35435922321f9948b28d854f92f8537751e165
80401d3bbe427657565baf6dd1fa935e86b5dc4a8172f688f5736755bcc8029f,890,17301,2019-12-23T22:00:00,TREND_UP,VOL_COMPRESSION,TREND_UP -> VOL_COMPRESSION,2019-12-23T21:00:00,1,2019-12-23T21:00:00,1,1,1,dcbdc70c41546c69bff9c9ce9442619cb0b57a0028f23cca2e09ad606e45bfee
fd163cf5064aace7e9dfe4b550d3d9fb077e9e33715b2d6fb59250109706a7fb,891,17657,2020-01-07T18:00:00,VOL_COMPRESSION,TREND_UP,VOL_COMPRESSION -> TREND_UP,2019-12-23T22:00:00,356,2019-12-23T22:00:00,356,356,1,f717b5f4559f79d0846fe5e45c452c25f02ced6bc32c32d163d341cfcf7736c0
6e76e5b515470934399183c04509261617e5801a8b5f9569ab9f5020a8723ae3,892,17658,2020-01-07T19:00:00,TREND_UP,VOL_COMPRESSION,TREND_UP -> VOL_COMPRESSION,2020-01-07T18:00:00,1,2020-01-07T18:00:00,1,1,1,e3a5421f40c870f7a036130939a619fddeca1c21b7f9ae34af1aa21743b48a1b
0c0dec5abbae86c078c336994bb68e8e475cd83fc827c14302d9e4e29ca00d9d,893,17659,2020-01-07T20:00:00,VOL_COMPRESSION,TREND_UP,VOL_COMPRESSION -> TREND_UP,2020-01-07T19:00:00,1,2020-01-07T19:00:00,1,1,1,502f66ffe83fc26ae7d576f53f177043fe54f8bb2f7ff5888b7db4262336aed8
6ca1c6908ea20166c4f208bf8c26f10d45f4dcb5ad824ea1a094f10a46f0cb0d,894,17671,2020-01-08T08:00:00,TREND_UP,VOL_COMPRESSION,TREND_UP -> VOL_COMPRESSION,2020-01-07T20:00:00,12,2020-01-07T20:00:00,12,12,1,baea51a347a2ce5874aa80bb8d7b20aeaff399e71bd95640a740367efe41a2ff
038a21574495278adec093e097d03e857a5817efd19908079ec7dc717750cad2,895,17677,2020-01-08T14:00:00,VOL_COMPRESSION,TREND_UP,VOL_COMPRESSION -> TREND_UP,2020-01-08T08:00:00,6,2020-01-08T08:00:00,6,6,1,b846c613d45253d86d33cfbbbfb81117eccc86a2ca7fe616fd79822107a3899f
af4e792c7c22ad8fab50c014ea3aed59d826001ba0f4a6276f55d14a86472ddf,896,17688,2020-01-09T01:00:00,TREND_UP,RANGE,TREND_UP -> RANGE,2020-01-08T14:00:00,11,2020-01-08T14:00:00,11,11,1,3fce6db08f1bdfcf985b91ab5b5a24777d103b0795380ef3928cc46d4495ae20
ccab51733c98a7c010ffe8b90b34c0d154f6525ab03bc391c6bcad4087cefb77,897,17691,2020-01-09T04:00:00,RANGE,VOL_COMPRESSION,RANGE -> VOL_COMPRESSION,2020-01-09T01:00:00,3,2020-01-09T01:00:00,3,3,1,802c9c048015e664900979715d4b33f0a63cedab845c456c5ea3c5cec79c58ed
299c6e7cd7f619f1b5d98f92ef689e5fa9e008b0890929342c0d8116a31558ba,898,17727,2020-01-10T16:00:00,VOL_COMPRESSION,RANGE,VOL_COMPRESSION -> RANGE,2020-01-09T04:00:00,36,2020-01-09T04:00:00,36,36,1,e7b00dc33c21aa7aeb23045599ad1f772df51fbbb528ab81d376dee864c06cab
4c2713b925b46d923357f0e92bef9df54dbf6ff659fd73439e7e2a2f1c8159d0,899,17731,2020-01-10T20:00:00,RANGE,TREND_UP,RANGE -> TREND_UP,2020-01-10T16:00:00,4,2020-01-10T16:00:00,4,4,1,e83da461ac9e8594f100966ae2871fbd0203f5d90a7f8f63440d0160d737f501
eb0588e0e2e8b9b5a4b18abd111af9ca7e3c31163b4a80abb00f9e20361dcb01,900,17737,2020-01-11T02:00:00,TREND_UP,VOL_COMPRESSION,TREND_UP -> VOL_COMPRESSION,2020-01-10T20:00:00,6,2020-01-10T20:00:00,6,6,1,9cbf4863776efe839996ccdc608ba3750a3f886dafab5ac54c41eb358a588c88
97a91900be0b0a0431811e22f9a3c32a2eb4109e387583bef0a6afdffc4417c0,901,17823,2020-01-14T16:00:00,VOL_COMPRESSION,TREND_UP,VOL_COMPRESSION -> TREND_UP,2020-01-11T02:00:00,86,2020-01-11T02:00:00,86,86,1,c1a1a0188296565f0e70a5c1efa073e2dfaea5fe0104a19e0542edde71edcf28
7dfd5e213e03743e51cfa2aad1c6b08d182f3ad3b9d1af036160ee6e1094fb5c,902,17829,2020-01-14T22:00:00,TREND_UP,VOL_COMPRESSION,TREND_UP -> VOL_COMPRESSION,2020-01-14T16:00:00,6,2020-01-14T16:00:00,6,6,1,716548499a46c23eb166a537d39027c56bd581f3b5457fbdaa3436a033796a6a
31b40880a1cfc69afc10961599242f2656fa82cc444ee251b3c8a7e32e59793e,903,17830,2020-01-14T23:00:00,VOL_COMPRESSION,TREND_UP,VOL_COMPRESSION -> TREND_UP,2020-01-14T22:00:00,1,2020-01-14T22:00:00,1,1,1,49cbade938a94efc86a570207311e9ffd032915cfef031aaf6835c214b0022bc
be77684355ab9a865ef96fc1ff423a1a8633f2d74776afbb69c59bbf1d233f81,904,17838,2020-01-15T07:00:00,TREND_UP,VOL_COMPRESSION,TREND_UP -> VOL_COMPRESSION,2020-01-14T23:00:00,8,2020-01-14T23:00:00,8,8,1,e10e0a689270604214120ced6da1b5e8a677906953f63afd6d3ba2a6fd1692bc
ec2055d37bfeeaa861fd80ebf73ecc7c8e567c4add699a5e977e2d91935be70d,905,17845,2020-01-15T14:00:00,VOL_COMPRESSION,TREND_UP,VOL_COMPRESSION -> TREND_UP,2020-01-15T07:00:00,7,2020-01-15T07:00:00,7,7,1,b0cc78dc41b4c9b01c1e40d870c26a1ea7f7605be1d7fb66fec0a62fd930282d
e1877af71d3f51298bdf14b318fd69d0091c5d93b53e0241cd1cbb90a3489924,906,17850,2020-01-15T19:00:00,TREND_UP,VOL_COMPRESSION,TREND_UP -> VOL_COMPRESSION,2020-01-15T14:00:00,5,2020-01-15T14:00:00,5,5,1,e814150e5460ef6c17aa6320dec297f0d204e88aa991c0b3238fdb4cb923a543
3c1e340f1b4d4b846b49788c8e964229bc13cf68079a8a76b5dae75909f12a54,907,17938,2020-01-19T11:00:00,VOL_COMPRESSION,TREND_UP,VOL_COMPRESSION -> TREND_UP,2020-01-15T19:00:00,88,2020-01-15T19:00:00,88,88,1,6c3d3345ed95432c4efe3edb93e6613a7866feb1e909237081ccaa34f9849ede
e325992d24f4acaf72ed71f8815c8e38bcc88d2900eb27c32d7604317fffddd7,908,17939,2020-01-19T12:00:00,TREND_UP,RANGE,TREND_UP -> RANGE,2020-01-19T11:00:00,1,2020-01-19T11:00:00,1,1,1,90fa18fc14f9c7fa92f17be8855edebd86d14aa5682d836f6063f5072741b563
4b85c3a79a8c933b1815a9d15a3fcca21b7a4350d82f892e81ea1984b3cbe1be,909,17942,2020-01-19T15:00:00,RANGE,VOL_COMPRESSION,RANGE -> VOL_COMPRESSION,2020-01-19T12:00:00,3,2020-01-19T12:00:00,3,3,1,4cf01834ea34a7736b27ace8e3e4ca054c36a9b73da50e4ff1b5a139228def3c
0b0a10629376ddf16478644b546378a450230da393c1ceec309f4b02aa4616e1,910,18166,2020-01-28T23:00:00,VOL_COMPRESSION,TREND_UP,VOL_COMPRESSION -> TREND_UP,2020-01-19T15:00:00,224,2020-01-19T15:00:00,224,224,1,96b522961e786e744f8be6748a7b9270923d1f8b189ecc8607de3443b6378217
a0d7d504e28ec6b03ca83ef54979feedef235bb86d39ab5b029451165099b80f,911,18168,2020-01-29T01:00:00,TREND_UP,VOL_COMPRESSION,TREND_UP -> VOL_COMPRESSION,2020-01-28T23:00:00,2,2020-01-28T23:00:00,2,2,1,056b5ba9b2d3aa0c34c61469832f5f32381bbf5a6f350d6ca9a15bb86fbfb001
d1badbe6acd9228ecadb36297fefbd171ddacb7e05d752b6bfeaf534a534de12,912,18539,2020-02-13T13:00:00,VOL_COMPRESSION,RANGE,VOL_COMPRESSION -> RANGE,2020-01-29T01:00:00,371,2020-01-29T01:00:00,371,372,1,45286ede2b469c878a30698a5c0defe4a591c42f972a67681fb257e3cb3436ba
19858ca9faa605724ba3b796fdcbb8cadeb31b069e59cf74e3d977344758a455,913,18545,2020-02-13T19:00:00,RANGE,VOL_COMPRESSION,RANGE -> VOL_COMPRESSION,2020-02-13T13:00:00,6,2020-02-13T13:00:00,6,6,1,f90989b7b4210b8761599faf26e6d3a3d63896c810872a3f3dd25e57f60c18ef
2e14b174c5fe0e5f8546da8486db782f2b2c24b91e92c6066a9d0f9b1e60e7ce,914,18590,2020-02-15T16:00:00,VOL_COMPRESSION,TREND_DOWN,VOL_COMPRESSION -> TREND_DOWN,2020-02-13T19:00:00,45,2020-02-13T19:00:00,45,45,1,08c7db209b40a94a0b3df957f4e6424b9bca104f6e74083ac35fa491d31470e4
8e0ad482729bc733f401a5037b12fed1696ca9a02120e6c142b3738d37f03569,915,18593,2020-02-15T19:00:00,TREND_DOWN,VOL_COMPRESSION,TREND_DOWN -> VOL_COMPRESSION,2020-02-15T16:00:00,3,2020-02-15T16:00:00,3,3,1,80732504477c68af653504602eb16dc6cc8cb06b993d7b6cc5ba75e5123dd67b
1c0591398de286182061559f87bcc037c74f75f35c2f92011b8a4c401402a352,916,18691,2020-02-19T21:00:00,VOL_COMPRESSION,TREND_UP,VOL_COMPRESSION -> TREND_UP,2020-02-15T19:00:00,98,2020-02-15T19:00:00,98,98,1,c62bd39db4bce50119c6e88c544c0db039ea56be20f8b7c3da116ca07422ad71
8d83b2e258d3c63a38344ecc74eb53f6fe108d02ebb8c194bad92b53a77746de,917,18692,2020-02-19T22:00:00,TREND_UP,RANGE,TREND_UP -> RANGE,2020-02-19T21:00:00,1,2020-02-19T21:00:00,1,1,1,ab00987f495a59795a42b97a74d612a0a54693f360a91af1a1bfba5a11c0d00f
7032d9216061b9df5f4cdb1852bc9c157da38edeba02046ca9f753d3892f4e40,918,18695,2020-02-20T01:00:00,RANGE,TREND_DOWN,RANGE -> TREND_DOWN,2020-02-19T22:00:00,3,2020-02-19T22:00:00,3,3,1,6716452af76c7c0ca11a2807389713ce6825db151b9186f86c03a8a34f26faad
78ec7ed9a9cf25ae4630cf7349c27ee84a9a3a67a1145e8d6532043e1a898168,919,18700,2020-02-20T06:00:00,TREND_DOWN,VOL_COMPRESSION,TREND_DOWN -> VOL_COMPRESSION,2020-02-20T01:00:00,5,2020-02-20T01:00:00,5,5,1,32b256af201a6dbc2c13cd6849a485c4f16cd01d57a1f967a2526ba203229607
e67220d765cdba88f4fec58dc7c730364fc9ed2147368ac57f5a5c0a834a3865,920,18711,2020-02-20T17:00:00,VOL_COMPRESSION,TREND_DOWN,VOL_COMPRESSION -> TREND_DOWN,2020-02-20T06:00:00,11,2020-02-20T06:00:00,11,11,1,f916eb5bbf9446b468f4ff901b7e7b6f79d51c3b907f3d9e7866d3ec6b619e9c
e1b3fd12ff7be69d5871bfced715eaf51f455637ecf7d123dda5f7f9e8561bbf,921,18713,2020-02-20T19:00:00,TREND_DOWN,VOL_COMPRESSION,TREND_DOWN -> VOL_COMPRESSION,2020-02-20T17:00:00,2,2020-02-20T17:00:00,2,2,1,2fc1082eb27e39af9b7d164227fd750d276e2d88f8960a224d79f55421953b90
d4b84f0fa216bb701c585fecb140a8f95f221be3ceb7a1f1796a95755ff45309,922,18850,2020-02-26T12:00:00,VOL_COMPRESSION,TREND_DOWN,VOL_COMPRESSION -> TREND_DOWN,2020-02-20T19:00:00,137,2020-02-20T19:00:00,137,137,1,a9282f9a9d3af81cffa5f97de83c763b610079e5ed32e3276f575967bc53d33f
9277c0bf7f15921a0b933eb216a2457c3000fa9c9c3f94bb21da1bf30ee31b41,923,18869,2020-02-27T07:00:00,TREND_DOWN,VOL_COMPRESSION,TREND_DOWN -> VOL_COMPRESSION,2020-02-26T12:00:00,19,2020-02-26T12:00:00,19,19,1,534fd294663efb9bfd5719aad6d90dc9dbafdec857ade90fe4e229f14d6d7499
f52c1dd435422644beaa3593ca8cf6cb58dfe85bd4067e21a8676b5e6ee206a5,924,18899,2020-02-28T13:00:00,VOL_COMPRESSION,TREND_DOWN,VOL_COMPRESSION -> TREND_DOWN,2020-02-27T07:00:00,30,2020-02-27T07:00:00,30,30,1,84a9786a702059b0e792f2a077ec857fa123c79e88d345650cdeb9d6de98ba24
f6f9b998fc2de46d2a92a2875d7a89bbd435cbe93ff93c8b9696bf9fe932a0e7,925,18911,2020-02-29T01:00:00,TREND_DOWN,VOL_COMPRESSION,TREND_DOWN -> VOL_COMPRESSION,2020-02-28T13:00:00,12,2020-02-28T13:00:00,12,12,1,ae6a638e46887325a7e5181564a11627bf20aa771e7a20c922e1af88ae349a00
5584c760cdb6ebcf27ec5a151db9f06393a4bb376140f54f61567fc5a4c95b4c,926,19118,2020-03-08T16:00:00,VOL_COMPRESSION,TREND_DOWN,VOL_COMPRESSION -> TREND_DOWN,2020-02-29T01:00:00,207,2020-02-29T01:00:00,207,207,1,a671437e19e2fcab2bf9e66423e4666e7dc8e0d458c9bc4bf39666ec2b44af6d
621ea6b608d3483ad7a6a34a5d44cd1657c90268a081b2529c74caa687fc3011,927,19121,2020-03-08T19:00:00,TREND_DOWN,VOL_COMPRESSION,TREND_DOWN -> VOL_COMPRESSION,2020-03-08T16:00:00,3,2020-03-08T16:00:00,3,3,1,283819c4c000db62350e57bc278ff86e7f0f762bcaa4247c5151180c8a67061f
89edc2749da874f636f16541b1834d3ef1688db350565c410121187c3fdaf1b3,928,19125,2020-03-08T23:00:00,VOL_COMPRESSION,TREND_DOWN,VOL_COMPRESSION -> TREND_DOWN,2020-03-08T19:00:00,4,2020-03-08T19:00:00,4,4,1,70a60660efaa27fc94caaf4f14cb6ce6e73cd4ad6938433d655e4e149353f483
987852246e5536fe22fbf6a3d641e74c6d70ea3ca58ea816a1b2097053f9949f,929,19153,2020-03-10T03:00:00,TREND_DOWN,VOL_COMPRESSION,TREND_DOWN -> VOL_COMPRESSION,2020-03-08T23:00:00,28,2020-03-08T23:00:00,28,28,1,5dc497af3387c5b2611f1fc7c196c0c1d4e8b423de4056a068d23fe96fa10bbf
343f98fcc2780af323742c4aae656e3908f7b75fd7f06af20ffaaf3f39d821ae,930,19165,2020-03-10T15:00:00,VOL_COMPRESSION,TREND_DOWN,VOL_COMPRESSION -> TREND_DOWN,2020-03-10T03:00:00,12,2020-03-10T03:00:00,12,12,1,91e5545b79c3ab791092d06e2a373447f2f712d5828edc3d56b6bbde3713c392
e9616cb6dcf7976dac00793e626e4935a714b0a875c2733877060b3ee2c4ff7b,931,19176,2020-03-11T02:00:00,TREND_DOWN,VOL_COMPRESSION,TREND_DOWN -> VOL_COMPRESSION,2020-03-10T15:00:00,11,2020-03-10T15:00:00,11,11,1,bfca9b1a67732139da30613339d1dd35e5ab80d7582b80543e29a1762b65a8c7
abedf9a1183a1bb102c661f497ff012714ff370eb27eb62634345e947dd947e0,932,19192,2020-03-11T18:00:00,VOL_COMPRESSION,TREND_DOWN,VOL_COMPRESSION -> TREND_DOWN,2020-03-11T02:00:00,16,2020-03-11T02:00:00,16,16,1,46824ee8d0bb8e725d8a22495d43838dd6d999a3b41ae522067e2fa49bc3bc01
f5b2d8ddd6c755cce2b9eb12a3d52830cf5b3f867cf6cb557f2cec81bc7ab5b1,933,19194,2020-03-11T20:00:00,TREND_DOWN,VOL_COMPRESSION,TREND_DOWN -> VOL_COMPRESSION,2020-03-11T18:00:00,2,2020-03-11T18:00:00,2,2,1,1f2fcc520c9ceaf05e21e5abdf999bd7b010006ae71c147643ec97ab41813a61
78f5757aa364477ab334ff318c841fffc988188c43fc0a6fdc25d5d9a8e3162f,934,19196,2020-03-11T22:00:00,VOL_COMPRESSION,TREND_DOWN,VOL_COMPRESSION -> TREND_DOWN,2020-03-11T20:00:00,2,2020-03-11T20:00:00,2,2,1,594d63a10ba9a0b6ca291b8a378aaf52a1cb10ddd4ce61a2065b43943cdcaaaf
a367fc4aa8f223e9ab4db8403d98a259f44bed0bfce2f7f3acff74f7b8c5c0fe,935,19198,2020-03-12T00:00:00,TREND_DOWN,VOL_COMPRESSION,TREND_DOWN -> VOL_COMPRESSION,2020-03-11T22:00:00,2,2020-03-11T22:00:00,2,2,1,70917a3aac4acfe09f85cf76005ffa5b407274717a0c29f6a8304b53243457b9
3041f945d0070fab2e2178bb0bdebec4bb77ef2281f23d807d199297552e37c4,936,19199,2020-03-12T01:00:00,VOL_COMPRESSION,TREND_DOWN,VOL_COMPRESSION -> TREND_DOWN,2020-03-12T00:00:00,1,2020-03-12T00:00:00,1,1,1,ed0608179e00f7d4f073ac2be11a5b4f3814573bbae7badb96b1f0a62848aafb
e6bf744683a03db42a04043d6a97e478f3ddc0065994f9a2967dfa03bef2ca68,937,19208,2020-03-12T10:00:00,TREND_DOWN,HIGH_VOL,TREND_DOWN -> HIGH_VOL,2020-03-12T01:00:00,9,2020-03-12T01:00:00,9,9,1,69e9e171745d3764151532c817cea39e72b9e3652a9f5aea21fd6b1fdad6477c
94e0c65c7d71673d0c22d3dbb048a0d7e1f33fb7572176886a26d1bb3ef33304,938,19253,2020-03-14T07:00:00,HIGH_VOL,TREND_DOWN,HIGH_VOL -> TREND_DOWN,2020-03-12T10:00:00,45,2020-03-12T10:00:00,45,45,1,3b438ec8534efed622627e64a6c2da78448768b4c2639f1bfac237e8f0e8a024
8820a0666c5993e5ccf1d9d8d18b9acc79a8741fc8cda8787c010ca3163257e4,939,19282,2020-03-15T12:00:00,TREND_DOWN,VOL_EXPANSION,TREND_DOWN -> VOL_EXPANSION,2020-03-14T07:00:00,29,2020-03-14T07:00:00,29,29,1,e7d7edf5c876f4121dbe72e030d369bc6e6a79faf7e4d789fde70fd76058910e
1f4240ca5cc11d3a3adc2d85e25761ea0b61879d3a9d0cac083c424689d1487f,940,19285,2020-03-15T15:00:00,VOL_EXPANSION,TREND_DOWN,VOL_EXPANSION -> TREND_DOWN,2020-03-15T12:00:00,3,2020-03-15T12:00:00,3,3,1,ee28d65452ff390ce23fb63cbd4bb43e21f3ab1b71625bd17d40f40aaf2fcbbf
963fac049d899981dc896bfbd5d66515b05278f1e6372de24b86b6acf04f468f,941,19291,2020-03-15T21:00:00,TREND_DOWN,VOL_EXPANSION,TREND_DOWN -> VOL_EXPANSION,2020-03-15T15:00:00,6,2020-03-15T15:00:00,6,6,1,654af87e983470a8f0367b4f652c16195d98f13e4ff76c3066e98b2322f47e38
cb0912b7c6af528c1fdac67eebbbe06dbb7b010bd724da7fdcb543c86906995e,942,19292,2020-03-15T22:00:00,VOL_EXPANSION,HIGH_VOL,VOL_EXPANSION -> HIGH_VOL,2020-03-15T21:00:00,1,2020-03-15T21:00:00,1,1,1,5ce38f53b6927c82a41890245ea06b2051f5437e530465741950064876d6e49b
c7851e35130d886972743aecd409b249e72f3cdc7a2e68a2dd06eed3fa39611c,943,19296,2020-03-16T02:00:00,HIGH_VOL,TREND_DOWN,HIGH_VOL -> TREND_DOWN,2020-03-15T22:00:00,4,2020-03-15T22:00:00,4,4,1,8f0204cc9da5d082202a2a00247819fc58fa84872c4e4a0669b748bf9711caf3
9c242194c95ad643e76476f16f939af2730d16d1a39089f4c4780b7f84d7360c,944,19304,2020-03-16T10:00:00,TREND_DOWN,HIGH_VOL,TREND_DOWN -> HIGH_VOL,2020-03-16T02:00:00,8,2020-03-16T02:00:00,8,8,1,85e84e29de64936b148f8ef20040a687b27834b693c3946d43484a3c3ab0d34d
65377bc0ca6e821b1e0bbdfb2fa220c7a78573524dab0426b83205929668fa85,945,19321,2020-03-17T03:00:00,HIGH_VOL,RANGE,HIGH_VOL -> RANGE,2020-03-16T10:00:00,17,2020-03-16T10:00:00,17,17,1,54ef970507d7f2be10694a3eb588550a4ab63780c3ba0e187ab6e4b44c237be3
122422251fb4d224d6320bc4acb78c05a390dd8e865eaf8719591464be5c591b,946,19333,2020-03-17T15:00:00,RANGE,VOL_EXPANSION,RANGE -> VOL_EXPANSION,2020-03-17T03:00:00,12,2020-03-17T03:00:00,12,12,1,03159efc3521502bf920c38c792f86648df634d10b74bfcc1d5fec03bd76c360
e07bd308a313ce96f8dc851d5b76e37d7434d9ea0cf1be4d56f79f90f6b663bc,947,19335,2020-03-17T17:00:00,VOL_EXPANSION,TREND_UP,VOL_EXPANSION -> TREND_UP,2020-03-17T15:00:00,2,2020-03-17T15:00:00,2,2,1,d2318cdb07fbba188008389f5c00bbf93a0e8cbcf41fea09c5c3d0b18e38053b
eed1c9285e8c50534840fc0bb95e74710e03b72ce72103d58a39e80c118d4b6d,948,19350,2020-03-18T08:00:00,TREND_UP,RANGE,TREND_UP -> RANGE,2020-03-17T17:00:00,15,2020-03-17T17:00:00,15,15,1,2f7363cd1dbbf81a554ec6ff4e01ea5e1edc058f002fa4be89cf52708f9ba36a
f628e2e0669e97762d270b5a67fb7d0a516a9555bfcfed850c7faa2a36377c34,949,19354,2020-03-18T12:00:00,RANGE,TREND_DOWN,RANGE -> TREND_DOWN,2020-03-18T08:00:00,4,2020-03-18T08:00:00,4,4,1,e87dbb55380b4675d453a726ee281032aee5340855edd13dfaaffe80b599752b
dca8270d17cd99b51dd032012db8786cb166d54e0ec3934fbaa263022e1b079e,950,19355,2020-03-18T13:00:00,TREND_DOWN,VOL_EXPANSION,TREND_DOWN -> VOL_EXPANSION,2020-03-18T12:00:00,1,2020-03-18T12:00:00,1,1,1,7ad078da04e8372f5e9c9a3f421ee7e78467437a8134fc19afa53ecd4aa5abb3
141d7dfc631e939c6f8ba55eafcbc41eab05d262e44f5f9012c2196981209533,951,19360,2020-03-18T18:00:00,VOL_EXPANSION,TREND_UP,VOL_EXPANSION -> TREND_UP,2020-03-18T13:00:00,5,2020-03-18T13:00:00,5,5,1,457d683ab446a5241f85a8f254f357eb2ec2eb579b89aa900a992e748b8c2bac
a1c8af95e621ad2c1fed41434a5e8e4dc3ef0884aacfe6910ab6d4c8f63b01fc,952,19382,2020-03-19T16:00:00,TREND_UP,VOL_EXPANSION,TREND_UP -> VOL_EXPANSION,2020-03-18T18:00:00,22,2020-03-18T18:00:00,22,22,1,184c1872aa742c566818008c637cf54a8862f89995f6991abc2a66f8561fa2a9
142c4abc018c440174eace9143f6d1535b722c62398ef0b86a1a2cb318ab6b9a,953,19387,2020-03-19T21:00:00,VOL_EXPANSION,TREND_UP,VOL_EXPANSION -> TREND_UP,2020-03-19T16:00:00,5,2020-03-19T16:00:00,5,5,1,cd7c4f2eddd7ef566fc759840e76885213eccce7bf9db59b9e02063b8cb6bfda
131d43294283a5188f2277f3583c5ddd38d573a2c3e854610958f470672f784a,954,19399,2020-03-20T09:00:00,TREND_UP,VOL_EXPANSION,TREND_UP -> VOL_EXPANSION,2020-03-19T21:00:00,12,2020-03-19T21:00:00,12,12,1,f2aa3768d16d44d878d48fa323ef97e529e2f4a7df2ef114e3afcad920ec9774
c6954c55a1a49696a988a0bddc715ad7c27e64a2e767ade596dbb9f257e1393f,955,19405,2020-03-20T15:00:00,VOL_EXPANSION,TREND_UP,VOL_EXPANSION -> TREND_UP,2020-03-20T09:00:00,6,2020-03-20T09:00:00,6,6,1,5be3e21931afea7f884b9d845bae6933c53bd2a2292069d36a48b3e19b1fe3b9
6e47c6b18ad2b358d65145aa3605ea03263c6a256cf22878b3dec5a3fb476dc7,956,19410,2020-03-20T20:00:00,TREND_UP,HIGH_VOL,TREND_UP -> HIGH_VOL,2020-03-20T15:00:00,5,2020-03-20T15:00:00,5,5,1,71dad12730b9e5217b7677d753aaa898d5e061e382a8bad06a88324675549b1e
942286d67ed08b463062b8be29b2154c3f532fd5d97f3b7942501c93019a6232,957,19414,2020-03-21T00:00:00,HIGH_VOL,VOL_EXPANSION,HIGH_VOL -> VOL_EXPANSION,2020-03-20T20:00:00,4,2020-03-20T20:00:00,4,4,1,238026b65e2ab36ae343909d9ac1a5824ecbb8a99ab98bae75150f70a3df73e3
34317ddcd2ed09bada052979adf94973fe5fb0920dd7fecee9bdf9e944e8af46,958,19415,2020-03-21T01:00:00,VOL_EXPANSION,TREND_UP,VOL_EXPANSION -> TREND_UP,2020-03-21T00:00:00,1,2020-03-21T00:00:00,1,1,1,cca27672ee90d8ef46ff835d2ca340f87a3bdc630ca6b615d3bc49787fe3784d
60e74241c03ed5268e3def3aa337fa8f319fff935e407b94d7f999edc4db9f8c,959,19425,2020-03-21T11:00:00,TREND_UP,RANGE,TREND_UP -> RANGE,2020-03-21T01:00:00,10,2020-03-21T01:00:00,10,10,1,5726b4dfbe2840e7fe161cb1cc690cccd88269b98a94a35573e2fa29522caed1
1d034714c14133dd3b79e2a1787e9b095ccac195ac3438b3bdf18f0f5c583416,960,19428,2020-03-21T14:00:00,RANGE,TREND_UP,RANGE -> TREND_UP,2020-03-21T11:00:00,3,2020-03-21T11:00:00,3,3,1,327f8eac7043e8b89c3ad9ac228327faf6ce66062a7f4ec249d4e2bcc0552316
c5a79789d6d2f82868e94002cef30a9f8dd60e4c4aa8e61e9245baa07cecbed3,961,19436,2020-03-21T22:00:00,TREND_UP,VOL_EXPANSION,TREND_UP -> VOL_EXPANSION,2020-03-21T14:00:00,8,2020-03-21T14:00:00,8,8,1,35ab19d21b6ea7931cf701a93fa8637d6a7813ea437545284b92164c795c790f
a8fb42c54cbfa79feb5ba9241bb72fffc8c4908a0f9abb0cea47ae1f948b7f4e,962,19437,2020-03-21T23:00:00,VOL_EXPANSION,TREND_UP,VOL_EXPANSION -> TREND_UP,2020-03-21T22:00:00,1,2020-03-21T22:00:00,1,1,1,a265d259b638bc889777fd0a80ed1c80dc8d0e66ab81a304c242b22e9e267205
ccd753038a0d2f142c7eddf0d69d231482b826f8326adafd9ce8914697394482,963,19451,2020-03-22T13:00:00,TREND_UP,RANGE,TREND_UP -> RANGE,2020-03-21T23:00:00,14,2020-03-21T23:00:00,14,14,1,1a5558287afd2bb882d431d3ebc5105ba8edfcf144ddf4d05373b48f7266c891
e3e1db763f9253ca0a3cb7ba2dcbc492bcdd79e14cf024d6721390d72fffba1c,964,19457,2020-03-22T19:00:00,RANGE,TREND_DOWN,RANGE -> TREND_DOWN,2020-03-22T13:00:00,6,2020-03-22T13:00:00,6,6,1,3048dbd4acdf9b8d954a6e1bbe0691dc4d750544073d91cfc0af3847e8258b0e
648fc6e4a031820509cb1eda92935f3d4aef939ecfe11f079a6667f944a3446a,965,19460,2020-03-22T22:00:00,TREND_DOWN,VOL_EXPANSION,TREND_DOWN -> VOL_EXPANSION,2020-03-22T19:00:00,3,2020-03-22T19:00:00,3,3,1,bd82314b572e99cb72f47460a98a0ebeca97759b731686deda4e48978022c686
e01dcb7bc5f4255e0acf4f47625b9ae4e88da94995f474a3f124029f51da42c3,966,19464,2020-03-23T02:00:00,VOL_EXPANSION,TREND_DOWN,VOL_EXPANSION -> TREND_DOWN,2020-03-22T22:00:00,4,2020-03-22T22:00:00,4,4,1,26efb0f58b22960ac65d529d845e437bb0e4da571dd14324c4e910b8258d0a89
59803cb7e31a0fb8d340c3ba6e95ee92c22876cb6aa697b0a0f77b2333f2f1b8,967,19474,2020-03-23T12:00:00,TREND_DOWN,VOL_EXPANSION,TREND_DOWN -> VOL_EXPANSION,2020-03-23T02:00:00,10,2020-03-23T02:00:00,10,10,1,9a48ff2e856567d31e8d3773294ddc12a96e41faf5668aef1838b4cbec762965
2c3121d8ae041a0dd30c0f5e088b4d2c8ac44081470f3e1233a9ba01df4259b4,968,19479,2020-03-23T17:00:00,VOL_EXPANSION,TREND_UP,VOL_EXPANSION -> TREND_UP,2020-03-23T12:00:00,5,2020-03-23T12:00:00,5,5,1,d94658b10af14d004a0fe7b8eada2dd665c94d892ac7d360fd0c17c7c1769989
18b39ea292177cd4bca1af2e750ad1b41d8ca55c15f925333976e1ab54284c2c,969,19544,2020-03-26T10:00:00,TREND_UP,VOL_COMPRESSION,TREND_UP -> VOL_COMPRESSION,2020-03-23T17:00:00,65,2020-03-23T17:00:00,65,65,1,8d450117775ff07912cf43000f54b85dc5b3871eadeca2d23cb2ee201279e3b4
d91a7eac747a30c0d0478dfbbf9ad000966b285b4983c0766ca1331ade399144,970,19545,2020-03-26T11:00:00,VOL_COMPRESSION,TREND_UP,VOL_COMPRESSION -> TREND_UP,2020-03-26T10:00:00,1,2020-03-26T10:00:00,1,1,1,c78031b1b324079efdcd0a90a7ff5ca8c439567b5265365017a04dec50e813f6
87e3e31f1c2f14e0862addbfd435c7422a4f1b9bb5a80052deb04214a1ea86a0,971,19546,2020-03-26T12:00:00,TREND_UP,VOL_COMPRESSION,TREND_UP -> VOL_COMPRESSION,2020-03-26T11:00:00,1,2020-03-26T11:00:00,1,1,1,7ccc1702e79e0d5c19308ba0fc889c00242fe6514fe1e7825326d3f879f641c7
9ea6fea40b8958ce0e78b26edaf98c41040b9f5e7c1cbdf07afc2d0dec297e84,972,19547,2020-03-26T13:00:00,VOL_COMPRESSION,TREND_UP,VOL_COMPRESSION -> TREND_UP,2020-03-26T12:00:00,1,2020-03-26T12:00:00,1,1,1,148862035fd6203313b12704b6746569a2efea6b3759ed9a46f2ddd21215731a
09207fffdfb1b9934cea5503dbc7296880169bde495f45e8cf5d16fc6e5a013a,973,19551,2020-03-26T17:00:00,TREND_UP,VOL_COMPRESSION,TREND_UP -> VOL_COMPRESSION,2020-03-26T13:00:00,4,2020-03-26T13:00:00,4,4,1,1c60daae684f62912998d4307df344ed0473db41fb78d73fa71a5bbbadc583b9
99a3649cfaef4c3f09c0c81345ea7c552ae66a1e67e1d96e262a5b3cd5e00044,974,19581,2020-03-27T23:00:00,VOL_COMPRESSION,TREND_DOWN,VOL_COMPRESSION -> TREND_DOWN,2020-03-26T17:00:00,30,2020-03-26T17:00:00,30,30,1,4fcc4f273dc318855e0c985f2e2d3aa96d792eb54caf2991588f64b59a6c6ebd
8b853b2cfce81832844007e6b7ca10b4c952a8321a8d48d8875ee8533ea306a7,975,19596,2020-03-28T14:00:00,TREND_DOWN,VOL_COMPRESSION,TREND_DOWN -> VOL_COMPRESSION,2020-03-27T23:00:00,15,2020-03-27T23:00:00,15,15,1,d684e474067a94a21db82e3732cf7b1119237c9ba78e65fa388d3d8730c28c75
ca725680434101d1e217266c3f4b77cd49bd59f07e1c8f1eb8cbb9b3b0849a8e,976,19599,2020-03-28T17:00:00,VOL_COMPRESSION,TREND_DOWN,VOL_COMPRESSION -> TREND_DOWN,2020-03-28T14:00:00,3,2020-03-28T14:00:00,3,3,1,0720e236cabbdb2b60e1d97af7c982f1c98fa5df5295d8df366cef68dd05ecc7
18d016083d80de8d831027b47b2be7018a07b6d4f7cfdeb85ef617ef7ad29a79,977,19609,2020-03-29T03:00:00,TREND_DOWN,VOL_COMPRESSION,TREND_DOWN -> VOL_COMPRESSION,2020-03-28T17:00:00,10,2020-03-28T17:00:00,10,10,1,eae1be3ff30942fbfa80d30807904e41c7ab4492a98099e33852d138e49832b8
52c3597a56aa5fc9da1ab53b180c484544d3fe115710809c01c55d93fd3f2dc9,978,19625,2020-03-29T19:00:00,VOL_COMPRESSION,TREND_DOWN,VOL_COMPRESSION -> TREND_DOWN,2020-03-29T03:00:00,16,2020-03-29T03:00:00,16,16,1,93df9c15c560aece8c06fd50603fbfb5f133e67478104926fdda3e9d8adfb7a1
1de5f92eff8e9e4ed4cb0f4846e26d2e3f6e066e65b3ebff5ce90feff9f59a60,979,19633,2020-03-30T03:00:00,TREND_DOWN,VOL_COMPRESSION,TREND_DOWN -> VOL_COMPRESSION,2020-03-29T19:00:00,8,2020-03-29T19:00:00,8,8,1,83e3996f7f205de52df63fe0237813a0ef1d5163ebbb09d10a1b34cbf20a9206
14adef9500eb544e55038c351171d39bc8580c3fc2100cd8cf31495b9f60a61f,980,19635,2020-03-30T05:00:00,VOL_COMPRESSION,TREND_DOWN,VOL_COMPRESSION -> TREND_DOWN,2020-03-30T03:00:00,2,2020-03-30T03:00:00,2,2,1,525541d826f4742aa8240a75742f05c3a9c33f916b208d9c91962cb1b05dd727
05ed1910ae574e17f134845036dfb6248bb546ff2ae8761eaaf6fcc0fcf15988,981,19638,2020-03-30T08:00:00,TREND_DOWN,RANGE,TREND_DOWN -> RANGE,2020-03-30T05:00:00,3,2020-03-30T05:00:00,3,3,1,ea4cfebdc5c4a06019c892a6c96d0bf7f7dc7105585cf1189f106ec390c558fe
01dd64d280b634a27a8daf17f2e5154250405ac9e76d0dd69ed6e6de12d79e61,982,19646,2020-03-30T16:00:00,RANGE,TREND_UP,RANGE -> TREND_UP,2020-03-30T08:00:00,8,2020-03-30T08:00:00,8,8,1,66faf294189c9ca7b0ba3cdf9923a63650f618d4820528d23b65ef2afed074bf
fad13979d3c8c37e4445ad1291b7d8ecd8adb07431303466efdbc1e7c288e757,983,19649,2020-03-30T19:00:00,TREND_UP,VOL_COMPRESSION,TREND_UP -> VOL_COMPRESSION,2020-03-30T16:00:00,3,2020-03-30T16:00:00,3,3,1,24951e9f234ea4796aa0e2784add5c4628a5e98915286a82367a7d67b4aa83eb
e57208892ad5f5f34ead72c3fa0917f6380ae1ea6fb9c60ae4e69743bb45300e,984,19650,2020-03-30T20:00:00,VOL_COMPRESSION,TREND_UP,VOL_COMPRESSION -> TREND_UP,2020-03-30T19:00:00,1,2020-03-30T19:00:00,1,1,1,a866a2e056ea83ae9930440ec8fc75dd05d8a49554980556c62f8757d3f0a58c
a9a480f1f0d4296c4d325575c7a5e380164bdda80bc85291f2c2bfb2382e5783,985,19662,2020-03-31T08:00:00,TREND_UP,VOL_COMPRESSION,TREND_UP -> VOL_COMPRESSION,2020-03-30T20:00:00,12,2020-03-30T20:00:00,12,12,1,37782e8d1b38010acd9a5d0203efd970fe25dcb9c88e142beb75d149a107c272
ee0a8666a8647be7a4c0b8cc499d35a7b16938eb3e61e8fa4e1b4dcf20662283,986,19666,2020-03-31T12:00:00,VOL_COMPRESSION,TREND_UP,VOL_COMPRESSION -> TREND_UP,2020-03-31T08:00:00,4,2020-03-31T08:00:00,4,4,1,49cfa8ef2843e1206142da8311106961872bc65c7e82a8dd3cbf4969658bb028
323235ee9277364240f5acaaad15a50e993e2bd3cee801f5b1122acaaaa25394,987,19671,2020-03-31T17:00:00,TREND_UP,VOL_COMPRESSION,TREND_UP -> VOL_COMPRESSION,2020-03-31T12:00:00,5,2020-03-31T12:00:00,5,5,1,aaac547074e44909a8296910568a2ac09ca97d3c5dfd70a1bb5fd74080b363b3
0c8a9870eba838b5dab264a19996ff41a5118ee6502d7b24e18bc1f004755db5,988,19700,2020-04-01T22:00:00,VOL_COMPRESSION,RANGE,VOL_COMPRESSION -> RANGE,2020-03-31T17:00:00,29,2020-03-31T17:00:00,29,29,1,02ae782046c39fea90c5056ea9b9552bdb13dc63b56fc26b3d95456aeb767f03
536e70b4efa855ac84dac54aef337b8672eb78e82b6b324327de24b698d0af00,989,19701,2020-04-01T23:00:00,RANGE,TREND_UP,RANGE -> TREND_UP,2020-04-01T22:00:00,1,2020-04-01T22:00:00,1,1,1,6a4b4ad093ada87664c06a7e3e7417f9045ef71f86468c85f5b06aa915f03b57
f11a7aa8355ec834cb5450b4eb8759001a57775bb5183fe1b60254d6e2073c52,990,19709,2020-04-02T07:00:00,TREND_UP,VOL_COMPRESSION,TREND_UP -> VOL_COMPRESSION,2020-04-01T23:00:00,8,2020-04-01T23:00:00,8,8,1,a943c71e2c538f5e0d862b43f10192b837010c1084450856d050ab1ad9ef0342
13d98e6017157a10bfae1884c49749c048a5b2127c367e6a9f3c3210eb0c4970,991,19714,2020-04-02T12:00:00,VOL_COMPRESSION,TREND_UP,VOL_COMPRESSION -> TREND_UP,2020-04-02T07:00:00,5,2020-04-02T07:00:00,5,5,1,f79588494c63f0151f42861617bb288c634c591bbc8b5eeac6e5a955900394fe
aee2fcf5980a9bd17bd22eb70f7e6af141e13107c69813e5868f83c99972e32f,992,19754,2020-04-04T04:00:00,TREND_UP,VOL_COMPRESSION,TREND_UP -> VOL_COMPRESSION,2020-04-02T12:00:00,40,2020-04-02T12:00:00,40,40,1,64c90e170ab4e31a6c6b50f5fa0b64818c6717b4f93f8b04e805196afd1f960e
d5774ae5eff6c59a6799dd0881b9ca264e9ee1cfbe4f9ff95ee5e5726581188f,993,19761,2020-04-04T11:00:00,VOL_COMPRESSION,TREND_UP,VOL_COMPRESSION -> TREND_UP,2020-04-04T04:00:00,7,2020-04-04T04:00:00,7,7,1,aca5c28a1333e99fe5bf1d702fd4d301637069bb1d46bb19602baa512d3c3532
56775c5729545eacf9914b979456acecd789620468f24d589ef90aec7b9696bd,994,19765,2020-04-04T15:00:00,TREND_UP,VOL_COMPRESSION,TREND_UP -> VOL_COMPRESSION,2020-04-04T11:00:00,4,2020-04-04T11:00:00,4,4,1,6e071eb021fe54e94ed097e55413ac82b5867d95be55ed81218acffa2b7d82b2
eb58f00f2eb9d8ac39e6897d8710f78c7b4dcff0a6fceaaf716b0e7f46ee9267,995,19770,2020-04-04T20:00:00,VOL_COMPRESSION,TREND_UP,VOL_COMPRESSION -> TREND_UP,2020-04-04T15:00:00,5,2020-04-04T15:00:00,5,5,1,bb01f9670d46a74d74a5e0f3171130d56609fcd63e5d1ddd4fdafa2d1de50459
9c04e6025ebe523caa8f5a8521af39456a29b8714bec02218c69d83b25d83be2,996,19775,2020-04-05T01:00:00,TREND_UP,VOL_COMPRESSION,TREND_UP -> VOL_COMPRESSION,2020-04-04T20:00:00,5,2020-04-04T20:00:00,5,5,1,be18d2711bc8305a563e970c41f4232568e38f59cd9da267dddfcaca9c3a4575
18829adc6a5da51c06a3e4d105ebe3f8f3cfced5705e5198672091f50376692d,997,19805,2020-04-06T07:00:00,VOL_COMPRESSION,TREND_UP,VOL_COMPRESSION -> TREND_UP,2020-04-05T01:00:00,30,2020-04-05T01:00:00,30,30,1,c2d76774eecb13fda01c840a1b3b451b2fd7067c32a395e1039def7ee654186e
bbaeedb744d6119deaeaae16b54f8561501d7c5455bd8a74e559849f9553ace5,998,19809,2020-04-06T11:00:00,TREND_UP,VOL_COMPRESSION,TREND_UP -> VOL_COMPRESSION,2020-04-06T07:00:00,4,2020-04-06T07:00:00,4,4,1,a970af78f31a20891bf7479fab17e5bc50c48b58fe86677604a154cb36d70035
5cf851b3ff101ab607975e234000116552e8f7ae9ca42375f6a1b86255788a84,999,19811,2020-04-06T13:00:00,VOL_COMPRESSION,TREND_UP,VOL_COMPRESSION -> TREND_UP,2020-04-06T11:00:00,2,2020-04-06T11:00:00,2,2,1,37e86c0c99615f1de62f158ef7192efcebb91ca017229ea092fb65c2154e1e0e
efc3cdbe8c1fe142fb8a1f8968af93ac0028b756cdc8259c2846b611e3512557,1000,19812,2020-04-06T14:00:00,TREND_UP,VOL_COMPRESSION,TREND_UP -> VOL_COMPRESSION,2020-04-06T13:00:00,1,2020-04-06T13:00:00,1,1,1,38af6307a79c44d26f6e3dfac88411ca36be50e0d14067c347cb4e8c66b99ea4
4d0210c2f45abd98dedefab54dde266a9a1994d10a605ad3d82e7f79235e420b,1001,19818,2020-04-06T20:00:00,VOL_COMPRESSION,TREND_UP,VOL_COMPRESSION -> TREND_UP,2020-04-06T14:00:00,6,2020-04-06T14:00:00,6,6,1,5a4fc22fb53d4064ae20dd344e39c7ed32b6de0163e3c80f25e9fbe6fe0a0bce
b8ebdc6137bf3116dd1eadbe219c65003e5339adac52a8c62f3443792669fcd7,1002,19819,2020-04-06T21:00:00,TREND_UP,VOL_COMPRESSION,TREND_UP -> VOL_COMPRESSION,2020-04-06T20:00:00,1,2020-04-06T20:00:00,1,1,1,5ea84234405f317f044e34ab19a2aab468fd0e86c54de4c7e1a0444832e9d8bb
3a87f830c898c425a0516186dfbdcb049a63dad90bc5edbf41f46a860022a619,1003,19821,2020-04-06T23:00:00,VOL_COMPRESSION,TREND_UP,VOL_COMPRESSION -> TREND_UP,2020-04-06T21:00:00,2,2020-04-06T21:00:00,2,2,1,c259276b282867aacca0dd32ee9503689b3f6f4fab162909397b1ebb5663deb0
1ac9e5fe15a65e2590fa6bb18eb18a92245bef20559448876a953652bd690b41,1004,19828,2020-04-07T06:00:00,TREND_UP,VOL_COMPRESSION,TREND_UP -> VOL_COMPRESSION,2020-04-06T23:00:00,7,2020-04-06T23:00:00,7,7,1,89f8fa47c6f93fc4aec03be3b9f6a493627d7b480d76a97ea761cdbf2486fc66
c7d59d4ca075a3fdd2fcb2fa7908a12722a61b3e0d0d5fa8bb2ca055bc87534f,1005,19842,2020-04-07T20:00:00,VOL_COMPRESSION,TREND_UP,VOL_COMPRESSION -> TREND_UP,2020-04-07T06:00:00,14,2020-04-07T06:00:00,14,14,1,64ae7ffbab04e7d0db7263b02f5b28098deef902435a103d8f8c5c869a2d224e
3458a9765741499be027c8a2469f89b4ddc8d3047545f5164bc7db11ab11a549,1006,19846,2020-04-08T00:00:00,TREND_UP,RANGE,TREND_UP -> RANGE,2020-04-07T20:00:00,4,2020-04-07T20:00:00,4,4,1,4d7900344f14493da4143fd56183f71f6d101474d375eb59ffaf6224f47f91d3
e42d0e76366576c59f6e42085fac861d909e5ce856ca1eecf1442ab7148ab4a1,1007,19847,2020-04-08T01:00:00,RANGE,VOL_COMPRESSION,RANGE -> VOL_COMPRESSION,2020-04-08T00:00:00,1,2020-04-08T00:00:00,1,1,1,6158dcce84145ca237d120f5d8d1401cd3c6dffd5fb3e15055802ea2833f732c
18fe30330fa4e40b5daa29ace1a1d5f00fd68b617865ce1b877ae812660ffc56,1008,19849,2020-04-08T03:00:00,VOL_COMPRESSION,TREND_UP,VOL_COMPRESSION -> TREND_UP,2020-04-08T01:00:00,2,2020-04-08T01:00:00,2,2,1,136bad51bac539f537a6fe8840f9bb841124330eeefc66f593371c570ad2f271
fde489c26aafc56f11346a91e5d33df6ac20749ce16e4f18b7844a104092fb58,1009,19850,2020-04-08T04:00:00,TREND_UP,VOL_COMPRESSION,TREND_UP -> VOL_COMPRESSION,2020-04-08T03:00:00,1,2020-04-08T03:00:00,1,1,1,b85f4ad9868bdf274dc967764528f849af58f9dc567ec3f7ba4273116bc03a87
2e65c72dd4a2cb33aaf55413080719b639d1482bce175aec7d08c1b679d8da8a,1010,19852,2020-04-08T06:00:00,VOL_COMPRESSION,TREND_UP,VOL_COMPRESSION -> TREND_UP,2020-04-08T04:00:00,2,2020-04-08T04:00:00,2,2,1,7a075b6f768868dc731e1677bff7a668b7b1022a8b38ad5b43dcc32045834882
d2d4527d9d741a2c33fa70716a40f978a02eac694f1463a82af6ac924f7c9a63,1011,19853,2020-04-08T07:00:00,TREND_UP,VOL_COMPRESSION,TREND_UP -> VOL_COMPRESSION,2020-04-08T06:00:00,1,2020-04-08T06:00:00,1,1,1,e4c63875c0c0a6cde8239c1e076110b66c9f78fe3369114d44554b28ed7ebdc1
9f3c24abe20167cc145732fe0dfef1ca7dd6d7e16f6e21999a26659545765f19,1012,19858,2020-04-08T12:00:00,VOL_COMPRESSION,TREND_UP,VOL_COMPRESSION -> TREND_UP,2020-04-08T07:00:00,5,2020-04-08T07:00:00,5,5,1,4294f9ab54bca72f64378a9a8cb0235272e1d26c8097ea28caef817525d6b2a2
1079df0ff2c1173f1af85172354e5641502cd0c3c54a3e4830842870f7f21a9d,1013,19861,2020-04-08T15:00:00,TREND_UP,VOL_COMPRESSION,TREND_UP -> VOL_COMPRESSION,2020-04-08T12:00:00,3,2020-04-08T12:00:00,3,3,1,fff7c06371b65e4c32c2f9326a297bd9fbc42ec9d2f9fd354509bc03bd66a5be
478e88de7bca453a2a30ac933f592d61655ed6a57c510e16a05ecc3afde195ef,1014,19882,2020-04-09T12:00:00,VOL_COMPRESSION,TREND_UP,VOL_COMPRESSION -> TREND_UP,2020-04-08T15:00:00,21,2020-04-08T15:00:00,21,21,1,bb2a76c4b10e04ccb8ddea3233636653f17d8f4998531bd87eb921c785acd88a
3c930b26def7764e0e35cbbcf9d9e4831e97d6efccaf132ef7ff861534472552,1015,19883,2020-04-09T13:00:00,TREND_UP,VOL_COMPRESSION,TREND_UP -> VOL_COMPRESSION,2020-04-09T12:00:00,1,2020-04-09T12:00:00,1,1,1,95af5910d42034b4266b695d38636190022f13c4b4af8d7047897c8984e93046
49ea7097f2ee0d9f68a515cc6c5b0288aca375d4ac38284b1e23be9c539f6f2d,1016,19899,2020-04-10T05:00:00,VOL_COMPRESSION,TREND_DOWN,VOL_COMPRESSION -> TREND_DOWN,2020-04-09T13:00:00,16,2020-04-09T13:00:00,16,16,1,b5d36955d39a60d6a3d58c20e139d7d0f2e998f983fa035984c37704b469ca16
e14293fd7b4c648cee9c07ada508220400e3fb5ccf52e658ccc137e2a2b88e10,1017,19904,2020-04-10T10:00:00,TREND_DOWN,VOL_COMPRESSION,TREND_DOWN -> VOL_COMPRESSION,2020-04-10T05:00:00,5,2020-04-10T05:00:00,5,5,1,9472e14a460566f727a2c86745c7f36ec398864448f6344ea214faefa0d9fc91
88258750d0c8ef915fb2e0f32c3b69fef362dd4e5b0b9b8c42f9d5a072b89534,1018,19909,2020-04-10T15:00:00,VOL_COMPRESSION,TREND_DOWN,VOL_COMPRESSION -> TREND_DOWN,2020-04-10T10:00:00,5,2020-04-10T10:00:00,5,5,1,68dd1a546b9773e849573c6acb9625a4e4816e4d0f9a01aa8ba60bfd4a5f1283
934de7c9d808a2e4bca79d44b965568c72e21c06e61f579998a369115fb6e61b,1019,19914,2020-04-10T20:00:00,TREND_DOWN,VOL_COMPRESSION,TREND_DOWN -> VOL_COMPRESSION,2020-04-10T15:00:00,5,2020-04-10T15:00:00,5,5,1,53777a715c5e11f00467b9af393c5144e323887f021ece5db459b3ab7b8a1eae
a8eb34a897bc5ad0a4cb3a3e006aa192765865f1bc56c35a7164253aff77bff3,1020,19965,2020-04-12T23:00:00,VOL_COMPRESSION,TREND_UP,VOL_COMPRESSION -> TREND_UP,2020-04-10T20:00:00,51,2020-04-10T20:00:00,51,51,1,c1b751fd92a18e566b2bc8318cd93852b96987dc396612f84feb0febc6344623
c21999fb3a26b9dd0456fdbdd5c2bf1bebfcbea55e0d873addb4157561b099f0,1021,19967,2020-04-13T01:00:00,TREND_UP,TREND_DOWN,TREND_UP -> TREND_DOWN,2020-04-12T23:00:00,2,2020-04-12T23:00:00,2,2,1,38c5c2fecd4d3e511a335b3c725f51339ae914b08dd2194aeaeea8585264f728
c57cdb9abf39f8147fa862a1d0cc8e580e6ac5e9ded33b42582959c679da6f7a,1022,19974,2020-04-13T08:00:00,TREND_DOWN,VOL_COMPRESSION,TREND_DOWN -> VOL_COMPRESSION,2020-04-13T01:00:00,7,2020-04-13T01:00:00,7,7,1,d7a7bab74f253d8b0e78da7f663ff4998df96117895de65e5a18293c29252d2c
30f4950bffbb63e36ad2661c9585a158dea9c90759ce12897842c6158b1982da,1023,19978,2020-04-13T12:00:00,VOL_COMPRESSION,TREND_DOWN,VOL_COMPRESSION -> TREND_DOWN,2020-04-13T08:00:00,4,2020-04-13T08:00:00,4,4,1,e95d6b365a114294a0763d38ceb9c929d7633fa44d110d61ec7fcfbe00ed408b
355f169bdc353dfd8de302443480f7b174cc0f931a9a71809b8fec2fed299929,1024,19985,2020-04-13T19:00:00,TREND_DOWN,VOL_COMPRESSION,TREND_DOWN -> VOL_COMPRESSION,2020-04-13T12:00:00,7,2020-04-13T12:00:00,7,7,1,4b552268aa0c1fcde2a067ebc945ca2efd6936e9e87ed0d5b82a56c1a4b185e4
67f1a6da931a469aa012ef6574698e04d3fd0b4b93ecab1e9f3f379fe569bf1a,1025,20045,2020-04-16T07:00:00,VOL_COMPRESSION,TREND_DOWN,VOL_COMPRESSION -> TREND_DOWN,2020-04-13T19:00:00,60,2020-04-13T19:00:00,60,60,1,9f2ba3e352504c58aa0306d89536475d2968a4b8631990c3f789ab28a5e9e017
4a7a3cebcba7aad01c1bc51a746ea73bbf3a852c8382f4284ca59299e088048d,1026,20046,2020-04-16T08:00:00,TREND_DOWN,RANGE,TREND_DOWN -> RANGE,2020-04-16T07:00:00,1,2020-04-16T07:00:00,1,1,1,145737d74be0c22558f33bf6907208d4f407b6d54836218a538e949a7528c0f8
5fb05d13e11217cc6caa33b9ed2b4012a42dd2a41841c2e4fbebc27a8b1bae52,1027,20049,2020-04-16T11:00:00,RANGE,TREND_UP,RANGE -> TREND_UP,2020-04-16T08:00:00,3,2020-04-16T08:00:00,3,3,1,46d605423664a4f04978a0bc1b71f04aeaf274e205b1892a9f4b97692d87f3d8
2a308530362d97179d7e95e89db297c488ed2650d14a8163baf2162582f9b74a,1028,20067,2020-04-17T05:00:00,TREND_UP,VOL_COMPRESSION,TREND_UP -> VOL_COMPRESSION,2020-04-16T11:00:00,18,2020-04-16T11:00:00,18,18,1,5b62277f09e14ab5ca18a0a2767425672ce95f5301285a6c709991ede2042ae5
8ab59086999dacbfe45610cf544e46893da65455aae7b20357e55b1356a0c16a,1029,20151,2020-04-20T17:00:00,VOL_COMPRESSION,TREND_DOWN,VOL_COMPRESSION -> TREND_DOWN,2020-04-17T05:00:00,84,2020-04-17T05:00:00,84,84,1,10d90899f70c93e9f4fd60c928718bafdc0848a059ed8c1de4f9dd126131a366
63ee6b6da3ae6d4b5c7cfc09751115988ab9546bfba97ed7d5fdd6d452cdaf21,1030,20160,2020-04-21T02:00:00,TREND_DOWN,VOL_COMPRESSION,TREND_DOWN -> VOL_COMPRESSION,2020-04-20T17:00:00,9,2020-04-20T17:00:00,9,9,1,9ffe76f45c4967807292ff9b7d8a54a3405ea779faa4baa5f62f0d509abf4487
49c27c34bdbf455a85f8256cb37554a7b5d842ef6be18921bbaa344c8d54746f,1031,20220,2020-04-23T14:00:00,VOL_COMPRESSION,TREND_UP,VOL_COMPRESSION -> TREND_UP,2020-04-21T02:00:00,60,2020-04-21T02:00:00,60,60,1,40f7fc88e5eaaab518f8d7ec5013e04544003bd9b399fbac1759bba08ae16fb0
9f3c2d94e69f41006323b0f70352613412427a4d7bd027a886461ec6ca87a28b,1032,20226,2020-04-23T20:00:00,TREND_UP,VOL_COMPRESSION,TREND_UP -> VOL_COMPRESSION,2020-04-23T14:00:00,6,2020-04-23T14:00:00,6,6,1,29d9e678d986c1a5c4eec90ef1ed7f691973a2f2a141f4b373b0c32d05a95ff8
1bae0cf10ac7f4c9a9edea4d301dc9dec237040e1d108b095408ea87b42b14b3,1033,20229,2020-04-23T23:00:00,VOL_COMPRESSION,TREND_UP,VOL_COMPRESSION -> TREND_UP,2020-04-23T20:00:00,3,2020-04-23T20:00:00,3,3,1,9358f57c3f5e60c6ca9fb9eef0158c79cc4a0515ef03162804d47afa5cabc827
a722fcab4cfd311dbee7ec16781c178454b29faf412e9f6759086f709025f799,1034,20230,2020-04-24T00:00:00,TREND_UP,VOL_COMPRESSION,TREND_UP -> VOL_COMPRESSION,2020-04-23T23:00:00,1,2020-04-23T23:00:00,1,1,1,231fd6e7e33e26deda43b3bd61db8a98cc1e420d5f72d970bdd30576b7061429
74a1e66ea85a7e5f369a965536da0e79637fc358ff81765a3519684ab232cbfd,1035,20366,2020-04-29T16:00:00,VOL_COMPRESSION,TREND_UP,VOL_COMPRESSION -> TREND_UP,2020-04-24T00:00:00,136,2020-04-24T00:00:00,136,136,1,d97b5911b6e1c2a07710ffbba3994afde79b4602862515f8e3e14be0e67a667c
2c0b706cd0db1b5f22b7c012adab5544ed2c858926ecfa063f1cfc3b4c64f5ae,1036,20383,2020-04-30T09:00:00,TREND_UP,VOL_EXPANSION,TREND_UP -> VOL_EXPANSION,2020-04-29T16:00:00,17,2020-04-29T16:00:00,17,17,1,638a3e3d737834e98750eb0f0630f0b85e8043bcd8fb9a6e3f51788708a32567
f0e468bcd960e1b53e69e8fba9818dc3434a7585ba5d42fe3560c9c10dce932b,1037,20386,2020-04-30T12:00:00,VOL_EXPANSION,TREND_UP,VOL_EXPANSION -> TREND_UP,2020-04-30T09:00:00,3,2020-04-30T09:00:00,3,3,1,aaa16ee9f7dc4a15a1c42460e152425abc1290cf797fd613ac1f41d61d85c70e
c626b1db5d7b7044f02af8b6bb3bdec677da512014fd7410cca41ed5492fd63d,1038,20408,2020-05-01T10:00:00,TREND_UP,VOL_COMPRESSION,TREND_UP -> VOL_COMPRESSION,2020-04-30T12:00:00,22,2020-04-30T12:00:00,22,22,1,7981cf697c1e49022c0a8bc04c7fb7e5f73dd9ac7ee94e51d1327ebbccef32b8
328eb2df77b6bbdfb9f1978be484d19d37d4c37677056babe5a547f650fd0744,1039,20409,2020-05-01T11:00:00,VOL_COMPRESSION,TREND_UP,VOL_COMPRESSION -> TREND_UP,2020-05-01T10:00:00,1,2020-05-01T10:00:00,1,1,1,bef3008993569e4e3263944fb3a773849357c0599ea7ed218ce66c5563acab27
b3b465323d63983387a827bc71d121973f975b07bd1eba7969959a6a321ec316,1040,20420,2020-05-01T22:00:00,TREND_UP,VOL_COMPRESSION,TREND_UP -> VOL_COMPRESSION,2020-05-01T11:00:00,11,2020-05-01T11:00:00,11,11,1,4b953783bfea0ad69547724931b1c5d13e976d499e1a8dc4ebd2f184ce2f9bd0
0d5caf7b56aedd0cb7567828046811b5f317f7176039e257b83c69764fe6a8d7,1041,20458,2020-05-03T12:00:00,VOL_COMPRESSION,TREND_UP,VOL_COMPRESSION -> TREND_UP,2020-05-01T22:00:00,38,2020-05-01T22:00:00,38,38,1,1fe89a11ae6e056cacb387100b725a49506b989eb0dbdec1a12af85b41f1299f
b7a3a10ddc8a9b2465aa3dad84a63c5d598370abbb6a331a8ea64df07eafa2bd,1042,20462,2020-05-03T16:00:00,TREND_UP,RANGE,TREND_UP -> RANGE,2020-05-03T12:00:00,4,2020-05-03T12:00:00,4,4,1,499b1fbc562b626af96057879724a0c32c3a77abac5592eeb263f5bae1479104
5ba58b40c748eb28ea5fd4bfaae7e43961dd7bcf3c97cb66db6d1e105984679a,1043,20465,2020-05-03T19:00:00,RANGE,VOL_COMPRESSION,RANGE -> VOL_COMPRESSION,2020-05-03T16:00:00,3,2020-05-03T16:00:00,3,3,1,9d0fc2af3daf3f6c93b2c9311218e0ef7bd4641b23d593408ff98c1ba62e4f8f
de49f65d045c038111c936995a2af3673cf32c7b86e99d6919b96a9caa11192b,1044,20470,2020-05-04T00:00:00,VOL_COMPRESSION,RANGE,VOL_COMPRESSION -> RANGE,2020-05-03T19:00:00,5,2020-05-03T19:00:00,5,5,1,d56dd7a080cf8d1cb97da4b31487ba7fd88422cbd03fb720e7d94aeb7c5e5284
f1478c9cafbe1b247643061b1122d3773e77428916f4b590633ea20028c3bca6,1045,20473,2020-05-04T03:00:00,RANGE,TREND_DOWN,RANGE -> TREND_DOWN,2020-05-04T00:00:00,3,2020-05-04T00:00:00,3,3,1,c8b2d4b00a9d731624cf91215156f43453feb327cfc83c8420b448a792ba30e5
87b2da96285025de3a4be78f236f188789706e8a8a0e2828c2fc0640623b4c7f,1046,20480,2020-05-04T10:00:00,TREND_DOWN,VOL_COMPRESSION,TREND_DOWN -> VOL_COMPRESSION,2020-05-04T03:00:00,7,2020-05-04T03:00:00,7,7,1,5653cd9c0d4cccfa0ac45ee00878903909d6e0676ba3c59943ce8ebe4ec6fa9c
2a1db5df5adfa181d5ffc584ab409f3d73714b5344055c6c8ab2d3c44fa019bc,1047,20504,2020-05-05T10:00:00,VOL_COMPRESSION,TREND_UP,VOL_COMPRESSION -> TREND_UP,2020-05-04T10:00:00,24,2020-05-04T10:00:00,24,24,1,a3326543f908559c89cb7415be0690b9e56293b744b8d73417592ad0d26fea8e
e79083d7c890bdd936fd5c66d10d1b37204372c40b4eb9570912ad43e7f93955,1048,20505,2020-05-05T11:00:00,TREND_UP,VOL_COMPRESSION,TREND_UP -> VOL_COMPRESSION,2020-05-05T10:00:00,1,2020-05-05T10:00:00,1,1,1,02dd1f23cab6649ad33ac2b71ba3186c5a4521f05ee7830bf09a7823ae0bf313
236336b30ebc2245d674b623bf1fb41ca99b532b08409347e9874df69c73d5a9,1049,20530,2020-05-06T12:00:00,VOL_COMPRESSION,TREND_UP,VOL_COMPRESSION -> TREND_UP,2020-05-05T11:00:00,25,2020-05-05T11:00:00,25,25,1,dd1b56ef1ed460d33ff96ae5c5a97bdf8503c1929fc62409276fe54b103a913d
59f155e9d6ba8bc83e418edb1c29d9eb36ebeaf74b7d5db9b37de2cbb385622f,1050,20532,2020-05-06T14:00:00,TREND_UP,VOL_COMPRESSION,TREND_UP -> VOL_COMPRESSION,2020-05-06T12:00:00,2,2020-05-06T12:00:00,2,2,1,0d2b38ecb6075db2d46e98352d68332886c27d705afb1fc229bef7f5b256a863
763509a304207c7c14561547175fd7dcc43a3043d8c8217d275cf31777330d42,1051,20541,2020-05-06T23:00:00,VOL_COMPRESSION,TREND_UP,VOL_COMPRESSION -> TREND_UP,2020-05-06T14:00:00,9,2020-05-06T14:00:00,9,9,1,9097d4ae89d35fa886577e60fdb8b32461d67276b40c8975f39e38b8987bea87
19d478fb002d3005579fe3ad9e577a9048eb7abf2c4e8465813f13f869a60167,1052,20548,2020-05-07T06:00:00,TREND_UP,VOL_COMPRESSION,TREND_UP -> VOL_COMPRESSION,2020-05-06T23:00:00,7,2020-05-06T23:00:00,7,7,1,acaf186921ab5da2c9921451bb95425da8359357b20a6b1b70ff23e8aa09b1c8
66b8971e00a5dd59729ffc3a5a0b3fd596059756cfcf540113c5071157858929,1053,20555,2020-05-07T13:00:00,VOL_COMPRESSION,TREND_UP,VOL_COMPRESSION -> TREND_UP,2020-05-07T06:00:00,7,2020-05-07T06:00:00,7,7,1,3036e5edc7a172a0571165eaaac7a08b7bbcd1f7b583c6bb4539befec54144ce
d3f79318a1efd89ea48282548cf4004321fa8593d1beb3a53f748643e68935c3,1054,20556,2020-05-07T14:00:00,TREND_UP,VOL_COMPRESSION,TREND_UP -> VOL_COMPRESSION,2020-05-07T13:00:00,1,2020-05-07T13:00:00,1,1,1,5c88d075cd8438c0937283533e4d11aee569e657104ec370c646fdbe53925afc
332ef42e3292c7deec46cc11b9f2470f181939bfb055b9dde0de4606c87421c0,1055,20557,2020-05-07T15:00:00,VOL_COMPRESSION,TREND_UP,VOL_COMPRESSION -> TREND_UP,2020-05-07T14:00:00,1,2020-05-07T14:00:00,1,1,1,0eb7b5f45fe3a404c16b70595b34047c3de0fb6b842a2b7936d3d03876e9c512
83812451fae3f98a4abdd3790066328e6ce87e01eb70c152ac0351f8c3ef0f97,1056,20575,2020-05-08T09:00:00,TREND_UP,VOL_COMPRESSION,TREND_UP -> VOL_COMPRESSION,2020-05-07T15:00:00,18,2020-05-07T15:00:00,18,18,1,7c73498709de1a246a049c76250b1ad82960d6ac7b0a48d1c8053a239ac5b177
b6d2baeabe5096d499778bf787853af8c4092a1a8812ff77475d9d5e593f8768,1057,20614,2020-05-10T00:00:00,VOL_COMPRESSION,VOL_EXPANSION,VOL_COMPRESSION -> VOL_EXPANSION,2020-05-08T09:00:00,39,2020-05-08T09:00:00,39,39,1,62102796c0bc0a4be3f7faf3bb276510209c0cee83621834e00b4d613407246b
2d13793afb8f8269ee937205183b1e434e4421966ac009fc8252755f58cb95e7,1058,20619,2020-05-10T05:00:00,VOL_EXPANSION,TREND_DOWN,VOL_EXPANSION -> TREND_DOWN,2020-05-10T00:00:00,5,2020-05-10T00:00:00,5,5,1,24387dc1d3cfc1bce25ac72788104720a343cdba5eb2c9be99d139978f2affd6
f0684ab9fbd75aafdb6cd044c27ab55243540c106f76fb7830fbb5fa7f8fe032,1059,20654,2020-05-11T16:00:00,TREND_DOWN,VOL_EXPANSION,TREND_DOWN -> VOL_EXPANSION,2020-05-10T05:00:00,35,2020-05-10T05:00:00,35,35,1,035eec30ac708b483d2153adf3a8eca5afa4d88407556f3a1ad2e6d17e245acb
3120ac3a9724e6d78ed44d0fb7f25727b5f6cfcc2bf4741c68b540623190e3f2,1060,20660,2020-05-11T22:00:00,VOL_EXPANSION,TREND_DOWN,VOL_EXPANSION -> TREND_DOWN,2020-05-11T16:00:00,6,2020-05-11T16:00:00,6,6,1,fff27cd78c47a4b7b4d74fbc2a3788645e42536e0e5a70f9415e65c4f59f4b0d
dd8e2bf0236af9dcf0a51d986e54ef05b6c8a48ca9e854188692bef33591f15f,1061,20677,2020-05-12T15:00:00,TREND_DOWN,RANGE,TREND_DOWN -> RANGE,2020-05-11T22:00:00,17,2020-05-11T22:00:00,17,17,1,27f5ff13a8a99dcc12060a73daabbf16cd0f63e1f099a405208ade70053e2bc4
448d5c882dffcf671250a396296341bb833591dd75d0f010fb1803b265b7ed67,1062,20685,2020-05-12T23:00:00,RANGE,TREND_DOWN,RANGE -> TREND_DOWN,2020-05-12T15:00:00,8,2020-05-12T15:00:00,8,8,1,6b3820c50255e0ffa2077f912d8468c43fbdc3f44b9c224a7377acd662d10655
28654460d283dd627796608cacd16958fd9562019735d54f2d8549b3a7441b91,1063,20686,2020-05-13T00:00:00,TREND_DOWN,RANGE,TREND_DOWN -> RANGE,2020-05-12T23:00:00,1,2020-05-12T23:00:00,1,1,1,dc9a382c8ceb3568eeab0d62da834b880caa8f1c5fb0625c1f542a69c0e42ed4
9d6718d85b1d2f28d06adccb6fc93f5127d922a3659fa1d807e312a167544a15,1064,20687,2020-05-13T01:00:00,RANGE,VOL_COMPRESSION,RANGE -> VOL_COMPRESSION,2020-05-13T00:00:00,1,2020-05-13T00:00:00,1,1,1,193efd69067874a25a0514e1a67eb057c9446076715c324a2c21228336a8547e
08226f619ece2b3d76e505d88686a1180a71819e7ad1c96b7d7cc8a78b44ffe8,1065,20719,2020-05-14T09:00:00,VOL_COMPRESSION,TREND_UP,VOL_COMPRESSION -> TREND_UP,2020-05-13T01:00:00,32,2020-05-13T01:00:00,32,32,1,67ec0757b5a016998383b633efe084a96369041516b242cca89a922f48f3ff65
e02b74c5bb665b7d163c97d92226c74f261086d4265be3788920bf71411e3790,1066,20751,2020-05-15T17:00:00,TREND_UP,VOL_COMPRESSION,TREND_UP -> VOL_COMPRESSION,2020-05-14T09:00:00,32,2020-05-14T09:00:00,32,32,1,67cf0926c2225bf5a861f96a1df34449e38e942ba7ca1ba9f8a41f8876bec9ca
5948d8a8e950a43c319305169391f3515246a86b42afaa62715d518f58e665bf,1067,20753,2020-05-15T19:00:00,VOL_COMPRESSION,RANGE,VOL_COMPRESSION -> RANGE,2020-05-15T17:00:00,2,2020-05-15T17:00:00,2,2,1,173bfbaa94b456d5abdbf9438338c98eed1b90949cc5fced013f3eb9ce1337d5
b31321373d1d290f095211345f7201a1591373c3b289b2269291a006a94373ee,1068,20763,2020-05-16T05:00:00,RANGE,TREND_UP,RANGE -> TREND_UP,2020-05-15T19:00:00,10,2020-05-15T19:00:00,10,10,1,603af567cb22f5dfcbe689e1c2fb83b7524d4d7a17389868c39d4c5e07f29996
8902f73b0c7936c03443664e94f1a59ef29012bffb2f909b00c32836a39a795a,1069,20767,2020-05-16T09:00:00,TREND_UP,RANGE,TREND_UP -> RANGE,2020-05-16T05:00:00,4,2020-05-16T05:00:00,4,4,1,922376c8a9487c3a1a348d9e0198e5607ac3cf6fc582976f43dc18f33132e313
134db67377da374b4bb20a10a395fb09766ba881d227c33d5900b3462f865afc,1070,20768,2020-05-16T10:00:00,RANGE,VOL_COMPRESSION,RANGE -> VOL_COMPRESSION,2020-05-16T09:00:00,1,2020-05-16T09:00:00,1,1,1,1e14cddba3f9aa336d16d1c0a655ee38c1ef4f5ce2821667d80ed41128a79e3b
e92fb15ebc4ccc5f80e82251ee9b249acc0c4ec33b176e9174401bf2e58a6760,1071,20814,2020-05-18T08:00:00,VOL_COMPRESSION,TREND_UP,VOL_COMPRESSION -> TREND_UP,2020-05-16T10:00:00,46,2020-05-16T10:00:00,46,46,1,6eccf7dff8280b44a985cf3eb4955ee7571732cec91e678916a361d3bdcb0f86
f192e0766f231d73359ba25be3c81729df0e7e5c62b68ebacca6fa7b338d33c0,1072,20817,2020-05-18T11:00:00,TREND_UP,VOL_COMPRESSION,TREND_UP -> VOL_COMPRESSION,2020-05-18T08:00:00,3,2020-05-18T08:00:00,3,3,1,5fa6eb1d2a3105fd971269bba083f691dda16a4f4a815a284d776971977e5d73
1ac0f6bb7a5659e38b1cd46bee708e35925bc954720d1a9d3707782fe5935a06,1073,20842,2020-05-19T12:00:00,VOL_COMPRESSION,TREND_UP,VOL_COMPRESSION -> TREND_UP,2020-05-18T11:00:00,25,2020-05-18T11:00:00,25,25,1,cb2208f92935c87246183f2d61690c85d09417d3aef854082217b6b0b9615115
951755918aa9bdd8b46ebbaac79970fee214681783699163e90771f4fcd0e9b9,1074,20844,2020-05-19T14:00:00,TREND_UP,VOL_COMPRESSION,TREND_UP -> VOL_COMPRESSION,2020-05-19T12:00:00,2,2020-05-19T12:00:00,2,2,1,04ae103dc378ca229bb81bb11588d6d9200d4b5077754b2a39d7d774f6385f9d
98c3bd53e4b33d5c05b289962dc970b12266e6980e55a3540ca3b91bc5e378b6,1075,20869,2020-05-20T15:00:00,VOL_COMPRESSION,RANGE,VOL_COMPRESSION -> RANGE,2020-05-19T14:00:00,25,2020-05-19T14:00:00,25,25,1,9bbf1479a73193f200fac9fe327eaa9710792e2e81ed70ce6c6f087f454a4984
59cfbdaa01d404ebfbdd78c53ea1ef0f4b17d0e7d4cb6ea04a884ad8cac2980f,1076,20871,2020-05-20T17:00:00,RANGE,TREND_DOWN,RANGE -> TREND_DOWN,2020-05-20T15:00:00,2,2020-05-20T15:00:00,2,2,1,5a94505aeb79889a67882055bbc363c7e226af06961bb5163751fd4dfa0ad914
70c4017b0081e9d414bee8f6a19c1dddb6024e3b33323a268bdd02c86ac4b467,1077,20873,2020-05-20T19:00:00,TREND_DOWN,VOL_COMPRESSION,TREND_DOWN -> VOL_COMPRESSION,2020-05-20T17:00:00,2,2020-05-20T17:00:00,2,2,1,45e1e359dc89e084fcc704caad47a578e9d86624282418cc0432b380c507f4bb
901df67cdac98d985e8882a49f30ec63ba1860df04917944e90b13a59d06808b,1078,20892,2020-05-21T14:00:00,VOL_COMPRESSION,TREND_DOWN,VOL_COMPRESSION -> TREND_DOWN,2020-05-20T19:00:00,19,2020-05-20T19:00:00,19,19,1,b5b169397fa055fce36cdc7120c59f23023535e4e710abeca5cb7812ef0bc217
5b36ab35cae1e7a5a599efc9f2d4b7fcfec5095bf0b7c7901b5aed522e32eb75,1079,20908,2020-05-22T06:00:00,TREND_DOWN,VOL_COMPRESSION,TREND_DOWN -> VOL_COMPRESSION,2020-05-21T14:00:00,16,2020-05-21T14:00:00,16,16,1,b7522f889481e0b1083cc59f70d1ea330898cd2a22b580d961624f6a0dc140c1
e7ef8bcba612610ba99b294f976de9c0087f0a6ab98aa2598ada89900b30c14c,1080,20973,2020-05-24T23:00:00,VOL_COMPRESSION,TREND_DOWN,VOL_COMPRESSION -> TREND_DOWN,2020-05-22T06:00:00,65,2020-05-22T06:00:00,65,65,1,72e881d60b0f27eea6c8938246f13b61738b0c69ad11da283a127b20ad19c88c
d0550c26673d89e9f8b5c032b455314f5816db074caf049408b5c141a0243f33,1081,20977,2020-05-25T03:00:00,TREND_DOWN,VOL_COMPRESSION,TREND_DOWN -> VOL_COMPRESSION,2020-05-24T23:00:00,4,2020-05-24T23:00:00,4,4,1,06bb29dea5cd3f9d879ab55046041d18f30f22493c6c08159222b14e59bf7a7b
de5154ab564c9b27bfd7053c7cd8698546177994c56008939f6f807bcfb769a3,1082,21165,2020-06-01T23:00:00,VOL_COMPRESSION,TREND_UP,VOL_COMPRESSION -> TREND_UP,2020-05-25T03:00:00,188,2020-05-25T03:00:00,188,188,1,b6c71613708accc20c6c96c3098b248233542940917749726d280bcf8b3c7eec
d46ad220b095b96b550689b00f242c827257d125fa714cf8050389b630fab77b,1083,21169,2020-06-02T03:00:00,TREND_UP,VOL_COMPRESSION,TREND_UP -> VOL_COMPRESSION,2020-06-01T23:00:00,4,2020-06-01T23:00:00,4,4,1,7eb8de310a69c5cc6a29fc6e620d563e950bbb3fbdd2744ea1601a0b416de454
013f8722b7856bb415a037462a650ebc6477c5f3448debaa242adb55fbc30239,1084,21180,2020-06-02T14:00:00,VOL_COMPRESSION,TREND_UP,VOL_COMPRESSION -> TREND_UP,2020-06-02T03:00:00,11,2020-06-02T03:00:00,11,11,1,c55477caa258a066cb8ed48b0e55cea3fd27680abf7f018dc7cbc61643b6a38e
c3c6f5a115b50dd5bf27023c49a109b913eca1da3ac862608ee55d1d0a63c437,1085,21182,2020-06-02T16:00:00,TREND_UP,RANGE,TREND_UP -> RANGE,2020-06-02T14:00:00,2,2020-06-02T14:00:00,2,2,1,b786ed12ef4f7c68a243198f89def8ec19949d3b4700881dd7df9fe73dd67c16
4764299ff9b87e9c361d8cffeab952a086f9cdb53535f1555ebc6489ef1700db,1086,21189,2020-06-02T23:00:00,RANGE,VOL_COMPRESSION,RANGE -> VOL_COMPRESSION,2020-06-02T16:00:00,7,2020-06-02T16:00:00,7,7,1,4363cc4745093836d77223b52c5840ff334602f1989abb5cfa4e0675cf7331d1
799918603043d3cf781506ad7401a60cd7191714b21bcb25f7ac7ee4157da343,1087,21398,2020-06-11T16:00:00,VOL_COMPRESSION,TREND_DOWN,VOL_COMPRESSION -> TREND_DOWN,2020-06-02T23:00:00,209,2020-06-02T23:00:00,209,209,1,bb2c23fd52446a955404a6a9c6688f9c38cf8ec1416bda75f3c92c08462fc954
ef7600cc21827c876f23b5ad03bc6ae6f147e9ae90b472bafc2c0a4dc77f3049,1088,21407,2020-06-12T01:00:00,TREND_DOWN,VOL_COMPRESSION,TREND_DOWN -> VOL_COMPRESSION,2020-06-11T16:00:00,9,2020-06-11T16:00:00,9,9,1,bdf988e49b03a4c14a6af48f4a2849aca57b9e714db63bde81a9b557c18ba405
ba687130c11b5d73191b9accfc5972bc18dc451d8ab6838139d291608334e5d7,1089,22502,2020-07-27T16:00:00,VOL_COMPRESSION,TREND_UP,VOL_COMPRESSION -> TREND_UP,2020-06-12T01:00:00,1095,2020-06-12T01:00:00,1095,1095,1,963be758f4edda0c112bb135b555b155ac32c3149ee3ce327c3e731357acba54
6303bc827b707e48ee990784b7e4015f6f9590117236264506aa4c4ffafd29bb,1090,22535,2020-07-29T01:00:00,TREND_UP,VOL_COMPRESSION,TREND_UP -> VOL_COMPRESSION,2020-07-27T16:00:00,33,2020-07-27T16:00:00,33,33,1,87bf1905cf97e7b695c317fcdfb168a42df54ae69cd5269eae2dfec01cbaf1ca
430c667ed568917b5f261833607476770f6c992defbb80779ba706a81ed1cdec,1091,22548,2020-07-29T14:00:00,VOL_COMPRESSION,TREND_UP,VOL_COMPRESSION -> TREND_UP,2020-07-29T01:00:00,13,2020-07-29T01:00:00,13,13,1,c17f6141aad83936b639df3091defb886fe657e82ac4af13f69cabf292b7dcb1
edc22ab600ba5cd7b5040a9018991ce7c10a9dd2f25aa62f07a117a06c3dbc83,1092,22549,2020-07-29T15:00:00,TREND_UP,VOL_COMPRESSION,TREND_UP -> VOL_COMPRESSION,2020-07-29T14:00:00,1,2020-07-29T14:00:00,1,1,1,0421234765635156b78a46a8c409ad1a34d126d6ae1fd1b2d1733412535ec120
2721df7e5cb67ab4a852b9d070767197b02028e47c85954b6086c7e0abae25f0,1093,22634,2020-08-02T04:00:00,VOL_COMPRESSION,VOL_EXPANSION,VOL_COMPRESSION -> VOL_EXPANSION,2020-07-29T15:00:00,85,2020-07-29T15:00:00,85,85,1,d15d93f0b6cc3ceca3b00327b76972c8c1ced2639f65496f8e945c7dd8471065
72f4998865d377deffc0395c7fdcafee70deeedb5aa53949a5efcbb7c3d27b73,1094,22637,2020-08-02T07:00:00,VOL_EXPANSION,RANGE,VOL_EXPANSION -> RANGE,2020-08-02T04:00:00,3,2020-08-02T04:00:00,3,3,1,930a3710998de2c0ba564ab2a9098202e14db78a862b86b66816dc9514e15346
badc9f2cf6e833dc39b2d0d02c11dcce4e2bc637030406fd6e1caab9339da687,1095,22643,2020-08-02T13:00:00,RANGE,TREND_DOWN,RANGE -> TREND_DOWN,2020-08-02T07:00:00,6,2020-08-02T07:00:00,6,6,1,2b1304d82250e945f8ff0bec90af90e5ae81d492f80bbd280bdbe0ca7a96d1d3
fb009815b73b8ca0f3f657c17f0868548d2ea801e214e38dbf4748cabc876d17,1096,22656,2020-08-03T02:00:00,TREND_DOWN,VOL_COMPRESSION,TREND_DOWN -> VOL_COMPRESSION,2020-08-02T13:00:00,13,2020-08-02T13:00:00,13,13,1,ac76928f28345df1b5be7ca00c94ae49bfb373e34151ad0adea59c6da80fd1d0
3c8b53de243fe9b9551e9d07243e58e0e4a386c482c23c38b22901cd0c6f4ba9,1097,22866,2020-08-11T20:00:00,VOL_COMPRESSION,TREND_DOWN,VOL_COMPRESSION -> TREND_DOWN,2020-08-03T02:00:00,210,2020-08-03T02:00:00,210,210,1,bb000558b535e00b46c018c21ce0cbdec5e7b97ecf32940b1a57a1b6b9c304f8
880f85dd470e9525b5e6a4197ca48c7b0bdaa69cf14d5d1a784b893d6815f659,1098,22870,2020-08-12T00:00:00,TREND_DOWN,VOL_COMPRESSION,TREND_DOWN -> VOL_COMPRESSION,2020-08-11T20:00:00,4,2020-08-11T20:00:00,4,4,1,889612dd620278513128a25b02a59d089a0bd4ba6da94c7ff9238048bf1d40a5
347c18dd84afe60d912f4def5624afadd746dd11fb5f4519dc62d684a1dc8ede,1099,23030,2020-08-18T16:00:00,VOL_COMPRESSION,RANGE,VOL_COMPRESSION -> RANGE,2020-08-12T00:00:00,160,2020-08-12T00:00:00,160,160,1,c1954b88f31ef133743a60055a75dfa03eaaec91d96a0c4cec35fb301b9bd3f8
37228ab9efa1e28446e9cc097aed92e201247ca4d7730ecc60bf64fff95717ed,1100,23031,2020-08-18T17:00:00,RANGE,VOL_COMPRESSION,RANGE -> VOL_COMPRESSION,2020-08-18T16:00:00,1,2020-08-18T16:00:00,1,1,1,0dc3c5686d53816166776fbc157b7498a5ed2199a345adbd1da70809168704f5
ff7a934ba4a960948a6edaba908dfeeb2fdcf889ce4e8d89e15dabdbf9951bd4,1101,23388,2020-09-02T14:00:00,VOL_COMPRESSION,TREND_DOWN,VOL_COMPRESSION -> TREND_DOWN,2020-08-18T17:00:00,357,2020-08-18T17:00:00,357,357,1,0be69aae703a46aaf1b2b761617073f6e1db0c8a2d99de8020de65cc6e177a73
f58d36835ef1ad6650d9495c3da0c7339890e9c78c40365f016d2e2bd9183214,1102,23389,2020-09-02T15:00:00,TREND_DOWN,VOL_COMPRESSION,TREND_DOWN -> VOL_COMPRESSION,2020-09-02T14:00:00,1,2020-09-02T14:00:00,1,1,1,306c6f03eb795dba5a0192bd9e4da408d946f3ee1d3f9542c68d6fe79f061026
5356b607cc1e67500b95c92d16e1f7c222e26a72969cb3b0d3516598f90a47ca,1103,23410,2020-09-03T12:00:00,VOL_COMPRESSION,TREND_DOWN,VOL_COMPRESSION -> TREND_DOWN,2020-09-02T15:00:00,21,2020-09-02T15:00:00,21,21,1,1fc4851679b6aaa649d4100c9454aca13cba879be3b8fd94a049419ba0fd4cd3
495758f1dbcff5dd633fc08a58ec07effb76629b3bfb3d73123a795a0efd8ad9,1104,23448,2020-09-05T03:00:00,TREND_DOWN,VOL_COMPRESSION,TREND_DOWN -> VOL_COMPRESSION,2020-09-03T12:00:00,38,2020-09-03T12:00:00,38,39,1,fcda50b290dab5e82c964008cc45324cc107641dd7c2c272d2f8c62519fad086
a3c27b545681e91821312a28cd807f91ac11da87a2186e0beadd4cafdc602720,1105,23457,2020-09-05T12:00:00,VOL_COMPRESSION,TREND_DOWN,VOL_COMPRESSION -> TREND_DOWN,2020-09-05T03:00:00,9,2020-09-05T03:00:00,9,9,1,4bb7749444d609edf878ce8484530f91e5de581fb43fbcbdb37e4bb873f20656
05aedd1455ace6b872fa5d11c86dee9ead19c973d5ad4f8f7305a7d606324653,1106,23480,2020-09-06T11:00:00,TREND_DOWN,VOL_COMPRESSION,TREND_DOWN -> VOL_COMPRESSION,2020-09-05T12:00:00,23,2020-09-05T12:00:00,23,23,1,b217a6412a178fbc550b3c8192e79826630c46efac5e45918936f105ff06edc0
14e6b8e1dac8735765fd35e729724fe6e50a18f17c5a0aa33420847dcf1e8afb,1107,23506,2020-09-07T13:00:00,VOL_COMPRESSION,TREND_DOWN,VOL_COMPRESSION -> TREND_DOWN,2020-09-06T11:00:00,26,2020-09-06T11:00:00,26,26,1,6484d0b24fc7293fa354832db6fd4e90bf598ad93568522cf2d53023487330f1
83d1a6fc248e2be78cf21d59b42cea8588de3061d33a7b47fc71342d095fff52,1108,23510,2020-09-07T17:00:00,TREND_DOWN,VOL_COMPRESSION,TREND_DOWN -> VOL_COMPRESSION,2020-09-07T13:00:00,4,2020-09-07T13:00:00,4,4,1,689dd3d85764329b1b529abe08aa8e8e3cf695ed548f8b86ce2f9a676ff1d2af
91c2900805ef7463f5c28346cbea0dae4c041ba8f587e1dd5e27e6a23ba5a682,1109,23531,2020-09-08T14:00:00,VOL_COMPRESSION,TREND_DOWN,VOL_COMPRESSION -> TREND_DOWN,2020-09-07T17:00:00,21,2020-09-07T17:00:00,21,21,1,ba3bb35c44446ee1242d2543b3a41d799206e3d7b372203c2c576c50e42e59c5
80d1923a55dc3705f6b9cd6a5e0b96ae64da971ff776246a17353bc3aeb4a3be,1110,23532,2020-09-08T15:00:00,TREND_DOWN,VOL_COMPRESSION,TREND_DOWN -> VOL_COMPRESSION,2020-09-08T14:00:00,1,2020-09-08T14:00:00,1,1,1,b9175d30dc4293b1190078131b49f31d02763b0c74327e8de5601e5e4d453d52
b2b63be757e36fd70a935ca1a3f8b3f50cf80eff8eede054d85c31c9354e5958,1111,23535,2020-09-08T18:00:00,VOL_COMPRESSION,TREND_DOWN,VOL_COMPRESSION -> TREND_DOWN,2020-09-08T15:00:00,3,2020-09-08T15:00:00,3,3,1,a879e1490ecc277b4f9f50cbfa78c20054c54a2a997a0240b323f835f8709afc
b02c799d78d8b8737ab51f6f2f3ae766d2f829ddd4f6e3cd4a55b3ac2ff80eb1,1112,23536,2020-09-08T19:00:00,TREND_DOWN,VOL_COMPRESSION,TREND_DOWN -> VOL_COMPRESSION,2020-09-08T18:00:00,1,2020-09-08T18:00:00,1,1,1,f28eca6b32023e3b43e82aba65d61c97f1710099f9341b39540709fa040bb387
2136a8e38ef7e6c86848a32db1de3ca3065a19eef0c4eb9e1fe65b53a7d41cf6,1113,23539,2020-09-08T22:00:00,VOL_COMPRESSION,TREND_DOWN,VOL_COMPRESSION -> TREND_DOWN,2020-09-08T19:00:00,3,2020-09-08T19:00:00,3,3,1,ae1bc437631ec29390c6663a0a914963ef925640f78a95eb2d13b1c393589c12
d6bf9737883bd17dacf2676730eb9537b66750eeca69a725eed750a9536d6ab6,1114,23542,2020-09-09T01:00:00,TREND_DOWN,VOL_COMPRESSION,TREND_DOWN -> VOL_COMPRESSION,2020-09-08T22:00:00,3,2020-09-08T22:00:00,3,3,1,50634aff31dcbc35ac0d6128abd09dae2bd8fffc48842e0b43a290e8f27f277e
a0adcb2fba82c217b2e5cdcf5968db6510176a9f58e0a428d8fe65bedf4032c1,1115,23543,2020-09-09T02:00:00,VOL_COMPRESSION,TREND_DOWN,VOL_COMPRESSION -> TREND_DOWN,2020-09-09T01:00:00,1,2020-09-09T01:00:00,1,1,1,43469a2b666477405f56306da50b819ca468360729a9fe82c1124285cdc2c690
6a8bc53803a8e0b99be96971046accd3ab61dbd438ce3e50f514323f8925a6b0,1116,23544,2020-09-09T03:00:00,TREND_DOWN,VOL_COMPRESSION,TREND_DOWN -> VOL_COMPRESSION,2020-09-09T02:00:00,1,2020-09-09T02:00:00,1,1,1,92dcf3e3eca4c6305bebc61fc1833fc67c58e6b56331865965ae78dc432c3015
1de77238a164d148609b64676ededfd294b5579f3d3ff4aea3bf0f89034df487,1117,23845,2020-09-21T16:00:00,VOL_COMPRESSION,TREND_DOWN,VOL_COMPRESSION -> TREND_DOWN,2020-09-09T03:00:00,301,2020-09-09T03:00:00,301,301,1,57976b6842b314ac137837dd9fd563f069fddbd568f950f226e280a124c2c4d1
14d1a27184731653312294c54ae5cabd6aacbf4395b0b8d35b598af844c4ce70,1118,23846,2020-09-21T17:00:00,TREND_DOWN,VOL_COMPRESSION,TREND_DOWN -> VOL_COMPRESSION,2020-09-21T16:00:00,1,2020-09-21T16:00:00,1,1,1,e929557a6c166c36871691015c1dc7db56f0baee325d006f9bc8a0f8c49700a4
724e4464a17d18096e84588d05fdf665466ce542431542f7d3cb97d7844ff0de,1119,24562,2020-10-21T14:00:00,VOL_COMPRESSION,TREND_UP,VOL_COMPRESSION -> TREND_UP,2020-09-21T17:00:00,716,2020-09-21T17:00:00,716,717,1,0cd7a8365d373bab0d3127c811ec537c7162461c6842aa20de5488bd6df79639
210d539096d6eb9a99fa7e2a1144e498acb2a6373a53f560de0eb2a1c065c7c8,1120,24563,2020-10-21T15:00:00,TREND_UP,VOL_COMPRESSION,TREND_UP -> VOL_COMPRESSION,2020-10-21T14:00:00,1,2020-10-21T14:00:00,1,1,1,af6259e03c8dc2d6d43e6de3791c030df831aaa590fd469d608892f9ff72b619
379cafddd6f1efea05b56a02b03b72c1dd12c2d47acb4caf55240fc2c79000e1,1121,24564,2020-10-21T16:00:00,VOL_COMPRESSION,TREND_UP,VOL_COMPRESSION -> TREND_UP,2020-10-21T15:00:00,1,2020-10-21T15:00:00,1,1,1,341f73a0d87a9aa6092d841dad1d6928a1ed823f6c0075b43d0e047c1cc4b537
adf7348b85a201c21cf5dc11086aab72c8276f1557c6ef6fc5af15004989c4ed,1122,24565,2020-10-21T17:00:00,TREND_UP,VOL_COMPRESSION,TREND_UP -> VOL_COMPRESSION,2020-10-21T16:00:00,1,2020-10-21T16:00:00,1,1,1,26c83ca26feac65e4f4ed57737ca647e4dad26b9771c06f29879c897a57ef59f
e0a0e3547a2319acf6effe6231116f08cc1426888188e6475f790cf796a59b2b,1123,24570,2020-10-21T22:00:00,VOL_COMPRESSION,TREND_UP,VOL_COMPRESSION -> TREND_UP,2020-10-21T17:00:00,5,2020-10-21T17:00:00,5,5,1,8593da1cfe90d5363694315ef8db99c5b7f870489ae9a520030b543c02e9b227
c0571e1090de9273e61ed41a96f6bdaa3e7bd66e7985086bff4b5472fe0858ea,1124,24578,2020-10-22T06:00:00,TREND_UP,VOL_COMPRESSION,TREND_UP -> VOL_COMPRESSION,2020-10-21T22:00:00,8,2020-10-21T22:00:00,8,8,1,9608f72d3598761578bd44043a71d43765ab62820ce8202a62d75a9ea4b63441
11d68487e778111f4af6e81be1dcff656ea4f0038662a948e8ac5fedeb57c7b0,1125,24729,2020-10-28T13:00:00,VOL_COMPRESSION,RANGE,VOL_COMPRESSION -> RANGE,2020-10-22T06:00:00,151,2020-10-22T06:00:00,151,151,1,67d4bf3033db3621250fc0bd26bd3efadc0ee47a6d1dc41e2e8cd42733b1723f
61dbede4c36e618a47691a17b8913cbb70d590c26407e4ebbe396cca7b4ee0d0,1126,24736,2020-10-28T20:00:00,RANGE,VOL_COMPRESSION,RANGE -> VOL_COMPRESSION,2020-10-28T13:00:00,7,2020-10-28T13:00:00,7,7,1,332b60c6fe2ef4948dcd3eb828b7077b9363b7a237b8b6b31a08d7c3b7c093b7
cdf18095ffb5c151c777e2d0d8b248b86c67ff425b448e26186e208ecbf8b630,1127,24798,2020-10-31T10:00:00,VOL_COMPRESSION,TREND_UP,VOL_COMPRESSION -> TREND_UP,2020-10-28T20:00:00,62,2020-10-28T20:00:00,62,62,1,ce31ccbd3db54436e7fd318adb0b147d37566ba9e6d3ad4d8823bfb345c7f0fa
fa4058131c5353eaa49261e3fbd8d32a004dfe20b6e24e467aa9ae40b86a8308,1128,24802,2020-10-31T14:00:00,TREND_UP,VOL_COMPRESSION,TREND_UP -> VOL_COMPRESSION,2020-10-31T10:00:00,4,2020-10-31T10:00:00,4,4,1,2306eff1fccc6d4c81e4d386284d2ea2a9353a992892c758de3894ac051c494a
b6115066191904480b554f7dbadfa375be08490bdc0f470cb1d8dc944716e7d1,1129,24921,2020-11-05T13:00:00,VOL_COMPRESSION,TREND_UP,VOL_COMPRESSION -> TREND_UP,2020-10-31T14:00:00,119,2020-10-31T14:00:00,119,119,1,f3374b82a258b3a26fc9d1cf98f7792aafdcffc66ca80ed94bea7a95d2a9d820
ec9eebaefbfd8f74d09f9fab2af2fde1a63615c5a450b08a47b46db425e5c8e2,1130,24922,2020-11-05T14:00:00,TREND_UP,VOL_COMPRESSION,TREND_UP -> VOL_COMPRESSION,2020-11-05T13:00:00,1,2020-11-05T13:00:00,1,1,1,bb460e577a5a844baa6cb0e3469db2a185fc0e2fc7d396c62bf8e413a92c1805
c4fdac0d4b279cb71ebfcc160b1166d6b1e6742772ff03573378efaba9c392a4,1131,24923,2020-11-05T15:00:00,VOL_COMPRESSION,TREND_UP,VOL_COMPRESSION -> TREND_UP,2020-11-05T14:00:00,1,2020-11-05T14:00:00,1,1,1,79c99fe607f78b01c2aeacd9018c2e72f2316e4e5dc25fbd8f0b02a783dfedda
a9dba9e16f3812fb76e762da18d014ec2bbc66c3cfbc03b2dcfdf415db5019fd,1132,24956,2020-11-07T00:00:00,TREND_UP,VOL_COMPRESSION,TREND_UP -> VOL_COMPRESSION,2020-11-05T15:00:00,33,2020-11-05T15:00:00,33,33,1,c9485194d19e5a5fd7ac0ae90ea73bc143869f8ba8e7b34fb7700d2bf402ff9b
7a2b391d7f9cc29fdda5dffbbcae932300b9eb72aea94186ee3e5684429e667f,1133,24972,2020-11-07T16:00:00,VOL_COMPRESSION,TREND_UP,VOL_COMPRESSION -> TREND_UP,2020-11-07T00:00:00,16,2020-11-07T00:00:00,16,16,1,3a0b911c69de190193eafef93f5d892ed1526240fb15b0fbed1536b422634269
36f9b432cc73eb9a616e03b322181cfa7d0fc877e34be1b15afa5326992b284e,1134,24974,2020-11-07T18:00:00,TREND_UP,RANGE,TREND_UP -> RANGE,2020-11-07T16:00:00,2,2020-11-07T16:00:00,2,2,1,12ecc7360fb622d5579f05b635e726dae4197495a67e4f43e639f4b0659c3233
406ee04f80fb6723366c8d2e0235e9ed70b7ef775d7529d04aecdeb485f588ac,1135,24979,2020-11-07T23:00:00,RANGE,TREND_DOWN,RANGE -> TREND_DOWN,2020-11-07T18:00:00,5,2020-11-07T18:00:00,5,5,1,b2d6160d336af31253d0a2bc389804416a7d7c1ab42495bb5d4518d5be198221
0c5fd80b4e94e57de3c1dfdbe26f097969ce05711cdf5462f636f54cbc9271c0,1136,24987,2020-11-08T07:00:00,TREND_DOWN,VOL_COMPRESSION,TREND_DOWN -> VOL_COMPRESSION,2020-11-07T23:00:00,8,2020-11-07T23:00:00,8,8,1,9c2b26a251c6a8776cff32e00e2e2cf8c94ff5f37f2e2b5f90cec9f81dc90c29
44247678c07e3b3475ad9b07b63eea342b44cc39673295faa978bfece68faf7c,1137,25016,2020-11-09T12:00:00,VOL_COMPRESSION,TREND_UP,VOL_COMPRESSION -> TREND_UP,2020-11-08T07:00:00,29,2020-11-08T07:00:00,29,29,1,dda1912d5f9e4477f06db4cb97c399150138ed3ccb5dc46cf9c3ef45fc457c83
3a8913783ba811f72a07b95fcaa2dd01570a92a251c28e2a3e848e60a9d3cce4,1138,25020,2020-11-09T16:00:00,TREND_UP,RANGE,TREND_UP -> RANGE,2020-11-09T12:00:00,4,2020-11-09T12:00:00,4,4,1,fef9fc5a5407776791bc18f21a26731e299f49f4288e54dae41bb574d9aebf0e
4d0b2f59ba2dc7b80e11983ee9cdd606809af87f73cd14a1bc7b57beb5fe4280,1139,25025,2020-11-09T21:00:00,RANGE,TREND_UP,RANGE -> TREND_UP,2020-11-09T16:00:00,5,2020-11-09T16:00:00,5,5,1,a9562fb38d05d314abc744d7f5e4054ae8f7569a57aa9e7ed5b4b2a2a85a3856
290f973c143ec0bc109cd62a7a2db2e2fc148ef5dcb58d3e0a2e5f7550566605,1140,25029,2020-11-10T01:00:00,TREND_UP,VOL_COMPRESSION,TREND_UP -> VOL_COMPRESSION,2020-11-09T21:00:00,4,2020-11-09T21:00:00,4,4,1,0c81a5e48459e94c3e1554abb16ad353727f38807452ccdfe200128b348eca64
b00a3b9fad3d7bc089e28fe6970587670294b3138001b002559ec8d3363d3dce,1141,25086,2020-11-12T10:00:00,VOL_COMPRESSION,TREND_UP,VOL_COMPRESSION -> TREND_UP,2020-11-10T01:00:00,57,2020-11-10T01:00:00,57,57,1,5d0d5b43e2742eec30f2cf565696164c6f4b05efd3ac5fbfa30ad4bd28ac2360
c13587b72adb8829567fd37cea8570e28d0cc99f53c451b0eaa39d2a76f2a990,1142,25096,2020-11-12T20:00:00,TREND_UP,VOL_COMPRESSION,TREND_UP -> VOL_COMPRESSION,2020-11-12T10:00:00,10,2020-11-12T10:00:00,10,10,1,6cbd32d0343853bbc754e78a1dac2c8030969dc56fff1612d2010425b7b76405
8d4beb93b7e848c021c3ce2482cdd0bdf1ba20fad37bb5a2b42b5ab86b0fcb36,1143,25212,2020-11-17T16:00:00,VOL_COMPRESSION,TREND_UP,VOL_COMPRESSION -> TREND_UP,2020-11-12T20:00:00,116,2020-11-12T20:00:00,116,116,1,a7013df1a8e07292464c87d767b09c6211f4ca555a52f94102d51fd7568cc15d
5f942ae7e58097e4e246b1eeb680868a6e4940a630740b28759fb80d9697fb33,1144,25219,2020-11-17T23:00:00,TREND_UP,VOL_COMPRESSION,TREND_UP -> VOL_COMPRESSION,2020-11-17T16:00:00,7,2020-11-17T16:00:00,7,7,1,ab5fdac5cc07f7402a4841cfbe155ce2f4a1f39a9a853f2f8c9f47723a83a7f9
505c4b762a5bdb289f0ef3dc405889a8ce34662f8d29e25e1a007a9a18b67433,1145,25224,2020-11-18T04:00:00,VOL_COMPRESSION,TREND_UP,VOL_COMPRESSION -> TREND_UP,2020-11-17T23:00:00,5,2020-11-17T23:00:00,5,5,1,91dab03bc9da86a22fe561853de1d75811d8042196fd5ebea58e6cd7054c8151
5990871f985e0a5250efe905d797b328d1b25c888d17aeec5ad33423ba5b763b,1146,25262,2020-11-19T18:00:00,TREND_UP,VOL_COMPRESSION,TREND_UP -> VOL_COMPRESSION,2020-11-18T04:00:00,38,2020-11-18T04:00:00,38,38,1,093252667f9a567943c9e5522eb1533e1cfe0e7ed9819667843d85c2ddde03d0
599b25df2c1c4dad32c1695f3d6e4926caa71b2da446e45f82621ee12b883f90,1147,25326,2020-11-22T10:00:00,VOL_COMPRESSION,RANGE,VOL_COMPRESSION -> RANGE,2020-11-19T18:00:00,64,2020-11-19T18:00:00,64,64,1,07c30e60cf306d6dce41265118ff9d5e8801e490423cba7fcb6c39543c69da16
5f8669ced546ac78bbb40fdcd8a8053660c31330c1c4d579f3f27de348969e67,1148,25329,2020-11-22T13:00:00,RANGE,TREND_DOWN,RANGE -> TREND_DOWN,2020-11-22T10:00:00,3,2020-11-22T10:00:00,3,3,1,beec4ff0fd58cbfb00b378f90c073da9020404c9d4bc97e019ac345df2f9ddc4
9371c11573c9a3cf99592fc144d0457ab7b2e205281770e832daf2fb3554f18f,1149,25334,2020-11-22T18:00:00,TREND_DOWN,RANGE,TREND_DOWN -> RANGE,2020-11-22T13:00:00,5,2020-11-22T13:00:00,5,5,1,1f161a21d7b58c580a228be396b9b0e7ef28622664e36557c3e57dc257ef4b9a
e90f1218e247fce5c66ebea3ef732291e9cb70bec6a71395b11bbab165cb606a,1150,25335,2020-11-22T19:00:00,RANGE,VOL_COMPRESSION,RANGE -> VOL_COMPRESSION,2020-11-22T18:00:00,1,2020-11-22T18:00:00,1,1,1,070a3ea4072885466e55f2526a72079840d82d868deaf22465763f3e3335d637
74ab35ac4cb76adae95bd6f33ac9bb77ce2b6db048ac1efad5b0c1809add8f01,1151,25340,2020-11-23T00:00:00,VOL_COMPRESSION,TREND_UP,VOL_COMPRESSION -> TREND_UP,2020-11-22T19:00:00,5,2020-11-22T19:00:00,5,5,1,e435e58f39e5c9d23b0f4cf6fa0f3a1a1ea1c42aff8b584b699d4511ee37a9a1
a7f50e172aee9035562da8df548da63e7955a8f9cd83faf223dd659082af1fff,1152,25341,2020-11-23T01:00:00,TREND_UP,TREND_DOWN,TREND_UP -> TREND_DOWN,2020-11-23T00:00:00,1,2020-11-23T00:00:00,1,1,1,c3b18985486f2d1d1ec3c87a71cf517e39f480f2f6a95d3e234d75eedb26a91c
4a1f1de4725bfd049ab5ffb8f290d4dc0a444151104d9460051ce323562c4171,1153,25344,2020-11-23T04:00:00,TREND_DOWN,VOL_COMPRESSION,TREND_DOWN -> VOL_COMPRESSION,2020-11-23T01:00:00,3,2020-11-23T01:00:00,3,3,1,56bdf085f8cdaac6d3856480074e411797956256ab19a3299313eab3d38b9152
b9e7a0692034d05e80abd1b24b684c185a04e307070b3770542ab10bf18e3707,1154,25356,2020-11-23T16:00:00,VOL_COMPRESSION,TREND_UP,VOL_COMPRESSION -> TREND_UP,2020-11-23T04:00:00,12,2020-11-23T04:00:00,12,12,1,84c6fc450a824ae693d3d24e70744cd630da43008c9748d558a186c97f9e7e4c
5e3861aa6f37d45d67f2b74aa2bc3271a609fbd3e7d82c581ea8665661bb6de0,1155,25357,2020-11-23T17:00:00,TREND_UP,VOL_COMPRESSION,TREND_UP -> VOL_COMPRESSION,2020-11-23T16:00:00,1,2020-11-23T16:00:00,1,1,1,fcc01cd71b586f0a821907a8a1a5914eb9ce89ff35a46625902b912156ae86e6
fc739092a4ac255751304fff103e5163d59295af2f5a7d64631695f1fb97e05d,1156,25374,2020-11-24T10:00:00,VOL_COMPRESSION,TREND_UP,VOL_COMPRESSION -> TREND_UP,2020-11-23T17:00:00,17,2020-11-23T17:00:00,17,17,1,7501f44ca0e92abd84a4090fdd14bacdc03252f20151f7f0a768d961d6a165d9
be9d00378c6a5fba944774b703d0c544ee6dcf4e5e1369d3b631cf079ae4487e,1157,25383,2020-11-24T19:00:00,TREND_UP,VOL_COMPRESSION,TREND_UP -> VOL_COMPRESSION,2020-11-24T10:00:00,9,2020-11-24T10:00:00,9,9,1,d7536ac7bdb4652dc63796d8ae74de7bcdfb3474cd6ee188723f56bc8214b1a5
ee8c691ea239c5d7b852b7ba54141caf638b59e57ceb9db9f6254c122754aa2d,1158,25385,2020-11-24T21:00:00,VOL_COMPRESSION,TREND_UP,VOL_COMPRESSION -> TREND_UP,2020-11-24T19:00:00,2,2020-11-24T19:00:00,2,2,1,4b11511d7d92be8384ea06997edc1f0576731f16f68dd5fff3e441af25c8dbd6
d67baa0837a8d570b21ad63a665955fc5ede0c6703d5cc6144958c42b7f366db,1159,25387,2020-11-24T23:00:00,TREND_UP,VOL_COMPRESSION,TREND_UP -> VOL_COMPRESSION,2020-11-24T21:00:00,2,2020-11-24T21:00:00,2,2,1,366e09e29f982b337d45b178b92f9f6deb730cebd5a23e933ce8b2ad9e7d6d7e
7ab0ef3ecb704360d50cee12f413e85bb5fd27fb58189bf308d6a39f1390c967,1160,25408,2020-11-25T20:00:00,VOL_COMPRESSION,TREND_UP,VOL_COMPRESSION -> TREND_UP,2020-11-24T23:00:00,21,2020-11-24T23:00:00,21,21,1,b3e6af20d595c85470ddf1b4eca2e256719f11bd3a8768226390503f48d304a6
198ecb94b747874fe9d10078828ab0e8804269639f4c39aef7ea1e90f3ed5219,1161,25410,2020-11-25T22:00:00,TREND_UP,RANGE,TREND_UP -> RANGE,2020-11-25T20:00:00,2,2020-11-25T20:00:00,2,2,1,30867c8ae79c0807f8df714b6a69160f9a59da59d398d5ff757ac7d86c03b45f
0a08beeb1cfcd46b5f718b7d3904f9b4c9bb558caaedf996d162bf6eb692592e,1162,25415,2020-11-26T03:00:00,RANGE,TREND_DOWN,RANGE -> TREND_DOWN,2020-11-25T22:00:00,5,2020-11-25T22:00:00,5,5,1,7fa5925c324212eb34e7a9df3b005938f1fa3efeb7c137364d48d6a8c56a350e
abd27ab346ff424db7b36af0d8fc5a49a0caeeb6285a58f324ed6eb429b0cf9c,1163,25420,2020-11-26T08:00:00,TREND_DOWN,VOL_EXPANSION,TREND_DOWN -> VOL_EXPANSION,2020-11-26T03:00:00,5,2020-11-26T03:00:00,5,5,1,5ca5d505bd8fb3db45ae3da0913119631a40f6c542fe0af5bfc03161907199ab
aac82eb71bcca688fb7acd3ceac3b4222d0a35a6577f7b2dfe0929b4a81e9f60,1164,25425,2020-11-26T13:00:00,VOL_EXPANSION,TREND_DOWN,VOL_EXPANSION -> TREND_DOWN,2020-11-26T08:00:00,5,2020-11-26T08:00:00,5,5,1,b9e77e9517e7c95560909cd085a353a57bdb7e6a1e4b189aafdc100b502ae1a4
9ffd60e85efd3650a14473671107ec02ee4a2db9a62e969a8516db47c772fe23,1165,25463,2020-11-28T03:00:00,TREND_DOWN,VOL_COMPRESSION,TREND_DOWN -> VOL_COMPRESSION,2020-11-26T13:00:00,38,2020-11-26T13:00:00,38,38,1,6236aa7530bbcd980ceac6980f391b81f25b746516326197b5f329ed11298c01
4f69ad04450bfd0f09e95c7cd5d6055ea72616a8eddc3cde46593c086c3369a6,1166,25522,2020-11-30T14:00:00,VOL_COMPRESSION,TREND_UP,VOL_COMPRESSION -> TREND_UP,2020-11-28T03:00:00,59,2020-11-28T03:00:00,59,59,1,c88b7e8d990c70a18dddb8b95cf382661779c827bd685a1db1347ebb78db5ebc
be9219146e237170ae605f328450c4e3694501d7dcd6fd61d43c913dc9ac2002,1167,25540,2020-12-01T08:00:00,TREND_UP,VOL_COMPRESSION,TREND_UP -> VOL_COMPRESSION,2020-11-30T14:00:00,18,2020-11-30T14:00:00,18,18,1,874338ba8b4e6d4afe56b9355f807bc7f99ef92e2a83d71a39aac6f9487302ca
36978a6c11fb313b079fbe2bee39c2f83c5aba5c19dec1c0b50c8af9a9f83b88,1168,25543,2020-12-01T11:00:00,VOL_COMPRESSION,TREND_UP,VOL_COMPRESSION -> TREND_UP,2020-12-01T08:00:00,3,2020-12-01T08:00:00,3,3,1,3cc0cfd84e30b2814bb3f60b543d7f4d548b533754233c2d4ac872c8904ffee5
a619b4c2c4c69c4f465c4a62c425239282d525d58ec42c3cb3ba49cda31a4193,1169,25546,2020-12-01T14:00:00,TREND_UP,VOL_EXPANSION,TREND_UP -> VOL_EXPANSION,2020-12-01T11:00:00,3,2020-12-01T11:00:00,3,3,1,6bf05baf6b7957c9ed0563c3fb392baf9c33cdaab06a9b90fff20229dcc4dc91
db411e5099d34bacf32ae82ef5c2469a1a0371763917e60d040fc8dfe0c2b99c,1170,25547,2020-12-01T15:00:00,VOL_EXPANSION,TREND_UP,VOL_EXPANSION -> TREND_UP,2020-12-01T14:00:00,1,2020-12-01T14:00:00,1,1,1,c3d46b9d440d2191948e48f97886c5e8c7b8f6a037c83d07b5138e8b57dcd691
b2640da4003738dd06177faa20e9bb457839aaae8e60b6d8fdb49b4aa7bf6319,1171,25557,2020-12-02T01:00:00,TREND_UP,RANGE,TREND_UP -> RANGE,2020-12-01T15:00:00,10,2020-12-01T15:00:00,10,10,1,26c1a710b0cf48b0b22df74f8f43e1fca90aaff38fc68afab46570439acc051e
c69873b489a668701549e33ce6fdbbcfc65a8bdda1e9a5c56a7685643c5d603b,1172,25564,2020-12-02T08:00:00,RANGE,TREND_UP,RANGE -> TREND_UP,2020-12-02T01:00:00,7,2020-12-02T01:00:00,7,7,1,9d617e527967360f75d510f9a4c3ccb8c1648dd1d48ab1dbc56728e0f713c262
1eb8fc3db32d7d07b6b3a030e958b25c0af94cbc4bd5301d2dce964950334632,1173,25576,2020-12-02T20:00:00,TREND_UP,VOL_COMPRESSION,TREND_UP -> VOL_COMPRESSION,2020-12-02T08:00:00,12,2020-12-02T08:00:00,12,12,1,e04a2476ea309ec6f84a19a3d9f4c915cc18847324141e1105efd803cadbd491
486b82157a993e6b47cdc2bcf2a9f16d3e10fee8a57c785e4bf78e9857c6815f,1174,25616,2020-12-04T12:00:00,VOL_COMPRESSION,RANGE,VOL_COMPRESSION -> RANGE,2020-12-02T20:00:00,40,2020-12-02T20:00:00,40,40,1,c9d0c778adb08c65e5b18136ec3a8c9d68f1b34f33431a54ee8189c2178abb4a
5171ae1d1ea5720167caf703e2e01de79f39f16311f9ebc1d48694d03fabdc88,1175,25617,2020-12-04T13:00:00,RANGE,VOL_COMPRESSION,RANGE -> VOL_COMPRESSION,2020-12-04T12:00:00,1,2020-12-04T12:00:00,1,1,1,07098758fb4c2b9aacdfb62f4f1042c107a22d5b0d6f2ad275c33ce74d12f153
8190d065758f29911256f9b01f7dee4e8cb52c57ea9bbf3c3c08a89b04f82db3,1176,25732,2020-12-09T08:00:00,VOL_COMPRESSION,TREND_DOWN,VOL_COMPRESSION -> TREND_DOWN,2020-12-04T13:00:00,115,2020-12-04T13:00:00,115,115,1,962d504bec6f2f84f210b6973a6dee1de95193313431ab675518017e3bb98af2
36772d86d94c5bc3910ff7cfb0eb4cdd0171d85d1f8503c599197e59d8444a64,1177,25738,2020-12-09T14:00:00,TREND_DOWN,VOL_COMPRESSION,TREND_DOWN -> VOL_COMPRESSION,2020-12-09T08:00:00,6,2020-12-09T08:00:00,6,6,1,d54d709216c750cefddcfdfccaaba1dd1e54f3e02a92b6f4e60ed434b0e91ed6
e75278aad2f7c5f5b39cf333155aeb9f7068d9f6079fba1383f2502a4f700bc8,1178,25906,2020-12-16T14:00:00,VOL_COMPRESSION,TREND_UP,VOL_COMPRESSION -> TREND_UP,2020-12-09T14:00:00,168,2020-12-09T14:00:00,168,168,1,26d464fa8bca6a0084d09294917e363c36ed65bac8af9387434b05051fb3c247
c02019eeb3b68f2050f0d1964f6dac27a3a40ec5894cf99d507fbb957a09f2b8,1179,25911,2020-12-16T19:00:00,TREND_UP,VOL_COMPRESSION,TREND_UP -> VOL_COMPRESSION,2020-12-16T14:00:00,5,2020-12-16T14:00:00,5,5,1,186fc8a884d8b5dd763f9cd85c3bb0673190836475be70319f86f1efd6acf09b
70c9dbd0bdf56abb1d06fc00b1c5b831800048c8b035419fd070b4b51d342a11,1180,25913,2020-12-16T21:00:00,VOL_COMPRESSION,TREND_UP,VOL_COMPRESSION -> TREND_UP,2020-12-16T19:00:00,2,2020-12-16T19:00:00,2,2,1,70f51f9fe374a025373b3eb4ccd3ec6b1f759e9a186e9b7337ba492d95772434
dc01ff78c4dba3968eaa70903c47ed2a490c5bdaafa5e145da75dffb6e8b84f7,1181,25934,2020-12-17T18:00:00,TREND_UP,VOL_EXPANSION,TREND_UP -> VOL_EXPANSION,2020-12-16T21:00:00,21,2020-12-16T21:00:00,21,21,1,0275de6a5bef88f7307f33f19b07b9cac5c2f7891e72acaf12e07e27da0e6b3d
a606ed718f61170f3e87c31740095cb982def036705838beb525fa319d91f17f,1182,25938,2020-12-17T22:00:00,VOL_EXPANSION,TREND_UP,VOL_EXPANSION -> TREND_UP,2020-12-17T18:00:00,4,2020-12-17T18:00:00,4,4,1,b03f0955385971e18b6103a213ada1ea705b693bc1245d554935055302b3a80c
de3755b900b99d8f84dae71fa892b94e87f00de393e51acd493f6c2504f138a9,1183,25959,2020-12-18T19:00:00,TREND_UP,VOL_COMPRESSION,TREND_UP -> VOL_COMPRESSION,2020-12-17T22:00:00,21,2020-12-17T22:00:00,21,21,1,bff28e6cf3ed9454376da1fac339c6a9e84841260dfb0a09a1926d45840b9761
4da883b4cee73d3e2f01bc300c41832cea943e1df20fc0113d6c1b6af7fb1a2d,1184,25980,2020-12-19T16:00:00,VOL_COMPRESSION,TREND_UP,VOL_COMPRESSION -> TREND_UP,2020-12-18T19:00:00,21,2020-12-18T19:00:00,21,21,1,ddb8e39f0745441a5b68ef4b5b5962f80b1e61b19d2caf234a119ef4025e58bf
44e14426171467f8444f8544f0d9d1b5df78f11d3d26b5c86a8c588181901417,1185,25984,2020-12-19T20:00:00,TREND_UP,VOL_COMPRESSION,TREND_UP -> VOL_COMPRESSION,2020-12-19T16:00:00,4,2020-12-19T16:00:00,4,4,1,54f3e5142832466f724f9c6e92308809a991b922a87dc1c197b95ef0f64b6bc6
99fe24eeff7a91865d6015fc87e91fd0d80851d06a6d530df7f1a72b077af55e,1186,25988,2020-12-20T00:00:00,VOL_COMPRESSION,TREND_UP,VOL_COMPRESSION -> TREND_UP,2020-12-19T20:00:00,4,2020-12-19T20:00:00,4,4,1,9ccc42b1a3441187a2d080866d0d67e4b55f3674a901735cba82d9dd5863fca1
dc8bf186dd8719b588dc8c553456764caa0e5494a1ffc47094cc3a3a9dc233a0,1187,25990,2020-12-20T02:00:00,TREND_UP,VOL_COMPRESSION,TREND_UP -> VOL_COMPRESSION,2020-12-20T00:00:00,2,2020-12-20T00:00:00,2,2,1,37960a654a18ea9403fda42302bb666c5419ced441191525543bfa780e7f4aef
ceac75a31924e7a5dea84755d3db4a05ac3731a976bc3ae51d8f1bfb8ecc0477,1188,25992,2020-12-20T04:00:00,VOL_COMPRESSION,TREND_UP,VOL_COMPRESSION -> TREND_UP,2020-12-20T02:00:00,2,2020-12-20T02:00:00,2,2,1,5de9dbde6d1bd3a7901a72bf94b2ff3366c772d5b17cd6c30c5589e7b7a5f92d
9f317131a9c1da13a109008c0f5d9bb16a2b322e6c04554739f0d8c9062f59e5,1189,25993,2020-12-20T05:00:00,TREND_UP,VOL_COMPRESSION,TREND_UP -> VOL_COMPRESSION,2020-12-20T04:00:00,1,2020-12-20T04:00:00,1,1,1,e180a2ce0a54576ee2354baa8d24d223f1a450a605c46cbea693788afcff9f5a
1e859695e8ea93bcd06586340f1e809f1fe2a58090ab91c9a4feb702eabf12e1,1190,26009,2020-12-20T21:00:00,VOL_COMPRESSION,TREND_UP,VOL_COMPRESSION -> TREND_UP,2020-12-20T05:00:00,16,2020-12-20T05:00:00,16,16,1,19fcbc88bcea6f8e1a3ef822bf3d930296aa127c32ab0298dd7d827791b78e02
0f199b6da45ea1f0a907a8be14c8b652fc492c1e75fc2a6622985c20bbcf63bb,1191,26018,2020-12-21T06:00:00,TREND_UP,VOL_COMPRESSION,TREND_UP -> VOL_COMPRESSION,2020-12-20T21:00:00,9,2020-12-20T21:00:00,9,9,1,680003304b194426e58dd109363c64cbdeb2a4c7a90b1cca9cf4dfab93989f4b
1a243df41ecd65036b89cef9c1f632ad88cf913abe80671c3c331f9826d571d7,1192,26020,2020-12-21T08:00:00,VOL_COMPRESSION,TREND_UP,VOL_COMPRESSION -> TREND_UP,2020-12-21T06:00:00,2,2020-12-21T06:00:00,2,2,1,c2379a924517c5dae06b3846bee0f96743461f11effe510b94105b3730aec731
e4351fc0c835fc184ece8180d494a17e08f42c55ca8498aebb8bc16d84cda869,1193,26023,2020-12-21T11:00:00,TREND_UP,RANGE,TREND_UP -> RANGE,2020-12-21T08:00:00,3,2020-12-21T08:00:00,3,3,1,e440f4784fd7f60e35755bce3bafde9a65b3b3d96707bd5bf8c51f86c46aa839
b00a60cdda1b8c986566ff60bfb42398a7403abf92b55256ec6b39cfba961ebf,1194,26025,2020-12-21T13:00:00,RANGE,TREND_DOWN,RANGE -> TREND_DOWN,2020-12-21T11:00:00,2,2020-12-21T11:00:00,2,2,1,a87cecdb7a5a58f41ec42a290f8f6431aaf3bf8e10888d16ed76860ba2122ce1
13b94363a154b3dc9dec07baae5092e2fa8d6e9a7376d7931ed066d53eac947e,1195,26050,2020-12-22T14:00:00,TREND_DOWN,RANGE,TREND_DOWN -> RANGE,2020-12-21T13:00:00,25,2020-12-21T13:00:00,25,25,1,49a332b1665a0fbe541829620c9226969262e8552bcc9808b9402c564b662268
997cb2d3d0a86e603ac8cd89e906ce1564d3503b4d0744835d74a9c0cd40f49c,1196,26055,2020-12-22T19:00:00,RANGE,VOL_COMPRESSION,RANGE -> VOL_COMPRESSION,2020-12-22T14:00:00,5,2020-12-22T14:00:00,5,5,1,3a10a3433c3e175049f473a106d4e75201415916b2c6175c7191156d2ef7174f
1b26c7bd93a50263c46328146a45e2dd14cf3763763f85a3153db7cefd255a53,1197,26061,2020-12-23T01:00:00,VOL_COMPRESSION,TREND_UP,VOL_COMPRESSION -> TREND_UP,2020-12-22T19:00:00,6,2020-12-22T19:00:00,6,6,1,44bec214976323c82059dec2df7b978f1ef1382047a57c18eca79e4c49c17c18
4ac08dccffd03b911fc238b20bc84c92ecf69d156c18d0ab9fbd6c2113a8f5ae,1198,26062,2020-12-23T02:00:00,TREND_UP,VOL_COMPRESSION,TREND_UP -> VOL_COMPRESSION,2020-12-23T01:00:00,1,2020-12-23T01:00:00,1,1,1,75970081088738b0303009fc09105aa682b1c341eb163e0e5c9efa3b5dc24002
6a34defb958c4b4f3f4af526ba6a9ea871306a53410d0eca98b00bc9ae462017,1199,26071,2020-12-23T11:00:00,VOL_COMPRESSION,TREND_UP,VOL_COMPRESSION -> TREND_UP,2020-12-23T02:00:00,9,2020-12-23T02:00:00,9,9,1,bfbca0ef6c4af03de6ee1a4944c5db1a2e1844ca7dd941c62f6a512ec6d7c0db
f09301f83ea9a5da282ecef0da88a913788e659916337274fd42fd91425b47e7,1200,26083,2020-12-23T23:00:00,TREND_UP,RANGE,TREND_UP -> RANGE,2020-12-23T11:00:00,12,2020-12-23T11:00:00,12,12,1,79f66154cecdf2df2b19f0f815757b7a2ba61c65d8c40c34396b85d442cbc673
65d1a2b3792941901aefcb9a60a2552eb7e7b92c766b5073c7554b81835ffe27,1201,26086,2020-12-24T02:00:00,RANGE,TREND_DOWN,RANGE -> TREND_DOWN,2020-12-23T23:00:00,3,2020-12-23T23:00:00,3,3,1,5f4c2ad50f3428afc595109f30d7fb6af3b19260044ad1342c6b7bad64b72515
99a57a247d4c564f3db65e03e772b9fadd4c148206e5d79c55bb67c2dd20cfda,1202,26100,2020-12-24T16:00:00,TREND_DOWN,VOL_COMPRESSION,TREND_DOWN -> VOL_COMPRESSION,2020-12-24T02:00:00,14,2020-12-24T02:00:00,14,14,1,46b23c60e588cc5ea43176eeb3dfcc5b8a6b97eb7ce05755fe04543c79f57610
503aba0825773578d497d98bb52430ae2629b6dfc27b2ddd17475276166b9407,1203,26122,2020-12-25T14:00:00,VOL_COMPRESSION,TREND_UP,VOL_COMPRESSION -> TREND_UP,2020-12-24T16:00:00,22,2020-12-24T16:00:00,22,22,1,46245707d7b843f92e599a57f50b27a0ddc5e9eef3763abf5f932fa0f91dfcc2
d511d36fef547c017323d15d2a310c022dce5d81f25ebc8e50a82ee202c27beb,1204,26128,2020-12-25T20:00:00,TREND_UP,VOL_COMPRESSION,TREND_UP -> VOL_COMPRESSION,2020-12-25T14:00:00,6,2020-12-25T14:00:00,6,6,1,31152db8d26824b186455c6ec27d85515d87e8585c4e953ae858e66c39242577
f26be7d044545bbf95d05b739fc2ffefe37ed6fcbc93d4c6aae118784b5a9531,1205,26152,2020-12-26T20:00:00,VOL_COMPRESSION,TREND_UP,VOL_COMPRESSION -> TREND_UP,2020-12-25T20:00:00,24,2020-12-25T20:00:00,24,24,1,9c6538224eecbbecbfb2264c3e3e60257f6e44a35c37c92bf81f33736d102bd4
1cb8333ae40f6a9446e7e7351c6b24293689168f66eab01ea82a1bbd7c6c9b7e,1206,26209,2020-12-29T05:00:00,TREND_UP,RANGE,TREND_UP -> RANGE,2020-12-26T20:00:00,57,2020-12-26T20:00:00,57,57,1,b4226dbc24e36f915ba432172dcb3eb33af32e5031b71a72be04002d73126744
228a5fe705aae12dcc53adefbb729f49a006e985e37847fb187e1d150386174f,1207,26215,2020-12-29T11:00:00,RANGE,TREND_UP,RANGE -> TREND_UP,2020-12-29T05:00:00,6,2020-12-29T05:00:00,6,6,1,392b94a0e8da35fa52324e213826f10b11bf888503e2dd03a54a39cbd0ae0e9a
81955ddd067c1088b29fa788042b450b0f3209355739f59c37ea3e6b7d95aad0,1208,26216,2020-12-29T12:00:00,TREND_UP,VOL_COMPRESSION,TREND_UP -> VOL_COMPRESSION,2020-12-29T11:00:00,1,2020-12-29T11:00:00,1,1,1,a2756f44e9002d3b921046c7965400aee63a8787f5f6fd22243c92807f6c6b82
25523b44d84992020e4001654e4325a84a0b0c9c3f8adc8436077a8467344e92,1209,26221,2020-12-29T17:00:00,VOL_COMPRESSION,TREND_UP,VOL_COMPRESSION -> TREND_UP,2020-12-29T12:00:00,5,2020-12-29T12:00:00,5,5,1,37650f059f7a0539d571a6fe820b7b2d65c04746d7eed6f266624818af1585a7
566c518c71e92e068251ab791be315e86c1830d5bc10870efc49d811a18edcab,1210,26222,2020-12-29T18:00:00,TREND_UP,VOL_COMPRESSION,TREND_UP -> VOL_COMPRESSION,2020-12-29T17:00:00,1,2020-12-29T17:00:00,1,1,1,d664352a4857104179cfd65d06c2d3981350447a55a7fd73c086587f925a2ac8
98d7a751d6ff73479bf72a82ea4955989b66dabb0f36448ab6d9c4f309954631,1211,26228,2020-12-30T00:00:00,VOL_COMPRESSION,TREND_UP,VOL_COMPRESSION -> TREND_UP,2020-12-29T18:00:00,6,2020-12-29T18:00:00,6,6,1,2766d0f45a0871bdf75c1e2fa3e839cd788c3c8723f9d3ec97c62218d255d94e
7ac6b45b0a0d666578681529b226e14ccfde2aa5b1b6139bf378990d541ebe92,1212,26229,2020-12-30T01:00:00,TREND_UP,VOL_COMPRESSION,TREND_UP -> VOL_COMPRESSION,2020-12-30T00:00:00,1,2020-12-30T00:00:00,1,1,1,97a6c53b82311775a7e8a44402cb26593aefff11c396a83fe8095801722c49f0
0cab6b9d5b96f8f3671efa41bd7a68046098419cf0d4acff631d701dd5693963,1213,26230,2020-12-30T02:00:00,VOL_COMPRESSION,TREND_UP,VOL_COMPRESSION -> TREND_UP,2020-12-30T01:00:00,1,2020-12-30T01:00:00,1,1,1,ac854b0753540503aa588187a67d1573466ad905b9cd5aa9ec106117430ddf66
92ff33d90927b42268d427b10a76100c61aa7f05ca7ee8f1d71623009789add2,1214,26281,2021-01-01T05:00:00,TREND_UP,VOL_COMPRESSION,TREND_UP -> VOL_COMPRESSION,2020-12-30T02:00:00,51,2020-12-30T02:00:00,51,51,1,10b6a3f3abd88f0bda867d1c9d53c6aa08021c97039262e3e22da5b9df2a748e
402dc9b52c9587bc0f0d6e6902cf8beedfa29164433b46a3c56f3a80442cb713,1215,26294,2021-01-01T18:00:00,VOL_COMPRESSION,TREND_UP,VOL_COMPRESSION -> TREND_UP,2021-01-01T05:00:00,13,2021-01-01T05:00:00,13,13,1,590115897427114f80af3d7bd7fef7ac40e28b6175731f22f72b5f2508dbd548
c4866b78655a9b6640e6191a9002414248be0c8e656ed9678d0239dba1538728,1216,26295,2021-01-01T19:00:00,TREND_UP,VOL_COMPRESSION,TREND_UP -> VOL_COMPRESSION,2021-01-01T18:00:00,1,2021-01-01T18:00:00,1,1,1,6804f1bcf13aa68af1241e1414a8df6d5b03665997f6184a42705e0e02f5bf08
fdb06f73ee439b2db1eed7edbb497781e37e4dae3385d3e1ce8f9f493b2a7027,1217,26313,2021-01-02T13:00:00,VOL_COMPRESSION,TREND_UP,VOL_COMPRESSION -> TREND_UP,2021-01-01T19:00:00,18,2021-01-01T19:00:00,18,18,1,11178cf39ad3754ba1e179d74f1240f256981aaf99ba23b80bac13c907c8353e
b696ac6ec988f7b2d8e34c59f213c476d27ef50a395bc201b102f7dc942dfc8b,1218,26320,2021-01-02T20:00:00,TREND_UP,VOL_EXPANSION,TREND_UP -> VOL_EXPANSION,2021-01-02T13:00:00,7,2021-01-02T13:00:00,7,7,1,6fc44ae9c24fe27db22e3e526dd32c4d11230b9b8aff2c7020e7daab750d89ef
973868793adf49533cec016631caac8e3519d2ac928010d6b65673b496a04bb7,1219,26325,2021-01-03T01:00:00,VOL_EXPANSION,TREND_UP,VOL_EXPANSION -> TREND_UP,2021-01-02T20:00:00,5,2021-01-02T20:00:00,5,5,1,8ec124c9ce39fe31f94974cf18fccfd54a2c9fd4af707c274f33a475de74e28e
fa0299a295a4b4249cb625ef89782d3d7b03bd1e0830229970f7671c630396d6,1220,26342,2021-01-03T18:00:00,TREND_UP,VOL_EXPANSION,TREND_UP -> VOL_EXPANSION,2021-01-03T01:00:00,17,2021-01-03T01:00:00,17,17,1,cb9d17181429df197e22bbf9f75bf6d9c0044c90b14d3852ce543a1712f788e5
aaaddc370632936739d53a70f8a1bb5b55147455bf9f80dd1d353b89d3f17f16,1221,26343,2021-01-03T19:00:00,VOL_EXPANSION,TREND_UP,VOL_EXPANSION -> TREND_UP,2021-01-03T18:00:00,1,2021-01-03T18:00:00,1,1,1,50cc7374408b7b01cf636515f5e54ed72ff941698a061467bbb2c52accb78548
3e27e5a2fdeb4c7d019d0b6b815a54bb29b742bb6698ebcabc65deda880af2fc,1222,26356,2021-01-04T08:00:00,TREND_UP,VOL_EXPANSION,TREND_UP -> VOL_EXPANSION,2021-01-03T19:00:00,13,2021-01-03T19:00:00,13,13,1,f75057e059d2e10403201f7e6122c5c0743fc71ceb048eb50ec835392466c3de
20a79e3e824a32cc9c3c06cb13e7be630f3c3eb789bca1b15a6e6bdf20478913,1223,26358,2021-01-04T10:00:00,VOL_EXPANSION,HIGH_VOL,VOL_EXPANSION -> HIGH_VOL,2021-01-04T08:00:00,2,2021-01-04T08:00:00,2,2,1,109b89fe04bd56314cb9706e7bd44754fe8be0935fedf7f20ab8bda4aedf5726
78a238063666a58511d85e54bf4c21e27b65d9a7757d43d6f15ce047887d7962,1224,26361,2021-01-04T13:00:00,HIGH_VOL,VOL_EXPANSION,HIGH_VOL -> VOL_EXPANSION,2021-01-04T10:00:00,3,2021-01-04T10:00:00,3,3,1,e516f0e876c5be1fba2dae403bcb7c4f8308c56385cf28988d312a5ea91f8331
384bee203859b382118be9eca4d866f47c630e65f65658a666c42d95f7e94f85,1225,26363,2021-01-04T15:00:00,VOL_EXPANSION,RANGE,VOL_EXPANSION -> RANGE,2021-01-04T13:00:00,2,2021-01-04T13:00:00,2,2,1,16239f28a62389fbaad1730bb3cee9079de72f30cdc2af346e61e852d654a4b9
026eba7492b974a62a3e464b0b12d80076fba99bacaeafa959295edb13a160ec,1226,26365,2021-01-04T17:00:00,RANGE,TREND_DOWN,RANGE -> TREND_DOWN,2021-01-04T15:00:00,2,2021-01-04T15:00:00,2,2,1,4ca4bac956d179ba3f7e08dfbe09b3b1daddd70a51795dfab40c6d3562890459
cd31c75b785febdc6584bf5afd51afab5f1f71879d445ff7aa2d4348addb3502,1227,26373,2021-01-05T01:00:00,TREND_DOWN,RANGE,TREND_DOWN -> RANGE,2021-01-04T17:00:00,8,2021-01-04T17:00:00,8,8,1,9e2ee3b39c19536a461db725b1cfc798bc07abd7c2ecb016fb7d8f07ac9d680a
9a753dfc1a2866fce3f29b8c8eff00160d16536403bf5fb9c93bf85526ab6804,1228,26376,2021-01-05T04:00:00,RANGE,TREND_DOWN,RANGE -> TREND_DOWN,2021-01-05T01:00:00,3,2021-01-05T01:00:00,3,3,1,f1ab54bd5f6f65509d9f613de62567182de976698e2f6c5f9e98d384089737d1
5c5f514e52d757bc18842f7db6bbdbac205eae4a67423abf65f555981ca5d83c,1229,26377,2021-01-05T05:00:00,TREND_DOWN,VOL_EXPANSION,TREND_DOWN -> VOL_EXPANSION,2021-01-05T04:00:00,1,2021-01-05T04:00:00,1,1,1,6e11cbfd30b57c38ebacc54ee5387abe2d35997c8851963f41d85980d17efa45
0b75af4b7f3789d0525e90bca6c9ed548822bcb5961360c2cb00f12b7c2eccd0,1230,26380,2021-01-05T08:00:00,VOL_EXPANSION,TREND_DOWN,VOL_EXPANSION -> TREND_DOWN,2021-01-05T05:00:00,3,2021-01-05T05:00:00,3,3,1,f266f4d2ed5034ddf8a8bfc4793f627ff5e8622972c4dc7a16648a6180a2f892
c4b9a0870d1dffb7367c2a0573c32eb09ccec3e82c5be79c86a1a856ee17d22b,1231,26387,2021-01-05T15:00:00,TREND_DOWN,RANGE,TREND_DOWN -> RANGE,2021-01-05T08:00:00,7,2021-01-05T08:00:00,7,7,1,aa833c8962180ef245861e3bd2a3771424c2ec1c691102ea1487f740493c598a
07456483c5094fde67ee3b308d10b07221975b4da32d34f21df3ba89684b921c,1232,26389,2021-01-05T17:00:00,RANGE,TREND_UP,RANGE -> TREND_UP,2021-01-05T15:00:00,2,2021-01-05T15:00:00,2,2,1,922275e30c1ce16c9d06ccc5faa68e6be416a212d6556e0f36cdaa22f8a6dd3b
4e22211cdfbb919d9d76ce3f0a69d9cfc52328b15b3d45728704fcc954396c2c,1233,26438,2021-01-07T18:00:00,TREND_UP,VOL_EXPANSION,TREND_UP -> VOL_EXPANSION,2021-01-05T17:00:00,49,2021-01-05T17:00:00,49,49,1,56976f1fde6ffc90b2076870142e75c7517557de6e6fdecf3978c147c96a7f07
1c57a0a1697cee915cff20b08e76b083bfdf210163fb88a094b212537c974453,1234,26443,2021-01-07T23:00:00,VOL_EXPANSION,TREND_UP,VOL_EXPANSION -> TREND_UP,2021-01-07T18:00:00,5,2021-01-07T18:00:00,5,5,1,caafc11a5e613ce97bc0c9d87533d9a2cec826fbfdb94a0f315ffe30fdb490f2
d0fabcf631bb0e3142c0960b1f971de18dedf244968a92ee4aa1993a6fe55f0f,1235,26446,2021-01-08T02:00:00,TREND_UP,VOL_EXPANSION,TREND_UP -> VOL_EXPANSION,2021-01-07T23:00:00,3,2021-01-07T23:00:00,3,3,1,6b40db17ccf96c4285afeceb48972e9332f3b20b0e0c36e07a1716cad475fbba
fd4b65cb92b55ece5ae880189bd5b57e83bd0c94d1f4c4eda61c2977382252ff,1236,26449,2021-01-08T05:00:00,VOL_EXPANSION,TREND_UP,VOL_EXPANSION -> TREND_UP,2021-01-08T02:00:00,3,2021-01-08T02:00:00,3,3,1,c2815e19d8d00b5833374fe825d8b6568083cf621557a419bbafcd995922bdf3
d71f9212591db4a9b049f5d000f592aad3a7ca319c1ba5a16190b80ee15c42ce,1237,26506,2021-01-10T14:00:00,TREND_UP,RANGE,TREND_UP -> RANGE,2021-01-08T05:00:00,57,2021-01-08T05:00:00,57,57,1,842cb56ad1c74ccfcb9b145d44f8f82f8d521723dcc8f1f907c378c3b327fbc1
ad078a8439e126cce05b2a65a9c0bc7d2c0a4653e321bf12f54b1acf0f4ecd10,1238,26510,2021-01-10T18:00:00,RANGE,VOL_EXPANSION,RANGE -> VOL_EXPANSION,2021-01-10T14:00:00,4,2021-01-10T14:00:00,4,4,1,220e4bd4bb7ae34f3e2cb557d8a9c6743e164dff64aba381dbe7588ecb1d0673
d6092dd3d33c492f701949d61279cfb7bb31c39b9802e812e4dcec8054126265,1239,26517,2021-01-11T01:00:00,VOL_EXPANSION,TREND_DOWN,VOL_EXPANSION -> TREND_DOWN,2021-01-10T18:00:00,7,2021-01-10T18:00:00,7,7,1,c0ee06d27e17db5e1161d54108d081476d1f7742e4543ab822a2cfb06c71f6d4
b66550854482b96f278881fc5c3f167281d976d41f97353402bee65e015f3436,1240,26519,2021-01-11T03:00:00,TREND_DOWN,HIGH_VOL,TREND_DOWN -> HIGH_VOL,2021-01-11T01:00:00,2,2021-01-11T01:00:00,2,2,1,eb1924516d5d12afeca41a73078e694dcb7114339dd7df4d7b5d81932a8e0793
a44565aedfce5125f3524cf52800ad6ac0300b73399c879482af848b5a332992,1241,26544,2021-01-12T04:00:00,HIGH_VOL,TREND_DOWN,HIGH_VOL -> TREND_DOWN,2021-01-11T03:00:00,25,2021-01-11T03:00:00,25,25,1,9ea04fc91241b540c75a92512d67a6b9a3e6c4da3eb1c6740f5a79dc70113161
059e013ce2b08a688294e63aa852b4d3d1e84dfbc0f64892337aa78b3deb522f,1242,26554,2021-01-12T14:00:00,TREND_DOWN,VOL_EXPANSION,TREND_DOWN -> VOL_EXPANSION,2021-01-12T04:00:00,10,2021-01-12T04:00:00,10,10,1,05f4a461953cf9bd3d7c488e9010f9c2e317713039dccc56a19d04d59ee3993d
09c243ac24b4215ead74d6dbbbe307e663ba82c0eacf9c66066b997d61466799,1243,26555,2021-01-12T15:00:00,VOL_EXPANSION,TREND_DOWN,VOL_EXPANSION -> TREND_DOWN,2021-01-12T14:00:00,1,2021-01-12T14:00:00,1,1,1,cda65a0694a276d4d5f4f8b67eaacabe8d558b62eeae684066c624cedd9556b5
2200193e7260f600f2685402261b6d4cb1f48c8777ff26466998f6fdca609b34,1244,26556,2021-01-12T16:00:00,TREND_DOWN,VOL_EXPANSION,TREND_DOWN -> VOL_EXPANSION,2021-01-12T15:00:00,1,2021-01-12T15:00:00,1,1,1,90b2790dfa2b88d590d4adff1b14120220eefa1ed808c1743facd4c7a878f318
339b6d98ab8dfadf07fc5ba1e458b05d8fe34f3c6280757da6d6e3ca0d41bb3d,1245,26557,2021-01-12T17:00:00,VOL_EXPANSION,TREND_DOWN,VOL_EXPANSION -> TREND_DOWN,2021-01-12T16:00:00,1,2021-01-12T16:00:00,1,1,1,3f3fcd68386db8f368f863e5a064797fe0696e131f048e8a4d0f3ef51ccd2980
d76f00e6e89719d6f0c29ac98942c49f19b3bd302d316b2f8744db14e08096c5,1246,26564,2021-01-13T00:00:00,TREND_DOWN,VOL_EXPANSION,TREND_DOWN -> VOL_EXPANSION,2021-01-12T17:00:00,7,2021-01-12T17:00:00,7,7,1,6930ce48ccc9ac5f240aad8ed64a472520f6550c2a33051b665f1aba96b0a4d2
b71ce3d6c2cd04e4809c186a39af20e41bf31df3fc539087c4f851f9dc2d3aca,1247,26565,2021-01-13T01:00:00,VOL_EXPANSION,TREND_DOWN,VOL_EXPANSION -> TREND_DOWN,2021-01-13T00:00:00,1,2021-01-13T00:00:00,1,1,1,e3fccb8d23e2ebe030c04a9fd59c3661aa171ec3dd876197809c5b6e1579dfb6
767a2dcc8839639bfad274534258ff098d1b7c7c1f6b90f31326f2ae175a43b9,1248,26582,2021-01-13T18:00:00,TREND_DOWN,RANGE,TREND_DOWN -> RANGE,2021-01-13T01:00:00,17,2021-01-13T01:00:00,17,17,1,271adcf24545822d6b2b040479d0d04610c055e25beee8f4e49fe97b656c6ae9
def21d2bbc39c3a3eaf05e2c0dea5fd4eb1bcc2b967eb57ce03ae448769eab60,1249,26586,2021-01-13T22:00:00,RANGE,TREND_UP,RANGE -> TREND_UP,2021-01-13T18:00:00,4,2021-01-13T18:00:00,4,4,1,5c4ba7310c14f659986c7404255d19d35041453ae055449fcdd9c9cca3be45c2
7b3450ae2ef34872705dd1ffac367133af24e7cfcfab9d814298c3ed950b60a7,1250,26627,2021-01-15T15:00:00,TREND_UP,VOL_EXPANSION,TREND_UP -> VOL_EXPANSION,2021-01-13T22:00:00,41,2021-01-13T22:00:00,41,41,1,d1675dd933be85edaa65d71b058678837197e1ea37a9aa1608ca3d62e47f899c
14fa3e61552c97c5950218c6fd59c3521b0fd904b18dcbdfe0c207a15b77c9dc,1251,26633,2021-01-15T21:00:00,VOL_EXPANSION,TREND_DOWN,VOL_EXPANSION -> TREND_DOWN,2021-01-15T15:00:00,6,2021-01-15T15:00:00,6,6,1,b0fae65c912749a801099c58837fe784af193d65543ba4239ea4a48480e64804
2008c257bb3637b098d01c02bd84ae4f11c885e32ca8dba23bf4b4f3002d19f2,1252,26647,2021-01-16T11:00:00,TREND_DOWN,RANGE,TREND_DOWN -> RANGE,2021-01-15T21:00:00,14,2021-01-15T21:00:00,14,14,1,620b2ecd31c81322cad5e45efd45e5a8e8e84e03f9ddd352358c5f8d631c6025
1265a2e625a3d3ae8c670df485ff44f1ce9ba3f00b9466eab12bd9594e8b0f6e,1253,26654,2021-01-16T18:00:00,RANGE,TREND_DOWN,RANGE -> TREND_DOWN,2021-01-16T11:00:00,7,2021-01-16T11:00:00,7,7,1,8c5d7a1926729cfc8959a75c295eddfd1f23a19cf3c4a6cc9585064cf9f80114
0490273f303237e2961e3720e5e162cbd6054aea168bbfd9d82b88c983276cb1,1254,26694,2021-01-18T10:00:00,TREND_DOWN,RANGE,TREND_DOWN -> RANGE,2021-01-16T18:00:00,40,2021-01-16T18:00:00,40,40,1,a5a675313d9ca9b453bc1f5bc52175cd7a99133620ac3bc5e510bb256c12fb42
c25920092f4c9ea796ebf8868db22d156fa09edb161fba368dc2f64ffc6a8816,1255,26702,2021-01-18T18:00:00,RANGE,TREND_DOWN,RANGE -> TREND_DOWN,2021-01-18T10:00:00,8,2021-01-18T10:00:00,8,8,1,7fc0956c24d43b22c1f06ea816297203f30f23cb82a85796f702185a9e85b7ae
4be30d06f0703763a526fc8d916a83f97f87ccdba5e8992a8de4b5159329626b,1256,26706,2021-01-18T22:00:00,TREND_DOWN,RANGE,TREND_DOWN -> RANGE,2021-01-18T18:00:00,4,2021-01-18T18:00:00,4,4,1,b16b9f74ea5c48c2080d004583b9d6caaa364ea4916848b073a34932b7aa06de
90a8d39a9b3c4ea004dd5a26b645f1a5da400a05225a6b13e9a9fec859a9a9fc,1257,26707,2021-01-18T23:00:00,RANGE,TREND_UP,RANGE -> TREND_UP,2021-01-18T22:00:00,1,2021-01-18T22:00:00,1,1,1,48ef8133e4b38593c0c102c8b69920693e7f31616ac3448e4765152969b3b91f
514b7fd57da88bfb9d8482e7c8947a5a1e99917059d9c528dc369745319ef2a7,1258,26730,2021-01-19T22:00:00,TREND_UP,RANGE,TREND_UP -> RANGE,2021-01-18T23:00:00,23,2021-01-18T23:00:00,23,23,1,86726c36cb7911d4ef0e14c16471a55ba9326ad841b7d515832cd336422f4529
a5f0ddff19eff78cfb9a8003c56ba4456e8b5ffa7dfdc460d9fc88709408644d,1259,26735,2021-01-20T03:00:00,RANGE,TREND_DOWN,RANGE -> TREND_DOWN,2021-01-19T22:00:00,5,2021-01-19T22:00:00,5,5,1,965ed4655f72a0ac37eb915947097825f2cb9b0ed6992821f7dd1edd5ad954c2
2ffe7ebee05224039a56dbc36c4eb09b21266f26bea793ed6a90f7da17ac2e91,1260,26768,2021-01-21T12:00:00,TREND_DOWN,VOL_EXPANSION,TREND_DOWN -> VOL_EXPANSION,2021-01-20T03:00:00,33,2021-01-20T03:00:00,33,33,1,382710cfe7e9e3c61f6308c5cc3e840c74700579b846937368b018d3176a2fce
48bafd5fc7b613780c48fc3a5617bd8d5b1f45f3d4c550ccefaa00bbee17ab89,1261,26775,2021-01-21T19:00:00,VOL_EXPANSION,TREND_DOWN,VOL_EXPANSION -> TREND_DOWN,2021-01-21T12:00:00,7,2021-01-21T12:00:00,7,7,1,994bc3cf824af9d20d91d7d7b6abf13ad05e1eddd19f9568d91d6048d2a3d883
339af0ca254fe4d5fdafc254dd246d9938bbf5ba641658ac54e158938b1109dd,1262,26781,2021-01-22T01:00:00,TREND_DOWN,VOL_EXPANSION,TREND_DOWN -> VOL_EXPANSION,2021-01-21T19:00:00,6,2021-01-21T19:00:00,6,6,1,ad3ad6d7f27a583ed30bc536596740b98a3e7be342f1a0057603f8cb988dd2ec
97d97bc10ea941c62a5ab48908474b4309268c824219fd4741f683cb834e6d68,1263,26783,2021-01-22T03:00:00,VOL_EXPANSION,TREND_DOWN,VOL_EXPANSION -> TREND_DOWN,2021-01-22T01:00:00,2,2021-01-22T01:00:00,2,2,1,0c88d70d50ed1467261d80f17753a931f3a27fdc14340fdca7c1638f002bfd5f
cdc718a35bf6391c710af07eebac60010cfd00ca48289d51d4beed3f3856f9b0,1264,26799,2021-01-22T19:00:00,TREND_DOWN,RANGE,TREND_DOWN -> RANGE,2021-01-22T03:00:00,16,2021-01-22T03:00:00,16,16,1,bd59ba574d88306e3662769ddb1700649eda4415488b731844f7f6004fddf2a3
5cb2e8eb6a2a893ef4f30b4d437d03d6a0e4aa4c7f989c16f081bc4873c9d940,1265,26806,2021-01-23T02:00:00,RANGE,TREND_DOWN,RANGE -> TREND_DOWN,2021-01-22T19:00:00,7,2021-01-22T19:00:00,7,7,1,3efdbf3b3a76ff7e30fd198c22bbb77dc2f3b4f233ebeaf77449b7f3c4e3d17a
7731d84e1385bf950769f0a782f9670a388fc7b72214c436e0868331ed28f123,1266,26811,2021-01-23T07:00:00,TREND_DOWN,RANGE,TREND_DOWN -> RANGE,2021-01-23T02:00:00,5,2021-01-23T02:00:00,5,5,1,0e354d058682ca4beb0ec3e0f251f1133a3c8cfe7fa818a4ca657abf1a1176ae
03ac536580903f85d5818ab9f18fce450a23ef1aed9646defdac437b4e2d5b35,1267,26814,2021-01-23T10:00:00,RANGE,TREND_DOWN,RANGE -> TREND_DOWN,2021-01-23T07:00:00,3,2021-01-23T07:00:00,3,3,1,a379fa8062c8c80fa9731369258af78de5750862fb8480f8a12d3395279db8d3
42d7913354b1dd8cdc2c4de609a7ccaacc39766cf59a85237a528786cbb72a89,1268,26834,2021-01-24T06:00:00,TREND_DOWN,RANGE,TREND_DOWN -> RANGE,2021-01-23T10:00:00,20,2021-01-23T10:00:00,20,20,1,c9d89d86dc4b9c5cf49176e3049ebdbef3ee723a41cdc452c64b827c68c00529
61db20369c76fdd729af507f2d01ac133461fede0ef702e009fb543d2c121167,1269,26839,2021-01-24T11:00:00,RANGE,VOL_COMPRESSION,RANGE -> VOL_COMPRESSION,2021-01-24T06:00:00,5,2021-01-24T06:00:00,5,5,1,accc74f3b4d0586f13c78d1f2bdd696a36724456f6134973bb6d3cbced346383
5119bdb0fda3687d57228d35302ebef1445a7bc91f54d7d5314249d83be1a600,1270,26840,2021-01-24T12:00:00,VOL_COMPRESSION,RANGE,VOL_COMPRESSION -> RANGE,2021-01-24T11:00:00,1,2021-01-24T11:00:00,1,1,1,0cde2c07468829ed0fe2382dcbea59d8c7e7ef3f161a54b177a2b5317d228ba3
4907235bb3ced653720b4f20fffa85358070ed3c860133451fda5fed5e2c327b,1271,26842,2021-01-24T14:00:00,RANGE,TREND_DOWN,RANGE -> TREND_DOWN,2021-01-24T12:00:00,2,2021-01-24T12:00:00,2,2,1,94dbf04d12973dd59c41e3aa99a598faaa54d59659b5f0e90d3882ef39683d6d
00b59cf380516560f59e55ebee6f4bf210e2387c57b89182372498c9c8c3d3be,1272,26846,2021-01-24T18:00:00,TREND_DOWN,VOL_COMPRESSION,TREND_DOWN -> VOL_COMPRESSION,2021-01-24T14:00:00,4,2021-01-24T14:00:00,4,4,1,929afae0d4bf737a9367cb36323d8bb8dba951a6bf132b1dae1bf2b438e0c262
675e5a96a3a9e9afadeef0e3e8987b8ecaf455074eed20c87d9e85e5b94d25a8,1273,26847,2021-01-24T19:00:00,VOL_COMPRESSION,TREND_DOWN,VOL_COMPRESSION -> TREND_DOWN,2021-01-24T18:00:00,1,2021-01-24T18:00:00,1,1,1,aff37360e0bc5fa8b09b8b9380522c652540e73af0e105ec0a8227f9900d7259
3af5ce5bafbb58507b5333fdecc622a86f17a6812d802e1cf3410f1deac4c27c,1274,26853,2021-01-25T01:00:00,TREND_DOWN,RANGE,TREND_DOWN -> RANGE,2021-01-24T19:00:00,6,2021-01-24T19:00:00,6,6,1,0b0df4af00c8c49f72e220392798a603e10417ec04b3241ace1f59ee2e8bd0d5
370b1deb8add93fad872e3d5956c7528bb2057a274d5d39b588fcb72ec1ec125,1275,26856,2021-01-25T04:00:00,RANGE,TREND_UP,RANGE -> TREND_UP,2021-01-25T01:00:00,3,2021-01-25T01:00:00,3,3,1,f73704413e56263407b1b23a9ee6f4418f03fed4adb1ee56f2024e0f62f82864
98e9e4bb54ae170bd93220aa956782c39a59e4fa637fe3aeaaefd5e77c02b2e4,1276,26875,2021-01-25T23:00:00,TREND_UP,RANGE,TREND_UP -> RANGE,2021-01-25T04:00:00,19,2021-01-25T04:00:00,19,19,1,b177bd3baf5234a6548c82aafd1f42223a1e7a46a89e9a574d689ea5c3325036
ebb297cd11f8885a3331b7cc785f817c3bf7c05c66c34a01e429bcc9d3276e00,1277,26880,2021-01-26T04:00:00,RANGE,TREND_DOWN,RANGE -> TREND_DOWN,2021-01-25T23:00:00,5,2021-01-25T23:00:00,5,5,1,ae6b04fe346e17c3288ab405c1d9bed41e3056377d83891e7c7a7776c179e948
bb5cbac8a794341f3e1737d85fa4721d3e61246263602d94a9240ffa5d6e2353,1278,26918,2021-01-27T18:00:00,TREND_DOWN,VOL_EXPANSION,TREND_DOWN -> VOL_EXPANSION,2021-01-26T04:00:00,38,2021-01-26T04:00:00,38,38,1,93cfd3ef14b427b9781ddc38127e75b695e0b82cc02c7ebfca91070f1bc2d3d0
7f2c76eb720d8169761c209c209785acc89e257f9e11b4e7c4270ca45297b22c,1279,26923,2021-01-27T23:00:00,VOL_EXPANSION,TREND_DOWN,VOL_EXPANSION -> TREND_DOWN,2021-01-27T18:00:00,5,2021-01-27T18:00:00,5,5,1,4d3d8ddb9afc123348299a3b23afea95106999e615e3f4f0899d69c5d35d9cd1
09dd16263ba22ac04b4926099627d97cca1c7788f0c0b546b6b66b2116c69553,1280,26937,2021-01-28T13:00:00,TREND_DOWN,RANGE,TREND_DOWN -> RANGE,2021-01-27T23:00:00,14,2021-01-27T23:00:00,14,14,1,50494523374f93705a5b3391d7d579b30307b3efe25a9e4a2b17cc930661b059
a87d8d3e04fceaf69fc750ebdae3e7da8341ab62f06e6b18de879b88181ac1f6,1281,26942,2021-01-28T18:00:00,RANGE,TREND_UP,RANGE -> TREND_UP,2021-01-28T13:00:00,5,2021-01-28T13:00:00,5,5,1,ce201eff4873c099f12fddaa97bb6ebe7683d9c8b61d89ccb17344b84c252662
24cb1696665185aa3d6ba0d9ab8a3ef716692fcfc58cf74e47dfe8683f2956d5,1282,26956,2021-01-29T08:00:00,TREND_UP,VOL_EXPANSION,TREND_UP -> VOL_EXPANSION,2021-01-28T18:00:00,14,2021-01-28T18:00:00,14,14,1,85307c151f67914bff71dcabdd20900e5d73647292c23365887f9a74f4c4c399
179a5e4e427a6001d7a8f4f392ab6b2e58972252f3f00e5f99f477af71934211,1283,26958,2021-01-29T10:00:00,VOL_EXPANSION,HIGH_VOL,VOL_EXPANSION -> HIGH_VOL,2021-01-29T08:00:00,2,2021-01-29T08:00:00,2,2,1,d6ee2b94a6865fdedf21c07dc9004e607af29a094e2b59f3becea15d24c34f5f
ba470bede07166251425cc0f31cacf6c4df7cf8bd0a3c541c5706119d9d289c5,1284,26959,2021-01-29T11:00:00,HIGH_VOL,VOL_EXPANSION,HIGH_VOL -> VOL_EXPANSION,2021-01-29T10:00:00,1,2021-01-29T10:00:00,1,1,1,7de63b535c6b66894ecbb5631aeceeb858afe41450ef85e7deb4dc082d29b44d
86641a9de6e5b2f25466cded1c23d17900cf85b945670352c7a614e51e9aa237,1285,26962,2021-01-29T14:00:00,VOL_EXPANSION,TREND_UP,VOL_EXPANSION -> TREND_UP,2021-01-29T11:00:00,3,2021-01-29T11:00:00,3,3,1,d97d222129424953357b936b9db06b746cd182629d359db2b3e0d67f56852e2f
63410e9ef266bb30889d6827cb2352c22e48ed5fc5d33fc22de0263384688c63,1286,26967,2021-01-29T19:00:00,TREND_UP,HIGH_VOL,TREND_UP -> HIGH_VOL,2021-01-29T14:00:00,5,2021-01-29T14:00:00,5,5,1,2bc388ae58a3daef53867d977becbf6bac87dcf3a6d1892ed6703e2970740bd1
9b854e7e253010d2a4ae5a93e153ea79ba132499e433e5f8fe5797ec153830b6,1287,26969,2021-01-29T21:00:00,HIGH_VOL,TREND_UP,HIGH_VOL -> TREND_UP,2021-01-29T19:00:00,2,2021-01-29T19:00:00,2,2,1,a3119c9e77a571961ad914591e4b5fb1027a6d50d10c7b629bf30bd2201c318c
611a02717a1d5c9d442543136706721afb5fae069e01da138367054e40d889f9,1288,26976,2021-01-30T04:00:00,TREND_UP,RANGE,TREND_UP -> RANGE,2021-01-29T21:00:00,7,2021-01-29T21:00:00,7,7,1,b87e5540c9f84734942d895c8b280d8edb6eec59f6cdd87303d07adf1c8f4145
dc6321c97003782e37477cae0e6e05c4e096796563145c3cefd91547f49b8a8f,1289,26981,2021-01-30T09:00:00,RANGE,TREND_UP,RANGE -> TREND_UP,2021-01-30T04:00:00,5,2021-01-30T04:00:00,5,5,1,f5f5b17831c8b85da9e187c98e7aa7bdd9841540e5becd78b83674aeb8922b13
1d4e49a31f50bf8af54920210d4ee40cbf36d83436446b5003e17713d381f302,1290,27001,2021-01-31T05:00:00,TREND_UP,RANGE,TREND_UP -> RANGE,2021-01-30T09:00:00,20,2021-01-30T09:00:00,20,20,1,71d6382b901c18c045a89144e708d46b639b41db885b45970085df3bcdbba7a1
1fe9eba3f51c10946dca704839fd0d5cc1309859a655b910ce89147da6467110,1291,27006,2021-01-31T10:00:00,RANGE,TREND_DOWN,RANGE -> TREND_DOWN,2021-01-31T05:00:00,5,2021-01-31T05:00:00,5,5,1,353002ac9747d5ed07e9657e5e148be873f559e250f3248d0a32c8345529ca6c
776998667c18bc82eb122dd453445e17ec0ad910dc06e1e637d037f4074eb33b,1292,27025,2021-02-01T05:00:00,TREND_DOWN,RANGE,TREND_DOWN -> RANGE,2021-01-31T10:00:00,19,2021-01-31T10:00:00,19,19,1,c5e61b3e19c3268fda173acaa85c3defea0a552ca9372e5506d6d2ace5d2aba9
e09b304bc0c31bc4ce138968422bf49ed9f926638c8d9eec1a730f448d3e181b,1293,27031,2021-02-01T11:00:00,RANGE,TREND_UP,RANGE -> TREND_UP,2021-02-01T05:00:00,6,2021-02-01T05:00:00,6,6,1,b3b023250be70d291aa72529b6740f1a6ed1c69c25b3037c547cdb5743f58dd7
de655f7895ad5ead0c06825751edffc50490a1d6e9cb41520e6b2f4ccb11c605,1294,27035,2021-02-01T15:00:00,TREND_UP,TREND_DOWN,TREND_UP -> TREND_DOWN,2021-02-01T11:00:00,4,2021-02-01T11:00:00,4,4,1,2f9f18ec6b0b035b78c2270ab54683949f01c1a4ef4a07e9722317475cce2421
071957c442d515fd57f4b14e38548cba73f0f6cdc0b9076613097e98fe2257d3,1295,27039,2021-02-01T19:00:00,TREND_DOWN,RANGE,TREND_DOWN -> RANGE,2021-02-01T15:00:00,4,2021-02-01T15:00:00,4,4,1,7e5ea8c5d11751477f6ae606884c8fd8a917719aabfe33f10e44b3cec58108ca
556d818572aefbe156b3e13079eaeea17cdaaa41cd6f7ced835b70b47bb08bcc,1296,27040,2021-02-01T20:00:00,RANGE,TREND_UP,RANGE -> TREND_UP,2021-02-01T19:00:00,1,2021-02-01T19:00:00,1,1,1,afc18e2acc33fdf02e9d9bbbeda06d2e6fbba6b70ad8db62a67cb082aadb6808
73c8beece4b5c98a801664ac2f88aced1b01579f1a04294e0f4b5ecd8fd5d820,1297,27043,2021-02-01T23:00:00,TREND_UP,RANGE,TREND_UP -> RANGE,2021-02-01T20:00:00,3,2021-02-01T20:00:00,3,3,1,eac490210b7fcd69a6c59d71199df3684a85e8458c43085fd3227950ab83d2ed
df1d39c05176f574e6a325a56a507b575f0694daaa5195b64b453849d5f8cb44,1298,27047,2021-02-02T03:00:00,RANGE,VOL_COMPRESSION,RANGE -> VOL_COMPRESSION,2021-02-01T23:00:00,4,2021-02-01T23:00:00,4,4,1,1541604d8964d51061720346f6982e57c6ae7767a42645179ef53a9cdc2bee45
f68bf6be308e24957c314f04d3d386e9da4b9a9d425a0037530c27cf14e90c35,1299,27053,2021-02-02T09:00:00,VOL_COMPRESSION,TREND_UP,VOL_COMPRESSION -> TREND_UP,2021-02-02T03:00:00,6,2021-02-02T03:00:00,6,6,1,c036b9e2b9060ab7079363ee1a6ae57913cc47f1b17b8aa1f293e46948d40978
b40510b9611e60d8e9992c5c7dcf96ccf3d16e84346a9d7e661c940127d60c97,1300,27067,2021-02-02T23:00:00,TREND_UP,VOL_COMPRESSION,TREND_UP -> VOL_COMPRESSION,2021-02-02T09:00:00,14,2021-02-02T09:00:00,14,14,1,d6d54f5bac6729a5640055dc210a154b04bebc17119674ab3fdfede612652a4a
06c8d5e038cf4ff8e4a64e4876eccabb70e209cded0dafdd281926d86773f6e6,1301,27068,2021-02-03T00:00:00,VOL_COMPRESSION,TREND_UP,VOL_COMPRESSION -> TREND_UP,2021-02-02T23:00:00,1,2021-02-02T23:00:00,1,1,1,8826ccd7c1e255e71ba6b1fa75e5d4f19b791c9c332b74ea38ab4e155222738f
04d7749d6139bffd610d3600198e9bb56c3a29fbbaad2d8dd03a967de14ef939,1302,27075,2021-02-03T07:00:00,TREND_UP,VOL_COMPRESSION,TREND_UP -> VOL_COMPRESSION,2021-02-03T00:00:00,7,2021-02-03T00:00:00,7,7,1,6770a933a1684eb150de02d16b5b45acd22634c9bfb73dc7924f22b45a752fc7
28a07aeb73761fcdd7d08524501d224182cd335b370d78921c68b88fa189242e,1303,27076,2021-02-03T08:00:00,VOL_COMPRESSION,TREND_UP,VOL_COMPRESSION -> TREND_UP,2021-02-03T07:00:00,1,2021-02-03T07:00:00,1,1,1,d6da5c1d70c988f7cafd29406df9cf7a5c112517f6a95b2b8ab877956249e912
9ce51559c6d535b71a41d405e0e08509c7824c65fd8cb22060a0161775e064eb,1304,27085,2021-02-03T17:00:00,TREND_UP,VOL_COMPRESSION,TREND_UP -> VOL_COMPRESSION,2021-02-03T08:00:00,9,2021-02-03T08:00:00,9,9,1,b95e6995cb2e526e386d676b2670ae754a67527b384e5ff5ed38603ea27ffe10
aa706a553c72ef8416e990efb134d7c805c9efa9e4978705092054a9a010fb44,1305,27094,2021-02-04T02:00:00,VOL_COMPRESSION,TREND_UP,VOL_COMPRESSION -> TREND_UP,2021-02-03T17:00:00,9,2021-02-03T17:00:00,9,9,1,168332fa162b31ba4b50bf801446c4e0d44812ff6d13cf553f693bd2b563d163
c724fdf83de7b3cded329a4a062f12db49c80ed7bd0af1b028cb03877750cabb,1306,27130,2021-02-05T14:00:00,TREND_UP,VOL_COMPRESSION,TREND_UP -> VOL_COMPRESSION,2021-02-04T02:00:00,36,2021-02-04T02:00:00,36,36,1,2cf8902639aa9abd914cb20438b9d67f9b9e0aeba33457148586c1f8da8eefa8
1e6280c78d6626bc42ccf34a3e21479e0b895ecd061e575c18e63f619bb5b487,1307,27141,2021-02-06T01:00:00,VOL_COMPRESSION,TREND_UP,VOL_COMPRESSION -> TREND_UP,2021-02-05T14:00:00,11,2021-02-05T14:00:00,11,11,1,cac8d7f6ec3076a779313a0a51a674d324ce541025dbd5a137f5d41a7b39a8f5
67da7029a0fff9ee5a0bb6bd2bcdd07666223f597557609deeaab4a6b1982ff6,1308,27149,2021-02-06T09:00:00,TREND_UP,VOL_COMPRESSION,TREND_UP -> VOL_COMPRESSION,2021-02-06T01:00:00,8,2021-02-06T01:00:00,8,8,1,1b3bc831a6aa6e1f836ee8daa4b8320fdda78bfd0197c219d6a2850ab2f37589
907e63d533fb49e0bf6c5540e2570a72bdaddd881eb99eab787d36a66bf995e1,1309,27152,2021-02-06T12:00:00,VOL_COMPRESSION,TREND_UP,VOL_COMPRESSION -> TREND_UP,2021-02-06T09:00:00,3,2021-02-06T09:00:00,3,3,1,e2dd2308c2e1f0cb6faedf972c600bf2c33a2f68fb13a68f98b07d2d64e64677
7b3ddf8d818a0585e176af6bb138bd89b288dcad87141eab1eeec110fd010900,1310,27153,2021-02-06T13:00:00,TREND_UP,VOL_COMPRESSION,TREND_UP -> VOL_COMPRESSION,2021-02-06T12:00:00,1,2021-02-06T12:00:00,1,1,1,f697ad69d6ef11018b9d893bda01cb7634a7d563c757a95b310b3403ace7f83f
211251b65386c66ab3c0fd07415d2549cc6dfc7c5bce77352539f9404986487e,1311,27155,2021-02-06T15:00:00,VOL_COMPRESSION,TREND_UP,VOL_COMPRESSION -> TREND_UP,2021-02-06T13:00:00,2,2021-02-06T13:00:00,2,2,1,31f2ce48e4063dc1e9d62e337df9f62b42ae20e8603ef689927928f232a039b9
70a4acb9324bbdc9e320ce8edbb29d558c56ba496013dea66b3dfe07030d3d28,1312,27158,2021-02-06T18:00:00,TREND_UP,VOL_COMPRESSION,TREND_UP -> VOL_COMPRESSION,2021-02-06T15:00:00,3,2021-02-06T15:00:00,3,3,1,e48a58ed4023bc5de95f4338bbfe0860457221e5887a9ee46d88edc59929b934
4b07f0be3959714b49e40a6ebd509ec14bcf318f6f1925eefcb66250f4bd4c3a,1313,27160,2021-02-06T20:00:00,VOL_COMPRESSION,TREND_UP,VOL_COMPRESSION -> TREND_UP,2021-02-06T18:00:00,2,2021-02-06T18:00:00,2,2,1,b8fb16439cfc1d9a0213e796a147a560f81741236487ae0e553b138295494ce0
0efd06b8a27feab78ef9643ca13617d0323ee19e0fa7a12806f4bf6ef48ff1a6,1314,27161,2021-02-06T21:00:00,TREND_UP,VOL_COMPRESSION,TREND_UP -> VOL_COMPRESSION,2021-02-06T20:00:00,1,2021-02-06T20:00:00,1,1,1,43063f74e27108049cccad2def874f5f3fff7a94236921a516831229c96b190f
67058f034ec59b2aec679c7fe2e98c4b28a54e1d2bfc8135afa1ac449bc61df1,1315,27163,2021-02-06T23:00:00,VOL_COMPRESSION,TREND_UP,VOL_COMPRESSION -> TREND_UP,2021-02-06T21:00:00,2,2021-02-06T21:00:00,2,2,1,eb93e8312a1eb19d16e941d39228a8358ace170829383c2babce797d0014df1c
32d590ee809d07555b471fb94e45b7e93f42db57631b4a858aeb844469f31e13,1316,27169,2021-02-07T05:00:00,TREND_UP,RANGE,TREND_UP -> RANGE,2021-02-06T23:00:00,6,2021-02-06T23:00:00,6,6,1,351d4bcef30e47ddea14e9f19d69dd49f0c6459633dc5622daf5b5bf84bd350d
37419f5de64fd8bc07e48d521045af54ad9270f1d52917b94e45089dcd589a13,1317,27172,2021-02-07T08:00:00,RANGE,TREND_UP,RANGE -> TREND_UP,2021-02-07T05:00:00,3,2021-02-07T05:00:00,3,3,1,cac9c61dff8700c33eddb46baea09220c339c4e9a07aa759f09782d928f17814
bee0e2c6908dcd93893ff0aa19ca4b7589729b02792182299861a5946559d2e7,1318,27178,2021-02-07T14:00:00,TREND_UP,RANGE,TREND_UP -> RANGE,2021-02-07T08:00:00,6,2021-02-07T08:00:00,6,6,1,e7c7529f04ab1e6ee80408d57935763a3aa105c77cfbac0c95f303e9ebaf2c31
4d74987d40bf1e41066ad20ed341919b3800c008396c254d26c1789eaf35650c,1319,27184,2021-02-07T20:00:00,RANGE,TREND_DOWN,RANGE -> TREND_DOWN,2021-02-07T14:00:00,6,2021-02-07T14:00:00,6,6,1,b02b3dfd0ad5e3fa177291f27d59cd3eb62055113bdf8f2dd71afe647d2b06d0
625ff3388bb48b7679084fd53dd0888387f836b4bb4ac43509a30a6ee4978ae3,1320,27187,2021-02-07T23:00:00,TREND_DOWN,RANGE,TREND_DOWN -> RANGE,2021-02-07T20:00:00,3,2021-02-07T20:00:00,3,3,1,1d69bc57dfab0fb84104154e8c383b4719654fe64f6482cb67c3ce276a41e538
af25308e3dea35680c0aaf5006414985390eb63606330dc8e6d96aed84a2de4e,1321,27190,2021-02-08T02:00:00,RANGE,TREND_DOWN,RANGE -> TREND_DOWN,2021-02-07T23:00:00,3,2021-02-07T23:00:00,3,3,1,0a8624461531745bfe218ecdd647081a7cd5ea0e4424095abeaaba2abcd6ea17
3fd911b44fa0c983c8c1089b216d7c118ec23a6f9387b865c0274a628076cbae,1322,27195,2021-02-08T07:00:00,TREND_DOWN,TREND_UP,TREND_DOWN -> TREND_UP,2021-02-08T02:00:00,5,2021-02-08T02:00:00,5,5,1,d7bae614dd69d0d2deeec0f8af74cc1b9d26f232382b1c976cbe947ed8449995
773e61fcb67694fe7c59a37e5ee14d1a023035b660766138d2ab28fca46c186e,1323,27199,2021-02-08T11:00:00,TREND_UP,VOL_COMPRESSION,TREND_UP -> VOL_COMPRESSION,2021-02-08T07:00:00,4,2021-02-08T07:00:00,4,4,1,18c4cf32630bb63aec015cf10e03c57f5a43ba9f20def0547ff921dc55889172
7f81b866ab6fd53322fdabddc10d8b3fcf01bd4c9be3b4fe5279bcb46f69866a,1324,27200,2021-02-08T12:00:00,VOL_COMPRESSION,TREND_UP,VOL_COMPRESSION -> TREND_UP,2021-02-08T11:00:00,1,2021-02-08T11:00:00,1,1,1,0ce3bfd5d00ed402bca34a53f9bc7d62241a40848b2432b16a901a92497ca068
ec43f7bb4533d6f3b0155abb326b3100a82d5a654edf5d9345a509ace5c607d5,1325,27201,2021-02-08T13:00:00,TREND_UP,VOL_EXPANSION,TREND_UP -> VOL_EXPANSION,2021-02-08T12:00:00,1,2021-02-08T12:00:00,1,1,1,3b779ab8fc47c352ae0b75ab8778699e83d0350839665150d4e923f1fde2c1c4
66b1a2b39c145f8260f4e264dc858cfed1f11455bc8854c716e8e15fa1966df4,1326,27206,2021-02-08T18:00:00,VOL_EXPANSION,TREND_UP,VOL_EXPANSION -> TREND_UP,2021-02-08T13:00:00,5,2021-02-08T13:00:00,5,5,1,6f7e7043474eee309d544c6f7fc2fe295ad81cfd689405d1f4928be583383641
2f695aa7e69c96edbd9dc3406e8e4a181f90dfeb507cc10338376cf3cc33cb07,1327,27224,2021-02-09T12:00:00,TREND_UP,VOL_EXPANSION,TREND_UP -> VOL_EXPANSION,2021-02-08T18:00:00,18,2021-02-08T18:00:00,18,18,1,bb9396dd3a061de4b0586129a906b9ba502ab861a8202970600b2f5ac35b617e
cc09522dafa5ec82437767135778886921f2e3955668cdb03059cd0e93839832,1328,27226,2021-02-09T14:00:00,VOL_EXPANSION,TREND_UP,VOL_EXPANSION -> TREND_UP,2021-02-09T12:00:00,2,2021-02-09T12:00:00,2,2,1,3a7bf10667e60dc81a1c7c04b282e574861f22723c91c7d5e2f035ccedde6d93
4dca0c48d8a438946a7f36ecff66f8907a234026d208e3ec6dc9e760e3da7708,1329,27253,2021-02-10T17:00:00,TREND_UP,RANGE,TREND_UP -> RANGE,2021-02-09T14:00:00,27,2021-02-09T14:00:00,27,27,1,30b52d93ad2573896521f0dc4e7e72491efdfd8644f35e96ced96b430138640c
ff5f1af2253d977eec950e7426f0eddca2090e8f7f9aee229eee2bd9b7ec9d12,1330,27258,2021-02-10T22:00:00,RANGE,TREND_UP,RANGE -> TREND_UP,2021-02-10T17:00:00,5,2021-02-10T17:00:00,5,5,1,a9ec21549ed88f7f226da635db337dcf66f1d6456d17ee66ddc31b414090b8e7
06d30139a297f7d39dd275b5ad99c39792edfe04a3712fa46a470b9b220e37f8,1331,27259,2021-02-10T23:00:00,TREND_UP,RANGE,TREND_UP -> RANGE,2021-02-10T22:00:00,1,2021-02-10T22:00:00,1,1,1,e85ad4d4fb1669f2a2c576bc2597c4eb07d45f9ed118ca83d753b141e5151855
ccd022b2c5413d4638e7cd32bad470dd55f481ba1c98090c2279b13d8be6a1ac,1332,27270,2021-02-11T10:00:00,RANGE,TREND_UP,RANGE -> TREND_UP,2021-02-10T23:00:00,11,2021-02-10T23:00:00,11,11,1,1498d24b9cb69250df808df932f7105a8c357950be16b4fd0d0400207d72d62d
582e230b3932a6864f51e203028acfea783e2afc25f3fa8aa66af7d23f47313f,1333,27309,2021-02-13T01:00:00,TREND_UP,VOL_COMPRESSION,TREND_UP -> VOL_COMPRESSION,2021-02-11T10:00:00,39,2021-02-11T10:00:00,39,39,1,0f073b939fded56a8a7aa305f57bb7ab60e345cf44df5866ef1e4bbdda7f2f10
6803bac64292ba187c2b85fd7d38e58b0d61e0c316f2c7f46598ca635a64781b,1334,27318,2021-02-13T10:00:00,VOL_COMPRESSION,TREND_UP,VOL_COMPRESSION -> TREND_UP,2021-02-13T01:00:00,9,2021-02-13T01:00:00,9,9,1,9f173fb85204f6324980dac7d0cbf1052f4d20c96afccf301894099f851b0c55
9cf41ed64736e2ffd508f3c57c657f164ebc7aff70c2be9084cd90e31fbe6f58,1335,27319,2021-02-13T11:00:00,TREND_UP,RANGE,TREND_UP -> RANGE,2021-02-13T10:00:00,1,2021-02-13T10:00:00,1,1,1,b78965eb3523d7fecb8c62106beeb21cfa2edaa07f48c5476af575b16387d69e
0dcf606ff5a8962b41f060669598061ec091774843287353fe11ea9360196771,1336,27323,2021-02-13T15:00:00,RANGE,VOL_COMPRESSION,RANGE -> VOL_COMPRESSION,2021-02-13T11:00:00,4,2021-02-13T11:00:00,4,4,1,cf0e8438f6ffbe516249060dccf966828392b465f4f4867ec2ee57383a4111ac
75323544246c355d3ee5c78402406fe7ba31248fdaf3c8a66bbc227c9bbe24eb,1337,27338,2021-02-14T06:00:00,VOL_COMPRESSION,TREND_UP,VOL_COMPRESSION -> TREND_UP,2021-02-13T15:00:00,15,2021-02-13T15:00:00,15,15,1,c2983f9ba58d0d2b69336488584098afec718839f7797d8da3db9885d50868d0
b7a107ebe0f3cd913e9067e29ab2c7b556192f8cc1afae464d6980558f7a1267,1338,27339,2021-02-14T07:00:00,TREND_UP,VOL_COMPRESSION,TREND_UP -> VOL_COMPRESSION,2021-02-14T06:00:00,1,2021-02-14T06:00:00,1,1,1,857fedea585644ce7146ebc4e5ddcec389b4fad9afce6d639a153c8d91bd65eb
e18e1a996145b27ff26a8ce6e98c119861447b7598fc667d1608408d5c0998a9,1339,27340,2021-02-14T08:00:00,VOL_COMPRESSION,TREND_UP,VOL_COMPRESSION -> TREND_UP,2021-02-14T07:00:00,1,2021-02-14T07:00:00,1,1,1,ade9924962e94b0c8930471faaf170331055d17fd9f26274d32ff884da3d47ba
5712abc74c7c9f278fdc583a838b07ec19dee960db571ca92ebf29338ebf0715,1340,27341,2021-02-14T09:00:00,TREND_UP,VOL_COMPRESSION,TREND_UP -> VOL_COMPRESSION,2021-02-14T08:00:00,1,2021-02-14T08:00:00,1,1,1,422aeca4af3329c9cbc7d0f8fd03bff1e4d78f074c4a512854f227daa74c0bf8
27b70852d5a414551feaab642b7f7e1c17249cf5cf5c704cfeb61a1b7fed83f1,1341,27345,2021-02-14T13:00:00,VOL_COMPRESSION,TREND_UP,VOL_COMPRESSION -> TREND_UP,2021-02-14T09:00:00,4,2021-02-14T09:00:00,4,4,1,8487a5de44bf812d6956510f100b40430345e867cbd9fd597a6136a86096cc67
9bd1ca2174a1f390f31b7cdf759e7529c4c24c417f71f32e6e900e2d35b59137,1342,27351,2021-02-14T19:00:00,TREND_UP,VOL_COMPRESSION,TREND_UP -> VOL_COMPRESSION,2021-02-14T13:00:00,6,2021-02-14T13:00:00,6,6,1,bf95877051f821b733e34818694bbc0e50bb6ed3a7f661aeafee89cdcf13366f
d7abc62a92e22a498274a1b23ec556ac2f182c46c1c6aab2665f6de0abadccf6,1343,27357,2021-02-15T01:00:00,VOL_COMPRESSION,TREND_UP,VOL_COMPRESSION -> TREND_UP,2021-02-14T19:00:00,6,2021-02-14T19:00:00,6,6,1,f8b3e2c40e5488d5d8925c01879f6dab4a64c87c7e9330fa292238264585db7e
3f19858324ce2b7b39d1efa8ec6d54f3a0850fd991f45feb3564805b07591ec2,1344,27359,2021-02-15T03:00:00,TREND_UP,RANGE,TREND_UP -> RANGE,2021-02-15T01:00:00,2,2021-02-15T01:00:00,2,2,1,3a05b02c348f5acbb40c7006333fbe704bcbf3d022882dc2fe8133a3e9173cd5
f57f2e1c9e567e648a1094f6ac3748ef22b3685f4920b6205c50573ac7a0c62f,1345,27369,2021-02-15T13:00:00,RANGE,TREND_UP,RANGE -> TREND_UP,2021-02-15T03:00:00,10,2021-02-15T03:00:00,10,10,1,f220603e173a5d6bde379433815a9f8f9f7467f011f36866b8db14daa476d765
07fe398c0d98f81820dcadd99ab31cf2bdb61dccabcdc6cbd2ecf1657ff106f8,1346,27373,2021-02-15T17:00:00,TREND_UP,VOL_COMPRESSION,TREND_UP -> VOL_COMPRESSION,2021-02-15T13:00:00,4,2021-02-15T13:00:00,4,4,1,0ab5bebd8cf55abcefb42895993d0c3eba0dd959b0226f2fbd9c66243ca5a0ec
8bd0778f46c534d3d76663e973f2bbbc9af22158e1f40810c1ba20edc0be081a,1347,27380,2021-02-16T00:00:00,VOL_COMPRESSION,TREND_UP,VOL_COMPRESSION -> TREND_UP,2021-02-15T17:00:00,7,2021-02-15T17:00:00,7,7,1,1dabff3d286bc642bde30854ab5d1f1b299caa89668163d58019bbd1cad9f827
84d76f4157b68b691c4901309150164bf3d67ddcd3dbcc8d8e5e8657e53cdec5,1348,27391,2021-02-16T11:00:00,TREND_UP,VOL_COMPRESSION,TREND_UP -> VOL_COMPRESSION,2021-02-16T00:00:00,11,2021-02-16T00:00:00,11,11,1,42373320ccd5baeb5338ef4ce13fd4eaa030089cb2b32927fd0f6e530f31bbdd
100ef0921d3684fdb2bcff1af891f9f2a94e8a7dfcbbeac620de67ad22f9c47d,1349,27392,2021-02-16T12:00:00,VOL_COMPRESSION,TREND_UP,VOL_COMPRESSION -> TREND_UP,2021-02-16T11:00:00,1,2021-02-16T11:00:00,1,1,1,285d06486cdac06cfa1c8c5d857743a2f0c58f2e2b750b5ac27dd7f7f286e867
d90243f2d3c80d6c680e8d4b437763e72578a65339e7497cbc1ce788a04e7f73,1350,27422,2021-02-17T18:00:00,TREND_UP,VOL_COMPRESSION,TREND_UP -> VOL_COMPRESSION,2021-02-16T12:00:00,30,2021-02-16T12:00:00,30,30,1,ac849fbad9e66400275d7c08214dfb297f3acea1e8241d9aa6714392016894e7
dc374129aa786dda198302a9590f686f8a23f439ff3ab53bb9d3a331d3cdf5ab,1351,27423,2021-02-17T19:00:00,VOL_COMPRESSION,TREND_UP,VOL_COMPRESSION -> TREND_UP,2021-02-17T18:00:00,1,2021-02-17T18:00:00,1,1,1,687b44385ace587cbf0100d0f1237ca0a9dbf3b06185243b499ba5da71636840
004a5dbfd11776f151fc763c6c6f8b35044c0e4b31528d9bb9a7cdc811b514b7,1352,27426,2021-02-17T22:00:00,TREND_UP,VOL_COMPRESSION,TREND_UP -> VOL_COMPRESSION,2021-02-17T19:00:00,3,2021-02-17T19:00:00,3,3,1,a874a79694b31e1edd7f2e23b0fd0c9f9058a361bc93dcd3bd0e012b5928e5a3
a27fbcacffee2f1fae6152b98310dde3b0576d64871bb62f516e7475b96058fc,1353,27443,2021-02-18T15:00:00,VOL_COMPRESSION,TREND_UP,VOL_COMPRESSION -> TREND_UP,2021-02-17T22:00:00,17,2021-02-17T22:00:00,17,17,1,3ef3ec08b0418fc183ff79c2456ac77fdce9a6a7afb6feeba6ae389041883602
41903edd35a22496d1d25167c59689a4eb06984354eeffe4e71a6df2c1ac86f0,1354,27445,2021-02-18T17:00:00,TREND_UP,VOL_COMPRESSION,TREND_UP -> VOL_COMPRESSION,2021-02-18T15:00:00,2,2021-02-18T15:00:00,2,2,1,44fef27c5406c09944a99dfc6b907eb0df985323d0ed980ee6b5ebacf22b0ed7
7e81858114fe1c6aab5108e58cc2c3e20225a5e7f14f239ee7e12d1698a9d1fc,1355,27471,2021-02-19T19:00:00,VOL_COMPRESSION,TREND_UP,VOL_COMPRESSION -> TREND_UP,2021-02-18T17:00:00,26,2021-02-18T17:00:00,26,26,1,9f07e5df54f5f48fd2de4ebbf575f5a95b25f268a5ad87efdb6093d937c8ef4d
bb4c4c28c2b61c3db7ec28aefe2204bcfd60a6c194dda8145a31c1886df5ae1f,1356,27481,2021-02-20T05:00:00,TREND_UP,VOL_COMPRESSION,TREND_UP -> VOL_COMPRESSION,2021-02-19T19:00:00,10,2021-02-19T19:00:00,10,10,1,d70d5a0b8baa304f9771791ab5b2ef90c4ac92e1643ab5eb72d6b4a544b7e6a1
744e70d0f0893b60f65acb0ae50b55617f0b57c9e1b75aeb598a1777ac8c7f8e,1357,27488,2021-02-20T12:00:00,VOL_COMPRESSION,TREND_UP,VOL_COMPRESSION -> TREND_UP,2021-02-20T05:00:00,7,2021-02-20T05:00:00,7,7,1,83389bdadb0850b20a86bcdff5ebe6a8bbd288e1cca4254d5b814e11297a16b6
ec2e7290da4caefb1c48dd044d2a5944517f40f93b1a9e17f704d7c36153eae4,1358,27489,2021-02-20T13:00:00,TREND_UP,VOL_COMPRESSION,TREND_UP -> VOL_COMPRESSION,2021-02-20T12:00:00,1,2021-02-20T12:00:00,1,1,1,79fc8e16c1f1b41b7af720670e9fef2493fec1c04be30356eeef628f069be617
7528dcf839129922e29119c26cca2e1a0760591442763d135347342245878c33,1359,27490,2021-02-20T14:00:00,VOL_COMPRESSION,TREND_UP,VOL_COMPRESSION -> TREND_UP,2021-02-20T13:00:00,1,2021-02-20T13:00:00,1,1,1,21e9724c73cf43fa631e4b90f142166b5b4b8a334ca267d7a0b2763e05582cab
c684c4c847eae88c377df4b32f9b5e459c539b6da2fd4304360ddf8767d95dfb,1360,27496,2021-02-20T20:00:00,TREND_UP,VOL_COMPRESSION,TREND_UP -> VOL_COMPRESSION,2021-02-20T14:00:00,6,2021-02-20T14:00:00,6,6,1,edbde7ab3237b30e7203b2ffb458f2d1bb6d261635e088426e7ed6fe6416c444
d726727380b2b55bca0d80727e0a6462146ee79e67e4bb3116eabef0c3f8e520,1361,27498,2021-02-20T22:00:00,VOL_COMPRESSION,TREND_UP,VOL_COMPRESSION -> TREND_UP,2021-02-20T20:00:00,2,2021-02-20T20:00:00,2,2,1,ddcb84da10e1ab9c74601ac6961c8d2d3b469637b3bc44d2c29362d33202447c
25c4ccd39096b1c59160529d8817e72d0122688c2aec70bf9da30dcd96ada003,1362,27506,2021-02-21T06:00:00,TREND_UP,VOL_COMPRESSION,TREND_UP -> VOL_COMPRESSION,2021-02-20T22:00:00,8,2021-02-20T22:00:00,8,8,1,ae99beecfbdd3e1048f49bfab9b297a465829ce7a51646a5f0a7c89b2bb538ae
8198f9cb89accab55948fad4716bca2c93ce6165382d703e5c88e7d5ff5bb94d,1363,27510,2021-02-21T10:00:00,VOL_COMPRESSION,TREND_UP,VOL_COMPRESSION -> TREND_UP,2021-02-21T06:00:00,4,2021-02-21T06:00:00,4,4,1,b32007f1baade9885b8a6c8487d48c39628d39b601a2aaff2e046bf43acdf178
e0dd1cbeb80b722f56f63fd6473b422d031b5ed0b09c8e9193da312842871fad,1364,27511,2021-02-21T11:00:00,TREND_UP,VOL_COMPRESSION,TREND_UP -> VOL_COMPRESSION,2021-02-21T10:00:00,1,2021-02-21T10:00:00,1,1,1,e832c043446e047396788846ee11f9e43cab3141e6743d4d6e8f0498809517df
6974ce3394478945ebb89f2abbfa61f5834f08991c7c5cb8fcb7ed26c402aeea,1365,27524,2021-02-22T00:00:00,VOL_COMPRESSION,TREND_UP,VOL_COMPRESSION -> TREND_UP,2021-02-21T11:00:00,13,2021-02-21T11:00:00,13,13,1,340aaa24afe4fe1ebfa87a4ebfcbee2f1c472036ee41cc4a75db0410297114ba
962f4428ab8af808a1a510babf50781200dd99c9ea3b4dbf05bba21af88125a9,1366,27530,2021-02-22T06:00:00,TREND_UP,RANGE,TREND_UP -> RANGE,2021-02-22T00:00:00,6,2021-02-22T00:00:00,6,6,1,d22c7a29647c96e821a7912d0b24dcc411ae67d220ff11974bcda1fcddc182ca
ed1ea9b74f1fa5be08d2242533dc2b32bbf5ac39abb6d7bbe7ae141885631f69,1367,27536,2021-02-22T12:00:00,RANGE,TREND_DOWN,RANGE -> TREND_DOWN,2021-02-22T06:00:00,6,2021-02-22T06:00:00,6,6,1,968283097f2f32ca1e729d312c3b33de6dd944ade2332dbcb8cfaa6477328448
494e5a8d0c13a2552e925af4d9e84f06187a3242c764ef5f7f40c99c262ea860,1368,27538,2021-02-22T14:00:00,TREND_DOWN,VOL_EXPANSION,TREND_DOWN -> VOL_EXPANSION,2021-02-22T12:00:00,2,2021-02-22T12:00:00,2,2,1,593100b928757cc54102594c103daca4069d37593b9abc4e740da1c6639679e6
a22cf2dc8e591df5cae0a5d0eaf18d1951438d653bab12a94749dbe7a6965f07,1369,27543,2021-02-22T19:00:00,VOL_EXPANSION,TREND_DOWN,VOL_EXPANSION -> TREND_DOWN,2021-02-22T14:00:00,5,2021-02-22T14:00:00,5,5,1,69dbbc86b923913689148cbfb5f07d59361ce70dd124cd1ac2b5b8517f04ef6a
83386a323e63f5baade58854b29d534cc7ec89a5f175d2db7c1093dd5ebdfd92,1370,27552,2021-02-23T04:00:00,TREND_DOWN,VOL_EXPANSION,TREND_DOWN -> VOL_EXPANSION,2021-02-22T19:00:00,9,2021-02-22T19:00:00,9,9,1,1a5d4bf92a02783130fb43203dd115c7d5049cf10cb7ea831af954784b27ca8f
4e783529bf7aa483a1a8138dd8d04bdaf5b1ee8f3560dd4b296f1070cc72fc79,1371,27556,2021-02-23T08:00:00,VOL_EXPANSION,HIGH_VOL,VOL_EXPANSION -> HIGH_VOL,2021-02-23T04:00:00,4,2021-02-23T04:00:00,4,4,1,a5a602f31bd81bcf881a0b0e7797df0f8d65c535bdb5a2e6b5385a760c0962e7
c9a2539dd430d687d26645ebc9100670e61a61cce22f64a0e30a415e213c66c0,1372,27570,2021-02-23T22:00:00,HIGH_VOL,TREND_DOWN,HIGH_VOL -> TREND_DOWN,2021-02-23T08:00:00,14,2021-02-23T08:00:00,14,14,1,85786ae5c8a65f2889643b04560dc60546c8a7ce11dc9ee1a36594949633eb18
f61eca936f28a03a5fa5c45925eb424f65a8b7145f93784f8299879b9fa365b2,1373,27609,2021-02-25T13:00:00,TREND_DOWN,RANGE,TREND_DOWN -> RANGE,2021-02-23T22:00:00,39,2021-02-23T22:00:00,39,39,1,ae13826e38335fd322013fef929d1801567304e2a43046559e204e2041a0f323
0d043ff27712db2144dc0b9692ac2b6feb7f71750bea87b271ad738b85caf985,1374,27614,2021-02-25T18:00:00,RANGE,TREND_DOWN,RANGE -> TREND_DOWN,2021-02-25T13:00:00,5,2021-02-25T13:00:00,5,5,1,bb4384ac87ff242af2e4b3370a3a06b41ca57370fbf3bc8b8aa7bded2697e338
79659f9f625e8bb8e4119a42796be8a123774b37a37299836a9576cf9909c566,1375,27620,2021-02-26T00:00:00,TREND_DOWN,VOL_EXPANSION,TREND_DOWN -> VOL_EXPANSION,2021-02-25T18:00:00,6,2021-02-25T18:00:00,6,6,1,4cecbd36a24a8955514b949466d3bffb76b34d3db969505bb0cf0a539f630d14
71efe767e0b3d526030e37dfb4cb33749986ed4a6ca83e490e9e4e1f5ed38d2b,1376,27624,2021-02-26T04:00:00,VOL_EXPANSION,TREND_DOWN,VOL_EXPANSION -> TREND_DOWN,2021-02-26T00:00:00,4,2021-02-26T00:00:00,4,4,1,1c71ee6fca32d691a375786f63e7b8b4ed56977544ab0632b1480de25a6dd12b
bab9e1595b8cebe68ea6c4b7f661fbe4db4ccc674012a3bdb3ab8e39ca2f9ccc,1377,27629,2021-02-26T09:00:00,TREND_DOWN,VOL_EXPANSION,TREND_DOWN -> VOL_EXPANSION,2021-02-26T04:00:00,5,2021-02-26T04:00:00,5,5,1,14663cfc8a574032a3075b669257ec8b21a0e67cc250583e70e34c55dfc78b98
0ed4e882094f948f81bf85d06281df18f1732bffeeb57aaabb35db7d228240d6,1378,27630,2021-02-26T10:00:00,VOL_EXPANSION,TREND_DOWN,VOL_EXPANSION -> TREND_DOWN,2021-02-26T09:00:00,1,2021-02-26T09:00:00,1,1,1,29010ddafb786c1a98d0d16e48b64c8b8cbab194dd28652cd1b9374def63d193
20bffc2fbe50f7df9e09ff3f265086dbda2ca069d61a75d6801ed497ffb6e5f6,1379,27694,2021-03-01T02:00:00,TREND_DOWN,RANGE,TREND_DOWN -> RANGE,2021-02-26T10:00:00,64,2021-02-26T10:00:00,64,64,1,b25e482843e1ea5f0bc5cc789fe3a764e1de76bfc08db4df8180f23d640a0383
cae640af1b16043dab07179b55dc7796520ed685b670169723b8ff3431922a92,1380,27703,2021-03-01T11:00:00,RANGE,TREND_UP,RANGE -> TREND_UP,2021-03-01T02:00:00,9,2021-03-01T02:00:00,9,9,1,c15eae4de58a18f933deea17090e04e70c81cbeecb68f4945c0aa43820073d8e
d408b6665acf82e29c36150a8aaedb82550d733af91c72f4309d696ae15bc81c,1381,27735,2021-03-02T19:00:00,TREND_UP,RANGE,TREND_UP -> RANGE,2021-03-01T11:00:00,32,2021-03-01T11:00:00,32,32,1,eff5cbaa260ccde21c251e0b6654dff91550dc7e9ba8f0115cb73af17c8979e8
f3f6eeb027661b5d050b59056490ea88aa933777116ac358eb4ae3c0cda34c8f,1382,27740,2021-03-03T00:00:00,RANGE,TREND_UP,RANGE -> TREND_UP,2021-03-02T19:00:00,5,2021-03-02T19:00:00,5,5,1,f68bd79e15384aac5efa745c5bf8d51c54b90031bf5233124b48d71ffaf21104
90a4e923bdd2c4ee1ca13452cad09d1d8a5d2448ff83a8a76ed15434b21dadfb,1383,27747,2021-03-03T07:00:00,TREND_UP,VOL_COMPRESSION,TREND_UP -> VOL_COMPRESSION,2021-03-03T00:00:00,7,2021-03-03T00:00:00,7,7,1,7648020cd381bdb3c2e91fc544f042e2b8801747db8ad803c7fb7b042d86670e
d99bf5249bd413f88a5586f702030a8a450141db493d6692797887509168d6df,1384,27748,2021-03-03T08:00:00,VOL_COMPRESSION,TREND_UP,VOL_COMPRESSION -> TREND_UP,2021-03-03T07:00:00,1,2021-03-03T07:00:00,1,1,1,6dfd6c9fccb9f7c7e6ca0e74ef83f2ca85d33457feec05f8bde8026edc425e30
b336e51fe204ca7822488be186c3e37a783fba215dd4f8e83bdb4f0b4a3bb353,1385,27771,2021-03-04T07:00:00,TREND_UP,RANGE,TREND_UP -> RANGE,2021-03-03T08:00:00,23,2021-03-03T08:00:00,23,23,1,8b000402f15fb8d82a9521f3540e8ba8b24a247f86a8e3a03fd4dba1ab76a334
d98cb3e144be1fe4e399f5cd6edba494ca5b4cc89c810ec77d51ac8aacb77286,1386,27772,2021-03-04T08:00:00,RANGE,TREND_UP,RANGE -> TREND_UP,2021-03-04T07:00:00,1,2021-03-04T07:00:00,1,1,1,6e2976624d3def37c6e75580f8fd2a99ba01bc3002707d926e85d9637d02dc05
f164a83f0f6db6bbaf70976b3c73efdb106400e3b57e6e4c0c18b2a68f538b8d,1387,27774,2021-03-04T10:00:00,TREND_UP,RANGE,TREND_UP -> RANGE,2021-03-04T08:00:00,2,2021-03-04T08:00:00,2,2,1,8e31c3d71766f66be611ef5933f60d8325f9bcc9292706d49fd084dcab2f3b0a
692ddd2fa714f8a263a64c609c3bba20d88cefaac7e864418f83152bca7da11c,1388,27783,2021-03-04T19:00:00,RANGE,TREND_DOWN,RANGE -> TREND_DOWN,2021-03-04T10:00:00,9,2021-03-04T10:00:00,9,9,1,904ed82d392b1d999aee45cde48d194283ea520f6ed0bd79dc3eb384332cb1e4
a800b94376ad5c9e1d26e9afeeb4ec9d4a1c155a3cff16adafaf8b627af26dc1,1389,27808,2021-03-05T20:00:00,TREND_DOWN,RANGE,TREND_DOWN -> RANGE,2021-03-04T19:00:00,25,2021-03-04T19:00:00,25,25,1,03a2c4cecbbf9f89f57f25c957e0f657e553225cd8276ca68d896acc4d9d9b89
5567e43380838caeec3d5725b89f1d1cfeb11d43be5f0c141ea8b646680dcb4a,1390,27818,2021-03-06T06:00:00,RANGE,VOL_COMPRESSION,RANGE -> VOL_COMPRESSION,2021-03-05T20:00:00,10,2021-03-05T20:00:00,10,10,1,0490aa5c0c3ca6fa179c9029cbd07eaf4a55be037c6c1480a0ec8bb4cbc399c9
d346b914770dfaf0de5946d4f2b7514016ea32c667350645e156e747851bdc57,1391,27828,2021-03-06T16:00:00,VOL_COMPRESSION,TREND_DOWN,VOL_COMPRESSION -> TREND_DOWN,2021-03-06T06:00:00,10,2021-03-06T06:00:00,10,10,1,13dfad9fc5ad81c7f79a5cd67f7956faab9675eec8790c641cc28668fbd158ba
13f7de98ac0bc9bda3d86694297b9d79a7b4acb014418260da566491e932a213,1392,27831,2021-03-06T19:00:00,TREND_DOWN,VOL_COMPRESSION,TREND_DOWN -> VOL_COMPRESSION,2021-03-06T16:00:00,3,2021-03-06T16:00:00,3,3,1,8d3ce85d50b7a27b55bccd6b3a03937a6b292ccbea9889484e1c79a475faad2a
7dd91279245d55df11b72648c84967ce0a69f33aa5ed919afe6fc46f92a44188,1393,27859,2021-03-07T23:00:00,VOL_COMPRESSION,TREND_UP,VOL_COMPRESSION -> TREND_UP,2021-03-06T19:00:00,28,2021-03-06T19:00:00,28,28,1,4071a6aa5d3dd0e3dd9b4e0b169cfad39bdb12afd2012992366a2b43c0a3ef6f
bee6d2e7deb591ced5406b38e0ffd0274191dd3a1a5eeff8a7716deff457570b,1394,27878,2021-03-08T18:00:00,TREND_UP,VOL_COMPRESSION,TREND_UP -> VOL_COMPRESSION,2021-03-07T23:00:00,19,2021-03-07T23:00:00,19,19,1,cbae92c90a5feed53be557e915b7b5620059e659b742e07baf1d45d9d1eee976
5763aee51c49f4266a00ba3682a96a725cdc68289bb85a6989f8dd8fe40b7d01,1395,27879,2021-03-08T19:00:00,VOL_COMPRESSION,TREND_UP,VOL_COMPRESSION -> TREND_UP,2021-03-08T18:00:00,1,2021-03-08T18:00:00,1,1,1,9ded0f7273536a35964173720893df1dd034dab63d21e11061241842ebe69b57
55cb50c967c129a201acc2a6ccba34c5d00118b4d42f02e382363398c084ed6b,1396,27881,2021-03-08T21:00:00,TREND_UP,VOL_COMPRESSION,TREND_UP -> VOL_COMPRESSION,2021-03-08T19:00:00,2,2021-03-08T19:00:00,2,2,1,95d3984d1d4df874943fac1fa1c965f818d1f72bcd448de82fef05e5ad0399c0
70987a38f10b211d3da5c2ce58292e19d9fc4467764f9a0c5889954387b67f53,1397,27884,2021-03-09T00:00:00,VOL_COMPRESSION,TREND_UP,VOL_COMPRESSION -> TREND_UP,2021-03-08T21:00:00,3,2021-03-08T21:00:00,3,3,1,8996e83ad110008d383e66e2d42d2f05372710d1b9847ba329cb61df1c16d1cb
9e46bc403490293664f234d7c56823b5aace0888bcd84476dc7c3a8b399ead16,1398,27895,2021-03-09T11:00:00,TREND_UP,VOL_COMPRESSION,TREND_UP -> VOL_COMPRESSION,2021-03-09T00:00:00,11,2021-03-09T00:00:00,11,11,1,0177b9e342e4134ab1825ee10c83fe4a9cba4418b94682089d48654d758923f0
a22502aca3da063e7550c7a992abbcbaeacfdddf69973e609168ffa4485c67a0,1399,27897,2021-03-09T13:00:00,VOL_COMPRESSION,TREND_UP,VOL_COMPRESSION -> TREND_UP,2021-03-09T11:00:00,2,2021-03-09T11:00:00,2,2,1,280fb8e6668e06034d913fa77d6412fc319a0825f482457341ca73c914de3070
ab77640bbffb6b0d630130eef22245157b27d8385c12f9e001d9868a2c588e74,1400,27900,2021-03-09T16:00:00,TREND_UP,VOL_COMPRESSION,TREND_UP -> VOL_COMPRESSION,2021-03-09T13:00:00,3,2021-03-09T13:00:00,3,3,1,208d83b5d4b786c7d4f41108a8e2bfd2680204df2377b7b424d6eaa2ba1cdd9d
130c6d7414d7e8c87d63c6f8852cd4f31fb1c452b7320574a3a86d21553c9bbb,1401,27909,2021-03-10T01:00:00,VOL_COMPRESSION,TREND_UP,VOL_COMPRESSION -> TREND_UP,2021-03-09T16:00:00,9,2021-03-09T16:00:00,9,9,1,61341ca398bf75947bbea913e8ab05df6f3bfb2567fbf4ecc91c270441852a7a
875c35d05d91a71e1b4e150279fdc951d822404f463676c900f63feec509d75a,1402,27983,2021-03-13T03:00:00,TREND_UP,VOL_COMPRESSION,TREND_UP -> VOL_COMPRESSION,2021-03-10T01:00:00,74,2021-03-10T01:00:00,74,74,1,8f0aab399f133032e0241762632dfbcfa29a14b139bfe4b39f0823360ed1d47b
39e55234999c05155cbc2115900ff290ddaaa8f169181742fd74276174e2386c,1403,27990,2021-03-13T10:00:00,VOL_COMPRESSION,TREND_UP,VOL_COMPRESSION -> TREND_UP,2021-03-13T03:00:00,7,2021-03-13T03:00:00,7,7,1,a7e153bb558969be4ea6a9429567eba07da58238cd4effe152d78e7d42abd3c9
8e3c9d894dc1b376312476a47fe758553cd481666c2a8eb4fc23b94542a5dd43,1404,27996,2021-03-13T16:00:00,TREND_UP,VOL_COMPRESSION,TREND_UP -> VOL_COMPRESSION,2021-03-13T10:00:00,6,2021-03-13T10:00:00,6,6,1,ff8d445f08b9f66118fb0982dcfca95d8ceab888975e11fb34129c0f570ddaf8
ca1cb7225c84ed4d78f10d1367acdd27767398488d50e4d25d71f3eb294bc37b,1405,28001,2021-03-13T21:00:00,VOL_COMPRESSION,TREND_UP,VOL_COMPRESSION -> TREND_UP,2021-03-13T16:00:00,5,2021-03-13T16:00:00,5,5,1,4fd2f1eeabf8260f295a5abd3de730f1f8a695d1ea91d8812705aa12174a3282
27d25956139fbe86bdbbee41e7ddddd28a0860498e0917a3d8652d2a527c3612,1406,28003,2021-03-13T23:00:00,TREND_UP,VOL_COMPRESSION,TREND_UP -> VOL_COMPRESSION,2021-03-13T21:00:00,2,2021-03-13T21:00:00,2,2,1,7631f7e6f4fe8344d1389cdb66a75c42ff84a7656001ba2de6fbefa969eb20b0
e5472d4062605de9808f59ed01c6f575863ff8f5d248ebdab5525652a356bdc5,1407,28027,2021-03-14T23:00:00,VOL_COMPRESSION,TREND_UP,VOL_COMPRESSION -> TREND_UP,2021-03-13T23:00:00,24,2021-03-13T23:00:00,24,24,1,16cc8589147437e6c24ad5e309f094fa4860501b6d3df7170d1fd96bb1891005
8afee135ab510daab1873c3092dfd45dc1bdf5bab0376d19275f77c8139be746,1408,28035,2021-03-15T07:00:00,TREND_UP,RANGE,TREND_UP -> RANGE,2021-03-14T23:00:00,8,2021-03-14T23:00:00,8,8,1,a96c3b9984914c2425afe0b3edb5dc5ddb4d7c58264447ce8cd477cd89507fd0
d16dff3b590dc072461cf7f0fb9918e91f89a8aa1680e6df010f495dc3b1bffa,1409,28037,2021-03-15T09:00:00,RANGE,TREND_DOWN,RANGE -> TREND_DOWN,2021-03-15T07:00:00,2,2021-03-15T07:00:00,2,2,1,d72d14dd584195100228928d54a35b31b4477e2aacfb6a99d166f68f83b2e080
60b64691c7b18c68f09ce872831b98f534c68b2302515f365311590a7d784141,1410,28082,2021-03-17T06:00:00,TREND_DOWN,VOL_COMPRESSION,TREND_DOWN -> VOL_COMPRESSION,2021-03-15T09:00:00,45,2021-03-15T09:00:00,45,45,1,9a8e5f1579228d4e9101aa7533bd33480cc488bc4feade3682689a18cbb91927
c0f18852cfe399873086f5a7256d7c611eba893f6a0fba69017d31c11e13eb3d,1411,28085,2021-03-17T09:00:00,VOL_COMPRESSION,TREND_DOWN,VOL_COMPRESSION -> TREND_DOWN,2021-03-17T06:00:00,3,2021-03-17T06:00:00,3,3,1,6f05b48c352a735b40e5b3636cdb45e8e4c5c244d2e789bcf547c4a3fad20f5b
ddd54dc252511e0ea5ae89fd6fe8a8aca635341d687cd4f7032d10b639195c4a,1412,28095,2021-03-17T19:00:00,TREND_DOWN,RANGE,TREND_DOWN -> RANGE,2021-03-17T09:00:00,10,2021-03-17T09:00:00,10,10,1,06eeebc61c6f40e627866e660e0b24676bd48d41a35284563609ee5bf7d66e89
2cacdec4815c764288112c63ce23a40ccf912524676e59cd6c27a599443b0c68,1413,28098,2021-03-17T22:00:00,RANGE,TREND_UP,RANGE -> TREND_UP,2021-03-17T19:00:00,3,2021-03-17T19:00:00,3,3,1,6e42b7e86dce9fe1f5dc9175d667363565048c4735d1565af36bc0b70f0e2530
ba355ed601a4e9d5716be691adc7acbce461ac4830f6b74436f16056a01b93cb,1414,28104,2021-03-18T04:00:00,TREND_UP,VOL_COMPRESSION,TREND_UP -> VOL_COMPRESSION,2021-03-17T22:00:00,6,2021-03-17T22:00:00,6,6,1,1f3ccd4557358dcbe4eee45e0f397d0b849ae17615798a1103c03f0a095ecd4f
39d5b3769008580b7eb4d188f87c6dfcf17181c7d0aa39ebd84dc25e3a3247c4,1415,28115,2021-03-18T15:00:00,VOL_COMPRESSION,TREND_UP,VOL_COMPRESSION -> TREND_UP,2021-03-18T04:00:00,11,2021-03-18T04:00:00,11,11,1,64196593f2ec092d37aefdbd14cf1110f3e08cc3dc99eb328f0757a4c87b3725
1ae71d9fd19835b4cd15e751189d14bc6fbad5d4dae6ba12b6639a71233c8a7f,1416,28124,2021-03-19T00:00:00,TREND_UP,RANGE,TREND_UP -> RANGE,2021-03-18T15:00:00,9,2021-03-18T15:00:00,9,9,1,f63a0725ebf1f32a461f64297b77a81135bf5909a0c7fbe8fdde36a36c4c810d
56ed6ff03b769098229d2a5a0ff042c02d00e9ca872d43db897c5a7573dbc2a5,1417,28129,2021-03-19T05:00:00,RANGE,TREND_UP,RANGE -> TREND_UP,2021-03-19T00:00:00,5,2021-03-19T00:00:00,5,5,1,4d96b8679acd8b97ace45531f9b9a9792bbd85d758f4f95e000ae1424a04d1fc
ccc2fcf849c1cb21fb4bc3b618b040d2b308cdf0c79af0718363361ee98092eb,1418,28135,2021-03-19T11:00:00,TREND_UP,VOL_COMPRESSION,TREND_UP -> VOL_COMPRESSION,2021-03-19T05:00:00,6,2021-03-19T05:00:00,6,6,1,fee513ed71a9e4721b605018254e9a40fe2befecae663a2e82c18ac8754fe46e
957a3cc49810edffd109978433f93072a385b729bbe322f5801ca3bbd224f9f8,1419,28138,2021-03-19T14:00:00,VOL_COMPRESSION,TREND_UP,VOL_COMPRESSION -> TREND_UP,2021-03-19T11:00:00,3,2021-03-19T11:00:00,3,3,1,ada6cd434dabfc7d16dbf1c9b71d0ba1df60510397a703115da4485f7b8d4355
5cb29f6108046c97e69c593b74a80d46ec58f3b4f2108f2ca382eab86b2cacff,1420,28140,2021-03-19T16:00:00,TREND_UP,VOL_COMPRESSION,TREND_UP -> VOL_COMPRESSION,2021-03-19T14:00:00,2,2021-03-19T14:00:00,2,2,1,1715fb5adb2f2a4d440e9320dc4f1a016325e328b0bfd9113af8e57c2e08f4a1
91e433059489ee093710185645d17f08287a2b9aaafc2ec60bc933c95cd06c38,1421,28181,2021-03-21T09:00:00,VOL_COMPRESSION,TREND_DOWN,VOL_COMPRESSION -> TREND_DOWN,2021-03-19T16:00:00,41,2021-03-19T16:00:00,41,41,1,a995d432abca47e181e8ae61a32a5d8db1183d9600a150c713d5eaea40320b40
98362e96ee4124be6618b47b159e80abe007cc46ca109cb6942290778ce69885,1422,28184,2021-03-21T12:00:00,TREND_DOWN,VOL_COMPRESSION,TREND_DOWN -> VOL_COMPRESSION,2021-03-21T09:00:00,3,2021-03-21T09:00:00,3,3,1,55596e711de1a510631a9b531a252dba5a1c4c7b15e9df46b5e20dfec564e958
ec5cf032241b171b4d5be50dcaed0ff9f6f3a69b380b70a5bea500555b4064c2,1423,28185,2021-03-21T13:00:00,VOL_COMPRESSION,TREND_DOWN,VOL_COMPRESSION -> TREND_DOWN,2021-03-21T12:00:00,1,2021-03-21T12:00:00,1,1,1,9fd8f03c0dc08d4bbf6a5d4f7349dd7b0e760296392b298dd4a59b262f0fc99a
79868849939f836e0c11e40c1ccfbc3d92ca89be1d574e91ab1b3528384fef9f,1424,28186,2021-03-21T14:00:00,TREND_DOWN,VOL_COMPRESSION,TREND_DOWN -> VOL_COMPRESSION,2021-03-21T13:00:00,1,2021-03-21T13:00:00,1,1,1,7143d9312a341dd0b86af9c03b1af0815bc301106e6f5190725c7a530a4f0deb
2d60b278c2e43509fbfceb657ac1d0973c6892def344df26c816a0006bda5b3e,1425,28215,2021-03-22T19:00:00,VOL_COMPRESSION,TREND_DOWN,VOL_COMPRESSION -> TREND_DOWN,2021-03-21T14:00:00,29,2021-03-21T14:00:00,29,29,1,e529e0d6ad6c4d2c7d947091cc6f4f028cf12ddc0bd6016d91f41ac2d98f5c6c
69d2bf582ea969a1f55e3bb0a97a8fda33b8e871381bd51575a935920f3d096d,1426,28238,2021-03-23T18:00:00,TREND_DOWN,VOL_COMPRESSION,TREND_DOWN -> VOL_COMPRESSION,2021-03-22T19:00:00,23,2021-03-22T19:00:00,23,23,1,507ee1d7732fb26651c226281278c2768010e9d36d52e2e3f07d37ed24be15db
5fcdf0c4336d9b65946a231f51cc21f0c55c0ba4f6a0945c434a2d9cfa7534ea,1427,28239,2021-03-23T19:00:00,VOL_COMPRESSION,TREND_DOWN,VOL_COMPRESSION -> TREND_DOWN,2021-03-23T18:00:00,1,2021-03-23T18:00:00,1,1,1,36ac4756326ab95f35e639ee1fc126579349a44814e576e9cc9692cd3906e9a9
c12d9b11f210821a73ab83a9bb2a38d4af892dea603cfda501d45769b466761a,1428,28242,2021-03-23T22:00:00,TREND_DOWN,VOL_COMPRESSION,TREND_DOWN -> VOL_COMPRESSION,2021-03-23T19:00:00,3,2021-03-23T19:00:00,3,3,1,a6cedc90567bd7c7cfd35d2b5b2c4ea9676005603d8034a17d1f99bdd674c472
4022e07a14dfe647930a08b6a6b821d9321a5eed341cf42b95862b8ce4ced246,1429,28244,2021-03-24T00:00:00,VOL_COMPRESSION,TREND_DOWN,VOL_COMPRESSION -> TREND_DOWN,2021-03-23T22:00:00,2,2021-03-23T22:00:00,2,2,1,0af9d6161c4ec6ca71b73b25599eb0ff4c93e82b788350d5ada47e30edfb6a01
050f8b04c824ac73debcada9ebc29f3cb2fad26bdb7a28542ba5a4d884e13b0f,1430,28249,2021-03-24T05:00:00,TREND_DOWN,VOL_COMPRESSION,TREND_DOWN -> VOL_COMPRESSION,2021-03-24T00:00:00,5,2021-03-24T00:00:00,5,5,1,ee328acf6358991892b73ffa4d7593e055b5d703cf3246adfa55a48859f1a86b
fa10729629978aef7cebefa7821c60f7378eb308d0b77f1a12b4cc73cb9acabc,1431,28250,2021-03-24T06:00:00,VOL_COMPRESSION,TREND_DOWN,VOL_COMPRESSION -> TREND_DOWN,2021-03-24T05:00:00,1,2021-03-24T05:00:00,1,1,1,a46f24eb8d9c6388ed827967d6b869a46c967f5f7bafd451e03bb1caff775fa0
66db4c2c44a53ddb227dc34f886aa7b5c17a237db86d54241ac1676dd3bed312,1432,28254,2021-03-24T10:00:00,TREND_DOWN,RANGE,TREND_DOWN -> RANGE,2021-03-24T06:00:00,4,2021-03-24T06:00:00,4,4,1,1fad946b0a0a8b2965aaf6e4bf5327c8bfb253eaa7fbb8e92ef10930a10a1693
4097f60db215758bbdf413f07c1bb56514ec6e126b61b588232948861bdf8aee,1433,28255,2021-03-24T11:00:00,RANGE,VOL_COMPRESSION,RANGE -> VOL_COMPRESSION,2021-03-24T10:00:00,1,2021-03-24T10:00:00,1,1,1,2f945e3d9a6c8f19d9c1228d1ad33c21c3c2a8d5c0cdaa381ac985c2153d1b54
2ba55780f8cd3618629a0287c1565fceaf908e7b576a563ee8d822b1520a2119,1434,28262,2021-03-24T18:00:00,VOL_COMPRESSION,TREND_UP,VOL_COMPRESSION -> TREND_UP,2021-03-24T11:00:00,7,2021-03-24T11:00:00,7,7,1,b2b786666ba9778659f8c9de780c154a0a9f20d2287e7fa13f7a65d5922ab3f7
204531920c08de18e897f0d5fb12ea1dc12577f608dd8dc7714f74dcbda15c3d,1435,28263,2021-03-24T19:00:00,TREND_UP,TREND_DOWN,TREND_UP -> TREND_DOWN,2021-03-24T18:00:00,1,2021-03-24T18:00:00,1,1,1,cd2717ab4645db5c79c97d847b415976f0317e7435cf77b36dbfdbec54b6ad01
5ab40a7fbe293ae7d21a10cb78d458f6588cebc60b08ca97df788c073fef898d,1436,28302,2021-03-26T10:00:00,TREND_DOWN,RANGE,TREND_DOWN -> RANGE,2021-03-24T19:00:00,39,2021-03-24T19:00:00,39,39,1,d46758977fe03da2d9d5d724c189895b4abeafb2ae09fc2e2ebe87d8b55c33a1
354218f6c504c55163943dab54cbbcb1d6c9e65e9b562205af507c2a92a8276b,1437,28304,2021-03-26T12:00:00,RANGE,TREND_DOWN,RANGE -> TREND_DOWN,2021-03-26T10:00:00,2,2021-03-26T10:00:00,2,2,1,bf69370853788924237d280629aa2cb2d450c3628fa8e16eaceb8c497c55491e
02a3539e505f5402350a86e95007efaf6f54524e7d581988dcb06f111e7083fa,1438,28306,2021-03-26T14:00:00,TREND_DOWN,RANGE,TREND_DOWN -> RANGE,2021-03-26T12:00:00,2,2021-03-26T12:00:00,2,2,1,ac6a826cdd87d5c2a710ba14f3724e24dc172a63fc664c4da5bd30fdd0c91568
8207ec5bb4e717a7fa5ff29510da4482192e285b6c4467743dc3387e390c5009,1439,28307,2021-03-26T15:00:00,RANGE,VOL_COMPRESSION,RANGE -> VOL_COMPRESSION,2021-03-26T14:00:00,1,2021-03-26T14:00:00,1,1,1,e284e3427f39a4510690a46bd33400e560f2c96dede83667da16221510327b66
f765a1da970c34cfa8e2caca5386eb8f227c2d7d41b77f379c83728fd5fab053,1440,28308,2021-03-26T16:00:00,VOL_COMPRESSION,RANGE,VOL_COMPRESSION -> RANGE,2021-03-26T15:00:00,1,2021-03-26T15:00:00,1,1,1,0d0e528be095543917317241b8fcd1fe4c0564ac75358507d513a4650ed1e0e5
47131ccc080c99acc6ab274dc4f7ec1072645da0d44c7e225d8efcbc66a87421,1441,28310,2021-03-26T18:00:00,RANGE,VOL_COMPRESSION,RANGE -> VOL_COMPRESSION,2021-03-26T16:00:00,2,2021-03-26T16:00:00,2,2,1,44a97f89c4eee197e874d1eec15df4ab9468e2e6825d044c469b0b37367cc03d
0bdfe44fd2f5defc2bfceb29f1741c22a299fc5b84fce83b271edddab5dcc1ba,1442,28373,2021-03-29T09:00:00,VOL_COMPRESSION,TREND_UP,VOL_COMPRESSION -> TREND_UP,2021-03-26T18:00:00,63,2021-03-26T18:00:00,63,63,1,90978ad1620224191498c8f15233b599407cc37cc1414a81f874c3b71607391e
408dbb8117099d26b8d43fbe3f13d652880572f296c46f42dfa613ad6c6f6a04,1443,28374,2021-03-29T10:00:00,TREND_UP,VOL_COMPRESSION,TREND_UP -> VOL_COMPRESSION,2021-03-29T09:00:00,1,2021-03-29T09:00:00,1,1,1,9af60f151cbfc1aed86fe5ab38fd0cb88ff3b8ec1430c042834e9930e6b16739
2f9e4f6a0e5e16aafb63c9d2d6211722f2b5cdc793d69ccb1d4f7c9817dd0105,1444,28420,2021-03-31T08:00:00,VOL_COMPRESSION,TREND_UP,VOL_COMPRESSION -> TREND_UP,2021-03-29T10:00:00,46,2021-03-29T10:00:00,46,46,1,8e2f40ef846e1bac595e8e773ab0d400a0ad37dbf750d150d04da2fde0041955
cf28ec203a9b94eefff90d0935343ea9bf656b2b3c7b0254a35eb7f22473fbd1,1445,28426,2021-03-31T14:00:00,TREND_UP,VOL_COMPRESSION,TREND_UP -> VOL_COMPRESSION,2021-03-31T08:00:00,6,2021-03-31T08:00:00,6,6,1,ff6184ff74c9fa54e74540e2378757c35f4f16da28299137d2676a842339b5b8
d4869e5b683e7b40281203dececab5e988474463e88ca7d7aedde1354b3f652a,1446,28428,2021-03-31T16:00:00,VOL_COMPRESSION,TREND_UP,VOL_COMPRESSION -> TREND_UP,2021-03-31T14:00:00,2,2021-03-31T14:00:00,2,2,1,8353e056ecd3b706da8234cf3ad1e3e4fb986006c7880067afbd9a10a8e8c3bd
c2de6ee1a2b150b2ff8e7bc74705e4118f764f6abb2f4f6c19256c6fd557dbbb,1447,28429,2021-03-31T17:00:00,TREND_UP,VOL_COMPRESSION,TREND_UP -> VOL_COMPRESSION,2021-03-31T16:00:00,1,2021-03-31T16:00:00,1,1,1,d5129a38ed7e40ed53ac01839ebd0b26f842e56a5cbcdc7b77ae1dba02d1e4c9
c43fc710952a480628269388f36db0626b85ff8a0655aa1577da2d6a257d30ae,1448,28431,2021-03-31T19:00:00,VOL_COMPRESSION,TREND_UP,VOL_COMPRESSION -> TREND_UP,2021-03-31T17:00:00,2,2021-03-31T17:00:00,2,2,1,acce2bbd7f2b5762f9671007e9e4e78bc56fb5ebad4d524339a6c980b473adb5
c5d0f3fff252bf7f2a6bf0e2f45ffb1aede4b53d3811c64e25a79b6488ce9b02,1449,28433,2021-03-31T21:00:00,TREND_UP,VOL_COMPRESSION,TREND_UP -> VOL_COMPRESSION,2021-03-31T19:00:00,2,2021-03-31T19:00:00,2,2,1,e6ceabf183523c3ffd72623aa28f227d9e738f7bfadbb58d303d1de13d1755b5
90ed930e3a211933e8beb2ace130930d85ae4f782f08a1f79ed463e89f108e61,1450,28591,2021-04-07T11:00:00,VOL_COMPRESSION,TREND_DOWN,VOL_COMPRESSION -> TREND_DOWN,2021-03-31T21:00:00,158,2021-03-31T21:00:00,158,158,1,ca855f19aa04c01e462fa97e92ffc367d50966ab3b3ed591a77a4f8ebe9194c4
4b420337835d5876e7b53462f7e8a7be607fc328cc0e0a7e269c6d31135fc518,1451,28596,2021-04-07T16:00:00,TREND_DOWN,VOL_COMPRESSION,TREND_DOWN -> VOL_COMPRESSION,2021-04-07T11:00:00,5,2021-04-07T11:00:00,5,5,1,77cc6d3894f0f66e9de29f0e55a5ea99d22b70c11f115dc21c2f3961abd43b39
84e306f014b440c7ef19b05d65b734c17c23fd5efaa4089ead14a229fa545eef,1452,28761,2021-04-14T13:00:00,VOL_COMPRESSION,TREND_UP,VOL_COMPRESSION -> TREND_UP,2021-04-07T16:00:00,165,2021-04-07T16:00:00,165,165,1,0ad4ee9236ea1acdd24beb8f460c4a7dea819df02faec776c1c0613722cf0fed
64d54af20cfffbdd7e9f84925e3d78fec73c18d738ece04b7e534fc394d7f517,1453,28768,2021-04-14T20:00:00,TREND_UP,RANGE,TREND_UP -> RANGE,2021-04-14T13:00:00,7,2021-04-14T13:00:00,7,7,1,0c04949dc8c4b5a19cb139145f6970ea23ab1fd56e816b00fb19ccbbe8fb9910
c25c7e79357a2d21b5bdb105ce54eb730b0c7c7f1eeb9c79f345ec7975f95ed1,1454,28771,2021-04-14T23:00:00,RANGE,TREND_UP,RANGE -> TREND_UP,2021-04-14T20:00:00,3,2021-04-14T20:00:00,3,3,1,d8d5d75c4d94f1c00f49698a176fc44c78fb7bc6c618424e9a6ec8f9c941b36b
63aacecdeefff2e765e5ac5d9b37fadce248766793da88c52ceec2b8926dfbb9,1455,28773,2021-04-15T01:00:00,TREND_UP,VOL_COMPRESSION,TREND_UP -> VOL_COMPRESSION,2021-04-14T23:00:00,2,2021-04-14T23:00:00,2,2,1,a5052ff8de2fff7cfde630d8d240cddf923204041415925bde7acd2fc3297191
05be1938219ef4744cbf08a6876f71e555cd5f828471748531f6f2d3d4bde20f,1456,28810,2021-04-16T14:00:00,VOL_COMPRESSION,TREND_DOWN,VOL_COMPRESSION -> TREND_DOWN,2021-04-15T01:00:00,37,2021-04-15T01:00:00,37,37,1,ecbf343a5a3c6be787558c60d1c17df43435aa7edcb12437dfdb61993fedddde
c107669aceb2a64eaef860245f23229e5ff31c6b3e04e3cb89f952e44198e912,1457,28811,2021-04-16T15:00:00,TREND_DOWN,VOL_COMPRESSION,TREND_DOWN -> VOL_COMPRESSION,2021-04-16T14:00:00,1,2021-04-16T14:00:00,1,1,1,002c3602f72088db8c8d04a329dac261c3f6019e5ef8da9f3176ee1b567743f0
29aaca519a6746715a22b554013e83e340b349cfe8db89983cecaccceb827f28,1458,28847,2021-04-18T03:00:00,VOL_COMPRESSION,VOL_EXPANSION,VOL_COMPRESSION -> VOL_EXPANSION,2021-04-16T15:00:00,36,2021-04-16T15:00:00,36,36,1,ffb6dbb4045b623595ecb70f9cf3a881b4709ed8e5556dcc4e14e19713d5f848
6f81500ab851c7cb0c8cd453ab8db53eb1a461f67399d44bedc9be3ea75c3d99,1459,28852,2021-04-18T08:00:00,VOL_EXPANSION,TREND_DOWN,VOL_EXPANSION -> TREND_DOWN,2021-04-18T03:00:00,5,2021-04-18T03:00:00,5,5,1,970e54c5fa829a3bfdb3d8a9a0c2f67d6519ebd47ce3e1c6c38618fc0bd3e799
e017ef6b4a9bba0114237358c36db337c3f9b1003d5ab3ab3b9885b8f2a7f184,1460,28877,2021-04-19T09:00:00,TREND_DOWN,VOL_COMPRESSION,TREND_DOWN -> VOL_COMPRESSION,2021-04-18T08:00:00,25,2021-04-18T08:00:00,25,25,1,81e309a15e78b318a413a3a45abe2e70d2083189380abbb086d77f691a530467
3024e306a098d52bfe2526ce98e17bcaaf983dd41d220ccac2a1df8ece1cfe38,1461,28879,2021-04-19T11:00:00,VOL_COMPRESSION,TREND_DOWN,VOL_COMPRESSION -> TREND_DOWN,2021-04-19T09:00:00,2,2021-04-19T09:00:00,2,2,1,90992a68aa05aa3921d3ad446424fbe6fbb3cc1898f644fd4aacd0a4029b7c26
80ef43c32ab90ef97082ef5d9a9e32a4dcb85a6359e2cfae281375142686a482,1462,28912,2021-04-20T20:00:00,TREND_DOWN,RANGE,TREND_DOWN -> RANGE,2021-04-19T11:00:00,33,2021-04-19T11:00:00,33,33,1,d8631e51c86447e36f9ef764c1e09618794d606a6a42074c10fac04749fd691f
c74cf60c740d9dd83f99e2cb2a792322a6925e32d76fce997ecc78be784c3ff3,1463,28918,2021-04-21T02:00:00,RANGE,TREND_DOWN,RANGE -> TREND_DOWN,2021-04-20T20:00:00,6,2021-04-20T20:00:00,6,6,1,82017dc0c54c5a998be09a32d2939726c3b4dc279ac87dbf2beddd329d1465fa
c8eaedb1aa9d677f7781fecc6d070b2fe24f1e478ac2f9abd79458150be4a417,1464,28935,2021-04-21T19:00:00,TREND_DOWN,VOL_COMPRESSION,TREND_DOWN -> VOL_COMPRESSION,2021-04-21T02:00:00,17,2021-04-21T02:00:00,17,17,1,0e4606d503075b57ab4c8e923bbd2110bdb115e4f5379d113eb7c9b71502da46
8a8ea93d43a59f5c131b1e5ea272ac56d7bd08ae9c18c517b26e3571bd98f7e1,1465,28938,2021-04-21T22:00:00,VOL_COMPRESSION,TREND_DOWN,VOL_COMPRESSION -> TREND_DOWN,2021-04-21T19:00:00,3,2021-04-21T19:00:00,3,3,1,a2b10f975a83aeda543c52f8e5e102dbf1bb1172e1362ca97f2b350d42299352
d987acfdc30f779e9cb958df755e9ce6335b6fb482dd857af8f88d0acb68008c,1466,28966,2021-04-23T02:00:00,TREND_DOWN,VOL_EXPANSION,TREND_DOWN -> VOL_EXPANSION,2021-04-21T22:00:00,28,2021-04-21T22:00:00,28,28,1,566b81d1b07beb0862a814f14cfdc8e2c79b87a178afcaff0cb88339351dd7e7
d85e09420e316c1b769196f221e7278599bc31b39e0cb3da47f38ff6e80e1bd1,1467,28971,2021-04-23T07:00:00,VOL_EXPANSION,TREND_DOWN,VOL_EXPANSION -> TREND_DOWN,2021-04-23T02:00:00,5,2021-04-23T02:00:00,5,5,1,0c38574cdf92fd35cbfb0bc9ef0f5a51cda47efe16abec609a33320aad47cf7e
bfc7b923a82c18923b18850f36e5a6819bcc02fd00bc0d5b231cdd3a4fb667ab,1468,29009,2021-04-24T21:00:00,TREND_DOWN,VOL_COMPRESSION,TREND_DOWN -> VOL_COMPRESSION,2021-04-23T07:00:00,38,2021-04-23T07:00:00,38,38,1,537857c802331364c2f900ed5fe4cc074946ff54994ee8c86447d0126e51ae7e
8f72b34e586db0426a5985f90cca6c1bcac408049ed78139908c8bd9d04063ff,1469,29021,2021-04-25T09:00:00,VOL_COMPRESSION,TREND_DOWN,VOL_COMPRESSION -> TREND_DOWN,2021-04-24T21:00:00,12,2021-04-24T21:00:00,12,12,1,399ccacc87bc2945ad1105e3ed4db64364c56aa89714c7fad8280da529d25aaa
47d4950f1b2b855a48176e71d64b7fb51c88f4892cff386254d46d79f8b508e5,1470,29024,2021-04-25T12:00:00,TREND_DOWN,VOL_COMPRESSION,TREND_DOWN -> VOL_COMPRESSION,2021-04-25T09:00:00,3,2021-04-25T09:00:00,3,3,1,ef2547fdf2cd441f4f8eebb3472ec6630a62f0fccc06bee69610f093842705d4
4f24a0dd456c8d3300bdbf34979e619c2e20831176de77c5abee8337cb5c365e,1471,29032,2021-04-25T20:00:00,VOL_COMPRESSION,TREND_DOWN,VOL_COMPRESSION -> TREND_DOWN,2021-04-25T12:00:00,8,2021-04-25T12:00:00,8,8,1,573a06bf5d1a3ba29c28dc0402eca1fa3493d6bbccd7e4a0e70a99c744c56d21
60bedb2709f9ebb7afc3534c0a09f6d4a51dda0a493a0152a495bfe73585e7a1,1472,29038,2021-04-26T02:00:00,TREND_DOWN,RANGE,TREND_DOWN -> RANGE,2021-04-25T20:00:00,6,2021-04-25T20:00:00,6,6,1,35b39e25a2fcb4d2c0848883a162cb33db82f4a90aa27d374f7223dfd35ccf94
899b74ce1d97d235475a93633ace355e429a2084143f3ca7543d0847828f9356,1473,29040,2021-04-26T04:00:00,RANGE,TREND_UP,RANGE -> TREND_UP,2021-04-26T02:00:00,2,2021-04-26T02:00:00,2,2,1,a293d007903a6252c6fa49eb7293903f9279f7d566cc7185764f6160df336497
c697327e754ece043efcf859e86f22ca9aba897ba5866c511a852597ee0b631f,1474,29051,2021-04-26T15:00:00,TREND_UP,VOL_COMPRESSION,TREND_UP -> VOL_COMPRESSION,2021-04-26T04:00:00,11,2021-04-26T04:00:00,11,11,1,9311475b748495de589e0b49b31fb3e20ffa5f0577d9e30557272af57833b74d
25f6daf81c82dd4ee1b08cd5ef0c0491782292df26179afc51df511f38fdb003,1475,29052,2021-04-26T16:00:00,VOL_COMPRESSION,TREND_UP,VOL_COMPRESSION -> TREND_UP,2021-04-26T15:00:00,1,2021-04-26T15:00:00,1,1,1,67af79b04c0d26d252ced03c7ead058ee143127bc629b462c254269c9b71a05e
900501696488693568cd5615a1f8ded89c4fb072323b02cde83924ef7bd59dcd,1476,29062,2021-04-27T02:00:00,TREND_UP,VOL_COMPRESSION,TREND_UP -> VOL_COMPRESSION,2021-04-26T16:00:00,10,2021-04-26T16:00:00,10,10,1,5ef4b0f80ea89c5c52fdb7cb9e432a9c328ec30597a5b32c16962cdda83d0a7e
61e34a1649dda47bf281bf5df726a48ab39c710941c481d46c936df5aabb78f2,1477,29104,2021-04-28T20:00:00,VOL_COMPRESSION,TREND_UP,VOL_COMPRESSION -> TREND_UP,2021-04-27T02:00:00,42,2021-04-27T02:00:00,42,42,1,effd52638b1846f84bdefb63366b392e198a2ee09da03bcc6c1f6884451a44a9
56fb6483765cacf957c509f19451f920229ec604d6cfd78315ff841841ae1e59,1478,29109,2021-04-29T01:00:00,TREND_UP,VOL_COMPRESSION,TREND_UP -> VOL_COMPRESSION,2021-04-28T20:00:00,5,2021-04-28T20:00:00,5,5,1,d321e534479407de187d48a3ae9273e4fde2a41d55dff42eb96f14ff89a4a68d
981406af0a544e796fa990a0b153628f485986fd217b5782c5f95659c5f744af,1479,29148,2021-04-30T16:00:00,VOL_COMPRESSION,TREND_UP,VOL_COMPRESSION -> TREND_UP,2021-04-29T01:00:00,39,2021-04-29T01:00:00,39,39,1,aee7e0bbd862864af67dedbb0d9b7aa5caa33bd820376908ef11ed5a9fbac8c4
ef28c63e813ed0e8fbb4f4ef4b62493720eb57da682c4f0734687b75419d5ead,1480,29150,2021-04-30T18:00:00,TREND_UP,VOL_COMPRESSION,TREND_UP -> VOL_COMPRESSION,2021-04-30T16:00:00,2,2021-04-30T16:00:00,2,2,1,3aacf603bb5392f37e9422593fce3a65228e42f1f42cdecf8404c0f094022b84
ae354d97d24f85f42e0594e8c47242bcd0c36fae0f18fc998b8b356568da3656,1481,29228,2021-05-04T00:00:00,VOL_COMPRESSION,RANGE,VOL_COMPRESSION -> RANGE,2021-04-30T18:00:00,78,2021-04-30T18:00:00,78,78,1,cb3f1629bbb7cfb684f3bfeda259149e70a48e01bdf0922d811d350c48ed777d
d301bb460102ab3c4072bf900120c13ac87df1c6c8a00df61a99248d97d7da89,1482,29230,2021-05-04T02:00:00,RANGE,TREND_DOWN,RANGE -> TREND_DOWN,2021-05-04T00:00:00,2,2021-05-04T00:00:00,2,2,1,9a84d3f42d050b2bd26752d4c30b266d4348976494be07d60b9439e6c7e7460b
78595ee51a3911b982528a879647acb78da52099cc8cb28f0d70014bb791d4a8,1483,29235,2021-05-04T07:00:00,TREND_DOWN,VOL_COMPRESSION,TREND_DOWN -> VOL_COMPRESSION,2021-05-04T02:00:00,5,2021-05-04T02:00:00,5,5,1,95bc23253efb9f4af8f42741652edad4603403bee775ce66718eb38fe10f858c
c4f4781d3c6a2e645d988a128ff9fe668cb2892e082f975121cb7ffe6e22c7ea,1484,29241,2021-05-04T13:00:00,VOL_COMPRESSION,TREND_DOWN,VOL_COMPRESSION -> TREND_DOWN,2021-05-04T07:00:00,6,2021-05-04T07:00:00,6,6,1,55ffe0cd9e992a2e5dbd7f13ad534df64b417f8712f566b4c4e0af69acb7e2af
f173bef69d2ec0f0b7995a64a321b9167e30a967f4579027d34a2561d36d5532,1485,29266,2021-05-05T14:00:00,TREND_DOWN,RANGE,TREND_DOWN -> RANGE,2021-05-04T13:00:00,25,2021-05-04T13:00:00,25,25,1,af44e5cf5b978048c9c2a82210d5d2ed25506cc502ec54ff4a782e2e364db7c9
4c1fcc1989dc4ad3f927fcd8a48b485d9306e5adaa625027093969a4d80d6afa,1486,29270,2021-05-05T18:00:00,RANGE,TREND_UP,RANGE -> TREND_UP,2021-05-05T14:00:00,4,2021-05-05T14:00:00,4,4,1,c4e42d98de5ab1ec3a6ea014e806d663fbe9aa9da848e62250f35345e72a31cb
b92660d4c5ca52c6ffe86cff7a7fac859db70a61b9e714ce7a37dd1f9769e8d9,1487,29273,2021-05-05T21:00:00,TREND_UP,VOL_COMPRESSION,TREND_UP -> VOL_COMPRESSION,2021-05-05T18:00:00,3,2021-05-05T18:00:00,3,3,1,9b044bf05822bc2f6d96ee4b03015c5f1e1a1f47ce5240e6cb97e0c9ec2c8008
b939d3d3952f3f585c29d48cd18a4b816434c0a30477af02c00a5d0be7a08ff2,1488,29276,2021-05-06T00:00:00,VOL_COMPRESSION,TREND_UP,VOL_COMPRESSION -> TREND_UP,2021-05-05T21:00:00,3,2021-05-05T21:00:00,3,3,1,327ec6b9359b025fb416e937419a91791432c2bc16dd2ae2f23c19c71df4a12f
d80d27c730d2fd9c8f215713a6c63c8002e21e873b04054190d5e5b46399b27d,1489,29278,2021-05-06T02:00:00,TREND_UP,VOL_COMPRESSION,TREND_UP -> VOL_COMPRESSION,2021-05-06T00:00:00,2,2021-05-06T00:00:00,2,2,1,3fe9377000251d309306af8ffd7a5cb45b623c5d1c66e31d0dc5ea30ef73aa87
ccc547eba4dd24627054e5fb1f38bb9f48f47e6f146827cb19054daf1ba6dfb0,1490,29294,2021-05-06T18:00:00,VOL_COMPRESSION,TREND_UP,VOL_COMPRESSION -> TREND_UP,2021-05-06T02:00:00,16,2021-05-06T02:00:00,16,16,1,acc1c6d11c000042e38ad6fcfdbf94135112e86c8d33745b1f2c99581ec1ff66
6e8eb2be5407dfeb6292c2e565ea96d2759515304392ff8794e7d241e4fa56e7,1491,29295,2021-05-06T19:00:00,TREND_UP,RANGE,TREND_UP -> RANGE,2021-05-06T18:00:00,1,2021-05-06T18:00:00,1,1,1,e18d49e5b58b85cfefa98fc5eb9c98ff576b9616e022ad9688ffe3815984d77b
f2f05bca3bceff8629291d6ca4f70b2290a58c31044daf10a57c9f451b5dad4a,1492,29299,2021-05-06T23:00:00,RANGE,VOL_COMPRESSION,RANGE -> VOL_COMPRESSION,2021-05-06T19:00:00,4,2021-05-06T19:00:00,4,4,1,1fa4b3708842afffea2d663abd36ec4206fa6cc91c610e89ea4fc5976b3056f9
e1fee1fc83f2ca9ec0e95a386a06ae026049ea9682f787bbb3285f0f291b7b7d,1493,29300,2021-05-07T00:00:00,VOL_COMPRESSION,RANGE,VOL_COMPRESSION -> RANGE,2021-05-06T23:00:00,1,2021-05-06T23:00:00,1,1,1,ad1a5c124f0066b63685c4d155bc206d9320c9680a2a633c4dadb31dbb812dfd
4c25ccf710d704e9f3b786fda6229637dc05eade85c9d02c4ee2d3e6a37bd2e2,1494,29303,2021-05-07T03:00:00,RANGE,TREND_DOWN,RANGE -> TREND_DOWN,2021-05-07T00:00:00,3,2021-05-07T00:00:00,3,3,1,2cab134931e8062fa768a63918d1e4215b17577056803402d11f56b74581bcef
7954f2e6c0ae5967a5fd5db3825fe32091138a0cd669f404c9a40c8e86f2d2dc,1495,29305,2021-05-07T05:00:00,TREND_DOWN,VOL_COMPRESSION,TREND_DOWN -> VOL_COMPRESSION,2021-05-07T03:00:00,2,2021-05-07T03:00:00,2,2,1,a18576fac3c05f547dfeb89df56e8cf4809542230f49d8dea10da831a2a5f987
03de0a057b42f50cea4ef5d20805d61cbfe23f53d9b39240e6a6733c0180708c,1496,29313,2021-05-07T13:00:00,VOL_COMPRESSION,TREND_UP,VOL_COMPRESSION -> TREND_UP,2021-05-07T05:00:00,8,2021-05-07T05:00:00,8,8,1,8cf3bed730022119ab98fe441e4831222a5ae01789b8419eda0a06a45dc2c168
ad6f1c02332d6a84907055150e508fe60c51383e55b62bf3ccc451d45b2ebbc3,1497,29321,2021-05-07T21:00:00,TREND_UP,VOL_COMPRESSION,TREND_UP -> VOL_COMPRESSION,2021-05-07T13:00:00,8,2021-05-07T13:00:00,8,8,1,810d6e25e4c35517b84d985d339752c9b299d1a058b0db26dc629dbcb7232b11
129131b0e090e795a2fe46582f93776f968b84e851c10aa7e689a77c70b17110,1498,29322,2021-05-07T22:00:00,VOL_COMPRESSION,TREND_UP,VOL_COMPRESSION -> TREND_UP,2021-05-07T21:00:00,1,2021-05-07T21:00:00,1,1,1,ce556276989d937641b904930ae5f5655b5f9b30e24b06650d42ffc49eba98c2
f912716f2877ff21bdd7e160893c5e8412ac2635311595bd03c64dcd70780e7c,1499,29323,2021-05-07T23:00:00,TREND_UP,VOL_COMPRESSION,TREND_UP -> VOL_COMPRESSION,2021-05-07T22:00:00,1,2021-05-07T22:00:00,1,1,1,2d5f8e211ebcb60885bc19ae1d78993f29aee1625483fd058bbc25ddda5a06e4
8bcf9e1a3215a8bdb9f41e7bd42b8e64f2e974bae595e5230cbaeda0a4dce04e,1500,29339,2021-05-08T15:00:00,VOL_COMPRESSION,TREND_UP,VOL_COMPRESSION -> TREND_UP,2021-05-07T23:00:00,16,2021-05-07T23:00:00,16,16,1,4af1dfd87f76f842c68a3f6313becbb8ffa6694ccaa12884b3b23d28222faf10
a3b598e7a65a5216d58598c972d666528d92f0324345fec6375273a5ccc665eb,1501,29343,2021-05-08T19:00:00,TREND_UP,VOL_COMPRESSION,TREND_UP -> VOL_COMPRESSION,2021-05-08T15:00:00,4,2021-05-08T15:00:00,4,4,1,61752514a54408e197af3b26ded385a52b40145d2eca7f34d950f7eaaa0a6366
de839c69d6aa4aab2b2a6e46d2592e65a04a8a6663775962218b667a535c1eed,1502,29352,2021-05-09T04:00:00,VOL_COMPRESSION,TREND_UP,VOL_COMPRESSION -> TREND_UP,2021-05-08T19:00:00,9,2021-05-08T19:00:00,9,9,1,34ab21afdfb7636972c48b7dea5d1e0009444b04a734f6d30a1bd36f631d6a1e
1d062c16977e68cc638e594f8c111a110740f9b46340b03dfd1d0b9c53976d7f,1503,29353,2021-05-09T05:00:00,TREND_UP,VOL_COMPRESSION,TREND_UP -> VOL_COMPRESSION,2021-05-09T04:00:00,1,2021-05-09T04:00:00,1,1,1,a6c3654e8805810ed00d51345862afce0817481f3dc19ecd2c4b48d7c8592510
83daeaf3ec372c3b34a0574e22f5b982bee18d89ed07b20aa4bcf5a3334b6dd8,1504,29360,2021-05-09T12:00:00,VOL_COMPRESSION,RANGE,VOL_COMPRESSION -> RANGE,2021-05-09T05:00:00,7,2021-05-09T05:00:00,7,7,1,15fe00c1358bb0646b222725bc089b85a3a1d29a2e2449bed39370909f9014ac
f76268a16adcc7b954bcdb1620449acafc6c44299f444c0ace82f3bd8aa7453e,1505,29363,2021-05-09T15:00:00,RANGE,VOL_COMPRESSION,RANGE -> VOL_COMPRESSION,2021-05-09T12:00:00,3,2021-05-09T12:00:00,3,3,1,a76018d2f4245b75096accb531c2936c80b7c594598638f75e9661b0b188bd14
932f80111ed9d53ac7fb0c253fd16afdef83ad4191347c274c54586387067fea,1506,29387,2021-05-10T15:00:00,VOL_COMPRESSION,RANGE,VOL_COMPRESSION -> RANGE,2021-05-09T15:00:00,24,2021-05-09T15:00:00,24,24,1,ecaa2998a93f7cad21a22190faedd997e7186c322f6ce1264c92f8637146cb75
2ef00b0f443b1be3749a7e13391ad7a4de2698cc28df3a7ab906034177836c96,1507,29389,2021-05-10T17:00:00,RANGE,TREND_DOWN,RANGE -> TREND_DOWN,2021-05-10T15:00:00,2,2021-05-10T15:00:00,2,2,1,3eced009013e09877d422437019a1473ac62a6db05aa53cc3b2ed843cf1b8aa6
36867503334b027ca8faefb84a6a28f6c809f1042c787e8f0eb21313ed04fe59,1508,29414,2021-05-11T18:00:00,TREND_DOWN,VOL_COMPRESSION,TREND_DOWN -> VOL_COMPRESSION,2021-05-10T17:00:00,25,2021-05-10T17:00:00,25,25,1,8dde00c7d9718b0bbf37cab134adc1468240f44fee5c7e0aaffcd1d31b8ab038
e4d400b9c5cef54a933a4d179d7831aeaeaee8f00ee9ccf2f1d404bf29967bd6,1509,29435,2021-05-12T15:00:00,VOL_COMPRESSION,TREND_DOWN,VOL_COMPRESSION -> TREND_DOWN,2021-05-11T18:00:00,21,2021-05-11T18:00:00,21,21,1,00beaf5869402d474380300732e385f68f27be59a278b22dfc2d5de7878b8e2e
cd4cfdf2c9b99f6c4d8e4e4cdc09895ef8721147a5daa19162fbf62fddd1b4ec,1510,29443,2021-05-12T23:00:00,TREND_DOWN,VOL_EXPANSION,TREND_DOWN -> VOL_EXPANSION,2021-05-12T15:00:00,8,2021-05-12T15:00:00,8,8,1,c8ee58014b0f8258c789408a3fc9a883b8bfe7c184a67b595807254bff406f81
17746421bbeee278b1daa64a16bc807df5957ab01fa07210befa50f016cf5e5b,1511,29444,2021-05-13T00:00:00,VOL_EXPANSION,HIGH_VOL,VOL_EXPANSION -> HIGH_VOL,2021-05-12T23:00:00,1,2021-05-12T23:00:00,1,1,1,44e2e45d5fa5478b736914806dbbb084a4311b264a507efcfc7759b562eba591
5f3af995bf160dd8b21e4c6f36a651f86b98679830e3a67aaca6f1ecf5c02d1e,1512,29447,2021-05-13T03:00:00,HIGH_VOL,VOL_EXPANSION,HIGH_VOL -> VOL_EXPANSION,2021-05-13T00:00:00,3,2021-05-13T00:00:00,3,3,1,db7b388e510e76aaf4d4e20d37a508551ac71abd40c36cd18597f6c972284884
76fb7943bb240a005a1582e099cb53e8e39111954cf5e293e67554ebd7537d17,1513,29448,2021-05-13T04:00:00,VOL_EXPANSION,TREND_DOWN,VOL_EXPANSION -> TREND_DOWN,2021-05-13T03:00:00,1,2021-05-13T03:00:00,1,1,1,08f9a927a0fb2b6216ba971964b17201236a82f5f1a81dfdbb312708e19e8079
ef6afc66502c9c35b3a8d135ad79568fdbe82138b6af0420cdfa72175f733dc6,1514,29463,2021-05-13T19:00:00,TREND_DOWN,VOL_EXPANSION,TREND_DOWN -> VOL_EXPANSION,2021-05-13T04:00:00,15,2021-05-13T04:00:00,15,15,1,450533aa1683896daa9c383941c9301e94c07e01b9015b6bd0ec68b2cc6645f8
05010c934d82969666e62517e94c2cc38f87fb37c3c3f2274f0d3f868fe0408b,1515,29465,2021-05-13T21:00:00,VOL_EXPANSION,TREND_DOWN,VOL_EXPANSION -> TREND_DOWN,2021-05-13T19:00:00,2,2021-05-13T19:00:00,2,2,1,99f795687e7a237827d9976cfc573c0c311dad63e8e097d63c952b2fea763923
fbcad74ae71f011c099615069d03cfc21859957116d0459ad97a0eb283f7104d,1516,29535,2021-05-16T19:00:00,TREND_DOWN,VOL_EXPANSION,TREND_DOWN -> VOL_EXPANSION,2021-05-13T21:00:00,70,2021-05-13T21:00:00,70,70,1,b3c70ef41c352a3e72419bbb1177c5092541e2e926efb2a74848df16c508c08a
1acf7b2f2f4e7713c8fee1c4120ca03b8650544a6a8d318db9de5cfe23f2c428,1517,29540,2021-05-17T00:00:00,VOL_EXPANSION,TREND_DOWN,VOL_EXPANSION -> TREND_DOWN,2021-05-16T19:00:00,5,2021-05-16T19:00:00,5,5,1,47e1d3b03756829a13e8a9f1e2a662199fc9518fc3a60068b0de3070c8b39426
89d74412fcd2a05f91fe9bc9d569cb0bc56976be58e921c0b7e9a06c4b554420,1518,29545,2021-05-17T05:00:00,TREND_DOWN,VOL_EXPANSION,TREND_DOWN -> VOL_EXPANSION,2021-05-17T00:00:00,5,2021-05-17T00:00:00,5,5,1,b30d26bd2c23b7f68ea860552ecbe9e6470029ab11c6f438c0c0a14532b23a84
38a2e1021fa7ee970c5ccabe713794c09057486f596e3c6ef1fcec72f3afb8c5,1519,29548,2021-05-17T08:00:00,VOL_EXPANSION,TREND_DOWN,VOL_EXPANSION -> TREND_DOWN,2021-05-17T05:00:00,3,2021-05-17T05:00:00,3,3,1,4098bef65c0acdb247cce9019bfadc0f50dad090aae0809c698e32ada3130c15
da9f6d0484c3a4972d4f7f93405f1248b97875f8724d2e4279ff868bca14bc0e,1520,29564,2021-05-18T00:00:00,TREND_DOWN,VOL_EXPANSION,TREND_DOWN -> VOL_EXPANSION,2021-05-17T08:00:00,16,2021-05-17T08:00:00,16,16,1,d630328950ff8c837ce36d3b433d0c73232d5de0fd31723e7c70a1336a00b88e
c1f3dff36c6b787187df8e13c50771186ed5d307b6ac5dba51b0c3efeac7e151,1521,29566,2021-05-18T02:00:00,VOL_EXPANSION,TREND_DOWN,VOL_EXPANSION -> TREND_DOWN,2021-05-18T00:00:00,2,2021-05-18T00:00:00,2,2,1,4a60fa0d4680966cb7f2fa464e5a4e3b2072a6069deeec15d6b15f30b59b2563
9ab125ec3edaf930a94e28979ab8aff593cd91a5fbc69e7229a88f854952699a,1522,29589,2021-05-19T01:00:00,TREND_DOWN,VOL_EXPANSION,TREND_DOWN -> VOL_EXPANSION,2021-05-18T02:00:00,23,2021-05-18T02:00:00,23,23,1,fcd09f5610100801e8ecff789477d57ac6a3ac87e314863d6a20b17d07b06b26
ec423cc749a9f1acb19f2e3f1b04771c3a94058b9e166ee230f86aa3b7446f9f,1523,29594,2021-05-19T06:00:00,VOL_EXPANSION,TREND_DOWN,VOL_EXPANSION -> TREND_DOWN,2021-05-19T01:00:00,5,2021-05-19T01:00:00,5,5,1,d32e37eb6f42d7d5559fd3b0029e498654aa33dcf9a927a9f55c38acf42c1a52
d3c1365fb4c4ade5e01872816a9043abd8acfa81a718821b5dea2524c7c470c7,1524,29595,2021-05-19T07:00:00,TREND_DOWN,VOL_EXPANSION,TREND_DOWN -> VOL_EXPANSION,2021-05-19T06:00:00,1,2021-05-19T06:00:00,1,1,1,8883d8b065cf6edf98c081bf69f60774a53a6955d24bdc2f10de1866bc65f9d2
025777d33cb02670650988da200a38e7b95a2dcc8d545341c4983b030165047f,1525,29597,2021-05-19T09:00:00,VOL_EXPANSION,TREND_DOWN,VOL_EXPANSION -> TREND_DOWN,2021-05-19T07:00:00,2,2021-05-19T07:00:00,2,2,1,a66d38d0b4d1277e30e5fd524f46487fbe37c9ec72a2a991d44b8dcd4fbb23bc
f49e17b55d4e2dc509a6a1873682a7659e0197ee631fbbb23489ea115d2ea002,1526,29599,2021-05-19T11:00:00,TREND_DOWN,VOL_EXPANSION,TREND_DOWN -> VOL_EXPANSION,2021-05-19T09:00:00,2,2021-05-19T09:00:00,2,2,1,36a661f506e26f45b82ac4a4af076690ccf1efc594cf57700c2219355cd0e7af
2a531b692143160be066e4933ae603523d7cdf5f5913e25144d547621ae3925a,1527,29600,2021-05-19T12:00:00,VOL_EXPANSION,HIGH_VOL,VOL_EXPANSION -> HIGH_VOL,2021-05-19T11:00:00,1,2021-05-19T11:00:00,1,1,1,a0bcc7d7cd745bb0b0f9ac4b04cb48679d8d909b4b48f7d1ec612a44315ab86a
9b260cce2d94a9f79b81ae54f2058d91717072640f9956af02d0c05245836c69,1528,29622,2021-05-20T10:00:00,HIGH_VOL,TREND_DOWN,HIGH_VOL -> TREND_DOWN,2021-05-19T12:00:00,22,2021-05-19T12:00:00,22,22,1,5a90ad4995cad48ec688a3ef1734d263a4af0eccc8bb8104927b6b8e849ff67a
59f3561e6edb48497d325c927221eb3e525e3262e7aecbb3c7e3f4ec4770bd93,1529,29625,2021-05-20T13:00:00,TREND_DOWN,RANGE,TREND_DOWN -> RANGE,2021-05-20T10:00:00,3,2021-05-20T10:00:00,3,3,1,9cbf526ac6f2b6df76497e4008ff8367fb5ba76e18e366b078c0c37c0e1c7cfc
e297a5bd9820d181bcb4f26738bafb87f5964a92c6d3b5ca61516f6fd5dbfd64,1530,29628,2021-05-20T16:00:00,RANGE,HIGH_VOL,RANGE -> HIGH_VOL,2021-05-20T13:00:00,3,2021-05-20T13:00:00,3,3,1,9bed019c2ef645ff00075ff25b77808c3cc0c3e125fd7d5f8356534315682a78
acfe93badd04df8575e20cb7b13b954209bd6f1ddf1f065a1cdbf9e907f146a1,1531,29630,2021-05-20T18:00:00,HIGH_VOL,TREND_DOWN,HIGH_VOL -> TREND_DOWN,2021-05-20T16:00:00,2,2021-05-20T16:00:00,2,2,1,7595871aace715df255738a512147d20c9c8bc18000c42a9058651f04ba240be
caebdb6724b1a39e621f6785452d33617c2a8718552a900bac863ddca23def88,1532,29636,2021-05-21T00:00:00,TREND_DOWN,RANGE,TREND_DOWN -> RANGE,2021-05-20T18:00:00,6,2021-05-20T18:00:00,6,6,1,5f5f8a3f566dd24b7200ee24bccbf0d4a7c5f112da62bb7475d90a4a6bf98379
b735882258a58ae33b9f4ed399284ed2b3451f142ee0522953ab4b7c4a79480f,1533,29641,2021-05-21T05:00:00,RANGE,TREND_DOWN,RANGE -> TREND_DOWN,2021-05-21T00:00:00,5,2021-05-21T00:00:00,5,5,1,3851d84a49eb11bb51ef457c568db5a6cf3788c8097703d909fd15b383f2cd7b
4f5d9b6027e9eb91cfb0ab8e1d0b4c59b015e7a3cd85bb196713316c2ea004be,1534,29648,2021-05-21T12:00:00,TREND_DOWN,RANGE,TREND_DOWN -> RANGE,2021-05-21T05:00:00,7,2021-05-21T05:00:00,7,7,1,8b32790fd6dad435163e8b9a93c23cbcdcc62293395fc3541395e05e619fba17
90f0f65560d2647b4e53d1dff7def0b2fcc3d356cb6b090f25bcccc1797ae58d,1535,29650,2021-05-21T14:00:00,RANGE,HIGH_VOL,RANGE -> HIGH_VOL,2021-05-21T12:00:00,2,2021-05-21T12:00:00,2,2,1,0e175192a66a412393f7097ccdb33649299cd76c520f047f73a1caae0147962b
fda197ab1ab939ad2c743b9e0cce35d73b6f3b14c9d2673f18c7b0bedb649e4c,1536,29654,2021-05-21T18:00:00,HIGH_VOL,VOL_EXPANSION,HIGH_VOL -> VOL_EXPANSION,2021-05-21T14:00:00,4,2021-05-21T14:00:00,4,4,1,eadd2daf484252f28b20fa5d54e2ce6023c84c6cafae8ff6de2f4eb367d7fe70
9ba63b97baf8496b2885c9757ef054f1a3457c5099a92eaf927e77def5f38ac4,1537,29655,2021-05-21T19:00:00,VOL_EXPANSION,HIGH_VOL,VOL_EXPANSION -> HIGH_VOL,2021-05-21T18:00:00,1,2021-05-21T18:00:00,1,1,1,b9afe621661b9f6233e3942f96d8c4ed16a8358940c073ebd00d486ed5476283
3b8e2c586949317ec20edb5bb4f17ad06ea3222b597c303edb5e2ad08e8cacfe,1538,29660,2021-05-22T00:00:00,HIGH_VOL,TREND_DOWN,HIGH_VOL -> TREND_DOWN,2021-05-21T19:00:00,5,2021-05-21T19:00:00,5,5,1,358fc8ca45028986823e57a59c1e6cddb6b145cd4d20f910875e854035fdbdb7
e7942b8b22284f526ce4c8210d309d14fa2ea524953f404674869ec1790b2cd0,1539,29692,2021-05-23T08:00:00,TREND_DOWN,VOL_EXPANSION,TREND_DOWN -> VOL_EXPANSION,2021-05-22T00:00:00,32,2021-05-22T00:00:00,32,32,1,66c75320dd3777af849a669c4edf247d96259bfa1aa72a4c2a3cdea904b1af96
ba5b8944f2b86a0547fcb44772257bfdaa739e23f5588fa43032f934ac774833,1540,29698,2021-05-23T14:00:00,VOL_EXPANSION,HIGH_VOL,VOL_EXPANSION -> HIGH_VOL,2021-05-23T08:00:00,6,2021-05-23T08:00:00,6,6,1,a3c8714c81209c6c438431c218bec205f5bfc6f9fcfe1dbde5e3565ca68e948f
e66c311e05c97a27f03dae4b73b875568cabb58978ebbe38a23c91e7009567cb,1541,29699,2021-05-23T15:00:00,HIGH_VOL,VOL_EXPANSION,HIGH_VOL -> VOL_EXPANSION,2021-05-23T14:00:00,1,2021-05-23T14:00:00,1,1,1,2df09d6f49583df60fdf865f04d692ba6ab08b0a55655bc1181d3db86f5ba6de
c94b38f6d626a73633b5fc3a007f0e713cc08ba663b2555e8caac9ba620be2f7,1542,29700,2021-05-23T16:00:00,VOL_EXPANSION,HIGH_VOL,VOL_EXPANSION -> HIGH_VOL,2021-05-23T15:00:00,1,2021-05-23T15:00:00,1,1,1,a028848d4e074ef40c11f9c8ba66719859329402a86bf5d45e7b13b7c4431fd3
547dc4c6da05fec95f236d8a7c480c2349f5a906bd50ca153f1aacd61f5ef293,1543,29705,2021-05-23T21:00:00,HIGH_VOL,TREND_DOWN,HIGH_VOL -> TREND_DOWN,2021-05-23T16:00:00,5,2021-05-23T16:00:00,5,5,1,a06553ec90862999848747d4cfcf289242655078c4e65d4d59cd6533e3f02a29
e8e45d41a310906ea0bd3c4a6b670e850484da9785b67f7de9b4b228840cce69,1544,29717,2021-05-24T09:00:00,TREND_DOWN,RANGE,TREND_DOWN -> RANGE,2021-05-23T21:00:00,12,2021-05-23T21:00:00,12,12,1,2bc5078a672bbaf7a1ed6178fcb9df329800b6a31856339a357a98e8ea2c2865
817f6e898ec9ce88c49ef419a68136ec4bf25fd63c83ca3945aac37fad43cd1f,1545,29724,2021-05-24T16:00:00,RANGE,TREND_UP,RANGE -> TREND_UP,2021-05-24T09:00:00,7,2021-05-24T09:00:00,7,7,1,2da273f8eb0ef750f9d6fd597f241b89e83d883a08849d2d927f04b63535a4d8
bcad5345184caa00a7d73306c1b7e250db1c4e65ec937dbd8f1e9266e94591b4,1546,29727,2021-05-24T19:00:00,TREND_UP,VOL_EXPANSION,TREND_UP -> VOL_EXPANSION,2021-05-24T16:00:00,3,2021-05-24T16:00:00,3,3,1,cebe7e7d5fcd890568adec4702b7e43fe1255ff48ba88be8ac46743d10811283
b9cd1819f407b65e165bfbe771c7e204d34bc832b6a3cf292b2d0e39cb9b9935,1547,29731,2021-05-24T23:00:00,VOL_EXPANSION,TREND_UP,VOL_EXPANSION -> TREND_UP,2021-05-24T19:00:00,4,2021-05-24T19:00:00,4,4,1,c5a000bf747e1cdb862f7fc9f6ed207fddd24938b3b86286ecdd9d74a53c582f
90939123d33aa626e9c9c7e4b808a8dcb3cabd5f3d6c08b118bb7a6bf6b4e1db,1548,29745,2021-05-25T13:00:00,TREND_UP,RANGE,TREND_UP -> RANGE,2021-05-24T23:00:00,14,2021-05-24T23:00:00,14,14,1,7f51917732964fca0c2849cbc4bca5ecf315d75423e31fb4369cb087947c1d34
2c21ce99b49a43ad43c9c1388c7e39b9bfb078dd5f5e41ea33e9070844b7af77,1549,29747,2021-05-25T15:00:00,RANGE,TREND_UP,RANGE -> TREND_UP,2021-05-25T13:00:00,2,2021-05-25T13:00:00,2,2,1,29bf47880bb40f34845f5cb44302f86cae0c598c64cd74a5106a19616bdb4b7e
62afa4546ebe322a566babd5a5f2e07da71647cee45a0114eb91c905a6e4e22a,1550,29782,2021-05-27T02:00:00,TREND_UP,RANGE,TREND_UP -> RANGE,2021-05-25T15:00:00,35,2021-05-25T15:00:00,35,35,1,e7ff4bd9a2d88b296a172636ae50d5886a856f9f21ceffe5906b354a7ee2c558
0b2badafdf2421eeadb3ee48b1a0534e09976ae6afe01edc87aec88467c8b357,1551,29789,2021-05-27T09:00:00,RANGE,TREND_UP,RANGE -> TREND_UP,2021-05-27T02:00:00,7,2021-05-27T02:00:00,7,7,1,228d375b08ca9f4eab5c4dbda3a30b6e8724bfa1c5a3cd38396e7ae7a0219697
69e498fc2d7d39c8ce5541a449be13489daedb7011fc2a6354e127f3de3f7d4b,1552,29803,2021-05-27T23:00:00,TREND_UP,RANGE,TREND_UP -> RANGE,2021-05-27T09:00:00,14,2021-05-27T09:00:00,14,14,1,536e9c0c358168933400533080b2eef89f0028e75531cbfe8bf3ad38529b272b
7865c40baeb24fc4863de9c25694d1a7c10ee1183aea77dfa23308a9b2efd4da,1553,29808,2021-05-28T04:00:00,RANGE,TREND_DOWN,RANGE -> TREND_DOWN,2021-05-27T23:00:00,5,2021-05-27T23:00:00,5,5,1,c25f57454bc68c7facb933e901be676257dcb82c484eafd3bfe5e3847fca4e36
1eb1dea42c644bd7f7b9657c1a9ea338ac145aeca3227618d85725d07ab5ee93,1554,29816,2021-05-28T12:00:00,TREND_DOWN,VOL_EXPANSION,TREND_DOWN -> VOL_EXPANSION,2021-05-28T04:00:00,8,2021-05-28T04:00:00,8,8,1,094a6a72ca5363808f102151878ff93dfa4f73edb12d6e8a8bf09b9663b8786b
9e5f5dbdc0a1498683d5da0e9bcc912c4bdbf7529af9fbbed54c0b341268dd1f,1555,29817,2021-05-28T13:00:00,VOL_EXPANSION,TREND_DOWN,VOL_EXPANSION -> TREND_DOWN,2021-05-28T12:00:00,1,2021-05-28T12:00:00,1,1,1,0de5ca3c42da2eedb661b75f116f21d92024c14d477b12f6840824aae8ec3498
d1ab0eb5cf86494f9d0ef41c95eb7fbbb47a9eb5d2c3a565ec9be3ea032c112d,1556,29861,2021-05-30T09:00:00,TREND_DOWN,RANGE,TREND_DOWN -> RANGE,2021-05-28T13:00:00,44,2021-05-28T13:00:00,44,44,1,aa8e435321fdfd44f9eea74d2a705cfb16b417b0bbb9c8456d7d3e812b7ec2a5
6c4fff8a860329314e5919a7972b0a5bfd79f18ec438c49c0f3b70f4140d97a2,1557,29866,2021-05-30T14:00:00,RANGE,TREND_DOWN,RANGE -> TREND_DOWN,2021-05-30T09:00:00,5,2021-05-30T09:00:00,5,5,1,8af1b5eb314357fcd2556943a9586f57293e4369b0213578c6f71be3a67aff6d
f7a37112c5cea9db37d3a30c20d9a441bdf1da8e08748044d09ec97b0781660a,1558,29871,2021-05-30T19:00:00,TREND_DOWN,RANGE,TREND_DOWN -> RANGE,2021-05-30T14:00:00,5,2021-05-30T14:00:00,5,5,1,bb6e96513eb9f04f2b89929b93895420f7e9623fdf523b0380ab692ba94ea57e
2bb1c19b5b3b840813517b0b22b6f64b1ccc55f0463319e8d67e67c2135dcccc,1559,29876,2021-05-31T00:00:00,RANGE,TREND_DOWN,RANGE -> TREND_DOWN,2021-05-30T19:00:00,5,2021-05-30T19:00:00,5,5,1,ec2e904387020cd84e4d3540db820c19c6f0bb38254620aac6379e9747fa97b4
cbedcf4d9d676b1db7b5fa6bf7c8a6b922fa4afc9a5dfedee04edd8aae3deb76,1560,29886,2021-05-31T10:00:00,TREND_DOWN,RANGE,TREND_DOWN -> RANGE,2021-05-31T00:00:00,10,2021-05-31T00:00:00,10,10,1,41c30c969ba6991994502655a5b5e0e26ebb0c14e9e88273bb4e289a3bc546ab
b002575c08592b6cd418b824259d0fba7c243bf43208c93927dcd9d7e1befcae,1561,29888,2021-05-31T12:00:00,RANGE,TREND_UP,RANGE -> TREND_UP,2021-05-31T10:00:00,2,2021-05-31T10:00:00,2,2,1,ff23fd1f5af7346a0ba07631e0cd627f8ad5de22d326b71568614a0124bd2df1
67bc57399d38a76b774b9c1c2ac237b0e70bf335b5755495f4d92a5a47a52d9b,1562,29912,2021-06-01T12:00:00,TREND_UP,RANGE,TREND_UP -> RANGE,2021-05-31T12:00:00,24,2021-05-31T12:00:00,24,24,1,7fc65ff9b166d0f2b29c874966e62c71631084b0bad92aab559d9b5957599520
eed7a7b8b8c592ceaa77ef325ccd9268a74c92fb00e070e5ee94d8709e43af90,1563,29913,2021-06-01T13:00:00,RANGE,TREND_UP,RANGE -> TREND_UP,2021-06-01T12:00:00,1,2021-06-01T12:00:00,1,1,1,725187e15358e0fdf515272494d9026707ec5b20ad381b5ad746f974b7a6c254
5eaed25fbf33e98d88e745d04235eccc13ac436ab27bd76e365eca43cf24df1a,1564,29918,2021-06-01T18:00:00,TREND_UP,RANGE,TREND_UP -> RANGE,2021-06-01T13:00:00,5,2021-06-01T13:00:00,5,5,1,cf1c93e426f6e36b8b86b6a869e3e03d8f862232c6a7fa5db05fa50567518c40
96711d86a1e69d120b91870bcb0af426dcc6aa5757034b1602bf98d3191fe62a,1565,29923,2021-06-01T23:00:00,RANGE,TREND_UP,RANGE -> TREND_UP,2021-06-01T18:00:00,5,2021-06-01T18:00:00,5,5,1,08c48a667e13ed3d40b783b9f362d895cf34f0a92f11e9bfd932f3940c7dde26
dd1b281a95b2adc1a38dd5a205ba1577cd440aeca4ba0fcdb6dab65772b8a4c7,1566,29933,2021-06-02T09:00:00,TREND_UP,VOL_COMPRESSION,TREND_UP -> VOL_COMPRESSION,2021-06-01T23:00:00,10,2021-06-01T23:00:00,10,10,1,585e5d6a0fb744273253c260a7cb53d3f4c4aed9924afda4ccf4c20e2202f08c
9ecd43db3e689f8748533063d81ae0c148033a2180722a21a9ba8289c397542e,1567,29937,2021-06-02T13:00:00,VOL_COMPRESSION,TREND_UP,VOL_COMPRESSION -> TREND_UP,2021-06-02T09:00:00,4,2021-06-02T09:00:00,4,4,1,b72e87f3d7eda73605e51773409c78b63fcbfee3b5bf6739fc9c864c11f1a50d
162f0bb52d275bb1aa56cece7098ff4f3e4300b4e3f39d861a571228ea4753a3,1568,29941,2021-06-02T17:00:00,TREND_UP,VOL_COMPRESSION,TREND_UP -> VOL_COMPRESSION,2021-06-02T13:00:00,4,2021-06-02T13:00:00,4,4,1,6b77ce6e1a3e5507f2295c9b62f406058a186a318ff9a000304a81504348b009
df1f7c1d28c3591f0cd626c00a9231d828089f6b750bcf25e674bd03bc04d071,1569,29960,2021-06-03T12:00:00,VOL_COMPRESSION,TREND_UP,VOL_COMPRESSION -> TREND_UP,2021-06-02T17:00:00,19,2021-06-02T17:00:00,19,19,1,77b3ebb7d9f45483a075807463c39d0bbf490c11f805f0497819121d6d7968dd
d218873e42bb7d0341a0519726c56315a02c574e9a9136430d8995e1a6eb7289,1570,29965,2021-06-03T17:00:00,TREND_UP,VOL_COMPRESSION,TREND_UP -> VOL_COMPRESSION,2021-06-03T12:00:00,5,2021-06-03T12:00:00,5,5,1,ce91f88d21095a837cbf4bdedf0c33a109b3e072f78e78d4edcbe2c8b6062d79
21a787dd9adaca466251c606d574b9e46c5353e2b5222920cb0a419a2ce9a159,1571,29966,2021-06-03T18:00:00,VOL_COMPRESSION,TREND_UP,VOL_COMPRESSION -> TREND_UP,2021-06-03T17:00:00,1,2021-06-03T17:00:00,1,1,1,640a69acb3431f7f15794adee16ad349be28fca0f872a0cf9e935bca814ab6af
a180ad5e017d1118f8e52fc136da82b4a6ebc4963dff0c75dc3c7e61fe08b4a5,1572,29967,2021-06-03T19:00:00,TREND_UP,VOL_COMPRESSION,TREND_UP -> VOL_COMPRESSION,2021-06-03T18:00:00,1,2021-06-03T18:00:00,1,1,1,c978d963cec73dc0d15527bfd16034d5a99a07e30d11f607ee00b8cede9c716a
a3390b66cb38c66266c43709ba1fb884ec717c61802f800fb6f23d2bb8fa1206,1573,29973,2021-06-04T01:00:00,VOL_COMPRESSION,TREND_UP,VOL_COMPRESSION -> TREND_UP,2021-06-03T19:00:00,6,2021-06-03T19:00:00,6,6,1,d27719bb969823e820e5386e9970b87cb866c1e192f07d74dedd74a049a2d10c
eb7652f6b1707a9fe3c2780359de3983ea493b0e71d41aede828f33d8ab0006f,1574,29977,2021-06-04T05:00:00,TREND_UP,RANGE,TREND_UP -> RANGE,2021-06-04T01:00:00,4,2021-06-04T01:00:00,4,4,1,06f9a06e466fb4b37aa513bb5f6af77b71207bce78086ada8fa9792ce81d48e2
43d3c764f2c7b8484371fdb8541cd166c42070a76f5184a9d0bc3a6ac9eb55ef,1575,29982,2021-06-04T10:00:00,RANGE,TREND_DOWN,RANGE -> TREND_DOWN,2021-06-04T05:00:00,5,2021-06-04T05:00:00,5,5,1,c0eabf5c2c84cc783ee6ed730ebac2c443321863be348b1b2d9bf2b64ee67b4b
3007f3b2b84e0de577e181cca6506f69110b384b8747d52aa518fa54507436f6,1576,29994,2021-06-04T22:00:00,TREND_DOWN,VOL_COMPRESSION,TREND_DOWN -> VOL_COMPRESSION,2021-06-04T10:00:00,12,2021-06-04T10:00:00,12,12,1,6e6590c68fd3c839fc72518aa78f428852a3beddde69621ad411407571e13e3c
9a446d586529f400b7729e2ca5926231ef36855ca6ef539544df59956048413f,1577,29995,2021-06-04T23:00:00,VOL_COMPRESSION,TREND_DOWN,VOL_COMPRESSION -> TREND_DOWN,2021-06-04T22:00:00,1,2021-06-04T22:00:00,1,1,1,9ee0e686535f7b1b0cb2dc9dc21639e84e54ab95278243a75ccb0096969a3085
de658598a6f9b484f932c69d702287aa6bf84dbccade34632c9c327a0ac800a2,1578,29999,2021-06-05T03:00:00,TREND_DOWN,RANGE,TREND_DOWN -> RANGE,2021-06-04T23:00:00,4,2021-06-04T23:00:00,4,4,1,fc3483a9a41650cbf5bd926268e74269384187646a3d411e88fbebb46a4eaca3
a565cd4e5ef042d960f9a329c3dce856a4531d98ad6cd4a026043731c49e5d23,1579,30001,2021-06-05T05:00:00,RANGE,VOL_COMPRESSION,RANGE -> VOL_COMPRESSION,2021-06-05T03:00:00,2,2021-06-05T03:00:00,2,2,1,ec771f6a0571c82c88d6e079eb0b5353875437dcbfd4d88e7a50e046eb017828
89c6dda36a8215b0722ef717a7d34e16e56937a8fe29897ca06b9b053c5635db,1580,30005,2021-06-05T09:00:00,VOL_COMPRESSION,TREND_DOWN,VOL_COMPRESSION -> TREND_DOWN,2021-06-05T05:00:00,4,2021-06-05T05:00:00,4,4,1,81aabfca31401afab2598a4437ce4af25bf65357c2b8124de250fe7dd9bc0a59
2d9caab2cc1286ed44e59e74183ae827dd1eb7ad85440ffbc83be36a5db1a5e7,1581,30029,2021-06-06T09:00:00,TREND_DOWN,VOL_COMPRESSION,TREND_DOWN -> VOL_COMPRESSION,2021-06-05T09:00:00,24,2021-06-05T09:00:00,24,24,1,2ed82d8c81675d87ab27b617554b442e3e44f6344f96766cae77649f203b60ad
5d42ea71337f05d5aaa8f1de0bb74186d0b850b8d7152f46bd5a24c304524c55,1582,30034,2021-06-06T14:00:00,VOL_COMPRESSION,TREND_DOWN,VOL_COMPRESSION -> TREND_DOWN,2021-06-06T09:00:00,5,2021-06-06T09:00:00,5,5,1,03180dbfcc713a396df5505f4e639855f6b101586ba33d7ed107f87ea8581763
b2f59f1a00063b3684c455f761bed888d2c5c67959cb22a3d8f411cd18bd3a17,1583,30036,2021-06-06T16:00:00,TREND_DOWN,VOL_COMPRESSION,TREND_DOWN -> VOL_COMPRESSION,2021-06-06T14:00:00,2,2021-06-06T14:00:00,2,2,1,b52e252e91aef7eb5a9042cc25f8287a46425a951d4a15d1f9ff89c6a0f41e23
7d9079581784a57f7ca1ffb7b2e19ec84f09409091d9ca9748d0f59a084c59a6,1584,30044,2021-06-07T00:00:00,VOL_COMPRESSION,TREND_DOWN,VOL_COMPRESSION -> TREND_DOWN,2021-06-06T16:00:00,8,2021-06-06T16:00:00,8,8,1,ef20935ae8d76bf105f78793c3eb4b7012f49d14aebc38dfff697f14e9d66d94
7a147a236462e3492db253789f6b93fde7a23a16cfe672b375698f592b2cae89,1585,30046,2021-06-07T02:00:00,TREND_DOWN,VOL_COMPRESSION,TREND_DOWN -> VOL_COMPRESSION,2021-06-07T00:00:00,2,2021-06-07T00:00:00,2,2,1,02b3ef6a1022e6a99e9258213dcd99add911773ca7bb88fb49a0d5b1506ee9b0
c566d132eb8fc97af22675f4d5e02ffbd529c2cd787680108dd458109c18bb6b,1586,30064,2021-06-07T20:00:00,VOL_COMPRESSION,TREND_DOWN,VOL_COMPRESSION -> TREND_DOWN,2021-06-07T02:00:00,18,2021-06-07T02:00:00,18,18,1,a6dfb013334199818d9b135ed31791dbb8de9eb942dc958f8a55076c4d953aa3
3a95ab31270c5e77ccd25af61853b0cb7d5bcabbd7bf26397a2c54fe19929d99,1587,30101,2021-06-09T09:00:00,TREND_DOWN,RANGE,TREND_DOWN -> RANGE,2021-06-07T20:00:00,37,2021-06-07T20:00:00,37,37,1,3c02b2f32eba0c69b674d9d661472b642897352c95edada681130cd99a1e1f3c
ef7b123d67799774ec785e10c74c2670aa552bd256cc8626320aa05a1b708eac,1588,30107,2021-06-09T15:00:00,RANGE,TREND_UP,RANGE -> TREND_UP,2021-06-09T09:00:00,6,2021-06-09T09:00:00,6,6,1,d7271bc2c91f108e05bbdbbfd639d72edf0aca6b89cc5ae742d31218de201903
d46e10167def7b8bc2d842d1e58e160e25f99d9e37ed626ecab26bab199fb03f,1589,30160,2021-06-11T20:00:00,TREND_UP,VOL_COMPRESSION,TREND_UP -> VOL_COMPRESSION,2021-06-09T15:00:00,53,2021-06-09T15:00:00,53,53,1,2a98d516e486125b88c77b0ce45eb1101cdf2cd9ac26ce135996256e9434d40c
1fe3a5987d5081b78f4280238941862c3eff6b3a83628ead431533b9172e63b3,1590,30161,2021-06-11T21:00:00,VOL_COMPRESSION,TREND_UP,VOL_COMPRESSION -> TREND_UP,2021-06-11T20:00:00,1,2021-06-11T20:00:00,1,1,1,d268400557eebc107da7b50d2c9ca2b3c3f710b4de3306742b375f2beb3c43de
9b5167621bd253fb6ae9e27052ecf5d605a3d20bc33e7f80e6007fbdb719e80d,1591,30167,2021-06-12T03:00:00,TREND_UP,RANGE,TREND_UP -> RANGE,2021-06-11T21:00:00,6,2021-06-11T21:00:00,6,6,1,b22ec015cc07545c279496a64a5cdc3b841c476389be0081def738a98fcd79ee
34b877326d3bf2a826f98078f87819406499679cdfe8ba6e363324bf24a4cefb,1592,30170,2021-06-12T06:00:00,RANGE,TREND_DOWN,RANGE -> TREND_DOWN,2021-06-12T03:00:00,3,2021-06-12T03:00:00,3,3,1,b7e209b53af151102da09a15bb095d3854e9e60196a5ca88052a0b8afa62b8c1
6609de34925b1421132a64ef4d3512b83d8a541284d7fd8a8b671532898a3ad8,1593,30183,2021-06-12T19:00:00,TREND_DOWN,VOL_COMPRESSION,TREND_DOWN -> VOL_COMPRESSION,2021-06-12T06:00:00,13,2021-06-12T06:00:00,13,13,1,087cd672e1809665265ec2760c842ecb2172ed2b104359c682df613f29207654
da487374ab4200f7990fb5771065ce4db3bce244066dceeaca766d120f26a18d,1594,30191,2021-06-13T03:00:00,VOL_COMPRESSION,TREND_DOWN,VOL_COMPRESSION -> TREND_DOWN,2021-06-12T19:00:00,8,2021-06-12T19:00:00,8,8,1,4a79eaef934ba273e392c04c7c7ea60209e6505d0835cd75bf57a234428fe84b
33e227c3e800ba6b82d86b689a2582c6bed1727604bf697a44406207bce7789d,1595,30195,2021-06-13T07:00:00,TREND_DOWN,VOL_COMPRESSION,TREND_DOWN -> VOL_COMPRESSION,2021-06-13T03:00:00,4,2021-06-13T03:00:00,4,4,1,34ce8fac3ab74cf56a959e679ec0bec28f72ca17a510558d0cd0dbc89a37a0b2
d8a7d46893737c786fb34ef57497088d359ff81b8bd9b3a8b7922156c8687b61,1596,30196,2021-06-13T08:00:00,VOL_COMPRESSION,TREND_DOWN,VOL_COMPRESSION -> TREND_DOWN,2021-06-13T07:00:00,1,2021-06-13T07:00:00,1,1,1,da5f752f4eb3fa069ccb7aedd38561030a1e7421d9899cd89f65001948af7ef1
8794cc756a41f0521ad217148eabd3270bd64723d6c1e32ceb93663b262f6d31,1597,30197,2021-06-13T09:00:00,TREND_DOWN,VOL_COMPRESSION,TREND_DOWN -> VOL_COMPRESSION,2021-06-13T08:00:00,1,2021-06-13T08:00:00,1,1,1,8e0d85ac19cf61a606ec46607b992bda714b91acb97861d2c9138932093c8e54
801c8384d9b8751b7ab8be0c8c1dff0251126bb210953cc4379b63c7f74f51fc,1598,30204,2021-06-13T16:00:00,VOL_COMPRESSION,RANGE,VOL_COMPRESSION -> RANGE,2021-06-13T09:00:00,7,2021-06-13T09:00:00,7,7,1,631aed3362c3cd2ee40bc2255884f354e5e6d9f82bb2320c03bbf01ff16b0c66
90ebe5e22d63ac671666dfa9d1567a50fedc1f0d36685e18489639040d558856,1599,30205,2021-06-13T17:00:00,RANGE,TREND_UP,RANGE -> TREND_UP,2021-06-13T16:00:00,1,2021-06-13T16:00:00,1,1,1,172950cc93cee5ba83b6f82a10222706e7d76d73f23b4bcf6cd43093f47047c9
da85dea74febe560822d2ec475a955ea9827c3b899d84809806ba16a57c3fcc2,1600,30223,2021-06-14T11:00:00,TREND_UP,VOL_COMPRESSION,TREND_UP -> VOL_COMPRESSION,2021-06-13T17:00:00,18,2021-06-13T17:00:00,18,18,1,676e99d0e73ac34b3788a019a92e893c45fe566fc162a74b1cf452dd797f9fe0
9ccf3a1d5f25ce0cc0e52890340c16dbab16fba56d8177df5600b5aefb6cb809,1601,30224,2021-06-14T12:00:00,VOL_COMPRESSION,TREND_UP,VOL_COMPRESSION -> TREND_UP,2021-06-14T11:00:00,1,2021-06-14T11:00:00,1,1,1,111d026851a99cd98ac4f9539564d2c075762081b5e6ff851422dc2a40b7eddb
210bf92cd81dfd0339dd24c1c7520c10e20b438402975e780b9c10b40ed972fd,1602,30240,2021-06-15T04:00:00,TREND_UP,VOL_COMPRESSION,TREND_UP -> VOL_COMPRESSION,2021-06-14T12:00:00,16,2021-06-14T12:00:00,16,16,1,d29155963b2874b144987bc3864a7756cb8563005c4c782ff2232b89b37566d0
46318b094c8d5d476e8542e192d90bf7c663182f8377caa7f5fd5567d04ff0cf,1603,30245,2021-06-15T09:00:00,VOL_COMPRESSION,TREND_UP,VOL_COMPRESSION -> TREND_UP,2021-06-15T04:00:00,5,2021-06-15T04:00:00,5,5,1,8626aeebd18dc82a1a3f4221350984f4733d15795adc6770f007da43662968d6
a9b52e765b096efa45f854a0bc6843587a1939f8aee382355f9e4f1967360e5c,1604,30246,2021-06-15T10:00:00,TREND_UP,VOL_COMPRESSION,TREND_UP -> VOL_COMPRESSION,2021-06-15T09:00:00,1,2021-06-15T09:00:00,1,1,1,58d1835e47d061deb75e328231a6098ea49f393b79045e98029c036feed5391e
05dd95f438a3bd53589d969925bbd7e7c8873bdd5f6a38df769a7278c44021d0,1605,30254,2021-06-15T18:00:00,VOL_COMPRESSION,TREND_UP,VOL_COMPRESSION -> TREND_UP,2021-06-15T10:00:00,8,2021-06-15T10:00:00,8,8,1,f851990a8501f7a4089a8fdbeb14ddcf54f5d9d7228f7d7914211909f74a2447
c2d322f3a3a5bbcea3a2e711d03088c5296f86449853e85cc17a134ddccab454,1606,30259,2021-06-15T23:00:00,TREND_UP,VOL_COMPRESSION,TREND_UP -> VOL_COMPRESSION,2021-06-15T18:00:00,5,2021-06-15T18:00:00,5,5,1,5ab5ef618b0a407d68afc16e7715cbf47fb3bcacdd7661de4953e183e3b9c8ba
4745ee3e4109038666df9e20fe8bf35f8f14194ee6bdd857855482eeb298e6ae,1607,30274,2021-06-16T14:00:00,VOL_COMPRESSION,RANGE,VOL_COMPRESSION -> RANGE,2021-06-15T23:00:00,15,2021-06-15T23:00:00,15,15,1,03a3b3e57882ec6f218d98695415c20d06c188d093cbf8e4079cc4c747568eb5
7167f603c3e011d683e2649c35422aa238a0222adbe9fc4d2883016ff96853f5,1608,30275,2021-06-16T15:00:00,RANGE,VOL_COMPRESSION,RANGE -> VOL_COMPRESSION,2021-06-16T14:00:00,1,2021-06-16T14:00:00,1,1,1,b9cf0ef9dbefe45b7d53f25ed46cdaac082149251e2b301b738c35aa82d117c4
056a2161d75015a68b591fff6053ac08e67357e1305ee1520843a212230ad962,1609,30276,2021-06-16T16:00:00,VOL_COMPRESSION,RANGE,VOL_COMPRESSION -> RANGE,2021-06-16T15:00:00,1,2021-06-16T15:00:00,1,1,1,df597a9cf19cb2b0d553b1d20c8fa274199d1f5ca6275702b1cc580514a564c9
4e40713e4df2d5780a099458a2c6d868f275d30d526c644f7dd8569ee158daaa,1610,30278,2021-06-16T18:00:00,RANGE,TREND_DOWN,RANGE -> TREND_DOWN,2021-06-16T16:00:00,2,2021-06-16T16:00:00,2,2,1,bafd989519c009a6619d95d0cb7339a4c88a37cec6d4620237766b2ba74e1679
615e0c792e43419f6a917b977d282f1c091de6311122b2738f72b47f2ffe5bc3,1611,30286,2021-06-17T02:00:00,TREND_DOWN,VOL_COMPRESSION,TREND_DOWN -> VOL_COMPRESSION,2021-06-16T18:00:00,8,2021-06-16T18:00:00,8,8,1,5c0ec3e224bef53f4d339605992dcf02c3e6f226caa51a725333f682542f8d6d
3b151f6f86ef83a4ef24e7a73a45692d95630939b2bc7dc90b44ac1e68843e59,1612,30301,2021-06-17T17:00:00,VOL_COMPRESSION,TREND_DOWN,VOL_COMPRESSION -> TREND_DOWN,2021-06-17T02:00:00,15,2021-06-17T02:00:00,15,15,1,bccc604010c5531dc37bcd632b82e5cd4144add9682beb3de986f6acbfda5a1d
f8866a87aeebdd1cf783589dc2027ad9690920e9a8debc1760c068b6b074b83b,1613,30306,2021-06-17T22:00:00,TREND_DOWN,VOL_COMPRESSION,TREND_DOWN -> VOL_COMPRESSION,2021-06-17T17:00:00,5,2021-06-17T17:00:00,5,5,1,8291b405b407702f14e1b28f372ab4539ec974118b2fd80d17f298b243a21c97
27cb3bb97f4347ac34c6457a02749c8579b271b231a82825474e1944c4bebca3,1614,30308,2021-06-18T00:00:00,VOL_COMPRESSION,TREND_DOWN,VOL_COMPRESSION -> TREND_DOWN,2021-06-17T22:00:00,2,2021-06-17T22:00:00,2,2,1,8066f468bdea9b7b416e346e1e1213beb700fdde8413dd1f75de2d8b3143c459
2772b7cd1ec21898e5d0a40250ff53aaf7e6b1c23ef982ed6699e7dd1e62cc4d,1615,30312,2021-06-18T04:00:00,TREND_DOWN,VOL_COMPRESSION,TREND_DOWN -> VOL_COMPRESSION,2021-06-18T00:00:00,4,2021-06-18T00:00:00,4,4,1,d882370fa35b0bec467f5e4ddec2492e504e8ac4565f50c7935bebce03c9736a
cc0e31ccb04e10db8fbdb7d250af525e3a2c9b146ce64b51d8c7e3b7c11510a1,1616,30313,2021-06-18T05:00:00,VOL_COMPRESSION,TREND_DOWN,VOL_COMPRESSION -> TREND_DOWN,2021-06-18T04:00:00,1,2021-06-18T04:00:00,1,1,1,b51980bdaac9bdbdd1f1b6726a48fd288f884c7a2b9e3709775984c408fbe7de
88c19676a9e78eef22a3cce277d067d2babd9f76e5d2497af3a5dbd6cebe2083,1617,30314,2021-06-18T06:00:00,TREND_DOWN,VOL_COMPRESSION,TREND_DOWN -> VOL_COMPRESSION,2021-06-18T05:00:00,1,2021-06-18T05:00:00,1,1,1,5f8604d1f7f0a48ebccb9fd8db1b36fc6010f223b21849acc45e3df94c04bb4d
7ce3244376fad5926fc78c9818cf63085c33261db27e6b186679656758d73159,1618,30318,2021-06-18T10:00:00,VOL_COMPRESSION,TREND_DOWN,VOL_COMPRESSION -> TREND_DOWN,2021-06-18T06:00:00,4,2021-06-18T06:00:00,4,4,1,50704a968ef0801a22229c545050d5a3cc7ea8377c5d8acd29997360caf068dd
94c76da400b4102824357dc74542ecb444d6e34542282a84c16372ae8a2b0641,1619,30343,2021-06-19T11:00:00,TREND_DOWN,VOL_COMPRESSION,TREND_DOWN -> VOL_COMPRESSION,2021-06-18T10:00:00,25,2021-06-18T10:00:00,25,25,1,5d201422c0886e6b47532f27f71c02f94c5447267f3284a67a4ec67bae61a960
86210d7d6fee903484084dfe87d1b13dc2cef4459e2c92068cd67eccd909ae36,1620,30344,2021-06-19T12:00:00,VOL_COMPRESSION,TREND_DOWN,VOL_COMPRESSION -> TREND_DOWN,2021-06-19T11:00:00,1,2021-06-19T11:00:00,1,1,1,8c563ff15ba3b108ed3a937f70075b1cbb0aecfb2b719e24dd15e6ef5da95603
278af21c0b2859effb6a2e6556af0a6a8c70b8723fc65f62ef1a94a36719ce1b,1621,30354,2021-06-19T22:00:00,TREND_DOWN,VOL_COMPRESSION,TREND_DOWN -> VOL_COMPRESSION,2021-06-19T12:00:00,10,2021-06-19T12:00:00,10,10,1,9ba3bf6b758d88cd0135c0900aa3006ff8180ca2d0d7b2a813386570d290facd
e4c9bea28a24270c86b55458166d69ad226f14678ed608cacccceefdf5519c1a,1622,30356,2021-06-20T00:00:00,VOL_COMPRESSION,TREND_DOWN,VOL_COMPRESSION -> TREND_DOWN,2021-06-19T22:00:00,2,2021-06-19T22:00:00,2,2,1,fb22c35682be70d4a931d54b73ddeacf04b365a2adbac4baf46cbc05dc5d39a2
3e0329db03e1b5fe595f09c0de5ded20d521fe751524e6c4f23c1b8573ec0e8d,1623,30359,2021-06-20T03:00:00,TREND_DOWN,VOL_COMPRESSION,TREND_DOWN -> VOL_COMPRESSION,2021-06-20T00:00:00,3,2021-06-20T00:00:00,3,3,1,0b3cfdd995d6ea01f9a9879a256850e0ea7056460d21636cd97302d193f3e542
27dcffc2c74f3bd5b002422cbb327dfba67947e9368da7393086c9246f7f01b9,1624,30366,2021-06-20T10:00:00,VOL_COMPRESSION,TREND_DOWN,VOL_COMPRESSION -> TREND_DOWN,2021-06-20T03:00:00,7,2021-06-20T03:00:00,7,7,1,ba8fc0dadc64eb647d477838f458a3f4ff7a121f91822b598eda2161c4bc7431
9072a3a6ea8beaee28668360ab5bd98d130806ed42fda7b4db46f324edb4451f,1625,30389,2021-06-21T09:00:00,TREND_DOWN,VOL_EXPANSION,TREND_DOWN -> VOL_EXPANSION,2021-06-20T10:00:00,23,2021-06-20T10:00:00,23,23,1,0a9fad2586efa2e1938ef26559a08da53115ff0a6da07dab2683299f15b483bb
a8e5ded8dd470d9092c65c73ac9251b1164fcd4e0257dcd5da2cf45f0f9d01f9,1626,30394,2021-06-21T14:00:00,VOL_EXPANSION,TREND_DOWN,VOL_EXPANSION -> TREND_DOWN,2021-06-21T09:00:00,5,2021-06-21T09:00:00,5,5,1,c101f9582cb5a3b89241442a569ce387fcc32416bdeec4bec4752842a01ee0e7
e576167873f572dde2f0904d76b2fc71762c3c99112d49598ce2ff7874d848b2,1627,30405,2021-06-22T01:00:00,TREND_DOWN,VOL_EXPANSION,TREND_DOWN -> VOL_EXPANSION,2021-06-21T14:00:00,11,2021-06-21T14:00:00,11,11,1,031448d8fb28ae2529143bc9faa2fbf2f45c3d81b1ff5d976438dcc028fa4df1
c151b7e5abde87fd58848b1b010a17a7688b2da272291c6f1412a8faeeeac643,1628,30406,2021-06-22T02:00:00,VOL_EXPANSION,TREND_DOWN,VOL_EXPANSION -> TREND_DOWN,2021-06-22T01:00:00,1,2021-06-22T01:00:00,1,1,1,e7d674ec16338809513e02f7da0bdd0743b127f6ac6a3c2355e1ff4393137b8b
2ab10b9ca1c16f0029662a3835cb4b756a57bce097679f5562e52ecde0e7c706,1629,30416,2021-06-22T12:00:00,TREND_DOWN,VOL_EXPANSION,TREND_DOWN -> VOL_EXPANSION,2021-06-22T02:00:00,10,2021-06-22T02:00:00,10,10,1,7ff082e81374ea4349a9ae08d8286fc99291ff4ea73ccbc30f94d9767169cb1d
68c0746dbe205cc62a4b582dae2317e982cbfa274e55d82d180cec90407b3dff,1630,30423,2021-06-22T19:00:00,VOL_EXPANSION,TREND_DOWN,VOL_EXPANSION -> TREND_DOWN,2021-06-22T12:00:00,7,2021-06-22T12:00:00,7,7,1,721c0becd74d8a9bed94cb6bc17502f188bd6b969498b69ef766af4d37c8a45d
6a26e921fe1606f692a3e71faf4656e0f0b7dc4ace0f2f08116b2ec7fe660fc3,1631,30429,2021-06-23T01:00:00,TREND_DOWN,RANGE,TREND_DOWN -> RANGE,2021-06-22T19:00:00,6,2021-06-22T19:00:00,6,6,1,911c039ea4ca82bb0f9bb0de09e180dcf8534b5cc6d2859bd74f42589c8f5be6
e8fa2cc539b1a6812f17724d796c937b5fbdfad91fa15b38a14f51e52579f62e,1632,30436,2021-06-23T08:00:00,RANGE,TREND_UP,RANGE -> TREND_UP,2021-06-23T01:00:00,7,2021-06-23T01:00:00,7,7,1,1e3801ca651bd0cb1253893d80cda643f976e91540572c37647b745583cce650
4d5f7f0ac060d8bfcc28d6c61035093a4847668f45e9ce1df71cb3648175cf2d,1633,30448,2021-06-23T20:00:00,TREND_UP,RANGE,TREND_UP -> RANGE,2021-06-23T08:00:00,12,2021-06-23T08:00:00,12,12,1,506b804c3a41a713b5757c56f7fccf09d6d0faed410380873b8c2f6df8ccf57b
d09f543dafe04577832a91b2cbd72257049d338ec69478ab9c44448e30ec246d,1634,30454,2021-06-24T02:00:00,RANGE,TREND_DOWN,RANGE -> TREND_DOWN,2021-06-23T20:00:00,6,2021-06-23T20:00:00,6,6,1,7ef49f420ba38ba348b0750191248e71d43557e55655766389b93016c7de45eb
91464de3cc2faac41519d286c5a118fbe68f695506aaecc8c64a2fee4c5b3e3a,1635,30463,2021-06-24T11:00:00,TREND_DOWN,RANGE,TREND_DOWN -> RANGE,2021-06-24T02:00:00,9,2021-06-24T02:00:00,9,9,1,d56c693d2b5a6299d741f12e78bd79c10e8aeed75a032bb6c5d3f7b789805844
180f3897550a5d47b3b5cdaa9ae14295c04c68a5a1fa6d35de8c28204d649b0c,1636,30464,2021-06-24T12:00:00,RANGE,TREND_UP,RANGE -> TREND_UP,2021-06-24T11:00:00,1,2021-06-24T11:00:00,1,1,1,f0e38bd8412eebd26b39426c38e3e8d7da7a326466187a08b3bc2d5b89448666
bbe66d50a9de4e6e6f020c8678e38b66965d21b39294a77bdc42251647db0bc6,1637,30474,2021-06-24T22:00:00,TREND_UP,VOL_COMPRESSION,TREND_UP -> VOL_COMPRESSION,2021-06-24T12:00:00,10,2021-06-24T12:00:00,10,10,1,9a8f557103fccca1ca7245bd4858fc7ef8b62efc6e7a55eb106781be1dd7ddb4
1e43d039ccbca55387bbdbc3008a572c5b7d24802ba31f5f53c0ab74b30fd28c,1638,30476,2021-06-25T00:00:00,VOL_COMPRESSION,TREND_UP,VOL_COMPRESSION -> TREND_UP,2021-06-24T22:00:00,2,2021-06-24T22:00:00,2,2,1,30bf6e3927588341f3f0f7ce5ecda0c2bdf1e62ed99c7353f8feb6665f56a0ee
6cc488b1ee5b2907552b9d891b3c8a9e117f54560a92a511a8a98a558763e8e9,1639,30487,2021-06-25T11:00:00,TREND_UP,RANGE,TREND_UP -> RANGE,2021-06-25T00:00:00,11,2021-06-25T00:00:00,11,11,1,868eec2f8554c7888b1c7e2cdb30e02032d8435e53999335342ce1ae83b8e451
666c436b4301ab72eb85831f921bc77d9bfc216910f04aba5a9efbc631239b9a,1640,30491,2021-06-25T15:00:00,RANGE,TREND_DOWN,RANGE -> TREND_DOWN,2021-06-25T11:00:00,4,2021-06-25T11:00:00,4,4,1,477dd2d7af62066da5409ba87ed24266a411c31574d967bf7f7d9941f7c131f1
d6c16032332817bed93e6c631ec756cbc9fbbae9b92a354bee58ee737dc60b3b,1641,30526,2021-06-27T02:00:00,TREND_DOWN,RANGE,TREND_DOWN -> RANGE,2021-06-25T15:00:00,35,2021-06-25T15:00:00,35,35,1,6d5e03b4db581d1a5cc4ebdd18954e841e50b0be05a62f48680727e0723b35a0
4c48ff3ff95b65ddf3fd6b2a0c007115955b457f704f8abebc66737e2d5379ae,1642,30535,2021-06-27T11:00:00,RANGE,TREND_UP,RANGE -> TREND_UP,2021-06-27T02:00:00,9,2021-06-27T02:00:00,9,9,1,5b57af0af069c72f46780c40e01cd5fab89dede94aa150854e05869e212c66d3
a245a6257739560037127eacc99ebf882656c2e73f7c457e48b4abc76ca8aed1,1643,30592,2021-06-29T20:00:00,TREND_UP,VOL_COMPRESSION,TREND_UP -> VOL_COMPRESSION,2021-06-27T11:00:00,57,2021-06-27T11:00:00,57,57,1,e17e702f8e10c4fa5a9ba546d9fd2c1033b6d85557e052210e113f457f044bb0
be24563e7eca2f2e0e6ea5a7d7b2423bea6474759b2f1ae9bedb03d09b7b23ab,1644,30600,2021-06-30T04:00:00,VOL_COMPRESSION,TREND_UP,VOL_COMPRESSION -> TREND_UP,2021-06-29T20:00:00,8,2021-06-29T20:00:00,8,8,1,a2d02c83827f5659525e648d373e0dcbbd3b9bee2e34c1158c9b7b419e76fe1e
fb32e0e99104cf4d506d3a809944423b5b44b16aa98081fe3957668818aa84ec,1645,30603,2021-06-30T07:00:00,TREND_UP,VOL_COMPRESSION,TREND_UP -> VOL_COMPRESSION,2021-06-30T04:00:00,3,2021-06-30T04:00:00,3,3,1,b1a98e5a667be2c3b9014309f7cc8f277428670e5a0b219ed2e105e999865967
10ce96a43d18e532aa771d6db9a6839efe946fdb3c071cf53ce4b38918c5b77c,1646,30604,2021-06-30T08:00:00,VOL_COMPRESSION,RANGE,VOL_COMPRESSION -> RANGE,2021-06-30T07:00:00,1,2021-06-30T07:00:00,1,1,1,3fb78200919a854ebb46cbb16f44f992e5f42f56e647ad65f2431b7af3f85db1
ae15cd1a4e3b1db7e80b5efdb16f2179e486bff1a24e0883e0f00698fb4aaf95,1647,30609,2021-06-30T13:00:00,RANGE,VOL_COMPRESSION,RANGE -> VOL_COMPRESSION,2021-06-30T08:00:00,5,2021-06-30T08:00:00,5,5,1,deb40f65fd50328b8837f3478356b9fb146d5459648c488aba438e747f0d05b9
8fa6def65d1ef8c7c88625945892fae0f258be30794b58a0bf949fe7c3574fc5,1648,30611,2021-06-30T15:00:00,VOL_COMPRESSION,RANGE,VOL_COMPRESSION -> RANGE,2021-06-30T13:00:00,2,2021-06-30T13:00:00,2,2,1,0df8b723fb218feab676f96294225cf218c89e637fc2f7ac69eb9ac3ccdb64f6
46f33f248668893cf0d9e6b9d00e7deaa10ee5719a2e78c989ca7b47cbafed83,1649,30615,2021-06-30T19:00:00,RANGE,VOL_COMPRESSION,RANGE -> VOL_COMPRESSION,2021-06-30T15:00:00,4,2021-06-30T15:00:00,4,4,1,fa9909b75cf86d8693bf5e05c2851d1a7f5a20bf70c25b52caf074f2560888c4
cdbe8db0156ab0a505305a9e9ca4fd81e9a8f06a28e79fe9d4df8960dada33e2,1650,30616,2021-06-30T20:00:00,VOL_COMPRESSION,RANGE,VOL_COMPRESSION -> RANGE,2021-06-30T19:00:00,1,2021-06-30T19:00:00,1,1,1,653f449f6b0c09486c5f494832a667218ccb382a9455bcd48352801ce24be222
bd26e9e62b1c3a931420b51d302ab87a93a3ffce2bcba5c97f60b940958fa547,1651,30619,2021-06-30T23:00:00,RANGE,VOL_COMPRESSION,RANGE -> VOL_COMPRESSION,2021-06-30T20:00:00,3,2021-06-30T20:00:00,3,3,1,a88d291c29e6fd64efc0f9b52a91b03a632b45f25c42600011f3cbc907f660c4
2769705661cb48e21dd9b6a87ebfd6d04003967ec148f5769cab12a1f6a547d6,1652,30622,2021-07-01T02:00:00,VOL_COMPRESSION,TREND_DOWN,VOL_COMPRESSION -> TREND_DOWN,2021-06-30T23:00:00,3,2021-06-30T23:00:00,3,3,1,76f15f1e2f8bbb5d1fd0094d87a764410bc80209a9a1c80f0712e749e0a8be17
d642e6b3591cb3015bcc03e286d87634b33367ad500290b408c73b3b295bd636,1653,30624,2021-07-01T04:00:00,TREND_DOWN,VOL_COMPRESSION,TREND_DOWN -> VOL_COMPRESSION,2021-07-01T02:00:00,2,2021-07-01T02:00:00,2,2,1,8a45a0b2bb618119dd3792f0f1d069663a0cc14a1cee5c967ea97b0be62521f0
e608890e3b59c3cef5e9ab919ea5026dbac442578f2ae471edfdf4aaf328b91f,1654,30626,2021-07-01T06:00:00,VOL_COMPRESSION,TREND_DOWN,VOL_COMPRESSION -> TREND_DOWN,2021-07-01T04:00:00,2,2021-07-01T04:00:00,2,2,1,c14fd1eb754da6d781b9a14229b55ba498d17f765b9af285339cd28dcde537ce
bfe7fe15e7264a1d711f741d430373b603d747d26ea285cda1d4ce4a4d66de64,1655,30661,2021-07-02T17:00:00,TREND_DOWN,VOL_COMPRESSION,TREND_DOWN -> VOL_COMPRESSION,2021-07-01T06:00:00,35,2021-07-01T06:00:00,35,35,1,143d8a34a85de7a1205c6a4f20554af9b688f783dd3431eb852e90d9b44c1dd6
08431e780724f9219467d99645f8ba64983624c02058d379bdfe17b09b92289b,1656,30749,2021-07-06T09:00:00,VOL_COMPRESSION,RANGE,VOL_COMPRESSION -> RANGE,2021-07-02T17:00:00,88,2021-07-02T17:00:00,88,88,1,e1f630ee78f78a2e6f4b9e0830f70f037f911f6e1ad989e50ff605293f1567ce
1a891c72c6d2895f6115c0d073ad8ddf80f36ef5fc9a646cf4679c4847e08113,1657,30752,2021-07-06T12:00:00,RANGE,TREND_DOWN,RANGE -> TREND_DOWN,2021-07-06T09:00:00,3,2021-07-06T09:00:00,3,3,1,626338d066e52694cab35683c2c7dc3aeed8b705eebec5df4c195b741da14c85
bbe28c19cf449d7f0bd3bd7c9b296d07e4f7d668996ce10a7754238e03cb15fa,1658,30765,2021-07-07T01:00:00,TREND_DOWN,VOL_COMPRESSION,TREND_DOWN -> VOL_COMPRESSION,2021-07-06T12:00:00,13,2021-07-06T12:00:00,13,13,1,54f8f7374b57d2222bb2e2bb45254fbe5830adf6123c07818c03df64678b42ed
07199ec6f62206de768a96cb90a8eb53ddc8b4739eb9e7a52c384b98cad595a8,1659,30795,2021-07-08T07:00:00,VOL_COMPRESSION,TREND_DOWN,VOL_COMPRESSION -> TREND_DOWN,2021-07-07T01:00:00,30,2021-07-07T01:00:00,30,30,1,c32c2291c65dd9830894566d6d709e78b2157266e7d030a9a51ec7e35e004b42
4c6cad6a340ac48902ace542ecb9295a29e3f66b2a808d853e7ec5fd8b571416,1660,30803,2021-07-08T15:00:00,TREND_DOWN,VOL_COMPRESSION,TREND_DOWN -> VOL_COMPRESSION,2021-07-08T07:00:00,8,2021-07-08T07:00:00,8,8,1,378949f2b6cad3efb1b858fcec460a5a9fee0af8a784bcc2a88535b5f9ae1a92
8197adff830fa8c70c7374d90678cb79ae84be234a6fffa20a4d90cfa178fd90,1661,31080,2021-07-20T04:00:00,VOL_COMPRESSION,TREND_DOWN,VOL_COMPRESSION -> TREND_DOWN,2021-07-08T15:00:00,277,2021-07-08T15:00:00,277,277,1,058c32a5af4ffc9de455c0ab430d0673cedec0c6182a6ac5bb2be4f4d5a63d68
33f3afd6fdd43e3f6cba92d6a7b77b034ec32675fb44c32c83dc16344eaabbeb,1662,31081,2021-07-20T05:00:00,TREND_DOWN,VOL_COMPRESSION,TREND_DOWN -> VOL_COMPRESSION,2021-07-20T04:00:00,1,2021-07-20T04:00:00,1,1,1,5f3ee009635a972362ddb4e7a0e7b6965be1cf16985a81947cbff3b4a4dd479d
de0db6a94bcb96606760193a3d4a372c79fe0b25e3932171c257c00cc3a89679,1663,31118,2021-07-21T18:00:00,VOL_COMPRESSION,TREND_UP,VOL_COMPRESSION -> TREND_UP,2021-07-20T05:00:00,37,2021-07-20T05:00:00,37,37,1,b7202f942f77a59ec7076e6db642bf59bcd7c2084ba06fd853bfed426cea3c1d
dcc91c106a09ea11a6418f40ed0f5b8e30153507da19fd24f788af15a923b50a,1664,31125,2021-07-22T01:00:00,TREND_UP,VOL_COMPRESSION,TREND_UP -> VOL_COMPRESSION,2021-07-21T18:00:00,7,2021-07-21T18:00:00,7,7,1,39dce0312c96d900fa599f434f53ac8b1b70f3175d8a66ab1c551b10b84cf1af
a8e1988a86cb47421d77ca962708398129d8a69a827e1d4589212e7f76050414,1665,31220,2021-07-26T00:00:00,VOL_COMPRESSION,TREND_UP,VOL_COMPRESSION -> TREND_UP,2021-07-22T01:00:00,95,2021-07-22T01:00:00,95,95,1,972f0880867b34ab1a30db1b140822ed66f300a2d28f564bc31340887d6972be
e1ce120d9514ad73c623004e713dee799089fbe9bfac15ae909661d5e2c3d620,1666,31241,2021-07-26T21:00:00,TREND_UP,VOL_EXPANSION,TREND_UP -> VOL_EXPANSION,2021-07-26T00:00:00,21,2021-07-26T00:00:00,21,21,1,ff84e1c930b2b8a76223f63818ab586749b0a24bc976ad108b18b35af0497c44
7d5ef5478727ab7e56ade9319e4b17390ecb6b32cdb28113954b5100efed021b,1667,31243,2021-07-26T23:00:00,VOL_EXPANSION,TREND_UP,VOL_EXPANSION -> TREND_UP,2021-07-26T21:00:00,2,2021-07-26T21:00:00,2,2,1,ea58d0a64a6c4f6414eca0a9a45d07a6a527779d621bdfb7e4f863c094fdd1c8
1f50672f19730e67ae6847c64a860fe4adacc795cbc29703aacd68420158c135,1668,31307,2021-07-29T15:00:00,TREND_UP,VOL_COMPRESSION,TREND_UP -> VOL_COMPRESSION,2021-07-26T23:00:00,64,2021-07-26T23:00:00,64,64,1,3f28b8575cb3c4c0bf70ac35a2d51eb21c2f137d89e94b13d014b3a36576a504
49190fe0a14c0742a31fd8f9c0c857fa5cd15dad873a4d2ad56a261d07b56ec7,1669,31308,2021-07-29T16:00:00,VOL_COMPRESSION,TREND_UP,VOL_COMPRESSION -> TREND_UP,2021-07-29T15:00:00,1,2021-07-29T15:00:00,1,1,1,9724032a4cbcf9d76b80a0e43fc38dfe1db2365353690e47613e7ab4150f574b
94f46ead9d07e57696aa02a09eda6cbc9ad612d9fb0eae050325d6ca302b9ea0,1670,31309,2021-07-29T17:00:00,TREND_UP,VOL_COMPRESSION,TREND_UP -> VOL_COMPRESSION,2021-07-29T16:00:00,1,2021-07-29T16:00:00,1,1,1,2b7ac06c3c66fc9aadd99479efed895f869beb44608473a22f8961d3a6de1ffa
653b9d5a78b97d344ec969a2c958f3e5780541f5f079b3410e6c0c677b014a14,1671,31336,2021-07-30T20:00:00,VOL_COMPRESSION,TREND_UP,VOL_COMPRESSION -> TREND_UP,2021-07-29T17:00:00,27,2021-07-29T17:00:00,27,27,1,a7a204e6d20b02f29c9d8ac0cc6ee27794fd9672ebc4f26168d7fdb37e82efb5
4c693362acde7eb1c1f8c0a354160c6f11916346486b1ae9582cac2b1cdfee4c,1672,31347,2021-07-31T07:00:00,TREND_UP,VOL_COMPRESSION,TREND_UP -> VOL_COMPRESSION,2021-07-30T20:00:00,11,2021-07-30T20:00:00,11,11,1,6ca03fb392c962cf71922e7259b2bb2272e197f809f908b0b34a640cbf4ebb11
9235b5450d07382d6f5697060e723fc81e4c23193f8e37b82ca3451a11355546,1673,31386,2021-08-01T22:00:00,VOL_COMPRESSION,RANGE,VOL_COMPRESSION -> RANGE,2021-07-31T07:00:00,39,2021-07-31T07:00:00,39,39,1,8b3f5d7113b17cbc9661635e0541d3163455f6490bbf436fba2460d3a7a07c1e
9bdf1ae19d967b1f6da3f700f74442174255697d9309afde02eafad148da45f7,1674,31388,2021-08-02T00:00:00,RANGE,TREND_DOWN,RANGE -> TREND_DOWN,2021-08-01T22:00:00,2,2021-08-01T22:00:00,2,2,1,fd1f9d3f1ea9756347259924ae277894409e463ae10c5f56840f2fc440c9a243
3a231230269a4a1c672ac433acb61e8b69f9858b99c21b96145bfed3d11673c2,1675,31393,2021-08-02T05:00:00,TREND_DOWN,VOL_COMPRESSION,TREND_DOWN -> VOL_COMPRESSION,2021-08-02T00:00:00,5,2021-08-02T00:00:00,5,5,1,da6a802c2bd4fac05fcd709cfa52b785a45b690936771925f156bd376759997a
12b6731ee84dc41dcf65d6d97fdebfc73ccea311e525cb64b3f8c3c4c1dc1e9b,1676,31396,2021-08-02T08:00:00,VOL_COMPRESSION,TREND_DOWN,VOL_COMPRESSION -> TREND_DOWN,2021-08-02T05:00:00,3,2021-08-02T05:00:00,3,3,1,1bac2d9d86ed97805d67b3c269b31670a2ac20a8e9436aea07fe3881a7cdc101
a02855fd442c438a615fb7fd0c2ddc3552438d28746eb6d79a33a4df2e93d563,1677,31398,2021-08-02T10:00:00,TREND_DOWN,VOL_COMPRESSION,TREND_DOWN -> VOL_COMPRESSION,2021-08-02T08:00:00,2,2021-08-02T08:00:00,2,2,1,e92c6c135724b0d8c0cfbc73982990e9c5a75565989b052020d779f41e0ede78
6f5463420bdbdbfa0e8194f7c9b8efe6f1a520764f6c5c074c80ae663b27079e,1678,31400,2021-08-02T12:00:00,VOL_COMPRESSION,TREND_DOWN,VOL_COMPRESSION -> TREND_DOWN,2021-08-02T10:00:00,2,2021-08-02T10:00:00,2,2,1,f31ab7aa29471eb626f69e9ecd0c0aef556d4aea1995bfb9dd65a2495222cfe3
f671fb0ae2f32105439bc6f2ed3da8235632949ac7f358f3d617956bb55fc27e,1679,31402,2021-08-02T14:00:00,TREND_DOWN,VOL_COMPRESSION,TREND_DOWN -> VOL_COMPRESSION,2021-08-02T12:00:00,2,2021-08-02T12:00:00,2,2,1,04c0e382bc7649fcd5e96c709d538152cd6316b799ed037a173a4ab9a88b4be3
aad817710f1d91bcb4ef8e84ff98e9fc1bfbda0b72ff889000b5a863d2427ddd,1680,31412,2021-08-03T00:00:00,VOL_COMPRESSION,TREND_DOWN,VOL_COMPRESSION -> TREND_DOWN,2021-08-02T14:00:00,10,2021-08-02T14:00:00,10,10,1,758c44c49953caf0296c32a3193167bc7dd61e020f0c8d0e8c73e96f92611beb
7163e7c5c4de72156f40ff44161af3b9a952e5a7fc8ac3848767857afaf9fdf8,1681,31419,2021-08-03T07:00:00,TREND_DOWN,VOL_COMPRESSION,TREND_DOWN -> VOL_COMPRESSION,2021-08-03T00:00:00,7,2021-08-03T00:00:00,7,7,1,5093036064f1f09cf7fa0f131a982b3f1b615b78ff238a98c5b8ca5b9a362171
1a6b30363a506219a93a1da6567d0ef8f2511a9986cdab94c21e268f9d1832b9,1682,31429,2021-08-03T17:00:00,VOL_COMPRESSION,TREND_DOWN,VOL_COMPRESSION -> TREND_DOWN,2021-08-03T07:00:00,10,2021-08-03T07:00:00,10,10,1,669fd819483eabb4428b61f0d47a65cac746577bd7bc5a9e469321a360d7ee47
dcff4319133e58d7f2ac65fa53273d5e6287c3b6246b56b2772ede52af342469,1683,31432,2021-08-03T20:00:00,TREND_DOWN,VOL_COMPRESSION,TREND_DOWN -> VOL_COMPRESSION,2021-08-03T17:00:00,3,2021-08-03T17:00:00,3,3,1,56f0372010604d8a7b948493e3d01b132277e0dc3a6beed74ed9e660e3d0279d
f366198e21783a102feaea53cd3b9ced889800068af808987c4f5c7ea4010ef1,1684,31473,2021-08-05T13:00:00,VOL_COMPRESSION,TREND_DOWN,VOL_COMPRESSION -> TREND_DOWN,2021-08-03T20:00:00,41,2021-08-03T20:00:00,41,41,1,58041cab37d1acb0274dd9359a4d9444bd2cbbcc69f394159b8d9bcd83ccd003
c40911434d612c7a1e0b6b28aa9d59b561edd6f6284f09217b721cd3f1e65a58,1685,31477,2021-08-05T17:00:00,TREND_DOWN,TREND_UP,TREND_DOWN -> TREND_UP,2021-08-05T13:00:00,4,2021-08-05T13:00:00,4,4,1,b5b6951b5540d231b9cbf3d0f6efe701aeee787632519a757da260ade78a2f4c
d534e3dd77790267a5b9f65e18de67a7fd33bca30b21ecb2cfa349526aa798ef,1686,31498,2021-08-06T14:00:00,TREND_UP,VOL_COMPRESSION,TREND_UP -> VOL_COMPRESSION,2021-08-05T17:00:00,21,2021-08-05T17:00:00,21,21,1,3e887ca6e857f695685d9a0cef5677c9d8cf5dcea854b45ea1f3d93cb4e08b88
a6028b264c397ff17b47ffee38d4ee43a49bc3ceedea6bb9d2879080d4a8f870,1687,31499,2021-08-06T15:00:00,VOL_COMPRESSION,TREND_UP,VOL_COMPRESSION -> TREND_UP,2021-08-06T14:00:00,1,2021-08-06T14:00:00,1,1,1,8b4e90079119f456c61a66ab07b5666a0f656349e0689afb5863199dc71de585
4bdb266fc61bc5b3a84f56b0db7ebf627260d53135ac7cafc4f41c74e61ad926,1688,31516,2021-08-07T08:00:00,TREND_UP,VOL_COMPRESSION,TREND_UP -> VOL_COMPRESSION,2021-08-06T15:00:00,17,2021-08-06T15:00:00,17,17,1,9c7fa9ca0111687b5ba7e3ce97d2e17e79bddd8cad163ef90ae5e20803efae06
5685f0252420803bd219dc941eccbd40ce8bd6beb288fa47d6b79e7890cbee3b,1689,31520,2021-08-07T12:00:00,VOL_COMPRESSION,TREND_UP,VOL_COMPRESSION -> TREND_UP,2021-08-07T08:00:00,4,2021-08-07T08:00:00,4,4,1,62c175534c0da3a321597884c5cef60a5d2fc7b59af5adb8e9da5d969d5bf03c
95aacfb7ccbfb1d8fc272aa52f4315ae35c458330e1a10f5167afebc5527f6c2,1690,31559,2021-08-09T03:00:00,TREND_UP,RANGE,TREND_UP -> RANGE,2021-08-07T12:00:00,39,2021-08-07T12:00:00,39,39,1,ea0208acec2d89cd4caae88cb60c07211b130206387aceda6661638909542580
a78f26a23a08798bfd44671a0653bcc5755f5d7275a5dc2067e021162e50d102,1691,31561,2021-08-09T05:00:00,RANGE,TREND_UP,RANGE -> TREND_UP,2021-08-09T03:00:00,2,2021-08-09T03:00:00,2,2,1,9cb1b3c113eb6a0e4b6911cc484ebb98e2e701bbb90ff1a0965894f3eca3ee92
bd2e78c2ddba15f40734785a7d9397ac2945ef0c5d76121005dc54dcd45cb8fc,1692,31563,2021-08-09T07:00:00,TREND_UP,VOL_COMPRESSION,TREND_UP -> VOL_COMPRESSION,2021-08-09T05:00:00,2,2021-08-09T05:00:00,2,2,1,cd90386ca0e832e3a170c646067fd5bc63c69a7eea5b5be91a5b61728d291e08
7c68a95a425cf69761027c0edea1f6affc525319baf0fc43b0273a606ba28d45,1693,31565,2021-08-09T09:00:00,VOL_COMPRESSION,TREND_UP,VOL_COMPRESSION -> TREND_UP,2021-08-09T07:00:00,2,2021-08-09T07:00:00,2,2,1,beb4cd56b866d134cf3ce71bebfadb8beec51601186945695de3f270e59ae872
0fbdf4a823314e96db1f99a241f4be7254a9d994581ae1fd419a0b34916a023b,1694,31585,2021-08-10T05:00:00,TREND_UP,VOL_COMPRESSION,TREND_UP -> VOL_COMPRESSION,2021-08-09T09:00:00,20,2021-08-09T09:00:00,20,20,1,c83b158352dbad2e30d50ac0c284aa460bca2e957c11f4af508a1c0a54b11192
edebb151bce46cf2531103f6c2fc547460d350bbaaf541dc07612179a5959bf5,1695,31592,2021-08-10T12:00:00,VOL_COMPRESSION,TREND_UP,VOL_COMPRESSION -> TREND_UP,2021-08-10T05:00:00,7,2021-08-10T05:00:00,7,7,1,23514836657b5c66b6776ad9abf181e6a679f8a0d31e4fbf2f3a64820fb73f71
70ec7f6ed628e38d0fec3fbb1cc4d5e91a804ef3c99da2606c52078f92645d7e,1696,31598,2021-08-10T18:00:00,TREND_UP,VOL_COMPRESSION,TREND_UP -> VOL_COMPRESSION,2021-08-10T12:00:00,6,2021-08-10T12:00:00,6,6,1,3af4f4af1d7c0dee37e19002812fa7107b09e3d973e7fbe3e1dbebe577b297af
b00162a934bb2f59890740c0a6b17fffe057f4b23e20220e5caf5fd21363b02a,1697,31768,2021-08-17T20:00:00,VOL_COMPRESSION,TREND_DOWN,VOL_COMPRESSION -> TREND_DOWN,2021-08-10T18:00:00,170,2021-08-10T18:00:00,170,170,1,e3338ff109ca7018cfd3cc00e5cbcb157186bb6bce21cccd4ce209f09e7c5ede
80d65b9b3b4992f2fc2516455c06f219a7e8a148baa8fb605a2534b255b18860,1698,31769,2021-08-17T21:00:00,TREND_DOWN,VOL_COMPRESSION,TREND_DOWN -> VOL_COMPRESSION,2021-08-17T20:00:00,1,2021-08-17T20:00:00,1,1,1,3b55093e87c16fc8d500b84117b081f278a006c799e8f37046a6a35da77727d4
d75568bd7faae4e88660fcf4d27bb2f7c1881c37c3e6bc001a31ef7076383b3a,1699,31773,2021-08-18T01:00:00,VOL_COMPRESSION,TREND_DOWN,VOL_COMPRESSION -> TREND_DOWN,2021-08-17T21:00:00,4,2021-08-17T21:00:00,4,4,1,3f3510b6f4098dd8154a1aeb289f61382030049936016af582c055fb3dbb43e8
41feb12cee58cb9638eef0537c5d5aa5173897e8169f04e5edee404b3c0b1d52,1700,31777,2021-08-18T05:00:00,TREND_DOWN,VOL_COMPRESSION,TREND_DOWN -> VOL_COMPRESSION,2021-08-18T01:00:00,4,2021-08-18T01:00:00,4,4,1,ce47a2cdb9308d7b06e1121fba558f8713302e533e184f95405b8d4d1abc816f
6a2d068f516da74901b96d87dfb3dead06c7608732ef3928388fcd75244fd2a6,1701,31969,2021-08-26T05:00:00,VOL_COMPRESSION,TREND_DOWN,VOL_COMPRESSION -> TREND_DOWN,2021-08-18T05:00:00,192,2021-08-18T05:00:00,192,192,1,707cfb79585c45b6919e444859d99c0fef85b2023158bfea0bdb90bccbb799e6
5c2c2a4b8e63d16ab245d3ce04168feea58554b3cebcf055ad87e2bc0954ff9c,1702,31972,2021-08-26T08:00:00,TREND_DOWN,VOL_COMPRESSION,TREND_DOWN -> VOL_COMPRESSION,2021-08-26T05:00:00,3,2021-08-26T05:00:00,3,3,1,036eff1253db643635d00703330ddd36ecaef3fdc012b7c0bcb55945fda3fb93
c0ac9fdfe21fb66ce1b9fbeaca3a93a4f9999aa72ada2f0b1294462f9e148f5e,1703,32170,2021-09-03T14:00:00,VOL_COMPRESSION,TREND_UP,VOL_COMPRESSION -> TREND_UP,2021-08-26T08:00:00,198,2021-08-26T08:00:00,198,198,1,af402b6984f4354fa7e5c353eb23d732b6201b70da633bb7b8088e3222d2c339
85e058ad7d2e18a7d4058d5abe862c4fa75569b33fd77873cf5a44e953feb524,1704,32171,2021-09-03T15:00:00,TREND_UP,VOL_COMPRESSION,TREND_UP -> VOL_COMPRESSION,2021-09-03T14:00:00,1,2021-09-03T14:00:00,1,1,1,780752019924e58b75662619451cbadfbd4ffbe3073d73a24128f7c548cc2098
040ccb47538f2c3fcf680a98498d40e971dc510dcef10d94041c4371820637dc,1705,32266,2021-09-07T14:00:00,VOL_COMPRESSION,TREND_DOWN,VOL_COMPRESSION -> TREND_DOWN,2021-09-03T15:00:00,95,2021-09-03T15:00:00,95,95,1,9912b629d26a33ca7d4457eb5e5a065069b1f178989fce4180932e3029e251eb
1ee661aac562303d0bab3bb722173980afc178add14acaeae4e17fadcac41cb5,1706,32267,2021-09-07T15:00:00,TREND_DOWN,VOL_EXPANSION,TREND_DOWN -> VOL_EXPANSION,2021-09-07T14:00:00,1,2021-09-07T14:00:00,1,1,1,8a8fb0b109b206098347effc26fbe57605ea410b9239ea99cb6b25e7e77c8268
d0e1b95dd6b198eab568445c8db1919a7b9d69834b9ab0179d25b0a0e2c2e63f,1707,32272,2021-09-07T20:00:00,VOL_EXPANSION,TREND_DOWN,VOL_EXPANSION -> TREND_DOWN,2021-09-07T15:00:00,5,2021-09-07T15:00:00,5,5,1,e4967c6ccbd3cb06a22bc7baefcfa539093cd26925ed65cb79ac930f9622f859
6b6b1d7b0d8671cacb541fbd667fb5d618e3f26f8c2cc8fd0bf2d50728769c83,1708,32305,2021-09-09T05:00:00,TREND_DOWN,VOL_COMPRESSION,TREND_DOWN -> VOL_COMPRESSION,2021-09-07T20:00:00,33,2021-09-07T20:00:00,33,33,1,2650f4e58aa7dee4530410e9ac06129687e0584c4ec4d6e8944ee2bec2120448
e4220eff128aced2a7a4919f260b0d1da84e7bfdf8e701cc4871e6da7c6492c3,1709,32338,2021-09-10T14:00:00,VOL_COMPRESSION,TREND_DOWN,VOL_COMPRESSION -> TREND_DOWN,2021-09-09T05:00:00,33,2021-09-09T05:00:00,33,33,1,dba9a24a61afe27a1c82088164b65d8c9893c851154f97cdbcc2a1fe4393fc1e
160703ddb090613195dcf142b200a68522365c0c84845a8f1e10e2108364ab97,1710,32341,2021-09-10T17:00:00,TREND_DOWN,VOL_COMPRESSION,TREND_DOWN -> VOL_COMPRESSION,2021-09-10T14:00:00,3,2021-09-10T14:00:00,3,3,1,da90b30ab0eab3dfb5c49665223ac0be552080f13c5cad3c9a889d03b62f3f3c
c0776b209f2b6e6999fa2ee0226808139757ec3facd18ec6885b7f7b85b57b2d,1711,32345,2021-09-10T21:00:00,VOL_COMPRESSION,TREND_DOWN,VOL_COMPRESSION -> TREND_DOWN,2021-09-10T17:00:00,4,2021-09-10T17:00:00,4,4,1,7f6264f8fb2158a6723f45bc811cf563cb691b6d8ea1d599ced8f6e04fdc3532
bd03ce43135d4b02605852b3c796fa4b38545185ea4368803bc36d040f88a2a6,1712,32350,2021-09-11T02:00:00,TREND_DOWN,VOL_COMPRESSION,TREND_DOWN -> VOL_COMPRESSION,2021-09-10T21:00:00,5,2021-09-10T21:00:00,5,5,1,3a0b917dd3a58f9914e7dd4aeffd85c68b67f988d47e7e8fc7e07f52ff20aadb
8956a08629265c59f173ac3b0834cb1ca672ea5d7ed954ccc15796dee25da43b,1713,32409,2021-09-13T13:00:00,VOL_COMPRESSION,TREND_DOWN,VOL_COMPRESSION -> TREND_DOWN,2021-09-11T02:00:00,59,2021-09-11T02:00:00,59,59,1,7ae12c332e93a10c328f76b738e2d808d2f1cfbd2aa15b25dbd77116c367fb21
0d6d251b18c3aaec98557330f5941173a6f5f30375836f8c886062cbbdb693fc,1714,32421,2021-09-14T01:00:00,TREND_DOWN,VOL_COMPRESSION,TREND_DOWN -> VOL_COMPRESSION,2021-09-13T13:00:00,12,2021-09-13T13:00:00,12,12,1,3faa1ffaaf33b869a062308892eabfef3098cc4adef5e88cf9718c44b1d38adb
adccbadc733ab09623aedb0482e9cea73dedfb3a07308d068d21eedc70f77f82,1715,32566,2021-09-20T02:00:00,VOL_COMPRESSION,TREND_DOWN,VOL_COMPRESSION -> TREND_DOWN,2021-09-14T01:00:00,145,2021-09-14T01:00:00,145,145,1,c8dbae313450900b1eb80fcdfb75e2658f4973af8beccbbae4aa56c193e2b8d3
6759e0dab20437e4341cf2dbdd5ca3755b650571cb96f912515e914c2354a3c0,1716,32569,2021-09-20T05:00:00,TREND_DOWN,VOL_COMPRESSION,TREND_DOWN -> VOL_COMPRESSION,2021-09-20T02:00:00,3,2021-09-20T02:00:00,3,3,1,680f6d4d7780ef079fac9d873156ce149c59c361ffdf77e18fabf67faca31305
6b9672be37816e59c9109485a4f99d3b47c0e60dd3241be7d810471bb2cf3856,1717,32571,2021-09-20T07:00:00,VOL_COMPRESSION,TREND_DOWN,VOL_COMPRESSION -> TREND_DOWN,2021-09-20T05:00:00,2,2021-09-20T05:00:00,2,2,1,03341ff9ad559c30fe720417048fd77392f5decca5615d4d874055a27b36aead
4aff7543c2640fe3fef1e61df34d926b3b09ee10c057d1644632cfe18dd7b4dc,1718,32588,2021-09-21T00:00:00,TREND_DOWN,VOL_EXPANSION,TREND_DOWN -> VOL_EXPANSION,2021-09-20T07:00:00,17,2021-09-20T07:00:00,17,17,1,15ad1da9f88565069fab8e3af67e6ff8e134f3942e8ddaa88ec795081b448094
f9ddf52c37487e1dc6960874bb3863723c512d02a1027898a100770921e5750b,1719,32590,2021-09-21T02:00:00,VOL_EXPANSION,TREND_DOWN,VOL_EXPANSION -> TREND_DOWN,2021-09-21T00:00:00,2,2021-09-21T00:00:00,2,2,1,b8e58e9934ad508bfa13ec6e6bf5f44e5d85609d0c0bd98c5523888c41b12ee9
94a13c0c5b1393b64dabe2b082f7372d44cd217013ba3994286a074c06e179f9,1720,32609,2021-09-21T21:00:00,TREND_DOWN,VOL_EXPANSION,TREND_DOWN -> VOL_EXPANSION,2021-09-21T02:00:00,19,2021-09-21T02:00:00,19,19,1,fad4f36a250bd160b1c29fe744cb1d4bf88bb3674aad5550a25c5108a00c0920
c8a130709eae4b4d1c875bd2c49626861fd7c17cb01aa971f9b70ae49081c2ab,1721,32614,2021-09-22T02:00:00,VOL_EXPANSION,TREND_DOWN,VOL_EXPANSION -> TREND_DOWN,2021-09-21T21:00:00,5,2021-09-21T21:00:00,5,5,1,720b2c7205e4c8853a0ad7ee163afa88bdcd24e0dfcedfc176828c529513144b
2449ce3e72b0b91163c03376a09d23c1538afb0d731f80026d4c8b674e187a27,1722,32631,2021-09-22T19:00:00,TREND_DOWN,RANGE,TREND_DOWN -> RANGE,2021-09-22T02:00:00,17,2021-09-22T02:00:00,17,17,1,7c514e80b2e30d812027163e0a2a3d059e027595b28668dcb6e323a3f18ab07d
8b8c16555c02d204ce87e050a159e022b0d57240d4e1e430f6634402348fd41d,1723,32640,2021-09-23T04:00:00,RANGE,VOL_COMPRESSION,RANGE -> VOL_COMPRESSION,2021-09-22T19:00:00,9,2021-09-22T19:00:00,9,9,1,f0d3e7825e81b90056bd551d0c2ca260d2e7b5d174f70a21c34ee37c3b950c18
ffd0aca219adb1b46dc439285b5e5233c0625c97f4224bdc2408df6f9764ebdb,1724,32649,2021-09-23T13:00:00,VOL_COMPRESSION,TREND_UP,VOL_COMPRESSION -> TREND_UP,2021-09-23T04:00:00,9,2021-09-23T04:00:00,9,9,1,d479c67808cd73cc7f657f69fe2ec94cb3293383fac444bebc25ed1c36cdec7e
dac5aa3b8e1b8cd3e2dd111b9206d190681f0a687a7faaec6f9e76fa4638d729,1725,32650,2021-09-23T14:00:00,TREND_UP,VOL_COMPRESSION,TREND_UP -> VOL_COMPRESSION,2021-09-23T13:00:00,1,2021-09-23T13:00:00,1,1,1,c3fcd314a9ba85db11373575e10ccf3dc57b202785d83bf19f2a772f2bad1acb
b64a5d21d275549a5c79c20ca97a80e9893a34a9c6b5687d1947180d707a563f,1726,32653,2021-09-23T17:00:00,VOL_COMPRESSION,TREND_UP,VOL_COMPRESSION -> TREND_UP,2021-09-23T14:00:00,3,2021-09-23T14:00:00,3,3,1,3d666a73bf6c37aa727b8528fb436c01b91b8e3af18c7d9fef87fec9b98ce4e4
886eed67195df539ecfa27a960b584f0015bdc84fc30f2a8f0d8e7c9471083ce,1727,32655,2021-09-23T19:00:00,TREND_UP,VOL_COMPRESSION,TREND_UP -> VOL_COMPRESSION,2021-09-23T17:00:00,2,2021-09-23T17:00:00,2,2,1,aba8d0288519d54bbef54396a9ec3b9f5cfe5528f582970257120b8522a9337f
b0c47415c4f302561e84344b798b1f87d19db9ed720d24ddc6d1bc9fa7b46d02,1728,32669,2021-09-24T09:00:00,VOL_COMPRESSION,TREND_UP,VOL_COMPRESSION -> TREND_UP,2021-09-23T19:00:00,14,2021-09-23T19:00:00,14,14,1,1909d07c36068948dd3355c31c807e5ffc16e217e586af4f8a3610608f2930ef
5eb07e52382f5026d00eb1d21561a5f57aaf377b142a68b17f773ddbe4dbc6ce,1729,32670,2021-09-24T10:00:00,TREND_UP,RANGE,TREND_UP -> RANGE,2021-09-24T09:00:00,1,2021-09-24T09:00:00,1,1,1,078e34bb8465a515efbe1a4243538c22151b311e4ae6f673999dacce10186ad1
33372463dbf739e34aa6e72b718c2abf86c0c2c2fe4e2db4d98d6007eef7e13d,1730,32672,2021-09-24T12:00:00,RANGE,TREND_DOWN,RANGE -> TREND_DOWN,2021-09-24T10:00:00,2,2021-09-24T10:00:00,2,2,1,616889d516f86d9ca65c5fbfe17b1e883e78c283c39d8b1a012cc7d42e8c3428
ee2b01271eb90281333006230f5797ebab7729368b921ad4f994eaea850fd7cf,1731,32689,2021-09-25T05:00:00,TREND_DOWN,VOL_COMPRESSION,TREND_DOWN -> VOL_COMPRESSION,2021-09-24T12:00:00,17,2021-09-24T12:00:00,17,17,1,51fb1f4f455c391fc5af625d51723afb7f4f05c34db613888a36b11e1ae54462
bb7b669c78e5117458f3f04fc96d086aa2904d24f4a334006e95c999be00d23c,1732,32692,2021-09-25T08:00:00,VOL_COMPRESSION,TREND_DOWN,VOL_COMPRESSION -> TREND_DOWN,2021-09-25T05:00:00,3,2021-09-25T05:00:00,3,3,1,1219aa4cc8a4e978f57680054d881fe41c1cfdb9af0e9cb7d2cf333eadeca5ae
750990f0740dc0870227af5f9249e9d95ecad24764fde79ff9eadf082205da92,1733,32696,2021-09-25T12:00:00,TREND_DOWN,VOL_COMPRESSION,TREND_DOWN -> VOL_COMPRESSION,2021-09-25T08:00:00,4,2021-09-25T08:00:00,4,4,1,576680e3fe2a89119f47fbc842a8462cd8dfc60647caefce442d795c7d070a45
5c462239c3cb97dac2759a866cec9f19fb780929c81dba267c236844c0d35900,1734,32715,2021-09-26T07:00:00,VOL_COMPRESSION,TREND_DOWN,VOL_COMPRESSION -> TREND_DOWN,2021-09-25T12:00:00,19,2021-09-25T12:00:00,19,19,1,0d4c28214c5b160d3ff913199ae1c5d4dc4f557b94af4cac48877e94046f2afd
31237dbc56ab05f88c2a2986c18935c4d7f746c1be65bbdf15ae868a7b7e2f28,1735,32720,2021-09-26T12:00:00,TREND_DOWN,RANGE,TREND_DOWN -> RANGE,2021-09-26T07:00:00,5,2021-09-26T07:00:00,5,5,1,f6aaa2f785a7a4afea4557d73dbd323bcd5027c6c0d4d23c6aea20b56f5785e2
6af398d65b3e731b5342d5cc1a3f8df5522c72fa6c14e2513f3587217e75028d,1736,32723,2021-09-26T15:00:00,RANGE,VOL_COMPRESSION,RANGE -> VOL_COMPRESSION,2021-09-26T12:00:00,3,2021-09-26T12:00:00,3,3,1,75cc6d9a96a6fe7e3783858e1b7899c6ce104706c0aaf3d1fde3a3b5cf08bbb3
026ea74caa97e4506d6ecd97d1c2ca66ff7ec2bf477930328f7f80b6fd65dc33,1737,32732,2021-09-27T00:00:00,VOL_COMPRESSION,TREND_UP,VOL_COMPRESSION -> TREND_UP,2021-09-26T15:00:00,9,2021-09-26T15:00:00,9,9,1,7a694c910269cab9c1bfbff7d790e852800f720cbb240467085ff8d31cab6b70
1ae7c364344fc320cb0aa2f0a055e9f5325e199aba7cf74d72bb0200da614745,1738,32736,2021-09-27T04:00:00,TREND_UP,VOL_COMPRESSION,TREND_UP -> VOL_COMPRESSION,2021-09-27T00:00:00,4,2021-09-27T00:00:00,4,4,1,72f14557cc2ff62667c4de079d774c6998eb89c539c018f3c8e7185dd7ea491d
630aeca1a526a8eaa34bd73baf6c1e4ac15a18ba2bb93a28e7f85a50e0f3604f,1739,32755,2021-09-27T23:00:00,VOL_COMPRESSION,RANGE,VOL_COMPRESSION -> RANGE,2021-09-27T04:00:00,19,2021-09-27T04:00:00,19,19,1,a0d1a3b68d72e17f9f25b6cc3adbc1452988fec2198be290b124a2c81355b48c
a5ab938c726f94f487f51d8f09fff22237237753ca35d1abeee29053ec868db9,1740,32756,2021-09-28T00:00:00,RANGE,TREND_DOWN,RANGE -> TREND_DOWN,2021-09-27T23:00:00,1,2021-09-27T23:00:00,1,1,1,964185f7f9574cbd5391a8423c1c46bfa8dc158138e94b84ca748c2ac379666f
4db6f4daae991924d6b78205236030fdc8e122aecb0e771e0b0a026f0569f6e9,1741,32758,2021-09-28T02:00:00,TREND_DOWN,VOL_COMPRESSION,TREND_DOWN -> VOL_COMPRESSION,2021-09-28T00:00:00,2,2021-09-28T00:00:00,2,2,1,c79ca4ab33213ffc5a462b041c7d5dc1b02e0fe851b024b12d0906c514352d86
1acab24a9594b101775f3204a878e3292d6c60260a3f81235bb6d69126f5a140,1742,32770,2021-09-28T14:00:00,VOL_COMPRESSION,TREND_DOWN,VOL_COMPRESSION -> TREND_DOWN,2021-09-28T02:00:00,12,2021-09-28T02:00:00,12,12,1,db19f0ee2102ea621c1ba2c6af2788251924d2375aa255688f1b137dc2eb7276
7892b8388e2050286e02c7fe51201055c6e843d9cafbe2e8bd859bb6b279d9cf,1743,32773,2021-09-28T17:00:00,TREND_DOWN,VOL_COMPRESSION,TREND_DOWN -> VOL_COMPRESSION,2021-09-28T14:00:00,3,2021-09-28T14:00:00,3,3,1,8873beaf94b56a988b40b7abdac35cda51f5fa7eaf031bf9369e412f4c4e5d0e
3829ce5f947d4c438311e6be4978a308ca41432f345814c0fe2231644d368ea3,1744,32780,2021-09-29T00:00:00,VOL_COMPRESSION,TREND_DOWN,VOL_COMPRESSION -> TREND_DOWN,2021-09-28T17:00:00,7,2021-09-28T17:00:00,7,7,1,12f6178cc36a5a48840aeb30b6629124158394f0724565e4fd4c369fb0c5bd9b
626369270334f02f71837bed1091305a7721d09cfab4397ad6c918b888de28ec,1745,32784,2021-09-29T04:00:00,TREND_DOWN,VOL_COMPRESSION,TREND_DOWN -> VOL_COMPRESSION,2021-09-29T00:00:00,4,2021-09-29T00:00:00,4,4,1,12616a61feeb403a4d2f22faa74e6fda6b389f7880d806df5bc9899922a2fa81
7f907f1d6227f5a13835aeeed087162d9ff8d8b8e84ea4da6b49049a212382b4,1746,32805,2021-09-30T01:00:00,VOL_COMPRESSION,TREND_DOWN,VOL_COMPRESSION -> TREND_DOWN,2021-09-29T04:00:00,21,2021-09-29T04:00:00,21,21,1,5997c4046e5de7ed66a44dd3248a5fb389b85ac44c3eb5b442fd92e7e0da0130
bc07c5fc355c8511a3c6ca3435c25bceed02b9c65b6f6c3d0630d5b2c36269a1,1747,32806,2021-09-30T02:00:00,TREND_DOWN,VOL_COMPRESSION,TREND_DOWN -> VOL_COMPRESSION,2021-09-30T01:00:00,1,2021-09-30T01:00:00,1,1,1,3c80e14a788f60523cd8cec11288c88ae67a787dfa71ec9d8036ff89950b1800
5041204aaa42906fd0921efaf40e3c2f819f74ce31b473a19a42dec3aecb4f10,1748,32807,2021-09-30T03:00:00,VOL_COMPRESSION,RANGE,VOL_COMPRESSION -> RANGE,2021-09-30T02:00:00,1,2021-09-30T02:00:00,1,1,1,f81b87405854b266db11036d956f76663cd5aaaeb1c13d8cfb8067d124c85b7d
7a1e4003e203879315aa3f1fadf46f8596ddab3c9f3c90b5e3fb3fe0caa2eb8d,1749,32808,2021-09-30T04:00:00,RANGE,VOL_COMPRESSION,RANGE -> VOL_COMPRESSION,2021-09-30T03:00:00,1,2021-09-30T03:00:00,1,1,1,758b6358e52bb11642dbc8e974b29f33fb4e593d6714c0b13c62eb014b51e1de
ec34cdcc3048b642986e3ef61ba4daa1aa2d217fb0529f077c55a682d66c81fe,1750,32824,2021-09-30T20:00:00,VOL_COMPRESSION,TREND_UP,VOL_COMPRESSION -> TREND_UP,2021-09-30T04:00:00,16,2021-09-30T04:00:00,16,16,1,e9c3ee102ad2e3eb20c659a4d5530796aa288c79c461c350dd22cc2c22722b4e
412cda58b61e2879a9c5b3f10ac06d9c7f672345f22b10617c2f701b29eba0e8,1751,32825,2021-09-30T21:00:00,TREND_UP,VOL_COMPRESSION,TREND_UP -> VOL_COMPRESSION,2021-09-30T20:00:00,1,2021-09-30T20:00:00,1,1,1,1bdf7f41f340e3c4199ef48cc08032b26a322d3b887f441d1691abac00bf9378
a2b20832ca5c423b7566120b71335ddaa976518dfee67b9a11d7e8a7c6ae1455,1752,32838,2021-10-01T10:00:00,VOL_COMPRESSION,TREND_UP,VOL_COMPRESSION -> TREND_UP,2021-09-30T21:00:00,13,2021-09-30T21:00:00,13,13,1,1b602a553ae00c762e9b4f6f3fb98eb44c9431bce8dbb900be336366fcd4076f
62a57d4f8228a823bc068c43e7e5db9959551a3a6d3813de50cc3a6e7db50bf8,1753,32848,2021-10-01T20:00:00,TREND_UP,VOL_COMPRESSION,TREND_UP -> VOL_COMPRESSION,2021-10-01T10:00:00,10,2021-10-01T10:00:00,10,10,1,11647b87bc97cd71a97aa75fedddaa67e5f6624a291fbd148200225fcaf284b6
fd75f8d0f3fc6034f9063cd32ed6678be106acd52148743f40dc738bcf9ea1cb,1754,32916,2021-10-04T16:00:00,VOL_COMPRESSION,TREND_UP,VOL_COMPRESSION -> TREND_UP,2021-10-01T20:00:00,68,2021-10-01T20:00:00,68,68,1,67f0dcbb4483f449797b0cb614d5a3796c244209433b405b9376ad2013b07821
bc5f5bb9356f19cfb38b5421b7ee42251d577cc2d2d07f096e02a8ad0e7b8f8b,1755,32925,2021-10-05T01:00:00,TREND_UP,VOL_COMPRESSION,TREND_UP -> VOL_COMPRESSION,2021-10-04T16:00:00,9,2021-10-04T16:00:00,9,9,1,66efc7b32c24e3412506e61760ce17a47567deb40ab0d0af4c1a547b09d5edae
f9e6d7187e301366d0240400ac8f06260435f157dbf9ccf6450727822f083c1e,1756,32960,2021-10-06T12:00:00,VOL_COMPRESSION,TREND_UP,VOL_COMPRESSION -> TREND_UP,2021-10-05T01:00:00,35,2021-10-05T01:00:00,35,35,1,4df9617002681b603bd00afc36291877b4075eb123d123186a9d3d7e1094ebd8
8454db76c97c304f825618f9942cd0c7b3a974aa726dcae434302c481ee48cdb,1757,32970,2021-10-06T22:00:00,TREND_UP,VOL_COMPRESSION,TREND_UP -> VOL_COMPRESSION,2021-10-06T12:00:00,10,2021-10-06T12:00:00,10,10,1,44e2a2101253983f5fcd0930ad63deccc25b07d9428b0a6dd73ca5e671c99a98
3a375c5946af1771ed11f715b51d46766eab55c13d45989aaf02f91399cff13e,1758,32972,2021-10-07T00:00:00,VOL_COMPRESSION,TREND_UP,VOL_COMPRESSION -> TREND_UP,2021-10-06T22:00:00,2,2021-10-06T22:00:00,2,2,1,1dc87d053ed7e5e58b36be937ddfbaaf21513be863c0ff711d5ed6ba47117bd0
5cdc158ef37bc22f13dc64e2a34206d46b3c83e0cf2588eb5a0058c8388c842e,1759,32976,2021-10-07T04:00:00,TREND_UP,VOL_COMPRESSION,TREND_UP -> VOL_COMPRESSION,2021-10-07T00:00:00,4,2021-10-07T00:00:00,4,4,1,1802453923b4f4c240e07aa445aaf1441782873fdc260c9721d0f3222bdc42b6
0f38e78e04c58cb6b6fa6a145bde176180a8249349732a99cf2813ec384e0514,1760,32986,2021-10-07T14:00:00,VOL_COMPRESSION,TREND_UP,VOL_COMPRESSION -> TREND_UP,2021-10-07T04:00:00,10,2021-10-07T04:00:00,10,10,1,37234f3757396dabbf9d4c8d2957378d6a11cbd9764891d560562ba6749c3622
e0f4379050e5ff849155d536182f1a1ef8cc19c16d1c1c7df4b188752cc4b1d7,1761,32990,2021-10-07T18:00:00,TREND_UP,VOL_COMPRESSION,TREND_UP -> VOL_COMPRESSION,2021-10-07T14:00:00,4,2021-10-07T14:00:00,4,4,1,5046dba86d44af4e24db1843f0661026db32857cfd609970654f253f066a9c11
3ed0170094281ff77c70815c9d056b8215f4f0b2970b534a743e45ae098c8379,1762,33009,2021-10-08T13:00:00,VOL_COMPRESSION,TREND_UP,VOL_COMPRESSION -> TREND_UP,2021-10-07T18:00:00,19,2021-10-07T18:00:00,19,19,1,794d465592bb2d618901a3c9329e6220be4e7be8a278276329caba561016fe53
db8e673e016ca7b501f7e39f4883e769481d468f9801c8bf2b053ec8aabc01cc,1763,33010,2021-10-08T14:00:00,TREND_UP,VOL_COMPRESSION,TREND_UP -> VOL_COMPRESSION,2021-10-08T13:00:00,1,2021-10-08T13:00:00,1,1,1,28557523a0cd8aabab22cf8ce699a58fb78e67870a4019af0ffc9951184ee021
6539b32841aac80641345b4dab223e51f9b6524d41d2f4b6e6f88f5c3b902355,1764,33011,2021-10-08T15:00:00,VOL_COMPRESSION,TREND_UP,VOL_COMPRESSION -> TREND_UP,2021-10-08T14:00:00,1,2021-10-08T14:00:00,1,1,1,2d2b48d0cd1d4e7e5ef7043da7051bb20b99e9a129beae9762a52279da132225
d9bd3f1c12792545b0a397771242aa19e92507b05367e47c219cc408623f1485,1765,33012,2021-10-08T16:00:00,TREND_UP,VOL_COMPRESSION,TREND_UP -> VOL_COMPRESSION,2021-10-08T15:00:00,1,2021-10-08T15:00:00,1,1,1,38112ccf8a22ddd61bfbc5ea194dd6d004b81069268aa9ef6eb812635e550a5e
505f127d05003fa41b11736977a44b13d9f2d5be941b769d82b5bdd045434efa,1766,33112,2021-10-12T20:00:00,VOL_COMPRESSION,RANGE,VOL_COMPRESSION -> RANGE,2021-10-08T16:00:00,100,2021-10-08T16:00:00,100,100,1,36a1629b8974cb9c69ac1c6ee8de26aee5bb991f0bd8080f2a09aeaf9adf1cfe
0d87f2006a810d6137dfdc32409fadb26449431e0a29d9ab7e3761bf3b42abbc,1767,33118,2021-10-13T02:00:00,RANGE,VOL_COMPRESSION,RANGE -> VOL_COMPRESSION,2021-10-12T20:00:00,6,2021-10-12T20:00:00,6,6,1,811883ab4cc9619effe28dde5cf6faf9685dac03aa975dc6fa8c271cf11e893b
54ebd814e3b889aa1690495284b50ff4a995020096e35b422e3c75347205681b,1768,33123,2021-10-13T07:00:00,VOL_COMPRESSION,TREND_DOWN,VOL_COMPRESSION -> TREND_DOWN,2021-10-13T02:00:00,5,2021-10-13T02:00:00,5,5,1,da4a3874034a019d2576f63cce3e1239cbbaacf291a57b24328e6275b7c8e628
c0fe422e8425a358319d6353c73297ec3e96f35532ca9ad3d80922561465076c,1769,33129,2021-10-13T13:00:00,TREND_DOWN,VOL_COMPRESSION,TREND_DOWN -> VOL_COMPRESSION,2021-10-13T07:00:00,6,2021-10-13T07:00:00,6,6,1,bff224dd994e7bfe421344e6e7fa79c922a92ffe31955803fd34c0bdf04be322
6bf06bc23376924b7c8d73595d00c0bde57fbcfe956f76da030214ce85c83629,1770,33130,2021-10-13T14:00:00,VOL_COMPRESSION,TREND_DOWN,VOL_COMPRESSION -> TREND_DOWN,2021-10-13T13:00:00,1,2021-10-13T13:00:00,1,1,1,ffc316555e093afa5e815797eb412da0b8de00de89e55c8d2b9b294d1c60c382
a4ea66dbcab13ea43938ce946252f14aa4f10a944a6e02000e39e41b2388d35d,1771,33133,2021-10-13T17:00:00,TREND_DOWN,RANGE,TREND_DOWN -> RANGE,2021-10-13T14:00:00,3,2021-10-13T14:00:00,3,3,1,c657484f9cea27f041c659ac50cb3f0d76b8021f5cfa0cd3e1dede972522a590
699bdc57955064a2197f6d33116b011f86cdd1b3e4c65b37ab971a8447690e50,1772,33135,2021-10-13T19:00:00,RANGE,VOL_COMPRESSION,RANGE -> VOL_COMPRESSION,2021-10-13T17:00:00,2,2021-10-13T17:00:00,2,2,1,34ace080e90528e20aa5b2c38399ca62fa55fdc6a4e4656fa961a6ccfea90c6a
c6b375f7ec2914aa4701a9e3ac58de18ea75f6dcc476f4aaf5be64e6b7ff0f59,1773,33166,2021-10-15T02:00:00,VOL_COMPRESSION,TREND_UP,VOL_COMPRESSION -> TREND_UP,2021-10-13T19:00:00,31,2021-10-13T19:00:00,31,31,1,64e1f145169e3225defe71104e1ade495a4c083a9be52ed0b063ba61e0a60f86
3577fa1a285927fd709c47f35bcb6e10b271ec61e711fece63e24fb4785924b5,1774,33169,2021-10-15T05:00:00,TREND_UP,VOL_COMPRESSION,TREND_UP -> VOL_COMPRESSION,2021-10-15T02:00:00,3,2021-10-15T02:00:00,3,3,1,8045ce2582dc63d201a7693024eb1f3a51c518312253b660ada074697a0ca7b1
0416cccb061f2b23b888f4d9fa7ed8beee8ddce4e9cfe225830561351d1bb151,1775,33184,2021-10-15T20:00:00,VOL_COMPRESSION,TREND_UP,VOL_COMPRESSION -> TREND_UP,2021-10-15T05:00:00,15,2021-10-15T05:00:00,15,15,1,82025478a2f35415635602f92d874c5eeef97939219d56b7cda1217e27b7b99b
249f729a32df0daf6e5e707c658717626b09149f16a7a1e0f727fdd1a21f1852,1776,33191,2021-10-16T03:00:00,TREND_UP,VOL_COMPRESSION,TREND_UP -> VOL_COMPRESSION,2021-10-15T20:00:00,7,2021-10-15T20:00:00,7,7,1,445e21d2db62ee192c8beed6cbb32bb49d62ed2104408d958eaa008a42c1cbbf
1530dbd73e5344be144ebd855d463db8322c6731afd258e26b9c489fe2a55bd9,1777,33245,2021-10-18T09:00:00,VOL_COMPRESSION,TREND_UP,VOL_COMPRESSION -> TREND_UP,2021-10-16T03:00:00,54,2021-10-16T03:00:00,54,54,1,d38224eadba09aa56c3b50efcdedec05e06723ae4eb8f2347473113b104e9875
79f179d6f38a88d09d1b13d1a8ed87db4ee47b5f7dd7bfc57f3f0fe208606adb,1778,33256,2021-10-18T20:00:00,TREND_UP,VOL_COMPRESSION,TREND_UP -> VOL_COMPRESSION,2021-10-18T09:00:00,11,2021-10-18T09:00:00,11,11,1,9aed80b37ab7db54cf85efa4440366d9fbb8bc5b24fb69c6fa685d2a8f25a2f8
6928cf9fe07e45dd81a01bdfb5a7f0465df8a4e25b458a2954cf8b32770b3c7d,1779,33319,2021-10-21T11:00:00,VOL_COMPRESSION,TREND_UP,VOL_COMPRESSION -> TREND_UP,2021-10-18T20:00:00,63,2021-10-18T20:00:00,63,63,1,82cc330c3b28eab198c5586b187de19d8c036f0a4c231a18d96b0a3917848b8f
ababd9f19233a8dded26ff372dd4880a0dd291ba2d26a5b3359bd4094031ff92,1780,33323,2021-10-21T15:00:00,TREND_UP,RANGE,TREND_UP -> RANGE,2021-10-21T11:00:00,4,2021-10-21T11:00:00,4,4,1,fd7daf9aa67b51192c92d8c924d13c523b7e5d6ece20527181b4c97489ed4097
82ebc66b84c89770026729c7ecb0701c4d1083913b45f339b5cdb12e9601c8ff,1781,33328,2021-10-21T20:00:00,RANGE,TREND_DOWN,RANGE -> TREND_DOWN,2021-10-21T15:00:00,5,2021-10-21T15:00:00,5,5,1,3aa7e8b2a34bdaea8c4eed54ab0bac4da8ca8022341ba18c97cde47c7661f645
95afa809dbcde8830de8ac86c0260cdcc9644c5e11821223d9d53f9dd19503c5,1782,33335,2021-10-22T03:00:00,TREND_DOWN,VOL_COMPRESSION,TREND_DOWN -> VOL_COMPRESSION,2021-10-21T20:00:00,7,2021-10-21T20:00:00,7,7,1,405a18a86385a145425f474661b0b94243d9199331910f57a39043571c50f859
422b9c30e01a2cef1aeb795a63efdc13025c036beb52c00d9fcc04770e041d89,1783,33346,2021-10-22T14:00:00,VOL_COMPRESSION,TREND_DOWN,VOL_COMPRESSION -> TREND_DOWN,2021-10-22T03:00:00,11,2021-10-22T03:00:00,11,11,1,a9f930d84d374f0a213344cac2406e3c9abf38799b773a2e82601009b9f7ad8a
3156c27f7f81f7a28a44880de3fd62db86ebb7bb8b21e249e4321289a098040d,1784,33355,2021-10-22T23:00:00,TREND_DOWN,VOL_COMPRESSION,TREND_DOWN -> VOL_COMPRESSION,2021-10-22T14:00:00,9,2021-10-22T14:00:00,9,9,1,8f957bdaa94a4e7bd710d4893aed36908f8be9b700117a160867864b516044b3
1d19a1f2ce1adb6925b5f977cd6a54293192ec264ddce1315619ef4e1eb5edc0,1785,33460,2021-10-27T08:00:00,VOL_COMPRESSION,TREND_DOWN,VOL_COMPRESSION -> TREND_DOWN,2021-10-22T23:00:00,105,2021-10-22T23:00:00,105,105,1,7b5559beca30babfa07fc38faf87a79b69674257cfb569953126f9d97683d546
364552211456ee170c4f6dbb492edf7a6b5973db87bec9d730a3a29bc7ba1603,1786,33468,2021-10-27T16:00:00,TREND_DOWN,VOL_COMPRESSION,TREND_DOWN -> VOL_COMPRESSION,2021-10-27T08:00:00,8,2021-10-27T08:00:00,8,8,1,b6fc57c51c529b766a4b981790e13723ff31026202211c345e6a430b52598c15
0269b35e97b118b9863ed2b82521109e20f33d631b540629bafa1c86116cdc66,1787,33472,2021-10-27T20:00:00,VOL_COMPRESSION,TREND_DOWN,VOL_COMPRESSION -> TREND_DOWN,2021-10-27T16:00:00,4,2021-10-27T16:00:00,4,4,1,84641a4dce13740ab70385665c70f0310e9aeb376109c997e450ad9f76028204
3f79228653291b0d4de06654e95535c7c61e2c6306ba471480b4b56234710a55,1788,33473,2021-10-27T21:00:00,TREND_DOWN,VOL_COMPRESSION,TREND_DOWN -> VOL_COMPRESSION,2021-10-27T20:00:00,1,2021-10-27T20:00:00,1,1,1,ddb9a6ffa524ecb03b2e73ba404427dca15067e28aed8794349c529d9ce1ac5f
b468aae5eabe6c761a43c034b10db5fbf6fd56f6ed17ab4ffd3aebc70bd19d92,1789,33494,2021-10-28T18:00:00,VOL_COMPRESSION,RANGE,VOL_COMPRESSION -> RANGE,2021-10-27T21:00:00,21,2021-10-27T21:00:00,21,21,1,d12ebf53af09a4e1ef87ac22c2f6786ec645e071e0abd84338cfc43e97b1861c
d6547e7a13db0b56a3af0272c688b8089636241a88d00af958660855b1c95cd5,1790,33495,2021-10-28T19:00:00,RANGE,TREND_UP,RANGE -> TREND_UP,2021-10-28T18:00:00,1,2021-10-28T18:00:00,1,1,1,15329044ac467b7a0c5a92d5f665dbf122da66a2e62d9e332f088df9ea88c758
b8b798579683a18f9909e23a9df7ca56712c7560fc8f0bda4ed48bce099574b1,1791,33510,2021-10-29T10:00:00,TREND_UP,VOL_COMPRESSION,TREND_UP -> VOL_COMPRESSION,2021-10-28T19:00:00,15,2021-10-28T19:00:00,15,15,1,313deb3489fa67c5fb60fe0c8851aea8837247be374c3b1931307a2385111372
37057e48eb2629d5e750fddc36fbb24706107a8d178ba66bd556ab5fa367be26,1792,33579,2021-11-01T07:00:00,VOL_COMPRESSION,TREND_DOWN,VOL_COMPRESSION -> TREND_DOWN,2021-10-29T10:00:00,69,2021-10-29T10:00:00,69,69,1,204df9aabd592d1bbbcb4c0c805bd9012b0bea4302adb3974e8f23065aaf1e95
972ca979aee679d032ff1fa3f332a0919fd92a9949bc79b06867aa82e1de3607,1793,33580,2021-11-01T08:00:00,TREND_DOWN,RANGE,TREND_DOWN -> RANGE,2021-11-01T07:00:00,1,2021-11-01T07:00:00,1,1,1,5a828e7de99e409e751d68154aa359d09713934d44a2787342ad1ac7eb4bbb6e
6fec08f397f3ed6be054a6255d025e61c6f107b500624cad2f833c74f8830330,1794,33581,2021-11-01T09:00:00,RANGE,VOL_COMPRESSION,RANGE -> VOL_COMPRESSION,2021-11-01T08:00:00,1,2021-11-01T08:00:00,1,1,1,34cdb549234b3e354e637d7c54353caabe45bce93123ec0b339f710040e876ee
4616cbfecb6ff7b16e0c83c33dfb4276ed1f7f0f39148e2ae19a581f633079bd,1795,33638,2021-11-03T18:00:00,VOL_COMPRESSION,RANGE,VOL_COMPRESSION -> RANGE,2021-11-01T09:00:00,57,2021-11-01T09:00:00,57,57,1,c3386dd2e9ec69c7afc32dac2dab5d618c9ca87893ca91df31bbf8f18059ffef
86dfc88079b821d82cbc6708dd1ea3370570a172189182c0dbc44039de3ce210,1796,33639,2021-11-03T19:00:00,RANGE,TREND_UP,RANGE -> TREND_UP,2021-11-03T18:00:00,1,2021-11-03T18:00:00,1,1,1,6b804333bbc6cce4bffbcdb5564db27c3868bcd092eb4c41ae22d75417166e3d
6754b3076601e19c8a10dd95fea0143f2ad7a8db9c8234cee5401dcfc7b47ac8,1797,33641,2021-11-03T21:00:00,TREND_UP,VOL_COMPRESSION,TREND_UP -> VOL_COMPRESSION,2021-11-03T19:00:00,2,2021-11-03T19:00:00,2,2,1,6078c040cfd92054b2962c7d6d14f65731ec011e3fb6d5eace456fe1a496181b
c0681e4bed0eef5cb9da1d5f63914090f659edf1360216d01444815cbb122003,1798,33808,2021-11-10T20:00:00,VOL_COMPRESSION,TREND_UP,VOL_COMPRESSION -> TREND_UP,2021-11-03T21:00:00,167,2021-11-03T21:00:00,167,167,1,7e00056dfd49f79ea7e139131b85d25d7475f37bfe26201386883b2e60060d21
c47162ea15e92996260908c7594809b831a550447c6155ebe5afd6fdea358ca8,1799,33809,2021-11-10T21:00:00,TREND_UP,RANGE,TREND_UP -> RANGE,2021-11-10T20:00:00,1,2021-11-10T20:00:00,1,1,1,55a9d41e2f1f92763aaf098fb1bb22696a1a2e68311b1a57932f4659811fba0d
bffd7a7fd4312ee922987b6298f1afca6f61dff550e9ebfae07a9c69ef2aa01b,1800,33813,2021-11-11T01:00:00,RANGE,TREND_DOWN,RANGE -> TREND_DOWN,2021-11-10T21:00:00,4,2021-11-10T21:00:00,4,4,1,de7f6ff4e316610d7acdd0c48a652dea6969eb65f17a40caba451ab93187c0ff
d6507615a7dacc03a70d88a4659261c21712013cf8f9648824711fb411fa469f,1801,33818,2021-11-11T06:00:00,TREND_DOWN,VOL_COMPRESSION,TREND_DOWN -> VOL_COMPRESSION,2021-11-11T01:00:00,5,2021-11-11T01:00:00,5,5,1,e18c6a4b86cb5e74f40a16464f6b6b31546ad7421507e8da9540867b606da2cf
47f23945678de90ecfccdae519628c2518a1327963f3d1e11baf076b9cd86f1f,1802,33934,2021-11-16T02:00:00,VOL_COMPRESSION,TREND_DOWN,VOL_COMPRESSION -> TREND_DOWN,2021-11-11T06:00:00,116,2021-11-11T06:00:00,116,116,1,db5478f965c353a3980d4faacfbc789902a09e1c958726799e52f2b4e394475c
8881e5e9205d425ccebfaa585a5f4ba7c950e4f8a5340d039fc6dc6a5b2f2d57,1803,33974,2021-11-17T18:00:00,TREND_DOWN,VOL_COMPRESSION,TREND_DOWN -> VOL_COMPRESSION,2021-11-16T02:00:00,40,2021-11-16T02:00:00,40,40,1,afecf7ea29ede8786bca29c5167b471c89a14e8f2cf40adf42915e3fa47eabc4
edde8392728fe22b2bd451fdabc537c47c8fdf82740cda4c4c57c3a794c593d7,1804,33995,2021-11-18T15:00:00,VOL_COMPRESSION,TREND_DOWN,VOL_COMPRESSION -> TREND_DOWN,2021-11-17T18:00:00,21,2021-11-17T18:00:00,21,21,1,1552aa6f440f3cf34186d8652b7564a21b434be87751df3aa37677354be2afd1
6fd3855a0e620f3b4616dd97dca0ed8196fc9f9cbd5c5101fd3028a56f965e04,1805,34016,2021-11-19T12:00:00,TREND_DOWN,VOL_COMPRESSION,TREND_DOWN -> VOL_COMPRESSION,2021-11-18T15:00:00,21,2021-11-18T15:00:00,21,21,1,61dc62ad21cbe7556aa2eefa8766a650a630d95da6285a6dce87a322dc3fbf8a
09c583b28eabacd0957ab0a04180d243e143e22e87e798eb0974a7c5c5648d62,1806,34017,2021-11-19T13:00:00,VOL_COMPRESSION,TREND_DOWN,VOL_COMPRESSION -> TREND_DOWN,2021-11-19T12:00:00,1,2021-11-19T12:00:00,1,1,1,82378f33c61280a963736bad30431e5c00337d17ddb77a6921f8baf53ef63f1c
cbd201ed425eae59b33fe0f081f8e49ec1bf58c2abffd8ddac0a3f94b9469f4f,1807,34018,2021-11-19T14:00:00,TREND_DOWN,VOL_COMPRESSION,TREND_DOWN -> VOL_COMPRESSION,2021-11-19T13:00:00,1,2021-11-19T13:00:00,1,1,1,fb89ea3d77ec1fe8d1520535a491d37eaccc17a8b0251a5380aede2dc5e6bc98
c91d5e6f7d12332da418a588ffa574da0511d8cadd45b361eef9f35dc1cfe136,1808,34089,2021-11-22T13:00:00,VOL_COMPRESSION,TREND_DOWN,VOL_COMPRESSION -> TREND_DOWN,2021-11-19T14:00:00,71,2021-11-19T14:00:00,71,71,1,8ce6036505b548a853cca4b25b46f8e288af620f5369debe2ddc88f750bc6c75
b112b9baae0fa2335d40e1a740252e403c50ec59f361c58c753d030b98b09fca,1809,34103,2021-11-23T03:00:00,TREND_DOWN,VOL_COMPRESSION,TREND_DOWN -> VOL_COMPRESSION,2021-11-22T13:00:00,14,2021-11-22T13:00:00,14,14,1,e009f6ae550bac1713a81d4efcf70b4076d00daeb1be587a542e8657e57614bf
37317bc9618786012d3341a2612d04fc79f6b839bd68d61af18f3599d3eedbc1,1810,34109,2021-11-23T09:00:00,VOL_COMPRESSION,TREND_DOWN,VOL_COMPRESSION -> TREND_DOWN,2021-11-23T03:00:00,6,2021-11-23T03:00:00,6,6,1,3f28dadcf613e02084658aa3700f18220d7664531a7ce058b89303b305e1edea
ed8d1f7937bdcf8820f86de6956f0e98a4dbf5a50d3e6ea00aa36217f7baf825,1811,34120,2021-11-23T20:00:00,TREND_DOWN,VOL_COMPRESSION,TREND_DOWN -> VOL_COMPRESSION,2021-11-23T09:00:00,11,2021-11-23T09:00:00,11,11,1,8ed991c7395f0201d660bb042386a16cb5ce8f5e70aa2f7036267c9439a1399a
15197f40cf0c1a6ec35a92fd6ebb9e28fe807eb11fc07c457fe0aef5300c9d89,1812,34180,2021-11-26T08:00:00,VOL_COMPRESSION,RANGE,VOL_COMPRESSION -> RANGE,2021-11-23T20:00:00,60,2021-11-23T20:00:00,60,60,1,b6f3b5d44eb47eb41586d1f5ea01f9b23e6b803001b70699da5a3b197217936a
2924b6f99305c645e8de5aeb1489477ef06ead31554adc0d96d6d406593cf16b,1813,34181,2021-11-26T09:00:00,RANGE,TREND_DOWN,RANGE -> TREND_DOWN,2021-11-26T08:00:00,1,2021-11-26T08:00:00,1,1,1,2d6f8c7d8ffd263d193452b98a44561c69253088fbfc143511939a064cf0e747
00579d640a220c3948cbb5345f5c55e45c7729320bc8d09041fb6c655f3c6e5a,1814,34190,2021-11-26T18:00:00,TREND_DOWN,VOL_COMPRESSION,TREND_DOWN -> VOL_COMPRESSION,2021-11-26T09:00:00,9,2021-11-26T09:00:00,9,9,1,14033ff7260635773a93c0af1eb863a3393f7fa0fde6b89085fa70defc8bbea9
3490fa04a86ef3a8864cff95734a31d9ccc22ebdbe83a39c02d1ad546f890905,1815,34196,2021-11-27T00:00:00,VOL_COMPRESSION,TREND_DOWN,VOL_COMPRESSION -> TREND_DOWN,2021-11-26T18:00:00,6,2021-11-26T18:00:00,6,6,1,fc6f8e0972bbbb9f31f5091714f5ee2c76a6e925130746082741d4a190f9b33b
9eb1efa239a2ddf052ca7bc4616da4fc25948dbc1ab35f37e387c25eb4b1e392,1816,34197,2021-11-27T01:00:00,TREND_DOWN,VOL_COMPRESSION,TREND_DOWN -> VOL_COMPRESSION,2021-11-27T00:00:00,1,2021-11-27T00:00:00,1,1,1,a514ad15b58faede153407f81d21649211b2f843a14357f6141455a0ec746059
2bcb4a3fa7a661ddc41fed3cdbf07e8e07cc5cc6779eb15eefb4e34c347c64e0,1817,34243,2021-11-28T23:00:00,VOL_COMPRESSION,RANGE,VOL_COMPRESSION -> RANGE,2021-11-27T01:00:00,46,2021-11-27T01:00:00,46,46,1,db93209986b20fa20db528ecec694fc31af98576ebe524bd49e7c3649b3cbddb
40f1a6025eba5211d6e3642ec0af0c3fa1bf08ff6df6def588b49f76fa7a460e,1818,34244,2021-11-29T00:00:00,RANGE,TREND_UP,RANGE -> TREND_UP,2021-11-28T23:00:00,1,2021-11-28T23:00:00,1,1,1,7d380efd450867b30ef1eecadfca27f683dabd816c0a3f1fea393e577cbb2084
e2bb8de895562b0c2f2fee997dc9b12d32098043ca5cb452819d9a53d434a439,1819,34247,2021-11-29T03:00:00,TREND_UP,VOL_COMPRESSION,TREND_UP -> VOL_COMPRESSION,2021-11-29T00:00:00,3,2021-11-29T00:00:00,3,3,1,5bd7d3a0ad387bfcebc9e4b36ca23f27e6b6f2ce2a5d5447fb5f053d42b201af
a3a37bb78640aac82489a5bea8528059ffaa4ecae49f36a013f6539c3c2e891b,1820,34283,2021-11-30T15:00:00,VOL_COMPRESSION,TREND_UP,VOL_COMPRESSION -> TREND_UP,2021-11-29T03:00:00,36,2021-11-29T03:00:00,36,36,1,8eca852e364a56f33235fdfb31a960fe45264d7c2eb39825431ce0d2547ed7d8
faa0e4e6e8e46a71b3c3e4b739c9ad61ec69c2fac59624fd3a815fe321e2b009,1821,34297,2021-12-01T05:00:00,TREND_UP,VOL_COMPRESSION,TREND_UP -> VOL_COMPRESSION,2021-11-30T15:00:00,14,2021-11-30T15:00:00,14,14,1,c2b13ab5f026fe13b7fe66787bfd650ab17fcc7e155d4d0b6a82f6d2c8662731
bacf4667d826739c9d137244774bd2695f4e747fd701ee472eaf09ffd5f162f4,1822,34312,2021-12-01T20:00:00,VOL_COMPRESSION,TREND_UP,VOL_COMPRESSION -> TREND_UP,2021-12-01T05:00:00,15,2021-12-01T05:00:00,15,15,1,86321dda8335fa9a8a6637489267cb689f5e1b706213dd0c637d12e6f8341412
f62de9f541090e2152d92c502eb242373747b8d341fc9e922bc23b6291d90753,1823,34313,2021-12-01T21:00:00,TREND_UP,VOL_COMPRESSION,TREND_UP -> VOL_COMPRESSION,2021-12-01T20:00:00,1,2021-12-01T20:00:00,1,1,1,738a4bc2f53df379e73e67aad46abc55a03c611e135248d8633a5977da833469
fe787d1281511484898e01b01afa068e0b8f097ca6bab2240a451d32d53e4278,1824,34332,2021-12-02T16:00:00,VOL_COMPRESSION,TREND_DOWN,VOL_COMPRESSION -> TREND_DOWN,2021-12-01T21:00:00,19,2021-12-01T21:00:00,19,19,1,ba74623e65e76d9f60f179e919b644c4c3bbf6cbd93fda81ec56f3334a7b8dfc
6db9db281c4781a8577509db138ec86f394ddac0490acddd8ae0e02a1e3696c3,1825,34333,2021-12-02T17:00:00,TREND_DOWN,VOL_COMPRESSION,TREND_DOWN -> VOL_COMPRESSION,2021-12-02T16:00:00,1,2021-12-02T16:00:00,1,1,1,9eca833aa5a5df51ef5ffc06c5d6f9997d5d8c065591f3903c27bc3498abadd8
4b6f8b76b4e2a06f1f466eb2a98501fa50c8b3206947f7c3f79f5872b7fe301a,1826,34359,2021-12-03T19:00:00,VOL_COMPRESSION,TREND_DOWN,VOL_COMPRESSION -> TREND_DOWN,2021-12-02T17:00:00,26,2021-12-02T17:00:00,26,26,1,a005d64d7264cf38f80528d5d3595db75e7dcb89d58621f172219f2dbdd3af73
418259ddd78682192a6d1671aef655be61f71b44d2f39ab31999244ff5d55917,1827,34369,2021-12-04T05:00:00,TREND_DOWN,HIGH_VOL,TREND_DOWN -> HIGH_VOL,2021-12-03T19:00:00,10,2021-12-03T19:00:00,10,10,1,9b16ce75d770a95f42aa9c281d51ebc78ce83c3ccf0e6eefd2480345fad743ac
41e6a833dd9bcfc59f2df37de5f1bad5407f140fbe07334c7304ed11d173ef74,1828,34372,2021-12-04T08:00:00,HIGH_VOL,VOL_EXPANSION,HIGH_VOL -> VOL_EXPANSION,2021-12-04T05:00:00,3,2021-12-04T05:00:00,3,3,1,4d901caa0b872044e9bf9bfd0bc3932cbe32800689d4e714ca422d03e2d95ec5
a2408e1bb3a8211fbee2a0b6ee0dd20d1b8535bf011f0fe13589c60bd8db3265,1829,34374,2021-12-04T10:00:00,VOL_EXPANSION,TREND_DOWN,VOL_EXPANSION -> TREND_DOWN,2021-12-04T08:00:00,2,2021-12-04T08:00:00,2,2,1,1115137637df2a46835daa11dd210634db6e522f0b02fa05089c0b6c6f7b7dbd
57e453c205cf865db4f6d2468dc4032a3e70b0de3e9f788325ace4821e66b13d,1830,34401,2021-12-05T13:00:00,TREND_DOWN,VOL_COMPRESSION,TREND_DOWN -> VOL_COMPRESSION,2021-12-04T10:00:00,27,2021-12-04T10:00:00,27,27,1,06cc7b83eb071950dc2dff1606fec5e91d691fed9d86b5327ce22c2af8d73573
fa53765a27bfb1d7d47c3d85105ccaa3665cccdfd949828d049625678e8d3584,1831,34403,2021-12-05T15:00:00,VOL_COMPRESSION,TREND_DOWN,VOL_COMPRESSION -> TREND_DOWN,2021-12-05T13:00:00,2,2021-12-05T13:00:00,2,2,1,00522cb8e9c53c74f390877699db31fcd73e36b7e9dfb4be4d1fe8588401af1d
c25274793e69ba62e80224467640c5f86efde461919f32568bf5a336d8a03967,1832,34416,2021-12-06T04:00:00,TREND_DOWN,VOL_COMPRESSION,TREND_DOWN -> VOL_COMPRESSION,2021-12-05T15:00:00,13,2021-12-05T15:00:00,13,13,1,c4416d266f9199a991dcaaf6ea390712877606a6972baa5a02f6f23d38209c41
07e236a136383ea5aaf6fa3bd8252d91632d1b5c64e0a1a4ed32b6fd7b03eb74,1833,34419,2021-12-06T07:00:00,VOL_COMPRESSION,TREND_DOWN,VOL_COMPRESSION -> TREND_DOWN,2021-12-06T04:00:00,3,2021-12-06T04:00:00,3,3,1,d71cda4bb8f9c49a343cfeec26e625e7fd7ba7602cc53fd19c14228a1a9003e7
82bbbc71a0a285a53ffeef4b2ab33979dbf2ccca9263c0558dc5846e62c2c009,1834,34434,2021-12-06T22:00:00,TREND_DOWN,RANGE,TREND_DOWN -> RANGE,2021-12-06T07:00:00,15,2021-12-06T07:00:00,15,15,1,d22d74af2742174902aeb2ea121aaed745fbcb6f87f1a1873fcb28effb128dc8
bfb9f46484edc9b6c616ae13d655ee728ed040ed73cbf7a767534863926ab844,1835,34439,2021-12-07T03:00:00,RANGE,TREND_UP,RANGE -> TREND_UP,2021-12-06T22:00:00,5,2021-12-06T22:00:00,5,5,1,8ef8999e0f2396b4151042ffb394e38266477171e429db6f31660a13c6ca6e1f
c4f2f95546e56eaf35f1301f41a4f6eb7c6bdd9eae44d1bb5af87e87ec1fa5e2,1836,34441,2021-12-07T05:00:00,TREND_UP,VOL_COMPRESSION,TREND_UP -> VOL_COMPRESSION,2021-12-07T03:00:00,2,2021-12-07T03:00:00,2,2,1,79d73c5608d455f14d8445370b64f862259172323aa911fc19c38c137064ac7d
d1aafcd2abfce5160f438b8a5d1c86329101706a54d1685d33c94c9ad531d17c,1837,34474,2021-12-08T14:00:00,VOL_COMPRESSION,TREND_DOWN,VOL_COMPRESSION -> TREND_DOWN,2021-12-07T05:00:00,33,2021-12-07T05:00:00,33,33,1,64826b803da20e4ede1723a31351591140758da6aa0ed25bf4ff692fd24f152d
1f46e54b773d19a16a8ca8ca53a89f4a30c0368924631541671abde3a11291c5,1838,34477,2021-12-08T17:00:00,TREND_DOWN,RANGE,TREND_DOWN -> RANGE,2021-12-08T14:00:00,3,2021-12-08T14:00:00,3,3,1,70e07129666e811d0ac320bfef0171070bcab26ab315d1941db0e2fefaf3e63a
45f4ae5403457d84e28a17b7788b59f3cae94d73771cf156c3274ee363a3765f,1839,34479,2021-12-08T19:00:00,RANGE,TREND_UP,RANGE -> TREND_UP,2021-12-08T17:00:00,2,2021-12-08T17:00:00,2,2,1,a0ea65e15c34e75497910a5d7e33e5f1775119b080a83e0adba3c50ccaba1ff9
12bd0da79617c6b1f556e25e3a647db0e084f5aed0436a7fad9d4fe27815a15f,1840,34481,2021-12-08T21:00:00,TREND_UP,VOL_COMPRESSION,TREND_UP -> VOL_COMPRESSION,2021-12-08T19:00:00,2,2021-12-08T19:00:00,2,2,1,463e2554c2fc743e0278ecca7f4e2b38a8b48b797e4a340b08f6b301486a0c87
c5303e4bb2e259ffd4f045a4db92e68c3c332818c8672ae194ea140d7c00633e,1841,34482,2021-12-08T22:00:00,VOL_COMPRESSION,TREND_UP,VOL_COMPRESSION -> TREND_UP,2021-12-08T21:00:00,1,2021-12-08T21:00:00,1,1,1,33eed9b6e9b554339bb8a9fc15b7962a56ac9b53a21480d3ff838de3cdea7a89
78012f18c274853a059b1a3cb31149d599512d3a829b81aeb2478ea5f830f67a,1842,34483,2021-12-08T23:00:00,TREND_UP,VOL_COMPRESSION,TREND_UP -> VOL_COMPRESSION,2021-12-08T22:00:00,1,2021-12-08T22:00:00,1,1,1,86b485f356755003f1f544f84d5c5a011d8b6fe3ca84ba82b7061b0fe69db71c
469d084a6fdc9109d67051ef7a774145aeaf0107096c31644ae44b62533cc3f8,1843,34492,2021-12-09T08:00:00,VOL_COMPRESSION,TREND_DOWN,VOL_COMPRESSION -> TREND_DOWN,2021-12-08T23:00:00,9,2021-12-08T23:00:00,9,9,1,2880a3fee603689db9560c49e1a2057fc8dd8fbffdc5be8f37b84e4d4317c740
f939078bf0c1653d1334de8b425dec026b015578b4d1b40e3f7426cd491d9850,1844,34494,2021-12-09T10:00:00,TREND_DOWN,VOL_COMPRESSION,TREND_DOWN -> VOL_COMPRESSION,2021-12-09T08:00:00,2,2021-12-09T08:00:00,2,2,1,69743ae89930389701d8eeb8b8447a1c29576939e0f036f24e524b435dacec3c
0052a4456beff428a56f19a4e103f11e43e42f09f8dc753b5a31201eee0dbefc,1845,34498,2021-12-09T14:00:00,VOL_COMPRESSION,TREND_DOWN,VOL_COMPRESSION -> TREND_DOWN,2021-12-09T10:00:00,4,2021-12-09T10:00:00,4,4,1,4ebf7cc26e0c5d74489ed9e7337aae8d8fad345952081b4e7e67662b0a0197c9
1ff0f079571bb1aa5215a2b12a00bee3a161c2b178892cb635c6518503faf3ea,1846,34515,2021-12-10T07:00:00,TREND_DOWN,VOL_COMPRESSION,TREND_DOWN -> VOL_COMPRESSION,2021-12-09T14:00:00,17,2021-12-09T14:00:00,17,17,1,725814a0109387adfee50372fec982a866a851c3f38a7b2fb74462d8eeaa8e4e
ff8c4ea8436b54f1ed6f67d18a4f269b1c33353970979d7494b26de4f8055b49,1847,34521,2021-12-10T13:00:00,VOL_COMPRESSION,TREND_DOWN,VOL_COMPRESSION -> TREND_DOWN,2021-12-10T07:00:00,6,2021-12-10T07:00:00,6,6,1,97c2abde4413259f68c8493d5852bc3de671a67a08d104b6729532a3df456ae5
b9a92c8800e7c691c1f89461c8bcaa71be546b7120024b2c6626de11572993f9,1848,34543,2021-12-11T11:00:00,TREND_DOWN,VOL_COMPRESSION,TREND_DOWN -> VOL_COMPRESSION,2021-12-10T13:00:00,22,2021-12-10T13:00:00,22,22,1,1853835092b289c6988f38993843e1e1cb554af2c14f4f3571770a7770f76fb3
cdfe6540bd397888105ac0bcbf888563e86c0772a4426a64807067f846d97ce0,1849,34595,2021-12-13T15:00:00,VOL_COMPRESSION,TREND_DOWN,VOL_COMPRESSION -> TREND_DOWN,2021-12-11T11:00:00,52,2021-12-11T11:00:00,52,52,1,fd15466a3b515b70c4d6492e88afb5c846bb11d1ccd1690c843e5285a3b90462
a4fd296a49e3d4e11bfc0841d404d1bf48e5f17e287eee79878bbc6cdbcda5fd,1850,34609,2021-12-14T05:00:00,TREND_DOWN,VOL_COMPRESSION,TREND_DOWN -> VOL_COMPRESSION,2021-12-13T15:00:00,14,2021-12-13T15:00:00,14,14,1,736847535afbe6d716ce9004722a6c044632d79806b3fa0e9c232b8d37a186b9
dc262157a279cd0fec9e98c984103fee94cbfa493e5dd475e69b802554efb7ae,1851,34613,2021-12-14T09:00:00,VOL_COMPRESSION,TREND_DOWN,VOL_COMPRESSION -> TREND_DOWN,2021-12-14T05:00:00,4,2021-12-14T05:00:00,4,4,1,dc2c15d2998465232f88ea1d8b4330e14a93ad90c8f36bb612c73ab34ded1e6c
712c41047cd23b9e9d04c1de31ca3a57a8a419773143a3bbe92e27898d648e10,1852,34615,2021-12-14T11:00:00,TREND_DOWN,VOL_COMPRESSION,TREND_DOWN -> VOL_COMPRESSION,2021-12-14T09:00:00,2,2021-12-14T09:00:00,2,2,1,c623d7fc436ae400fef8fc37ad41306f90bfbe580d262cd84cc379af0eb87be0
59fc1692ac74711de9a918c80994f57fae74c1c5fd2f48eec994db7d364478e7,1853,34617,2021-12-14T13:00:00,VOL_COMPRESSION,TREND_DOWN,VOL_COMPRESSION -> TREND_DOWN,2021-12-14T11:00:00,2,2021-12-14T11:00:00,2,2,1,75dc77e95b372870c137834738d569934bd3833df02200ee86f2ce2aea7900f6
f8daf3012d4556073297998c7b2108d9d9dde0b4b036c543d7d179486e77084a,1854,34618,2021-12-14T14:00:00,TREND_DOWN,VOL_COMPRESSION,TREND_DOWN -> VOL_COMPRESSION,2021-12-14T13:00:00,1,2021-12-14T13:00:00,1,1,1,fd499fb17afe6e45840f8d90f753af79e62fdfe45bf66886c9138f0a086e3afb
a25aa937dae1c7048775b88b3cc1e041c1d28d61399c804b0b15c0b8f3bfd8dd,1855,34619,2021-12-14T15:00:00,VOL_COMPRESSION,TREND_DOWN,VOL_COMPRESSION -> TREND_DOWN,2021-12-14T14:00:00,1,2021-12-14T14:00:00,1,1,1,6d895a2dfb6b784cbef94237b2b132158338791f3a2af2ea49350af5ce0d0469
c9bf0502d1897394d734609ef87646f094435922e26825854aae350fad358a2a,1856,34627,2021-12-14T23:00:00,TREND_DOWN,RANGE,TREND_DOWN -> RANGE,2021-12-14T15:00:00,8,2021-12-14T15:00:00,8,8,1,a4605397af21be8613a01f4a6f77644a68dd6b7b20bb8b509ac0ad288a70db6e
606faff18e7c0c659a9a0b6344bef0521d259a515cf3ad186cbde5d9f2ee10e7,1857,34629,2021-12-15T01:00:00,RANGE,VOL_COMPRESSION,RANGE -> VOL_COMPRESSION,2021-12-14T23:00:00,2,2021-12-14T23:00:00,2,2,1,0bce80309ad63902a849948baeba7431090fd585660c5a8fe8f36b986cf5dc89
e48ba8f05d63c3dbd88af492953213a4a8c18258e0f74875e2af9a391f6f13a3,1858,34646,2021-12-15T18:00:00,VOL_COMPRESSION,TREND_DOWN,VOL_COMPRESSION -> TREND_DOWN,2021-12-15T01:00:00,17,2021-12-15T01:00:00,17,17,1,91b3f88ce53492fdf55ea200bc451579a99f91f2e90b6a7f2ae1c7afedf8f1d3
981ebe36f19fbc93ad7cb745195ba2e80f149411b71239594f946e22506cc44d,1859,34648,2021-12-15T20:00:00,TREND_DOWN,TREND_UP,TREND_DOWN -> TREND_UP,2021-12-15T18:00:00,2,2021-12-15T18:00:00,2,2,1,852df6d6ee32a3149f41f7d4ba9bc51313881892601986187d8deca68b489c52
02960668e75ac156860b7ae1f16632504f2049e46e34fea01ce09aee6ca2eccb,1860,34654,2021-12-16T02:00:00,TREND_UP,VOL_COMPRESSION,TREND_UP -> VOL_COMPRESSION,2021-12-15T20:00:00,6,2021-12-15T20:00:00,6,6,1,643321f80a6a83076fbcca926c497673264c824204282ed0cdc6a07813faefcd
e50319bf2fce6db656f5e31359aef463218478e8bd7277bca27d5d454ada7c12,1861,34691,2021-12-17T15:00:00,VOL_COMPRESSION,TREND_DOWN,VOL_COMPRESSION -> TREND_DOWN,2021-12-16T02:00:00,37,2021-12-16T02:00:00,37,37,1,5d674be72c0080ff8fd439f1b04a93bbdd9ddd65eeecc63d481f6c278df73b8e
33ee43755e4071ac1e0d4a6bb3d9415062132beaf3b433f8df00218eaf19bee6,1862,34709,2021-12-18T09:00:00,TREND_DOWN,VOL_COMPRESSION,TREND_DOWN -> VOL_COMPRESSION,2021-12-17T15:00:00,18,2021-12-17T15:00:00,18,18,1,8fe279c45bfe53c1ff88c8e424622883a8eecf201044fc785f501bee817ceb46
c33b6efe6eba116f3997b73b41a19b72f629c51cf9289660289fc91c50b4159f,1863,34749,2021-12-20T01:00:00,VOL_COMPRESSION,TREND_DOWN,VOL_COMPRESSION -> TREND_DOWN,2021-12-18T09:00:00,40,2021-12-18T09:00:00,40,40,1,44ba15f8cf702c70e6eeb55a81b18fe53ec30671842fea60009ab2a4ad22cd27
3095a454871ff2615404e8704cb5a75a7fc48d9894dd124269063cc49ee0ce85,1864,34750,2021-12-20T02:00:00,TREND_DOWN,VOL_COMPRESSION,TREND_DOWN -> VOL_COMPRESSION,2021-12-20T01:00:00,1,2021-12-20T01:00:00,1,1,1,133f8d8930107e6beef0881d3833d369917052d48a03335ecb11916a8fcb9279
7a4ca104388cfdec940f53f7088f4647727402f19284fc44efe982493cdae3ba,1865,34987,2021-12-29T23:00:00,VOL_COMPRESSION,TREND_DOWN,VOL_COMPRESSION -> TREND_DOWN,2021-12-20T02:00:00,237,2021-12-20T02:00:00,237,237,1,d60f3578d04ad3247a9f7cc1cc1b1be81884c29151b9beacd48443ad1c04500a
1f32a8982f463ad819ee4ea3be16730d486ea6465d00ab5f79b927e4a9378b87,1866,34991,2021-12-30T03:00:00,TREND_DOWN,VOL_COMPRESSION,TREND_DOWN -> VOL_COMPRESSION,2021-12-29T23:00:00,4,2021-12-29T23:00:00,4,4,1,d82ccde70ca92c6c9f244d7b71422fc611800b979d9f0a327e197e22253e3a5f
4cb4e0e1fbbe62df867c8f3d23b9c78449e7a464d4cb8971bdc699b04f18570c,1867,35031,2021-12-31T19:00:00,VOL_COMPRESSION,TREND_DOWN,VOL_COMPRESSION -> TREND_DOWN,2021-12-30T03:00:00,40,2021-12-30T03:00:00,40,40,1,ab9925cd4d0d9fd75a151065b2f5cff1eeb88fceee6d45509f57ef7c3d95cfc8
b722976d8a1331f56edd5e25cb0ddbb32a95c9b941f278eb078a5562916320f2,1868,35034,2021-12-31T22:00:00,TREND_DOWN,VOL_COMPRESSION,TREND_DOWN -> VOL_COMPRESSION,2021-12-31T19:00:00,3,2021-12-31T19:00:00,3,3,1,ee44dd0767c0a369dd0d2a93d8d5ff3637d937a407c89434788dbb51ff6d0617
697aa7cc7e2d143c3b2cccdbc843c0d1f8abdb1eddeb962c21b36dbe8dfae1c3,1869,35127,2022-01-04T19:00:00,VOL_COMPRESSION,TREND_DOWN,VOL_COMPRESSION -> TREND_DOWN,2021-12-31T22:00:00,93,2021-12-31T22:00:00,93,93,1,71e937773519be8a310dec3cd7249fc09930d87740cb96fcfdcf0dee08b7251f
5642e0bfe11ee1237dc14662f30c5fd0b5d40a7a4abec14421b8a43da898ba52,1870,35129,2022-01-04T21:00:00,TREND_DOWN,VOL_COMPRESSION,TREND_DOWN -> VOL_COMPRESSION,2022-01-04T19:00:00,2,2022-01-04T19:00:00,2,2,1,851d8ef520f7073cb1a73c5d06a3832e32fe2ab5a14690c7ff294239cc4df703
c2ce327b5d00542903fca3c8b74502fc4266968e4e2b8ee6add97853caa5100b,1871,35151,2022-01-05T19:00:00,VOL_COMPRESSION,TREND_DOWN,VOL_COMPRESSION -> TREND_DOWN,2022-01-04T21:00:00,22,2022-01-04T21:00:00,22,22,1,678b7a22758b69fd56710fb4b9f8b39579c8a99decd29e3d7042c48d7ed51755
e223e6a29a619c5b7cfc07802a24de845cf407067b03dbbae50f13f5ef95b5fb,1872,35164,2022-01-06T08:00:00,TREND_DOWN,VOL_COMPRESSION,TREND_DOWN -> VOL_COMPRESSION,2022-01-05T19:00:00,13,2022-01-05T19:00:00,13,13,1,f040c422fa260d08bf2d39536865ec374f2bcedbeb56e9f6e6a1951daa7b4b5f
3590e2ea110006812ed29a86892673ff1e624722174a1f152ec46d3bbdb8a24f,1873,35165,2022-01-06T09:00:00,VOL_COMPRESSION,TREND_DOWN,VOL_COMPRESSION -> TREND_DOWN,2022-01-06T08:00:00,1,2022-01-06T08:00:00,1,1,1,24d3a44ee1d941e79c63dfd3b127a88392f855701be9d159951d3e33dc3ba237
62f87c45fcedd80b0fafa7145d110e215bf07dee3aca0a066c7c72fe541fc725,1874,35166,2022-01-06T10:00:00,TREND_DOWN,VOL_COMPRESSION,TREND_DOWN -> VOL_COMPRESSION,2022-01-06T09:00:00,1,2022-01-06T09:00:00,1,1,1,713e5782bd4f28ddf98cf1150ac38985aeabdcdc59fdfcda434d69d9c02d6fcc
2c4ca6bcb9f103131649f66e7e1337dc1edcb00f314b3ddfed734488175d1052,1875,35184,2022-01-07T04:00:00,VOL_COMPRESSION,TREND_DOWN,VOL_COMPRESSION -> TREND_DOWN,2022-01-06T10:00:00,18,2022-01-06T10:00:00,18,18,1,a7dc80dc5e0fa55b502f83a2df9985566f3b889b2f3154e89c9c4447d95258bf
32a0ccba6b46f92a2e512b4f4695793c1ed298bc73d74bbf81a4d840b4772eaf,1876,35185,2022-01-07T05:00:00,TREND_DOWN,VOL_COMPRESSION,TREND_DOWN -> VOL_COMPRESSION,2022-01-07T04:00:00,1,2022-01-07T04:00:00,1,1,1,982c2d46ba94a21d9ff725a05bbde5b3c5aeede5a04f27338ff398fb2d90874e
3959d3d07a44c48f0898b78eadcf76773ae74c14e24f0218ea8eb4529d3687bc,1877,35188,2022-01-07T08:00:00,VOL_COMPRESSION,TREND_DOWN,VOL_COMPRESSION -> TREND_DOWN,2022-01-07T05:00:00,3,2022-01-07T05:00:00,3,3,1,f57eae3b3faccce0ec25f86c3da7efea2259497d4afb050db58b7ecdf662846a
104bf97fde1b8650a9d75f24e064679027974787a7499a8f76bbb73a0b17a57e,1878,35192,2022-01-07T12:00:00,TREND_DOWN,VOL_COMPRESSION,TREND_DOWN -> VOL_COMPRESSION,2022-01-07T08:00:00,4,2022-01-07T08:00:00,4,4,1,5ed0f7a018c447a4554ad5501482a7c9c8a9d20684a2d5878358878dc618555d
0701fb3767c9739c520eaf518cee8628c6ce463e6033c2f640b6e69d7493678f,1879,35193,2022-01-07T13:00:00,VOL_COMPRESSION,TREND_DOWN,VOL_COMPRESSION -> TREND_DOWN,2022-01-07T12:00:00,1,2022-01-07T12:00:00,1,1,1,f5915b12b563131c09acd407066dd3e0cda93702978a5688c2a84b5479cd0663
d903875b320fadd4782964915d312eb0a3e48a27b4e43fa07df74087356e654a,1880,35206,2022-01-08T02:00:00,TREND_DOWN,VOL_COMPRESSION,TREND_DOWN -> VOL_COMPRESSION,2022-01-07T13:00:00,13,2022-01-07T13:00:00,13,13,1,52e1acc62f220a3806c1b56b2b56dace111731abee702207e7e7c4bf95c71a00
269c90158c9cdf3b1dcb922c81ed50210c641ac536b22e63151fe3eb69750ab9,1881,35225,2022-01-08T21:00:00,VOL_COMPRESSION,TREND_DOWN,VOL_COMPRESSION -> TREND_DOWN,2022-01-08T02:00:00,19,2022-01-08T02:00:00,19,19,1,0ebe43426c1b851b429c85ff9d149ebfe94f984e1274fbd1114d6444829641ea
2e2428acb37b356ac1d4636062fa34a277a2c66aa6102ad9844ba5a6a50ca0cc,1882,35229,2022-01-09T01:00:00,TREND_DOWN,VOL_COMPRESSION,TREND_DOWN -> VOL_COMPRESSION,2022-01-08T21:00:00,4,2022-01-08T21:00:00,4,4,1,57f29a1147b600156d3b92a4796bae0da973a1821f0024d53288d7d5e14ec9c9
a6ada5c15ac67ed858cef7ed889ae099376d6ed5e39b371ea87c0f3d357d2378,1883,35266,2022-01-10T14:00:00,VOL_COMPRESSION,TREND_DOWN,VOL_COMPRESSION -> TREND_DOWN,2022-01-09T01:00:00,37,2022-01-09T01:00:00,37,37,1,2d2f2ad6156f658928613c9ec43205917d1585799e4c473dc39c9db0e10463ff
40359616eb0f63cd496fd86e57f4ac074b771c00b002ad28e6f055b987d18ea5,1884,35278,2022-01-11T02:00:00,TREND_DOWN,RANGE,TREND_DOWN -> RANGE,2022-01-10T14:00:00,12,2022-01-10T14:00:00,12,12,1,f7659f1ca0ef85674c6f49fbee7d02f00029ddc257cda04c3ecdf20bdab6580a
5ad4ba371265581bfd41c94307e63a8499044dcc412f5fa73ca4f63bfb210970,1885,35279,2022-01-11T03:00:00,RANGE,VOL_COMPRESSION,RANGE -> VOL_COMPRESSION,2022-01-11T02:00:00,1,2022-01-11T02:00:00,1,1,1,aaec4968fa9d6fc9c781aae083377fc80cf53f87aec258412f12f432ff7f37c1
643d28f1d108a807fea21cdbdb52b17dc750b9806bbc23aad0f42212d7eb7690,1886,35292,2022-01-11T16:00:00,VOL_COMPRESSION,TREND_UP,VOL_COMPRESSION -> TREND_UP,2022-01-11T03:00:00,13,2022-01-11T03:00:00,13,13,1,33e586563f62e91d7b06108a3401e41a4f3de84d136a3cd4d51f46eb2c5685f8
add214e4e6e1c7c6e49ece560c224a34f85b90906612bfa886cdc999a2fc244d,1887,35297,2022-01-11T21:00:00,TREND_UP,VOL_COMPRESSION,TREND_UP -> VOL_COMPRESSION,2022-01-11T16:00:00,5,2022-01-11T16:00:00,5,5,1,88f6f85c53ecc10a5246fbdddd59041b87dead529c6b8d625927f72309ab0508
8dc24a242e78f6382a0b031a3dcb1e8932752130565ca383ad80f0bb9ee3b817,1888,35513,2022-01-20T21:00:00,VOL_COMPRESSION,TREND_UP,VOL_COMPRESSION -> TREND_UP,2022-01-11T21:00:00,216,2022-01-11T21:00:00,216,216,1,229c24e18457050485c5b5ee494a15e976e0c368265a6976271b26b658a86f8e
f492f785d3a10642b731819e00ce29cb9bb95566161d850b45bdadc4319c6354,1889,35514,2022-01-20T22:00:00,TREND_UP,RANGE,TREND_UP -> RANGE,2022-01-20T21:00:00,1,2022-01-20T21:00:00,1,1,1,8843fc640ff7016e453b5541c3246ae86232ddb05e8d6f61c9642713e2f68378
b30dd03137b992dcc600a81798dc54d944a21c0e8ae3100c0627d38bb38bdd63,1890,35515,2022-01-20T23:00:00,RANGE,TREND_DOWN,RANGE -> TREND_DOWN,2022-01-20T22:00:00,1,2022-01-20T22:00:00,1,1,1,a530bb71c183132257864d1c79b3d43d47a59ca10032c42c6c3b485dd0d7b9f0
2ea9dd4ef927a3ea8dab8618f7d1ab6742bc3d797a0f0801eb4c0f2bb780e2d1,1891,35538,2022-01-21T22:00:00,TREND_DOWN,VOL_EXPANSION,TREND_DOWN -> VOL_EXPANSION,2022-01-20T23:00:00,23,2022-01-20T23:00:00,23,23,1,b027b59d7b2dae2ecd86ceac749f442f08bb357ffa1dfc713308085f838c2fa6
36670a2be13aa8eb2ea2ad85bf07eb71cb2209a1dd3dab899042bdd1f555dbdd,1892,35541,2022-01-22T01:00:00,VOL_EXPANSION,TREND_DOWN,VOL_EXPANSION -> TREND_DOWN,2022-01-21T22:00:00,3,2022-01-21T22:00:00,3,3,1,09b86a2f1e496af8056e207eaa7eab493dc5bc7a3a0c27ee6102038766a9d604
5d2086c1b7ff674fdf45136a5578fe736d1cc01fa4bb50f01caeb4a738fc8f28,1893,35550,2022-01-22T10:00:00,TREND_DOWN,VOL_EXPANSION,TREND_DOWN -> VOL_EXPANSION,2022-01-22T01:00:00,9,2022-01-22T01:00:00,9,9,1,605387852d9c722120985f07b4c7993d5fecb828b62db7e4bf8f4d67ddb8075c
664b0733108c2dd901f572eee085a4fbb6516f7013906561d41a5880bd5ed8d9,1894,35552,2022-01-22T12:00:00,VOL_EXPANSION,TREND_DOWN,VOL_EXPANSION -> TREND_DOWN,2022-01-22T10:00:00,2,2022-01-22T10:00:00,2,2,1,d0c32c38f4302d25b0085b16b60b26e2f9bb61b32a1bc69fde133f91bd0d9e60
b370dcb6d3f12b1d7994c6c85f733c431666d0a13f01f04d344421fb6087b351,1895,35577,2022-01-23T13:00:00,TREND_DOWN,VOL_COMPRESSION,TREND_DOWN -> VOL_COMPRESSION,2022-01-22T12:00:00,25,2022-01-22T12:00:00,25,25,1,cb3f40e30a5e39bfa94669e070cc3aec9381a9f8b9bb30c01c1042f563d14c68
a1ee3bb6874fc54c16c6239c2e677ce4daa524bd0e59a40bbb6d00dbb234a019,1896,35578,2022-01-23T14:00:00,VOL_COMPRESSION,TREND_DOWN,VOL_COMPRESSION -> TREND_DOWN,2022-01-23T13:00:00,1,2022-01-23T13:00:00,1,1,1,01afc2cfe99c0209662a4ca1c34b8f27ce77ac6aaad6939fd7c178253be6d528
22a24696c75166da3f9ed774574693afff96f36c0698d65f414f5e124fa3481f,1897,35581,2022-01-23T17:00:00,TREND_DOWN,VOL_COMPRESSION,TREND_DOWN -> VOL_COMPRESSION,2022-01-23T14:00:00,3,2022-01-23T14:00:00,3,3,1,2ae56a2d3d8e98d99f992da6075e8f32023b4e0a6804a8b33caa50cdb37a21c0
ae663556e9027651e8fb792e0fc7508153135d2d37ddb8fafc22d962a1057802,1898,35582,2022-01-23T18:00:00,VOL_COMPRESSION,TREND_DOWN,VOL_COMPRESSION -> TREND_DOWN,2022-01-23T17:00:00,1,2022-01-23T17:00:00,1,1,1,77f9eaababc1b9e97346d69270a7cc4164e2cb7ebf84fdfcffc9ec18226f83f7
4833222c1907cf69a9e0c48a3f5b4553fb7911523b480e226f17d61453ca116b,1899,35605,2022-01-24T17:00:00,TREND_DOWN,VOL_EXPANSION,TREND_DOWN -> VOL_EXPANSION,2022-01-23T18:00:00,23,2022-01-23T18:00:00,23,23,1,88e80fbf12e488bb71b7f21fa20ee82e17bebc93929f52a755733a12f197276c
f18b977ccb3a566742850554b7b55c9961e41344eaf286f3fc6ce1ff6fa3d9c9,1900,35610,2022-01-24T22:00:00,VOL_EXPANSION,RANGE,VOL_EXPANSION -> RANGE,2022-01-24T17:00:00,5,2022-01-24T17:00:00,5,5,1,bdae67e3a6881639f2ea68a56a9540ab3ecce6344022ef89a7c5f0a704e68810
7f303c8bafa9a5e48fbc6544da6d4983b999f9fad14dcce5d8a4d26f720e3fb9,1901,35615,2022-01-25T03:00:00,RANGE,TREND_UP,RANGE -> TREND_UP,2022-01-24T22:00:00,5,2022-01-24T22:00:00,5,5,1,8a12feef44d1a62aebc9a5d6aea2fc0227d8fa740b18f8f03967cd5cdfd87f55
b80ad80046d57fc25847a438f055d7d30e80467424c324e110ebaf1f32619ba7,1902,35644,2022-01-26T08:00:00,TREND_UP,VOL_COMPRESSION,TREND_UP -> VOL_COMPRESSION,2022-01-25T03:00:00,29,2022-01-25T03:00:00,29,29,1,3c2609c8fbd63c40fea1647cd5c3ff1dbe85831b8e61d8e6157fddd9ea3c5774
025a4a27289362cad295763b48b965a4267c166eb2df383f79708dda3049323b,1903,35646,2022-01-26T10:00:00,VOL_COMPRESSION,TREND_UP,VOL_COMPRESSION -> TREND_UP,2022-01-26T08:00:00,2,2022-01-26T08:00:00,2,2,1,ade810285aeab0e9687217ccd8d52cf74e105f7899c42e21c1165c1af2d1aa6c
9e817616a537e9386f5c3d53cc125f316b4a1f0c75210887383549e00c17df61,1904,35648,2022-01-26T12:00:00,TREND_UP,VOL_COMPRESSION,TREND_UP -> VOL_COMPRESSION,2022-01-26T10:00:00,2,2022-01-26T10:00:00,2,2,1,1575a1b95952ecaa5e66d6a5d82d3face7a774ed1b7b994bbf5a71540327b2f7
2a0a467ee68979968f7fde238e51fdd447f9a3df6b9c7cb8a23d483563d9d10c,1905,35649,2022-01-26T13:00:00,VOL_COMPRESSION,TREND_UP,VOL_COMPRESSION -> TREND_UP,2022-01-26T12:00:00,1,2022-01-26T12:00:00,1,1,1,cf7db80ca0d946a956c6af3cd4902e53235d4a987d0993e964c36d0c72d28231
5b79bd5536a11abcc4738894006f2a7a104880f3530da509e47ec80c8ae45911,1906,35659,2022-01-26T23:00:00,TREND_UP,RANGE,TREND_UP -> RANGE,2022-01-26T13:00:00,10,2022-01-26T13:00:00,10,10,1,541cfa7f47d2f440cbca03f550f5335db2743f8d8c7efe68e8fb61fbf0c94820
9843e1e648cd14fc91a408e39ad446fb603429ead29208c676e87aaf453b5961,1907,35666,2022-01-27T06:00:00,RANGE,TREND_DOWN,RANGE -> TREND_DOWN,2022-01-26T23:00:00,7,2022-01-26T23:00:00,7,7,1,d034c12afbec15c596ebd4dace5ae3b802c0a16d069788a6ab8b6e63a85a108b
cce285688be15fe8d58c4ebb343d42bc319ef6e5215f35f0717b7ae11ff76f97,1908,35673,2022-01-27T13:00:00,TREND_DOWN,VOL_COMPRESSION,TREND_DOWN -> VOL_COMPRESSION,2022-01-27T06:00:00,7,2022-01-27T06:00:00,7,7,1,0bd43dd18712e6c4710acd71d47094ed57ce416d008206bbc30e80631b8c1f2d
dc8ec263bf28bf064e1351e5641bde7a8b96c1dd133e005085d49707bc7af3f5,1909,35674,2022-01-27T14:00:00,VOL_COMPRESSION,TREND_DOWN,VOL_COMPRESSION -> TREND_DOWN,2022-01-27T13:00:00,1,2022-01-27T13:00:00,1,1,1,5566d9abb46d2a0ebf0115e4f023cf7bb0b9ca1ce252ba35f200385f5f0301ff
6b4c4db020b00b6e0d3f00c9420e6eaf26688a74ba0f727148a619d370cea706,1910,35675,2022-01-27T15:00:00,TREND_DOWN,RANGE,TREND_DOWN -> RANGE,2022-01-27T14:00:00,1,2022-01-27T14:00:00,1,1,1,6d95e7459bf0b202403124737aeef1540a0c577a2cf066057b3fcb937937e2a8
29f2aa1ccf1b26c47a0a509624e868b1d605567a59fda1d297544f86e3744af9,1911,35677,2022-01-27T17:00:00,RANGE,TREND_DOWN,RANGE -> TREND_DOWN,2022-01-27T15:00:00,2,2022-01-27T15:00:00,2,2,1,e8f6643b53407eb1d7a20546412a3ceeb7fd65805dae66b640ff359c41464d08
a86770a1f850c5758b117f8485f37029c4cf2036cd3b040573e6a0beab18ae75,1912,35685,2022-01-28T01:00:00,TREND_DOWN,RANGE,TREND_DOWN -> RANGE,2022-01-27T17:00:00,8,2022-01-27T17:00:00,8,8,1,0692bda4cec2a3ad5d804ec91c658b13457c57d82503a225b6687873cdddb319
50979b2c36d909dd60d99b561dda2cda67764ace523838703ddc629eb9e53059,1913,35687,2022-01-28T03:00:00,RANGE,TREND_UP,RANGE -> TREND_UP,2022-01-28T01:00:00,2,2022-01-28T01:00:00,2,2,1,1ab09989ea3545d6a87a17ac705735a6ce855e6488134119e5b27190fe6b1d26
76fda754e4855b1a0bd76598b4edf166f58f4265cc2cb9f62475d36bf779b3e1,1914,35694,2022-01-28T10:00:00,TREND_UP,RANGE,TREND_UP -> RANGE,2022-01-28T03:00:00,7,2022-01-28T03:00:00,7,7,1,9a08c76ae3d6b75942abdf6fbc3ada1aee50bd363605926941f1cc77035e264b
017c040b1986c6b9ddfbca52440179bb79f2e969e3615a935183d4d1a67e9147,1915,35696,2022-01-28T12:00:00,RANGE,TREND_DOWN,RANGE -> TREND_DOWN,2022-01-28T10:00:00,2,2022-01-28T10:00:00,2,2,1,20686edd2fd1ca9b02250fd441b082ca0ad581b0ceaad3c3d099e8d498505b28
a0d34980bd5e11b1ee88fedd3c52d6815d0f16141b715437869a5252cec31b94,1916,35697,2022-01-28T13:00:00,TREND_DOWN,RANGE,TREND_DOWN -> RANGE,2022-01-28T12:00:00,1,2022-01-28T12:00:00,1,1,1,cb059d11e3d35960001675159dffcc225b7129cca384e3d247bdff5c06593333
ed9e2070770044b68391359428e4daa2d44dde5cdb344634de804ddff9d59838,1917,35699,2022-01-28T15:00:00,RANGE,TREND_UP,RANGE -> TREND_UP,2022-01-28T13:00:00,2,2022-01-28T13:00:00,2,2,1,458f126b945bd9c6778275f5cb52370de1d607a2cd68f348b47b2a77b6bcaad4
ddd35cec1703a63ddc7da5a3b6d55cfe63d18f5f9cb5da3a837bb7b3b84b252d,1918,35707,2022-01-28T23:00:00,TREND_UP,VOL_COMPRESSION,TREND_UP -> VOL_COMPRESSION,2022-01-28T15:00:00,8,2022-01-28T15:00:00,8,8,1,42790d6fda8264e4d157b84ca9ebf0ce0e7269ca1aecde31de90913d8571af49
8b14fe48f430259091cf03a5ecac842bde628d70fd7268d7f787d3b1c9f20b7f,1919,35867,2022-02-04T15:00:00,VOL_COMPRESSION,TREND_UP,VOL_COMPRESSION -> TREND_UP,2022-01-28T23:00:00,160,2022-01-28T23:00:00,160,160,1,1781aed60d26717519a0bee05f21c42e097dd174c276069839dd8618de429e5d
3f2beb7d9f9b316d178b369eed25fac2fb3dc6216a7a146e39c41a266e5dfd69,1920,35879,2022-02-05T03:00:00,TREND_UP,VOL_COMPRESSION,TREND_UP -> VOL_COMPRESSION,2022-02-04T15:00:00,12,2022-02-04T15:00:00,12,12,1,b52a078c2e9b7a2abf6769196ae390dfa4b76c7fe9a1158ca0ab656882aa8ed0
411de8dcfc7122cf9dee81e46c726d7d2c686236c8ba8b5e164cf1bad042d163,1921,35942,2022-02-07T18:00:00,VOL_COMPRESSION,TREND_UP,VOL_COMPRESSION -> TREND_UP,2022-02-05T03:00:00,63,2022-02-05T03:00:00,63,63,1,06e350e5b37dd0f6134d09fe03d2f6df1f5085922e3d56c59b27f963ecdbea89
bc3b244b556f1a222a31667ee35a5a281dee30e443ec0bae1d20cae575c55fe9,1922,35946,2022-02-07T22:00:00,TREND_UP,VOL_COMPRESSION,TREND_UP -> VOL_COMPRESSION,2022-02-07T18:00:00,4,2022-02-07T18:00:00,4,4,1,78cb08d1efe0d3be78773071d95c283fb39a5190b73383f9822aafb5ef724cb0
13a0b239a2aca0b23340c56cd41cce52b511ca501509eb925c51dc598155bc3d,1923,35956,2022-02-08T08:00:00,VOL_COMPRESSION,TREND_UP,VOL_COMPRESSION -> TREND_UP,2022-02-07T22:00:00,10,2022-02-07T22:00:00,10,10,1,9e36b82bb9283d02767e320ea84dfc8faaf249f8c96911489998ea3416906d20
472364ea74334eb79e58690d53beb70d56ed1a2747adbb9deedc755b2463c165,1924,35967,2022-02-08T19:00:00,TREND_UP,RANGE,TREND_UP -> RANGE,2022-02-08T08:00:00,11,2022-02-08T08:00:00,11,11,1,ebf37e97e885f47021311448fc967ee93c6d32fd057985e2c10355ed53b6dccd
5c6c37407227a5c6c031eac7b54b09b5e192a24282768682f1dfc0eb81bf8e50,1925,35968,2022-02-08T20:00:00,RANGE,TREND_UP,RANGE -> TREND_UP,2022-02-08T19:00:00,1,2022-02-08T19:00:00,1,1,1,065d5110af8f031eb581a9a54b2460c3ce8a29ada70c331ab666e7add38587a2
2dc345871e4484052d9c858a560c5a987c349a2205867d8d497ad9ff006aea8f,1926,35976,2022-02-09T04:00:00,TREND_UP,VOL_COMPRESSION,TREND_UP -> VOL_COMPRESSION,2022-02-08T20:00:00,8,2022-02-08T20:00:00,8,8,1,419a13e43e2b76cc5646ebf7d06b0fa43ec4ee8f978403e550b8ee545365df50
42c39194df3b4038572007ccf1a3ed3238b4a12a5dcea7ea1384ea5807abc5d4,1927,36009,2022-02-10T13:00:00,VOL_COMPRESSION,TREND_UP,VOL_COMPRESSION -> TREND_UP,2022-02-09T04:00:00,33,2022-02-09T04:00:00,33,33,1,770d82e23a6488d3ca25382c63e481629782044a0b596f21a53816852e2df732
b4385d7ae9f7e29a37b6a6a40509693ecbd1102d20148627702c9d43d044a833,1928,36019,2022-02-10T23:00:00,TREND_UP,RANGE,TREND_UP -> RANGE,2022-02-10T13:00:00,10,2022-02-10T13:00:00,10,10,1,adcbdec9ed45eac4a943dc0d93585449463ca08d90e81ed44c9413c43392678c
10c9c64c5112a13bce7824e7125e94f22117fb20e9311586d594751128b118d0,1929,36024,2022-02-11T04:00:00,RANGE,TREND_DOWN,RANGE -> TREND_DOWN,2022-02-10T23:00:00,5,2022-02-10T23:00:00,5,5,1,a44fc29ed348780bbcdccffccc63b5e902b32f4fefadae3291bfc9537a103889
c04c42edbefd36243f11e62f6beb7eee3b3d391638ca712bd327a682ad52385f,1930,36027,2022-02-11T07:00:00,TREND_DOWN,VOL_COMPRESSION,TREND_DOWN -> VOL_COMPRESSION,2022-02-11T04:00:00,3,2022-02-11T04:00:00,3,3,1,90c212e5c70ac86626d42348ebe9696ca7e9724d9af023bc55b90ac1150caf6c
2d564d267331a9e2864b0d8e58ae509fe08a0d5f9817b13993e21bf1fc56ecac,1931,36028,2022-02-11T08:00:00,VOL_COMPRESSION,TREND_DOWN,VOL_COMPRESSION -> TREND_DOWN,2022-02-11T07:00:00,1,2022-02-11T07:00:00,1,1,1,c9f4fad97c21681c0fc78f92eb3bf7a59d87f6ba141c1092bdd3acc459399c95
0dcaf8921af3ef4b983e8ee2de9c1e8e45c0c34bb4a1b170037277bd5004b63a,1932,36031,2022-02-11T11:00:00,TREND_DOWN,VOL_COMPRESSION,TREND_DOWN -> VOL_COMPRESSION,2022-02-11T08:00:00,3,2022-02-11T08:00:00,3,3,1,956ad379cbac5885f12f8e82397a3f6c306ad3c3e250dd0d0f2b35d02eedb853
2b7cb959df2e5e24dfc7a112d7d7b06eeee3c5edf55014b60d92a0ccb2ef3188,1933,36039,2022-02-11T19:00:00,VOL_COMPRESSION,TREND_DOWN,VOL_COMPRESSION -> TREND_DOWN,2022-02-11T11:00:00,8,2022-02-11T11:00:00,8,8,1,8de6f42a655d83e71714e83812997b86c2d6ca51803ad8713e71fe7d1e8e3595
0a08f0b04a8b2712739d093975b25e2b81ab69abd12ef3ac0fca6ac9591becdc,1934,36045,2022-02-12T01:00:00,TREND_DOWN,VOL_COMPRESSION,TREND_DOWN -> VOL_COMPRESSION,2022-02-11T19:00:00,6,2022-02-11T19:00:00,6,6,1,2dfd955eec5f2c6173137c4236655e64be6eeeba5b55c079c01463bfb7c7934b
90e7d18352b6ed5f8439b16335010dbeeb9e9fcc48e9addb7eab91961cb23312,1935,36182,2022-02-17T18:00:00,VOL_COMPRESSION,TREND_DOWN,VOL_COMPRESSION -> TREND_DOWN,2022-02-12T01:00:00,137,2022-02-12T01:00:00,137,137,1,cc9ea23104e5738c3c4fcad14d4bbc09fac8b1b34035b63d65858108ba06a506
d476d1b328ea7372eeaa03d3c89763f3ee0b3cefff3c891f28258ff140416528,1936,36188,2022-02-18T00:00:00,TREND_DOWN,VOL_COMPRESSION,TREND_DOWN -> VOL_COMPRESSION,2022-02-17T18:00:00,6,2022-02-17T18:00:00,6,6,1,8f2229bb70cc4675fa0d0810674dab162f43035631cc3b776f3ed273506a2c4d
350a7af5026fe3dcc7c4e273ea839a765e92afefd862d5eb3a7fe2d79d0f6cd5,1937,36189,2022-02-18T01:00:00,VOL_COMPRESSION,TREND_DOWN,VOL_COMPRESSION -> TREND_DOWN,2022-02-18T00:00:00,1,2022-02-18T00:00:00,1,1,1,5972ef44d45258d1d4c22993fc801eaf9b247dca143236f0d750ebb215ba4649
452f4647c25fbd1b8efe925da2f2957cc1b0aa838decf010826da55a9b27bbd1,1938,36190,2022-02-18T02:00:00,TREND_DOWN,VOL_COMPRESSION,TREND_DOWN -> VOL_COMPRESSION,2022-02-18T01:00:00,1,2022-02-18T01:00:00,1,1,1,9a839637bd02465f89a9f88deac38d9f70cb162dbdddc624ec0efb5f6ca0cd3f
74cdc12be89aa8c95c8eb35d02ee643bdd208cccf10067d4ee903e4e3a0d5c53,1939,36203,2022-02-18T15:00:00,VOL_COMPRESSION,TREND_DOWN,VOL_COMPRESSION -> TREND_DOWN,2022-02-18T02:00:00,13,2022-02-18T02:00:00,13,13,1,7a4c79e135df6ec2bcba0fd6ffdf64721bfff4be972bac6d80d4689085efb745
180edb97d3a0ac70edd3c6e3a6cf9f35a6fd530c2bfeb28b2cca013a439fca38,1940,36210,2022-02-18T22:00:00,TREND_DOWN,VOL_COMPRESSION,TREND_DOWN -> VOL_COMPRESSION,2022-02-18T15:00:00,7,2022-02-18T15:00:00,7,7,1,d5293af5c9166ac688135e3bea9e1820bc6ab425223aadf1a1ea5c214748108c
44aa7a212f6fe6b4b639b262ba4d42c4170bf0be620290d7638b5500bec84aaa,1941,36271,2022-02-21T11:00:00,VOL_COMPRESSION,TREND_DOWN,VOL_COMPRESSION -> TREND_DOWN,2022-02-18T22:00:00,61,2022-02-18T22:00:00,61,61,1,5c4f12b546382ed260b6ba25fd76e7a4b2b0536c553960041ada2a473fbf6236
6bc95adaa2ad0b526006eccbab0ea27d50ab9e0dad1be8eb5d0aab58f1b98468,1942,36309,2022-02-23T01:00:00,TREND_DOWN,VOL_COMPRESSION,TREND_DOWN -> VOL_COMPRESSION,2022-02-21T11:00:00,38,2022-02-21T11:00:00,38,38,1,b0f612ac9d75685aecf06fa996050c517c2efdfcfae296e5e0a7015a398f57a5
7ee16a07ad0adec93f982b886d01c350b17b75065676f4dee93fe276f21df6ad,1943,36310,2022-02-23T02:00:00,VOL_COMPRESSION,TREND_DOWN,VOL_COMPRESSION -> TREND_DOWN,2022-02-23T01:00:00,1,2022-02-23T01:00:00,1,1,1,0f80efc863beab9a2a6fe2aa64e61fbaf983d482726a74bbc6f19f7267fbd7d4
73fa8d48afd2cc35e2e4b1ad242fa89da3224682e8e75e231aa94e8c3dbf93af,1944,36311,2022-02-23T03:00:00,TREND_DOWN,VOL_COMPRESSION,TREND_DOWN -> VOL_COMPRESSION,2022-02-23T02:00:00,1,2022-02-23T02:00:00,1,1,1,3834821523787485a929c844188ac49e6edb6ce2546717b6afde3e9903706329
f87fb796cf43c33399fa471ef7193f38644ffc46e30a0705fa27f4daefb9a7fd,1945,36331,2022-02-23T23:00:00,VOL_COMPRESSION,TREND_DOWN,VOL_COMPRESSION -> TREND_DOWN,2022-02-23T03:00:00,20,2022-02-23T03:00:00,20,20,1,3dfc92e589b9a07758d0129b1380847bf731d8cd0e9b464d5f5e65fb120737d6
eb6b7311b423bf905cd36e321faada830f13483bae35ecebe4a051c8fa8e3309,1946,36353,2022-02-24T21:00:00,TREND_DOWN,RANGE,TREND_DOWN -> RANGE,2022-02-23T23:00:00,22,2022-02-23T23:00:00,22,22,1,4242f907a0c7897adad65065a72d5c31e5fb76d485ee0fc57a7bf42eeced2e69
b429320796bd44a03febcb3fda2c1510961512641f7e03486eccfa1238fe0c06,1947,36358,2022-02-25T02:00:00,RANGE,TREND_UP,RANGE -> TREND_UP,2022-02-24T21:00:00,5,2022-02-24T21:00:00,5,5,1,0acba1a1316237355551f7e57e7ed7c555ac1514a09b139cd9ece70a9e3b1ec3
2d3dd4eba245a4025e0ec0d585b00cbada5a64b9e152788b8bb1ea7c125e983f,1948,36385,2022-02-26T05:00:00,TREND_UP,VOL_COMPRESSION,TREND_UP -> VOL_COMPRESSION,2022-02-25T02:00:00,27,2022-02-25T02:00:00,27,27,1,7348a28d52936f7e83b5b53f5d026e0eee069e02ee0866e83ebf3ea4644f8d78
0e6970975a6179bc8dba749c620669e0fb40729814fc259a36ec5ba368b34cb3,1949,36388,2022-02-26T08:00:00,VOL_COMPRESSION,TREND_UP,VOL_COMPRESSION -> TREND_UP,2022-02-26T05:00:00,3,2022-02-26T05:00:00,3,3,1,de33fe7324e380fb94576a01afc4cce99d2d62d371b7b7701489a69354293dae
8d26678b03a7a81ea9abaaa88f9596983fcf6aa3b20cf9912acba118af1a9601,1950,36389,2022-02-26T09:00:00,TREND_UP,VOL_COMPRESSION,TREND_UP -> VOL_COMPRESSION,2022-02-26T08:00:00,1,2022-02-26T08:00:00,1,1,1,cc4100793f46e40e249fce20a6a13560ba20955a0204a9561e1d73596a94afc6
1bc85490a3369c1f37a103e5fa0654a862215ab751680958903ab8ca0c69e2da,1951,36417,2022-02-27T13:00:00,VOL_COMPRESSION,TREND_UP,VOL_COMPRESSION -> TREND_UP,2022-02-26T09:00:00,28,2022-02-26T09:00:00,28,28,1,8c19019ca53066830dd88e0dab3efa15dd7cf0a42dd9e2cde678196a88195f62
e770a4481b14a606c4c327c6d2d5221b51026671f5064502a06038705651a3da,1952,36422,2022-02-27T18:00:00,TREND_UP,VOL_COMPRESSION,TREND_UP -> VOL_COMPRESSION,2022-02-27T13:00:00,5,2022-02-27T13:00:00,5,5,1,54af93444f90665c81b97d163955e640500f1d36ab81b3fbd002de20ef635c61
49f285a5f8c7efd4a543b15e9010adac12843f770e3664ac92a96a6e1755c0ab,1953,36423,2022-02-27T19:00:00,VOL_COMPRESSION,RANGE,VOL_COMPRESSION -> RANGE,2022-02-27T18:00:00,1,2022-02-27T18:00:00,1,1,1,4b4875b22fd14c2754b32bc733d47f8232be6bf9653e29caef73ce712af4e1a7
9f4f1dfc56218b3c61d125665c53ef045fdaeaabeadd97c0a3a478eeba338ac4,1954,36425,2022-02-27T21:00:00,RANGE,TREND_DOWN,RANGE -> TREND_DOWN,2022-02-27T19:00:00,2,2022-02-27T19:00:00,2,2,1,e417b3f1bff6a07814915b815f92eb6d940de8bc5f349e92dd10146e9ac64017
2756555a98415cd5fa6d68a7ce8a992b360ed91bbabb6650da13ef67de0a13c7,1955,36442,2022-02-28T14:00:00,TREND_DOWN,RANGE,TREND_DOWN -> RANGE,2022-02-27T21:00:00,17,2022-02-27T21:00:00,17,17,1,9c29b369f45b47b6fceb6e4064e39ec6277ce0abe9179d903e2e43ec90eb36d3
3723f1e090c994d8b6b238bc1a7ab7b61bdba80bbf864eeb2c0b1ea91c7f2397,1956,36443,2022-02-28T15:00:00,RANGE,TREND_UP,RANGE -> TREND_UP,2022-02-28T14:00:00,1,2022-02-28T14:00:00,1,1,1,c47ea2482a0daa21428f184633a7a982762b6b97e1c910a0e86a8ebd939fcdba
4828fcf209f584c513599ec94bb7f1d084b3f4665640dfa796340216fbc7f3b4,1957,36459,2022-03-01T07:00:00,TREND_UP,VOL_COMPRESSION,TREND_UP -> VOL_COMPRESSION,2022-02-28T15:00:00,16,2022-02-28T15:00:00,16,16,1,b62f353d845cdfd126553fbec901e08d4410741cb240b4fcd82100711b4d5a05
99ced827eecf86246443cb34d3be988fb5efebd16e77458dfbb87df835d1c4e4,1958,36464,2022-03-01T12:00:00,VOL_COMPRESSION,TREND_UP,VOL_COMPRESSION -> TREND_UP,2022-03-01T07:00:00,5,2022-03-01T07:00:00,5,5,1,a283c68a107a2c13d8d168a571f5c9005c384e32f21e4ec111b015913455ae4e
13e988570f17b59d4a5b939b6b3cf8d9187877ea11c55313a5e9ce8f099c6165,1959,36481,2022-03-02T05:00:00,TREND_UP,VOL_COMPRESSION,TREND_UP -> VOL_COMPRESSION,2022-03-01T12:00:00,17,2022-03-01T12:00:00,17,17,1,f60aaa18423bb1f2c516f81aaff0af1d9587cf53f11036b661e02d868a95cfcb
945371ba51a1d16afa6443b28e296e0241d66b0ff6a4c086ff48d043b79f753b,1960,36490,2022-03-02T14:00:00,VOL_COMPRESSION,TREND_UP,VOL_COMPRESSION -> TREND_UP,2022-03-02T05:00:00,9,2022-03-02T05:00:00,9,9,1,5a6bd9eecddb3e2305d7e0b372a5e653a9deab4622c87393507dc554c7fad036
ef1434d3cf363e0056f2169709260e253a49e7e9265dfc604295898943285fdb,1961,36499,2022-03-02T23:00:00,TREND_UP,VOL_COMPRESSION,TREND_UP -> VOL_COMPRESSION,2022-03-02T14:00:00,9,2022-03-02T14:00:00,9,9,1,2998140be87837fd1af13bc7b0a460181405557ca4c45fad08433c002177244c
f41069736d6ef46af967f911b4bd9322cf3691e5495cbf936ea1337251942754,1962,36515,2022-03-03T15:00:00,VOL_COMPRESSION,TREND_UP,VOL_COMPRESSION -> TREND_UP,2022-03-02T23:00:00,16,2022-03-02T23:00:00,16,16,1,d57b4f6b1fdc6d87e94820e4886dcd1e98975e56271381185176fab4f1688a7b
5115ea31c9eff1dfab10e36f07aa8896e1a4dfface4c58c0d5b7a231b910ead3,1963,36516,2022-03-03T16:00:00,TREND_UP,RANGE,TREND_UP -> RANGE,2022-03-03T15:00:00,1,2022-03-03T15:00:00,1,1,1,d78676daf92e80d2240693f4641d53add601f1ea610175ba640b404a62b45bf6
270af00f79bdc1d05a187db2bb45d3393591f2a8809ba870947170326c37f0c5,1964,36519,2022-03-03T19:00:00,RANGE,VOL_COMPRESSION,RANGE -> VOL_COMPRESSION,2022-03-03T16:00:00,3,2022-03-03T16:00:00,3,3,1,4dbda0bc862eebe3024f186266ac64f8498669c05f6d99543edd1fa6db1a5bad
3da0ee213f1963138c3c1f103bb483b7bbec937ce10f0e4759569c308c7c2fdc,1965,36524,2022-03-04T00:00:00,VOL_COMPRESSION,TREND_DOWN,VOL_COMPRESSION -> TREND_DOWN,2022-03-03T19:00:00,5,2022-03-03T19:00:00,5,5,1,b102bb4fd8877e5398041e701dfc67bd62725432a0738eb91681bdc1f995b1f5
ea94f51ebb613236ce89d4edd330c3f7ce7dcac7a11348251f5c05597b4c42bd,1966,36527,2022-03-04T03:00:00,TREND_DOWN,VOL_COMPRESSION,TREND_DOWN -> VOL_COMPRESSION,2022-03-04T00:00:00,3,2022-03-04T00:00:00,3,3,1,a395948e171d18a32aebfdd074561f32a994a93dd76bdcc3e199b68845412666
ae6a686dc01339e9472010f46bf66c701b5adac13e2e17409714a80de73e7e4f,1967,36538,2022-03-04T14:00:00,VOL_COMPRESSION,TREND_DOWN,VOL_COMPRESSION -> TREND_DOWN,2022-03-04T03:00:00,11,2022-03-04T03:00:00,11,11,1,a787e25a441512de2c699dc5c0fc6882fa07c377963e878ba5920c0c9d35afab
b88a6304b7a7b8a310a0a67f82a62d12277d88954fa57a1e67ce931d6f716353,1968,36542,2022-03-04T18:00:00,TREND_DOWN,VOL_COMPRESSION,TREND_DOWN -> VOL_COMPRESSION,2022-03-04T14:00:00,4,2022-03-04T14:00:00,4,4,1,428fcceea43214c61ed73de17ee836ff438b50011407beb9ef19ab5c3888f000
26e5b999ef9657f9deeaf65e0f200f168612754e3ccf139ca46366e605b4b581,1969,36543,2022-03-04T19:00:00,VOL_COMPRESSION,TREND_DOWN,VOL_COMPRESSION -> TREND_DOWN,2022-03-04T18:00:00,1,2022-03-04T18:00:00,1,1,1,865e3f75c5f446d751f5779ade44e8c6d38651e2f3f58bd914791e7048be7f84
cd8a392d9ee054e10eefea1ce23bf3b818ca88c7febd68650a155601b3419a52,1970,36553,2022-03-05T05:00:00,TREND_DOWN,VOL_COMPRESSION,TREND_DOWN -> VOL_COMPRESSION,2022-03-04T19:00:00,10,2022-03-04T19:00:00,10,10,1,d025b5be59aac0f773ba1d81d7275d699f42ede5a3e3e1f713209b3475309fc0
932e4f08256ca95e477269ec4742baa76d543dfcc2cd9d23556a7d758197e756,1971,36595,2022-03-06T23:00:00,VOL_COMPRESSION,TREND_DOWN,VOL_COMPRESSION -> TREND_DOWN,2022-03-05T05:00:00,42,2022-03-05T05:00:00,42,42,1,2b3086c71393b4c01aaa811e91b18b99ca41c96e3b6ed6df0383397366e9f788
6dcf0ec18be5b6f6a9901ccb9cdcd91cd2bf9321ee33e792607b3ddcd612725c,1972,36597,2022-03-07T01:00:00,TREND_DOWN,VOL_COMPRESSION,TREND_DOWN -> VOL_COMPRESSION,2022-03-06T23:00:00,2,2022-03-06T23:00:00,2,2,1,c80a0bef890dfb6a2c195d042fad92824f8bb03031d23d98383e53280ae92417
0668f06e47a34305314c8fb7e77b4e77cb312d71ea0962a57fe6ce419b0474f1,1973,36598,2022-03-07T02:00:00,VOL_COMPRESSION,TREND_DOWN,VOL_COMPRESSION -> TREND_DOWN,2022-03-07T01:00:00,1,2022-03-07T01:00:00,1,1,1,e9109a4bdeefd277f58ba86a6d31e6ab849870454f71a376e787e9521e888af8
655271ee1f11164459f26f4e79c784faf608980e8026e261e01aaec7997f0be4,1974,36600,2022-03-07T04:00:00,TREND_DOWN,VOL_COMPRESSION,TREND_DOWN -> VOL_COMPRESSION,2022-03-07T02:00:00,2,2022-03-07T02:00:00,2,2,1,eaa48b92816ba9aeafdfc1730035b35f4f71ba257a21b36a47b41065cea710fe
ee25678593eb518dcb0cc9948a413ff7e36528fcfc1f31e43d5ac2aa12a43eee,1975,36612,2022-03-07T16:00:00,VOL_COMPRESSION,TREND_DOWN,VOL_COMPRESSION -> TREND_DOWN,2022-03-07T04:00:00,12,2022-03-07T04:00:00,12,12,1,e9662e5abe6418f07219ae21773783aec163d1784b403cc1bf8328c9f8e1e967
ae31b8fe53d521a58438c21b8b4cddd8cfdfd3e496aab08e383b68535594362e,1976,36630,2022-03-08T10:00:00,TREND_DOWN,RANGE,TREND_DOWN -> RANGE,2022-03-07T16:00:00,18,2022-03-07T16:00:00,18,18,1,3181933b94af8c205ebd72f8117b32559bbbd0dc2f913a576a12f486f2212f70
c457abf4f6be0953cefb9a6e777132dc108b059daefedff74eeeef2bd6979185,1977,36636,2022-03-08T16:00:00,RANGE,TREND_DOWN,RANGE -> TREND_DOWN,2022-03-08T10:00:00,6,2022-03-08T10:00:00,6,6,1,52bb9ce84e40f313377ffb3027641c12cc4aedb8f33bcf3f81f4bf270bce9024
d657482eaf6686c37a2daf70a707027c9d5babd37ac5b5e0768cd9c854422bd1,1978,36637,2022-03-08T17:00:00,TREND_DOWN,RANGE,TREND_DOWN -> RANGE,2022-03-08T16:00:00,1,2022-03-08T16:00:00,1,1,1,24a16cfa94addf6a44d17fffa2049bd035f25154afe311df731a0d640d8cecac
9d29734edc30b11672480d30d50eae4d5b97017061ce5d1b4a1fb7c4222cd559,1979,36638,2022-03-08T18:00:00,RANGE,TREND_DOWN,RANGE -> TREND_DOWN,2022-03-08T17:00:00,1,2022-03-08T17:00:00,1,1,1,ff0eb709ebd699d54e4762d008cfc8ed29b5b5b3e440111ca396258fec25ceeb
6b46db949af0b54364693bb7e30ac7461dae4c892372f1aae64f4333e41dc5c3,1980,36643,2022-03-08T23:00:00,TREND_DOWN,VOL_COMPRESSION,TREND_DOWN -> VOL_COMPRESSION,2022-03-08T18:00:00,5,2022-03-08T18:00:00,5,5,1,7dbd478c97c652d4a51f9011126a239d564bd8f9fe37197f02b1b44fda38daa1
3f62d3afbbb6bf08b9aa36f8a1858ef94c5cf13405f7181506dc289e85187607,1981,36647,2022-03-09T03:00:00,VOL_COMPRESSION,TREND_UP,VOL_COMPRESSION -> TREND_UP,2022-03-08T23:00:00,4,2022-03-08T23:00:00,4,4,1,7e6fcbfa532423988141af99834513efb2c950748e434fed38bdd87cf896aab5
6a38e60febad9f3b4be327fc833232b8724b92633d6eea8775feec8282f2d716,1982,36654,2022-03-09T10:00:00,TREND_UP,VOL_COMPRESSION,TREND_UP -> VOL_COMPRESSION,2022-03-09T03:00:00,7,2022-03-09T03:00:00,7,7,1,5cde54568ccc75179f04944506853456c97d7c161977e390808bee83fac9bc79
5456fe49ae825a17fe74cc368f9518141a1fbb385b8348f3533bd9fe30f53ee4,1983,36656,2022-03-09T12:00:00,VOL_COMPRESSION,TREND_UP,VOL_COMPRESSION -> TREND_UP,2022-03-09T10:00:00,2,2022-03-09T10:00:00,2,2,1,c465a5e5ec33f99146abc0e85ad70efea5fbc9f87bfa3e1956b377742c271fba
6e470f1bb8cb20265db7bd3a735402d423a30c4847c97c9897ad072e160ea3b8,1984,36659,2022-03-09T15:00:00,TREND_UP,VOL_COMPRESSION,TREND_UP -> VOL_COMPRESSION,2022-03-09T12:00:00,3,2022-03-09T12:00:00,3,3,1,7e4972616f23ff2f3740ef09d7857a58017eb2f68ddfd435ea8d8f5d8c20c59c
dc753b52fe60a6e654716f7de252b4dc080c94abd59d40894fa5f8ab03e4b5d7,1985,36669,2022-03-10T01:00:00,VOL_COMPRESSION,TREND_UP,VOL_COMPRESSION -> TREND_UP,2022-03-09T15:00:00,10,2022-03-09T15:00:00,10,10,1,f332370e8520487c0a2584bda0464958b93a625801042e53c13226d36a4dc23a
5f2db2ed4f343f553a702d7094b8ba66cb668797c02105ac6bd4df1c8cbfbdb5,1986,36673,2022-03-10T05:00:00,TREND_UP,RANGE,TREND_UP -> RANGE,2022-03-10T01:00:00,4,2022-03-10T01:00:00,4,4,1,d6013506c4f479e741aa8a8dd2c576d22b4c895eaefb57e365cd038ca6e47d95
a73b189b237268369480478f24feefb0d70c9618ee90c48af830f028d9ab7b0d,1987,36679,2022-03-10T11:00:00,RANGE,VOL_COMPRESSION,RANGE -> VOL_COMPRESSION,2022-03-10T05:00:00,6,2022-03-10T05:00:00,6,6,1,f6d5527f314cc8fc1dd9d95e8e72ab7e1f58cbe0933d398e11618786d776b092
a8a792a29841d2c130fc2e95b6abbd57dbdac2a17f3fd68bde8ca078a18e2277,1988,36681,2022-03-10T13:00:00,VOL_COMPRESSION,TREND_DOWN,VOL_COMPRESSION -> TREND_DOWN,2022-03-10T11:00:00,2,2022-03-10T11:00:00,2,2,1,4ac091e705578ab185645874d247babb580a939451fc52f39450626dce4fc2c8
d33a0dd63a7a2f5eb7a6c0126fae2bc86b87ffdeccbc835b35046bca8147a552,1989,36690,2022-03-10T22:00:00,TREND_DOWN,VOL_COMPRESSION,TREND_DOWN -> VOL_COMPRESSION,2022-03-10T13:00:00,9,2022-03-10T13:00:00,9,9,1,051edfd01084ce65e55bd7607c1217fb31eb88317c9e3ad2252211bd572da1bf
f15dab9c215715ebf2d81bb663d62a6358ce23948bd892377d1bf0f6265ea3cd,1990,36693,2022-03-11T01:00:00,VOL_COMPRESSION,TREND_DOWN,VOL_COMPRESSION -> TREND_DOWN,2022-03-10T22:00:00,3,2022-03-10T22:00:00,3,3,1,570dcae5b67722c695ea68081ffb31b3a24b5ed8b2c5daa54225071b8bde8fbc
7777ef50913bfda0eccc7bf8727f560ded08f6c7ae3465be8ce4fc98a569915e,1991,36697,2022-03-11T05:00:00,TREND_DOWN,VOL_COMPRESSION,TREND_DOWN -> VOL_COMPRESSION,2022-03-11T01:00:00,4,2022-03-11T01:00:00,4,4,1,bcbfcf5179befa79ea0e41d39851f89bc4085b0590eabca1a6fb15fce4e4658f
cb08ed49b4f7422eca3e2b2a29a4a13266464acf665f5532df97832f4206b78c,1992,36703,2022-03-11T11:00:00,VOL_COMPRESSION,TREND_DOWN,VOL_COMPRESSION -> TREND_DOWN,2022-03-11T05:00:00,6,2022-03-11T05:00:00,6,6,1,1329192ac4f40beb9472fd3dc7c9d3092bf1bf9ff6b671fcc349c2f0169d24c2
8cef8ecc330b6d1e6f7c2d14c703fa361012ed2783ddb441eda96607e812dbad,1993,36710,2022-03-11T18:00:00,TREND_DOWN,VOL_COMPRESSION,TREND_DOWN -> VOL_COMPRESSION,2022-03-11T11:00:00,7,2022-03-11T11:00:00,7,7,1,960113985cd516a28a96b1ddb3ab6fea715a44cb9534cdf8244efc9a71b131e7
afcc4ec58637069c90affc6a5a1fce209e0122eeb7f3f5171aa5e44d9b94ddae,1994,36712,2022-03-11T20:00:00,VOL_COMPRESSION,TREND_DOWN,VOL_COMPRESSION -> TREND_DOWN,2022-03-11T18:00:00,2,2022-03-11T18:00:00,2,2,1,37073ca3839e03e4bd2c368e47721f6500e3fb9c9b31b4e21dae55d8468f191c
7787e4f3c8ef0ba2ad70024a927303dd3974e7ab8505ba4262941c65605fa6f4,1995,36715,2022-03-11T23:00:00,TREND_DOWN,VOL_COMPRESSION,TREND_DOWN -> VOL_COMPRESSION,2022-03-11T20:00:00,3,2022-03-11T20:00:00,3,3,1,80f76137f5c83f104cd2b95f54e133fb50d4323c1f8fba82df3ab4effa8dc299
82999a21ccc58cc876cbfaebdf8241d0a1bb93195d7924225a8dd84ddbbd0c7f,1996,36789,2022-03-15T01:00:00,VOL_COMPRESSION,TREND_UP,VOL_COMPRESSION -> TREND_UP,2022-03-11T23:00:00,74,2022-03-11T23:00:00,74,74,1,2461f5f51ca1cd7d20686b30abc7fd5239a9c83558ae76341541177c9870301d
042a0c62fbb2094edbde5d6315a05e56c760ccce61a72102c88f685b84beafbb,1997,36790,2022-03-15T02:00:00,TREND_UP,VOL_COMPRESSION,TREND_UP -> VOL_COMPRESSION,2022-03-15T01:00:00,1,2022-03-15T01:00:00,1,1,1,9fed348a3f1720041b93cc1ae46e5130bec0f09a32cd055e16db457b87435d4e
6b6cd54a726ae0de449439cd51a506366fe649414135849e3f233a7f9d18a3cd,1998,36814,2022-03-16T02:00:00,VOL_COMPRESSION,TREND_UP,VOL_COMPRESSION -> TREND_UP,2022-03-15T02:00:00,24,2022-03-15T02:00:00,24,24,1,8e893654b4f8256793b4d53d9737ff5f4c08068a569351215a860d1eff2a177e
5b68d8282be06fe56de86170ca12cdfd47a18ab89391aa935e6baf17aaa4470b,1999,36843,2022-03-17T07:00:00,TREND_UP,VOL_COMPRESSION,TREND_UP -> VOL_COMPRESSION,2022-03-16T02:00:00,29,2022-03-16T02:00:00,29,29,1,86628412154b074b69526a9b5320e6b430c880edfd45eaae987f87312ba4677b
86da8ef2e440f17b4937de1f23e7203ca4a66813df16dea61fe1b93bea508528,2000,36962,2022-03-22T06:00:00,VOL_COMPRESSION,TREND_UP,VOL_COMPRESSION -> TREND_UP,2022-03-17T07:00:00,119,2022-03-17T07:00:00,119,119,1,103133b0e66d906a2a7df1d40b415a11fe17c192be3c9d29e5a6a43a21cda7a0
1c0917230abc1f5aeb3182c3e000cbaf4ed745c0859f50d53e0379505022ebab,2001,36963,2022-03-22T07:00:00,TREND_UP,VOL_COMPRESSION,TREND_UP -> VOL_COMPRESSION,2022-03-22T06:00:00,1,2022-03-22T06:00:00,1,1,1,84bb72daa4cc5a38299b3352497582f52ceb682a816d7b9c8d054febc0e28c52
396382a5d5dba552bf50a48028822b2ae3eacc2ff7739ed0fbb9a7851475ddf4,2002,37334,2022-04-06T18:00:00,VOL_COMPRESSION,TREND_DOWN,VOL_COMPRESSION -> TREND_DOWN,2022-03-22T07:00:00,371,2022-03-22T07:00:00,371,371,1,258639fcc8e5d406756d13e4f4940441a97a1232e18fa6321fdf74c538b37384
19cd3c929ec7de0e3feef35aaa0de076d684e2a566c75ec00f1dbea6a662d62b,2003,37337,2022-04-06T21:00:00,TREND_DOWN,VOL_COMPRESSION,TREND_DOWN -> VOL_COMPRESSION,2022-04-06T18:00:00,3,2022-04-06T18:00:00,3,3,1,2562a54832bc293a21508bbcd14a67f35afe54da04eefb0bc79a895b01cacb33
350a6f8a9528f5be71e4c4d251211c9fb81ede1dbcab2d575ff9fd3c5b9f1abb,2004,37340,2022-04-07T00:00:00,VOL_COMPRESSION,TREND_DOWN,VOL_COMPRESSION -> TREND_DOWN,2022-04-06T21:00:00,3,2022-04-06T21:00:00,3,3,1,ef0b3be633bb13cff4451bacafec40619dd207986709738669d2170813c035e8
210b978eb2d884bfba3859f9019ea066878f3d610c088ff9faef63a26c0c9a6a,2005,37342,2022-04-07T02:00:00,TREND_DOWN,VOL_COMPRESSION,TREND_DOWN -> VOL_COMPRESSION,2022-04-07T00:00:00,2,2022-04-07T00:00:00,2,2,1,1bd81467e1400585fdf6a4a18183808c64c877e634994790c17600a5371725b8
9c9fee3c7598ce85c30add678b23e4632f5ce71a8edd35c554c0eec448fa3707,2006,37455,2022-04-11T19:00:00,VOL_COMPRESSION,TREND_DOWN,VOL_COMPRESSION -> TREND_DOWN,2022-04-07T02:00:00,113,2022-04-07T02:00:00,113,113,1,8948534fe6df939bc2eaf0effdeb7637cdfb2772836f55b9b194d749fa260d4f
6e8bdfc04abe8a5a9282aaa955a9a664a5c7bde38cd5b14c40fc4c79fc351b89,2007,37463,2022-04-12T03:00:00,TREND_DOWN,VOL_COMPRESSION,TREND_DOWN -> VOL_COMPRESSION,2022-04-11T19:00:00,8,2022-04-11T19:00:00,8,8,1,5fca23a9f871bda19daf92e378ef8c3f0e2f567a930f5a8c55b346d7e7914bcc
0f77123185dd23da358a6444bb428f962e175efca4c2c19f33965fd74116a093,2008,37698,2022-04-21T22:00:00,VOL_COMPRESSION,RANGE,VOL_COMPRESSION -> RANGE,2022-04-12T03:00:00,235,2022-04-12T03:00:00,235,235,1,5b3bd21ae003f83293e54f720c41c7d904037384753d604d1f9bbb088b10b150
6840cb5ddb9823bf4ed612a372c6287c7726efc90370cb557fbc64d3eb34cfa4,2009,37699,2022-04-21T23:00:00,RANGE,VOL_COMPRESSION,RANGE -> VOL_COMPRESSION,2022-04-21T22:00:00,1,2022-04-21T22:00:00,1,1,1,93ec29bd86dfc1742abf106705610585cc8ded075216a9ffb529b31841aeca68
a7c143014c99b9eda61116e7f46c5e5583739106b6e4cd39c91d4036d2a60fb3,2010,37788,2022-04-25T16:00:00,VOL_COMPRESSION,TREND_DOWN,VOL_COMPRESSION -> TREND_DOWN,2022-04-21T23:00:00,89,2022-04-21T23:00:00,89,89,1,69dc0d81051efc16b6468a60fada9523df26c9cfda9eafbf894389a2aeb52507
b80f8cdcd3161ac006e2752c4d2df88b209f29f05eec2916e0abdefa4922a6e6,2011,37789,2022-04-25T17:00:00,TREND_DOWN,VOL_COMPRESSION,TREND_DOWN -> VOL_COMPRESSION,2022-04-25T16:00:00,1,2022-04-25T16:00:00,1,1,1,e4b7a2eca65721feb19d9865dba455599e05a68cfe80a7ea47631726999f8b40
1f61a8363dde6ae1cea6137ac1ebdb4a3823791ea1a5b907a0254daa1b32f0d4,2012,37790,2022-04-25T18:00:00,VOL_COMPRESSION,TREND_DOWN,VOL_COMPRESSION -> TREND_DOWN,2022-04-25T17:00:00,1,2022-04-25T17:00:00,1,1,1,2313fc09c6b866960f693be592dde096fdf9547f676f530525b1be2f25031470
5504b6ca3e1b7f1088edfc5b9ee348d5ce4378d3f85396a4ac0002ec209be1c5,2013,37791,2022-04-25T19:00:00,TREND_DOWN,RANGE,TREND_DOWN -> RANGE,2022-04-25T18:00:00,1,2022-04-25T18:00:00,1,1,1,07494454ac78211f718359d9974c4234774f39af7e941d81e72ce45843a4fe7a
02effdd5d23f6b34a83411614076c62c055f021fe5a31eab9709cf2728aaa597,2014,37793,2022-04-25T21:00:00,RANGE,VOL_COMPRESSION,RANGE -> VOL_COMPRESSION,2022-04-25T19:00:00,2,2022-04-25T19:00:00,2,2,1,d004f425ccebe6f7d0a485ec733ebed39f3458f1863569d0411bb619616ff7d7
97bdfb0d428bc6a5a5792d4aee9f41511bb695cea662d4d735ef50e891ff50d3,2015,37813,2022-04-26T17:00:00,VOL_COMPRESSION,TREND_DOWN,VOL_COMPRESSION -> TREND_DOWN,2022-04-25T21:00:00,20,2022-04-25T21:00:00,20,20,1,e088c62f70a9325618dd470c06088fddff2b8ba863ab6c10c0fab2481f496cb9
dad36b77b616e538793e4f474a7044b818925eecd159cbe8c50039ba5c046b1e,2016,37814,2022-04-26T18:00:00,TREND_DOWN,VOL_COMPRESSION,TREND_DOWN -> VOL_COMPRESSION,2022-04-26T17:00:00,1,2022-04-26T17:00:00,1,1,1,482127c84804983cd970f323ee41775c0c294167181163a369cbbaf56125be05
22c438ad393357ac91bc72d7b7dacef19971c9750232a7e5093b73438093fa63,2017,37815,2022-04-26T19:00:00,VOL_COMPRESSION,TREND_DOWN,VOL_COMPRESSION -> TREND_DOWN,2022-04-26T18:00:00,1,2022-04-26T18:00:00,1,1,1,edcc30613a03d93a895bf94adb62d7acf7fd79f18ebd2a597729b3464743acb6
9b7f8ee87b01c757522402356c9725c907c7cee78696653adfdf31bdac482223,2018,37821,2022-04-27T01:00:00,TREND_DOWN,VOL_COMPRESSION,TREND_DOWN -> VOL_COMPRESSION,2022-04-26T19:00:00,6,2022-04-26T19:00:00,6,6,1,1e58020f8b722eb20f4a9c13dd13a371da54776fbf49a8e4dd4e38aed52ea0c0
b5be745a6df26f557c4be7b597c7a5eddce2ac2d77698d1281ae0f68e2231890,2019,37834,2022-04-27T14:00:00,VOL_COMPRESSION,TREND_DOWN,VOL_COMPRESSION -> TREND_DOWN,2022-04-27T01:00:00,13,2022-04-27T01:00:00,13,13,1,ad7e1d4448fc8c1c82fbdf26c93188c7427594001895dd4342f64676bc439b6d
d799b04dabf5be73ae6b40077be9e27c0aaba2029a24fb617112a21a43dd925e,2020,37836,2022-04-27T16:00:00,TREND_DOWN,VOL_COMPRESSION,TREND_DOWN -> VOL_COMPRESSION,2022-04-27T14:00:00,2,2022-04-27T14:00:00,2,2,1,47c70e176484839bf28a7b9f4cea5938e768a0d9afb165e816bbd09ca20b9399
34a5c883d6d96631a9ec1e572adc8e69381b0817c0f1c922a3fa603fad86ebd6,2021,37860,2022-04-28T16:00:00,VOL_COMPRESSION,TREND_UP,VOL_COMPRESSION -> TREND_UP,2022-04-27T16:00:00,24,2022-04-27T16:00:00,24,24,1,4157a0642aa0532c1ba18eaffe0dbd3d1414154718da86208a881da91de90dab
50751a0486902cc23d39efa7243cc7df20b39ed7e09b752bc943692e4be59bf1,2022,37863,2022-04-28T19:00:00,TREND_UP,VOL_COMPRESSION,TREND_UP -> VOL_COMPRESSION,2022-04-28T16:00:00,3,2022-04-28T16:00:00,3,3,1,7b2efd4ae90a47c8e439cd2428ca2317ac8137149d206f49c620f2746b5b0f3a
849a151332cec4c431d8801ebec871f0766ca439cac063fa87cbb96ded2c81b8,2023,38027,2022-05-05T15:00:00,VOL_COMPRESSION,RANGE,VOL_COMPRESSION -> RANGE,2022-04-28T19:00:00,164,2022-04-28T19:00:00,164,164,1,95659dcc2b9e364bda2316384ff5c1a6d4e2b241fe5f2011356bf193255250e1
97ae11dedad3e887d5f89f1f1bcba3f2913e85e0938b44d7e4b52a35273e35bd,2024,38029,2022-05-05T17:00:00,RANGE,TREND_DOWN,RANGE -> TREND_DOWN,2022-05-05T15:00:00,2,2022-05-05T15:00:00,2,2,1,d5649e68cffbc701b8ef2079f9d9b6ba353695d1864fa0abc0503bf3bcff955d
09ca9316ca2789b94298d616354320fce5bee1e3ed0074063b00305c41103771,2025,38037,2022-05-06T01:00:00,TREND_DOWN,VOL_COMPRESSION,TREND_DOWN -> VOL_COMPRESSION,2022-05-05T17:00:00,8,2022-05-05T17:00:00,8,8,1,ead72ced18611e81470639aadc940ec15cd8e44984bda9829cb35bf84eca7b99
29b55c947c84b0229c2639952d477e1058d49d3e2edb400dd916943ef5c22455,2026,38048,2022-05-06T12:00:00,VOL_COMPRESSION,TREND_DOWN,VOL_COMPRESSION -> TREND_DOWN,2022-05-06T01:00:00,11,2022-05-06T01:00:00,11,11,1,fb296a2658a312f6c1dc3b4640be18c5ab6b50ac8f45f7e2ddf8f686d21afa80
24164d1ba6f1fdac17e44512afb3a81d05183b42a10e761dfa2aa3cb2f36a1bc,2027,38055,2022-05-06T19:00:00,TREND_DOWN,VOL_COMPRESSION,TREND_DOWN -> VOL_COMPRESSION,2022-05-06T12:00:00,7,2022-05-06T12:00:00,7,7,1,d7ba0650ecdf93dffd92868d347fe034ffbfba11b42f1db13e0c2b678203bc68
99e10b00bbb9740a541fa3c9ca4bfd21ecac841df7e8240a97d86117c00f462e,2028,38110,2022-05-09T02:00:00,VOL_COMPRESSION,TREND_DOWN,VOL_COMPRESSION -> TREND_DOWN,2022-05-06T19:00:00,55,2022-05-06T19:00:00,55,55,1,c32d88133901c2f0778fab7ca2cbc0fd27cedb7092579ce8cbe667ffcf3cb206
d272fa39aaa2870b304d36e8533bff34b48cf54dc7977b197227d0dc77afc7a0,2029,38112,2022-05-09T04:00:00,TREND_DOWN,VOL_COMPRESSION,TREND_DOWN -> VOL_COMPRESSION,2022-05-09T02:00:00,2,2022-05-09T02:00:00,2,2,1,574acc2311534f22065c643d06d7d54a6cb30f17cfd4fee40d1025a9fe5b1794
3f6250c8b1e7dbf098d5c7bc8d17bb9fda581f902543de91520f4b23615bf567,2030,38118,2022-05-09T10:00:00,VOL_COMPRESSION,TREND_DOWN,VOL_COMPRESSION -> TREND_DOWN,2022-05-09T04:00:00,6,2022-05-09T04:00:00,6,6,1,ac18c545a4bac5a354960b81cdb233e266dcb1b980964519e233a6e271184c32
7e459f1f46e10e87faa5d576b4eb9755289da70678fe6b0a01c25b1bfab6ad5f,2031,38128,2022-05-09T20:00:00,TREND_DOWN,VOL_EXPANSION,TREND_DOWN -> VOL_EXPANSION,2022-05-09T10:00:00,10,2022-05-09T10:00:00,10,10,1,aaec5cd034a3d138a341bdce993060013293025f39abf283703a6ab2b83f4afd
15d768bfe70a03f701028473843b6e5d195accf56d8dfb31c38008b4ddf334db,2032,38134,2022-05-10T02:00:00,VOL_EXPANSION,TREND_DOWN,VOL_EXPANSION -> TREND_DOWN,2022-05-09T20:00:00,6,2022-05-09T20:00:00,6,6,1,58256cb339e32e3dbe1fbe31a9a507d4e15e0f5c200491f8077fe8ed37d7f5b0
e319468cbf2321409f2b38a8096fd1f945d53aace7b4f3c1572568d421547a35,2033,38168,2022-05-11T12:00:00,TREND_DOWN,VOL_EXPANSION,TREND_DOWN -> VOL_EXPANSION,2022-05-10T02:00:00,34,2022-05-10T02:00:00,34,34,1,14c82e8686e70208ea09ea2ec88dc45993be8459e28fc699b79ee34d64c48519
671ac11f353e616b9ed1dc50314755f5d2c0fc6256eab19fa9dc559b23e8a7ad,2034,38174,2022-05-11T18:00:00,VOL_EXPANSION,TREND_DOWN,VOL_EXPANSION -> TREND_DOWN,2022-05-11T12:00:00,6,2022-05-11T12:00:00,6,6,1,8b736ec7e073d7c3ee368836c2b367ef7d1d123fc39d4ccb0f05ad2363634362
4f4e09c5073e8f662458869f68a17b14a2a56ab331766fb5e6c55ba47915433d,2035,38187,2022-05-12T07:00:00,TREND_DOWN,HIGH_VOL,TREND_DOWN -> HIGH_VOL,2022-05-11T18:00:00,13,2022-05-11T18:00:00,13,13,1,cf8d406879e556ade4089aaf60cb6e7027ae228a7d25c5dedb515f578571f55b
e8bfdbcbc7f530d7388697b4df2c42557982864b5f2a7275575d9e5b3f33c2ee,2036,38192,2022-05-12T12:00:00,HIGH_VOL,TREND_DOWN,HIGH_VOL -> TREND_DOWN,2022-05-12T07:00:00,5,2022-05-12T07:00:00,5,5,1,26c9b08c2d49c58f31bdaa945ea9d3d84c134f6f47f5030a025926f6f45bf6c5
867652f79aa203e4b7552b402b292c2f4a8b2b46a521e4c40d89b9a831d9acce,2037,38207,2022-05-13T03:00:00,TREND_DOWN,RANGE,TREND_DOWN -> RANGE,2022-05-12T12:00:00,15,2022-05-12T12:00:00,15,15,1,9ce53f72ad31f2fa499a9e526abbd6cc926c583b41663cf134f3a5d7620c18c9
96c77db4620731ff500e470ecf8d4d4d28b9025c83a1af17d1a512fe48d7e24f,2038,38216,2022-05-13T12:00:00,RANGE,TREND_UP,RANGE -> TREND_UP,2022-05-13T03:00:00,9,2022-05-13T03:00:00,9,9,1,8d2936eb1c03ff44b7a8639519a80715c1796dd7638bfabd389ab2a83a6af72c
3195289b1826ff3abb875c3ee0f78dff0f32a9410e7bf8be8051cf88dee1c029,2039,38224,2022-05-13T20:00:00,TREND_UP,RANGE,TREND_UP -> RANGE,2022-05-13T12:00:00,8,2022-05-13T12:00:00,8,8,1,ef66c2fa9973f5eb2eec9312edf31753a2a1b8312da09f908ef8d62749bfe248
671bb1a98ae70c7c4ba9a7e8d67e32fc390d46cab74cac6666ac9218f7106dd9,2040,38225,2022-05-13T21:00:00,RANGE,TREND_UP,RANGE -> TREND_UP,2022-05-13T20:00:00,1,2022-05-13T20:00:00,1,1,1,375610e8f22762704b89d52b0133f71d6f0b87d51906a07678cf599dae070682
aac628a0c24bafa85b960aa8b2e5406f347069e17c95a45f2d7fc2030e9330fa,2041,38227,2022-05-13T23:00:00,TREND_UP,RANGE,TREND_UP -> RANGE,2022-05-13T21:00:00,2,2022-05-13T21:00:00,2,2,1,f4558212babee378d108552e085f8d01e200f226e9c69df53a8022b8a2fbcc7c
bee5a68b9893fa597b3645e22b46d697edb78055399f7c6a0e93bed8587a8abf,2042,38228,2022-05-14T00:00:00,RANGE,TREND_DOWN,RANGE -> TREND_DOWN,2022-05-13T23:00:00,1,2022-05-13T23:00:00,1,1,1,38a1bc5079c81f7f504faf8ea98b79ee095daff9ee9a34607dd0c807af3aa6b5
af74c548d97fd6b767dd175a3f9636136d5dc65e45716d73315784d919b8b6a0,2043,38235,2022-05-14T07:00:00,TREND_DOWN,VOL_COMPRESSION,TREND_DOWN -> VOL_COMPRESSION,2022-05-14T00:00:00,7,2022-05-14T00:00:00,7,7,1,58a387e085b3a5fd806d2e9f87ffe7e58efb158e4a4d4203aa9bf6126e28d7f3
fd117a921a833045f7fb75d7dd080d04311fdd237eb52b335058e621a4d22348,2044,38240,2022-05-14T12:00:00,VOL_COMPRESSION,TREND_DOWN,VOL_COMPRESSION -> TREND_DOWN,2022-05-14T07:00:00,5,2022-05-14T07:00:00,5,5,1,53c4769c13047b5ec20fa817ee38db5b66256f2a972de2b0a1729e06dfc8e21c
7d644342ee825213129b745fed0341db4339660440fa71f1f9e38cc4a52d003a,2045,38243,2022-05-14T15:00:00,TREND_DOWN,VOL_COMPRESSION,TREND_DOWN -> VOL_COMPRESSION,2022-05-14T12:00:00,3,2022-05-14T12:00:00,3,3,1,58cbd8dc2877fa96316c949b1a4774ac538119aa5d908fad60a1c4bc01b546da
db73f0ae86dce6dfe8106c2501fa1db1fc235af2b8f832db899b2c6f77a4bb29,2046,38244,2022-05-14T16:00:00,VOL_COMPRESSION,TREND_DOWN,VOL_COMPRESSION -> TREND_DOWN,2022-05-14T15:00:00,1,2022-05-14T15:00:00,1,1,1,4a3477e20ee83a65e4081fd5229a875198a446c561e0202a7e6f69dd64a54009
02943701fb1ed29c66c47e591429f3e3c66a6769d71a8405d67b2b0b6fac2f92,2047,38250,2022-05-14T22:00:00,TREND_DOWN,RANGE,TREND_DOWN -> RANGE,2022-05-14T16:00:00,6,2022-05-14T16:00:00,6,6,1,015db2025bd63c3f57c3b1d7bfae1ec9615514e2b81d97119ae95bff602bce90
acaf32a5c50f980eda9d026491a78e20f343a5879c6592b1215b750b1a322f65,2048,38258,2022-05-15T06:00:00,RANGE,TREND_UP,RANGE -> TREND_UP,2022-05-14T22:00:00,8,2022-05-14T22:00:00,8,8,1,ee0669b017c1759b329db8f4f6f8b6f2bdbdf24a9144a9f7feab7a53b08090dc
a17f4586502a64002f98b80c9a64323c449c28224bd23b1dcc19691efc2cc43b,2049,38259,2022-05-15T07:00:00,TREND_UP,VOL_COMPRESSION,TREND_UP -> VOL_COMPRESSION,2022-05-15T06:00:00,1,2022-05-15T06:00:00,1,1,1,f230005f11d4515d334b9530a45aa366636dde8ea611ef2afac6bb7fec203fc0
be43eb6d5b97e908509597a8037ca2d6fe07bf93f06918f10361a00420e880cb,2050,38264,2022-05-15T12:00:00,VOL_COMPRESSION,TREND_UP,VOL_COMPRESSION -> TREND_UP,2022-05-15T07:00:00,5,2022-05-15T07:00:00,5,5,1,d0dce237e98f289a513062b5a07db9e3dcb0fe471766290f0189559bcc21a3bb
c52fc2d5bf060454a2b56f6d47db7ca964d099af0cf14df2c4ee6c94715687f5,2051,38265,2022-05-15T13:00:00,TREND_UP,VOL_COMPRESSION,TREND_UP -> VOL_COMPRESSION,2022-05-15T12:00:00,1,2022-05-15T12:00:00,1,1,1,b50ad5ab7da1c82cda0331842ffac52e041456c95cfd9e9096508b8c9acf9e9c
eac200ad4b00f27ef679f2b280d80659cf81ceda5d8d51121da9adbb596743bc,2052,38266,2022-05-15T14:00:00,VOL_COMPRESSION,TREND_UP,VOL_COMPRESSION -> TREND_UP,2022-05-15T13:00:00,1,2022-05-15T13:00:00,1,1,1,a5229d6ca3c8c2be8ee3eddd4909a8290b79909be81b668a50cf5950c9beea5b
d85b9951a5269518a309dcd56b5c363bbe617e3330ae04440efddd138fcadd47,2053,38268,2022-05-15T16:00:00,TREND_UP,VOL_COMPRESSION,TREND_UP -> VOL_COMPRESSION,2022-05-15T14:00:00,2,2022-05-15T14:00:00,2,2,1,aeed754552eee43d5436a50f3c0abb03baf7b234166e8db33b1366c4bc10dbc3
b0b74edba61ec338912847007033f8f0ef9f728e60a7baeb4694d7f480cac7dd,2054,38270,2022-05-15T18:00:00,VOL_COMPRESSION,TREND_UP,VOL_COMPRESSION -> TREND_UP,2022-05-15T16:00:00,2,2022-05-15T16:00:00,2,2,1,71d57a927cfb2dcd69c270ab6514dfc9050e48f5e174f3f16662b8e6d9f6ea46
3229936f56f13e8f79e2978c847eb02f86d911b68b571db41ae997a6d79c67cf,2055,38271,2022-05-15T19:00:00,TREND_UP,VOL_COMPRESSION,TREND_UP -> VOL_COMPRESSION,2022-05-15T18:00:00,1,2022-05-15T18:00:00,1,1,1,416d17ea2746a0544b328daacf02dd0014bc13bfb75f001480f449b975a9b90a
cbd0669b6f1eb53e06252f51ba381468a733e9ff93364ef1d54e68ade386b81a,2056,38272,2022-05-15T20:00:00,VOL_COMPRESSION,TREND_UP,VOL_COMPRESSION -> TREND_UP,2022-05-15T19:00:00,1,2022-05-15T19:00:00,1,1,1,9a840a6a15b70bf9602ae0f16701a8d859f4ba61249ba87c1b2568520195d7a8
6ed099d52209034c4585e5d3e30f0d8522b83b277c16f58ef90c35f2a5fa31d5,2057,38281,2022-05-16T05:00:00,TREND_UP,VOL_COMPRESSION,TREND_UP -> VOL_COMPRESSION,2022-05-15T20:00:00,9,2022-05-15T20:00:00,9,9,1,53aee5595f7557a79217c09990dd19d43c1518eaafaf276fa624691a57813188
0373157a74428a57820b44c591f9b47d5244c82accef14f523bad8153e14be61,2058,38282,2022-05-16T06:00:00,VOL_COMPRESSION,TREND_UP,VOL_COMPRESSION -> TREND_UP,2022-05-16T05:00:00,1,2022-05-16T05:00:00,1,1,1,015be99071e82ee892f63003c9fed087c9387ebb80204f5214bc6f7570439905
b59b5d5205c2ca52ee2fbc7aed2032984a167f9a5645250daf05b55c5fafa6a8,2059,38283,2022-05-16T07:00:00,TREND_UP,RANGE,TREND_UP -> RANGE,2022-05-16T06:00:00,1,2022-05-16T06:00:00,1,1,1,07a55629ed5961ab809fdf2f670bc62839d0c3ef18febb7d7b5301b890a0038b
03d888664953253d81a92fe54709fe30afe59c5654d7c255e887c9e8f4868e4c,2060,38292,2022-05-16T16:00:00,RANGE,TREND_DOWN,RANGE -> TREND_DOWN,2022-05-16T07:00:00,9,2022-05-16T07:00:00,9,9,1,c80f36a0c99e8a7df0e32d0793f2234c25a7eaf84a63def6897d54db7466504f
3bbed8acba38c5a95bb2ac2b43103960f51c90763f5f226ca634ebabebea5181,2061,38300,2022-05-17T00:00:00,TREND_DOWN,RANGE,TREND_DOWN -> RANGE,2022-05-16T16:00:00,8,2022-05-16T16:00:00,8,8,1,90df7ccd8a6bb265c38dec5de687088be3188b4607525e793f147f7d818af521
32286bdbc825bf850deb9ffd569adc8e547b95d120d8a6b970f66028e718fed1,2062,38303,2022-05-17T03:00:00,RANGE,TREND_UP,RANGE -> TREND_UP,2022-05-17T00:00:00,3,2022-05-17T00:00:00,3,3,1,ab137f4bda0e3f1dc76222069579300091015bf87fe4ab1333ddd62d9c9b80bc
fe50266153279bc4bc6c0378eaac4af48b4fef450400e976b3b0e5d453adb630,2063,38305,2022-05-17T05:00:00,TREND_UP,VOL_COMPRESSION,TREND_UP -> VOL_COMPRESSION,2022-05-17T03:00:00,2,2022-05-17T03:00:00,2,2,1,0a76767953995882c9274b60bf8e5c2c5cb2f4faa763108a72f782932768f11c
14238ce78747aa737d69a0aa969c6e716b9606bea870d97391dc6befaa417197,2064,38318,2022-05-17T18:00:00,VOL_COMPRESSION,RANGE,VOL_COMPRESSION -> RANGE,2022-05-17T05:00:00,13,2022-05-17T05:00:00,13,13,1,a0510873eec574730ca205e0bc0d7f2a8ecbae816ff98e527f18a57334f95066
070f41f1e12ddbba56b65ff0af4fc539381a650e434ba7dfb8a715b2d94a621b,2065,38321,2022-05-17T21:00:00,RANGE,TREND_UP,RANGE -> TREND_UP,2022-05-17T18:00:00,3,2022-05-17T18:00:00,3,3,1,4ed60c9ff2eb2d4c460f61d79eade1aa15b0a5951642d6cfee9b604f5d9ddb12
93ca3e5d80f305c61865ce6e907e218f996c727606e0ae881956802f46c5b89b,2066,38324,2022-05-18T00:00:00,TREND_UP,VOL_COMPRESSION,TREND_UP -> VOL_COMPRESSION,2022-05-17T21:00:00,3,2022-05-17T21:00:00,3,3,1,590b171c1ae1c96f134d11a3004a49851650bf029daad908cb162535d9868b37
bf6a439df5ba3700c47202c2c1108305b9df97630e2a4ac063c8b33fb5008f2c,2067,38325,2022-05-18T01:00:00,VOL_COMPRESSION,TREND_UP,VOL_COMPRESSION -> TREND_UP,2022-05-18T00:00:00,1,2022-05-18T00:00:00,1,1,1,a196a655821f851fa6370d4b53ec13cae12ce9ba3e8e5d650c4e746c4f16987e
ceec0efff149acd666a0e0d4d631ace4e50bf7d8a19196252164982ff806ba8c,2068,38326,2022-05-18T02:00:00,TREND_UP,VOL_COMPRESSION,TREND_UP -> VOL_COMPRESSION,2022-05-18T01:00:00,1,2022-05-18T01:00:00,1,1,1,80d701c9db2b10ab35c91b06b604cc8d215722c86245c713652ab7928452a339
2f9bb88132d87993d8cf02dbb05726813804925b5fbc1cf852351195d4e0ce67,2069,38327,2022-05-18T03:00:00,VOL_COMPRESSION,TREND_UP,VOL_COMPRESSION -> TREND_UP,2022-05-18T02:00:00,1,2022-05-18T02:00:00,1,1,1,4ffaa04751ef790ff4a91ab6ce0755bf78b0c636c8b0bd9547bda4dec7d0a648
9215fe434affd1ec1ec3dc97fb75a91fc5a31fcc872f31b159170a750aab4767,2070,38328,2022-05-18T04:00:00,TREND_UP,VOL_COMPRESSION,TREND_UP -> VOL_COMPRESSION,2022-05-18T03:00:00,1,2022-05-18T03:00:00,1,1,1,14954fcd7f0bbf7e2d9157e75411f2f915878ee23184fa8cd79450c74bf69971
64ddc36c5bdcb9be42dcf84949496f842c6c2767f6f5743fa10bccaed8e90899,2071,38340,2022-05-18T16:00:00,VOL_COMPRESSION,TREND_DOWN,VOL_COMPRESSION -> TREND_DOWN,2022-05-18T04:00:00,12,2022-05-18T04:00:00,12,12,1,6c03d57df5f2627983f1b71608d0bb124cb9a3b3488aa4996a004be9631d620c
9b6b6e84add868e8f75d3bf6cabbc9a046bd69658b86be976d84420378caef60,2072,38345,2022-05-18T21:00:00,TREND_DOWN,VOL_COMPRESSION,TREND_DOWN -> VOL_COMPRESSION,2022-05-18T16:00:00,5,2022-05-18T16:00:00,5,5,1,b22d27a265aeb35d22080119db6f4473a3265b6abd1e30c96b461da228c8ca26
207e59e167c825ad476a52c71a17a2c5e2f2e549390cf52990d0a66082c976be,2073,38346,2022-05-18T22:00:00,VOL_COMPRESSION,TREND_DOWN,VOL_COMPRESSION -> TREND_DOWN,2022-05-18T21:00:00,1,2022-05-18T21:00:00,1,1,1,4f0be996552c2f57eb77957e35954ec52060949b0d05a1c6b1fe3cd63168fec7
e3cabd213663d9a9dedb7626d949167011d93f1ca58cf3cdd719c3d3f7465022,2074,38353,2022-05-19T05:00:00,TREND_DOWN,VOL_COMPRESSION,TREND_DOWN -> VOL_COMPRESSION,2022-05-18T22:00:00,7,2022-05-18T22:00:00,7,7,1,54d9b263ac08340b071ff360ba3ca4475adc0584003050a3265721adebd7dd38
d76f707ed9eb6ca4f3ee143d1114d84951fc8bd639b33904999dcdf65dcd566b,2075,38363,2022-05-19T15:00:00,VOL_COMPRESSION,RANGE,VOL_COMPRESSION -> RANGE,2022-05-19T05:00:00,10,2022-05-19T05:00:00,10,10,1,db55b38db950f8aaf89a280c60903d6a28b8b999861364b86b5730369154e770
8fe495434c1d275e46f71883a4edabf04797ad3f910883abbb6681c427a4e2d6,2076,38367,2022-05-19T19:00:00,RANGE,TREND_UP,RANGE -> TREND_UP,2022-05-19T15:00:00,4,2022-05-19T15:00:00,4,4,1,4b4aa2d0985d7d7bb15a8ac98a3a796c885105af994a0279cb57e6b251955c61
0c9b9985c339cb9e95d42c1dce6c55eb87595cf0cce46b0dea13c3d1fbf98f94,2077,38369,2022-05-19T21:00:00,TREND_UP,VOL_COMPRESSION,TREND_UP -> VOL_COMPRESSION,2022-05-19T19:00:00,2,2022-05-19T19:00:00,2,2,1,37a87bc269bb62186e87a2a294c0c37964403d0d758516cc2b8a16665b1430e5
c2a29ca2f67604f519b4658bb1eea39bdbe27eb5f029c4d8e5a5f715f987f853,2078,38386,2022-05-20T14:00:00,VOL_COMPRESSION,TREND_UP,VOL_COMPRESSION -> TREND_UP,2022-05-19T21:00:00,17,2022-05-19T21:00:00,17,17,1,88b92826120de83a56dd05fcc39eb263af321b144ef0e2b04db748803509ed2a
ad02cd969fc98691fc77c74eb2bafd54607392c1c7d34170b69760118e2e18db,2079,38388,2022-05-20T16:00:00,TREND_UP,RANGE,TREND_UP -> RANGE,2022-05-20T14:00:00,2,2022-05-20T14:00:00,2,2,1,af754ff54becaf2ee330f92c0a939426abf74749c999e3cb93a7ed5c028894a1
4066972830cc2078d64f17d6079e5cfaafcbdad1b9d13f12914abe98f279b9ea,2080,38389,2022-05-20T17:00:00,RANGE,TREND_DOWN,RANGE -> TREND_DOWN,2022-05-20T16:00:00,1,2022-05-20T16:00:00,1,1,1,dcb27dba92a5efb19cf10d4e0cadfea75a7c4056407c0db9281ba0dffd8610cd
d645840ddff648f416793ece25dd25a6f6aecc384f6fc58778d9673a81685f1f,2081,38393,2022-05-20T21:00:00,TREND_DOWN,VOL_COMPRESSION,TREND_DOWN -> VOL_COMPRESSION,2022-05-20T17:00:00,4,2022-05-20T17:00:00,4,4,1,fb0fa25e6132a60bb4749358aed21036171be3923e25d4c1fd6f1b74c4fc36d1
c7ae41e83669002681777badd310daee95d657d92bf98f6db3422e0fc26761dd,2082,38463,2022-05-23T19:00:00,VOL_COMPRESSION,RANGE,VOL_COMPRESSION -> RANGE,2022-05-20T21:00:00,70,2022-05-20T21:00:00,70,70,1,25036c8e834a0c76db9f170e5d908d3a1b7103e79779f0a8084734ff3247a1eb
1e337b26f8c0e88274083a3fa1341559049fa542ffe9c9ee4f9fa84457d63a40,2083,38465,2022-05-23T21:00:00,RANGE,VOL_COMPRESSION,RANGE -> VOL_COMPRESSION,2022-05-23T19:00:00,2,2022-05-23T19:00:00,2,2,1,224a2901ffff4f1e1d2667c663fdf6f08054898e817372e9f938ae4359f0dd5c
2ddac50f457679b62b559a959a1337d45a6ec3dc03cda9cccf9d3af26b98e31e,2084,38529,2022-05-26T13:00:00,VOL_COMPRESSION,TREND_DOWN,VOL_COMPRESSION -> TREND_DOWN,2022-05-23T21:00:00,64,2022-05-23T21:00:00,64,64,1,c45eafb900ada40875506d2ec89377f4389a47bc664d7f65f5c7f8658c9aea9f
8619277cd7280ea3b70da2ab26a587d1d82392bad5d1aeb4e940b6cece4759cd,2085,38534,2022-05-26T18:00:00,TREND_DOWN,VOL_COMPRESSION,TREND_DOWN -> VOL_COMPRESSION,2022-05-26T13:00:00,5,2022-05-26T13:00:00,5,5,1,2fa6ff3de2b1c0beaeb5ef890370188059ad591d1048957f00aed09b9a61687a
bf0ecf2b9bac73b106124ad5fe7cb3f19f8511dc3564d6fb7c42f785ec6986ab,2086,38554,2022-05-27T14:00:00,VOL_COMPRESSION,TREND_DOWN,VOL_COMPRESSION -> TREND_DOWN,2022-05-26T18:00:00,20,2022-05-26T18:00:00,20,20,1,b6d159a3c769bb21cd7ff04b0289768a9293ea97feb1408dbfcd700020d77b91
eaa9799c98fb7a4b58720ae90223971264c471c5183fd9bec8c16abc4ed6c454,2087,38556,2022-05-27T16:00:00,TREND_DOWN,VOL_COMPRESSION,TREND_DOWN -> VOL_COMPRESSION,2022-05-27T14:00:00,2,2022-05-27T14:00:00,2,2,1,cc022a635206c2c7f66eb217a897f0a3e339cbf61b45b3112b5e8f4eea3c234f
b63da0b02915258b0c140a07b2939386d478592578641d0c53fb76767c10ec0d,2088,38557,2022-05-27T17:00:00,VOL_COMPRESSION,TREND_DOWN,VOL_COMPRESSION -> TREND_DOWN,2022-05-27T16:00:00,1,2022-05-27T16:00:00,1,1,1,0d4a5933173fb826ebf0544de11f9dbb9fd0dba4d334dd2101ca4d1c93cf37b8
837e0b4143f0961da2f6bb523a8e84342319365f991459ad8204a36ea7a2c5f4,2089,38562,2022-05-27T22:00:00,TREND_DOWN,VOL_COMPRESSION,TREND_DOWN -> VOL_COMPRESSION,2022-05-27T17:00:00,5,2022-05-27T17:00:00,5,5,1,6853f1b13e323342a565fa08a9da6a01e7e4d09380ec95ed1a3ac7c82ebb7e17
49fbfe69d1cc9d3c7b83d4cdc9c4a9d979d2f758130250b7e808e06c243413c0,2090,38633,2022-05-30T21:00:00,VOL_COMPRESSION,TREND_UP,VOL_COMPRESSION -> TREND_UP,2022-05-27T22:00:00,71,2022-05-27T22:00:00,71,71,1,2fb0c7d2eb22a944b2222d830691c4b36728eada75aeaeef43533b6a2029dd6a
4669de9fbdc6d4bdc62c5bf8bffebbdf2e69c8ab702582b57c7ad6d34720ffd8,2091,38637,2022-05-31T01:00:00,TREND_UP,VOL_COMPRESSION,TREND_UP -> VOL_COMPRESSION,2022-05-30T21:00:00,4,2022-05-30T21:00:00,4,4,1,e723a8982fc788664d9782cb9a3238e6ab803ef831e2774ce8126cf51750e899
70d4af1824233d3e30de7751a68e192a4ecf545a33ceea0e851ac504dc6ea704,2092,38652,2022-05-31T16:00:00,VOL_COMPRESSION,TREND_UP,VOL_COMPRESSION -> TREND_UP,2022-05-31T01:00:00,15,2022-05-31T01:00:00,15,15,1,288fcbf26bf3884f47ff60963eb3459b081d049a3b1710056b808812083a8198
320849cd07c22eff0c1fad769d0f44b91c7aa1de251e995858af20c3d889083a,2093,38653,2022-05-31T17:00:00,TREND_UP,VOL_COMPRESSION,TREND_UP -> VOL_COMPRESSION,2022-05-31T16:00:00,1,2022-05-31T16:00:00,1,1,1,8c53bfb92a9416df04205c30ab4ce14947cee7e0774a0bf6751f347c5795683c
7dd7ec566a8ac74d1bcac5936ea352bb90488a2e9db5161ed098833a20015d0d,2094,38654,2022-05-31T18:00:00,VOL_COMPRESSION,TREND_UP,VOL_COMPRESSION -> TREND_UP,2022-05-31T17:00:00,1,2022-05-31T17:00:00,1,1,1,55044e84f842487767895685110122cf74f8baa5339d22bc1173fcfbe4b5b393
1c7de81eed86851b1d4b978eb00a7a9fbd7a25e3ed5dfc0876a8552821503d47,2095,38656,2022-05-31T20:00:00,TREND_UP,VOL_COMPRESSION,TREND_UP -> VOL_COMPRESSION,2022-05-31T18:00:00,2,2022-05-31T18:00:00,2,2,1,9097c51cc3da9d12327fe44437d5117685a85b2de4a5f32bc34cf2965c772b16
28350a660669bbbfab9ecc860b4c6620e9ce426b0bfab41ba6e412d809477c12,2096,38677,2022-06-01T17:00:00,VOL_COMPRESSION,RANGE,VOL_COMPRESSION -> RANGE,2022-05-31T20:00:00,21,2022-05-31T20:00:00,21,21,1,47f594f8b7581cbd3eab48c1eae7db870685e2c380be4c26bc0057bf37f428ec
5ce750de1f8e9876dfe137ae8f98d1479f1e14bc65fd2f9c5d226bc5666e7cc4,2097,38679,2022-06-01T19:00:00,RANGE,TREND_DOWN,RANGE -> TREND_DOWN,2022-06-01T17:00:00,2,2022-06-01T17:00:00,2,2,1,0751d3c3627d445a3225b49c4c1f9aeced56f0ab38d752d186255274fe2d88f1
726fae9e525839e35d32f2fcce3884f393689a50b380b5e77a4c956590eeb8a2,2098,38685,2022-06-02T01:00:00,TREND_DOWN,VOL_COMPRESSION,TREND_DOWN -> VOL_COMPRESSION,2022-06-01T19:00:00,6,2022-06-01T19:00:00,6,6,1,c47142e68dafbca2f2662afbf37004a27962ab0f112a5141fd907a0ce6aa4eee
576bf8924ceabb351fe128f780da0e55bdba2547b04ef79c2291cfb346929a23,2099,38804,2022-06-07T00:00:00,VOL_COMPRESSION,TREND_UP,VOL_COMPRESSION -> TREND_UP,2022-06-02T01:00:00,119,2022-06-02T01:00:00,119,119,1,876b09f80c53efbd37566833fed95d2b916c32d170af91618603d5863673fb75
5dc2ad610d34d030147968a1cec6781a297e01acaf439c67b0ac88103180093f,2100,38806,2022-06-07T02:00:00,TREND_UP,RANGE,TREND_UP -> RANGE,2022-06-07T00:00:00,2,2022-06-07T00:00:00,2,2,1,a6a1120311b4ffbace54ba16752f45900c1fb26970cb04bc6dbd837a03c575e7
a4a1ba6289a6b8a328a49e95821a22aa6c0a0c07c8c7052c05dcac2f30b7ae53,2101,38810,2022-06-07T06:00:00,RANGE,VOL_COMPRESSION,RANGE -> VOL_COMPRESSION,2022-06-07T02:00:00,4,2022-06-07T02:00:00,4,4,1,b23ac620e983e77647e9245ca86c7b09e729f70533766d679b9824c440088e4a
d1136d22b32f8a589b30ce9b16abce7221b24ced6dafd4088d1d57bcf04bbe2b,2102,38823,2022-06-07T19:00:00,VOL_COMPRESSION,TREND_DOWN,VOL_COMPRESSION -> TREND_DOWN,2022-06-07T06:00:00,13,2022-06-07T06:00:00,13,13,1,668a84f1b1c6993b511e03d37db975016da84cf47ae0a4a7964a3cb71c720eea
ddb60ec5ffb9b9b6fe53f419fa1fc1bae6238430999a1c49868a969035317cf7,2103,38824,2022-06-07T20:00:00,TREND_DOWN,RANGE,TREND_DOWN -> RANGE,2022-06-07T19:00:00,1,2022-06-07T19:00:00,1,1,1,f958593543b68a6abd467079fad62928147130a9e139d716aa924b7cf330da00
70775f146b775fedb454041b1f45d34f1f1258f47f301f0b4bdfaa37aaf698e0,2104,38826,2022-06-07T22:00:00,RANGE,TREND_UP,RANGE -> TREND_UP,2022-06-07T20:00:00,2,2022-06-07T20:00:00,2,2,1,17b43de3f42bafb35de4f700d8c476013de06aaba99216b2f4abc68a016ff9d0
e593cf8f30105204170fa3abfd9c53f84a4b26cc65715dead1d298345366b87c,2105,38835,2022-06-08T07:00:00,TREND_UP,RANGE,TREND_UP -> RANGE,2022-06-07T22:00:00,9,2022-06-07T22:00:00,9,9,1,00b9280dedd3a50a66c60403c402785d6466a14496c7228f3a4db4c6a0e8ca69
e91cd21f81c75aef2695399afa7ae1a2f15864b27d9e95071265b908293d6237,2106,38836,2022-06-08T08:00:00,RANGE,TREND_UP,RANGE -> TREND_UP,2022-06-08T07:00:00,1,2022-06-08T07:00:00,1,1,1,399a9dc620086e9be2393502a4cff88a43982a469d41d97237c1042e3e252e78
8505beb4ee60f845244f29359127f42aa258c3780fd46b0670614e2761938c08,2107,38839,2022-06-08T11:00:00,TREND_UP,VOL_COMPRESSION,TREND_UP -> VOL_COMPRESSION,2022-06-08T08:00:00,3,2022-06-08T08:00:00,3,3,1,9738e8aac1ec7f3761363b579c98b1114c038fbd921a51cd248c9130671d91e5
778c61e38066e3ae1d38ff6504127f018ef9e68327ca357583e30a16642f060b,2108,38841,2022-06-08T13:00:00,VOL_COMPRESSION,RANGE,VOL_COMPRESSION -> RANGE,2022-06-08T11:00:00,2,2022-06-08T11:00:00,2,2,1,2d7e57d079ced2a7dc6cb219a01a33ea74ce6a325964435ad42f87ba61c44181
b7d858492aed9ae971ecbbc16ec082bbfbe8a8a4f923e933f0dafe516b5987b8,2109,38845,2022-06-08T17:00:00,RANGE,VOL_COMPRESSION,RANGE -> VOL_COMPRESSION,2022-06-08T13:00:00,4,2022-06-08T13:00:00,4,4,1,781897d94ce38d49dbd41cb2e8d475dccf66722bb7274d2c2f27a64336800bf7
bacfc1c40cba7af3154badaf93646b90cf82c23a26bf5a20998712a00e284691,2110,38846,2022-06-08T18:00:00,VOL_COMPRESSION,RANGE,VOL_COMPRESSION -> RANGE,2022-06-08T17:00:00,1,2022-06-08T17:00:00,1,1,1,dc7674b43d1b19180ba8c84b5c984cc0a3fb4f98dd08eea2ca9d95ab5c6836b5
1369c5e40f4578eff21d2ba78bd6ec50a7962d7b8787e22f8627c186782df7aa,2111,38847,2022-06-08T19:00:00,RANGE,TREND_DOWN,RANGE -> TREND_DOWN,2022-06-08T18:00:00,1,2022-06-08T18:00:00,1,1,1,7a28c4b07a7768167757222b85d10aac2aec4b2e900c734f96d0d1dd6bb9003b
7a8f742c43dd5d04e41fd24b293c76c19b527f1bc976cefd971da6082c080af9,2112,38848,2022-06-08T20:00:00,TREND_DOWN,VOL_COMPRESSION,TREND_DOWN -> VOL_COMPRESSION,2022-06-08T19:00:00,1,2022-06-08T19:00:00,1,1,1,eaee3635e3ceb8181b380d0828fe031a55a013eed418a80d8e56b3a6489e252b
5a0f4b89cb4d22a788d945ae193a6f7060ce87c1c7861c63ff2ca3a6a53b214b,2113,38926,2022-06-12T02:00:00,VOL_COMPRESSION,TREND_DOWN,VOL_COMPRESSION -> TREND_DOWN,2022-06-08T20:00:00,78,2022-06-08T20:00:00,78,78,1,90e889f35b324618ebf5b9a0079cc9c7607a2d10e67991ee70aeaf462d96f5cd
6879ee4f91e76870d9aac6fb29e23943314317ab3703e9040d66afb3d6ebfae0,2114,38932,2022-06-12T08:00:00,TREND_DOWN,VOL_COMPRESSION,TREND_DOWN -> VOL_COMPRESSION,2022-06-12T02:00:00,6,2022-06-12T02:00:00,6,6,1,de986053fc57ba394fce4073b4d6c0db4a0e4411e0dfe17578761d936fca606e
5f9a233d4adfa918a9cc70bfbf120dd5595d33c18756f3d18dedf15c285c8f3c,2115,38938,2022-06-12T14:00:00,VOL_COMPRESSION,TREND_DOWN,VOL_COMPRESSION -> TREND_DOWN,2022-06-12T08:00:00,6,2022-06-12T08:00:00,6,6,1,63c66b20ee73173d9de23d0b31e15e9ffaaba96ccc9f1395b78a3958441df269
e53792c598e43c6ed03b0812aa5bddb8fa87e273cfc595518ae2d5ab9f5222ad,2116,38955,2022-06-13T07:00:00,TREND_DOWN,VOL_EXPANSION,TREND_DOWN -> VOL_EXPANSION,2022-06-12T14:00:00,17,2022-06-12T14:00:00,17,17,1,0f1f5afbdacdda78d2e40e19980f0a91f3d39e0deed9c43046c180fcde463461
b94599c068f9a0dc752536b36c22f8bdc74fbee12dc4266e7a1bcae4b6c18213,2117,38960,2022-06-13T12:00:00,VOL_EXPANSION,TREND_DOWN,VOL_EXPANSION -> TREND_DOWN,2022-06-13T07:00:00,5,2022-06-13T07:00:00,5,5,1,23c7a401cf590b9669902534003f4921bcaf10c51300a521f3203da6d92fb13d
c53907fb64d893941d302e73d90621797f0a920dec2fcae6c567fe087e9aeb9d,2118,38963,2022-06-13T15:00:00,TREND_DOWN,VOL_EXPANSION,TREND_DOWN -> VOL_EXPANSION,2022-06-13T12:00:00,3,2022-06-13T12:00:00,3,3,1,50a925007af2dac1b51e474e676b869461a8999e900e59a91c27b3647d2b52bf
9c6b7b2543122bfa6660531a7a3d7c534020e808ce90a91e24a2fcf1550a9852,2119,38967,2022-06-13T19:00:00,VOL_EXPANSION,TREND_DOWN,VOL_EXPANSION -> TREND_DOWN,2022-06-13T15:00:00,4,2022-06-13T15:00:00,4,4,1,c1603f54425c821d5d5b3284ce6982ea6e7a87a52febaa89ab61369e7698ed96
a129f1077a92deec9f1df1eb391b916de674dd98902bc66ecd2d0d7347a5d81b,2120,38973,2022-06-14T01:00:00,TREND_DOWN,VOL_EXPANSION,TREND_DOWN -> VOL_EXPANSION,2022-06-13T19:00:00,6,2022-06-13T19:00:00,6,6,1,22c7285d4be4849fddd9b6d441dc1aff00ddd4a41fbd080883fcf2dac35ed29c
154ed85ccac3579a9973c4184aab4c9501213e8bfb65220ed10bba622965cf8d,2121,38979,2022-06-14T07:00:00,VOL_EXPANSION,TREND_DOWN,VOL_EXPANSION -> TREND_DOWN,2022-06-14T01:00:00,6,2022-06-14T01:00:00,6,6,1,b920880792d152b1c7704c9996377fb860675ad3700cf30c8a0f89b976e0279e
995e05d88180e917362ff2453a6122e1539976bbdbd0ea3f43862ce2c4a565a1,2122,39003,2022-06-15T07:00:00,TREND_DOWN,VOL_EXPANSION,TREND_DOWN -> VOL_EXPANSION,2022-06-14T07:00:00,24,2022-06-14T07:00:00,24,24,1,7cf2762c4d1c4bb714354fce01cbccddddb1e77b2d8d8cba240f3bc4bb8a87cf
06660d6c19e1bcd02a7d66a62bc56bf410b9f43784f0e02b8db1b7bd257ef4cd,2123,39005,2022-06-15T09:00:00,VOL_EXPANSION,TREND_DOWN,VOL_EXPANSION -> TREND_DOWN,2022-06-15T07:00:00,2,2022-06-15T07:00:00,2,2,1,4cb5d5076c3ca229d899122fd93da5b8dcb71cbd9bdc462e46994ef3bd289285
450e7d1fec8acda26318ce5c36c4eda187c99c2e28de9f1d25f6c21dd00cfc02,2124,39007,2022-06-15T11:00:00,TREND_DOWN,VOL_EXPANSION,TREND_DOWN -> VOL_EXPANSION,2022-06-15T09:00:00,2,2022-06-15T09:00:00,2,2,1,40cd25be610ce207880b433793de2de92b6fd42633e79f8ba2049736b059523a
ec6415f36811744ddf714a39f4ada62e777aa763c961453e99b798ab29786095,2125,39008,2022-06-15T12:00:00,VOL_EXPANSION,TREND_DOWN,VOL_EXPANSION -> TREND_DOWN,2022-06-15T11:00:00,1,2022-06-15T11:00:00,1,1,1,3c755d0809204f1add7a905c6ea7396e068a5d491b07118cd5ae96af719933b8
d1cdebd5fad213f9f43ce8491c1b087035feea9e272ff009a100e1a8281a1e28,2126,39010,2022-06-15T14:00:00,TREND_DOWN,VOL_EXPANSION,TREND_DOWN -> VOL_EXPANSION,2022-06-15T12:00:00,2,2022-06-15T12:00:00,2,2,1,a4ea18da9dba9591b5f30dd3462f6e22a1f700eb4db60a0d2109846311ea4c92
99090aa59114f879919e0ff461b2c763bf80c2c0cece3e97caa9d2b5c34e34cb,2127,39011,2022-06-15T15:00:00,VOL_EXPANSION,TREND_DOWN,VOL_EXPANSION -> TREND_DOWN,2022-06-15T14:00:00,1,2022-06-15T14:00:00,1,1,1,b8b99009ce2b01a99fde4bf3a98811cd6bbe232c5182feee052a257fd652430d
da853e9be1820d48e5781371391456355403d4a5a0365571690a3e196229681a,2128,39013,2022-06-15T17:00:00,TREND_DOWN,VOL_EXPANSION,TREND_DOWN -> VOL_EXPANSION,2022-06-15T15:00:00,2,2022-06-15T15:00:00,2,2,1,08906066738516132d47d9ab6f33d89c179093131aa4c7e70ac831710dd697e7
7d89bd153d7b8883899747f1c56314753e2e35180cb2a832ffe3c390b162cbd1,2129,39014,2022-06-15T18:00:00,VOL_EXPANSION,HIGH_VOL,VOL_EXPANSION -> HIGH_VOL,2022-06-15T17:00:00,1,2022-06-15T17:00:00,1,1,1,5c39f83ba3fdf149253947d526a1331872851e27a959b29e66c3e78492c4d6ed
c71855dcecf3ababf6f7ba8a03b0d706aab2fa2aefb417ea08f3e75be6703c2c,2130,39015,2022-06-15T19:00:00,HIGH_VOL,VOL_EXPANSION,HIGH_VOL -> VOL_EXPANSION,2022-06-15T18:00:00,1,2022-06-15T18:00:00,1,1,1,8c2bf5af414580d627b191cc28e2180ff39c38188d9ba39bbd62f00204008364
97efbdcec739b233848845b7d8fa7ab6181147221b1c79a78178c6f0087e6c8e,2131,39019,2022-06-15T23:00:00,VOL_EXPANSION,TREND_DOWN,VOL_EXPANSION -> TREND_DOWN,2022-06-15T19:00:00,4,2022-06-15T19:00:00,4,4,1,a047023ebddd852d152e22aa3a2b2f86e005aa10f70351a0b751fb4240818ece
382000da9b03e437c3b56d7956f9f8b0d6ea6c2bc5a9c65f7773434a2b121e1d,2132,39021,2022-06-16T01:00:00,TREND_DOWN,RANGE,TREND_DOWN -> RANGE,2022-06-15T23:00:00,2,2022-06-15T23:00:00,2,2,1,58d3d27311a885b75b154063f02aae22986646df750c666ea075782779c1d575
34d23773c4f12aa1fe22f492eec6e0e75b8231aa04c40556b9d9177344d34b9d,2133,39024,2022-06-16T04:00:00,RANGE,TREND_DOWN,RANGE -> TREND_DOWN,2022-06-16T01:00:00,3,2022-06-16T01:00:00,3,3,1,e26963a003dde508bc4375c7b26999a660c6d14a0d227b1a3111f7b4a3544450
f6469d55add3974722f357ed1db2fb9fb4af339d4a39278290a99f4af2bbc8d7,2134,39067,2022-06-17T23:00:00,TREND_DOWN,VOL_COMPRESSION,TREND_DOWN -> VOL_COMPRESSION,2022-06-16T04:00:00,43,2022-06-16T04:00:00,43,43,1,c3d32571dc65a8f6663a69e85a9a798d53aebf87a9480165e0268a614a055bc3
464124bb17a537504b7d3288583d2c2ee5d82cc30ba66c9665f79486d7142327,2135,39068,2022-06-18T00:00:00,VOL_COMPRESSION,TREND_DOWN,VOL_COMPRESSION -> TREND_DOWN,2022-06-17T23:00:00,1,2022-06-17T23:00:00,1,1,1,054e5f49aabee52fb33ac392053fbfdea53d919211991771899b10072f1b9c22
3ce4af85de66e388454d7660bd3d1d628c82865abfb334c3e2dc5d5e3dbd7d9f,2136,39070,2022-06-18T02:00:00,TREND_DOWN,VOL_COMPRESSION,TREND_DOWN -> VOL_COMPRESSION,2022-06-18T00:00:00,2,2022-06-18T00:00:00,2,2,1,c22a5a4aaaa511cd792a90185a197ed1a30231ce9313c7031161bba48c7c7aa8
a00eb1d2d2cd46429bc42ef596895e5367f1095aa8c8d52ef64d57ecdc67509c,2137,39074,2022-06-18T06:00:00,VOL_COMPRESSION,TREND_DOWN,VOL_COMPRESSION -> TREND_DOWN,2022-06-18T02:00:00,4,2022-06-18T02:00:00,4,4,1,3104403f673519d3d3845bef54fd03c70baaa07958664b0c72fc33d73a2a0fa2
6ffb2f4463516f722aa3cc713a17740c23de389a6f033fccafdaa0d851f3a9cd,2138,39089,2022-06-18T21:00:00,TREND_DOWN,VOL_EXPANSION,TREND_DOWN -> VOL_EXPANSION,2022-06-18T06:00:00,15,2022-06-18T06:00:00,15,15,1,1f0e30776d417f694d39a4f245fb4ffd6127d5bbc86dc8c0663ce805c76e9d90
ee1fa7f980fba382dbd54082bfec524e3ed2ae317438ef6233b200d2a5cf867c,2139,39094,2022-06-19T02:00:00,VOL_EXPANSION,TREND_DOWN,VOL_EXPANSION -> TREND_DOWN,2022-06-18T21:00:00,5,2022-06-18T21:00:00,5,5,1,f34211662e64600e0e3042dc828f125eb89238b9345974c7f0f202c944061d93
871751c4b62439f36aacb06c4dd8cd32ca02241fff0b9413fcaefed775b7fc4b,2140,39102,2022-06-19T10:00:00,TREND_DOWN,VOL_EXPANSION,TREND_DOWN -> VOL_EXPANSION,2022-06-19T02:00:00,8,2022-06-19T02:00:00,8,8,1,e3389a05365bd9f42668166585afd3ada123edd64602a45384b2b148e8be94ee
0c0090bdce376a64bf7cc3def3fd515bea2376086504c6e509e683f09268c994,2141,39106,2022-06-19T14:00:00,VOL_EXPANSION,TREND_DOWN,VOL_EXPANSION -> TREND_DOWN,2022-06-19T10:00:00,4,2022-06-19T10:00:00,4,4,1,6c8c735f645529ec670630bd301c1905a5a228501b23d331f206020ffe497c74
368deb9cf334236fa32e3ae2b9623fe17363721bdfd19f1e843d6834c8f659b8,2142,39110,2022-06-19T18:00:00,TREND_DOWN,RANGE,TREND_DOWN -> RANGE,2022-06-19T14:00:00,4,2022-06-19T14:00:00,4,4,1,84805cb8fb2f13e7432b65da696a786eead7f579a0d20a71297d2d40f550617e
9da94486a06cfdbf7f5bfbfdb8b7cf7f833f5f81ef5249ec91f234204f786030,2143,39115,2022-06-19T23:00:00,RANGE,TREND_UP,RANGE -> TREND_UP,2022-06-19T18:00:00,5,2022-06-19T18:00:00,5,5,1,7c55751ee6dbad737fef3cdb1907145d92347bca40a6ecb4e0d71dc09b5f5999
3978666353271d7ad623218a1e8ec816cd786bfcc348f23e7a7812aa471f25f7,2144,39166,2022-06-22T02:00:00,TREND_UP,RANGE,TREND_UP -> RANGE,2022-06-19T23:00:00,51,2022-06-19T23:00:00,51,51,1,f7f1d3e6a5b61e138f3384aa7a6ad88d0443aa0d7e074e2f66b4aa01747a5bbd
182839971a1e2e38803d21d194183e1620955316909c71caeb4603b24dfc23e4,2145,39176,2022-06-22T12:00:00,RANGE,TREND_DOWN,RANGE -> TREND_DOWN,2022-06-22T02:00:00,10,2022-06-22T02:00:00,10,10,1,5dd006e6ece79c321598ae7b0f9a30b49bddfed602018006895bdb5ae21bb248
78d0e689d547c196c81654faf5630075280a1f0e74660b6461687c93b9c30c57,2146,39177,2022-06-22T13:00:00,TREND_DOWN,RANGE,TREND_DOWN -> RANGE,2022-06-22T12:00:00,1,2022-06-22T12:00:00,1,1,1,e28e6de9791bee971dd8d135c0adb6d1920341f129acebd95923c9e943503e3a
de8af43534c4b2b07ffc1070e55fbb917ceec932f8e40ae1f4df29acb81faefd,2147,39179,2022-06-22T15:00:00,RANGE,TREND_DOWN,RANGE -> TREND_DOWN,2022-06-22T13:00:00,2,2022-06-22T13:00:00,2,2,1,229c4877a48acf3dbcd5d77ccd7d17b7acffe26870724c7a76cf39be5cc11e7b
9d656a54a3fd467d15c4388132574f48aa35718cb0a77c598ea3bcb06b601cb2,2148,39196,2022-06-23T08:00:00,TREND_DOWN,RANGE,TREND_DOWN -> RANGE,2022-06-22T15:00:00,17,2022-06-22T15:00:00,17,17,1,c90c80ed75a98b852b3e415e0b2b3af281835cef64eeb9aa87617ea99537af88
32a9f6a511ed714542c79ef805a9a5378e50e229cb6de7843746f3c0f988751c,2149,39199,2022-06-23T11:00:00,RANGE,VOL_COMPRESSION,RANGE -> VOL_COMPRESSION,2022-06-23T08:00:00,3,2022-06-23T08:00:00,3,3,1,abbfab982d3ad7c705e8ace087a65dd8c7b008ee46eae7d723b33f21ad258531
56eb0f35b43b7c6a045904da398f86c0d5ee96a88110dd7097cb6fd93892834d,2150,39200,2022-06-23T12:00:00,VOL_COMPRESSION,TREND_UP,VOL_COMPRESSION -> TREND_UP,2022-06-23T11:00:00,1,2022-06-23T11:00:00,1,1,1,2e957f71dc2e80ad30790fd6812fc0ff91d88d0e23dad8e60a5d5a0a69b22c68
f1d3b25178e9b32842ded46fe13ec5cf289064be1b90992ec89ab57fffba1524,2151,39204,2022-06-23T16:00:00,TREND_UP,RANGE,TREND_UP -> RANGE,2022-06-23T12:00:00,4,2022-06-23T12:00:00,4,4,1,ec13b7cc987a024bdab7bfe11c89e5a4155d2e04a585347e6b45214499abf06c
c741aade9468640514e0d4f1de9ef91d410be2537b21dd616cbc9703736505e7,2152,39205,2022-06-23T17:00:00,RANGE,TREND_DOWN,RANGE -> TREND_DOWN,2022-06-23T16:00:00,1,2022-06-23T16:00:00,1,1,1,34f90add91cab7e42f1eea480d75b0cf37482aba591738172b04915df4719aa5
c3417e3f072c74a8e55a1e6f104f905263cf9dcecbf176430648a2b70c0dceb2,2153,39206,2022-06-23T18:00:00,TREND_DOWN,VOL_COMPRESSION,TREND_DOWN -> VOL_COMPRESSION,2022-06-23T17:00:00,1,2022-06-23T17:00:00,1,1,1,417d5bde6abd296ca4c86c789bce17907c7829b248fbb62ac355b0da33b848fa
b8fb5628d03c61751c951e4d0585e1ac8a876acfef3233915f6630dcb69c1f8f,2154,39207,2022-06-23T19:00:00,VOL_COMPRESSION,TREND_UP,VOL_COMPRESSION -> TREND_UP,2022-06-23T18:00:00,1,2022-06-23T18:00:00,1,1,1,b5fe9db2ccdb424e6f0e783f82ce596a0ef51ae48fa49846d350cc1e0f0a18a3
17b5c0d17129e8ed3606963ed3c9994765474de57bf389eb81e470abe6e6791e,2155,39220,2022-06-24T08:00:00,TREND_UP,VOL_COMPRESSION,TREND_UP -> VOL_COMPRESSION,2022-06-23T19:00:00,13,2022-06-23T19:00:00,13,13,1,6367f59b4ac0960298b07465fe99c29823da71cbfbe7ad6fb3490bdbc7d1f43a
05e321b95c95d023887ccb86c5677220f44f73b5ebc59d5c2694d2b3b30e14e7,2156,39221,2022-06-24T09:00:00,VOL_COMPRESSION,TREND_UP,VOL_COMPRESSION -> TREND_UP,2022-06-24T08:00:00,1,2022-06-24T08:00:00,1,1,1,7f39bef99e8726ced55390b803e32eccb242c84c39defcb517a73da079b536ca
7370fbdfa2f7f2d0086501fea631b43b461ade37f292d020c6e2f1a8a523f1b7,2157,39233,2022-06-24T21:00:00,TREND_UP,VOL_COMPRESSION,TREND_UP -> VOL_COMPRESSION,2022-06-24T09:00:00,12,2022-06-24T09:00:00,12,12,1,ba77fd6ebd08c0c7326370b26ef21e7fcbdc35f10f4e6787437a4e83f9fa2cf9
8a5c996caa082e69c9ed5e0896815b192d780f7826088ac0fe2c0305c41227d5,2158,39365,2022-06-30T09:00:00,VOL_COMPRESSION,TREND_DOWN,VOL_COMPRESSION -> TREND_DOWN,2022-06-24T21:00:00,132,2022-06-24T21:00:00,132,132,1,5d4b73ee8cea8615d893f185dbd663cb8e9d2af054521e6fa9fa6732545d20ea
f0eb602eb08408ffff909c0256d7b3cf973f6613d2c93696c6a25d5bafaae362,2159,39366,2022-06-30T10:00:00,TREND_DOWN,VOL_COMPRESSION,TREND_DOWN -> VOL_COMPRESSION,2022-06-30T09:00:00,1,2022-06-30T09:00:00,1,1,1,30d1f656f11945ace2bdb0070314338ae6003b1eb44933af0371d96f5809a06d
4c148460c46deb04621e986060627acabb129846228e03345b502c2fb8a07b6f,2160,39369,2022-06-30T13:00:00,VOL_COMPRESSION,TREND_DOWN,VOL_COMPRESSION -> TREND_DOWN,2022-06-30T10:00:00,3,2022-06-30T10:00:00,3,3,1,e04d0abca6e012854a6a36032817d947e43c1cd3b43657d700b1b621afa3e727
11849348a833eafa7bf386f81ccdd6eb60b062ce8730c70f409df781f338027d,2161,39375,2022-06-30T19:00:00,TREND_DOWN,VOL_COMPRESSION,TREND_DOWN -> VOL_COMPRESSION,2022-06-30T13:00:00,6,2022-06-30T13:00:00,6,6,1,47a6b381fdd4c79e85af154d8351b6901b63b3d8f409c9d1e8e9ce91ccf36a3c
cb8de78d4448ef4a4ec5a6e2ab12f49212a162475c6ab2b4d95fd7587d27f089,2162,39376,2022-06-30T20:00:00,VOL_COMPRESSION,TREND_DOWN,VOL_COMPRESSION -> TREND_DOWN,2022-06-30T19:00:00,1,2022-06-30T19:00:00,1,1,1,78cb88286e20c9955a4227d9ccbdafc147d4e0fea21da2dae1d71e36a184cb0a
0d0378b567e674053416d1c59380235c64f913e1df2e8231ba6c18237a7e11f0,2163,39382,2022-07-01T02:00:00,TREND_DOWN,RANGE,TREND_DOWN -> RANGE,2022-06-30T20:00:00,6,2022-06-30T20:00:00,6,6,1,bed49f3abbef0426c2da927cffac4630af1172c2ab2db1d77394475e7258ca82
54dc23e4d809b31a6f3e192151c9327d03be09bee33dd45672121a124888fba4,2164,39386,2022-07-01T06:00:00,RANGE,TREND_DOWN,RANGE -> TREND_DOWN,2022-07-01T02:00:00,4,2022-07-01T02:00:00,4,4,1,231105d752748bcad42de9861b34fd197409e7325fc6b6ebdd3be4c7254657d1
d48cc984c31b8eba0a54a929bce835e8ffc8df0f9dbaa98f5f370f8dfb9beae9,2165,39406,2022-07-02T02:00:00,TREND_DOWN,VOL_COMPRESSION,TREND_DOWN -> VOL_COMPRESSION,2022-07-01T06:00:00,20,2022-07-01T06:00:00,20,20,1,f3979c71531ebf9eddb2f5a2b2d3bed3d360fa567cf211b23e038117d5b41de8
ebfaab0745bb439064d48c5ef178dbe9f44bd9789dd6d28757e4d0e01de7c11c,2166,39474,2022-07-04T22:00:00,VOL_COMPRESSION,TREND_UP,VOL_COMPRESSION -> TREND_UP,2022-07-02T02:00:00,68,2022-07-02T02:00:00,68,68,1,a948c70cc9762270a388c353d71c215f4141efb012457719215b308b202d21ff
90a5b95575965187e1548a7a62ce4b0bb90ce076dab170eace6ca52484c70df4,2167,39477,2022-07-05T01:00:00,TREND_UP,VOL_COMPRESSION,TREND_UP -> VOL_COMPRESSION,2022-07-04T22:00:00,3,2022-07-04T22:00:00,3,3,1,7e23f88f1583cd40665c941ec7c7d02764afc6fb4f7e8d6db2dae510bd9c19c8
03712cc1be8d32aa8a2604fc62370b67025b2b92e20c012f6bcda61cd6e50c43,2168,39485,2022-07-05T09:00:00,VOL_COMPRESSION,TREND_UP,VOL_COMPRESSION -> TREND_UP,2022-07-05T01:00:00,8,2022-07-05T01:00:00,8,8,1,5f250475b75778296ecd3505c03e63bf60832ad0cb931e85a4776b606840c26f
a6f344a1d1c8eeff1a4cf78fd57a217a8bd297d43fa93bd7da112cecca6dd0a4,2169,39486,2022-07-05T10:00:00,TREND_UP,VOL_COMPRESSION,TREND_UP -> VOL_COMPRESSION,2022-07-05T09:00:00,1,2022-07-05T09:00:00,1,1,1,e7b7b2e7e37a5d60c31c945903832c2b214bac7935f4ee29c7595326472af30c
b09d3125a7cba2dace5b6ddbbef3cdab2243fd269915c4abb99d104980004996,2170,39487,2022-07-05T11:00:00,VOL_COMPRESSION,TREND_UP,VOL_COMPRESSION -> TREND_UP,2022-07-05T10:00:00,1,2022-07-05T10:00:00,1,1,1,f933b0e712d6c49fe95414d50b85a16d0ccea5e0a205121ba2a0c8b5f2c7fd78
42bdaa1350734befbbcdc72f67d4a6d50588200ad2da42f647d786527276e5ba,2171,39488,2022-07-05T12:00:00,TREND_UP,RANGE,TREND_UP -> RANGE,2022-07-05T11:00:00,1,2022-07-05T11:00:00,1,1,1,766eb27af812171a55ac2dc87dce73e6fa50073e33f58d5bf626963026b69647
88f84b3f9de7f30e7eceed58609a9b32d54a1c7dcd8798ec1d3c9c37ad38fa6f,2172,39489,2022-07-05T13:00:00,RANGE,VOL_COMPRESSION,RANGE -> VOL_COMPRESSION,2022-07-05T12:00:00,1,2022-07-05T12:00:00,1,1,1,3e548f1bdc7067b57640cfb4856745c16e7861ac3c90a74dbf66c77c87d00cb6
a40cfcaba169d8140f0ad04ead6edda672c4fb08f239fe0b226cbeefe48ccc5d,2173,39494,2022-07-05T18:00:00,VOL_COMPRESSION,TREND_UP,VOL_COMPRESSION -> TREND_UP,2022-07-05T13:00:00,5,2022-07-05T13:00:00,5,5,1,eb47ad55f3f02d54a76bd0ca573b015a42db52ab45f72fefaf1bc9d4e7efd2af
f084c4cce9f34bd91ff34a1fa6448618f1b4df25aa8f6d89135eee1fa6acc696,2174,39511,2022-07-06T11:00:00,TREND_UP,VOL_COMPRESSION,TREND_UP -> VOL_COMPRESSION,2022-07-05T18:00:00,17,2022-07-05T18:00:00,17,17,1,acd6abe947ae13820046786e3443d5514753bcc69189a18cfb9f8d9105511580
32e2c972d4b6d2cdbbb5f781adb9497a5f88f9329fc1c07149b808c79b02740c,2175,39542,2022-07-07T18:00:00,VOL_COMPRESSION,TREND_UP,VOL_COMPRESSION -> TREND_UP,2022-07-06T11:00:00,31,2022-07-06T11:00:00,31,31,1,651c0a95aa79873b7b8ca8eaa912d7fb76cdcee235171d322e5fccdccd38030a
c604dd543f5efebba4b66db00dc8a7b221de260d81cae58d6567338092a680e0,2176,39547,2022-07-07T23:00:00,TREND_UP,VOL_COMPRESSION,TREND_UP -> VOL_COMPRESSION,2022-07-07T18:00:00,5,2022-07-07T18:00:00,5,5,1,28c0fb1548eaf4815a5174be1bc11ee49194a289251c1ed74c4c997c9b6e8fbb
d7d29e89bd4230d6cbd2c3ff33edf7b9dd29edb21a46dd92bfed2a7402c136cf,2177,39549,2022-07-08T01:00:00,VOL_COMPRESSION,TREND_UP,VOL_COMPRESSION -> TREND_UP,2022-07-07T23:00:00,2,2022-07-07T23:00:00,2,2,1,c5aec93ca390cd5a4f242e1fe96368627101d82561bbac3356a75bedca5181e5
6c82506af02ef97007ababaf282d23a3788152e62211cd86afb98f9c886e9dba,2178,39555,2022-07-08T07:00:00,TREND_UP,VOL_COMPRESSION,TREND_UP -> VOL_COMPRESSION,2022-07-08T01:00:00,6,2022-07-08T01:00:00,6,6,1,20634aa6a61d7c8b9091c9b58d9f894315299796f2b3013bef9e9e1beabac557
3b1ea02cfdb7ff6f40a4d7214d42266c474a8f33c2b22f4d5e6df279a9c2b1c0,2179,39556,2022-07-08T08:00:00,VOL_COMPRESSION,TREND_UP,VOL_COMPRESSION -> TREND_UP,2022-07-08T07:00:00,1,2022-07-08T07:00:00,1,1,1,a014acfd7345c7f7cf9dc5ae06c7bd72e921bf87a090a23dd43b064d24458028
e5cb1aa2ceef84c831b090e2f3ec35934213b91a8458a851745301196897efc5,2180,39575,2022-07-09T03:00:00,TREND_UP,VOL_COMPRESSION,TREND_UP -> VOL_COMPRESSION,2022-07-08T08:00:00,19,2022-07-08T08:00:00,19,19,1,aafd41a9f9b297b55ba418b0c411a0da6cd601d8df8816a27c2292cf2c6966ac
5e0ed46d43727607ca39f2c2f713058fb7df9a3d376cfeac854b54e2ef88b830,2181,39680,2022-07-13T12:00:00,VOL_COMPRESSION,TREND_DOWN,VOL_COMPRESSION -> TREND_DOWN,2022-07-09T03:00:00,105,2022-07-09T03:00:00,105,105,1,194800ae01cddb54e2bf5de12b29e4724d230623915d2894664410800e561bd5
58b328d82ab1c8c9b77e02b2187b9eead105c4d265952be9cd1be558c34acb26,2182,39691,2022-07-13T23:00:00,TREND_DOWN,RANGE,TREND_DOWN -> RANGE,2022-07-13T12:00:00,11,2022-07-13T12:00:00,11,11,1,a903a23df904cd2748556a718adec9578867418134c46b40f05f58b4bc607ddb
7b1f28d23024a358fca07e3206b90805d38c316bb23a82b0c6fd01a12eb83db3,2183,39698,2022-07-14T06:00:00,RANGE,TREND_UP,RANGE -> TREND_UP,2022-07-13T23:00:00,7,2022-07-13T23:00:00,7,7,1,c834164037ecdd28669c601acb81b6c35476a653d77173bfdbf190c1b5a96eda
5c191c1cd57fe05a4e6bb11dd7e4e593072e55f1429ad4fb626a459ad7e704b6,2184,39699,2022-07-14T07:00:00,TREND_UP,VOL_COMPRESSION,TREND_UP -> VOL_COMPRESSION,2022-07-14T06:00:00,1,2022-07-14T06:00:00,1,1,1,68b8c6aa1c16e7c4c54b0d12df3f69af4c74d7dd3f8c9e0f28f47dd622e5c853
1910931cd64322a3f482aa196cb71fc2d806c0f584fc0d7dfeebf5c93d40cead,2185,39700,2022-07-14T08:00:00,VOL_COMPRESSION,RANGE,VOL_COMPRESSION -> RANGE,2022-07-14T07:00:00,1,2022-07-14T07:00:00,1,1,1,78c82e1e8d2645378f95b85b0d9c511d0f69216157e786b4a462d55835ad46b9
e97eecfe8e294f20816003a472afd9cbf2921c615805813a196eec187aedf6fd,2186,39701,2022-07-14T09:00:00,RANGE,VOL_COMPRESSION,RANGE -> VOL_COMPRESSION,2022-07-14T08:00:00,1,2022-07-14T08:00:00,1,1,1,1abb84214f401c7a1ad965a96c577d68f3d7f23aa2b313e093673ca974bf4444
614b52ae09bceb0f700429b92fe6af028b739d823e5132836b95a6f1074dc04b,2187,39707,2022-07-14T15:00:00,VOL_COMPRESSION,TREND_DOWN,VOL_COMPRESSION -> TREND_DOWN,2022-07-14T09:00:00,6,2022-07-14T09:00:00,6,6,1,8259bbdca02dda433c6844fcd81993f36f5e70d79e680c706565f35b80d0948b
a528a4d8756b9bd50f4d8e2735052d2449b09b9ccffaa45e8deec4c562a4b90c,2188,39708,2022-07-14T16:00:00,TREND_DOWN,TREND_UP,TREND_DOWN -> TREND_UP,2022-07-14T15:00:00,1,2022-07-14T15:00:00,1,1,1,76ab926969176545f4487cb96410118b53adab29d3cc4cd82e4debaed3d21fcf
1d51030e4c8655690581509de3dfbc80fb475fa34ff835299f16d9ed152c223b,2189,39721,2022-07-15T05:00:00,TREND_UP,VOL_COMPRESSION,TREND_UP -> VOL_COMPRESSION,2022-07-14T16:00:00,13,2022-07-14T16:00:00,13,13,1,2879082622bffcdbbe264bf92f1f43ef976833feb713b0899bfe27e07a40f260
846750ee45138e299abece83f6c6b1e3e7b3699ca71fb1190593c4462e6ab5b9,2190,39794,2022-07-18T06:00:00,VOL_COMPRESSION,TREND_UP,VOL_COMPRESSION -> TREND_UP,2022-07-15T05:00:00,73,2022-07-15T05:00:00,73,73,1,af64e10ac628534bd951f47a29f9014fd567a19116d7fdb5f3d9d7ff4c69884b
2fb0439fe56356e72fafb8e1e98350c7b78e53fd45bde09fcd7118f889becb83,2191,39864,2022-07-21T04:00:00,TREND_UP,RANGE,TREND_UP -> RANGE,2022-07-18T06:00:00,70,2022-07-18T06:00:00,70,70,1,fec6901c85ef0a3a0ead8ebf89c1af83c7e2105ddb638545953f871440c2f1bd
48691741c9381065774320cc70b56ac65bcd75826a892e2e3aee47653364d4a0,2192,39879,2022-07-21T19:00:00,RANGE,TREND_UP,RANGE -> TREND_UP,2022-07-21T04:00:00,15,2022-07-21T04:00:00,15,15,1,1cf06935224401c76476066af4c905623967ab98e9951fcba0427b0a226a339d
c24233e565211200ee3f3b4c0b00f4f572d46c52acc398abd0041b30e3d794d0,2193,39884,2022-07-22T00:00:00,TREND_UP,VOL_COMPRESSION,TREND_UP -> VOL_COMPRESSION,2022-07-21T19:00:00,5,2022-07-21T19:00:00,5,5,1,ddcd964dedf41831e2527fe7251978a9b3969448b80060d72239e279cc7ca0b3
fea2f34e6274c5ff56f553642b075781695ecf636aa21a1d274d0b6e4349e1ae,2194,39900,2022-07-22T16:00:00,VOL_COMPRESSION,TREND_UP,VOL_COMPRESSION -> TREND_UP,2022-07-22T00:00:00,16,2022-07-22T00:00:00,16,16,1,c9771801ad1f8140eeb8deceb4b8a2e7982e064803fca9619678661e596ddfe2
38c682653e85f6f47345c129ec2340f316e78570232ae838af041f92d7b88a84,2195,39902,2022-07-22T18:00:00,TREND_UP,VOL_COMPRESSION,TREND_UP -> VOL_COMPRESSION,2022-07-22T16:00:00,2,2022-07-22T16:00:00,2,2,1,e238577f03ea50d9a1df4044104533b7a3f542e501d9ddf6aa7fd4107e16471e
ccc98a223a6fab19ff27cf2277367e3e1d8269311d033e254121b4e8552e21e4,2196,39903,2022-07-22T19:00:00,VOL_COMPRESSION,RANGE,VOL_COMPRESSION -> RANGE,2022-07-22T18:00:00,1,2022-07-22T18:00:00,1,1,1,166f04049a5f323bbca715b9a48922c140183bbb0419ad6b2cb58c559c414399
ad2a3d2d1e8773dbafd01f80f8280f5882ca3f93d4064c6e6f9e8c6443ee16f2,2197,39906,2022-07-22T22:00:00,RANGE,VOL_COMPRESSION,RANGE -> VOL_COMPRESSION,2022-07-22T19:00:00,3,2022-07-22T19:00:00,3,3,1,d046c7ac11515b1288eef882fd627233aff06de78eed74e771f41ac8f109f151
9601ffd45d789543da19e4ff6ecd6005501cc07f4262d1629f2a67b0120d10d9,2198,39978,2022-07-25T22:00:00,VOL_COMPRESSION,TREND_DOWN,VOL_COMPRESSION -> TREND_DOWN,2022-07-22T22:00:00,72,2022-07-22T22:00:00,72,72,1,983f2ffb0c73d8505323b288a70488b7f6397772c8cc3ae4fbee5fd2d41dfe32
efeca82477a0997e44faded6769006f827e74b34143f05e3f884a8009b4a05be,2199,39985,2022-07-26T05:00:00,TREND_DOWN,VOL_COMPRESSION,TREND_DOWN -> VOL_COMPRESSION,2022-07-25T22:00:00,7,2022-07-25T22:00:00,7,7,1,7238fb47e0e5bbdd46f2e67cb54eab397da8386e3a85c686d5f411d0bf5a9e0a
338145f12a0c5ca68873f7358a382671b9f87e49759b7a7d1a683cfe90c43bae,2200,40022,2022-07-27T18:00:00,VOL_COMPRESSION,RANGE,VOL_COMPRESSION -> RANGE,2022-07-26T05:00:00,37,2022-07-26T05:00:00,37,37,1,e997ec8530d87b267d18247700598c82a98b2f700370827a411b588d8c052f5d
afb8946359b7a9c39494e48fd8685e07d2b860312aafa79111a4bd682a63786d,2201,40023,2022-07-27T19:00:00,RANGE,TREND_UP,RANGE -> TREND_UP,2022-07-27T18:00:00,1,2022-07-27T18:00:00,1,1,1,6ef5b51a871c2b6b8dbf6d0496ebe7b13f73fd99ab8620bbcafa38f07459a4be
7822e955a295d2f9addf54db8fb71284449747e18fae8142c10c702d1d727402,2202,40029,2022-07-28T01:00:00,TREND_UP,VOL_COMPRESSION,TREND_UP -> VOL_COMPRESSION,2022-07-27T19:00:00,6,2022-07-27T19:00:00,6,6,1,5c9af219b819e63097336c7addfee69df62a7e2d26dd3b64e00835bd44dd7ae5
220e53ed023b6ca5c1c8b910d7d3ab167aa074a4d313f557b3d77cd5396ef840,2203,40030,2022-07-28T02:00:00,VOL_COMPRESSION,TREND_UP,VOL_COMPRESSION -> TREND_UP,2022-07-28T01:00:00,1,2022-07-28T01:00:00,1,1,1,0a16396ec66df58f968d83f868e5c65ccabf280993e4957d7e74d31f2d12305d
d76bb5be14dfbf754c8e6521b0a3d9dde1073ed01e918f391a559d21e5b82da2,2204,40034,2022-07-28T06:00:00,TREND_UP,VOL_COMPRESSION,TREND_UP -> VOL_COMPRESSION,2022-07-28T02:00:00,4,2022-07-28T02:00:00,4,4,1,28f35d6d54ff6cb8fc78f8378ad06a426df7715d3f3056709214470a35860e33
b58ec7b412884be41960b950e9de48b7f8859f9cccc3fe89dae44c89158f5abc,2205,40040,2022-07-28T12:00:00,VOL_COMPRESSION,TREND_UP,VOL_COMPRESSION -> TREND_UP,2022-07-28T06:00:00,6,2022-07-28T06:00:00,6,6,1,4e4f60482347ac0edb04ec945908238de28ad8576197d3268d450d5659ef6644
5ba2dad8e14424b9248099a7ee511db92b2891a0fac2a9b2442863f830b2ec8e,2206,40053,2022-07-29T01:00:00,TREND_UP,VOL_COMPRESSION,TREND_UP -> VOL_COMPRESSION,2022-07-28T12:00:00,13,2022-07-28T12:00:00,13,13,1,8d9c1039af0f3f153586acf695309c7a117f250a11d1c6fb92a9eac1ed9d2e7e
5373c5c2be390d5f6e2297e449065961b036bde24175c41b268c22b8997a0f45,2207,40065,2022-07-29T13:00:00,VOL_COMPRESSION,TREND_UP,VOL_COMPRESSION -> TREND_UP,2022-07-29T01:00:00,12,2022-07-29T01:00:00,12,12,1,7606b9c0837e036f0b759f8b9fc37179546d26f74358e1e80207b52442ce43aa
38e182c27011395c2e133c3c09d5386f0f6c2dd34d7ed22c7f6c21505ec63898,2208,40072,2022-07-29T20:00:00,TREND_UP,VOL_COMPRESSION,TREND_UP -> VOL_COMPRESSION,2022-07-29T13:00:00,7,2022-07-29T13:00:00,7,7,1,23922226e72d41f105dad7d572ba9e1a7dacc0ac64694ef98d0209bce1c8cbce
68b844f0290ca8f5ac982724acf89d35c1215cfc2e575e1ed41e5ced702c4895,2209,40075,2022-07-29T23:00:00,VOL_COMPRESSION,TREND_UP,VOL_COMPRESSION -> TREND_UP,2022-07-29T20:00:00,3,2022-07-29T20:00:00,3,3,1,f15ba17b295e3d0db028e95c8eee6b181bcc0b23db2c391f4c214fe1ea95ce9b
92a747f2f532ddccdf38945011a05d2ed177d8f9f4adb06c267571cabcfca550,2210,40076,2022-07-30T00:00:00,TREND_UP,VOL_COMPRESSION,TREND_UP -> VOL_COMPRESSION,2022-07-29T23:00:00,1,2022-07-29T23:00:00,1,1,1,46e8f83ecb77c59a05d513e14af67e9bca318b1fc140ce3197fe5ded2d2f0271
9c7d05095e0a5e68997a2652eed0892c49e13585e04d7bb429a30b79490167eb,2211,40166,2022-08-02T18:00:00,VOL_COMPRESSION,TREND_DOWN,VOL_COMPRESSION -> TREND_DOWN,2022-07-30T00:00:00,90,2022-07-30T00:00:00,90,90,1,a9309dc7c20e1c6cb1f77eb8cacc7157f29391a8d744becc99ee717194544199
fb37b3f3f75d6e8579783aa7d54d45b76218821140a95862c5b9ea2defa3b63a,2212,40167,2022-08-02T19:00:00,TREND_DOWN,VOL_COMPRESSION,TREND_DOWN -> VOL_COMPRESSION,2022-08-02T18:00:00,1,2022-08-02T18:00:00,1,1,1,5af3c826b953fb79e333270c7b89b3dfbb41a640447b4704b8396d99c402157e
f1be94c8933ded58f282ba494ca9ee89c49a04390e6cacd5ef892a263f1f0a92,2213,40466,2022-08-15T06:00:00,VOL_COMPRESSION,TREND_UP,VOL_COMPRESSION -> TREND_UP,2022-08-02T19:00:00,299,2022-08-02T19:00:00,299,299,1,17cc55468abce80ebb085cdbce035cf8aa349c73d0a81f8da3b43efbfc164e62
1eb6ee3059e3562594479c1840f1825f6b6980b10d4c070164b354ec9e0aec84,2214,40468,2022-08-15T08:00:00,TREND_UP,VOL_COMPRESSION,TREND_UP -> VOL_COMPRESSION,2022-08-15T06:00:00,2,2022-08-15T06:00:00,2,2,1,6d250284021921da8c662b0763cdd16fd1a84ab08979601806afcb0a0388cb9a
fe1dddd0f83e2f0e52cce0b90cb9a09f6c2b09ff2e220273bc496b3dfae1ee07,2215,40562,2022-08-19T06:00:00,VOL_COMPRESSION,TREND_DOWN,VOL_COMPRESSION -> TREND_DOWN,2022-08-15T08:00:00,94,2022-08-15T08:00:00,94,94,1,c0853da2dc64ba279d3c1897b5e9f62bcf3c21d528abcf6a74b4774745f2239a
a823ea4cf6e0861b5ace44b6a8c316062af8a4240b710e6036c87c0b6cf8da02,2216,40573,2022-08-19T17:00:00,TREND_DOWN,VOL_COMPRESSION,TREND_DOWN -> VOL_COMPRESSION,2022-08-19T06:00:00,11,2022-08-19T06:00:00,11,11,1,3285d88e9f4d11a26d8b150f44d707e031cebbdf0db2a7ba98fec55ebd0c24f7
2439dc276c499c2536a6d6d28ec43bed752b3a0ad9bacef9798b229ca6f71703,2217,40577,2022-08-19T21:00:00,VOL_COMPRESSION,TREND_DOWN,VOL_COMPRESSION -> TREND_DOWN,2022-08-19T17:00:00,4,2022-08-19T17:00:00,4,4,1,6acb8390d3f67ec0888b52158bd63de7ec84478b7206da96a965d060e8bb85cf
d2d365d094752a26bcfce3dee5a69bcdcf33ac6572843d1a7d926304a8d831d6,2218,40583,2022-08-20T03:00:00,TREND_DOWN,VOL_COMPRESSION,TREND_DOWN -> VOL_COMPRESSION,2022-08-19T21:00:00,6,2022-08-19T21:00:00,6,6,1,f15a3a728a7debff2c3d0644a1007292ef227258d7365b24be0960a0fdcebae1
44b26d9bc665aede811f5cbec06168dbea710dcfb60a40560fde319d0a3585af,2219,40738,2022-08-26T14:00:00,VOL_COMPRESSION,TREND_DOWN,VOL_COMPRESSION -> TREND_DOWN,2022-08-20T03:00:00,155,2022-08-20T03:00:00,155,155,1,6931813a12352fe0c02409cbf0397a61f94ff06609aa12d9cdb2798a59dce289
0fa0363c1732e1c3e8120e6910899a5e71ee299e6a3a408f2946e8fcc1cb3683,2220,40744,2022-08-26T20:00:00,TREND_DOWN,VOL_COMPRESSION,TREND_DOWN -> VOL_COMPRESSION,2022-08-26T14:00:00,6,2022-08-26T14:00:00,6,6,1,24ae13c33129647eded080570c855de4b9b9e42aa1b73aa5eed0d4caae455491
7c8ba516f2313ba1d6ed80d3793e09becd23747fabd98cbaedb59aa8465f0b15,2221,40747,2022-08-26T23:00:00,VOL_COMPRESSION,TREND_DOWN,VOL_COMPRESSION -> TREND_DOWN,2022-08-26T20:00:00,3,2022-08-26T20:00:00,3,3,1,369c5d7ca1f1847e8e6888f124e92fa277d043a2729049228b040a0fcd49f4a3
3bff71d440675fc672df44b1fddf1892b4319133e5c9ce957d71c7b094beb32c,2222,40749,2022-08-27T01:00:00,TREND_DOWN,VOL_COMPRESSION,TREND_DOWN -> VOL_COMPRESSION,2022-08-26T23:00:00,2,2022-08-26T23:00:00,2,2,1,b2dd2053b5f0568afc800a58926de4aa34ee6bed206252c8b662dc1eba3fefd7
86bad2d3d2d0939ed50ddb1d15c582ebf72caa6af3e5515676db1ed653fee664,2223,41005,2022-09-06T17:00:00,VOL_COMPRESSION,TREND_DOWN,VOL_COMPRESSION -> TREND_DOWN,2022-08-27T01:00:00,256,2022-08-27T01:00:00,256,256,1,cac8aa6de91d9bddda67ff604be4251854a1d1bd2ad1b1b25e5b19e7ef4bff2c
f0ea7bd3ba84c30f25cf2b7dc18e72d418fe84a5cb57ec84eb24a2313ff7ac72,2224,41010,2022-09-06T22:00:00,TREND_DOWN,VOL_COMPRESSION,TREND_DOWN -> VOL_COMPRESSION,2022-09-06T17:00:00,5,2022-09-06T17:00:00,5,5,1,1b1928e4d89788ca82e024144ec84192564c6926202abd3078d99d62492aa616
a9ae7db28cc35571ddc6007894e2a811ef3b0e0bd2f6f14185ea7c3f44b1a058,2225,41066,2022-09-09T06:00:00,VOL_COMPRESSION,TREND_UP,VOL_COMPRESSION -> TREND_UP,2022-09-06T22:00:00,56,2022-09-06T22:00:00,56,56,1,08a47c9589e092796fcc877d356481613313180565be3334c71545dc1910fded
43afb4a19e99b611758e0418854878ca7b66497dd945fa6beb1a4ecbc1b99c01,2226,41067,2022-09-09T07:00:00,TREND_UP,VOL_COMPRESSION,TREND_UP -> VOL_COMPRESSION,2022-09-09T06:00:00,1,2022-09-09T06:00:00,1,1,1,e3081c2b98e9e261a016f4d2149454a316ccf6a1d8f02d644cc0024c92006498
68097a8ab895c452c1004ad49bbfa88196cff084e5a844778742f9dc639d9222,2227,41068,2022-09-09T08:00:00,VOL_COMPRESSION,TREND_UP,VOL_COMPRESSION -> TREND_UP,2022-09-09T07:00:00,1,2022-09-09T07:00:00,1,1,1,e1c9a0aea0d0981df9fe0c9ac4d9247fdeef1398d8dcf60a4bf9904e8ef19cb8
3efbdeadfbdcb1492653229241a9b8325d15f7a7c736f4f4cff0ee7994552f0e,2228,41069,2022-09-09T09:00:00,TREND_UP,VOL_COMPRESSION,TREND_UP -> VOL_COMPRESSION,2022-09-09T08:00:00,1,2022-09-09T08:00:00,1,1,1,83d6eaf0b869ec9bc0d485b59deda53d7fb38de597cb19bf3b583a14bac27947
25f4c566dffb4d3efdb0dbb737760f71658ceb6a26fc9f4257a9de70d32d5da4,2229,41070,2022-09-09T10:00:00,VOL_COMPRESSION,TREND_UP,VOL_COMPRESSION -> TREND_UP,2022-09-09T09:00:00,1,2022-09-09T09:00:00,1,1,1,f556a56a0fbf79a0cce0d088085b2fb33d08c6145b365db295e0e51fc5c2305d
14ebc73e64f38f903bb21d58cc2a4afe06e6b4248fa4e04b05e3ae6b90df715b,2230,41074,2022-09-09T14:00:00,TREND_UP,VOL_COMPRESSION,TREND_UP -> VOL_COMPRESSION,2022-09-09T10:00:00,4,2022-09-09T10:00:00,4,4,1,9151554eb0263880a9f5ac2686c3fbe0ce37db4d860526b4bfb0863a9a325e7c
fc13a99826574c25d450cfb2d5a927c2d5a7c6c312c00196e28efe0ead6a2259,2231,41077,2022-09-09T17:00:00,VOL_COMPRESSION,TREND_UP,VOL_COMPRESSION -> TREND_UP,2022-09-09T14:00:00,3,2022-09-09T14:00:00,3,3,1,1726921f70f81f1142949a8d21cd62e51b9b118c449bb4e23f434a053ee97db4
373bf27f6d9d19025976658f21b9661a29af98f3db43819f98e13a44bdd77b36,2232,41078,2022-09-09T18:00:00,TREND_UP,VOL_COMPRESSION,TREND_UP -> VOL_COMPRESSION,2022-09-09T17:00:00,1,2022-09-09T17:00:00,1,1,1,b6bf56db4f6f89b9b5565035563db07fd6216ed950bf6dde682af927bac91178
7228ff3cd240f2a32ffb8d746050ab8fa04fa93ed32f7c0b8a338c518b6d3386,2233,41133,2022-09-12T01:00:00,VOL_COMPRESSION,TREND_UP,VOL_COMPRESSION -> TREND_UP,2022-09-09T18:00:00,55,2022-09-09T18:00:00,55,55,1,15d71a0257bc912ff65284e0914aa6e545cfc953a63ba246b87b94aada1e6cf8
5a900f51de1430f90e00b74c603b08f9f873f24ccdee04f254a047d4fcd4ffc6,2234,41137,2022-09-12T05:00:00,TREND_UP,VOL_COMPRESSION,TREND_UP -> VOL_COMPRESSION,2022-09-12T01:00:00,4,2022-09-12T01:00:00,4,4,1,04005faf302eaf474ffc3c5cac6699e238c3d829ccd078860e79535308b86b1f
c36a0b1c22b742c1d350c15447414bb8a72650f37d6af4b897dceb55e9095b12,2235,41168,2022-09-13T12:00:00,VOL_COMPRESSION,TREND_UP,VOL_COMPRESSION -> TREND_UP,2022-09-12T05:00:00,31,2022-09-12T05:00:00,31,31,1,be178e5e7e73329f6d59489780e021a1555a5ec6901632a36f9c8b14d009c2e3
89d9e7ebfdcca3e5e9bf6d6a8bd12ca2f1251e29f0006783bb6669d80822d31e,2236,41170,2022-09-13T14:00:00,TREND_UP,RANGE,TREND_UP -> RANGE,2022-09-13T12:00:00,2,2022-09-13T12:00:00,2,2,1,1ebdf66020c500cd6676d5e208369e2df793e8182fbe1c4ac3fcc8770e8aee27
5e8bd85f5b9c9b75a9b4799d14a9140232d56bb4d4ad6ffcf378fbb8af9496d7,2237,41172,2022-09-13T16:00:00,RANGE,TREND_DOWN,RANGE -> TREND_DOWN,2022-09-13T14:00:00,2,2022-09-13T14:00:00,2,2,1,add6dac74526c149451f6da2937cffd8ed6bea120a1a350e2793f9d99b986cc0
1cc1491bd06424384c9552141aa92d72e6ecf29df96789a26d0e568f0adef3e0,2238,41184,2022-09-14T04:00:00,TREND_DOWN,VOL_COMPRESSION,TREND_DOWN -> VOL_COMPRESSION,2022-09-13T16:00:00,12,2022-09-13T16:00:00,12,12,1,53e19bc3e45be8539a137564dacc2b0d032b59e2db89207293338342870197a5
ac8a57793a18879287a6082ac9a7eb077a1be8df8fd232ea7881261a72769b41,2239,41219,2022-09-15T15:00:00,VOL_COMPRESSION,TREND_DOWN,VOL_COMPRESSION -> TREND_DOWN,2022-09-14T04:00:00,35,2022-09-14T04:00:00,35,35,1,16ce0aa6d54da78436b078095d24f7dc2c11c912a7954b37d74d80d65eb15954
41b126f4e15fb1b0cf26a46829d4b15c8c7cecbcad45ae6a6e1e03f1cd36e77c,2240,41221,2022-09-15T17:00:00,TREND_DOWN,VOL_COMPRESSION,TREND_DOWN -> VOL_COMPRESSION,2022-09-15T15:00:00,2,2022-09-15T15:00:00,2,2,1,1734d19a3a83a8f5e6fff1b5762e0428daad7726c540230bdda180ca989eed09
a8b3ee9ceb1680f3f1ec6b4d1f8366e7da69b0c0e7b5c00d1684c41d5e819526,2241,41302,2022-09-19T02:00:00,VOL_COMPRESSION,TREND_DOWN,VOL_COMPRESSION -> TREND_DOWN,2022-09-15T17:00:00,81,2022-09-15T17:00:00,81,81,1,d6d57bc80595aea16a376cf753ce5d35cd998e558a3f2a3b186a35946b29d7d4
135880a54773a78364349322777e00bbab677eac17b8108cea8a14cfa9827481,2242,41303,2022-09-19T03:00:00,TREND_DOWN,VOL_COMPRESSION,TREND_DOWN -> VOL_COMPRESSION,2022-09-19T02:00:00,1,2022-09-19T02:00:00,1,1,1,1183e7bcda3ba38201e855831960888f1fe582b578724064c4e5f7222a89b2cd
73db66d171f31f3e4bc78d8781636117f5c4b8d2df3bf9ddcc4dcbfea1cf7bd6,2243,41305,2022-09-19T05:00:00,VOL_COMPRESSION,TREND_DOWN,VOL_COMPRESSION -> TREND_DOWN,2022-09-19T03:00:00,2,2022-09-19T03:00:00,2,2,1,386a7bc5fcf4f106b34c4e803c8cb378d0ae8f36a9fc78c4eebeb5c1e0d90d97
73ca75142b071460d63408f6b921d2a3592e2c6214238cc79cdbfb548c6dea4f,2244,41309,2022-09-19T09:00:00,TREND_DOWN,VOL_COMPRESSION,TREND_DOWN -> VOL_COMPRESSION,2022-09-19T05:00:00,4,2022-09-19T05:00:00,4,4,1,387f1722e10b1d013b4339195831e7618189e1d6a4a8a1ea65c779259eeba7f7
924164755ca518f17ecb73f126b689cfe0b69dbae2c49024c456896c7abf7845,2245,41313,2022-09-19T13:00:00,VOL_COMPRESSION,TREND_DOWN,VOL_COMPRESSION -> TREND_DOWN,2022-09-19T09:00:00,4,2022-09-19T09:00:00,4,4,1,05e073bd7d35d8f7c653fb42085a258be86f3b1e68cbde9b6a006bedfcde9bc8
bfcc3447284964bfedce7bbb708092853d4b5841f91a2ec924aab15459a84f6c,2246,41322,2022-09-19T22:00:00,TREND_DOWN,RANGE,TREND_DOWN -> RANGE,2022-09-19T13:00:00,9,2022-09-19T13:00:00,9,9,1,6534bb253a90ee7b095c4729f35a892bf4561679ad445f28169b050e7fd05e83
ea56c9edbb40ad6e8776f0eea9f64051abed4761ebb0ebc56b99d0f4cb0494fb,2247,41325,2022-09-20T01:00:00,RANGE,VOL_COMPRESSION,RANGE -> VOL_COMPRESSION,2022-09-19T22:00:00,3,2022-09-19T22:00:00,3,3,1,5216c79e3c9b7176433c0e61294e5929181f5c9a28ed538aeab4b1219fa7004d
83dfba4fd96df807ab89d59679ed957a1cc131fcb91cbd02fb577b8853129727,2248,41340,2022-09-20T16:00:00,VOL_COMPRESSION,TREND_DOWN,VOL_COMPRESSION -> TREND_DOWN,2022-09-20T01:00:00,15,2022-09-20T01:00:00,15,15,1,ebeeb63ed560087ac4d7ff5a6fc9a075635d83ec125d405876f933291ce6dc49
e1e444ca709817618a07ed630b17b3ea2d8c6a27639ca6d68fc16030d1911ed3,2249,41346,2022-09-20T22:00:00,TREND_DOWN,VOL_COMPRESSION,TREND_DOWN -> VOL_COMPRESSION,2022-09-20T16:00:00,6,2022-09-20T16:00:00,6,6,1,77f6efa7848d352cc94cff252b3d9abf9d7be1e7ee7791bf8164a22951ee3627
5acdee2c2338575c6fca64d7c8132930f80902481a3eb7978293074e43cdcdfb,2250,41365,2022-09-21T17:00:00,VOL_COMPRESSION,RANGE,VOL_COMPRESSION -> RANGE,2022-09-20T22:00:00,19,2022-09-20T22:00:00,19,19,1,85ab28b3c7b76878d67c690097bd83bd1ad0fc8979fa89907bade23904c3e5de
1c54a77aab016aa343dbbf417d9e892bc5546b966b78e6af013c9ef5c00e850f,2251,41366,2022-09-21T18:00:00,RANGE,TREND_UP,RANGE -> TREND_UP,2022-09-21T17:00:00,1,2022-09-21T17:00:00,1,1,1,310b2ff0e3bb9c8b5ce19d4c8bed797a021f30ef7e142c69ef55dd39901ff7fd
232f5ce154c4d0deffa7e946618bd35db19985c309dde4de0e97b2e4870f44a0,2252,41367,2022-09-21T19:00:00,TREND_UP,RANGE,TREND_UP -> RANGE,2022-09-21T18:00:00,1,2022-09-21T18:00:00,1,1,1,01f756b6a8731450b467ee54ef0a21b4b30e8e7f14ae1619a6a622af85d725c1
85b68af7a595cbcab75381e677435aec78fbe0bd4305e24e3f46b3dc179e7440,2253,41369,2022-09-21T21:00:00,RANGE,TREND_DOWN,RANGE -> TREND_DOWN,2022-09-21T19:00:00,2,2022-09-21T19:00:00,2,2,1,2122d378d915d93e229eb33c80f645dc497cf4788945a788735892ebf76998e8
e6bfa9b3efae392e054b8637c6e430f127d51a998ca21610b31a85b62fb8cfee,2254,41382,2022-09-22T10:00:00,TREND_DOWN,RANGE,TREND_DOWN -> RANGE,2022-09-21T21:00:00,13,2022-09-21T21:00:00,13,13,1,590c4e21f27cc491b17acf01b477627ac0573daf7eac33e0b8b9ef97ac0144c9
b074ddc9ccfc9a0380ce0d21a5def6aebecfed96c5406fb9b8e1382ec07296d7,2255,41384,2022-09-22T12:00:00,RANGE,VOL_COMPRESSION,RANGE -> VOL_COMPRESSION,2022-09-22T10:00:00,2,2022-09-22T10:00:00,2,2,1,5d07fce0e84f0a9ecbada94fec756d36ad1ee854ee98c6eee26023620ba9d2d3
dd6a8db3c74fea6bd5c72fab58f5da2c5674034dfad4b6f734b42f17bc6cdbb5,2256,41385,2022-09-22T13:00:00,VOL_COMPRESSION,RANGE,VOL_COMPRESSION -> RANGE,2022-09-22T12:00:00,1,2022-09-22T12:00:00,1,1,1,d3f6d5aaac703d9f9ed89a3fc42ccb3d6a8792334a990dfbc255de82e4b0da4d
c7e0a94f7528ce47e95c2b912c97068d1f2af6e38a0a77f8078d2afad360305d,2257,41388,2022-09-22T16:00:00,RANGE,TREND_DOWN,RANGE -> TREND_DOWN,2022-09-22T13:00:00,3,2022-09-22T13:00:00,3,3,1,bb8efd4b88878a7d0115973d42a590f425243efc69d617f095c6b1955c10db2c
117f90fe66e50e1517a64a6fe517addaf6082dfafb7b1fd165a841c8670a1b64,2258,41390,2022-09-22T18:00:00,TREND_DOWN,RANGE,TREND_DOWN -> RANGE,2022-09-22T16:00:00,2,2022-09-22T16:00:00,2,2,1,9ef84eadb2f2ade2256e3d4d839c7f71c0d6096f725fc3f9337f6101c4f2e16d
96779c21703d28c2b657da6987ac00d00cdb5746d5076e15ba19daa98c865f43,2259,41393,2022-09-22T21:00:00,RANGE,VOL_COMPRESSION,RANGE -> VOL_COMPRESSION,2022-09-22T18:00:00,3,2022-09-22T18:00:00,3,3,1,a80fb86bd9f4d3424a2fb659c5d844fb4f7c8e90440110c13535e927583bebea
2b45b86d85a9b084ddb70895a55f903a0dd8ec211ed87d2c9fc98eab8af6d3d5,2260,41495,2022-09-27T03:00:00,VOL_COMPRESSION,TREND_UP,VOL_COMPRESSION -> TREND_UP,2022-09-22T21:00:00,102,2022-09-22T21:00:00,102,102,1,8adb64ee648c8dabaa0b05b1297a3cc9d33ae7df959ad29d1d8faeac12ff45e8
a1b1e7130be244d203db0967a2989f5c4a26f8f3c9ec755de800116793affa3b,2261,41496,2022-09-27T04:00:00,TREND_UP,VOL_COMPRESSION,TREND_UP -> VOL_COMPRESSION,2022-09-27T03:00:00,1,2022-09-27T03:00:00,1,1,1,402a0e512b5d6e6b7b86dcbd2fe519013d0ae6080100bf7566de17280b6bbf1c
f33605a2fe9aec1d5d9d3b19bb633093c72a56aa34932170e841af13bd7aa4b2,2262,41508,2022-09-27T16:00:00,VOL_COMPRESSION,TREND_UP,VOL_COMPRESSION -> TREND_UP,2022-09-27T04:00:00,12,2022-09-27T04:00:00,12,12,1,b48b7d2776fbad7b3908bf9ef5d7c4fabede3b5cd538a7e0034f6329a0f8f1aa
7baeec2da9f43236a6d936dd31223636c6bda5e447e2c67f84ff63c5b63cf1c0,2263,41510,2022-09-27T18:00:00,TREND_UP,RANGE,TREND_UP -> RANGE,2022-09-27T16:00:00,2,2022-09-27T16:00:00,2,2,1,e1d974a7bb1a6e4281caea488ed76c4066350e5efd88165dc85f394d314f63d1
79cc46e9a5d6f8ae18fc8cc18dfc98cacbd5d30a2080233c64d381294c1e5b22,2264,41516,2022-09-28T00:00:00,RANGE,VOL_COMPRESSION,RANGE -> VOL_COMPRESSION,2022-09-27T18:00:00,6,2022-09-27T18:00:00,6,6,1,a785cb7c94129b832a521355ccf95b3f0251f4232bb962a0bb51b8c28168679e
d1cfbfcba84d7d934c7859c166cdb3bc95542a77cee9131403c93fb0e5011885,2265,41518,2022-09-28T02:00:00,VOL_COMPRESSION,TREND_DOWN,VOL_COMPRESSION -> TREND_DOWN,2022-09-28T00:00:00,2,2022-09-28T00:00:00,2,2,1,688c7f13e34ea1797ae0e7303e751430fa2935a47d29354be6b68ccc3a9424cd
d614b9f87d8e1d14033b9a5f984fe5d11ccee6613681075e6175dc130a93853b,2266,41521,2022-09-28T05:00:00,TREND_DOWN,VOL_COMPRESSION,TREND_DOWN -> VOL_COMPRESSION,2022-09-28T02:00:00,3,2022-09-28T02:00:00,3,3,1,008f3e3846ea755e30b5aa88be4ef4fe602fcfdb2eb18d3797bc9442aff24951
b107a468ed35a38402d240a1487d2be5f6d4ebf11e8161396ec029f23bb4ac44,2267,41526,2022-09-28T10:00:00,VOL_COMPRESSION,TREND_DOWN,VOL_COMPRESSION -> TREND_DOWN,2022-09-28T05:00:00,5,2022-09-28T05:00:00,5,5,1,abdd78e02ef25a427eacee8b208f53984deea1286a034a68a14de80e7c85e8ff
952c91a0e2633bb5bf5a582a1fd441d1921f414e7bc3540fa7cfb946af782fb6,2268,41529,2022-09-28T13:00:00,TREND_DOWN,VOL_COMPRESSION,TREND_DOWN -> VOL_COMPRESSION,2022-09-28T10:00:00,3,2022-09-28T10:00:00,3,3,1,03e6513a3dddf181417d6ee2218fcad58d2385911b06b44436c29078bfee9729
be4cde2534fae19190cfca55e52d6489ecebdd6c9d26a8edf93a7da28f3f56d3,2269,41530,2022-09-28T14:00:00,VOL_COMPRESSION,TREND_DOWN,VOL_COMPRESSION -> TREND_DOWN,2022-09-28T13:00:00,1,2022-09-28T13:00:00,1,1,1,51d9a6b4a1acd23b6fcefc9cf03bff41b4cba6d610914d9e3d7301f9a4993340
52458b8175ddb4ba8013f75aafd2804c3c378ad05f92f83b327740ce732de784,2270,41531,2022-09-28T15:00:00,TREND_DOWN,RANGE,TREND_DOWN -> RANGE,2022-09-28T14:00:00,1,2022-09-28T14:00:00,1,1,1,bf1dd56526a37e22f50b17cd92be5c7dabdb1739d2194779f67079275557f462
02a8ddd007f6e739088b5c6b3c391868cb9ee4b9f3125e69d3db5a69b22b49f0,2271,41532,2022-09-28T16:00:00,RANGE,VOL_COMPRESSION,RANGE -> VOL_COMPRESSION,2022-09-28T15:00:00,1,2022-09-28T15:00:00,1,1,1,dabe8efd9713dc490ab420eafeeabb2b4d0cc52e63d98299b69898af65edead9
8350b04d3aedc49af6a69bea6aff27fed56f0088e301d0644b41b8bb5d392078,2272,41533,2022-09-28T17:00:00,VOL_COMPRESSION,RANGE,VOL_COMPRESSION -> RANGE,2022-09-28T16:00:00,1,2022-09-28T16:00:00,1,1,1,4786251323e9caf0987fd7cdcf3dbb4ce8977385c0478540d51383c2ab937737
d8d1e9352855bf4c4b78cfa740fe6b1f6c2665ef501333537f355df39333ce8f,2273,41536,2022-09-28T20:00:00,RANGE,TREND_UP,RANGE -> TREND_UP,2022-09-28T17:00:00,3,2022-09-28T17:00:00,3,3,1,cf0110ec2ce02dad8a3701248c847af0f3e4419da9ab44b3beac29f664ec5ed5
6d63263ec1f6d483214ce94952ca859b99655574d0e8a9026ed3182e74fe9244,2274,41539,2022-09-28T23:00:00,TREND_UP,VOL_COMPRESSION,TREND_UP -> VOL_COMPRESSION,2022-09-28T20:00:00,3,2022-09-28T20:00:00,3,3,1,73309fce91265e996c73a10ab22e0aeba1abf50c799d0356c66d3f8896356961
e644948f7c89e7baa1c04c765bb6d475840c73679f220cbbdc9ff704ef75147b,2275,41554,2022-09-29T14:00:00,VOL_COMPRESSION,RANGE,VOL_COMPRESSION -> RANGE,2022-09-28T23:00:00,15,2022-09-28T23:00:00,15,15,1,7f2b27d717458dad4f8cb99f97f245ef2d4548ba2c5d86ebe214055bde20c209
9660271a5460a92a25b8de19ddee79e99f4a82464f5672898b36d5454d4b5e96,2276,41559,2022-09-29T19:00:00,RANGE,TREND_UP,RANGE -> TREND_UP,2022-09-29T14:00:00,5,2022-09-29T14:00:00,5,5,1,c58eecdbf503e8a17a18eccdcd0d30897d279f901886bd2361228c1fd89a3255
3b09007ed29d0469690f87ee6cbf06a9b4b0083c1520ae6da157d8e26bdb6713,2277,41562,2022-09-29T22:00:00,TREND_UP,VOL_COMPRESSION,TREND_UP -> VOL_COMPRESSION,2022-09-29T19:00:00,3,2022-09-29T19:00:00,3,3,1,cd3484b3891206450013ba528531bc709cdb665a1be70c733d439d697c1a93f3
2cf0385e5441991d76d1d166dd1c481123d8c5b93537ed6763eb9124c35cd707,2278,41579,2022-09-30T15:00:00,VOL_COMPRESSION,TREND_UP,VOL_COMPRESSION -> TREND_UP,2022-09-29T22:00:00,17,2022-09-29T22:00:00,17,17,1,4444d939f37305b4006244047908468586f6b87270538b473c72f5aa8c370537
2eee157a9475884bd9f2532fe8f203c3d16bebcccacb6bf7d9801697940ae343,2279,41586,2022-09-30T22:00:00,TREND_UP,VOL_COMPRESSION,TREND_UP -> VOL_COMPRESSION,2022-09-30T15:00:00,7,2022-09-30T15:00:00,7,7,1,c8781cfe25d00255a1fb2e167fa8d11102945baddf1222fa16ff8bbb1333c4e3
4f31818c8ac2fa69910cb380f8bf90c6737403ffc2e81a0a63b747539d2d5f36,2280,41888,2022-10-13T12:00:00,VOL_COMPRESSION,TREND_DOWN,VOL_COMPRESSION -> TREND_DOWN,2022-09-30T22:00:00,302,2022-09-30T22:00:00,302,302,1,f18a826e244b86be0f805da73d1d047841609a9d778279396868522666e68d7f
b7df98543efad4dd34504674b20f120275cda4fbc33d02e8933f6865a257f7b9,2281,41889,2022-10-13T13:00:00,TREND_DOWN,VOL_COMPRESSION,TREND_DOWN -> VOL_COMPRESSION,2022-10-13T12:00:00,1,2022-10-13T12:00:00,1,1,1,b9751214de6689128a532c4209d3d1c1e9f92fbd0d47ebd08feb9f931fe5eebb
185718b9624c8ff35be67eeaa6984a538dbf9eedbf71d8dda6b24768e2510c84,2282,41891,2022-10-13T15:00:00,VOL_COMPRESSION,TREND_DOWN,VOL_COMPRESSION -> TREND_DOWN,2022-10-13T13:00:00,2,2022-10-13T13:00:00,2,2,1,11045c0dbac5609e6b6ab11becec90d58bafa6015ddade9059b6d74b19e2bb00
335559a04321cfebc9db1124301fc8b661d055c1b2ea3b13869f544ee23132d8,2283,41895,2022-10-13T19:00:00,TREND_DOWN,RANGE,TREND_DOWN -> RANGE,2022-10-13T15:00:00,4,2022-10-13T15:00:00,4,4,1,0427d9c0d3a702aad030d93fef697f794b16657c67f148ce4519b89e42e62edd
84191399cf71dfe6518e1ed642b88cdd206950a042e8e5d57b2ff6667b1f35f2,2284,41897,2022-10-13T21:00:00,RANGE,VOL_COMPRESSION,RANGE -> VOL_COMPRESSION,2022-10-13T19:00:00,2,2022-10-13T19:00:00,2,2,1,fd3e45640745b620ce2d7ad1a78a1bec33047538977d4bfebf4bac5d9b40a866
586efdd23a12b9ddcb1c798b7f9099ffa6b4f920820797344477e6fcc6a81992,2285,42504,2022-11-08T04:00:00,VOL_COMPRESSION,TREND_DOWN,VOL_COMPRESSION -> TREND_DOWN,2022-10-13T21:00:00,607,2022-10-13T21:00:00,607,607,1,3c0c237212812a2dcf9e8ae3f24361f631dc47846cd36ea1f38d02a4301f22f0
22a969f0c5c4fd4ac6ff178b9f177c9a090fa0961d01123efe16314be228f95e,2286,42509,2022-11-08T09:00:00,TREND_DOWN,VOL_COMPRESSION,TREND_DOWN -> VOL_COMPRESSION,2022-11-08T04:00:00,5,2022-11-08T04:00:00,5,5,1,ec6ffa1cf75b1fb183f727377d4ce97c80b0622cb5b9245dbb452b00db99b510
4987c1b1e6c33d3d69ce26d90840da13bce662dcea989a32fb0ed5882811df7f,2287,42516,2022-11-08T16:00:00,VOL_COMPRESSION,TREND_DOWN,VOL_COMPRESSION -> TREND_DOWN,2022-11-08T09:00:00,7,2022-11-08T09:00:00,7,7,1,4d5969be123bdf04aa304fa16c4f86310991abd7174a61bc7003eb9bf14b7f2c
08c02be9ff38300433e1693b308b509f405a6abc3fa75d1f125c2b5eb1454dc7,2288,42518,2022-11-08T18:00:00,TREND_DOWN,VOL_EXPANSION,TREND_DOWN -> VOL_EXPANSION,2022-11-08T16:00:00,2,2022-11-08T16:00:00,2,2,1,f09f7b3e08440a87f5134611b11fbeb15a01cdf8d2a4d1a1b7cab9b4a2160009
7783f0f4daa38809839c8a8d31f2851d1803139737647eb7fc43e970dea16942,2289,42523,2022-11-08T23:00:00,VOL_EXPANSION,TREND_DOWN,VOL_EXPANSION -> TREND_DOWN,2022-11-08T18:00:00,5,2022-11-08T18:00:00,5,5,1,d5f48f63fc10dfcdc3766a3b5d0b77e6f476dcd583ee20fd87b35d5b0429239a
6e4ac7530a657873da3d7e4dbc21780a368550e6926e611d6ce548f3e30a8a97,2290,42539,2022-11-09T15:00:00,TREND_DOWN,VOL_EXPANSION,TREND_DOWN -> VOL_EXPANSION,2022-11-08T23:00:00,16,2022-11-08T23:00:00,16,16,1,59f7cb2d8040676459f3a2af31a2818f6c7499d46bcbd70cb145a37f83fad93e
5f31d354f2b9925416e14be6532cc8b3fd93608beb7b165b49a7ed015a2c5002,2291,42544,2022-11-09T20:00:00,VOL_EXPANSION,TREND_DOWN,VOL_EXPANSION -> TREND_DOWN,2022-11-09T15:00:00,5,2022-11-09T15:00:00,5,5,1,a78fa8c61e0ccfbcb8dd9868e531143009bc0f983e486f32c132b1e978d733ee
2fde1ca111278a1c369fa4e04133b80a6522fa370a497ed8bf356a50efcb0566,2292,42545,2022-11-09T21:00:00,TREND_DOWN,VOL_EXPANSION,TREND_DOWN -> VOL_EXPANSION,2022-11-09T20:00:00,1,2022-11-09T20:00:00,1,1,1,aaac632b132d0f34d0a1b7055c32e35e89fbb6e76d3315007ae499b71696a49e
b75031d42e6b4584b43cad695b1fdda1f7fbc6bfcc2adfcfe9cde7fd4d5aacc0,2293,42547,2022-11-09T23:00:00,VOL_EXPANSION,TREND_DOWN,VOL_EXPANSION -> TREND_DOWN,2022-11-09T21:00:00,2,2022-11-09T21:00:00,2,2,1,a53eb3af220aee5ad7578b7ac89c2aece52547bd9eee308f55b7604bda88bd6f
acd1fb08b4367cb355f2a499d83517dec5c95842181562165c2b8c9ffa9b0346,2294,42548,2022-11-10T00:00:00,TREND_DOWN,VOL_EXPANSION,TREND_DOWN -> VOL_EXPANSION,2022-11-09T23:00:00,1,2022-11-09T23:00:00,1,1,1,d9a31c89df8c4780a336613dec4a475b60441e047aecba6ebd6fb66dfa6c2aaa
981aa218ffeed94b14c2eef6687031eb813d7b0be114371b66b77376dba7fab9,2295,42549,2022-11-10T01:00:00,VOL_EXPANSION,TREND_DOWN,VOL_EXPANSION -> TREND_DOWN,2022-11-10T00:00:00,1,2022-11-10T00:00:00,1,1,1,296df9a929e538002d301f5c6fd62f88a54a4369fdd91444833efba0af6b968a
4569bbf6f733f23501bfd08bd8236c173f57449709ad8988b78dba8fa75234bd,2296,42561,2022-11-10T13:00:00,TREND_DOWN,VOL_EXPANSION,TREND_DOWN -> VOL_EXPANSION,2022-11-10T01:00:00,12,2022-11-10T01:00:00,12,12,1,114b90e0b246a5421818f497cdfa098ed6a0e11e05d91bf7c3d4aa12d5226d4b
4cad66da056acc6743f3e0de03a04422dee9986dfe5b55d9805f8df81e59cd5f,2297,42566,2022-11-10T18:00:00,VOL_EXPANSION,TREND_DOWN,VOL_EXPANSION -> TREND_DOWN,2022-11-10T13:00:00,5,2022-11-10T13:00:00,5,5,1,ea644f39b9f18b0439afd2bfbe969a06219ae59a0dbd761aa6f018187be7a0f1
66fd693772509c7f67f32c3880c23ff0fde784cda928c82c1e590e5a89f856bf,2298,42570,2022-11-10T22:00:00,TREND_DOWN,RANGE,TREND_DOWN -> RANGE,2022-11-10T18:00:00,4,2022-11-10T18:00:00,4,4,1,9650bad8aba5b53885663d4537b8918759c4993458182115f57e4897ebb70776
ebaf2e0df5aef41aded43a8d6835dd4bccf83197b037c08a26f3ccc036c67088,2299,42573,2022-11-11T01:00:00,RANGE,TREND_DOWN,RANGE -> TREND_DOWN,2022-11-10T22:00:00,3,2022-11-10T22:00:00,3,3,1,48cfcf5f126bd29f42c40ffc9487fc1e441c9f781111f666ab582e5428177990
edd8cb6e572c4a20163cd2084250c3fc81e3ef370e4026605c737bf8981ee7b1,2300,42603,2022-11-12T07:00:00,TREND_DOWN,VOL_COMPRESSION,TREND_DOWN -> VOL_COMPRESSION,2022-11-11T01:00:00,30,2022-11-11T01:00:00,30,30,1,6a456e82967b30398317da2d24443aa05164ee678300b24f7855f2b6873bb63c
5ed7ae5e757272c21d4cfed585697ee9a1a3f5dd1ff3ddff536440727f9c36aa,2301,42646,2022-11-14T02:00:00,VOL_COMPRESSION,TREND_DOWN,VOL_COMPRESSION -> TREND_DOWN,2022-11-12T07:00:00,43,2022-11-12T07:00:00,43,43,1,d7d54d4b6c5bf370f1e369a10b639cb61d05461a991b36bd755d70814088cd5f
ea75c91407657c69579a0cdc8b8d46225cbd3304e3c55dd986503c45ad2e2232,2302,42647,2022-11-14T03:00:00,TREND_DOWN,VOL_COMPRESSION,TREND_DOWN -> VOL_COMPRESSION,2022-11-14T02:00:00,1,2022-11-14T02:00:00,1,1,1,ca13588d878c4d400898e867320478ad58f31801403cc17580c6bdb391a673ea
f3c7a7bf1c914d6c86f25a20e67062dad7114012f3b5dfb162718353c91b4957,2303,42648,2022-11-14T04:00:00,VOL_COMPRESSION,TREND_DOWN,VOL_COMPRESSION -> TREND_DOWN,2022-11-14T03:00:00,1,2022-11-14T03:00:00,1,1,1,682bba869bb104598408f57ebbde9213a38444e9f058586fc0ef027832a8a860
2777f2cf292560df2429516b510326a6a2012fd1271074bb0fd377f7dd77b742,2304,42654,2022-11-14T10:00:00,TREND_DOWN,RANGE,TREND_DOWN -> RANGE,2022-11-14T04:00:00,6,2022-11-14T04:00:00,6,6,1,1def5756507294ad3f2800f68859bfe545d85e8cc9a93545d74cb1e2ce772f69
82807f51e5ddde60650ad2b2b63f1f0498401ef4791e23e95ffd8f26638702f9,2305,42660,2022-11-14T16:00:00,RANGE,TREND_DOWN,RANGE -> TREND_DOWN,2022-11-14T10:00:00,6,2022-11-14T10:00:00,6,6,1,97a26bff7425bbd053d645bf5ba9ecdfc0f5042dbad6f1eaa2895fad4aa63275
e053a62dcd6c3743c4e8032850f5072acf528452cc662cfacea2fe9aeeab1504,2306,42671,2022-11-15T03:00:00,TREND_DOWN,RANGE,TREND_DOWN -> RANGE,2022-11-14T16:00:00,11,2022-11-14T16:00:00,11,11,1,dc5d736f60676f3ebcfc48c0c235e1449dd8945d5e26e0683845a245bca82ee2
d3b613f028e6beefbf15b6b631cc17e57df8e917daa41884a9966a0a4b803eb3,2307,42674,2022-11-15T06:00:00,RANGE,VOL_COMPRESSION,RANGE -> VOL_COMPRESSION,2022-11-15T03:00:00,3,2022-11-15T03:00:00,3,3,1,25f327a41c94c2f69be1baa64f27a847f550fe24c981bb9120e7e74173edca65
8de1da9bc3ddd14bbb24817389f35b9df3772c87a086d3171b9d79153cd6703d,2308,42682,2022-11-15T14:00:00,VOL_COMPRESSION,TREND_UP,VOL_COMPRESSION -> TREND_UP,2022-11-15T06:00:00,8,2022-11-15T06:00:00,8,8,1,4adf04477120fb69db4d6549cdafb5c071219887f04a845c329634468d11451c
db735d88ef9a83e7b9b28a178472cdad56c1a1656e53ac3801ad9e454e4c6164,2309,42683,2022-11-15T15:00:00,TREND_UP,VOL_COMPRESSION,TREND_UP -> VOL_COMPRESSION,2022-11-15T14:00:00,1,2022-11-15T14:00:00,1,1,1,e4e3f8b0cb00700ebdb6596e177a18ca6542ac2f459a1228fa5ca55b5924bd01
ba36e92a02249c2fc2357282c8919f46aafe371b7870eaf21309c5184a43e0ae,2310,42686,2022-11-15T18:00:00,VOL_COMPRESSION,TREND_UP,VOL_COMPRESSION -> TREND_UP,2022-11-15T15:00:00,3,2022-11-15T15:00:00,3,3,1,7b08ad0302167bfcc7d3733845cdc8124d0a00e37e34620dfea1c93f30d5e286
affab1ce642154dd29ef3a0fc9a1152706012fb7fc6a6881205cf1f72f6c5f79,2311,42690,2022-11-15T22:00:00,TREND_UP,VOL_COMPRESSION,TREND_UP -> VOL_COMPRESSION,2022-11-15T18:00:00,4,2022-11-15T18:00:00,4,4,1,318f168c4b4e2aaad49371a1e24d63332955396a20851710f2cf2c166694fb66
717fd75e6e97b737785caec9f1f3dd650c8eeb0f90cf5ab8e7a7c8d4deaa7cb3,2312,42833,2022-11-21T21:00:00,VOL_COMPRESSION,TREND_DOWN,VOL_COMPRESSION -> TREND_DOWN,2022-11-15T22:00:00,143,2022-11-15T22:00:00,143,143,1,4354d8ece047d0a8d855fdb17f3be7065d18b8db0887427e031a19e02b0eabc1
5e85577b725a7e03f472ad618b32afdf239e7a45de24e3172af8320302f9ebba,2313,42837,2022-11-22T01:00:00,TREND_DOWN,VOL_COMPRESSION,TREND_DOWN -> VOL_COMPRESSION,2022-11-21T21:00:00,4,2022-11-21T21:00:00,4,4,1,606310edf037054e971d283d6f880f3e3e51e1ba7b435b468f94e89fe1185d04
b3ae3abfe467ce45b6ff212cfff58e1f25d6aaeb6a225dfa077c55245f094bac,2314,43384,2022-12-14T20:00:00,VOL_COMPRESSION,TREND_UP,VOL_COMPRESSION -> TREND_UP,2022-11-22T01:00:00,547,2022-11-22T01:00:00,547,547,1,7abb4303d4d4ed956f502d31f37e90efa7aee5f189363b6c21ca6acc8ab75c89
af5ad3789e97fb0f51372fb9450dabc3e433d72af4b7453ac02a00b623e7d5f6,2315,43385,2022-12-14T21:00:00,TREND_UP,VOL_COMPRESSION,TREND_UP -> VOL_COMPRESSION,2022-12-14T20:00:00,1,2022-12-14T20:00:00,1,1,1,08b4cb584d8de85bb632710ed1a30994ef026b24794ad1986031005c77c91678
d12123acf17fa0a2f00db474f367f262837412394f7963d5a9a7e54f5b5e7d24,2316,44077,2023-01-12T17:00:00,VOL_COMPRESSION,TREND_UP,VOL_COMPRESSION -> TREND_UP,2022-12-14T21:00:00,692,2022-12-14T21:00:00,692,692,1,e6879cd6e6cd0d1c29008c53282f352f30450680844b30de88e1280cb84581b0
37003bd0149b644fa289110f33109f07ba849c836d4cbf7d14eb01af107cfd6d,2317,44085,2023-01-13T01:00:00,TREND_UP,VOL_COMPRESSION,TREND_UP -> VOL_COMPRESSION,2023-01-12T17:00:00,8,2023-01-12T17:00:00,8,8,1,b57b83a1f9ee7085cce7c5cd83dbb9c9f5528648b5392fdc24b0aabfc08e400d
41501555712f19880e7a21033468867084f6e7379fcba1698b7638e4d422d4b8,2318,44108,2023-01-14T00:00:00,VOL_COMPRESSION,TREND_UP,VOL_COMPRESSION -> TREND_UP,2023-01-13T01:00:00,23,2023-01-13T01:00:00,23,23,1,f6e2e04ed74d2ae999093e651cd766ea7a1eaa379f65fdafa5483141320bd366
2929281e8cc913c90974603dacfd36b16fc5da41ec3adea2300fb11155e75019,2319,44115,2023-01-14T07:00:00,TREND_UP,VOL_COMPRESSION,TREND_UP -> VOL_COMPRESSION,2023-01-14T00:00:00,7,2023-01-14T00:00:00,7,7,1,9395f10fce70dada38ce59ca790fba2305de43442314bbb9baf45da25d381f4a
644dec4bd0d769a0773f8de4f72d0a74ac542d87732d188c2ccc2672a1927270,2320,44117,2023-01-14T09:00:00,VOL_COMPRESSION,TREND_UP,VOL_COMPRESSION -> TREND_UP,2023-01-14T07:00:00,2,2023-01-14T07:00:00,2,2,1,9bdff204e748113fe1757e0fd7a084fa94a57ef9d3432435942bc470f3f7a8d2
6bf51a4fb2881cca6fdc2c3dd2616ac066085134a30bb0a52fb4c444a45785a9,2321,44127,2023-01-14T19:00:00,TREND_UP,VOL_COMPRESSION,TREND_UP -> VOL_COMPRESSION,2023-01-14T09:00:00,10,2023-01-14T09:00:00,10,10,1,e2296941efc40e165ff66f7726c40b6ef7027ab1e146c887d1f821c9666f193a
34b83ba0fa9e55646037a92623c86374dce6ab9c1312f8d2cad9c8840dd84f39,2322,44220,2023-01-18T16:00:00,VOL_COMPRESSION,TREND_UP,VOL_COMPRESSION -> TREND_UP,2023-01-14T19:00:00,93,2023-01-14T19:00:00,93,93,1,12f7b98bc5a4a73639ac30b632f66fc2471a7a46b5c38cc5c0b91d6c93faca51
83cd4162dc4ca20affad4ee25c04915765b69b6a4575a7dc50d5c0f0c5fcc8eb,2323,44221,2023-01-18T17:00:00,TREND_UP,RANGE,TREND_UP -> RANGE,2023-01-18T16:00:00,1,2023-01-18T16:00:00,1,1,1,57b91f489aeb6c3c98f39cb88741edf0c0cf88754452547b1767a6d919d96b0b
a0a63db36b99068798cacf84662916e94b3a449890b26017e4d3a2c58671e1c9,2324,44225,2023-01-18T21:00:00,RANGE,TREND_DOWN,RANGE -> TREND_DOWN,2023-01-18T17:00:00,4,2023-01-18T17:00:00,4,4,1,f53bcbab34a53ee5fbae729696e7a37be4d9b264a036ab1338d0145469320c87
bb3495a5bf584c21ee63cb8cc8291ad12af1b33ab49b187b7d035da36bf65f0a,2325,44226,2023-01-18T22:00:00,TREND_DOWN,VOL_COMPRESSION,TREND_DOWN -> VOL_COMPRESSION,2023-01-18T21:00:00,1,2023-01-18T21:00:00,1,1,1,a3e6a3653ac7eeebe8666c9dfd81036011398cf9bf0ab074d9ba534cd844aa99
ad759380420c1223eade3ecbdcae1ba9e51f5f5e440abfdc24a6337bf80259ca,2326,44300,2023-01-22T00:00:00,VOL_COMPRESSION,TREND_UP,VOL_COMPRESSION -> TREND_UP,2023-01-18T22:00:00,74,2023-01-18T22:00:00,74,74,1,3827833fd35eba563046bc99dbfdac822b52511fddbd9770c781f4f330555267
b0776491700a38dc6e7a88ccdc9fb104ada9a5be8fdb77993df933cf18479d49,2327,44301,2023-01-22T01:00:00,TREND_UP,VOL_COMPRESSION,TREND_UP -> VOL_COMPRESSION,2023-01-22T00:00:00,1,2023-01-22T00:00:00,1,1,1,80323cc98fbf7611758cf09839bc6520756d02f3fae9c2f0e0e43d54af738046
38f8ac720d7c234446e523c01e4269056fd0f755e3728349f898f8a04277db42,2328,44394,2023-01-25T22:00:00,VOL_COMPRESSION,TREND_UP,VOL_COMPRESSION -> TREND_UP,2023-01-22T01:00:00,93,2023-01-22T01:00:00,93,93,1,9b9ba1c6391b880e94edb55e18a64126de5a5e8ebe95a3c4b78692b23a4d6d8a
e4454515fe50c66b857e32f4e1f642cf5793d4a0a58c44336c7dfbd152175696,2329,44399,2023-01-26T03:00:00,TREND_UP,VOL_COMPRESSION,TREND_UP -> VOL_COMPRESSION,2023-01-25T22:00:00,5,2023-01-25T22:00:00,5,5,1,6cc2594033c5a54238c673176835cbd7f82031dfab2254ce5e2736da51ef7fcd
6bd1821a523c00e23cab5c8881ecc3e106197dff0ce308a7e4b502f280e180db,2330,44896,2023-02-15T20:00:00,VOL_COMPRESSION,TREND_UP,VOL_COMPRESSION -> TREND_UP,2023-01-26T03:00:00,497,2023-01-26T03:00:00,497,497,1,37feae2829f215269de6e33b30b9b0c79adaa4707122882d6d99dacb1a375073
65326bd6cd6ec34d556942c97e0118b0d93a21bcce1bcb2ff179a208635b9999,2331,44899,2023-02-15T23:00:00,TREND_UP,VOL_COMPRESSION,TREND_UP -> VOL_COMPRESSION,2023-02-15T20:00:00,3,2023-02-15T20:00:00,3,3,1,47ee41b94e85fcf813a913c3b0dcc17d06a2e713991c3a038718069541097e8f
d260134e6292dea963b689dd4681eec47f96fdf0a4f67f81ade766009a8ebc47,2332,44900,2023-02-16T00:00:00,VOL_COMPRESSION,TREND_UP,VOL_COMPRESSION -> TREND_UP,2023-02-15T23:00:00,1,2023-02-15T23:00:00,1,1,1,d76652a42690f985de42f03bf6eed61c113b36a47874f94d04473d8bee59eba4
dda27fdf7c2aa350bf6eee60333f142e217747106aa8f6052bf9212eeab2787e,2333,44902,2023-02-16T02:00:00,TREND_UP,VOL_COMPRESSION,TREND_UP -> VOL_COMPRESSION,2023-02-16T00:00:00,2,2023-02-16T00:00:00,2,2,1,0572574b4b1c8f30c59783087a622726d7ef73c87b434332dab06171d2d27dd4
29170a5dd9b404cbdc0e25f2dbe523ebc59279be84acb945efcb8e29e7b153c7,2334,44916,2023-02-16T16:00:00,VOL_COMPRESSION,TREND_UP,VOL_COMPRESSION -> TREND_UP,2023-02-16T02:00:00,14,2023-02-16T02:00:00,14,14,1,9449c4fc715f6cbc28761c5f1d54998b9a2be09c2ee9579fc32800597d364ddf
512145db86384f053a213d95ca168cd147bc3d34b7f406fb636710bcb83cdecd,2335,44917,2023-02-16T17:00:00,TREND_UP,VOL_COMPRESSION,TREND_UP -> VOL_COMPRESSION,2023-02-16T16:00:00,1,2023-02-16T16:00:00,1,1,1,c5b992f20f3f62d43c9fd005439ef69fcd025d8470c4284e6810f2165a8a78b1
0d629e57864962f4f4b5b1263d81cf2ee8077395781156abfac7b7c9a27cd747,2336,44922,2023-02-16T22:00:00,VOL_COMPRESSION,TREND_UP,VOL_COMPRESSION -> TREND_UP,2023-02-16T17:00:00,5,2023-02-16T17:00:00,5,5,1,914d0ce52717c1fceeadfc5f9515723f561f316ff2a493b5ff20c0bd9cf61fe8
d8425fe28ee6dc402d9906cba0532a2a9b71ff0e0921bf0cefc7846648622eb8,2337,44928,2023-02-17T04:00:00,TREND_UP,VOL_COMPRESSION,TREND_UP -> VOL_COMPRESSION,2023-02-16T22:00:00,6,2023-02-16T22:00:00,6,6,1,b8c7d3fdcd80023d5f9ea44050173560abb9b8d2fba408ee1e53fdbe0744316b
80dfabc542d10fad0b4571e8d25acba62148a90a4fda31a82f00a52c721dd65b,2338,44941,2023-02-17T17:00:00,VOL_COMPRESSION,TREND_UP,VOL_COMPRESSION -> TREND_UP,2023-02-17T04:00:00,13,2023-02-17T04:00:00,13,13,1,33fe9523f75e5a89e544807005e2ed0feb33fcd2fc14afc3ecf376b6ce42fe03
4a962fbdad1eb981e02c5baab04c6ed58749b65afb812267d2e012fcaf6645b5,2339,44942,2023-02-17T18:00:00,TREND_UP,VOL_COMPRESSION,TREND_UP -> VOL_COMPRESSION,2023-02-17T17:00:00,1,2023-02-17T17:00:00,1,1,1,efb0fc0b5bb1275619bef3771d46ba551106a335f9327cbb949c8bc526c918eb
ecd46112eff3e4794e56072a29045b01f5bc49fa65b2d5b95fa52ec49c5f8022,2340,44944,2023-02-17T20:00:00,VOL_COMPRESSION,TREND_UP,VOL_COMPRESSION -> TREND_UP,2023-02-17T18:00:00,2,2023-02-17T18:00:00,2,2,1,b260b6cdc64c70e69af43ed690d2bd5e6705200a7e34917315eea6a80dc95a49
3545baee877e5b9d13f436fb9f97630d04e4feb75feaed9183729df233e5f763,2341,44950,2023-02-18T02:00:00,TREND_UP,VOL_COMPRESSION,TREND_UP -> VOL_COMPRESSION,2023-02-17T20:00:00,6,2023-02-17T20:00:00,6,6,1,6712912252dfcea1cd58eef7db3b8708529e08c744cb906cb1d4e7620434d8a4
8bbbee3e1cfd194f3b34a2c33ca9c18cbb0a45516fb4fd877e853974035a593c,2342,45261,2023-03-03T01:00:00,VOL_COMPRESSION,TREND_DOWN,VOL_COMPRESSION -> TREND_DOWN,2023-02-18T02:00:00,311,2023-02-18T02:00:00,311,311,1,25816519eee00c49f4e0229b2023cdef249d6c176afee8f74986ed71a04c6d8c
ad16aeea5d9d9a10bf72e4b056ce8556ce294201dd8e02312ae1a943aa201ae9,2343,45264,2023-03-03T04:00:00,TREND_DOWN,VOL_COMPRESSION,TREND_DOWN -> VOL_COMPRESSION,2023-03-03T01:00:00,3,2023-03-03T01:00:00,3,3,1,5ef8d0c790b31c99b38a822a92783187f57998a0c25328033cc67556ad1c40f6
d79c3f0b08b6ea1d67800cf15d8f714f6dc6853a4c474ef3d968e1ef905042e7,2344,45421,2023-03-09T20:00:00,VOL_COMPRESSION,TREND_DOWN,VOL_COMPRESSION -> TREND_DOWN,2023-03-03T04:00:00,157,2023-03-03T04:00:00,157,160,1,9f679490e7477fe6204a1be736b8140a4626e7c773a6f49278c6c9880e48a374
0b7530b669c05d961464b4aa86aa236b148d9639d89147638d648c67f38d03cd,2345,45430,2023-03-10T05:00:00,TREND_DOWN,VOL_COMPRESSION,TREND_DOWN -> VOL_COMPRESSION,2023-03-09T20:00:00,9,2023-03-09T20:00:00,9,9,1,98acbb1489702620b346c98fb5f520be69325dfca02c6d70f5944f7b27170936
e428279acfb8600e442b01f5d128ea988f01bf3784b552e4e40d284510017af5,2346,45438,2023-03-10T13:00:00,VOL_COMPRESSION,TREND_DOWN,VOL_COMPRESSION -> TREND_DOWN,2023-03-10T05:00:00,8,2023-03-10T05:00:00,8,8,1,8b39fee67628f2be6d1a8173ad621c5da315d4b83d4f85460378d51b27f55796
093d47589e5eede9a0c17992fd62ab3649e11b76a38ff7d08c37fe29b2b4ee3b,2347,45448,2023-03-10T23:00:00,TREND_DOWN,VOL_COMPRESSION,TREND_DOWN -> VOL_COMPRESSION,2023-03-10T13:00:00,10,2023-03-10T13:00:00,10,10,1,4afb21fc83540459e480f335cb027d622f86832aabc72960b786f5f197e81177
1f9ca29c7ec7ba1c7ce4e2ace4ad534de5b4604255fe3c03160336499477a553,2348,45450,2023-03-11T01:00:00,VOL_COMPRESSION,TREND_DOWN,VOL_COMPRESSION -> TREND_DOWN,2023-03-10T23:00:00,2,2023-03-10T23:00:00,2,2,1,8556ad054d6db3daa898e2a2b2860d4f3c3104b6908b08b0b98f912db9799478
bda2e5a1b7c07666fa833293447689469dce3a93e61e812c7ed41064e5e23556,2349,45461,2023-03-11T12:00:00,TREND_DOWN,VOL_COMPRESSION,TREND_DOWN -> VOL_COMPRESSION,2023-03-11T01:00:00,11,2023-03-11T01:00:00,11,11,1,4bc3194225123c17b40fa6e48b998c8960cbbf88cd10461c022e8b3754e7928e
a476b8b060af8b5d31039b8c5c80ad03b58194b3d4d63a7b262d75e2b9b99066,2350,45492,2023-03-12T19:00:00,VOL_COMPRESSION,TREND_UP,VOL_COMPRESSION -> TREND_UP,2023-03-11T12:00:00,31,2023-03-11T12:00:00,31,31,1,522102cf72529e6d3469dc072dbb39c17f15b2552aa4c6453dcaa403c623dad0
5109ba7573b92346e5e66c63d0d9f89370897916dd26929a67bd69d1241446ec,2351,45525,2023-03-14T04:00:00,TREND_UP,VOL_COMPRESSION,TREND_UP -> VOL_COMPRESSION,2023-03-12T19:00:00,33,2023-03-12T19:00:00,33,33,1,a7f1d4a4ae1b87fa4b7f8cd7d0aaf1628950c32d79d54c0cbc390c585dc82191
e074a56285e20a24cf9bf75811577374ec794e1ada399be348823fe4f899e6c7,2352,45526,2023-03-14T05:00:00,VOL_COMPRESSION,TREND_UP,VOL_COMPRESSION -> TREND_UP,2023-03-14T04:00:00,1,2023-03-14T04:00:00,1,1,1,9efc348c33274ac013bfa0906a388bc4ce0aa1d9d43ea7ea3088d4cad23350b9
04eb660befeec8572009b0b5eeecb72241dbc38032e9a7cbf57cfc3b7dcde59a,2353,45529,2023-03-14T08:00:00,TREND_UP,VOL_COMPRESSION,TREND_UP -> VOL_COMPRESSION,2023-03-14T05:00:00,3,2023-03-14T05:00:00,3,3,1,4b47d26d8e81e55ee10118bfed5b5d5da5aa2f338bc0418585ed37a5e53b751a
8e5d5dbe3e93ab27cf3305c0e82916ce55df6588e28330ad996e7fa5e40dba20,2354,45533,2023-03-14T12:00:00,VOL_COMPRESSION,TREND_UP,VOL_COMPRESSION -> TREND_UP,2023-03-14T08:00:00,4,2023-03-14T08:00:00,4,4,1,c642df87722e6d9276b8b5f75d94be911eb399e00d38554ab4a57889014eb5f9
ad06140063838c95e377c10db6f3c27f586b98d7cc7ab5aa127995c7a2ffac44,2355,45572,2023-03-16T03:00:00,TREND_UP,VOL_COMPRESSION,TREND_UP -> VOL_COMPRESSION,2023-03-14T12:00:00,39,2023-03-14T12:00:00,39,39,1,91e15f96c8635a8fd0718c1cc7182895ddcb83a894b4e8c24fca8de6eb6cfbc1
cf8a3431bff998353b72c879310f06a997568ea0c01b6ed177c3131f44e3d814,2356,45590,2023-03-16T21:00:00,VOL_COMPRESSION,TREND_UP,VOL_COMPRESSION -> TREND_UP,2023-03-16T03:00:00,18,2023-03-16T03:00:00,18,18,1,ba8676d96a39660d5212a1ce63e55d4bb8e23b92764162c329ee5b8697447e3d
2466c2e60837d9e98782e4e2ce5b51315f9ad11d5eb9c332e512b7ec42bc0e13,2357,45591,2023-03-16T22:00:00,TREND_UP,VOL_COMPRESSION,TREND_UP -> VOL_COMPRESSION,2023-03-16T21:00:00,1,2023-03-16T21:00:00,1,1,1,8ce89ced967d6e82ea9b9d7c8e00944bc005037d1054ae1fb40e873c0ec4934c
d9cfd7b6ae9cb274a1cf32442fe08b727e597a70b87eb9eea7549ecf872ea5da,2358,45594,2023-03-17T01:00:00,VOL_COMPRESSION,TREND_UP,VOL_COMPRESSION -> TREND_UP,2023-03-16T22:00:00,3,2023-03-16T22:00:00,3,3,1,e3f4d3705679da1b47f0bef49956f2b684e095614ffe60b01beccf2317005aa3
0c6fd08224a126c05e7c8df603b05defd815f8cf1d0c5db506c89ed2a844c9c3,2359,45597,2023-03-17T04:00:00,TREND_UP,VOL_COMPRESSION,TREND_UP -> VOL_COMPRESSION,2023-03-17T01:00:00,3,2023-03-17T01:00:00,3,3,1,ea8d39df9ef32ac2ee9f78df81d046ecbf76900930cfa252dd164c08d91c44fe
e2b01fbcb6662d4ca225eb1dc3d3dc04ddcf671c5fd11d2a3dd086e86fadbc76,2360,45603,2023-03-17T10:00:00,VOL_COMPRESSION,TREND_UP,VOL_COMPRESSION -> TREND_UP,2023-03-17T04:00:00,6,2023-03-17T04:00:00,6,6,1,8726a5ca45d756c16f2c18ba5149c8d81f257dddcd0cb58f842068b324f49dc7
f8cfd03af74c57cf626c8666a257ea2cd61b117bfcd862969dbe8e6501058de9,2361,45624,2023-03-18T07:00:00,TREND_UP,VOL_COMPRESSION,TREND_UP -> VOL_COMPRESSION,2023-03-17T10:00:00,21,2023-03-17T10:00:00,21,21,1,a0a22887291ad2a14c7751c5451bcad0554f4c6627f633039ba23bb18eb6c552
a98d9c6688036c3424263e797bad964853cf29039a7267490517a83962c68066,2362,45633,2023-03-18T16:00:00,VOL_COMPRESSION,TREND_UP,VOL_COMPRESSION -> TREND_UP,2023-03-18T07:00:00,9,2023-03-18T07:00:00,9,9,1,d6a94a6693a62c5c6eb4b85fbee41a11fe6cf9b1554c8a2784a228518b562dda
0a231dc1cde740b07086da8849b7c0e12d338136dbc17788f2acc613936bc470,2363,45637,2023-03-18T20:00:00,TREND_UP,VOL_COMPRESSION,TREND_UP -> VOL_COMPRESSION,2023-03-18T16:00:00,4,2023-03-18T16:00:00,4,4,1,8404abbb124c0962349d4306fbc487392b1e60d13362dc7b6847e8558f973cd3
caf3a5dbad5258083c5f62920c8881f5f3b4a2ad77aa06c130e10922dd0d8455,2364,45661,2023-03-19T20:00:00,VOL_COMPRESSION,TREND_UP,VOL_COMPRESSION -> TREND_UP,2023-03-18T20:00:00,24,2023-03-18T20:00:00,24,24,1,35511eefbcbaa1ee2659be38367d40d8210e36e52ca08497a0964472a62291d0
2718db9209baab4c16316c324536a3599921ef39f9e6af8909409dd5bbc32148,2365,45671,2023-03-20T06:00:00,TREND_UP,VOL_COMPRESSION,TREND_UP -> VOL_COMPRESSION,2023-03-19T20:00:00,10,2023-03-19T20:00:00,10,10,1,e476e7d8de99f7a6ab8ce2e1f241acaa79b1c841ae07fadc1560e557263b48c3
a0736e1de27a5bd3f7ae5ae79a8e6d813def05fa0f43ff15437d6e8e6913f3c5,2366,45672,2023-03-20T07:00:00,VOL_COMPRESSION,TREND_UP,VOL_COMPRESSION -> TREND_UP,2023-03-20T06:00:00,1,2023-03-20T06:00:00,1,1,1,af8c582590482397602b60e6d256aee85899f7dc61ebe285583a525b613a56b4
92fe3225fde028aba2b48140b8ce11ccef9f9bd7edd94f93ed6f4e758306743f,2367,45677,2023-03-20T12:00:00,TREND_UP,VOL_COMPRESSION,TREND_UP -> VOL_COMPRESSION,2023-03-20T07:00:00,5,2023-03-20T07:00:00,5,5,1,2f7389bfe629323669036e94f25a7a85d759b8a3308f0641ec5774787a4b63f0
6cdd7a448adc8a1b6dc5f505b7e6ce441e1a8813606e990e20931a42f2d72386,2368,45678,2023-03-20T13:00:00,VOL_COMPRESSION,TREND_UP,VOL_COMPRESSION -> TREND_UP,2023-03-20T12:00:00,1,2023-03-20T12:00:00,1,1,1,5c84ffa0451f19a5f36084701c2c69687cc52952d07babc6e3bd46be07b00fc0
932f2ba7dc7b3a63833ccb7b125dfe51f1439999210fe6393f30557f3e80f059,2369,45687,2023-03-20T22:00:00,TREND_UP,VOL_COMPRESSION,TREND_UP -> VOL_COMPRESSION,2023-03-20T13:00:00,9,2023-03-20T13:00:00,9,9,1,d897b8cdcfff9d87ac26e6cde26d30809375163cf1f7080bdea8ad4c528071c1
0587659f5b2ef9ae1857dfb67eebc564409642c95d6c1ef2af9a0df837159fe8,2370,45688,2023-03-20T23:00:00,VOL_COMPRESSION,TREND_UP,VOL_COMPRESSION -> TREND_UP,2023-03-20T22:00:00,1,2023-03-20T22:00:00,1,1,1,7c14fbbf760ec7faac9e7c0e0f3ae639d1717766abc79d05c16f09f3f5834536
5a299a96f84196a15bf10ac56219f76795d626bf0e07a925f54517b63146d26f,2371,45690,2023-03-21T01:00:00,TREND_UP,VOL_COMPRESSION,TREND_UP -> VOL_COMPRESSION,2023-03-20T23:00:00,2,2023-03-20T23:00:00,2,2,1,74452f65d948e4c371e7f6264e046c42fde501e228040e16ab76c6e346023bd5
9da1c58570aa0fedd91462af25a69ba4fcf749c2b6e16f50401a5e5e474ecde1,2372,45706,2023-03-21T17:00:00,VOL_COMPRESSION,TREND_UP,VOL_COMPRESSION -> TREND_UP,2023-03-21T01:00:00,16,2023-03-21T01:00:00,16,16,1,20723e75495db9bb8bed9015e4ebe5fb94b83f7bb8ffef681dcd54c73510c047
466efb95e474ef80dba7d92d1497dd94230380a15301d1bfab048cafc83674b0,2373,45707,2023-03-21T18:00:00,TREND_UP,VOL_COMPRESSION,TREND_UP -> VOL_COMPRESSION,2023-03-21T17:00:00,1,2023-03-21T17:00:00,1,1,1,ead7f01de667977b333f4729136c70dda0a059bdf70924bc12b96a1cebbc2a1e
05f761f426faca49e78fcd45af62435d9a5fc482f433ea88097a32d32c0b84bf,2374,45731,2023-03-22T18:00:00,VOL_COMPRESSION,TREND_UP,VOL_COMPRESSION -> TREND_UP,2023-03-21T18:00:00,24,2023-03-21T18:00:00,24,24,1,d6418e51478207fda94be3218e26f7784ba7e1f94252b49f7967dd501c54835c
1eab7a54627554440669733a10ddec48e70c11526b7e240e54a8ce5d13f0f0ed,2375,45733,2023-03-22T20:00:00,TREND_UP,RANGE,TREND_UP -> RANGE,2023-03-22T18:00:00,2,2023-03-22T18:00:00,2,2,1,3e570e811905a9e43ac332bf944320c73f2bc21a51ba732204a029b38d873a2d
b1174c23b766618bf45c288a30d2b895137d74ea6b949262849740722cceef53,2376,45735,2023-03-22T22:00:00,RANGE,TREND_DOWN,RANGE -> TREND_DOWN,2023-03-22T20:00:00,2,2023-03-22T20:00:00,2,2,1,6c04bcc1d6f32e9941d7fa9ae8b353d696f6d2d039751d11875c8e123ad87cd6
918ed17e81bf476f5173b2436f410cf5ae5404f1a4b62e49977b0cfd37cb40d9,2377,45740,2023-03-23T03:00:00,TREND_DOWN,VOL_COMPRESSION,TREND_DOWN -> VOL_COMPRESSION,2023-03-22T22:00:00,5,2023-03-22T22:00:00,5,5,1,788a878ca8334a665cdae5344e72c0d8aa04d8ac67ad44d8e994252e261fc3e4
c16596390250a04d87d9cfecb02d0f715c8e3319cba314c9b359d5b4226007f3,2378,45752,2023-03-23T15:00:00,VOL_COMPRESSION,RANGE,VOL_COMPRESSION -> RANGE,2023-03-23T03:00:00,12,2023-03-23T03:00:00,12,12,1,bd8b5bb15271c4cb943e6951a015053aaca4f8ab92160050a34a7fc269fed38a
1837d4f46120b0467b573b0d413fb20c7d55a85e4f3e70eb48486d721d0eeb2b,2379,45754,2023-03-23T17:00:00,RANGE,TREND_UP,RANGE -> TREND_UP,2023-03-23T15:00:00,2,2023-03-23T15:00:00,2,2,1,9afb85b0168175191ae324c09c0b5b1c695fa66ed3d6bfbd8ccee287a1f8f8c5
2d7b345af19cf24ea24ed60aae40bfa3f2d7238a1a6febdde712cc9a163246c6,2380,45761,2023-03-24T00:00:00,TREND_UP,VOL_COMPRESSION,TREND_UP -> VOL_COMPRESSION,2023-03-23T17:00:00,7,2023-03-23T17:00:00,7,7,1,8d45937d2cd0cc2d743b90eb23d3bae4a7b65ba06f06b3bc7a20ee85af00d94a
92feb3d2a3750c12cb97bd66b19ea0f93c7eeada0a8f953ba48d6978d1a8210c,2381,45775,2023-03-24T14:00:00,VOL_COMPRESSION,RANGE,VOL_COMPRESSION -> RANGE,2023-03-24T00:00:00,14,2023-03-24T00:00:00,14,14,1,2e9e15baf3b7b4b532c311b9d6e3906698f4ef845313fd96abd7e5fab00c6cab
59b15b6deb468d1324b83aaabdff5bb6fc1e73768612df9bf2ab74c35f3b855a,2382,45776,2023-03-24T15:00:00,RANGE,VOL_COMPRESSION,RANGE -> VOL_COMPRESSION,2023-03-24T14:00:00,1,2023-03-24T14:00:00,1,1,1,3757999b706cd2ca2165644622113566225f3101f37ab19ab2c0a9feafc2514a
26582f1d5104f2d72709a275d853f0513a3d1f6c24aff94fb0ee9546249ec0a9,2383,45782,2023-03-24T21:00:00,VOL_COMPRESSION,TREND_DOWN,VOL_COMPRESSION -> TREND_DOWN,2023-03-24T15:00:00,6,2023-03-24T15:00:00,6,6,1,943ad4b53eba8336c98bce09e81fc6a863260096730729be1330d435b16a9857
9acf85a9d0f09c570fae9cf53060b5a4801fd3e271b19c68d72df7ed0acc0482,2384,45784,2023-03-24T23:00:00,TREND_DOWN,VOL_COMPRESSION,TREND_DOWN -> VOL_COMPRESSION,2023-03-24T21:00:00,2,2023-03-24T21:00:00,2,2,1,bf522642628eba156890349030109ad3d2d5feae73c5ee883d83a8da8e589423
049e555cfa8ce4d27d79af7f9ef99bf307f1b126111fc2e8bc4b8ff7b1b52f32,2385,45908,2023-03-30T03:00:00,VOL_COMPRESSION,TREND_UP,VOL_COMPRESSION -> TREND_UP,2023-03-24T23:00:00,124,2023-03-24T23:00:00,124,124,1,6dd4c56db03f1a762596d98bb41bbbaad6f376a55de6a66b5e25c58412906590
a5f42f73a98252102bd678c801e8681e886d6451d67bb1a2b27e4dafbb17569f,2386,45910,2023-03-30T05:00:00,TREND_UP,VOL_COMPRESSION,TREND_UP -> VOL_COMPRESSION,2023-03-30T03:00:00,2,2023-03-30T03:00:00,2,2,1,99f0e9d51f34439e97c42964b502bda482c266788f53757516ad4d849382bd73
77564f665c6432fcbe7610e666565507ff1240827225f03d8da1b25bf84e5478,2387,46572,2023-04-26T19:00:00,VOL_COMPRESSION,TREND_UP,VOL_COMPRESSION -> TREND_UP,2023-03-30T05:00:00,662,2023-03-30T05:00:00,662,662,1,5a1fd5b645fe23f0e71306b22029c46f5a35e7195d5ba4eeb875bcb6c6650324
44d67e736028fc6a3d76f5101d516cf08e4d21ff142fb228aebdd6110c34c7ea,2388,46590,2023-04-27T13:00:00,TREND_UP,VOL_COMPRESSION,TREND_UP -> VOL_COMPRESSION,2023-04-26T19:00:00,18,2023-04-26T19:00:00,18,18,1,dfab609f7d444a411ec833d24567ed70c4c5949fb918fc64ec7e1586de711f1c
04515d8afa14696cfbb191e30579c6998222b0244990b32a5483fe2cb9a67b40,2389,46592,2023-04-27T15:00:00,VOL_COMPRESSION,TREND_UP,VOL_COMPRESSION -> TREND_UP,2023-04-27T13:00:00,2,2023-04-27T13:00:00,2,2,1,7a718af1453e219e7d4e7b3353bb44fdb0596d6f837689b2cee6a544ec9261e4
b8109de4c6dfc2cac4fe2235e95287b6b44793c6034a9425917b0413148b6228,2390,46593,2023-04-27T16:00:00,TREND_UP,VOL_COMPRESSION,TREND_UP -> VOL_COMPRESSION,2023-04-27T15:00:00,1,2023-04-27T15:00:00,1,1,1,29b0a709f5f2a0e7562464f97652b32ac664418e43990eca58de24313ee973ba
e085c731fb84aece6efa55dc90f57cba90e74cf87f412f2a6072acc8617af071,2391,46595,2023-04-27T18:00:00,VOL_COMPRESSION,TREND_UP,VOL_COMPRESSION -> TREND_UP,2023-04-27T16:00:00,2,2023-04-27T16:00:00,2,2,1,16bd7807beb4a78272a2efecb85b38706d186e148d7b9493df295bdd2d6b65c9
fe57249f4514cbc041f770a9bcb721799329c9dd2282e0ed6503b63673853d6e,2392,46600,2023-04-27T23:00:00,TREND_UP,VOL_COMPRESSION,TREND_UP -> VOL_COMPRESSION,2023-04-27T18:00:00,5,2023-04-27T18:00:00,5,5,1,a7049bf61d97c7ded9dd1886f136e50968fb18fe6033f9e176094946397287c7
4f679985481c716ee66448d0bd230ea73615dc819d16f298983e0a3d7a6d0a87,2393,46906,2023-05-10T17:00:00,VOL_COMPRESSION,RANGE,VOL_COMPRESSION -> RANGE,2023-04-27T23:00:00,306,2023-04-27T23:00:00,306,306,1,abb068cf0d217740d70c292396d37efb1154d457f10e5ad77899780ea1fd7297
019351529753137b34d3eac0b336df3d501672a37bffb1e6031bb47e4b3b29e0,2394,46907,2023-05-10T18:00:00,RANGE,VOL_COMPRESSION,RANGE -> VOL_COMPRESSION,2023-05-10T17:00:00,1,2023-05-10T17:00:00,1,1,1,29b2d183d05741cc4e7ffd28a91e4e3b50b01e8385387f62594781a24b8621fe
fbc5b6aca726e5cdb95982d08bf8df3d5968ff03fce6337a6d9599917423306b,2395,46910,2023-05-10T21:00:00,VOL_COMPRESSION,TREND_DOWN,VOL_COMPRESSION -> TREND_DOWN,2023-05-10T18:00:00,3,2023-05-10T18:00:00,3,3,1,9ed02a90fc128b7163a153a24d2af43629f9af08cd21f6951253c818f45aab55
ce390f9dd54213666e95883b703c3b19c9825add2bcdc98e27b31488a5e388e4,2396,46912,2023-05-10T23:00:00,TREND_DOWN,VOL_COMPRESSION,TREND_DOWN -> VOL_COMPRESSION,2023-05-10T21:00:00,2,2023-05-10T21:00:00,2,2,1,273626760f65838e69c1b71e5a4258d76b34ee97653fef90e29feeac2c4332d2
35518fe45ace771010c9d42d92f6b0ba0bff6deb4ef894bd9e3e2e1aa55e8559,2397,47913,2023-06-21T16:00:00,VOL_COMPRESSION,TREND_UP,VOL_COMPRESSION -> TREND_UP,2023-05-10T23:00:00,1001,2023-05-10T23:00:00,1001,1001,1,a98c27263338f7df634d310cd97e926b7c19da1bb7c21f0dd8ee64dcd1b77683
3a7056bef6e82936c21699fec5ffb0559ac88972a2fd8d1629c4c82ced1f956c,2398,47919,2023-06-21T22:00:00,TREND_UP,VOL_COMPRESSION,TREND_UP -> VOL_COMPRESSION,2023-06-21T16:00:00,6,2023-06-21T16:00:00,6,6,1,3e876964af7100e8ef295ce28a631a685213945a75c4626776b5a93d00bf51f3
e29a11a09002fada13c125fef741f798a37b1ab77e1cf0e9311106143062046f,2399,47961,2023-06-23T16:00:00,VOL_COMPRESSION,TREND_UP,VOL_COMPRESSION -> TREND_UP,2023-06-21T22:00:00,42,2023-06-21T22:00:00,42,42,1,ef280436bca8b9a19e0197fcc04f05a72597426e159e13a8d53ffed07298339a
6c69770ce1c4d57d48882d7ab9bb2e337ed6eba8588f6df0a6273c1c0b0a432b,2400,47965,2023-06-23T20:00:00,TREND_UP,VOL_COMPRESSION,TREND_UP -> VOL_COMPRESSION,2023-06-23T16:00:00,4,2023-06-23T16:00:00,4,4,1,68432f62ae73ac6b97bedd57970f1b576ee47dd4d9862d18413f9ae128108d24
f8e2da177a9b1304db67819879c470f072d19ed740f156389a9ff1fdcd8a1567,2401,48126,2023-06-30T13:00:00,VOL_COMPRESSION,TREND_UP,VOL_COMPRESSION -> TREND_UP,2023-06-23T20:00:00,161,2023-06-23T20:00:00,161,161,1,78f3a6950b15a2b4e382b51ff9e1141a94f6def881a57c2bd256a789d288ef8c
5bed173f3a7abe5bb02f6e9fa7711906b497fed6d68a2ddfb318b443bf8f5918,2402,48128,2023-06-30T15:00:00,TREND_UP,RANGE,TREND_UP -> RANGE,2023-06-30T13:00:00,2,2023-06-30T13:00:00,2,2,1,e053373defe1a1480efcb692f10ff3928c02481c01930c1fa54a8bd971ad7dfd
c5be1a44a0615eb3f5b345607511e2c1fcb42ed5f074d8c93fa120ddfe5afb80,2403,48132,2023-06-30T19:00:00,RANGE,VOL_COMPRESSION,RANGE -> VOL_COMPRESSION,2023-06-30T15:00:00,4,2023-06-30T15:00:00,4,4,1,d58be40fbab9a680ae12c8380c6a2291ef1499af660339b729d0f4350f637060
9c8978367888ff5f3beb9b6296dbeb4d210bfb1db0f9f95e6e16075cbc789f97,2404,49286,2023-08-17T21:00:00,VOL_COMPRESSION,TREND_DOWN,VOL_COMPRESSION -> TREND_DOWN,2023-06-30T19:00:00,1154,2023-06-30T19:00:00,1154,1154,1,9819413601958ec03b684ef3a720ad015aa5f49064a7f710520f4ba7acfd1429
c5940934d7c6e92a0c8e38a556870024524dbaf0fb0813d8007ef6e6b893218c,2405,49297,2023-08-18T08:00:00,TREND_DOWN,VOL_COMPRESSION,TREND_DOWN -> VOL_COMPRESSION,2023-08-17T21:00:00,11,2023-08-17T21:00:00,11,11,1,28f88e8eec5560f477d67a2d0c01a52d2f9d808d8a50d0f0e488387ce0ce889b
d27ba203863bd902889677083afa7e6daa13a81876b3c6ffe27e63786afe7f96,2406,49569,2023-08-29T16:00:00,VOL_COMPRESSION,TREND_UP,VOL_COMPRESSION -> TREND_UP,2023-08-18T08:00:00,272,2023-08-18T08:00:00,272,272,1,d84dc4dd7897851f7d62c8b7affb7a917e1c195fec9dca223944727d1c74a338
09d50280eacafe628e157885e4eb0799223a902e3cc296c258082ba8cbe483d2,2407,49572,2023-08-29T19:00:00,TREND_UP,VOL_COMPRESSION,TREND_UP -> VOL_COMPRESSION,2023-08-29T16:00:00,3,2023-08-29T16:00:00,3,3,1,93fb4642a383a873911474b1d3d1e163902330ca4feef2f6495d57b7bebec995
161944fd7015972b43697082182660b5062c2595328b70b15858f8a3c06c3ffc,2408,50718,2023-10-16T13:00:00,VOL_COMPRESSION,TREND_UP,VOL_COMPRESSION -> TREND_UP,2023-08-29T19:00:00,1146,2023-08-29T19:00:00,1146,1146,1,a5aa5d02ee0decc2d3ab59a1f9e63d325209e86d589e886fab440ac2e261e834
254b408cb1078e9968221b1cbc8a37648ce958bfe0f51d2dd8742c6dc2267cfe,2409,50726,2023-10-16T21:00:00,TREND_UP,VOL_COMPRESSION,TREND_UP -> VOL_COMPRESSION,2023-10-16T13:00:00,8,2023-10-16T13:00:00,8,8,1,a0697593adf898090ad8e739d84bdb7e37fc6c213cba09040596f82c31d351ca
da6c09acb7df2f13a03abe773ba830feb4719f49657569ad777fa56ba6b37ce4,2410,50895,2023-10-23T22:00:00,VOL_COMPRESSION,TREND_UP,VOL_COMPRESSION -> TREND_UP,2023-10-16T21:00:00,169,2023-10-16T21:00:00,169,169,1,b7e7438ecc798ffe85c95fcf102f1794a56bd0a3333c5a2056ef91eef830e1ef
d29c0f20d8c82ff0034ac08acf564650506e8271b23a204ed6bcf5cbe855dbe8,2411,50925,2023-10-25T04:00:00,TREND_UP,VOL_COMPRESSION,TREND_UP -> VOL_COMPRESSION,2023-10-23T22:00:00,30,2023-10-23T22:00:00,30,30,1,e24a6321477b2422c26d1f22e749c4c6dd6975a1a605ebae1e0ee3189c3da421
28d81150e07f2534ba2cf546477f9e2c9ea958d2dda10826edcd979233c13f5a,2412,51297,2023-11-09T16:00:00,VOL_COMPRESSION,TREND_UP,VOL_COMPRESSION -> TREND_UP,2023-10-25T04:00:00,372,2023-10-25T04:00:00,372,372,1,170d25839af9c876e7c4640c33ad0904d313d25f1c2d5878be2ad636141d6d14
b2a55592e1ddc37d76d45d241313ac6011931614cea26fc162920e5168c2dca7,2413,51304,2023-11-09T23:00:00,TREND_UP,VOL_COMPRESSION,TREND_UP -> VOL_COMPRESSION,2023-11-09T16:00:00,7,2023-11-09T16:00:00,7,7,1,575a89e1f50756bc61f0bc3d47549356d9919b06175a62900b9c392eb49cbdc3
ba8a26356756237b2069db80faf091b0f167af60edb3c0f4b0b6b65f30abd6dd,2414,51419,2023-11-14T18:00:00,VOL_COMPRESSION,TREND_DOWN,VOL_COMPRESSION -> TREND_DOWN,2023-11-09T23:00:00,115,2023-11-09T23:00:00,115,115,1,70a5dc0278e3945df4374327ca5e7eb959cbfe1b34702045976840021aca3f9f
0d6c4ed8e6c4a807bae8ddaa431e89f7f40fb0eda1a0df3e8c9c5c927a0cb2a2,2415,51420,2023-11-14T19:00:00,TREND_DOWN,VOL_COMPRESSION,TREND_DOWN -> VOL_COMPRESSION,2023-11-14T18:00:00,1,2023-11-14T18:00:00,1,1,1,2b0c63026cdc074346fb4c5ae5c1729222f13fa2e8aebd8d6cc1f13e9bd1ae4c
c3b9d123b078343e3a0e81c6cda82a30c94d0482dc3bf4ca1e3be6051d00d7e3,2416,51586,2023-11-21T17:00:00,VOL_COMPRESSION,RANGE,VOL_COMPRESSION -> RANGE,2023-11-14T19:00:00,166,2023-11-14T19:00:00,166,166,1,5b9c26619eb0a2a3bf8426fa9507526cb07e0965abced10cf9df2749a95eed86
fcee11ed4a4e6e35a3732bdd50dce3608922358b285dbb9ccec931438bd8924a,2417,51587,2023-11-21T18:00:00,RANGE,VOL_COMPRESSION,RANGE -> VOL_COMPRESSION,2023-11-21T17:00:00,1,2023-11-21T17:00:00,1,1,1,ff7061fa575303c8e62645422a2f0e35a23f3f921482194a4a02cb6ff20c501d
c1b3ed4ad36990debbac91c762c44e9af333956691289b349bfeae8c865fb8d1,2418,51592,2023-11-21T23:00:00,VOL_COMPRESSION,TREND_DOWN,VOL_COMPRESSION -> TREND_DOWN,2023-11-21T18:00:00,5,2023-11-21T18:00:00,5,5,1,ff171b06659e0ff784a7b1d631c414f9cd3eee9607aad2b44dc3d3b2c78e485a
ada8ff7244ebf05d411e8e152979801d138ca36f6a9aef6fa060f0fc99ca8c4e,2419,51594,2023-11-22T01:00:00,TREND_DOWN,VOL_COMPRESSION,TREND_DOWN -> VOL_COMPRESSION,2023-11-21T23:00:00,2,2023-11-21T23:00:00,2,2,1,65a8c322a46ee886fc8a45118ea678622cc80dd981d2a79936e30937bb2d93fc
b980b5a941283e4ea71924bbed6a7eee69a64ffb52d7b1b8c95ba9ef118a9bba,2420,51927,2023-12-05T22:00:00,VOL_COMPRESSION,TREND_UP,VOL_COMPRESSION -> TREND_UP,2023-11-22T01:00:00,333,2023-11-22T01:00:00,333,333,1,13043d09bfaeff3516296eca7624a8bfab177fda4876a8baac8382beed65ae18
30c28f46dcaa06b52207f8613dc3fb1706b0ef49200af768071e23df6303f742,2421,51930,2023-12-06T01:00:00,TREND_UP,VOL_COMPRESSION,TREND_UP -> VOL_COMPRESSION,2023-12-05T22:00:00,3,2023-12-05T22:00:00,3,3,1,df7acc1b8b34f67a12b71a661e0c4e79941ae9aa489e421ae6067dc9470b0c5f
9fffc3d8e8306378e2459a69bfbbeb26b3dbd88b1cce55a364f260d68189ed95,2422,52051,2023-12-11T02:00:00,VOL_COMPRESSION,TREND_DOWN,VOL_COMPRESSION -> TREND_DOWN,2023-12-06T01:00:00,121,2023-12-06T01:00:00,121,121,1,64f36be66c4ba2c358eb84d30888540b649b80bc1205c99fc28b07afb5b637aa
7665c3dc93b09966d998efa89a00ef3fd79cb769eed6bd47bfba62bc44d372e7,2423,52057,2023-12-11T08:00:00,TREND_DOWN,VOL_COMPRESSION,TREND_DOWN -> VOL_COMPRESSION,2023-12-11T02:00:00,6,2023-12-11T02:00:00,6,6,1,d28cba819b8e308bf0cbefea41fe864d4c3218aaf72ab2ab176e3004854949aa
6358e1705eefc2aa7c4e2fbcefa37ffa434340b339230deed8468f3baefe8032,2424,52068,2023-12-11T19:00:00,VOL_COMPRESSION,TREND_DOWN,VOL_COMPRESSION -> TREND_DOWN,2023-12-11T08:00:00,11,2023-12-11T08:00:00,11,11,1,4050ddc354d277993021bad4c35d8981ab8b0dd4aa1846758baaca1c00e2c14d
3147ac4ca66d99554604db6ae2089ffa4ef0085de93e4765bbe3014d4e51194d,2425,52071,2023-12-11T22:00:00,TREND_DOWN,VOL_COMPRESSION,TREND_DOWN -> VOL_COMPRESSION,2023-12-11T19:00:00,3,2023-12-11T19:00:00,3,3,1,5a24c6dfaff79004b62b8522eecd07fa4afd34d2891c20191907a824874558f4
e39ec130e428fe7fec7183defe2ee68ccc40d09c4adc3e98d1600c61d733c046,2426,52613,2024-01-03T12:00:00,VOL_COMPRESSION,RANGE,VOL_COMPRESSION -> RANGE,2023-12-11T22:00:00,542,2023-12-11T22:00:00,542,542,1,f214e22260bf25792637b01ed75ed276c503b29d7549fed3f4846c8e31e912a6
5bd293075ef2a5690b4c660a113c130be67fc25aa6424f03bd7fb91d7f222165,2427,52617,2024-01-03T16:00:00,RANGE,TREND_DOWN,RANGE -> TREND_DOWN,2024-01-03T12:00:00,4,2024-01-03T12:00:00,4,4,1,84276c26d03c0400a3a68fbd1f79eba65ccdc0c49b542ae6166b990b2ff429a1
8edd8b6f21cec49e701916c7d16bbcec7493a71be951b585a5035909461bb7c7,2428,52626,2024-01-04T01:00:00,TREND_DOWN,VOL_COMPRESSION,TREND_DOWN -> VOL_COMPRESSION,2024-01-03T16:00:00,9,2024-01-03T16:00:00,9,9,1,347f38e1985858c64fba9d63df0bc76bee091017134077ea19b109d883b58619
bd054cf1ce0ca61ff311c2621410ff2a7e05fa9ae6ccfa13b2ad3759131714ef,2429,52650,2024-01-05T01:00:00,VOL_COMPRESSION,TREND_UP,VOL_COMPRESSION -> TREND_UP,2024-01-04T01:00:00,24,2024-01-04T01:00:00,24,24,1,a1911db25fd87512c4d2dd14bd4b1b2a6edf03de4d9b60eac3436305d461936a
5f91e70e1ab51cd7bffcd37abfa1dd3b2a4dc4d33717500f7ba9e6c60068bd10,2430,52653,2024-01-05T04:00:00,TREND_UP,RANGE,TREND_UP -> RANGE,2024-01-05T01:00:00,3,2024-01-05T01:00:00,3,3,1,1d162943d1f8e6f36cc5c39451dc81d2c2c92bd386d71d36e19bb0d41cb48fe7
590886bd393521e30c3fd5a281e35295f74b2177b4bdf9d023db70aaaa0407ad,2431,52655,2024-01-05T06:00:00,RANGE,VOL_COMPRESSION,RANGE -> VOL_COMPRESSION,2024-01-05T04:00:00,2,2024-01-05T04:00:00,2,2,1,7a7db8db48fc63ec1dbf16cbe566a5b3c8a79ecc1968ae293724836b9c68903d
c2f131d6d944da6e6a0bad61ed14f3b9c1fca95e4d169235e1bed8986c3e38bf,2432,52739,2024-01-08T18:00:00,VOL_COMPRESSION,TREND_UP,VOL_COMPRESSION -> TREND_UP,2024-01-05T06:00:00,84,2024-01-05T06:00:00,84,84,1,a3ec09a2cf25dcc6ce9daf75de9dceb9c74f50958c7f0113411ecd4260324100
c5bc37f87585f9cf61eda34a043f4795f87a29f236cd71c8b108fba4ac0ddefd,2433,52743,2024-01-08T22:00:00,TREND_UP,VOL_COMPRESSION,TREND_UP -> VOL_COMPRESSION,2024-01-08T18:00:00,4,2024-01-08T18:00:00,4,4,1,f49104471c56fbc5c81a4f58045b9230eb734b853f3c617b38df2dc0e6234f10
f8374334be905d9207556e41529961384fcc05c7e2c6f6b14c299fccfce05b17,2434,52745,2024-01-09T00:00:00,VOL_COMPRESSION,TREND_UP,VOL_COMPRESSION -> TREND_UP,2024-01-08T22:00:00,2,2024-01-08T22:00:00,2,2,1,999533a84aa05b276e67ad1621ff05f9501e71c5a63fe30e9f79427f1c8d4c0f
b2e70d4773f0f1753de88190f2c68ca26c1c125a402c62df88f032aceebd8fd7,2435,52747,2024-01-09T02:00:00,TREND_UP,VOL_COMPRESSION,TREND_UP -> VOL_COMPRESSION,2024-01-09T00:00:00,2,2024-01-09T00:00:00,2,2,1,c513ceb4d66efb05ee5da08321f58cc2910d51a396e7104ea5ccfda0644c1df4
beafad3b47afdbb2c2efe22cf41a1402c54a047be49e54601f89995f4c1d0a13,2436,52766,2024-01-09T21:00:00,VOL_COMPRESSION,TREND_UP,VOL_COMPRESSION -> TREND_UP,2024-01-09T02:00:00,19,2024-01-09T02:00:00,19,19,1,9a9cf160bbdf3a9633a62017bafb6f1d211df17aa048b365d7b86f633faaa8d2
30ab7bfda58ee64231a52e69babdaf140d71eb3de05874abdf0be124790d2549,2437,52773,2024-01-10T04:00:00,TREND_UP,VOL_COMPRESSION,TREND_UP -> VOL_COMPRESSION,2024-01-09T21:00:00,7,2024-01-09T21:00:00,7,7,1,52e78383400d70f83bb4070885e67ff2aecbcd57d89894bf924292b392e0262b
a5df25ca631e5facb5ecf78888481e244f7bcf4dabddbcfd2072495dbb8581e6,2438,52781,2024-01-10T12:00:00,VOL_COMPRESSION,RANGE,VOL_COMPRESSION -> RANGE,2024-01-10T04:00:00,8,2024-01-10T04:00:00,8,8,1,45dbbb9cf3f7dca58bb112e8a45ad22fb1fc9d8c282581dbb1bd166111070b3a
fb7280747336f89e4ed05f6a3f04b99ca938d948cf16ead1b7a2024832939e65,2439,52783,2024-01-10T14:00:00,RANGE,TREND_DOWN,RANGE -> TREND_DOWN,2024-01-10T12:00:00,2,2024-01-10T12:00:00,2,2,1,2d22eb7692b9caa86b5ac1f775f6e995f4f93ce3f05ae6017bcd7d797ce5a5c3
8eda1fdd9f22d8a0fc0a4d8ece82b6a255ccd690944625a31dd546a4910245ca,2440,52786,2024-01-10T17:00:00,TREND_DOWN,RANGE,TREND_DOWN -> RANGE,2024-01-10T14:00:00,3,2024-01-10T14:00:00,3,3,1,bd126028cbc3495421b00804c55985a8618adba137eb398e66e751b7985007ec
1ea2061a9cb728f3831e3fb1ba80dedf465316c3948dcbaf32b08009a924c076,2441,52787,2024-01-10T18:00:00,RANGE,TREND_UP,RANGE -> TREND_UP,2024-01-10T17:00:00,1,2024-01-10T17:00:00,1,1,1,1d33b57d3411bf2b4b63285286fc0c6251b94ab80b54f94fa5b0f27dc5e103f0
2823ccc8a50674504be980118e6f138b1a7ecd9396fe27ac223a51992b80a94d,2442,52801,2024-01-11T08:00:00,TREND_UP,VOL_COMPRESSION,TREND_UP -> VOL_COMPRESSION,2024-01-10T18:00:00,14,2024-01-10T18:00:00,14,14,1,561cfdaaaaba0d77795d0082144dde21419c48bc17bf7c2cdc53ecd10baa90da
7f1870b412864d82fdc714be843f4c6be053ca23112167aee3b407f3972dcc12,2443,52807,2024-01-11T14:00:00,VOL_COMPRESSION,TREND_UP,VOL_COMPRESSION -> TREND_UP,2024-01-11T08:00:00,6,2024-01-11T08:00:00,6,6,1,3400ef7fb0f56dda093398cf2dadbde163515957566956cfbebd72e90dccc6a3
79edb0e766dd0862e63fab52a56abbbd12b04ef213de128cf70ed37705f743dd,2444,52818,2024-01-12T01:00:00,TREND_UP,RANGE,TREND_UP -> RANGE,2024-01-11T14:00:00,11,2024-01-11T14:00:00,11,11,1,07190f2dc15e79dfd19022adb5d4c94a6387eba413b15615674ede3b7f86ee44
1c3443a31be395ce0e7beb3a437f1a57429611161417b89366edaef0d11f19c5,2445,52819,2024-01-12T02:00:00,RANGE,VOL_COMPRESSION,RANGE -> VOL_COMPRESSION,2024-01-12T01:00:00,1,2024-01-12T01:00:00,1,1,1,711bab98effea3a650910d757cb255d3803bc5b4a891a53d3bfdec630ecf67bb
02fb27fdeb4064cb3786c2b1bfb732303bd69a0ed07b1da96c9842d74d7124d4,2446,52832,2024-01-12T15:00:00,VOL_COMPRESSION,TREND_DOWN,VOL_COMPRESSION -> TREND_DOWN,2024-01-12T02:00:00,13,2024-01-12T02:00:00,13,13,1,a7c5f31637eff62b94285f17685f7251b92e99f288c544e1dcd364515b120ab6
3e0336c28543aa4d19c7a60a6d9dbdf78a75c9e4d414f76aee566c8a72e9ef19,2447,52846,2024-01-13T05:00:00,TREND_DOWN,VOL_COMPRESSION,TREND_DOWN -> VOL_COMPRESSION,2024-01-12T15:00:00,14,2024-01-12T15:00:00,14,14,1,93094da0f9c928b7b4fa1c222b6dde6f1bf5f3b7f926c926bde1d5f3299d3699
75c33f9d26d1f787cccd3279463dea1761fb30d4f07b2597dc8cf74254ed5245,2448,53003,2024-01-19T18:00:00,VOL_COMPRESSION,TREND_DOWN,VOL_COMPRESSION -> TREND_DOWN,2024-01-13T05:00:00,157,2024-01-13T05:00:00,157,157,1,a520cf0c01f0def4f1b6e6178b307a61fb4b0737881ad5b4e88c8ac9adc79ac7
2ff83e0009fc6cbc07ba0b938d24be3c8318163786ba69fd27e9fea2060766f3,2449,53004,2024-01-19T19:00:00,TREND_DOWN,VOL_COMPRESSION,TREND_DOWN -> VOL_COMPRESSION,2024-01-19T18:00:00,1,2024-01-19T18:00:00,1,1,1,271b63e96c6a54a458999933db9b3d1b0b35cbcb9fb9e422abf2ead04ba5c87d
9ea94b32b0582f3e3348c8b9489b4672dbd6a238e1eb44e619c5809df6d5a0a5,2450,53005,2024-01-19T20:00:00,VOL_COMPRESSION,TREND_DOWN,VOL_COMPRESSION -> TREND_DOWN,2024-01-19T19:00:00,1,2024-01-19T19:00:00,1,1,1,2270b76626c69eebb6f57d84f31786960ec674ce1dd83a107b23a1fee78c6e80
768710ded04661cba8e61bbd80de444e8634b7839f90735ce8e25f7f76cbe978,2451,53007,2024-01-19T22:00:00,TREND_DOWN,VOL_COMPRESSION,TREND_DOWN -> VOL_COMPRESSION,2024-01-19T20:00:00,2,2024-01-19T20:00:00,2,2,1,a345e5834b57c8b0ff9dee60d1caa2fc81efed3fecb1c89ebfbd30e1c49b8320
a754567a32dd1d9e7adaaf19eb993f78ba739597571d2230ff32c38fea8d375d,2452,53076,2024-01-22T19:00:00,VOL_COMPRESSION,TREND_DOWN,VOL_COMPRESSION -> TREND_DOWN,2024-01-19T22:00:00,69,2024-01-19T22:00:00,69,69,1,7e918a027edae1115eff0a12948613bbb30f20ae007e26594781f60b5a91a362
db84255505c0f0d73173ce8ebea6193c811958cbf9dd0693416d63ee04cadea8,2453,53082,2024-01-23T01:00:00,TREND_DOWN,VOL_COMPRESSION,TREND_DOWN -> VOL_COMPRESSION,2024-01-22T19:00:00,6,2024-01-22T19:00:00,6,6,1,347b134d2e42116772742c87b5e1a98ab00be690bfd1400c90ed26b608816596
5a13f694e7b80eb038880094758b594773697bdc00cf7719f6e377b3c12fbf64,2454,53923,2024-02-27T02:00:00,VOL_COMPRESSION,TREND_UP,VOL_COMPRESSION -> TREND_UP,2024-01-23T01:00:00,841,2024-01-23T01:00:00,841,841,1,b9b17747d1c9f3461ff0668bf2b3820ccba2b01aa46dc632ac36df81952933eb
c4aa2fb8e7cc90e1ee7f5f182912cc3f8c8d8d995fb632345a195bf256f009e1,2455,53927,2024-02-27T06:00:00,TREND_UP,VOL_COMPRESSION,TREND_UP -> VOL_COMPRESSION,2024-02-27T02:00:00,4,2024-02-27T02:00:00,4,4,1,5576160910e336fc1e524dcca55bcd776924176bf8fc08bf659148e07ff4698d
02ef82849141460131f0e507906ca63b5f7bc766881d74aa45de29627c9f5e5e,2456,53958,2024-02-28T13:00:00,VOL_COMPRESSION,TREND_UP,VOL_COMPRESSION -> TREND_UP,2024-02-27T06:00:00,31,2024-02-27T06:00:00,31,31,1,266476dd177a2a768dbdca8ae863ac97ef190404f60c84ffdfb8605d8f17bf55
5d552ef2dedb3bb5d226daf0888c07ae71481c6e84caa5328932c590cf4e10a8,2457,53962,2024-02-28T17:00:00,TREND_UP,VOL_EXPANSION,TREND_UP -> VOL_EXPANSION,2024-02-28T13:00:00,4,2024-02-28T13:00:00,4,4,1,8cc3e5a9965810b51bdd16887ab5e60b0b41b726ef0abe4cfda1fe9943cc9c8e
3393fffc33d97eb83f440a16559f713c10d50ad91bd2dc70ebc3f0faeeb6ab71,2458,53966,2024-02-28T21:00:00,VOL_EXPANSION,TREND_UP,VOL_EXPANSION -> TREND_UP,2024-02-28T17:00:00,4,2024-02-28T17:00:00,4,4,1,16c7334622139282ee3bcf9ec4c4c6c127b1ca22c7b18a41954feb372019997d
e318a13507d201036ae937376395c031e47168b87ee76ce8b5544f3b0382f147,2459,53997,2024-03-01T04:00:00,TREND_UP,VOL_COMPRESSION,TREND_UP -> VOL_COMPRESSION,2024-02-28T21:00:00,31,2024-02-28T21:00:00,31,31,1,71e62477685efdea312ce7ee54060c0fd214df996abb7f3a3b725c451d8d5d8d
ee4d54e6d4e210f0e6078c1bc0a4c385e44549cfacd8483fba0440aaaa64d9b4,2460,54082,2024-03-04T17:00:00,VOL_COMPRESSION,TREND_UP,VOL_COMPRESSION -> TREND_UP,2024-03-01T04:00:00,85,2024-03-01T04:00:00,85,85,1,e94f4e35d0326afd594faefcb64e498636000bde4403f172d6f90fee1f2acd86
dac37281ac78cc18022cda56873fe3b85cb2f61c7f2c7e6f937f15b8828e97cd,2461,54108,2024-03-05T19:00:00,TREND_UP,VOL_EXPANSION,TREND_UP -> VOL_EXPANSION,2024-03-04T17:00:00,26,2024-03-04T17:00:00,26,26,1,d7ad52f3bb54be2b6261b6f4ccee715b166ff949b681c08092ac2346c5b961e7
6f1a1b14f9fe6c6aefc01d918bccd95da8f275b0a155cb1cb41067ddf007f759,2462,54113,2024-03-06T00:00:00,VOL_EXPANSION,TREND_DOWN,VOL_EXPANSION -> TREND_DOWN,2024-03-05T19:00:00,5,2024-03-05T19:00:00,5,5,1,11650fd9e929c1d24b9b61907cfc5561bf8a856cb0b5171cbeca305d49b8a560
1c9519d50e5b859f2f916e7d8674ba6242e3fcbe9c329e34600a9db34de7105c,2463,54120,2024-03-06T07:00:00,TREND_DOWN,RANGE,TREND_DOWN -> RANGE,2024-03-06T00:00:00,7,2024-03-06T00:00:00,7,7,1,ab2a527552a44b2a59713f433d97b9cc6f55f6e300d037e7d40ea0551442c180
6d9d8e08846fb43b986b5a51d4d075a7af745bc7247f688e614c224ef441784a,2464,54121,2024-03-06T08:00:00,RANGE,TREND_UP,RANGE -> TREND_UP,2024-03-06T07:00:00,1,2024-03-06T07:00:00,1,1,1,f04de06ac8180c4fd265c41ea366a7412a9dd202b0a3d22d67ee569ae616e56d
ac85c966bb75c690aeb9f101fc214b3db599c9a26966108d3a4f006fd3abd541,2465,54141,2024-03-07T04:00:00,TREND_UP,VOL_COMPRESSION,TREND_UP -> VOL_COMPRESSION,2024-03-06T08:00:00,20,2024-03-06T08:00:00,20,20,1,3366aebbc08e9e6e547bad07c550d7c4b6cad51d2d09a55411098d0a7be83482
f71d674f57af5e568a39d97cdfa6e6600f4b18206ed7edc7a5b2337be9c4cf0e,2466,54176,2024-03-08T15:00:00,VOL_COMPRESSION,TREND_UP,VOL_COMPRESSION -> TREND_UP,2024-03-07T04:00:00,35,2024-03-07T04:00:00,35,35,1,2f9bb760b5083088b2706249ebbe554c590fb06f76cdcceb7c799d9913ac8fc3
2e0592f2c197191aa7b680243330db67fbaed08293d16e0b7d144cc80c022c63,2467,54184,2024-03-08T23:00:00,TREND_UP,VOL_COMPRESSION,TREND_UP -> VOL_COMPRESSION,2024-03-08T15:00:00,8,2024-03-08T15:00:00,8,8,1,ca94b67ac5b20149137bd0c878e33d506e4cbfdf8e527ab4e02e2d20117213f5
b3a0b9a42111f1c8b36238e699ef27bcb4c32f7aaa5d3bc230d2ab545a268d0a,2468,54273,2024-03-12T16:00:00,VOL_COMPRESSION,TREND_UP,VOL_COMPRESSION -> TREND_UP,2024-03-08T23:00:00,89,2024-03-08T23:00:00,89,89,1,2777ad9af3fd44be2c372c669232e6cb1f911908fd4993d0f9050d6adb95cc50
9ec31e5dc6148096391c6528ed1aa80d148a5b4d1ba613fcb6dde1a34e5224ff,2469,54280,2024-03-12T23:00:00,TREND_UP,VOL_COMPRESSION,TREND_UP -> VOL_COMPRESSION,2024-03-12T16:00:00,7,2024-03-12T16:00:00,7,7,1,a430ac7288f0699c5f64b9f3e742a0da09f991c7f7063822f8b1da937250ec3a
c0d439b5c714dd2b044998ff05eb754ebef9eafc54d10bcddd022f1ed640f089,2470,54320,2024-03-14T15:00:00,VOL_COMPRESSION,RANGE,VOL_COMPRESSION -> RANGE,2024-03-12T23:00:00,40,2024-03-12T23:00:00,40,40,1,f42fdf2ec5424eea9654e750bf861509ca8b6f6d08becfbe1da87f1d8bc84ba8
556e3b5e44eea61263746e5aa3e7df98d9419aae34fe1361d8de2038627530e4,2471,54323,2024-03-14T18:00:00,RANGE,TREND_DOWN,RANGE -> TREND_DOWN,2024-03-14T15:00:00,3,2024-03-14T15:00:00,3,3,1,1d4a521a797546c17ade15708fea595fb2ab2aae86503895ea9e7a5298ea4f0a
e9161107c57aa91ab468cf994e93bf30fc837ae39224ab5b59d592a274c2f907,2472,54358,2024-03-16T05:00:00,TREND_DOWN,VOL_COMPRESSION,TREND_DOWN -> VOL_COMPRESSION,2024-03-14T18:00:00,35,2024-03-14T18:00:00,35,35,1,9916aa23c859c72f218ce6ad7ac8b5805f526b854421419ad5430447f300ef2d
f7d1d0e3b2f5d02684d65feff8a171b0c359b8c0d7313513e119a3ed11e5a32d,2473,54375,2024-03-16T22:00:00,VOL_COMPRESSION,TREND_DOWN,VOL_COMPRESSION -> TREND_DOWN,2024-03-16T05:00:00,17,2024-03-16T05:00:00,17,17,1,64bce245cdc913e68d9d481a60ef5c1035bceaa866a9a23c605a2dc6ac60f6d3
0e8bc83f54c8495172a1c0d0aa50f163e963db2526b77d282ebb2a5288079e67,2474,54381,2024-03-17T04:00:00,TREND_DOWN,VOL_COMPRESSION,TREND_DOWN -> VOL_COMPRESSION,2024-03-16T22:00:00,6,2024-03-16T22:00:00,6,6,1,308b9ed7df7b377c1f035f5d0fba2a8c8b0cb2e9906ea964316da9dfa3182f06
2d78b4932e73d534e0ae394df95e52258c740a77e2e46ec2d78cf38c0c2e930f,2475,54383,2024-03-17T06:00:00,VOL_COMPRESSION,TREND_DOWN,VOL_COMPRESSION -> TREND_DOWN,2024-03-17T04:00:00,2,2024-03-17T04:00:00,2,2,1,cc86c809d4d53d7ce0d08ab97566826ec2f15843abeed7dc8493a6469ce7b364
8a8207b8c795fa4eca9270cbbf00c2d3b3a5fb75041e2dc9b2f5e5b16a0fb77c,2476,54394,2024-03-17T17:00:00,TREND_DOWN,RANGE,TREND_DOWN -> RANGE,2024-03-17T06:00:00,11,2024-03-17T06:00:00,11,11,1,d385c26d0d4380f1c1d3daec7a0e180a56715db252edec995a8745f0678f7e7a
ea718c50e7aa83f8244b9bc1c4b33421f9e829e2573c60b36a1da029dc96fbaf,2477,54395,2024-03-17T18:00:00,RANGE,VOL_COMPRESSION,RANGE -> VOL_COMPRESSION,2024-03-17T17:00:00,1,2024-03-17T17:00:00,1,1,1,49dfc0f1e30d9f16e44e69c963f701a9be754278507c70a481f9ca228b8af3f2
4185bb41342344f0e086c21add207cebb6ea6b9b440acba12aa16f275d020196,2478,54417,2024-03-18T16:00:00,VOL_COMPRESSION,TREND_DOWN,VOL_COMPRESSION -> TREND_DOWN,2024-03-17T18:00:00,22,2024-03-17T18:00:00,22,22,1,c7361826a5a12df7182c31711e1704c586bfca45c11dbeae1d840ec4f73c2630
ede36b758f8dfa8e6ca594b65121114e9f092e91d366247c77c3c992e18cdbf7,2479,54420,2024-03-18T19:00:00,TREND_DOWN,VOL_COMPRESSION,TREND_DOWN -> VOL_COMPRESSION,2024-03-18T16:00:00,3,2024-03-18T16:00:00,3,3,1,12854515a5446cb2d641e1ae875a878ed10c188d510cc3d8ff67a0f7a834b66c
b0e3cc726326becfd097b0748e739b9c7fb1c9fbb68a7b93bc5111672bce77d3,2480,54426,2024-03-19T01:00:00,VOL_COMPRESSION,TREND_DOWN,VOL_COMPRESSION -> TREND_DOWN,2024-03-18T19:00:00,6,2024-03-18T19:00:00,6,6,1,8a597934d135253668419569765c93adaaf5e077d8662b16c8aa2bd1b9cefb58
66873cf9f575a8a796e9b40eeccdd14a3f5eb918d2f25d6d85145ec2c5018804,2481,54469,2024-03-20T20:00:00,TREND_DOWN,RANGE,TREND_DOWN -> RANGE,2024-03-19T01:00:00,43,2024-03-19T01:00:00,43,43,1,41163d6f3eb5b09a407ad8b9ba41a003240bd3607b387acb8aae47b5f7cb050f
487d02bacf6902ff49501dab13d2e72f511eb39f34da67ef7960b616a3cde7cd,2482,54472,2024-03-20T23:00:00,RANGE,TREND_UP,RANGE -> TREND_UP,2024-03-20T20:00:00,3,2024-03-20T20:00:00,3,3,1,b3a6ac34b6dd854f1f364acf35b65e62f287d636982282c6b6898a648cab73c4
768c9a6d8b7d890eaae2ad64ec1bef9656fa94424c10953b933497ec6e115436,2483,54480,2024-03-21T07:00:00,TREND_UP,VOL_COMPRESSION,TREND_UP -> VOL_COMPRESSION,2024-03-20T23:00:00,8,2024-03-20T23:00:00,8,8,1,06e9c88caf79dd6993731f3e6269baaf09e347ec4b55c8d04b8b3743319c87e6
c9aea3818c7343a9639d992e35deee333cc7ffd1ff2739d82d488594d11ebfe2,2484,54490,2024-03-21T17:00:00,VOL_COMPRESSION,TREND_UP,VOL_COMPRESSION -> TREND_UP,2024-03-21T07:00:00,10,2024-03-21T07:00:00,10,10,1,b32d66d3c4812f9abd8f6fcc7658c6d898c0f3512dcf4c6259f4e88fae6b37dd
221de5611eaefddc92cac5039e7197080eec92cd58ec696c4c44c6bcbe54e656,2485,54493,2024-03-21T20:00:00,TREND_UP,RANGE,TREND_UP -> RANGE,2024-03-21T17:00:00,3,2024-03-21T17:00:00,3,3,1,a6433ae34a60a879c2d1e2c190f81ebab52d191dad4823811c9dacdcc0e02d38
3f58b103a1cd66b2b9ca2f5cb2264ac7eb10cc4d25a04e33128f1b2a56a85f45,2486,54496,2024-03-21T23:00:00,RANGE,VOL_COMPRESSION,RANGE -> VOL_COMPRESSION,2024-03-21T20:00:00,3,2024-03-21T20:00:00,3,3,1,7802f5d0306780207196b573e5e65d721b55613d30ad6545b1cefb32df52845d
6965683d4552cb9cf33d54e1ec329507e7f07e281e6e9fbcb4276d7b88e3b67e,2487,54510,2024-03-22T13:00:00,VOL_COMPRESSION,TREND_DOWN,VOL_COMPRESSION -> TREND_DOWN,2024-03-21T23:00:00,14,2024-03-21T23:00:00,14,14,1,9caebba2ffadf6edd6e4dcba6f719832c97d1133302962a76c53574708d2b676
fe89d86addfa3468a20c5985dabdfe90a94f868e063a63ec27fbecdd5f595122,2488,54523,2024-03-23T02:00:00,TREND_DOWN,VOL_COMPRESSION,TREND_DOWN -> VOL_COMPRESSION,2024-03-22T13:00:00,13,2024-03-22T13:00:00,13,13,1,497504f7de4a477660fdbb546afed751ee101f6de2f6505272f31f79552175ff
84666d26ce1af4a7c6d5d3967a2a61c29a60c59c9d6b35b9f5c733de6c42a619,2489,54524,2024-03-23T03:00:00,VOL_COMPRESSION,TREND_DOWN,VOL_COMPRESSION -> TREND_DOWN,2024-03-23T02:00:00,1,2024-03-23T02:00:00,1,1,1,b7c16decf47696a018accb0d0779b578550ec80a2b6e08bd597fb15264be62fa
9e3a89f689b4ab82221cd19d375259074a2ad6b3434a6a4a1ca6d92b6bcec6e3,2490,54525,2024-03-23T04:00:00,TREND_DOWN,VOL_COMPRESSION,TREND_DOWN -> VOL_COMPRESSION,2024-03-23T03:00:00,1,2024-03-23T03:00:00,1,1,1,13c176eb0d260459dc967ea47ef73f101e70a139f2bcd5f671a1d147d6f375c1
d95e8dd228448642830618a8ceb567270e8cba59b7d30042b57b23e30842c7da,2491,54631,2024-03-27T14:00:00,VOL_COMPRESSION,TREND_UP,VOL_COMPRESSION -> TREND_UP,2024-03-23T04:00:00,106,2024-03-23T04:00:00,106,106,1,f3b5342978c93e4abfe2d78e0b0645d8a79d5c9904081572add6c9d93ab38a2b
f2eacf08c3113bede0e72d450dbeccbd8c92f8fbea568c61704ddd721c56a7c6,2492,54634,2024-03-27T17:00:00,TREND_UP,RANGE,TREND_UP -> RANGE,2024-03-27T14:00:00,3,2024-03-27T14:00:00,3,3,1,8b45a6a2f11cf7a35460302c6b4b388fce43396b62f426395ff77cf944dd9566
36529ee5ccba3345439a95dbf686388b61341586d3f3913a0971a1132c2d1283,2493,54636,2024-03-27T19:00:00,RANGE,VOL_COMPRESSION,RANGE -> VOL_COMPRESSION,2024-03-27T17:00:00,2,2024-03-27T17:00:00,2,2,1,0d2488e0e971b507ccfdd07dc69b697485655850ac03af374534813287f5174f
b3b772aa40001c215578722affafc0eff73b27cae22569eb2a36d599776051c9,2494,54763,2024-04-02T02:00:00,VOL_COMPRESSION,TREND_DOWN,VOL_COMPRESSION -> TREND_DOWN,2024-03-27T19:00:00,127,2024-03-27T19:00:00,127,127,1,f9a2148c00cb36cb99cbabfaabeae1ad4a3e0dd69187427b15e7317a01edd636
a64a626a536482ad9e7dfaa1ab4fa405c5310a6bbdd93bce0574e11cc953bffe,2495,54767,2024-04-02T06:00:00,TREND_DOWN,VOL_COMPRESSION,TREND_DOWN -> VOL_COMPRESSION,2024-04-02T02:00:00,4,2024-04-02T02:00:00,4,4,1,475bcdb98f6231c26590ba4f5778735af4f5485797b724085816a87bb69102a7
e37fc061ec5c1f01274af949b7abd3a1363665a38533a39388d150fca9565b0b,2496,54775,2024-04-02T14:00:00,VOL_COMPRESSION,TREND_DOWN,VOL_COMPRESSION -> TREND_DOWN,2024-04-02T06:00:00,8,2024-04-02T06:00:00,8,8,1,b6cac0b7f2ad9c9be31d2f284f6d03f478700e9fb6897b7fb55c02bb04cf45e8
da35af3b9d500fb6ea61a60ed24a0967ce5889d330b6a7d4adf4ea7771445320,2497,54781,2024-04-02T20:00:00,TREND_DOWN,VOL_COMPRESSION,TREND_DOWN -> VOL_COMPRESSION,2024-04-02T14:00:00,6,2024-04-02T14:00:00,6,6,1,00b6ae4c5f601472f4c5db0784e8f7f8710bb7bbe6ac0e723d65b035b7718861
f34b7596ea1b5dae69f1e5d7936b6d6ee5d42b951cc5b591da996fe109a9cfd0,2498,54847,2024-04-05T14:00:00,VOL_COMPRESSION,TREND_UP,VOL_COMPRESSION -> TREND_UP,2024-04-02T20:00:00,66,2024-04-02T20:00:00,66,66,1,d282ea3daa88c418f60849d02804b16bc0ddcfb0cab62c654e71ef40cc652b29
ae94719eb16dac6ed13e9872eb3c6b3ba6ecc85d90257de2039c4a6905f0bf6d,2499,54848,2024-04-05T15:00:00,TREND_UP,VOL_COMPRESSION,TREND_UP -> VOL_COMPRESSION,2024-04-05T14:00:00,1,2024-04-05T14:00:00,1,1,1,058946fdfee89245360caafca7f9963b4f715c6e09e25ce813a66cbf0baed6b8
830fc124564b9c2293c72b936347f5d91cff50a5fd59f36d5b1168351b33ef8a,2500,55019,2024-04-12T18:00:00,VOL_COMPRESSION,TREND_DOWN,VOL_COMPRESSION -> TREND_DOWN,2024-04-05T15:00:00,171,2024-04-05T15:00:00,171,171,1,19ef41a83e4c49296c91f90017415c7478df4255085d902e0f93a229d3fbe61e
c916df7941737b69b514658f0b1e5e39716e7820a177908579af18c4456a62a8,2501,55025,2024-04-13T00:00:00,TREND_DOWN,VOL_COMPRESSION,TREND_DOWN -> VOL_COMPRESSION,2024-04-12T18:00:00,6,2024-04-12T18:00:00,6,6,1,8028167a4e2d4c7f89f44838bf899f36caddfb4b9cb20742280829d4b08cbc0e
b8e0719dd0b79f0bed4e666addb67d23f88a33aa7758b5832a07cffdffd9d267,2502,55026,2024-04-13T01:00:00,VOL_COMPRESSION,TREND_DOWN,VOL_COMPRESSION -> TREND_DOWN,2024-04-13T00:00:00,1,2024-04-13T00:00:00,1,1,1,481c874a8d8bfac0c68ae7f6e599155dbe87bbe8f8a11b377105454461114fcd
80cfc53560ef5446de5181a4680375b339704dc5b503ba04604591b14691f090,2503,55028,2024-04-13T03:00:00,TREND_DOWN,VOL_COMPRESSION,TREND_DOWN -> VOL_COMPRESSION,2024-04-13T01:00:00,2,2024-04-13T01:00:00,2,2,1,3eb3c170283c19f0777251ed24f0652dabf4bcc3151b076cae2775c40fd0223a
4170d706ca30c6c7da857943ec2f6699c5737d4163b8ba777b1398bf10941c51,2504,55029,2024-04-13T04:00:00,VOL_COMPRESSION,TREND_DOWN,VOL_COMPRESSION -> TREND_DOWN,2024-04-13T03:00:00,1,2024-04-13T03:00:00,1,1,1,f249fc27ad8fc884fb152a442eba5d0a3cffa71f9a547c9037c7c563fe64abb7
fbe43d172b7a703080ea03121f77d37a0f72d494226f78586012c5f3bc806d52,2505,55032,2024-04-13T07:00:00,TREND_DOWN,VOL_COMPRESSION,TREND_DOWN -> VOL_COMPRESSION,2024-04-13T04:00:00,3,2024-04-13T04:00:00,3,3,1,d195a17990027b9629900a175a4ce462abf8941639d9e377cc055a110baed64a
b74e9d83cce37735bc526a760e6305a4f1512eeda317a926a233d6dfb6496095,2506,55044,2024-04-13T19:00:00,VOL_COMPRESSION,TREND_DOWN,VOL_COMPRESSION -> TREND_DOWN,2024-04-13T07:00:00,12,2024-04-13T07:00:00,12,12,1,1789cced275b6f4be9a42344c43498e10a3cbbb7c1df7ff2202f23da699793f5
1848a750b29f3e7b1b94f77453cfc01fe3fc43e8370f6b4eb75d0ca6cad90057,2507,55048,2024-04-13T23:00:00,TREND_DOWN,VOL_EXPANSION,TREND_DOWN -> VOL_EXPANSION,2024-04-13T19:00:00,4,2024-04-13T19:00:00,4,4,1,36b7169fb2faa428cb13b68a7e01251d8285a3b68c74bdd3ece8fc6392c16fe0
2c7a518a0c286e77f0749b408333baf35a683db9ff42a10d93a24d98a30ebf30,2508,55050,2024-04-14T01:00:00,VOL_EXPANSION,TREND_DOWN,VOL_EXPANSION -> TREND_DOWN,2024-04-13T23:00:00,2,2024-04-13T23:00:00,2,2,1,6b90294a3a006c7fa8e8bf9148847660635261b2320d18408c0bced6333e990e
cb7315a482631dd12ae9065018ccf931d0ee48f2822fdea22a500a1ff2522756,2509,55076,2024-04-15T03:00:00,TREND_DOWN,VOL_COMPRESSION,TREND_DOWN -> VOL_COMPRESSION,2024-04-14T01:00:00,26,2024-04-14T01:00:00,26,26,1,24745d008613df0322dc47949ea381931d14d0ce724434ae2767194c43444b58
79d8ac9a62497739eb29cca09f468aff446760f962492c36082a173503fdd787,2510,55087,2024-04-15T14:00:00,VOL_COMPRESSION,TREND_DOWN,VOL_COMPRESSION -> TREND_DOWN,2024-04-15T03:00:00,11,2024-04-15T03:00:00,11,11,1,cb16dd50e7c5b1855ff678801515c30f65182de83e1216b0ce1484a319ab1847
b21661cad6a0e5cf013e9f5a1e33cbb803f870e4b62ba38e3f940821c758f76a,2511,55106,2024-04-16T09:00:00,TREND_DOWN,VOL_COMPRESSION,TREND_DOWN -> VOL_COMPRESSION,2024-04-15T14:00:00,19,2024-04-15T14:00:00,19,19,1,621db421c7413b4a5a4c1650abf1cfcae1d59f74a010f3a2c167bf97693e82c7
401f88bae3085f2eaab29884d4c45bdb49472804e1de5c2d3c6a61b91b27b1a3,2512,55107,2024-04-16T10:00:00,VOL_COMPRESSION,TREND_DOWN,VOL_COMPRESSION -> TREND_DOWN,2024-04-16T09:00:00,1,2024-04-16T09:00:00,1,1,1,c0e70310c8df25ab999e053e974951a8e7888b1407f465eeedbacaf41c8a2abf
7e8c99a6d35c8a14a01e0a74b29571c330a3aea1831b43ed5a5a5ea2d0a59c37,2513,55120,2024-04-16T23:00:00,TREND_DOWN,VOL_COMPRESSION,TREND_DOWN -> VOL_COMPRESSION,2024-04-16T10:00:00,13,2024-04-16T10:00:00,13,13,1,36fde7d508f63a92638cdd7760a4833c9c3fcd83208124fe8abd6e8480b70b62
7f4e370c16b02c6e4b935897498b8b1693f3973ca04db67df0ae390496f6f1de,2514,55135,2024-04-17T14:00:00,VOL_COMPRESSION,TREND_DOWN,VOL_COMPRESSION -> TREND_DOWN,2024-04-16T23:00:00,15,2024-04-16T23:00:00,15,15,1,12f01c9eac69d570c4ccbe8773cb4dab4a4258f7053b2c9439650e48f7a1ae9b
de9f910e309856bb9d7ca5a2e9c7c6ca4b6d850b9963726cbac3466a2cb6aa64,2515,55146,2024-04-18T01:00:00,TREND_DOWN,VOL_COMPRESSION,TREND_DOWN -> VOL_COMPRESSION,2024-04-17T14:00:00,11,2024-04-17T14:00:00,11,11,1,ebc2bc29d5c486f890b0a7743087a4598a99e59d89d293a19011875c0398160b
391548dc20ab8aed3756c6b1821d75657b21b123c3c9ec90b563ea578226639f,2516,55158,2024-04-18T13:00:00,VOL_COMPRESSION,TREND_DOWN,VOL_COMPRESSION -> TREND_DOWN,2024-04-18T01:00:00,12,2024-04-18T01:00:00,12,12,1,8e447196dbf4c33b594d01249c8c70a0503ff0adfcfdbb7d00f64d728ec80473
ed3e16317f5b33b0190f2b7c8fcd6e07a3cc9f5beefe8166b0354858a5bced29,2517,55159,2024-04-18T14:00:00,TREND_DOWN,RANGE,TREND_DOWN -> RANGE,2024-04-18T13:00:00,1,2024-04-18T13:00:00,1,1,1,b864d9de63e63fc3ce308b3288b01c2d485f94f51988b075bd53a29eada3af81
ec84c1d670a2a28b5ba218ff81ce2202786537592346d1b8e58a8e52fd031510,2518,55165,2024-04-18T20:00:00,RANGE,VOL_COMPRESSION,RANGE -> VOL_COMPRESSION,2024-04-18T14:00:00,6,2024-04-18T14:00:00,6,6,1,c6240af3ed9bf365ca3f21f2ad99d660e1061fdf73e311c98f7f46df8a70d032
5c0d0a512746fa582b43f5a0490382fcac3e00636bb4edc0d1e183a88db2f957,2519,55170,2024-04-19T01:00:00,VOL_COMPRESSION,RANGE,VOL_COMPRESSION -> RANGE,2024-04-18T20:00:00,5,2024-04-18T20:00:00,5,5,1,01b61c9ded15eb94b25181c8048934dd581cc8353cc4600f708e339fd3d84c98
13d13f850a468b23f56fe1cefdf1aa5ffcbdacc7b26abcbc67c4eae17960533f,2520,55171,2024-04-19T02:00:00,RANGE,TREND_DOWN,RANGE -> TREND_DOWN,2024-04-19T01:00:00,1,2024-04-19T01:00:00,1,1,1,9dcdddb36c4f8756099b17e07e9d92282f1a6c4ea30ce3dc455de7714d04421b
c651653ead3501fb7afbef586103300cffaa270cbe7ed23e3c2635f2ada94688,2521,55176,2024-04-19T07:00:00,TREND_DOWN,TREND_UP,TREND_DOWN -> TREND_UP,2024-04-19T02:00:00,5,2024-04-19T02:00:00,5,5,1,748ba7d8f5943361a5feb0896d9c04b47ab6ee71bd753c89436ebe3dce120662
c56d938c28df4b4f796af8eb170c66f55f7c78825de94e6859f7a31c870ae67f,2522,55190,2024-04-19T21:00:00,TREND_UP,VOL_COMPRESSION,TREND_UP -> VOL_COMPRESSION,2024-04-19T07:00:00,14,2024-04-19T07:00:00,14,14,1,51850756ae470b22c1cb9f65113f87daaee2a04b6b341fd56fdbd366115cd30f
c4adfbf61f1d48c799e5b45a6a32d6ecc907ee3878926447baeab9edcd8704fc,2523,55193,2024-04-20T00:00:00,VOL_COMPRESSION,TREND_UP,VOL_COMPRESSION -> TREND_UP,2024-04-19T21:00:00,3,2024-04-19T21:00:00,3,3,1,972a49812710df624f6ed70227c8f0120e761d18a279ac30be8843e5be840002
00a9919ad4eb0a13a70e486eb1ae8e671d407673db8833e0c7eb8deea364421c,2524,55194,2024-04-20T01:00:00,TREND_UP,VOL_COMPRESSION,TREND_UP -> VOL_COMPRESSION,2024-04-20T00:00:00,1,2024-04-20T00:00:00,1,1,1,8e35612182424c88b9272bd5e3787c8f80012fb811b1170ef302ee469363fdce
88810b3c17f770d89bbb7135bcebffa8c928680380b0a3ac305d60ab888068f4,2525,55452,2024-04-30T19:00:00,VOL_COMPRESSION,TREND_DOWN,VOL_COMPRESSION -> TREND_DOWN,2024-04-20T01:00:00,258,2024-04-20T01:00:00,258,258,1,5edb7ebf9a6c34a6cf50aa8f732986dabedb3119e00fc9074f6f29bc4a11e49b
fbe2e00b98c3e1d8a118ebcef813fad394b8407184d8388a1091d7af4b98209e,2526,55458,2024-05-01T01:00:00,TREND_DOWN,VOL_COMPRESSION,TREND_DOWN -> VOL_COMPRESSION,2024-04-30T19:00:00,6,2024-04-30T19:00:00,6,6,1,3b1e6019a1c01e38a21e06dec783a9f70ed079a15618794d9275bd41c78a1cd1
75d8657b1993d23685ee903fcace7aed3a1e80da8bfe2caf4acffb4813cdd97b,2527,55464,2024-05-01T07:00:00,VOL_COMPRESSION,TREND_DOWN,VOL_COMPRESSION -> TREND_DOWN,2024-05-01T01:00:00,6,2024-05-01T01:00:00,6,6,1,89dc9e1bdd6aec46cb62b110619ead22a460874aa5c47b65e6507b9ad908e262
a9aeb48d2ac84ec7da54e6456a00c2b51c39179e9ae94d264f2c32a893d3503c,2528,55487,2024-05-02T06:00:00,TREND_DOWN,VOL_COMPRESSION,TREND_DOWN -> VOL_COMPRESSION,2024-05-01T07:00:00,23,2024-05-01T07:00:00,23,23,1,8148b997125ff403e73086eade091c6950faaab0aa8d3c88a08080f4d367e460
9b8ca689f5ca5f0b1c7d0f7d898fc40db4ef49443ebdbd4725abc261fece64f2,2529,55690,2024-05-10T17:00:00,VOL_COMPRESSION,TREND_DOWN,VOL_COMPRESSION -> TREND_DOWN,2024-05-02T06:00:00,203,2024-05-02T06:00:00,203,203,1,e474d629989c6ecd21bb8f5f154cdcf6486a3c48600403d8ea799d5f043d61a9
ee4b7c9df8991c8d0c84eea623136869c55c6e577d78ffb03450e684d54a22e1,2530,55691,2024-05-10T18:00:00,TREND_DOWN,VOL_COMPRESSION,TREND_DOWN -> VOL_COMPRESSION,2024-05-10T17:00:00,1,2024-05-10T17:00:00,1,1,1,d9dce2dd3be8f19cd3976fc15c3d5ed2504e9e66db9216c6125849faa05d6810
6f348d35079a605ae87f155895061a635da4001046b8175c578797fe72ab6aa8,2531,55936,2024-05-20T23:00:00,VOL_COMPRESSION,TREND_UP,VOL_COMPRESSION -> TREND_UP,2024-05-10T18:00:00,245,2024-05-10T18:00:00,245,245,1,6a309cbaa6df8b611f22310fcefd022f0081a0b881b0223aeadc93871d8be630
0aafd15b2a3de33311e56f61c84947db34c760e10f9163914043bf8a546fdccf,2532,55938,2024-05-21T01:00:00,TREND_UP,VOL_COMPRESSION,TREND_UP -> VOL_COMPRESSION,2024-05-20T23:00:00,2,2024-05-20T23:00:00,2,2,1,dcf6bdb43fb4a87d1a925ed88e8a2a003647a2acbc04d9cb982e666c2ae56229
c7981e3962ebbf9db646904d4d0a569fc76fd21f5a92734e779e20ce07e76908,2533,56006,2024-05-23T21:00:00,VOL_COMPRESSION,TREND_DOWN,VOL_COMPRESSION -> TREND_DOWN,2024-05-21T01:00:00,68,2024-05-21T01:00:00,68,68,1,471c7c25fa45295329237455a01a6f6c0066f674455ad95fd41ddadc07f6f167
33cd5d5d538f86d495c9337a055726dd31c0b213896644147e0a72b9bdd90505,2534,56007,2024-05-23T22:00:00,TREND_DOWN,VOL_COMPRESSION,TREND_DOWN -> VOL_COMPRESSION,2024-05-23T21:00:00,1,2024-05-23T21:00:00,1,1,1,493ea12cfa403bebffdb4c63a48190f301ba5c55a4460cc62e6992000785b7f4
029e14f86205a65293f12106497c0e8cc84a06d041b927cea2fdbfadcdafc854,2535,56772,2024-06-24T19:00:00,VOL_COMPRESSION,TREND_DOWN,VOL_COMPRESSION -> TREND_DOWN,2024-05-23T22:00:00,765,2024-05-23T22:00:00,765,765,1,93de675fa3cc0e3219d05cf621559631babcb91286fdd2a9cbefc5d4eb0fcf28
417aab4dc673d158a21353df46dbea5d14aeb737b135faf2d9336983d993956a,2536,56776,2024-06-24T23:00:00,TREND_DOWN,VOL_COMPRESSION,TREND_DOWN -> VOL_COMPRESSION,2024-06-24T19:00:00,4,2024-06-24T19:00:00,4,4,1,054fafdb6dd01fe180d632f497257fa594a9a0c26e794bf5d7189117e3ca729f
51e091094c5410f3119b97cdd6d2ecd8831e438e96888b8b5bda1b775d86e526,2537,56995,2024-07-04T02:00:00,VOL_COMPRESSION,TREND_DOWN,VOL_COMPRESSION -> TREND_DOWN,2024-06-24T23:00:00,219,2024-06-24T23:00:00,219,219,1,9f2360d7915bcdcb7a7fe51319a900974f4059f14c15f688933abec903c1764e
421816b30a93273ffa089c0047df110b79cbd8c891c6e594134089f9035f3312,2538,56996,2024-07-04T03:00:00,TREND_DOWN,VOL_COMPRESSION,TREND_DOWN -> VOL_COMPRESSION,2024-07-04T02:00:00,1,2024-07-04T02:00:00,1,1,1,6551dbd43f49efad8ed1898463a552f9ee2b8be61852ab20fe088bab2f7944f7
6222d9f0ae4037cc4169a36667dc4e1079fb5f9973109a6c1ba9a594650a1cc7,2539,57002,2024-07-04T09:00:00,VOL_COMPRESSION,TREND_DOWN,VOL_COMPRESSION -> TREND_DOWN,2024-07-04T03:00:00,6,2024-07-04T03:00:00,6,6,1,22e59d415fc77a79d338e44839a9d7ae772dd1120ca8ad116d6bdac6d4a640bf
854e1bd717b55c56bd73f3ce45e849b5d0592120d4e645336a87cba22b877b83,2540,57003,2024-07-04T10:00:00,TREND_DOWN,VOL_COMPRESSION,TREND_DOWN -> VOL_COMPRESSION,2024-07-04T09:00:00,1,2024-07-04T09:00:00,1,1,1,d298cb987bf010918b17a06f12e0a34e1b995d67841e1fb1e64056c812ed7f1e
9fbaea302943915ddc30e56395176b24463f799b4fa72b9e6ef3a56a6ac89d39,2541,57008,2024-07-04T15:00:00,VOL_COMPRESSION,TREND_DOWN,VOL_COMPRESSION -> TREND_DOWN,2024-07-04T10:00:00,5,2024-07-04T10:00:00,5,5,1,be62530f2e48bb1c4e98e3ef2548c9f2589891078e9c22a0bdc4dccc997e89be
a338e11c6cf7a4bf0086bd4591d040b32d269651c3149d508ed0a6c13ddafce8,2542,57010,2024-07-04T17:00:00,TREND_DOWN,VOL_COMPRESSION,TREND_DOWN -> VOL_COMPRESSION,2024-07-04T15:00:00,2,2024-07-04T15:00:00,2,2,1,faeae3fb37a13231c5ce0233c1a4d16423f9743d4f871ca19aa06c35c7238684
27c814d048c505918f437b558a27bd3f8e611af9d2983ec3400801510b00dbb5,2543,57019,2024-07-05T02:00:00,VOL_COMPRESSION,TREND_DOWN,VOL_COMPRESSION -> TREND_DOWN,2024-07-04T17:00:00,9,2024-07-04T17:00:00,9,9,1,2592f74b80700b62d38d2c94370fa915d935c12d00bd3eefbf756d3464fd59bf
b8c97c63a7a5f69eb040b7fad3730fd0d07046dc528323e71547058188867418,2544,57039,2024-07-05T22:00:00,TREND_DOWN,VOL_COMPRESSION,TREND_DOWN -> VOL_COMPRESSION,2024-07-05T02:00:00,20,2024-07-05T02:00:00,20,20,1,eabb4af7e7588231a05108a0433d6d3c5d3d18682de4a1057a0d09e7d60fa257
111a1a0a935f60cd69ae5ad59d44203bb7fdcb3941b586955de92fb7c85b4f0c,2545,57093,2024-07-08T04:00:00,VOL_COMPRESSION,TREND_DOWN,VOL_COMPRESSION -> TREND_DOWN,2024-07-05T22:00:00,54,2024-07-05T22:00:00,54,54,1,73a454c897109403f1b08c092cd7b525123ad1900dbe451a49842767663983c4
c5e09d46ad8b318555e03a16a4e97609a49ae6296362bf791b17f5f6557e900a,2546,57094,2024-07-08T05:00:00,TREND_DOWN,VOL_COMPRESSION,TREND_DOWN -> VOL_COMPRESSION,2024-07-08T04:00:00,1,2024-07-08T04:00:00,1,1,1,fcdcba78863383c7bff8b8b1eba29464dfba55730c20fa1c5e0635305918fbc2
b212f3fbdddee5e7e06ec70465a73bdd9dd22dec56c1d8a0c2003704b15518ae,2547,57095,2024-07-08T06:00:00,VOL_COMPRESSION,TREND_DOWN,VOL_COMPRESSION -> TREND_DOWN,2024-07-08T05:00:00,1,2024-07-08T05:00:00,1,1,1,8d4ee5a4d6ea28cdb90d4a277a517ea1a6344b94a8a3e8556da673fdd12ed894
282153db22dee49ba2d0350017df6da5d23874b2c562b831c2a0f173907fc85a,2548,57096,2024-07-08T07:00:00,TREND_DOWN,VOL_COMPRESSION,TREND_DOWN -> VOL_COMPRESSION,2024-07-08T06:00:00,1,2024-07-08T06:00:00,1,1,1,52db952e342a24d39a6ac1b1f282ca78255dc149643053b8c893adb33cb52534
f4f9321418ba128e24b9e632ec54ecc58303d8a65835f7b4313a470e97f6555b,2549,57097,2024-07-08T08:00:00,VOL_COMPRESSION,TREND_DOWN,VOL_COMPRESSION -> TREND_DOWN,2024-07-08T07:00:00,1,2024-07-08T07:00:00,1,1,1,ddf1b8f823ffb057e65d66417145cc834488cd0d00abee869df6805beac2cca5
ca115f37d45fbe277cbb669900ed0609a6dc6b7c4032a9aad63758295e19fc9e,2550,57100,2024-07-08T11:00:00,TREND_DOWN,RANGE,TREND_DOWN -> RANGE,2024-07-08T08:00:00,3,2024-07-08T08:00:00,3,3,1,6ecc72833bc3f044a5b3b18c814bf46cfb030c14f27548e04d72b48daea8c6eb
e61f6203fe0e7cac0318bf26e12f6127570174b7c97ba57ca11696b741857aa4,2551,57104,2024-07-08T15:00:00,RANGE,TREND_DOWN,RANGE -> TREND_DOWN,2024-07-08T11:00:00,4,2024-07-08T11:00:00,4,4,1,6896148c227b20de263bc782a2fee90f6f09f2d0258d58db402247dcea38bb70
00080e0d2516fc27e7d8de12e4748035fbee5ed76c9e64a011dddfca1ed45e55,2552,57112,2024-07-08T23:00:00,TREND_DOWN,VOL_COMPRESSION,TREND_DOWN -> VOL_COMPRESSION,2024-07-08T15:00:00,8,2024-07-08T15:00:00,8,8,1,1d2168618da6b6a256b4ed9ccea38517bc615d7461f9c0febec19fe3caea3e19
07ceee3f20f5f105bacf183209e93dd368802dd595d82e8716f073ecd31a86f8,2553,57115,2024-07-09T02:00:00,VOL_COMPRESSION,RANGE,VOL_COMPRESSION -> RANGE,2024-07-08T23:00:00,3,2024-07-08T23:00:00,3,3,1,b84d8ab8b15fc79a8ea0040ab73531153f9dc306d5bbe453b69588b42b81c4fa
92548523480980ee1527996dfb85eb7e669f7abd29fc5c006b0873be4767a991,2554,57116,2024-07-09T03:00:00,RANGE,VOL_COMPRESSION,RANGE -> VOL_COMPRESSION,2024-07-09T02:00:00,1,2024-07-09T02:00:00,1,1,1,e8a4ca9c1a43b034ab002dae50ab28507c768f3b6e48c5cef0de6b664db40e5b
077fc86e947bf5ac64651cfb00e129e9e2da0bec8e2f8f8e9f3ff883393c8730,2555,57297,2024-07-16T16:00:00,VOL_COMPRESSION,TREND_UP,VOL_COMPRESSION -> TREND_UP,2024-07-09T03:00:00,181,2024-07-09T03:00:00,181,181,1,c2355969146024722885d2555d09392a3c4410be3975dadb2da19bae655d1cb0
3663b56b69f8ecb05dcbe37760cec07389d21e991fb1fbd16b0b861b3054d7c8,2556,57298,2024-07-16T17:00:00,TREND_UP,VOL_COMPRESSION,TREND_UP -> VOL_COMPRESSION,2024-07-16T16:00:00,1,2024-07-16T16:00:00,1,1,1,6f486400b93d4973736ba3288f649ead79616a6ab847c7ee58426ee13851202c
22c9271cc86f78ca2b6c492ea89f1e9c524f3023c5c9f1328306b00ab0521f13,2557,57703,2024-08-02T14:00:00,VOL_COMPRESSION,TREND_DOWN,VOL_COMPRESSION -> TREND_DOWN,2024-07-16T17:00:00,405,2024-07-16T17:00:00,405,405,1,ec1965124dffa6816573102a34db7d287674abbfa70225785327e9263b2eb96b
d9209e91ad4fb8c75db19f1dce487e5a95390be0f9ab4e476c85561678924000,2558,57707,2024-08-02T18:00:00,TREND_DOWN,VOL_COMPRESSION,TREND_DOWN -> VOL_COMPRESSION,2024-08-02T14:00:00,4,2024-08-02T14:00:00,4,4,1,11a63c5d16285d9d8072788eb4b3bcfc8ac85de1c2724e3ca6d891d838395b5f
d0ea3918891a6be6c7fcae72782cee11fdb63b357eb64ea4422b18cfc1f82bf1,2559,57709,2024-08-02T20:00:00,VOL_COMPRESSION,TREND_DOWN,VOL_COMPRESSION -> TREND_DOWN,2024-08-02T18:00:00,2,2024-08-02T18:00:00,2,2,1,59e4f8dae1d734a04cbacea7a2447c54a07e746d0bb0651e21cb7b01d3dcd590
9d0621867e76fcbc3ecbd62263896aa2ba0c5bcd08aef4e971c1095240b05864,2560,57718,2024-08-03T05:00:00,TREND_DOWN,VOL_COMPRESSION,TREND_DOWN -> VOL_COMPRESSION,2024-08-02T20:00:00,9,2024-08-02T20:00:00,9,9,1,0cccad737b3832b2fb5cab81216ccb4e7edd8c9f536ab3d8d3618a8610ee783f
0921cffc5dafe098f60790ea569407dca899e3a60acaa4cbb702bedc0df72683,2561,57755,2024-08-04T18:00:00,VOL_COMPRESSION,TREND_DOWN,VOL_COMPRESSION -> TREND_DOWN,2024-08-03T05:00:00,37,2024-08-03T05:00:00,37,37,1,a592ad78588e18517c32757afb027db6bb835581a68dbb7e14749e2fc951b9c2
0cd64592e823af358a288e662a8fa6136e4e77837f3cad8ec5cd8b4ccffc0347,2562,57762,2024-08-05T01:00:00,TREND_DOWN,VOL_EXPANSION,TREND_DOWN -> VOL_EXPANSION,2024-08-04T18:00:00,7,2024-08-04T18:00:00,7,7,1,7a9848a6a0ead307adddae92543067442e41a819c60f857e9cbb0c8efbd2d33b
dbb608c295b1493a1299ee5deaec1970daf633c5c160342ced807f81fb02b8f4,2563,57763,2024-08-05T02:00:00,VOL_EXPANSION,TREND_DOWN,VOL_EXPANSION -> TREND_DOWN,2024-08-05T01:00:00,1,2024-08-05T01:00:00,1,1,1,a7adce0ceb4158835d88953afdee143f9cc3dd2a082864ad540b54fe34cd68ba
40cb5d757a97428c2db0a9d6264fbde875eebf8c69c9f86c40ed6a1e8e383229,2564,57766,2024-08-05T05:00:00,TREND_DOWN,VOL_EXPANSION,TREND_DOWN -> VOL_EXPANSION,2024-08-05T02:00:00,3,2024-08-05T02:00:00,3,3,1,1b8ef6185a5949434d5d046d65e635a205266ffb8d9302fe478b844a83e3ded0
f3167e266f391341a7c3bb5cd0d75c1a97e678fcae97ec4978440629f059840c,2565,57772,2024-08-05T11:00:00,VOL_EXPANSION,TREND_DOWN,VOL_EXPANSION -> TREND_DOWN,2024-08-05T05:00:00,6,2024-08-05T05:00:00,6,6,1,4177ac20ae45ee7e52a60bf746bac1764a17965fea81facb1eaa78bf5f523def
130aff0f51d26b31828096a8f9d412da8fec6d07d06776e322101f74f150840f,2566,57774,2024-08-05T13:00:00,TREND_DOWN,VOL_EXPANSION,TREND_DOWN -> VOL_EXPANSION,2024-08-05T11:00:00,2,2024-08-05T11:00:00,2,2,1,7987f50a66e515ae9b44eacfe7a90b7db3713e771956fd2d79191364f9f8db24
43104e788c61b2c869428ee0fc735463640be618bbb2963a6679a354d7aa78cd,2567,57778,2024-08-05T17:00:00,VOL_EXPANSION,TREND_DOWN,VOL_EXPANSION -> TREND_DOWN,2024-08-05T13:00:00,4,2024-08-05T13:00:00,4,4,1,8f83ed0c93e89c6c050a3e44abad3b13f1ea095ea87c3b0d4fa5b803389625bb
7407c277d06ca86c1f0ec34ff5d064fc477045a19f6b767602b7a439b73b3a7e,2568,57802,2024-08-06T17:00:00,TREND_DOWN,RANGE,TREND_DOWN -> RANGE,2024-08-05T17:00:00,24,2024-08-05T17:00:00,24,24,1,108b7f2e2a802ce85d6089144562c60774a0087696b9759f164ddb56d71a3972
56524c6e487da876d46a2a545dc667a35bfee2ad60c6f2422174836a5b6806d4,2569,57815,2024-08-07T06:00:00,RANGE,VOL_COMPRESSION,RANGE -> VOL_COMPRESSION,2024-08-06T17:00:00,13,2024-08-06T17:00:00,13,13,1,915bdef0b5fe7772438873ea1fa9a000a94cf5ff391d8a2d141972c8403f59be
f7d023b9efe904d825b903637ea93d4f2558e1ff72356aa95d1eefc6d1524307,2570,57823,2024-08-07T14:00:00,VOL_COMPRESSION,TREND_UP,VOL_COMPRESSION -> TREND_UP,2024-08-07T06:00:00,8,2024-08-07T06:00:00,8,8,1,0bb8df56425858eff4a5497edf0c975523216d8478ef88c0ce9a9a74fcddac60
16bc2d4bad5ff3f6d0e89176caa4d63aa6b0fcb141b9c5d4b889f889fa0010cf,2571,57825,2024-08-07T16:00:00,TREND_UP,VOL_COMPRESSION,TREND_UP -> VOL_COMPRESSION,2024-08-07T14:00:00,2,2024-08-07T14:00:00,2,2,1,820a5f3cd2aa67afa092c0e10a5de987a7705de7e71915eb44953240c8f97a1b
4cfc9f7fb79e5e2cd67efdea203bc48e6bbf738c30484f18a838d743b2a370e6,2572,57826,2024-08-07T17:00:00,VOL_COMPRESSION,RANGE,VOL_COMPRESSION -> RANGE,2024-08-07T16:00:00,1,2024-08-07T16:00:00,1,1,1,adfb8d0524ec2f90ca5d35eed20c73b2034617bc5644a05f474dab8bb64b87b8
355bd51ea6ea50c06dc38f21d60b90e669f5cdb1344b6e5550b194966a126c85,2573,57827,2024-08-07T18:00:00,RANGE,TREND_DOWN,RANGE -> TREND_DOWN,2024-08-07T17:00:00,1,2024-08-07T17:00:00,1,1,1,6a754496189bf02cfd851a25723f17569a910898d70aca27ea4a7669b6b29265
184af56e12894110f8fd624768919488c45c1c8be9532ed1d27fc497e1ba1e16,2574,57836,2024-08-08T03:00:00,TREND_DOWN,RANGE,TREND_DOWN -> RANGE,2024-08-07T18:00:00,9,2024-08-07T18:00:00,9,9,1,08f8eeac9bb9dbeee4b1a2edb38ca88219f17cfeda31b788c82035aec9c9a58d
445b42997b7133d04d91f762906050805fba5dbd9bb151d0b83bb887c8b783e5,2575,57839,2024-08-08T06:00:00,RANGE,TREND_UP,RANGE -> TREND_UP,2024-08-08T03:00:00,3,2024-08-08T03:00:00,3,3,1,dd6deed3403110089000f73a3886bf1504a98e5c173cdf9839499371ce067c59
033ec25c87d32e82217799fe2922072ff08bea543c9ee52b2e5daea9e2b2114a,2576,57840,2024-08-08T07:00:00,TREND_UP,VOL_COMPRESSION,TREND_UP -> VOL_COMPRESSION,2024-08-08T06:00:00,1,2024-08-08T06:00:00,1,1,1,4f9d1617fbe7c7476162fdf5dfb267b929f352cd3186ff8da0a45ea73fd58924
3b2508c7ab2e6706d2011f5a632080fbd2c1aea0555873bbf76ac83459cf1cb2,2577,57846,2024-08-08T13:00:00,VOL_COMPRESSION,TREND_UP,VOL_COMPRESSION -> TREND_UP,2024-08-08T07:00:00,6,2024-08-08T07:00:00,6,6,1,4f99f3ae42151d92bf80121a7fa18af27b2054937842db0ea336bdcacc1eef5d
c1c7c0b580d7aeb88447dcf1edad1ca7088b3654217778b568400a69704d9b59,2578,57853,2024-08-08T20:00:00,TREND_UP,VOL_COMPRESSION,TREND_UP -> VOL_COMPRESSION,2024-08-08T13:00:00,7,2024-08-08T13:00:00,7,7,1,24ee07db641b425adc20a6665f08140b41618ebac24fe0ea1f8cbb214861b5dd
4601a771fc6b3be4f712c91c4e631af17eb2cba39f0b51e445825cbb11d0e415,2579,57854,2024-08-08T21:00:00,VOL_COMPRESSION,TREND_UP,VOL_COMPRESSION -> TREND_UP,2024-08-08T20:00:00,1,2024-08-08T20:00:00,1,1,1,ca2870ea10d1cab77e7e3576eca511a78dc92d44bf1e4edcbafba6de5e04f0c2
1c1d6eed64b0fd235b24fe515cf56dadd3eab182b7240c7ecfb0d57e51894f72,2580,57863,2024-08-09T06:00:00,TREND_UP,VOL_COMPRESSION,TREND_UP -> VOL_COMPRESSION,2024-08-08T21:00:00,9,2024-08-08T21:00:00,9,9,1,a4146da46f25bb3219eba9938328a26442ed626c35563c5bad6e2d3a90bc2c07
f7a4c79f5d5f48a865751e5c25a9171f9f338a8a66dd4ded8e624df4640b481d,2581,57871,2024-08-09T14:00:00,VOL_COMPRESSION,TREND_UP,VOL_COMPRESSION -> TREND_UP,2024-08-09T06:00:00,8,2024-08-09T06:00:00,8,8,1,fa6711f51706c630af4151fea59a1e702cb1916a1e76b9dab71a9d389256a3e4
f548cffe9859bab0b492f270bf66b587e403383a1e5f8128877ce04dac74b893,2582,57876,2024-08-09T19:00:00,TREND_UP,VOL_COMPRESSION,TREND_UP -> VOL_COMPRESSION,2024-08-09T14:00:00,5,2024-08-09T14:00:00,5,5,1,143907d76ff30e29d567cad50e20947d68cf1f561990df32846b36af5e255ca3
3e7dbe397c949b983fec086492bf94e0484f9dfec0fba95accdcedff31cb9ca1,2583,57881,2024-08-10T00:00:00,VOL_COMPRESSION,TREND_UP,VOL_COMPRESSION -> TREND_UP,2024-08-09T19:00:00,5,2024-08-09T19:00:00,5,5,1,86ad9bb39e5b6b362a38240bc4a6eb1d72126fc8383e2d9d82e6f0fdfe824d70
fc27576c94b50b4802bf794a8e2ea23f7ac369772956f3e04a64afb15a07921e,2584,57882,2024-08-10T01:00:00,TREND_UP,VOL_COMPRESSION,TREND_UP -> VOL_COMPRESSION,2024-08-10T00:00:00,1,2024-08-10T00:00:00,1,1,1,8f5310b1dac6dfa3f28b4ecc539419fed3bf823681013bf649939dfda815fc9e
b8f9631b02152ac3ed9f30479898cdc0fe4c426673e295300a2ebb9379e59637,2585,57942,2024-08-12T13:00:00,VOL_COMPRESSION,TREND_DOWN,VOL_COMPRESSION -> TREND_DOWN,2024-08-10T01:00:00,60,2024-08-10T01:00:00,60,60,1,38fec55c8fbbbd0a9c744c750113da96c8aa2c197e694d5e8d5a0b8f6822e99e
2761f120fc69941ab8047ad7f20c07f68de0b029229753a71509b7aa15117690,2586,57944,2024-08-12T15:00:00,TREND_DOWN,RANGE,TREND_DOWN -> RANGE,2024-08-12T13:00:00,2,2024-08-12T13:00:00,2,2,1,390e4e51573c8134a7034235c019efd264c56d062058c517a9f9879846e70273
d9673282fb436e131846f323e3a811450d3932d704459ab6cefde37824534a6a,2587,57945,2024-08-12T16:00:00,RANGE,TREND_DOWN,RANGE -> TREND_DOWN,2024-08-12T15:00:00,1,2024-08-12T15:00:00,1,1,1,ca3e688ef10f14fb1d9b7dc12f56deef67ca8035b204a3d883ae9f44d306ef91
ab78bcada49964f1868878235ce3f2cb13bb8dd7c180136d6126e4aba928ec55,2588,57957,2024-08-13T04:00:00,TREND_DOWN,VOL_COMPRESSION,TREND_DOWN -> VOL_COMPRESSION,2024-08-12T16:00:00,12,2024-08-12T16:00:00,12,12,1,f96d0df71f8d52d82b92eb0200e81d6d23a4cb4e9ebc836ea60904eb3f2d174b
df6fd2f02f0114f3a4969a479716ddd748fbc0bb99a1678ea914f9ee023ed193,2589,57993,2024-08-14T16:00:00,VOL_COMPRESSION,RANGE,VOL_COMPRESSION -> RANGE,2024-08-13T04:00:00,36,2024-08-13T04:00:00,36,36,1,7ac6a4bb550d1d9a22ae1249a0faf2d1fb884598fff6eead92620fed8978f9fb
79266f9b16ba808baf6110824a171109d173b0f6740360d9d67192de6a6280f3,2590,57994,2024-08-14T17:00:00,RANGE,VOL_COMPRESSION,RANGE -> VOL_COMPRESSION,2024-08-14T16:00:00,1,2024-08-14T16:00:00,1,1,1,734fa72f82b4b621dabb1af811a48cc0efb15eedbb542fb81f954c85117d2aaa
fe92d89214223abddf750cb4e3333aedacc25e962b1a24b034da86a942333a34,2591,58020,2024-08-15T19:00:00,VOL_COMPRESSION,TREND_DOWN,VOL_COMPRESSION -> TREND_DOWN,2024-08-14T17:00:00,26,2024-08-14T17:00:00,26,26,1,8c6bdef51fc771240e53f1ff28190bc087d272d0d6a888a08df16cd57840c872
c890dd1fc7b24560bdd2b43d3b4236b1ddfe0868a2bdf1655748af1d906f8d32,2592,58025,2024-08-16T00:00:00,TREND_DOWN,VOL_COMPRESSION,TREND_DOWN -> VOL_COMPRESSION,2024-08-15T19:00:00,5,2024-08-15T19:00:00,5,5,1,7b890b64055e443613860df0d1721675175f215612aa3dbeb05dcee1fbbff62d
f2cb86d29ea3a4eedd5379f93a9aceb047224879d3c686489392005091281f6e,2593,58027,2024-08-16T02:00:00,VOL_COMPRESSION,TREND_DOWN,VOL_COMPRESSION -> TREND_DOWN,2024-08-16T00:00:00,2,2024-08-16T00:00:00,2,2,1,501b9b6de271aff23aa0194aeed62833e79902954d4e224f04bba12d97de4cd1
35479e04b9f7e24e1f3eb4138bca334c07f1a5344d01cd86c1fd1476ac9a63e0,2594,58028,2024-08-16T03:00:00,TREND_DOWN,VOL_COMPRESSION,TREND_DOWN -> VOL_COMPRESSION,2024-08-16T02:00:00,1,2024-08-16T02:00:00,1,1,1,137b80ab24e3bcfb8001a90eeaab86e86f0ca9128427569621341077a25ea24a
eb47f4e16fb45bcb7c2e31f616c84943c27922866221040714faead4df548815,2595,58311,2024-08-27T22:00:00,VOL_COMPRESSION,TREND_DOWN,VOL_COMPRESSION -> TREND_DOWN,2024-08-16T03:00:00,283,2024-08-16T03:00:00,283,283,1,edd77b95c28804b899bc651c55f08580ccf6c88f2c8667bd9210e521398df4f3
84d0d8044c4e26dbff8432238d265e8c3a15836718a8805f51c625f1b2fbdf67,2596,58315,2024-08-28T02:00:00,TREND_DOWN,VOL_COMPRESSION,TREND_DOWN -> VOL_COMPRESSION,2024-08-27T22:00:00,4,2024-08-27T22:00:00,4,4,1,71f974d63b8561f20ef4e2138e85e139b5f723d803c4af74a9f4d4bdee50e5ec
1d6943993731e655bf0432854e87936d2be9eb1d6beff6d42eda987668170fc0,2597,58329,2024-08-28T16:00:00,VOL_COMPRESSION,TREND_DOWN,VOL_COMPRESSION -> TREND_DOWN,2024-08-28T02:00:00,14,2024-08-28T02:00:00,14,14,1,982ae052ebbdcc51029158aa8afef61cc104a21f34f9dc227c7793ef65bdc31c
2e31e2136e94de414d4ee3366b5da6d42d07b2e30694c57c1a598edaab649391,2598,58336,2024-08-28T23:00:00,TREND_DOWN,VOL_COMPRESSION,TREND_DOWN -> VOL_COMPRESSION,2024-08-28T16:00:00,7,2024-08-28T16:00:00,7,7,1,9c86e07b10490c99a133d385e89725846592aac95961d4ff98ac3e755d810d0b
a59fb829882cad6c25b879236f7505c9fb1926ba0c5e7167fe9a9a36b1f6ba03,2599,58543,2024-09-06T14:00:00,VOL_COMPRESSION,TREND_DOWN,VOL_COMPRESSION -> TREND_DOWN,2024-08-28T23:00:00,207,2024-08-28T23:00:00,207,207,1,1ef17af03ad6a874ca8fc995419ea0db87560d85235da2594771e134321b0d01
67ff8c0313d56ae0f10d47765965344a1d5c2158b825aaea9051f55919973e8a,2600,58554,2024-09-07T01:00:00,TREND_DOWN,VOL_COMPRESSION,TREND_DOWN -> VOL_COMPRESSION,2024-09-06T14:00:00,11,2024-09-06T14:00:00,11,11,1,cd4a8645622d41364647409c24ea78ce1788f70ae49e623d91e3e0df114bbf2b
356942b63d0ca02d899ef5483390625964846411263f50e64d56c197ee373801,2601,59149,2024-10-01T20:00:00,VOL_COMPRESSION,TREND_DOWN,VOL_COMPRESSION -> TREND_DOWN,2024-09-07T01:00:00,595,2024-09-07T01:00:00,595,595,1,21742c344091d131b0d921c41a85045fdcbb5821bb41b90902718bee542f12df
0daa57f52732a8a23a0a825a14373411e645ce554de2389331e679a14def15dc,2602,59151,2024-10-01T22:00:00,TREND_DOWN,VOL_COMPRESSION,TREND_DOWN -> VOL_COMPRESSION,2024-10-01T20:00:00,2,2024-10-01T20:00:00,2,2,1,1aafb4f70fdc839c7137ef8428647981a9186fe9b70573a5486816ca52e7766f
09535c2e03821300137ca1bce5e13ace4c521f72fc5761d9c9499fc0407fda61,2603,59479,2024-10-15T14:00:00,VOL_COMPRESSION,TREND_UP,VOL_COMPRESSION -> TREND_UP,2024-10-01T22:00:00,328,2024-10-01T22:00:00,328,328,1,d8dd00ec6fa12bcbe0b6d8636186b5672f6290284681f9dce01a395cdbbeafa2
269dbd58aff06d9a34b31bcb9609423faa9f2491d060682e0edb4a82bc2703c5,2604,59486,2024-10-15T21:00:00,TREND_UP,VOL_COMPRESSION,TREND_UP -> VOL_COMPRESSION,2024-10-15T14:00:00,7,2024-10-15T14:00:00,7,7,1,b12ad08b5c63d4735b0bdad80003f03a6ec119932d3ee9d05ae01e623a5f76b1
f38902b88139a0854d303c9c2934c443958c52dd8a4460f6175b1ce539efd27b,2605,59889,2024-11-01T16:00:00,VOL_COMPRESSION,TREND_DOWN,VOL_COMPRESSION -> TREND_DOWN,2024-10-15T21:00:00,403,2024-10-15T21:00:00,403,403,1,c8b82819e9ab912f4e8fd95772b29824c44364e5865657cb2b0812e29a651d1f
1abb5eb257add96dffcce73f565d6d2f9e0d83fa628d11096f1b775becb5164c,2606,59890,2024-11-01T17:00:00,TREND_DOWN,VOL_COMPRESSION,TREND_DOWN -> VOL_COMPRESSION,2024-11-01T16:00:00,1,2024-11-01T16:00:00,1,1,1,640f9234ac15cc15663d80565893d0387d3fbbd26feea5b721e155231e2958a6
491f32bcbc76ed45405e09a2f7f43c72b83d642866faddca5107b0446f66d61f,2607,59993,2024-11-06T00:00:00,VOL_COMPRESSION,TREND_UP,VOL_COMPRESSION -> TREND_UP,2024-11-01T17:00:00,103,2024-11-01T17:00:00,103,103,1,8629eb2cb18e1f0e1acdbffeb9bc56b0003c7f3defd5d76611da114f60c5266f
def0fc530c507d23d9df5878b01e215d0783288e3708ccd2f93bcae3064cffb9,2608,60015,2024-11-06T22:00:00,TREND_UP,VOL_COMPRESSION,TREND_UP -> VOL_COMPRESSION,2024-11-06T00:00:00,22,2024-11-06T00:00:00,22,22,1,233ff07a4b422cd4f9e1a58697473c8d2816d5d54eb5acb548ece880587a6fc2
b4430d168990a81dd96242335ae0aedaf33d6cb9c0324a8dbddbbfc4ac68093d,2609,60111,2024-11-10T22:00:00,VOL_COMPRESSION,TREND_UP,VOL_COMPRESSION -> TREND_UP,2024-11-06T22:00:00,96,2024-11-06T22:00:00,96,96,1,31bfd00ae6d68fd9a7e8afa7c9f6633a2cb8576c1bdcd9a96b43d240134f8aa4
f04c318026a334946b547eb5a80908ddfdcced8d7e86d4890b5c8f31ea44a8c2,2610,60112,2024-11-10T23:00:00,TREND_UP,VOL_COMPRESSION,TREND_UP -> VOL_COMPRESSION,2024-11-10T22:00:00,1,2024-11-10T22:00:00,1,1,1,c55f0617e43e1749ba96eb9bed47f8f3a14c790035eb7cf0f07c8e9e7a375258
97c577bd9a543d539ee2631734804d1746d7fc44eadd91a63ed3c03208c994dc,2611,60132,2024-11-11T19:00:00,VOL_COMPRESSION,TREND_UP,VOL_COMPRESSION -> TREND_UP,2024-11-10T23:00:00,20,2024-11-10T23:00:00,20,20,1,2ca190f2b6427c8e89e81e4c5ce13e1f711aa7f7697e13e2c1cd747931e33471
eeb3f06bf6f1dd2fd21edcfa9791d886af205dd6f8d3a250e9840508c0e59285,2612,60170,2024-11-13T09:00:00,TREND_UP,VOL_COMPRESSION,TREND_UP -> VOL_COMPRESSION,2024-11-11T19:00:00,38,2024-11-11T19:00:00,38,38,1,356d46d7fbfa368532f0f0e703687c6d586ddfe893813c4d4edb752f99553187
8126a4d1db869278f0db6ff925d02d0a04055e72a64b0eb073016a0c6fd97a13,2613,60175,2024-11-13T14:00:00,VOL_COMPRESSION,TREND_UP,VOL_COMPRESSION -> TREND_UP,2024-11-13T09:00:00,5,2024-11-13T09:00:00,5,5,1,8d3ae1e574ea662315451ac79e3e76ec08d25bd7b7cad05cd6cd0106b494a061
06674120e64e8b6b7d65164c7236140a8518b1f2a3d2669157ad45cff2813043,2614,60195,2024-11-14T10:00:00,TREND_UP,VOL_COMPRESSION,TREND_UP -> VOL_COMPRESSION,2024-11-13T14:00:00,20,2024-11-13T14:00:00,20,20,1,9975bd238f9ed6ad3f6b0e8fb09b664b519b592274b3165084ef887aa7b5a952
aa092b24b10fca6f1dab8f8b124c271715ec0d03bf04f3a22bd1a23287193890,2615,60199,2024-11-14T14:00:00,VOL_COMPRESSION,TREND_UP,VOL_COMPRESSION -> TREND_UP,2024-11-14T10:00:00,4,2024-11-14T10:00:00,4,4,1,156cc9cabec6ab30b918ee82bf3104fd39193ed606cbf67b61223a220309be05
d748ccc12a22558d68558f437425566a45951a48d192a165506089e4ab754559,2616,60206,2024-11-14T21:00:00,TREND_UP,RANGE,TREND_UP -> RANGE,2024-11-14T14:00:00,7,2024-11-14T14:00:00,7,7,1,7c27da1b03e8c49bf8fb83bcae9a404c84387aaab2465c1cc6573a40a268d838
2b3f4c7a4b76d1d1bea9b19f8e85c6f3d08b9943b85ed8b8ed316d75d71c7046,2617,60212,2024-11-15T03:00:00,RANGE,VOL_COMPRESSION,RANGE -> VOL_COMPRESSION,2024-11-14T21:00:00,6,2024-11-14T21:00:00,6,6,1,5ad788828be9bb7044a872f15ec99f3c147c9b226468ce381caeb1c921977d99
355f1c8d91e892248e6f6ee3daec54731b13f39ed2931de636d131be8a7987ca,2618,60213,2024-11-15T04:00:00,VOL_COMPRESSION,RANGE,VOL_COMPRESSION -> RANGE,2024-11-15T03:00:00,1,2024-11-15T03:00:00,1,1,1,26df4f3f5e8d8e59710807bae5f4fed58f0eeb609badd8f23ad5a699dcde355a
31cab3167f89b93d49ba00fd295064a82810e15085c38dc8a1b2c53c9896b1c3,2619,60214,2024-11-15T05:00:00,RANGE,VOL_COMPRESSION,RANGE -> VOL_COMPRESSION,2024-11-15T04:00:00,1,2024-11-15T04:00:00,1,1,1,41103a49b9ea122b058df225f7360bf1982456b91de52cc8e42f429ae4f4dbc3
405a98871fa005ffe120ac734fc5c87cdcfb44ba44fa8bf7555bbc8b0e92aa78,2620,60224,2024-11-15T15:00:00,VOL_COMPRESSION,TREND_UP,VOL_COMPRESSION -> TREND_UP,2024-11-15T05:00:00,10,2024-11-15T05:00:00,10,10,1,e9b14c2b2b0135993592c5775e5954d029eb704230c8695d64ca50b3a9d51489
0a2e55501c230724627f0698831699c447f41709fa20c5098b50427175df3646,2621,60227,2024-11-15T18:00:00,TREND_UP,VOL_COMPRESSION,TREND_UP -> VOL_COMPRESSION,2024-11-15T15:00:00,3,2024-11-15T15:00:00,3,3,1,4c98b0537c1c927bfa94d46716cb9656b752e4fc8c3caa0869c1de80abdcfee4
67ef1fc6963137f242572f51cab762c4d684e8c03535ec77c81a07ff064a422f,2622,60228,2024-11-15T19:00:00,VOL_COMPRESSION,TREND_UP,VOL_COMPRESSION -> TREND_UP,2024-11-15T18:00:00,1,2024-11-15T18:00:00,1,1,1,da032f2b827f5ac9aa8d13df6a496522258c766fb651ecca28e000055c9cb3ca
57df85178f2dd27bcf236b1aa93c2f3395f21b70978c2134e461f39621d808a0,2623,60230,2024-11-15T21:00:00,TREND_UP,VOL_COMPRESSION,TREND_UP -> VOL_COMPRESSION,2024-11-15T19:00:00,2,2024-11-15T19:00:00,2,2,1,0126e1d5b78745477c83c87c0e96b73d1bb5891444f297a424ff7a5180f22edc
be526b68566863142459e99923025933b31a5e19203972da3d279e7d35725a19,2624,60296,2024-11-18T15:00:00,VOL_COMPRESSION,TREND_UP,VOL_COMPRESSION -> TREND_UP,2024-11-15T21:00:00,66,2024-11-15T21:00:00,66,66,1,9567ef639a5875123f03dd8ce27b7910747fadde009e633adb6c5770036957ae
68df9e3269b04a69cff2a0fcbb6ddbb8ac35dfcba510a4e577119db768895881,2625,60305,2024-11-19T00:00:00,TREND_UP,VOL_COMPRESSION,TREND_UP -> VOL_COMPRESSION,2024-11-18T15:00:00,9,2024-11-18T15:00:00,9,9,1,4deaf272f1d5e0eea5d33448aa9ff28ac98a28c297200369b1d6ae55c2a755eb
1d9995a8dd2ef1d2f598d018259a3ad4507a5bdb44b1f024a61b29c201a092e3,2626,60471,2024-11-25T22:00:00,VOL_COMPRESSION,TREND_DOWN,VOL_COMPRESSION -> TREND_DOWN,2024-11-19T00:00:00,166,2024-11-19T00:00:00,166,166,1,e0369a48b7742d67bf4e48dc2d6cd9ba4bc3cda0b11338a823f2fa5c2dd819e8
4456958e8b2eb5070e4f707b68f521dbb94f1bd7e23ffc25ba7ec20f26c5a7a1,2627,60476,2024-11-26T03:00:00,TREND_DOWN,VOL_COMPRESSION,TREND_DOWN -> VOL_COMPRESSION,2024-11-25T22:00:00,5,2024-11-25T22:00:00,5,5,1,82b1ba101118586c4d1f30e17c1999b108cf9d306eca9bbee62ed87ebd73f39f
aa3b26a335215c4fe7d31d8dc03b245344fa7f4a6a751ab5079c4bba3e462345,2628,60487,2024-11-26T14:00:00,VOL_COMPRESSION,TREND_DOWN,VOL_COMPRESSION -> TREND_DOWN,2024-11-26T03:00:00,11,2024-11-26T03:00:00,11,11,1,17d8f2eec151433ddc108f70da2ea85dd91de9a81d40925c07d4620907c87365
4b3c93a0e5bfd7e94b762696d570e44d85bd7bb077d0fb8983a74eb49cec9e4a,2629,60496,2024-11-26T23:00:00,TREND_DOWN,VOL_COMPRESSION,TREND_DOWN -> VOL_COMPRESSION,2024-11-26T14:00:00,9,2024-11-26T14:00:00,9,9,1,1eb83b69eda89ddbd2dab9d0d4310b2746b05dd54ca8edbb6fb805f629fd6507
ae085d4b10d3a6b2075eea6fe6deef9d2a78841f69b8e98ac4570ed93f31cd05,2630,60635,2024-12-02T18:00:00,VOL_COMPRESSION,TREND_DOWN,VOL_COMPRESSION -> TREND_DOWN,2024-11-26T23:00:00,139,2024-11-26T23:00:00,139,139,1,cc2219804b5893edbc0fe8df2dc94e103475ec4918375557823b16345a1aa6cf
d1fc5574fb1738b97671c1b4c21024bf86ab3002e68817fbc5dd561750e6db25,2631,60636,2024-12-02T19:00:00,TREND_DOWN,VOL_COMPRESSION,TREND_DOWN -> VOL_COMPRESSION,2024-12-02T18:00:00,1,2024-12-02T18:00:00,1,1,1,167dcd0c1d0f3dcf0c27e77390ae19404f53817af3ce6dbb7f7cbba2ef84c44c
e13ca2b35f83bb3f0e8d1fb9419bff899c918384079aa7d3a38e2f9772adaaa0,2632,60691,2024-12-05T02:00:00,VOL_COMPRESSION,TREND_UP,VOL_COMPRESSION -> TREND_UP,2024-12-02T19:00:00,55,2024-12-02T19:00:00,55,55,1,960f200fddc226c1b2f42c8c8bcd68290d0a8440fb0f39758195d4881bb33599
8c478cb753c1c0099239a4ba53a73f1bca987e2548232e6bdae9a10c735560ca,2633,60698,2024-12-05T09:00:00,TREND_UP,VOL_COMPRESSION,TREND_UP -> VOL_COMPRESSION,2024-12-05T02:00:00,7,2024-12-05T02:00:00,7,7,1,48d329e44de7f57421699259f245bb261912ebbe770b31071c9dd813a1c2d41d
4fb8a000b5a14e35a8859ae0878a168022f684ba8edd3a12271f62387004abf3,2634,60704,2024-12-05T15:00:00,VOL_COMPRESSION,TREND_UP,VOL_COMPRESSION -> TREND_UP,2024-12-05T09:00:00,6,2024-12-05T09:00:00,6,6,1,ca6d1c0cd7257ca4f893f06f8748bace3f13c542556ba32f56c7422093f381d2
8d590d3ec6bc39f7abd5bbe8ee679aad92bb6e8b9aeaeafd3328835f0a4eeb15,2635,60706,2024-12-05T17:00:00,TREND_UP,VOL_COMPRESSION,TREND_UP -> VOL_COMPRESSION,2024-12-05T15:00:00,2,2024-12-05T15:00:00,2,2,1,d2c36ebaa9c312546730d7aee2c871c3a4cd2315563021a239e32c52d2f885e6
9704feda4755948844ce688b961d29109b029f4ee9b95d43de4ccf5538b4a8de,2636,60707,2024-12-05T18:00:00,VOL_COMPRESSION,TREND_UP,VOL_COMPRESSION -> TREND_UP,2024-12-05T17:00:00,1,2024-12-05T17:00:00,1,1,1,3c029a4229dbb3a4392b32e3422a8be250956b12cdd8cdbaca78e5ae7492b759
1f0235835ec4dc4b28c7a88f6e636ef57aa9de696e66edaaa49ff6e9fb1b49c2,2637,60711,2024-12-05T22:00:00,TREND_UP,RANGE,TREND_UP -> RANGE,2024-12-05T18:00:00,4,2024-12-05T18:00:00,4,4,1,5e72a3ee0ba5ae1e3c7298d51d22002ff68f8a03a71908a63400861fda6ffa8c
e5b448628b99887c29856d17675c5c38c7779e7d592c767aa4c41d93514a1460,2638,60720,2024-12-06T07:00:00,RANGE,VOL_COMPRESSION,RANGE -> VOL_COMPRESSION,2024-12-05T22:00:00,9,2024-12-05T22:00:00,9,9,1,f988c791388605f0307c549ec3e826a7dd65027f82a3b4869f85858d8f592a0b
1f28e99fe3be4c38a2b469cdc93b59364a619e90ae9df86b635f576c2c325838,2639,60806,2024-12-09T21:00:00,VOL_COMPRESSION,TREND_DOWN,VOL_COMPRESSION -> TREND_DOWN,2024-12-06T07:00:00,86,2024-12-06T07:00:00,86,86,1,7281de7b5158aea723e76a67aaac98c2a68deef3a0b2a298c5852886e3f64f6b
aec3b6540576cda3af789cd490defa7e097f8c1531e87e4d87ed4abf46c57de3,2640,60814,2024-12-10T05:00:00,TREND_DOWN,VOL_COMPRESSION,TREND_DOWN -> VOL_COMPRESSION,2024-12-09T21:00:00,8,2024-12-09T21:00:00,8,8,1,111a2885dccf890af3104d2c194b75ca5034c549a4c9f3108e8597f4aadde5ca
95b8f245399980bb539eb08fb71ad01102170f1fe2c68e8f76abc49d480de972,2641,60825,2024-12-10T16:00:00,VOL_COMPRESSION,TREND_DOWN,VOL_COMPRESSION -> TREND_DOWN,2024-12-10T05:00:00,11,2024-12-10T05:00:00,11,11,1,f2b0aba16a20bd0c955a6a48c14aadbfb8fef60986964f2680e68a4a45ade4f5
986a3461cedbad71039f0737725a5b5e965e84c25675bef9eb909f8d5294a796,2642,60831,2024-12-10T22:00:00,TREND_DOWN,VOL_COMPRESSION,TREND_DOWN -> VOL_COMPRESSION,2024-12-10T16:00:00,6,2024-12-10T16:00:00,6,6,1,8e842e71b5ab1eb43651298c05d8df146409a1d25f654dd6d556277bb355d4ce
16ab7917b696c033877a4a76e803231c1a1c6b295ac9c1085ddc4c30e4732b60,2643,61021,2024-12-18T20:00:00,VOL_COMPRESSION,TREND_DOWN,VOL_COMPRESSION -> TREND_DOWN,2024-12-10T22:00:00,190,2024-12-10T22:00:00,190,190,1,3a097c982a7d196cc86b2ed27bc4cabb606706ae83b42f9bda1909eee079a446
33a408946095ca31c600e22aac5b67f7aaecef5636515d9049a795e2a51f4d27,2644,61025,2024-12-19T00:00:00,TREND_DOWN,VOL_COMPRESSION,TREND_DOWN -> VOL_COMPRESSION,2024-12-18T20:00:00,4,2024-12-18T20:00:00,4,4,1,59b94118536348086bd1ec7ee6aed345fdf0b0f366a9db095ce98f2c5c8c6f06
d2bd95ffeef89ee27b93e64054d4b7c7b4bdf83780b8a4b4321db12bacda8914,2645,61027,2024-12-19T02:00:00,VOL_COMPRESSION,TREND_DOWN,VOL_COMPRESSION -> TREND_DOWN,2024-12-19T00:00:00,2,2024-12-19T00:00:00,2,2,1,aa3416b2ab00b4727d20ada08413efc267c98c164d51d3fee136e4dd78c0f44a
3768aa955fb7058d6d5193e5e05fb2db620abf88d3579dafa333d05965f4f4c9,2646,61029,2024-12-19T04:00:00,TREND_DOWN,VOL_COMPRESSION,TREND_DOWN -> VOL_COMPRESSION,2024-12-19T02:00:00,2,2024-12-19T02:00:00,2,2,1,2794c3481c953771fd88dd08b1841b44d4b26de1449ccf7822a377e9e80b4f1d
3904063a48b1a6a00c37461ed3d3aaa5726475a63510033cf5791717076b6f8d,2647,61042,2024-12-19T17:00:00,VOL_COMPRESSION,TREND_DOWN,VOL_COMPRESSION -> TREND_DOWN,2024-12-19T04:00:00,13,2024-12-19T04:00:00,13,13,1,d91b4a93eb2935b4e548d5497ed9783109c7bcfe2de35a59300f0519f9e78690
22e9200aacdf5e3ac9e1bab9fab68c4692b605db8eb3b0bbf09b7dc1d90e80cb,2648,61072,2024-12-20T23:00:00,TREND_DOWN,VOL_COMPRESSION,TREND_DOWN -> VOL_COMPRESSION,2024-12-19T17:00:00,30,2024-12-19T17:00:00,30,30,1,cf919ddbfb462fc07693cc3238936a75e353c94c6d76f50af6bbc8ec8751faaa
20a37f7d5335466d8cf35ab2c5c5bd33b0978db85f0e5cea4696fd7ef18a4e81,2649,61310,2024-12-30T21:00:00,VOL_COMPRESSION,TREND_DOWN,VOL_COMPRESSION -> TREND_DOWN,2024-12-20T23:00:00,238,2024-12-20T23:00:00,238,238,1,2648d1a5b328a73c3b38d9bf878d3352730b73b944805f76741450858fde431b
b6a66298a19a7d7c549084856932b5996ebbf1c64100a5e9bb4a283653ec6094,2650,61311,2024-12-30T22:00:00,TREND_DOWN,VOL_COMPRESSION,TREND_DOWN -> VOL_COMPRESSION,2024-12-30T21:00:00,1,2024-12-30T21:00:00,1,1,1,2897c9bb2ef7a1150e602fbb8ab85ca5e920e6f6e81a03733dd27b7503634cfa
52b47eeafc81ebf326505a57f27a18c8be16ec4b147148afe303672cf5a2ed8e,2651,61546,2025-01-09T17:00:00,VOL_COMPRESSION,TREND_DOWN,VOL_COMPRESSION -> TREND_DOWN,2024-12-30T22:00:00,235,2024-12-30T22:00:00,235,235,1,f7be43d5a362cd0afa2325e0b646fa599075cc1ec5b43b218a6a0cdb365617ad
2dd9c2891ce0fe2bdf897e0bce905ebabd696d784841034d3b1b52c6a49fed09,2652,61547,2025-01-09T18:00:00,TREND_DOWN,VOL_COMPRESSION,TREND_DOWN -> VOL_COMPRESSION,2025-01-09T17:00:00,1,2025-01-09T17:00:00,1,1,1,4c22d4ab7cf0371af0d0560962ff120282e79672c9e1621997f2d0669b98a71a
fef76cbcd7d53b495c24313b3a7165e70d5e510ce8497b45ad6360f30c62da71,2653,61548,2025-01-09T19:00:00,VOL_COMPRESSION,TREND_DOWN,VOL_COMPRESSION -> TREND_DOWN,2025-01-09T18:00:00,1,2025-01-09T18:00:00,1,1,1,d946b05e5dafc98c79bcf14840323294303a0ffb326b498fdaf095541d8b0c5d
82802911fe078b0ff42441ce9c6111e5bcee56d29abdeeb5a98dda661f2a618a,2654,61550,2025-01-09T21:00:00,TREND_DOWN,VOL_COMPRESSION,TREND_DOWN -> VOL_COMPRESSION,2025-01-09T19:00:00,2,2025-01-09T19:00:00,2,2,1,052fd819bc9a0f5549d1c610460599afd76c35f3c8b1ef907757a410a487e457
42eefd1bb746168af19e97b8c82d6f25a99f94cc812509e73cf5f381c5c0b6cf,2655,61570,2025-01-10T17:00:00,VOL_COMPRESSION,TREND_DOWN,VOL_COMPRESSION -> TREND_DOWN,2025-01-09T21:00:00,20,2025-01-09T21:00:00,20,20,1,7e278f522da61098ee2b6e1303a4bea9a90aad193faad1ea74c53e26ff3146a0
07e7a08f75a4488e8157e63599deb74460388916a3f42424720f952f414e0e78,2656,61572,2025-01-10T19:00:00,TREND_DOWN,RANGE,TREND_DOWN -> RANGE,2025-01-10T17:00:00,2,2025-01-10T17:00:00,2,2,1,01b80cabcb428d82a2fe54d0cfd97ac858445d11f4092097b7b98d43ba2b0d2b
645c055cc7ac0859e6aa3b725523b84b163ac1bdf9ac9f9a2a54a487689e5d40,2657,61574,2025-01-10T21:00:00,RANGE,VOL_COMPRESSION,RANGE -> VOL_COMPRESSION,2025-01-10T19:00:00,2,2025-01-10T19:00:00,2,2,1,0f2dfecd22a42b5a93d024105ec57b79b2ef24679aa8a02e27228e81b5983263
d6487f00b0d037bbd04498f1fc853242a691219c6f38b7bbd536dc52ce82863f,2658,61639,2025-01-13T14:00:00,VOL_COMPRESSION,TREND_DOWN,VOL_COMPRESSION -> TREND_DOWN,2025-01-10T21:00:00,65,2025-01-10T21:00:00,65,65,1,ca6b5216526f00c4ab18c0d16bc185bfbe7277cb591233ec0db707bf182ce1e4
902d034d8101283c7fdd21c304081dabb21f7bfe39e8dea73ccbfe067aa4e657,2659,61647,2025-01-13T22:00:00,TREND_DOWN,VOL_COMPRESSION,TREND_DOWN -> VOL_COMPRESSION,2025-01-13T14:00:00,8,2025-01-13T14:00:00,8,8,1,5f596a23e1d28459b34a32edd5275897cb82b537fb27afa7e3ee74970c891ebd
8e34708631d85ed52f81cbf4a2c51acf27e87a513e8ce8d39fdd48937867d7cd,2660,61791,2025-01-19T22:00:00,VOL_COMPRESSION,TREND_UP,VOL_COMPRESSION -> TREND_UP,2025-01-13T22:00:00,144,2025-01-13T22:00:00,144,144,1,7dd12b83321426ede3f36565aa59d1c8dac1a79f6ac5823de4ca673232596840
8b3943f0ee0bf35005fc2022c88e2aba17dcbfbba97c05db6ba93e235343d1ae,2661,61793,2025-01-20T00:00:00,TREND_UP,RANGE,TREND_UP -> RANGE,2025-01-19T22:00:00,2,2025-01-19T22:00:00,2,2,1,d712bb96d844e320f02b8394ce6378424c35f496882323be1cd3b38352fa0759
43151e10d84596cd88ef03790e833edd7f416c0506bab8c9a594f25ce3dae806,2662,61795,2025-01-20T02:00:00,RANGE,TREND_DOWN,RANGE -> TREND_DOWN,2025-01-20T00:00:00,2,2025-01-20T00:00:00,2,2,1,804bf32b237a0f1e9c406e25e3d31857a168400cd97ecc7700a5aa1589f0cea7
71028b4d5c3287b925fd0e58440aa8849c2a1432550d58b7ffbfef412c60d7e6,2663,61799,2025-01-20T06:00:00,TREND_DOWN,RANGE,TREND_DOWN -> RANGE,2025-01-20T02:00:00,4,2025-01-20T02:00:00,4,4,1,30a71f4117dee8a8ddb0974ec2c28388da6532a8d2cf875b20ca7f05e6f9a397
0d7aa620930b714d63123c3fa79267c1b2ad3f2b4237b4c3ee1adce009381f8b,2664,61800,2025-01-20T07:00:00,RANGE,TREND_UP,RANGE -> TREND_UP,2025-01-20T06:00:00,1,2025-01-20T06:00:00,1,1,1,e2fa7e349a7b9a495e15c8d811383351967b092f76eb7afbba1cc07cb2e09461
822e7d3c45dbdc5ff4bb67657a7012250dd1b3461b6803067224b3bc2e367693,2665,61810,2025-01-20T17:00:00,TREND_UP,VOL_EXPANSION,TREND_UP -> VOL_EXPANSION,2025-01-20T07:00:00,10,2025-01-20T07:00:00,10,10,1,e2f074374dfe3288067c3bf48f9e895ab51f57b77262167c3eafed97446100ae
0afe36b8e33ee5834471841bfc849b211df56a8055e4afcf2e1d86cdc2765df1,2666,61811,2025-01-20T18:00:00,VOL_EXPANSION,TREND_UP,VOL_EXPANSION -> TREND_UP,2025-01-20T17:00:00,1,2025-01-20T17:00:00,1,1,1,b4c4e68ec5d8647d36cb615233da2797acc7da0454eeefa04e85baf276cf733a
13313f6e83783914c827d5194bc02447fbec2c82655cd3bc38a49fda6a862297,2667,61812,2025-01-20T19:00:00,TREND_UP,RANGE,TREND_UP -> RANGE,2025-01-20T18:00:00,1,2025-01-20T18:00:00,1,1,1,6f5b25335f2c5eabeaf0993622f3ef1c3423d547ea578d2b04da2ed62ed48cd9
032d88b59c3421c7f7997e75e952071a1ce2d9954e1d014bde26d7856f07e014,2668,61817,2025-01-21T00:00:00,RANGE,TREND_DOWN,RANGE -> TREND_DOWN,2025-01-20T19:00:00,5,2025-01-20T19:00:00,5,5,1,cf50f3d76da7b45511c2d81e4780329b072f2b0bedcdb719faf50851d0546c6f
f6832fda105da3ca17ce6b78d9c0880d0e8025e6c2acd6184e89a684d237cd05,2669,61828,2025-01-21T11:00:00,TREND_DOWN,VOL_COMPRESSION,TREND_DOWN -> VOL_COMPRESSION,2025-01-21T00:00:00,11,2025-01-21T00:00:00,11,11,1,d5c0cd31edd8a7933df5e8fe1204b678a19ad17051304bf754f04162bcc0e95b
9baa87251cdb74ddc11610bdf800744a6d24ebaa33923679b072750fd8ec4d9a,2670,61831,2025-01-21T14:00:00,VOL_COMPRESSION,RANGE,VOL_COMPRESSION -> RANGE,2025-01-21T11:00:00,3,2025-01-21T11:00:00,3,3,1,8d810f61c4575fa1e5d4c259cf223a998cd88a8b1185845078cf7770833923b2
938027e6a45a58cdeeaeaacc252a61d8dae535615cdefe147e50c7f1b0831fa0,2671,61835,2025-01-21T18:00:00,RANGE,TREND_UP,RANGE -> TREND_UP,2025-01-21T14:00:00,4,2025-01-21T14:00:00,4,4,1,779f73f2b306f6d64d15ca19372a2944480e8c56e7e1427111baf9528b7cbf86
f7cc38d55ffa0559b6175de81bb342dfb4b0e8e08b1399498f54e39aee4fbebb,2672,61840,2025-01-21T23:00:00,TREND_UP,VOL_COMPRESSION,TREND_UP -> VOL_COMPRESSION,2025-01-21T18:00:00,5,2025-01-21T18:00:00,5,5,1,a5f385f2f274bec9e8bdf9939f9efa2c15a8f903ef7fcdf5b890f8b45fbfbb24
1980b34e8fd821f2471e5ee7080ce3267c34ca173b93bbcbfe67f04aac6468fd,2673,61879,2025-01-23T14:00:00,VOL_COMPRESSION,TREND_DOWN,VOL_COMPRESSION -> TREND_DOWN,2025-01-21T23:00:00,39,2025-01-21T23:00:00,39,39,1,8793ae82d0c7964b1235b757956c8857e347edccac5a1e42d3c31d500d8774c3
18c13922276ce2433d201943214b6c02ca4d35921bf2a36f192e21674522d6c5,2674,61881,2025-01-23T16:00:00,TREND_DOWN,RANGE,TREND_DOWN -> RANGE,2025-01-23T14:00:00,2,2025-01-23T14:00:00,2,2,1,1fbbc0263ebd92a9faaceb4bf7d3a3a3add62100646ff8dfdbeffb4a6a27745b
a9ec5eb7a423057f5d2d59c9b078f619b6b008c7ff3c8862a8cb7998d0215c5b,2675,61888,2025-01-23T23:00:00,RANGE,TREND_DOWN,RANGE -> TREND_DOWN,2025-01-23T16:00:00,7,2025-01-23T16:00:00,7,7,1,0a97e8e5c2cfc523439f59b4e3b77e0b25063b896205be8a042642442c849398
31dacfe4d388dc1b04d4165a36664dec8dde3bd2dafbf29203983a085a8c68ce,2676,61894,2025-01-24T05:00:00,TREND_DOWN,VOL_COMPRESSION,TREND_DOWN -> VOL_COMPRESSION,2025-01-23T23:00:00,6,2025-01-23T23:00:00,6,6,1,f91fbb9dc73e2bb14fdba27125d5108828459baac596dea98b88c05bae459420
61df15c80fcf9eb295465b247ad6ebbeebef4b53c7e615955c4eafd6555e5215,2677,61974,2025-01-27T13:00:00,VOL_COMPRESSION,TREND_DOWN,VOL_COMPRESSION -> TREND_DOWN,2025-01-24T05:00:00,80,2025-01-24T05:00:00,80,80,1,51cae73537206f053b4a3d0f8e1baf81393a61852fcfafab3e45bf0ec2333d2e
044e64a0c70949f2b0b0aa1a395fe358b3933aaa663c76e29acbd608c5f05f62,2678,61984,2025-01-27T23:00:00,TREND_DOWN,VOL_COMPRESSION,TREND_DOWN -> VOL_COMPRESSION,2025-01-27T13:00:00,10,2025-01-27T13:00:00,10,10,1,38f345dc5d5b74a458737c1bfb3b3c3f31d9e0804458adccbe476a8e3c3b3ba3
9e606f38f2ca8b5eee3da3f13fb6fe6bccefb2a46a9fbad870989b62be65da1f,2679,62127,2025-02-02T22:00:00,VOL_COMPRESSION,TREND_DOWN,VOL_COMPRESSION -> TREND_DOWN,2025-01-27T23:00:00,143,2025-01-27T23:00:00,143,143,1,4177bf91f8fc7c66268714fe226efb3460b12fea2e772a84b082117265691f3e
97ed0234fff1e0a2103eb39bb70ce26495b1b4d905b7a8be3a6311a08066df89,2680,62147,2025-02-03T18:00:00,TREND_DOWN,RANGE,TREND_DOWN -> RANGE,2025-02-02T22:00:00,20,2025-02-02T22:00:00,20,20,1,4bfd7d743bc3417517e57c16baa95a700e4ead8a3999fb6240962d08c6936823
10cb9abc990cb8afbf0768a7be3f87d5588e344ef86d9bfc0fe08a7f589ea710,2681,62153,2025-02-04T00:00:00,RANGE,VOL_COMPRESSION,RANGE -> VOL_COMPRESSION,2025-02-03T18:00:00,6,2025-02-03T18:00:00,6,6,1,916b779be85365abb4fdd015e5637b5fbb201d0eaba643b7df48fa755dd3fb49
2c29b6103f51d0665425050af75da44e37e3f403294ff231203bc91abd873f06,2682,62173,2025-02-04T20:00:00,VOL_COMPRESSION,RANGE,VOL_COMPRESSION -> RANGE,2025-02-04T00:00:00,20,2025-02-04T00:00:00,20,20,1,09dbcd7a321d090bff58165f5c170f524593b99cf3f7ed8d3df4eea9f1992861
799697e6a08b77f6e93d04b1445c2e5aaee4a068ca8607cfe4fb2f9d9a7cee41,2683,62174,2025-02-04T21:00:00,RANGE,TREND_DOWN,RANGE -> TREND_DOWN,2025-02-04T20:00:00,1,2025-02-04T20:00:00,1,1,1,948d7f310df7b3d340289a46bd76a144b836efc51794627ced519b87e2a48e8e
ceee8daea6e48ed4625801f674ef7485155b89d74afa7c6ff089b42c920a31ab,2684,62180,2025-02-05T03:00:00,TREND_DOWN,VOL_COMPRESSION,TREND_DOWN -> VOL_COMPRESSION,2025-02-04T21:00:00,6,2025-02-04T21:00:00,6,6,1,57e2f0672b0d58773b24d7f183f64a47b8f45a2f19fc358eb1744d09f53654a8
98c7d7a7ca8e2e5c39590605f633bb8462f978b624eab789a2aeb4e89cb0c692,2685,62664,2025-02-25T07:00:00,VOL_COMPRESSION,TREND_DOWN,VOL_COMPRESSION -> TREND_DOWN,2025-02-05T03:00:00,484,2025-02-05T03:00:00,484,484,1,40a039fe9eeed3b8250f561afbf7cab21c875acb64507e144092551328690144
03677fa97e95124bba331eb878e8bbe4ecab94db87c5d925926906a2ef4aa903,2686,62682,2025-02-26T01:00:00,TREND_DOWN,VOL_COMPRESSION,TREND_DOWN -> VOL_COMPRESSION,2025-02-25T07:00:00,18,2025-02-25T07:00:00,18,18,1,ebff5f43e4050d1485933c929f563a7198b80b4258d46f8c85c36124a5b29764
22deff39a074fe1acca1fad4adc8bbb095b1ac5a0889c9ec2f83ad3334623232,2687,62697,2025-02-26T16:00:00,VOL_COMPRESSION,TREND_DOWN,VOL_COMPRESSION -> TREND_DOWN,2025-02-26T01:00:00,15,2025-02-26T01:00:00,15,15,1,186d2ebde10d10a0036e5553d1847cd0fa531435c9c74888deff941fe2f843da
111a2d5dd1fa1344733f1c883dcd6be623d5e09ca29814dd872d5991ba5a03d7,2688,62713,2025-02-27T08:00:00,TREND_DOWN,VOL_COMPRESSION,TREND_DOWN -> VOL_COMPRESSION,2025-02-26T16:00:00,16,2025-02-26T16:00:00,16,16,1,a2accb0016b1819a228611bfe9369cf23113683b6b7993d2893d3a3a6184ad2a
7849d9d07779a24fc99c718aff50b4ec53a95cdaa1558a93b582b7075ad673ec,2689,62721,2025-02-27T16:00:00,VOL_COMPRESSION,TREND_DOWN,VOL_COMPRESSION -> TREND_DOWN,2025-02-27T08:00:00,8,2025-02-27T08:00:00,8,8,1,54ace1836d5b298329e1f8053a92cbad41b27b27752f49bcb6d418019d3ca217
dc2f4f6ac30d821620426a4d944015d09c46569825f6b2838e3065b910657b4e,2690,62723,2025-02-27T18:00:00,TREND_DOWN,VOL_COMPRESSION,TREND_DOWN -> VOL_COMPRESSION,2025-02-27T16:00:00,2,2025-02-27T16:00:00,2,2,1,d2ebd6f0e29b8a51b654e9cde284b6d5a44f6ca5324c1a6d54cfc1704eb7744e
a211b30ce34102c0d86fddcf5219b3bb0b6bfeaa7dc3b0cc54d6b8e0a8b3be0a,2691,62725,2025-02-27T20:00:00,VOL_COMPRESSION,TREND_DOWN,VOL_COMPRESSION -> TREND_DOWN,2025-02-27T18:00:00,2,2025-02-27T18:00:00,2,2,1,013913a890f345da0f28f46e2f2d67319b5a77b20c0e7951910717a442a5f7cc
3d45e631787d9acd0f06ecd7df0a6f636b392a139599a2da73911ba188e6c9dd,2692,62728,2025-02-27T23:00:00,TREND_DOWN,VOL_COMPRESSION,TREND_DOWN -> VOL_COMPRESSION,2025-02-27T20:00:00,3,2025-02-27T20:00:00,3,3,1,5ec2dc3bd6bb7bdc390bbe61fe7f31a14df4933b887b33654a6bbc78f7113d4a
e6057aacbc1b92cfdae8cf01b6e6b877698c25488f99ee1763c6db3b8f013e0f,2693,62730,2025-02-28T01:00:00,VOL_COMPRESSION,TREND_DOWN,VOL_COMPRESSION -> TREND_DOWN,2025-02-27T23:00:00,2,2025-02-27T23:00:00,2,2,1,b0dae50129b7b398bd32403735c2edbaefc9e3fd95c0f84802ba9a52f8cf1024
bc6dcdafb64f329e1077729d4c00070e43fc1ca2fd289a8b4ef2e8aa97088dd8,2694,62748,2025-02-28T19:00:00,TREND_DOWN,RANGE,TREND_DOWN -> RANGE,2025-02-28T01:00:00,18,2025-02-28T01:00:00,18,18,1,f7f286c4015e2e317a7b0cb6d1e107c9f47281c7bbb35d569806526bdb8c0ccd
a7bde22353103186b5bcfeb80cea5a3a911f51cd8ac145af9583e6447ef1ffe2,2695,62756,2025-03-01T03:00:00,RANGE,VOL_COMPRESSION,RANGE -> VOL_COMPRESSION,2025-02-28T19:00:00,8,2025-02-28T19:00:00,8,8,1,3134e297a2610c7dbc58fa68c3ea9ca0badd2fc93eba058548f0417f9826ac87
fd74726facb4dd3937a475e7a21054dbd036f6f4b5d76be03e796db13685476d,2696,62793,2025-03-02T16:00:00,VOL_COMPRESSION,TREND_UP,VOL_COMPRESSION -> TREND_UP,2025-03-01T03:00:00,37,2025-03-01T03:00:00,37,37,1,bcebcd2ab6484af4a7341527b5a01bb787ad07b04fcee304366f5a64bc51ed8d
a99006de50b040df10f0bc8ca65c51c87ba4b74834b8bc5418acc0a73b4cfc6b,2697,62805,2025-03-03T04:00:00,TREND_UP,VOL_COMPRESSION,TREND_UP -> VOL_COMPRESSION,2025-03-02T16:00:00,12,2025-03-02T16:00:00,12,12,1,8c1e488a22580408ccb27df5601f89cd9ad383784d44d34a045161ac774785f7
8a23445c9c82d883be40ea7d4ec95a01037580e807154c646e7d226d930cf50c,2698,62807,2025-03-03T06:00:00,VOL_COMPRESSION,TREND_UP,VOL_COMPRESSION -> TREND_UP,2025-03-03T04:00:00,2,2025-03-03T04:00:00,2,2,1,86a383cf963bd3d65a45e044354c79e5a95465cd4e90e3a0117d71093cbee578
cc4dae912da8f42746e8e6376dadaaf7ed4f015b263bf21416164a7e0bedcfee,2699,62812,2025-03-03T11:00:00,TREND_UP,VOL_COMPRESSION,TREND_UP -> VOL_COMPRESSION,2025-03-03T06:00:00,5,2025-03-03T06:00:00,5,5,1,318ded984addc61cbe25e581782f23e20cc5de53855838b57c08c848236f26a3
5042f4ba8800b4aa5b4c7d88e3bb78c26146c229d1baea3c8b027e56058d3853,2700,62815,2025-03-03T14:00:00,VOL_COMPRESSION,TREND_UP,VOL_COMPRESSION -> TREND_UP,2025-03-03T11:00:00,3,2025-03-03T11:00:00,3,3,1,589d518c6268044ab218e72c8681da19100fcdf8b76ba86da08cbb20606f7e10
3960c92700c7d7370f69caa90480ef11315ca5c0b578f5c6e0d6d57101c8204c,2701,62819,2025-03-03T18:00:00,TREND_UP,RANGE,TREND_UP -> RANGE,2025-03-03T14:00:00,4,2025-03-03T14:00:00,4,4,1,068cbeb41fda90bd06bd02f4bb01e0bde6d9194791f8152c2f7dd19db9a40cee
9f5bb6d8c23514fdcfafacdbf469b1204deb82153535179460a1d536720fb0ff,2702,62825,2025-03-04T00:00:00,RANGE,TREND_DOWN,RANGE -> TREND_DOWN,2025-03-03T18:00:00,6,2025-03-03T18:00:00,6,6,1,bdd1d2852fa5c89a541f389eadce3b2dd7942759ad93c2397d3d7b67d2ff080e
8ace4c1407b7ed33914030fbaa583e18e4108db55eb0ced17c0d0c3c06c80bf7,2703,62837,2025-03-04T12:00:00,TREND_DOWN,VOL_COMPRESSION,TREND_DOWN -> VOL_COMPRESSION,2025-03-04T00:00:00,12,2025-03-04T00:00:00,12,12,1,05e6e99d497260ffe2d1458ddb332565c544d5c4e937307bf9fc62f15f7a438e
539de8cab407816ffe4cf1d9614129de04b50a1e66390ae2805d1244600de147,2704,62838,2025-03-04T13:00:00,VOL_COMPRESSION,TREND_DOWN,VOL_COMPRESSION -> TREND_DOWN,2025-03-04T12:00:00,1,2025-03-04T12:00:00,1,1,1,236f4a6632decad0b0e26d4f516615256402386698b87f9e07263060b12a2a6a
10f1612c7047bf8edb039b22f86acb94c30932d68b1ec6f4cf1fed2ad3d9b835,2705,62846,2025-03-04T21:00:00,TREND_DOWN,RANGE,TREND_DOWN -> RANGE,2025-03-04T13:00:00,8,2025-03-04T13:00:00,8,8,1,099b75d78208e0e53c970a46d57b8535ac31bf7e8de43577cc2790cc7398314b
7c51af9e142e8ad05a841bd7c71a767507ec83c078205b2975134f8dda85bc1f,2706,62855,2025-03-05T06:00:00,RANGE,VOL_COMPRESSION,RANGE -> VOL_COMPRESSION,2025-03-04T21:00:00,9,2025-03-04T21:00:00,9,9,1,d6c7ae025651d371877489c13eecd4f548dcca1ba5b7a71bb6043c0f7cbdbfbe
dc205b6110855e5867ff41e841be4e16bfc4184a71f79e8b104388f22363db74,2707,62859,2025-03-05T10:00:00,VOL_COMPRESSION,TREND_UP,VOL_COMPRESSION -> TREND_UP,2025-03-05T06:00:00,4,2025-03-05T06:00:00,4,4,1,7e5786503b1d164b3a71b9d2d10342a0267986a81e6b18f4a7afcbe87e8367c3
0ed482de0b905d7aceda7c8b3c90bce899cdde88d944903ee31906c8ed6847a5,2708,62860,2025-03-05T11:00:00,TREND_UP,VOL_COMPRESSION,TREND_UP -> VOL_COMPRESSION,2025-03-05T10:00:00,1,2025-03-05T10:00:00,1,1,1,0f3f2a65247663c3f13169e98398afd555a66528f5b80ed6360b888b24d6eb35
58a15541e906c714f0e0188089e1e417f75e182a758bbf92270d137c9525d31c,2709,62862,2025-03-05T13:00:00,VOL_COMPRESSION,TREND_UP,VOL_COMPRESSION -> TREND_UP,2025-03-05T11:00:00,2,2025-03-05T11:00:00,2,2,1,f6b1f097f3437f0e4a7a991232e2ecb38b95f371243dcfc7b61a2a11faea358f
d0da858a7695e2ff556b4fb4d49dd0cd949e22e56b330c64a1d9cf2739c05119,2710,62871,2025-03-05T22:00:00,TREND_UP,VOL_COMPRESSION,TREND_UP -> VOL_COMPRESSION,2025-03-05T13:00:00,9,2025-03-05T13:00:00,9,9,1,87072d697f48989e8b539f37c3d39d03b8181507ab9ff77b31e157a53c9ee065
93b3112f0afdb8211b26277b22fd408ed8ea6333341ac1e2a95e63edd7cea38a,2711,62874,2025-03-06T01:00:00,VOL_COMPRESSION,TREND_UP,VOL_COMPRESSION -> TREND_UP,2025-03-05T22:00:00,3,2025-03-05T22:00:00,3,3,1,8165a73e116a633bb77ced4caca1a4c6388e13878c5eb28abecffbc5eb9ed6e6
45fcc6cb20983a73cbe88bb2f4ce2a8d91d802554846c3a11153c1f535041680,2712,62875,2025-03-06T02:00:00,TREND_UP,VOL_COMPRESSION,TREND_UP -> VOL_COMPRESSION,2025-03-06T01:00:00,1,2025-03-06T01:00:00,1,1,1,fe6a41e55bdbb8203a28fe19f7da518f095b569698141b368e144e1627ab392f
d04efba09eb6a7457316e450807d9c517b7e0e25e9ccacc8abd000032efc91be,2713,62888,2025-03-06T15:00:00,VOL_COMPRESSION,TREND_UP,VOL_COMPRESSION -> TREND_UP,2025-03-06T02:00:00,13,2025-03-06T02:00:00,13,13,1,6891e6d1cd301c36e98c08697b79e451b127144e37b33e77b9ed6595d7ed9017
f5e5ebba19edee24dca9ce31963c1e8f553a16a8e85d66c1b5c936b5cdcaa4a4,2714,62892,2025-03-06T19:00:00,TREND_UP,RANGE,TREND_UP -> RANGE,2025-03-06T15:00:00,4,2025-03-06T15:00:00,4,4,1,e0594b8142e21995a09cd4f64a556b61926dcd2d9ae840d0543cab39b8f11f29
edfaf736be8ea4fa5116b1df5f21e96909b3a0425f018ea5ec0a3dd32951f418,2715,62896,2025-03-06T23:00:00,RANGE,TREND_UP,RANGE -> TREND_UP,2025-03-06T19:00:00,4,2025-03-06T19:00:00,4,4,1,f67149c7aee86f1cb0ee8ea71d30024b93c3c015f58f11ad2259a9b22facfb31
b9641674984d561c51e1ac7da95a1be591c35b6acf1b14578a288fbd7f5ba98d,2716,62897,2025-03-07T00:00:00,TREND_UP,RANGE,TREND_UP -> RANGE,2025-03-06T23:00:00,1,2025-03-06T23:00:00,1,1,1,50c2edce5fecf24b000d9978f19e5d6700d4699e74a2799325bd5054fae12626
a355681514b7c81e81e494e524906677580de7cb8924ad362eea024114930466,2717,62900,2025-03-07T03:00:00,RANGE,TREND_DOWN,RANGE -> TREND_DOWN,2025-03-07T00:00:00,3,2025-03-07T00:00:00,3,3,1,979a9d221bd7bc6845cfdb7ab1fb8401c665abb9ad2dd0d990480bb288155569
e45f98c10237b506518bc4592f85e1ced44a9f049f8665066035cfe75a52bf2c,2718,62909,2025-03-07T12:00:00,TREND_DOWN,RANGE,TREND_DOWN -> RANGE,2025-03-07T03:00:00,9,2025-03-07T03:00:00,9,9,1,85965859710c8a32a411df401299254539ff4d3c0dcdbb49f82c10bef8b605aa
ee0f391e1f3fccb5b18536b64db8695be1114e5a2b54c8738422f6c3191d5bb6,2719,62911,2025-03-07T14:00:00,RANGE,TREND_UP,RANGE -> TREND_UP,2025-03-07T12:00:00,2,2025-03-07T12:00:00,2,2,1,0c2777bd55ed80a91c67ca7287cb09bcf19489d922d1d2630e0708f9cfc96c5e
13ea110dec3158e1d8d656a6201ada2af4773a19022243f47a62abd45e23bbae,2720,62912,2025-03-07T15:00:00,TREND_UP,RANGE,TREND_UP -> RANGE,2025-03-07T14:00:00,1,2025-03-07T14:00:00,1,1,1,894870387c001e559020fa0800cd0d3ecc3a2a0daade60309a564587d0553389
1717aa2af379b334f04aaca9d195c430851c9109f6081bccacf6074141550b96,2721,62913,2025-03-07T16:00:00,RANGE,TREND_DOWN,RANGE -> TREND_DOWN,2025-03-07T15:00:00,1,2025-03-07T15:00:00,1,1,1,e8a391cb18d1b46b7cd631b82ada10c210272bc6cb233ea510a5fc908b54f4e4
a5780b4ba16b373be9246f18e50fc6d34fb6fd1e49596770aa808f6cf51a7ce5,2722,62927,2025-03-08T06:00:00,TREND_DOWN,VOL_COMPRESSION,TREND_DOWN -> VOL_COMPRESSION,2025-03-07T16:00:00,14,2025-03-07T16:00:00,14,14,1,f43257867e73ec901ac68ff772099d7bae2fc43bace2f02defa6e295ebbc20fd
d10fdeab1923fb5dc58784112800b7dcbcb4da2614b642878c483406bb5c53ae,2723,62967,2025-03-09T22:00:00,VOL_COMPRESSION,TREND_DOWN,VOL_COMPRESSION -> TREND_DOWN,2025-03-08T06:00:00,40,2025-03-08T06:00:00,40,40,1,3601ac1d61fccd596057b060e2b00817ca09ada41071ed43a9b8f835f796f548
4a2eaba44f77e1ea46c552d8489eac1f45efc5957c7eb075d0cf2700caea6b85,2724,62973,2025-03-10T04:00:00,TREND_DOWN,VOL_COMPRESSION,TREND_DOWN -> VOL_COMPRESSION,2025-03-09T22:00:00,6,2025-03-09T22:00:00,6,6,1,231fb03e2b652221b1850b69d13739ca0043bb8da3fb7770f7a01f383663179c
278293a04588f2f1289abb2b25c0760e3e61a6cd5aeb829340811e4695fabb78,2725,62978,2025-03-10T09:00:00,VOL_COMPRESSION,TREND_DOWN,VOL_COMPRESSION -> TREND_DOWN,2025-03-10T04:00:00,5,2025-03-10T04:00:00,5,5,1,5c33af244db493690e6d4087254abf6e3317684ffb001a3b4e2577bfbe6e14a0
08b0527531b534ef2b8dcf0420751a0e91dd58aafe0f702bab55edcf7bdc5bc2,2726,63003,2025-03-11T10:00:00,TREND_DOWN,VOL_COMPRESSION,TREND_DOWN -> VOL_COMPRESSION,2025-03-10T09:00:00,25,2025-03-10T09:00:00,25,25,1,59cd1a602df44de47695cc8caebf070de57d3286750a6b61fca007557e704788
856aa9f9a9bc035b33d1b110568ef3f2893b2bc6291f54571f846ddba3be73a1,2727,63006,2025-03-11T13:00:00,VOL_COMPRESSION,TREND_DOWN,VOL_COMPRESSION -> TREND_DOWN,2025-03-11T10:00:00,3,2025-03-11T10:00:00,3,3,1,2289542e3e639c3d1e971acaac8ccd530e73f0d7b6492693275f9bd6bda83190
0f589b339d4c9d6278dd8b653afaaf493c78b05ca01480bea9d0588cba894080,2728,63012,2025-03-11T19:00:00,TREND_DOWN,RANGE,TREND_DOWN -> RANGE,2025-03-11T13:00:00,6,2025-03-11T13:00:00,6,6,1,c2cd9fd0cfe552ce2879d757ccf9a41e91280e362bcd40709efe3465b3c71e92
7d1fff6358676de23d6ecc40a75cbcbe53de18d434460ff2bc6c7f2ff8c46670,2729,63016,2025-03-11T23:00:00,RANGE,VOL_COMPRESSION,RANGE -> VOL_COMPRESSION,2025-03-11T19:00:00,4,2025-03-11T19:00:00,4,4,1,1e04d9533bbdb60ea30fe307db30ed603c992fe234f36be684365a2b7d2d251c
4783063ec08a0e9b0c585a4d0c137ceac6e03567954834d8702de814a2691285,2730,63030,2025-03-12T13:00:00,VOL_COMPRESSION,TREND_UP,VOL_COMPRESSION -> TREND_UP,2025-03-11T23:00:00,14,2025-03-11T23:00:00,14,14,1,47226bde36076cf4eee1740c22e9a2cb8ed2395bc7f962c5ffb7028ea641fa52
db40e7ec640ab46f26c5c4eec286dd382c33d286ad84832536f1efa949f96ce4,2731,63034,2025-03-12T17:00:00,TREND_UP,RANGE,TREND_UP -> RANGE,2025-03-12T13:00:00,4,2025-03-12T13:00:00,4,4,1,6e3ce637095e53a079139cdc995d9b44d012c7318806fcc74b2a660f526eee54
6e79976e1e48bb55f747b22d509653e0c47d5a645c04e22667eba551a715c368,2732,63036,2025-03-12T19:00:00,RANGE,TREND_UP,RANGE -> TREND_UP,2025-03-12T17:00:00,2,2025-03-12T17:00:00,2,2,1,c50c15c2804ea9d98241edc6c3838b1b77793388908011d162b7ba8606e43de8
5ef0cf06e258f7504a8c5a3afa9727b5e6328ee3bf9d7a41cd080fb789c9b07b,2733,63037,2025-03-12T20:00:00,TREND_UP,VOL_COMPRESSION,TREND_UP -> VOL_COMPRESSION,2025-03-12T19:00:00,1,2025-03-12T19:00:00,1,1,1,cb74d6fdeecca9d6079d237ab19490ecc198edee83e3e586c350586ae1dbb6ff
8429d627bd6f7089e3ac7c4fbd9ba280f7be9cfd35c7e83c6b274ae867a110b4,2734,63541,2025-04-02T20:00:00,VOL_COMPRESSION,TREND_UP,VOL_COMPRESSION -> TREND_UP,2025-03-12T20:00:00,504,2025-03-12T20:00:00,504,504,1,e41e95030279ae2806ac4bf3b2aeebed2ef125c329fa70f2082acd2e499db25e
2744784a0ca27d233bf9d012c345c0027b898bbcd3b12d88de74c827b94dcded,2735,63544,2025-04-02T23:00:00,TREND_UP,RANGE,TREND_UP -> RANGE,2025-04-02T20:00:00,3,2025-04-02T20:00:00,3,3,1,06a4becc3d2702b11962a5170841dd1906c3ce057f77192865799b40e5fde9b3
48a8722a3cdf0e7ea8338dba5d8d088e5bac840bde7adf693f3f8f805dd37430,2736,63549,2025-04-03T04:00:00,RANGE,VOL_COMPRESSION,RANGE -> VOL_COMPRESSION,2025-04-02T23:00:00,5,2025-04-02T23:00:00,5,5,1,a2b368c48223c923ef723d27ec80c5785ebce718645d6139a985f20bd5677647
a44eea18aea649376cc74646f4aec8fc3da8287df0f51cfd3634c2b9119dafb6,2737,63583,2025-04-04T14:00:00,VOL_COMPRESSION,TREND_DOWN,VOL_COMPRESSION -> TREND_DOWN,2025-04-03T04:00:00,34,2025-04-03T04:00:00,34,34,1,b3eb6beaa98f9de52f61337d1bbbf2a8b6f60336cceab14523f9071ca66c4650
8259c40753f4b60fc88a2a79e59daf38b8d15119e1ecb08340938f5954fef768,2738,63587,2025-04-04T18:00:00,TREND_DOWN,RANGE,TREND_DOWN -> RANGE,2025-04-04T14:00:00,4,2025-04-04T14:00:00,4,4,1,1d21948492ecc3e5f5b88cb9855e9aae59e9f8d310120f7d7f6d50dc6b2aebfe
8eb87566d5565e9293efa8d539c6a9bb87cbe6b8b83536b37c9237df8dd90737,2739,63590,2025-04-04T21:00:00,RANGE,VOL_COMPRESSION,RANGE -> VOL_COMPRESSION,2025-04-04T18:00:00,3,2025-04-04T18:00:00,3,3,1,70c8e1dccc54a655ab73d92e204b34ebf29eb058e474a1a89a3caa23690b3892
c3020e4a357b80d79ea01abda998bfb91ed2efe725de69fb13ba0f99b6918b1e,2740,63639,2025-04-06T22:00:00,VOL_COMPRESSION,TREND_DOWN,VOL_COMPRESSION -> TREND_DOWN,2025-04-04T21:00:00,49,2025-04-04T21:00:00,49,49,1,70c05ecbafa6835ee3cef5964cf62462d82ac9fae2cff2210d42651438c566da
ef1847d94d9b2f91b64fe7272330f37dccabfda1cef9834141b4fa04142974c5,2741,63669,2025-04-08T04:00:00,TREND_DOWN,RANGE,TREND_DOWN -> RANGE,2025-04-06T22:00:00,30,2025-04-06T22:00:00,30,30,1,4b0fbc2600f2d9f9fccdc4d4032df3116f762924f91df4cce84ec412f2b0a8ca
97a8503c2249d8848abf1f6c6f9eb33089a90ff569da6b268d29fa5fddf53275,2742,63672,2025-04-08T07:00:00,RANGE,VOL_COMPRESSION,RANGE -> VOL_COMPRESSION,2025-04-08T04:00:00,3,2025-04-08T04:00:00,3,3,1,960b26bcf936465e6775121e670a0653ec98a0ae158b06cb65d8b9d0040bff1d
dc42a8f071538234440ad5f05d21181b2910fb2708c52c72e8f300ebceb33b3f,2743,63681,2025-04-08T16:00:00,VOL_COMPRESSION,TREND_DOWN,VOL_COMPRESSION -> TREND_DOWN,2025-04-08T07:00:00,9,2025-04-08T07:00:00,9,9,1,700ea22e7e38a832ee86db213f9702653f14a292625d35918b54bfec88c2b4f9
019725be865ccf1c484896c8d2cd8e6480a11f08dd9acf7fcfec108f55ed3f58,2744,63686,2025-04-08T21:00:00,TREND_DOWN,VOL_COMPRESSION,TREND_DOWN -> VOL_COMPRESSION,2025-04-08T16:00:00,5,2025-04-08T16:00:00,5,5,1,ffd5e6db18501f77b6691846850661f524f186f07aebeeafbf6830b8e4d617e8
6285a7bed24eb9ab3247271da2b9163e23e45591c26e3ed74723241077ec93e6,2745,63690,2025-04-09T01:00:00,VOL_COMPRESSION,TREND_DOWN,VOL_COMPRESSION -> TREND_DOWN,2025-04-08T21:00:00,4,2025-04-08T21:00:00,4,4,1,ecebbaf6a31884d6804172757df2609b6e5ed044352ed14ff56a5f032c6a43d0
6cadc93fc82ca54ea641b8fe323db8e89abcc7a3866bdcefcd324077fe7d7fe1,2746,63698,2025-04-09T09:00:00,TREND_DOWN,VOL_COMPRESSION,TREND_DOWN -> VOL_COMPRESSION,2025-04-09T01:00:00,8,2025-04-09T01:00:00,8,8,1,ba50eebdb084b5476cd3e95810056a1ae56cae482f362a7f4fe3ff713193ae25
c4fe5ba6ed7d296ff9bdfe88173699b11a7d55b359197ac86b7aaa50ff8e5492,2747,63700,2025-04-09T11:00:00,VOL_COMPRESSION,TREND_DOWN,VOL_COMPRESSION -> TREND_DOWN,2025-04-09T09:00:00,2,2025-04-09T09:00:00,2,2,1,244255bc54f627548fbd132f7431a7ad3ec63202236bd28d3bce67bc0723dc9e
f68246299a36a5ece49f4a386da5e28585b8af7582ae9e9bc85b679a182ffb73,2748,63706,2025-04-09T17:00:00,TREND_DOWN,RANGE,TREND_DOWN -> RANGE,2025-04-09T11:00:00,6,2025-04-09T11:00:00,6,6,1,6db6bc8cc5edd22651eb61ae14cf70bafa8a9ce1692b56cb82cdd0cef1e7f23b
4e2cbb67f20038bb545951e0d7722686d72a09c60558eed6276f72a845b09ceb,2749,63708,2025-04-09T19:00:00,RANGE,TREND_UP,RANGE -> TREND_UP,2025-04-09T17:00:00,2,2025-04-09T17:00:00,2,2,1,690d971c72488abea18d535ce34e53edd325c594ba2c08a4415215c142c8b664
324f1e3a4f68b5ebcf36aa0710e4ed3e82015a686e71ae246ff9b570e03f570d,2750,63715,2025-04-10T02:00:00,TREND_UP,VOL_COMPRESSION,TREND_UP -> VOL_COMPRESSION,2025-04-09T19:00:00,7,2025-04-09T19:00:00,7,7,1,4723ea7abaf32d4b2386240c70350e9a89527be0403dbdd05bbc9f8e3a71f9ba
7ad55eb2b68fd7d573981a12d78855e7bce1edd46e14efc27ea73e656dcbb93b,2751,63728,2025-04-10T15:00:00,VOL_COMPRESSION,TREND_UP,VOL_COMPRESSION -> TREND_UP,2025-04-10T02:00:00,13,2025-04-10T02:00:00,13,13,1,f4bb4acbf9504f414e061e1476601bdbaacbd134ebdde9ceb0b97828e541e130
2488605a7b55b80be5ecf22361a88df7edcc204860a7c0bd499182c120edbaff,2752,63730,2025-04-10T17:00:00,TREND_UP,RANGE,TREND_UP -> RANGE,2025-04-10T15:00:00,2,2025-04-10T15:00:00,2,2,1,b7773a932b0c0bd3c4c5722f636460ec5f9d534c103296879491784c7399b810
97c27973b46a82514d01fb1527c8d5ba8ccc75d8462d62a6c8e418391115f0ba,2753,63733,2025-04-10T20:00:00,RANGE,VOL_COMPRESSION,RANGE -> VOL_COMPRESSION,2025-04-10T17:00:00,3,2025-04-10T17:00:00,3,3,1,97fd81d60a312f5c6d1a7ccb5814d0601085d9115f26518c2b074524f38dbc73
19ec386b9606c7082f3bda209e4c739f6d771c4054792cae46fa322a6060a40a,2754,63754,2025-04-11T17:00:00,VOL_COMPRESSION,TREND_UP,VOL_COMPRESSION -> TREND_UP,2025-04-10T20:00:00,21,2025-04-10T20:00:00,21,21,1,01defc109df12d313c2ed5969bb3c4f87ef09f2130c0ab809fbc820579fb111e
94e61607fc385b65ca827b5e00121dac471c377f2ca56740501783241c319d69,2755,63755,2025-04-11T18:00:00,TREND_UP,VOL_COMPRESSION,TREND_UP -> VOL_COMPRESSION,2025-04-11T17:00:00,1,2025-04-11T17:00:00,1,1,1,29a6bc0674915826b5c9729f00ac06ceb58bf990a826a07c3a3d2092bd937d21
41ef80f92485beaa4017d34f35994f252dccd37d0cd3d267d88a7b394d6ee741,2756,64716,2025-05-21T19:00:00,VOL_COMPRESSION,TREND_UP,VOL_COMPRESSION -> TREND_UP,2025-04-11T18:00:00,961,2025-04-11T18:00:00,961,961,1,6db7c3b764cb45d7ebfac6523cc51706a554bb959a8991ba5cdfb6773ba81fc8
ea86fbae35be3d5455a7e465a58cdc1b072c3eb73e523fcc754ce785b431df19,2757,64718,2025-05-21T21:00:00,TREND_UP,VOL_COMPRESSION,TREND_UP -> VOL_COMPRESSION,2025-05-21T19:00:00,2,2025-05-21T19:00:00,2,2,1,538350a971c6dc3d8ca733e549c4af21b610745195cd6610d6e65dda5209ef94
86fa8700efe95f183093f5bb7684ea4603180902d53815291360fe3c68ddfccd,2758,68125,2025-10-10T20:00:00,VOL_COMPRESSION,TREND_DOWN,VOL_COMPRESSION -> TREND_DOWN,2025-05-21T21:00:00,3407,2025-05-21T21:00:00,3407,3407,1,0caa43b8c859d2c5ff25dd1755b43535b767bfba54f765de1ee925f4977ffa0c
cfb788e28d4f70f09c4203fb05af3df4ccbb6d38bf953c02849e4e049c189574,2759,68140,2025-10-11T11:00:00,TREND_DOWN,VOL_COMPRESSION,TREND_DOWN -> VOL_COMPRESSION,2025-10-10T20:00:00,15,2025-10-10T20:00:00,15,15,1,c392c09de5e8eda8facaf0b94421b36f73fe77ac4181377947fc369e2696af3e
0b503c7905c035174c10c6eb6af2e2e2507589f4d51a27e1268815c063da352f,2760,68288,2025-10-17T15:00:00,VOL_COMPRESSION,TREND_DOWN,VOL_COMPRESSION -> TREND_DOWN,2025-10-11T11:00:00,148,2025-10-11T11:00:00,148,148,1,aff2208527b579439d5270b0dd1d4f68881fc0244129b75d4dd1473d48849192
5db2a2d0eb0912d3a2005a43bc8163c45513f6e68059b7567c463945fc46ad8d,2761,68290,2025-10-17T17:00:00,TREND_DOWN,VOL_COMPRESSION,TREND_DOWN -> VOL_COMPRESSION,2025-10-17T15:00:00,2,2025-10-17T15:00:00,2,2,1,1208a2b0689e33fa0702e9bc35d0ce2a4761c7c8589506a4a7a69c962bcf7d60
4a190b2767335c706d1a8c662b71dedc8f626a9301923f4aab506ac0d53153bd,2762,68391,2025-10-21T22:00:00,VOL_COMPRESSION,TREND_UP,VOL_COMPRESSION -> TREND_UP,2025-10-17T17:00:00,101,2025-10-17T17:00:00,101,101,1,42b57cb780f0ec663c99e6da6ac626e22e79a5377e60e7dd4ea3c29fe14e8c27
0336d5e4e5dbcc8afd8819ff8861a0fefbd390570f7472092b5bb4b55b3316f0,2763,68393,2025-10-22T00:00:00,TREND_UP,VOL_COMPRESSION,TREND_UP -> VOL_COMPRESSION,2025-10-21T22:00:00,2,2025-10-21T22:00:00,2,2,1,b3dc768f8c96e34dd8dc70478ac0e2e4d54305ff4d8021cc3a47618af478548f
e5999457723858d54a28c2bcb3d3eb80133b9ad8e2adccf29ade1a31cfd97efe,2764,68718,2025-11-04T18:00:00,VOL_COMPRESSION,TREND_DOWN,VOL_COMPRESSION -> TREND_DOWN,2025-10-22T00:00:00,325,2025-10-22T00:00:00,325,330,1,e4c5eb13c2c6b7eca4371e0257cdd7c9cf84e414d623c1615c0b8cf31bfdef7a
da73fe412fb7ce319128a6dd559b41e6bf385a16fd085c16872de0d92b53479d,2765,68729,2025-11-05T05:00:00,TREND_DOWN,VOL_COMPRESSION,TREND_DOWN -> VOL_COMPRESSION,2025-11-04T18:00:00,11,2025-11-04T18:00:00,11,11,1,9c03674412bbe65a6533c46273bfe1b0252241ac74b32683b5e69b866c31400a
ab81bbcc8d00481b728149d338cfc555b6ec45879878ff9f0615a15a82da9a80,2766,68944,2025-11-14T04:00:00,VOL_COMPRESSION,TREND_DOWN,VOL_COMPRESSION -> TREND_DOWN,2025-11-05T05:00:00,215,2025-11-05T05:00:00,215,215,1,cee5c424e68ffa962396186426be6f0bd408907feb207cf8560f07dc7a394852
387b7134b71f2629f4d63784f97d8fb7cef0bb7fd300b272d6bd1a9c980d90a4,2767,68945,2025-11-14T05:00:00,TREND_DOWN,VOL_COMPRESSION,TREND_DOWN -> VOL_COMPRESSION,2025-11-14T04:00:00,1,2025-11-14T04:00:00,1,1,1,ebab930ecad33505250b7c6352ecd41fc6007fc122217b87020ce850fd7075c7
af9043e22ac92736281a89fc02f485256464e5b35ab67b7e7008ace701b13e6c,2768,68946,2025-11-14T06:00:00,VOL_COMPRESSION,TREND_DOWN,VOL_COMPRESSION -> TREND_DOWN,2025-11-14T05:00:00,1,2025-11-14T05:00:00,1,1,1,d16db77eb741cf5e074ee9f6534c20da6b197dec8c913ed39d28d4dc07b82d6a
a6da1a008fdf18b902ee284df53d6affb377ed074f454db86c78aa596d903dc0,2769,68948,2025-11-14T08:00:00,TREND_DOWN,VOL_COMPRESSION,TREND_DOWN -> VOL_COMPRESSION,2025-11-14T06:00:00,2,2025-11-14T06:00:00,2,2,1,b82fac72d2887805aae520c07046f83d5b07641932588e45ffd0aa1f869b12f3
4b53687eb3fb48f9fd368db88242540110769138a0999534083d2b3aaee357ef,2770,68954,2025-11-14T14:00:00,VOL_COMPRESSION,TREND_DOWN,VOL_COMPRESSION -> TREND_DOWN,2025-11-14T08:00:00,6,2025-11-14T08:00:00,6,6,1,7c1b6140a42fc460cd9a73c1b900ba31699c971a4bb82c074fd3d6f48cf48a49
3d6d58ac3097ff45f3a9abfb50cb43c82cbca515bb6136c4b9bc6e4ae64006b1,2771,68967,2025-11-15T03:00:00,TREND_DOWN,VOL_COMPRESSION,TREND_DOWN -> VOL_COMPRESSION,2025-11-14T14:00:00,13,2025-11-14T14:00:00,13,13,1,a09b051cf7a1a9d1d2343580d57d0852ec2decf32b33edb84825af790028d347
ee780776b99d4f7242b55e64de9dba44f87bb546906516b80b4d123ca08d8afd,2772,69029,2025-11-17T17:00:00,VOL_COMPRESSION,TREND_DOWN,VOL_COMPRESSION -> TREND_DOWN,2025-11-15T03:00:00,62,2025-11-15T03:00:00,62,62,1,d835cd4cb32a272662c53d45c6ae3c798d858361820b042014daeaf0eabeafde
46e29fb1b628f73d1305bf120c76bac3754eb708834f92665d9707eaede30f26,2773,69030,2025-11-17T18:00:00,TREND_DOWN,VOL_COMPRESSION,TREND_DOWN -> VOL_COMPRESSION,2025-11-17T17:00:00,1,2025-11-17T17:00:00,1,1,1,70cee492476a0752645ffeaf6aeef3f836473e290aac052f9c3854d250f28f76
7104957ce7496995124930f15e8d7ebb375a7dc530c29121a4db2c29b2618788,2774,69031,2025-11-17T19:00:00,VOL_COMPRESSION,TREND_DOWN,VOL_COMPRESSION -> TREND_DOWN,2025-11-17T18:00:00,1,2025-11-17T18:00:00,1,1,1,d14a54332e8599bcb6ef8567e0c5cd1ae8c813e7c8f5d3e001d8bd68dc4745c8
78e919186579ed55ed13af7c29050e2ed47cb709dcf5405aa8d9c18b05fc484c,2775,69032,2025-11-17T20:00:00,TREND_DOWN,VOL_COMPRESSION,TREND_DOWN -> VOL_COMPRESSION,2025-11-17T19:00:00,1,2025-11-17T19:00:00,1,1,1,b8e5597df9b81e7f48eeda3c17ff0931d7f920e1ee980461a249ad49a7e5bc80
3c8616ba986d91cdc0c4913c5d128872e036a8dd345ffe182d09451f44d5b839,2776,69100,2025-11-20T16:00:00,VOL_COMPRESSION,TREND_DOWN,VOL_COMPRESSION -> TREND_DOWN,2025-11-17T20:00:00,68,2025-11-17T20:00:00,68,68,1,5abc98a0ebaaa431628cf94ff56c365032cca4773cc681a3f788278ccf260593
e5783a2ea31a3d942d352f98f803c9b8b5c2ce7fd0c2b363c9c7ccfe555594b8,2777,69113,2025-11-21T05:00:00,TREND_DOWN,VOL_COMPRESSION,TREND_DOWN -> VOL_COMPRESSION,2025-11-20T16:00:00,13,2025-11-20T16:00:00,13,13,1,41f8777146b76e553eddf7d5d5b5e504139936d997bf56c0b344bfdca50c5769
757ce83ddc12d8029ba69975662e7bc7ed4417733097c20301e79c465969b2c4,2778,69115,2025-11-21T07:00:00,VOL_COMPRESSION,TREND_DOWN,VOL_COMPRESSION -> TREND_DOWN,2025-11-21T05:00:00,2,2025-11-21T05:00:00,2,2,1,b72f3bd1f53b07e0ad23fc47fb6fa8c2c4bc1bd400eb98797b2d03e386b6e847
52ddad3531a73652ceef4541d07c5f67d4a6bf928eb8c01fedcfb928f987bd32,2779,69137,2025-11-22T05:00:00,TREND_DOWN,VOL_COMPRESSION,TREND_DOWN -> VOL_COMPRESSION,2025-11-21T07:00:00,22,2025-11-21T07:00:00,22,22,1,2fb9719bbd7d3b9271cf9597d64bc11082aab8531b8f1c253a745e00f20b8569
15767bd321cdba2244d898df28efa1a699221d9e325dc6622d6cdf28f920fe79,2780,69460,2025-12-05T16:00:00,VOL_COMPRESSION,TREND_DOWN,VOL_COMPRESSION -> TREND_DOWN,2025-11-22T05:00:00,323,2025-11-22T05:00:00,323,323,1,d80cadf70c2f8deb70216dc560276847328370b54542adfdc51854c9c7ca41e5
c24cd79e3674bbc8af2254099368ec7c74ea1216cdb975e86d9917fbbde9b069,2781,69464,2025-12-05T20:00:00,TREND_DOWN,VOL_COMPRESSION,TREND_DOWN -> VOL_COMPRESSION,2025-12-05T16:00:00,4,2025-12-05T16:00:00,4,4,1,2d5fe2686b7a8c4789b4751c60644280207cb863659a8e867fb2654f2be7ec9f
11c000ac44648b7d449c79c6be658dbc33398f85d2b70e5e619e1b636baff8b7,2782,69747,2025-12-17T15:00:00,VOL_COMPRESSION,RANGE,VOL_COMPRESSION -> RANGE,2025-12-05T20:00:00,283,2025-12-05T20:00:00,283,283,1,b8bc916c914022de5dfa0fdc7d2b2d5fb80cac5f64a3fc1a761ba2c466d20ea0
446c1271a8ea71703c9fcee026b512f92403385e7f2f884a6740697cf34f1179,2783,69750,2025-12-17T18:00:00,RANGE,TREND_DOWN,RANGE -> TREND_DOWN,2025-12-17T15:00:00,3,2025-12-17T15:00:00,3,3,1,d4bc0bd2b4269bd412e1a78d5f1d5dac1c06ba139e1fc49ae4aa9f28e4d89d44
602e84d50c33697e966ea2c871d3bab2d10d5092c9458383472033750b6c0f13,2784,69753,2025-12-17T21:00:00,TREND_DOWN,VOL_COMPRESSION,TREND_DOWN -> VOL_COMPRESSION,2025-12-17T18:00:00,3,2025-12-17T18:00:00,3,3,1,2343d9532b57d3d87ab4935a088bb6567a99abd6b4ef2ff38faf285900e4a7c4
1668aba5b8189b14109592819d3b5c4eb835810bf4fb31c397a894fb3a02f4fd,2785,69773,2025-12-18T17:00:00,VOL_COMPRESSION,TREND_UP,VOL_COMPRESSION -> TREND_UP,2025-12-17T21:00:00,20,2025-12-17T21:00:00,20,20,1,669737aa2d500a6f4417a05c5de43f54a38bd1d34a1c4aaba4463b9daf593cfc
71ccc1d692741fef340c2b112683cee7130566d2ac9e4807e747c04d77578891,2786,69774,2025-12-18T18:00:00,TREND_UP,RANGE,TREND_UP -> RANGE,2025-12-18T17:00:00,1,2025-12-18T17:00:00,1,1,1,ffcbd7cf4f502bec65a66e5311a81bb264b785b0a4a79b4133a68ba191f65195
489cb6dca1e613b314bdca09b1d085ec2c6b266a0ac1f45cc315378f191c0650,2787,69775,2025-12-18T19:00:00,RANGE,TREND_DOWN,RANGE -> TREND_DOWN,2025-12-18T18:00:00,1,2025-12-18T18:00:00,1,1,1,228e9d1492d75466f1254318776889e1ca2c5d6192108ddd5692a82c137652d8
d4ea4f152ddfd7fd2c8e96a902c6adf9fc5dfc036e6e11f2b1731d3a82092015,2788,69779,2025-12-18T23:00:00,TREND_DOWN,VOL_COMPRESSION,TREND_DOWN -> VOL_COMPRESSION,2025-12-18T19:00:00,4,2025-12-18T19:00:00,4,4,1,aa909394e4d43320fade160db85f91694b94aebbfc3f725071e8d7678b5b9fcd
