date,asset,target,label_end,zero,past_mean,ridge1,ridge100,gbm2,gbm3,mlp16,mlp32,sequence16,sequence32,selected,selected_candidate
2018-01-05 00:00:00+00:00,GLD,0.011182121086294128,2018-01-16 00:00:00+00:00,0.0,0.0005547348358861711,-0.001867784782080226,-0.0015743885672343696,0.008961893939336194,0.009586114448192731,0.0003245892466177397,0.00352861422657908,-0.007346456479879808,-0.011955582278257403,0.008961893939336194,gbm2
2018-01-05 00:00:00+00:00,QQQ,0.022603864159129516,2018-01-16 00:00:00+00:00,0.0,0.0032434716318735764,0.0014826562512686168,0.0010999228621422755,-0.0024123880559204646,-0.0009913344824044315,-0.0005148246390565775,-0.00902617270162704,-0.0009126923721485536,-0.0019159402632709327,-0.0024123880559204646,gbm2
2018-01-05 00:00:00+00:00,SPY,0.022099609450416446,2018-01-16 00:00:00+00:00,0.0,0.002351201089459955,0.0014884516513109952,0.0010247094374207031,0.002727108631745077,0.003471098487482681,0.0005909330941366403,0.0025339223078798255,0.003961912225756296,0.006998762382981463,0.002727108631745077,gbm2
2018-01-12 00:00:00+00:00,GLD,-0.0005529201869503009,2018-01-23 00:00:00+00:00,0.0,0.0005547348358861711,-0.0015409455142027615,-0.0014014614695219382,0.003221136086025965,0.003324037337311124,-0.006360512760343841,-0.008592736277414427,-0.0168610334536076,-0.007492919788450971,0.003221136086025965,gbm2
2018-01-12 00:00:00+00:00,QQQ,0.018480713825732353,2018-01-23 00:00:00+00:00,0.0,0.0032434716318735764,0.0016023296930589073,0.0011853407050910908,-0.0016487330516936148,-0.00215728150431497,-0.005778693868325073,-0.00948136440299809,0.0009478196291340946,-0.025352376005923164,-0.0016487330516936148,gbm2
2018-01-12 00:00:00+00:00,SPY,0.012135297171326664,2018-01-23 00:00:00+00:00,0.0,0.002351201089459955,0.0014123438748552292,0.0008669565232777752,0.00310382983287887,0.0025112086892902594,-4.9096602089850896e-05,-0.0017387006877787891,0.0062946229875595235,-0.011661956465691221,0.00310382983287887,gbm2
2018-01-19 00:00:00+00:00,GLD,0.008457826865515106,2018-01-29 00:00:00+00:00,0.0,0.0005547348358861711,-0.0014601091717165579,-0.0013304134564725931,0.006163485145095774,0.007112133422701787,-0.0062985868642903035,-0.0056471557104963675,-0.016679809366579423,-0.012344182218456306,0.006163485145095774,gbm2
2018-01-19 00:00:00+00:00,QQQ,0.025800027219096355,2018-01-29 00:00:00+00:00,0.0,0.0032434716318735764,0.0013242723232316277,0.000889489186302663,-0.0016487330516936148,-0.00197584256428191,-0.0054279577003153575,-0.008627640128430307,0.00032281635972732813,-0.013718557667190554,-0.0016487330516936148,gbm2
2018-01-19 00:00:00+00:00,SPY,0.020558700475001634,2018-01-29 00:00:00+00:00,0.0,0.002351201089459955,0.001311655203588521,0.0007284925765908476,0.00310382983287887,0.0031153235716212292,-0.0005697292834687295,-0.0040227836693954,-3.608263013231694e-05,0.01013291597773232,0.00310382983287887,gbm2
2018-01-26 00:00:00+00:00,GLD,-0.005957063217767233,2018-02-05 00:00:00+00:00,0.0,0.0005547348358861711,-0.002270135449264976,-0.002173089080935243,0.005588555882065516,0.005110970369363515,-0.006120924271598946,-0.0029410074939804297,0.0015116703694578253,0.0023679763629610344,0.005588555882065516,gbm2
2018-01-26 00:00:00+00:00,QQQ,-0.04397010111632982,2018-02-05 00:00:00+00:00,0.0,0.0032434716318735764,0.002839845406593594,0.0020050167711669234,-0.0024123880559204646,-0.0018574759581315786,-0.0042652973282611,-0.012050344226799117,-0.0022531380084837736,-0.00015378917607991095,-0.0024123880559204646,gbm2
2018-01-26 00:00:00+00:00,SPY,-0.04364697871849743,2018-02-05 00:00:00+00:00,0.0,0.002351201089459955,0.002178215749920593,0.0013596568537881646,0.0023401748286520203,0.002229069757947705,-0.0018241709849610005,-0.004679092727214896,0.006078290434410914,-0.0016888969381633574,0.0023401748286520203,gbm2
2018-02-02 00:00:00+00:00,GLD,-0.01285284069815773,2018-02-12 00:00:00+00:00,0.0,0.0005547348358861711,-0.002038161591017815,-0.001808652621676273,-0.001739825334030184,-0.0023107565676148147,-0.0021249948004050884,-0.0049488363991492985,0.006696503644894308,0.008984395662213616,-0.001739825334030184,gbm2
2018-02-02 00:00:00+00:00,QQQ,-0.03293088056559623,2018-02-12 00:00:00+00:00,0.0,0.0032434716318735764,0.005409326410684254,0.004701180202256071,0.002932933350935672,0.0026849128417865535,0.011628208888903315,0.02015679498992176,0.021621952445101233,0.019251262279284007,0.002932933350935672,gbm2
2018-02-02 00:00:00+00:00,SPY,-0.03518004610841485,2018-02-12 00:00:00+00:00,0.0,0.002351201089459955,0.005079960416688246,0.004319802901825297,0.008737424608981957,0.009827702527377788,0.015304950139592821,0.025668663901887028,0.007702942723096054,0.012141006459310488,0.008737424608981957,gbm2
2018-02-09 00:00:00+00:00,GLD,0.016694594593277046,2018-02-20 00:00:00+00:00,0.0,0.0005547348358861711,-0.0009979866295526493,-0.0008298423636545685,-0.0009754351236867911,-0.0014120563432280934,-0.0007183546235327376,-0.005814150642840118,0.00892672192942549,-0.0070814502511057234,-0.0009754351236867911,gbm2
2018-02-09 00:00:00+00:00,QQQ,0.04235878812300253,2018-02-20 00:00:00+00:00,0.0,0.0032434716318735764,0.009580834323569326,0.008908468081273477,0.005510082442432829,0.0048928687020451354,0.017705818069533544,0.016433151240580608,0.002443408918714307,0.006000261047943518,0.005510082442432829,gbm2
2018-02-09 00:00:00+00:00,SPY,0.031080479379886672,2018-02-20 00:00:00+00:00,0.0,0.002351201089459955,0.009014424640965073,0.008273299863616492,0.005486497682321159,0.005477418927985026,0.01983544487972431,-0.0017314277135289412,-0.007134892700074593,-0.028638847683944063,0.005486497682321159,gbm2
2018-02-16 00:00:00+00:00,GLD,-0.009585176244529925,2018-02-27 00:00:00+00:00,0.0,0.0005547348358861711,-0.003165190640807709,-0.002861162676600837,-0.00046615729232487376,-0.0014595030017336148,0.003091147399839674,0.004429485219334799,0.0009166700684998663,0.011513480775323395,-0.00046615729232487376,gbm2
2018-02-16 00:00:00+00:00,QQQ,0.03692657646224973,2018-02-27 00:00:00+00:00,0.0,0.0032434716318735764,0.004040127317906888,0.0035992975933824734,-0.0005967745643432769,0.00012440185975397792,7.755056529784365e-05,0.007071241054013735,0.0009314577362121268,0.009279630020825819,-0.0005967745643432769,gbm2
2018-02-16 00:00:00+00:00,SPY,0.022350563026704906,2018-02-27 00:00:00+00:00,0.0,0.002351201089459955,0.005268161829712807,0.004714322058580515,0.0011932557115332957,0.002814637976569947,0.0048573240340621495,0.0012714454928001617,-0.0006563233876682872,-0.024881036286695978,0.0011932557115332957,gbm2
2018-02-23 00:00:00+00:00,GLD,-0.008699078692515516,2018-03-05 00:00:00+00:00,0.0,0.0005547348358861711,-0.002264551652560377,-0.0018992952560158314,-0.0019769498765033248,-0.0011153533435895495,0.0019217831564621029,-0.0002772429299275647,0.010083124286221332,0.014378696597518382,-0.0019769498765033248,gbm2
2018-02-23 00:00:00+00:00,QQQ,-0.02219445963190525,2018-03-05 00:00:00+00:00,0.0,0.0032434716318735764,0.002957309433142519,0.0027671532123530605,-0.004252122101599829,-0.00292250389065737,-0.005502006088120583,-0.00966293941965968,0.01121136788476524,0.019770124954036183,-0.004252122101599829,gbm2
2018-02-23 00:00:00+00:00,SPY,-0.029717831223368796,2018-03-05 00:00:00+00:00,0.0,0.002351201089459955,0.0047455143699495685,0.004351555728929989,0.0010547621482910972,0.004785659041899039,0.005664990369362715,-0.0043485494279774705,0.01868244195402438,0.019099920337527405,0.0010547621482910972,gbm2
2018-03-02 00:00:00+00:00,GLD,-0.002473055942300184,2018-03-12 00:00:00+00:00,0.0,0.0005547348358861711,-0.0026406845228974683,-0.002310114581080712,-0.002322108012478791,-0.0017409512714669556,0.0028506014797222146,0.0028737306093228597,0.001587443632682816,-0.002823517511502453,-0.002322108012478791,gbm2
2018-03-02 00:00:00+00:00,QQQ,0.05120755068042637,2018-03-12 00:00:00+00:00,0.0,0.0032434716318735764,0.0035999415885573636,0.003420382234855962,0.0012096714526015817,0.0017281318345354726,0.0005917865598283395,-0.013729329608515521,0.013991771162518422,0.04388664617797792,0.0012096714526015817,gbm2
2018-03-02 00:00:00+00:00,SPY,0.042841641923399676,2018-03-12 00:00:00+00:00,0.0,0.002351201089459955,0.007167697725360407,0.006710463966007048,0.0053432107780963,0.0053385892766716556,0.01111495353382045,-0.010349283605326847,0.02153359696669634,0.06428625637010209,0.0053432107780963,gbm2
2018-03-09 00:00:00+00:00,GLD,-0.0037588069198802865,2018-03-19 00:00:00+00:00,0.0,0.0005547348358861711,-0.003176462028979019,-0.002982806065471505,-0.0010220159591163799,-0.003898841849783986,-0.0023296252737966313,-0.0021898173889528054,-0.00933039709040006,0.007752494631564342,-0.0010220159591163799,gbm2
2018-03-09 00:00:00+00:00,QQQ,-0.02473467592077261,2018-03-19 00:00:00+00:00,0.0,0.0032434716318735764,0.0033302682497865998,0.0025675858851478216,0.0011844463684211803,-0.002182605061313178,-2.703002914035524e-05,-0.002277152506227684,0.016924603231089512,-0.009180285413474255,0.0011844463684211803,gbm2
2018-03-09 00:00:00+00:00,SPY,-0.0170312279821484,2018-03-19 00:00:00+00:00,0.0,0.002351201089459955,0.005689104460450011,0.004853888998179733,0.005010135885705627,0.005983958893333247,0.009532034897915478,0.004660051595877159,0.019860028918607563,-0.0046738910910656935,0.005010135885705627,gbm2
2018-03-16 00:00:00+00:00,GLD,0.027936127201244387,2018-03-26 00:00:00+00:00,0.0,0.0005547348358861711,-0.0035563447152805096,-0.003233282013980443,-0.000562693651547337,0.004119308802504118,0.002723360284616345,0.0009542168950154817,-0.011847550849550756,-0.02177019149729168,-0.000562693651547337,gbm2
2018-03-16 00:00:00+00:00,QQQ,-0.04364275378396998,2018-03-26 00:00:00+00:00,0.0,0.0032434716318735764,0.0025112352625686384,0.002200613348078159,0.0018461230392020779,-0.0005152275879058578,0.0030635746919084905,0.010846066218537795,0.011166042974386059,0.004575915461134748,0.0018461230392020779,gbm2
2018-03-16 00:00:00+00:00,SPY,-0.041046611638161035,2018-03-26 00:00:00+00:00,0.0,0.002351201089459955,0.00457259835722105,0.004120316688389204,0.007879389870450941,0.006890409061358568,0.014811543053078411,0.02290091454796288,0.0073752299366598205,-0.004851946766826289,0.007879389870450941,gbm2
2018-03-23 00:00:00+00:00,GLD,-0.011792285046804185,2018-04-03 00:00:00+00:00,0.0,0.0005547348358861711,-0.004092595647196586,-0.0037709961070815402,-0.00265203843363045,-0.004247031788810476,0.0005785442891910503,0.0060901087300233425,-0.00249947442371961,0.01834510896377944,-0.00265203843363045,gbm2
2018-03-23 00:00:00+00:00,QQQ,-0.02999045645703513,2018-04-03 00:00:00+00:00,0.0,0.0032434716318735764,0.008176356145233734,0.007769069904187373,0.011110596650163482,0.012782288142132009,0.022008613487727605,0.03278027294125505,-0.006087960351287272,-0.04378162394263361,0.011110596650163482,gbm2
2018-03-23 00:00:00+00:00,SPY,-0.0124363004767708,2018-04-03 00:00:00+00:00,0.0,0.002351201089459955,0.008952354267512942,0.008362380518288803,0.010428315429014075,0.016952713930680364,0.024104191142766802,0.025685735406648397,-0.0010588898686339,-0.027595238921608756,0.010428315429014075,gbm2
2018-03-29 00:00:00+00:00,GLD,-0.0015791912769604899,2018-04-09 00:00:00+00:00,0.0,0.0005547348358861711,-0.0012447089376477947,-0.0010275347897774863,-0.00027428149189748127,-0.0025819058227450576,-0.000195557181145532,-0.001094974792646064,-0.0006599439275996489,-0.007794774415024875,-0.00027428149189748127,gbm2
2018-03-29 00:00:00+00:00,QQQ,-0.006352804172410242,2018-04-09 00:00:00+00:00,0.0,0.0032434716318735764,0.008577360713583547,0.008054309223629288,0.005563274595813044,0.002705094648834838,0.01294489694619954,0.020037143058056105,0.026279016897764088,0.027517254230888962,0.005563274595813044,gbm2
2018-03-29 00:00:00+00:00,SPY,-0.004494456572837646,2018-04-09 00:00:00+00:00,0.0,0.002351201089459955,0.00818876211991173,0.007483620648228353,0.007931882368793896,0.012130896970784953,0.013786636978969861,0.032420481281941645,0.017333917069454446,0.029577047217348947,0.007931882368793896,gbm2
2018-04-06 00:00:00+00:00,GLD,0.0102016682219086,2018-04-16 00:00:00+00:00,0.0,0.0005547348358861711,-0.0015511935001995389,-0.001258365834405739,-0.0012757962447140143,-0.0013556866367234579,0.0003412917530137749,0.0067262971475152275,-0.0008145171801518325,0.009224469887201141,-0.0012757962447140143,gbm2
2018-04-06 00:00:00+00:00,QQQ,0.028611282626097356,2018-04-16 00:00:00+00:00,0.0,0.0032434716318735764,0.009865045434838755,0.009461020296512499,0.007270579339361977,0.010322432818638639,0.012577412050086173,0.02065645400395403,0.0008034624301673476,0.0035005108644594277,0.007270579339361977,gbm2
2018-04-06 00:00:00+00:00,SPY,0.02154015604582482,2018-04-16 00:00:00+00:00,0.0,0.002351201089459955,0.009244847541343346,0.00865439351812627,0.010472296540433237,0.016165702410614304,0.015213135706181491,0.027322994342691694,-0.003944086388287147,0.013774906457783802,0.010472296540433237,gbm2
2018-04-13 00:00:00+00:00,GLD,-0.01659617310662853,2018-04-23 00:00:00+00:00,0.0,0.0005547348358861711,-0.0014289826151450149,-0.0011135114315143498,-0.0007195342701305652,-0.0013510615772512348,0.0015750197088718677,0.013340063731894568,-0.00511075920068039,0.0027344645423501173,-0.0007195342701305652,gbm2
2018-04-13 00:00:00+00:00,QQQ,0.003631015749791411,2018-04-23 00:00:00+00:00,0.0,0.0032434716318735764,0.007856700789738876,0.007591602324700457,0.005937177111677117,0.008878515967868587,0.006113089720747842,0.002567004956077803,0.004412344716994552,0.013508226193242386,0.005937177111677117,gbm2
2018-04-13 00:00:00+00:00,SPY,0.0009738199238551459,2018-04-23 00:00:00+00:00,0.0,0.002351201089459955,0.008518452795331193,0.00801430673044923,0.010576340274072256,0.012149692489155192,0.010689417573764935,0.008724213492791488,0.008625774276430933,0.018632118356579887,0.010576340274072256,gbm2
2018-04-20 00:00:00+00:00,GLD,-0.009632216669455462,2018-04-30 00:00:00+00:00,0.0,0.0005547348358861711,-0.00046938866306122236,-4.295165162928188e-05,-0.002632163293381089,-0.0010732804622746036,0.0018031446271580315,0.009165683629996028,0.006099605730380439,0.004596647766581245,-0.002632163293381089,gbm2
2018-04-20 00:00:00+00:00,QQQ,-0.003801648521844836,2018-04-30 00:00:00+00:00,0.0,0.0032434716318735764,0.009619353191391351,0.009166499586813813,0.0031841233207140023,0.0028302423066139805,0.01219272107646741,-0.007914585700311097,0.04520337362793131,-0.008699501660970419,0.0031841233207140023,gbm2
2018-04-20 00:00:00+00:00,SPY,1.4644298773625053e-07,2018-04-30 00:00:00+00:00,0.0,0.002351201089459955,0.009470516646924549,0.008813780815472962,0.009315405690946668,0.01269186041040431,0.01568663360906527,0.019501282570949206,0.01955853738340307,0.012212052385313215,0.009315405690946668,gbm2
2018-04-27 00:00:00+00:00,GLD,0.0007233850594126068,2018-05-07 00:00:00+00:00,0.0,0.0005547348358861711,-0.0004999875435352471,-0.00011060937282388966,-0.001771438821207832,-0.0025516963743761963,-1.378813857698058e-05,0.0026588574851828407,0.0016651397284786723,-0.014719271662739333,-0.001771438821207832,gbm2
2018-04-27 00:00:00+00:00,QQQ,0.019511124702013882,2018-05-07 00:00:00+00:00,0.0,0.0032434716318735764,0.00987083943811465,0.00938673107664298,0.0031841233207140023,0.0028302423066139805,0.018629968614937004,0.007970699797424034,-0.006010630819908571,0.047039350404747146,0.0031841233207140023,gbm2
2018-04-27 00:00:00+00:00,SPY,-0.0013842894229816327,2018-05-07 00:00:00+00:00,0.0,0.002351201089459955,0.007781740478474444,0.0074512567396135074,0.007931882368793896,0.013528061689586599,0.01580672070574049,0.020655422488993134,-0.004726021370862001,0.019523861714167322,0.007931882368793896,gbm2
2018-05-04 00:00:00+00:00,GLD,0.005301234233810348,2018-05-14 00:00:00+00:00,0.0,0.0005547348358861711,-0.0010537406447008843,-0.0006736566692302096,-0.0007686235503547509,-0.00019825170282233254,4.8293611665900514e-06,0.0014728857296183318,0.00511280697794159,-0.003858681851001239,-0.0007686235503547509,gbm2
2018-05-04 00:00:00+00:00,QQQ,0.02541669662150481,2018-05-14 00:00:00+00:00,0.0,0.0032434716318735764,0.006562575609149273,0.005987239172082591,0.01230134632363462,0.01149237968148692,0.010513120856675426,0.003807207227883346,0.013032589525130138,0.016096603665455008,0.01230134632363462,gbm2
2018-05-04 00:00:00+00:00,SPY,0.02416723443867763,2018-05-14 00:00:00+00:00,0.0,0.002351201089459955,0.005249899657230234,0.0049736561698818585,0.003445095271224841,0.008846877145829452,0.012334893144492607,0.023931700864218825,0.006512647821308384,0.010190174351138705,0.003445095271224841,gbm2
2018-05-11 00:00:00+00:00,GLD,-0.023969318570004283,2018-05-21 00:00:00+00:00,0.0,0.0005547348358861711,-0.0013678140003117686,-0.0009563182661973565,0.0005233890875954482,-0.001236627673449299,0.0060565984812176255,0.006869981167061512,0.0005067752483660137,-0.005664348647290569,0.0005233890875954482,gbm2
2018-05-11 00:00:00+00:00,QQQ,-0.006417450590804341,2018-05-21 00:00:00+00:00,0.0,0.0032434716318735764,0.004028057474945886,0.0037140827250738296,0.007050409228519647,0.003742856634405596,0.0013237923913114187,-0.00029440880414040917,0.004865619654386213,-0.006270141409407301,0.007050409228519647,gbm2
2018-05-11 00:00:00+00:00,SPY,-0.0012075763635785997,2018-05-21 00:00:00+00:00,0.0,0.002351201089459955,0.0034751733239156094,0.0033855344232537245,0.0009725357090572837,0.0007670179552703337,0.004504692717583526,0.003279057889153436,-0.005304441980664046,0.0024051234506180146,0.0009725357090572837,gbm2
2018-05-18 00:00:00+00:00,GLD,0.00556641008019354,2018-05-29 00:00:00+00:00,0.0,0.0005547348358861711,-5.4371908733275855e-05,0.00025561224699616967,-6.048275907272681e-05,0.004352808213659196,0.003258545429153847,0.0045643677740243895,0.014105403558906276,0.006207454779742713,-6.048275907272681e-05,gbm2
2018-05-18 00:00:00+00:00,QQQ,0.0011257989848156846,2018-05-29 00:00:00+00:00,0.0,0.0032434716318735764,0.0049120310589900506,0.004659455444423314,0.01061872872389694,0.009404665890312455,0.009450134264133847,0.011393187356271851,0.015136513075747203,0.00032992006451494193,0.01061872872389694,gbm2
2018-05-18 00:00:00+00:00,SPY,-0.009889410187331693,2018-05-29 00:00:00+00:00,0.0,0.002351201089459955,0.0036489117206106527,0.0036201644217334385,0.0025021036313113434,0.0019610317133787747,0.008396177769856844,0.011918050857425819,0.0020394588052332187,0.004778079718292759,0.0025021036313113434,gbm2
2018-05-25 00:00:00+00:00,GLD,-0.0023607399444652843,2018-06-05 00:00:00+00:00,0.0,0.0005547348358861711,-0.0006406480302144809,-0.00037562656995219297,3.958751346807147e-05,-0.0011225210960654896,0.005463145406425234,0.006655499548134863,0.00861376541590169,-0.001910932449613611,3.958751346807147e-05,gbm2
2018-05-25 00:00:00+00:00,QQQ,0.03409323229331829,2018-06-05 00:00:00+00:00,0.0,0.0032434716318735764,0.003179745476354372,0.002961197943688977,0.006972135900606701,0.0059395751420195445,-0.000380862719224131,-0.0053078058472195025,0.000579336982181401,0.00608935272708941,0.006972135900606701,gbm2
2018-05-25 00:00:00+00:00,SPY,0.017534824705838892,2018-06-05 00:00:00+00:00,0.0,0.002351201089459955,0.0025604258689467287,0.002526418525731553,-0.0017847578867331113,-2.7416240056889406e-05,0.002181432192239258,0.0022250511613446976,-0.0016061303348673828,-0.010802700452345404,-0.0017847578867331113,gbm2
2018-06-01 00:00:00+00:00,GLD,0.0020350020602781793,2018-06-11 00:00:00+00:00,0.0,0.0005547348358861711,0.0003146202586579236,0.0005052153997004497,-0.0007686235503547509,-0.000391643169803578,0.00128581544635541,0.001642261369713871,-0.009889584685547482,-0.018760736736491576,-0.0007686235503547509,gbm2
2018-06-01 00:00:00+00:00,QQQ,0.006525462391359982,2018-06-11 00:00:00+00:00,0.0,0.0032434716318735764,0.002800965346637503,0.0026662891844967396,0.0032123551777756797,0.0013777839545726128,-0.0016112187149577544,-0.009456457391920354,-0.0011831792689519683,0.0037242225117450328,0.0032123551777756797,gbm2
2018-06-01 00:00:00+00:00,SPY,0.014242461083757263,2018-06-11 00:00:00+00:00,0.0,0.002351201089459955,0.0034551268097899246,0.0033701280556044733,-0.0011740221131576892,0.0005789674873344874,0.003762106581859709,0.006216600625419105,0.011258008804511338,-0.012560210851618108,-0.0011740221131576892,gbm2
2018-06-08 00:00:00+00:00,GLD,-0.014216084660373829,2018-06-18 00:00:00+00:00,0.0,0.0005547348358861711,-0.0006826824090903091,-0.00045114020590583085,3.958751346807147e-05,-0.0013844035413579179,0.0057703160320217006,0.0048077973875920565,0.004415131559732249,-0.004377023100776739,3.958751346807147e-05,gbm2
2018-06-08 00:00:00+00:00,QQQ,0.00892422989769126,2018-06-18 00:00:00+00:00,0.0,0.0032434716318735764,0.0023790973587976007,0.002426659328119103,-0.00013101129947499203,-0.0008644098153093651,-0.0025071619051704537,-0.011096919117610755,-0.006278385257694981,-0.008993529195854588,-0.00013101129947499203,gbm2
2018-06-08 00:00:00+00:00,SPY,-0.006152055076233176,2018-06-18 00:00:00+00:00,0.0,0.002351201089459955,0.001118703439333051,0.0012980087806067667,0.0021693443640929825,0.0032923180585773264,-0.0037356844965531115,-0.006143735501539241,-0.01017543013585652,-0.009160492571892088,0.0021693443640929825,gbm2
2018-06-15 00:00:00+00:00,GLD,-0.011124833053945182,2018-06-25 00:00:00+00:00,0.0,0.0005547348358861711,0.0019422158825145091,0.0019985381242323226,-0.0006615661183212387,-0.0002079540015047386,-0.0012039749961990126,-0.007004117562262932,0.0027521589772365705,0.002542228554731019,-0.0006615661183212387,gbm2
2018-06-15 00:00:00+00:00,QQQ,-0.010029241533190847,2018-06-25 00:00:00+00:00,0.0,0.0032434716318735764,0.0016331787878908898,0.0015716778190516117,0.00013512952838597,-0.003026891893388359,-0.006803605829767447,-0.02068880545882155,-0.0025538429078584657,-0.003714516676964969,0.00013512952838597,gbm2
2018-06-15 00:00:00+00:00,SPY,-0.007441052008008819,2018-06-25 00:00:00+00:00,0.0,0.002351201089459955,0.00095218277187929,0.0011366305371598338,-0.0011740221131576892,-0.00044990143800466493,-0.002817432474085842,-0.0038004582698670437,-0.00911551183156938,0.0008438713384017665,-0.0011740221131576892,gbm2
2018-06-22 00:00:00+00:00,GLD,-0.015166664123535178,2018-07-02 00:00:00+00:00,0.0,0.0005547348358861711,0.0010106832988383357,0.0010510121378478337,0.0011628099227748887,0.0024616486870254906,0.006457529154675967,0.001508119105550627,-0.004543515647922974,0.018750571058172554,0.0011628099227748887,gbm2
2018-06-22 00:00:00+00:00,QQQ,-0.021239757838211082,2018-07-02 00:00:00+00:00,0.0,0.0032434716318735764,0.0003496037289494111,0.0002669672132764991,-7.01242509884358e-05,-0.0014701997908468153,-0.005797218426108117,-0.00042979370447305155,0.01124774615163854,0.008439867687792129,-7.01242509884358e-05,gbm2
2018-06-22 00:00:00+00:00,SPY,-0.014372407525383823,2018-07-02 00:00:00+00:00,0.0,0.002351201089459955,0.0006867517225727273,0.0008119761593146454,0.0006272287510226858,-0.0002920843268172028,-0.0008346511555395592,0.0023757926269944783,0.009475561653172246,0.0218113364147094,0.0006272287510226858,gbm2
2018-06-29 00:00:00+00:00,GLD,0.006007776972746903,2018-07-10 00:00:00+00:00,0.0,0.0005547348358861711,0.002441954836546986,0.0023472183830504823,0.0010842304543775539,0.0020291051212993545,0.0071948193095551505,0.004004605915294756,-0.0018975438307575231,-0.018469923362678577,0.0010842304543775539,gbm2
2018-06-29 00:00:00+00:00,QQQ,0.04398989023932631,2018-07-10 00:00:00+00:00,0.0,0.0032434716318735764,0.00282754929123371,0.0027620106033652723,0.004513876915501038,0.006882405618984286,0.006061950741561501,0.020838067451089248,0.004933047749678481,-0.009215977749578831,0.004513876915501038,gbm2
2018-06-29 00:00:00+00:00,SPY,0.03302271346329899,2018-07-10 00:00:00+00:00,0.0,0.002351201089459955,0.0026570225450013906,0.00272870264131319,0.00468648177369732,0.0034186334520011374,0.006718412069546323,0.011017627883484942,0.005187501965621217,0.007953472565817887,0.00468648177369732,gbm2
2018-07-06 00:00:00+00:00,GLD,-0.017885494043939243,2018-07-16 00:00:00+00:00,0.0,0.0005547348358861711,0.00256543697125545,0.002486862512434145,0.004727733145236671,0.004368264287953165,0.012155344971516258,0.010118555551187047,0.003925587482471091,-0.0011900548004937911,0.004727733145236671,gbm2
2018-07-06 00:00:00+00:00,QQQ,0.017731732651660614,2018-07-16 00:00:00+00:00,0.0,0.0032434716318735764,0.0004655689617776923,0.0004937747852596921,-0.00035759842307147937,-0.0015880958906568385,-0.004659854995851146,-0.008012379580492196,0.010202545127337218,0.02019151817973538,-0.00035759842307147937,gbm2
2018-07-06 00:00:00+00:00,SPY,0.011173115094448516,2018-07-16 00:00:00+00:00,0.0,0.002351201089459955,0.0007814157804344737,0.0009517426741006016,-5.60802266710058e-05,-0.0014986144538226098,0.002781140689383837,-0.004026450702671548,-0.0009484405685801422,0.014554027914140231,-5.60802266710058e-05,gbm2
2018-07-13 00:00:00+00:00,GLD,-0.010722509687045578,2018-07-23 00:00:00+00:00,0.0,0.0005547348358861711,0.0025621768811876777,0.0024870983604154784,0.0034516502504171047,0.002314082039640045,0.01022703739156625,-0.0021726631120619734,0.005543165942958811,0.007493155063343595,0.0034516502504171047,gbm2
2018-07-13 00:00:00+00:00,QQQ,-0.006624074643110767,2018-07-23 00:00:00+00:00,0.0,0.0032434716318735764,0.0006209837198850965,0.0006543457856041116,-0.001003333791425479,-0.0035898929080632118,-0.007671790226917925,-0.012998052418193923,0.0018720547465599325,0.003194815250063397,-0.001003333791425479,gbm2
2018-07-13 00:00:00+00:00,SPY,-0.0006791874727217762,2018-07-23 00:00:00+00:00,0.0,0.002351201089459955,0.0008774605476949662,0.0010442939797428083,-0.00022082153175426416,-0.0009683520411203446,-0.0007097988080449192,-0.003431099217457365,-0.002098118542161338,-0.0005697093181936286,-0.00022082153175426416,gbm2
2018-07-20 00:00:00+00:00,GLD,-0.003870941490255464,2018-07-30 00:00:00+00:00,0.0,0.0005547348358861711,0.0025596339568232096,0.0025621780016775873,0.003344592818383592,0.0037754886964537944,0.009403555568528028,0.0026423314632823924,0.006384990530394968,-0.02917284850169529,0.003344592818383592,gbm2
2018-07-20 00:00:00+00:00,QQQ,-0.004651285272984529,2018-07-30 00:00:00+00:00,0.0,0.0032434716318735764,0.00010244386499640517,6.530008418193317e-05,-0.0011350475749309183,-0.0016897116734261616,-0.0051130656944474205,-0.004260049495007938,-0.004171348763463474,-0.012127877553735738,-0.0011350475749309183,gbm2
2018-07-20 00:00:00+00:00,SPY,0.007371677972751733,2018-07-30 00:00:00+00:00,0.0,0.002351201089459955,0.0012630655373919329,0.0013114849359668283,-0.0016777493370814362,-0.0017506107293024542,0.0032725853325739854,-0.0012429456020258795,0.004763505863556245,-0.0008491522004862112,-0.0016777493370814362,gbm2
2018-07-27 00:00:00+00:00,GLD,-0.010708164598318692,2018-08-06 00:00:00+00:00,0.0,0.0005547348358861711,0.003514709697966981,0.0034443174512167694,0.002175001269600497,0.003822244554388883,0.007523844346848627,-0.0013799374788633766,0.004296571701160861,0.015430181924202974,0.002175001269600497,gbm2
2018-07-27 00:00:00+00:00,QQQ,0.013117739820952323,2018-08-06 00:00:00+00:00,0.0,0.0032434716318735764,0.0033831383311130393,0.002951278587170744,0.005499767087476431,0.005962460985823906,0.0028951642854543958,0.010126816566041847,-0.004051637515542994,-0.004363213899356605,0.005499767087476431,gbm2
2018-07-27 00:00:00+00:00,SPY,0.00756621056202933,2018-08-06 00:00:00+00:00,0.0,0.002351201089459955,0.0016572986236899486,0.0014920816621004287,-0.0005598189715909191,0.0011928451928138522,0.00322643722605651,0.001853859787073091,-0.0007427980094076059,0.000822137593739381,-0.0005598189715909191,gbm2
2018-08-03 00:00:00+00:00,GLD,-0.006546787849016855,2018-08-13 00:00:00+00:00,0.0,0.0005547348358861711,0.0037029654012971473,0.0036178806724379686,0.006853746999124054,0.009610071539637645,0.00953446263868336,0.010885196352503767,-0.005597395929576227,-0.0064901501658601,0.006853746999124054,gbm2
2018-08-03 00:00:00+00:00,QQQ,0.004945570828431389,2018-08-13 00:00:00+00:00,0.0,0.0032434716318735764,0.002560581239987142,0.0023351389002189077,0.0008943228718552854,0.0008633102078877859,-0.0013167033158368751,-0.0007574340749166886,0.013557817392521876,0.007135537039313273,0.0008943228718552854,gbm2
2018-08-03 00:00:00+00:00,SPY,-0.0005993496359708583,2018-08-13 00:00:00+00:00,0.0,0.002351201089459955,0.0009549694130667704,0.0009238447750655407,0.0056806833488753485,0.005267277900019717,3.194752634861353e-05,0.0009760636606057949,0.002704519026048612,0.006308004040433981,0.0056806833488753485,gbm2
2018-08-10 00:00:00+00:00,GLD,-0.012564803935081303,2018-08-20 00:00:00+00:00,0.0,0.0005547348358861711,0.0024847831600619662,0.0025070265412770036,0.004285397308965086,0.00731654099157401,0.011109543544754326,0.0066034733405460335,0.005735260641317106,0.008844417877954673,0.004285397308965086,gbm2
2018-08-10 00:00:00+00:00,QQQ,-0.0032627085549515877,2018-08-20 00:00:00+00:00,0.0,0.0032434716318735764,0.0016263298571627298,0.0015910737212605527,-0.002253674147167847,-0.001980589701154474,-0.0015980207978243683,-0.003397731749262425,0.001983010309339073,-0.012282810708436296,-0.002253674147167847,gbm2
2018-08-10 00:00:00+00:00,SPY,0.007408054725186464,2018-08-20 00:00:00+00:00,0.0,0.002351201089459955,0.0007799559279959576,0.0007527198904599472,0.002738334289805538,0.0021287446557323453,0.001147392078378357,0.00130666553370961,6.160909337613485e-05,0.0013983382669083943,0.002738334289805538,gbm2
2018-08-17 00:00:00+00:00,GLD,0.015483231319541435,2018-08-27 00:00:00+00:00,0.0,0.0005547348358861711,0.004831996990444322,0.004734136490265892,0.006917576272668889,0.007864038120677704,0.006003177776817794,0.010753309373790125,0.007569754005699047,0.0072813943799280075,0.006917576272668889,gbm2
2018-08-17 00:00:00+00:00,QQQ,0.01741930101008271,2018-08-27 00:00:00+00:00,0.0,0.0032434716318735764,0.002872005310464212,0.002850155970087755,-0.0011835751848557098,-0.00031640760284581515,0.003935999319818501,0.007978663884988768,0.0025453423423698273,0.0011199981064527016,-0.0011835751848557098,gbm2
2018-08-17 00:00:00+00:00,SPY,0.011520841576738938,2018-08-27 00:00:00+00:00,0.0,0.002351201089459955,0.0006936701970346956,0.0007159398263459075,0.0056806833488753485,0.005267277900019717,-0.0007206205610149685,0.00013647169021235083,0.0032171209964589847,0.004307489374106365,0.0056806833488753485,gbm2
2018-08-24 00:00:00+00:00,GLD,-0.01200493089387944,2018-09-04 00:00:00+00:00,0.0,0.0005547348358861711,0.0037914702944184648,0.003720191503828695,0.004536999547941537,0.0052479713630567285,0.01175661281471853,0.01875810091552113,0.003129109203281817,-0.004289541229253072,0.004536999547941537,gbm2
2018-08-24 00:00:00+00:00,QQQ,0.01461304219660331,2018-09-04 00:00:00+00:00,0.0,0.0032434716318735764,0.0013665742569870837,0.0013811840677860345,-0.0005147313926397005,-0.0003544255972440593,-0.0034192586151362498,-0.006166213993739342,0.004524349994392846,0.006694437410038516,-0.0005147313926397005,gbm2
2018-08-24 00:00:00+00:00,SPY,0.0033927655220811204,2018-09-04 00:00:00+00:00,0.0,0.002351201089459955,8.870520352880856e-05,7.886777325196242e-05,0.002738334289805538,0.0026310892906247123,-0.0003839158574527507,0.0011053191949145502,0.005767917753425495,-0.005339482120161148,0.002738334289805538,gbm2
2018-08-31 00:00:00+00:00,GLD,-0.0008869044267946213,2018-09-11 00:00:00+00:00,0.0,0.0005547348358861711,0.004546489020524893,0.0044313230975695905,0.00023544365511125604,0.0026106040859701003,0.0053787134716428465,0.0022283800865395497,0.00994338099266214,-0.00528320363251821,0.00023544365511125604,gbm2
2018-08-31 00:00:00+00:00,QQQ,-0.027353846773662815,2018-09-11 00:00:00+00:00,0.0,0.0032434716318735764,0.0015744973551441045,0.001426955830907716,-0.0024954857972390543,-0.003371381087413661,-0.003826808274287257,-0.011910262507768691,-0.008219613659135898,0.00014517964334538668,-0.0024954857972390543,gbm2
2018-08-31 00:00:00+00:00,SPY,-0.008522129927572841,2018-09-11 00:00:00+00:00,0.0,0.002351201089459955,0.0013733776938104594,0.001236866868643177,0.002141967272312842,0.0009429461779788455,0.0018643437474919688,0.0025493594994052972,-0.008796631179622377,-0.0032764002818337383,0.002141967272312842,gbm2
2018-09-07 00:00:00+00:00,GLD,0.0030019100430676016,2018-09-17 00:00:00+00:00,0.0,0.0005547348358861711,0.004840809847944137,0.004693016491375494,0.0021438640130102414,0.002021300023384529,0.006208358526638882,0.005565000879892383,-0.013704064912011385,0.025121461081043597,0.0021438640130102414,gbm2
2018-09-07 00:00:00+00:00,QQQ,0.008399908062367123,2018-09-17 00:00:00+00:00,0.0,0.0032434716318735764,0.003537413801504318,0.0033874162123008356,0.005329281001521622,0.005486652494824249,0.009135251533845881,0.016322057331228906,-0.0009992726252928013,0.01416238153264739,0.005329281001521622,gbm2
2018-09-07 00:00:00+00:00,SPY,0.007204051377710741,2018-09-17 00:00:00+00:00,0.0,0.002351201089459955,0.001527452485883252,0.0014042446993990767,0.004749402517024225,0.004026020077652971,0.003672215543399115,0.005716796000861224,0.0018748857995063823,0.013427974719914481,0.004749402517024225,gbm2
2018-09-14 00:00:00+00:00,GLD,0.0007042414800111363,2018-09-24 00:00:00+00:00,0.0,0.0005547348358861711,0.003045295689598213,0.003098522911003255,0.0021438640130102414,0.001219799257547483,0.0021947262514796545,-0.021759494109941633,0.0038315899737772613,0.017448244252153966,0.0021438640130102414,gbm2
2018-09-14 00:00:00+00:00,QQQ,-0.007090550406523954,2018-09-24 00:00:00+00:00,0.0,0.0032434716318735764,0.0026588262668258184,0.0024797780740085313,0.00022612037375718705,-0.0008602924367442151,-0.001798093564991931,-0.0045933337452381574,0.013504243080507012,0.009880947535063746,0.00022612037375718705,gbm2
2018-09-14 00:00:00+00:00,SPY,0.00632299236981515,2018-09-24 00:00:00+00:00,0.0,0.002351201089459955,0.0012264312306988448,0.0011583616026430974,0.002702816842369724,0.0022813229100942345,0.0016549275872858487,0.002387890555281733,0.0016373913645049093,-0.005331683373438225,0.002702816842369724,gbm2
2018-09-21 00:00:00+00:00,GLD,-0.011259665516015982,2018-10-01 00:00:00+00:00,0.0,0.0005547348358861711,0.000814233421945606,0.0010989921655784067,0.0003955112506524176,-0.001982353778040396,0.0035511555801585565,-0.014397930970518738,-0.0008027981266103545,0.004909641801689809,0.0003955112506524176,gbm2
2018-09-21 00:00:00+00:00,QQQ,0.026476193571816742,2018-10-01 00:00:00+00:00,0.0,0.0032434716318735764,0.0013710201989579713,0.0012567982619629972,-0.002253674147167847,-0.0018614037349117083,-0.0028231121946437248,-0.00212779496989204,0.002526705536378554,0.015489465361027103,-0.002253674147167847,gbm2
2018-09-21 00:00:00+00:00,SPY,0.0026432223441659186,2018-10-01 00:00:00+00:00,0.0,0.002351201089459955,0.00044987421894434416,0.00034948476639209665,0.0021064498248770285,0.002716216807020382,0.0026252868651651306,0.0013770155095632686,-0.0015915443350318025,-0.00014577427878702031,0.0021064498248770285,gbm2
2018-09-28 00:00:00+00:00,GLD,-0.0013345331302719865,2018-10-08 00:00:00+00:00,0.0,0.0005547348358861711,0.0007156313785686944,0.0010475590921738714,-0.0005731504040112568,0.0015351032844067745,0.0045988191972846934,-0.005283740729690063,-0.017210584096217542,-0.02085611465515661,-0.0005731504040112568,gbm2
2018-09-28 00:00:00+00:00,QQQ,-0.039332138977819175,2018-10-08 00:00:00+00:00,0.0,0.0032434716318735764,-6.707482040611861e-05,6.257126358759275e-05,-0.0016422318896456227,-0.0018614037349117083,-0.005200086193516331,-0.010543910854028149,0.0009071633907386895,-0.013466907406923148,-0.0016422318896456227,gbm2
2018-09-28 00:00:00+00:00,SPY,-0.017322720436311334,2018-10-08 00:00:00+00:00,0.0,0.002351201089459955,0.00017063612490051977,0.00016076202389041921,0.0029503315721508524,0.004039171637366576,0.004994488802812007,0.010580864798507571,0.00661927612227919,0.004607041779481747,0.0029503315721508524,gbm2
2018-10-05 00:00:00+00:00,GLD,0.034476639167768885,2018-10-15 00:00:00+00:00,0.0,0.0005547348358861711,-0.0009549147012089363,-0.0004009890277928424,0.0009704405136826754,-0.00019633217710641955,0.006732732443581322,-0.004867493802257038,-0.004106863180458445,-0.014299636545522403,0.0009704405136826754,gbm2
2018-10-05 00:00:00+00:00,QQQ,-0.03236396313457801,2018-10-15 00:00:00+00:00,0.0,0.0032434716318735764,0.004950066511853558,0.004825771857545026,0.004699645138488294,0.00451123820868434,0.013547302892566213,0.011253035075470789,0.009273875320569565,0.011334849858825841,0.004699645138488294,gbm2
2018-10-05 00:00:00+00:00,SPY,-0.040062973678672065,2018-10-15 00:00:00+00:00,0.0,0.002351201089459955,0.002371027940068296,0.0022582952135189577,0.004667347693270477,0.004563944806981495,0.012028749306006978,0.00834781409495567,0.00657765215017742,-0.0042066878743326295,0.004667347693270477,gbm2
2018-10-12 00:00:00+00:00,GLD,-0.004736505672998881,2018-10-22 00:00:00+00:00,0.0,0.0005547348358861711,-0.0025149700272684827,-0.0017466783979361775,-0.0030564268457469444,-0.0027725444690384206,0.006727549641998005,0.0014553816527662488,-0.00424620236291465,0.008389662841438668,-0.0030564268457469444,gbm2
2018-10-12 00:00:00+00:00,QQQ,0.0020150793269482214,2018-10-22 00:00:00+00:00,0.0,0.0032434716318735764,0.007528411199075336,0.007424115564952637,0.009596157391087061,0.011798500781775348,0.01186279574044859,0.007472870468515318,0.0009526803029751819,-0.02616124433595078,0.009596157391087061,gbm2
2018-10-12 00:00:00+00:00,SPY,0.0052628832781695944,2018-10-22 00:00:00+00:00,0.0,0.002351201089459955,0.0054686547906117565,0.005311801542629637,0.008393302630173159,0.011826225528115318,0.012503234160477912,0.018371423156788982,0.000535596828019571,0.011322824545186896,0.008393302630173159,gbm2
2018-10-19 00:00:00+00:00,GLD,0.007268356576129564,2018-10-29 00:00:00+00:00,0.0,0.0005547348358861711,-0.0036496241227594872,-0.0027225078564435934,-0.0030564268457469444,-0.002882765754969489,0.006898416014583344,0.010567847900340663,0.00819644293016788,-0.032237766804580084,-0.0030564268457469444,gbm2
2018-10-19 00:00:00+00:00,QQQ,-0.02786427026717253,2018-10-29 00:00:00+00:00,0.0,0.0032434716318735764,0.008279782097009043,0.008129261908876155,0.004553906766731239,0.0029399961969445425,0.005224898900341655,-0.007971616178893411,0.007561304516310847,-0.00064557760307075,0.004553906766731239,gbm2
2018-10-19 00:00:00+00:00,SPY,-0.029603094438928723,2018-10-29 00:00:00+00:00,0.0,0.002351201089459955,0.004987824086607267,0.004836510883135475,0.006392339770384351,0.008057973488082314,0.005961247417382829,0.007388011587452836,0.014991295099582485,-0.004465784993019154,0.006392339770384351,gbm2
2018-10-26 00:00:00+00:00,GLD,-0.0011167844577159025,2018-11-05 00:00:00+00:00,0.0,0.0005547348358861711,-0.0034607088801733832,-0.0026471144504226453,-0.0012757962447140143,-0.002200016298910581,0.002500103434556163,0.008860464438640407,-0.011489036606091563,0.01818316479931746,-0.0012757962447140143,gbm2
2018-10-26 00:00:00+00:00,QQQ,0.0023051234825650635,2018-11-05 00:00:00+00:00,0.0,0.0032434716318735764,0.010903208882076474,0.010748530033128067,0.008740296102060518,0.011013260073696872,0.008794947496001683,-0.005568153060202794,0.01187596246228541,0.02330473746096261,0.008740296102060518,gbm2
2018-10-26 00:00:00+00:00,SPY,0.013541532436326387,2018-11-05 00:00:00+00:00,0.0,0.002351201089459955,0.00840226610482296,0.008122993869578803,0.010768827937484148,0.012351577449459814,0.01247370027358549,0.002918983155144126,0.006800586703168028,0.031306489314661026,0.010768827937484148,gbm2
2018-11-02 00:00:00+00:00,GLD,-0.019521815160790656,2018-11-12 00:00:00+00:00,0.0,0.0005547348358861711,-0.003744572162124811,-0.00288145182167331,-0.0012757962447140143,-0.0021704828792274908,0.002321714009243297,0.00851187040586326,0.00812054977800223,-0.02343120081851243,-0.0012757962447140143,gbm2
2018-11-02 00:00:00+00:00,QQQ,0.004245063873028254,2018-11-12 00:00:00+00:00,0.0,0.0032434716318735764,0.010711776482229516,0.010413952893528837,0.005894669326901133,0.009947730864465588,-0.00017590854613451224,-0.016244491629174428,0.03197109001011924,-0.05750221622670772,0.005894669326901133,gbm2
2018-11-02 00:00:00+00:00,SPY,0.017435005767571177,2018-11-12 00:00:00+00:00,0.0,0.002351201089459955,0.0069462028028301846,0.006644879234873934,0.004775515264809342,0.005533530709607316,0.0011297797571763618,0.006807244424957552,0.02618044611039819,-0.02788052325141924,0.004775515264809342,gbm2
2018-11-09 00:00:00+00:00,GLD,0.012630425269978263,2018-11-19 00:00:00+00:00,0.0,0.0005547348358861711,-0.004625899416307061,-0.0037924481397935495,-0.005181085714327246,-0.004873435514656313,-0.0013264099662327006,-0.005186336342619914,0.00041389200919046633,0.00871404185824266,-0.005181085714327246,gbm2
2018-11-09 00:00:00+00:00,QQQ,-0.021254164352605853,2018-11-19 00:00:00+00:00,0.0,0.0032434716318735764,0.009757934667771502,0.009374499249873698,0.0023779605317111696,-0.00016527262666449143,0.0032091544009045085,-0.010729765067434519,-0.02202186531529141,-0.03866177616360211,0.0023779605317111696,gbm2
2018-11-09 00:00:00+00:00,SPY,-0.014935452466735888,2018-11-19 00:00:00+00:00,0.0,0.002351201089459955,0.006060403063995186,0.005649498596392588,0.009641925346074312,0.009535827940850979,0.0037600981806096,0.012674569423230198,-0.000662863985720033,-0.012681082936591224,0.009641925346074312,gbm2
2018-11-16 00:00:00+00:00,GLD,0.0008662287237688471,2018-11-27 00:00:00+00:00,0.0,0.0005547348358861711,-0.005034964311302781,-0.004163978027059549,-0.004479932082537937,-0.004700983573430744,0.005695599667377209,0.0055322295704942044,0.00202013897081753,0.0010118248222502563,-0.004479932082537937,gbm2
2018-11-16 00:00:00+00:00,QQQ,-0.028194069601191862,2018-11-27 00:00:00+00:00,0.0,0.0032434716318735764,0.01200355131756989,0.01155251933725771,0.009493431363298492,0.013184549141614823,0.00953901833702737,0.004011463738077881,0.03255388919210414,0.06684237288811348,0.009493431363298492,gbm2
2018-11-16 00:00:00+00:00,SPY,-0.02457456802319402,2018-11-27 00:00:00+00:00,0.0,0.002351201089459955,0.007543654055890393,0.007137940006778738,0.00878422125608286,0.008514228592873678,0.00900100933053582,0.013431381314733632,0.02783870213358714,0.03576212271945785,0.00878422125608286,gbm2
2018-11-23 00:00:00+00:00,GLD,0.006560792129288728,2018-12-03 00:00:00+00:00,0.0,0.0005547348358861711,-0.004287264460679876,-0.003416011308929884,-0.0007008669816837562,-0.000822638578050707,0.008100663601149374,0.012373721375543314,0.0018346889548072598,-0.015296360752600945,-0.0007008669816837562,gbm2
2018-11-23 00:00:00+00:00,QQQ,0.07228668172092778,2018-12-03 00:00:00+00:00,0.0,0.0032434716318735764,0.016029765962823423,0.015371434278905726,0.011738734078754014,0.01266546316036884,0.023366293198449944,0.04214408726484007,0.014947274029495566,0.031160996824054665,0.011738734078754014,gbm2
2018-11-23 00:00:00+00:00,SPY,0.05455622505967561,2018-12-03 00:00:00+00:00,0.0,0.002351201089459955,0.011393892035079156,0.010724475259903457,0.009362190720879406,0.009575841569581418,0.018149690437918888,0.04602479471313395,0.0030238256256756423,0.03009183792295621,0.009362190720879406,gbm2
2018-11-30 00:00:00+00:00,GLD,0.009176669887021704,2018-12-11 00:00:00+00:00,0.0,0.0005547348358861711,-0.004360091783468929,-0.003477697593581265,-0.0007008669816837562,-0.0002764201971698747,0.005313030294038963,0.01088262459018384,0.0014709171017731324,0.008676639653592515,-0.0007008669816837562,gbm2
2018-11-30 00:00:00+00:00,QQQ,-0.04263190099975844,2018-12-11 00:00:00+00:00,0.0,0.0032434716318735764,0.009972177115554922,0.009503375179747657,0.005131014322674282,0.004813023011107405,0.012701733557325831,0.015547662976999692,0.007066469523567664,0.004526324611967195,0.005131014322674282,gbm2
2018-11-30 00:00:00+00:00,SPY,-0.04502627082022992,2018-12-11 00:00:00+00:00,0.0,0.002351201089459955,0.006976552374671175,0.006512038728734076,0.0087604875685739,0.008328330455642234,0.012243018093658862,0.012340356674646426,0.007493548868013109,-0.005104048294453391,0.0087604875685739,gbm2
2018-12-07 00:00:00+00:00,GLD,-0.00280368912673179,2018-12-17 00:00:00+00:00,0.0,0.0005547348358861711,-0.0038935613203233653,-0.0031347266126130692,0.001923524696522656,0.0026720838231567502,0.004342635316436901,0.010381267876639058,0.004059152425913269,-0.004332466406627868,0.001923524696522656,gbm2
2018-12-07 00:00:00+00:00,QQQ,-0.004283340496460952,2018-12-17 00:00:00+00:00,0.0,0.0032434716318735764,0.014240109885444585,0.013877916416311952,0.010776926404323548,0.010912081476887275,0.019404968380533853,0.02306790401435391,0.007480204423429091,-0.014331677009252863,0.010776926404323548,gbm2
2018-12-07 00:00:00+00:00,SPY,-0.015073763003834006,2018-12-17 00:00:00+00:00,0.0,0.002351201089459955,0.010138281112621297,0.009774324988839837,0.011237049432847129,0.01057636287159018,0.016477410721189332,0.024322216512955085,0.02443268337275053,0.00625678058792328,0.011237049432847129,gbm2
2018-12-14 00:00:00+00:00,GLD,0.01874411601567627,2018-12-24 00:00:00+00:00,0.0,0.0005547348358861711,-0.0032796559526553502,-0.0026130494497495836,-0.0015090780455065786,-0.0012019915481654017,-0.0034516933357776184,0.0017323227520003603,-0.008465359703710205,-0.007631780384509283,-0.0015090780455065786,gbm2
2018-12-14 00:00:00+00:00,QQQ,-0.08661458679985479,2018-12-24 00:00:00+00:00,0.0,0.0032434716318735764,0.016269221711427882,0.01551778819770353,0.007796691769975987,0.009846697363524984,0.019115660907328424,0.011988464078075354,0.020776715987388613,0.026689515720961055,0.007796691769975987,gbm2
2018-12-14 00:00:00+00:00,SPY,-0.07310721968271361,2018-12-24 00:00:00+00:00,0.0,0.002351201089459955,0.012824849821566526,0.0121630551647469,0.013271123106898921,0.015574051356170793,0.015015461153292164,0.026938912662509217,0.026341592377265348,0.04557921244144481,0.013271123106898921,gbm2
2018-12-21 00:00:00+00:00,GLD,0.014886667089068606,2019-01-02 00:00:00+00:00,0.0,0.0005547348358861711,-0.004696483058899861,-0.004103919673539269,-2.719109101129592e-05,-0.00013710705435147338,-0.0005061327307186503,0.008735479095612921,0.011681751669953434,-0.02642540453458391,-2.719109101129592e-05,gbm2
2018-12-21 00:00:00+00:00,QQQ,0.03361169143688825,2019-01-02 00:00:00+00:00,0.0,0.0032434716318735764,0.023268231090456393,0.022156577666868023,0.011738734078754014,0.01266546316036884,0.038820786346007094,0.06607030984585333,0.04464091728641671,0.03574729812341949,0.011738734078754014,gbm2
2018-12-21 00:00:00+00:00,SPY,0.02903248777529832,2019-01-02 00:00:00+00:00,0.0,0.002351201089459955,0.01762075567909598,0.016650881098492238,0.016737049129150704,0.018671789157313278,0.02919057042165114,0.05564584274048569,0.028996011602664705,0.018884107288567157,0.016737049129150704,gbm2
2018-12-28 00:00:00+00:00,GLD,0.001405175766475697,2019-01-08 00:00:00+00:00,0.0,0.0005547348358861711,-0.0038892928513835135,-0.0034804868839061966,-0.000602120354041554,-0.002282482666781482,-0.005135508504695218,0.0021429961965855325,-0.012496033722459176,-0.01833853796005783,-0.000602120354041554,gbm2
2018-12-28 00:00:00+00:00,QQQ,0.03282193415968959,2019-01-08 00:00:00+00:00,0.0,0.0032434716318735764,0.019187673272933,0.018413980405856855,0.009192711139318436,0.010168827854788762,0.017991294961470006,-0.0004205992470543873,0.010248616576096223,-0.007993818349552463,0.009192711139318436,gbm2
2018-12-28 00:00:00+00:00,SPY,0.029091265457335203,2019-01-08 00:00:00+00:00,0.0,0.002351201089459955,0.014563488818224992,0.01383019310359842,0.009192711139318436,0.00991616348183993,0.011487454040690171,0.014304100038371778,0.017846592521860938,0.015442020299381383,0.009192711139318436,gbm2
2019-01-04 00:00:00+00:00,GLD,-8.187734062392593e-05,2019-01-14 00:00:00+00:00,0.0,0.00032524242469716573,-0.0012328571282672785,-0.001270486494001009,-0.0012697071021930482,-0.0016073015714755919,-0.0022853005638176736,-0.003979573430449541,-0.001076160707617569,-0.004204751722607253,-0.001270486494001009,ridge100
2019-01-04 00:00:00+00:00,QQQ,0.017303170424807446,2019-01-14 00:00:00+00:00,0.0,0.0024678340745161466,0.006528428047862613,0.006534030344999398,0.00841565525874118,0.008754150007596169,-0.027827179223878264,-0.07894876092674914,-0.010720014072805149,0.00013536817031776393,0.006534030344999398,ridge100
2019-01-04 00:00:00+00:00,SPY,0.016502337483592866,2019-01-14 00:00:00+00:00,0.0,0.0015642514288429863,0.004919245870640862,0.004941390583791661,-0.0031379910114125204,-0.004024538804505592,-0.010133472044706972,-0.017808454926709086,-0.0006691724564821394,0.0034538444520230377,0.004941390583791661,ridge100
2019-01-11 00:00:00+00:00,GLD,-0.007941065972869588,2019-01-22 00:00:00+00:00,0.0,0.00032524242469716573,-0.0010010953437547526,-0.0009939348715554892,0.0003179632961673055,0.00039485332905400206,-0.0014361368779328343,0.002593378072268687,0.004785549082906486,-0.01662597852834593,-0.0009939348715554892,ridge100
2019-01-11 00:00:00+00:00,QQQ,0.02968671854345839,2019-01-22 00:00:00+00:00,0.0,0.0024678340745161466,0.004649715146533582,0.00463762273862338,-0.0007746867131686147,-0.0028123005621589355,-0.01902355462031716,-0.03296717959941778,0.009439151156891947,0.060644277630678714,0.00463762273862338,ridge100
2019-01-11 00:00:00+00:00,SPY,0.03098987436125622,2019-01-22 00:00:00+00:00,0.0,0.0015642514288429863,0.003124015470150951,0.0031096151917936587,-0.0007570914179380221,-0.008141850777327809,-0.0065141252877164565,-0.017014512762280803,0.013270336967648035,0.05153466722733166,0.0031096151917936587,ridge100
2019-01-18 00:00:00+00:00,GLD,0.020878022552611064,2019-01-29 00:00:00+00:00,0.0,0.00032524242469716573,-0.0004519715550456488,-0.0004596546275854929,0.0005196827027058129,0.00039485332905400206,-0.001034937238630922,0.0005083160228229022,-0.0095713955007718,-0.007215257246287556,-0.0004596546275854929,ridge100
2019-01-18 00:00:00+00:00,QQQ,-0.0052421041692992665,2019-01-29 00:00:00+00:00,0.0,0.0024678340745161466,0.003408827952466852,0.0033328698040090573,-0.0011532539896055194,-0.004311491465302,0.004415270539329943,-0.005052136568329687,-0.015547021316543817,0.009127033142583639,0.0033328698040090573,ridge100
2019-01-18 00:00:00+00:00,SPY,-0.003398577741822839,2019-01-29 00:00:00+00:00,0.0,0.0015642514288429863,0.00238475936961876,0.0022921978654629046,0.004096522268362616,-0.0007722824240012108,0.0023047526047066777,0.019592734561089162,-0.0024096939604704055,0.007884447215142754,0.0022921978654629046,ridge100
2019-01-25 00:00:00+00:00,GLD,0.010101815590790375,2019-02-04 00:00:00+00:00,0.0,0.00032524242469716573,-0.001555020277876672,-0.0014814061676650691,0.0004405970623013601,0.0004998176203332027,-3.1176189091363106e-05,-0.00048153301627651743,-0.005510691460915846,0.0036546887863365646,-0.0014814061676650691,ridge100
2019-01-25 00:00:00+00:00,QQQ,0.02735859674424712,2019-02-04 00:00:00+00:00,0.0,0.0024678340745161466,0.004299043437557571,0.004115037232699069,0.003490095605252527,0.002766870046533952,0.006303530064178307,0.004864050044242226,-0.0023079896410064167,0.01563474211669893,0.004115037232699069,ridge100
2019-01-25 00:00:00+00:00,SPY,0.02551301437502196,2019-02-04 00:00:00+00:00,0.0,0.0015642514288429863,0.00327223854802814,0.0030874653615757365,0.0058265757594446865,0.00650429092334737,5.1510392590964905e-05,0.02535669361211422,0.004485477168593031,0.022484862891255043,0.0030874653615757365,ridge100
2019-02-01 00:00:00+00:00,GLD,-0.006452096428312348,2019-02-11 00:00:00+00:00,0.0,0.00032524242469716573,-0.0022221165652793495,-0.0021239700436770028,0.0014861791720631654,0.003158751178032872,-0.0016481761575622856,-0.00678918389761586,-0.00811587199388352,0.005173495079250063,-0.0021239700436770028,ridge100
2019-02-01 00:00:00+00:00,QQQ,0.01009088230923405,2019-02-11 00:00:00+00:00,0.0,0.0024678340745161466,0.0034748828453630472,0.003293337231507024,0.008389528866099488,0.011988345234008687,0.014210254464608947,0.0019859093146351414,0.006176236398667685,-0.022079585902032347,0.003293337231507024,ridge100
2019-02-01 00:00:00+00:00,SPY,0.004035756534507495,2019-02-11 00:00:00+00:00,0.0,0.0015642514288429863,0.002458427558863948,0.0023191265039204834,0.00878574220959456,0.011386672292556996,0.007185016602515406,0.02426715133821224,0.000236729764406855,-0.022388575943422157,0.0023191265039204834,ridge100
2019-02-08 00:00:00+00:00,GLD,0.0226479491860907,2019-02-19 00:00:00+00:00,0.0,0.00032524242469716573,-0.0015777535753737598,-0.0015353479483640963,0.001284459765524658,0.003042155652273415,-0.0026176837672511155,-0.012941117708404696,0.007072964623313014,0.007163367705989756,-0.0015353479483640963,ridge100
2019-02-08 00:00:00+00:00,QQQ,0.01324098240423388,2019-02-19 00:00:00+00:00,0.0,0.0024678340745161466,0.0025610550828086575,0.0026097060927233783,0.004144241542674157,0.006859989266373245,0.0034529098894708443,0.015015511296408173,-0.006704094435480592,-0.0077850274570484415,0.0026097060927233783,ridge100
2019-02-08 00:00:00+00:00,SPY,0.019469016732079458,2019-02-19 00:00:00+00:00,0.0,0.0015642514288429863,0.002376477027577502,0.0024129640346579853,0.0031265381196936733,0.004300993275529932,-0.00010944899941077946,0.011284778378524206,-0.008141811558316163,0.0038681413623457045,0.0024129640346579853,ridge100
2019-02-15 00:00:00+00:00,GLD,-0.0051595611093714355,2019-02-26 00:00:00+00:00,0.0,0.00032524242469716573,-0.0019622714044250865,-0.0018903467984773736,0.001284459765524658,0.003042155652273415,-0.0023187576332934666,-0.012400141433622346,0.001242286182223784,0.007288937637463206,-0.0018903467984773736,ridge100
2019-02-15 00:00:00+00:00,QQQ,0.009859323715363466,2019-02-26 00:00:00+00:00,0.0,0.0024678340745161466,0.0014532549187569136,0.0015033648837850788,0.006912163700336736,0.010183245516669923,0.003519215131931709,0.0122937615453358,-0.011893880707452141,0.0053502186159168,0.0015033648837850788,ridge100
2019-02-15 00:00:00+00:00,SPY,0.009585003710877116,2019-02-26 00:00:00+00:00,0.0,0.0015642514288429863,0.00034542527601215455,0.0004249525236448351,0.002772280460034042,0.0037906247160787465,0.001471181049438175,0.00785882776909198,-0.012384163486340537,-0.0030227236654074736,0.0004249525236448351,ridge100
2019-02-22 00:00:00+00:00,GLD,-0.03355065401223167,2019-03-04 00:00:00+00:00,0.0,0.00032524242469716573,-0.0019505713458443908,-0.0019140279539470173,-0.0008230542368636756,-0.0008861798945674716,-0.0037026804575732352,-0.018205095375023364,0.002321514125005572,0.010587760489825572,-0.0019140279539470173,ridge100
2019-02-22 00:00:00+00:00,QQQ,0.0076342383814844705,2019-03-04 00:00:00+00:00,0.0,0.0024678340745161466,0.0013227902431120861,0.0012579264552695243,0.002437075058833048,0.0026784127104747934,-0.0017453221649701579,-0.0009774134151888214,0.005171384737666536,0.004550334664130921,0.0012579264552695243,ridge100
2019-02-22 00:00:00+00:00,SPY,0.0030993502487646207,2019-03-04 00:00:00+00:00,0.0,0.0015642514288429863,0.0002697326113214735,0.0002730058773950436,0.0023528498874016185,0.0010033968895665905,1.4877298616755574e-06,0.0013637420510808384,0.001602613065705175,-0.005505532259189697,0.0002730058773950436,ridge100
2019-03-01 00:00:00+00:00,GLD,0.007897327276680022,2019-03-11 00:00:00+00:00,0.0,0.00032524242469716573,-3.050187678540178e-05,3.2860285769929496e-05,0.0012736547540249706,0.00041098817704649925,0.00039830839545307973,0.005581086435912058,-0.0015916220191348957,0.007875097777522568,3.2860285769929496e-05,ridge100
2019-03-01 00:00:00+00:00,QQQ,-0.020849755759384192,2019-03-11 00:00:00+00:00,0.0,0.0024678340745161466,0.0015220323495354431,0.001605550776653269,0.001917541975768317,0.0031600973117983516,-0.0021774764313790772,0.010586785603202097,-0.008066633414060694,-0.0020989446912901256,0.001605550776653269,ridge100
2019-03-01 00:00:00+00:00,SPY,-0.022514095267993417,2019-03-11 00:00:00+00:00,0.0,0.0015642514288429863,0.0006473519951131764,0.0007617889458468377,0.0006680265484949749,0.0012323172641951886,-0.0018412588440331946,0.006801432651040028,-0.008384453469574298,-0.006071117391186718,0.0007617889458468377,ridge100
2019-03-08 00:00:00+00:00,GLD,0.006366360023366324,2019-03-18 00:00:00+00:00,0.0,0.00032524242469716573,-0.001367528389597581,-0.0012724476162383448,0.0001851502344410068,-0.0006844218683358788,-0.0033127869558551605,-0.0003926982110988469,0.00669845289995791,-0.014194917615241075,-0.0012724476162383448,ridge100
2019-03-08 00:00:00+00:00,QQQ,0.037199532509676336,2019-03-18 00:00:00+00:00,0.0,0.0024678340745161466,0.003349963660653627,0.0032961113945400855,0.00359226235218549,0.004449986777236296,-0.006921591674183836,0.000382385964584967,0.005261345251699432,0.0005832129988164375,0.0032961113945400855,ridge100
2019-03-08 00:00:00+00:00,SPY,0.02735587518217253,2019-03-18 00:00:00+00:00,0.0,0.0015642514288429863,0.002014484741240735,0.0019959916742804083,0.0008452062881372851,-5.541124475904548e-05,-0.007788724374676373,0.00411444677699368,0.004144836361436621,0.0026351897047530797,0.0019959916742804083,ridge100
2019-03-15 00:00:00+00:00,GLD,0.010218933298055566,2019-03-25 00:00:00+00:00,0.0,0.00032524242469716573,-0.0012633795746007188,-0.0011554182084010417,0.0001851502344410068,-0.0006844218683358788,-0.0029492462357394024,0.002083555363781583,0.0166528011329065,0.0023349442473073294,-0.0011554182084010417,ridge100
2019-03-15 00:00:00+00:00,QQQ,-0.00022467394433844934,2019-03-25 00:00:00+00:00,0.0,0.0024678340745161466,-4.656782850936431e-05,-0.00013536195319173604,0.0012310671040466812,0.001749817602758798,0.003883737036633744,-0.005887377435329554,-0.00018258001866779783,-0.008225080520943116,-0.00013536195319173604,ridge100
2019-03-15 00:00:00+00:00,SPY,-0.00951848874857153,2019-03-25 00:00:00+00:00,0.0,0.0015642514288429863,-0.0008454009171522872,-0.0008763379253639683,-0.0007003240791408358,-0.003052470554227376,0.000616155863869412,-0.006832808367824026,0.004113218604395565,-0.011616493692028272,-0.0008763379253639683,ridge100
2019-03-22 00:00:00+00:00,GLD,-0.017341008951921255,2019-04-01 00:00:00+00:00,0.0,0.00032524242469716573,-0.0015871592999221684,-0.0014232377948876162,-0.0010754474732276454,-0.0012653214818539418,-0.0014790874944047416,-0.004567383695636972,-0.00822585306760565,2.297563608261666e-05,-0.0014232377948876162,ridge100
2019-03-22 00:00:00+00:00,QQQ,0.020234752559529,2019-04-01 00:00:00+00:00,0.0,0.0024678340745161466,0.001446809220755412,0.0010873174611719617,-0.00031931796947140306,-0.0003615611350029072,0.004563931239208363,-0.00809123263672603,0.006352088010131147,-0.00573331879989128,0.0010873174611719617,ridge100
2019-03-22 00:00:00+00:00,SPY,0.020905941519762328,2019-04-01 00:00:00+00:00,0.0,0.0015642514288429863,0.0004930045881236189,0.00026292704556122177,-0.0018054044567063063,-0.003915879764829779,0.004101184274973435,-0.007878506764903872,0.0067049865226881744,-3.923544340571072e-05,0.00026292704556122177,ridge100
2019-03-29 00:00:00+00:00,GLD,0.0046568601937779786,2019-04-08 00:00:00+00:00,0.0,0.00032524242469716573,0.00012366080099727173,0.0002262622684821211,0.0005800680232023532,-0.0012400967682273652,-0.00439388113274094,-0.0035939326936039605,-0.0011526857564408794,-0.0035585659789803066,0.0002262622684821211,ridge100
2019-03-29 00:00:00+00:00,QQQ,0.015701546198070515,2019-04-08 00:00:00+00:00,0.0,0.0024678340745161466,0.001867944687264491,0.0016123740892372675,-0.0010158314679969927,-0.0048211805972872505,0.0028581932847392315,0.0008046421969138063,0.003188461000205679,-0.004831073229222693,0.0016123740892372675,ridge100
2019-03-29 00:00:00+00:00,SPY,0.011942127868115993,2019-04-08 00:00:00+00:00,0.0,0.0015642514288429863,0.00022312148477379224,7.962440561294831e-05,-0.0014701436060263393,-0.0022528947397293052,0.003954177501015867,-0.002746945499073805,0.006574359754488685,-0.0022963619583199553,7.962440561294831e-05,ridge100
2019-04-05 00:00:00+00:00,GLD,-0.014393789175330407,2019-04-15 00:00:00+00:00,0.0,0.00032524242469716573,-0.0002420246969315204,-0.0001136746839749686,0.0003794606352339826,-0.00113537592211222,-0.005116984235369009,-0.003763978263935042,0.00919763322189341,0.014083937819493696,-0.0001136746839749686,ridge100
2019-04-05 00:00:00+00:00,QQQ,0.008027715526086387,2019-04-15 00:00:00+00:00,0.0,0.0024678340745161466,0.0010615870401379777,0.0007748186462204282,-0.0005099846295889288,-0.00036994572525090626,0.005271273314773988,0.010346572358777477,-0.017018713010573505,-0.023077294292310646,0.0007748186462204282,ridge100
2019-04-05 00:00:00+00:00,SPY,0.007428136856077572,2019-04-15 00:00:00+00:00,0.0,0.0015642514288429863,0.00047758288665209674,0.0002770917931384756,-0.001443632139179434,-0.0007213182495061914,-0.0005258360411884122,0.007465311982987857,-0.012593422977144402,0.00030306794055385666,0.0002770917931384756,ridge100
2019-04-12 00:00:00+00:00,GLD,-0.012623752622289652,2019-04-23 00:00:00+00:00,0.0,0.00032524242469716573,-0.00017949832743425264,-4.605397400329114e-05,0.0003794606352339826,-0.00113537592211222,-0.004985027039544858,-0.003602962061263964,0.005080568467259088,0.008603386008114371,-4.605397400329114e-05,ridge100
2019-04-12 00:00:00+00:00,QQQ,0.013775379672098964,2019-04-23 00:00:00+00:00,0.0,0.0024678340745161466,0.001424626975352854,0.001221066502713532,-0.0007735000439265068,-0.0018305294164938169,-0.0013530254348399317,0.0013454238165874954,0.002500559808575215,0.009932328644546639,0.001221066502713532,ridge100
2019-04-12 00:00:00+00:00,SPY,0.0015159502442196882,2019-04-23 00:00:00+00:00,0.0,0.0015642514288429863,0.0006999957063341175,0.0005673400651481177,-0.001707147553517012,-0.002499445262167628,-0.0022713863513030563,-0.0018580337430121664,0.004999474107913435,0.0025905607263696766,0.0005673400651481177,ridge100
2019-04-18 00:00:00+00:00,GLD,0.0034866193934699474,2019-04-29 00:00:00+00:00,0.0,0.00032524242469716573,0.00042049484232586974,0.000534751237931371,0.0006591028917792327,-0.0025370465041300015,-0.003606027933618642,0.003638149903056421,-0.00609539370148416,-0.01894367246800072,0.000534751237931371,ridge100
2019-04-18 00:00:00+00:00,QQQ,0.02186833552727796,2019-04-29 00:00:00+00:00,0.0,0.0024678340745161466,0.0011049956001464932,0.0009230747540748174,-0.001406300137338704,-0.0026596545280423082,-0.00041027799773084793,0.0070243394905336876,0.0049857687047530986,0.004031355004651416,0.0009230747540748174,ridge100
2019-04-18 00:00:00+00:00,SPY,0.015008466863735137,2019-04-29 00:00:00+00:00,0.0,0.0015642514288429863,0.0006974353633782418,0.0005903953791850078,-0.0012428220595353835,-0.0020232340108808458,0.0008446503365376035,0.004761252260081319,0.005411970364591547,0.005368401843471771,0.0005903953791850078,ridge100
2019-04-26 00:00:00+00:00,GLD,-0.002233592399082829,2019-05-06 00:00:00+00:00,0.0,0.00032524242469716573,-8.037557124822375e-05,5.553269555524987e-05,0.0014306494550561232,6.15421104293365e-05,-0.002337706437741919,-0.007784555624009601,0.004326127739036078,0.008137027949364176,5.553269555524987e-05,ridge100
2019-04-26 00:00:00+00:00,QQQ,-0.018882698660078856,2019-05-06 00:00:00+00:00,0.0,0.0024678340745161466,0.001166667201844125,0.0009297109693356969,0.0018648593239805442,0.0012245512670413473,0.00038284567540308734,0.005408072953566706,-0.0012277991529183235,0.002683811836692249,0.0009297109693356969,ridge100
2019-04-26 00:00:00+00:00,SPY,-0.014514306058453386,2019-05-06 00:00:00+00:00,0.0,0.0015642514288429863,0.0005739460793508475,0.0004468552846847293,0.00032849855596024685,0.0010432630054841793,-4.852882112742152e-05,0.00364367514005156,0.00019020158874811954,0.006710148364803437,0.0004468552846847293,ridge100
2019-05-03 00:00:00+00:00,GLD,0.01674816874922569,2019-05-13 00:00:00+00:00,0.0,0.00032524242469716573,0.00042570662617043314,0.000538310627534476,0.001168692379557916,0.00012723183210569793,-0.005408535714244501,-0.005541493098575299,0.001399246238356337,-0.0014662795415301966,0.000538310627534476,ridge100
2019-05-03 00:00:00+00:00,QQQ,-0.03614041599594553,2019-05-13 00:00:00+00:00,0.0,0.0024678340745161466,0.0013772579745617692,0.0012437396012578321,-0.001828590281370531,-0.002696903476652865,-0.0009923126078341688,-0.0004463979028069559,-0.014424384489566238,0.006341428969688747,0.0012437396012578321,ridge100
2019-05-03 00:00:00+00:00,SPY,-0.023612231178304244,2019-05-13 00:00:00+00:00,0.0,0.0015642514288429863,0.000566008221458447,0.0005166356759202437,0.0005674142074898904,0.0011860567619028694,-0.0008781467826497469,0.00281477231930352,-0.004651396563220554,-0.0016745882541079513,0.0005166356759202437,ridge100
2019-05-10 00:00:00+00:00,GLD,-0.017287736807222176,2019-05-20 00:00:00+00:00,0.0,0.00032524242469716573,-7.65414462909042e-05,4.303808039621021e-05,0.001168692379557916,0.0004557283897884894,-0.003194244930882698,-0.00771228185430046,0.009252993094505738,0.006440638892146196,4.303808039621021e-05,ridge100
2019-05-10 00:00:00+00:00,QQQ,0.0011096467628379791,2019-05-20 00:00:00+00:00,0.0,0.0024678340745161466,0.0037984011227581906,0.0036274345887641656,0.003426003728877612,0.004172250133951279,0.01613331393150977,0.01717886328548668,-0.007490323771448561,0.02088800303095089,0.0036274345887641656,ridge100
2019-05-10 00:00:00+00:00,SPY,0.005806562596467835,2019-05-20 00:00:00+00:00,0.0,0.0015642514288429863,0.0020135022854257762,0.0019497706404623294,-0.00019852564572666573,-0.0006496394549626464,0.004025351124265077,0.004492177479983736,-0.004954559215744945,-0.0027619757503061443,0.0019497706404623294,ridge100
2019-05-17 00:00:00+00:00,GLD,0.0024064468540916373,2019-05-28 00:00:00+00:00,0.0,0.00032524242469716573,0.0005620273363126213,0.0006704951986757218,0.0014152039592812329,6.15421104293365e-05,-0.0037912910846528867,-0.008677723434964228,-0.0028772197291119734,-0.00041084219829242265,0.0006704951986757218,ridge100
2019-05-17 00:00:00+00:00,QQQ,-0.010139079579125632,2019-05-28 00:00:00+00:00,0.0,0.0024678340745161466,0.003190490339914958,0.003072642210229758,0.004045067743265803,0.007107908481089068,0.0073967586277425635,0.014722437089643194,-0.010332006125734167,0.009735727478226564,0.003072642210229758,ridge100
2019-05-17 00:00:00+00:00,SPY,-0.003414676109131154,2019-05-28 00:00:00+00:00,0.0,0.0015642514288429863,0.0019851085949713757,0.0019520501626301668,0.002951429114939079,0.0020140057321233803,0.00021802940241909762,0.0018433242628128176,-0.011873004304461749,0.008018128846687839,0.0019520501626301668,ridge100
2019-05-24 00:00:00+00:00,GLD,0.03377478558433511,2019-06-04 00:00:00+00:00,0.0,0.00032524242469716573,-0.000520108712898891,-0.0003843098296275213,0.0014942388278581123,0.0004609402650576431,-0.0012323994771432222,-0.0008884238739031553,0.003068600087301145,0.016666837488855956,-0.0003843098296275213,ridge100
2019-05-24 00:00:00+00:00,QQQ,-0.03710952630017428,2019-06-04 00:00:00+00:00,0.0,0.0024678340745161466,0.004505721796816003,0.004411735780055704,0.007038363619959012,0.013676407134335895,0.01961277040074851,0.010081614932172528,-0.023445682766018546,-0.0026106953280995533,0.004411735780055704,ridge100
2019-05-24 00:00:00+00:00,SPY,-0.02108874856153886,2019-06-04 00:00:00+00:00,0.0,0.0015642514288429863,0.0024365502730935144,0.0024239715145768187,0.0027138042498264596,0.004412659942604313,0.0024614980706842704,0.0057749281245533125,-0.015590205113955834,0.0034696546711698046,0.0024239715145768187,ridge100
2019-05-31 00:00:00+00:00,GLD,0.011040396381764683,2019-06-10 00:00:00+00:00,0.0,0.00032524242469716573,-0.001454781732066262,-0.0013578465000367856,0.0046396560230060144,0.006304557710616847,0.003014006131748864,0.010186517347177428,0.0011791638709969638,0.003756669290161718,-0.0013578465000367856,ridge100
2019-05-31 00:00:00+00:00,QQQ,0.050553216131853596,2019-06-10 00:00:00+00:00,0.0,0.0024678340745161466,0.005618536883988252,0.005474242922805702,0.005399337587884482,0.011764954299202338,0.02053131362131081,0.024803038130590885,0.000829394559993759,0.002423104284189203,0.005474242922805702,ridge100
2019-05-31 00:00:00+00:00,SPY,0.05107002679900208,2019-06-10 00:00:00+00:00,0.0,0.0015642514288429863,0.00398255561823945,0.003911861826893712,0.0025521519030913247,0.0049621011884374835,0.011246273936910906,0.01944724859825938,0.003627910865589279,-0.011483969207173175,0.003911861826893712,ridge100
2019-06-07 00:00:00+00:00,GLD,0.00988361129298787,2019-06-17 00:00:00+00:00,0.0,0.00032524242469716573,-0.0024273834321900823,-0.002282517674714348,0.001837100609601909,0.003827627996109751,0.005922651123075684,0.006271434838495415,0.0166448393043024,-0.017331369928826293,-0.002282517674714348,ridge100
2019-06-07 00:00:00+00:00,QQQ,0.0043350898862304366,2019-06-17 00:00:00+00:00,0.0,0.0024678340745161466,0.0022117114669516266,0.0021466572517930913,0.0033180367102694404,0.00042538700338285834,0.008289777286394216,0.012456551691205776,-0.0016634368416800877,0.0037685298459058563,0.0021466572517930913,ridge100
2019-06-07 00:00:00+00:00,SPY,0.0005180050072561837,2019-06-17 00:00:00+00:00,0.0,0.0015642514288429863,0.0002735885415745587,0.0002747521077476381,0.0021904275486007386,0.00369225208561664,0.003946825621147174,0.008086658979743686,0.005154670236881303,0.00911924940301918,0.0002747521077476381,ridge100
2019-06-14 00:00:00+00:00,GLD,0.04790850410752867,2019-06-24 00:00:00+00:00,0.0,0.00032524242469716573,-0.0015784031315159597,-0.0014380202974935198,0.0007139931034987884,0.0014291600265373473,-0.0005946042008862051,0.0035701530365297076,0.0023861905023689982,0.00942450583911739,-0.0014380202974935198,ridge100
2019-06-14 00:00:00+00:00,QQQ,0.032270564643496646,2019-06-24 00:00:00+00:00,0.0,0.0024678340745161466,0.0025636102511521976,0.002551561699348196,0.0037555829933690965,0.0008240167566619481,0.002286380077084916,0.00779904847676122,0.0201114933682645,0.017467538309553367,0.002551561699348196,ridge100
2019-06-14 00:00:00+00:00,SPY,0.02121116847492588,2019-06-24 00:00:00+00:00,0.0,0.0015642514288429863,0.0007998535569250331,0.0008313197903422673,-0.0014909889431359209,-0.003187930015026641,-0.0015741218017342473,-0.003237116549748842,0.018306911394867353,0.0011606035883141314,0.0008313197903422673,ridge100
2019-06-21 00:00:00+00:00,GLD,-0.009113554831135628,2019-07-01 00:00:00+00:00,0.0,0.00032524242469716573,-0.003519529860183004,-0.003424992228238788,-0.0012770438905119704,0.0002874209669453031,0.0030855248707721585,-0.013907659763726049,0.0029511294337502708,0.020217369925944265,-0.003424992228238788,ridge100
2019-06-21 00:00:00+00:00,QQQ,0.009494487590693712,2019-07-01 00:00:00+00:00,0.0,0.0024678340745161466,0.0007440877108773427,0.0006812710218080331,0.000329151877679206,-0.002926064310187023,0.003993245659731125,0.00036357787923990025,-0.0045922871122666955,-0.007039808713767271,0.0006812710218080331,ridge100
2019-06-21 00:00:00+00:00,SPY,0.008326848142041987,2019-07-01 00:00:00+00:00,0.0,0.0015642514288429863,-5.2491453956329256e-05,-6.98863837543559e-05,-0.0006883669326924683,0.00012832485359590243,0.002027944981663794,0.0013437139840431745,0.0077239837500488505,-0.002618682676956533,-6.98863837543559e-05,ridge100
2019-06-28 00:00:00+00:00,GLD,-0.0009881794255476306,2019-07-09 00:00:00+00:00,0.0,0.00032524242469716573,-0.0027868490306933134,-0.0027258074499200034,-0.0028887672723065944,-0.0030527345661118884,-0.005149020964782651,-0.016737983936286102,-0.0019887423238770735,-0.007040837199882517,-0.0027258074499200034,ridge100
2019-06-28 00:00:00+00:00,QQQ,-0.007934196331514598,2019-07-09 00:00:00+00:00,0.0,0.0024678340745161466,0.0029586329317240344,0.0028738895401033493,0.0026848677360186307,0.002151395559833734,0.003145180732288797,0.016387293866440174,0.01345174318478643,-0.008078814343494138,0.0028738895401033493,ridge100
2019-06-28 00:00:00+00:00,SPY,-0.0038426296984580555,2019-07-09 00:00:00+00:00,0.0,0.0015642514288429863,0.0010078467386917304,0.0009711374928045163,-0.0008890495915164784,-0.0005059032847111967,0.0015662466705917524,0.0029921460195551407,0.0017793633017120798,-0.0016321830893861826,0.0009711374928045163,ridge100
2019-07-05 00:00:00+00:00,GLD,0.007565441484422397,2019-07-15 00:00:00+00:00,0.0,0.00032524242469716573,-0.0023310392621132036,-0.002204926347756181,-0.0009877988842409342,-0.0009860419715795419,-0.0073087418159916194,-0.008137156948836719,-0.020039765031924273,0.0009068717216807881,-0.002204926347756181,ridge100
2019-07-05 00:00:00+00:00,QQQ,0.021969181927447012,2019-07-15 00:00:00+00:00,0.0,0.0024678340745161466,0.0008987398558577323,0.0009106132517189069,-0.00019038120538552618,-0.002945997614154505,0.0035674033574327147,-0.0041401188431440415,-0.016241860529824525,-0.012812205923109605,0.0009106132517189069,ridge100
2019-07-05 00:00:00+00:00,SPY,0.013871179940193157,2019-07-15 00:00:00+00:00,0.0,0.0015642514288429863,-0.00039986627191720443,-0.0003578650282936188,0.0003572151770693378,0.0009309284820843991,0.0007979350619652098,-0.005143905052569961,-0.01954260233460182,-0.015151116762862248,-0.0003578650282936188,ridge100
2019-07-12 00:00:00+00:00,GLD,0.010361953436745175,2019-07-22 00:00:00+00:00,0.0,0.00032524242469716573,-0.0033865900684569737,-0.0032783397194374587,-0.003109980967435787,-0.0035580095045335204,-0.00614968700216999,-0.009088856901354723,-0.013332368917823412,0.015089577734414076,-0.0032783397194374587,ridge100
2019-07-12 00:00:00+00:00,QQQ,-0.013093897143581001,2019-07-22 00:00:00+00:00,0.0,0.0024678340745161466,0.0006708323241830108,0.0007647676208225923,-0.0030475932330364945,-0.006504120921974088,-0.0009214854198356448,-0.00836491896794365,0.004823751242311319,0.014787245124293722,0.0007647676208225923,ridge100
2019-07-12 00:00:00+00:00,SPY,-0.01168925604397042,2019-07-22 00:00:00+00:00,0.0,0.0015642514288429863,4.131890569079033e-05,0.00012295174052041864,-0.00011223744063512508,-0.00014006062475615212,-0.0027794058635232433,-0.009226258399033665,0.0012956238509359607,0.009433531237864454,0.00012295174052041864,ridge100
2019-07-19 00:00:00+00:00,GLD,-0.0037158145739581983,2019-07-29 00:00:00+00:00,0.0,0.00032524242469716573,-0.0032930675982610924,-0.003139249890869347,-0.002635352154832496,-0.0029405880913969157,-0.005600595488759812,-0.01172723321321486,0.022235806409252427,-0.033093212863457455,-0.003139249890869347,ridge100
2019-07-19 00:00:00+00:00,QQQ,0.019170429074283568,2019-07-29 00:00:00+00:00,0.0,0.0024678340745161466,0.001962414563841799,0.002110082411668247,0.0007374278474505423,0.00014869368642393685,0.0002991224291126293,0.008513467541951399,0.006777879317681059,-0.01767752919480555,0.002110082411668247,ridge100
2019-07-19 00:00:00+00:00,SPY,0.014347844601785509,2019-07-29 00:00:00+00:00,0.0,0.0015642514288429863,0.0009226024195946597,0.0010383460382404205,8.831917550567243e-05,0.0010450709312188346,-0.0015629244957564758,-0.007572274471166228,0.001391428444900979,-0.0009605237576689357,0.0010383460382404205,ridge100
2019-07-26 00:00:00+00:00,GLD,0.028867635295130034,2019-08-05 00:00:00+00:00,0.0,0.00032524242469716573,-0.002670227274906951,-0.0025102676688897613,-0.0007593662304743146,-0.0005548041392015142,-0.003095521346645962,-0.008013560225157524,0.009652194276558178,0.004157871449336357,-0.0025102676688897613,ridge100
2019-07-26 00:00:00+00:00,QQQ,-0.059863762475352744,2019-08-05 00:00:00+00:00,0.0,0.0024678340745161466,7.816334901802863e-05,0.0002271304127563345,-0.00019038120538552618,-0.0032835666051024897,-0.0009597179309973952,-0.011726840661842028,0.0009813799610499901,-0.004782965402575124,0.0002271304127563345,ridge100
2019-07-26 00:00:00+00:00,SPY,-0.045680774435886806,2019-08-05 00:00:00+00:00,0.0,0.0015642514288429863,-0.00012314369671835717,-1.732980162401504e-05,0.002118814563028613,0.0006270470100950449,-0.0029240058242880084,-0.0117899191352842,-0.00021018509321333144,0.0023695775305678664,-1.732980162401504e-05,ridge100
2019-08-02 00:00:00+00:00,GLD,0.02711524462960946,2019-08-12 00:00:00+00:00,0.0,0.00032524242469716573,-0.004214998729187473,-0.004018005551338046,1.2515340756773445e-05,0.0005723384105601233,-0.00645949832843905,-0.010851604541541826,0.008587184640546973,-0.024955094058542144,-0.004018005551338046,ridge100
2019-08-02 00:00:00+00:00,QQQ,0.010412708681647231,2019-08-12 00:00:00+00:00,0.0,0.0024678340745161466,0.003438615242634419,0.0035188862380794174,0.004147533190646024,0.0019575809814148574,0.011234081620619363,0.011835962293738627,0.007952275760834142,-0.0003985936876291879,0.0035188862380794174,ridge100
2019-08-02 00:00:00+00:00,SPY,0.0064913562947703785,2019-08-12 00:00:00+00:00,0.0,0.0015642514288429863,0.0022427076112642498,0.0023071430338612634,0.0031077941227498893,0.004726492987978314,0.005857462176192017,0.00789556014711511,0.0010199589522464486,-0.015742318421806557,0.0023071430338612634,ridge100
2019-08-09 00:00:00+00:00,GLD,-0.002399917712183286,2019-08-19 00:00:00+00:00,0.0,0.00032524242469716573,-0.005696171934782504,-0.005495918338990521,-0.0064761973484788295,-0.0056388626390751415,-0.007762536765461587,-0.020716673598507672,-0.00616348829496235,0.009420425118609585,-0.005495918338990521,ridge100
2019-08-09 00:00:00+00:00,QQQ,0.01521528495700708,2019-08-19 00:00:00+00:00,0.0,0.0024678340745161466,0.0025744008831150834,0.0026407405657925933,0.0037555829933690965,0.0030157342320443147,0.002757675258142094,0.01145917373713111,0.007210674827589423,0.029505703173537755,0.0026407405657925933,ridge100
2019-08-09 00:00:00+00:00,SPY,0.007690712360260976,2019-08-19 00:00:00+00:00,0.0,0.0015642514288429863,0.001360931406963405,0.001425618493646226,0.0040846569884397535,0.005461535546592046,0.0014945010024379878,0.0033630870010159307,0.007269661016019802,0.012451221421561257,0.001425618493646226,ridge100
2019-08-16 00:00:00+00:00,GLD,0.021368458454214423,2019-08-26 00:00:00+00:00,0.0,0.00032524242469716573,-0.0050999533958721085,-0.004951527531652919,-0.009201931730850389,-0.009149625309934831,-0.014827926307145849,-0.029331129749478106,-0.014475810999103056,0.00989528200220027,-0.004951527531652919,ridge100
2019-08-16 00:00:00+00:00,QQQ,-0.02136471724845257,2019-08-26 00:00:00+00:00,0.0,0.0024678340745161466,0.002785550965729183,0.0028028376393034963,0.0031259304079912825,0.0017275940237564793,0.00239232742680795,0.00918061310227748,-0.004823899067806922,-0.005966997018447013,0.0028028376393034963,ridge100
2019-08-16 00:00:00+00:00,SPY,-0.016838337141052317,2019-08-26 00:00:00+00:00,0.0,0.0015642514288429863,0.0020909105087664713,0.0021321079501077874,0.004197198218730092,0.00662904494196839,-0.0005390839841540496,0.007545554764522876,-0.0035905257576196886,0.0017213013717462993,0.0021321079501077874,ridge100
2019-08-23 00:00:00+00:00,GLD,0.00422584402188475,2019-09-03 00:00:00+00:00,0.0,0.00032524242469716573,-0.005379980828574463,-0.005223128005795499,-0.009201931730850389,-0.009149625309934831,-0.01623626454993667,-0.03292824389890494,0.01933255674345752,0.016261522003420098,-0.005223128005795499,ridge100
2019-08-23 00:00:00+00:00,QQQ,0.011295453569320824,2019-09-03 00:00:00+00:00,0.0,0.0024678340745161466,0.0035931449385346414,0.0035935660361485783,0.0034990833122957522,0.006093121340711229,0.011263138800792043,0.011662550798320681,-0.002005172233605868,0.012916150586597232,0.0035935660361485783,ridge100
2019-08-23 00:00:00+00:00,SPY,0.011487150043312244,2019-09-03 00:00:00+00:00,0.0,0.0015642514288429863,0.0024426828549995437,0.002462932040698558,0.004457809892744223,0.0085511525926313,0.008847112293897478,0.016172844593529693,-0.0023765230793686004,0.01812231704193852,0.002462932040698558,ridge100
2019-08-30 00:00:00+00:00,GLD,-0.025731310800024332,2019-09-10 00:00:00+00:00,0.0,0.00032524242469716573,-0.0044453074362189385,-0.0042321871069373055,-0.009068721133610881,-0.008804828598269721,-0.014580503578404102,-0.02309297834367282,0.0006021239279863749,-0.01110693781489257,-0.0042321871069373055,ridge100
2019-08-30 00:00:00+00:00,QQQ,0.02115803946178252,2019-09-10 00:00:00+00:00,0.0,0.0024678340745161466,0.0014620334753148259,0.0014072461982736339,0.0010740000724294898,-0.0009021392965617698,0.00248422596804983,0.00765826885914774,0.027661642569417902,0.04544061891218889,0.0014072461982736339,ridge100
2019-08-30 00:00:00+00:00,SPY,0.023368224669312987,2019-09-10 00:00:00+00:00,0.0,0.0015642514288429863,0.0006490425234563057,0.0006675622776264198,0.003647110705340097,0.0056736277009535275,-0.0009874723682529473,0.009588683613403218,0.025321191378293847,0.012464100529745474,0.0006675622776264198,ridge100
2019-09-06 00:00:00+00:00,GLD,-0.005408365807964555,2019-09-16 00:00:00+00:00,0.0,0.00032524242469716573,-0.003557827938610435,-0.0032984463438897414,-0.006820995538445146,-0.006615665620211279,-0.0014421406893200027,-0.0025109686496844136,0.005017029584107262,-0.005969596486430651,-0.0032984463438897414,ridge100
2019-09-06 00:00:00+00:00,QQQ,-0.004630998741320558,2019-09-16 00:00:00+00:00,0.0,0.0024678340745161466,0.0006034546790119302,0.0006414923367694863,0.0001938619733910303,-0.0016396000599156095,0.0005943959346246064,-0.0057040931896165095,0.01758796403863279,0.03304499748297077,0.0006414923367694863,ridge100
2019-09-06 00:00:00+00:00,SPY,0.0023398545151338546,2019-09-16 00:00:00+00:00,0.0,0.0015642514288429863,-6.782347997251303e-05,1.613116066664838e-05,0.0038520864991690973,0.004191189131613705,-0.0033456881726563227,0.005018401994078893,0.015616452498889509,0.029953934021343137,1.613116066664838e-05,ridge100
2019-09-13 00:00:00+00:00,GLD,0.011440642989825944,2019-09-23 00:00:00+00:00,0.0,0.00032524242469716573,-0.0029562411051885064,-0.002667636042303769,-6.104997054397729e-05,0.0013359445991584843,0.00814896711533059,0.015729199125026253,0.011073130033994922,0.03711061417855752,-0.002667636042303769,ridge100
2019-09-13 00:00:00+00:00,QQQ,-0.0029070967225012234,2019-09-23 00:00:00+00:00,0.0,0.0024678340745161466,0.001191918017407255,0.0012105080425653858,0.0014500810094160343,-0.0005884695160162712,0.0027392327467434625,-0.006328832244026848,0.004008191014198705,-0.01017710029859888,0.0012105080425653858,ridge100
2019-09-13 00:00:00+00:00,SPY,-0.0030545785281894666,2019-09-23 00:00:00+00:00,0.0,0.0015642514288429863,-1.805385628860595e-05,4.4897569291717785e-05,0.001700120135909812,0.0018088500330452639,-0.0012942156865091326,0.0029184802127438045,0.0008828218603098798,-0.004363890482172386,4.4897569291717785e-05,ridge100
2019-09-20 00:00:00+00:00,GLD,-0.02408879289789778,2019-09-30 00:00:00+00:00,0.0,0.00032524242469716573,-0.004026145507009629,-0.0037008657322252503,-0.0009525140367411472,0.0016996574659528787,-0.003185390756818304,-0.005115033013724658,-0.0038420017023572677,-0.0060105459867368675,-0.0037008657322252503,ridge100
2019-09-20 00:00:00+00:00,QQQ,-0.013500702609357207,2019-09-30 00:00:00+00:00,0.0,0.0024678340745161466,0.0019474622328846671,0.001992223942302085,0.004577403848010089,0.0014555791601364475,-0.0017866725135094997,-0.000800946895945015,0.007806545988388682,-0.012616261160467641,0.001992223942302085,ridge100
2019-09-20 00:00:00+00:00,SPY,-0.005310041850592584,2019-09-30 00:00:00+00:00,0.0,0.0015642514288429863,0.0005189651492995248,0.0006147081522446444,-0.00041442077891318713,0.0008683075136752636,-0.004003476988092641,-0.0016670141047017474,-0.00149757559867213,-0.021024497001195384,0.0006147081522446444,ridge100
2019-09-27 00:00:00+00:00,GLD,0.00994490482334709,2019-10-07 00:00:00+00:00,0.0,0.00032524242469716573,-0.0023598773204725598,-0.0020366753294676354,0.0011123706664462431,0.004092367962213509,0.002668449009483323,0.0014520570257143717,-5.987680133996976e-05,-0.00013856271632483542,-0.0020366753294676354,ridge100
2019-09-27 00:00:00+00:00,QQQ,0.0025563100958390095,2019-10-07 00:00:00+00:00,0.0,0.0024678340745161466,0.003167766149589205,0.00323645669625298,0.002930771179320765,0.0015225162329726724,0.002021462295963017,0.010019872243013319,0.02228099688934397,0.013600682836299206,0.00323645669625298,ridge100
2019-09-27 00:00:00+00:00,SPY,-0.00844666574910602,2019-10-07 00:00:00+00:00,0.0,0.0015642514288429863,0.0010547655617432002,0.0011895765537648768,-0.0005379210688242986,-0.0015685520001125744,-0.001888415996723567,0.0016313811959127122,0.006490324100196209,-0.00787258376076714,0.0011895765537648768,ridge100
2019-10-04 00:00:00+00:00,GLD,-0.005029800902858539,2019-10-14 00:00:00+00:00,0.0,0.00032524242469716573,-0.002809437125774519,-0.002529257267133439,0.0004012614845142945,0.0023936932882945476,-0.004435126090907356,-0.016557165657620918,0.010010253624171697,-0.004701500350827041,-0.002529257267133439,ridge100
2019-10-04 00:00:00+00:00,QQQ,0.01365030748097218,2019-10-14 00:00:00+00:00,0.0,0.0024678340745161466,0.0020707079870925685,0.002203513427136785,0.0037555829933690965,0.0016426005048528855,-0.0005185489784951381,0.012561622193831381,-0.004367030056459925,0.01769424728365475,0.002203513427136785,ridge100
2019-10-04 00:00:00+00:00,SPY,0.008382380182387239,2019-10-14 00:00:00+00:00,0.0,0.0015642514288429863,0.0010423709549666456,0.0012114316498425298,-0.0006669953290640046,-0.0014381398598966506,-0.0030443206069542205,0.004082268647219799,0.0005042394195316541,0.031388464213053156,0.0012114316498425298,ridge100
2019-10-11 00:00:00+00:00,GLD,0.0019224227720022746,2019-10-21 00:00:00+00:00,0.0,0.00032524242469716573,-0.001257356982858146,-0.0009994482025131907,0.0019048719955702454,0.00337752097052432,-0.0058163590320491855,-0.011278084507316884,-0.02516273542252019,-0.0036883829062769585,-0.0009994482025131907,ridge100
2019-10-11 00:00:00+00:00,QQQ,0.00979876272777358,2019-10-21 00:00:00+00:00,0.0,0.0024678340745161466,0.0015889909419947068,0.0017392130058657815,0.0015622396614988748,0.0001193919104451538,-0.002412094787794945,0.008599140295148867,0.00782684060779571,-0.014251420245128942,0.0017392130058657815,ridge100
2019-10-11 00:00:00+00:00,SPY,0.011793585277745988,2019-10-21 00:00:00+00:00,0.0,0.0015642514288429863,0.0004488339224664828,0.000638832092428648,-0.0009744322837939054,-0.003005719482520325,-0.004767958344114895,0.002974858233784522,0.009475496090035259,-0.014314300436416351,0.000638832092428648,ridge100
2019-10-18 00:00:00+00:00,GLD,0.0037663358065611607,2019-10-28 00:00:00+00:00,0.0,0.00032524242469716573,-0.0020612712214892128,-0.0018066834324237657,0.0014309193382320202,0.00218124615932656,-0.002411758981806591,-0.009672919782780915,-0.010061183684126977,-0.015058796012046937,-0.0018066834324237657,ridge100
2019-10-18 00:00:00+00:00,QQQ,0.01992654981138453,2019-10-28 00:00:00+00:00,0.0,0.0024678340745161466,0.001857250241581044,0.001983476517752852,0.0015622396614988748,0.0001193919104451538,-0.0013980060593499532,0.006446838370112395,-0.008407895056254397,-0.013666809509683213,0.001983476517752852,ridge100
2019-10-18 00:00:00+00:00,SPY,0.011755966312453348,2019-10-28 00:00:00+00:00,0.0,0.0015642514288429863,0.0003084454332031941,0.0004908532876896635,0.0010610229906246411,-0.001756375715341599,-0.004372995008647114,0.0019630648141807506,-0.006395441768369892,-0.0015587715413892139,0.0004908532876896635,ridge100
2019-10-25 00:00:00+00:00,GLD,0.007150403588219056,2019-11-04 00:00:00+00:00,0.0,0.00032524242469716573,-0.002146991584773576,-0.001893136290188906,0.0015461948704481164,0.0026213532074923825,-0.005553532888297279,-0.023961547557351005,0.018550547037808108,0.008721645438794697,-0.001893136290188906,ridge100
2019-10-25 00:00:00+00:00,QQQ,0.01851923498302499,2019-11-04 00:00:00+00:00,0.0,0.0024678340745161466,0.0007497229566691696,0.000823968623917051,0.0044092474595659095,0.0037411744955168093,0.0016437567464048708,-0.0020096934901605323,0.007047749783871218,0.007975758725129947,0.000823968623917051,ridge100
2019-10-25 00:00:00+00:00,SPY,0.016207961089107936,2019-11-04 00:00:00+00:00,0.0,0.0015642514288429863,8.556327238892186e-05,0.00021180377710658366,-0.0005306134411557953,-0.0004375216244705893,-0.004991102504877315,0.0019268585203374067,0.0050613146265441325,0.0021500525531680708,0.00021180377710658366,ridge100
2019-11-01 00:00:00+00:00,GLD,-0.0326865884720734,2019-11-11 00:00:00+00:00,0.0,0.00032524242469716573,-0.002109118114702574,-0.0017863683968913414,6.280090154448397e-05,0.00034246558624012027,-0.004270545205359749,-0.021293729619014462,-0.0007427118982223885,0.002816045675618574,-0.0017863683968913414,ridge100
2019-11-01 00:00:00+00:00,QQQ,9.975432356612579e-05,2019-11-11 00:00:00+00:00,0.0,0.0024678340745161466,0.000852346745062639,0.0008640849623492034,0.0016456777386612263,-0.0022148305646080132,0.0015269750529261494,-0.008522810105973723,-0.0032991584062660433,0.012726798599738845,0.0008640849623492034,ridge100
2019-11-01 00:00:00+00:00,SPY,-0.0013968052891001337,2019-11-11 00:00:00+00:00,0.0,0.0015642514288429863,-0.00012156869311246765,-6.0204719131607685e-05,0.001701406464362028,0.0003134581972206923,-0.0006588098789484248,-0.0030310103351455296,0.004192621460943804,0.01731455537757324,-6.0204719131607685e-05,ridge100
2019-11-08 00:00:00+00:00,GLD,0.006031551685003356,2019-11-18 00:00:00+00:00,0.0,0.00032524242469716573,0.0009517749257822505,0.0011974763290309868,0.0027137342586089595,0.000611767080739272,-0.0029317136349758187,0.0011124514253935014,0.0035699726784790657,-0.012822197681215087,0.0011974763290309868,ridge100
2019-11-08 00:00:00+00:00,QQQ,0.01188748465826217,2019-11-18 00:00:00+00:00,0.0,0.0024678340745161466,0.0009643705499593811,0.0008882089221989978,-0.00023008890954042584,-0.0006782371380854822,-0.0036416134435658764,-0.0074832322724115745,-0.007918170454982155,-0.003466767525175059,0.0008882089221989978,ridge100
2019-11-08 00:00:00+00:00,SPY,0.013369480605753603,2019-11-18 00:00:00+00:00,0.0,0.0015642514288429863,8.97331830307091e-05,5.8878239182980904e-05,-0.0003065478414281009,8.27897077925008e-05,-0.002948808416677351,-0.0024621028552113556,-0.0048164148207156445,-0.00048742695929626157,5.8878239182980904e-05,ridge100
2019-11-15 00:00:00+00:00,GLD,-0.00809011194334186,2019-11-25 00:00:00+00:00,0.0,0.00032524242469716573,-0.0005437205220425328,-0.0003112961103369219,0.0008867945156164007,0.0001694219642690429,-0.0033954259446586756,-0.007405473711267201,-0.0012281376347563482,-0.0009612134653825661,-0.0003112961103369219,ridge100
2019-11-15 00:00:00+00:00,QQQ,0.0005432856454199442,2019-11-25 00:00:00+00:00,0.0,0.0024678340745161466,0.0013376079930419874,0.001284502761137071,0.0005284085060968255,0.00025148557449415285,-0.002351792008803186,-0.0036999598525925014,-0.004797937730254547,0.0003848753919322861,0.001284502761137071,ridge100
2019-11-15 00:00:00+00:00,SPY,0.0014443495338034573,2019-11-25 00:00:00+00:00,0.0,0.0015642514288429863,0.000446094478374435,0.0004381300292675169,-0.0002926046870493074,0.0002310683817580334,-0.0022774831466987056,-0.008500794887016933,-0.007319679722887076,-0.0011089477689233767,0.0004381300292675169,ridge100
2019-11-22 00:00:00+00:00,GLD,0.012525385014385382,2019-12-03 00:00:00+00:00,0.0,0.00032524242469716573,-3.40077407710132e-05,0.0002203665305734588,0.0001418357701213635,-0.0027158385260684986,-0.004052430979143365,-0.0036401605824710383,-0.002787480202154358,-0.001002119614992856,0.0002203665305734588,ridge100
2019-11-22 00:00:00+00:00,QQQ,-0.012284321243402285,2019-12-03 00:00:00+00:00,0.0,0.0024678340745161466,0.0022163753131597204,0.0021405952579975217,0.0013305891438312796,0.0021070754519109357,0.003228983087825208,0.007271101742306977,0.0024301522739137217,0.009783561095625892,0.0021405952579975217,ridge100
2019-11-22 00:00:00+00:00,SPY,-0.010673782671252408,2019-12-03 00:00:00+00:00,0.0,0.0015642514288429863,0.0009084532936006759,0.0008778836704065201,-5.497982193668839e-05,0.0004622490164562675,-0.0031772806421550446,-0.0007684223279753066,0.005593610436756125,0.00589106212880625,0.0008778836704065201,ridge100
2019-11-29 00:00:00+00:00,GLD,0.0034954536989337814,2019-12-09 00:00:00+00:00,0.0,0.00032524242469716573,-0.0003868662769000253,-0.00012388723412162767,0.0003794606352339826,-0.0004532879661549328,-0.003021211967904772,-0.0021664484639713844,-0.011245003417956548,-0.003947753045394664,-0.00012388723412162767,ridge100
2019-11-29 00:00:00+00:00,QQQ,-0.002340235230044785,2019-12-09 00:00:00+00:00,0.0,0.0024678340745161466,0.0013319798583763306,0.0012784350922192872,0.002899409902550507,0.0022807901698770608,0.001299659442262014,0.0058945701802596675,0.0019104123465732974,0.0005248270984771425,0.0012784350922192872,ridge100
2019-11-29 00:00:00+00:00,SPY,-0.00047691956960049797,2019-12-09 00:00:00+00:00,0.0,0.0015642514288429863,0.0005492979004578305,0.0005313448091950765,0.0003916730433926839,0.0010782778683734013,-0.0006731209991837511,-0.0012217876484732649,-0.0017808526736505354,-0.003807372909398582,0.0005313448091950765,ridge100
2019-12-06 00:00:00+00:00,GLD,0.010159607151521977,2019-12-16 00:00:00+00:00,0.0,0.00032524242469716573,-0.0002493991939026699,-6.687213520030322e-05,0.001168692379557916,-0.00044272068180968105,-0.005342132275714582,-0.012300131498040238,0.001634412141039438,-0.0040271007101820196,-6.687213520030322e-05,ridge100
2019-12-06 00:00:00+00:00,QQQ,0.019156538052569116,2019-12-16 00:00:00+00:00,0.0,0.0024678340745161466,0.0017756822427845483,0.0017575367873016842,-0.00045630985127949065,-0.0015478432401587927,-0.00010869806196117882,0.0013876168960077473,0.0027376479114141258,0.002580373719843882,0.0017575367873016842,ridge100
2019-12-06 00:00:00+00:00,SPY,0.01520178530496108,2019-12-16 00:00:00+00:00,0.0,0.0015642514288429863,0.000686873515942519,0.0007183462891773509,0.00012076134216051776,0.0007926476812446137,-0.002409543230008512,-0.0064137441336297495,-0.004198731614389325,0.000527137542709974,0.0007183462891773509,ridge100
2019-12-13 00:00:00+00:00,GLD,0.0023707028612751646,2019-12-23 00:00:00+00:00,0.0,0.00032524242469716573,-0.0010511398010943562,-0.000856826941433807,0.0010896575109810365,-0.00022272321089243272,-0.002117337829389179,-0.011761241227831218,0.0014870543097685357,-0.005273983911648543,-0.000856826941433807,ridge100
2019-12-13 00:00:00+00:00,QQQ,0.01874665072781334,2019-12-23 00:00:00+00:00,0.0,0.0024678340745161466,0.0011138310117883375,0.0010948224106041658,-0.00045630985127949065,-0.0015478432401587927,-0.0035627694274671996,-0.0027350612650503124,0.009056622168073649,0.019432246973876317,0.0010948224106041658,ridge100
2019-12-13 00:00:00+00:00,SPY,0.012377021213263895,2019-12-23 00:00:00+00:00,0.0,0.0015642514288429863,0.00015621659709399383,0.0001882323360819696,0.00012076134216051776,0.0009917293044617117,-0.0008632983155305457,-0.0016048185105156587,0.0074424000146670714,0.0222783959519642,0.0001882323360819696,ridge100
2019-12-20 00:00:00+00:00,GLD,0.027090939671517766,2019-12-31 00:00:00+00:00,0.0,0.00032524242469716573,-0.0011735423199821754,-0.0009710643079636508,-0.00036525059748059176,0.0003558154982825122,-0.0009671456278685936,-0.006635864481224306,0.0018425361186205252,0.0037338885159082296,-0.0009710643079636508,ridge100
2019-12-20 00:00:00+00:00,QQQ,-0.0022169397534798074,2019-12-31 00:00:00+00:00,0.0,0.0024678340745161466,0.0006177391071962132,0.0005234402330220767,-0.0012544065949406328,-0.0004456183263076017,-0.0012704904287390263,0.0012056009045423278,-0.005097155075660027,-0.023769347691415265,0.0005234402330220767,ridge100
2019-12-20 00:00:00+00:00,SPY,-0.003295748691885203,2019-12-31 00:00:00+00:00,0.0,0.0015642514288429863,4.188100101238573e-05,2.8099166810913457e-05,0.0024752220036221725,0.0024760844601710696,-0.0047767454099003235,-0.010709720225914805,-0.005545460857061639,-0.022213488952678096,2.8099166810913457e-05,ridge100
2019-12-27 00:00:00+00:00,GLD,0.035143166746799626,2020-01-07 00:00:00+00:00,0.0,0.00032524242469716573,-0.0022967765945779888,-0.0021024439412304727,0.002882682719363715,0.004657530215511513,0.005169669448779893,0.008411661309341881,-0.0016385622922826248,-0.002168709758657362,-0.0021024439412304727,ridge100
2019-12-27 00:00:00+00:00,QQQ,0.01002334953667483,2020-01-07 00:00:00+00:00,0.0,0.0024678340745161466,0.00040108825114683805,0.00025168627757155725,-0.003259718491070324,-0.00455833205824284,-0.0038254769867056694,0.001265643894857439,-0.0017311955690478948,-0.004217366855942105,0.00025168627757155725,ridge100
2019-12-27 00:00:00+00:00,SPY,0.00021636519191958747,2020-01-07 00:00:00+00:00,0.0,0.0015642514288429863,-0.00012520229903576486,-0.00019893541596481128,-0.00029431118328411386,4.094091679293553e-05,-0.0012723055500519253,-0.0029690239311307596,-0.0015313247002828728,-0.0010088798809704642,-0.00019893541596481128,ridge100
2020-01-03 00:00:00+00:00,GLD,-0.014079737964943884,2020-01-13 00:00:00+00:00,0.0,0.0009114183428072678,-0.0028241136380887113,-0.0026204910330097065,0.0017587312479988334,0.0022456419131921122,0.005073480577758681,-0.001790648255964188,-0.010080344003796102,-0.011384678229543914,-0.0026204910330097065,ridge100
2020-01-03 00:00:00+00:00,QQQ,0.03214106999860311,2020-01-13 00:00:00+00:00,0.0,0.003335850026527211,0.002018632098550291,0.0017934807089422362,-0.006344691650352218,-0.00759472202320829,-0.00017509084979558387,0.004484076373133655,0.006482279253956967,-0.004703612214723669,0.0017934807089422362,ridge100
2020-01-03 00:00:00+00:00,SPY,0.01840929694014748,2020-01-13 00:00:00+00:00,0.0,0.0023682002582347517,0.0016096383521465951,0.001429826573876522,0.002470850652502641,0.0013929403290844672,2.9130019576708578e-05,-0.0015010812754150781,0.003298698219537098,-0.0035262271552316533,0.001429826573876522,ridge100
2020-01-10 00:00:00+00:00,GLD,-0.0039631144985702305,2020-01-21 00:00:00+00:00,0.0,0.0009114183428072678,-0.0022004690357613427,-0.0020609274211721316,0.000805913759495101,0.0014049185128606587,0.00041893585667313716,-0.0026557845916330546,-0.010438975507742447,0.008267314175853444,-0.0020609274211721316,ridge100
2020-01-10 00:00:00+00:00,QQQ,0.015638543943728545,2020-01-21 00:00:00+00:00,0.0,0.003335850026527211,0.0006721718625842171,0.0005603965534890392,-0.0041362208083892855,-0.004836312219390411,-0.002009131968831026,-0.004650507577213536,-0.006998634782023228,-0.004417514587839786,0.0005603965534890392,ridge100
2020-01-10 00:00:00+00:00,SPY,0.013817834067845647,2020-01-21 00:00:00+00:00,0.0,0.0023682002582347517,0.0007782478156134664,0.0006879897239519128,0.0023746244899414833,0.0010618278347145505,0.00016858584312946955,-0.000165688905764787,0.005542644669243986,0.00929401293997386,0.0006879897239519128,ridge100
2020-01-17 00:00:00+00:00,GLD,0.017767690622068066,2020-01-28 00:00:00+00:00,0.0,0.0009114183428072678,-0.0017389072868978879,-0.0016031823245347587,0.00016079560627598025,0.0005268848325882488,-0.0001271187487118608,0.0010680288491852151,-0.010450809477866176,0.005805185655924907,-0.0016031823245347587,ridge100
2020-01-17 00:00:00+00:00,QQQ,-0.014006299774985576,2020-01-28 00:00:00+00:00,0.0,0.003335850026527211,-2.6278211176622437e-07,-0.0001280482278546996,-0.004302805235268576,-0.004353404924359252,-0.0050556314449030516,-0.003283261872694056,-0.009944713118100485,-0.006803771443228334,-0.0001280482278546996,ridge100
2020-01-17 00:00:00+00:00,SPY,-0.01764882517577815,2020-01-28 00:00:00+00:00,0.0,0.0023682002582347517,-8.506317041183542e-05,-0.0001632179685556534,0.0021180406917407353,0.0012306603067578374,0.0001727324022821314,-0.0034744447566747595,-0.006233212031282472,0.0006391809050104214,-0.0001632179685556534,ridge100
2020-01-24 00:00:00+00:00,GLD,-0.0038863696710413898,2020-02-03 00:00:00+00:00,0.0,0.0009114183428072678,-0.0023944875118000397,-0.0022389406131152543,0.000785910857790455,0.001775125158860793,0.00234439955034038,-0.0010865492761947537,0.0212683800827439,-0.006655296184597965,-0.0022389406131152543,ridge100
2020-01-24 00:00:00+00:00,QQQ,0.011347185890738798,2020-02-03 00:00:00+00:00,0.0,0.003335850026527211,0.00016965710151356172,0.0001339506085973474,-0.004041732066273533,-0.003019915614865284,-0.006349047542837443,-0.007395414715584997,0.0019740249806733693,0.004282938890887881,0.0001339506085973474,ridge100
2020-01-24 00:00:00+00:00,SPY,0.000990908865661444,2020-02-03 00:00:00+00:00,0.0,0.0023682002582347517,0.0005256096867701659,0.0004997549998585915,0.002269870310162696,0.0015750703602860807,0.0019706381687112436,0.0012993756352418994,-0.001751551304973734,-0.004414974469682965,0.0004997549998585915,ridge100
2020-01-31 00:00:00+00:00,GLD,-0.003027020968363381,2020-02-10 00:00:00+00:00,0.0,0.0009114183428072678,-0.0024268432887118428,-0.0022467858230502467,7.604432820183884e-05,-0.0016268198493357058,0.002211894515773325,0.0005278388721792982,0.0012525924498347058,-0.014017197209866692,-0.0022467858230502467,ridge100
2020-01-31 00:00:00+00:00,QQQ,0.03770329571440767,2020-02-10 00:00:00+00:00,0.0,0.003335850026527211,0.0018750621910049719,0.0018541260402198945,-0.004504853389723801,-0.005546945003809478,0.0021138499647780713,0.005267493613510422,-0.003380768441111978,0.009742669721281455,0.0018541260402198945,ridge100
2020-01-31 00:00:00+00:00,SPY,0.024369471401255227,2020-02-10 00:00:00+00:00,0.0,0.0023682002582347517,0.002142532659901132,0.0021319901745311502,0.003783453228580971,0.003795403193813385,0.0073425525285815895,0.004963469217224402,-0.013230174958110203,0.0020540880509815544,0.0021319901745311502,ridge100
2020-02-07 00:00:00+00:00,GLD,0.011267782830409079,2020-02-18 00:00:00+00:00,0.0,0.0009114183428072678,-0.0009173617734961054,-0.0008664663559688379,0.002426865338190977,0.0027085617380961952,4.87533950690755e-05,-0.0005233279312112948,0.0012095223294238922,-0.016200789652439054,-0.0008664663559688379,ridge100
2020-02-07 00:00:00+00:00,QQQ,0.022150142267818085,2020-02-18 00:00:00+00:00,0.0,0.003335850026527211,-0.0006640584161173035,-0.0006623381136839457,-0.003229752023462286,-0.0038259712798168178,-0.0036702395197399317,-0.0005860892131527539,-0.011591313308697537,-0.02539799088005632,-0.0006623381136839457,ridge100
2020-02-07 00:00:00+00:00,SPY,0.01594065153915758,2020-02-18 00:00:00+00:00,0.0,0.0023682002582347517,-6.15286022828171e-05,-4.032853276109194e-05,-0.0004074563038100222,-0.001020060998593994,0.0008763181119687863,-5.3788106979465455e-05,-0.010791466952280416,-0.012387063746261686,-4.032853276109194e-05,ridge100
2020-02-14 00:00:00+00:00,GLD,0.03496123607996959,2020-02-25 00:00:00+00:00,0.0,0.0009114183428072678,-0.001430239429090878,-0.0013656603001035005,0.002765447677109965,0.0034784564424047214,-0.0011006528019801586,0.001827548848064302,0.010793214848097248,0.006652665360027454,-0.0013656603001035005,ridge100
2020-02-14 00:00:00+00:00,QQQ,-0.043897190877931536,2020-02-25 00:00:00+00:00,0.0,0.003335850026527211,-0.0007623857686099656,-0.0007314041800029342,-0.0028751604565938954,-0.003723636141791756,-0.00988675449643541,-0.014751479658711136,-0.0011501172880225329,-0.038056412447589526,-0.0007314041800029342,ridge100
2020-02-14 00:00:00+00:00,SPY,-0.03735384107239492,2020-02-25 00:00:00+00:00,0.0,0.0023682002582347517,-0.00012016427250451045,-6.497522134513378e-05,-0.0038098476382144664,-0.003894161197268582,0.00010644909031892302,-0.0014585938301186958,0.00209804539304702,-0.00835390666095819,-6.497522134513378e-05,ridge100
2020-02-21 00:00:00+00:00,GLD,-0.05362776025236593,2020-03-02 00:00:00+00:00,0.0,0.0009114183428072678,-0.002853769698304979,-0.0028244959050701623,0.001964363704418114,0.003300377074714771,-4.1942093101283165e-05,-0.014203238831014223,-0.0010434495622815077,-0.009879483930548476,-0.0028244959050701623,ridge100
2020-02-21 00:00:00+00:00,QQQ,-0.05774081840439793,2020-03-02 00:00:00+00:00,0.0,0.003335850026527211,0.0016014765745656434,0.0015743583797132904,-0.003292921672173127,-0.0036262360074433234,-0.0007068725091712213,-0.002168686100899766,0.015152916876324442,0.000606422280912679,0.0015743583797132904,ridge100
2020-02-21 00:00:00+00:00,SPY,-0.0771492115968685,2020-03-02 00:00:00+00:00,0.0,0.0023682002582347517,0.0008722495513533823,0.0009158080524279089,0.0005140266872532602,-0.0002849234693521816,0.004099432988347228,0.0009863682738977552,0.007628387954380743,0.004177032694014357,0.0009158080524279089,ridge100
2020-02-28 00:00:00+00:00,GLD,0.05733337402343741,2020-03-09 00:00:00+00:00,0.0,0.0009114183428072678,0.00186602429490277,0.0018484483256712007,0.005475783370753314,0.00441410202352165,-0.002457631719933423,-0.00032135619443661944,0.010674040994827348,0.022156771580055353,0.0018484483256712007,ridge100
2020-02-28 00:00:00+00:00,QQQ,-0.07372656049713389,2020-03-09 00:00:00+00:00,0.0,0.003335850026527211,0.010300094968569162,0.010128014577457238,0.010841218773692256,0.012763654065927041,0.02301068625217865,0.015182729692032134,0.027445937757067575,-0.004629483107302461,0.010128014577457238,ridge100
2020-02-28 00:00:00+00:00,SPY,-0.07682481429599153,2020-03-09 00:00:00+00:00,0.0,0.0023682002582347517,0.009675836705395909,0.009573996999588788,0.01204189802672573,0.014937773271581882,0.024479873590809005,0.0011675817905220664,0.028699416410485044,0.007655687342653559,0.009573996999588788,ridge100
2020-03-06 00:00:00+00:00,GLD,-0.1326608306130166,2020-03-16 00:00:00+00:00,0.0,0.0009114183428072678,-0.0023168326524932335,-0.002306007586757627,-0.002473287580836953,-0.0027914997525170693,0.0010923029275749351,-0.003706101741827169,-0.01091132135620822,-0.03368043920545575,-0.002306007586757627,ridge100
2020-03-06 00:00:00+00:00,QQQ,-0.09990693470986878,2020-03-16 00:00:00+00:00,0.0,0.003335850026527211,0.008146246419113032,0.00804396567369678,0.006868944748057893,0.0088007721792638,0.014907182591628683,0.021990116470716733,0.019741722043678748,0.017494397491725502,0.00804396567369678,ridge100
2020-03-06 00:00:00+00:00,SPY,-0.12393773263939578,2020-03-16 00:00:00+00:00,0.0,0.0023682002582347517,0.00780299311567751,0.007761098882992656,0.006927845495026768,0.009329881907343315,0.013455711162904076,0.040826887375979524,0.01356977186933737,0.03513282419337365,0.007761098882992656,ridge100
2020-03-13 00:00:00+00:00,GLD,0.0372200872932309,2020-03-23 00:00:00+00:00,0.0,0.0009114183428072678,0.006113822808437115,0.006059027663492158,0.0053701395174755515,0.0014400164846821448,-0.0026399999000029594,-0.019491996577115322,-0.02186086326321363,-0.013985176517844358,0.006059027663492158,ridge100
2020-03-13 00:00:00+00:00,QQQ,-0.016455777394564386,2020-03-23 00:00:00+00:00,0.0,0.003335850026527211,0.015517213420274473,0.01550525020066249,0.0041969156950219496,0.0038825235467218307,0.013312471326937456,0.023730457286632266,0.03245981466811008,-0.01167626483603158,0.01550525020066249,ridge100
2020-03-13 00:00:00+00:00,SPY,-0.04829634337926769,2020-03-23 00:00:00+00:00,0.0,0.0023682002582347517,0.016551600479592303,0.016568982974434134,0.017355922819920842,0.01872838391706488,0.013085336611204767,0.0447312697615701,0.04171951859237563,-0.04838437949882711,0.016568982974434134,ridge100
2020-03-20 00:00:00+00:00,GLD,0.06819464175638212,2020-03-30 00:00:00+00:00,0.0,0.0009114183428072678,0.005732354686031544,0.0056831012946431,0.00632786107332835,0.008583303198286247,0.0013115339713248297,-0.004149411118992797,-0.0060578234531675134,0.019726704094915178,0.0056831012946431,ridge100
2020-03-20 00:00:00+00:00,QQQ,0.09443019857321455,2020-03-30 00:00:00+00:00,0.0,0.003335850026527211,0.022787347653916747,0.022686222940652652,0.01745051966827223,0.01826896465556414,0.016985790961889565,0.04031998310947077,0.0031660462242430964,0.04482922691481109,0.022686222940652652,ridge100
2020-03-20 00:00:00+00:00,SPY,0.12055722865400553,2020-03-30 00:00:00+00:00,0.0,0.0023682002582347517,0.02540807731676341,0.025256535252350186,0.017355922819920842,0.01872838391706488,0.025173468276268922,0.06367990848056253,0.011575885992967381,0.08021128361885116,0.025256535252350186,ridge100
2020-03-27 00:00:00+00:00,GLD,0.011482185932359945,2020-04-06 00:00:00+00:00,0.0,0.0009114183428072678,-0.0006505803469655985,-0.0005096239208277842,0.0011886280447377957,-0.001682519432371872,0.014612649027424549,0.016776253003013285,-0.011944692005553214,-0.07086624372257319,-0.0005096239208277842,ridge100
2020-03-27 00:00:00+00:00,QQQ,0.018282803134900494,2020-04-06 00:00:00+00:00,0.0,0.003335850026527211,0.015540941350487962,0.015493260470785981,0.001848815456159894,0.0036162626238806133,0.01489150132222338,0.025101434666865683,-0.052004896439889904,-0.026471501680743012,0.015493260470785981,ridge100
2020-03-27 00:00:00+00:00,SPY,0.008369184687602171,2020-04-06 00:00:00+00:00,0.0,0.0023682002582347517,0.017474905982301725,0.017367563018286215,0.014772125807722832,0.01695310969616251,0.016618171919941225,0.04314953696099133,-0.05674566566526051,-0.028357237167762762,0.017367563018286215,ridge100
2020-04-03 00:00:00+00:00,GLD,0.055591540359674285,2020-04-14 00:00:00+00:00,0.0,0.0009114183428072678,0.0005535996250081915,0.0008503461375151611,0.0023806386399540065,-0.0003161109319634932,0.0012234609665016472,0.01860534907187601,-0.00458467123707616,0.00882197166915141,0.0008503461375151611,ridge100
2020-04-03 00:00:00+00:00,QQQ,0.08793604143055833,2020-04-14 00:00:00+00:00,0.0,0.003335850026527211,0.017540912728760582,0.01757887509172181,0.013893902265865838,0.01583543525690547,0.0060606484060666075,0.019922776568391504,0.009182515534752033,-0.03708399787288302,0.01757887509172181,ridge100
2020-04-03 00:00:00+00:00,SPY,0.08974552002483294,2020-04-14 00:00:00+00:00,0.0,0.0023682002582347517,0.02047366096753693,0.020423600185803536,0.01345003568351991,0.016349257227553652,0.00860859849793538,0.032243678963182656,0.008486634282264056,-0.03479758377002293,0.020423600185803536,ridge100
2020-04-09 00:00:00+00:00,GLD,-0.003455444229973792,2020-04-20 00:00:00+00:00,0.0,0.0009114183428072678,-0.0022760304754019887,-0.0019864379046299,-0.0017675180354737464,-0.004032267026557404,0.003463931558258152,-0.0049445379069851525,-0.021515377118182775,0.0334573109296898,-0.0019864379046299,ridge100
2020-04-09 00:00:00+00:00,QQQ,0.06680010279031712,2020-04-20 00:00:00+00:00,0.0,0.003335850026527211,0.01029261907042267,0.010419782443240735,-0.0017727622797481465,-0.007227490633232263,0.018026776203979057,0.015221354445176338,0.018591987462854308,0.034553250611673775,0.010419782443240735,ridge100
2020-04-09 00:00:00+00:00,SPY,0.019737152001256586,2020-04-20 00:00:00+00:00,0.0,0.0023682002582347517,0.011861720121791043,0.011894652408245675,-0.0006373297274302307,-0.002585132484066204,0.022581761627724198,0.03809177238926794,0.04623102612449426,0.0188027853084601,0.011894652408245675,ridge100
2020-04-17 00:00:00+00:00,GLD,0.020552325469538113,2020-04-27 00:00:00+00:00,0.0,0.0009114183428072678,-0.0009091098867742176,-0.0007005392616201123,-0.0008259180196547946,-0.0015588309591096459,-0.008183537263293824,0.01063501864008089,0.005224155312587695,-0.03816304433102283,-0.0007005392616201123,ridge100
2020-04-17 00:00:00+00:00,QQQ,0.013264158950584859,2020-04-27 00:00:00+00:00,0.0,0.003335850026527211,0.005099323258724569,0.005428556388213886,0.004197280210911132,-0.00045445543078714997,0.019595875590426373,-0.012140971286409253,-0.04368152594007811,-0.010655935209341612,0.005428556388213886,ridge100
2020-04-17 00:00:00+00:00,SPY,0.008881928478696954,2020-04-27 00:00:00+00:00,0.0,0.0023682002582347517,0.009939369232953675,0.010096906775317547,-0.0008563783328626321,-0.004436696184253696,0.027923945691875365,0.09101061653059456,-0.04879486212961,-0.03342857103835954,0.010096906775317547,ridge100
2020-04-24 00:00:00+00:00,GLD,-0.00957501238574765,2020-05-04 00:00:00+00:00,0.0,0.0009114183428072678,-0.0029312637666593254,-0.0025873554028615063,0.0007376770243781379,0.0013367485482267127,-0.00434460282107519,-0.03639913060773497,0.01552646570612184,0.026301295679122386,-0.0025873554028615063,ridge100
2020-04-24 00:00:00+00:00,QQQ,-0.021878973811585323,2020-05-04 00:00:00+00:00,0.0,0.003335850026527211,0.006709004993359745,0.00710192240916253,0.0032244598207027534,0.0007137386827360923,0.020401314564287718,0.02883229969970964,0.02429715908342681,0.011989396890091217,0.00710192240916253,ridge100
2020-04-24 00:00:00+00:00,SPY,-0.015362014838967042,2020-05-04 00:00:00+00:00,0.0,0.0023682002582347517,0.010853883530449138,0.011057809286990676,-0.0018291987230710093,-0.002278431037051451,0.029608655521880217,0.13266216486969412,0.025960961727067442,0.041974851244348216,0.011057809286990676,ridge100
2020-05-01 00:00:00+00:00,GLD,6.233709674918764e-05,2020-05-11 00:00:00+00:00,0.0,0.0009114183428072678,-0.0012525874938700654,-0.0009685862595106204,0.0049559601199759265,0.005712893092208995,-0.003056825555976342,-0.025368669466738467,-0.007310964256813182,-0.02059417313758557,-0.0009685862595106204,ridge100
2020-05-01 00:00:00+00:00,QQQ,0.056890148860987866,2020-05-11 00:00:00+00:00,0.0,0.003335850026527211,0.006454527747107376,0.006881763508581464,0.003713103813318598,0.000400290525194271,0.02414076805782548,0.026542571476708073,0.022902319251662143,0.028789622175428638,0.006881763508581464,ridge100
2020-05-01 00:00:00+00:00,SPY,0.03419507410988731,2020-05-11 00:00:00+00:00,0.0,0.0023682002582347517,0.0100176638123734,0.010242428841683556,-0.0018291987230710093,-0.0023864630430197554,0.03512736647709613,0.12804939297326912,0.029218937503172993,0.016769992640084316,0.010242428841683556,ridge100
2020-05-08 00:00:00+00:00,GLD,0.024884655009943746,2020-05-18 00:00:00+00:00,0.0,0.0009114183428072678,-0.0017504230569377755,-0.0014346228312424425,0.004576438092984919,0.005393173509416876,-0.0014875868277135086,-0.023719443109902746,-0.015413855024087599,0.0017079277895530327,-0.0014346228312424425,ridge100
2020-05-08 00:00:00+00:00,QQQ,0.012483752441746265,2020-05-18 00:00:00+00:00,0.0,0.003335850026527211,0.002335965236625241,0.0029479260601917973,0.0013920014542241213,-0.0015814286925086227,0.016457369561048537,0.0012952689254369354,0.01590693426275735,0.010924217640232587,0.0029479260601917973,ridge100
2020-05-08 00:00:00+00:00,SPY,0.009334338848668855,2020-05-18 00:00:00+00:00,0.0,0.0023682002582347517,0.007388759644261864,0.007767160305485099,-3.640742107657724e-05,0.00027182048520936285,0.0380838751550024,0.08080283262904038,0.026357237963030338,0.01288527087497278,0.007767160305485099,ridge100
2020-05-15 00:00:00+00:00,GLD,-0.01064930311264256,2020-05-26 00:00:00+00:00,0.0,0.0009114183428072678,-0.0030545565889651917,-0.0026572067355999994,0.0017292699409865561,0.00244168826891173,-0.005900873928670876,-0.03790420112594627,0.00489822698213633,0.0022365670451891567,-0.0026572067355999994,ridge100
2020-05-15 00:00:00+00:00,QQQ,0.031288695315809134,2020-05-26 00:00:00+00:00,0.0,0.003335850026527211,0.0031058047062756445,0.0038433532887733515,0.0015355112549829447,-0.0012035834089105838,0.012761694040167732,0.02151629002409452,0.03291547234104601,0.02456669151452554,0.0038433532887733515,ridge100
2020-05-15 00:00:00+00:00,SPY,0.030301853323343897,2020-05-26 00:00:00+00:00,0.0,0.0023682002582347517,0.009099460767381589,0.009504390552640131,0.0037352225290754304,0.007913783927328886,0.037330868764851845,0.11735662868225379,0.027081468092335567,0.04207994593681629,0.009504390552640131,ridge100
2020-05-22 00:00:00+00:00,GLD,0.00805755654963658,2020-06-02 00:00:00+00:00,0.0,0.0009114183428072678,-0.002060447083653756,-0.0016470042054343027,0.002130191566961724,0.001873320241365849,-0.002299300072996805,-0.01884027615253186,0.0008050797297515005,0.00020065095924799158,-0.0016470042054343027,ridge100
2020-05-22 00:00:00+00:00,QQQ,0.0048848781526791285,2020-06-02 00:00:00+00:00,0.0,0.003335850026527211,0.0022971594084308967,0.002684817378909001,0.00040704124714632426,0.0011315419384829877,0.01621832953700083,-0.005312220267474607,0.007905227486164429,0.040859382830779716,0.002684817378909001,ridge100
2020-05-22 00:00:00+00:00,SPY,0.015301237570094939,2020-06-02 00:00:00+00:00,0.0,0.0023682002582347517,0.005800424690576282,0.006072741919328187,0.009769935429827792,0.009203277806818845,0.027376798876672003,0.03581472556662362,0.0034407795758527827,0.02205326419328914,0.006072741919328187,ridge100
2020-05-29 00:00:00+00:00,GLD,-0.02467471346453287,2020-06-08 00:00:00+00:00,0.0,0.0009114183428072678,-0.0016927643793643705,-0.0013497312147800233,0.0032361073008291426,0.004387782995713451,-0.00430870028458978,-0.02866006025329271,0.005299874572726289,0.007137976415644152,-0.0013497312147800233,ridge100
2020-05-29 00:00:00+00:00,QQQ,0.030456809120706918,2020-06-08 00:00:00+00:00,0.0,0.003335850026527211,0.0011333455655493584,0.001687893346916135,0.001390574632028436,0.002754831843683747,0.011874336412423333,-0.016073449153669657,0.010734593154240777,0.013222943837916818,0.001687893346916135,ridge100
2020-05-29 00:00:00+00:00,SPY,0.05467376568733662,2020-06-08 00:00:00+00:00,0.0,0.0023682002582347517,0.003248317559730306,0.003746571772635336,0.009030597818634665,0.009106664763703996,0.013803565228854278,-0.008412082819077299,0.02271706644295592,0.0034021447374969656,0.003746571772635336,ridge100
2020-06-05 00:00:00+00:00,GLD,0.010195156942749195,2020-06-15 00:00:00+00:00,0.0,0.0009114183428072678,0.0005639171943774407,0.000869105035324178,0.00842800694556885,0.00808156901514048,0.003580550504361656,0.0013668721071823963,0.009939092139021288,0.0017924933743914033,0.000869105035324178,ridge100
2020-06-05 00:00:00+00:00,QQQ,-0.029640184831826955,2020-06-15 00:00:00+00:00,0.0,0.003335850026527211,0.0013413724280642958,0.0015195798571793996,0.0012239902051491456,0.0018488661982928123,0.014637919548628996,-0.0334635460751077,0.0013804895629070458,-0.003148266120286309,0.0015195798571793996,ridge100
2020-06-05 00:00:00+00:00,SPY,-0.06932754458885537,2020-06-15 00:00:00+00:00,0.0,0.0023682002582347517,0.0028905453545788845,0.00295336708639141,0.006408103308584056,0.005668604096669744,0.014051316752215399,-0.03572502297662949,-0.010742021597618395,0.004646760298113725,0.00295336708639141,ridge100
2020-06-12 00:00:00+00:00,GLD,0.028283037411504175,2020-06-22 00:00:00+00:00,0.0,0.0009114183428072678,-0.0008817674553974841,-0.0008263758095785512,0.005172382888087964,0.00612002854443541,0.005187628088237473,-0.012014996825384988,0.013176536372393141,0.020800838890103562,-0.0008263758095785512,ridge100
2020-06-12 00:00:00+00:00,QQQ,0.05017958674305034,2020-06-22 00:00:00+00:00,0.0,0.003335850026527211,0.0055615166997090406,0.005142387213268063,0.0002726344999103528,0.0011968716835304984,0.02890904980099491,0.01224866756945636,-0.0015077091872866177,0.007670276923174692,0.005142387213268063,ridge100
2020-06-12 00:00:00+00:00,SPY,0.038001912913618874,2020-06-22 00:00:00+00:00,0.0,0.0023682002582347517,0.009143937866651432,0.008585056084563326,0.005507932698069983,0.006297736034425555,0.030038611482118775,0.02521919347113948,-0.0019938514288753563,-0.027011310692623847,0.008585056084563326,ridge100
2020-06-19 00:00:00+00:00,GLD,0.009087604641866864,2020-06-29 00:00:00+00:00,0.0,0.0009114183428072678,-0.0021159806293914517,-0.0018767594772498165,-0.00022279801778891627,-0.000703780987419425,-0.00013239733196417246,-0.002597203301480589,-0.013029311025586958,-0.010552542165125876,-0.0018767594772498165,ridge100
2020-06-19 00:00:00+00:00,QQQ,-0.015224870320192374,2020-06-29 00:00:00+00:00,0.0,0.003335850026527211,0.002672551590606351,0.0023453547229784016,0.0005387628610489405,0.0014871046435383079,0.015420906668571375,0.011735826524721098,0.004200858375454198,0.017118082729961123,0.0023453547229784016,ridge100
2020-06-19 00:00:00+00:00,SPY,-0.021364346307525817,2020-06-29 00:00:00+00:00,0.0,0.0023682002582347517,0.006576297928330406,0.006078487416401761,0.007665218445308196,0.007590642580436637,0.026285461363665448,0.03326139567870081,0.0010792411088129572,-0.018753426250225604,0.006078487416401761,ridge100
2020-06-26 00:00:00+00:00,GLD,0.005103302809647436,2020-07-07 00:00:00+00:00,0.0,0.0009114183428072678,-0.0028570818124729292,-0.0026581580518376478,0.00041399623562755796,0.0011368026901431244,-1.703253540141836e-05,-0.004567118001606061,-0.013728082854923676,-0.005983180678169737,-0.0026581580518376478,ridge100
2020-06-26 00:00:00+00:00,QQQ,0.07567616247140863,2020-07-07 00:00:00+00:00,0.0,0.003335850026527211,0.005261104797818099,0.004846425502067428,0.0002726344999103528,0.0009151653875313173,0.0226980954054017,0.012925345150467482,0.01554388457804707,0.02319095702823342,0.004846425502067428,ridge100
2020-06-26 00:00:00+00:00,SPY,0.04634890519669499,2020-07-07 00:00:00+00:00,0.0,0.0023682002582347517,0.008996604956208404,0.008450413398911756,0.0002558398958056189,-0.002176443572403632,0.032058491540358294,0.02591611796820779,0.02304209333798034,0.04429034877773467,0.008450413398911756,ridge100
2020-07-02 00:00:00+00:00,GLD,0.015141539708690477,2020-07-13 00:00:00+00:00,0.0,0.0009114183428072678,-0.002989905622879164,-0.002717012851546429,-0.002622873140474177,-0.004048238975433033,-0.001759763357642351,-0.008691597961610485,-0.00028779104076424476,-0.019239979345222105,-0.002717012851546429,ridge100
2020-07-02 00:00:00+00:00,QQQ,0.0448618041611204,2020-07-13 00:00:00+00:00,0.0,0.003335850026527211,0.001589084407611892,0.0013968289048918348,0.001092268591246529,0.0014933034932374917,0.000468778475297299,-0.01234129251124903,-0.013115006171624595,-0.009924927917059552,0.0013968289048918348,ridge100
2020-07-02 00:00:00+00:00,SPY,0.011884938427076719,2020-07-13 00:00:00+00:00,0.0,0.0023682002582347517,0.005548230100623911,0.0052356164649692925,0.0015420190996096404,-0.0006472594489781556,0.01586861688783613,0.018420754947425157,-0.026960128295998084,0.0013268364708045417,0.0052356164649692925,ridge100
2020-07-10 00:00:00+00:00,GLD,0.002760004928260118,2020-07-20 00:00:00+00:00,0.0,0.0009114183428072678,-0.0039141332566552415,-0.003574961720857869,-0.005942818774595272,-0.007712630166729356,-0.001518547314377408,-0.02227818236632141,0.00931914032909149,0.0029704213106410064,-0.003574961720857869,ridge100
2020-07-10 00:00:00+00:00,QQQ,-0.025589051539471885,2020-07-20 00:00:00+00:00,0.0,0.003335850026527211,-0.0012183447847564299,-0.0012644732094619388,0.0012239902051491456,0.0018488661982928123,-0.011592392775361495,-0.024038826494809987,0.013019684671478378,0.011023007106771485,-0.0012644732094619388,ridge100
2020-07-10 00:00:00+00:00,SPY,0.004060740519364225,2020-07-20 00:00:00+00:00,0.0,0.0023682002582347517,0.0035524235233970135,0.0033589480002823467,0.006574687735463346,0.0065745697420606765,0.005242871352167261,0.005327203228129563,0.008717840332027896,0.005663343038450441,0.0033589480002823467,ridge100
2020-07-17 00:00:00+00:00,GLD,0.06494502198075258,2020-07-27 00:00:00+00:00,0.0,0.0009114183428072678,-0.0033451533488419094,-0.0030493457033074324,-0.005034349054737536,-0.007499937349000859,-0.0003736241737221624,-0.020222056272153538,0.005378477445842563,-0.006688550457689766,-0.0030493457033074324,ridge100
2020-07-17 00:00:00+00:00,QQQ,-0.010842763985249082,2020-07-27 00:00:00+00:00,0.0,0.003335850026527211,0.0010384566422596785,0.0010041894152525153,-0.0055899953277625146,-0.0056433628061091645,0.002140593141029238,-0.025607614901068235,0.011544945998773643,0.0056083787572239,0.0010041894152525153,ridge100
2020-07-17 00:00:00+00:00,SPY,0.0006221906382453124,2020-07-27 00:00:00+00:00,0.0,0.0023682002582347517,0.002745724364109785,0.002601787772129391,0.005673646422223527,0.006222448418942708,0.004384278047552922,0.003458441811270684,0.006707182367577173,0.0012056229453729457,0.002601787772129391,ridge100
2020-07-24 00:00:00+00:00,GLD,0.017596903166561706,2020-08-03 00:00:00+00:00,0.0,0.0009114183428072678,-0.004889820948107851,-0.004634188528245456,-0.003900932359511632,-0.004956897217603982,-0.005007721517268708,-0.04184991731988739,0.0017120246644582193,0.004579248352876732,-0.004634188528245456,ridge100
2020-07-24 00:00:00+00:00,QQQ,0.041747699019857754,2020-08-03 00:00:00+00:00,0.0,0.003335850026527211,0.0021806216777435408,0.0021833053597459144,-0.005102424588571968,-0.004133951639198683,0.004961522674684891,-0.0022421640872046524,-0.015922031097174657,-0.007279063233333875,0.0021833053597459144,ridge100
2020-07-24 00:00:00+00:00,SPY,0.020800265770363646,2020-08-03 00:00:00+00:00,0.0,0.0023682002582347517,0.003054856687817486,0.0029942230535357495,0.0024628610343958284,0.003379961473455166,0.002809149939568556,0.004137537686531797,0.001969398036538393,-0.009613998996281188,0.0029942230535357495,ridge100
2020-07-31 00:00:00+00:00,GLD,0.03323422747939242,2020-08-10 00:00:00+00:00,0.0,0.0009114183428072678,-0.005324517731914823,-0.005132102446860002,-0.004302805235268576,-0.004415994717376752,-0.008160985928986213,-0.03953908292890706,-0.005763824045843805,-0.013395542525607979,-0.005132102446860002,ridge100
2020-07-31 00:00:00+00:00,QQQ,0.0140672674213147,2020-08-10 00:00:00+00:00,0.0,0.003335850026527211,-0.0008629088925639006,-0.0008106522476006323,-0.004505660450201565,-0.003971034100229981,-0.005231621387771227,-0.016634729241804296,-0.0042118202265803316,0.00915021952413885,-0.0008106522476006323,ridge100
2020-07-31 00:00:00+00:00,SPY,0.020528550771873988,2020-08-10 00:00:00+00:00,0.0,0.0023682002582347517,0.001702074676160537,0.001591437647689105,0.0019188173757010818,0.0014416288038048622,0.0017095129892967442,-0.008893101565263463,0.004356471714187523,-0.0015133240669227982,0.001591437647689105,ridge100
2020-08-07 00:00:00+00:00,GLD,-0.034048088968318346,2020-08-17 00:00:00+00:00,0.0,0.0009114183428072678,-0.005004118754259855,-0.004824557816390775,-0.003158514924937157,-0.0031532613072715724,-0.01376867108060106,-0.03707674329111534,0.01871591205635825,0.005827825549210832,-0.004824557816390775,ridge100
2020-08-07 00:00:00+00:00,QQQ,0.007947632348286326,2020-08-17 00:00:00+00:00,0.0,0.003335850026527211,-0.0005245807036213068,-0.0004911731071276177,-0.004836296227433379,-0.004096022555467527,0.0028167511145325676,-0.027670815625634736,0.002593773594588035,0.029144433142099663,-0.0004911731071276177,ridge100
2020-08-07 00:00:00+00:00,SPY,0.008595894506010282,2020-08-17 00:00:00+00:00,0.0,0.0023682002582347517,0.0014568943359420216,0.0012745039554425313,5.2064648928882934e-05,-0.0005088459217592526,0.0037152431202228144,-0.014273285189397966,0.010270662790900392,0.0028236979514743524,0.0012745039554425313,ridge100
2020-08-14 00:00:00+00:00,GLD,-0.00963776466385402,2020-08-24 00:00:00+00:00,0.0,0.0009114183428072678,-0.0008069505393310334,-0.0005908680420144896,-0.0008493798237976474,-0.0020497824577549277,-0.006851928774445234,-0.005448856379368195,-0.005501202193557316,0.0026113854091659953,-0.0005908680420144896,ridge100
2020-08-14 00:00:00+00:00,QQQ,0.04132456784055649,2020-08-24 00:00:00+00:00,0.0,0.003335850026527211,-0.0008566962270538148,-0.0006725140401901958,-0.006192955298416815,-0.006445783077093346,-0.0050614573655804775,-0.03315173543670008,0.011376215507357132,0.012976939981042303,-0.0006725140401901958,ridge100
2020-08-14 00:00:00+00:00,SPY,0.012369072533827019,2020-08-24 00:00:00+00:00,0.0,0.0023682002582347517,0.0011971564732439581,0.0011570304313871667,-0.001840451448700336,-0.003208853046912671,-0.001756743617885913,-0.012481157518412762,0.007937660917446515,-0.007834469333295251,0.0011570304313871667,ridge100
2020-08-21 00:00:00+00:00,GLD,0.010278222001987247,2020-08-31 00:00:00+00:00,0.0,0.0009114183428072678,-0.0009403499500073764,-0.0007574129537806595,-0.006909612161284202,-0.01058185096603754,-0.002472573927888425,0.02024198260026532,0.009635261764897363,-0.014854575058106924,-0.0007574129537806595,ridge100
2020-08-21 00:00:00+00:00,QQQ,0.02741455608157306,2020-08-31 00:00:00+00:00,0.0,0.003335850026527211,-0.002345724735971236,-0.0022336346761979127,-0.004151068883333176,-0.004374629624708106,-0.015383846785513175,-0.038953795107229724,0.009222736214979516,0.008594825789776266,-0.0022336346761979127,ridge100
2020-08-21 00:00:00+00:00,SPY,0.02405567913060702,2020-08-31 00:00:00+00:00,0.0,0.0023682002582347517,0.0009128517205476477,0.0009050045308265153,-0.0024568183686510883,-0.005011292317110299,-0.00555242148747068,-0.015465545926513337,0.008134632263420311,-0.008721534826760208,0.0009050045308265153,ridge100
2020-08-28 00:00:00+00:00,GLD,-0.02862705491818307,2020-09-08 00:00:00+00:00,0.0,0.0009114183428072678,-0.0017891657370064052,-0.0015819701669780295,-0.006909612161284202,-0.008722959495045458,-0.0008046255312710898,0.024452648838534444,0.012511271511485766,0.006327703286410285,-0.0015819701669780295,ridge100
2020-08-28 00:00:00+00:00,QQQ,-0.07114341869938923,2020-09-08 00:00:00+00:00,0.0,0.003335850026527211,-0.003412783803727394,-0.003243397734152451,-0.004151068883333176,-0.00413749470007689,-0.01598767229463959,-0.0514561161746974,0.003270524682053363,0.006099237865176877,-0.003243397734152451,ridge100
2020-08-28 00:00:00+00:00,SPY,-0.038932440477956964,2020-09-08 00:00:00+00:00,0.0,0.0023682002582347517,-0.0001629124281335015,-0.00013518583062653854,-0.005418825525221077,-0.005592447067317321,-0.00794112993153743,-0.02273079353412377,0.0036533254748997647,-0.0017875126161439254,-0.00013518583062653854,ridge100
2020-09-04 00:00:00+00:00,GLD,0.027632349380875665,2020-09-15 00:00:00+00:00,0.0,0.0009114183428072678,-0.0004404327214096937,-0.000237242806071217,-0.0048863195345883684,-0.003165348103887151,0.005682792603733628,0.02470126562969307,-0.0034158343885872734,-0.019111348687674768,-0.000237242806071217,ridge100
2020-09-04 00:00:00+00:00,QQQ,0.02501640536550287,2020-09-15 00:00:00+00:00,0.0,0.003335850026527211,0.0016621970174299132,0.0016784310053984774,-0.0052799056089418706,-0.005970485625113247,0.008219354505407152,0.0008060796174070551,-0.010112526728070694,0.0363766116057256,0.0016784310053984774,ridge100
2020-09-04 00:00:00+00:00,SPY,0.01309751285590477,2020-09-15 00:00:00+00:00,0.0,0.0023682002582347517,0.0031060591139881587,0.0029631281984709044,0.0006808308842072236,0.0012965246594196676,0.007830300067783694,0.002884970131244805,0.00891776341913101,0.020393269577469515,0.0029631281984709044,ridge100
2020-09-11 00:00:00+00:00,GLD,-0.020319283311571845,2020-09-21 00:00:00+00:00,0.0,0.0009114183428072678,-0.0016045641303542512,-0.0014303574076247648,-0.005157509602661905,-0.0067909313380704415,0.0024965512113209764,0.014865389339819726,0.0009886861758430798,-0.004630392167213765,-0.0014303574076247648,ridge100
2020-09-11 00:00:00+00:00,QQQ,-0.043337178414673105,2020-09-21 00:00:00+00:00,0.0,0.003335850026527211,0.005088594043926153,0.005144459271401216,-0.0002841074479972554,-0.002928326504258105,0.014893019767497986,0.026134268647729574,-0.012596000954802861,0.024392573471226923,0.005144459271401216,ridge100
2020-09-11 00:00:00+00:00,SPY,-0.031071338894542166,2020-09-21 00:00:00+00:00,0.0,0.0023682002582347517,0.004783936216028128,0.004697415737586198,0.002522141585481556,0.0024086110699532604,0.008128535459106113,-0.00209888176748287,-0.0057408487296810055,0.048447973328291934,0.004697415737586198,ridge100
2020-09-18 00:00:00+00:00,GLD,-0.022297567774088423,2020-09-28 00:00:00+00:00,0.0,0.0009114183428072678,-0.002108473934566219,-0.0018873556921537261,-0.006425266244549805,-0.007855846071486155,0.0028286084264566936,-0.0024966738488454137,0.012198683589294856,-0.0017401816225707533,-0.0018873556921537261,ridge100
2020-09-18 00:00:00+00:00,QQQ,0.05375856778784249,2020-09-28 00:00:00+00:00,0.0,0.003335850026527211,0.005324400708717101,0.005340254364894361,-0.004643684229114145,-0.005916711154225541,0.023061383456844595,0.04821576245195067,0.01882834074843092,-0.02221536150465596,0.005340254364894361,ridge100
2020-09-18 00:00:00+00:00,SPY,0.02308893942754242,2020-09-28 00:00:00+00:00,0.0,0.0023682002582347517,0.0045500250831918086,0.0044001788703072,0.002971232572673896,0.0035211700589896093,0.014271302931401046,0.01042710201125903,0.0016327903102453067,-0.015400037102011765,0.0044001788703072,ridge100
2020-09-25 00:00:00+00:00,GLD,0.0181425377249973,2020-10-05 00:00:00+00:00,0.0,0.0009114183428072678,0.0015021205479955546,0.001648193605460212,0.005657154524559305,0.008968373546866618,0.0113996160760192,0.010826075041999159,-0.011440090203133649,0.010685945976262323,0.001648193605460212,ridge100
2020-09-25 00:00:00+00:00,QQQ,-0.0008676052278117075,2020-10-05 00:00:00+00:00,0.0,0.003335850026527211,0.004061878533508395,0.004177383839965007,-0.0023586212775711514,-0.0024047316859258532,0.017941606891773293,0.028160177490617264,-0.03217823596269061,0.02215907092237357,0.004177383839965007,ridge100
2020-09-25 00:00:00+00:00,SPY,0.008522860289126744,2020-10-05 00:00:00+00:00,0.0,0.0023682002582347517,0.004472767896731128,0.004401495191758023,0.003242422640747432,0.007380709685921025,0.016942363247386006,0.013286264861468347,-0.03254896160268941,0.028258275738587354,0.004401495191758023,ridge100
2020-10-02 00:00:00+00:00,GLD,0.008658267315192258,2020-10-12 00:00:00+00:00,0.0,0.0009114183428072678,-0.0008237406798848135,-0.0006314881923899318,0.0017185426509599012,0.00048733609138179075,0.006221898134681334,0.006198479100970105,0.011147421751576308,0.018053538432466064,-0.0006314881923899318,ridge100
2020-10-02 00:00:00+00:00,QQQ,0.051422009251745004,2020-10-12 00:00:00+00:00,0.0,0.003335850026527211,0.002981590302048236,0.003233739419153242,-0.00513232822172999,-0.006137403041959715,0.011880691157513383,0.024487793179000725,0.044323767034834365,0.04937223707489235,0.003233739419153242,ridge100
2020-10-02 00:00:00+00:00,SPY,0.04026032713894101,2020-10-12 00:00:00+00:00,0.0,0.0023682002582347517,0.0029541572140872508,0.00293241223836975,0.003767519706134928,0.004739982537744355,0.011367129974793897,0.01128998895478282,0.0299161054185642,0.029495767267236173,0.00293241223836975,ridge100
2020-10-09 00:00:00+00:00,GLD,-0.006424121476755307,2020-10-19 00:00:00+00:00,0.0,0.0009114183428072678,-0.0008926470047949586,-0.0007057316043201339,0.0007703812223185741,0.0005738217510090232,0.0012872646458719052,0.0044241947861484885,0.0013868748136076714,-0.002631227601870656,-0.0007057316043201339,ridge100
2020-10-09 00:00:00+00:00,QQQ,-0.00020651695552709182,2020-10-19 00:00:00+00:00,0.0,0.003335850026527211,0.00048062062863787615,0.0006991895317884622,0.0016292935708937897,0.002657751899260244,0.0018421464184371393,-0.00781736402830427,0.000500526284342414,-0.013170000154326077,0.0006991895317884622,ridge100
2020-10-09 00:00:00+00:00,SPY,-0.002688543779227226,2020-10-19 00:00:00+00:00,0.0,0.0023682002582347517,0.00037972666448914225,0.00044616714813862645,-0.003287670733511096,-0.0035299003568375585,-0.0005837361540030883,-0.004821731960866882,-0.008412789388458663,0.0035231009287451983,0.00044616714813862645,ridge100
2020-10-16 00:00:00+00:00,GLD,-0.0036787450456351456,2020-10-26 00:00:00+00:00,0.0,0.0009114183428072678,7.122910931694205e-05,0.0003569119224465561,0.005069969406141623,0.004047401588272896,0.005738020497144337,0.007892067520921711,-0.011952357569958388,0.02875057382064718,0.0003569119224465561,ridge100
2020-10-16 00:00:00+00:00,QQQ,-0.0279181186685179,2020-10-26 00:00:00+00:00,0.0,0.003335850026527211,0.0004172924277744061,0.0006348637135973811,0.0002726344999103528,0.000775700552083414,-0.003380887738277548,-0.01703277840472952,0.002449172009809012,0.04312545240833287,0.0006348637135973811,ridge100
2020-10-16 00:00:00+00:00,SPY,-0.018700879821443306,2020-10-26 00:00:00+00:00,0.0,0.0023682002582347517,0.0006679776948617383,0.0007756479896966961,-0.004644329804494532,-0.005622910022712582,-0.0015678479516508215,-0.014075008101522618,-0.0030249257212636195,0.015969028479529208,0.0007756479896966961,ridge100
2020-10-23 00:00:00+00:00,GLD,-0.007272744345498294,2020-11-02 00:00:00+00:00,0.0,0.0009114183428072678,-0.00039744921583292957,-9.524840108571547e-05,0.002053221758216173,0.0009365163879133405,-0.005210399818516923,-0.010522562218569571,-0.002026134294418377,0.004042326751550972,-9.524840108571547e-05,ridge100
2020-10-23 00:00:00+00:00,QQQ,-0.03729014778253881,2020-11-02 00:00:00+00:00,0.0,0.003335850026527211,0.0011675679220472734,0.001406597260899346,0.0002726344999103528,0.0006489525891869703,0.004670097482014865,-0.017525926322078864,-0.014485280198902606,0.0051410312682117175,0.001406597260899346,ridge100
2020-10-23 00:00:00+00:00,SPY,-0.034869731657202974,2020-11-02 00:00:00+00:00,0.0,0.0023682002582347517,0.0008828089291545283,0.000983128612405364,-0.0008438322494103453,-0.0023237274892230508,-0.0016557703984350814,-0.01622741030522277,0.0010775588813982573,0.021773015400033454,0.000983128612405364,ridge100
2020-10-30 00:00:00+00:00,GLD,-0.005804445178983597,2020-11-09 00:00:00+00:00,0.0,0.0009114183428072678,-0.00021526569690218878,0.0002225882102479837,-0.0037677387138117372,-0.004885585305209133,0.0011695944101450962,-0.0017880653955798047,-0.00015523472680512517,-0.00019532447849123725,0.0002225882102479837,ridge100
2020-10-30 00:00:00+00:00,QQQ,0.09490504633194097,2020-11-09 00:00:00+00:00,0.0,0.003335850026527211,0.005030524178142874,0.005294617567222751,0.009866359448734305,0.012185996923771687,0.01675717548386002,0.0160080287342978,0.02308130006113391,0.04599070174701902,0.005294617567222751,ridge100
2020-10-30 00:00:00+00:00,SPY,0.10227131179026516,2020-11-09 00:00:00+00:00,0.0,0.0023682002582347517,0.004799592498840224,0.004916328450150624,0.00812333797897583,0.006054884558509417,0.012562578078711452,0.004630793992451335,0.008634474821298747,0.04666493650541574,0.004916328450150624,ridge100
2020-11-06 00:00:00+00:00,GLD,0.004591302386354634,2020-11-16 00:00:00+00:00,0.0,0.0009114183428072678,-0.0029252163264860266,-0.002571288485667743,0.001729021135884158,0.0029198763522943327,0.0018967335210296659,-0.008359846190782241,-0.0020673812654570536,0.01033099521324562,-0.002571288485667743,ridge100
2020-11-06 00:00:00+00:00,QQQ,-0.023618434328881555,2020-11-16 00:00:00+00:00,0.0,0.003335850026527211,-0.002037737326030675,-0.0016344469376031933,-0.0041785808327227045,-0.005724754516511669,-0.0004394344695028163,0.005812976590934932,0.02176768839394279,0.022678439144017952,-0.0016344469376031933,ridge100
2020-11-06 00:00:00+00:00,SPY,-0.008214822637039654,2020-11-16 00:00:00+00:00,0.0,0.0023682002582347517,-0.0013530342943805574,-0.001078402266178591,-0.0049422062142837515,-0.004469358589040913,-0.0020904056221994717,-0.003297240976091812,0.016143323976593568,0.033894549872449116,-0.001078402266178591,ridge100
2020-11-13 00:00:00+00:00,GLD,-0.012018223073807066,2020-11-23 00:00:00+00:00,0.0,0.0009114183428072678,0.0005784106826642543,0.0008883520583623283,0.006316855937900445,0.004413869258704811,-0.0030076478178400036,-0.010757822651047539,0.021930119106995466,0.00871386775429098,0.0008883520583623283,ridge100
2020-11-13 00:00:00+00:00,QQQ,0.0027183867816136242,2020-11-23 00:00:00+00:00,0.0,0.003335850026527211,0.0009470558471523677,0.001408463115778799,-0.003713526601908188,-0.0067845081165171075,-0.0011012614919698517,-0.013491397699427296,-0.0013661509262126714,-0.005316624705685895,0.001408463115778799,ridge100
2020-11-13 00:00:00+00:00,SPY,-0.010250114443983716,2020-11-23 00:00:00+00:00,0.0,0.0023682002582347517,-0.0011570347322044034,-0.0008351509897577086,-0.004151068883333176,-0.0036997725755522092,-0.002400078116805674,-0.012229862848700002,-0.0066438517932850705,-0.03829593469843454,-0.0008351509897577086,ridge100
2020-11-20 00:00:00+00:00,GLD,-0.03049692410360505,2020-12-01 00:00:00+00:00,0.0,0.0009114183428072678,0.0003796658596579594,0.0006395504852209699,0.0050638027711053125,0.004386287405379191,-0.001581193119339438,0.0003412017701662029,0.013183779565398322,0.008507056265934872,0.0006395504852209699,ridge100
2020-11-20 00:00:00+00:00,QQQ,0.03623740658565722,2020-12-01 00:00:00+00:00,0.0,0.003335850026527211,0.0007122640247088418,0.0012297425414958872,-0.0032558630772821684,-0.006779368565607886,-0.0019441597757404228,-0.007538168926470171,-0.0025610123060855207,0.012093083402573802,0.0012297425414958872,ridge100
2020-11-20 00:00:00+00:00,SPY,0.02320331040027157,2020-12-01 00:00:00+00:00,0.0,0.0023682002582347517,-0.00019995250628741912,0.00016609274952904263,-0.0033106185013385436,-0.004420941748860781,-0.0004010507985191647,-0.013361924919080677,-0.005818817112750584,0.013604939495497969,0.00016609274952904263,ridge100
2020-11-27 00:00:00+00:00,GLD,0.03527720867044937,2020-12-07 00:00:00+00:00,0.0,0.0009114183428072678,0.0032093674618598796,0.0034037555853282052,0.0033051241018130294,0.0015216692345467134,-0.0019647280060244242,-0.01658762902310906,0.008167074351891162,-0.04029501698004383,0.0034037555853282052,ridge100
2020-11-27 00:00:00+00:00,QQQ,0.02128035030605968,2020-12-07 00:00:00+00:00,0.0,0.003335850026527211,-0.0020565172834368073,-0.0014003690733577878,0.0037147631012971337,0.003946443703482852,-0.006953413943366874,-0.021675893860762206,0.0015300986029190512,-0.014785235800779322,-0.0014003690733577878,ridge100
2020-11-27 00:00:00+00:00,SPY,0.017060606714243143,2020-12-07 00:00:00+00:00,0.0,0.0023682002582347517,-0.0022379906560580664,-0.0018176716621419403,-0.001361989946403278,0.0006272276436350688,-0.0073353313798483095,-0.029943011816114237,0.019438661449908797,0.008137914520361285,-0.0018176716621419403,ridge100
2020-12-04 00:00:00+00:00,GLD,-0.0037667704316214357,2020-12-14 00:00:00+00:00,0.0,0.0009114183428072678,0.0005240581920833842,0.0007814079669843455,0.0066752316166258045,0.010522662035270804,0.004908835164738357,0.021923239422369636,-0.001998569186670578,-0.010502003269463576,0.0007814079669843455,ridge100
2020-12-04 00:00:00+00:00,QQQ,-0.008603270155956633,2020-12-14 00:00:00+00:00,0.0,0.003335850026527211,-0.0016255335492349743,-0.0012831436172433019,0.0012239902051491456,0.001961012667686481,-0.0108339123949691,-0.032505501653875134,0.0024372844282356696,0.01001518665658562,-0.0012831436172433019,ridge100
2020-12-04 00:00:00+00:00,SPY,-0.0010298752034000325,2020-12-14 00:00:00+00:00,0.0,0.0023682002582347517,-0.002288149797573128,-0.0020345835197680263,-0.0052522410983417865,-0.004708708083187477,-0.008564029995218271,-0.03263089088385604,-0.003234284038561702,0.004075845124410317,-0.0020345835197680263,ridge100
2020-12-11 00:00:00+00:00,GLD,0.025478387125349222,2020-12-21 00:00:00+00:00,0.0,0.0009114183428072678,0.00042656485356900117,0.0006934153529060127,0.0050278895776188345,0.0013223498012436133,0.002544143708687895,0.012604979626386216,-0.003121791179136938,-0.0010204680036969976,0.0006934153529060127,ridge100
2020-12-11 00:00:00+00:00,QQQ,0.012985183138279455,2020-12-21 00:00:00+00:00,0.0,0.003335850026527211,0.000402992923658394,0.0006278132898888078,-0.0011961599685726104,-0.00041639138352180113,-0.0030713568359460454,-0.02324570391844032,-0.001058162716847646,-0.00012802736725884723,0.0006278132898888078,ridge100
2020-12-11 00:00:00+00:00,SPY,-0.00573540612732093,2020-12-21 00:00:00+00:00,0.0,0.0023682002582347517,-0.0013108542897244174,-0.0010565528711553552,-0.007174179027709227,-0.007929281268895303,-0.001499953780993556,-0.022599876115414905,0.0004261502922296645,0.004380380978602513,-0.0010565528711553552,ridge100
2020-12-18 00:00:00+00:00,GLD,-0.00022686078425282474,2020-12-29 00:00:00+00:00,0.0,0.0009114183428072678,-0.00026801935954531673,-0.00010417841271268768,0.006036623161313691,0.005213820658218912,0.0016439271687669083,0.005928017623854916,-0.0052797355032562256,-0.010703655883539252,-0.00010417841271268768,ridge100
2020-12-18 00:00:00+00:00,QQQ,0.024766411352413087,2020-12-29 00:00:00+00:00,0.0,0.003335850026527211,-0.0008944157541075759,-0.0007442018088068924,-4.3766436738758345e-05,0.0010894767225104749,-0.010404274401555492,-0.03347310084052513,0.007346494470578665,0.018175180306316235,-0.0007442018088068924,ridge100
2020-12-18 00:00:00+00:00,SPY,0.024221119722045437,2020-12-29 00:00:00+00:00,0.0,0.0023682002582347517,-0.0017839532747864755,-0.0016363502248204404,-0.007018354333037242,-0.00800573576404209,-0.0002566635050759325,-0.022073156635671786,-0.0004339281322042654,0.016867668139320745,-0.0016363502248204404,ridge100
2020-12-24 00:00:00+00:00,GLD,0.031648430464862765,2021-01-05 00:00:00+00:00,0.0,0.0009114183428072678,0.000150219324420674,0.00030905903601743083,0.005168556950884101,0.004284836157514214,-0.002266688124370576,0.001717736572461267,0.00539203123469886,-0.009042005273026357,0.00030905903601743083,ridge100
2020-12-24 00:00:00+00:00,QQQ,-0.012682220372598363,2021-01-05 00:00:00+00:00,0.0,0.003335850026527211,-0.0007490741380465294,-0.0004738779460608949,-0.006775484596204511,-0.007237630773062617,-0.009290540890112282,-0.03229355916553694,0.006425497899710705,-0.008138843267399965,-0.0004738779460608949,ridge100
2020-12-24 00:00:00+00:00,SPY,-0.009791831363071601,2021-01-05 00:00:00+00:00,0.0,0.0023682002582347517,-0.001628610890687644,-0.0013973694884261317,-0.007018354333037242,-0.008498652156029782,0.003061319731741613,-0.018085557669617277,-0.0003110761463455225,-0.01620616492395061,-0.0013973694884261317,ridge100
2020-12-31 00:00:00+00:00,GLD,-0.054019903089039034,2021-01-11 00:00:00+00:00,0.0,0.0009114183428072678,-0.0005458565688471145,-0.00038568035825614633,0.0031313259832595397,0.004578426554437942,0.0005683562835089906,-0.007121190437436674,-0.008880389860738523,-0.010817309432005201,-0.00038568035825614633,ridge100
2020-12-31 00:00:00+00:00,QQQ,0.0027608629137221286,2021-01-11 00:00:00+00:00,0.0,0.003335850026527211,-0.0010852155707809412,-0.0008773037356397639,-0.0052522410983417865,-0.004228053455099509,-0.00906769546362196,-0.03472340296165837,-0.004982020159008124,-0.0017120128577745102,-0.0008773037356397639,ridge100
2020-12-31 00:00:00+00:00,SPY,0.006767428570258582,2021-01-11 00:00:00+00:00,0.0,0.0023682002582347517,-0.002249749076880222,-0.002044150222376677,-0.005140519268306127,-0.004654935165511114,-0.00013279209067759145,-0.024571425231135566,-0.00024704765826716324,0.007574727932569538,-0.002044150222376677,ridge100
2021-01-08 00:00:00+00:00,GLD,0.003311300837921527,2021-01-19 00:00:00+00:00,0.0,0.0015828670384150242,0.005111674742124841,0.005014925932662543,0.002776211364634276,0.00288001110631268,0.007840981628919172,0.0063945507631386666,0.02358170538946851,0.02964027511608204,0.005014925932662543,ridge100
2021-01-08 00:00:00+00:00,QQQ,-0.00547522431265246,2021-01-19 00:00:00+00:00,0.0,0.004140290143728706,0.0013603519834344906,0.001370700438225295,0.0009776831885251799,0.001188689914071716,-0.010393180803073965,-0.013819040726848692,0.010227137399107612,0.006974261768602341,0.001370700438225295,ridge100
2021-01-08 00:00:00+00:00,SPY,0.0012971603319860137,2021-01-19 00:00:00+00:00,0.0,0.002624227417200089,-0.001480633278927142,-0.001349590065924346,-0.00039037728821588006,-0.0010371084137521447,-0.00952135641560703,-0.004171018240192519,-0.0001153027551325847,0.004074877706118587,-0.001349590065924346,ridge100
2021-01-15 00:00:00+00:00,GLD,0.0073533030183705606,2021-01-26 00:00:00+00:00,0.0,0.0015828670384150242,0.004695257866366023,0.004638045548042708,0.0010540069871507233,0.001571698678457739,0.005294916772519167,0.0038003749792130236,-0.008600044400442703,-0.0033639294009517305,0.004638045548042708,ridge100
2021-01-15 00:00:00+00:00,QQQ,0.04645994346514537,2021-01-26 00:00:00+00:00,0.0,0.004140290143728706,0.00312897217621254,0.0031045636923942273,0.005735104391534913,0.004374548766527063,0.005741507358736881,-0.004887669580990347,0.0051602605917554275,-0.02387893255484486,0.0031045636923942273,ridge100
2021-01-15 00:00:00+00:00,SPY,0.018686785929185046,2021-01-26 00:00:00+00:00,0.0,0.002624227417200089,0.0006319897670560973,0.0006645201599951261,-0.00017873946548258295,-0.0009633395022091358,0.0022718465593472193,-0.013264233334759764,-0.0061615955501809075,-0.006345537938180039,0.0006645201599951261,ridge100
2021-01-22 00:00:00+00:00,GLD,0.0011440163589016006,2021-02-01 00:00:00+00:00,0.0,0.0015828670384150242,0.004079053105498422,0.004008705790086982,0.0009346580034347491,0.001162147698365197,0.006576288439834132,0.0018329532951612793,0.0070201507839620265,0.009907559515404339,0.004008705790086982,ridge100
2021-01-22 00:00:00+00:00,QQQ,-0.03283605475454743,2021-02-01 00:00:00+00:00,0.0,0.004140290143728706,-0.00019046337441399496,-4.187617437682423e-05,0.0016834382946218712,0.0006220778305762899,-0.006635457469935952,-0.008097786702547273,0.01736875109944995,-0.00294575119592799,-4.187617437682423e-05,ridge100
2021-01-22 00:00:00+00:00,SPY,-0.025933691372109213,2021-02-01 00:00:00+00:00,0.0,0.002624227417200089,-0.0003654480178985159,-0.00031080996450317866,-0.0007328544427255898,-0.0011176159894313485,-0.007630288591978222,-0.01815688998699956,0.01166623826442685,0.0012038249208731937,-0.00031080996450317866,ridge100
2021-01-29 00:00:00+00:00,GLD,-0.017369491890706246,2021-02-08 00:00:00+00:00,0.0,0.0015828670384150242,0.004139227796062914,0.004074238889205335,0.0021640635654005015,0.002141204477385302,0.003147272839206755,0.004143125695362333,-0.010200022508623296,-0.002445779715754122,0.004074238889205335,ridge100
2021-01-29 00:00:00+00:00,QQQ,0.047122346238398505,2021-02-08 00:00:00+00:00,0.0,0.004140290143728706,0.003143190816575004,0.0032755296714642263,0.005735104391534913,0.007160954515209799,0.008010613929005228,0.0008194898219588875,0.01624550510032339,0.030723855825335652,0.0032755296714642263,ridge100
2021-01-29 00:00:00+00:00,SPY,0.04160858831059078,2021-02-08 00:00:00+00:00,0.0,0.002624227417200089,0.002088175781492173,0.002151836866149125,0.00283868120208906,0.0020579732627058808,0.004852226286861752,-0.009364720964955681,0.015118848542183878,0.01618366107376625,0.002151836866149125,ridge100
2021-02-05 00:00:00+00:00,GLD,-0.022328156955964684,2021-02-16 00:00:00+00:00,0.0,0.0015828670384150242,0.004038390768504216,0.004012023324888521,0.002576533938962172,0.003993649990838174,0.0005658841713108009,0.0010190026062840696,0.007188898053638486,0.0015998764449322183,0.004012023324888521,ridge100
2021-02-05 00:00:00+00:00,QQQ,0.012518626117544063,2021-02-16 00:00:00+00:00,0.0,0.004140290143728706,-0.001855048644265242,-0.0015712333634104287,-0.0012630031156645033,-0.0007096388966016195,-0.00983039233587554,-0.0072518592563985485,-0.01693344005006946,-0.007450210428854305,-0.0015712333634104287,ridge100
2021-02-05 00:00:00+00:00,SPY,0.012048140931490092,2021-02-16 00:00:00+00:00,0.0,0.002624227417200089,-0.001518754358489134,-0.00140986141916489,0.0001061731909826414,-0.0018552796590149904,-0.00975017810588464,-0.012933363300719904,-0.007203063304648538,0.0013314288880195485,-0.00140986141916489,ridge100
2021-02-12 00:00:00+00:00,GLD,0.007969527434012358,2021-02-23 00:00:00+00:00,0.0,0.0015828670384150242,0.003164629903080293,0.003188272718763073,0.002829618501514372,0.001927486335664024,0.0031380063941372576,0.0005212035852674757,0.00616650419391493,0.007012571560180687,0.003188272718763073,ridge100
2021-02-12 00:00:00+00:00,QQQ,-0.060100141200438384,2021-02-23 00:00:00+00:00,0.0,0.004140290143728706,-0.0011298004113775263,-0.0008418334361274066,-0.0021994045508640456,-0.004036049034445392,-0.010924402440553387,-0.013175431001147509,0.016624343774051937,0.019661129749272782,-0.0008418334361274066,ridge100
2021-02-12 00:00:00+00:00,SPY,-0.023606376228775816,2021-02-23 00:00:00+00:00,0.0,0.002624227417200089,-0.001005039922125388,-0.0008636229410557433,-0.001787549723859192,-0.003636590763492614,-0.007731099290835211,-0.020602122225116367,0.01731727322352026,0.016755332326007847,-0.0008636229410557433,ridge100
2021-02-19 00:00:00+00:00,GLD,-0.03269250460620077,2021-03-01 00:00:00+00:00,0.0,0.0015828670384150242,0.004905782498197938,0.004863474760966749,0.0019094719278067369,0.004610806502503802,0.001284547974679741,-0.004005296324776129,-0.0034169922106738067,0.00830164528521786,0.004863474760966749,ridge100
2021-02-19 00:00:00+00:00,QQQ,-0.022143650607500565,2021-03-01 00:00:00+00:00,0.0,0.004140290143728706,0.00019199659868612162,0.00038420342014487604,0.000978572192158632,-0.00014872822021905625,0.002230705262599913,-0.009931439969819428,-0.008144022756558122,0.011660736513852098,0.00038420342014487604,ridge100
2021-02-19 00:00:00+00:00,SPY,-0.0037978720817792855,2021-03-01 00:00:00+00:00,0.0,0.002624227417200089,-0.0009038816979939302,-0.0007563308844069022,-0.001787549723859192,-0.003636590763492614,-0.0043619533261475465,-0.01402934090823595,-0.005099979859198969,0.02660475801018533,-0.0007563308844069022,ridge100
2021-02-26 00:00:00+00:00,GLD,-0.027295571254137174,2021-03-08 00:00:00+00:00,0.0,0.0015828670384150242,0.0055414102893926506,0.005618437542130455,0.003951869702282276,0.006205528095962465,0.003015970145108434,0.0038219723404220706,0.013968781806044585,0.01958035998866686,0.005618437542130455,ridge100
2021-02-26 00:00:00+00:00,QQQ,-0.034923558382704556,2021-03-08 00:00:00+00:00,0.0,0.004140290143728706,0.004451788454641978,0.004607878838923806,0.005958589244281106,0.005469537365088599,0.007194824804616771,0.00783332741085303,-0.006807432198901333,0.01736762347582105,0.004607878838923806,ridge100
2021-02-26 00:00:00+00:00,SPY,-0.0024116535258228433,2021-03-08 00:00:00+00:00,0.0,0.002624227417200089,0.0012109753964346076,0.0013486625280376033,0.00313030323616485,0.0027541896834215305,0.002287032268245153,-0.0077348270640435115,0.008918736010977226,0.029474324735273782,0.0013486625280376033,ridge100
2021-03-05 00:00:00+00:00,GLD,0.023521223889963583,2021-03-15 00:00:00+00:00,0.0,0.0015828670384150242,0.005399102049263022,0.005548260061661231,0.010286158003489579,0.009034288670950612,0.002130667772969845,0.003755427028414482,0.022667324044054835,0.012289615024072989,0.005548260061661231,ridge100
2021-03-05 00:00:00+00:00,QQQ,0.024893105891658385,2021-03-15 00:00:00+00:00,0.0,0.004140290143728706,0.005625699463376574,0.005683616753487409,0.007463387119534738,0.006372166380690637,0.009042135920617153,0.03326669764356015,-0.02613676876884869,-0.03323320505653584,0.005683616753487409,ridge100
2021-03-05 00:00:00+00:00,SPY,0.02513871322685346,2021-03-15 00:00:00+00:00,0.0,0.002624227417200089,0.0003315463510406341,0.0004620404934267772,0.000997127840889535,0.0004207810799730674,0.001913542413027406,0.0031432068168180003,-0.009797588793505375,-0.005900391607615174,0.0004620404934267772,ridge100
2021-03-12 00:00:00+00:00,GLD,-0.00024640063295156,2021-03-22 00:00:00+00:00,0.0,0.0015828670384150242,0.003355326617042259,0.0035787058808312384,0.003792321657722332,0.005153341726366567,0.004501544733132923,0.015002964559150083,0.012599571962549936,-0.004050041895729533,0.0035787058808312384,ridge100
2021-03-12 00:00:00+00:00,QQQ,-0.0005759954343869111,2021-03-22 00:00:00+00:00,0.0,0.004140290143728706,0.004419456260354354,0.004516060615209385,-0.002771624104820269,-0.001965623139167055,0.005192410565371122,0.017959235543057027,0.0027726291430097056,0.014518462645739909,0.004516060615209385,ridge100
2021-03-12 00:00:00+00:00,SPY,-0.007664756786169069,2021-03-22 00:00:00+00:00,0.0,0.002624227417200089,-0.000511434176593516,-0.0004272527911146401,-0.00018544884309314803,-0.002035700296545999,-0.004229434849139291,-0.0007831209450943322,0.0015640957248969451,-0.005882691598662027,-0.0004272527911146401,ridge100
2021-03-19 00:00:00+00:00,GLD,-0.004991665355685293,2021-03-29 00:00:00+00:00,0.0,0.0015828670384150242,0.0038803210126698096,0.004061899612517302,0.002305884616039541,0.0010249557243002857,0.0030466632398836813,0.006260011125858396,0.005982957353173002,-0.007748341661265392,0.004061899612517302,ridge100
2021-03-19 00:00:00+00:00,QQQ,0.000761426839997581,2021-03-29 00:00:00+00:00,0.0,0.004140290143728706,0.007569162822600396,0.007497342121169539,-0.0026624537290317997,-0.005321156426095701,0.0006156657445777363,-0.008647231799823456,0.021645117013844844,-0.049943470834018164,0.007497342121169539,ridge100
2021-03-19 00:00:00+00:00,SPY,0.011204137812111714,2021-03-29 00:00:00+00:00,0.0,0.002624227417200089,0.001219255527155942,0.0012931329672543279,0.00016116596665036477,-0.0016384345929023173,-6.53089210696045e-05,-0.004486276720395565,0.011053373359030729,-0.021561123098992857,0.0012931329672543279,ridge100
2021-03-26 00:00:00+00:00,GLD,0.008237250817303421,2021-04-06 00:00:00+00:00,0.0,0.0015828670384150242,0.004142662679167891,0.0043521851808180564,0.0006647892124113621,-0.002140479110901655,0.00402486253437202,0.006782833081847057,0.003913296533247251,0.0015063577000850642,0.0043521851808180564,ridge100
2021-03-26 00:00:00+00:00,QQQ,0.048438567724987,2021-04-06 00:00:00+00:00,0.0,0.004140290143728706,0.005587524835450719,0.005720277429521807,-0.0038849677652046727,-0.003189703469106942,-0.0010594612835107713,-0.004216071107304565,0.03672060545338097,0.024604257696450763,0.005720277429521807,ridge100
2021-03-26 00:00:00+00:00,SPY,0.02880296267707161,2021-04-06 00:00:00+00:00,0.0,0.002624227417200089,-0.00024924012823753725,-0.00010527594239594096,7.919564164704365e-05,-0.0019550290713313302,-0.005159351498124219,0.0006290354313006174,0.016872042814605193,0.0001475280680348723,-0.00010527594239594096,ridge100
2021-04-01 00:00:00+00:00,GLD,0.007491279241406135,2021-04-12 00:00:00+00:00,0.0,0.0015828670384150242,0.0045861169156414085,0.004748326579381923,0.002736041333906914,0.0005295055597051536,0.007737161744911495,0.014541635221055026,-0.0024201787590864884,-0.002811714956122446,0.004748326579381923,ridge100
2021-04-01 00:00:00+00:00,QQQ,0.02723676140561304,2021-04-12 00:00:00+00:00,0.0,0.004140290143728706,0.0029289014091348413,0.00317887137746194,0.0029864074009268386,0.0032910555837763317,-0.0036782636825521673,-7.529096144544667e-05,0.006493355973739152,0.03243221918589422,0.00317887137746194,ridge100
2021-04-01 00:00:00+00:00,SPY,0.018316454741813315,2021-04-12 00:00:00+00:00,0.0,0.002624227417200089,-0.001237136255061439,-0.0010354141765997742,-0.0014229667699408768,-0.0029009818038658545,-0.008642916412456585,-0.0027907201429278393,0.005665711450680585,0.00499196129965856,-0.0010354141765997742,ridge100
2021-04-09 00:00:00+00:00,GLD,0.01954162120113767,2021-04-19 00:00:00+00:00,0.0,0.0015828670384150242,0.003508219397585336,0.003566860822050929,0.0019140115199803148,0.0014661768378020842,0.004829947338728234,0.005120357630479388,0.0011762378860607154,0.007095386342209875,0.003566860822050929,ridge100
2021-04-09 00:00:00+00:00,QQQ,0.012945047610444682,2021-04-19 00:00:00+00:00,0.0,0.004140290143728706,0.0028010038057370524,0.0027870478814796744,0.0019738439588552216,0.001755050438749649,-0.005740442681326282,-0.0055195628709412865,0.0035647075191812157,-0.012753106290911016,0.0027870478814796744,ridge100
2021-04-09 00:00:00+00:00,SPY,0.01316803124348409,2021-04-19 00:00:00+00:00,0.0,0.002624227417200089,-0.0014262515797288117,-0.0012772267589088932,-0.00039037728821588006,-0.0019240346313566168,-0.009086586940139512,-0.003602657211304747,0.0005914438552084506,-0.0012347472924582848,-0.0012772267589088932,ridge100
2021-04-16 00:00:00+00:00,GLD,0.00433970951003948,2021-04-26 00:00:00+00:00,0.0,0.0015828670384150242,0.0026262886233749966,0.0026864095085952057,0.0027996621097559076,0.0022133019876374753,0.006669874506818544,0.006993055275248636,0.002439463155247274,-0.0009000860097551327,0.0026864095085952057,ridge100
2021-04-16 00:00:00+00:00,QQQ,-0.0021151700171320176,2021-04-26 00:00:00+00:00,0.0,0.004140290143728706,0.0023841831426487914,0.0024804885627457128,0.0032404793568741336,0.004103426097200889,-0.0022697604537229754,-0.0035357638590785244,0.00531695865211304,0.007026414735117445,0.0024804885627457128,ridge100
2021-04-16 00:00:00+00:00,SPY,0.002834553193638456,2021-04-26 00:00:00+00:00,0.0,0.002624227417200089,-0.0013522964464946514,-0.0011744099781376522,-0.0022465992010402237,-0.0024322580536485323,-0.009508315876212294,-0.006269608092046724,-0.007330020941862354,-0.001979692857808556,-0.0011744099781376522,ridge100
2021-04-23 00:00:00+00:00,GLD,0.005881268071907364,2021-05-03 00:00:00+00:00,0.0,0.0015828670384150242,0.0031687451453135656,0.0031932732699749616,0.0024571849552461984,0.0015476249492858923,0.006838786287685243,0.007737453528003992,-0.005782335142752259,-0.001418493993890082,0.0031932732699749616,ridge100
2021-04-23 00:00:00+00:00,QQQ,-0.0012952831112078567,2021-05-03 00:00:00+00:00,0.0,0.004140290143728706,0.0034099971816594836,0.0034750614553278707,0.0046547533526964365,0.00469396992622523,0.00013370776940194062,-0.012344111817156026,-0.00040265127528304746,-0.0012521040202253997,0.0034750614553278707,ridge100
2021-04-23 00:00:00+00:00,SPY,0.004767111097761623,2021-05-03 00:00:00+00:00,0.0,0.002624227417200089,-0.0009183801466106639,-0.0007388380514528975,-0.002977270069591553,-0.00398998254764648,-0.007824550808863786,-0.01601613306777876,0.0001718555685138584,-3.262006992616695e-05,-0.0007388380514528975,ridge100
2021-04-30 00:00:00+00:00,GLD,0.030606794726636855,2021-05-10 00:00:00+00:00,0.0,0.0015828670384150242,0.002928050344348601,0.0029167221028703503,0.0013880977014096624,0.0010516240960462078,0.005905510395910676,0.008019552027384665,0.001361832297003122,0.002285471520796507,0.0029167221028703503,ridge100
2021-04-30 00:00:00+00:00,QQQ,-0.01901397846016195,2021-05-10 00:00:00+00:00,0.0,0.004140290143728706,0.004051113090802784,0.003975319924259159,0.004214288112865466,0.002396509730570758,-0.0005095470622654913,-0.009950352065021094,0.01311596432733208,0.012360300426466055,0.003975319924259159,ridge100
2021-04-30 00:00:00+00:00,SPY,0.007319560722069074,2021-05-10 00:00:00+00:00,0.0,0.002624227417200089,-0.0010187712258812947,-0.0008670523686780147,-0.00044123240864980026,-0.00042156321825116363,-0.005453955320023326,-0.0146134891659748,0.002303880476358173,0.010111164753648977,-0.0008670523686780147,ridge100
2021-05-07 00:00:00+00:00,GLD,0.0032418521522850074,2021-05-17 00:00:00+00:00,0.0,0.0015828670384150242,0.001455502203068245,0.0013546898759075865,0.00196803141517733,0.0022807545230499812,0.007439191602491631,0.014009596998556249,-0.004954599272817712,-0.003126945947171751,0.0013546898759075865,ridge100
2021-05-07 00:00:00+00:00,QQQ,-0.024490466889232287,2021-05-17 00:00:00+00:00,0.0,0.004140290143728706,0.005240691223783932,0.00505526044644642,0.005724188761749011,0.004096313405403862,0.0034402487778752194,0.01842710305785066,0.0060027990974932674,0.004258703333280065,0.00505526044644642,ridge100
2021-05-07 00:00:00+00:00,SPY,-0.01682832126186662,2021-05-17 00:00:00+00:00,0.0,0.002624227417200089,-0.0009222749006683572,-0.0008627868788396259,-0.00044123240864980026,-0.00042156321825116363,-0.006426596112063869,-0.012664517444939093,-0.00389676657072304,-0.007915304804770167,-0.0008627868788396259,ridge100
2021-05-14 00:00:00+00:00,GLD,0.016445417164103526,2021-05-24 00:00:00+00:00,0.0,0.0015828670384150242,0.0026381847100979995,0.0024236167231200772,0.001456485697079376,0.001217906065969642,0.0044824385003873445,0.0034619114997238108,-0.006141325100897481,-0.01212508885544958,0.0024236167231200772,ridge100
2021-05-14 00:00:00+00:00,QQQ,0.014601130371401538,2021-05-24 00:00:00+00:00,0.0,0.004140290143728706,0.007419231469363265,0.007179848281953418,0.01075858332363769,0.01572005987743355,0.006827365923898846,0.02406084558710048,-0.002295085783965571,0.03446974236368839,0.007179848281953418,ridge100
2021-05-14 00:00:00+00:00,SPY,0.004694413427592803,2021-05-24 00:00:00+00:00,0.0,0.002624227417200089,0.0008381954771838842,0.0008731464702151598,2.6188979640148777e-05,-0.0018812601597883213,0.0025938497349674927,-0.00541841426118123,0.005071114704331901,0.007383747523618336,0.0008731464702151598,ridge100
2021-05-21 00:00:00+00:00,GLD,0.014816921378296266,2021-06-01 00:00:00+00:00,0.0,0.0015828670384150242,0.002142375862758727,0.0019443964139749842,0.0020905848856648756,0.002499128299822206,0.003515226738431827,-0.0014602443348943435,0.0010885230594416134,-0.0006409870499201248,0.0019443964139749842,ridge100
2021-05-21 00:00:00+00:00,QQQ,0.018004064874066916,2021-06-01 00:00:00+00:00,0.0,0.004140290143728706,0.0055124341839003325,0.005393145498864486,0.00797030772806313,0.008249735007210695,0.006235575814309035,0.010875176680819583,0.01699843936058186,0.00940662027811999,0.005393145498864486,ridge100
2021-05-21 00:00:00+00:00,SPY,0.012531612513813961,2021-06-01 00:00:00+00:00,0.0,0.002624227417200089,-0.0001469993702180361,-3.0463424747081968e-05,-0.0005978774557153738,-0.0016812090644706132,0.003973395993798807,0.00038708820511506816,0.010199136795268328,0.003918527054693453,-3.0463424747081968e-05,ridge100
2021-05-28 00:00:00+00:00,GLD,-0.008558955170690385,2021-06-08 00:00:00+00:00,0.0,0.0015828670384150242,0.0014966297160836054,0.0013571246747690452,-0.0012493957048375838,-0.002042044276743071,-0.0007650589262843321,0.0024164837578385012,-0.003103328752732885,0.006236657847235613,0.0013571246747690452,ridge100
2021-05-28 00:00:00+00:00,QQQ,0.009245675958946542,2021-06-08 00:00:00+00:00,0.0,0.004140290143728706,0.004052865449454836,0.003953307302996692,0.00415378335171697,0.004806481352819607,0.0007535732896199188,0.0014442691392405982,-0.008748472029416783,0.007429951742915191,0.003953307302996692,ridge100
2021-05-28 00:00:00+00:00,SPY,0.0012778660709684697,2021-06-08 00:00:00+00:00,0.0,0.002624227417200089,-0.0007580318690498072,-0.0006752258941196148,-0.0019924781689819233,-0.0035249250983032322,-0.002836063881711596,-0.011712928290204877,-0.003648077164295249,0.00031574748995771287,-0.0006752258941196148,ridge100
2021-06-04 00:00:00+00:00,GLD,-0.021473795815922236,2021-06-14 00:00:00+00:00,0.0,0.0015828670384150242,0.002730682133287938,0.002507983475652757,-6.778251391714831e-05,-0.00046365562619164096,-0.0003366616548949225,0.005811590781471015,0.005286253156193319,0.01298689045990746,0.002507983475652757,ridge100
2021-06-04 00:00:00+00:00,QQQ,0.0197882447923583,2021-06-14 00:00:00+00:00,0.0,0.004140290143728706,0.003683713374449096,0.003649778030973519,0.001346725416024918,0.0008869223577833157,-0.002553117169552457,0.0004383643455943964,-0.009596241942546706,0.03560710930282588,0.003649778030973519,ridge100
2021-06-04 00:00:00+00:00,SPY,0.004354141581925042,2021-06-14 00:00:00+00:00,0.0,0.002624227417200089,-0.0011435624013657914,-0.0010311709320172107,-0.0019924781689819233,-0.0035249250983032322,-0.0026719993135005437,-0.010564066308222961,-0.009813534996752513,0.0010805023200540287,-0.0010311709320172107,ridge100
2021-06-11 00:00:00+00:00,GLD,-0.03834603401028569,2021-06-21 00:00:00+00:00,0.0,0.0015828670384150242,0.0026293456827865434,0.002453249103407445,0.00048633246332585806,-0.0003092154894339635,0.00043657937556338067,2.7039625988622974e-05,-0.0002925172644815116,-0.013419685689905054,0.002453249103407445,ridge100
2021-06-11 00:00:00+00:00,QQQ,0.003357396324347839,2021-06-21 00:00:00+00:00,0.0,0.004140290143728706,0.002952468980888903,0.0029221265031071585,-0.0010024302226600535,-0.0016433677450860106,0.0009993475879211595,-0.0005491334560369143,0.00498380769651036,0.0009958663444478932,0.0029221265031071585,ridge100
2021-06-11 00:00:00+00:00,SPY,-0.014764225834016265,2021-06-21 00:00:00+00:00,0.0,0.002624227417200089,-0.001305377975091519,-0.0011729203555297025,-0.0008174612655705863,-0.0019299698636279271,-0.0029683663399882997,-0.0018585472507891105,0.0028325597817085895,-0.006624796691807589,-0.0011729203555297025,ridge100
2021-06-18 00:00:00+00:00,GLD,0.0009607758780652009,2021-06-28 00:00:00+00:00,0.0,0.0015828670384150242,0.006157508161799212,0.0059876851960649876,0.006960118591096124,0.009059134253936986,0.0003367435260727614,0.007961728573514144,0.010346710003140159,0.02324507909010815,0.0059876851960649876,ridge100
2021-06-18 00:00:00+00:00,QQQ,0.024384521697749628,2021-06-28 00:00:00+00:00,0.0,0.004140290143728706,0.0026113580952302384,0.0025716092756352307,0.00029473638872989477,-0.0001798212971211184,0.0027350813165883227,-0.0027633310278670103,-0.0012356491769661743,-0.004503910165839033,0.0025716092756352307,ridge100
2021-06-18 00:00:00+00:00,SPY,0.024880083260305774,2021-06-28 00:00:00+00:00,0.0,0.002624227417200089,-3.690920741181769e-05,6.194978495696446e-05,0.0007860249129302796,-0.0003182430577424902,0.006811782584169757,0.012772769424082469,0.004253188228029018,0.00793884183127327,6.194978495696446e-05,ridge100
2021-06-25 00:00:00+00:00,GLD,0.015538827156764246,2021-07-06 00:00:00+00:00,0.0,0.0015828670384150242,0.002195920781637217,0.0022178285424169965,0.00173492864434736,0.003126183101585318,0.002564640045469465,0.0008153565171526622,0.004466667404319212,0.020518656572903318,0.0022178285424169965,ridge100
2021-06-25 00:00:00+00:00,QQQ,0.024175016922519665,2021-07-06 00:00:00+00:00,0.0,0.004140290143728706,0.001778803515004022,0.001742266557639355,0.00042702893729238675,-0.0001402618074439742,-0.0004683314995154009,-0.003929803040601579,-0.007778058263399903,-0.003326901568706644,0.001742266557639355,ridge100
2021-06-25 00:00:00+00:00,SPY,0.015473776324308686,2021-07-06 00:00:00+00:00,0.0,0.002624227417200089,-0.001912377105945033,-0.0017941743608357347,-0.0007396285958010683,-0.0016707278853554438,-0.0019572747991978257,-0.0024660666229595917,-0.004550932563382693,0.00185696154113819,-0.0017941743608357347,ridge100
2021-07-02 00:00:00+00:00,GLD,0.0014177954056686648,2021-07-13 00:00:00+00:00,0.0,0.0015828670384150242,0.0021604963448360877,0.002176979858153403,0.0027681560166494083,0.005003393073719293,0.0006871490479908388,0.00032725019641155815,-0.00167463907707278,0.010793854706984131,0.002176979858153403,ridge100
2021-07-02 00:00:00+00:00,QQQ,0.007710124643753202,2021-07-13 00:00:00+00:00,0.0,0.004140290143728706,0.0009644519479597885,0.0009907838738914129,-0.0003409160596924188,-0.0011022164669661863,-0.0042106901570004825,-0.007472989107995946,0.0016701408547820456,0.012528730238985647,0.0009907838738914129,ridge100
2021-07-02 00:00:00+00:00,SPY,0.00567111730218306,2021-07-13 00:00:00+00:00,0.0,0.002624227417200089,-0.001148550502535668,-0.0010819395444496233,-0.0002864007918048108,-0.0015587573274151046,-0.006162183847059026,-0.012090069605736936,0.007828287486060358,0.006758870733117708,-0.0010819395444496233,ridge100
2021-07-09 00:00:00+00:00,GLD,0.004801408258722439,2021-07-19 00:00:00+00:00,0.0,0.0015828670384150242,0.0016159752329208646,0.0016068969002600735,0.002823872872589297,0.004339994762940902,0.002652996587749675,-0.003726501257360848,0.01028593904411327,0.00610210771881517,0.0016068969002600735,ridge100
2021-07-09 00:00:00+00:00,QQQ,-0.02317578868591008,2021-07-19 00:00:00+00:00,0.0,0.004140290143728706,0.0008389520357329522,0.0008783386707876281,-0.0004288734149212037,-0.0010050279156055425,-0.0037675481122754705,-0.009851734125278601,0.0013029761520606349,0.005224723184035749,0.0008783386707876281,ridge100
2021-07-09 00:00:00+00:00,SPY,-0.02122036787515269,2021-07-19 00:00:00+00:00,0.0,0.002624227417200089,-0.0008370802385419224,-0.0007716954311489238,-0.0017278336842417319,-0.00255732765548409,-0.005982889824756814,-0.013145016044664625,-0.00309087769859737,0.0017702983702243024,-0.0007716954311489238,ridge100
2021-07-16 00:00:00+00:00,GLD,-0.005486358951794723,2021-07-26 00:00:00+00:00,0.0,0.0015828670384150242,0.0016280493894925514,0.001703797870722733,0.0001968619708230435,-0.0003829844009769723,0.00011882255354073612,-0.007086925999735336,0.0054846535305919965,0.006752209934946736,0.001703797870722733,ridge100
2021-07-16 00:00:00+00:00,QQQ,0.03796066302522694,2021-07-26 00:00:00+00:00,0.0,0.004140290143728706,0.0026090780017653044,0.0025649243446738772,0.0006386667600256842,0.00013349131036090607,0.0008451505066508669,-0.003968929470302847,0.00818980847526291,0.002586365533429198,0.0025649243446738772,ridge100
2021-07-16 00:00:00+00:00,SPY,0.030784333424203503,2021-07-26 00:00:00+00:00,0.0,0.002624227417200089,0.0003284235828685128,0.0003938289965101646,-0.001438363191738917,-0.002562871752625397,-0.0005117684665568434,-0.013666477030931632,0.007087817710148241,0.014053391574251672,0.0003938289965101646,ridge100
2021-07-23 00:00:00+00:00,GLD,0.004270976467450005,2021-08-02 00:00:00+00:00,0.0,0.0015828670384150242,0.0023915680374260707,0.002402489066370308,0.000990216026195965,0.0010283525122935578,-0.001202367418691167,-0.011081646269298733,-0.002924217340175753,-5.2932941339981496e-05,0.002402489066370308,ridge100
2021-07-23 00:00:00+00:00,QQQ,-0.003292210253199146,2021-08-02 00:00:00+00:00,0.0,0.004140290143728706,0.00033150849140842485,0.00037470027169733493,0.00042702893729238675,-0.0009152995689010986,-0.0037573844600923344,-0.00705150578449553,0.006716927661975501,0.006576242896291201,0.00037470027169733493,ridge100
2021-07-23 00:00:00+00:00,SPY,0.0023445744059342744,2021-08-02 00:00:00+00:00,0.0,0.002624227417200089,-0.00042218756989615856,-0.0003869975375472362,-0.001385356529732022,-0.00239891067805737,-0.006088386169265321,-0.014072616389897666,0.006237874894573951,0.008283048701477782,-0.0003869975375472362,ridge100
2021-07-30 00:00:00+00:00,GLD,-0.037153032673005404,2021-08-09 00:00:00+00:00,0.0,0.0015828670384150242,0.0016525510231101754,0.0016866763639374188,0.0012958177087502543,0.000954583600750549,-0.0006972237611594722,-0.011668752588016626,0.0020704325909075482,-0.0008563693422635316,0.0016866763639374188,ridge100
2021-07-30 00:00:00+00:00,QQQ,0.006115402902900913,2021-08-09 00:00:00+00:00,0.0,0.004140290143728706,0.0022882692646971087,0.0022331709012319563,0.0006386667600256842,0.00013213309383055318,0.002521120857229029,0.0005830077573825321,0.00978390186180135,0.0026562649814919903,0.0022331709012319563,ridge100
2021-07-30 00:00:00+00:00,SPY,0.004814583634561442,2021-08-09 00:00:00+00:00,0.0,0.002624227417200089,-0.0004907792207206774,-0.00039208220222383737,-0.0017278336842417319,-0.0035235668817728788,-0.0026813437569134747,-0.007125913699218158,0.011937613333759041,0.016788829827844888,-0.00039208220222383737,ridge100
2021-08-06 00:00:00+00:00,GLD,0.02282069410502996,2021-08-16 00:00:00+00:00,0.0,0.0015828670384150242,0.0035651298509150687,0.003609657957636469,0.0003458026509519439,0.001355757398214852,7.61739239042819e-05,-0.005263922353401373,0.0015118792346708442,-0.0014238558392136854,0.003609657957636469,ridge100
2021-08-06 00:00:00+00:00,QQQ,-0.002306308352319153,2021-08-16 00:00:00+00:00,0.0,0.004140290143728706,0.000599160214942655,0.0005834709404847568,-0.0011750719434736568,-0.0013492989409915094,0.003971108300626175,0.008153316073200072,0.0013203029336840283,0.010801500275284965,0.0005834709404847568,ridge100
2021-08-06 00:00:00+00:00,SPY,0.004678284887362993,2021-08-16 00:00:00+00:00,0.0,0.002624227417200089,-0.001573431764881718,-0.0014535950643752489,-0.0019924781689819233,-0.0027173118893830746,-0.002158426515892695,-0.012011914665336845,-0.005118779128993611,-0.0053216136692684855,-0.0014535950643752489,ridge100
2021-08-13 00:00:00+00:00,GLD,0.012535306484953379,2021-08-23 00:00:00+00:00,0.0,0.0015828670384150242,0.0027191845029696893,0.002766577229055576,0.0024571849552461984,0.002077199757235836,0.002627893614525349,-0.004687589538820223,0.006444708473395175,0.0045291201233669835,0.002766577229055576,ridge100
2021-08-13 00:00:00+00:00,QQQ,0.0030730630700031014,2021-08-23 00:00:00+00:00,0.0,0.004140290143728706,0.00045568406138970174,0.0004744279478456334,-0.0011750719434736568,-0.0013492989409915094,0.00326649281677864,0.0029741352418390056,-0.0031363584924343486,0.0027669161845239655,0.0004744279478456334,ridge100
2021-08-13 00:00:00+00:00,SPY,0.0014173262165686484,2021-08-23 00:00:00+00:00,0.0,0.002624227417200089,-0.0014154103400851653,-0.0012951837159882313,-0.0019924781689819233,-0.0027173118893830746,-0.00483439043838847,-0.01559258380121154,0.007942590181730724,-0.00455162600585304,-0.0012951837159882313,ridge100
2021-08-20 00:00:00+00:00,GLD,0.004975691869728571,2021-08-30 00:00:00+00:00,0.0,0.0015828670384150242,0.0032864881731352684,0.0032980611867887534,0.0031212405355901616,0.002543031531165006,0.00412631059631197,-0.003207925564674778,0.0009861463755037009,0.008466218383455437,0.0032980611867887534,ridge100
2021-08-20 00:00:00+00:00,QQQ,0.02182751952908868,2021-08-30 00:00:00+00:00,0.0,0.004140290143728706,0.0013117735769323368,0.0012251590895517497,-0.0002646995248025112,-0.00021760185476269622,0.0023382068144952297,0.005360875983891091,0.01137697822987204,0.007828454693343723,0.0012251590895517497,ridge100
2021-08-20 00:00:00+00:00,SPY,0.013051322948919308,2021-08-30 00:00:00+00:00,0.0,0.002624227417200089,-0.00038261909192137844,-0.00034863510078098016,0.0007860249129302796,0.00018490166963527194,0.00018246753065993826,-0.004470011896294637,0.0014572114758928528,0.009907472254577861,-0.00034863510078098016,ridge100
2021-08-27 00:00:00+00:00,GLD,-0.0005894500846221895,2021-09-07 00:00:00+00:00,0.0,0.0015828670384150242,0.002026541874136577,0.0020224480735406046,0.003463717690099871,0.003208708569516589,0.00451857533755482,-0.008871250442305724,0.004498624989118803,-0.005873502290926069,0.0020224480735406046,ridge100
2021-08-27 00:00:00+00:00,QQQ,0.012816813421208106,2021-09-07 00:00:00+00:00,0.0,0.004140290143728706,-0.00043884521457476566,-0.00038481609771254423,-0.0008325947889639469,-0.0006440497663880682,0.001105922673191554,0.005084456932126542,0.003266277913140248,-0.006707714188290548,-0.00038481609771254423,ridge100
2021-08-27 00:00:00+00:00,SPY,0.003858444324740029,2021-09-07 00:00:00+00:00,0.0,0.002624227417200089,-0.0007398029699145986,-0.0007190252714548534,-0.0005510452765450025,-0.001191962614938785,-0.005081314441750783,-0.014935554371067836,-0.003862488488581655,-6.768372074303697e-05,-0.0007190252714548534,ridge100
2021-09-03 00:00:00+00:00,GLD,-0.00790278578193282,2021-09-14 00:00:00+00:00,0.0,0.0015828670384150242,0.002621381573516732,0.0025469403411783986,0.0020521532817536258,0.0020470306779253205,0.009104307151769608,0.001980397938761488,0.0005961683489314157,0.016017923629758023,0.0025469403411783986,ridge100
2021-09-03 00:00:00+00:00,QQQ,-0.010008401193964067,2021-09-14 00:00:00+00:00,0.0,0.004140290143728706,-0.0010107219660558508,-0.0008800319022447062,-0.0008325947889639469,-0.000836793818383807,0.00025236235909074646,-0.0008566320492964286,-0.0039870266035574855,-0.004550210213156846,-0.0008800319022447062,ridge100
2021-09-03 00:00:00+00:00,SPY,-0.010139025806956248,2021-09-14 00:00:00+00:00,0.0,0.002624227417200089,-0.0004028143719485966,-0.0004094757087322903,-0.0006288779463145206,-0.0015305176018955838,-0.004164801531261326,-0.01545933004832767,0.004119659345316248,0.004844012836472935,-0.0004094757087322903,ridge100
2021-09-10 00:00:00+00:00,GLD,-0.01887132708092021,2021-09-20 00:00:00+00:00,0.0,0.0015828670384150242,0.003275501108298507,0.003138326246337967,0.001746551599199336,0.0024768494373632872,0.007965443200468894,0.0024331433026094085,-0.0023771789548649807,-0.006415699190147011,0.003138326246337967,ridge100
2021-09-10 00:00:00+00:00,QQQ,-0.029348158565611793,2021-09-20 00:00:00+00:00,0.0,0.004140290143728706,5.098550670690927e-05,0.0001968582863393026,-0.0006209569662306503,-0.0003037987223064437,0.004034580223793091,0.0021347979396658533,-0.0061783956399448755,0.003016907472029643,0.0001968582863393026,ridge100
2021-09-10 00:00:00+00:00,SPY,-0.027565075579426335,2021-09-20 00:00:00+00:00,0.0,0.002624227417200089,7.319512494099733e-05,0.00013793098354372314,0.0015852882012530696,0.001192499566012784,0.0029422043815754096,0.0056319722012535345,0.009241500670988962,0.006524723997145281,0.00013793098354372314,ridge100
2021-09-17 00:00:00+00:00,GLD,-0.002678113096339918,2021-09-27 00:00:00+00:00,0.0,0.0015828670384150242,0.00386130295216077,0.0037351370815066638,0.0005879139958371142,-0.00019307602257240923,0.0013250019326549111,-0.003037110204651674,0.006742900396081657,0.004840686386470045,0.0037351370815066638,ridge100
2021-09-17 00:00:00+00:00,QQQ,0.007456704563175487,2021-09-27 00:00:00+00:00,0.0,0.004140290143728706,-0.00019835635436217912,2.4095112189759794e-05,0.0002954276395516191,0.00010483458981877872,0.00458794882232109,0.0060931845500895076,0.0011276989270673481,-0.008744559281245852,2.4095112189759794e-05,ridge100
2021-09-17 00:00:00+00:00,SPY,0.018234942110034513,2021-09-27 00:00:00+00:00,0.0,0.002624227417200089,-0.0008273201515717754,-0.0006465532181896688,0.0015852882012530696,0.001192499566012784,0.003134485606530087,0.009031310903417149,0.005051791199065991,0.006184598529090352,-0.0006465532181896688,ridge100
2021-09-24 00:00:00+00:00,GLD,-0.0009765252129944058,2021-10-04 00:00:00+00:00,0.0,0.0015828670384150242,0.003080643297038567,0.002998790097515044,0.0009128647057188235,0.0006018616424302023,-0.0004294535435562419,-0.0027343570114380534,0.016497178987583024,0.007215662962882678,0.002998790097515044,ridge100
2021-09-24 00:00:00+00:00,QQQ,-0.031550653189890365,2021-10-04 00:00:00+00:00,0.0,0.004140290143728706,0.0008210659519976654,0.0009243218247303273,5.957147048804334e-06,-0.0007625066550895325,0.0020250149338243277,0.0050205281200241085,0.002704344371808251,0.007866619372838056,0.0009243218247303273,ridge100
2021-09-24 00:00:00+00:00,SPY,-0.02215408716084033,2021-10-04 00:00:00+00:00,0.0,0.002624227417200089,-0.0008799536601790819,-0.0007206773499121027,0.0001968619708230435,-0.0003829844009769723,0.002711137807025389,-0.001556673951661951,-0.004444773642678444,-0.008343456302599998,-0.0007206773499121027,ridge100
2021-10-01 00:00:00+00:00,GLD,0.0021381320759148448,2021-10-11 00:00:00+00:00,0.0,0.0015828670384150242,0.0029657310709821504,0.0028468521112867103,0.0027681560166494083,0.004135859266110936,0.0026752695262868033,-0.000969035279614281,0.008657288035095658,0.0005620036915292625,0.0028468521112867103,ridge100
2021-10-01 00:00:00+00:00,QQQ,0.0029568757633939846,2021-10-11 00:00:00+00:00,0.0,0.004140290143728706,0.003927407740678852,0.003944227616843261,0.004867046242605127,0.008157113857684698,0.005692976993082824,0.020926954545943587,0.004717457066718932,0.03309677963582767,0.003944227616843261,ridge100
2021-10-01 00:00:00+00:00,SPY,0.00960744470392716,2021-10-11 00:00:00+00:00,0.0,0.002624227417200089,0.0010875178359334562,0.0012115887262578171,0.0029783504014855083,0.0037383333671365815,0.00694288727455545,0.014698454204507199,-0.008425259379398779,0.012651503371648793,0.0012115887262578171,ridge100
2021-10-08 00:00:00+00:00,GLD,0.008412612407300957,2021-10-18 00:00:00+00:00,0.0,0.0015828670384150242,0.003484066507668548,0.003341248467524254,0.000697422254922217,0.001287153195908615,0.0035366066250710876,-0.00020994222453599498,-0.0027177305746617724,-0.015058589272697846,0.003341248467524254,ridge100
2021-10-08 00:00:00+00:00,QQQ,0.022331401485108815,2021-10-18 00:00:00+00:00,0.0,0.004140290143728706,0.0033720656627081068,0.0034218603457508785,0.0048807841923361826,0.006501291667794455,0.002750300077564612,0.018327354309415813,-0.006868245186169719,-0.01601507844016731,0.0034218603457508785,ridge100
2021-10-08 00:00:00+00:00,SPY,0.015577948588685109,2021-10-18 00:00:00+00:00,0.0,0.002624227417200089,0.0010549674402146496,0.0011454110568477243,0.0012659492246595771,0.00044450647183658624,0.0013960367506991853,5.5534656243644286e-05,0.0034908571031675344,0.004226591619114586,0.0011454110568477243,ridge100
2021-10-15 00:00:00+00:00,GLD,0.019586540497086746,2021-10-25 00:00:00+00:00,0.0,0.0015828670384150242,0.0030235341678964056,0.0029212266899761056,0.0017605312476778362,0.002017434611337616,0.005046027176729137,0.0017519482214411709,0.004333893455684234,-0.00198415071660613,0.0029212266899761056,ridge100
2021-10-15 00:00:00+00:00,QQQ,0.021626182562879626,2021-10-25 00:00:00+00:00,0.0,0.004140290143728706,0.002420398041422101,0.002481325437678762,0.0037804541205726334,0.004321649460352189,0.0010734319800673362,0.010841352528262205,-0.026990381639099364,-0.01664278556624909,0.002481325437678762,ridge100
2021-10-15 00:00:00+00:00,SPY,0.023222209712620012,2021-10-25 00:00:00+00:00,0.0,0.002624227417200089,0.0003292366465012836,0.00042350004560108486,0.0016084263791692872,0.001664192480788814,-0.0009083034911716786,-0.002813663647941198,-0.01768797087929612,-0.018931252109066786,0.00042350004560108486,ridge100
2021-10-22 00:00:00+00:00,GLD,-0.007589225373558106,2021-11-01 00:00:00+00:00,0.0,0.0015828670384150242,0.002546330997016522,0.0024160132005753383,0.0021030084021875462,0.0025651293196990704,0.007800243860660227,0.0036799734437030695,-0.008453284808872204,0.0040868529315789956,0.0024160132005753383,ridge100
2021-10-22 00:00:00+00:00,QQQ,0.029289729433632283,2021-11-01 00:00:00+00:00,0.0,0.004140290143728706,0.0017361024047804895,0.0018210713454566065,0.0037804541205726334,0.004321649460352189,-0.002061188256790337,0.002670018439455426,0.010112184192082374,0.013534553645843755,0.0018210713454566065,ridge100
2021-10-22 00:00:00+00:00,SPY,0.013251655152725306,2021-11-01 00:00:00+00:00,0.0,0.002624227417200089,0.00036176481982656497,0.0003878914840468481,0.0016084263791692872,0.0011101835101881687,-0.0011552235048853932,-0.006451890356864177,0.000991408759715951,0.015739002542539415,0.0003878914840468481,ridge100
2021-10-29 00:00:00+00:00,GLD,0.018221936336446642,2021-11-08 00:00:00+00:00,0.0,0.0015828670384150242,0.003191910896444698,0.0030343800665324815,0.0020500017401806512,0.001973221192890495,0.005476732688345489,0.002941276157223529,-0.005984142796639118,-0.013576186036060691,0.0030343800665324815,ridge100
2021-10-29 00:00:00+00:00,QQQ,0.031068733960899042,2021-11-08 00:00:00+00:00,0.0,0.004140290143728706,0.0005789753795942009,0.0007019329152233064,-0.0008559855332859194,-0.0033007302375151005,-0.0004371395110005344,0.0009578077909922966,-0.011186141223672195,-0.00729747129222168,0.0007019329152233064,ridge100
2021-10-29 00:00:00+00:00,SPY,0.020421679439383444,2021-11-08 00:00:00+00:00,0.0,0.002624227417200089,-1.0446978944476104e-05,6.322901466755126e-05,0.0005393391253327533,0.0002826926373746117,-0.0009012659138750256,-0.0024893130407323038,-0.008517322167274952,-0.0003112961739972242,6.322901466755126e-05,ridge100
2021-11-05 00:00:00+00:00,GLD,0.021533847241993698,2021-11-15 00:00:00+00:00,0.0,0.0015828670384150242,0.0009002735534672768,0.0008477434377129855,0.0005393391253327533,0.0008367016079752566,0.0028306524263613914,0.006094463308478508,-0.015163118775600897,0.002182122475512185,0.0008477434377129855,ridge100
2021-11-05 00:00:00+00:00,QQQ,-0.006673832851143424,2021-11-15 00:00:00+00:00,0.0,0.004140290143728706,-0.00035277248552174624,-0.00016250869968231275,-0.0021438917471908805,-0.0028556979168271185,-0.0037718273732349206,-0.00654532570793231,0.0020467812510890225,0.0012557067528487452,-0.00016250869968231275,ridge100
2021-11-05 00:00:00+00:00,SPY,-0.002256813427687021,2021-11-15 00:00:00+00:00,0.0,0.002624227417200089,-0.00016084686933094672,-0.00010960343400298889,0.0006590599232104887,-0.0015677461708971676,-0.0020311289586680183,-0.005139233171793094,0.009882089296664433,0.006104407484838468,-0.00010960343400298889,ridge100
2021-11-12 00:00:00+00:00,GLD,-0.024124135897697907,2021-11-22 00:00:00+00:00,0.0,0.0015828670384150242,0.0002554141945006994,0.0001941073140114835,0.0005393391253327533,0.0008367016079752566,0.002449776441909116,0.004698648548749102,-0.000853770270202382,0.012029494175264367,0.0001941073140114835,ridge100
2021-11-12 00:00:00+00:00,QQQ,0.02439956720869274,2021-11-22 00:00:00+00:00,0.0,0.004140290143728706,0.0018758481168915642,0.0019399224747885613,-5.144556718960404e-05,-0.0005705795874191756,-0.0009772523664011484,-0.004835838838888724,-0.008151492767534671,-0.0058266368045871595,0.0019399224747885613,ridge100
2021-11-12 00:00:00+00:00,SPY,0.00480085905944394,2021-11-22 00:00:00+00:00,0.0,0.002624227417200089,0.0012021227626863656,0.0011308345674741719,0.0004965544204274647,-0.0003920119692854988,-0.00043683520620317883,-0.013385330492117683,-0.003515073943370271,0.002510062038999461,0.0011308345674741719,ridge100
2021-11-19 00:00:00+00:00,GLD,-0.012536725724199727,2021-11-30 00:00:00+00:00,0.0,0.0015828670384150242,0.0015565942168424807,0.0014716257953879225,0.00048633246332585806,-0.0003092154894339635,0.0054634991039342,0.0023788051717243508,-0.0018100308609742882,0.006291391417162837,0.0014716257953879225,ridge100
2021-11-19 00:00:00+00:00,QQQ,-0.016741965624737176,2021-11-30 00:00:00+00:00,0.0,0.004140290143728706,0.00047720911894364284,0.0005575034273068266,-0.001429192975531956,-0.0016010901595680058,-0.004906888966739198,-0.0073083980595472055,0.01363171115619493,0.008682117044416926,0.0005575034273068266,ridge100
2021-11-19 00:00:00+00:00,SPY,-0.018878990525774464,2021-11-30 00:00:00+00:00,0.0,0.002624227417200089,0.000935551069098099,0.0008518830879571806,0.0004965544204274647,-0.0003920119692854988,-0.0015734316981611007,-0.012883191004005978,0.010070420037269307,0.008902785454623148,0.0008518830879571806,ridge100
2021-11-26 00:00:00+00:00,GLD,-0.004195618338569851,2021-12-06 00:00:00+00:00,0.0,0.0015828670384150242,0.003441407401146112,0.0033907100354099062,0.0038937066429531536,0.004350843214786082,0.0038464771563755506,-0.005067716703278508,0.004168869712602479,-0.006083994126211047,0.0033907100354099062,ridge100
2021-11-26 00:00:00+00:00,QQQ,-0.030968394499652274,2021-12-06 00:00:00+00:00,0.0,0.004140290143728706,0.0035196952010309503,0.003522708835177419,0.0034111797851031243,0.00375060842562201,0.002502780695033323,0.008948547776316141,0.012527882646980957,-0.004388577680750332,0.003522708835177419,ridge100
2021-11-26 00:00:00+00:00,SPY,-0.017109498335078244,2021-12-06 00:00:00+00:00,0.0,0.002624227417200089,0.0031942475170485245,0.0030530421754601635,0.0020384153320225713,0.0013348790069705094,0.00032329217110033115,-0.010179573839783906,0.012252286512668005,0.007284582777505631,0.0030530421754601635,ridge100
2021-12-03 00:00:00+00:00,GLD,0.004574422232020758,2021-12-13 00:00:00+00:00,0.0,0.0015828670384150242,0.0017694780274780109,0.0018011682646590732,0.0001968619708230435,-0.0003829844009769723,0.0011354890339357645,-0.00031868364857128516,0.01060133202219873,0.014539336637945498,0.0018011682646590732,ridge100
2021-12-03 00:00:00+00:00,QQQ,0.037457986441428615,2021-12-13 00:00:00+00:00,0.0,0.004140290143728706,0.004615808918080256,0.004581524231724342,0.006219465396725391,0.0071122926253231146,0.004116358980475619,0.02202070579273217,0.008212850994573806,0.009326455278318999,0.004581524231724342,ridge100
2021-12-03 00:00:00+00:00,SPY,0.03082458130993615,2021-12-13 00:00:00+00:00,0.0,0.002624227417200089,0.003186133142834618,0.0031051506517679735,0.004350646097555914,0.004321545128682134,0.0014229027564483432,-0.008506600052990594,0.0013672985706508457,-0.006134984201534907,0.0031051506517679735,ridge100
2021-12-10 00:00:00+00:00,GLD,0.005871845549233257,2021-12-20 00:00:00+00:00,0.0,0.0015828670384150242,0.0011947652648666932,0.0011833611478064027,0.0011367970402859809,0.002221085809232067,-0.0008506062622564758,0.004262873855968793,-0.0016573645383499097,-0.004443224388161458,0.0011833611478064027,ridge100
2021-12-10 00:00:00+00:00,QQQ,-0.04508850834084677,2021-12-20 00:00:00+00:00,0.0,0.004140290143728706,0.002181810584955758,0.002214063152788963,-0.0009983586309243112,-0.0015678620798480905,-0.00461683869634353,0.0054619852996175685,-0.007528080875957437,0.01749664893598022,0.002214063152788963,ridge100
2021-12-10 00:00:00+00:00,SPY,-0.03001614314311052,2021-12-20 00:00:00+00:00,0.0,0.002624227417200089,0.0006343549833925738,0.0006208043352786541,0.0020038912967118173,0.001927663548043204,-0.0033407756829600733,0.0004989982664437154,-0.020408660556125686,-0.0020453553805734035,0.0006208043352786541,ridge100
2021-12-17 00:00:00+00:00,GLD,0.008637103324212747,2021-12-28 00:00:00+00:00,0.0,0.0015828670384150242,0.0011314246050245977,0.0010940333169403578,0.0011367970402859809,0.0011339789330780255,-0.0002765839817392013,0.004150289082153348,0.006265125965511398,-0.014335315956852935,0.0010940333169403578,ridge100
2021-12-17 00:00:00+00:00,QQQ,0.06541596977212194,2021-12-28 00:00:00+00:00,0.0,0.004140290143728706,0.005898305240506736,0.0058324902788532305,0.00596467556390487,0.004109021866175595,0.000566060737803456,-0.0060399759681046,0.006371652238267005,0.012180958720446222,0.0058324902788532305,ridge100
2021-12-17 00:00:00+00:00,SPY,0.05113528192234695,2021-12-28 00:00:00+00:00,0.0,0.002624227417200089,0.0025061677762183775,0.0024991637170786213,0.0020858616217151386,0.0016201302178837182,-0.0004903167058049551,-0.005644911004590074,0.004593181472963444,0.010455939979755597,0.0024991637170786213,ridge100
2021-12-23 00:00:00+00:00,GLD,-0.0005918921611135497,2022-01-03 00:00:00+00:00,0.0,0.0015828670384150242,0.0006361041300869838,0.0006573367970400068,0.0011072343894941885,0.0002443733908791905,-0.001492375214456323,-0.0005210721379526062,0.007929265316529443,0.000369481685603883,0.0006573367970400068,ridge100
2021-12-23 00:00:00+00:00,QQQ,0.0020089949605168744,2022-01-03 00:00:00+00:00,0.0,0.004140290143728706,0.0025991930638748686,0.0026395897642496192,-0.0009178415227070695,0.00025062224029424667,-0.004840286986747251,-0.0003908483314113986,0.018915725366735626,-0.012242097184923027,0.0026395897642496192,ridge100
2021-12-23 00:00:00+00:00,SPY,0.008981830084339393,2022-01-03 00:00:00+00:00,0.0,0.002624227417200089,0.0009033222378520911,0.0009340580680173183,0.0013967696574619163,0.0011435515055557208,-0.005536782953506358,-0.005186133152497691,0.01702776949798389,-0.021254928136431515,0.0009340580680173183,ridge100
2021-12-31 00:00:00+00:00,GLD,-0.008883098392622246,2022-01-10 00:00:00+00:00,0.0,0.0015828670384150242,0.0005661325328948399,0.0005573731980042479,0.0012958177087502543,0.000954583600750549,0.0013852211343628861,0.0008853412232352742,0.006896840943955378,0.012306652381296548,0.0005573731980042479,ridge100
2021-12-31 00:00:00+00:00,QQQ,-0.06071935855180843,2022-01-10 00:00:00+00:00,0.0,0.004140290143728706,0.002186170074765727,0.0023187374465789175,-0.001395295664226995,-0.0017267556576275335,-0.005060586611234101,-0.012361712445018354,-0.011444209889527714,-0.00465614229792036,0.0023187374465789175,ridge100
2021-12-31 00:00:00+00:00,SPY,-0.02855316167298816,2022-01-10 00:00:00+00:00,0.0,0.002624227417200089,-0.0005781326034549567,-0.0003696526142534301,0.0013967696574619163,0.0011435515055557208,-0.0024602334929576773,0.001704526552826513,-0.00543955377316351,-0.0011367680462498852,-0.0003696526142534301,ridge100
2022-01-07 00:00:00+00:00,GLD,0.013623319616287377,2022-01-18 00:00:00+00:00,0.0,0.0012101926370404938,0.0016198912659660888,0.0016212380837895874,-0.0003709388577076534,-0.0013185648998722919,-0.0009455337578606338,-0.005482457387110965,-0.00593183814740093,-0.0075730288895107575,0.0016212380837895874,ridge100
2022-01-07 00:00:00+00:00,QQQ,-0.0020811445029632614,2022-01-18 00:00:00+00:00,0.0,0.00427993735708319,0.006382297302527932,0.006422455353486758,0.01161985058339044,0.013507117346150017,0.005257009461045424,-0.015059773475885694,0.018006383166095385,0.01857676353812856,0.006422455353486758,ridge100
2022-01-07 00:00:00+00:00,SPY,-0.0063974491293714575,2022-01-18 00:00:00+00:00,0.0,0.0029834842627592686,0.0020667443446434207,0.0021743411402608426,0.0028979795962203285,0.0032226462841283806,0.0025275358658795517,-0.0005390351368370227,0.010777484214513406,0.00762041614408683,0.0021743411402608426,ridge100
2022-01-14 00:00:00+00:00,GLD,0.013617057102717212,2022-01-25 00:00:00+00:00,0.0,0.0012101926370404938,-4.030508759043927e-05,-9.941851800300826e-06,-6.812168088256607e-05,-0.0008572702414163429,0.0007272429893442101,0.0005793006454032613,-0.00786979379728372,-0.011757028820756597,-9.941851800300826e-06,ridge100
2022-01-14 00:00:00+00:00,QQQ,-0.07317375031758055,2022-01-25 00:00:00+00:00,0.0,0.00427993735708319,0.005627923637033791,0.005656041687459754,0.005911369964269312,0.005981190875270085,0.005038233596677202,0.01764508477586774,-0.016921401462017906,0.007549212733669852,0.005656041687459754,ridge100
2022-01-14 00:00:00+00:00,SPY,-0.058032919843233,2022-01-25 00:00:00+00:00,0.0,0.0029834842627592686,0.0023845396861225457,0.0024421711715320394,0.002747254934759941,0.0028898136615395417,0.0032136662496921814,0.0017846922578924928,-0.00657931659696174,-0.00525778166857785,0.0024421711715320394,ridge100
2022-01-21 00:00:00+00:00,GLD,-0.023227416006041723,2022-01-31 00:00:00+00:00,0.0,0.0012101926370404938,6.123705403020708e-05,7.756938839681204e-05,-0.00025237468877404386,-0.0015090342695144529,0.0025693148817230566,0.0019476176330106864,0.0019595757879060406,0.011970564513472743,7.756938839681204e-05,ridge100
2022-01-21 00:00:00+00:00,QQQ,0.021074788477975392,2022-01-31 00:00:00+00:00,0.0,0.00427993735708319,0.011433012715984762,0.011333231786619826,0.008787608817756453,0.00643716232318879,0.01593298866336593,0.03211925624548659,0.003633555611768222,0.029007608288978144,0.011333231786619826,ridge100
2022-01-21 00:00:00+00:00,SPY,0.02131788433793158,2022-01-31 00:00:00+00:00,0.0,0.0029834842627592686,0.006599235887826305,0.006598639931282093,0.008690136351011577,0.009826917388623888,0.010602027000332517,0.021760276723137153,0.0010322910018506048,0.018590815377447542,0.006598639931282093,ridge100
2022-01-28 00:00:00+00:00,GLD,0.009893341251158816,2022-02-07 00:00:00+00:00,0.0,0.0012101926370404938,0.0021212154581226246,0.00210956822321096,0.0009732646125094509,0.0015443277938519912,-0.0015485771693691402,-0.0030601298589546843,0.012166738409249702,0.0036004119208306066,0.00210956822321096,ridge100
2022-01-28 00:00:00+00:00,QQQ,0.015345419060802001,2022-02-07 00:00:00+00:00,0.0,0.00427993735708319,0.010249063905565512,0.010149221407244826,0.004712920824611283,-0.00015975425586313826,0.014629355563579763,0.012353610952099496,0.006567190811925281,-0.013928174617536194,0.010149221407244826,ridge100
2022-01-28 00:00:00+00:00,SPY,0.01874295232477019,2022-02-07 00:00:00+00:00,0.0,0.0029834842627592686,0.004580281890100984,0.004616012890740978,0.00476060008426064,0.005638107889495742,0.011274116371073782,0.016937405563964357,-0.003529601354408106,0.007600237399264378,0.004616012890740978,ridge100
2022-02-04 00:00:00+00:00,GLD,0.025553271814913403,2022-02-14 00:00:00+00:00,0.0,0.0012101926370404938,0.000759106530444803,0.0007590889908338555,-0.00025237468877404386,-0.002751973380759661,0.0013553553647709083,-0.002941230152344533,-0.014566539976062094,0.015617546705529792,0.0007590889908338555,ridge100
2022-02-04 00:00:00+00:00,QQQ,-0.03382419626155708,2022-02-14 00:00:00+00:00,0.0,0.00427993735708319,0.010301660580530232,0.010224047763640009,0.009091410079116645,0.008356660944560076,0.007269862967310537,-0.02372437302845847,0.002454658223659536,0.025946899601564145,0.010224047763640009,ridge100
2022-02-04 00:00:00+00:00,SPY,-0.021334502528083,2022-02-14 00:00:00+00:00,0.0,0.0029834842627592686,0.005148805554154526,0.005127609260995865,0.002970264007986011,0.0028438201671544395,0.004457064036283608,-0.0013766820553857773,-0.011264630100625159,0.0125395517585313,0.005127609260995865,ridge100
2022-02-11 00:00:00+00:00,GLD,0.022384620882572204,2022-02-22 00:00:00+00:00,0.0,0.0012101926370404938,-0.00026846490437770434,-0.000311010375212748,-8.10458948531216e-05,0.0006885646622273954,0.006985824896002902,0.004327513372459848,0.0013639806956933708,-0.007563110293843012,-0.000311010375212748,ridge100
2022-02-11 00:00:00+00:00,QQQ,-0.02308879314599188,2022-02-22 00:00:00+00:00,0.0,0.00427993735708319,0.012959910758817307,0.012891199928202188,-0.002313436670044559,-0.0071710013509882695,0.011075689528673847,-0.012998547479672558,0.005929200162254558,-0.009813297354233889,0.012891199928202188,ridge100
2022-02-11 00:00:00+00:00,SPY,-0.01825337672721783,2022-02-22 00:00:00+00:00,0.0,0.0029834842627592686,0.007335942086733893,0.007285856053064848,0.002747417011109744,0.0029013772154955586,0.0021470986296384044,-0.014480266930487276,0.000794603579526092,-0.02783884641336631,0.007285856053064848,ridge100
2022-02-18 00:00:00+00:00,GLD,0.007767236432907776,2022-03-01 00:00:00+00:00,0.0,0.0012101926370404938,-0.0004584965161900229,-0.0004953934693983769,3.616114706009106e-05,0.0005374931736522863,0.0006556910756069117,0.001162193913146935,0.016867612912531405,0.014509204502444561,-0.0004953934693983769,ridge100
2022-02-18 00:00:00+00:00,QQQ,0.021448284352122426,2022-03-01 00:00:00+00:00,0.0,0.00427993735708319,0.012048643176704203,0.012165747302649339,-0.00257870038300122,-0.009182037438966536,0.009594443279686142,-0.013398664984231852,0.014118481860297167,0.029235204804141615,0.012165747302649339,ridge100
2022-02-18 00:00:00+00:00,SPY,0.007293490683659698,2022-03-01 00:00:00+00:00,0.0,0.0029834842627592686,0.006899105403186476,0.006992459803738569,0.0050712006104321585,0.004169751725843964,0.0012739390909705074,-0.009582360389883214,0.0006958799665904491,0.011948146489333282,0.006992459803738569,ridge100
2022-02-25 00:00:00+00:00,GLD,0.03125347377174892,2022-03-07 00:00:00+00:00,0.0,0.0012101926370404938,-0.00036093778890596896,-0.0003328458019434388,-6.812168088256607e-05,-0.00031898828442209935,-0.0004815186165931795,0.0017155120382988198,0.003494986987308746,0.024996690900941806,-0.0003328458019434388,ridge100
2022-02-25 00:00:00+00:00,QQQ,-0.015240376074588169,2022-03-07 00:00:00+00:00,0.0,0.00427993735708319,0.01091379422078405,0.011129940808973155,-0.001820751609620642,-0.008431806559711777,0.0072190598967808335,-0.026287155418264256,0.006187993166467977,0.02871359634380353,0.011129940808973155,ridge100
2022-02-25 00:00:00+00:00,SPY,-0.001111028923019397,2022-03-07 00:00:00+00:00,0.0,0.0029834842627592686,0.005968974305045069,0.006124907814028416,0.005540932397303211,0.004030636736463522,0.0005503424930923445,-0.005222111741864941,0.006661841842755169,0.028594455353282797,0.006124907814028416,ridge100
2022-03-04 00:00:00+00:00,GLD,-0.007698553496554239,2022-03-14 00:00:00+00:00,0.0,0.0012101926370404938,-0.0028297189932989307,-0.002665482015503099,-0.0038699091851046065,-0.0027730356760345565,-0.004604620528490873,0.0008377080559238758,-0.003169091360921934,-0.017810149927687847,-0.002665482015503099,ridge100
2022-03-04 00:00:00+00:00,QQQ,-0.0419815282074969,2022-03-14 00:00:00+00:00,0.0,0.00427993735708319,0.012580532497857946,0.012672535423148923,0.018251580780169453,0.01690342476180666,0.014405138721613704,0.010948395421930705,0.04131839475957225,0.036358082215525396,0.012672535423148923,ridge100
2022-03-04 00:00:00+00:00,SPY,-0.024701547968297266,2022-03-14 00:00:00+00:00,0.0,0.0029834842627592686,0.006726149236051189,0.006828003091180372,0.004782983623922635,0.005208213446366924,0.003133314841739775,0.0032917316512732333,0.02411595691441876,0.030095178967205673,0.006828003091180372,ridge100
2022-03-11 00:00:00+00:00,GLD,-0.02021524871834679,2022-03-21 00:00:00+00:00,0.0,0.0012101926370404938,-0.0014432418129215606,-0.001135386372286843,-0.0011472023305028113,-0.000903046538718771,-0.007904499086497102,-0.007269740532349816,0.01938734036993018,0.021513630879713475,-0.001135386372286843,ridge100
2022-03-11 00:00:00+00:00,QQQ,0.08511400920812084,2022-03-21 00:00:00+00:00,0.0,0.00427993735708319,0.014686024446033754,0.014756389112273902,0.006107153449893933,0.002122534368364447,0.01751753145902348,0.030432971286069324,0.02581125327835709,0.03403306685513815,0.014756389112273902,ridge100
2022-03-11 00:00:00+00:00,SPY,0.058994916654952156,2022-03-21 00:00:00+00:00,0.0,0.0029834842627592686,0.008347515188437783,0.008460682166983109,0.004763688816067042,0.0003646754067710701,0.005440070763270768,0.01716502173966573,0.011143271765661251,0.049625264964850986,0.008460682166983109,ridge100
2022-03-18 00:00:00+00:00,GLD,0.005855144376494259,2022-03-28 00:00:00+00:00,0.0,0.0012101926370404938,0.002049512462233502,0.0022061479474818797,0.003845187005359272,0.0038099875653911856,-0.001509189841426186,-0.0009648671987135865,-0.007905564369389783,-0.008591713226045083,0.0022061479474818797,ridge100
2022-03-18 00:00:00+00:00,QQQ,0.026099179226175995,2022-03-28 00:00:00+00:00,0.0,0.00427993735708319,0.007803678892036361,0.008094154555909621,0.005536228217328282,-0.00037252300061500965,0.01273147398800484,0.010761233560608511,0.0016178051366079948,-0.013005148861652039,0.008094154555909621,ridge100
2022-03-18 00:00:00+00:00,SPY,0.017373929761491436,2022-03-28 00:00:00+00:00,0.0,0.0029834842627592686,0.0032244306857577387,0.003475790039182337,0.003816152914629431,0.004091035167356513,0.007294297006940953,0.004999148678907699,-0.0025560353263371118,-0.010350929921602787,0.003475790039182337,ridge100
2022-03-25 00:00:00+00:00,GLD,-0.0007761358568504351,2022-04-04 00:00:00+00:00,0.0,0.0012101926370404938,0.00016074773840732027,0.0003487637288871431,0.002332769420105947,0.0019819895147757706,-0.006828749735365869,-0.028217727015438912,-0.0011965049655570702,0.0049627443756246,0.0003487637288871431,ridge100
2022-03-25 00:00:00+00:00,QQQ,0.009378193126352574,2022-04-04 00:00:00+00:00,0.0,0.00427993735708319,0.00924450069468443,0.00943433950230153,0.006780922483844094,0.003550176756085571,0.00939662758672189,-0.01202715948728975,0.006853700695775778,-0.007373760327262113,0.00943433950230153,ridge100
2022-03-25 00:00:00+00:00,SPY,0.002367152631612912,2022-04-04 00:00:00+00:00,0.0,0.0029834842627592686,0.004626497940043734,0.004771379358809369,0.004143183508566463,0.004017206022159937,0.008078361123447906,0.006990694016612018,0.005303176349381053,0.001042880918847134,0.004771379358809369,ridge100
2022-04-01 00:00:00+00:00,GLD,0.01625606184245454,2022-04-11 00:00:00+00:00,0.0,0.0012101926370404938,0.0026884903517219168,0.0027173386898277536,0.004216654948661567,0.004675196067220455,-0.001074568169567567,-0.0009388428981893387,0.0018976586780002336,-0.001604801389240491,0.0027173386898277536,ridge100
2022-04-01 00:00:00+00:00,QQQ,-0.04935063985534316,2022-04-11 00:00:00+00:00,0.0,0.00427993735708319,0.008792370628701352,0.008928324693728697,0.002226785988983246,0.0009165661784580454,0.010737785541555866,0.0024742072316696205,-0.0030444832047716998,-0.016749730755399407,0.008928324693728697,ridge100
2022-04-01 00:00:00+00:00,SPY,-0.019906256815032664,2022-04-11 00:00:00+00:00,0.0,0.0029834842627592686,0.005666240319002227,0.005703498338311821,0.005540932397303211,0.005747918634305753,0.008950743394315622,0.006736950669223962,0.0032794012783223404,-0.004251258092109913,0.005703498338311821,ridge100
2022-04-08 00:00:00+00:00,GLD,0.00010921151204290602,2022-04-19 00:00:00+00:00,0.0,0.0012101926370404938,0.001663221646531783,0.001618438876967989,0.0022051071472875463,0.0012846185045902036,-0.003530263233712622,-0.01590066730111879,0.0022253370242152006,-0.003331937482774769,0.001618438876967989,ridge100
2022-04-08 00:00:00+00:00,QQQ,-0.01966295380142935,2022-04-19 00:00:00+00:00,0.0,0.00427993735708319,0.011392478649899668,0.01144332385816725,0.010829619853716894,0.009042533378771325,0.01527376483134389,0.010889865934443028,-0.006516208053676857,-0.01815416696192086,0.01144332385816725,ridge100
2022-04-08 00:00:00+00:00,SPY,-0.014072966130662223,2022-04-19 00:00:00+00:00,0.0,0.0029834842627592686,0.006272735544485725,0.006258372632506182,0.005692478941709572,0.005391598766112778,0.010564438526479187,0.012232277417983585,0.0017492765155092149,-0.010697283621072322,0.006258372632506182,ridge100
2022-04-14 00:00:00+00:00,GLD,-0.04721698802576868,2022-04-25 00:00:00+00:00,0.0,0.0012101926370404938,0.0004303499135528177,0.00042990188517383956,0.002110101919493738,0.0023897558756031515,-0.006139577829247278,-0.021801895598852594,-0.00874652552089047,-0.0014441721320061656,0.00042990188517383956,ridge100
2022-04-14 00:00:00+00:00,QQQ,-0.04037337754949599,2022-04-25 00:00:00+00:00,0.0,0.00427993735708319,0.013594059726639478,0.013381153986971005,0.0245589938668004,0.026232202917626676,0.010582146041951724,0.021493094906334654,0.02487811627006693,0.008604084263230678,0.013381153986971005,ridge100
2022-04-14 00:00:00+00:00,SPY,-0.030081844473567765,2022-04-25 00:00:00+00:00,0.0,0.0029834842627592686,0.007863119528516104,0.007711406784459838,0.006766571698586705,0.006133116070145557,0.00299494583804475,0.005663249527488812,0.01702732349987251,0.012810499866251318,0.007711406784459838,ridge100
2022-04-22 00:00:00+00:00,GLD,-0.020093681748526215,2022-05-02 00:00:00+00:00,0.0,0.0012101926370404938,0.0025880795121051565,0.0025279808503337383,0.0035007472232285756,0.003219393244886185,-0.0006969960412159887,0.0015032090690617872,-0.006362398632716191,-0.0016916763200410195,0.0025279808503337383,ridge100
2022-04-22 00:00:00+00:00,QQQ,-0.03366997524808002,2022-05-02 00:00:00+00:00,0.0,0.00427993735708319,0.01520002184305986,0.014882689940189035,0.02229553737313486,0.02332562557056263,0.015805699946282552,0.03143461707056211,0.03412473003381125,0.05073953513509668,0.014882689940189035,ridge100
2022-04-22 00:00:00+00:00,SPY,-0.027379720578605604,2022-05-02 00:00:00+00:00,0.0,0.0029834842627592686,0.009197550127069626,0.009001924827417086,0.006279709103726803,0.00726160489233869,0.005972677509422883,-0.004133383652128437,0.02265913993440996,0.03679146891984531,0.009001924827417086,ridge100
2022-04-29 00:00:00+00:00,GLD,0.003801645410915544,2022-05-09 00:00:00+00:00,0.0,0.0012101926370404938,0.0026479988145985734,0.002658938305234634,0.0021565437530114678,0.0016498421813998915,0.000990380962410463,-0.0009871765425693714,0.005243712059163486,0.008321872708129835,0.002658938305234634,ridge100
2022-04-29 00:00:00+00:00,QQQ,-0.02988817808104005,2022-05-09 00:00:00+00:00,0.0,0.00427993735708319,0.01801643252726891,0.017655314415762548,0.0219508252813493,0.02020415678157807,0.017084210462936043,0.006961786516758841,0.021797852953973233,0.05343965045536459,0.017655314415762548,ridge100
2022-04-29 00:00:00+00:00,SPY,-0.01691455171179501,2022-05-09 00:00:00+00:00,0.0,0.0029834842627592686,0.01194843888752034,0.011713697157048704,0.01724763681381565,0.020066360953942364,0.0036271064753895634,-0.019193501653441265,0.014432459949192525,0.026464144802106824,0.011713697157048704,ridge100
2022-05-06 00:00:00+00:00,GLD,-0.03351128394734626,2022-05-16 00:00:00+00:00,0.0,0.0012101926370404938,0.0029910673194168914,0.0030060356631315364,0.003872215166530871,0.00235053732139636,0.0006310962146167118,-0.006870389944505546,-0.004501473090442273,-0.009880736637056171,0.0030060356631315364,ridge100
2022-05-06 00:00:00+00:00,QQQ,-0.010972911709205668,2022-05-16 00:00:00+00:00,0.0,0.00427993735708319,0.017950873527993426,0.01766059822493735,0.0219508252813493,0.02020415678157807,0.01624952780324148,-0.0007775507968096851,0.03747865011059219,0.07778252991304306,0.01766059822493735,ridge100
2022-05-06 00:00:00+00:00,SPY,-0.012638833442015551,2022-05-16 00:00:00+00:00,0.0,0.0029834842627592686,0.01139494820552692,0.011216569907058105,0.01752836654139965,0.020422777920061957,0.003519830582188631,-0.009860269599875949,0.028260240015244582,0.06357296783020948,0.011216569907058105,ridge100
2022-05-13 00:00:00+00:00,GLD,0.0279048412480698,2022-05-23 00:00:00+00:00,0.0,0.0012101926370404938,0.0051358379022137645,0.005139140608709685,0.004381276199098732,0.0034106504887872484,0.00953019457310967,0.018532970314129496,0.00509184445681885,-0.004799376625457586,0.005139140608709685,ridge100
2022-05-13 00:00:00+00:00,QQQ,-0.03464945489606952,2022-05-23 00:00:00+00:00,0.0,0.00427993735708319,0.01874825995320727,0.018556025006740126,0.0219508252813493,0.02020415678157807,0.014599966216337275,0.007234895144796314,0.03478565210019093,0.03323426595723775,0.018556025006740126,ridge100
2022-05-13 00:00:00+00:00,SPY,-0.017875901084768553,2022-05-23 00:00:00+00:00,0.0,0.0029834842627592686,0.012944426164846758,0.012789902984444525,0.004932282140066196,0.001898704202349564,0.002031622350059752,-0.011311294974029846,0.010725262096301789,0.013404205455587747,0.012789902984444525,ridge100
2022-05-20 00:00:00+00:00,GLD,-0.0024259120724313687,2022-05-31 00:00:00+00:00,0.0,0.0012101926370404938,0.0028858441648627127,0.0029494316121332935,0.004177583398336672,0.005008431422348436,-0.00029107995053397284,-0.02124537474633254,0.002667219867037871,-0.002767475005768472,0.0029494316121332935,ridge100
2022-05-20 00:00:00+00:00,QQQ,0.06667828288311162,2022-05-31 00:00:00+00:00,0.0,0.00427993735708319,0.019486572422904126,0.019437266001329626,0.022253832433348216,0.02020415678157807,0.016540527650676193,0.028719696726149865,0.05848508014897309,0.04468217023846715,0.019437266001329626,ridge100
2022-05-20 00:00:00+00:00,SPY,0.052745483182017106,2022-05-31 00:00:00+00:00,0.0,0.0029834842627592686,0.013638101538593118,0.013561659064263942,0.004932282140066196,0.00034159456704865843,0.0036492857045249826,0.0024377822482062592,0.03157578317891401,0.03481307070271695,0.013561659064263942,ridge100
2022-05-27 00:00:00+00:00,GLD,-0.0034740668183150802,2022-06-07 00:00:00+00:00,0.0,0.0012101926370404938,0.0030141721686381233,0.003090976200346302,0.003920778560806949,0.00235053732139636,-0.0022116305427550675,-0.019562670416214335,0.0011903897068940572,0.007344772315748697,0.003090976200346302,ridge100
2022-05-27 00:00:00+00:00,QQQ,-0.01701901258142402,2022-06-07 00:00:00+00:00,0.0,0.00427993735708319,0.013140909324788404,0.0132713476047762,0.020983994572056113,0.019174544125634477,0.01736127820515821,0.031581281699827525,0.01153679525913537,0.021934023145628423,0.0132713476047762,ridge100
2022-05-27 00:00:00+00:00,SPY,-0.013178616972294277,2022-06-07 00:00:00+00:00,0.0,0.0029834842627592686,0.007566876119322027,0.007676567141272448,-0.0032043821144623974,-0.005201110448653388,0.00789487629316258,0.0032648333229293534,0.0053348967093626775,0.015282686362103625,0.007676567141272448,ridge100
2022-06-03 00:00:00+00:00,GLD,-0.009432352906896035,2022-06-13 00:00:00+00:00,0.0,0.0012101926370404938,0.002657239040008988,0.0026907617871133526,0.002005819091551081,0.0017208826927063115,7.136529076290699e-05,-0.00754131658201061,-0.01537909156932795,-0.003990270701419901,0.0026907617871133526,ridge100
2022-06-03 00:00:00+00:00,QQQ,-0.09975843593856726,2022-06-13 00:00:00+00:00,0.0,0.00427993735708319,0.01370158147147572,0.013855393168780658,0.021311025165993133,0.019841908065967962,0.011615547857570331,0.03854933053292376,0.04850313560691663,0.07239512662493082,0.013855393168780658,ridge100
2022-06-03 00:00:00+00:00,SPY,-0.08421324216762416,2022-06-13 00:00:00+00:00,0.0,0.0029834842627592686,0.008601365365928502,0.008713356500999067,0.008092607299641648,0.010557793784905834,0.0038768017558864594,0.020523827859782028,0.03476645398659798,0.03418604941265683,0.008713356500999067,ridge100
2022-06-10 00:00:00+00:00,GLD,-0.0007009879794467322,2022-06-21 00:00:00+00:00,0.0,0.0012101926370404938,0.0005964483348809174,0.0007241157110132473,0.002005819091551081,0.0020363816215204496,-0.002533951893956762,-0.008553528745925411,-0.0010601686583340065,0.010084866254343601,0.0007241157110132473,ridge100
2022-06-10 00:00:00+00:00,QQQ,-0.0016593101200105265,2022-06-21 00:00:00+00:00,0.0,0.00427993735708319,0.016855393909869187,0.017098736490912935,0.022893217037795184,0.02020415678157807,0.01641090187178187,0.04087798366644746,0.0284893609973237,0.0010698067701274178,0.017098736490912935,ridge100
2022-06-10 00:00:00+00:00,SPY,-0.016726618300004215,2022-06-21 00:00:00+00:00,0.0,0.0029834842627592686,0.012008731635742452,0.012161389337191046,0.019340165964007262,0.019804116018704708,0.002458542283549066,0.030989719787511177,0.015764102664752734,-0.0091757110004202,0.012161389337191046,ridge100
2022-06-17 00:00:00+00:00,GLD,-0.005787385996167238,2022-06-28 00:00:00+00:00,0.0,0.0012101926370404938,0.0028827707391330965,0.002964841899201076,0.0020865429783539368,0.0019319429728828236,0.00046094353341751384,-0.004473785762310948,0.001470138990698061,-0.004059152331429108,0.002964841899201076,ridge100
2022-06-17 00:00:00+00:00,QQQ,0.0511211008258694,2022-06-28 00:00:00+00:00,0.0,0.00427993735708319,0.01942529561326385,0.019561198073344176,0.022253832433348216,0.01975023032890071,0.0224261308659925,0.04147695500271466,0.018349758430610718,0.018443830169128796,0.019561198073344176,ridge100
2022-06-17 00:00:00+00:00,SPY,0.04931579903572603,2022-06-28 00:00:00+00:00,0.0,0.0029834842627592686,0.01488779169447049,0.014974679246019553,0.018853303369147357,0.019246146832997718,0.008731963886438005,0.031896823429702195,0.0054254161081841844,-0.0007027530075191741,0.014974679246019553,ridge100
2022-06-24 00:00:00+00:00,GLD,-0.020046971309363282,2022-07-05 00:00:00+00:00,0.0,0.0012101926370404938,0.0021602403365234128,0.002308362009285291,0.0020865429783539368,0.0017241309562725463,-0.0009760623529524204,-0.007191809595154603,0.010123421656847867,0.0015522920947932057,0.002308362009285291,ridge100
2022-06-24 00:00:00+00:00,QQQ,-0.05976351243607603,2022-07-05 00:00:00+00:00,0.0,0.00427993735708319,0.013231745360524507,0.013487868829405869,0.020983994572056113,0.01949558752464002,0.02065321228735241,0.0309323245999302,0.02370324265974113,-0.006126576096282419,0.013487868829405869,ridge100
2022-06-24 00:00:00+00:00,SPY,-0.03879316284368539,2022-07-05 00:00:00+00:00,0.0,0.0029834842627592686,0.009464146120909882,0.009620322116083924,0.003700187717816333,0.00040799516179351383,0.01052130894717866,0.016726236182320893,0.025231661980194033,0.0007769608991982474,0.009620322116083924,ridge100
2022-07-01 00:00:00+00:00,GLD,-0.035650147841773006,2022-07-12 00:00:00+00:00,0.0,0.0012101926370404938,0.0013351621674134412,0.0015660139349196196,0.0038022143918733393,0.0036487767559347504,-0.0009456725458312509,-0.006398561188526497,-0.0009748772635693137,-0.009686156532047352,0.0015660139349196196,ridge100
2022-07-01 00:00:00+00:00,QQQ,0.04315334962648576,2022-07-12 00:00:00+00:00,0.0,0.00427993735708319,0.020780446012050095,0.02048800872027212,0.022253832433348216,0.01975023032890071,0.01990034624069591,0.0050798127799918415,0.01852194277843764,0.025167980002974436,0.02048800872027212,ridge100
2022-07-01 00:00:00+00:00,SPY,0.02067159524801787,2022-07-12 00:00:00+00:00,0.0,0.0029834842627592686,0.013840775893493832,0.01370641560585239,0.01707670947034172,0.016267471516144914,0.006871562766807321,0.007728137907577679,0.012378078581630229,0.011226472034511756,0.01370641560585239,ridge100
2022-07-08 00:00:00+00:00,GLD,-0.011424633659007477,2022-07-18 00:00:00+00:00,0.0,0.0012101926370404938,0.004247838367119396,0.004415917234428186,0.0019241829103830515,-0.0021857909577290453,0.0015502372587712914,0.001243558693060567,0.0007106204055891418,0.006655562594648423,0.004415917234428186,ridge100
2022-07-08 00:00:00+00:00,QQQ,0.006282696647193831,2022-07-18 00:00:00+00:00,0.0,0.00427993735708319,0.015887944678842,0.01566053736150845,0.02034460996760913,0.01949558752464002,0.017621843134086424,0.021366835926249803,0.009045855149530104,0.009051518747767438,0.01566053736150845,ridge100
2022-07-08 00:00:00+00:00,SPY,0.006556863167333837,2022-07-18 00:00:00+00:00,0.0,0.0029834842627592686,0.011198377362942434,0.011117097189251633,0.015205230443644881,0.01535841755617909,0.005971031619981194,0.014689947133085834,0.010870982465893974,0.011515483783827316,0.011117097189251633,ridge100
2022-07-15 00:00:00+00:00,GLD,0.003498235583385023,2022-07-25 00:00:00+00:00,0.0,0.0012101926370404938,0.0036271333075695677,0.0038134314308180023,0.011053040992841729,0.009000794820861281,0.0037590123704297675,-0.004757070672982275,0.016092001406616815,-7.522409661504525e-05,0.0038134314308180023,ridge100
2022-07-15 00:00:00+00:00,QQQ,0.02476899909485275,2022-07-25 00:00:00+00:00,0.0,0.00427993735708319,0.016057323574613272,0.015951061193611584,0.02616079310647931,0.025334279330095192,0.01839937103249177,0.02173251398204309,0.0020229428361183987,0.009099403708181283,0.015951061193611584,ridge100
2022-07-15 00:00:00+00:00,SPY,0.018976555167568465,2022-07-25 00:00:00+00:00,0.0,0.0029834842627592686,0.010554468536718393,0.010667939738684278,0.017298308352244964,0.017114554938460737,0.004600553514708846,0.03065873341060187,0.010494694473853268,0.011943283413641063,0.010667939738684278,ridge100
2022-07-22 00:00:00+00:00,GLD,0.027016909576571546,2022-08-01 00:00:00+00:00,0.0,0.0012101926370404938,0.0030298134860294893,0.0030716950132404584,0.00187012411462862,0.0013956003896328484,0.003023142611692225,0.0042512806411573265,0.004822708454990447,0.0036958346332029994,0.0030716950132404584,ridge100
2022-07-22 00:00:00+00:00,QQQ,0.038507605243075727,2022-08-01 00:00:00+00:00,0.0,0.00427993735708319,0.012766171842550168,0.012591717578217613,0.022299538596516375,0.026281117535637433,0.0197991556662816,0.04005350446401573,0.011698953361122708,0.008147324655799806,0.012591717578217613,ridge100
2022-07-22 00:00:00+00:00,SPY,0.03385965957469872,2022-08-01 00:00:00+00:00,0.0,0.0029834842627592686,0.007951079992913137,0.00798758007694997,0.01510636358894983,0.017396535768287005,0.007839769910362384,0.02681019550974274,0.010435485790782356,0.007226362664096378,0.00798758007694997,ridge100
2022-07-29 00:00:00+00:00,GLD,0.006364426469569473,2022-08-08 00:00:00+00:00,0.0,0.0012101926370404938,0.0026763649094402307,0.002655984135122045,0.0018218849329842113,0.0033712335902769492,0.003096229969495756,-0.0004041680676885856,0.00032897528591639637,-0.004758617879659071,0.002655984135122045,ridge100
2022-07-29 00:00:00+00:00,QQQ,0.028821900300542547,2022-08-08 00:00:00+00:00,0.0,0.00427993735708319,0.010294829879225888,0.01019834019844406,0.020000441297878303,0.023647758373346,0.02107500759917823,0.03066262697885399,0.006824420454589582,0.01676529115947387,0.01019834019844406,ridge100
2022-07-29 00:00:00+00:00,SPY,0.014909100152294075,2022-08-08 00:00:00+00:00,0.0,0.0029834842627592686,0.006389988262650117,0.006370701899909987,0.005499291347017163,0.007384435429206478,0.00872445596205431,0.010646499096677206,0.005191201915508592,0.011388638193019196,0.006370701899909987,ridge100
2022-08-05 00:00:00+00:00,GLD,-0.000240879879701561,2022-08-15 00:00:00+00:00,0.0,0.0012101926370404938,0.0022251927474607443,0.0022529726167377206,0.002005819091551081,0.0017256455668910188,0.001402575134059284,0.003006882858384048,-0.0013629829304752145,-0.004493083414127619,0.0022529726167377206,ridge100
2022-08-05 00:00:00+00:00,QQQ,0.020856016667081034,2022-08-15 00:00:00+00:00,0.0,0.00427993735708319,0.009331260336284121,0.009165580667755673,0.011968463201499722,0.012571937366547756,0.004165179072338126,0.014684166741853728,0.0012567109262554155,0.012560788509691391,0.009165580667755673,ridge100
2022-08-05 00:00:00+00:00,SPY,0.02292579585029264,2022-08-15 00:00:00+00:00,0.0,0.0029834842627592686,0.006408041843653233,0.0063012833550779405,0.004975927319332124,0.008424960656450075,-0.0015510055185904397,0.010116371251343374,-0.0005181316635071908,0.009410160857953646,0.0063012833550779405,ridge100
2022-08-12 00:00:00+00:00,GLD,-0.02608591895753032,2022-08-22 00:00:00+00:00,0.0,0.0012101926370404938,0.001192346329295413,0.0012456196960283523,0.002110101919493738,0.0024901391166779574,-0.0008970279809723514,-0.015773538901422687,-0.0010677147781373774,0.007482904975241831,0.0012456196960283523,ridge100
2022-08-12 00:00:00+00:00,QQQ,-0.03314941335351729,2022-08-22 00:00:00+00:00,0.0,0.00427993735708319,0.007094208606208682,0.007103279723703255,0.0068909492056409335,0.0050024324669610855,0.002901486830988771,0.010178258166172736,-0.015001968310301974,0.009537354368602593,0.007103279723703255,ridge100
2022-08-12 00:00:00+00:00,SPY,-0.018174546768334743,2022-08-22 00:00:00+00:00,0.0,0.0029834842627592686,0.004187816525973542,0.004211322392400677,0.004648896725395092,0.00666462613906595,0.004457607945327089,0.01218198920707108,-0.004771392155807415,0.018135288280753493,0.004211322392400677,ridge100
2022-08-19 00:00:00+00:00,GLD,0.0013608883812903372,2022-08-29 00:00:00+00:00,0.0,0.0012101926370404938,0.002993259081154763,0.0030888718718899686,0.003231458392834579,0.004667016167577122,0.0021803600508223343,-0.002120845156789554,0.0012483934307681412,-0.004750373823171963,0.0030888718718899686,ridge100
2022-08-19 00:00:00+00:00,QQQ,-0.04357917496392172,2022-08-29 00:00:00+00:00,0.0,0.00427993735708319,0.008969818126221713,0.008916731636066566,0.006977743089930159,0.005377638628325248,-4.734988299885279e-05,0.018388000637845257,0.021304714837805213,0.022977006154579732,0.008916731636066566,ridge100
2022-08-19 00:00:00+00:00,SPY,-0.03560714863712611,2022-08-29 00:00:00+00:00,0.0,0.0029834842627592686,0.005914391928844442,0.005856943622474391,0.005906954814676567,0.0035399024458501664,0.0010930181976137189,0.014555026551057995,0.011099985714314625,0.0036662963013191123,0.005856943622474391,ridge100
2022-08-26 00:00:00+00:00,GLD,-0.01674083662048942,2022-09-06 00:00:00+00:00,0.0,0.0012101926370404938,0.002896858436281378,0.0029416777094543717,0.0018872549226174717,0.002083374741767416,0.0003461160682542602,-0.0013549482386397387,0.002318932972127965,0.0001116346199184809,0.0029416777094543717,ridge100
2022-08-26 00:00:00+00:00,QQQ,-0.02941368349862805,2022-09-06 00:00:00+00:00,0.0,0.00427993735708319,0.013348671468783742,0.013089084200846013,0.023713532134572776,0.026167540803811683,0.009782959417431928,0.02398759505838448,0.014678040674524606,0.028316638338169674,0.013089084200846013,ridge100
2022-08-26 00:00:00+00:00,SPY,-0.022551074731339993,2022-09-06 00:00:00+00:00,0.0,0.0029834842627592686,0.009577235292575566,0.009382022280457201,0.01126160655840057,0.01220036350180045,0.0016874071367166488,0.005753801267212797,0.013026626460965151,0.026117673276381596,0.009382022280457201,ridge100
2022-09-02 00:00:00+00:00,GLD,-0.004397794535997979,2022-09-13 00:00:00+00:00,0.0,0.0012101926370404938,0.0035318163850856766,0.0035662559976131518,0.0015990379361079444,0.0015639521324079643,-0.00011699482864785171,-0.004349795714054604,0.0035374094154796342,0.0002932981403757273,0.0035662559976131518,ridge100
2022-09-02 00:00:00+00:00,QQQ,0.020767123116918418,2022-09-13 00:00:00+00:00,0.0,0.00427993735708319,0.014360204970793504,0.01407142206572163,0.022898141698612533,0.024989442309515573,0.014150354724369834,0.03196466650177674,0.02032498659434371,0.03151489558569267,0.01407142206572163,ridge100
2022-09-02 00:00:00+00:00,SPY,0.022129903042225285,2022-09-13 00:00:00+00:00,0.0,0.0029834842627592686,0.010495703443024165,0.010292796503896891,0.01724763681381565,0.020066360953942364,0.0033482111008323024,0.0015574593256583768,0.012861615489143274,0.017768052078033378,0.010292796503896891,ridge100
2022-09-09 00:00:00+00:00,GLD,-0.038313452720918684,2022-09-19 00:00:00+00:00,0.0,0.0012101926370404938,0.002144265287465552,0.0021818480609043533,-0.0003880696656965055,0.0005408353286977787,0.001219763675410376,0.0006950613970391761,0.0018237428715896975,0.0045253669952896505,0.0021818480609043533,ridge100
2022-09-09 00:00:00+00:00,QQQ,-0.070942892217704,2022-09-19 00:00:00+00:00,0.0,0.00427993735708319,0.00969856331351905,0.009504999605535644,0.016238909754000184,0.017966657845185377,0.013343409471881387,0.02920014460697183,0.011460949342357711,-0.006726982709678546,0.009504999605535644,ridge100
2022-09-09 00:00:00+00:00,SPY,-0.06103458690026575,2022-09-19 00:00:00+00:00,0.0,0.0029834842627592686,0.006291128306229572,0.006170094745870114,0.0028580165441699523,0.0040971696077805745,0.00934506307058016,-0.002307800845239838,0.006921794201001598,0.005635114038327422,0.006170094745870114,ridge100
2022-09-16 00:00:00+00:00,GLD,-0.010654057909899595,2022-09-26 00:00:00+00:00,0.0,0.0012101926370404938,0.0047558640821424945,0.0046976608080689505,0.008510776432622604,0.009678882571124736,0.0009783670546492595,-0.0022566387343994254,0.004178480484382046,0.006680126991880289,0.0046976608080689505,ridge100
2022-09-16 00:00:00+00:00,QQQ,-0.038692801081321004,2022-09-26 00:00:00+00:00,0.0,0.00427993735708319,0.015287993363319265,0.014992190029667441,0.008653846022033559,0.006257860403251086,0.014536576856263394,-0.0014832964859949921,0.03922994343089055,0.01224097821212215,0.014992190029667441,ridge100
2022-09-16 00:00:00+00:00,SPY,-0.041463906728487654,2022-09-26 00:00:00+00:00,0.0,0.0029834842627592686,0.010706981044286317,0.010524385722551512,0.017507089645364574,0.0190654346530249,0.007661320244976991,-0.015310840766658292,0.023988022035299837,0.007538712461569994,0.010524385722551512,ridge100
2022-09-23 00:00:00+00:00,GLD,0.014488977959903337,2022-10-03 00:00:00+00:00,0.0,0.0012101926370404938,0.004992932861134559,0.0049299529905696545,0.008111821991872692,0.009528733808422818,-0.0006180594624013813,-0.0010349720234671689,0.005511151299442632,0.018366567782986315,0.0049299529905696545,ridge100
2022-09-23 00:00:00+00:00,QQQ,-0.021670175990574525,2022-10-03 00:00:00+00:00,0.0,0.00427993735708319,0.0151083172512681,0.014941716861242814,0.02002817467897509,0.020384999836302424,0.019143872177003075,0.03794574041564355,0.010533335177483689,0.0313109466833641,0.014941716861242814,ridge100
2022-09-23 00:00:00+00:00,SPY,-0.014546537031610907,2022-10-03 00:00:00+00:00,0.0,0.0029834842627592686,0.0113269796357226,0.011237136084630497,0.01690873303028359,0.016344177672905795,0.011750386789049964,-0.016207665035232334,0.010446841462130547,0.020966233572562613,0.011237136084630497,ridge100
2022-09-30 00:00:00+00:00,GLD,0.0032166751939448623,2022-10-10 00:00:00+00:00,0.0,0.0012101926370404938,0.003152117478180423,0.003190403170273433,0.008565369193465228,0.009602776048270627,0.0013211857787463017,0.005449537396847044,0.020843918200083817,0.024489946499413797,0.003190403170273433,ridge100
2022-09-30 00:00:00+00:00,QQQ,0.0008546146493917384,2022-10-10 00:00:00+00:00,0.0,0.00427993735708319,0.014728361998510176,0.014723207738281306,0.018251580780169453,0.018091426303715935,0.018720921784956636,0.05858561696129824,0.004620863430748861,0.02028736933196015,0.014723207738281306,ridge100
2022-09-30 00:00:00+00:00,SPY,0.007976041315631788,2022-10-10 00:00:00+00:00,0.0,0.0029834842627592686,0.010836279517730274,0.01091151343089693,0.014059684338421913,0.014050604140319308,0.010722017474625962,0.03172421746873617,-0.0021266878105928423,0.038429451064492116,0.01091151343089693,ridge100
2022-10-07 00:00:00+00:00,GLD,-0.006541004594662558,2022-10-17 00:00:00+00:00,0.0,0.0012101926370404938,0.002276347735345583,0.00232979953137107,0.002454541701624434,0.002947727608435799,0.00197442808124236,0.0036472736392562377,0.014960525369406119,0.0141254774893245,0.00232979953137107,ridge100
2022-10-07 00:00:00+00:00,QQQ,-0.00913480765583119,2022-10-17 00:00:00+00:00,0.0,0.00427993735708319,0.013904831853031367,0.013897680428647254,0.0044584221891914725,0.0024942510129697696,0.0183951114879448,0.05663868473736713,0.022420478961502583,0.01969027405053519,0.013897680428647254,ridge100
2022-10-07 00:00:00+00:00,SPY,0.00013735145387583358,2022-10-17 00:00:00+00:00,0.0,0.0029834842627592686,0.009589934078959752,0.009670099008856568,0.015532261037581915,0.016817988064548484,0.014151736632226537,0.013686543921202521,0.021381042423119424,-0.018679871385125425,0.009670099008856568,ridge100
2022-10-14 00:00:00+00:00,GLD,-0.009488776388313913,2022-10-24 00:00:00+00:00,0.0,0.0012101926370404938,0.004298171488353469,0.004400955040621906,0.012131532366975872,0.012431018601812494,-0.0002906989305383345,0.0020474536223042406,0.012042262293347136,0.01050504792435031,0.004400955040621906,ridge100
2022-10-14 00:00:00+00:00,QQQ,0.033165969600263745,2022-10-24 00:00:00+00:00,0.0,0.00427993735708319,0.014680402404415357,0.014807605741984595,0.018251580780169453,0.01772736791845516,0.021571061068236235,0.07365183340226146,0.013489101018686207,0.03835588504481788,0.014807605741984595,ridge100
2022-10-14 00:00:00+00:00,SPY,0.03263663353803459,2022-10-24 00:00:00+00:00,0.0,0.0029834842627592686,0.009788063129074312,0.010002990427033344,0.016384016485778002,0.01714329395785532,0.010344406530705806,0.03947987182846417,0.001793569504489754,0.040166966888251034,0.010002990427033344,ridge100
2022-10-21 00:00:00+00:00,GLD,-0.008406603530711876,2022-10-31 00:00:00+00:00,0.0,0.0012101926370404938,0.002841471403497002,0.0030054646161439395,0.010905893065692373,0.01181808126922088,0.005176401283719609,0.0042475077352949284,0.006425759950533378,-0.007047286775570343,0.0030054646161439395,ridge100
2022-10-21 00:00:00+00:00,QQQ,0.011716389622840717,2022-10-31 00:00:00+00:00,0.0,0.00427993735708319,0.009074897866902683,0.009452038226405935,0.0048750590276440695,0.0015468481650982194,0.020183071600464446,0.04992946174611514,-0.02000372675814046,-0.0240090684693374,0.009452038226405935,ridge100
2022-10-21 00:00:00+00:00,SPY,0.028066664520958184,2022-10-31 00:00:00+00:00,0.0,0.0029834842627592686,0.005787894568308121,0.006183943848216891,0.015692093038504787,0.01592645352630399,0.011376928586694944,0.032425114890692795,-0.015886797864113733,-0.008766964941705875,0.006183943848216891,ridge100
2022-10-28 00:00:00+00:00,GLD,0.026682422850156318,2022-11-07 00:00:00+00:00,0.0,0.0012101926370404938,0.003418167969917129,0.0035549128544616715,0.010787328896758765,0.011556349392710713,0.003855756014504915,0.00393963773058042,0.013229537124314128,-0.0020997703234417035,0.0035549128544616715,ridge100
2022-10-28 00:00:00+00:00,QQQ,-0.04721803616475817,2022-11-07 00:00:00+00:00,0.0,0.00427993735708319,0.009527903459692904,0.009940835270981215,0.002947050425358334,0.0018647755027098093,0.0141216643023442,0.012924102753848435,0.01380722258146227,0.012081951553884087,0.009940835270981215,ridge100
2022-10-28 00:00:00+00:00,SPY,-0.022590890437983235,2022-11-07 00:00:00+00:00,0.0,0.0029834842627592686,0.004564745294432321,0.005000240700273149,0.005499291347017163,0.007820903305155013,0.007263625028133487,0.023445357656049007,0.011860440330454634,0.004994115389533231,0.005000240700273149,ridge100
2022-11-04 00:00:00+00:00,GLD,0.0510817799589256,2022-11-14 00:00:00+00:00,0.0,0.0012101926370404938,0.0026205584939578107,0.0027023368989845336,0.002454541701624434,0.002441606502383585,0.007440041944466915,0.011825735555432444,0.010080864030485484,0.025279424881786205,0.0027023368989845336,ridge100
2022-11-04 00:00:00+00:00,QQQ,0.0756725093498607,2022-11-14 00:00:00+00:00,0.0,0.00427993735708319,0.014436152785929614,0.014705140313381411,0.017065061351389296,0.012380229922370159,0.017604598352375947,0.05236283665837074,0.00824265709310104,0.02283225643398298,0.014705140313381411,ridge100
2022-11-04 00:00:00+00:00,SPY,0.05017081307883409,2022-11-14 00:00:00+00:00,0.0,0.0029834842627592686,0.008500341570681724,0.008781846907930012,0.009142981945263128,0.007369667357066099,0.0027460174701992553,0.02360194353585636,0.0032683320271271877,0.012277042822697181,0.008781846907930012,ridge100
2022-11-11 00:00:00+00:00,GLD,-0.010718602555094492,2022-11-21 00:00:00+00:00,0.0,0.0012101926370404938,0.00019527240707436223,0.0002739680965433844,0.00024073635486633827,5.755208619452138e-05,0.009146847709083923,0.005567601071344967,-0.00866345025374749,0.0036743071463729553,0.0002739680965433844,ridge100
2022-11-11 00:00:00+00:00,QQQ,-0.008605541845171039,2022-11-21 00:00:00+00:00,0.0,0.00427993735708319,0.008366081301249682,0.00870901513028482,0.008009267957256778,0.006235049427120847,0.02139830614395815,0.0007484400482003762,0.02194067357913668,0.03059394309683775,0.00870901513028482,ridge100
2022-11-11 00:00:00+00:00,SPY,-0.005092402610615165,2022-11-21 00:00:00+00:00,0.0,0.0029834842627592686,0.005108754346940014,0.0053637959484053,0.005499291347017163,0.006259030795669399,0.01442630013894114,0.009502296089755675,0.018210686256248797,0.032236530127330305,0.0053637959484053,ridge100
2022-11-18 00:00:00+00:00,GLD,0.0016005571468131752,2022-11-29 00:00:00+00:00,0.0,0.0012101926370404938,0.0024729787489798033,0.0025128179676354233,0.0003370758005308814,0.0008872484225650515,0.006182165147096607,0.0023509523979945057,0.01705239305784155,0.01012645955321115,0.0025128179676354233,ridge100
2022-11-18 00:00:00+00:00,QQQ,-0.001623381329497131,2022-11-29 00:00:00+00:00,0.0,0.00427993735708319,0.013236626132764402,0.013158434918136475,0.022590209885796277,0.020435877566292816,0.01572485514800941,-0.010128949197369324,0.01079551241494768,0.03071635499700043,0.013158434918136475,ridge100
2022-11-18 00:00:00+00:00,SPY,0.0035726105921729534,2022-11-29 00:00:00+00:00,0.0,0.0029834842627592686,0.008394056292416803,0.008330223969769996,0.006939678775360023,0.007779078394134838,0.010821380352978353,0.02067608545681532,0.005412437134591994,0.023950447155207676,0.008330223969769996,ridge100
2022-11-25 00:00:00+00:00,GLD,0.02221819516790946,2022-12-05 00:00:00+00:00,0.0,0.0012101926370404938,0.002295605839953266,0.002310812726726377,0.001622875643477092,0.0012125708905814962,0.0032123269758381366,-0.0027945472298466236,0.019366532529516495,0.025890322105952324,0.002310812726726377,ridge100
2022-11-25 00:00:00+00:00,QQQ,0.01923474975617867,2022-12-05 00:00:00+00:00,0.0,0.00427993735708319,0.011088204256573206,0.011106693918286458,0.005620621008062114,0.005020618280696406,0.011369386648116018,0.0013601466224576763,0.01825768907332399,0.0023862339080517963,0.011106693918286458,ridge100
2022-11-25 00:00:00+00:00,SPY,0.012177716021867013,2022-12-05 00:00:00+00:00,0.0,0.0029834842627592686,0.006388035464674792,0.006346577898510551,0.005346411195408224,0.0065389608302182526,0.008539891165329123,0.011782675407382807,0.011342509793109143,0.0034150295064981555,0.006346577898510551,ridge100
2022-12-02 00:00:00+00:00,GLD,-0.000660465976199176,2022-12-12 00:00:00+00:00,0.0,0.0012101926370404938,0.0003672127682957893,0.00048218154980714744,0.0005677669488033698,0.00023028773062093295,0.0025424208043403184,0.006570440085321356,-0.005562118586571054,0.0038472114718645584,0.00048218154980714744,ridge100
2022-12-02 00:00:00+00:00,QQQ,-0.028100878850696787,2022-12-12 00:00:00+00:00,0.0,0.00427993735708319,0.009126678978093496,0.009282738525606363,0.00805494167538915,0.007899408820556803,0.017438984901937273,0.015316214782893734,-0.009413424825443783,0.022497975304511045,0.009282738525606363,ridge100
2022-12-02 00:00:00+00:00,SPY,-0.02435947900428581,2022-12-12 00:00:00+00:00,0.0,0.0029834842627592686,0.005758406878616051,0.005782579646015748,0.004975927319332124,0.005793465648072049,0.00893911953051659,0.014313321979516576,-0.004415915382954532,0.0037054679049858845,0.005782579646015748,ridge100
2022-12-09 00:00:00+00:00,GLD,0.0016222318463134933,2022-12-19 00:00:00+00:00,0.0,0.0012101926370404938,0.0031659205034735944,0.0029144309525262957,0.0011566635798279088,-0.00016068617813685886,-0.00013619062113972902,-0.0007533595861063968,-0.004893213258601203,0.00166537957961097,0.0029144309525262957,ridge100
2022-12-09 00:00:00+00:00,QQQ,-0.02726378984835398,2022-12-19 00:00:00+00:00,0.0,0.00427993735708319,0.012874920904674065,0.012509518896458184,0.015279473520635072,0.018279469428668985,0.008880075868036113,0.01288994337454482,0.005972122813465095,0.020060512953908018,0.012509518896458184,ridge100
2022-12-09 00:00:00+00:00,SPY,-0.022529608735253337,2022-12-19 00:00:00+00:00,0.0,0.0029834842627592686,0.008292312913446528,0.008109676242078388,0.009459981684539449,0.012393624270366164,0.0030500473963285613,0.004042155123522331,0.003945786020979106,0.020737209518739898,0.008109676242078388,ridge100
2022-12-16 00:00:00+00:00,GLD,0.007078115459538958,2022-12-27 00:00:00+00:00,0.0,0.0012101926370404938,0.0032817658181589077,0.0030756785342527394,0.00015250450906916814,-0.00046538189718392026,0.00014261078205836551,-0.006345963900059204,0.0034479408434526437,0.0008722336731376057,0.0030756785342527394,ridge100
2022-12-16 00:00:00+00:00,QQQ,-0.02603433234050856,2022-12-27 00:00:00+00:00,0.0,0.00427993735708319,0.01377916967173741,0.013404815865318458,0.022143015363547795,0.02471667255448697,0.011006096404427434,0.019891415993773424,0.019123960401594153,0.01580551087706072,0.013404815865318458,ridge100
2022-12-16 00:00:00+00:00,SPY,-0.001773147408258291,2022-12-27 00:00:00+00:00,0.0,0.0029834842627592686,0.008549889219207412,0.00840236385660893,0.00882059708009248,0.013030329514423096,0.005051395162951804,0.0030710798770387992,0.008031489109587479,0.014496753552695096,0.00840236385660893,ridge100
2022-12-23 00:00:00+00:00,GLD,0.029602723442558876,2023-01-04 00:00:00+00:00,0.0,0.0012101926370404938,0.002226710912993857,0.0021203836087842712,0.00017588395394491207,-0.0003258382625705717,-0.0005731021688296356,-0.006506247493454231,-0.013336791994533246,0.004837569561235753,0.0021203836087842712,ridge100
2022-12-23 00:00:00+00:00,QQQ,-0.0003746499048246088,2023-01-04 00:00:00+00:00,0.0,0.00427993735708319,0.013910469821633329,0.013575861792919088,0.02229553737313486,0.024989442309515573,0.012207104141774701,0.023344962351035097,-0.0011203512860915033,0.008237712000376136,0.013575861792919088,ridge100
2022-12-23 00:00:00+00:00,SPY,0.00101882968290945,2023-01-04 00:00:00+00:00,0.0,0.0029834842627592686,0.007945859075049123,0.007782157227306335,0.008826419545656494,0.013368317038771454,0.007242349204923611,-0.005451306969098393,0.0011141351309716329,0.014903307959086757,0.007782157227306335,ridge100
2022-12-30 00:00:00+00:00,GLD,0.019203789081718714,2023-01-10 00:00:00+00:00,0.0,0.0012101926370404938,0.0017870692157793155,0.0016078333808103723,0.002151406241229112,0.0015876183172523451,0.002141529019685431,-0.0007513547588080682,-0.0027251362188567517,0.0005451456056392723,0.0016078333808103723,ridge100
2022-12-30 00:00:00+00:00,QQQ,0.003126957601326641,2023-01-10 00:00:00+00:00,0.0,0.00427993735708319,0.013399225132871773,0.013019513940594127,0.022414101542068465,0.025854879435666066,0.0156896220073711,0.023733523963081517,0.017900323011883826,0.015104912761743942,0.013019513940594127,ridge100
2022-12-30 00:00:00+00:00,SPY,0.007492794016339177,2023-01-10 00:00:00+00:00,0.0,0.0029834842627592686,0.007930275806639677,0.007721273930399273,0.007324387828977086,0.012008085757076695,0.008830979085597353,-0.0005438480914471533,0.011805653781737148,0.010691079841695652,0.007721273930399273,ridge100
2023-01-06 00:00:00+00:00,GLD,0.021202293986011922,2023-01-17 00:00:00+00:00,0.0,0.0011100140014568994,-0.00283781924544265,-0.0026559435218997157,0.0007832749157257733,0.0005185582672957928,0.0015554985636607348,0.0020624944968588256,0.004295907988244134,0.014700533123516282,0.0015554985636607348,mlp16
2023-01-06 00:00:00+00:00,QQQ,0.03670210433074228,2023-01-17 00:00:00+00:00,0.0,0.0029288157539115235,0.0014806171849593324,0.0017033040897129642,-0.003339984059454703,-0.006666700075807682,-0.015380908703290308,-0.030078112607346524,0.004248972874700393,-0.01258523844824292,-0.015380908703290308,mlp16
2023-01-06 00:00:00+00:00,SPY,0.02077515721210621,2023-01-17 00:00:00+00:00,0.0,0.002201769436302601,-0.0008003956063046463,-0.0005502153871849868,6.353082001541955e-06,0.001844750399671851,-0.010590255136033809,-0.010143872869283012,0.010455214384073895,-0.006805277523529595,-0.010590255136033809,mlp16
2023-01-13 00:00:00+00:00,GLD,0.007575280814023477,2023-01-24 00:00:00+00:00,0.0,0.0011100140014568994,-0.0036316234219778754,-0.003382740252199389,0.00043013084657429453,-0.00019409096980721056,-0.00013629587489388028,-0.005380154873623171,0.007739156098323484,0.0038905952361512,-0.00013629587489388028,mlp16
2023-01-13 00:00:00+00:00,QQQ,0.023293187797237547,2023-01-24 00:00:00+00:00,0.0,0.0029288157539115235,0.0008514437243938736,0.0009564313297540274,-0.0016836397895910935,-0.004965445940004279,-0.009836468204584791,-0.03176745906400702,-0.008172289507524388,0.0034922075233583282,-0.009836468204584791,mlp16
2023-01-13 00:00:00+00:00,SPY,0.0010037949165984106,2023-01-24 00:00:00+00:00,0.0,0.002201769436302601,-0.0003713336505743142,-0.00024789629116256763,0.0015021661610829773,-0.0004389878617683289,-0.0074130346476677265,-0.006616012855811395,-0.012139226908805556,0.00017570343507592733,-0.0074130346476677265,mlp16
2023-01-20 00:00:00+00:00,GLD,0.005270463417150761,2023-01-30 00:00:00+00:00,0.0,0.0011100140014568994,-0.003665707218245545,-0.003398332192287469,0.0009275067804929303,0.0005798928901182301,-0.0011407414805566945,0.0010499540723288904,-0.008776978110215855,-0.0031088357409666846,-0.0011407414805566945,mlp16
2023-01-20 00:00:00+00:00,QQQ,0.03311691719219545,2023-01-30 00:00:00+00:00,0.0,0.0029288157539115235,0.0030540393020858344,0.0031214691965701104,-0.0006236016596717986,-0.0017694603018971252,0.002474826230728316,0.014615000320364988,-0.008873205654801352,-0.02401241984669928,0.002474826230728316,mlp16
2023-01-20 00:00:00+00:00,SPY,0.015325439004206576,2023-01-30 00:00:00+00:00,0.0,0.002201769436302601,0.0010827790619935519,0.0012147858147568016,0.0015319147916957134,-0.000715044093616608,-0.007629927365187015,-0.002116479298447033,-0.0050152297081505785,-0.024798732150527285,-0.007629927365187015,mlp16
2023-01-27 00:00:00+00:00,GLD,-0.02889169987035689,2023-02-06 00:00:00+00:00,0.0,0.0011100140014568994,-0.003133732907650012,-0.0028448706972096028,0.0011720859717289642,0.0005798928901182301,0.0009605004747719087,0.0003425985703125245,-0.0009216444148361091,0.006239240227416928,0.0009605004747719087,mlp16
2023-01-27 00:00:00+00:00,QQQ,0.03611803212790243,2023-02-06 00:00:00+00:00,0.0,0.0029288157539115235,-0.0007485590870330383,-0.0005058303728930103,0.0009586086301102961,1.399650198006211e-05,0.005615175491504473,-0.0010202458636871315,0.010920872348519678,-0.021711739030406522,0.005615175491504473,mlp16
2023-01-27 00:00:00+00:00,SPY,0.01735361503497379,2023-02-06 00:00:00+00:00,0.0,0.002201769436302601,0.0005523744638185507,0.0006295140291995616,0.0015021661610829773,0.0010807923281877358,0.0013159517242755491,0.001232816606030448,0.00813820720798617,-0.014342505009733376,0.0013159517242755491,mlp16
2023-02-03 00:00:00+00:00,GLD,-0.008098349647731484,2023-02-13 00:00:00+00:00,0.0,0.0011100140014568994,-9.41576343870265e-06,0.0001868770977033668,0.0023616851711147583,0.001052977257271227,0.0012187793423570096,-0.00027023075230497075,0.016729846330311958,0.00019557742465662554,0.0012187793423570096,mlp16
2023-02-03 00:00:00+00:00,QQQ,-0.007841590918516883,2023-02-13 00:00:00+00:00,0.0,0.0029288157539115235,-0.0023298865947343973,-0.0018381301485941826,-0.0019368232915464645,-0.002262066213757272,0.003315260267205565,-0.017809501421377313,0.0052620873527912905,0.0069218624754380995,0.003315260267205565,mlp16
2023-02-03 00:00:00+00:00,SPY,-0.0026110111965107485,2023-02-13 00:00:00+00:00,0.0,0.002201769436302601,0.000276265161955174,0.0004348235005698853,0.0013342087319012088,0.0013691903294191152,0.00018778989718044425,-0.0033968843865465116,0.006741794704008578,0.014152594501576403,0.00018778989718044425,mlp16
2023-02-10 00:00:00+00:00,GLD,-0.008685582087471277,2023-02-21 00:00:00+00:00,0.0,0.0011100140014568994,0.0013859097735245019,0.0013624644900413633,0.001583457963558967,0.0011328203394551286,-0.0032359126908298504,-0.008010057052444971,0.019246101457544195,-0.007726931405469447,-0.0032359126908298504,mlp16
2023-02-10 00:00:00+00:00,QQQ,-0.012851479140018052,2023-02-21 00:00:00+00:00,0.0,0.0029288157539115235,0.001888920209684195,0.0021310749488619167,0.002240481699623214,0.005323198736507341,-0.004551509787735746,-0.02110925147810072,-0.00529225664212251,0.0022493087057260564,-0.004551509787735746,mlp16
2023-02-10 00:00:00+00:00,SPY,-0.013848149190648917,2023-02-21 00:00:00+00:00,0.0,0.002201769436302601,0.0024900300474387962,0.0024963599261162675,0.0014101901049217013,0.0005857007242348809,-0.0013320418559266494,0.012480125865770271,-0.00800864629183407,0.0064497399393402925,-0.0013320418559266494,mlp16
2023-02-17 00:00:00+00:00,GLD,-0.014135503575253727,2023-02-28 00:00:00+00:00,0.0,0.0011100140014568994,0.0019087114993590999,0.0018648361064945976,0.003283962667125902,0.004245784971162818,-0.0029452007637975537,-0.0008647319496540495,0.006238337904008918,0.0007322372903465846,-0.0029452007637975537,mlp16
2023-02-17 00:00:00+00:00,QQQ,-0.013321786405945835,2023-02-28 00:00:00+00:00,0.0,0.0029288157539115235,0.0004635222249077531,0.0007263288671798263,0.0012873356004596793,0.0037897824454116848,-0.005339382227518781,-0.017708058790007423,0.010259474211145848,-0.00995724616146125,-0.005339382227518781,mlp16
2023-02-17 00:00:00+00:00,SPY,-0.014464329792408082,2023-02-28 00:00:00+00:00,0.0,0.002201769436302601,0.0021608260970734125,0.0021693216122623785,0.0010086587829413185,0.0007758047242256928,-0.0002777080835027479,0.01176981748530972,0.005295410784803131,0.0031339793174935083,-0.0002777080835027479,mlp16
2023-02-24 00:00:00+00:00,GLD,0.020369506998731524,2023-03-06 00:00:00+00:00,0.0,0.0011100140014568994,0.0009961740429590086,0.0010254488006454863,0.003283962667125902,0.004418196825101885,0.0024387170583091583,0.01952377424463091,0.006698997876542735,-0.0026363459972438275,0.0024387170583091583,mlp16
2023-02-24 00:00:00+00:00,QQQ,0.01989372549238766,2023-03-06 00:00:00+00:00,0.0,0.0029288157539115235,0.0045082012682499065,0.004584201270755856,0.0015116668609054295,0.0005587107304217944,-0.01311581900778312,-0.018658925567807176,0.01564677216046839,0.024297196556002664,-0.01311581900778312,mlp16
2023-02-24 00:00:00+00:00,SPY,0.012954195554671921,2023-03-06 00:00:00+00:00,0.0,0.002201769436302601,0.0038070870618048948,0.0037724620705452366,0.002332219141733655,0.0019811017745343814,0.0010133609955389699,0.009565190206497088,0.010483408728676877,0.02266034205420651,0.0010133609955389699,mlp16
2023-03-03 00:00:00+00:00,GLD,0.025185678699078506,2023-03-13 00:00:00+00:00,0.0,0.0011100140014568994,-0.00019440715435381061,-0.0001906026862280158,0.0021438184662706757,0.0024145945491264222,-0.003612483545678131,-0.013437445106880363,-0.004337983861200129,-0.005562050176467437,-0.003612483545678131,mlp16
2023-03-03 00:00:00+00:00,QQQ,-0.04721878711712735,2023-03-13 00:00:00+00:00,0.0,0.0029288157539115235,0.0018616724795886188,0.0018345262204435186,0.002037533898165381,0.0042451658652985814,-0.005884344615917669,0.0012463357641450256,-0.0025591826687962516,0.006991895128280185,-0.005884344615917669,mlp16
2023-03-03 00:00:00+00:00,SPY,-0.05737557106774305,2023-03-13 00:00:00+00:00,0.0,0.002201769436302601,0.0011603259343179462,0.0011299087621056121,0.0018216155177381197,0.0025793254001820363,0.001676932470660118,0.0026601369304771073,-0.0033809208364789702,-0.00883458193734401,0.001676932470660118,mlp16
2023-03-10 00:00:00+00:00,GLD,0.04262424217820815,2023-03-20 00:00:00+00:00,0.0,0.0011100140014568994,-0.0003714969219914321,-0.00030354326029083086,0.0014831106370900896,0.0010466658336599605,-0.0012711724986936386,-0.00430254634213657,-0.004959659564847403,0.009992329568117072,-0.0012711724986936386,mlp16
2023-03-10 00:00:00+00:00,QQQ,0.06278047610320425,2023-03-20 00:00:00+00:00,0.0,0.0029288157539115235,0.0055697552079378345,0.005504558379909478,0.0021426341009314624,0.006276152759563328,-0.003890300197855218,-0.008536666185587731,0.0014776735543647656,-0.010122039658867812,-0.003890300197855218,mlp16
2023-03-10 00:00:00+00:00,SPY,0.027452036863870877,2023-03-20 00:00:00+00:00,0.0,0.002201769436302601,0.005626603949828981,0.005529964195586462,0.00353712431175302,0.005857264565234277,0.0031589885464930307,0.00741739160406501,0.005005668297780391,-0.023327318397689024,0.0031589885464930307,mlp16
2023-03-17 00:00:00+00:00,GLD,-0.016504742410701212,2023-03-27 00:00:00+00:00,0.0,0.0011100140014568994,-0.003427070259889525,-0.003248810915151691,-0.0019441995767492187,-0.004259637423004924,-0.009072652705698491,-0.0028264085408905436,0.006004243105509283,0.01688089638206675,-0.009072652705698491,mlp16
2023-03-17 00:00:00+00:00,QQQ,0.024124092107739026,2023-03-27 00:00:00+00:00,0.0,0.0029288157539115235,-0.002363789994988792,-0.0021350247670797497,-0.0013932657605737833,-0.002488081520817907,0.0024539944761864524,-0.00271735665544213,-5.445674357044461e-05,-0.01574578247143676,0.0024539944761864524,mlp16
2023-03-17 00:00:00+00:00,SPY,0.018730951366628723,2023-03-27 00:00:00+00:00,0.0,0.002201769436302601,0.0003377854085785581,0.00047982177929687173,0.0020470407315627552,0.002202465921993672,0.0008130731808379744,0.0006133355304983823,0.0014644915371402633,-0.017282851684796742,0.0008130731808379744,mlp16
2023-03-24 00:00:00+00:00,GLD,0.014904842936809937,2023-04-03 00:00:00+00:00,0.0,0.0011100140014568994,0.0005109317148153686,0.0006027084590841614,0.0010864518829394763,0.0006047858574712496,-0.001351156568114427,0.009794989845353333,-0.022945985482693745,-0.006380091109667118,-0.001351156568114427,mlp16
2023-03-24 00:00:00+00:00,QQQ,0.023010162022347735,2023-04-03 00:00:00+00:00,0.0,0.0029288157539115235,-0.0024278478794237672,-0.002104467361261748,0.0013342087319012088,0.0008505578287138011,0.0002481948250300986,0.013731908530534574,0.010704303279144588,-0.004690570817386911,0.0002481948250300986,mlp16
2023-03-24 00:00:00+00:00,SPY,0.02695154355446494,2023-04-03 00:00:00+00:00,0.0,0.002201769436302601,0.001043248593129104,0.0011640754733336547,0.0011615325742280324,-0.0006850850311892986,-0.0023141012293316538,-0.0031272411564986107,-0.0008993223505577375,-0.0054278662283534194,-0.0023141012293316538,mlp16
2023-03-31 00:00:00+00:00,GLD,0.011204772859424672,2023-04-11 00:00:00+00:00,0.0,0.0011100140014568994,0.0010420711233601926,0.0010668157102735885,0.001583457963558967,0.0008452846721507825,0.0011063214373720437,0.0021056286631674827,0.0001680644144720167,0.017235604245059478,0.0011063214373720437,mlp16
2023-03-31 00:00:00+00:00,QQQ,-0.0029488308023251086,2023-04-11 00:00:00+00:00,0.0,0.0029288157539115235,-0.0034574471803073283,-0.003092846436766441,-0.0013932657605737833,-0.004013540253583953,-0.0016884655234575474,0.006312906718061592,0.005057388981651256,0.000881430381937488,-0.0016884655234575474,mlp16
2023-03-31 00:00:00+00:00,SPY,0.0034488681054034576,2023-04-11 00:00:00+00:00,0.0,0.002201769436302601,5.729809184516932e-05,0.00013517508117152964,0.0015537093329462306,0.0010437576909039536,0.0011708093786502538,0.003028004864299504,-0.0008052869307967947,-0.0041896729211894565,0.0011708093786502538,mlp16
2023-04-06 00:00:00+00:00,GLD,0.003834143762551534,2023-04-17 00:00:00+00:00,0.0,0.0011100140014568994,0.00042931962115248134,0.0004835545389857845,0.0013388787723229325,0.001307126582023461,-0.0022857265648374807,0.008082244293496502,0.006921241060691328,0.0027551044754454035,-0.0022857265648374807,mlp16
2023-04-06 00:00:00+00:00,QQQ,0.00977548935640038,2023-04-17 00:00:00+00:00,0.0,0.0029288157539115235,-0.002154281029528122,-0.0018056317792250636,0.0013342087319012088,-2.3076614090694183e-05,-0.003658588753281043,-0.00362030692540122,0.01707989145103864,-0.002787080354167568,-0.003658588753281043,mlp16
2023-04-06 00:00:00+00:00,SPY,0.014165861809205094,2023-04-17 00:00:00+00:00,0.0,0.002201769436302601,0.000772450493893441,0.0008619211480631957,0.0015537093329462306,0.0011774944909944966,0.0004445123761636288,0.0063733465422984425,0.01597172529386432,0.0025668394789939396,0.0004445123761636288,mlp16
2023-04-14 00:00:00+00:00,GLD,-0.009790693804967776,2023-04-24 00:00:00+00:00,0.0,0.0011100140014568994,0.002120605142256184,0.002038175375858037,0.001583457963558967,0.0007677014590556741,0.0009523785819603125,0.0012936020117558355,0.010475221574015819,0.02648546829730218,0.0009523785819603125,mlp16
2023-04-14 00:00:00+00:00,QQQ,-0.005563441228443877,2023-04-24 00:00:00+00:00,0.0,0.0029288157539115235,-0.0018166330223525434,-0.0015799720654818311,0.0013342087319012088,0.0015098657070492388,-0.00951782370839118,-0.01894012842549776,0.005953488768960349,0.014552450653615923,-0.00951782370839118,mlp16
2023-04-14 00:00:00+00:00,SPY,-0.0009215295644077193,2023-04-24 00:00:00+00:00,0.0,0.002201769436302601,0.0015173092511049703,0.001524517551782318,0.0014831106370900896,0.001266557139545672,0.0019155197758822977,0.004371354052295543,0.006726304553070297,0.026965824037049935,0.0019155197758822977,mlp16
2023-04-21 00:00:00+00:00,GLD,0.010756753673897057,2023-05-01 00:00:00+00:00,0.0,0.0011100140014568994,0.0035609450242506313,0.003319676406373119,0.0033531529444431048,0.0017034723386641546,0.008821926977348502,0.006536908738863042,0.004751833694424473,-0.007931034709062685,0.008821926977348502,mlp16
2023-04-21 00:00:00+00:00,QQQ,0.01804811221587399,2023-05-01 00:00:00+00:00,0.0,0.0029288157539115235,0.00018342413335275615,0.0002759409353867481,0.002238501840057626,0.002629255884483611,-0.008402170663481328,-0.01467409315637385,0.006488775296090495,0.011230000262950486,-0.008402170663481328,mlp16
2023-04-21 00:00:00+00:00,SPY,0.008446804217494996,2023-05-01 00:00:00+00:00,0.0,0.002201769436302601,0.0025617024043064545,0.002487960118098989,0.0017276898283261238,0.001266557139545672,0.001691040597088,0.008029889158127173,0.009554598430725494,0.01226041441160553,0.001691040597088,mlp16
2023-04-28 00:00:00+00:00,GLD,0.009513594428528727,2023-05-08 00:00:00+00:00,0.0,0.0011100140014568994,0.00379383014654338,0.0035142464592504818,0.002271748769673609,0.001285730337240509,0.0018337203433410748,-0.00809943498551697,-0.00625259554160507,-0.0017180982302756097,0.0018337203433410748,mlp16
2023-04-28 00:00:00+00:00,QQQ,0.0010244835123036644,2023-05-08 00:00:00+00:00,0.0,0.0029288157539115235,0.0005202633240083693,0.0005134471493261711,0.002104643149121666,0.0012037003545297563,-0.009065800594333664,-0.01277215238741223,-0.0028708853624080633,0.006541575997470127,-0.009065800594333664,mlp16
2023-04-28 00:00:00+00:00,SPY,-0.006017270732740498,2023-05-08 00:00:00+00:00,0.0,0.002201769436302601,0.0028039505042862212,0.0026653343607063486,0.0021192758080833614,0.001285730337240509,0.0017454679506897326,0.004953875356042129,-0.0025753096818735576,-0.0015653444305305925,0.0017454679506897326,mlp16
2023-05-05 00:00:00+00:00,GLD,-0.0027686308816040617,2023-05-15 00:00:00+00:00,0.0,0.0011100140014568994,0.0017325677652513143,0.0015696851253390364,0.0016979411977133877,0.0015426133713939516,0.0018400685282453594,-0.008498178538592072,-0.0003302645921398384,-0.005866641537406743,0.0018400685282453594,mlp16
2023-05-05 00:00:00+00:00,QQQ,0.009583761018922443,2023-05-15 00:00:00+00:00,0.0,0.0029288157539115235,0.0007429118613123814,0.0007492512086481939,0.0009539173866992767,0.0005478101531699626,-0.012230739052266458,-0.019220872419957673,0.013319731584571249,-0.0130562010665611,-0.012230739052266458,mlp16
2023-05-05 00:00:00+00:00,SPY,-0.0018160821509853875,2023-05-15 00:00:00+00:00,0.0,0.002201769436302601,0.0028613879835874805,0.002753461409000806,0.0028583915942797956,0.001594482017739695,-0.0029387060527761638,-0.0022877423910653938,0.015288334088755273,-0.0038467848546289295,-0.0029387060527761638,mlp16
2023-05-12 00:00:00+00:00,GLD,-0.02178324487227712,2023-05-22 00:00:00+00:00,0.0,0.0011100140014568994,0.0010811103860815202,0.0009881862581588498,0.0011720859717289642,0.0005185582672957928,0.0037157300405572043,0.008612503822036807,-0.00017911914890327617,-0.010127257292245466,0.0037157300405572043,mlp16
2023-05-12 00:00:00+00:00,QQQ,0.03299425125122868,2023-05-22 00:00:00+00:00,0.0,0.0029288157539115235,0.0019464899055063518,0.001870880796540095,0.0007093381954632421,0.0006339646589651307,-0.0073527297219730435,-0.008781783485551836,-0.007462209995654873,0.006317455435463791,-0.0073527297219730435,mlp16
2023-05-12 00:00:00+00:00,SPY,0.015574127872987509,2023-05-22 00:00:00+00:00,0.0,0.002201769436302601,0.0025544068042778157,0.0024411390318893034,0.002053424370404565,0.0008414778255325068,-0.0016585408590334494,-0.0059661572617022785,-0.005886721133227443,0.002537414221596647,-0.0016585408590334494,mlp16
2023-05-19 00:00:00+00:00,GLD,-0.008186879107118461,2023-05-30 00:00:00+00:00,0.0,0.0011100140014568994,0.0017764181468288716,0.0017175693704083305,0.0025645148118595856,0.0019360273352087534,0.002426436819334454,0.0037656286658189443,-0.011016437136396454,-0.003609399638102172,0.002426436819334454,mlp16
2023-05-19 00:00:00+00:00,QQQ,0.04895161344602217,2023-05-30 00:00:00+00:00,0.0,0.0029288157539115235,-0.0021129959961812277,-0.0019077760133925882,-0.0025737401536089087,-0.0033860029802004277,-0.009002703245801345,-0.015540243288656296,-0.006772966031814384,-0.01906291521912985,-0.009002703245801345,mlp16
2023-05-19 00:00:00+00:00,SPY,0.008097571611358045,2023-05-30 00:00:00+00:00,0.0,0.002201769436302601,-0.0003465882096993539,-0.00029081553437515614,0.0016979411977133877,0.0014564588655987835,-0.0008392148327483573,0.002566174345980643,-0.00699363750384198,-0.006624092162589273,-0.0008392148327483573,mlp16
2023-05-26 00:00:00+00:00,GLD,0.003521898444581062,2023-06-06 00:00:00+00:00,0.0,0.0011100140014568994,0.0014165312965663526,0.0013927139620398094,0.002838085398568614,0.00354051248735347,0.0013047254703759353,0.005185314731761103,-0.00011662489698403555,0.0020034075928595653,0.0013047254703759353,mlp16
2023-05-26 00:00:00+00:00,QQQ,0.00445130151712303,2023-06-06 00:00:00+00:00,0.0,0.0029288157539115235,-0.003394848608202201,-0.003095507478311287,-0.0025737401536089087,-0.004259637423004924,-0.009525030563166557,-0.027587076595867396,-0.009203302409094932,-0.010777788996284073,-0.009525030563166557,mlp16
2023-05-26 00:00:00+00:00,SPY,0.010994520292996635,2023-06-06 00:00:00+00:00,0.0,0.002201769436302601,8.838076430000507e-05,0.00011920270230893649,0.0014831106370900896,0.0010466658336599605,-0.0023605747562877462,-0.0016604434122034905,-0.01257572155706996,-0.02700375177449142,-0.0023605747562877462,mlp16
2023-06-02 00:00:00+00:00,GLD,0.0055866464026383955,2023-06-12 00:00:00+00:00,0.0,0.0011100140014568994,0.0005895445347384301,0.0005422895165927033,0.002018478374172493,0.004959652687007226,0.0032612841192154983,0.012415846605782939,-0.00015648508932785242,-0.007570088534074264,0.0032612841192154983,mlp16
2023-06-02 00:00:00+00:00,QQQ,0.004965753107037285,2023-06-12 00:00:00+00:00,0.0,0.0029288157539115235,-0.002744986968542347,-0.002459354434445578,-0.0025737401536089087,-0.004259637423004924,-0.013860798266357182,-0.02393344298375431,0.0016267784448399448,0.014202399129417054,-0.013860798266357182,mlp16
2023-06-02 00:00:00+00:00,SPY,0.006164255785555683,2023-06-12 00:00:00+00:00,0.0,0.002201769436302601,-0.0006523463884844665,-0.0005652587097479916,0.0016979411977133877,0.0016763501714844946,-0.004503475232553177,0.004902553568741273,0.0005297598673615444,-0.006098033786437668,-0.004503475232553177,mlp16
2023-06-09 00:00:00+00:00,GLD,-0.009570987150471555,2023-06-20 00:00:00+00:00,0.0,0.0011100140014568994,0.0024944502851208046,0.0023255348449918102,0.002271748769673609,0.003661294555445761,-0.0009683319464225048,-0.005468872328245616,-0.008259288913991412,-0.001437799970435983,-0.0009683319464225048,mlp16
2023-06-09 00:00:00+00:00,QQQ,0.02881043723207144,2023-06-20 00:00:00+00:00,0.0,0.0029288157539115235,-0.0007988137019558128,-0.000597074285630883,0.0010278541069618076,-0.002006150167305932,-0.008654066441519432,-0.009949669734308665,0.0028128498860731234,-9.536825280217709e-05,-0.008654066441519432,mlp16
2023-06-09 00:00:00+00:00,SPY,0.0189244050122932,2023-06-20 00:00:00+00:00,0.0,0.002201769436302601,-0.0006604393361309241,-0.0005394784869096675,0.0014450294133213975,0.0006272032003854218,-0.0012144311268980296,-0.0010832952225880016,0.0036864885471550525,0.0031845320500018992,-0.0012144311268980296,mlp16
2023-06-16 00:00:00+00:00,GLD,-0.005498113116728431,2023-06-27 00:00:00+00:00,0.0,0.0011100140014568994,0.0034251657312601358,0.0032407591826787946,0.0028813776321478636,0.0013943752703301383,-0.0034350875800536478,-0.009561399739971702,-0.01197727130732594,-0.005195031649061887,-0.0034350875800536478,mlp16
2023-06-16 00:00:00+00:00,QQQ,-0.018308492476180493,2023-06-27 00:00:00+00:00,0.0,0.0029288157539115235,-0.00230523747072229,-0.0020734968117688047,-0.0019441995767492187,-0.004259637423004924,-0.012764879858411786,-0.02543098362886956,-0.009959107935869712,-0.007560798595019259,-0.012764879858411786,mlp16
2023-06-16 00:00:00+00:00,SPY,-0.011658512111747843,2023-06-27 00:00:00+00:00,0.0,0.002201769436302601,-0.0015184361639960576,-0.0013664169076729976,0.0003342786940027101,0.0002908979097913733,-0.002657919981802552,-0.003332117707688338,-0.009983000385651886,-0.019836253636192475,-0.002657919981802552,mlp16
2023-06-23 00:00:00+00:00,GLD,-0.002457427723578709,2023-07-03 00:00:00+00:00,0.0,0.0011100140014568994,0.004148668219010579,0.0039784361848389065,0.001971479479276844,0.0008632621437271984,-0.002131354436114727,-0.0009694079212974976,-0.0007925826350618315,-0.003692773538758427,-0.002131354436114727,mlp16
2023-06-23 00:00:00+00:00,QQQ,0.022292839521269814,2023-07-03 00:00:00+00:00,0.0,0.0029288157539115235,0.0003733907975215914,0.0005837238547783663,0.0023616851711147583,-0.000650401193854881,-0.005815131654451942,-0.011721575839963437,-0.002308802814814843,-0.001339026983865302,-0.005815131654451942,mlp16
2023-06-23 00:00:00+00:00,SPY,0.023808318965703013,2023-07-03 00:00:00+00:00,0.0,0.002201769436302601,0.0008423647058370268,0.000960477891349092,0.0016681097581556612,0.0008849999549911208,0.0018197856014378162,0.0009050990150777905,0.0032077781847716295,-0.006953037449358249,0.0018197856014378162,mlp16
2023-06-30 00:00:00+00:00,GLD,0.004590963902511458,2023-07-11 00:00:00+00:00,0.0,0.0011100140014568994,0.0029780528299963023,0.00281700632000342,0.000861083909034354,0.0010934249390850911,0.002140849240633374,-0.00016822424336934038,0.010311392881121564,0.005595106871709575,0.002140849240633374,mlp16
2023-06-30 00:00:00+00:00,QQQ,-0.008863279993033601,2023-07-11 00:00:00+00:00,0.0,0.0029288157539115235,0.0004034110070870492,0.000407099768305228,0.0007832749157257733,-2.3888285859125022e-05,-0.00817991845999938,-0.011215095561793781,-0.001277603447775365,-0.019884094589389768,-0.00817991845999938,mlp16
2023-06-30 00:00:00+00:00,SPY,-0.0055765708561841265,2023-07-11 00:00:00+00:00,0.0,0.002201769436302601,2.72642679210483e-05,5.701145326334034e-05,0.0006077070306036772,0.0012658701503898448,-0.004330969981891121,0.0021128280814737533,-0.0043050442658675815,0.0017239370888729865,-0.004330969981891121,mlp16
2023-07-07 00:00:00+00:00,GLD,0.014688627278681476,2023-07-17 00:00:00+00:00,0.0,0.0011100140014568994,0.0017544886091103889,0.0016701510057288706,0.000861083909034354,-2.8260577031031033e-07,-0.0008005277254810456,-0.0012336918781114092,-0.007890312293852566,-0.0018213670227235745,-0.0008005277254810456,mlp16
2023-07-07 00:00:00+00:00,QQQ,0.03781832678262664,2023-07-17 00:00:00+00:00,0.0,0.0029288157539115235,-0.0001319435965858079,-4.5004805967760465e-05,0.0009275067804929303,0.0012979624206535196,-0.006468499052673349,-0.017250712876448093,0.013387914641233314,0.005427710100369655,-0.006468499052673349,mlp16
2023-07-07 00:00:00+00:00,SPY,0.024989741912483376,2023-07-17 00:00:00+00:00,0.0,0.002201769436302601,0.0011319902985228837,0.0011294895652535935,0.0008898825505998697,0.0006415164004482433,0.001224478615595262,-0.001732597144134529,0.0035982304132080515,0.00522923904204997,0.001224478615595262,mlp16
2023-07-14 00:00:00+00:00,GLD,0.006795931765334329,2023-07-24 00:00:00+00:00,0.0,0.0011100140014568994,0.001869624612045284,0.0017476714385742766,0.001921173133951983,0.0015511722550262499,-0.0025935570925889047,-0.003960604228838681,-0.008593264887336615,-0.00169877772780232,-0.0025935570925889047,mlp16
2023-07-14 00:00:00+00:00,QQQ,-0.008372701015758599,2023-07-24 00:00:00+00:00,0.0,0.0029288157539115235,-0.0019983637659368946,-0.0019004095525613845,-0.0017999677119820618,-0.0009555248350454716,-0.003868752444919608,-0.014397473428661574,-0.005860796179453721,0.011879187032915009,-0.003868752444919608,mlp16
2023-07-14 00:00:00+00:00,SPY,0.009440511821626085,2023-07-24 00:00:00+00:00,0.0,0.002201769436302601,-0.000498352787592709,-0.0004771613252158818,0.0006077070306036772,0.001132133350299301,-9.565373588064585e-05,0.0066312901602638905,-0.0019809146700104606,0.008109870951442173,-9.565373588064585e-05,mlp16
2023-07-21 00:00:00+00:00,GLD,0.0011524061775403105,2023-07-31 00:00:00+00:00,0.0,0.0011100140014568994,0.002800704147177599,0.002655689424044065,0.0020439410894878213,0.0010906479911451882,-0.002965509682027529,-0.011453752078282831,0.004405658485555896,-0.0034073994501701865,-0.002965509682027529,mlp16
2023-07-21 00:00:00+00:00,QQQ,0.019037739981306423,2023-07-31 00:00:00+00:00,0.0,0.0029288157539115235,-0.0012385887510335902,-0.0010306266131111569,0.0019188452930426131,0.0005966462110852509,0.0042103492427562434,0.002858817466942537,0.009575293817377923,0.012387964480886774,0.0042103492427562434,mlp16
2023-07-21 00:00:00+00:00,SPY,0.008910970172810284,2023-07-31 00:00:00+00:00,0.0,0.002201769436302601,0.00010541021941151029,0.00015037672214345487,0.0005145735457382535,2.7254328288907022e-05,0.00035838468176588144,-0.0030453367403584057,0.0016934064458174174,0.0033245080097723634,0.00035838468176588144,mlp16
2023-07-28 00:00:00+00:00,GLD,-0.012497938227454264,2023-08-07 00:00:00+00:00,0.0,0.0011100140014568994,0.0038180403316315664,0.0036454162308636197,0.0010413787607698973,0.00032372256532229346,-0.0034833583418872956,-0.014556390858105521,-2.527360795148148e-06,0.002158882310690854,-0.0034833583418872956,mlp16
2023-07-28 00:00:00+00:00,QQQ,-0.025821599363502035,2023-08-07 00:00:00+00:00,0.0,0.0029288157539115235,-0.001898186414956321,-0.0017359018305524272,0.0009275067804929303,0.0012979624206535196,-0.00692759375131966,-0.017083823899261313,0.003480999058625979,-0.042720146148070876,-0.00692759375131966,mlp16
2023-07-28 00:00:00+00:00,SPY,-0.019020262165255097,2023-08-07 00:00:00+00:00,0.0,0.002201769436302601,0.00032393202630764506,0.00033680800863619074,0.0008521720618973901,0.0005043855156400446,-0.0006652718902578086,-0.0049119391206882065,-0.001408025163864136,-0.023543617366221663,-0.0006652718902578086,mlp16
2023-08-04 00:00:00+00:00,GLD,-0.01826252232916148,2023-08-14 00:00:00+00:00,0.0,0.0011100140014568994,0.004128862490958065,0.003931471494907396,0.0015871419475174372,0.0006324742458214797,-0.0005420867429450077,-0.008075141145457744,-0.015701690449165313,0.000892130584177625,-0.0005420867429450077,mlp16
2023-08-04 00:00:00+00:00,QQQ,-0.022600761880405384,2023-08-14 00:00:00+00:00,0.0,0.0029288157539115235,0.001110411278459626,0.0012184848168930106,0.0023616851711147583,0.0014161423117829324,0.004105898302270096,0.007314366434071179,0.01209880143926337,0.007051593103104087,0.004105898302270096,mlp16
2023-08-04 00:00:00+00:00,SPY,-0.008936427260622937,2023-08-14 00:00:00+00:00,0.0,0.002201769436302601,0.0017966287667365518,0.0018180718628332138,0.0018484046098912043,0.0013598394872891498,0.006416397611523457,0.005268532164120891,0.004341431789814849,0.009752940502131375,0.006416397611523457,mlp16
2023-08-11 00:00:00+00:00,GLD,-0.0054280601071704515,2023-08-21 00:00:00+00:00,0.0,0.0011100140014568994,0.002489662263899316,0.002345201133187777,0.0014229594922946026,0.00043921717505699965,0.001968164957175131,0.007803788209963474,-0.00165443451060314,-0.000350412614279253,0.001968164957175131,mlp16
2023-08-11 00:00:00+00:00,QQQ,-0.01589907744946495,2023-08-21 00:00:00+00:00,0.0,0.0029288157539115235,0.0013234355831034,0.0013601942462504308,0.0031706234949061916,0.004074496590998123,0.010460115675736159,0.009444916060007356,-0.003333505774816089,-0.018299098367270027,0.010460115675736159,mlp16
2023-08-11 00:00:00+00:00,SPY,-0.016078401117883723,2023-08-21 00:00:00+00:00,0.0,0.002201769436302601,0.0002920009183591596,0.0003466456181052274,0.0005145735457382535,0.00017676606996893274,0.006506546515323151,0.005339010639815848,-0.004916789551443661,-0.0009959399012646065,0.006506546515323151,mlp16
2023-08-18 00:00:00+00:00,GLD,0.009948834910306292,2023-08-28 00:00:00+00:00,0.0,0.0011100140014568994,0.0013522996780604135,0.0012785024635939652,0.002072249720628673,0.001783435651455257,0.006055965989667191,0.005842325339866271,0.00679544992072569,0.008843568435191079,0.006055965989667191,mlp16
2023-08-18 00:00:00+00:00,QQQ,0.020493607134855374,2023-08-28 00:00:00+00:00,0.0,0.0029288157539115235,0.0022704324783549223,0.0022891166145070523,0.004768358409672237,0.008706716011611737,0.01808867092310392,0.013478287955402029,-0.0031735511142305184,-0.010195711828804237,0.01808867092310392,mlp16
2023-08-18 00:00:00+00:00,SPY,0.010718766801821156,2023-08-28 00:00:00+00:00,0.0,0.002201769436302601,0.0011000761867362954,0.0011575294455509204,0.0027159407096603054,0.004482466377393506,0.011499620703333048,0.013186210833783747,-0.0013816917483107504,-0.005048732815362424,0.011499620703333048,mlp16
2023-08-25 00:00:00+00:00,GLD,0.009456842061864812,2023-09-05 00:00:00+00:00,0.0,0.0011100140014568994,-0.0005426829512689568,-0.00056753127564532,0.0019529797865274019,0.002207316084605958,0.0013504300749443705,0.012321019457590055,0.0002205830039110962,-0.0008108316717940201,0.0013504300749443705,mlp16
2023-08-25 00:00:00+00:00,QQQ,0.02664940197391963,2023-09-05 00:00:00+00:00,0.0,0.0029288157539115235,0.001916641485910581,0.0018499965708102311,0.0034839823440498546,0.007066113098525383,0.01572784906606634,0.017239362691254714,0.0004947628987490227,-0.00334188367597177,0.01572784906606634,mlp16
2023-08-25 00:00:00+00:00,SPY,0.019197824864849222,2023-09-05 00:00:00+00:00,0.0,0.002201769436302601,-0.00045402173308482064,-0.0003640768481053952,0.0016055451394178164,0.0029309261128583268,0.010521382332059244,0.012920746713120717,-0.002473601724272875,-0.008484952316645996,0.010521382332059244,mlp16
2023-09-01 00:00:00+00:00,GLD,-0.01237941893735417,2023-09-12 00:00:00+00:00,0.0,0.0011100140014568994,-0.0008468300453142507,-0.0008522567731338204,0.0015938078375523324,0.0014714451036708898,0.0025690791666288554,0.009147456278681554,0.006869573650207309,-0.006793668363851106,0.0025690791666288554,mlp16
2023-09-01 00:00:00+00:00,QQQ,-0.003981137640382548,2023-09-12 00:00:00+00:00,0.0,0.0029288157539115235,0.0006963532502393118,0.0006691753676449725,0.0010567032523267404,6.36241920300746e-05,-0.00013341628597323852,0.0036679804783576976,-0.0004891420948570435,0.003194033214772455,-0.00013341628597323852,mlp16
2023-09-01 00:00:00+00:00,SPY,-0.008386455516026903,2023-09-12 00:00:00+00:00,0.0,0.002201769436302601,-0.00019574453836473937,-0.00015720522356371224,0.0012850079629587112,0.0013149530138895328,0.004359646720940022,0.002841788674337048,0.003994483931702536,0.0021418728542593603,0.004359646720940022,mlp16
2023-09-08 00:00:00+00:00,GLD,-0.000838095186127874,2023-09-18 00:00:00+00:00,0.0,0.0011100140014568994,0.0013886615872961017,0.001326699001332903,0.0017284338618168602,0.0020618477365930603,0.002194687263290504,0.006106401385403434,0.0024016989114711575,0.0029380978784530744,0.002194687263290504,mlp16
2023-09-08 00:00:00+00:00,QQQ,-0.015453608726016643,2023-09-18 00:00:00+00:00,0.0,0.0029288157539115235,0.004554335663056268,0.0043885661968362695,0.0031085725976612217,0.0022729505257072322,0.004469682122625009,0.00046394020412699464,-0.008286945170928643,-0.015237724018006533,0.004469682122625009,mlp16
2023-09-08 00:00:00+00:00,SPY,-0.008092237994004936,2023-09-18 00:00:00+00:00,0.0,0.002201769436302601,0.0020432997302612392,0.0020118043345775495,0.0022521057600762245,0.0011031780787328093,0.0037383053930432316,0.0005268344371598333,-0.006429694858033934,-0.0006377862895501185,0.0037383053930432316,mlp16
2023-09-15 00:00:00+00:00,GLD,-0.002292828796086499,2023-09-25 00:00:00+00:00,0.0,0.0011100140014568994,0.0013477988963184948,0.0012917908234817282,0.0019114855137871045,0.0023288371842663403,0.0015123597231252533,-0.00020632824775557946,-0.004989458827717884,-0.005135337838444525,0.0015123597231252533,mlp16
2023-09-15 00:00:00+00:00,QQQ,-0.03354840090238187,2023-09-25 00:00:00+00:00,0.0,0.0029288157539115235,0.0046380309774863085,0.004505845327619728,0.002708421336274255,0.0031740511113036076,0.0017801886928211048,0.008026070078905519,-0.005733019901710704,-0.016473653133142297,0.0017801886928211048,mlp16
2023-09-15 00:00:00+00:00,SPY,-0.03132811236008015,2023-09-25 00:00:00+00:00,0.0,0.002201769436302601,0.0023073109004212943,0.00227923455709759,0.0017063425733286847,0.0007944263982336231,0.004519887265438952,-0.000587077512303179,-0.0037889761987449587,-0.0035519030052111474,0.004519887265438952,mlp16
2023-09-22 00:00:00+00:00,GLD,-0.04584949143357697,2023-10-02 00:00:00+00:00,0.0,0.0011100140014568994,0.0004843747890434319,0.0004662198097082965,0.0019114855137871045,0.0023288371842663403,0.0011476595565105446,0.0016350405666094936,-0.00454674810867159,-0.00501819162770341,0.0011476595565105446,mlp16
2023-09-22 00:00:00+00:00,QQQ,0.004510814852106915,2023-10-02 00:00:00+00:00,0.0,0.0029288157539115235,0.007271674849576491,0.007053332695969679,0.0033531529444431048,0.003451883893728951,0.012147178782461363,0.022013833674379035,-0.004208843121244917,0.019887336726647598,0.012147178782461363,mlp16
2023-09-22 00:00:00+00:00,SPY,-0.005941669231874558,2023-10-02 00:00:00+00:00,0.0,0.002201769436302601,0.0035993957935625946,0.0035748888535659714,0.001878203744303358,0.0010646079395416998,0.011500869361990051,0.010051027644836523,-0.004317518089099549,0.00975785336919701,0.011500869361990051,mlp16
2023-09-29 00:00:00+00:00,GLD,0.005580667168450848,2023-10-09 00:00:00+00:00,0.0,0.0011100140014568994,0.0024269688234972663,0.002403048355309233,-0.00041862254681010626,-0.002562490738409749,0.0010483179758789668,0.014503414798952034,0.005347184167435456,-0.007967053723460486,0.0010483179758789668,mlp16
2023-09-29 00:00:00+00:00,QQQ,0.010487027499116675,2023-10-09 00:00:00+00:00,0.0,0.0029288157539115235,0.006334450007206709,0.006042600843798949,0.0025163279609096436,0.005334006438694281,0.014579418186316589,0.021415008636240702,0.005999738162123163,-0.010668960441999227,0.014579418186316589,mlp16
2023-09-29 00:00:00+00:00,SPY,0.002250097951567165,2023-10-09 00:00:00+00:00,0.0,0.002201769436302601,0.003210098359496981,0.003133464013322499,0.0013834423941400495,0.0029395992547262867,0.014304192564924788,0.00942650942518134,-0.0005609699184590611,0.021310128154332433,0.014304192564924788,mlp16
2023-10-06 00:00:00+00:00,GLD,0.03890643735873711,2023-10-16 00:00:00+00:00,0.0,0.0011100140014568994,0.0010188601002863852,0.0010515186282381345,0.0024357624770579957,0.0014550084544685772,0.0009884833753096962,6.067620357917192e-05,-0.001747592451026172,0.012429028427618345,0.0009884833753096962,mlp16
2023-10-06 00:00:00+00:00,QQQ,0.011923737640071597,2023-10-16 00:00:00+00:00,0.0,0.0029288157539115235,0.006380112189018856,0.006067109791829914,0.002486579330296907,0.004041173554119371,0.007039625234792353,0.018645258478591303,0.009012305134300614,0.01855193136372949,0.007039625234792353,mlp16
2023-10-06 00:00:00+00:00,SPY,0.014593883608983615,2023-10-16 00:00:00+00:00,0.0,0.002201769436302601,0.003160106225673429,0.003080156018943338,0.001193851722360145,0.0010934249390850911,0.012421247036912487,-0.0012906022868421395,0.004777512073010425,0.014172210020685711,0.012421247036912487,mlp16
2023-10-13 00:00:00+00:00,GLD,0.0318825814535697,2023-10-23 00:00:00+00:00,0.0,0.0011100140014568994,-0.0027850136825659545,-0.0026543276580690708,0.0018023899408462676,0.0013099139658407102,0.005446338544021542,0.02021992369008675,-0.009600907437855995,0.014021948039706945,0.005446338544021542,mlp16
2023-10-13 00:00:00+00:00,QQQ,-0.03644104156115169,2023-10-23 00:00:00+00:00,0.0,0.0029288157539115235,0.006372026998024617,0.006077393568029539,0.002271748769673609,0.0023378586061056045,0.007677096747845824,0.01590583789416955,-0.00995173700797158,-0.016952695879950696,0.007677096747845824,mlp16
2023-10-13 00:00:00+00:00,SPY,-0.032755576295177447,2023-10-23 00:00:00+00:00,0.0,0.002201769436302601,0.003145494307153379,0.003056411255362018,0.0010413787607698973,0.0010934249390850911,0.01250935594942574,-0.0017206734304308824,-0.007127966271977398,-0.003969958004369144,0.01250935594942574,mlp16
2023-10-20 00:00:00+00:00,GLD,0.011062061141423163,2023-10-30 00:00:00+00:00,0.0,0.0011100140014568994,-0.0025181538278691777,-0.002379851649831479,0.0012283874312478996,0.0012579574978222186,0.005147450382244227,0.005876613410609622,-0.0037878627323066918,0.006499332651265256,0.005147450382244227,mlp16
2023-10-20 00:00:00+00:00,QQQ,-0.015370892053807705,2023-10-30 00:00:00+00:00,0.0,0.0029288157539115235,0.007342826572031899,0.007130239540628186,0.0037766540308263536,0.004297048611559611,0.013283847595816991,0.02568122177195008,0.0034338687139640906,0.020894220999098306,0.013283847595816991,mlp16
2023-10-20 00:00:00+00:00,SPY,-0.014418088722436329,2023-10-30 00:00:00+00:00,0.0,0.002201769436302601,0.004672531769112541,0.004613850997789773,0.0018619544798726575,0.0010533084060253245,0.012552998458965403,0.010354863805614624,0.009060563450966251,0.006671449849794909,0.012552998458965403,mlp16
2023-10-27 00:00:00+00:00,GLD,-0.007545510117192622,2023-11-06 00:00:00+00:00,0.0,0.0011100140014568994,-0.0019433001071586904,-0.0017554939736660136,0.0010152226426980528,0.0013674557402159602,0.0031486350200698606,-0.004447839472349768,0.004787516943919939,0.011566840181042091,0.0031486350200698606,mlp16
2023-10-27 00:00:00+00:00,QQQ,0.05939651987481831,2023-11-06 00:00:00+00:00,0.0,0.0029288157539115235,0.007147784612877538,0.006968568901060137,0.003428576596316697,0.003729126976085824,0.012269469425305567,0.029253325887118396,0.0062336507851277045,0.0029310423303890833,0.012269469425305567,mlp16
2023-10-27 00:00:00+00:00,SPY,0.05297877737212753,2023-11-06 00:00:00+00:00,0.0,0.002201769436302601,0.003976967182298882,0.003977574723821299,0.001840155419967008,0.0012985500879002286,0.013795785875319886,0.00940367592484032,0.004612261811035513,-0.00011253522125399651,0.013795785875319886,mlp16
2023-11-03 00:00:00+00:00,GLD,-0.02574131372257693,2023-11-13 00:00:00+00:00,0.0,0.0011100140014568994,-0.0008746280443473775,-0.0006885626961957947,0.0011424557154449066,0.0015657248773111347,0.003780758043308842,-0.0029895513068750722,-0.0124549950920591,0.013606321777833129,0.003780758043308842,mlp16
2023-11-03 00:00:00+00:00,QQQ,0.022524554411557096,2023-11-13 00:00:00+00:00,0.0,0.0029288157539115235,0.002221497598527864,0.0020974033158959403,0.0018570387534372166,0.0030946044628982305,0.0030777522404341175,0.0284812970833686,0.003920496450149886,0.0064505048319409035,0.0030777522404341175,mlp16
2023-11-03 00:00:00+00:00,SPY,0.008634446272009377,2023-11-13 00:00:00+00:00,0.0,0.002201769436302601,0.00026481687361114834,0.00029191956699680055,0.002339138150566587,0.0020987892434386445,0.00782584072423397,0.013743539963716937,0.005538282126309713,0.007396337633609488,0.00782584072423397,mlp16
2023-11-10 00:00:00+00:00,GLD,0.016276552547818124,2023-11-20 00:00:00+00:00,0.0,0.0011100140014568994,0.0008266557534657853,0.000883244058016752,0.0009690940538500308,0.0007267174766666698,0.0014556671870506338,-0.009032636782733517,0.008900631996401986,-0.00879316683059062,0.0014556671870506338,mlp16
2023-11-10 00:00:00+00:00,QQQ,0.024575937957675764,2023-11-20 00:00:00+00:00,0.0,0.0029288157539115235,0.0020606540437526012,0.0019939324050424496,0.0009241687560865405,0.0011774944909944966,0.0013877401447540878,0.0061587147825885825,-0.008417881400942809,0.010768939909921494,0.0013877401447540878,mlp16
2023-11-10 00:00:00+00:00,SPY,0.025726971428702505,2023-11-20 00:00:00+00:00,0.0,0.002201769436302601,0.0014414425914769477,0.0014622153813782992,0.002339138150566587,0.002258247697446443,0.001808920672413214,0.005312566680064165,-0.0016732464644583056,-0.0062639948099962725,0.001808920672413214,mlp16
2023-11-17 00:00:00+00:00,GLD,0.030605453861916487,2023-11-28 00:00:00+00:00,0.0,0.0011100140014568994,-0.0016044050369715646,-0.0015657685130890141,0.0010333943449294782,0.0011189486849312886,0.0012028472117689565,0.004511358634425538,-0.009117523065584481,-0.005767461866020689,0.0012028472117689565,mlp16
2023-11-17 00:00:00+00:00,QQQ,0.006113188089304611,2023-11-28 00:00:00+00:00,0.0,0.0029288157539115235,0.0027224066438429374,0.0026884682512001113,0.0009241687560865405,0.0017169196139622841,0.006136426465619051,0.010476855968184581,0.004777827251622488,0.012293219651713065,0.006136426465619051,mlp16
2023-11-17 00:00:00+00:00,SPY,0.007879507368869776,2023-11-28 00:00:00+00:00,0.0,0.002201769436302601,0.0013563169280882048,0.0013675831828885154,0.0022154638305418553,0.0023244202275419113,0.0035282128547990017,0.0061992867519672845,0.005850424347228537,0.006116902503232492,0.0035282128547990017,mlp16
2023-11-24 00:00:00+00:00,GLD,0.016295071744772516,2023-12-04 00:00:00+00:00,0.0,0.0011100140014568994,-0.0008458485288099615,-0.0008499737370862159,0.0008185637843061798,9.855924663619541e-05,0.002734140711007596,0.005809157946784676,-0.0007922748298575821,-0.001958845164062697,0.002734140711007596,mlp16
2023-11-24 00:00:00+00:00,QQQ,-0.0075064108672628915,2023-12-04 00:00:00+00:00,0.0,0.0029288157539115235,0.003665387373602802,0.00360054891206763,0.0014831106370900896,0.0018059822625134594,0.0065999731212610935,0.014261855545329606,0.007418754525603143,0.020931346209397038,0.0065999731212610935,mlp16
2023-11-24 00:00:00+00:00,SPY,0.0020895788052233133,2023-12-04 00:00:00+00:00,0.0,0.002201769436302601,0.0032907436680654047,0.0032107719252785897,0.002828891816276441,0.002692409685400821,0.007592385773259551,0.016020364293721442,0.005690522458572575,0.017772169606961687,0.007592385773259551,mlp16
2023-12-01 00:00:00+00:00,GLD,-0.026898765502840538,2023-12-11 00:00:00+00:00,0.0,0.0011100140014568994,-0.0024914419565023223,-0.002388676982618827,0.0022154638305418553,0.0017849951045741238,-0.0017359830495982647,0.005628917786265408,-0.002637641017933944,-0.008232947475219429,-0.0017359830495982647,mlp16
2023-12-01 00:00:00+00:00,QQQ,0.014634006489159912,2023-12-11 00:00:00+00:00,0.0,0.0029288157539115235,0.0028686147385023836,0.002782663421562102,0.0014831106370900896,0.0018059822625134594,-0.0019080640718100671,0.00023962115078450365,0.008941004114203819,-0.00042662233310891196,-0.0019080640718100671,mlp16
2023-12-01 00:00:00+00:00,SPY,0.008976984065904192,2023-12-11 00:00:00+00:00,0.0,0.002201769436302601,0.002927438983308387,0.002814001449978841,0.002000633269918557,0.0014527852857304097,0.004019182250169428,0.0049275475668099636,0.004925883169800114,0.0042370992054909405,0.004019182250169428,mlp16
2023-12-08 00:00:00+00:00,GLD,0.016260162601626105,2023-12-18 00:00:00+00:00,0.0,0.0011100140014568994,0.0013659480953033094,0.0014299529189234852,0.0024750243433344695,0.002053851252277346,0.001026912425946187,-0.004210030569174214,-0.0017547188713584094,-0.014046476655429161,0.001026912425946187,mlp16
2023-12-08 00:00:00+00:00,QQQ,0.0357348960242907,2023-12-18 00:00:00+00:00,0.0,0.0029288157539115235,0.0026870307250536013,0.002582070850952911,0.0014831106370900896,0.001266557139545672,-0.004378385298228953,-0.00020241745110097242,-0.0018919995346929576,-0.008445179211610887,-0.004378385298228953,mlp16
2023-12-08 00:00:00+00:00,SPY,0.028714152628625866,2023-12-18 00:00:00+00:00,0.0,0.002201769436302601,0.0025136375530188954,0.0024222105780347647,0.0017181410969577529,0.0016306189034316276,0.0003954126048849144,0.007158929559276686,0.005987257664619978,-0.004616228957514598,0.0003954126048849144,mlp16
2023-12-15 00:00:00+00:00,GLD,0.01850667317708332,2023-12-26 00:00:00+00:00,0.0,0.0011100140014568994,-0.00058494136621208,-0.000485910722602928,0.0012493883037978171,0.00027694904373569483,-3.177887045057171e-05,-0.0011710549515657536,0.009859446312252473,0.018399030494164248,-3.177887045057171e-05,mlp16
2023-12-15 00:00:00+00:00,QQQ,0.010668524098316201,2023-12-26 00:00:00+00:00,0.0,0.0029288157539115235,-0.0013317119969617985,-0.0012478184539177,-0.0017999677119820618,-0.0013186898895571775,-0.0039596719215510895,-0.005640725574012114,0.010134649828371822,0.005989543757471242,-0.0039596719215510895,mlp16
2023-12-15 00:00:00+00:00,SPY,0.006560790980245423,2023-12-26 00:00:00+00:00,0.0,0.002201769436302601,-0.00029969251161036714,-0.0002682125596086626,0.0006718772101618469,-1.3403538248325207e-05,-0.000933142570140863,-0.0007916090350900051,-0.00688545554016955,-0.001746338405283526,-0.000933142570140863,mlp16
2023-12-22 00:00:00+00:00,GLD,-0.011520117998531587,2024-01-03 00:00:00+00:00,0.0,0.0011100140014568994,-0.0016252539624151995,-0.001497809474478497,0.0007832749157257733,-0.0003870533403708308,0.001178082123941101,-0.004227892769029827,-0.016097780915043703,0.0032484059604407857,0.001178082123941101,mlp16
2023-12-22 00:00:00+00:00,QQQ,-0.02225927414308293,2024-01-03 00:00:00+00:00,0.0,0.0029288157539115235,-0.00010836235439139973,-4.010518471120606e-05,0.0009275067804929303,0.0009347973661418139,-0.002023806364726819,0.0033114850079198044,0.00452502976264706,0.015190602420722156,-0.002023806364726819,mlp16
2023-12-22 00:00:00+00:00,SPY,-0.007678191346845331,2024-01-03 00:00:00+00:00,0.0,0.002201769436302601,-0.00020107242820488315,-0.00013027074760782242,0.0003342786940027101,2.7254328288907022e-05,-0.00034048350375424143,-0.0015720112480886467,0.003972987907700595,-0.0036648859069740316,-0.00034048350375424143,mlp16
2023-12-29 00:00:00+00:00,GLD,-0.014417100555928708,2024-01-09 00:00:00+00:00,0.0,0.0011100140014568994,-0.0027922972815230935,-0.0025911133901527304,0.0007832749157257733,-0.0003870533403708308,0.0024583283496717617,0.0009396887754186445,0.002219277704293553,0.003025754395318906,0.0024583283496717617,mlp16
2023-12-29 00:00:00+00:00,QQQ,-0.009683496209975107,2024-01-09 00:00:00+00:00,0.0,0.0029288157539115235,0.00035255269042898385,0.0004209333943501059,0.0009275067804929303,0.0009347973661418139,0.00019360235686692373,0.0069524202977897355,0.0005561194622433741,0.018807039874925383,0.00019360235686692373,mlp16
2023-12-29 00:00:00+00:00,SPY,-0.0006142654630473254,2024-01-09 00:00:00+00:00,0.0,0.002201769436302601,-0.0001761666620196384,-8.810917754629111e-05,0.0003342786940027101,2.7254328288907022e-05,0.001168492493390904,0.0004708034465816913,-0.00952351904287931,0.020024822910134524,0.001168492493390904,mlp16
2024-01-05 00:00:00+00:00,GLD,0.010362625463617992,2024-01-16 00:00:00+00:00,0.0,0.0012455996935977493,-0.0002586768882394727,-0.00020164005002537428,0.0013502467722854023,0.0006902373585129358,0.0013906577288649185,-0.0002239468585750759,-0.0016932707530188174,-0.011070359276744325,-0.00020164005002537428,ridge100
2024-01-05 00:00:00+00:00,QQQ,0.025930452990860164,2024-01-16 00:00:00+00:00,0.0,0.0035728607728425436,0.0031697315470322705,0.003186357678957851,0.00208507784752089,0.002926828711298443,0.00942416408481183,0.01992249376147248,0.008262180784131247,-0.010686893375533905,0.003186357678957851,ridge100
2024-01-05 00:00:00+00:00,SPY,0.014580565769725107,2024-01-16 00:00:00+00:00,0.0,0.0024746389605080333,0.0015811078379480829,0.0015957643816128242,0.0008483608567456949,0.0007852348942749633,0.004195990158007872,0.0014286032734844379,0.0027862201331296283,-0.002371822909390767,0.0015957643816128242,ridge100
2024-01-12 00:00:00+00:00,GLD,-0.008987560153835172,2024-01-23 00:00:00+00:00,0.0,0.0012455996935977493,0.0003165040531471644,0.00028938888934690684,0.0007016353482699059,0.0002998057505567196,-0.00015391126036252146,0.005620035934399862,-0.0020816093069200405,0.007142949591914994,0.00028938888934690684,ridge100
2024-01-12 00:00:00+00:00,QQQ,0.03458146182283328,2024-01-23 00:00:00+00:00,0.0,0.0035728607728425436,0.0011494817685722752,0.0011254839791069462,-0.0011495728049332142,-0.0015423539087978516,0.004469863302958419,0.0069846338383249525,0.008536110839382336,0.01799213039617747,0.0011254839791069462,ridge100
2024-01-12 00:00:00+00:00,SPY,0.018411067546239668,2024-01-23 00:00:00+00:00,0.0,0.0024746389605080333,0.0002093933244178292,0.00021616188329129732,0.0006150683855834372,7.012391555638116e-05,0.0018357766341730386,0.0006132170338831222,0.005433827466992571,-0.01425336483761679,0.00021616188329129732,ridge100
2024-01-19 00:00:00+00:00,GLD,0.005768316272496854,2024-01-29 00:00:00+00:00,0.0,0.0012455996935977493,0.001256347967668639,0.001188213002238792,0.0007016353482699059,0.0004079341166277446,0.00024697519003166746,0.0012593487494800227,-0.002489408284454221,-0.010514878604050879,0.001188213002238792,ridge100
2024-01-19 00:00:00+00:00,QQQ,0.0020310341178733093,2024-01-29 00:00:00+00:00,0.0,0.0035728607728425436,-0.0010290126069131703,-0.0009007051147899717,0.001695909381695723,0.002900697617907241,0.001678411633547603,0.0034344152682252395,0.009160708576015784,-0.002611713326500207,-0.0009007051147899717,ridge100
2024-01-19 00:00:00+00:00,SPY,0.0076857756701456115,2024-01-29 00:00:00+00:00,0.0,0.0024746389605080333,-0.001433038947692685,-0.001307801375949265,0.0004591923909205279,-0.0008166502777096638,0.00013540120085034634,0.00541957857008755,0.010846934428051614,-0.013261905292117637,-0.001307801375949265,ridge100
2024-01-26 00:00:00+00:00,GLD,-0.00759382239031825,2024-02-05 00:00:00+00:00,0.0,0.0012455996935977493,0.0017192068144111494,0.0016223930334000158,0.0018543574367976654,0.00216522910263558,0.0022432549377632257,0.008265203376616738,0.005751222004108267,-0.0022466345958163394,0.0016223930334000158,ridge100
2024-01-26 00:00:00+00:00,QQQ,0.011313615507388297,2024-02-05 00:00:00+00:00,0.0,0.0035728607728425436,-0.0017383630628641353,-0.001534367810552327,0.0023469573460536326,0.0036387147904982085,0.004470141725230824,0.010543572821934752,0.0012007805971201158,0.010815107880983608,-0.001534367810552327,ridge100
2024-01-26 00:00:00+00:00,SPY,0.012240331566736096,2024-02-05 00:00:00+00:00,0.0,0.0024746389605080333,-0.002379189448620516,-0.0021978841945819363,0.0004591923909205279,0.0004808091869777777,0.0002920217760528754,0.006967632251353399,0.010361858750328514,0.011064156240315919,-0.0021978841945819363,ridge100
2024-02-02 00:00:00+00:00,GLD,-0.001498281100069998,2024-02-12 00:00:00+00:00,0.0,0.0012455996935977493,0.0010018917982125535,0.0009372304733122533,0.0007016353482699059,0.0004079341166277446,0.0011637059421807016,-0.001955353165048378,-0.0002118091009093126,0.00246248998486852,0.0009372304733122533,ridge100
2024-02-02 00:00:00+00:00,QQQ,0.01834186127580173,2024-02-12 00:00:00+00:00,0.0,0.0035728607728425436,-0.0005411103852466112,-0.0003916137464757277,0.001695909381695723,0.00080344765671472,-0.0023313803496575448,0.005064348335917301,-0.0014719618260400269,-0.0025779122692947444,-0.0003916137464757277,ridge100
2024-02-02 00:00:00+00:00,SPY,0.015130591448564212,2024-02-12 00:00:00+00:00,0.0,0.0024746389605080333,-0.0014756801308997223,-0.0013235820681491409,0.0006150683855834372,-0.0005682666870337849,-0.002730634138083737,-0.01226446668431734,0.0008183370228606329,0.013476956030040425,-0.0013235820681491409,ridge100
2024-02-09 00:00:00+00:00,GLD,0.007288320288677541,2024-02-20 00:00:00+00:00,0.0,0.0012455996935977493,0.00034928937313300737,0.000365293550446463,0.0007016353482699059,0.00040832143144557654,0.0006613794428437547,0.004683935721008659,-0.00021470231148256968,0.0024275043399841333,0.000365293550446463,ridge100
2024-02-09 00:00:00+00:00,QQQ,-0.019201548384691458,2024-02-20 00:00:00+00:00,0.0,0.0035728607728425436,-0.0008074233155320495,-0.0006647109434636069,0.0023469573460536326,0.001541464829305687,-0.0028964099620791338,-0.0029835874285578158,0.013422645199638684,0.0025247155157428914,-0.0006647109434636069,ridge100
2024-02-09 00:00:00+00:00,SPY,-0.006883812137016276,2024-02-20 00:00:00+00:00,0.0,0.0024746389605080333,-0.0011845586407794708,-0.0010667440162734014,0.0006150683855834372,-0.0005682666870337849,-0.0012263109059284384,-0.006380187527607093,0.004396809423286582,0.0033985788671514893,-0.0010667440162734014,ridge100
2024-02-16 00:00:00+00:00,GLD,0.0032985480689586844,2024-02-27 00:00:00+00:00,0.0,0.0012455996935977493,0.0008775299540417775,0.0008687458550873286,0.0007016353482699059,0.00040832143144557654,0.0010588224084345866,0.0058475903562771984,0.006703296190052966,-0.0022380882574921123,0.0008687458550873286,ridge100
2024-02-16 00:00:00+00:00,QQQ,0.021281092245258426,2024-02-27 00:00:00+00:00,0.0,0.0035728607728425436,0.001866633477573778,0.001887452365489931,0.0024936828545294217,0.0022960548725217537,0.003009380220616055,0.0072239119211631965,0.0023495433575025093,-0.0009770882662840452,0.001887452365489931,ridge100
2024-02-16 00:00:00+00:00,SPY,0.018042275070052405,2024-02-27 00:00:00+00:00,0.0,0.0024746389605080333,0.0002427743140743918,0.00030062479330604796,0.0004591923909205279,-0.0005682666870337849,0.0010775265807408353,-0.007282267251959961,-0.0002276077845821145,0.0029363509690195255,0.00030062479330604796,ridge100
2024-02-23 00:00:00+00:00,GLD,0.033867622545046716,2024-03-04 00:00:00+00:00,0.0,0.0012455996935977493,0.0007706830979301429,0.0007176107346826735,0.001346855534178418,0.0011150607696155453,0.0037298121722276812,0.002530964031818553,-8.672818809243643e-05,0.00048602090163964493,0.0007176107346826735,ridge100
2024-02-23 00:00:00+00:00,QQQ,0.018304354803149625,2024-03-04 00:00:00+00:00,0.0,0.0035728607728425436,0.00033697711417359497,0.0004404493918171323,0.001363992057267148,-0.0002477232970709963,-0.00681753763438541,-0.01464429723383129,0.0027453031109474103,-0.0034004920148803207,0.0004404493918171323,ridge100
2024-02-23 00:00:00+00:00,SPY,0.007338256307776847,2024-03-04 00:00:00+00:00,0.0,0.0024746389605080333,-0.0006596682105044918,-0.0005564643660183486,0.0004591923909205279,-0.0005682666870337849,-0.0013973845090975634,-0.004142823343774361,0.0031210286653659226,0.013086357544134277,-0.0005564643660183486,ridge100
2024-03-01 00:00:00+00:00,GLD,0.03893903196007087,2024-03-11 00:00:00+00:00,0.0,0.0012455996935977493,-1.5273207755885088e-05,-5.985156352102755e-05,0.001346855534178418,0.002174604654947381,0.004314528867708091,0.002740023479435283,0.001818870499641162,0.01628114240587327,-5.985156352102755e-05,ridge100
2024-03-01 00:00:00+00:00,QQQ,-0.018177302469734702,2024-03-11 00:00:00+00:00,0.0,0.0035728607728425436,-0.0009180891279319001,-0.0007560142164803749,0.001363992057267148,0.0003130492694280424,-0.0075859157275171,-0.0036882988171784313,0.001529299501612811,-0.008150722126911352,-0.0007560142164803749,ridge100
2024-03-01 00:00:00+00:00,SPY,-0.003027185995656101,2024-03-11 00:00:00+00:00,0.0,0.0024746389605080333,-0.000489178828776167,-0.00040931570554738033,0.0004591923909205279,-0.0005682666870337849,-0.002080813909388738,-0.009011877347040969,-0.00020447070030789937,-0.016808223518544323,-0.00040931570554738033,ridge100
2024-03-08 00:00:00+00:00,GLD,-0.010163120239571666,2024-03-18 00:00:00+00:00,0.0,0.0012455996935977493,-0.0020428500033534743,-0.001969234910389471,-0.003581583154161147,-0.005575182128027361,-0.004387681825929053,0.0005030484523374811,0.0011707075162042423,0.0020596887024683075,-0.001969234910389471,ridge100
2024-03-08 00:00:00+00:00,QQQ,0.004114475814955609,2024-03-18 00:00:00+00:00,0.0,0.0035728607728425436,0.0015085646556470828,0.0015820287163226937,0.0015107175657429373,3.5189832077161154e-06,-0.006551228200204896,-0.018960837005614732,0.005152234903501157,-0.0126349272935466,0.0015820287163226937,ridge100
2024-03-08 00:00:00+00:00,SPY,0.010023918969617629,2024-03-18 00:00:00+00:00,0.0,0.0024746389605080333,0.00010791173384231523,0.00017426298727794191,0.0004591923909205279,-0.0008166502777096638,0.0008015691298932304,0.004606632936996858,0.005001548388881918,-0.0032271042693080808,0.00017426298727794191,ridge100
2024-03-15 00:00:00+00:00,GLD,0.007663020891686356,2024-03-25 00:00:00+00:00,0.0,0.0012455996935977493,9.500866062649299e-05,0.0001261076762313687,0.0008483608567456949,0.0004998092926442977,-0.0032567527131796736,0.013066432453227219,0.002464401856135966,0.015285048114774831,0.0001261076762313687,ridge100
2024-03-15 00:00:00+00:00,QQQ,0.01098623390609954,2024-03-25 00:00:00+00:00,0.0,0.0035728607728425436,0.0023234512684224586,0.002365067155213055,0.005497967177044948,0.0068924466736457355,-0.0011193928530675767,-0.008208394997740308,-0.00815239213367827,0.000699573432271805,0.002365067155213055,ridge100
2024-03-15 00:00:00+00:00,SPY,0.011284063224292762,2024-03-25 00:00:00+00:00,0.0,0.0024746389605080333,0.0004554371149125141,0.0005034091415108117,0.0007016353482699059,0.0004945527384459875,0.0026882006555228257,0.007213243448455983,-0.0018844730297121204,-0.0050817548521898395,0.0005034091415108117,ridge100
2024-03-22 00:00:00+00:00,GLD,0.03916698040255473,2024-04-02 00:00:00+00:00,0.0,0.0012455996935977493,-0.00024059534648106812,-0.00019986278034833354,0.0007016353482699059,0.0007282498577948197,1.994048824371597e-05,0.005149608343236579,0.00539008358085931,0.004237910679950933,-0.00019986278034833354,ridge100
2024-03-22 00:00:00+00:00,QQQ,-0.007823187794043562,2024-04-02 00:00:00+00:00,0.0,0.0035728607728425436,0.0016070282269333145,0.0015653729250486503,0.002427696530290704,0.002484911336361635,-0.0010315213316569771,0.002333743490852086,0.00034427502617671136,-0.0017447995730595117,0.0015653729250486503,ridge100
2024-03-22 00:00:00+00:00,SPY,-0.0030011779478278378,2024-04-02 00:00:00+00:00,0.0,0.0024746389605080333,-0.0002688565902919751,-0.00023761503435442671,0.0006150683855834372,0.0003689381550470223,0.002747621960478992,0.0024899120786975315,-0.00032692943151112376,0.0020370893673489197,-0.00023761503435442671,ridge100
2024-03-28 00:00:00+00:00,GLD,0.0349818061528282,2024-04-08 00:00:00+00:00,0.0,0.0012455996935977493,-0.0011025701403458502,-0.0010403746989512549,0.001346855534178418,0.002704057073347942,-0.0033030705919309235,0.008757880312015083,-0.005895387188744075,-0.003333706707663191,-0.0010403746989512549,ridge100
2024-03-28 00:00:00+00:00,QQQ,-0.008000548043388456,2024-04-08 00:00:00+00:00,0.0,0.0035728607728425436,0.0017298562419211616,0.0017308833210675956,0.001363992057267148,0.00023927447269812135,-0.0025445004713557807,-0.007433873411607213,0.0043997141595390485,-0.007989290554763323,0.0017308833210675956,ridge100
2024-03-28 00:00:00+00:00,SPY,-0.00893411656662102,2024-04-08 00:00:00+00:00,0.0,0.0024746389605080333,-0.0003689487083833123,-0.0003003068259684541,0.0004591923909205279,-0.0005521896075601265,0.0014039679175860654,0.007152787260995556,0.006115567090774227,-0.0008203321668888053,-0.0003003068259684541,ridge100
2024-04-05 00:00:00+00:00,GLD,0.009074945609035767,2024-04-15 00:00:00+00:00,0.0,0.0012455996935977493,-0.0028065468191815312,-0.00269561944042342,-0.003581583154161147,-0.005575182128027361,-0.009124261766638166,-0.0003892039574930689,0.00878084188492917,0.007753436734549537,-0.00269561944042342,ridge100
2024-04-05 00:00:00+00:00,QQQ,0.0014725181213002259,2024-04-15 00:00:00+00:00,0.0,0.0035728607728425436,0.0025820959704568706,0.0025235694780956614,0.0017531605230923148,0.0016110338957128695,-0.0013583760992560067,-0.0005751420859561284,0.010700770539402785,-0.010352448372296008,0.0025235694780956614,ridge100
2024-04-05 00:00:00+00:00,SPY,-0.007743435084426209,2024-04-15 00:00:00+00:00,0.0,0.0024746389605080333,0.00023527292263920003,0.00028823658617265104,0.0006059178993963167,-0.0003747221240113351,0.005066108927084549,0.008815757257246986,0.013855710375900889,-0.0004421375844369907,0.00028823658617265104,ridge100
2024-04-12 00:00:00+00:00,GLD,-0.007295569056066875,2024-04-22 00:00:00+00:00,0.0,0.0012455996935977493,-0.0024715366693506082,-0.0022925016560318896,0.0004591923909205279,0.00035180656142647836,-0.007973532833864195,0.005206724574924916,-0.0052307013142529465,0.0008976042215335677,-0.0022925016560318896,ridge100
2024-04-12 00:00:00+00:00,QQQ,-0.05598804704737115,2024-04-22 00:00:00+00:00,0.0,0.0035728607728425436,0.003102029596335133,0.003025083058605467,0.0019383523390451008,0.0025375871992067774,0.004366279134373918,0.011798940423590185,0.0031796138985078315,0.023051691115282772,0.003025083058605467,ridge100
2024-04-12 00:00:00+00:00,SPY,-0.033583805401708355,2024-04-22 00:00:00+00:00,0.0,0.0024746389605080333,0.0013025803056857888,0.0013199511938056393,0.0008483608567456949,0.0007457950187246998,0.004540802309761295,0.007683708979711498,-0.0015470096393575016,0.011958838982943145,0.0013199511938056393,ridge100
2024-04-19 00:00:00+00:00,GLD,-0.001525314637138453,2024-04-29 00:00:00+00:00,0.0,0.0012455996935977493,-0.002741032182416199,-0.002580506417042857,0.0006150683855834372,0.0021256253577883544,-0.005385122238197804,-0.000996432759801975,-0.006333010993237321,-0.0028084556329999377,-0.002580506417042857,ridge100
2024-04-19 00:00:00+00:00,QQQ,0.0379096526938949,2024-04-29 00:00:00+00:00,0.0,0.0035728607728425436,0.0069225145399141015,0.00675145938964626,0.006942316290958716,0.007091949610968567,0.013676488804962346,0.024672850145832103,0.011320008940844102,0.0040041938385639055,0.00675145938964626,ridge100
2024-04-19 00:00:00+00:00,SPY,0.024626831923382886,2024-04-29 00:00:00+00:00,0.0,0.0024746389605080333,0.002879065134162628,0.0028613408513549713,0.006173672737833921,0.007179197767887297,0.019660142762950993,0.017902149296127184,0.00041093297505232217,0.005443808554214441,0.0028613408513549713,ridge100
2024-04-26 00:00:00+00:00,GLD,-0.004073719402868603,2024-05-06 00:00:00+00:00,0.0,0.0012455996935977493,-0.0006353381789447729,-0.0005196433533681286,0.002001294736643312,0.0026684896998447954,-0.0003601486340655491,0.009490581000087251,0.011005581097524293,0.01036177524447702,-0.0005196433533681286,ridge100
2024-04-26 00:00:00+00:00,QQQ,0.009627595186756377,2024-05-06 00:00:00+00:00,0.0,0.0035728607728425436,0.0030056605148080767,0.0029309834411266715,0.005669696114685312,0.004689597406453714,0.005427804519433454,0.011961791463633204,-0.005954994855066373,0.004273794439871915,0.0029309834411266715,ridge100
2024-04-26 00:00:00+00:00,SPY,0.007175355126150418,2024-05-06 00:00:00+00:00,0.0,0.0024746389605080333,0.00078617022276291,0.0007990234138655846,0.004323586088734483,0.0037412138117030604,0.009890022455125276,0.004538809603032906,-0.00816319248565159,0.004682125419645939,0.0007990234138655846,ridge100
2024-05-03 00:00:00+00:00,GLD,0.008924412821382788,2024-05-13 00:00:00+00:00,0.0,0.0012455996935977493,0.00010969915043063328,0.00016997194885070262,0.0013502467722854023,0.00025675929888914245,0.0010247195174901452,-0.0019458803744708674,0.017475753609214672,0.0015627507559329158,0.00016997194885070262,ridge100
2024-05-03 00:00:00+00:00,QQQ,0.015298432127118788,2024-05-13 00:00:00+00:00,0.0,0.0035728607728425436,0.004279334026824924,0.004167562868873269,0.0022036213688836404,0.0026457155652778023,-0.0022415394656180522,0.0015630557820234682,0.0060596752723523165,0.013501531333572882,0.004167562868873269,ridge100
2024-05-03 00:00:00+00:00,SPY,0.01714838381606243,2024-05-13 00:00:00+00:00,0.0,0.0024746389605080333,0.002057905802858895,0.002021318012770977,0.0007016353482699059,0.0006048273752646555,0.007650936600284826,0.0007668129218089448,0.0001300975640030938,0.005529633772783859,0.002021318012770977,ridge100
2024-05-10 00:00:00+00:00,GLD,0.031005232669471416,2024-05-20 00:00:00+00:00,0.0,0.0012455996935977493,-0.002491848922322458,-0.0023733580574552644,0.001203521263809613,0.0027122640385833824,-0.002306594775440155,-0.007437442350956557,0.0008001339657460727,0.0027984295496352417,-0.0023733580574552644,ridge100
2024-05-10 00:00:00+00:00,QQQ,0.017995874487406693,2024-05-20 00:00:00+00:00,0.0,0.0035728607728425436,0.00380071349689368,0.0036825255771296026,0.0026929655601292436,0.0032443265373767447,0.0012747184071361982,0.0017357590437548308,0.005869204737697916,0.02753575376374376,0.0036825255771296026,ridge100
2024-05-10 00:00:00+00:00,SPY,0.013414605470294605,2024-05-20 00:00:00+00:00,0.0,0.0024746389605080333,0.0012737819496541816,0.0012431630785421323,0.001346855534178418,0.0021157833993520787,0.003309806493439037,0.0032573643841087353,0.007812604912926315,0.01730621066089538,0.0012431630785421323,ridge100
2024-05-17 00:00:00+00:00,GLD,-0.023951028960881193,2024-05-28 00:00:00+00:00,0.0,0.0012455996935977493,-0.0024230543990615204,-0.002321239943361821,0.001203521263809613,0.0027122640385833824,-0.0009133026722384835,-0.004779749289414571,-0.006196033003133472,-0.00765926134359538,-0.002321239943361821,ridge100
2024-05-17 00:00:00+00:00,QQQ,0.015929980656129494,2024-05-28 00:00:00+00:00,0.0,0.0035728607728425436,0.0024689583214317786,0.002440106061851062,0.0026929655601292436,0.0034582550739865542,0.001035641207605596,0.00865904019716876,-0.0052829008864861806,-0.0114840947165181,0.002440106061851062,ridge100
2024-05-17 00:00:00+00:00,SPY,0.001322017079500304,2024-05-28 00:00:00+00:00,0.0,0.0024746389605080333,0.0014893825627330295,0.0014510290873529996,0.001346855534178418,0.0017091545140108721,-0.001755413055480678,0.004170855007246551,-0.002748115358904023,0.0006291781283308328,0.0014510290873529996,ridge100
2024-05-24 00:00:00+00:00,GLD,-0.010026036973172392,2024-06-04 00:00:00+00:00,0.0,0.0012455996935977493,0.00043868863540659134,0.0005123671144521289,0.0013502467722854023,0.0005473761255159671,0.0032778434499853484,-0.008546010984223888,0.00534251273416109,0.0069366397649328745,0.0005123671144521289,ridge100
2024-05-24 00:00:00+00:00,QQQ,-0.013741954702121584,2024-06-04 00:00:00+00:00,0.0,0.0035728607728425436,0.0028101277358200923,0.0027328468570359064,0.0026929655601292436,0.003125655815163001,-0.0013126832786144037,0.006828753347815479,-0.0041277198863894,0.010770478261809763,0.0027328468570359064,ridge100
2024-05-24 00:00:00+00:00,SPY,-0.007185262170766649,2024-06-04 00:00:00+00:00,0.0,0.0024746389605080333,0.0024568540859004747,0.0023583995454983984,0.0007016353482699059,0.0006698159170173495,-9.410122989621406e-05,-0.0031608012241038865,-0.0021860922118290328,0.004468913166322031,0.0023583995454983984,ridge100
2024-05-31 00:00:00+00:00,GLD,-0.012921421405115985,2024-06-10 00:00:00+00:00,0.0,0.0012455996935977493,0.0009982372567223397,0.0010063729209431158,0.0014459642211589905,0.0012363087981651338,-0.0013445240091922955,-0.0032097385822711833,0.004892263307007044,0.004033731397538486,0.0010063729209431158,ridge100
2024-05-31 00:00:00+00:00,QQQ,0.015949072546711074,2024-06-10 00:00:00+00:00,0.0,0.0035728607728425436,0.003273199113472026,0.0032227573386978824,0.0022036213688836404,0.002901389980450112,0.004080793536398227,0.0007236928527017484,0.003729051556245594,0.00785294579298984,0.0032227573386978824,ridge100
2024-05-31 00:00:00+00:00,SPY,0.00786338692699462,2024-06-10 00:00:00+00:00,0.0,0.0024746389605080333,0.00247663611396855,0.002377617151933296,0.0007016353482699059,0.0006698159170173495,-0.0005560394783585576,-0.0021441943010520035,0.0011778153933616974,0.007498941684224003,0.002377617151933296,ridge100
2024-06-07 00:00:00+00:00,GLD,0.00830473876564275,2024-06-17 00:00:00+00:00,0.0,0.0012455996935977493,0.003105335681752792,0.003037351930400914,0.0048346893140293855,0.00273347391833318,-0.0008083840773049622,0.00382890382643942,-0.004452290057415174,-0.0023171815519380063,0.003037351930400914,ridge100
2024-06-07 00:00:00+00:00,QQQ,0.038196593803604184,2024-06-17 00:00:00+00:00,0.0,0.0035728607728425436,0.0018279824893397657,0.0017789486625548025,0.0026929655601292436,0.002951047021217044,0.0011639173114496204,0.010769474130017284,0.004768156015763104,0.006870112281707053,0.0017789486625548025,ridge100
2024-06-07 00:00:00+00:00,SPY,0.01669239065887429,2024-06-17 00:00:00+00:00,0.0,0.0024746389605080333,0.002139511415959648,0.002021805593309596,0.0012790937775091467,0.00056602203208257,-0.0009289027618320723,0.0040143248708135746,0.0014293174869164948,0.0017374142468172837,0.002021805593309596,ridge100
2024-06-14 00:00:00+00:00,GLD,0.00027925927914029813,2024-06-25 00:00:00+00:00,0.0,0.0012455996935977493,0.002181996845512185,0.002083466403802376,0.0022005774422431336,0.0014419917457682316,-0.0032747035339370724,-0.012165596523770467,-0.011788873870023501,0.004092372451763829,0.002083466403802376,ridge100
2024-06-14 00:00:00+00:00,QQQ,-0.0054921602531841085,2024-06-25 00:00:00+00:00,0.0,0.0035728607728425436,0.001341087740328426,0.0012991390827661311,0.002427696530290704,0.003125655815163001,-0.003143960203967454,0.007235454781754914,0.0021114801524705564,0.003796570624624108,0.0012991390827661311,ridge100
2024-06-14 00:00:00+00:00,SPY,0.006761086274316375,2024-06-25 00:00:00+00:00,0.0,0.0024746389605080333,0.0022936727709361136,0.00214487430781732,0.0019243139634176594,0.001976775694792847,-0.0027400811348722953,0.0013302183366857023,-0.00025150686117424994,-0.0011150521544624071,0.00214487430781732,ridge100
2024-06-21 00:00:00+00:00,GLD,-0.0013918025864549932,2024-07-01 00:00:00+00:00,0.0,0.0012455996935977493,0.0026291780311953035,0.00251879713036129,0.004687963805553596,0.0020139609698267367,-0.003070448930186405,-0.010808205892653477,-3.633413587988188e-05,0.00978679979560455,0.00251879713036129,ridge100
2024-06-21 00:00:00+00:00,QQQ,0.003889721222531728,2024-07-01 00:00:00+00:00,0.0,0.0035728607728425436,0.0020422532719607594,0.002013844660763415,0.0019383523390451008,0.002901389980450112,-0.001298104987175635,0.0015556661444115349,0.012006110409871505,0.011214666878493035,0.002013844660763415,ridge100
2024-06-21 00:00:00+00:00,SPY,0.002388020854717121,2024-07-01 00:00:00+00:00,0.0,0.0024746389605080333,0.0019693767033676906,0.0018694070129261597,0.0012790937775091467,0.00056602203208257,-0.0009142153190261016,0.002469770333631076,0.00657175775250184,0.008361304709963794,0.0018694070129261597,ridge100
2024-06-28 00:00:00+00:00,GLD,0.015423959694396139,2024-07-09 00:00:00+00:00,0.0,0.0012455996935977493,0.003876785009396009,0.003704395881523217,0.00171123325099753,0.000735252407598263,-0.003810957407065876,-0.01036037972347417,-0.00024433016875842207,0.004550105085768602,0.003704395881523217,ridge100
2024-06-28 00:00:00+00:00,QQQ,0.03922595374942017,2024-07-09 00:00:00+00:00,0.0,0.0035728607728425436,0.002228891556231289,0.00220554011919012,0.0019383523390451008,0.002791115343631444,-0.0002554191918522941,0.000355550067339887,-0.004966804215494719,-0.019850636223249465,0.00220554011919012,ridge100
2024-06-28 00:00:00+00:00,SPY,0.019482056916857893,2024-07-09 00:00:00+00:00,0.0,0.0024746389605080333,0.002146657508804509,0.0020446593678160765,0.0012790937775091467,0.0016338391378662134,-0.0017986951662039797,-0.00024520744930843665,-0.0027377120058450877,-0.012159436185166635,0.0020446593678160765,ridge100
2024-07-05 00:00:00+00:00,GLD,0.017073392872066995,2024-07-15 00:00:00+00:00,0.0,0.0012455996935977493,0.0032445511240422674,0.0030327216198555444,0.0022005774422431336,0.002274605215105166,-0.0005053829150906442,-0.014701906311985207,0.005591569281868378,-0.0032208390335852046,0.0030327216198555444,ridge100
2024-07-05 00:00:00+00:00,QQQ,0.00016104790676885195,2024-07-15 00:00:00+00:00,0.0,0.0035728607728425436,0.0009166985576250405,0.0008988510251425069,0.00022861583642633669,-0.0021936801104972922,-0.004140169265396984,0.0004237165247510688,0.001979789597295837,0.005002564296777274,0.0008988510251425069,ridge100
2024-07-05 00:00:00+00:00,SPY,0.011864526881762094,2024-07-15 00:00:00+00:00,0.0,0.0024746389605080333,0.001437730111881817,0.0013335664591163127,0.0019243139634176594,0.002340578476036182,-0.002179628026234234,0.0026776818478813236,0.0003227713952364458,0.0018204528453356727,0.0013335664591163127,ridge100
2024-07-12 00:00:00+00:00,GLD,-0.00810241086682062,2024-07-22 00:00:00+00:00,0.0,0.0012455996935977493,0.0032374545811717074,0.003024493117347088,0.00171123325099753,0.002295749836197621,0.0016531176855909624,-0.003992729264924928,0.0035234338848452694,-0.0005481987177556125,0.003024493117347088,ridge100
2024-07-12 00:00:00+00:00,QQQ,-0.031111039293281073,2024-07-22 00:00:00+00:00,0.0,0.0035728607728425436,0.0013536656327802863,0.001379024973627603,0.001695909381695723,0.0016633073763989781,0.002501224980453372,0.013566487349679157,0.016641876235005366,0.0015086980092154456,0.001379024973627603,ridge100
2024-07-12 00:00:00+00:00,SPY,-0.016066787171126085,2024-07-22 00:00:00+00:00,0.0,0.0024746389605080333,0.0003973951375915805,0.00037313684921101817,0.0013380681621691264,0.0003957565338150786,-0.0006918642482268655,-0.0015805339415459075,0.005719132420734624,0.0033890854004953175,0.00037313684921101817,ridge100
2024-07-19 00:00:00+00:00,GLD,-0.0014442067044602158,2024-07-29 00:00:00+00:00,0.0,0.0012455996935977493,0.002971758073441318,0.0028400786190117466,0.00171123325099753,0.0011515889596713555,-0.0013231080252305905,-0.0005924869508770203,0.0030807821334472006,0.0006282965695627685,0.0028400786190117466,ridge100
2024-07-19 00:00:00+00:00,QQQ,-0.032109821832786656,2024-07-29 00:00:00+00:00,0.0,0.0035728607728425436,0.002834346271311634,0.002892532776110419,0.0018426348901715124,0.0015264913942989742,0.009097885340485062,0.02732584116224301,-0.008364410509119262,-0.008940440048989237,0.002892532776110419,ridge100
2024-07-19 00:00:00+00:00,SPY,-0.012621944054863277,2024-07-29 00:00:00+00:00,0.0,0.0024746389605080333,0.0014770680094432231,0.0014821392708033907,0.001149778198755052,-7.742450410080814e-05,0.004497820336311874,-0.001296222965635272,0.0024666509538972415,-0.004056673184440292,0.0014821392708033907,ridge100
2024-07-26 00:00:00+00:00,GLD,-0.0031636851017846634,2024-08-05 00:00:00+00:00,0.0,0.0012455996935977493,0.002547729439555727,0.002456620705342779,0.00171123325099753,0.0010434605936003305,-0.003587046099679311,-0.004151408440157009,-0.012440559298016275,0.00999190956058185,0.002456620705342779,ridge100
2024-07-26 00:00:00+00:00,QQQ,-0.08803765626320159,2024-08-05 00:00:00+00:00,0.0,0.0035728607728425436,0.0032631236857386804,0.003352549173238971,0.004819365444727578,0.004641011699289905,0.003227633051093103,0.0018995877744409817,-0.016153449607962066,0.020540266518338412,0.003352549173238971,ridge100
2024-07-26 00:00:00+00:00,SPY,-0.06296491482409405,2024-08-05 00:00:00+00:00,0.0,0.0024746389605080333,0.0010014521397773196,0.00106936769161396,0.0008483608567456949,-0.000385632690102876,0.0028139415318937473,-0.0074475663211176855,-0.008819233695326514,0.002374565391325705,0.00106936769161396,ridge100
2024-08-02 00:00:00+00:00,GLD,0.02529924688438734,2024-08-12 00:00:00+00:00,0.0,0.0012455996935977493,0.00148721393797996,0.0013905421319236227,0.0022005774422431336,0.002573419454595807,0.0025858261892306948,0.0037691091637186715,0.01046643287610905,-0.0063052191047422235,0.0013905421319236227,ridge100
2024-08-02 00:00:00+00:00,QQQ,0.06281937214788647,2024-08-12 00:00:00+00:00,0.0,0.0035728607728425436,0.00575367472798969,0.005749067974066399,0.003171151641458614,0.0029252560365889036,0.005019261744607921,-0.012051899328999274,0.004774211648552128,-0.01686532757661228,0.005749067974066399,ridge100
2024-08-02 00:00:00+00:00,SPY,0.044113204634059544,2024-08-12 00:00:00+00:00,0.0,0.0024746389605080333,0.002777269184566048,0.002796969614366312,0.0038250914113017597,0.003918736019260163,0.008101285381434817,0.009952862443200193,-0.0034743213919211503,0.004177393850648543,0.002796969614366312,ridge100
2024-08-09 00:00:00+00:00,GLD,0.017732353929684974,2024-08-19 00:00:00+00:00,0.0,0.0012455996935977493,0.0025959408459464207,0.002463164248823591,0.00171123325099753,0.0018666801164258385,0.007250598003646474,0.004885363299818336,-0.006145636636095492,0.004572452432553957,0.002463164248823591,ridge100
2024-08-09 00:00:00+00:00,QQQ,0.05268171864352045,2024-08-19 00:00:00+00:00,0.0,0.0035728607728425436,0.005214360662437635,0.005228835288256284,0.0030244261329828255,0.003054131200171511,0.0028886322691163845,-0.010068522803960128,0.005503678830527164,0.01103828568787066,0.005228835288256284,ridge100
2024-08-09 00:00:00+00:00,SPY,0.038411672755580106,2024-08-19 00:00:00+00:00,0.0,0.0024746389605080333,0.0029027016838612425,0.0029169143316744063,0.004687963805553596,0.004154165487447253,0.0071951929665808635,0.004443092392978576,0.004909548920781669,0.010931545087789582,0.0029169143316744063,ridge100
2024-08-16 00:00:00+00:00,GLD,0.014338488547786188,2024-08-26 00:00:00+00:00,0.0,0.0012455996935977493,0.0015829683385962863,0.0014547040907611618,0.0022005774422431336,0.00265448507582216,0.0013195641350326897,0.00824665966118862,0.008126880554035798,0.009180721483810357,0.0014547040907611618,ridge100
2024-08-16 00:00:00+00:00,QQQ,0.009007385388991818,2024-08-26 00:00:00+00:00,0.0,0.0035728607728425436,0.0029536996847299092,0.0030105645394691233,-0.00251878200329104,0.00016930019520032942,0.0014317771239192195,-0.005111515432770952,0.00755203820761714,0.005834694095321554,0.0030105645394691233,ridge100
2024-08-16 00:00:00+00:00,SPY,0.015232555819968407,2024-08-26 00:00:00+00:00,0.0,0.0024746389605080333,0.0014425755229013468,0.001459365838973084,0.0022005774422431336,0.002274605215105166,0.002218912763763119,0.0030627068365496634,0.002638183376858899,0.0120455545297553,0.001459365838973084,ridge100
2024-08-23 00:00:00+00:00,GLD,-0.013150533756958405,2024-09-03 00:00:00+00:00,0.0,0.0012455996935977493,0.0007081983304679637,0.0006875433555728081,0.00171123325099753,0.001947745737652191,0.00041036315290746584,-0.00850279478241665,0.00515237918587523,-0.0038222290809367386,0.0006875433555728081,ridge100
2024-08-23 00:00:00+00:00,QQQ,-0.013035789107319395,2024-09-03 00:00:00+00:00,0.0,0.0035728607728425436,0.0036469475718611827,0.0037021308396860846,0.003244539443319652,0.0031684338414088796,0.0020679169381712724,0.0017687719430834513,0.028664803953055394,-0.006002399845357323,0.0037021308396860846,ridge100
2024-08-23 00:00:00+00:00,SPY,-0.004812020414650564,2024-09-03 00:00:00+00:00,0.0,0.0024746389605080333,0.0014403528304896191,0.0014630712143868273,0.0022005774422431336,0.0026311171718520704,0.0016657494454832278,-0.007155233103884154,0.02179741463262958,-0.005017907023448693,0.0014630712143868273,ridge100
2024-08-30 00:00:00+00:00,GLD,0.008724691658281492,2024-09-10 00:00:00+00:00,0.0,0.0012455996935977493,0.0016609557787901116,0.0015705381459156468,0.00171123325099753,0.0018666801164258385,0.0023763211236566295,0.0007269549675855725,0.002730784489660515,-0.00033528189096759586,0.0015705381459156468,ridge100
2024-08-30 00:00:00+00:00,QQQ,-0.03584120882022401,2024-09-10 00:00:00+00:00,0.0,0.0035728607728425436,0.004301323483438871,0.004343269913777416,0.0033912649517954412,0.003024099782204157,0.003665504292873422,0.008079507106779597,-0.005827582701872174,-0.0010611708232851752,0.004343269913777416,ridge100
2024-08-30 00:00:00+00:00,SPY,-0.021606794893278658,2024-09-10 00:00:00+00:00,0.0,0.0024746389605080333,0.0019193703868767556,0.0019203597239982417,0.00171123325099753,0.0019316686581785326,0.0021748288221613166,-0.006215369535039299,-0.0006873107213308082,-0.007473198446668073,0.0019203597239982417,ridge100
2024-09-06 00:00:00+00:00,GLD,0.03230131193522223,2024-09-16 00:00:00+00:00,0.0,0.0012455996935977493,0.0010682914494679638,0.0010216068611209664,0.0015926897296347797,0.001927236523284935,0.0011167107017548178,0.0051516169046924385,-0.0013926645890147017,-0.00957427675747214,0.0010216068611209664,ridge100
2024-09-06 00:00:00+00:00,QQQ,0.04443112734646104,2024-09-16 00:00:00+00:00,0.0,0.0035728607728425436,0.007611222371076027,0.00757147939704303,0.006353515668933283,0.005978347660509562,0.007328753071460318,0.0036231147017687136,0.01115209539371555,0.0169849530773339,0.00757147939704303,ridge100
2024-09-06 00:00:00+00:00,SPY,0.031378036696939615,2024-09-16 00:00:00+00:00,0.0,0.0024746389605080333,0.004124148566483613,0.004082489969054016,0.0018579587594733194,0.0016577085875399075,0.0011923573906132369,-0.0005200266750385818,0.008732127730258887,0.007415384526422102,0.004082489969054016,ridge100
2024-09-13 00:00:00+00:00,GLD,0.01776067343461607,2024-09-23 00:00:00+00:00,0.0,0.0012455996935977493,-0.0006106498435413996,-0.0006284681265957617,-0.0016419609228193247,-0.0016730897708654474,-0.003157632433144563,0.0077176007291964045,-0.0014654928775218845,-0.00781693417655077,-0.0006284681265957617,ridge100
2024-09-13 00:00:00+00:00,QQQ,0.02206028682162753,2024-09-23 00:00:00+00:00,0.0,0.0035728607728425436,0.005271042439842392,0.005114357725594448,0.0038290661830375685,0.0050788139578830695,0.0019173340829307989,0.010180602307677384,-0.002187234433994575,0.0067483479405622115,0.005114357725594448,ridge100
2024-09-13 00:00:00+00:00,SPY,0.016638293752087252,2024-09-23 00:00:00+00:00,0.0,0.0024746389605080333,0.0024479774909183017,0.002324555248963137,0.0022005774422431336,0.002274605215105166,0.0025823413050165035,0.004902312736206155,0.0015963247984294704,-0.008091141569737371,0.002324555248963137,ridge100
2024-09-20 00:00:00+00:00,GLD,0.0041157344321351985,2024-09-30 00:00:00+00:00,0.0,0.0012455996935977493,-0.0009117009442284232,-0.0008937446503886512,0.001203521263809613,0.0006935860541273974,-0.0028599767352759787,0.007326962054350022,-0.00400281129586079,0.0033277293386774365,-0.0008937446503886512,ridge100
2024-09-20 00:00:00+00:00,QQQ,0.005859817582353877,2024-09-30 00:00:00+00:00,0.0,0.0035728607728425436,0.005456953444005319,0.0053325083137925585,0.0038290661830375685,0.005186942323954094,-0.0012096854280379931,0.016895101205265925,-0.01598564488044404,-0.007498513154383236,0.0053325083137925585,ridge100
2024-09-20 00:00:00+00:00,SPY,0.0018967368117923655,2024-09-30 00:00:00+00:00,0.0,0.0024746389605080333,0.0026758200470434973,0.0025704955245245357,0.0022005774422431336,0.002274605215105166,0.002224183847626262,0.0026322893953190174,-0.011117825388192691,-0.0009058622911809122,0.0025704955245245357,ridge100
2024-09-27 00:00:00+00:00,GLD,0.0025003099040841192,2024-10-07 00:00:00+00:00,0.0,0.0012455996935977493,-0.0004897064193491649,-0.0004784821883337817,0.001203521263809613,0.0005189772601814395,-0.0047148585355488055,0.0004984452965730923,0.0016374092446942933,-0.001235535285577311,-0.0004784821883337817,ridge100
2024-09-27 00:00:00+00:00,QQQ,-0.0008028154295651735,2024-10-07 00:00:00+00:00,0.0,0.0035728607728425436,0.006083721351394389,0.005907865204527571,0.0033397219917919653,0.005092667754479096,0.0042588681512897375,0.01787410382333261,0.014329811601108737,0.00828195696024149,0.005907865204527571,ridge100
2024-09-27 00:00:00+00:00,SPY,0.00154277042019757,2024-10-07 00:00:00+00:00,0.0,0.0024746389605080333,0.003013463449632516,0.0028944986410963294,0.00171123325099753,0.0015678658769351975,0.0012995988277324831,6.74233531843449e-05,0.008172340760929016,0.011126745408067311,0.0028944986410963294,ridge100
2024-10-04 00:00:00+00:00,GLD,0.0023714196856343683,2024-10-14 00:00:00+00:00,0.0,0.0012455996935977493,7.350068699257194e-05,7.448137000812011e-05,0.001203521263809613,0.0005189772601814395,-0.004642031904810325,-0.00021097871341942186,-0.0016528798697158342,-0.014224491765300253,7.448137000812011e-05,ridge100
2024-10-04 00:00:00+00:00,QQQ,0.021384844397178915,2024-10-14 00:00:00+00:00,0.0,0.0035728607728425436,0.005756867826400025,0.005583022806922604,0.003244539443319652,0.002805719972932068,0.009500615554552536,0.006695580851076467,0.0030007905899687116,0.010168126732767213,0.005583022806922604,ridge100
2024-10-04 00:00:00+00:00,SPY,0.017364026678786892,2024-10-14 00:00:00+00:00,0.0,0.0024746389605080333,0.003229692332576042,0.0030943290642978473,0.00171123325099753,0.0019316686581785326,0.0019830410789086262,0.0037108518047933668,0.004625260485674555,-0.0019133614411336653,0.0030943290642978473,ridge100
2024-10-11 00:00:00+00:00,GLD,0.030918590788984623,2024-10-21 00:00:00+00:00,0.0,0.0012455996935977493,0.00031511234537407004,0.0002742039404820876,0.0014459642211589905,0.0017564054796071703,0.0003053180890653262,-0.001614742113110872,0.00888162015720708,-0.006423092057572086,0.0002742039404820876,ridge100
2024-10-11 00:00:00+00:00,QQQ,-0.005083077996230756,2024-10-21 00:00:00+00:00,0.0,0.0035728607728425436,0.004849623474386368,0.004644463237869544,0.003244539443319652,0.002557528954824614,0.002128163056418052,0.0019321617168896476,0.012135456847972414,0.0057161334226836814,0.004644463237869544,ridge100
2024-10-11 00:00:00+00:00,SPY,0.004525020070274888,2024-10-21 00:00:00+00:00,0.0,0.0024746389605080333,0.002587608658700762,0.002460477127293769,0.00171123325099753,0.0019243778336821013,0.0005324811598112811,0.0006730874683177401,0.006534096838410189,0.0021524757534481954,0.002460477127293769,ridge100
2024-10-18 00:00:00+00:00,GLD,0.0010682480327759425,2024-10-28 00:00:00+00:00,0.0,0.0012455996935977493,-0.0015660661905149628,-0.0015486087632167753,0.0018545692281675228,0.0012569944327724082,-0.004876139720115595,0.0033234943092797686,0.00022149089684504297,-0.008459309437594141,-0.0015486087632167753,ridge100
2024-10-18 00:00:00+00:00,QQQ,0.010562647055146757,2024-10-28 00:00:00+00:00,0.0,0.0035728607728425436,0.004111135954920177,0.003946724916429266,0.002979270413481114,0.0021937261735812796,0.009364856569652729,0.01307055549558557,0.003973197242642593,-0.004869476220992237,0.003946724916429266,ridge100
2024-10-18 00:00:00+00:00,SPY,-0.0021752993254884334,2024-10-28 00:00:00+00:00,0.0,0.0024746389605080333,0.0018551201289669077,0.001761169252335002,0.0014459642211589905,0.0014575912401165294,0.0027090290438284005,-0.000655474692585436,0.0024248231148466166,-0.004373180165155749,0.001761169252335002,ridge100
2024-10-25 00:00:00+00:00,GLD,0.0012252987001049043,2024-11-04 00:00:00+00:00,0.0,0.0012455996935977493,-0.0003801561765862052,-0.00041475220550705875,0.0004591923909205279,-0.0007428754809797425,-0.0027112392218190317,0.006815197813681067,-0.003916907439013033,0.012095772191001346,-0.00041475220550705875,ridge100
2024-10-25 00:00:00+00:00,QQQ,-0.023351860147360126,2024-11-04 00:00:00+00:00,0.0,0.0035728607728425436,0.0038080624429846542,0.003664479015862324,0.002979270413481114,0.00225216011435875,0.008156943436881009,0.013245217869093873,0.005773224605075288,0.007437275840399052,0.003664479015862324,ridge100
2024-10-25 00:00:00+00:00,SPY,-0.01956821704369771,2024-11-04 00:00:00+00:00,0.0,0.0024746389605080333,0.002204067553202742,0.0021348115355369094,0.0018579587594733194,0.001927236523284935,0.0027833665894523877,0.003294941696826166,0.005277040153020258,0.009344717462104891,0.0021348115355369094,ridge100
2024-11-01 00:00:00+00:00,GLD,-0.041804876403330415,2024-11-11 00:00:00+00:00,0.0,0.0012455996935977493,-0.00019078354802483293,-0.00018215848097568072,0.0004591923909205279,-0.0009247786437806887,-0.0025573727215810783,0.00945608321250624,-0.00940826136572734,-0.004639435378101754,-0.00018215848097568072,ridge100
2024-11-01 00:00:00+00:00,QQQ,0.05864577142067584,2024-11-11 00:00:00+00:00,0.0,0.0035728607728425436,0.0033342075059809846,0.003294792161703953,0.00208507784752089,0.0027369887834442913,0.008999578733354592,0.0217560261400947,0.0030828640738880587,0.00834616112312735,0.003294792161703953,ridge100
2024-11-01 00:00:00+00:00,SPY,0.050124406046441194,2024-11-11 00:00:00+00:00,0.0,0.0024746389605080333,0.001351066678793459,0.0013745017976020673,0.0008483608567456949,0.000723817722901222,0.003998927164980639,0.0011183154230352888,0.001941979562409188,0.008318104930630621,0.0013745017976020673,ridge100
2024-11-08 00:00:00+00:00,GLD,-0.009351909750041298,2024-11-18 00:00:00+00:00,0.0,0.0012455996935977493,0.0015607995202859576,0.0015332916197793903,0.0013502467722854023,-0.0002442970916777286,-0.0024225278469762646,0.002958374117209999,0.009303146826416588,0.013488936255182113,0.0015332916197793903,ridge100
2024-11-08 00:00:00+00:00,QQQ,-0.03345162979639371,2024-11-18 00:00:00+00:00,0.0,0.0035728607728425436,0.0016700770345130398,0.0016287574202354133,0.002427696530290704,0.0020582748552625137,0.002771241287942321,0.00976121223324761,0.0023118485354487917,-0.0017651077424672423,0.0016287574202354133,ridge100
2024-11-08 00:00:00+00:00,SPY,-0.02265734464319169,2024-11-18 00:00:00+00:00,0.0,0.0024746389605080333,-0.00018152771569861532,-0.000153162248937955,0.001346855534178418,0.00129678603012747,-0.0006812363763437595,0.00804945626243111,0.004383785851408103,0.006071416629260682,-0.000153162248937955,ridge100
2024-11-15 00:00:00+00:00,GLD,0.015844620528217,2024-11-25 00:00:00+00:00,0.0,0.0012455996935977493,0.0034906715290933784,0.0034505670771747417,0.00678184549750118,0.007477054500306845,0.00734935086644617,0.019298989064321797,0.0006521640191543987,0.015539925162016624,0.0034505670771747417,ridge100
2024-11-15 00:00:00+00:00,QQQ,0.023628407590976064,2024-11-25 00:00:00+00:00,0.0,0.0035728607728425436,0.004128882159591447,0.004118255762209558,0.0023503468773594296,0.003246008612960809,-0.0024241463285521224,0.007357653603127127,0.016277372742899737,0.0206944604735809,0.004118255762209558,ridge100
2024-11-15 00:00:00+00:00,SPY,0.022687980535888608,2024-11-25 00:00:00+00:00,0.0,0.0024746389605080333,0.002044554528243292,0.0020554226200123118,0.0008483608567456949,0.0012051204229476635,0.003415052651457741,0.003933592026184732,0.005966650386461857,0.005904641041784875,0.0020554226200123118,ridge100
2024-11-22 00:00:00+00:00,GLD,0.0028247530574267987,2024-12-03 00:00:00+00:00,0.0,0.0012455996935977493,0.00022036515416301084,0.00018538397646435917,0.0022005774422431336,0.0018583282978413243,-0.0007289513153544458,-0.005330678126567615,-0.0027448831450352716,-0.0071246007220052456,0.00018538397646435917,ridge100
2024-11-22 00:00:00+00:00,QQQ,0.007942444777777613,2024-12-03 00:00:00+00:00,0.0,0.0035728607728425436,0.001836566181741307,0.0018733254676667926,0.002427696530290704,0.0034108888442252404,0.00092231495482192,0.0029974657080236054,-0.003234423424961931,-0.01374728024223245,0.0018733254676667926,ridge100
2024-11-22 00:00:00+00:00,SPY,0.006454960878325311,2024-12-03 00:00:00+00:00,0.0,0.0024746389605080333,0.0013385129247597196,0.0013171758675011211,0.001346855534178418,0.0010127524739439832,-0.0006029796982163483,-0.0077439871427168894,-0.0071572226739228416,-0.010166371924105357,0.0013171758675011211,ridge100
2024-11-29 00:00:00+00:00,GLD,0.0074449481119418515,2024-12-09 00:00:00+00:00,0.0,0.0012455996935977493,0.0024107571224669267,0.002349952310576718,0.004687963805553596,0.002122089335897762,-0.002236678727864786,0.0021659439355237817,-0.002783068087435262,0.007392644308532756,0.002349952310576718,ridge100
2024-11-29 00:00:00+00:00,QQQ,0.028453235370506258,2024-12-09 00:00:00+00:00,0.0,0.0035728607728425436,0.0007112967750382665,0.0008185731756480532,0.001695909381695723,0.0011808338729418979,0.002925573262725849,0.005635980831990704,0.01185086726411152,0.01041541788227212,0.0008185731756480532,ridge100
2024-11-29 00:00:00+00:00,SPY,0.007827897687962215,2024-12-09 00:00:00+00:00,0.0,0.0024746389605080333,0.00019647763832714214,0.00024237945029575685,0.0006150683855834372,-0.0005682666870337849,-0.0015363817018240122,-0.003221973223215835,0.009109710860203447,0.010902673409973817,0.00024237945029575685,ridge100
2024-12-06 00:00:00+00:00,GLD,-0.0035325447519072295,2024-12-16 00:00:00+00:00,0.0,0.0012455996935977493,0.003110914089125555,0.00302048794438457,0.0048346893140293855,0.003114070991369287,-0.004365040540365656,-0.004609875496111797,0.015549094460985007,0.009908675553380526,0.00302048794438457,ridge100
2024-12-06 00:00:00+00:00,QQQ,0.014327927660897632,2024-12-16 00:00:00+00:00,0.0,0.0035728607728425436,0.0005822567811579076,0.0005915847613360914,-0.0011495728049332142,-0.0015423539087978516,0.003752521327695961,0.004080993431102341,0.004900752199072643,0.0012788484570822889,0.0005915847613360914,ridge100
2024-12-06 00:00:00+00:00,SPY,-0.0027810393021097113,2024-12-16 00:00:00+00:00,0.0,0.0024746389605080333,0.0013199977565230723,0.0012355073987903725,0.0010366508201597696,3.924457706817486e-05,0.000987726152722137,0.0014591562929724621,-0.0009597744605155778,0.005924038413578558,0.0012355073987903725,ridge100
2024-12-13 00:00:00+00:00,GLD,-0.015525029549486091,2024-12-23 00:00:00+00:00,0.0,0.0012455996935977493,0.002634464331638047,0.002581281560286588,0.00171123325099753,0.0011158494806343703,-0.006013551924150705,-0.027769158016866614,-0.007514972060108066,5.551803450529469e-05,0.002581281560286588,ridge100
2024-12-13 00:00:00+00:00,QQQ,-0.02380913738643753,2024-12-23 00:00:00+00:00,0.0,0.0035728607728425436,0.001429055613774395,0.0014398578483217433,0.001695909381695723,0.0011808338729418979,0.0014833207557576594,0.008587897121759797,0.006818030783998098,0.009770753165788541,0.0014398578483217433,ridge100
2024-12-13 00:00:00+00:00,SPY,-0.021652176258590394,2024-12-23 00:00:00+00:00,0.0,0.0024746389605080333,0.0017710041950102645,0.0017021163719153892,0.0012790937775091467,0.0012700363566228784,0.001697325553643948,-0.0013329814581219711,-5.381916067998649e-05,0.0148692150551656,0.0017021163719153892,ridge100
2024-12-20 00:00:00+00:00,GLD,-0.0022765026401618815,2024-12-31 00:00:00+00:00,0.0,0.0012455996935977493,0.004644858360631733,0.00446626964604469,0.0018579587594733194,0.0013670917609130832,-0.004438704501266001,-0.019313684637798235,0.005345316800326024,-0.01459865161546236,0.00446626964604469,ridge100
2024-12-20 00:00:00+00:00,QQQ,-0.0051004735344996055,2024-12-31 00:00:00+00:00,0.0,0.0035728607728425436,0.003346708009469849,0.0033726364776571066,0.0023503468773594296,0.002757283173853677,0.0039301497015690615,0.008708003143173042,0.011965824819353455,-0.013362087554267661,0.0033726364776571066,ridge100
2024-12-20 00:00:00+00:00,SPY,-0.0016585198143228563,2024-12-31 00:00:00+00:00,0.0,0.0024746389605080333,0.002622207389918753,0.0025885837142337696,0.0008483608567456949,0.000723817722901222,0.0009990807630573795,-0.0010195704472633794,0.00999066890504478,-0.013246412347128532,0.0025885837142337696,ridge100
