policy,family,profile,band,role,scenario,period,first_date,last_date,executed_rebalances,skipped_rebalances,cagr,cash_excess_sharpe,max_drawdown,annual_volatility,calmar,certainty_equivalent_gamma3,terminal_nav,mean_risky_exposure,annual_one_way_turnover,annual_arithmetic_execution_drag,worst_day,longest_underwater_days
trend_vol20_exact,trend,0.20000000000000001,0,control,frictionless,full,2018-01-03,2024-12-31,2555,0,0.19736979091680618,1.0179500797424594,-0.2563454622188166,0.19562478681809434,0.76993674554820568,0.14173268151464347,3.5237824677331031,0.27040992622189841,7.6656502026552671,0,-0.10679220806874756,730
trend_vol20_exact,trend,0.20000000000000001,0,control,frictionless,2018_2019,2018-01-03,2019-12-31,728,0,-0.040949575038491393,-0.14279109420080144,-0.2563454622188166,0.17957456586619172,-0.15974370946163585,-0.074012185809714248,0.9201463086407079,0.21027219922476975,6.5784924267913523,0,-0.053525295387799599,523
trend_vol20_exact,trend,0.20000000000000001,0,control,frictionless,2020_2021,2020-01-01,2021-12-31,731,0,0.56955645186849746,2.095465755830082,-0.18580847620253249,0.22722713609809625,3.0652877818538111,0.39869842541988809,2.4619876890168086,0.26727735419136822,6.7072957731232163,0,-0.10679220806874756,161
trend_vol20_exact,trend,0.20000000000000001,0,control,frictionless,2022_2024,2022-01-01,2024-12-31,1096,0,0.15877534664881088,0.898430055575966,-0.16148487280461166,0.18218830333287894,0.98322117664185693,0.11389458068167971,1.5554867831616883,0.31244475779874809,9.0403476793829132,0,-0.047683643800546571,465
trend_vol20_exact,trend,0.20000000000000001,0,control,frictionless,2020_2024_carry,2020-01-01,2024-12-31,1827,0,0.30811645415094602,1.432624546584282,-0.21756836282593028,0.20152031265860254,1.4161822525523182,0.22778729192902186,3.8295893105724375,0.29437285192190366,8.1026870883374791,0,-0.10679220806874756,730
allocation_vol20_exact,allocation,0.20000000000000001,0,control,frictionless,full,2018-01-03,2024-12-31,2555,0,0.17801368029263265,0.85531462463648156,-0.38154449598599238,0.21965165322323971,0.46656073450255736,0.11550099818186436,3.1442468927334706,0.31718460066025372,3.1390305605268298,0,-0.11180996597552084,925
allocation_vol20_exact,allocation,0.20000000000000001,0,control,frictionless,2018_2019,2018-01-03,2019-12-31,728,0,-0.085867301218411018,-0.31899858329412256,-0.38154449598599238,0.21099115323940718,-0.22505186713940556,-0.13408177908890651,0.83635780886782241,0.25786753935413537,3.0296972414511414,0,-0.060358675777688164,717
allocation_vol20_exact,allocation,0.20000000000000001,0,control,frictionless,2020_2021,2020-01-01,2021-12-31,731,0,0.58560373902266072,2.1202634715068434,-0.19254286141329957,0.22963673627378398,3.0414201530205944,0.40779083766764157,2.5125532278624343,0.27276283027898762,3.0426956039087196,0,-0.11180996597552084,162
allocation_vol20_exact,allocation,0.20000000000000001,0,control,frictionless,2022_2024,2022-01-01,2024-12-31,1096,0,0.14386922091968257,0.72436677852139175,-0.28315409131222102,0.21802695789581966,0.5080951514878328,0.086627853567855753,1.4962675359475668,0.38621300830583732,3.2815765901344087,0,-0.057394381053734178,671
allocation_vol20_exact,allocation,0.20000000000000001,0,control,frictionless,2020_2024_carry,2020-01-01,2024-12-31,1827,0,0.30328876984977038,1.2993540594658379,-0.34051979263690957,0.22284230633288141,0.89066414466298593,0.21506301511672266,3.7594518271908224,0.34082051780905187,3.1842793850222031,0,-0.11180996597552084,755
fixed_blend_vol20_exact,fixed_blend,0.20000000000000001,0,candidate,frictionless,full,2018-01-03,2024-12-31,2555,0,0.18880593851000893,0.95173358872615121,-0.31291348160351884,0.2033167214925273,0.60338064548218473,0.13149681913641356,3.3512840837936113,0.29379477962414019,5.238686037580929,0,-0.10930108832233243,753
fixed_blend_vol20_exact,fixed_blend,0.20000000000000001,0,candidate,frictionless,2018_2019,2018-01-03,2019-12-31,728,0,-0.062462009203714364,-0.24555956833142165,-0.31291348160351884,0.18926685483298558,-0.19961431154589138,-0.10020920067978946,0.87952090469226196,0.23406405013738305,4.7160401226218172,0,-0.054945478076609988,528
fixed_blend_vol20_exact,fixed_blend,0.20000000000000001,0,candidate,frictionless,2020_2021,2020-01-01,2021-12-31,731,0,0.57763435009941366,2.1098258073108056,-0.18917868147121841,0.22822683138193395,3.0533797233769957,0.40338762892641944,2.487377212966932,0.27002183316413819,4.6809989429767782,0,-0.10930108832233243,161
fixed_blend_vol20_exact,fixed_blend,0.20000000000000001,0,candidate,frictionless,2022_2024,2022-01-01,2024-12-31,1096,0,0.15287820906795213,0.82876207091009724,-0.21189506893731425,0.1940339214433997,0.72148073022491477,0.10433421055618394,1.5318753442533859,0.34932579689477944,5.9670445136644625,0,-0.047326468698641322,556
fixed_blend_vol20_exact,fixed_blend,0.20000000000000001,0,candidate,frictionless,2020_2024_carry,2020-01-01,2024-12-31,1827,0,0.30679939173248139,1.3867639186722245,-0.27467641212126914,0.2084907317521964,1.1169484462212576,0.22392484633166607,3.8103518244017462,0.31759553007097058,5.4496401811805208,0,-0.10930108832233243,753
state_rule_vol20_exact,state_rule,0.20000000000000001,0,candidate,frictionless,full,2018-01-03,2024-12-31,2555,0,0.2004546845561046,1.0278664790803711,-0.25553341605235147,0.19639452206591601,0.78445585572666232,0.14401113346031602,3.5877567776085026,0.27172886751846848,6.2949895126416564,0,-0.11180996597552073,730
state_rule_vol20_exact,state_rule,0.20000000000000001,0,candidate,frictionless,2018_2019,2018-01-03,2019-12-31,728,0,-0.042263223060735378,-0.15015375176426063,-0.25553341605235147,0.1797076051368702,-0.16539215776020799,-0.075426006147915281,0.91763936850896821,0.21051938822888966,6.3254012423809627,0,-0.05352529538779971,523
state_rule_vol20_exact,state_rule,0.20000000000000001,0,candidate,frictionless,2020_2021,2020-01-01,2021-12-31,731,0,0.56834871275380383,2.0853476209136455,-0.19254286141329902,0.2280691921725633,2.9518036066464513,0.39758021267338345,2.458202846528116,0.26939403670691631,5.0540067897447214,0,-0.11180996597552073,161
state_rule_vol20_exact,state_rule,0.20000000000000001,0,candidate,frictionless,2022_2024,2022-01-01,2024-12-31,1096,0,0.16741093899571458,0.93440194176294256,-0.16183770672307474,0.18332997846764781,1.0344371678608641,0.12088906635610625,1.5904984086951925,0.31394352285246302,7.1136178589609003,0,-0.046969293596736406,462
state_rule_vol20_exact,state_rule,0.20000000000000001,0,candidate,frictionless,2020_2024_carry,2020-01-01,2024-12-31,1827,0,0.31354938570943314,1.4471179411873734,-0.21816352185138654,0.20251083529528988,1.437221873980489,0.23154110542266115,3.9097677156529604,0.29611885160320484,6.2863288675114068,0,-0.11180996597552073,730
trend_vol20_band2,trend,0.20000000000000001,0.02,control,frictionless,full,2018-01-03,2024-12-31,1054,1501,0.19743529134211069,1.0291069728513105,-0.24908535530261999,0.19306488333796842,0.79264110530400966,0.14277334388837309,3.5251305821881669,0.26750286338387996,6.8766411896920436,0,-0.10339869769421994,752
trend_vol20_band2,trend,0.20000000000000001,0.02,control,frictionless,2018_2019,2018-01-03,2019-12-31,272,456,-0.032896622431250133,-0.1009582417528376,-0.24908535530261999,0.17661265407847976,-0.13206967704417311,-0.064618547398032578,0.93558878170955262,0.20747608472437029,5.9476728059313899,0,-0.051290974082871754,523
trend_vol20_band2,trend,0.20000000000000001,0.02,control,frictionless,2020_2021,2020-01-01,2021-12-31,371,360,0.56126136199605248,2.0991912989761072,-0.18124096897855391,0.22393708760446829,3.096768711617659,0.39486505701019314,2.4360509662384668,0.26373413566370163,5.778548802151783,0,-0.10339869769421994,161
trend_vol20_band2,trend,0.20000000000000001,0.02,control,frictionless,2022_2024,2022-01-01,2024-12-31,411,685,0.1565857948410303,0.89473467574692112,-0.15678406038541914,0.18048193144593611,0.99873542282358652,0.11262285104277431,1.546691979143562,0.30988829662071687,8.2380299935986816,0,-0.047683643800546571,466
trend_vol20_band2,trend,0.20000000000000001,0.02,control,frictionless,2020_2024_carry,2020-01-01,2024-12-31,782,1045,0.30386856598909651,1.4311697019446343,-0.22033531911424808,0.19910885613953477,1.3791187323514613,0.22549205740596412,3.7678204902659527,0.29142157978460403,7.2502647692011806,0,-0.10339869769421994,752
allocation_vol20_band2,allocation,0.20000000000000001,0.02,control,frictionless,full,2018-01-03,2024-12-31,1074,1481,0.17683256301065242,0.86153232601217378,-0.37110204760342258,0.21596265985706273,0.47650656780968281,0.11609900699962514,3.1222690257937544,0.31264603289502629,2.2377316569221803,0,-0.10840385880297243,924
allocation_vol20_band2,allocation,0.20000000000000001,0.02,control,frictionless,2018_2019,2018-01-03,2019-12-31,305,423,-0.07729385445004211,-0.28429641497549635,-0.37110204760342258,0.20695648947195147,-0.20828194010031986,-0.1230834708146208,0.85204318164514037,0.25278482009267944,2.3045756518887202,0,-0.059923078769308691,717
allocation_vol20_band2,allocation,0.20000000000000001,0.02,control,frictionless,2020_2021,2020-01-01,2021-12-31,311,420,0.57173126580978662,2.1155292198201394,-0.18800172584727648,0.22555055664409684,3.0410958369298879,0.40084921272359153,2.4688105111334626,0.26844074182178851,2.0282918907202099,0,-0.10840385880297243,162
allocation_vol20_band2,allocation,0.20000000000000001,0.02,control,frictionless,2022_2024,2022-01-01,2024-12-31,458,638,0.14080866852327478,0.71940639704501563,-0.28281577930928781,0.2148599723623176,0.49788123161715875,0.085324427001062714,1.484297505279087,0.38189149885729395,2.3370658197537866,0,-0.057391244747520997,675
allocation_vol20_band2,allocation,0.20000000000000001,0.02,control,frictionless,2020_2024_carry,2020-01-01,2024-12-31,769,1058,0.29663334768360983,1.2934262961433345,-0.34007781937881021,0.21929491813015622,0.87225138124398549,0.21150642204357589,3.6644492826821766,0.33649877669366268,2.2123440048500269,0,-0.10840385880297243,755
fixed_blend_vol20_band2,fixed_blend,0.20000000000000001,0.02,candidate,frictionless,full,2018-01-03,2024-12-31,1054,1501,0.18832266505758755,0.95970146222692254,-0.3062592090331816,0.2006298681478583,0.61491266059262817,0.13216626183835378,3.3417693873469023,0.29094060503798425,4.285642563309791,0,-0.10590221849123249,753
fixed_blend_vol20_band2,fixed_blend,0.20000000000000001,0.02,candidate,frictionless,2018_2019,2018-01-03,2019-12-31,271,457,-0.056472344490367532,-0.2192498390340484,-0.3062592090331816,0.18590117345650778,-0.18439394742983564,-0.092597671795339939,0.89074046381459626,0.23078747832833454,3.8416548873421199,0,-0.052618638181817334,528
fixed_blend_vol20_band2,fixed_blend,0.20000000000000001,0.02,candidate,frictionless,2020_2021,2020-01-01,2021-12-31,357,374,0.57014973567970539,2.1165222793414094,-0.18459995710484955,0.22489112611422604,3.0885691666540871,0.40012305093955103,2.463848002057043,0.26637688137480203,3.6762778416947803,0,-0.10590221849123249,161
fixed_blend_vol20_band2,fixed_blend,0.20000000000000001,0.02,candidate,frictionless,2022_2024,2022-01-01,2024-12-31,426,670,0.1505676340470703,0.82411107947649131,-0.21383523408960114,0.19228610583159719,0.70412920811721569,0.10300419050138812,1.5226896039509974,0.34727961803288504,4.9944887480897684,0,-0.047326468698641655,666
fixed_blend_vol20_band2,fixed_blend,0.20000000000000001,0.02,candidate,frictionless,2020_2024_carry,2020-01-01,2024-12-31,783,1044,0.30274910218969531,1.3856071529775882,-0.27591871411303215,0.20605310524599246,1.0972401896076969,0.22182183324981691,3.7516757384476906,0.31490966702190593,4.4647579428233763,0,-0.10590221849123249,753
state_rule_vol20_band2,state_rule,0.20000000000000001,0.02,candidate,frictionless,full,2018-01-03,2024-12-31,963,1592,0.20066425772283059,1.0406518811709258,-0.24754362195937363,0.19362116424013462,0.81062180529847472,0.14525849593844312,3.5921387611605766,0.26848189296993413,5.4682734923212308,0,-0.10840385880297243,730
state_rule_vol20_band2,state_rule,0.20000000000000001,0.02,candidate,frictionless,2018_2019,2018-01-03,2019-12-31,265,463,-0.032822377612583442,-0.10018169049951259,-0.24754362195937363,0.17682228652975343,-0.13259229768388128,-0.06461353710295524,0.93573174974621764,0.20757568709764618,5.711996002362306,0,-0.052189560272348445,523
state_rule_vol20_band2,state_rule,0.20000000000000001,0.02,candidate,frictionless,2020_2021,2020-01-01,2021-12-31,329,402,0.56192121538040829,2.0971630210724572,-0.18800172584727692,0.22442172364173593,2.9889151966449745,0.39510127488329955,2.4381091421089969,0.26537802861103726,4.0626566379427551,0,-0.10840385880297243,161
state_rule_vol20_band2,state_rule,0.20000000000000001,0.02,candidate,frictionless,2022_2024,2022-01-01,2024-12-31,369,727,0.16348612854973243,0.92413272405034708,-0.15757484290261869,0.18133427186846904,1.0375141459018742,0.11825375739439277,1.5745215036522457,0.31100802683980577,6.2535251689249467,0,-0.046969293596736517,465
state_rule_vol20_band2,state_rule,0.20000000000000001,0.02,candidate,frictionless,2020_2024_carry,2020-01-01,2024-12-31,698,1129,0.30874894503027717,1.4457511755032777,-0.22132256780371362,0.19978466465057013,1.3950179057388317,0.22896804542177873,3.8388552725017453,0.2927510324746006,5.3742329713422929,0,-0.10840385880297243,730
trend_vol40_exact,trend,0.40000000000000002,0,control,frictionless,full,2018-01-03,2024-12-31,2555,0,0.32427114791328915,0.97917848110076744,-0.38745067324728355,0.34949575415025685,0.83693530635918867,0.15899779844643064,7.1272180315599156,0.45617122953874711,10.842674757445371,0,-0.21358600182123288,792
trend_vol40_exact,trend,0.40000000000000002,0,control,frictionless,2018_2019,2018-01-03,2019-12-31,728,0,-0.075849779032972742,-0.11892290681691932,-0.35921037844672454,0.29528672847609733,-0.21115698093400781,-0.16590773411601051,0.85469943019155159,0.32272030315444161,8.0865640486126065,0,-0.070039467862004323,527
trend_vol40_exact,trend,0.40000000000000002,0,control,frictionless,2020_2021,2020-01-01,2021-12-31,731,0,1.1675471622708216,1.9568851914553862,-0.34979255301369916,0.44696151292669734,3.3378273842928157,0.57499047474016596,4.6932878974386831,0.52041521034410554,11.197627852733014,0,-0.21358600182123288,163
trend_vol40_exact,trend,0.40000000000000002,0,control,frictionless,2022_2024,2022-01-01,2024-12-31,1096,0,0.21134208110096031,0.77950641946826638,-0.28054794315885545,0.30498742405971724,0.7533189469198549,0.098213661659767304,1.7767627252636804,0.50196495621671922,12.455699483725125,0,-0.081267261819976122,698
trend_vol40_exact,trend,0.40000000000000002,0,control,frictionless,2020_2024_carry,2020-01-01,2024-12-31,1827,0,0.52843350034877723,1.3361083899978088,-0.36360887308870959,0.36866354945334873,1.4533019941453833,0.28870524246767881,8.3388589951002174,0.50934707759992637,11.945925118934342,0,-0.21358600182123288,792
allocation_vol40_exact,allocation,0.40000000000000002,0,control,frictionless,full,2018-01-03,2024-12-31,2555,0,0.31216665685072376,0.84350267808358026,-0.63372018450672507,0.43461699164795897,0.49259383633757531,0.083262702251999443,6.6839722002591699,0.62322088872182657,4.7911966508542161,0,-0.22362140330843328,930
allocation_vol40_exact,allocation,0.40000000000000002,0,control,frictionless,2018_2019,2018-01-03,2019-12-31,728,0,-0.20107619836434465,-0.31888179789160537,-0.63372018450672507,0.42198470326722703,-0.31729492492156974,-0.4016698755479034,0.6396537643300978,0.51581023700748485,4.9827798605977183,0,-0.1207214935715849,717
allocation_vol40_exact,allocation,0.40000000000000002,0,control,frictionless,2020_2021,2020-01-01,2021-12-31,731,0,1.3795141574259469,2.1201617926907828,-0.36151984948785454,0.4592748631919738,3.8158738984324909,0.65733691734289967,5.6553723185091282,0.54466911954741104,4.9767652672484264,0,-0.22362140330843328,163
allocation_vol40_exact,allocation,0.40000000000000002,0,control,frictionless,2022_2024,2022-01-01,2024-12-31,1096,0,0.22726127806840335,0.69313906041755924,-0.50802323091390855,0.42494817447141697,0.44734426348884004,0.023676751899390169,1.8476872975363663,0.74695838663655134,4.5490380297130359,0,-0.11478677571158979,698
allocation_vol40_exact,allocation,0.40000000000000002,0,control,frictionless,2020_2024_carry,2020-01-01,2024-12-31,1827,0,0.59899033965910609,1.2893076600467785,-0.58621457670275645,0.43922647918970559,1.021793663044356,0.27691821408258716,10.449359595748136,0.66602053538194739,4.7175439691276697,0,-0.22362140330843328,825
fixed_blend_vol40_exact,fixed_blend,0.40000000000000002,0,candidate,frictionless,full,2018-01-03,2024-12-31,2555,0,0.32513467166633503,0.93013704061583269,-0.50332924631769971,0.38102804380416927,0.6459681690364385,0.13663474180780202,7.1597789530519824,0.53969337840062204,7.6297774256797224,0,-0.21860370774295523,929
fixed_blend_vol40_exact,fixed_blend,0.40000000000000002,0,candidate,frictionless,2018_2019,2018-01-03,2019-12-31,728,0,-0.13449749285701773,-0.24649339843597012,-0.50332924631769971,0.34422508678869812,-0.26721573173223351,-0.26258557703149316,0.75013216036596009,0.41922255157654942,6.451798975621025,0,-0.090708012043662634,717
fixed_blend_vol40_exact,fixed_blend,0.40000000000000002,0,candidate,frictionless,2020_2021,2020-01-01,2021-12-31,731,0,1.2723014219827649,2.0450878054904575,-0.35566719439664907,0.45191051104377683,3.5772245571905685,0.61786201032081745,5.1575554424320114,0.53256673326074244,7.7800966946782513,0,-0.21860370774295523,163
fixed_blend_vol40_exact,fixed_blend,0.40000000000000002,0,candidate,frictionless,2022_2024,2022-01-01,2024-12-31,1096,0,0.22791132842880324,0.75935811265520603,-0.37693492543790941,0.35048769011236197,0.60464370120127253,0.081883239492157284,1.8506228653547274,0.62446741081410473,8.3255918746980839,0,-0.081267261819976011,697
fixed_blend_vol40_exact,fixed_blend,0.40000000000000002,0,candidate,frictionless,2020_2024_carry,2020-01-01,2024-12-31,1827,0,0.57028757345581993,1.3422046321284067,-0.47554862444676749,0.39445409158079686,1.1992203197291709,0.29604706333450082,9.544690031099389,0.58769707951059735,8.1029538279898805,0,-0.21860370774295523,792
state_rule_vol40_exact,state_rule,0.40000000000000002,0,candidate,frictionless,full,2018-01-03,2024-12-31,2555,0,0.33343429901768995,0.98207279521746016,-0.39156148581837091,0.35893992409566716,0.85155029565996754,0.15924833090706991,7.4792910097796224,0.47262388038027248,8.6835609926983715,0,-0.22362140330843339,790
state_rule_vol40_exact,state_rule,0.40000000000000002,0,candidate,frictionless,2018_2019,2018-01-03,2019-12-31,728,0,-0.07850311398073373,-0.1281199548327924,-0.35781720956497343,0.29561552240469791,-0.21939446142396601,-0.16895705300826594,0.84982202111338578,0.32377256197629412,7.5558354510094459,0,-0.06878753480725508,527
state_rule_vol40_exact,state_rule,0.40000000000000002,0,candidate,frictionless,2020_2021,2020-01-01,2021-12-31,731,0,1.1789910328987814,1.959574866868474,-0.36151984948785443,0.44985358603889386,3.2612069145552978,0.57796940766439231,4.7429422811243587,0.52640402665759956,7.9594812203377536,0,-0.22362140330843339,163
state_rule_vol40_exact,state_rule,0.40000000000000002,0,candidate,frictionless,2022_2024,2022-01-01,2024-12-31,1096,0,0.22901212715472097,0.79258680005108617,-0.31063941210919899,0.32673969622946475,0.73722817590903889,0.098831326645991036,1.8556010569722621,0.53562613664794589,9.9308685950878655,0,-0.081267261819976122,675
state_rule_vol40_exact,state_rule,0.40000000000000002,0,candidate,frictionless,2020_2024_carry,2020-01-01,2024-12-31,1827,0,0.54501376695136994,1.3334081971054492,-0.36456290151316573,0.38102255999101969,1.494978684581507,0.29029131794096319,8.8010087100127841,0.53193628311595731,9.1373069016800521,0,-0.22362140330843339,790
trend_vol40_band2,trend,0.40000000000000002,0.02,control,frictionless,full,2018-01-03,2024-12-31,991,1564,0.32394108807146815,0.98241249528432006,-0.37905302016790121,0.34724163309276201,0.8546062709854646,0.16026939160387016,7.1148060199026384,0.45451574087920366,9.9745770648677627,0,-0.20806979893269129,793
trend_vol40_band2,trend,0.40000000000000002,0.02,control,frictionless,2018_2019,2018-01-03,2019-12-31,242,486,-0.069981935345019064,-0.10010880004183656,-0.35583203892690651,0.29340132820983211,-0.19667125972148464,-0.1584985639907078,0.86553512959000145,0.32176587001860274,7.2967750308790444,0,-0.070038342704519918,526
trend_vol40_band2,trend,0.40000000000000002,0.02,control,frictionless,2020_2021,2020-01-01,2021-12-31,420,311,1.1586377231952749,1.9600903505209244,-0.34381271570049687,0.44319350675963509,3.3699676314607014,0.5740685893622367,4.6548110585618705,0.51729210175841911,10.212463704874434,0,-0.20806979893269129,163
trend_vol40_band2,trend,0.40000000000000002,0.02,control,frictionless,2022_2024,2022-01-01,2024-12-31,329,767,0.20887618770176064,0.77453080557149756,-0.28243650795916764,0.30388347157313161,0.73955094973755398,0.096849363594393501,1.7659414772723547,0.50082266257976105,11.612069289191659,0,-0.079982997245177878,698
trend_vol40_band2,trend,0.40000000000000002,0.02,control,frictionless,2020_2024_carry,2020-01-01,2024-12-31,749,1078,0.52405529568728904,1.3343905992654972,-0.36481968909493134,0.36628654532448179,1.4364775568648716,0.28752057278980853,8.2201239171804534,0.50741224114549666,11.046174357186857,0,-0.20806979893269129,793
allocation_vol40_band2,allocation,0.40000000000000002,0.02,control,frictionless,full,2018-01-03,2024-12-31,1251,1304,0.31349518313493241,0.84866298694843612,-0.630034796540209,0.43151912095125089,0.49758391894617371,0.086901178492041598,6.7314361799627074,0.61923842818820629,3.8923211645256743,0,-0.21797596917397155,930
allocation_vol40_band2,allocation,0.40000000000000002,0.02,control,frictionless,2018_2019,2018-01-03,2019-12-31,373,355,-0.19578769291998288,-0.30930365734172882,-0.630034796540209,0.41852257416700944,-0.31075695183049729,-0.39219228050100086,0.64810923960741507,0.51148448047874384,4.1329716461830053,0,-0.11919511522372361,717
allocation_vol40_band2,allocation,0.40000000000000002,0.02,control,frictionless,2020_2021,2020-01-01,2021-12-31,399,332,1.3737228672975919,2.1290568609816658,-0.35569998672615022,0.4552635968543175,3.8620267600830895,0.65838467050678007,5.6278963649868663,0.54099812532793312,4.0301926121615343,0,-0.21797596917397155,163
allocation_vol40_band2,allocation,0.40000000000000002,0.02,control,frictionless,2022_2024,2022-01-01,2024-12-31,479,617,0.22677589119473174,0.69360581437458213,-0.50546397968526979,0.42275158086853737,0.44864896473124577,0.025144605836192657,1.845497359820568,0.74299621589199127,3.6477417904526113,0,-0.11478677571158979,698
allocation_vol40_band2,allocation,0.40000000000000002,0.02,control,frictionless,2020_2024_carry,2020-01-01,2024-12-31,878,949,0.5970545002660208,1.292128872555999,-0.58443063706032561,0.43627274804524985,1.021600276243547,0.27821974802818505,10.386267882927051,0.66217486712224483,3.798640672192513,0,-0.21797596917397155,825
fixed_blend_vol40_band2,fixed_blend,0.40000000000000002,0.02,candidate,frictionless,full,2018-01-03,2024-12-31,1080,1475,0.3262477704123079,0.93532540559260857,-0.50294672863698142,0.3788758578832187,0.64867261647463292,0.13905184191375167,7.2019386175056992,0.53802337716665594,6.5371763693171117,0,-0.21302662736941647,928
fixed_blend_vol40_band2,fixed_blend,0.40000000000000002,0.02,candidate,frictionless,2018_2019,2018-01-03,2019-12-31,276,452,-0.12859641653631437,-0.22998868118797516,-0.50294672863698142,0.34236502140476843,-0.25568595879889522,-0.25456079158000688,0.76034646283308305,0.41767909769960448,5.3622233340926861,0,-0.088300460342971454,717
fixed_blend_vol40_band2,fixed_blend,0.40000000000000002,0.02,candidate,frictionless,2020_2021,2020-01-01,2021-12-31,423,308,1.2654288917286731,2.0511361880184098,-0.3497058352431649,0.44820515018540436,3.6185524066213199,0.61799801822242806,5.126426031266722,0.52940495829685075,6.802572024165487,0,-0.21302662736941647,163
fixed_blend_vol40_band2,fixed_blend,0.40000000000000002,0.02,candidate,frictionless,2022_2024,2022-01-01,2024-12-31,381,715,0.22725629841499284,0.75904129870050652,-0.37291606315533987,0.34945361853860468,0.60940335069537677,0.082072981186546989,1.847664821864035,0.62370832209899285,7.1522689549860408,0,-0.0799829972451781,697
fixed_blend_vol40_band2,fixed_blend,0.40000000000000002,0.02,candidate,frictionless,2020_2024_carry,2020-01-01,2024-12-31,804,1023,0.56788539339980559,1.3435729857773686,-0.47157478347330084,0.3922030030896666,1.2042318913177374,0.29621856644320443,9.4719170398595587,0.58597665327613258,7.0085498813529687,0,-0.21302662736941647,792
state_rule_vol40_band2,state_rule,0.40000000000000002,0.02,candidate,frictionless,full,2018-01-03,2024-12-31,974,1581,0.33387112565648791,0.98720085313754657,-0.38284113805653641,0.35644884996987725,0.87208790400989555,0.1613029348228881,7.4964406454605568,0.47052801872620276,7.8338522638053281,0,-0.21797596917397155,790
state_rule_vol40_band2,state_rule,0.40000000000000002,0.02,candidate,frictionless,2018_2019,2018-01-03,2019-12-31,244,484,-0.071258412382258496,-0.10423782015707143,-0.35354372631977782,0.29376841357841588,-0.20155473588521766,-0.16007160028698392,0.8631721758404568,0.32282813965043311,6.790992247771543,0,-0.068786183022638836,527
state_rule_vol40_band2,state_rule,0.40000000000000002,0.02,candidate,frictionless,2020_2021,2020-01-01,2021-12-31,397,334,1.1718568200565858,1.9654666014531743,-0.35569998672615066,0.44582640407895308,3.2945090351065569,0.57811513340219478,4.7119566372154971,0.52315984956690353,6.9933058265666981,0,-0.21797596917397155,163
state_rule_vol40_band2,state_rule,0.40000000000000002,0.02,candidate,frictionless,2022_2024,2022-01-01,2024-12-31,333,763,0.22625114436287452,0.78791373612315185,-0.31144146277300611,0.32519022400866676,0.7264644288155605,0.097598821663182983,1.8431317869776345,0.53353134319938511,9.1009078212193675,0,-0.079982997245177878,675
state_rule_vol40_band2,state_rule,0.40000000000000002,0.02,candidate,frictionless,2020_2024_carry,2020-01-01,2024-12-31,730,1097,0.54090988129701123,1.332997622070385,-0.36704397197523653,0.37832306361988682,1.4736923164440499,0.28961123347958673,8.6847570569120975,0.52938161038857834,8.2533446427321451,0,-0.21797596917397155,790
btc_buy_hold,btc_buy_hold,,0,benchmark,frictionless,full,2018-01-03,2024-12-31,2,0,0.30010419418034084,0.73019430319070378,-0.81384865421874752,0.68775921927008998,0.36874693178478657,-0.20732125165859971,6.2659794121308146,0.99960861056749906,0.28602192638997415,0,-0.38812428745093797,1045
btc_buy_hold,btc_buy_hold,,0,benchmark,frictionless,2018_2019,2018-01-03,2019-12-31,1,0,-0.30495420863432421,-0.086421824070473038,-0.81384865421874752,0.76949402058358052,-0.37470628851388155,-0.95468264844098094,0.48477558464895004,0.99999999999996769,0.50240715268224878,0,-0.15459523917378715,724
btc_buy_hold,btc_buy_hold,,0,benchmark,frictionless,2020_2021,2020-01-01,2021-12-31,0,0,1.5410962535360389,1.5937915150634709,-0.5316801220286973,0.78515026091273776,2.8985402870729451,0.32667442557558168,6.4489318589058531,0.99999999999998723,0,0,-0.38812428745093797,188
btc_buy_hold,btc_buy_hold,,0,benchmark,frictionless,2022_2024,2022-01-01,2024-12-31,1,0,0.26102129218637926,0.69718203935877343,-0.66983013791382318,0.54544382678121806,0.38968281271924626,-0.065989812749625898,2.0042894326142333,0.99908759124086943,0.33356164383561571,0,-0.15417808941374822,769
btc_buy_hold,btc_buy_hold,,0,benchmark,frictionless,2020_2024_carry,2020-01-01,2024-12-31,1,0,0.66847644159306707,1.1174689700749036,-0.76670598287257896,0.65219338562074525,0.87188108156991262,0.090771552548103429,12.925525976454228,0.9994526546250595,0.20002738225629746,0,-0.38812428745093797,846
eth_buy_hold,eth_buy_hold,,0,benchmark,frictionless,full,2018-01-03,2024-12-31,2,0,0.21393470143364768,0.66738784876923407,-0.94011630423802584,0.88099270418413467,0.22756195214276601,-0.57625839161167181,3.8791213872831576,0.99960861056748795,0.28602192638997398,0,-0.4332254252093658,1149
eth_buy_hold,eth_buy_hold,,0,benchmark,frictionless,2018_2019,2018-01-03,2019-12-31,1,0,-0.61627682871583356,-0.5015287059489012,-0.94011630423802584,0.96564382557398787,-0.65553253989710603,-1.8830000950514183,0.14860115606937574,0.99999999999994282,0.50240715268224878,0,-0.20274673299932555,717
eth_buy_hold,eth_buy_hold,,0,benchmark,frictionless,2020_2021,2020-01-01,2021-12-31,0,0,4.3537184300510168,2.1536601942356457,-0.61469940964820746,1.0370070082266001,7.082678723479904,0.62028541209439925,28.596545822309498,0.9999999999999728,0,0,-0.4332254252093658,166
eth_buy_hold,eth_buy_hold,,0,benchmark,frictionless,2022_2024,2022-01-01,2024-12-31,1,0,-0.029958845805538759,0.29676246416658963,-0.7404874022884016,0.68325525844857438,-0.040458278848436814,-0.49749210814446332,0.91284618314380517,0.99908759124086988,0.33356164383561526,0,-0.17564174629941742,794
eth_buy_hold,eth_buy_hold,,0,benchmark,frictionless,2020_2024_carry,2020-01-01,2024-12-31,1,0,0.92035282712689059,1.2026675530203728,-0.79350360564433831,0.84414456790965853,1.1598596661442371,-0.053644795413727353,26.104247704992176,0.99945265462505384,0.20002738225629718,0,-0.4332254252093658,1149
mix_buy_hold,mix_buy_hold,,0,benchmark,frictionless,full,2018-01-03,2024-12-31,2,0,0.26140661031993306,0.69078312100787509,-0.87849214211119286,0.73717798023149383,0.29756283270982997,-0.30591695588468393,5.0725503997069339,0.99960861056749584,0.28602192638997409,0,-0.40144038732506537,1108
mix_buy_hold,mix_buy_hold,,0,benchmark,frictionless,2018_2019,2018-01-03,2019-12-31,1,0,-0.43880472881572663,-0.29805899464674068,-0.87849214211119286,0.81380501891196788,-0.49949761390146397,-1.2359798189848357,0.31668837035916148,0.99999999999996048,0.50240715268224878,0,-0.15824892984096051,717
mix_buy_hold,mix_buy_hold,,0,benchmark,frictionless,2020_2021,2020-01-01,2021-12-31,0,0,2.415368613195529,1.8955576001517103,-0.55828804516927311,0.84376787048345125,4.3263842636343544,0.53149427076846267,11.645145782719146,0.9999999999999829,0,0,-0.40144038732506537,163
mix_buy_hold,mix_buy_hold,,0,benchmark,frictionless,2022_2024,2022-01-01,2024-12-31,1,0,0.1121961431666354,0.47589815500258897,-0.69254962487069438,0.59146487657163394,0.16200448189916136,-0.24326900681757269,1.3754643095615624,0.99908759124086965,0.33356164383561554,0,-0.16113387203839147,786
mix_buy_hold,mix_buy_hold,,0,benchmark,frictionless,2020_2024_carry,2020-01-01,2024-12-31,1,0,0.74161371322645109,1.148934945340226,-0.76860868788417969,0.70395172695947494,0.96487812968645958,0.065472688102501508,16.017482403771556,0.99945265462505795,0.20002738225629735,0,-0.40144038732506537,1108
usd_cash,usd_cash,,0,benchmark,frictionless,full,2018-01-03,2024-12-31,2,0,0,,0,0,,0,1,0,0,0,0,0
usd_cash,usd_cash,,0,benchmark,frictionless,2018_2019,2018-01-03,2019-12-31,1,0,0,,0,0,,0,1,0,0,0,0,0
usd_cash,usd_cash,,0,benchmark,frictionless,2020_2021,2020-01-01,2021-12-31,0,0,0,,0,0,,0,1,0,0,0,0,0
usd_cash,usd_cash,,0,benchmark,frictionless,2022_2024,2022-01-01,2024-12-31,1,0,0,,0,0,,0,1,0,0,0,0,0
usd_cash,usd_cash,,0,benchmark,frictionless,2020_2024_carry,2020-01-01,2024-12-31,1,0,0,,0,0,,0,1,0,0,0,0,0
trend_vol20_exact,trend,0.20000000000000001,0,control,base,full,2018-01-03,2024-12-31,2555,0,0.17014705597456858,0.90044693156033428,-0.27132634024180657,0.19563057619849428,0.62709376399996108,0.11874796854168203,3.0003320530248958,0.27040992622190213,7.6646327060120623,0.022993835274357548,-0.10680675272775364,756
trend_vol20_exact,trend,0.20000000000000001,0,control,base,2018_2019,2018-01-03,2019-12-31,728,0,-0.059691100389710261,-0.25252338993233492,-0.27132634024180657,0.17954154059877989,-0.21999744048629202,-0.093691185666552837,0.88470244490761774,0.21027219922477264,6.5772045833819925,0.019731599940350737,-0.053551389124614879,527
trend_vol20_exact,trend,0.20000000000000001,0,control,base,2020_2021,2020-01-01,2021-12-31,731,0,0.53828893202210981,2.0069588072077948,-0.1869487296590121,0.22723106083799488,2.8793398757184918,0.37859244630564326,2.3649381636321167,0.26727735419137189,6.7066879319425592,0.020119953530524551,-0.10680675272775364,162
trend_vol20_exact,trend,0.20000000000000001,0,control,base,2022_2024,2022-01-01,2024-12-31,1096,0,0.12776819882090762,0.74965593377097717,-0.16787835449478106,0.18221811389401935,0.76107607324016058,0.086795728774566649,1.4340104116138686,0.31244475779875241,9.0392347111580182,0.027117640234512574,-0.047735907390172638,675
trend_vol20_exact,trend,0.20000000000000001,0,control,base,2020_2024_carry,2020-01-01,2024-12-31,1827,0,0.27670024470588528,1.3119267350392956,-0.23314165513626217,0.20154544284557585,1.1868331489032486,0.20348200649671638,3.3913459494714298,0.29437285192190776,8.1017766697897589,0.024305247609022008,-0.10680675272775364,756
allocation_vol20_exact,allocation,0.20000000000000001,0,control,base,full,2018-01-03,2024-12-31,2555,0,0.16697198099988819,0.81247210915613555,-0.38647010132169402,0.21965159173535231,0.4320437219563909,0.10609055938891326,2.9438664039717466,0.31718460066025816,3.138990142565691,0.0094169491519753516,-0.11182416205487145,928
allocation_vol20_exact,allocation,0.20000000000000001,0,control,base,2018_2019,2018-01-03,2019-12-31,728,0,-0.094137797111006338,-0.3619452443086435,-0.38647010132169402,0.21100068651642917,-0.24358364796930806,-0.1431526295960871,0.82136412344912302,0.25786753935413897,3.0294089485482494,0.0090882253432744801,-0.060366656804039853,717
allocation_vol20_exact,allocation,0.20000000000000001,0,control,base,2020_2021,2020-01-01,2021-12-31,731,0,0.57119473378510865,2.0806643227593868,-0.19316909068073174,0.22962210894152071,2.9569675550690175,0.39867706041926398,2.4671264272523392,0.27276283027899145,3.0428911788381399,0.0091286296867165561,-0.11182416205487145,162
allocation_vol20_exact,allocation,0.20000000000000001,0,control,base,2022_2024,2022-01-01,2024-12-31,1096,0,0.13266292231404075,0.67926285148390331,-0.28847410022391207,0.21803081610247319,0.45987810417319441,0.076794078701662785,1.4527502628195672,0.38621300830584282,3.2815433406085428,0.0098446106285675003,-0.057478521295810547,675
allocation_vol20_exact,allocation,0.20000000000000001,0,control,base,2020_2024_carry,2020-01-01,2024-12-31,1827,0,0.29089718527440667,1.2565239882480099,-0.34630265206557309,0.22283923197177935,0.84000854033114569,0.20551685553664498,3.5841185655999408,0.3408205178090567,3.1843376333615536,0.0095529837401886614,-0.11182416205487145,756
fixed_blend_vol20_exact,fixed_blend,0.20000000000000001,0,candidate,base,full,2018-01-03,2024-12-31,2555,0,0.17026839254068693,0.87450056733777137,-0.32178179390545325,0.20331265753262628,0.52914240570961457,0.11579297928976322,3.002508189753426,0.29379477962414435,5.2383375649376793,0.015714976771252168,-0.10931537257710067,925
fixed_blend_vol20_exact,fixed_blend,0.20000000000000001,0,candidate,base,2018_2019,2018-01-03,2019-12-31,728,0,-0.075632296279941613,-0.32015314838613879,-0.32178179390545325,0.18926030248768147,-0.23504218607894295,-0.11432147485253724,0.85509982686449404,0.23406405013738626,4.715407033546219,0.014146219303907321,-0.054972394349145914,717
fixed_blend_vol20_exact,fixed_blend,0.20000000000000001,0,candidate,base,2020_2021,2020-01-01,2021-12-31,731,0,0.55563351162664598,2.0484235433311113,-0.19002210725209234,0.22821731676738335,2.9240466788925574,0.38936100915340582,2.4185321984891264,0.27002183316414208,4.6809596529257993,0.014042810849630143,-0.10931537257710067,162
fixed_blend_vol20_exact,fixed_blend,0.20000000000000001,0,candidate,base,2022_2024,2022-01-01,2024-12-31,1096,0,0.13242331733794366,0.73662124267158768,-0.22140555775369464,0.19403367124743998,0.59810295044743012,0.08645572566778012,1.4518291385477677,0.34932579689478443,5.9666782473305018,0.017899997552152894,-0.047378272609952088,675
fixed_blend_vol20_exact,fixed_blend,0.20000000000000001,0,candidate,base,2020_2024_carry,2020-01-01,2024-12-31,1827,0,0.28560754500951901,1.3083935125996651,-0.28476071732063635,0.20849034372882899,1.0029738220104607,0.20758507803222626,3.5112955182825072,0.31759553007097518,5.4494048343169394,0.016348164972528705,-0.10931537257710067,756
state_rule_vol20_exact,state_rule,0.20000000000000001,0,candidate,base,full,2018-01-03,2024-12-31,2555,0,0.1779960219521457,0.93161509106899465,-0.26954641668921708,0.19643514252157718,0.66035387944842316,0.12512179536318155,3.143917338150314,0.27172886751847225,6.2941167146005297,0.018882317446944265,-0.11182416205487145,753
state_rule_vol20_exact,state_rule,0.20000000000000001,0,candidate,base,2018_2019,2018-01-03,2019-12-31,728,0,-0.060265779290938126,-0.25558391099448463,-0.26954641668921708,0.17967665431289773,-0.22358219423270484,-0.094348012181309268,0.88362656286254126,0.21051938822889255,6.3241118215584233,0.018972333533954926,-0.053551389124614879,527
state_rule_vol20_exact,state_rule,0.20000000000000001,0,candidate,base,2020_2021,2020-01-01,2021-12-31,731,0,0.54474812142400642,2.019076853389651,-0.19316909068073163,0.22805007673019867,2.8200584239657775,0.3824403750947038,2.3848266675586589,0.26939403670692019,5.0536240572696043,0.015160849535948909,-0.11182416205487145,162
state_rule_vol20_exact,state_rule,0.20000000000000001,0,candidate,base,2022_2024,2022-01-01,2024-12-31,1096,0,0.14275951691041899,0.8176953640260336,-0.16507507819127998,0.1834559078353821,0.86481568553308252,0.09952694016062294,1.491920002116041,0.31394352285246735,7.1126933634794236,0.021338020200061852,-0.047020634021012864,546
state_rule_vol20_exact,state_rule,0.20000000000000001,0,candidate,base,2020_2024_carry,2020-01-01,2024-12-31,1827,0,0.28900785642007309,1.3536641325934538,-0.23274934505466327,0.20257673722131042,1.2417128664838863,0.21266486157944944,3.5579706069105157,0.29611885160320905,6.2856214648503714,0.018856819430619075,-0.11182416205487145,753
trend_vol20_band2,trend,0.20000000000000001,0.02,control,base,full,2018-01-03,2024-12-31,1054,1501,0.17298409686751426,0.92232648391612715,-0.26271085474833211,0.19306258194125764,0.65845812512477653,0.1221569915589121,3.0515687711330997,0.26750286338388357,6.8756885187762542,0.020627007173969456,-0.10339869769422183,756
trend_vol20_band2,trend,0.20000000000000001,0.02,control,base,2018_2019,2018-01-03,2019-12-31,272,456,-0.049999482824811481,-0.20190352315665189,-0.26271085474833211,0.17654655121271015,-0.1903213434888682,-0.082398397808655599,0.90294468140002837,0.20747608472437304,5.9464242869108164,0.017839270064009458,-0.051290974082872642,525
trend_vol20_band2,trend,0.20000000000000001,0.02,control,base,2020_2021,2020-01-01,2021-12-31,371,360,0.53442817301621415,2.021770908075565,-0.18219407930949993,0.22394644866863289,2.933290560492698,0.37754039707814097,2.3530902298984322,0.2637341356637054,5.7779980449266191,0.017333885288552082,-0.10339869769422183,162
trend_vol20_band2,trend,0.20000000000000001,0.02,control,base,2022_2024,2022-01-01,2024-12-31,411,685,0.12834967480955406,0.75788920168568752,-0.1672520060655458,0.18050591685571341,0.76740290193741545,0.087929906195437169,1.4362281576588343,0.3098882966207212,8.2370040617113798,0.024710950433917897,-0.047749788298876994,675
trend_vol20_band2,trend,0.20000000000000001,0.02,control,base,2020_2024_carry,2020-01-01,2024-12-31,782,1045,0.2758125941177183,1.321845808539434,-0.23417564639972799,0.19913369908752795,1.1778022111100221,0.20374270030937858,3.3795744456920205,0.29142157978460809,7.249429364934497,0.02174820754971693,-0.10339869769422183,756
allocation_vol20_band2,allocation,0.20000000000000001,0.02,control,base,full,2018-01-03,2024-12-31,1074,1481,0.16895859882217668,0.83045667682212876,-0.37487407579661702,0.21596732630411625,0.45070761018386057,0.10938867905825377,2.9790887674389648,0.31264603289503085,2.2376371173307388,0.0067128960848266061,-0.10840385880297498,925
allocation_vol20_band2,allocation,0.20000000000000001,0.02,control,base,2018_2019,2018-01-03,2019-12-31,305,423,-0.083650659545374872,-0.31764781763894578,-0.37487407579661702,0.20694580754108438,-0.2231433565194261,-0.12997573502320206,0.84039931963996239,0.25278482009268294,2.3042661305166461,0.0069128093441777417,-0.059923078769309024,717
allocation_vol20_band2,allocation,0.20000000000000001,0.02,control,base,2020_2021,2020-01-01,2021-12-31,311,420,0.56219552045873922,2.0885949260871661,-0.18837609780784159,0.22554808005426183,2.9844312893253728,0.39477067096578772,2.4389649939399152,0.26844074182179267,2.0284188300680048,0.0060852167380457253,-0.10840385880297498,162
allocation_vol20_band2,allocation,0.20000000000000001,0.02,control,base,2022_2024,2022-01-01,2024-12-31,458,638,0.132837988352414,0.68677926769547748,-0.2863128778751759,0.2148774049382996,0.46396092742404521,0.078314898078303039,1.4534235233140602,0.38189149885729951,2.3369661870570431,0.0070108821814215119,-0.057518576248082876,675
allocation_vol20_band2,allocation,0.20000000000000001,0.02,control,base,2020_2024_carry,2020-01-01,2024-12-31,769,1058,0.28805556881812211,1.2631303957577171,-0.34377538966583088,0.21930503221932854,0.83791794723330371,0.20486880640377825,3.5448490947318074,0.33649877669366757,2.2123350059020295,0.0066369793030832056,-0.10840385880297498,756
fixed_blend_vol20_band2,fixed_blend,0.20000000000000001,0.02,candidate,base,full,2018-01-03,2024-12-31,1054,1501,0.17314200460377815,0.89571781922549665,-0.3133961847413862,0.20061359668069928,0.55247004601110428,0.11932445056606986,3.0544424636187681,0.29094060503798846,4.2853098652384274,0.012855897907505161,-0.10590221849123316,761
fixed_blend_vol20_band2,fixed_blend,0.20000000000000001,0.02,candidate,base,2018_2019,2018-01-03,2019-12-31,271,457,-0.067283337832161116,-0.28116698445421462,-0.3133961847413862,0.18587413203701783,-0.21469099213088114,-0.10408545863366495,0.87054122604644602,0.23078747832833782,3.8410284436780349,0.011523094238379376,-0.052618638181819,717
fixed_blend_vol20_band2,fixed_blend,0.20000000000000001,0.02,candidate,base,2020_2021,2020-01-01,2021-12-31,357,374,0.55292678254125738,2.0676287702095402,-0.18525118807960095,0.22487819999819342,2.9847408174444161,0.3891093288575585,2.4101290016714301,0.26637688137480597,3.6762918855661515,0.011028806301776878,-0.10590221849123316,162
fixed_blend_vol20_band2,fixed_blend,0.20000000000000001,0.02,candidate,base,2022_2024,2022-01-01,2024-12-31,426,670,0.13345602949905766,0.74633044408524696,-0.22089162145179531,0.19227090700380409,0.60416972188409368,0.088045478888724105,1.4558020188335323,0.34727961803288998,4.9941193066682406,0.014982324332574664,-0.047391515073428758,675
fixed_blend_vol20_band2,fixed_blend,0.20000000000000001,0.02,candidate,base,2020_2024_carry,2020-01-01,2024-12-31,783,1044,0.28541525124608769,1.3206934673928368,-0.28334449350668534,0.20604298476754349,1.0073082688630175,0.20843905662673923,3.5086706662825207,0.31490966702191053,4.4645420138362626,0.013393578173311268,-0.10590221849123316,756
state_rule_vol20_band2,state_rule,0.20000000000000001,0.02,candidate,base,full,2018-01-03,2024-12-31,963,1592,0.18112738912775406,0.95583167378489109,-0.26018261018736821,0.19365789339134379,0.69615486214592426,0.12884927887274453,3.2028223808950482,0.26848189296993791,5.4674216428404163,0.016402238159011592,-0.10840385880297487,754
state_rule_vol20_band2,state_rule,0.20000000000000001,0.02,candidate,base,2018_2019,2018-01-03,2019-12-31,265,463,-0.049254508506272776,-0.19700115103889576,-0.26018261018736821,0.17676285057491192,-0.18930745783049288,-0.081690143039226948,0.90435459145782571,0.20757568709764881,5.7107366868608755,0.017132217116585146,-0.052189560272348889,524
state_rule_vol20_band2,state_rule,0.20000000000000001,0.02,candidate,base,2020_2021,2020-01-01,2021-12-31,329,402,0.5429991911191121,2.0430468674629925,-0.18837609780784215,0.22440385209897498,2.8825270161027134,0.38293195382215156,2.3794333163752208,0.26537802861104137,4.0623375629176905,0.012186993998074602,-0.10840385880297487,162
state_rule_vol20_band2,state_rule,0.20000000000000001,0.02,candidate,base,2022_2024,2022-01-01,2024-12-31,369,727,0.14186025539293645,0.82033544595909813,-0.16706082281207069,0.1814645916699493,0.84915333831748963,0.099467739688441359,1.488403109209264,0.31100802683980999,6.2525871082526523,0.018757706662797941,-0.047033238038877268,556
state_rule_vol20_band2,state_rule,0.20000000000000001,0.02,candidate,base,2020_2024_carry,2020-01-01,2024-12-31,698,1129,0.28781612752490981,1.3646851636180026,-0.23412491267200841,0.19985417618450221,1.2293272178519457,0.21282549151850944,3.5415559462489861,0.29275103247460482,5.3735428830594554,0.016120588397786528,-0.10840385880297487,754
trend_vol40_exact,trend,0.40000000000000002,0,control,base,full,2018-01-03,2024-12-31,2555,0,0.28188826272021927,0.88616866663606386,-0.40163302137638768,0.34948654838455279,0.70185529505067656,0.12649275733655682,5.6772652261523593,0.45617122953875372,10.840091065646387,0.03252015728876937,-0.21361072943420367,827
trend_vol40_exact,trend,0.40000000000000002,0,control,base,2018_2019,2018-01-03,2019-12-31,728,0,-0.097997412804821882,-0.20097606537990481,-0.37572859755438159,0.29522316667140308,-0.26081968059574728,-0.19006786765585104,0.81441316769702921,0.32272030315444628,8.0841468824389118,0.024252467192901986,-0.070102989559009954,528
trend_vol40_exact,trend,0.40000000000000002,0,control,base,2020_2021,2020-01-01,2021-12-31,731,0,1.0959405565818807,1.8817915958356808,-0.35141904146850256,0.4469450090497108,3.11861460893578,0.54141760015877904,4.3885189590632079,0.52041521034411331,11.195935557550179,0.03358748108389558,-0.21361072943420367,166
trend_vol40_exact,trend,0.40000000000000002,0,control,base,2022_2024,2022-01-01,2024-12-31,1096,0,0.16691178072603963,0.65707907685302835,-0.29093036685714846,0.30503712957044066,0.57371728681728174,0.060862039879182095,1.58846049340105,0.50196495621672643,12.452406247594663,0.037357147831080781,-0.081295344628158683,701
trend_vol40_exact,trend,0.40000000000000002,0,control,base,2020_2024_carry,2020-01-01,2024-12-31,1827,0,0.4746262843407052,1.2388729533996614,-0.3897008574265538,0.36868444119396926,1.2179246601482192,0.25286085676671244,6.970988991013404,0.5093470775999337,11.943273712008644,0.035829648448125528,-0.21361072943420367,827
allocation_vol40_exact,allocation,0.40000000000000002,0,control,base,full,2018-01-03,2024-12-31,2555,0,0.29344114046981384,0.81046856856339444,-0.63847491989477434,0.43460061092669749,0.45959697292130947,0.068913598507749196,6.0448474082074277,0.62322088872183568,4.7907884454031286,0.014372315118990146,-0.22364378971620535,942
allocation_vol40_exact,allocation,0.40000000000000002,0,control,base,2018_2019,2018-01-03,2019-12-31,728,0,-0.21292864022762181,-0.35422093589884124,-0.63847491989477434,0.42197102260696673,-0.33349569981967986,-0.41656028642998477,0.62090429116472778,0.51581023700749207,4.9818725947045168,0.014945630841076325,-0.12074708167622261,717
allocation_vol40_exact,allocation,0.40000000000000002,0,control,base,2020_2021,2020-01-01,2021-12-31,731,0,1.3442483385503392,2.0877563695372321,-0.3622901126871757,0.45924661774453346,3.710419609797766,0.64243386751988973,5.4890947372941152,0.54466911954741903,4.9769191740835961,0.014930600133965849,-0.22364378971620535,163
allocation_vol40_exact,allocation,0.40000000000000002,0,control,base,2022_2024,2022-01-01,2024-12-31,1096,0,0.21062638672644884,0.66107292399206574,-0.51370983031192352,0.42493914865714139,0.41001042670053045,0.010055845429291388,1.7736174564182714,0.74695838663656255,4.548585676829572,0.013645736159491578,-0.11485850586950641,700
allocation_vol40_exact,allocation,0.40000000000000002,0,control,base,2020_2024_carry,2020-01-01,2024-12-31,1827,0,0.5765189657570946,1.2571300061369337,-0.59184383724087841,0.43920810416560108,0.97410656237424564,0.26278604853798099,9.7355542459984896,0.66602053538195727,4.7173342350544401,0.014151927268586169,-0.22364378971620535,825
fixed_blend_vol40_exact,fixed_blend,0.40000000000000002,0,candidate,base,full,2018-01-03,2024-12-31,2555,0,0.29514766740360754,0.8701044181805917,-0.5124785861029586,0.38102251652481522,0.57592195148679137,0.11376213790617462,6.1008360187879376,0.53969337840062992,7.6289013960102814,0.022886613213968784,-0.21862734582536902,930
fixed_blend_vol40_exact,fixed_blend,0.40000000000000002,0,candidate,base,2018_2019,2018-01-03,2019-12-31,728,0,-0.15108638274742336,-0.30259827408012546,-0.5124785861029586,0.344207809850685,-0.29481501636259516,-0.28187521372902524,0.72178634897936556,0.41922255157655541,6.4503399105660684,0.019351053946166406,-0.090733734900776852,717
fixed_blend_vol40_exact,fixed_blend,0.40000000000000002,0,candidate,base,2020_2021,2020-01-01,2021-12-31,731,0,1.2198770540336685,1.9935039405952815,-0.3568130587608086,0.45189296223492487,3.418812804302152,0.59453952696641466,4.9224775682229227,0.5325667332607501,7.7797648766628713,0.02333902334017696,-0.21862734582536902,163
fixed_blend_vol40_exact,fixed_blend,0.40000000000000002,0,candidate,base,2022_2024,2022-01-01,2024-12-31,1096,0,0.19762059007346622,0.68816153066250174,-0.38819137894785583,0.35050809336901112,0.50908031654152675,0.05692230076664459,1.7171053532412761,0.62446741081411383,8.3247385301048702,0.024974161544551707,-0.081295344628158683,700
fixed_blend_vol40_exact,fixed_blend,0.40000000000000002,0,candidate,base,2020_2024_carry,2020-01-01,2024-12-31,1827,0,0.53257423606009535,1.2805804824042331,-0.48661956425002006,0.39445867681517516,1.0944365479445957,0.27173961107234434,8.4524125836056658,0.5876970795106059,8.1023094471132122,0.024306787475144195,-0.21862734582536902,825
state_rule_vol40_exact,state_rule,0.40000000000000002,0,candidate,base,full,2018-01-03,2024-12-31,2555,0,0.29914555511492158,0.90951414801161967,-0.40323244925002144,0.3589497419540526,0.74186875503523397,0.13320249285900948,6.2337437028585789,0.47262388038027925,8.6814991080528596,0.026044435990231422,-0.22364378971620547,825
state_rule_vol40_exact,state_rule,0.40000000000000002,0,candidate,base,2018_2019,2018-01-03,2019-12-31,728,0,-0.099153719739314861,-0.20473207153588199,-0.37260820898227165,0.29553765746297622,-0.26610718000588252,-0.19151979729731228,0.81233644489879253,0.32377256197629878,7.5534094725538505,0.022660285065977941,-0.068846090961879658,528
state_rule_vol40_exact,state_rule,0.40000000000000002,0,candidate,base,2020_2021,2020-01-01,2021-12-31,731,0,1.127576878298044,1.9066374717271841,-0.3622901126871757,0.4498135223175504,3.1123589598804906,0.5541330096506516,4.5219074917186068,0.52640402665760722,7.9582797175845492,0.02387473462413818,-0.22364378971620547,166
state_rule_vol40_exact,state_rule,0.40000000000000002,0,candidate,base,2022_2024,2022-01-01,2024-12-31,1096,0,0.19293345429846798,0.70137857181977292,-0.31487279185551331,0.32684642813068138,0.61273460041285488,0.06900019959401435,1.6970370778519734,0.53562613664795367,9.9284710882042333,0.029785302283528964,-0.081295344628158683,698
state_rule_vol40_exact,state_rule,0.40000000000000002,0,candidate,base,2020_2024_carry,2020-01-01,2024-12-31,1827,0,0.50323484638085247,1.2613789203825894,-0.38087013540236203,0.38106484631060844,1.3212767282192417,0.26285153879444118,7.6738446760630721,0.53193628311596497,9.1353888474372145,0.027406058201580003,-0.22364378971620547,825
trend_vol40_band2,trend,0.40000000000000002,0.02,control,base,full,2018-01-03,2024-12-31,991,1564,0.28491012529931337,0.89628921765565239,-0.39228753564110286,0.34723462853543041,0.72627881187632926,0.13036482267176447,5.771511261160045,0.45451574087921032,9.9721577451879782,0.029916357371413526,-0.20806979893269728,827
trend_vol40_band2,trend,0.40000000000000002,0.02,control,base,2018_2019,2018-01-03,2019-12-31,242,486,-0.090118152038538679,-0.17465884851849578,-0.37096824243155169,0.29332217173458996,-0.24292686470369931,-0.18028815740675241,0.82863453093421779,0.32176587001860707,7.2948109206398524,0.021884461843554737,-0.070109916671524219,528
trend_vol40_band2,trend,0.40000000000000002,0.02,control,base,2020_2021,2020-01-01,2021-12-31,420,311,1.093503183373159,1.8909937070334051,-0.34528331528674594,0.4431863393684955,3.1669737139341416,0.54344138168472522,4.3783250339803788,0.51729210175842655,10.210860719861694,0.030632251764768536,-0.20806979893269728,166
trend_vol40_band2,trend,0.40000000000000002,0.02,control,base,2022_2024,2022-01-01,2024-12-31,329,767,0.16748740827801423,0.65997036083452632,-0.29174468093938932,0.30393774012341385,0.57408898677679798,0.062022675213488143,1.5908107639434086,0.50082266257976882,11.608799101740535,0.034826328016479287,-0.079982997245178988,701
trend_vol40_band2,trend,0.40000000000000002,0.02,control,base,2020_2024_carry,2020-01-01,2024-12-31,749,1078,0.47437644966471781,1.24387207273486,-0.38820877554327737,0.3663148044400904,1.2219622006247886,0.25436895114438773,6.965086592098892,0.50741224114550432,11.04357247639919,0.033130543793168592,-0.20806979893269728,827
allocation_vol40_band2,allocation,0.40000000000000002,0.02,control,base,full,2018-01-03,2024-12-31,1251,1304,0.29824752829494039,0.82163171883109809,-0.63394524086300963,0.43151024118974313,0.47046260318781891,0.075240868784504922,6.2036752052235435,0.61923842818821495,3.8917382570451156,0.011675169580280691,-0.21797596917397399,934
allocation_vol40_band2,allocation,0.40000000000000002,0.02,control,base,2018_2019,2018-01-03,2019-12-31,373,355,-0.20569566336765743,-0.33883573586105215,-0.63394524086300963,0.41852173196578324,-0.32446913409687789,-0.40455077921592664,0.6323131886056147,0.51148448047875106,4.131840768970787,0.01239556392960876,-0.11919511522372706,717
allocation_vol40_band2,allocation,0.40000000000000002,0.02,control,base,2020_2021,2020-01-01,2021-12-31,399,332,1.345194206480564,2.102588003734525,-0.35626563295703406,0.45523992116471734,3.7758180470996918,0.64631691832889848,5.4935221268143151,0.54099812532794123,4.0301853711258824,0.012090408711622178,-0.21797596917397399,163
allocation_vol40_band2,allocation,0.40000000000000002,0.02,control,base,2022_2024,2022-01-01,2024-12-31,479,617,0.21342465490699336,0.66775865747525676,-0.51018358406493181,0.42274798796308449,0.41832913008786754,0.014219836902341021,1.7859361731302894,0.74299621589200138,3.6471378525384188,0.010941378786965406,-0.11485850586950652,699
allocation_vol40_band2,allocation,0.40000000000000002,0.02,control,base,2020_2024_carry,2020-01-01,2024-12-31,878,949,0.57895778116418062,1.2660417501576942,-0.58901769254393943,0.43625959056795588,0.98292086722164396,0.26683921002195321,9.811079884169347,0.66217486712225404,3.7982756130621373,0.011394747059809042,-0.21797596917397399,825
fixed_blend_vol40_band2,fixed_blend,0.40000000000000002,0.02,candidate,base,full,2018-01-03,2024-12-31,1080,1475,0.30049149609947068,0.8835918009542516,-0.51052933004138246,0.3788749202459335,0.58858811515317533,0.11945146532945913,6.2790434906968313,0.53802337716666382,6.5362700950854382,0.019608727073428207,-0.21302662736942013,930
fixed_blend_vol40_band2,fixed_blend,0.40000000000000002,0.02,candidate,base,2018_2019,2018-01-03,2019-12-31,276,452,-0.1425001631692665,-0.27689082604294485,-0.51052933004138246,0.34233972642982541,-0.27912238295440484,-0.27058546207654166,0.73638998840492909,0.41767909769961031,5.3607969289553736,0.016082431623648363,-0.088300460342973008,717
fixed_blend_vol40_band2,fixed_blend,0.40000000000000002,0.02,candidate,base,2020_2021,2020-01-01,2021-12-31,423,308,1.2196638501639825,2.0056323522532864,-0.35069201976943287,0.44819792974906075,3.4778774007058009,0.59759819177064588,4.9215327207308492,0.52940495829685819,6.8020987081994733,0.020406023151397366,-0.21302662736942013,163
fixed_blend_vol40_band2,fixed_blend,0.40000000000000002,0.02,candidate,base,2022_2024,2022-01-01,2024-12-31,381,715,0.20120253659916698,0.69768410477307119,-0.38218350589612371,0.34948295820919095,0.5264553113756123,0.060621197713653402,1.7325478537725292,0.62370832209900218,7.1514177155361098,0.021454213931162751,-0.079982997245178877,699
fixed_blend_vol40_band2,fixed_blend,0.40000000000000002,0.02,candidate,base,2020_2024_carry,2020-01-01,2024-12-31,804,1023,0.53526238719359243,1.2899433165101171,-0.48072450438276149,0.39221649194810604,1.1134493505398819,0.27518637757938547,8.5267909525735277,0.58597665327614112,7.0078501946865579,0.02102341793819457,-0.21302662736942013,825
state_rule_vol40_band2,state_rule,0.40000000000000002,0.02,candidate,base,full,2018-01-03,2024-12-31,974,1581,0.30288806904433585,0.92127927528928766,-0.39343492532863256,0.35645964536794661,0.76985557088338374,0.13780366559069496,6.3604025641455717,0.47052801872620925,7.8318202830532879,0.023495396308857962,-0.2179759691739741,825
state_rule_vol40_band2,state_rule,0.40000000000000002,0.02,candidate,base,2018_2019,2018-01-03,2019-12-31,244,484,-0.089986785958593551,-0.1735699021807374,-0.36706122022772925,0.29367021191482612,-0.24515470717054952,-0.18033560000460114,0.82887267321161961,0.32282813965043744,6.7889551862242588,0.020366921150809403,-0.068850420636509591,528
state_rule_vol40_band2,state_rule,0.40000000000000002,0.02,candidate,base,2020_2021,2020-01-01,2021-12-31,397,334,1.1267667188264476,1.9185339494021976,-0.35626563295703373,0.4457916462659039,3.1627151613648286,0.55717111990033485,4.5184667111369272,0.52315984956691119,6.9920772647960963,0.020976120230817016,-0.2179759691739741,166
state_rule_vol40_band2,state_rule,0.40000000000000002,0.02,candidate,base,2022_2024,2022-01-01,2024-12-31,333,763,0.19322152113859858,0.70390843434832295,-0.31474678721220561,0.32530468731654616,0.6138951340854405,0.070250003749986967,1.6982659226547618,0.53353134319939244,9.0983398897095054,0.027294906600628655,-0.079982997245178988,698
state_rule_vol40_band2,state_rule,0.40000000000000002,0.02,candidate,base,2020_2024_carry,2020-01-01,2024-12-31,730,1097,0.50322361473587662,1.2674440971836882,-0.38201968462046587,0.3783724666933328,1.3172714260413729,0.26481736411990053,7.6735580381737885,0.52938161038858578,8.251313572033439,0.024753828311163632,-0.2179759691739741,825
btc_buy_hold,btc_buy_hold,,0,benchmark,base,full,2018-01-03,2024-12-31,2,0,0.29898909439955013,0.72894713633333263,-0.81384865421875507,0.68774925561773281,0.36737677558312287,-0.20816570750619101,6.2284959859365516,0.99960861056750938,0.28559417674931276,0.00085678248392645256,-0.38812428745094485,1045
btc_buy_hold,btc_buy_hold,,0,benchmark,base,2018_2019,2018-01-03,2019-12-31,1,0,-0.30599944160234571,-0.088417008373773268,-0.81384865421875507,0.76945400010684495,-0.37599059728873846,-0.95612200819131732,0.48332560782546458,0.99999999999998912,0.50090443936416096,0.001502713318092483,-0.15459523917378981,724
btc_buy_hold,btc_buy_hold,,0,benchmark,base,2020_2021,2020-01-01,2021-12-31,0,0,1.5410962535360593,1.5937915150634747,-0.53168012202870463,0.7851502609127452,2.8985402870729438,0.32667442557557902,6.4489318589059561,0.99999999999999567,0,0,-0.38812428745094485,188
btc_buy_hold,btc_buy_hold,,0,benchmark,base,2022_2024,2022-01-01,2024-12-31,1,0,0.2597581436217804,0.69534440509432061,-0.66983013791382584,0.54544848459112372,0.38779703826225642,-0.0669965219865164,1.9982765643163953,0.99908759124087387,0.33356164383561626,0.0010006848234656845,-0.15417808941374911,769
btc_buy_hold,btc_buy_hold,,0,benchmark,base,2020_2024_carry,2020-01-01,2024-12-31,1,0,0.66747401507469606,1.116544501610381,-0.76670598287258107,0.65219660008907876,0.87057363576830682,0.090165920046814785,12.886749398525096,0.99945265462506538,0.20002738225629776,0.00060008208197969576,-0.38812428745094485,846
eth_buy_hold,eth_buy_hold,,0,benchmark,base,full,2018-01-03,2024-12-31,2,0,0.21289350925419459,0.66640658881803538,-0.94011630423803116,0.8809513428873722,0.22645443791845077,-0.57704112347435554,3.8559162742985156,0.99960861056750583,0.28559417674931264,0.00085675440247703493,-0.4332254252093839,1149
eth_buy_hold,eth_buy_hold,,0,benchmark,base,2018_2019,2018-01-03,2019-12-31,1,0,-0.61685388437778599,-0.50328756106990868,-0.94011630423803116,0.9655013415400866,-0.65614635295337109,-1.8842140761669961,0.1481566860113348,0.99999999999998079,0.50090443936416096,0.001502713318092483,-0.20274673299933132,717
eth_buy_hold,eth_buy_hold,,0,benchmark,base,2020_2021,2020-01-01,2021-12-31,0,0,4.3537184300511784,2.1536601942356555,-0.61469940964822523,1.0370070082266207,7.0826787234799626,0.62028541209438992,28.596545822311221,0.99999999999999079,0,0,-0.4332254252093839,166
eth_buy_hold,eth_buy_hold,,0,benchmark,base,2022_2024,2022-01-01,2024-12-31,1,0,-0.030930523364923856,0.29529897288677243,-0.74048740228840315,0.68325836046561161,-0.041770492339688874,-0.49849748865743837,0.91010764459437199,0.99908759124087387,0.33356164383561604,0.0010006193257288696,-0.17564174629941853,794
eth_buy_hold,eth_buy_hold,,0,benchmark,base,2020_2024_carry,2020-01-01,2024-12-31,1,0,0.91919907238961973,1.20195320314806,-0.79350360564433942,0.84414765511157763,1.1584056655208432,-0.054251917454277709,26.025934961878797,0.99945265462506339,0.20002738225629765,0.00060004280485931663,-0.4332254252093839,1149
mix_buy_hold,mix_buy_hold,,0,benchmark,base,full,2018-01-03,2024-12-31,2,0,0.26032470146912901,0.68961841045836414,-0.87849214211119997,0.73714907407419117,0.29633128060031866,-0.3067315633787574,5.0422061301175054,0.99960861056750827,0.28559417674931276,0.000856771746156861,-0.40144038732507525,1108
mix_buy_hold,mix_buy_hold,,0,benchmark,base,2018_2019,2018-01-03,2019-12-31,1,0,-0.43964867292160759,-0.30003693022436001,-0.87849214211119997,0.81370362013755193,-0.50045828738438125,-1.2373115084359561,0.315741146918399,0.99999999999998668,0.50090443936416096,0.001502713318092483,-0.15824892984096262,717
mix_buy_hold,mix_buy_hold,,0,benchmark,base,2020_2021,2020-01-01,2021-12-31,0,0,2.4153686131955845,1.8955576001517163,-0.55828804516928321,0.8437678704834618,4.3263842636343757,0.53149427076846112,11.645145782719526,0.99999999999999412,0,0,-0.40144038732507525,163
mix_buy_hold,mix_buy_hold,,0,benchmark,base,2022_2024,2022-01-01,2024-12-31,1,0,0.11108207081076094,0.47420591190021016,-0.69254962487069627,0.59146875648808461,0.16039582843106834,-0.24427495382142617,1.371337916632879,0.99908759124087387,0.33356164383561615,0.0010006597784761532,-0.16113387203839258,786
mix_buy_hold,mix_buy_hold,,0,benchmark,base,2020_2024_carry,2020-01-01,2024-12-31,1,0,0.74056734557787918,1.1480783725192332,-0.76860868788418157,0.70395491297545754,0.96351675078837018,0.064866631562355725,15.96942995656079,0.99945265462506494,0.20002738225629774,0.00060006706321543682,-0.40144038732507525,1108
usd_cash,usd_cash,,0,benchmark,base,full,2018-01-03,2024-12-31,2,0,0,,0,0,,0,1,0,0,0,0,0
usd_cash,usd_cash,,0,benchmark,base,2018_2019,2018-01-03,2019-12-31,1,0,0,,0,0,,0,1,0,0,0,0,0
usd_cash,usd_cash,,0,benchmark,base,2020_2021,2020-01-01,2021-12-31,0,0,0,,0,0,,0,1,0,0,0,0,0
usd_cash,usd_cash,,0,benchmark,base,2022_2024,2022-01-01,2024-12-31,1,0,0,,0,0,,0,1,0,0,0,0,0
usd_cash,usd_cash,,0,benchmark,base,2020_2024_carry,2020-01-01,2024-12-31,1,0,0,,0,0,,0,1,0,0,0,0,0
trend_vol20_exact,trend,0.20000000000000001,0,control,cost_stress,full,2018-01-03,2024-12-31,2555,0,0.13046406404844269,0.72402752729482234,-0.29323194921689122,0.19570189872070151,0.44491763055445216,0.084244712073319711,2.3571995735891491,0.27040992622190219,7.6632259697280016,0.057474037702106691,-0.10682856130180141,930
trend_vol20_exact,trend,0.20000000000000001,0,control,cost_stress,2018_2019,2018-01-03,2019-12-31,728,0,-0.087118093224949567,-0.41696794112780794,-0.29323194921689122,0.17955628684476593,-0.29709618429236034,-0.12322990546043597,0.83408157027297569,0.21027219922477275,6.575282406824968,0.049314583368440357,-0.05359041565094802,717
trend_vol20_exact,trend,0.20000000000000001,0,control,cost_stress,2020_2021,2020-01-01,2021-12-31,731,0,0.49254901776585247,1.8739972624268417,-0.18865589032154528,0.22726566469934276,2.6108329664467482,0.34842070996333374,2.2264816014243753,0.26727735419137194,6.7057835804667798,0.05029310144584942,-0.10682856130180141,163
trend_vol20_exact,trend,0.20000000000000001,0,control,cost_stress,2022_2024,2022-01-01,2024-12-31,1096,0,0.082795773269475514,0.52638375470113818,-0.20477799550827946,0.18235291607673021,0.40431967831293653,0.046108733642640308,1.2693129706650081,0.31244475779875241,9.0378326969706073,0.067783585503976507,-0.047813908922836212,701
trend_vol20_exact,trend,0.20000000000000001,0,control,cost_stress,2020_2024_carry,2020-01-01,2024-12-31,1827,0,0.23097694833827975,1.1306331731371961,-0.27236042778724912,0.20164522064451787,0.84805619602971272,0.16699558315209684,2.8261019756349621,0.29437285192190776,8.1005743794762122,0.060754101961842465,-0.10682856130180141,831
allocation_vol20_exact,allocation,0.20000000000000001,0,control,cost_stress,full,2018-01-03,2024-12-31,2555,0,0.1506019183572842,0.74819421633854755,-0.39378311805995625,0.21965612466138656,0.3824488949634301,0.091972222403100545,2.6669627258494559,0.31718460066025816,3.1389444526393766,0.023542030149812744,-0.11184541278033966,930
allocation_vol20_exact,allocation,0.20000000000000001,0,control,cost_stress,2018_2019,2018-01-03,2019-12-31,728,0,-0.10640166660809891,-0.42633540221082755,-0.39378311805995625,0.21101867344376787,-0.27020372821543487,-0.1567580518295954,0.7993792624895828,0.25786753935413903,3.0289833285532608,0.022717370994017286,-0.060378594877152025,717
allocation_vol20_exact,allocation,0.20000000000000001,0,control,cost_stress,2020_2021,2020-01-01,2021-12-31,731,0,0.54982120359462172,2.0212228175236304,-0.19410736592937572,0.22960281716353845,2.832562283054572,0.38500227254450037,2.4005055551026708,0.2727628302789914,3.0432041362694613,0.02282392135248465,-0.11184541278033966,163
allocation_vol20_exact,allocation,0.20000000000000001,0,control,cost_stress,2022_2024,2022-01-01,2024-12-31,1096,0,0.11605712378802169,0.61159257882493556,-0.29637854166337296,0.21804324565731323,0.39158409760933194,0.062039345441751992,1.3898289476116892,0.38621300830584282,3.2815107148000373,0.024611281920235061,-0.057604391911394104,675
allocation_vol20_exact,allocation,0.20000000000000001,0,control,cost_stress,2020_2024_carry,2020-01-01,2024-12-31,1827,0,0.27252739853013908,1.1922465839758583,-0.3548800339505136,0.2228396100796381,0.76794232545678176,0.19119352616129304,3.3362921093843596,0.34082051780905664,3.1844431830135527,0.023883250980268993,-0.11184541278033966,792
fixed_blend_vol20_exact,fixed_blend,0.20000000000000001,0,candidate,cost_stress,full,2018-01-03,2024-12-31,2555,0,0.14300145061992153,0.75859938836448337,-0.33486747963487018,0.20332372189045206,0.42703893126871018,0.092230447241008415,2.5461877923071743,0.29379477962414441,5.2378482610829016,0.039283772094338767,-0.10933675649994801,930
fixed_blend_vol20_exact,fixed_blend,0.20000000000000001,0,candidate,cost_stress,2018_2019,2018-01-03,2019-12-31,728,0,-0.095039037847582386,-0.43197748954064946,-0.33486747963487018,0.18926729609119708,-0.28381089125528164,-0.13549237547213142,0.81973840786965302,0.23406405013738649,4.7144641200622148,0.035358476194904898,-0.05501265162765312,717
fixed_blend_vol20_exact,fixed_blend,0.20000000000000001,0,candidate,cost_stress,2020_2021,2020-01-01,2021-12-31,731,0,0.52320215843746931,1.9562439187975083,-0.19128531172770236,0.22821089575443532,2.7351925441209821,0.36831585761138369,2.3188086483023764,0.27002183316414191,4.6809454046471526,0.035106920302345732,-0.10933675649994801,163
fixed_blend_vol20_exact,fixed_blend,0.20000000000000001,0,candidate,cost_stress,2022_2024,2022-01-01,2024-12-31,1096,0,0.10241656276408051,0.59835311411995373,-0.23545791441137631,0.19405798221198528,0.4349675950375792,0.059627447286095196,1.3395231888839532,0.34932579689478443,5.9661725097060074,0.044746200835189931,-0.047455590049268359,698
fixed_blend_vol20_exact,fixed_blend,0.20000000000000001,0,candidate,cost_stress,2020_2024_carry,2020-01-01,2024-12-31,1827,0,0.25445910351855217,1.1907498542797477,-0.29962552690301247,0.2085070585015579,0.84925709150582318,0.18306695935957079,3.1060979549856786,0.31759553007097507,5.4490958617308323,0.040868095145260325,-0.10933675649994801,825
state_rule_vol20_exact,state_rule,0.20000000000000001,0,candidate,cost_stress,full,2018-01-03,2024-12-31,2555,0,0.14508926509325137,0.78714014066086724,-0.29007119951767713,0.19655050101016655,0.50018500745507322,0.096764639841085243,2.5788874954611454,0.27172886751847225,6.2929305999928582,0.047196897700074576,-0.11184541278033988,930
state_rule_vol20_exact,state_rule,0.20000000000000001,0,candidate,cost_stress,2018_2019,2018-01-03,2019-12-31,728,0,-0.086636088965940106,-0.41356968661394072,-0.29007119951767713,0.17969419588571706,-0.29867180578422248,-0.12275107833132176,0.83495837428491637,0.21051938822889268,6.3221873082905988,0.047416399807597362,-0.053590415650948242,717
state_rule_vol20_exact,state_rule,0.20000000000000001,0,candidate,cost_stress,2020_2021,2020-01-01,2021-12-31,731,0,0.51000895705516491,1.9194950485229483,-0.19410736592937594,0.22804198713308743,2.6274580287732445,0.35972074331388448,2.2788410669836314,0.26939403670692014,5.0530701040596364,0.037897969143662939,-0.11184541278033988,163
state_rule_vol20_exact,state_rule,0.20000000000000001,0,candidate,cost_stress,2022_2024,2022-01-01,2024-12-31,1096,0,0.10674608389841866,0.64271325754660791,-0.18648366588803544,0.18372152039840556,0.57241519459676904,0.067449861270422184,1.3553564729187721,0.31394352285246735,7.111573884283982,0.053336654420998414,-0.04709726164762873,697
state_rule_vol20_exact,state_rule,0.20000000000000001,0,candidate,cost_stress,2020_2024_carry,2020-01-01,2024-12-31,1827,0,0.25304574254096113,1.2133241293469377,-0.2541221936526965,0.20272681099204112,0.99576404132097751,0.18432609159969535,3.0886419908893759,0.29611885160320894,6.284728685243425,0.047135352719532973,-0.11184541278033988,792
trend_vol20_band2,trend,0.20000000000000001,0.02,control,cost_stress,full,2018-01-03,2024-12-31,1054,1501,0.13723522175082303,0.76194688752324236,-0.28268532077672026,0.19312442374055269,0.48546992597192068,0.091204989006153078,2.4577155177101382,0.26750286338388368,6.8743128976319285,0.051557200771960229,-0.10339869769422128,831
trend_vol20_band2,trend,0.20000000000000001,0.02,control,cost_stress,2018_2019,2018-01-03,2019-12-31,272,456,-0.07508786488096153,-0.353249290852586,-0.28268532077672026,0.17651468248662444,-0.26562350204335466,-0.10908983611350026,0.85610256159239484,0.20747608472437343,5.9445599196103336,0.044584192272032482,-0.051290974082872753,528
trend_vol20_band2,trend,0.20000000000000001,0.02,control,cost_stress,2020_2021,2020-01-01,2021-12-31,371,360,0.4950370464137166,1.9054132289244343,-0.18362175300821537,0.22399184509747877,2.6959607906126912,0.35153850481466936,2.2339056336915637,0.26373413566370552,5.7771769837161351,0.043328555308294804,-0.10339869769422128,163
trend_vol20_band2,trend,0.20000000000000001,0.02,control,cost_stress,2022_2024,2022-01-01,2024-12-31,411,685,0.087272831837029496,0.55246577311180756,-0.20349164036102951,0.18063430825689805,0.42887674246564789,0.050851142782491643,1.2851120377066907,0.30988829662072093,8.235580713134663,0.061766701018048945,-0.047848506589832529,701
trend_vol20_band2,trend,0.20000000000000001,0.02,control,cost_stress,2020_2024_carry,2020-01-01,2024-12-31,782,1045,0.23484857311317331,1.1575799783687859,-0.26959923367777194,0.19923562482373919,0.87110252469733274,0.17108891897539694,2.8708190209578222,0.29142157978460809,7.2482475788582867,0.054361655525640082,-0.10339869769422128,831
allocation_vol20_band2,allocation,0.20000000000000001,0.02,control,cost_stress,full,2018-01-03,2024-12-31,1074,1481,0.15724581767773116,0.78382979116686835,-0.38048756412154139,0.2159800163435372,0.41327452591197222,0.099320519917139721,2.7765263675557392,0.31264603289503073,2.2375037773261495,0.01678124009181374,-0.10840385880297287,929
allocation_vol20_band2,allocation,0.20000000000000001,0.02,control,cost_stress,2018_2019,2018-01-03,2019-12-31,305,423,-0.093101910843997771,-0.3676555096538468,-0.38048756412154139,0.20693498192491072,-0.24469107435600096,-0.14031391636120732,0.82323470099897478,0.25278482009268305,2.3038073062429714,0.017278581980126408,-0.059923078769308691,717
allocation_vol20_band2,allocation,0.20000000000000001,0.02,control,cost_stress,2020_2021,2020-01-01,2021-12-31,311,420,0.54799651748613387,2.0481533326427623,-0.18893725372688497,0.22554797059850418,2.9004153848784151,0.38564899709048261,2.3948602614956416,0.26844074182179228,2.0286140731871161,0.015214506031399167,-0.10840385880297287,163
allocation_vol20_band2,allocation,0.20000000000000001,0.02,control,cost_stress,2022_2024,2022-01-01,2024-12-31,458,638,0.12098534410287964,0.63783109715089503,-0.2915246731287382,0.21491104636809713,0.41500893493653673,0.067796811718264668,1.4083090039288588,0.38189149885729945,2.3368296458682662,0.017526181453898625,-0.057709059350624092,675
allocation_vol20_band2,allocation,0.20000000000000001,0.02,control,cost_stress,2020_2024_carry,2020-01-01,2024-12-31,769,1058,0.27529331736703844,1.2176593440523915,-0.34928067316537614,0.21932609129315198,0.78817220223545992,0.19490856297469633,3.3727032694157346,0.33649877669366735,2.2123311805325003,0.016592419548160122,-0.10840385880297287,790
fixed_blend_vol20_band2,fixed_blend,0.20000000000000001,0.02,candidate,cost_stress,full,2018-01-03,2024-12-31,1054,1501,0.15073257242942018,0.79966477729865393,-0.32396177488656952,0.2006081871046794,0.46527888199833756,0.10005383416521108,2.6690810539811083,0.29094060503798824,4.2848416431363683,0.03213623300124837,-0.10590221849123316,929
fixed_blend_vol20_band2,fixed_blend,0.20000000000000001,0.02,candidate,cost_stress,2018_2019,2018-01-03,2019-12-31,271,457,-0.083265436540705728,-0.37400029332014706,-0.32396177488656952,0.18585267288042995,-0.25702241127015651,-0.12132077819681431,0.84110266952874124,0.23078747832833785,3.8400942083914069,0.028800728630754498,-0.052618638181818667,717
fixed_blend_vol20_band2,fixed_blend,0.20000000000000001,0.02,candidate,cost_stress,2020_2021,2020-01-01,2021-12-31,357,374,0.52744110616606887,1.9941933621849888,-0.18622713533199331,0.22486812856047139,2.8322462525441421,0.37258201647881972,2.3317238477689908,0.26637688137480575,3.6763551712899312,0.027572490219221583,-0.10590221849123316,163
fixed_blend_vol20_band2,fixed_blend,0.20000000000000001,0.02,candidate,cost_stress,2022_2024,2022-01-01,2024-12-31,426,670,0.10826198096677708,0.62956976938624809,-0.23135789217045055,0.19227462084630206,0.46794159451892042,0.065595993972650868,1.3609295268963819,0.34727961803288948,4.9936052895233614,0.03745195571744115,-0.04748859691547791,698
fixed_blend_vol20_band2,fixed_blend,0.20000000000000001,0.02,candidate,cost_stress,2020_2024_carry,2020-01-01,2024-12-31,783,1044,0.25984258085104406,1.2232086572180438,-0.29434042467256094,0.20604679462067116,0.88279610637956363,0.18835530061185368,3.1733118329972649,0.31490966702191014,4.4642590728749889,0.033481823313597919,-0.10590221849123316,824
state_rule_vol20_band2,state_rule,0.20000000000000001,0.02,candidate,cost_stress,full,2018-01-03,2024-12-31,963,1592,0.1524128948194603,0.82846673595971554,-0.27874246236526978,0.19376971383782465,0.54678750243561869,0.10421170934988203,2.6964533486704769,0.26848189296993791,5.4661970138734546,0.040996410596833781,-0.10840385880297299,792
state_rule_vol20_band2,state_rule,0.20000000000000001,0.02,candidate,cost_stress,2018_2019,2018-01-03,2019-12-31,265,463,-0.073379983800823001,-0.34214300528080721,-0.27874246236526978,0.17674063649023228,-0.26325369725931597,-0.10732645140446943,0.85925193442063996,0.20757568709764937,5.7088561957967929,0.042816438954090402,-0.052189560272348556,528
state_rule_vol20_band2,state_rule,0.20000000000000001,0.02,candidate,cost_stress,2020_2021,2020-01-01,2021-12-31,329,402,0.51504167315192384,1.9616735542422157,-0.18893725372688541,0.22439980007137478,2.7259932225776518,0.36466624796914693,2.2940462523763876,0.26537802861104104,4.0618640647768505,0.030463933559256445,-0.10840385880297299,163
state_rule_vol20_band2,state_rule,0.20000000000000001,0.02,candidate,cost_stress,2022_2024,2022-01-01,2024-12-31,369,727,0.11016570511541346,0.66468531825681054,-0.18664029124420345,0.18173855511817683,0.59025682172382976,0.071255595723594384,1.3679499962498498,0.31100802683980988,6.2512949331519918,0.046884575384869911,-0.047128677663802798,697
state_rule_vol20_band2,state_rule,0.20000000000000001,0.02,candidate,cost_stress,2020_2024_carry,2020-01-01,2024-12-31,698,1129,0.25703705056647719,1.2428971430244482,-0.25294662766406939,0.20001172003647691,1.0161710908747128,0.18858696317681795,3.1381405623352636,0.2927510324746046,5.3725787070583415,0.040294239619216736,-0.10840385880297299,792
trend_vol40_exact,trend,0.40000000000000002,0,control,cost_stress,full,2018-01-03,2024-12-31,2555,0,0.22083949163427263,0.7465728200710674,-0.45210701790490904,0.34954110106587788,0.48846729399967304,0.077689413551979059,4.0360591784848809,0.45617122953875372,10.836666302320685,0.081274707482609482,-0.21364779225358133,961
trend_vol40_exact,trend,0.40000000000000002,0,control,cost_stress,2018_2019,2018-01-03,2019-12-31,728,0,-0.13021981844433173,-0.323973155407769,-0.39970642830810088,0.29517960680455607,-0.32578865192519735,-0.22632676903843507,0.75752962674375202,0.32272030315444622,8.0805466168676876,0.06060416603394328,-0.070198654219791989,717
trend_vol40_exact,trend,0.40000000000000002,0,control,cost_stress,2020_2021,2020-01-01,2021-12-31,731,0,0.99293388589784093,1.7690322570771622,-0.35385099670074394,0.44695836172185344,2.8060790987048629,0.49102609378669632,3.9680377910250457,0.52041521034411331,11.193463724632563,0.083950163825219817,-0.21364779225358133,168
trend_vol40_exact,trend,0.40000000000000002,0,control,cost_stress,2022_2024,2022-01-01,2024-12-31,1096,0,0.10329060682430868,0.47343803045207317,-0.34250704802152598,0.30522266876575388,0.30157220828289949,0.0047627028570503549,1.3427096282275077,0.50196495621672632,12.448456462723694,0.093363246220545593,-0.081337262419347911,770
trend_vol40_exact,trend,0.40000000000000002,0,control,cost_stress,2020_2024_carry,2020-01-01,2024-12-31,1827,0,0.39743454633476394,1.0928912159828945,-0.4521070179049117,0.36878935988918538,0.87907183608097272,0.19903826401963245,5.3279225471799361,0.5093470775999337,11.939916947242176,0.089548945347156558,-0.21364779225358133,841
allocation_vol40_exact,allocation,0.40000000000000002,0,control,cost_stress,full,2018-01-03,2024-12-31,2555,0,0.2658525529182707,0.76090911701945285,-0.64548952515273106,0.4345836302531218,0.41186191651269105,0.04738424884103809,5.198894457759291,0.62322088872183545,4.7902436587965269,0.035926701621383464,-0.22367736932785354,961
allocation_vol40_exact,allocation,0.40000000000000002,0,control,cost_stress,2018_2019,2018-01-03,2019-12-31,728,0,-0.23037380083416081,-0.40720405762028167,-0.64548952515273106,0.42195718320532366,-0.35689781453796859,-0.43889447383108904,0.59381259844274525,0.51581023700749229,4.9805527523922537,0.037354177058309963,-0.12078524983693262,717
allocation_vol40_exact,allocation,0.40000000000000002,0,control,cost_stress,2020_2021,2020-01-01,2021-12-31,731,0,1.2923155387111289,2.0391170043373803,-0.36344398253221821,0.45920866193267484,3.5557488934256023,0.62007129829493635,5.2487466188160372,0.54466911954741903,4.9772148943993724,0.03732871741934795,-0.22367736932785354,163
allocation_vol40_exact,allocation,0.40000000000000002,0,control,cost_stress,2022_2024,2022-01-01,2024-12-31,1096,0,0.18609477797695551,0.61296656714854492,-0.52211380823244058,0.42493614839472843,0.35642569693178411,-0.010384443179978609,1.6680381745799864,0.746958386636562,4.5479941375941726,0.034109904569404575,-0.11496552338715715,701
allocation_vol40_exact,allocation,0.40000000000000002,0,control,cost_stress,2020_2024_carry,2020-01-01,2024-12-31,1827,0,0.54339866390533231,1.2088409874793795,-0.60014113946822567,0.43918849898301288,0.90545144828236268,0.24157925234178396,8.7551097288827702,0.66602053538195694,4.7170977292317415,0.035378044479530121,-0.22367736932785354,828
fixed_blend_vol40_exact,fixed_blend,0.40000000000000002,0,candidate,cost_stress,full,2018-01-03,2024-12-31,2555,0,0.25143267900648558,0.78003456097958901,-0.5258831092016133,0.38103375151259777,0.47811514499525637,0.07943941539188884,4.7986497445006622,0.53969337840062981,7.6277806006754956,0.057208126811448413,-0.21866278927374971,946
fixed_blend_vol40_exact,fixed_blend,0.40000000000000002,0,candidate,cost_stress,2018_2019,2018-01-03,2019-12-31,728,0,-0.1753677129982234,-0.38670242694027523,-0.5258831092016133,0.34419655496972035,-0.33347280019026215,-0.3108085458308083,0.68127602077732585,0.41922255157655519,6.4481801291212451,0.048361435909670354,-0.090772135975872081,717
fixed_blend_vol40_exact,fixed_blend,0.40000000000000002,0,candidate,cost_stress,2020_2021,2020-01-01,2021-12-31,731,0,1.1434890462438627,1.9160785429377196,-0.35852783711364711,0.45187818603537733,3.1894010112285827,0.55954325376207104,4.5897523903272708,0.53256673326075021,7.7793911306830266,0.058344754950553503,-0.21866278927374971,166
fixed_blend_vol40_exact,fixed_blend,0.40000000000000002,0,candidate,cost_stress,2022_2024,2022-01-01,2024-12-31,1096,0,0.15357197824087243,0.58135249531724431,-0.40469366637868887,0.35056855927478914,0.37947709835707849,0.019456434586167914,1.5346406295225059,0.62446741081411361,8.3238074656214245,0.062428420873246439,-0.081337262419347911,704
fixed_blend_vol40_exact,fixed_blend,0.40000000000000002,0,candidate,cost_stress,2020_2024_carry,2020-01-01,2024-12-31,1827,0,0.47768683556613611,1.1880967899319548,-0.50278600693681297,0.39448676096617719,0.95007981323189217,0.23525874750819073,7.0436204976442838,0.58769707951060579,8.1016016978390297,0.060761660443652186,-0.21866278927374971,833
state_rule_vol40_exact,state_rule,0.40000000000000002,0,candidate,cost_stress,full,2018-01-03,2024-12-31,2555,0,0.24935425706495651,0.80061123845607163,-0.43444765248951833,0.35902345653201134,0.57395696728036194,0.094091450658583653,4.7431979778348543,0.47262388038027925,8.6787006655954375,0.065090101575421735,-0.22367736932785365,943
state_rule_vol40_exact,state_rule,0.40000000000000002,0,candidate,cost_stress,2018_2019,2018-01-03,2019-12-31,728,0,-0.12925637585562433,-0.31957949093725357,-0.39415386488437509,0.29547069142333016,-0.32793380294150265,-0.22538076738721741,0.75920071082096974,0.32377256197629878,7.5497968660191628,0.056623618140533148,-0.068934274627957426,717
state_rule_vol40_exact,state_rule,0.40000000000000002,0,candidate,cost_stress,2020_2021,2020-01-01,2021-12-31,731,0,1.0527219657648841,1.8271515550259447,-0.36344398253221855,0.44977605092561879,2.8965178029094552,0.5183612668828057,4.2095212152599268,0.52640402665760722,7.9565447074964792,0.05967382337193386,-0.22367736932785365,167
state_rule_vol40_exact,state_rule,0.40000000000000002,0,candidate,cost_stress,2022_2024,2022-01-01,2024-12-31,1096,0,0.14077448486299438,0.56457388616903892,-0.3211740587046048,0.32710647799137288,0.43831212717111029,0.024177803554775806,1.48416417229371,0.53562613664795344,9.9254991249884821,0.074440966186253718,-0.081337262419348022,704
state_rule_vol40_exact,state_rule,0.40000000000000002,0,candidate,cost_stress,2020_2024_carry,2020-01-01,2024-12-31,1827,0,0.44266241572725851,1.1532260316653888,-0.41564202800715822,0.38119050727493031,1.0650087957891374,0.2216395117584064,6.2476205701990351,0.53193628311596497,9.1329130220891663,0.068496576689736854,-0.22367736932785365,833
trend_vol40_band2,trend,0.40000000000000002,0.02,control,cost_stress,full,2018-01-03,2024-12-31,991,1564,0.22850381513563511,0.76700980066401614,-0.44681469522955564,0.34729477827287153,0.511406221807989,0.085458004131324372,4.2166023156552015,0.45451574087920998,9.969031694261492,0.074767447909571599,-0.20806979893269339,943
trend_vol40_band2,trend,0.40000000000000002,0.02,control,cost_stress,2018_2019,2018-01-03,2019-12-31,242,486,-0.1195057454200803,-0.28643578995003843,-0.39300623715822547,0.29325752899962571,-0.30408104025068422,-0.21299941945025355,0.77621621302976929,0.32176587001860696,7.2920625869996698,0.054690541990904222,-0.070217363457399706,717
trend_vol40_band2,trend,0.40000000000000002,0.02,control,cost_stress,2020_2021,2020-01-01,2021-12-31,420,311,0.99945865663143896,1.7872230595280614,-0.34748310330549992,0.44321577338771773,2.8762798741115643,0.49746511787558378,3.9940447861068851,0.51729210175842699,10.208508396656736,0.076562986538076014,-0.20806979893269339,167
trend_vol40_band2,trend,0.40000000000000002,0.02,control,cost_stress,2022_2024,2022-01-01,2024-12-31,329,767,0.10803334201768355,0.48812089125457941,-0.33778960055665253,0.30413250898465832,0.31982435764645362,0.0097085568131278777,1.3600879810055022,0.50082266257976782,11.604900745968649,0.087036582430011875,-0.079982997245179988,770
trend_vol40_band2,trend,0.40000000000000002,0.02,control,cost_stress,2020_2024_carry,2020-01-01,2024-12-31,749,1078,0.40286574902666517,1.1079586066658638,-0.44681469522955464,0.36643309484941955,0.90163943426186921,0.20458288170423766,5.4322523091816866,0.50741224114550387,11.040294329898733,0.082801773238586257,-0.20806979893269339,840
allocation_vol40_band2,allocation,0.40000000000000002,0.02,control,cost_stress,full,2018-01-03,2024-12-31,1251,1304,0.27570967318151007,0.78108164785178791,-0.63973057969074298,0.43150554346799469,0.43097779273705028,0.05774550988374838,5.4886650086024282,0.61923842818821551,3.8909144155982789,0.029181744800488862,-0.21797596917397433,943
allocation_vol40_band2,allocation,0.40000000000000002,0.02,control,cost_stress,2018_2019,2018-01-03,2019-12-31,373,355,-0.22032268327233828,-0.38309732744282499,-0.63973057969074298,0.4185283428902466,-0.34439917406925608,-0.42308605032401159,0.60934818500730958,0.51148448047875139,4.1301790498760154,0.030976445592953577,-0.11919511522372561,717
allocation_vol40_band2,allocation,0.40000000000000002,0.02,control,cost_stress,2020_2021,2020-01-01,2021-12-31,399,332,1.3030353866864464,2.0628549431679821,-0.35711350664954344,0.4552098304427078,3.6487989460594439,0.62820786430988074,5.297918335480694,0.540998125327941,4.0302246721422517,0.03022631543235604,-0.21797596917397433,163
allocation_vol40_band2,allocation,0.40000000000000002,0.02,control,cost_stress,2022_2024,2022-01-01,2024-12-31,479,617,0.19367089822891992,0.62898518691956806,-0.517174486093542,0.42275407303815515,0.37447883342391031,-0.0021754597546120302,1.7001840737784151,0.7429962158920026,3.6462933675929659,0.027347114163243286,-0.11496552338715393,700
allocation_vol40_band2,allocation,0.40000000000000002,0.02,control,cost_stress,2020_2024_carry,2020-01-01,2024-12-31,878,949,0.5521953561751729,1.2268918051248607,-0.59579900894881543,0.4362487821472007,0.92681482829155148,0.24976055592472757,9.0074363781629483,0.66217486712225493,3.7977849113790474,0.028483187444891186,-0.21797596917397433,827
fixed_blend_vol40_band2,fixed_blend,0.40000000000000002,0.02,candidate,cost_stress,full,2018-01-03,2024-12-31,1080,1475,0.26279102812249522,0.80597014888293783,-0.52168228840247166,0.37889489544935256,0.50373768472613945,0.090035962599936153,5.1116072769429035,0.5380233771666636,6.5350369815688056,0.049012568972734684,-0.21302662736942091,942
fixed_blend_vol40_band2,fixed_blend,0.40000000000000002,0.02,candidate,cost_stress,2018_2019,2018-01-03,2019-12-31,276,452,-0.16293343415572836,-0.3471931376096884,-0.52168228840247166,0.34231872493204402,-0.31232310886895043,-0.29462387633035486,0.70187559528976151,0.41767909769960987,5.3586800319474825,0.040190201704113936,-0.088300460342972786,717
fixed_blend_vol40_band2,fixed_blend,0.40000000000000002,0.02,candidate,cost_stress,2020_2021,2020-01-01,2021-12-31,423,308,1.1527381312515916,1.9373295568037043,-0.35216852125476505,0.44820005149631581,3.2732571529801215,0.56698627788280476,4.6294198224185461,0.52940495829685852,6.8014392080520079,0.0510101110861787,-0.21302662736942091,166
fixed_blend_vol40_band2,fixed_blend,0.40000000000000002,0.02,candidate,cost_stress,2022_2024,2022-01-01,2024-12-31,381,715,0.16314854511094534,0.60563458030323081,-0.39582513586334656,0.34955877842815375,0.41217328140391329,0.028417874700370355,1.5731523047971836,0.62370832209900184,7.1503867085141044,0.0536278022142129,-0.079982997245179877,701
fixed_blend_vol40_band2,fixed_blend,0.40000000000000002,0.02,candidate,cost_stress,2020_2024_carry,2020-01-01,2024-12-31,804,1023,0.48758941412651868,1.2094522074647904,-0.49414865106001626,0.39225964320654294,0.98672618670631373,0.24361784984271792,7.2827824635114888,0.58597665327614101,7.0069682736587682,0.05255193018481575,-0.21302662736942091,831
state_rule_vol40_band2,state_rule,0.40000000000000002,0.02,candidate,cost_stress,full,2018-01-03,2024-12-31,974,1581,0.25775280019567726,0.82232216677063485,-0.41414769501230109,0.35653666438863552,0.62236927381189799,0.10251041281317561,4.9706958301214348,0.47052801872620942,7.8290902378257989,0.058718015266053004,-0.21797596917397444,942
state_rule_vol40_band2,state_rule,0.40000000000000002,0.02,candidate,cost_stress,2018_2019,2018-01-03,2019-12-31,244,484,-0.11736975939030936,-0.27753217398125046,-0.38680678587203421,0.29357483382990801,-0.30343252413658106,-0.2107557364463859,0.77996870860402956,0.32282813965043744,6.7860985340070963,0.05089587782044034,-0.06894677705731278,717
state_rule_vol40_band2,state_rule,0.40000000000000002,0.02,candidate,cost_stress,2020_2021,2020-01-01,2021-12-31,397,334,1.0608821580346937,1.848051254143831,-0.35711350664954311,0.44576384162339794,2.9707141798918317,0.52573632281581784,4.2430329406566534,0.52315984956691119,6.990286914637597,0.052426872132200153,-0.21797596917397444,167
state_rule_vol40_band2,state_rule,0.40000000000000002,0.02,candidate,cost_stress,2022_2024,2022-01-01,2024-12-31,333,763,0.14532358126141465,0.57790680287768303,-0.31967375924362496,0.32557797524407744,0.45459965686662079,0.029152199814644564,1.5019781168981916,0.53353134319939266,9.0950624525100334,0.068212685988614727,-0.079982997245179988,703
state_rule_vol40_band2,state_rule,0.40000000000000002,0.02,candidate,cost_stress,2020_2024_carry,2020-01-01,2024-12-31,730,1097,0.4484050367293495,1.1690019339312496,-0.41414769501229953,0.37851057114462172,1.0827176925759121,0.22757421097914307,6.3729426261444857,0.52938161038858589,8.2486324387644743,0.061864462110645793,-0.21797596917397444,833
btc_buy_hold,btc_buy_hold,,0,benchmark,cost_stress,full,2018-01-03,2024-12-31,2,0,0.29731819392883474,0.72707576562234577,-0.8138486542187553,0.68774153567457164,0.3653236905751745,-0.20944242623715015,6.1726893960693641,0.99960861056751116,0.28495732864907042,0.0021371798490643136,-0.38812428745094607,1045
btc_buy_hold,btc_buy_hold,,0,benchmark,cost_stress,2018_2019,2018-01-03,2019-12-31,1,0,-0.3075585148233273,-0.091386552653160383,-0.8138486542187553,0.76940568103336238,-0.37790627683542044,-0.95829098579101435,0.48116683339845595,0.99999999999999301,0.49866714906427229,0.0037400036179820418,-0.15459523917379026,724
btc_buy_hold,btc_buy_hold,,0,benchmark,cost_stress,2020_2021,2020-01-01,2021-12-31,0,0,1.5410962535360633,1.5937915150634752,-0.53168012202870552,0.78515026091274653,2.8985402870729464,0.32667442557557824,6.4489318589059783,0.99999999999999722,0,0,-0.38812428745094607,188
btc_buy_hold,btc_buy_hold,,0,benchmark,cost_stress,2022_2024,2022-01-01,2024-12-31,1,0,0.25785866258158796,0.6925749307608422,-0.66983013791382628,0.54546577420516951,0.38496127299479843,-0.068523445441313058,1.9892572618696203,0.99908759124087443,0.33356164383561632,0.0025017120586642125,-0.15417808941374911,769
btc_buy_hold,btc_buy_hold,,0,benchmark,cost_stress,2020_2024_carry,2020-01-01,2024-12-31,1,0,0.66596584139788506,1.1151489778127965,-0.76670598287258096,0.65220659085720867,0.86860655358752048,0.089247357380811576,12.828584531631108,0.99945265462506638,0.20002738225629782,0.00150020520494924,-0.38812428745094607,846
eth_buy_hold,eth_buy_hold,,0,benchmark,cost_stress,full,2018-01-03,2024-12-31,2,0,0.21133335425036748,0.66493559130112423,-0.94011630423803216,0.88089567340742403,0.22479490388335938,-0.57822689567011099,3.8213677189862456,0.99960861056750894,0.28495732864907031,0.0021371096454407697,-0.43322542520938734,1149
eth_buy_hold,eth_buy_hold,,0,benchmark,cost_stress,2018_2019,2018-01-03,2019-12-31,1,0,-0.61771462266014576,-0.50590187722909918,-0.94011630423803216,0.96529929766513223,-0.65706191869611896,-1.8860508278859178,0.14749494398944651,0.99999999999998745,0.49866714906427229,0.0037400036179820418,-0.20274673299933244,717
eth_buy_hold,eth_buy_hold,,0,benchmark,cost_stress,2020_2021,2020-01-01,2021-12-31,0,0,4.3537184300512086,2.1536601942356572,-0.61469940964822856,1.0370070082266245,7.0826787234799733,0.62028541209438837,28.596545822311544,0.99999999999999412,0,0,-0.43322542520938734,166
eth_buy_hold,eth_buy_hold,,0,benchmark,cost_stress,2022_2024,2022-01-01,2024-12-31,1,0,-0.032391699946169861,0.29310023307065891,-0.74048740228840315,0.68327123737986906,-0.043743755594040507,-0.50002241681940895,0.90599983677022766,0.99908759124087465,0.33356164383561621,0.0025015483143221752,-0.17564174629941864,794
eth_buy_hold,eth_buy_hold,,0,benchmark,cost_stress,2020_2024_carry,2020-01-01,2024-12-31,1,0,0.91746322193835805,1.2008760075340907,-0.79350360564433942,0.84415627907728019,1.1562180882509805,-0.055172713105240634,25.908465847206585,0.99945265462506516,0.20002738225629776,0.0015001070121482922,-0.43322542520938734,1149
mix_buy_hold,mix_buy_hold,,0,benchmark,cost_stress,full,2018-01-03,2024-12-31,2,0,0.25870353532845614,0.68787129903381528,-0.87849214211120086,0.73711288459079349,0.29448588430937728,-0.30796430948660869,4.9970285575277069,0.99960861056751038,0.28495732864907042,0.0021371530046403347,-0.40144038732507714,1108
mix_buy_hold,mix_buy_hold,,0,benchmark,cost_stress,2018_2019,2018-01-03,2019-12-31,1,0,-0.44090750295829884,-0.30297845096213744,-0.87849214211120086,0.81356395879892096,-0.50189123137596381,-1.23932182058038,0.31433088869394848,0.99999999999999145,0.49866714906427229,0.0037400036179820418,-0.15824892984096295,717
mix_buy_hold,mix_buy_hold,,0,benchmark,cost_stress,2020_2021,2020-01-01,2021-12-31,0,0,2.4153686131955818,1.8955576001517149,-0.55828804516928521,0.84376787048346347,4.3263842636343552,0.5314942707684589,11.645145782719508,0.99999999999999623,0,0,-0.40144038732507714,163
mix_buy_hold,mix_buy_hold,,0,benchmark,cost_stress,2022_2024,2022-01-01,2024-12-31,1,0,0.10940676564342744,0.47166001260343393,-0.69254962487069671,0.59148407721376595,0.1579767885425602,-0.24580073308275507,1.3651483272398528,0.99908759124087465,0.33356164383561626,0.0025016494461903844,-0.1611338720383928,786
mix_buy_hold,mix_buy_hold,,0,benchmark,cost_stress,2020_2024_carry,2020-01-01,2024-12-31,1,0,0.73899306146335109,1.1467857266682218,-0.76860868788418168,0.70396448077565477,0.96146852502753233,0.063947433344320737,15.897351285743795,0.99945265462506616,0.20002738225629779,0.001500167658038593,-0.40144038732507714,1108
usd_cash,usd_cash,,0,benchmark,cost_stress,full,2018-01-03,2024-12-31,2,0,0,,0,0,,0,1,0,0,0,0,0
usd_cash,usd_cash,,0,benchmark,cost_stress,2018_2019,2018-01-03,2019-12-31,1,0,0,,0,0,,0,1,0,0,0,0,0
usd_cash,usd_cash,,0,benchmark,cost_stress,2020_2021,2020-01-01,2021-12-31,0,0,0,,0,0,,0,1,0,0,0,0,0
usd_cash,usd_cash,,0,benchmark,cost_stress,2022_2024,2022-01-01,2024-12-31,1,0,0,,0,0,,0,1,0,0,0,0,0
usd_cash,usd_cash,,0,benchmark,cost_stress,2020_2024_carry,2020-01-01,2024-12-31,1,0,0,,0,0,,0,1,0,0,0,0,0
trend_vol20_exact,trend,0.20000000000000001,0,control,delay_one_day,full,2018-01-03,2024-12-31,2554,0,0.16377229789911119,0.87440266112627274,-0.26554656045069824,0.19509317518911068,0.61673665673224709,0.11349797104487898,2.8878868948287217,0.27025833193433624,7.6816542279384121,0.023044900903372717,-0.10582390935167896,755
trend_vol20_exact,trend,0.20000000000000001,0,control,delay_one_day,2018_2019,2018-01-03,2019-12-31,727,0,-0.075032733988586897,-0.34709057457432713,-0.26554656045069824,0.17847228443638008,-0.28255961538811791,-0.10972458221852616,0.85620413437417175,0.20977289876512278,6.4465273360019033,0.019339571919109764,-0.053568504703923936,527
trend_vol20_exact,trend,0.20000000000000001,0,control,delay_one_day,2020_2021,2020-01-01,2021-12-31,731,0,0.51764815203633807,1.9461244213884024,-0.18839961377785819,0.22742167235284261,2.7476072888700109,0.36500994493521316,2.3019409835444287,0.26728308072188744,6.8442683238995139,0.020532694629651963,-0.10582390935167896,163
trend_vol20_exact,trend,0.20000000000000001,0,control,delay_one_day,2022_2024,2022-01-01,2024-12-31,1096,0,0.13590175382958813,0.7917318580207573,-0.17465269921050919,0.18141444043702415,0.77812569999725867,0.094264793200383279,1.4652396900214553,0.3124191932331386,9.0739759346435402,0.027221863965639435,-0.046634828121836835,466
trend_vol20_exact,trend,0.20000000000000001,0,control,delay_one_day,2020_2024_carry,2020-01-01,2024-12-31,1827,0,0.27530784070629588,1.3085484051439982,-0.21809695343482927,0.20117561503095741,1.2623185990012562,0.20254058807799635,3.3728952931763119,0.29435980722015304,8.1776120070543925,0.024532753626517582,-0.10582390935167896,755
allocation_vol20_exact,allocation,0.20000000000000001,0,control,delay_one_day,full,2018-01-03,2024-12-31,2554,0,0.16301048115583394,0.7964816336130579,-0.38550508723555277,0.2198451608775345,0.42284910511759516,0.1026047907357607,2.874693953557804,0.31704695512907421,3.1811957452411685,0.0095435744714684936,-0.11062470431703353,928
allocation_vol20_exact,allocation,0.20000000000000001,0,control,delay_one_day,2018_2019,2018-01-03,2019-12-31,727,0,-0.094727352866030179,-0.36531257976831127,-0.38550508723555277,0.21091047354749418,-0.24572270510181235,-0.14377309096983365,0.82030046384311017,0.25733327221995628,3.0100881752440185,0.0090302796150770574,-0.059376662652756762,717
allocation_vol20_exact,allocation,0.20000000000000001,0,control,delay_one_day,2020_2021,2020-01-01,2021-12-31,731,0,0.55894251690099206,2.0412356091541164,-0.19254977253906458,0.23030110054597236,2.9028469342262846,0.39054091189279216,2.4288250497539017,0.27285061126067761,3.1323555744431251,0.0093970322356580101,-0.11062470431703353,163
allocation_vol20_exact,allocation,0.20000000000000001,0,control,delay_one_day,2022_2024,2022-01-01,2024-12-31,1096,0,0.13008339555579762,0.66871670748011025,-0.28902577662666107,0.21808320056856467,0.45007541221428249,0.074495456285591871,1.4428541237870263,0.38618845925830392,3.3331691877626142,0.0099994907652412434,-0.057520445875253179,675
allocation_vol20_exact,allocation,0.20000000000000001,0,control,delay_one_day,2020_2024_carry,2020-01-01,2024-12-31,1827,0,0.28510509246926841,1.2349680958347178,-0.34558723773109457,0.22314466948698283,0.82498732980154776,0.20088623229132449,3.5044402389946501,0.34084091306987213,3.25106233841377,0.0097531631544192261,-0.11062470431703353,756
fixed_blend_vol20_exact,fixed_blend,0.20000000000000001,0,candidate,delay_one_day,full,2018-01-03,2024-12-31,2554,0,0.16515394095225067,0.85376913882035055,-0.31858760701795963,0.20306160645849333,0.5183941161369171,0.11151670884728876,2.9119462426634928,0.29365025183282834,5.2576937127737651,0.015773046204462994,-0.10822433143740651,928
fixed_blend_vol20_exact,fixed_blend,0.20000000000000001,0,candidate,delay_one_day,2018_2019,2018-01-03,2019-12-31,727,0,-0.083407733867418732,-0.36687279881528573,-0.31858760701795963,0.18852385533633723,-0.26180470310233006,-0.12247614049700439,0.84084282537577615,0.23354839834836774,4.6163244875834692,0.013848972953678547,-0.05498437243351928,717
fixed_blend_vol20_exact,fixed_blend,0.20000000000000001,0,candidate,delay_one_day,2020_2021,2020-01-01,2021-12-31,731,0,0.53927152310978133,1.9987157160389744,-0.19039639451982893,0.22865756181900165,2.8323620542804901,0.37859504153327617,2.3679582949204354,0.27006867299386522,4.7630636892556462,0.014289124635189884,-0.10822433143740651,163
fixed_blend_vol20_exact,fixed_blend,0.20000000000000001,0,candidate,delay_one_day,2022_2024,2022-01-01,2024-12-31,1096,0,0.13519164621693425,0.75055086124158765,-0.21416428028053203,0.19356033990264232,0.6312520745282445,0.089078472041303008,1.4624953070307927,0.34930014550798288,6.0228724628259274,0.018068580534416043,-0.046288967071717257,674
fixed_blend_vol20_exact,fixed_blend,0.20000000000000001,0,candidate,delay_one_day,2020_2024_carry,2020-01-01,2024-12-31,1827,0,0.28206037620402125,1.2955876391482841,-0.27674974899312477,0.20840646443477398,1.0191892756189218,0.20485895761298561,3.4631278935657916,0.31759888310632989,5.5159265279030736,0.016547730924903713,-0.10822433143740651,755
state_rule_vol20_exact,state_rule,0.20000000000000001,0,candidate,delay_one_day,full,2018-01-03,2024-12-31,2554,0,0.16672753763331771,0.88389685821448227,-0.26313375739709755,0.19609767270619433,0.63362276008436147,0.11564867094699843,2.9395572299526793,0.27157980744962579,6.2927298301848431,0.018878156508327276,-0.11062470431703353,755
state_rule_vol20_exact,state_rule,0.20000000000000001,0,candidate,delay_one_day,2018_2019,2018-01-03,2019-12-31,727,0,-0.074144073535655886,-0.3412604230767734,-0.26313375739709755,0.17862744963586602,-0.28177332421763124,-0.10882012768098145,0.85784222366761853,0.21002292914200293,6.1805192402937408,0.018541601182845813,-0.0538133891703092,528
state_rule_vol20_exact,state_rule,0.20000000000000001,0,candidate,delay_one_day,2020_2021,2020-01-01,2021-12-31,731,0,0.52222108381630084,1.9505106762888631,-0.19254977253906402,0.22860627670327865,2.7121355529534781,0.36750773875418702,2.3158246240456992,0.26939709003490775,5.174384083125652,0.015523061150216773,-0.11062470431703353,163
state_rule_vol20_exact,state_rule,0.20000000000000001,0,candidate,delay_one_day,2022_2024,2022-01-01,2024-12-31,1096,0,0.13962454885194364,0.80485967081325038,-0.17134048152511605,0.1828355902806823,0.81489527523871641,0.097013713396327986,1.479683509023165,0.3139237616814764,7.1242868656774574,0.021372815545827137,-0.045943102316286621,546
state_rule_vol20_exact,state_rule,0.20000000000000001,0,candidate,delay_one_day,2020_2024_carry,2020-01-01,2024-12-31,1827,0,0.27935050910967041,1.3171039302223204,-0.21731038398247948,0.20247945970265252,1.2854908448930489,0.2051895947614385,3.4266875059901873,0.29610821872929155,6.3408513135807993,0.019022490505114432,-0.11062470431703353,755
trend_vol20_band2,trend,0.20000000000000001,0.02,control,delay_one_day,full,2018-01-03,2024-12-31,1090,1464,0.16380478714348912,0.88224044049254047,-0.2587370984181605,0.19290610724361243,0.63309354609347279,0.11437041971047975,2.8884506866497808,0.2675776857368754,6.9647759074095212,0.020894265015451847,-0.10405941936774066,755
trend_vol20_band2,trend,0.20000000000000001,0.02,control,delay_one_day,2018_2019,2018-01-03,2019-12-31,262,465,-0.071168169748839993,-0.33262364993022703,-0.2587370984181605,0.17537533807067263,-0.27505978146906812,-0.10446874886191872,0.86333912313392425,0.20688740077556866,5.7890916825365588,0.017367271166167427,-0.051456504643771717,527
trend_vol20_band2,trend,0.20000000000000001,0.02,control,delay_one_day,2020_2021,2020-01-01,2021-12-31,392,339,0.51163135367086854,1.9495607569478055,-0.18514995889574504,0.22465900768770472,2.7633349568225394,0.36227888047994833,2.2837372439703461,0.26408234574338052,6.0286129545831084,0.018085717885198412,-0.10405941936774066,163
trend_vol20_band2,trend,0.20000000000000001,0.02,control,delay_one_day,2022_2024,2022-01-01,2024-12-31,436,660,0.13583957432941784,0.79527710787660255,-0.17168496101750363,0.18027669583610398,0.7912141723092958,0.094620398689712004,1.4649992452840488,0.31022150050610531,8.3821740250905687,0.025146459046087186,-0.046174727783270142,466
trend_vol20_band2,trend,0.20000000000000001,0.02,control,delay_one_day,2020_2024_carry,2020-01-01,2024-12-31,828,999,0.27324232993770159,1.3107762110984744,-0.21973245578782286,0.19930844089268512,1.2435228512694034,0.20166298107664868,3.3456733388436235,0.29176078779042286,7.4366747066373717,0.02230993795819294,-0.10405941936774066,755
allocation_vol20_band2,allocation,0.20000000000000001,0.02,control,delay_one_day,full,2018-01-03,2024-12-31,1098,1456,0.1632687111613409,0.80580035007095285,-0.3741805878264578,0.21672711411675533,0.43633666863836273,0.10418282143508316,2.8791601137279281,0.31281255043206785,2.2896271012489731,0.0068688743378376351,-0.10903934150074879,925
allocation_vol20_band2,allocation,0.20000000000000001,0.02,control,delay_one_day,2018_2019,2018-01-03,2019-12-31,277,450,-0.088706006156387018,-0.34585951501835649,-0.3741805878264578,0.20638816951253816,-0.23706736544421755,-0.13527542698523709,0.83119627318972156,0.25218111719485786,2.1618510732864484,0.0064855879381220368,-0.057295626354622042,717
allocation_vol20_band2,allocation,0.20000000000000001,0.02,control,delay_one_day,2020_2021,2020-01-01,2021-12-31,345,386,0.5484179152470674,2.0370771121170308,-0.18912028678185755,0.2270817338478984,2.8998365250981499,0.38523383183035342,2.396163410524637,0.26895475924386808,2.1947723189211557,0.0065842828656423888,-0.10903934150074879,163
allocation_vol20_band2,allocation,0.20000000000000001,0.02,control,delay_one_day,2022_2024,2022-01-01,2024-12-31,476,620,0.13079828035217478,0.67610717367749129,-0.28780547516671828,0.21594683865553413,0.45446765832514724,0.076053651060003488,1.4455922048907217,0.38233785039124935,2.441879537441265,0.0073256220419211458,-0.057541561111226214,675
allocation_vol20_band2,allocation,0.20000000000000001,0.02,control,delay_one_day,2020_2024_carry,2020-01-01,2024-12-31,821,1006,0.28211570616470794,1.2362755144035051,-0.34432296462141621,0.22055745471778943,0.81933456420745776,0.19970139453937835,3.4638751478987815,0.33697220199018985,2.3417534974318888,0.0070252369265183983,-0.10903934150074879,756
fixed_blend_vol20_band2,fixed_blend,0.20000000000000001,0.02,candidate,delay_one_day,full,2018-01-03,2024-12-31,1098,1456,0.16428773724865708,0.85665629164786583,-0.31470794388626067,0.20102461079546283,0.52203238094311566,0.11159265639579578,2.8968425378476317,0.29107016008644937,4.3854389121273742,0.013156281705259835,-0.10655028738134686,928
fixed_blend_vol20_band2,fixed_blend,0.20000000000000001,0.02,candidate,delay_one_day,2018_2019,2018-01-03,2019-12-31,265,462,-0.083150551265768868,-0.37420864065010717,-0.31470794388626067,0.18555725155142852,-0.26421497417243622,-0.12108436727081026,0.84131248664368974,0.2304714317386666,3.7048486916136238,0.011114554760734445,-0.052857026857700107,717
fixed_blend_vol20_band2,fixed_blend,0.20000000000000001,0.02,candidate,delay_one_day,2020_2021,2020-01-01,2021-12-31,387,344,0.5331174816796751,2.0026312439096814,-0.18720700637817678,0.22589245988937359,2.8477432121462631,0.3758381927857658,2.3490747282293629,0.26678532610192063,3.9267165824213919,0.011780075347885813,-0.10655028738134686,163
fixed_blend_vol20_band2,fixed_blend,0.20000000000000001,0.02,candidate,delay_one_day,2022_2024,2022-01-01,2024-12-31,446,650,0.13604313841105986,0.75697549292163113,-0.21453290262903058,0.1926787040814881,0.63413647391097439,0.090165432487803093,1.4657865143758015,0.34751914537830736,5.1511259156188043,0.015453339872349803,-0.045850411412955427,675
fixed_blend_vol20_band2,fixed_blend,0.20000000000000001,0.02,candidate,delay_one_day,2020_2024_carry,2020-01-01,2024-12-31,833,994,0.28058442151475305,1.2989766635541875,-0.27684690139532797,0.20669894698738389,1.0135003140746301,0.2044104264892958,3.4432420578995919,0.31521677981123636,4.6588094100603552,0.013976375774468605,-0.10655028738134686,755
state_rule_vol20_band2,state_rule,0.20000000000000001,0.02,candidate,delay_one_day,full,2018-01-03,2024-12-31,1013,1541,0.16739631975421654,0.89477395519780356,-0.25524680240156572,0.19386315041746044,0.65582141746426714,0.11708931623146349,2.9513597230758859,0.26868236937062007,5.5403500809945934,0.016621016310744013,-0.10903934150074879,755
state_rule_vol20_band2,state_rule,0.20000000000000001,0.02,candidate,delay_one_day,2018_2019,2018-01-03,2019-12-31,251,476,-0.070064490611719821,-0.3248830393643925,-0.25524680240156572,0.17571114553205508,-0.27449703562394179,-0.10339718100693374,0.86538220997544679,0.20696329558416868,5.5115691926613906,0.016534754338806402,-0.053812444742231125,527
state_rule_vol20_band2,state_rule,0.20000000000000001,0.02,candidate,delay_one_day,2020_2021,2020-01-01,2021-12-31,369,362,0.51911713535634729,1.9638627293747779,-0.18912028678185799,0.22566776946404551,2.7449045482631185,0.36679160840926223,2.3063963397685843,0.26600652716080464,4.3310613903149324,0.012993085842865395,-0.10903934150074879,163
state_rule_vol20_band2,state_rule,0.20000000000000001,0.02,candidate,delay_one_day,2022_2024,2022-01-01,2024-12-31,393,703,0.13937197545087332,0.80787162904389798,-0.16846497112797043,0.18159941693162754,0.82730537106733415,0.097241494445115345,1.4787005794814818,0.31146295912601402,6.3757703094661755,0.019127266290444027,-0.045526213470227006,546
state_rule_vol20_band2,state_rule,0.20000000000000001,0.02,candidate,delay_one_day,2020_2024_carry,2020-01-01,2024-12-31,762,1065,0.27813705635302055,1.3234576542642602,-0.21937364513469071,0.20048248037941127,1.2678690559308088,0.20504023579539468,3.4104696041297897,0.29327541026637083,5.5548429922208982,0.016664462898865251,-0.10903934150074879,755
trend_vol40_exact,trend,0.40000000000000002,0,control,delay_one_day,full,2018-01-03,2024-12-31,2554,0,0.2445602146218997,0.80233558466702115,-0.44304004588062906,0.34900217847516329,0.5520047609596741,0.097313086046319636,4.6173841928133701,0.45587600471356432,10.851443575016898,0.032554110908587952,-0.21164524594994505,1026
trend_vol40_exact,trend,0.40000000000000002,0,control,delay_one_day,2018_2019,2018-01-03,2019-12-31,727,0,-0.14704129474114369,-0.39784542831632047,-0.38775499966804472,0.29179095782039943,-0.37921186023913311,-0.24380064319150538,0.72864819388107482,0.32220546364933078,7.9618068872116874,0.023885335037283382,-0.070460946805260383,717
trend_vol40_exact,trend,0.40000000000000002,0,control,delay_one_day,2020_2021,2020-01-01,2021-12-31,731,0,1.0065352674042791,1.7815459140754173,-0.35350582246864781,0.44785670244644182,2.8472947358414387,0.49701383944544736,4.0223473159642209,0.51997196725049133,11.304770834895544,0.033913852971724327,-0.21164524594994505,168
trend_vol40_exact,trend,0.40000000000000002,0,control,delay_one_day,2022_2024,2022-01-01,2024-12-31,1096,0,0.16370951492132124,0.64817549613253733,-0.31653292763411967,0.3050486264383257,0.51719584482077341,0.058143048048347024,1.5754279690910125,0.50191433069921043,12.48755303572284,0.03746250960645648,-0.080787393643778183,700
trend_vol40_exact,trend,0.40000000000000002,0,control,delay_one_day,2020_2024_carry,2020-01-01,2024-12-31,1827,0,0.44676362499375388,1.1863087731538848,-0.36591562831246072,0.36908741317947441,1.2209470993467813,0.23351335846420926,6.3369184629682058,0.50913936207249255,12.007860505799702,0.036023308153575365,-0.21164524594994505,827
allocation_vol40_exact,allocation,0.40000000000000002,0,control,delay_one_day,full,2018-01-03,2024-12-31,2554,0,0.28602323559236531,0.79675285756893932,-0.63721762070628518,0.43511658174661755,0.44886272177367009,0.062690720315955184,5.8065632842423955,0.62294924776567262,4.820613542594069,0.014461800856976841,-0.22124776599062346,942
allocation_vol40_exact,allocation,0.40000000000000002,0,control,delay_one_day,2018_2019,2018-01-03,2019-12-31,727,0,-0.21386473947815487,-0.35750778876776523,-0.63721762070628518,0.42180899477108946,-0.33562276454488105,-0.41768424310766161,0.61943529463033731,0.51473165624147021,4.9371175396814069,0.014811426291917749,-0.11876236702158693,717
allocation_vol40_exact,allocation,0.40000000000000002,0,control,delay_one_day,2020_2021,2020-01-01,2021-12-31,731,0,1.3076269046952347,2.0487145822914239,-0.36102526150163183,0.46060587542762105,3.6219817396055656,0.62541331496000663,5.3190496099187028,0.54486334701425143,5.0861576527002148,0.015258354646404647,-0.22124776599062346,163
allocation_vol40_exact,allocation,0.40000000000000002,0,control,delay_one_day,2022_2024,2022-01-01,2024-12-31,1096,0,0.20805278224965784,0.6558693742056052,-0.51460913466251834,0.42533204669377317,0.40429282777131281,0.0076012383775632686,1.7623378773007341,0.74691202156029679,4.575038767091975,0.01372505350010891,-0.1149424804796787,700
allocation_vol40_exact,allocation,0.40000000000000002,0,control,delay_one_day,2020_2024_carry,2020-01-01,2024-12-31,1827,0,0.56462857202693351,1.2384567263476771,-0.59111916381731633,0.43999123958384145,0.9551856995815996,0.25452167383087276,9.3739625988014303,0.66607043366037388,4.7768688589468074,0.014330521618014595,-0.22124776599062346,825
fixed_blend_vol40_exact,fixed_blend,0.40000000000000002,0,candidate,delay_one_day,full,2018-01-03,2024-12-31,2554,0,0.27263802935024595,0.82435615062198175,-0.51886062103666242,0.38082342995599389,0.52545523459754229,0.096394409580011359,5.3969195610441183,0.53941384252303903,7.6406668664871864,0.022921870368194638,-0.21644659587477277,946
fixed_blend_vol40_exact,fixed_blend,0.40000000000000002,0,candidate,delay_one_day,2018_2019,2018-01-03,2019-12-31,727,0,-0.17477787350603935,-0.38905763148861161,-0.51886062103666242,0.34213154759387548,-0.33684937037010104,-0.30868988335287684,0.68224629525057101,0.41843710875886819,6.3371409830166883,0.019011410185479992,-0.09074033055532893,717
fixed_blend_vol40_exact,fixed_blend,0.40000000000000002,0,candidate,delay_one_day,2020_2021,2020-01-01,2021-12-31,731,0,1.155336359766693,1.9243814634748051,-0.3571483892127757,0.45306190518989159,3.2348916995349701,0.56396629725256564,4.6405937792674807,0.53244598905151164,7.8293749490473674,0.023487829145413038,-0.21644659587477277,167
fixed_blend_vol40_exact,fixed_blend,0.40000000000000002,0,candidate,delay_one_day,2022_2024,2022-01-01,2024-12-31,1096,0,0.19471216453872153,0.68143999546132894,-0.38118515337134529,0.35036429192680246,0.51080731454678574,0.054619535914357503,1.7046342319803947,0.62441800590625351,8.3942629858909257,0.02518269081221337,-0.080787393643778183,699
fixed_blend_vol40_exact,fixed_blend,0.40000000000000002,0,candidate,delay_one_day,2020_2024_carry,2020-01-01,2024-12-31,1827,0,0.51239609272256303,1.246086550008858,-0.47885202528799187,0.39488928269829326,1.0700510087942032,0.25815990552802992,7.9105150128545993,0.58761913107274721,8.1638344372153018,0.024491326240703808,-0.21644659587477277,825
state_rule_vol40_exact,state_rule,0.40000000000000002,0,candidate,delay_one_day,full,2018-01-03,2024-12-31,2554,0,0.26373617605632527,0.83272897249742361,-0.44547472618912798,0.35884284144640349,0.59203398206782909,0.10566655335972652,5.1384193566831202,0.47233814889384124,8.6945998796250343,0.026083668340541519,-0.22124776599062357,1026
state_rule_vol40_exact,state_rule,0.40000000000000002,0,candidate,delay_one_day,2018_2019,2018-01-03,2019-12-31,727,0,-0.1490423642998645,-0.40390393006359876,-0.38370724739877005,0.29259642492731303,-0.3884272848903772,-0.24659984777106758,0.72524966153118253,0.32326366506968413,7.4184796170386393,0.022255566669384472,-0.069129208231005324,717
state_rule_vol40_exact,state_rule,0.40000000000000002,0,candidate,delay_one_day,2020_2021,2020-01-01,2021-12-31,731,0,1.0557309975740332,1.8261587094943512,-0.36102526150163172,0.45114394912602757,2.9242579679407328,0.51856415768263031,4.221863050532761,0.52596891386328304,8.0742102881404652,0.024222243716146747,-0.22124776599062357,168
state_rule_vol40_exact,state_rule,0.40000000000000002,0,candidate,delay_one_day,2022_2024,2022-01-01,2024-12-31,1096,0,0.18849480871783175,0.68980068925520877,-0.32460597451596651,0.32707503643982905,0.58068804494096027,0.065149466381193316,1.6781774022585143,0.53558827209760451,9.9713241101668544,0.029913839324487129,-0.080787393643778183,700
state_rule_vol40_exact,state_rule,0.40000000000000002,0,candidate,delay_one_day,2020_2024_carry,2020-01-01,2024-12-31,1827,0,0.47942068394576443,1.2179298795338929,-0.38006805047143999,0.38177864681183848,1.2614074857149569,0.24634721857793734,7.0850351668342704,0.53173947578162806,9.2074334123632227,0.027622065702683749,-0.22124776599062357,827
trend_vol40_band2,trend,0.40000000000000002,0.02,control,delay_one_day,full,2018-01-03,2024-12-31,1010,1544,0.24725284489522092,0.81074604790983495,-0.43608747264544012,0.3472712247834337,0.56697993041466999,0.10065281770209766,4.6876920358231278,0.45431390388248111,10.028123821811763,0.030084141767776542,-0.20896071910460789,1026
trend_vol40_band2,trend,0.40000000000000002,0.02,control,delay_one_day,2018_2019,2018-01-03,2019-12-31,240,487,-0.14354698798772769,-0.38800348841538185,-0.38409788647680432,0.29001690298886484,-0.37372501396566915,-0.23869227608798391,0.73460173362192538,0.32110835957335943,7.1174388448256538,0.02135223127143147,-0.070460946805260605,717
trend_vol40_band2,trend,0.40000000000000002,0.02,control,delay_one_day,2020_2021,2020-01-01,2021-12-31,427,304,1.013646165899075,1.797718873746651,-0.35041436711340668,0.44504837420732196,2.892707209036959,0.50296977896589423,4.0508875606883858,0.51719444743149601,10.45619023132536,0.031368055262651302,-0.20896071910460789,168
trend_vol40_band2,trend,0.40000000000000002,0.02,control,delay_one_day,2022_2024,2022-01-01,2024-12-31,343,753,0.16367231887625544,0.64891427972698523,-0.31609342908784543,0.30430483203310338,0.51779728338095032,0.058565604698159607,1.5752770094833128,0.50085401238860405,11.693544595298155,0.035080498263776398,-0.080842108052884165,700
trend_vol40_band2,trend,0.40000000000000002,0.02,control,delay_one_day,2020_2024_carry,2020-01-01,2024-12-31,770,1057,0.44878341211174377,1.1938579481961971,-0.36593178877732024,0.36735975375638469,1.2264127519810559,0.23614557884953022,6.3812700423543331,0.50739197517806978,11.19246998944085,0.033577122639961994,-0.20896071910460789,827
allocation_vol40_band2,allocation,0.40000000000000002,0.02,control,delay_one_day,full,2018-01-03,2024-12-31,1294,1260,0.28984856433329997,0.80591638389687614,-0.63117200739917245,0.43231260932711718,0.45922278069279282,0.068066526547102213,5.9284179877528649,0.61932379241585411,3.9384177585371321,0.011815219189841778,-0.218800229561804,942
allocation_vol40_band2,allocation,0.40000000000000002,0.02,control,delay_one_day,2018_2019,2018-01-03,2019-12-31,370,357,-0.20840657978326493,-0.34765086044502858,-0.63117200739917245,0.41822924022873376,-0.33018983310434147,-0.4077713013022457,0.62802502860425757,0.51071062577225079,4.0763469252988651,0.012229144576785561,-0.11876236702158693,717
allocation_vol40_band2,allocation,0.40000000000000002,0.02,control,delay_one_day,2020_2021,2020-01-01,2021-12-31,422,309,1.3109194144461109,2.0622857574482745,-0.35859354681470768,0.45754103598969298,3.6557250572149553,0.62956466254789001,5.3342284100552568,0.54159876239618709,4.2033221775689604,0.012609831392504099,-0.218800229561804,163
allocation_vol40_band2,allocation,0.40000000000000002,0.02,control,delay_one_day,2022_2024,2022-01-01,2024-12-31,502,594,0.20972507118886696,0.66028539084517401,-0.51139174978845925,0.42322205974910465,0.41010648152931917,0.01077197534832508,1.7696617183248979,0.74330863024516058,3.6774333798960899,0.011032241814616256,-0.11498109486146346,700
allocation_vol40_band2,allocation,0.40000000000000002,0.02,control,delay_one_day,2020_2024_carry,2020-01-01,2024-12-31,924,903,0.56681986641801929,1.2461529082034684,-0.58762123449189929,0.43748503823861118,0.96460072091869453,0.25808351467259227,9.4397798140758642,0.6626026021129221,3.8856597703239641,0.011656890308615987,-0.218800229561804,825
fixed_blend_vol40_band2,fixed_blend,0.40000000000000002,0.02,candidate,delay_one_day,full,2018-01-03,2024-12-31,1103,1451,0.27559954639928019,0.83235563493220166,-0.51453510478729969,0.3791569064834775,0.53562826682779685,0.099953448033803599,5.485352735294132,0.53758493329195189,6.6096332712277661,0.019828769610771787,-0.2138840714680279,943
fixed_blend_vol40_band2,fixed_blend,0.40000000000000002,0.02,candidate,delay_one_day,2018_2019,2018-01-03,2019-12-31,281,446,-0.17116958173860719,-0.38042160419108834,-0.51453510478729969,0.34021760158387337,-0.3326684227101781,-0.30304815040980648,0.68819682329017284,0.41644053799653669,5.283359495151692,0.01585008603597695,-0.088626627592284457,717
fixed_blend_vol40_band2,fixed_blend,0.40000000000000002,0.02,candidate,delay_one_day,2020_2021,2020-01-01,2021-12-31,429,302,1.1614724481929795,1.9391835629272554,-0.35501954296388494,0.45040560078303776,3.2715732731117075,0.56912132986374853,4.6670361055835858,0.52975246097517814,6.969674256836714,0.020908682961983966,-0.2138840714680279,167
fixed_blend_vol40_band2,fixed_blend,0.40000000000000002,0.02,candidate,delay_one_day,2022_2024,2022-01-01,2024-12-31,393,703,0.19546440506998786,0.68388742803752189,-0.38009557055560794,0.34967275679007881,0.51425067854452,0.055730247034196517,1.7078539785170048,0.62327713861916345,7.262227227625238,0.021786599521011512,-0.080842108052884165,699
fixed_blend_vol40_band2,fixed_blend,0.40000000000000002,0.02,candidate,delay_one_day,2020_2024_carry,2020-01-01,2024-12-31,822,1005,0.51468757944738619,1.2532747341646304,-0.4766907169037663,0.39330496124794345,1.079709675888844,0.26088598194027723,7.9706161808034075,0.58585702950161922,7.1412930020484309,0.021423693887051419,-0.2138840714680279,825
state_rule_vol40_band2,state_rule,0.40000000000000002,0.02,candidate,delay_one_day,full,2018-01-03,2024-12-31,999,1555,0.26676318582836633,0.84174880709667865,-0.4397136842881405,0.35704165266961918,0.60667474167931235,0.10932127260689908,5.22510271222726,0.47045885513668906,7.8725586713539153,0.023617537588319189,-0.218800229561804,961
state_rule_vol40_band2,state_rule,0.40000000000000002,0.02,candidate,delay_one_day,2018_2019,2018-01-03,2019-12-31,234,493,-0.14565509207164895,-0.39435492734993471,-0.37979521469425348,0.29089268000209706,-0.38350955050580526,-0.24164278860705848,0.73100709741481884,0.32221504878495105,6.5799875881102023,0.019740081046254923,-0.06910343261273777,717
state_rule_vol40_band2,state_rule,0.40000000000000002,0.02,candidate,delay_one_day,2020_2021,2020-01-01,2021-12-31,411,320,1.0636891381540958,1.8433496759373444,-0.35859354681470801,0.44828613557229324,2.9662807588216973,0.52490741371488048,4.2545911477476164,0.52318820034331803,7.2175004909487317,0.021652083149777523,-0.218800229561804,168
state_rule_vol40_band2,state_rule,0.40000000000000002,0.02,candidate,delay_one_day,2022_2024,2022-01-01,2024-12-31,354,742,0.18893079841660465,0.69200407538038311,-0.32457391406943026,0.32610530892205913,0.58208867141488785,0.066149194016516311,1.6800236919570748,0.53375843513488197,9.181815992410236,0.027545325461737252,-0.080842108052884165,700
state_rule_vol40_band2,state_rule,0.40000000000000002,0.02,candidate,delay_one_day,2020_2024_carry,2020-01-01,2024-12-31,765,1062,0.48203355559617211,1.2265430242170194,-0.38073639720103403,0.37993344681042274,1.2660558831249638,0.24948058284417959,7.1478139278068182,0.52952918410443139,8.3914917141740304,0.025174234435892597,-0.218800229561804,827
btc_buy_hold,btc_buy_hold,,0,benchmark,delay_one_day,full,2018-01-03,2024-12-31,2,0,0.29505678452674799,0.72453954810631849,-0.81384865421875419,0.68771929458143666,0.36254502971438196,-0.2111569152893531,6.097843123733198,0.99921722113502398,0.28559417674931276,0.00085678248392645256,-0.38812428745094474,1045
btc_buy_hold,btc_buy_hold,,0,benchmark,delay_one_day,2018_2019,2018-01-03,2019-12-31,1,0,-0.31335195707711616,-0.10235781576994959,-0.81384865421875419,0.76933801631020304,-0.3850248513071699,-0.96656923394847571,0.47318706488007523,0.99862637362636253,0.50090443936416096,0.001502713318092483,-0.15459523917378981,724
btc_buy_hold,btc_buy_hold,,0,benchmark,delay_one_day,2020_2021,2020-01-01,2021-12-31,0,0,1.5410962535360593,1.5937915150634747,-0.53168012202870452,0.7851502609127452,2.8985402870729442,0.32667442557557902,6.448931858905957,0.99999999999999567,0,0,-0.38812428745094474,188
btc_buy_hold,btc_buy_hold,,0,benchmark,delay_one_day,2022_2024,2022-01-01,2024-12-31,1,0,0.25975814362177685,0.69534440509431739,-0.66983013791382562,0.54544848459112349,0.3877970382622512,-0.066996521986517954,1.9982765643163785,0.99908759124087365,0.33356164383561621,0.0010006848234656847,-0.154178089413749,769
btc_buy_hold,btc_buy_hold,,0,benchmark,delay_one_day,2020_2024_carry,2020-01-01,2024-12-31,1,0,0.6674740150746945,1.1165445016103799,-0.76670598287258096,0.65219660008907865,0.87057363576830493,0.090165920046814119,12.886749398525041,0.99945265462506527,0.20002738225629776,0.00060008208197969586,-0.38812428745094474,846
eth_buy_hold,eth_buy_hold,,0,benchmark,delay_one_day,full,2018-01-03,2024-12-31,2,0,0.19889180145410568,0.65311171105835386,-0.94011630423803116,0.88042948527432552,0.21156084684150697,-0.58771531021688006,3.5552225390851873,0.99921722113501976,0.28559417674931264,0.00085675440247703493,-0.43322542520938323,1149
eth_buy_hold,eth_buy_hold,,0,benchmark,delay_one_day,2018_2019,2018-01-03,2019-12-31,1,0,-0.63216830661973622,-0.548124917927439,-0.94011630423803116,0.96369658292582661,-0.6724362759904603,-1.9212927663375443,0.13660306706724207,0.99862637362635265,0.50090443936416096,0.001502713318092483,-0.2027467329993311,717
eth_buy_hold,eth_buy_hold,,0,benchmark,delay_one_day,2020_2021,2020-01-01,2021-12-31,0,0,4.3537184300511749,2.153660194235655,-0.61469940964822445,1.0370070082266201,7.0826787234799653,0.62028541209439036,28.596545822311182,0.99999999999999001,0,0,-0.43322542520938323,166
eth_buy_hold,eth_buy_hold,,0,benchmark,delay_one_day,2022_2024,2022-01-01,2024-12-31,1,0,-0.030930523364922968,0.29529897288677315,-0.74048740228840271,0.68325836046561161,-0.041770492339687701,-0.49849748865743793,0.91010764459437454,0.99908759124087387,0.33356164383561604,0.0010006193257288696,-0.17564174629941853,794
eth_buy_hold,eth_buy_hold,,0,benchmark,delay_one_day,2020_2024_carry,2020-01-01,2024-12-31,1,0,0.91919907238961907,1.20195320314806,-0.79350360564433942,0.84414765511157719,1.1584056655208423,-0.054251917454277265,26.025934961878747,0.99945265462506305,0.20002738225629765,0.00060004280485931663,-0.43322542520938323,1149
mix_buy_hold,mix_buy_hold,,0,benchmark,delay_one_day,full,2018-01-03,2024-12-31,2,0,0.25247001595103913,0.68085971972495085,-0.87616416900269534,0.73439652245090925,0.28815377857601304,-0.30898636783907873,4.8265328314091427,0.99921722113502276,0.28559417674931276,0.00085677214110548461,-0.40088439421053368,1108
mix_buy_hold,mix_buy_hold,,0,benchmark,delay_one_day,2018_2019,2018-01-03,2019-12-31,1,0,-0.44940347076879872,-0.32618193442746996,-0.87616416900269534,0.8104425960330085,-0.51292153533319873,-1.2495775359135506,0.30489506597365745,0.99862637362635953,0.50090443936416096,0.001502713318092483,-0.15816796121434007,717
mix_buy_hold,mix_buy_hold,,0,benchmark,delay_one_day,2020_2021,2020-01-01,2021-12-31,0,0,2.3807404273015194,1.8871476089356101,-0.55721527678428906,0.84066687538367113,4.2725684784539011,0.52638129074064821,11.410363402510908,0.99999999999999389,0,0,-0.40088439421053368,163
mix_buy_hold,mix_buy_hold,,0,benchmark,delay_one_day,2022_2024,2022-01-01,2024-12-31,1,0,0.1153921743235784,0.48035481255710827,-0.69189847832721818,0.58939413737100577,0.16677616433347062,-0.2379598633718602,1.3873479351222462,0.99908759124087387,0.33356164383561615,0.001000660699662258,-0.16065263276272967,785
mix_buy_hold,mix_buy_hold,,0,benchmark,delay_one_day,2020_2024_carry,2020-01-01,2024-12-31,1,0,0.73752002387773219,1.1471249952656981,-0.7685570698819848,0.70140451907668644,0.95961647193094135,0.0666462065533866,15.830144105467951,0.99945265462506472,0.20002738225629774,0.00060006761562440998,-0.40088439421053368,1108
usd_cash,usd_cash,,0,benchmark,delay_one_day,full,2018-01-03,2024-12-31,2,0,0,,0,0,,0,1,0,0,0,0,0
usd_cash,usd_cash,,0,benchmark,delay_one_day,2018_2019,2018-01-03,2019-12-31,1,0,0,,0,0,,0,1,0,0,0,0,0
usd_cash,usd_cash,,0,benchmark,delay_one_day,2020_2021,2020-01-01,2021-12-31,0,0,0,,0,0,,0,1,0,0,0,0,0
usd_cash,usd_cash,,0,benchmark,delay_one_day,2022_2024,2022-01-01,2024-12-31,1,0,0,,0,0,,0,1,0,0,0,0,0
usd_cash,usd_cash,,0,benchmark,delay_one_day,2020_2024_carry,2020-01-01,2024-12-31,1,0,0,,0,0,,0,1,0,0,0,0,0
