scenario,policy,year,observations,total_return,excess_mean_annual
base,bil_buy_hold,2008,128,0.00414458460727,-0.000983668600672
base,bil_buy_hold,2009,252,0.0027086593452,-1.11022302463e-16
base,bil_buy_hold,2010,252,-0.000436059847785,-1.99840144433e-15
base,bil_buy_hold,2011,252,-0.000392489622002,-1.55431223448e-15
base,bil_buy_hold,2012,250,-0.000435900207413,-5.48361356323e-15
base,bil_buy_hold,2013,252,-0.000873744767464,2.77555756156e-15
base,bil_buy_hold,2014,252,-0.000655124972624,5.10702591328e-15
base,bil_buy_hold,2015,252,-0.00131163107313,-3.88578058619e-15
base,bil_buy_hold,2016,252,0.00109458342771,-2.99760216649e-15
base,bil_buy_hold,2017,251,0.00689104125986,1.00318160153e-15
base,bil_buy_hold,2018,251,0.0173735241821,-1.11464622393e-15
base,bil_buy_hold,2019,252,0.0203196062995,-7.77156117238e-16
base,bil_buy_hold,2020,253,0.00398592682593,-2.10108610352e-15
base,bil_buy_hold,2021,252,-0.000983715731838,-1.88737914186e-15
base,bil_buy_hold,2022,251,0.0140458520943,0
base,bil_buy_hold,2023,250,0.049448625743,-1.11910480882e-16
base,bil_buy_hold,2024,252,0.0515195766048,-0.000500164218492
base,dual_momentum_126_g100,2008,128,-0.019250471827,-0.0365815961918
base,dual_momentum_126_g100,2009,252,0.0698632055389,0.0739902009519
base,dual_momentum_126_g100,2010,252,0.028397313234,0.0411906828848
base,dual_momentum_126_g100,2011,252,0.107042381411,0.112503618019
base,dual_momentum_126_g100,2012,250,0.0222310849009,0.027661971961
base,dual_momentum_126_g100,2013,252,0.208984571949,0.198260238231
base,dual_momentum_126_g100,2014,252,0.0805743135779,0.0827946123981
base,dual_momentum_126_g100,2015,252,-0.0869204996513,-0.0818489919334
base,dual_momentum_126_g100,2016,252,0.0819930930542,0.0839142729024
base,dual_momentum_126_g100,2017,251,0.184732921401,0.167004149513
base,dual_momentum_126_g100,2018,251,0.00111058520686,-0.0060785094504
base,dual_momentum_126_g100,2019,252,-0.0087417704798,-0.0249588942587
base,dual_momentum_126_g100,2020,253,0.0362406067424,0.0618457589554
base,dual_momentum_126_g100,2021,252,0.166476443536,0.165763983564
base,dual_momentum_126_g100,2022,251,-0.107586038471,-0.121787005095
base,dual_momentum_126_g100,2023,250,0.107045577356,0.0591026097316
base,dual_momentum_126_g100,2024,252,0.130142126955,0.0793667606277
base,dual_momentum_126_g150,2008,128,-0.00406094136551,-0.00147882618484
base,dual_momentum_126_g150,2009,252,0.0458753988561,0.0527223750929
base,dual_momentum_126_g150,2010,252,0.0276185008366,0.0422948689252
base,dual_momentum_126_g150,2011,252,0.154931329946,0.159775435529
base,dual_momentum_126_g150,2012,250,0.0187333869359,0.028126326407
base,dual_momentum_126_g150,2013,252,0.261840380357,0.246805365618
base,dual_momentum_126_g150,2014,252,0.122262672143,0.124454888179
base,dual_momentum_126_g150,2015,252,-0.108308010074,-0.0998849756835
base,dual_momentum_126_g150,2016,252,0.113231725725,0.117524747938
base,dual_momentum_126_g150,2017,251,0.270136451212,0.241490830844
base,dual_momentum_126_g150,2018,251,-0.0443780351022,-0.0429489411351
base,dual_momentum_126_g150,2019,252,-0.0330094915492,-0.0448554956782
base,dual_momentum_126_g150,2020,253,0.0614313901074,0.0907881927779
base,dual_momentum_126_g150,2021,252,0.161172822867,0.166491570224
base,dual_momentum_126_g150,2022,251,-0.122397496238,-0.134504079251
base,dual_momentum_126_g150,2023,250,0.128092075854,0.0822899872912
base,dual_momentum_126_g150,2024,252,0.128511427384,0.0843328133483
base,dual_momentum_252_g100,2008,128,-0.0513346994329,-0.101937770306
base,dual_momentum_252_g100,2009,252,0.106401441736,0.104398400567
base,dual_momentum_252_g100,2010,252,0.155046317285,0.158910782482
base,dual_momentum_252_g100,2011,252,-0.0797968387622,-0.0718003275079
base,dual_momentum_252_g100,2012,250,0.0352864764959,0.0388930507218
base,dual_momentum_252_g100,2013,252,0.247461622449,0.229396972825
base,dual_momentum_252_g100,2014,252,0.102972128239,0.104859030285
base,dual_momentum_252_g100,2015,252,-0.00907083043725,0.000627186987989
base,dual_momentum_252_g100,2016,252,-0.0983924484341,-0.10074615216
base,dual_momentum_252_g100,2017,251,0.222603045909,0.19918082483
base,dual_momentum_252_g100,2018,251,-0.118404717422,-0.130509879542
base,dual_momentum_252_g100,2019,252,0.053502746626,0.0358335428889
base,dual_momentum_252_g100,2020,253,0.148477653932,0.146031562463
base,dual_momentum_252_g100,2021,252,0.131211595814,0.135525012735
base,dual_momentum_252_g100,2022,251,-0.0571130952634,-0.065599583399
base,dual_momentum_252_g100,2023,250,0.0387833615989,-0.00557714467893
base,dual_momentum_252_g100,2024,252,0.203331752758,0.142796700495
base,dual_momentum_252_g150,2008,128,-0.021986201924,-0.0367899696858
base,dual_momentum_252_g150,2009,252,0.114671436988,0.11533225989
base,dual_momentum_252_g150,2010,252,0.165138418356,0.16893325547
base,dual_momentum_252_g150,2011,252,-0.0719474435854,-0.0597129912322
base,dual_momentum_252_g150,2012,250,0.0432703383027,0.0504356225812
base,dual_momentum_252_g150,2013,252,0.327085810315,0.29659142439
base,dual_momentum_252_g150,2014,252,0.132398440002,0.135754369281
base,dual_momentum_252_g150,2015,252,0.00263856309304,0.0191348455557
base,dual_momentum_252_g150,2016,252,-0.147164922729,-0.15154438705
base,dual_momentum_252_g150,2017,251,0.330528702417,0.289289176265
base,dual_momentum_252_g150,2018,251,-0.14943424374,-0.157117374935
base,dual_momentum_252_g150,2019,252,0.0615070200565,0.0475394162354
base,dual_momentum_252_g150,2020,253,0.194773341184,0.195312622772
base,dual_momentum_252_g150,2021,252,0.129986655094,0.13757176242
base,dual_momentum_252_g150,2022,251,-0.0798473088086,-0.0870704884607
base,dual_momentum_252_g150,2023,250,0.0376779129022,-0.00235630796353
base,dual_momentum_252_g150,2024,252,0.242937208034,0.18019962416
base,dual_momentum_63_g100,2008,128,-0.015243127608,-0.0324798039958
base,dual_momentum_63_g100,2009,252,0.158523996414,0.153308463981
base,dual_momentum_63_g100,2010,252,0.187866750224,0.185338209022
base,dual_momentum_63_g100,2011,252,0.205637118042,0.196439401854
base,dual_momentum_63_g100,2012,250,-0.0340390081985,-0.0287672340016
base,dual_momentum_63_g100,2013,252,0.150199383306,0.147393930978
base,dual_momentum_63_g100,2014,252,0.0883326196734,0.0888072533768
base,dual_momentum_63_g100,2015,252,-0.0899176244521,-0.0868804547199
base,dual_momentum_63_g100,2016,252,-0.0538620622804,-0.0488442600755
base,dual_momentum_63_g100,2017,251,0.192041051639,0.172680844965
base,dual_momentum_63_g100,2018,251,-0.038735064323,-0.0478556062015
base,dual_momentum_63_g100,2019,252,0.0309705430239,0.0152674295562
base,dual_momentum_63_g100,2020,253,0.209264328358,0.19870208401
base,dual_momentum_63_g100,2021,252,0.142098267253,0.142960020894
base,dual_momentum_63_g100,2022,251,-0.094508114754,-0.106716866936
base,dual_momentum_63_g100,2023,250,0.160000444145,0.106398840618
base,dual_momentum_63_g100,2024,252,0.00859295166288,-0.0334280609251
base,dual_momentum_63_g150,2008,128,-0.00297108066811,-0.00240797183383
base,dual_momentum_63_g150,2009,252,0.150750285091,0.147455409717
base,dual_momentum_63_g150,2010,252,0.223089558915,0.216991426391
base,dual_momentum_63_g150,2011,252,0.275913473513,0.259660059065
base,dual_momentum_63_g150,2012,250,-0.0724362005158,-0.0664629946957
base,dual_momentum_63_g150,2013,252,0.188795319826,0.185815246413
base,dual_momentum_63_g150,2014,252,0.12573061672,0.126347654177
base,dual_momentum_63_g150,2015,252,-0.119201263229,-0.114734866437
base,dual_momentum_63_g150,2016,252,-0.0618101028613,-0.0536423680654
base,dual_momentum_63_g150,2017,251,0.283817369427,0.251131645431
base,dual_momentum_63_g150,2018,251,-0.0665104485983,-0.0675871986336
base,dual_momentum_63_g150,2019,252,0.0252862771969,0.0145915377674
base,dual_momentum_63_g150,2020,253,0.200545651829,0.201072407073
base,dual_momentum_63_g150,2021,252,0.151808975062,0.156218383977
base,dual_momentum_63_g150,2022,251,-0.100914629533,-0.108863398575
base,dual_momentum_63_g150,2023,250,0.165647090782,0.113970239172
base,dual_momentum_63_g150,2024,252,-0.0105648520608,-0.0468799928951
base,fixed_blend_g100,2008,128,-0.0499452215638,-0.108246475793
base,fixed_blend_g100,2009,252,0.0445794473032,0.0425891188595
base,fixed_blend_g100,2010,252,0.00194142119989,0.00434756842766
base,fixed_blend_g100,2011,252,0.0147710417839,0.016523433546
base,fixed_blend_g100,2012,250,-0.00149559370897,-0.00018537749118
base,fixed_blend_g100,2013,252,0.0724697402582,0.0718407153036
base,fixed_blend_g100,2014,252,0.0172777142064,0.0188217400079
base,fixed_blend_g100,2015,252,-0.0350689379017,-0.0333560518547
base,fixed_blend_g100,2016,252,0.0248156904166,0.0242247747614
base,fixed_blend_g100,2017,251,0.0566814307932,0.0489738089896
base,fixed_blend_g100,2018,251,-0.0166656012046,-0.0323842306679
base,fixed_blend_g100,2019,252,0.00600634407529,-0.013604555905
base,fixed_blend_g100,2020,253,0.0501304332982,0.0477983575014
base,fixed_blend_g100,2021,252,0.0517139464708,0.05329944786
base,fixed_blend_g100,2022,251,-0.0889941165019,-0.106650649164
base,fixed_blend_g100,2023,250,0.0611026006924,0.0120881003795
base,fixed_blend_g100,2024,252,0.0405403112646,-0.00962309318403
base,fixed_blend_g150,2008,128,-0.050268869753,-0.107235950952
base,fixed_blend_g150,2009,252,0.0399230537776,0.0386546644831
base,fixed_blend_g150,2010,252,0.00992769783922,0.0129222984431
base,fixed_blend_g150,2011,252,0.00964416783884,0.012387598838
base,fixed_blend_g150,2012,250,-0.0053116518151,-0.00334965508956
base,fixed_blend_g150,2013,252,0.0863428245629,0.0855109483641
base,fixed_blend_g150,2014,252,0.0241643010836,0.0266552554533
base,fixed_blend_g150,2015,252,-0.0421621428617,-0.0398303531804
base,fixed_blend_g150,2016,252,0.0326332981673,0.0324993748667
base,fixed_blend_g150,2017,251,0.0822156774852,0.0735944272134
base,fixed_blend_g150,2018,251,-0.0352425383937,-0.0500578793223
base,fixed_blend_g150,2019,252,-0.000394203886978,-0.0193828026876
base,fixed_blend_g150,2020,253,0.0406747263441,0.040883832688
base,fixed_blend_g150,2021,252,0.045036268399,0.0482696071746
base,fixed_blend_g150,2022,251,-0.119581952275,-0.140112323096
base,fixed_blend_g150,2023,250,0.0535541695078,0.00576741223922
base,fixed_blend_g150,2024,252,0.0279098077365,-0.0205800481953
base,raw_sector_reversal_g100,2008,128,-0.0152560848687,-0.0250197117905
base,raw_sector_reversal_g100,2009,252,0.0208162906639,0.0210053697306
base,raw_sector_reversal_g100,2010,252,-0.104533031749,-0.108732988027
base,raw_sector_reversal_g100,2011,252,-0.0236710603714,-0.0218982965798
base,raw_sector_reversal_g100,2012,250,-0.0436230256914,-0.0435558210099
base,raw_sector_reversal_g100,2013,252,-0.0375217028536,-0.0367132899099
base,raw_sector_reversal_g100,2014,252,-0.0240973555451,-0.0228823495491
base,raw_sector_reversal_g100,2015,252,-0.0672997561256,-0.0672092211272
base,raw_sector_reversal_g100,2016,252,-0.0374852882735,-0.0372694547887
base,raw_sector_reversal_g100,2017,251,0.00613138456987,4.82506162081e-05
base,raw_sector_reversal_g100,2018,251,-0.0361414785646,-0.0526856311062
base,raw_sector_reversal_g100,2019,252,-0.0339417461585,-0.0533241939135
base,raw_sector_reversal_g100,2020,253,-0.0358673968797,-0.0357975200469
base,raw_sector_reversal_g100,2021,252,-0.0885432902754,-0.0891200047793
base,raw_sector_reversal_g100,2022,251,-0.134156586281,-0.154793397938
base,raw_sector_reversal_g100,2023,250,-0.0163377501824,-0.0631864798063
base,raw_sector_reversal_g100,2024,252,-0.0627861806663,-0.113945837929
base,raw_sector_reversal_g150,2008,128,-0.0193557652745,-0.0287761988238
base,raw_sector_reversal_g150,2009,252,0.0354848035466,0.036647373177
base,raw_sector_reversal_g150,2010,252,-0.153125302499,-0.162964297802
base,raw_sector_reversal_g150,2011,252,-0.0358437644913,-0.0324222166486
base,raw_sector_reversal_g150,2012,250,-0.0654964559641,-0.0656726513621
base,raw_sector_reversal_g150,2013,252,-0.0557608612382,-0.0550236844178
base,raw_sector_reversal_g150,2014,252,-0.03630269951,-0.0344010288089
base,raw_sector_reversal_g150,2015,252,-0.0992924441408,-0.100675737089
base,raw_sector_reversal_g150,2016,252,-0.0584044136546,-0.0566736113864
base,raw_sector_reversal_g150,2017,251,0.00507018259476,1.11005089363e-05
base,raw_sector_reversal_g150,2018,251,-0.0629499537655,-0.0790417032628
base,raw_sector_reversal_g150,2019,252,-0.060708980829,-0.07976875543
base,raw_sector_reversal_g150,2020,253,-0.0686883534476,-0.066133872243
base,raw_sector_reversal_g150,2021,252,-0.125763974566,-0.127680034048
base,raw_sector_reversal_g150,2022,251,-0.194162067154,-0.222740741312
base,raw_sector_reversal_g150,2023,250,-0.0488070396975,-0.0943969735703
base,raw_sector_reversal_g150,2024,252,-0.116542855055,-0.170935004058
base,sector_reversal_10_g100,2008,128,0.0455173443271,0.0870248037908
base,sector_reversal_10_g100,2009,252,0.00474542669283,0.004011470887
base,sector_reversal_10_g100,2010,252,-0.0407071553065,-0.0404748491398
base,sector_reversal_10_g100,2011,252,-0.0618350243716,-0.0626726812097
base,sector_reversal_10_g100,2012,250,-0.0542871278268,-0.0554131560571
base,sector_reversal_10_g100,2013,252,-0.0544234505112,-0.0545347253545
base,sector_reversal_10_g100,2014,252,-0.0480515396694,-0.0478863549105
base,sector_reversal_10_g100,2015,252,-0.0636068471,-0.063465293285
base,sector_reversal_10_g100,2016,252,0.018156223508,0.0180149990677
base,sector_reversal_10_g100,2017,251,-0.0306313599636,-0.0376548915055
base,sector_reversal_10_g100,2018,251,0.0402276916984,0.023446954016
base,sector_reversal_10_g100,2019,252,0.0114770230204,-0.00799469851779
base,sector_reversal_10_g100,2020,253,-0.109865486582,-0.115847867416
base,sector_reversal_10_g100,2021,252,-0.11186717419,-0.115775805758
base,sector_reversal_10_g100,2022,251,-0.0327764116355,-0.0451616004327
base,sector_reversal_10_g100,2023,250,-0.00481860952454,-0.0523654693292
base,sector_reversal_10_g100,2024,252,-0.0259966969939,-0.0762093761794
base,sector_reversal_10_g150,2008,128,0.049148930566,0.0992399257786
base,sector_reversal_10_g150,2009,252,0.015527114725,0.0163360375983
base,sector_reversal_10_g150,2010,252,-0.0605942362636,-0.0606107344616
base,sector_reversal_10_g150,2011,252,-0.0917631609426,-0.0941311900336
base,sector_reversal_10_g150,2012,250,-0.0803936768253,-0.0831096022144
base,sector_reversal_10_g150,2013,252,-0.0804739079931,-0.081778339669
base,sector_reversal_10_g150,2014,252,-0.071542060393,-0.0719901094625
base,sector_reversal_10_g150,2015,252,-0.0938420772018,-0.0951153525717
base,sector_reversal_10_g150,2016,252,0.0259443348224,0.0270388968847
base,sector_reversal_10_g150,2017,251,-0.0493327031307,-0.0566178098484
base,sector_reversal_10_g150,2018,251,0.0509047986884,0.0351269094912
base,sector_reversal_10_g150,2019,252,0.0066381360915,-0.0119043924816
base,sector_reversal_10_g150,2020,253,-0.160197585991,-0.169666276242
base,sector_reversal_10_g150,2021,252,-0.163930355783,-0.173838364637
base,sector_reversal_10_g150,2022,251,-0.0573875638169,-0.0681553380083
base,sector_reversal_10_g150,2023,250,-0.03158802912,-0.078372792099
base,sector_reversal_10_g150,2024,252,-0.0632386895089,-0.11410214582
base,sector_reversal_3_g100,2008,128,0.106760164992,0.200489581259
base,sector_reversal_3_g100,2009,252,-0.0372326323078,-0.0385258898774
base,sector_reversal_3_g100,2010,252,-0.0415558258504,-0.0415411018671
base,sector_reversal_3_g100,2011,252,-0.0586365940037,-0.0592533059059
base,sector_reversal_3_g100,2012,250,-0.0155261717842,-0.0148530602079
base,sector_reversal_3_g100,2013,252,-0.0324843614931,-0.0317148745748
base,sector_reversal_3_g100,2014,252,-0.0375002646472,-0.0368095038891
base,sector_reversal_3_g100,2015,252,-0.100777613,-0.103842817761
base,sector_reversal_3_g100,2016,252,0.000876694494856,0.00105333637982
base,sector_reversal_3_g100,2017,251,-0.0572899104588,-0.0656450393986
base,sector_reversal_3_g100,2018,251,-0.0250448002123,-0.0418051750217
base,sector_reversal_3_g100,2019,252,-0.00210296655865,-0.0214958827426
base,sector_reversal_3_g100,2020,253,-0.0158935373598,-0.0160511356326
base,sector_reversal_3_g100,2021,252,-0.0776169568222,-0.0780415126941
base,sector_reversal_3_g100,2022,251,-0.0821282031146,-0.0979414313582
base,sector_reversal_3_g100,2023,250,-0.0745035568176,-0.12533084657
base,sector_reversal_3_g100,2024,252,-0.0362842438606,-0.0867807665174
base,sector_reversal_3_g150,2008,128,0.153360931858,0.289969819547
base,sector_reversal_3_g150,2009,252,-0.0411876355304,-0.0408374788549
base,sector_reversal_3_g150,2010,252,-0.0617390235414,-0.0622374001244
base,sector_reversal_3_g150,2011,252,-0.0870323002405,-0.0888996437577
base,sector_reversal_3_g150,2012,250,-0.0232906472887,-0.0222280197756
base,sector_reversal_3_g150,2013,252,-0.0481206822911,-0.0474624515432
base,sector_reversal_3_g150,2014,252,-0.0559694454891,-0.0552416281165
base,sector_reversal_3_g150,2015,252,-0.147334183985,-0.155671584085
base,sector_reversal_3_g150,2016,252,-0.00049452287142,0.00128046016826
base,sector_reversal_3_g150,2017,251,-0.0882120921321,-0.0985178719699
base,sector_reversal_3_g150,2018,251,-0.0461449062325,-0.0625798667933
base,sector_reversal_3_g150,2019,252,-0.0135297965915,-0.0320987371117
base,sector_reversal_3_g150,2020,253,-0.0365951326717,-0.0339262916462
base,sector_reversal_3_g150,2021,252,-0.114741005075,-0.11691806029
base,sector_reversal_3_g150,2022,251,-0.128839400556,-0.147735738784
base,sector_reversal_3_g150,2023,250,-0.131755191843,-0.187946281397
base,sector_reversal_3_g150,2024,252,-0.0781851004803,-0.130077532814
base,sector_reversal_5_g100,2008,128,-0.0479028143649,-0.0970456585489
base,sector_reversal_5_g100,2009,252,-0.0664677176053,-0.0694554128101
base,sector_reversal_5_g100,2010,252,-0.0476802398279,-0.0478677392514
base,sector_reversal_5_g100,2011,252,-0.0590745055117,-0.0597545948957
base,sector_reversal_5_g100,2012,250,-0.024815930844,-0.0244865089871
base,sector_reversal_5_g100,2013,252,-0.0467010280435,-0.0464509304862
base,sector_reversal_5_g100,2014,252,-0.0161062099972,-0.0148553820321
base,sector_reversal_5_g100,2015,252,-0.0541055372355,-0.0533835355975
base,sector_reversal_5_g100,2016,252,-0.0303762429287,-0.0303493913909
base,sector_reversal_5_g100,2017,251,-0.0459793673789,-0.0536459687037
base,sector_reversal_5_g100,2018,251,-0.00238056806755,-0.0186656988707
base,sector_reversal_5_g100,2019,252,-0.0130985169904,-0.0325414344361
base,sector_reversal_5_g100,2020,253,-0.0328599104894,-0.0333647108001
base,sector_reversal_5_g100,2021,252,-0.114164478019,-0.118403255545
base,sector_reversal_5_g100,2022,251,-0.150090623563,-0.175300760039
base,sector_reversal_5_g100,2023,250,-0.00297756207529,-0.0501020271519
base,sector_reversal_5_g100,2024,252,-0.0462339100207,-0.0971979940854
base,sector_reversal_5_g150,2008,128,-0.0423602145924,-0.0782755410404
base,sector_reversal_5_g150,2009,252,-0.0748062021892,-0.0768944144836
base,sector_reversal_5_g150,2010,252,-0.0706730778955,-0.0716131208569
base,sector_reversal_5_g150,2011,252,-0.0875484606987,-0.0895434555975
base,sector_reversal_5_g150,2012,250,-0.037140602753,-0.0367976704937
base,sector_reversal_5_g150,2013,252,-0.0691005327056,-0.069600748236
base,sector_reversal_5_g150,2014,252,-0.0243656591334,-0.0223793207786
base,sector_reversal_5_g150,2015,252,-0.0799050017084,-0.0798799768782
base,sector_reversal_5_g150,2016,252,-0.0475547873199,-0.0462085002418
base,sector_reversal_5_g150,2017,251,-0.0717576430063,-0.0805009747732
base,sector_reversal_5_g150,2018,251,-0.0128516132006,-0.0279801162091
base,sector_reversal_5_g150,2019,252,-0.0298858995554,-0.04874765656
base,sector_reversal_5_g150,2020,253,-0.0590937330785,-0.0567662591597
base,sector_reversal_5_g150,2021,252,-0.167055759937,-0.177668740411
base,sector_reversal_5_g150,2022,251,-0.223502422072,-0.263506513506
base,sector_reversal_5_g150,2023,250,-0.0292653429907,-0.0750577416276
base,sector_reversal_5_g150,2024,252,-0.0925289251091,-0.145840721587
base,spy_buy_hold,2008,128,-0.277162456441,-0.500303592838
base,spy_buy_hold,2009,252,0.263517595372,0.266566241904
base,spy_buy_hold,2010,252,0.150561421331,0.156742842235
base,spy_buy_hold,2011,252,0.0189497715803,0.0456667527066
base,spy_buy_hold,2012,250,0.15990339544,0.158077082519
base,spy_buy_hold,2013,252,0.323077898659,0.287098149052
base,spy_buy_hold,2014,252,0.134637819136,0.133304631191
base,spy_buy_hold,2015,252,0.0123428352032,0.0254555547824
base,spy_buy_hold,2016,252,0.119979037551,0.120748760909
base,spy_buy_hold,2017,251,0.217053948951,0.192659293504
base,spy_buy_hold,2018,251,-0.0456899091282,-0.0497411778514
base,spy_buy_hold,2019,252,0.312238706468,0.259575257948
base,spy_buy_hold,2020,253,0.183316241101,0.219839831858
base,spy_buy_hold,2021,252,0.287287581714,0.262056208655
base,spy_buy_hold,2022,251,-0.181753681239,-0.18603228633
base,spy_buy_hold,2023,250,0.261757967069,0.194322967653
base,spy_buy_hold,2024,252,0.256397334428,0.185480927662
base,static_macro_g100,2008,128,-0.120790196819,-0.244390848315
base,static_macro_g100,2009,252,0.183593789919,0.172844342122
base,static_macro_g100,2010,252,0.178818993558,0.169910519617
base,static_macro_g100,2011,252,0.0706208666245,0.07529013004
base,static_macro_g100,2012,250,0.0974473054924,0.0968486841724
base,static_macro_g100,2013,252,0.0461355448192,0.0491513395073
base,static_macro_g100,2014,252,0.0563580295177,0.0570941304769
base,static_macro_g100,2015,252,-0.0400598403579,-0.0361147700172
base,static_macro_g100,2016,252,0.0758188787825,0.0746498352067
base,static_macro_g100,2017,251,0.146861997016,0.131757413133
base,static_macro_g100,2018,251,-0.0368859662755,-0.0524714759694
base,static_macro_g100,2019,252,0.177198781429,0.144567063434
base,static_macro_g100,2020,253,0.0634934483247,0.0667867000809
base,static_macro_g100,2021,252,0.106884111056,0.10553869695
base,static_macro_g100,2022,251,-0.158114650201,-0.176992201791
base,static_macro_g100,2023,250,0.124617929326,0.0742794881851
base,static_macro_g100,2024,252,0.0901165796404,0.0393263467003
base,static_macro_g150,2008,128,-0.19180894352,-0.394549704371
base,static_macro_g150,2009,252,0.217355882404,0.202911012229
base,static_macro_g150,2010,252,0.261341955312,0.243607917398
base,static_macro_g150,2011,252,0.0900277264823,0.0985842082596
base,static_macro_g150,2012,250,0.118886815633,0.119505478354
base,static_macro_g150,2013,252,0.060207212888,0.0665113498757
base,static_macro_g150,2014,252,0.0752988722845,0.0768825850423
base,static_macro_g150,2015,252,-0.0683276087606,-0.0615731109076
base,static_macro_g150,2016,252,0.10474002329,0.104515516395
base,static_macro_g150,2017,251,0.214156406983,0.190344422797
base,static_macro_g150,2018,251,-0.0709633803085,-0.0853685777849
base,static_macro_g150,2019,252,0.251979983978,0.208063769532
base,static_macro_g150,2020,253,0.0352030177934,0.0519870659818
base,static_macro_g150,2021,252,0.153696515476,0.150719373333
base,static_macro_g150,2022,251,-0.216203945601,-0.243849543103
base,static_macro_g150,2023,250,0.135969634575,0.0887033501032
base,static_macro_g150,2024,252,0.098984037627,0.0521105177881
base,trend_only_g100,2008,128,-0.0366284881721,-0.081935142672
base,trend_only_g100,2009,252,0.18981405502,0.177226066686
base,trend_only_g100,2010,252,-0.00576591535652,0.00440686438975
base,trend_only_g100,2011,252,-0.0664892210158,-0.0608722470844
base,trend_only_g100,2012,250,0.0294454741712,0.0360223902615
base,trend_only_g100,2013,252,0.211913335903,0.199338159533
base,trend_only_g100,2014,252,0.0188914587892,0.0238535311508
base,trend_only_g100,2015,252,-0.0489250534057,-0.0454434989827
base,trend_only_g100,2016,252,-0.0111970789245,-0.00695189933646
base,trend_only_g100,2017,251,0.258380723921,0.227253989191
base,trend_only_g100,2018,251,-0.0161527750881,-0.0271630275679
base,trend_only_g100,2019,252,0.0419428782617,0.0251011911441
base,trend_only_g100,2020,253,0.117997219557,0.115285932337
base,trend_only_g100,2021,252,0.11198397336,0.115219095451
base,trend_only_g100,2022,251,-0.0761785339894,-0.0927898841752
base,trend_only_g100,2023,250,0.140724218304,0.0894825707877
base,trend_only_g100,2024,252,0.138427636818,0.0876282157014
base,trend_only_g150,2008,128,-0.0565886939658,-0.122352135264
base,trend_only_g150,2009,252,0.19587920647,0.182387292436
base,trend_only_g150,2010,252,-0.015666386266,-0.00398436957141
base,trend_only_g150,2011,252,-0.0746644838454,-0.0681676855631
base,trend_only_g150,2012,250,0.0356918291688,0.0450104146529
base,trend_only_g150,2013,252,0.276469184935,0.256646946051
base,trend_only_g150,2014,252,0.0257727563918,0.0351369154526
base,trend_only_g150,2015,252,-0.0793841929612,-0.0744353586847
base,trend_only_g150,2016,252,-0.0233834940171,-0.0166530594766
base,trend_only_g150,2017,251,0.393437647797,0.333856703155
base,trend_only_g150,2018,251,-0.0490925169608,-0.0576206852513
base,trend_only_g150,2019,252,0.0564992784497,0.0426346213981
base,trend_only_g150,2020,253,0.0765541479519,0.0811606552857
base,trend_only_g150,2021,252,0.11335937556,0.119495206787
base,trend_only_g150,2022,251,-0.109173946784,-0.128542019869
base,trend_only_g150,2023,250,0.169655091236,0.117559943455
base,trend_only_g150,2024,252,0.125216358501,0.080392749164
base,trend_pullback_10_g100,2008,128,0.00268277255736,-0.00384707598585
base,trend_pullback_10_g100,2009,252,0.0639074419505,0.059846419273
base,trend_pullback_10_g100,2010,252,-0.0517672752487,-0.0510329126538
base,trend_pullback_10_g100,2011,252,0.0391596425189,0.0393524672315
base,trend_pullback_10_g100,2012,250,-0.014279635195,-0.013650805148
base,trend_pullback_10_g100,2013,252,0.025935717735,0.0267061219529
base,trend_pullback_10_g100,2014,252,0.00975227861426,0.0108421374258
base,trend_pullback_10_g100,2015,252,0.00390344890604,0.00540549057296
base,trend_pullback_10_g100,2016,252,0.000664077065427,1.49949062245e-06
base,trend_pullback_10_g100,2017,251,0.0401585229803,0.0327228832286
base,trend_pullback_10_g100,2018,251,0.0221147209678,0.00667812038616
base,trend_pullback_10_g100,2019,252,0.0088246001251,-0.0109380547535
base,trend_pullback_10_g100,2020,253,-0.024844576784,-0.0276976467646
base,trend_pullback_10_g100,2021,252,0.0391311966977,0.0401117845907
base,trend_pullback_10_g100,2022,251,0.000955779445311,-0.0129746491734
base,trend_pullback_10_g100,2023,250,0.0303338868422,-0.018245049112
base,trend_pullback_10_g100,2024,252,0.0760344454525,0.0232513817152
base,trend_pullback_10_g150,2008,128,0.00194969200176,-0.00527796441709
base,trend_pullback_10_g150,2009,252,0.0850577240811,0.0800738637485
base,trend_pullback_10_g150,2010,252,-0.073856197625,-0.0728440108321
base,trend_pullback_10_g150,2011,252,0.0577743688699,0.0577396066067
base,trend_pullback_10_g150,2012,250,-0.0213322466756,-0.0203743519423
base,trend_pullback_10_g150,2013,252,0.039486036559,0.0401085147231
base,trend_pullback_10_g150,2014,252,0.0148170719563,0.0164480225108
base,trend_pullback_10_g150,2015,252,0.00636871653841,0.00810424698638
base,trend_pullback_10_g150,2016,252,0.000229425273454,0.000106533111381
base,trend_pullback_10_g150,2017,251,0.0571625833686,0.0491128224942
base,trend_pullback_10_g150,2018,251,0.0105186342683,-0.00337749994955
base,trend_pullback_10_g150,2019,252,0.00293747524948,-0.0163061144991
base,trend_pullback_10_g150,2020,253,-0.0409041520511,-0.0425986875188
base,trend_pullback_10_g150,2021,252,0.059212483889,0.0601711840031
base,trend_pullback_10_g150,2022,251,-0.00559628286035,-0.0194811227803
base,trend_pullback_10_g150,2023,250,0.0206337997431,-0.0274224779089
base,trend_pullback_10_g150,2024,252,0.082539052485,0.0300370782676
base,trend_pullback_3_g100,2008,128,0.0022030542782,-0.00477780054575
base,trend_pullback_3_g100,2009,252,0.0576419093228,0.0543323935642
base,trend_pullback_3_g100,2010,252,-0.0463228655743,-0.0453744270762
base,trend_pullback_3_g100,2011,252,-0.000230615111387,0.000842621336087
base,trend_pullback_3_g100,2012,250,0.00324073477031,0.00440064709281
base,trend_pullback_3_g100,2013,252,0.00284033202077,0.00429225762728
base,trend_pullback_3_g100,2014,252,6.0922336047e-06,0.00121188389254
base,trend_pullback_3_g100,2015,252,-0.0185278102396,-0.0168485541502
base,trend_pullback_3_g100,2016,252,-0.00287407993818,-0.0035286410981
base,trend_pullback_3_g100,2017,251,0.0343054152685,0.027164166069
base,trend_pullback_3_g100,2018,251,-0.0651545640959,-0.0827117057927
base,trend_pullback_3_g100,2019,252,-0.00551584583639,-0.0249662863888
base,trend_pullback_3_g100,2020,253,-0.0180074727188,-0.0207421675917
base,trend_pullback_3_g100,2021,252,0.0523352954039,0.0530309236117
base,trend_pullback_3_g100,2022,251,-0.000860778142277,-0.0148196463714
base,trend_pullback_3_g100,2023,250,0.0129060365543,-0.0352538829159
base,trend_pullback_3_g100,2024,252,0.0427710066758,-0.00808197892519
base,trend_pullback_3_g150,2008,128,0.00122383407866,-0.00668193105061
base,trend_pullback_3_g150,2009,252,0.0737453748313,0.0699367837097
base,trend_pullback_3_g150,2010,252,-0.0697680511407,-0.0685999741967
base,trend_pullback_3_g150,2011,252,-0.00112463981908,0.000724084420129
base,trend_pullback_3_g150,2012,250,0.00125369830193,0.00313492280727
base,trend_pullback_3_g150,2013,252,0.0040276896003,0.00618636737735
base,trend_pullback_3_g150,2014,252,0.000112597241195,0.00200035076428
base,trend_pullback_3_g150,2015,252,-0.0271771530635,-0.0250209405127
base,trend_pullback_3_g150,2016,252,-0.00633522081851,-0.00655075022498
base,trend_pullback_3_g150,2017,251,0.0485659567129,0.0411555128381
base,trend_pullback_3_g150,2018,251,-0.112106427647,-0.132443179789
base,trend_pullback_3_g150,2019,252,-0.0174973680278,-0.0362638799217
base,trend_pullback_3_g150,2020,253,-0.035369433941,-0.0370784831026
base,trend_pullback_3_g150,2021,252,0.0675337256071,0.0684876710966
base,trend_pullback_3_g150,2022,251,-0.00829840144697,-0.022259935046
base,trend_pullback_3_g150,2023,250,-0.00638631111852,-0.054054137801
base,trend_pullback_3_g150,2024,252,0.0355886386741,-0.0142046670628
base,trend_pullback_5_g100,2008,128,0.00259189618574,-0.00401184598808
base,trend_pullback_5_g100,2009,252,0.0266739564265,0.0245261105498
base,trend_pullback_5_g100,2010,252,-0.039110750735,-0.0378501668057
base,trend_pullback_5_g100,2011,252,0.00655389939397,0.00775223822373
base,trend_pullback_5_g100,2012,250,0.0183672981429,0.0193801224298
base,trend_pullback_5_g100,2013,252,0.0328812141053,0.0336783023454
base,trend_pullback_5_g100,2014,252,-0.002074090999,-0.000899314485923
base,trend_pullback_5_g100,2015,252,0.00223310182952,0.00390751498645
base,trend_pullback_5_g100,2016,252,0.0121361261637,0.0112515270004
base,trend_pullback_5_g100,2017,251,0.0346658440376,0.027443123549
base,trend_pullback_5_g100,2018,251,-0.012523033448,-0.0274207208125
base,trend_pullback_5_g100,2019,252,0.00416518619266,-0.0154244439204
base,trend_pullback_5_g100,2020,253,0.0116982485913,0.00909104071685
base,trend_pullback_5_g100,2021,252,0.0585219445683,0.0588027013
base,trend_pullback_5_g100,2022,251,0.0036997038327,-0.0102326150863
base,trend_pullback_5_g100,2023,250,0.0323760780541,-0.0162087904299
base,trend_pullback_5_g100,2024,252,0.0913624041569,0.0375545362999
base,trend_pullback_5_g150,2008,128,0.00181210711376,-0.00552160980422
base,trend_pullback_5_g150,2009,252,0.0385665777399,0.0367658410298
base,trend_pullback_5_g150,2010,252,-0.0541600105649,-0.0518143056499
base,trend_pullback_5_g150,2011,252,0.00729671903128,0.00939650695064
base,trend_pullback_5_g150,2012,250,0.0246260742508,0.026247309662
base,trend_pullback_5_g150,2013,252,0.0498060470505,0.050493094827
base,trend_pullback_5_g150,2014,252,-0.00288133248329,-0.00106243207074
base,trend_pullback_5_g150,2015,252,0.0039064600176,0.00602938729108
base,trend_pullback_5_g150,2016,252,0.0170622100407,0.0164458357755
base,trend_pullback_5_g150,2017,251,0.0487698186583,0.0411919136057
base,trend_pullback_5_g150,2018,251,-0.0340181487263,-0.0475681854678
base,trend_pullback_5_g150,2019,252,-0.00378993583949,-0.0227150024876
base,trend_pullback_5_g150,2020,253,0.00517910695101,0.00418979429043
base,trend_pullback_5_g150,2021,252,0.0825226455746,0.0823194243945
base,trend_pullback_5_g150,2022,251,-0.00151423564296,-0.0153819039684
base,trend_pullback_5_g150,2023,250,0.0237510639252,-0.0242565013005
base,trend_pullback_5_g150,2024,252,0.101320899555,0.0474654999605
cost_stress,bil_buy_hold,2008,128,0.0031419439836,-0.00294805921609
cost_stress,bil_buy_hold,2009,252,0.0027086593452,1.66533453694e-15
cost_stress,bil_buy_hold,2010,252,-0.000436059847786,-3.66373598126e-15
cost_stress,bil_buy_hold,2011,252,-0.000392489622008,-4.66293670343e-15
cost_stress,bil_buy_hold,2012,250,-0.000435900207413,-5.81934500588e-15
cost_stress,bil_buy_hold,2013,252,-0.000873744767458,5.10702591328e-15
cost_stress,bil_buy_hold,2014,252,-0.00065512497263,-4.4408920985e-16
cost_stress,bil_buy_hold,2015,252,-0.00131163107313,-9.99200722163e-16
cost_stress,bil_buy_hold,2016,252,0.00109458342771,-2.10942374679e-15
cost_stress,bil_buy_hold,2017,251,0.00689104125986,1.67196933589e-15
cost_stress,bil_buy_hold,2018,251,0.0173735241821,2.22929244785e-16
cost_stress,bil_buy_hold,2019,252,0.0203196062995,-1.22124532709e-15
cost_stress,bil_buy_hold,2020,253,0.00398592682593,-5.52917395663e-16
cost_stress,bil_buy_hold,2021,252,-0.000983715731837,-6.66133814775e-16
cost_stress,bil_buy_hold,2022,251,0.0140458520943,1.4490400911e-15
cost_stress,bil_buy_hold,2023,250,0.049448625743,4.47641923529e-16
cost_stress,bil_buy_hold,2024,252,0.0504675310054,-0.00150049265548
cost_stress,dual_momentum_126_g100,2008,128,-0.0249352849062,-0.0479650576559
cost_stress,dual_momentum_126_g100,2009,252,0.0644388629228,0.0688995024434
cost_stress,dual_momentum_126_g100,2010,252,0.0163564978202,0.0293560612763
cost_stress,dual_momentum_126_g100,2011,252,0.099856437067,0.1060005325
cost_stress,dual_momentum_126_g100,2012,250,0.0108324735942,0.0163885946593
cost_stress,dual_momentum_126_g100,2013,252,0.20177545518,0.19228076606
cost_stress,dual_momentum_126_g100,2014,252,0.0699881581314,0.0729410341703
cost_stress,dual_momentum_126_g100,2015,252,-0.0931750317908,-0.0887402928357
cost_stress,dual_momentum_126_g100,2016,252,0.0717002345266,0.074376373892
cost_stress,dual_momentum_126_g100,2017,251,0.177343554337,0.160727657844
cost_stress,dual_momentum_126_g100,2018,251,-0.00618108505482,-0.0134033867209
cost_stress,dual_momentum_126_g100,2019,252,-0.021502548579,-0.0379394041654
cost_stress,dual_momentum_126_g100,2020,253,0.0276130653095,0.0535200507185
cost_stress,dual_momentum_126_g100,2021,252,0.158813318875,0.159168065053
cost_stress,dual_momentum_126_g100,2022,251,-0.1127436181,-0.127607918374
cost_stress,dual_momentum_126_g100,2023,250,0.0989361245962,0.0517322269739
cost_stress,dual_momentum_126_g100,2024,252,0.121270222922,0.0714988085343
cost_stress,dual_momentum_126_g150,2008,128,-0.0116750755057,-0.0164929687287
cost_stress,dual_momentum_126_g150,2009,252,0.0405305949475,0.0475921145821
cost_stress,dual_momentum_126_g150,2010,252,0.0108468532726,0.0257741931983
cost_stress,dual_momentum_126_g150,2011,252,0.142950382832,0.149336849274
cost_stress,dual_momentum_126_g150,2012,250,-0.00319573344344,0.00625338923325
cost_stress,dual_momentum_126_g150,2013,252,0.245385215747,0.233679741718
cost_stress,dual_momentum_126_g150,2014,252,0.0997081570769,0.104136012692
cost_stress,dual_momentum_126_g150,2015,252,-0.119903622301,-0.112987670304
cost_stress,dual_momentum_126_g150,2016,252,0.0921107160531,0.098400419456
cost_stress,dual_momentum_126_g150,2017,251,0.248938533051,0.224601297068
cost_stress,dual_momentum_126_g150,2018,251,-0.0587087238217,-0.0580754535663
cost_stress,dual_momentum_126_g150,2019,252,-0.0584142242554,-0.0715170409601
cost_stress,dual_momentum_126_g150,2020,253,0.0480121408809,0.0781081568053
cost_stress,dual_momentum_126_g150,2021,252,0.146983106997,0.154191400705
cost_stress,dual_momentum_126_g150,2022,251,-0.128505041001,-0.141506441612
cost_stress,dual_momentum_126_g150,2023,250,0.113032533654,0.0688184491312
cost_stress,dual_momentum_126_g150,2024,252,0.110889342106,0.0686259834811
cost_stress,dual_momentum_252_g100,2008,128,-0.0563206862215,-0.112329365071
cost_stress,dual_momentum_252_g100,2009,252,0.10124782363,0.0997164882726
cost_stress,dual_momentum_252_g100,2010,252,0.147971496287,0.152726463144
cost_stress,dual_momentum_252_g100,2011,252,-0.0894343875689,-0.0822764384345
cost_stress,dual_momentum_252_g100,2012,250,0.0287846200214,0.0325566433738
cost_stress,dual_momentum_252_g100,2013,252,0.240287702911,0.223647180153
cost_stress,dual_momentum_252_g100,2014,252,0.0974981793298,0.0998822057838
cost_stress,dual_momentum_252_g100,2015,252,-0.0168096157081,-0.00723140913067
cost_stress,dual_momentum_252_g100,2016,252,-0.108073984651,-0.111542765374
cost_stress,dual_momentum_252_g100,2017,251,0.216597433801,0.194235266066
cost_stress,dual_momentum_252_g100,2018,251,-0.122879530982,-0.135599269261
cost_stress,dual_momentum_252_g100,2019,252,0.0430406161568,0.0258497465534
cost_stress,dual_momentum_252_g100,2020,253,0.138510183653,0.137315568589
cost_stress,dual_momentum_252_g100,2021,252,0.124199241118,0.12927856
cost_stress,dual_momentum_252_g100,2022,251,-0.0620823546543,-0.0708995462148
cost_stress,dual_momentum_252_g100,2023,250,0.0320151226762,-0.0121588517723
cost_stress,dual_momentum_252_g100,2024,252,0.198250100437,0.138567313981
cost_stress,dual_momentum_252_g150,2008,128,-0.0287678547833,-0.0504765025964
cost_stress,dual_momentum_252_g150,2009,252,0.106899191655,0.108311955915
cost_stress,dual_momentum_252_g150,2010,252,0.156728871244,0.161644719163
cost_stress,dual_momentum_252_g150,2011,252,-0.0855708133647,-0.0744410944711
cost_stress,dual_momentum_252_g150,2012,250,0.0261733915627,0.0338104822856
cost_stress,dual_momentum_252_g150,2013,252,0.310509857819,0.284044023717
cost_stress,dual_momentum_252_g150,2014,252,0.118608678433,0.123499746541
cost_stress,dual_momentum_252_g150,2015,252,-0.0137607980457,0.00260771604334
cost_stress,dual_momentum_252_g150,2016,252,-0.16510206142,-0.172795922169
cost_stress,dual_momentum_252_g150,2017,251,0.311635680188,0.274925144082
cost_stress,dual_momentum_252_g150,2018,251,-0.159014131744,-0.168452232468
cost_stress,dual_momentum_252_g150,2019,252,0.0415994978749,0.0285780087341
cost_stress,dual_momentum_252_g150,2020,253,0.176668875838,0.180032009763
cost_stress,dual_momentum_252_g150,2021,252,0.119703167484,0.128392169626
cost_stress,dual_momentum_252_g150,2022,251,-0.0860859247579,-0.0938730366145
cost_stress,dual_momentum_252_g150,2023,250,0.0246630025757,-0.0150598659802
cost_stress,dual_momentum_252_g150,2024,252,0.230952418321,0.170524929825
cost_stress,dual_momentum_63_g100,2008,128,-0.0207609458077,-0.0435246876423
cost_stress,dual_momentum_63_g100,2009,252,0.15059072599,0.146433645604
cost_stress,dual_momentum_63_g100,2010,252,0.173075568003,0.172785430501
cost_stress,dual_momentum_63_g100,2011,252,0.195177107965,0.187723379042
cost_stress,dual_momentum_63_g100,2012,250,-0.0447295405859,-0.0399307591398
cost_stress,dual_momentum_63_g100,2013,252,0.141273182391,0.139617847318
cost_stress,dual_momentum_63_g100,2014,252,0.0771703546697,0.0784901336541
cost_stress,dual_momentum_63_g100,2015,252,-0.0999817162868,-0.0979657335411
cost_stress,dual_momentum_63_g100,2016,252,-0.0655086803684,-0.0611907157848
cost_stress,dual_momentum_63_g100,2017,251,0.181806866785,0.164029323424
cost_stress,dual_momentum_63_g100,2018,251,-0.0501421777216,-0.0598250212672
cost_stress,dual_momentum_63_g100,2019,252,0.0172290364842,0.00185570895132
cost_stress,dual_momentum_63_g100,2020,253,0.196692890679,0.188261834735
cost_stress,dual_momentum_63_g100,2021,252,0.132772479182,0.13473579355
cost_stress,dual_momentum_63_g100,2022,251,-0.104130884341,-0.117438651552
cost_stress,dual_momentum_63_g100,2023,250,0.151271973918,0.0988026868305
cost_stress,dual_momentum_63_g100,2024,252,-0.00417718425415,-0.0461242423527
cost_stress,dual_momentum_63_g150,2008,128,-0.00958319763747,-0.0154835747691
cost_stress,dual_momentum_63_g150,2009,252,0.142558899812,0.14031015798
cost_stress,dual_momentum_63_g150,2010,252,0.201905606154,0.199495125959
cost_stress,dual_momentum_63_g150,2011,252,0.256713176973,0.244479489127
cost_stress,dual_momentum_63_g150,2012,250,-0.0889451636447,-0.0844711463349
cost_stress,dual_momentum_63_g150,2013,252,0.169830851162,0.169757777412
cost_stress,dual_momentum_63_g150,2014,252,0.101355115325,0.104443375753
cost_stress,dual_momentum_63_g150,2015,252,-0.136741831654,-0.134780951944
cost_stress,dual_momentum_63_g150,2016,252,-0.0805434231655,-0.0737373156636
cost_stress,dual_momentum_63_g150,2017,251,0.258045678157,0.230782122268
cost_stress,dual_momentum_63_g150,2018,251,-0.0858452992613,-0.0885440428936
cost_stress,dual_momentum_63_g150,2019,252,0.000770462567798,-0.00960598346848
cost_stress,dual_momentum_63_g150,2020,253,0.18330977877,0.186597434095
cost_stress,dual_momentum_63_g150,2021,252,0.134453114214,0.140998759987
cost_stress,dual_momentum_63_g150,2022,251,-0.112734874111,-0.122138607923
cost_stress,dual_momentum_63_g150,2023,250,0.151400138271,0.101605359134
cost_stress,dual_momentum_63_g150,2024,252,-0.0310154761316,-0.0676964553828
cost_stress,fixed_blend_g100,2008,128,-0.066288063584,-0.142359166856
cost_stress,fixed_blend_g100,2009,252,0.00863126737838,0.00759233114401
cost_stress,fixed_blend_g100,2010,252,-0.0360428989951,-0.0342685497893
cost_stress,fixed_blend_g100,2011,252,-0.0181799590663,-0.0164737272126
cost_stress,fixed_blend_g100,2012,250,-0.0386881796239,-0.038413102794
cost_stress,fixed_blend_g100,2013,252,0.0362969452385,0.0375463048652
cost_stress,fixed_blend_g100,2014,252,-0.0188984283698,-0.0173915582732
cost_stress,fixed_blend_g100,2015,252,-0.0697840206348,-0.0699859884513
cost_stress,fixed_blend_g100,2016,252,-0.0137246061159,-0.0140898555715
cost_stress,fixed_blend_g100,2017,251,0.0220654537922,0.0155432383243
cost_stress,fixed_blend_g100,2018,251,-0.0538805481133,-0.0711286811346
cost_stress,fixed_blend_g100,2019,252,-0.0310657501163,-0.0511391238224
cost_stress,fixed_blend_g100,2020,253,0.0134549520139,0.0124041817635
cost_stress,fixed_blend_g100,2021,252,0.0146065745308,0.0173862841948
cost_stress,fixed_blend_g100,2022,251,-0.115478800485,-0.136255905615
cost_stress,fixed_blend_g100,2023,250,0.0231327929063,-0.0246261047048
cost_stress,fixed_blend_g100,2024,252,-0.000226196825964,-0.0495689485082
cost_stress,fixed_blend_g150,2008,128,-0.0718810397486,-0.152470408143
cost_stress,fixed_blend_g150,2009,252,-0.00958332368248,-0.0100815184303
cost_stress,fixed_blend_g150,2010,252,-0.0449948470693,-0.0429422165678
cost_stress,fixed_blend_g150,2011,252,-0.0386286350888,-0.0365728656717
cost_stress,fixed_blend_g150,2012,250,-0.0610880173041,-0.0614400911696
cost_stress,fixed_blend_g150,2013,252,0.0322218133946,0.034445897739
cost_stress,fixed_blend_g150,2014,252,-0.0298536603746,-0.027532203482
cost_stress,fixed_blend_g150,2015,252,-0.0929567548783,-0.09429333969
cost_stress,fixed_blend_g150,2016,252,-0.0244815263596,-0.0243592189245
cost_stress,fixed_blend_g150,2017,251,0.0295312284406,0.0235125464642
cost_stress,fixed_blend_g150,2018,251,-0.0879290568976,-0.106452033297
cost_stress,fixed_blend_g150,2019,252,-0.0551901135365,-0.075730249515
cost_stress,fixed_blend_g150,2020,253,-0.0104425781997,-0.00924519771653
cost_stress,fixed_blend_g150,2021,252,-0.00833242592167,-0.0041308224991
cost_stress,fixed_blend_g150,2022,251,-0.157117360843,-0.183824541537
cost_stress,fixed_blend_g150,2023,250,-0.00195008895584,-0.0487418700967
cost_stress,fixed_blend_g150,2024,252,-0.0296522449143,-0.0781611165605
cost_stress,raw_sector_reversal_g100,2008,128,-0.0521251781233,-0.0999868975756
cost_stress,raw_sector_reversal_g100,2009,252,-0.0548100134831,-0.0560018601018
cost_stress,raw_sector_reversal_g100,2010,252,-0.168526865321,-0.182783231286
cost_stress,raw_sector_reversal_g100,2011,252,-0.094885988214,-0.0975625188264
cost_stress,raw_sector_reversal_g100,2012,250,-0.114468629467,-0.121037136411
cost_stress,raw_sector_reversal_g100,2013,252,-0.112068988284,-0.117233106331
cost_stress,raw_sector_reversal_g100,2014,252,-0.0975100075253,-0.101013079248
cost_stress,raw_sector_reversal_g100,2015,252,-0.137983934808,-0.145906195854
cost_stress,raw_sector_reversal_g100,2016,252,-0.112924731221,-0.118792721369
cost_stress,raw_sector_reversal_g100,2017,251,-0.0675948137167,-0.0762543088191
cost_stress,raw_sector_reversal_g100,2018,251,-0.108362703733,-0.130792527156
cost_stress,raw_sector_reversal_g100,2019,252,-0.108001303981,-0.132977320675
cost_stress,raw_sector_reversal_g100,2020,253,-0.10855797379,-0.113791105056
cost_stress,raw_sector_reversal_g100,2021,252,-0.154911745913,-0.164679433843
cost_stress,raw_sector_reversal_g100,2022,251,-0.196203444621,-0.229368314644
cost_stress,raw_sector_reversal_g100,2023,250,-0.090072084368,-0.141645082361
cost_stress,raw_sector_reversal_g100,2024,252,-0.132554330481,-0.191218922477
cost_stress,raw_sector_reversal_g150,2008,128,-0.0627153933759,-0.117513876098
cost_stress,raw_sector_reversal_g150,2009,252,-0.070224598531,-0.0710643251546
cost_stress,raw_sector_reversal_g150,2010,252,-0.242231376169,-0.273924184159
cost_stress,raw_sector_reversal_g150,2011,252,-0.139299567367,-0.145761014539
cost_stress,raw_sector_reversal_g150,2012,250,-0.167298258631,-0.181715101395
cost_stress,raw_sector_reversal_g150,2013,252,-0.163253227799,-0.175661588068
cost_stress,raw_sector_reversal_g150,2014,252,-0.142892258821,-0.151447388382
cost_stress,raw_sector_reversal_g150,2015,252,-0.199654944462,-0.218559940784
cost_stress,raw_sector_reversal_g150,2016,252,-0.166799812683,-0.178759302875
cost_stress,raw_sector_reversal_g150,2017,251,-0.103257327425,-0.114256571377
cost_stress,raw_sector_reversal_g150,2018,251,-0.166182039,-0.196026972587
cost_stress,raw_sector_reversal_g150,2019,252,-0.166559223134,-0.199090519648
cost_stress,raw_sector_reversal_g150,2020,253,-0.166608704696,-0.176615279822
cost_stress,raw_sector_reversal_g150,2021,252,-0.219616469621,-0.241151545672
cost_stress,raw_sector_reversal_g150,2022,251,-0.279016358127,-0.334267134397
cost_stress,raw_sector_reversal_g150,2023,250,-0.15365484586,-0.211931208489
cost_stress,raw_sector_reversal_g150,2024,252,-0.212882517374,-0.286201168004
cost_stress,sector_reversal_10_g100,2008,128,0.0122721288344,0.0235748743382
cost_stress,sector_reversal_10_g100,2009,252,-0.0629729316968,-0.0657636069733
cost_stress,sector_reversal_10_g100,2010,252,-0.0988344108171,-0.102921523732
cost_stress,sector_reversal_10_g100,2011,252,-0.118674678755,-0.125101570406
cost_stress,sector_reversal_10_g100,2012,250,-0.110510107118,-0.117120288294
cost_stress,sector_reversal_10_g100,2013,252,-0.111820528479,-0.117070832492
cost_stress,sector_reversal_10_g100,2014,252,-0.103888231341,-0.108283510962
cost_stress,sector_reversal_10_g100,2015,252,-0.116608685874,-0.121687076491
cost_stress,sector_reversal_10_g100,2016,252,-0.044616018306,-0.0455604609959
cost_stress,sector_reversal_10_g100,2017,251,-0.0892694151851,-0.100228613903
cost_stress,sector_reversal_10_g100,2018,251,-0.0233953947515,-0.0398604807533
cost_stress,sector_reversal_10_g100,2019,252,-0.0519236574516,-0.072678860677
cost_stress,sector_reversal_10_g100,2020,253,-0.162207944132,-0.176145723068
cost_stress,sector_reversal_10_g100,2021,252,-0.162935809918,-0.174936798702
cost_stress,sector_reversal_10_g100,2022,251,-0.0939031972672,-0.110648305797
cost_stress,sector_reversal_10_g100,2023,250,-0.0653390954271,-0.115546298689
cost_stress,sector_reversal_10_g100,2024,252,-0.0868292840023,-0.140644558304
cost_stress,sector_reversal_10_g150,2008,128,0.00472239603045,0.0143733621474
cost_stress,sector_reversal_10_g150,2009,252,-0.0822121076848,-0.0848371671837
cost_stress,sector_reversal_10_g150,2010,252,-0.144680642383,-0.154247920048
cost_stress,sector_reversal_10_g150,2011,252,-0.173059023932,-0.187744657614
cost_stress,sector_reversal_10_g150,2012,250,-0.161177239231,-0.175624723669
cost_stress,sector_reversal_10_g150,2013,252,-0.162906035928,-0.1755091036
cost_stress,sector_reversal_10_g150,2014,252,-0.152048035427,-0.162581550444
cost_stress,sector_reversal_10_g150,2015,252,-0.169663659319,-0.182396460681
cost_stress,sector_reversal_10_g150,2016,252,-0.0674235426634,-0.068243912441
cost_stress,sector_reversal_10_g150,2017,251,-0.134287674531,-0.150434946811
cost_stress,sector_reversal_10_g150,2018,251,-0.0439842435934,-0.0597525888656
cost_stress,sector_reversal_10_g150,2019,252,-0.0865019325145,-0.10888507355
cost_stress,sector_reversal_10_g150,2020,253,-0.230679801599,-0.256821228632
cost_stress,sector_reversal_10_g150,2021,252,-0.235026523072,-0.262576359915
cost_stress,sector_reversal_10_g150,2022,251,-0.145326386612,-0.166349947778
cost_stress,sector_reversal_10_g150,2023,250,-0.118570194095,-0.173093202108
cost_stress,sector_reversal_10_g150,2024,252,-0.149203589338,-0.210224144369
cost_stress,sector_reversal_3_g100,2008,128,0.0605758427927,0.116489267361
cost_stress,sector_reversal_3_g100,2009,252,-0.11580330835,-0.123620091096
cost_stress,sector_reversal_3_g100,2010,252,-0.120032817573,-0.126863244156
cost_stress,sector_reversal_3_g100,2011,252,-0.13528531135,-0.144054859623
cost_stress,sector_reversal_3_g100,2012,250,-0.10055258587,-0.105752607414
cost_stress,sector_reversal_3_g100,2013,252,-0.110399107565,-0.115533917195
cost_stress,sector_reversal_3_g100,2014,252,-0.110659035183,-0.115790540671
cost_stress,sector_reversal_3_g100,2015,252,-0.165104657195,-0.177970552565
cost_stress,sector_reversal_3_g100,2016,252,-0.0835747265605,-0.0869738253785
cost_stress,sector_reversal_3_g100,2017,251,-0.129595821974,-0.145646473349
cost_stress,sector_reversal_3_g100,2018,251,-0.105721294222,-0.128396757447
cost_stress,sector_reversal_3_g100,2019,252,-0.0872651130272,-0.110558631292
cost_stress,sector_reversal_3_g100,2020,253,-0.0961760296045,-0.100642771851
cost_stress,sector_reversal_3_g100,2021,252,-0.146476826002,-0.155555534029
cost_stress,sector_reversal_3_g100,2022,251,-0.155833491864,-0.181863492974
cost_stress,sector_reversal_3_g100,2023,250,-0.150917553915,-0.212072023189
cost_stress,sector_reversal_3_g100,2024,252,-0.12209007015,-0.179880406949
cost_stress,sector_reversal_3_g150,2008,128,0.091489884722,0.181252538562
cost_stress,sector_reversal_3_g150,2009,252,-0.153437177785,-0.165256835923
cost_stress,sector_reversal_3_g150,2010,252,-0.174604207615,-0.190169297255
cost_stress,sector_reversal_3_g150,2011,252,-0.196242851893,-0.216013659422
cost_stress,sector_reversal_3_g150,2012,250,-0.147041446625,-0.158454582042
cost_stress,sector_reversal_3_g150,2013,252,-0.160765401296,-0.173095464466
cost_stress,sector_reversal_3_g150,2014,252,-0.161527251123,-0.173655913186
cost_stress,sector_reversal_3_g150,2015,252,-0.237226651638,-0.266861833518
cost_stress,sector_reversal_3_g150,2016,252,-0.124280694819,-0.1306558479
cost_stress,sector_reversal_3_g150,2017,251,-0.191075009141,-0.218427115403
cost_stress,sector_reversal_3_g150,2018,251,-0.162043972717,-0.192354453658
cost_stress,sector_reversal_3_g150,2019,252,-0.137047815847,-0.165550934918
cost_stress,sector_reversal_3_g150,2020,253,-0.146338354798,-0.154098285772
cost_stress,sector_reversal_3_g150,2021,252,-0.212002961695,-0.233139767302
cost_stress,sector_reversal_3_g150,2022,251,-0.231686245695,-0.273592033255
cost_stress,sector_reversal_3_g150,2023,250,-0.237045689626,-0.317975022895
cost_stress,sector_reversal_3_g150,2024,252,-0.198127023081,-0.269119297582
cost_stress,sector_reversal_5_g100,2008,128,-0.0840302213547,-0.173049545942
cost_stress,sector_reversal_5_g100,2009,252,-0.140747869894,-0.152361412154
cost_stress,sector_reversal_5_g100,2010,252,-0.120548869703,-0.127364315855
cost_stress,sector_reversal_5_g100,2011,252,-0.131969751217,-0.140264177414
cost_stress,sector_reversal_5_g100,2012,250,-0.103332983049,-0.108985770661
cost_stress,sector_reversal_5_g100,2013,252,-0.121271276356,-0.127792088704
cost_stress,sector_reversal_5_g100,2014,252,-0.094461746017,-0.0977436860349
cost_stress,sector_reversal_5_g100,2015,252,-0.128210200931,-0.134849069638
cost_stress,sector_reversal_5_g100,2016,252,-0.111358088005,-0.117438318764
cost_stress,sector_reversal_5_g100,2017,251,-0.121114804899,-0.135885386078
cost_stress,sector_reversal_5_g100,2018,251,-0.0865593345303,-0.107059714116
cost_stress,sector_reversal_5_g100,2019,252,-0.0953597741525,-0.119440600974
cost_stress,sector_reversal_5_g100,2020,253,-0.107687989242,-0.113491932062
cost_stress,sector_reversal_5_g100,2021,252,-0.180113886235,-0.195700285796
cost_stress,sector_reversal_5_g100,2022,251,-0.21299145407,-0.252442186469
cost_stress,sector_reversal_5_g100,2023,250,-0.0841197764047,-0.135563166371
cost_stress,sector_reversal_5_g100,2024,252,-0.121751132439,-0.179559357555
cost_stress,sector_reversal_5_g150,2008,128,-0.0905799547936,-0.179688927395
cost_stress,sector_reversal_5_g150,2009,252,-0.179364096524,-0.196785983048
cost_stress,sector_reversal_5_g150,2010,252,-0.175262516348,-0.190771461688
cost_stress,sector_reversal_5_g150,2011,252,-0.191505639037,-0.210216789619
cost_stress,sector_reversal_5_g150,2012,250,-0.151035690861,-0.163440421173
cost_stress,sector_reversal_5_g150,2013,252,-0.176165527892,-0.191531551751
cost_stress,sector_reversal_5_g150,2014,252,-0.13851279621,-0.146581868409
cost_stress,sector_reversal_5_g150,2015,252,-0.185892739337,-0.202001862758
cost_stress,sector_reversal_5_g150,2016,252,-0.164336489315,-0.17673354758
cost_stress,sector_reversal_5_g150,2017,251,-0.179242333276,-0.203785736773
cost_stress,sector_reversal_5_g150,2018,251,-0.135076671528,-0.160434325708
cost_stress,sector_reversal_5_g150,2019,252,-0.14858122494,-0.178954081799
cost_stress,sector_reversal_5_g150,2020,253,-0.161982708463,-0.17194449273
cost_stress,sector_reversal_5_g150,2021,252,-0.258321764907,-0.293567017737
cost_stress,sector_reversal_5_g150,2022,251,-0.308132146692,-0.379236935778
cost_stress,sector_reversal_5_g150,2023,250,-0.145322776156,-0.203162472051
cost_stress,sector_reversal_5_g150,2024,252,-0.19775892662,-0.268799638474
cost_stress,spy_buy_hold,2008,128,-0.277884211352,-0.502297297115
cost_stress,spy_buy_hold,2009,252,0.263517595372,0.266566241904
cost_stress,spy_buy_hold,2010,252,0.150561421331,0.156742842235
cost_stress,spy_buy_hold,2011,252,0.0189497715803,0.0456667527066
cost_stress,spy_buy_hold,2012,250,0.15990339544,0.158077082519
cost_stress,spy_buy_hold,2013,252,0.323077898659,0.287098149052
cost_stress,spy_buy_hold,2014,252,0.134637819136,0.133304631191
cost_stress,spy_buy_hold,2015,252,0.0123428352032,0.0254555547824
cost_stress,spy_buy_hold,2016,252,0.119979037551,0.120748760909
cost_stress,spy_buy_hold,2017,251,0.217053948951,0.192659293504
cost_stress,spy_buy_hold,2018,251,-0.0456899091282,-0.0497411778514
cost_stress,spy_buy_hold,2019,252,0.312238706468,0.259575257948
cost_stress,spy_buy_hold,2020,253,0.183316241101,0.219839831858
cost_stress,spy_buy_hold,2021,252,0.287287581714,0.262056208655
cost_stress,spy_buy_hold,2022,251,-0.181753681239,-0.18603228633
cost_stress,spy_buy_hold,2023,250,0.261757967069,0.194322967653
cost_stress,spy_buy_hold,2024,252,0.255140308581,0.184478054597
cost_stress,static_macro_g100,2008,128,-0.122541301842,-0.248341852664
cost_stress,static_macro_g100,2009,252,0.181921786299,0.171430492281
cost_stress,static_macro_g100,2010,252,0.17773606059,0.168989216953
cost_stress,static_macro_g100,2011,252,0.0696496046453,0.0743819902241
cost_stress,static_macro_g100,2012,250,0.096450797071,0.0959340331897
cost_stress,static_macro_g100,2013,252,0.0451394757898,0.0481980887991
cost_stress,static_macro_g100,2014,252,0.0553661506227,0.0561545448818
cost_stress,static_macro_g100,2015,252,-0.0409492350537,-0.037042586499
cost_stress,static_macro_g100,2016,252,0.0750001735585,0.0738902686273
cost_stress,static_macro_g100,2017,251,0.145994332993,0.130996734866
cost_stress,static_macro_g100,2018,251,-0.0379779375152,-0.0536083137033
cost_stress,static_macro_g100,2019,252,0.175976863563,0.143527402577
cost_stress,static_macro_g100,2020,253,0.0613666748881,0.0647845983772
cost_stress,static_macro_g100,2021,252,0.105789978528,0.104547443347
cost_stress,static_macro_g100,2022,251,-0.159016759775,-0.178068471887
cost_stress,static_macro_g100,2023,250,0.123546768428,0.0733179450096
cost_stress,static_macro_g100,2024,252,0.0882062674443,0.0375704089321
cost_stress,static_macro_g150,2008,128,-0.196371045588,-0.405712187862
cost_stress,static_macro_g150,2009,252,0.212720640402,0.199092923095
cost_stress,static_macro_g150,2010,252,0.250639329297,0.235075807714
cost_stress,static_macro_g150,2011,252,0.0824420917403,0.0916059865696
cost_stress,static_macro_g150,2012,250,0.109460030133,0.110978459312
cost_stress,static_macro_g150,2013,252,0.050793478087,0.0575949619575
cost_stress,static_macro_g150,2014,252,0.0657751837738,0.0679884048133
cost_stress,static_macro_g150,2015,252,-0.0766431821903,-0.070531235339
cost_stress,static_macro_g150,2016,252,0.0952572359101,0.0958981699926
cost_stress,static_macro_g150,2017,251,0.203859025492,0.181786413326
cost_stress,static_macro_g150,2018,251,-0.0795674311353,-0.0946973122129
cost_stress,static_macro_g150,2019,252,0.24081160502,0.199099722117
cost_stress,static_macro_g150,2020,253,0.0257941784608,0.0428913507308
cost_stress,static_macro_g150,2021,252,0.143465074252,0.141806538319
cost_stress,static_macro_g150,2022,251,-0.220469746208,-0.249317947481
cost_stress,static_macro_g150,2023,250,0.12753510676,0.0811951412359
cost_stress,static_macro_g150,2024,252,0.087853971954,0.0419310896932
cost_stress,trend_only_g100,2008,128,-0.0430497379971,-0.0950923535845
cost_stress,trend_only_g100,2009,252,0.183913003243,0.172245340759
cost_stress,trend_only_g100,2010,252,-0.0308819075854,-0.0211580130072
cost_stress,trend_only_g100,2011,252,-0.0862200375685,-0.0822144351091
cost_stress,trend_only_g100,2012,250,0.00880305653334,0.0155880515687
cost_stress,trend_only_g100,2013,252,0.200941691713,0.190216025791
cost_stress,trend_only_g100,2014,252,0.00198268190542,0.0071275579602
cost_stress,trend_only_g100,2015,252,-0.0611764878165,-0.0583806481942
cost_stress,trend_only_g100,2016,252,-0.0361322531654,-0.0324966388186
cost_stress,trend_only_g100,2017,251,0.255500162546,0.224951634574
cost_stress,trend_only_g100,2018,251,-0.0328901811114,-0.0443774194628
cost_stress,trend_only_g100,2019,252,0.0104144096954,-0.0056258848573
cost_stress,trend_only_g100,2020,253,0.10077945823,0.0998545454839
cost_stress,trend_only_g100,2021,252,0.098557689574,0.103060631247
cost_stress,trend_only_g100,2022,251,-0.0926870012527,-0.110876658576
cost_stress,trend_only_g100,2023,250,0.122189178756,0.0729623166585
cost_stress,trend_only_g100,2024,252,0.131420101357,0.0814523833194
cost_stress,trend_only_g150,2008,128,-0.0655135392519,-0.141051151839
cost_stress,trend_only_g150,2009,252,0.189747579007,0.177238082115
cost_stress,trend_only_g150,2010,252,-0.0450386329254,-0.0342529958072
cost_stress,trend_only_g150,2011,252,-0.100067284615,-0.0959825084564
cost_stress,trend_only_g150,2012,250,0.00794710966764,0.0176062831769
cost_stress,trend_only_g150,2013,252,0.25616059228,0.240562768498
cost_stress,trend_only_g150,2014,252,0.00309158735778,0.012794382547
cost_stress,trend_only_g150,2015,252,-0.0958157769184,-0.0923883668323
cost_stress,trend_only_g150,2016,252,-0.0555323328699,-0.0501371031907
cost_stress,trend_only_g150,2017,251,0.379687731057,0.32388648607
cost_stress,trend_only_g150,2018,251,-0.0709285482945,-0.0809167781731
cost_stress,trend_only_g150,2019,252,0.0140814504481,0.00165252224232
cost_stress,trend_only_g150,2020,253,0.0564096606683,0.0624111497053
cost_stress,trend_only_g150,2021,252,0.0957862977146,0.10356979071
cost_stress,trend_only_g150,2022,251,-0.131658977866,-0.154171276667
cost_stress,trend_only_g150,2023,250,0.144717551181,0.0958261947045
cost_stress,trend_only_g150,2024,252,0.112412425004,0.0689453049805
cost_stress,trend_pullback_10_g100,2008,128,0.000704458676588,-0.00773284483335
cost_stress,trend_pullback_10_g100,2009,252,0.0477123182803,0.0444892107653
cost_stress,trend_pullback_10_g100,2010,252,-0.0701826860536,-0.0706061912624
cost_stress,trend_pullback_10_g100,2011,252,0.0131231068939,0.0139643890335
cost_stress,trend_pullback_10_g100,2012,250,-0.0366105259052,-0.0367440933734
cost_stress,trend_pullback_10_g100,2013,252,-0.00316297723152,-0.00206701346881
cost_stress,trend_pullback_10_g100,2014,252,-0.0196011019844,-0.0186567774931
cost_stress,trend_pullback_10_g100,2015,252,-0.0155907203641,-0.0142029151531
cost_stress,trend_pullback_10_g100,2016,252,-0.0191827969612,-0.0200176668454
cost_stress,trend_pullback_10_g100,2017,251,0.0144565918942,0.00760233816025
cost_stress,trend_pullback_10_g100,2018,251,0.000577367760359,-0.0147085365806
cost_stress,trend_pullback_10_g100,2019,252,-0.0101760204521,-0.0299504296871
cost_stress,trend_pullback_10_g100,2020,253,-0.0456692507763,-0.0491889709326
cost_stress,trend_pullback_10_g100,2021,252,0.00904720334607,0.0107258233087
cost_stress,trend_pullback_10_g100,2022,251,-0.00358880057326,-0.0175417990335
cost_stress,trend_pullback_10_g100,2023,250,0.00715366489348,-0.0411749888368
cost_stress,trend_pullback_10_g100,2024,252,0.0416223841225,-0.00926080347041
cost_stress,trend_pullback_10_g150,2008,128,-0.000515068148557,-0.0101241306931
cost_stress,trend_pullback_10_g150,2009,252,0.0638500623543,0.0603063562314
cost_stress,trend_pullback_10_g150,2010,252,-0.097637048934,-0.0988027370064
cost_stress,trend_pullback_10_g150,2011,252,0.0189200918316,0.0202934855567
cost_stress,trend_pullback_10_g150,2012,250,-0.0543674008717,-0.0549761314329
cost_stress,trend_pullback_10_g150,2013,252,-0.004387059162,-0.00301489266036
cost_stress,trend_pullback_10_g150,2014,252,-0.028763407037,-0.0274378867008
cost_stress,trend_pullback_10_g150,2015,252,-0.0227823330431,-0.0212880913591
cost_stress,trend_pullback_10_g150,2016,252,-0.0293693475789,-0.0299007951302
cost_stress,trend_pullback_10_g150,2017,251,0.0182370271928,0.0114461513342
cost_stress,trend_pullback_10_g150,2018,251,-0.0175011041703,-0.0315794462379
cost_stress,trend_pullback_10_g150,2019,252,-0.0252606840882,-0.0448194370863
cost_stress,trend_pullback_10_g150,2020,253,-0.0703442913739,-0.0736184364104
cost_stress,trend_pullback_10_g150,2021,252,0.0138720160233,0.0164061420953
cost_stress,trend_pullback_10_g150,2022,251,-0.0123612893438,-0.0263309718839
cost_stress,trend_pullback_10_g150,2023,250,-0.0136103716312,-0.0618041589497
cost_stress,trend_pullback_10_g150,2024,252,0.0340948404228,-0.015731998609
cost_stress,trend_pullback_3_g100,2008,128,-0.00053276556399,-0.0101569110496
cost_stress,trend_pullback_3_g100,2009,252,0.0203275101925,0.0184265804897
cost_stress,trend_pullback_3_g100,2010,252,-0.0867910198601,-0.0886915851756
cost_stress,trend_pullback_3_g100,2011,252,-0.0439812932178,-0.0438784258567
cost_stress,trend_pullback_3_g100,2012,250,-0.0432046212686,-0.0433848682979
cost_stress,trend_pullback_3_g100,2013,252,-0.0518182000956,-0.0517417595223
cost_stress,trend_pullback_3_g100,2014,252,-0.051987949758,-0.0521672540167
cost_stress,trend_pullback_3_g100,2015,252,-0.055246267589,-0.0549546682955
cost_stress,trend_pullback_3_g100,2016,252,-0.0408116119021,-0.0423208642564
cost_stress,trend_pullback_3_g100,2017,251,-0.0220563358636,-0.0290855539284
cost_stress,trend_pullback_3_g100,2018,251,-0.101499737304,-0.122481127439
cost_stress,trend_pullback_3_g100,2019,252,-0.0412838935094,-0.0615449830597
cost_stress,trend_pullback_3_g100,2020,253,-0.0590060366508,-0.0632066484326
cost_stress,trend_pullback_3_g100,2021,252,-0.00646348211759,-0.00450456521125
cost_stress,trend_pullback_3_g100,2022,251,-0.00748518057314,-0.021493038637
cost_stress,trend_pullback_3_g100,2023,250,-0.031707672392,-0.0806283972106
cost_stress,trend_pullback_3_g100,2024,252,-0.0194741665517,-0.0696139384688
cost_stress,trend_pullback_3_g150,2008,128,-0.00237624051329,-0.0137706099301
cost_stress,trend_pullback_3_g150,2009,252,0.0267147548731,0.0251537126742
cost_stress,trend_pullback_3_g150,2010,252,-0.123570103879,-0.128072298243
cost_stress,trend_pullback_3_g150,2011,252,-0.0625044595862,-0.062629691551
cost_stress,trend_pullback_3_g150,2012,250,-0.0640772911863,-0.0648753115586
cost_stress,trend_pullback_3_g150,2013,252,-0.0760759065806,-0.076932723496
cost_stress,trend_pullback_3_g150,2014,252,-0.0760271840939,-0.0771509333508
cost_stress,trend_pullback_3_g150,2015,252,-0.0808246788861,-0.0816944497542
cost_stress,trend_pullback_3_g150,2016,252,-0.059896588263,-0.0619578500596
cost_stress,trend_pullback_3_g150,2017,251,-0.0350831056016,-0.0422960011546
cost_stress,trend_pullback_3_g150,2018,251,-0.158586206596,-0.186330628253
cost_stress,trend_pullback_3_g150,2019,252,-0.0687195114359,-0.089710460246
cost_stress,trend_pullback_3_g150,2020,253,-0.08957443871,-0.0946360516085
cost_stress,trend_pullback_3_g150,2021,252,-0.0155192946362,-0.0125389335903
cost_stress,trend_pullback_3_g150,2022,251,-0.0181413695334,-0.0322625733435
cost_stress,trend_pullback_3_g150,2023,250,-0.0700303665373,-0.120702905201
cost_stress,trend_pullback_3_g150,2024,252,-0.0513250543064,-0.101801830259
cost_stress,trend_pullback_5_g100,2008,128,-3.41061398013e-08,-0.00910575089124
cost_stress,trend_pullback_5_g100,2009,252,0.00311804652874,0.00130965543549
cost_stress,trend_pullback_5_g100,2010,252,-0.0687161844846,-0.0690977393827
cost_stress,trend_pullback_5_g100,2011,252,-0.0279929658409,-0.0271721879972
cost_stress,trend_pullback_5_g100,2012,250,-0.0217502842353,-0.0211231564672
cost_stress,trend_pullback_5_g100,2013,252,-0.015067285958,-0.013847219808
cost_stress,trend_pullback_5_g100,2014,252,-0.0408136634554,-0.0404737515584
cost_stress,trend_pullback_5_g100,2015,252,-0.0296970699502,-0.0284632993917
cost_stress,trend_pullback_5_g100,2016,252,-0.0167339415005,-0.01768810167
cost_stress,trend_pullback_5_g100,2017,251,-0.00619674791482,-0.0130130216413
cost_stress,trend_pullback_5_g100,2018,251,-0.045609150088,-0.0615653300376
cost_stress,trend_pullback_5_g100,2019,252,-0.025225206832,-0.0451202802348
cost_stress,trend_pullback_5_g100,2020,253,-0.0176049541984,-0.0202075832645
cost_stress,trend_pullback_5_g100,2021,252,0.0116058909082,0.0134401196305
cost_stress,trend_pullback_5_g100,2022,251,-0.0023279678895,-0.0162770609331
cost_stress,trend_pullback_5_g100,2023,250,0.000926329678279,-0.0473837673483
cost_stress,trend_pullback_5_g100,2024,252,0.0390249039804,-0.0115968151293
cost_stress,trend_pullback_5_g150,2008,128,-0.00157190399636,-0.012180558924
cost_stress,trend_pullback_5_g150,2009,252,0.00749253657317,0.0063855710677
cost_stress,trend_pullback_5_g150,2010,252,-0.0946940039051,-0.0955132906926
cost_stress,trend_pullback_5_g150,2011,252,-0.0418596582803,-0.0406266208147
cost_stress,trend_pullback_5_g150,2012,250,-0.0333596662473,-0.0324537005613
cost_stress,trend_pullback_5_g150,2013,252,-0.0215031711016,-0.0198257591559
cost_stress,trend_pullback_5_g150,2014,252,-0.0598371415803,-0.0598365749663
cost_stress,trend_pullback_5_g150,2015,252,-0.0433367656549,-0.0421599804267
cost_stress,trend_pullback_5_g150,2016,252,-0.0256373924292,-0.0264475559941
cost_stress,trend_pullback_5_g150,2017,251,-0.0126912617051,-0.0194404357336
cost_stress,trend_pullback_5_g150,2018,251,-0.0792614393642,-0.0956269172718
cost_stress,trend_pullback_5_g150,2019,252,-0.0467008128002,-0.0667272313226
cost_stress,trend_pullback_5_g150,2020,253,-0.0325115785143,-0.0338799930363
cost_stress,trend_pullback_5_g150,2021,252,0.013512584401,0.0164087591201
cost_stress,trend_pullback_5_g150,2022,251,-0.0104915149222,-0.0244422534875
cost_stress,trend_pullback_5_g150,2023,250,-0.0224949649113,-0.0708248865163
cost_stress,trend_pullback_5_g150,2024,252,0.0279790835247,-0.0214465009607
delay_one_session,bil_buy_hold,2008,128,0.00414458460727,-0.000983668600672
delay_one_session,bil_buy_hold,2009,252,0.0027086593452,-1.11022302463e-16
delay_one_session,bil_buy_hold,2010,252,-0.000436059847785,-1.99840144433e-15
delay_one_session,bil_buy_hold,2011,252,-0.000392489622002,-1.55431223448e-15
delay_one_session,bil_buy_hold,2012,250,-0.000435900207413,-5.48361356323e-15
delay_one_session,bil_buy_hold,2013,252,-0.000873744767464,2.77555756156e-15
delay_one_session,bil_buy_hold,2014,252,-0.000655124972624,5.10702591328e-15
delay_one_session,bil_buy_hold,2015,252,-0.00131163107313,-3.88578058619e-15
delay_one_session,bil_buy_hold,2016,252,0.00109458342771,-2.99760216649e-15
delay_one_session,bil_buy_hold,2017,251,0.00689104125986,1.00318160153e-15
delay_one_session,bil_buy_hold,2018,251,0.0173735241821,-1.11464622393e-15
delay_one_session,bil_buy_hold,2019,252,0.0203196062995,-7.77156117238e-16
delay_one_session,bil_buy_hold,2020,253,0.00398592682593,-2.10108610352e-15
delay_one_session,bil_buy_hold,2021,252,-0.000983715731838,-1.88737914186e-15
delay_one_session,bil_buy_hold,2022,251,0.0140458520943,0
delay_one_session,bil_buy_hold,2023,250,0.049448625743,-1.11910480882e-16
delay_one_session,bil_buy_hold,2024,252,0.0515195766048,-0.000500164218492
delay_one_session,dual_momentum_126_g100,2008,128,-0.0304558306994,-0.0585717656955
delay_one_session,dual_momentum_126_g100,2009,252,0.0691313653923,0.07315496451
delay_one_session,dual_momentum_126_g100,2010,252,0.0442399727173,0.0565066274688
delay_one_session,dual_momentum_126_g100,2011,252,0.0704727257613,0.0792724430968
delay_one_session,dual_momentum_126_g100,2012,250,0.0385861474579,0.0436687707612
delay_one_session,dual_momentum_126_g100,2013,252,0.201662431353,0.192250810558
delay_one_session,dual_momentum_126_g100,2014,252,0.082487530851,0.084498019577
delay_one_session,dual_momentum_126_g100,2015,252,-0.0817811834654,-0.0762229873764
delay_one_session,dual_momentum_126_g100,2016,252,0.100963659797,0.101293080845
delay_one_session,dual_momentum_126_g100,2017,251,0.191738903535,0.172930544541
delay_one_session,dual_momentum_126_g100,2018,251,-0.0247482212986,-0.0319776573548
delay_one_session,dual_momentum_126_g100,2019,252,-0.00282056011944,-0.0190241245357
delay_one_session,dual_momentum_126_g100,2020,253,0.0719985471856,0.0958459275972
delay_one_session,dual_momentum_126_g100,2021,252,0.166449286443,0.165923315755
delay_one_session,dual_momentum_126_g100,2022,251,-0.0946309478158,-0.107029186346
delay_one_session,dual_momentum_126_g100,2023,250,0.132158173018,0.0815930836621
delay_one_session,dual_momentum_126_g100,2024,252,0.130927159829,0.0800078734285
delay_one_session,dual_momentum_126_g150,2008,128,-0.0130759818105,-0.0189086831756
delay_one_session,dual_momentum_126_g150,2009,252,0.0442350951471,0.051018844241
delay_one_session,dual_momentum_126_g150,2010,252,0.0537821794056,0.0674955482069
delay_one_session,dual_momentum_126_g150,2011,252,0.106837532642,0.11770163802
delay_one_session,dual_momentum_126_g150,2012,250,0.0420367947704,0.0508529926779
delay_one_session,dual_momentum_126_g150,2013,252,0.255666108022,0.242038478747
delay_one_session,dual_momentum_126_g150,2014,252,0.130066524563,0.131238312963
delay_one_session,dual_momentum_126_g150,2015,252,-0.0979956639693,-0.0884865375409
delay_one_session,dual_momentum_126_g150,2016,252,0.148062464178,0.148399160854
delay_one_session,dual_momentum_126_g150,2017,251,0.279593690026,0.248923555725
delay_one_session,dual_momentum_126_g150,2018,251,-0.0717921331795,-0.0718124325489
delay_one_session,dual_momentum_126_g150,2019,252,-0.0211594612584,-0.0327451907665
delay_one_session,dual_momentum_126_g150,2020,253,0.10055810237,0.127504310371
delay_one_session,dual_momentum_126_g150,2021,252,0.166669940086,0.17158699294
delay_one_session,dual_momentum_126_g150,2022,251,-0.109118262783,-0.119226161163
delay_one_session,dual_momentum_126_g150,2023,250,0.153564563104,0.104621048058
delay_one_session,dual_momentum_126_g150,2024,252,0.120392403689,0.07728246123
delay_one_session,dual_momentum_252_g100,2008,128,-0.0371319531064,-0.0719640024375
delay_one_session,dual_momentum_252_g100,2009,252,0.0793463202121,0.0795694796908
delay_one_session,dual_momentum_252_g100,2010,252,0.165603100611,0.168124537356
delay_one_session,dual_momentum_252_g100,2011,252,-0.0643271308716,-0.0548739644514
delay_one_session,dual_momentum_252_g100,2012,250,0.0268424403716,0.030567417089
delay_one_session,dual_momentum_252_g100,2013,252,0.250277362352,0.231730508326
delay_one_session,dual_momentum_252_g100,2014,252,0.110512738435,0.111667938449
delay_one_session,dual_momentum_252_g100,2015,252,-0.0350609761873,-0.0258377862815
delay_one_session,dual_momentum_252_g100,2016,252,-0.118611065286,-0.123258240414
delay_one_session,dual_momentum_252_g100,2017,251,0.209766737917,0.188599428864
delay_one_session,dual_momentum_252_g100,2018,251,-0.126800997302,-0.140181849172
delay_one_session,dual_momentum_252_g100,2019,252,0.0597607869949,0.041960801281
delay_one_session,dual_momentum_252_g100,2020,253,0.144352896571,0.142612583029
delay_one_session,dual_momentum_252_g100,2021,252,0.114001347386,0.120370538669
delay_one_session,dual_momentum_252_g100,2022,251,-0.055315466816,-0.0636490461348
delay_one_session,dual_momentum_252_g100,2023,250,0.0482592448625,0.00352893420986
delay_one_session,dual_momentum_252_g100,2024,252,0.211717355321,0.149816449219
delay_one_session,dual_momentum_252_g150,2008,128,-0.00973370197895,-0.0116911570528
delay_one_session,dual_momentum_252_g150,2009,252,0.0887156404058,0.0917581725379
delay_one_session,dual_momentum_252_g150,2010,252,0.175279201352,0.177693977074
delay_one_session,dual_momentum_252_g150,2011,252,-0.0562732166547,-0.0427644921821
delay_one_session,dual_momentum_252_g150,2012,250,0.0323264618367,0.0396894218033
delay_one_session,dual_momentum_252_g150,2013,252,0.326449033078,0.296252155964
delay_one_session,dual_momentum_252_g150,2014,252,0.143528413141,0.14551518383
delay_one_session,dual_momentum_252_g150,2015,252,-0.030548949047,-0.0143302327312
delay_one_session,dual_momentum_252_g150,2016,252,-0.168380414405,-0.176460494517
delay_one_session,dual_momentum_252_g150,2017,251,0.311252181584,0.274674926933
delay_one_session,dual_momentum_252_g150,2018,251,-0.161148729568,-0.171136231767
delay_one_session,dual_momentum_252_g150,2019,252,0.065703590232,0.0518423188373
delay_one_session,dual_momentum_252_g150,2020,253,0.17836179592,0.182143245478
delay_one_session,dual_momentum_252_g150,2021,252,0.116168614599,0.125555691249
delay_one_session,dual_momentum_252_g150,2022,251,-0.079100492773,-0.0863756608827
delay_one_session,dual_momentum_252_g150,2023,250,0.047680329963,0.00713345669989
delay_one_session,dual_momentum_252_g150,2024,252,0.239356178643,0.177577373492
delay_one_session,dual_momentum_63_g100,2008,128,-0.00477195325569,-0.0111506514095
delay_one_session,dual_momentum_63_g100,2009,252,0.156553744813,0.151651582294
delay_one_session,dual_momentum_63_g100,2010,252,0.220088187994,0.212292717393
delay_one_session,dual_momentum_63_g100,2011,252,0.180803784606,0.175534637586
delay_one_session,dual_momentum_63_g100,2012,250,-0.0383343217177,-0.0334085713206
delay_one_session,dual_momentum_63_g100,2013,252,0.165863519683,0.160955611051
delay_one_session,dual_momentum_63_g100,2014,252,0.0940119297137,0.0941047605905
delay_one_session,dual_momentum_63_g100,2015,252,-0.078245863434,-0.0742378040138
delay_one_session,dual_momentum_63_g100,2016,252,-0.0552305044954,-0.0501646930986
delay_one_session,dual_momentum_63_g100,2017,251,0.182954024814,0.165063734953
delay_one_session,dual_momentum_63_g100,2018,251,-0.0474528644154,-0.0569655193932
delay_one_session,dual_momentum_63_g100,2019,252,0.0435593414991,0.0277081810278
delay_one_session,dual_momentum_63_g100,2020,253,0.171680611381,0.167787600931
delay_one_session,dual_momentum_63_g100,2021,252,0.149623602556,0.149596354943
delay_one_session,dual_momentum_63_g100,2022,251,-0.0950083891073,-0.107368801242
delay_one_session,dual_momentum_63_g100,2023,250,0.174244223658,0.118724884228
delay_one_session,dual_momentum_63_g100,2024,252,-0.0133614128267,-0.0550337573278
delay_one_session,dual_momentum_63_g150,2008,128,0.0103517532566,0.0246238034322
delay_one_session,dual_momentum_63_g150,2009,252,0.145425394401,0.142878614348
delay_one_session,dual_momentum_63_g150,2010,252,0.257943082574,0.245299342873
delay_one_session,dual_momentum_63_g150,2011,252,0.244939589951,0.234907853373
delay_one_session,dual_momentum_63_g150,2012,250,-0.074988704216,-0.0694413705226
delay_one_session,dual_momentum_63_g150,2013,252,0.206438365802,0.200606764931
delay_one_session,dual_momentum_63_g150,2014,252,0.134584999742,0.134358767396
delay_one_session,dual_momentum_63_g150,2015,252,-0.102869191357,-0.0965299923057
delay_one_session,dual_momentum_63_g150,2016,252,-0.0622108516552,-0.05400650734
delay_one_session,dual_momentum_63_g150,2017,251,0.268055690984,0.238858559837
delay_one_session,dual_momentum_63_g150,2018,251,-0.0694596075746,-0.0710099018312
delay_one_session,dual_momentum_63_g150,2019,252,0.0374905809756,0.0271468817209
delay_one_session,dual_momentum_63_g150,2020,253,0.14860110649,0.158283463501
delay_one_session,dual_momentum_63_g150,2021,252,0.155855068433,0.159815247206
delay_one_session,dual_momentum_63_g150,2022,251,-0.0980733927811,-0.105902274889
delay_one_session,dual_momentum_63_g150,2023,250,0.177025772672,0.123846143689
delay_one_session,dual_momentum_63_g150,2024,252,-0.0467968841159,-0.0830710596239
delay_one_session,fixed_blend_g100,2008,128,-0.0108765008726,-0.0287852080098
delay_one_session,fixed_blend_g100,2009,252,0.0247093418032,0.0233350018824
delay_one_session,fixed_blend_g100,2010,252,-0.00256107612372,-0.000207656333601
delay_one_session,fixed_blend_g100,2011,252,0.00480794616186,0.00669531555204
delay_one_session,fixed_blend_g100,2012,250,0.00491346725025,0.00622690599915
delay_one_session,fixed_blend_g100,2013,252,0.0650549904177,0.0649509244402
delay_one_session,fixed_blend_g100,2014,252,0.0248229130979,0.0261924575815
delay_one_session,fixed_blend_g100,2015,252,-0.0457513271812,-0.0444939998598
delay_one_session,fixed_blend_g100,2016,252,0.0374373770135,0.036465382899
delay_one_session,fixed_blend_g100,2017,251,0.063839834483,0.0557508959674
delay_one_session,fixed_blend_g100,2018,251,-0.0179917918697,-0.033732178517
delay_one_session,fixed_blend_g100,2019,252,0.00945100063403,-0.0101830406134
delay_one_session,fixed_blend_g100,2020,253,0.0185451948851,0.0176205262285
delay_one_session,fixed_blend_g100,2021,252,0.0348863311034,0.0371565063792
delay_one_session,fixed_blend_g100,2022,251,-0.0792148041471,-0.0959087931003
delay_one_session,fixed_blend_g100,2023,250,0.0660992160591,0.0167591994635
delay_one_session,fixed_blend_g100,2024,252,0.0306213454057,-0.0191795371341
delay_one_session,fixed_blend_g150,2008,128,-0.00422562540082,-0.0137663363838
delay_one_session,fixed_blend_g150,2009,252,0.012533332666,0.0118906259293
delay_one_session,fixed_blend_g150,2010,252,0.00291403296609,0.00589714483245
delay_one_session,fixed_blend_g150,2011,252,-0.0017255376974,0.00111660825855
delay_one_session,fixed_blend_g150,2012,250,0.0031813166814,0.00513459929829
delay_one_session,fixed_blend_g150,2013,252,0.0753410951961,0.0754350535269
delay_one_session,fixed_blend_g150,2014,252,0.0355155918562,0.037635362776
delay_one_session,fixed_blend_g150,2015,252,-0.0566672953343,-0.0550967646936
delay_one_session,fixed_blend_g150,2016,252,0.0491516666075,0.0483554294033
delay_one_session,fixed_blend_g150,2017,251,0.0930940929635,0.0836296398822
delay_one_session,fixed_blend_g150,2018,251,-0.0316358408987,-0.0462640502626
delay_one_session,fixed_blend_g150,2019,252,0.00489669220606,-0.014094327112
delay_one_session,fixed_blend_g150,2020,253,-0.00832997094951,-0.00669591910006
delay_one_session,fixed_blend_g150,2021,252,0.0219792151952,0.0259324549762
delay_one_session,fixed_blend_g150,2022,251,-0.109573064865,-0.128707304269
delay_one_session,fixed_blend_g150,2023,250,0.0630127405179,0.014610118304
delay_one_session,fixed_blend_g150,2024,252,0.0118445163507,-0.0363018334559
delay_one_session,raw_sector_reversal_g100,2008,128,0.0323622573387,0.06638913682
delay_one_session,raw_sector_reversal_g100,2009,252,-0.0884419467771,-0.0924916752236
delay_one_session,raw_sector_reversal_g100,2010,252,-0.0551016285312,-0.0551383186974
delay_one_session,raw_sector_reversal_g100,2011,252,-0.0208187984454,-0.0192003943689
delay_one_session,raw_sector_reversal_g100,2012,250,-0.0454548559159,-0.0454726613245
delay_one_session,raw_sector_reversal_g100,2013,252,-0.0519699769413,-0.0517705228091
delay_one_session,raw_sector_reversal_g100,2014,252,-0.0247474869666,-0.0234698079138
delay_one_session,raw_sector_reversal_g100,2015,252,-0.08641716518,-0.0880261621893
delay_one_session,raw_sector_reversal_g100,2016,252,-0.0418463491043,-0.0422796630677
delay_one_session,raw_sector_reversal_g100,2017,251,0.0115637793934,0.00538083443143
delay_one_session,raw_sector_reversal_g100,2018,251,-0.0339856296631,-0.050256142499
delay_one_session,raw_sector_reversal_g100,2019,252,-0.0149742983412,-0.0338851763312
delay_one_session,raw_sector_reversal_g100,2020,253,-0.064623150894,-0.0658525807152
delay_one_session,raw_sector_reversal_g100,2021,252,-0.106432798928,-0.108859545527
delay_one_session,raw_sector_reversal_g100,2022,251,-0.0725968406989,-0.0855943376764
delay_one_session,raw_sector_reversal_g100,2023,250,-0.0266008331878,-0.0741901648038
delay_one_session,raw_sector_reversal_g100,2024,252,-0.044848330348,-0.094910179814
delay_one_session,raw_sector_reversal_g150,2008,128,0.0432019138617,0.0913757558362
delay_one_session,raw_sector_reversal_g150,2009,252,-0.111501751613,-0.1168151612
delay_one_session,raw_sector_reversal_g150,2010,252,-0.081804203263,-0.0824178000758
delay_one_session,raw_sector_reversal_g150,2011,252,-0.0316564443427,-0.0285762996871
delay_one_session,raw_sector_reversal_g150,2012,250,-0.0683628766041,-0.0687365192814
delay_one_session,raw_sector_reversal_g150,2013,252,-0.0769877900217,-0.077604016843
delay_one_session,raw_sector_reversal_g150,2014,252,-0.037666402807,-0.0356427547396
delay_one_session,raw_sector_reversal_g150,2015,252,-0.126828645089,-0.131964992579
delay_one_session,raw_sector_reversal_g150,2016,252,-0.0640541158935,-0.0637618757829
delay_one_session,raw_sector_reversal_g150,2017,251,0.0134150416844,0.00813648379974
delay_one_session,raw_sector_reversal_g150,2018,251,-0.0595114195137,-0.0749497277989
delay_one_session,raw_sector_reversal_g150,2019,252,-0.0328870526602,-0.0505865764505
delay_one_session,raw_sector_reversal_g150,2020,253,-0.123742478417,-0.126488506552
delay_one_session,raw_sector_reversal_g150,2021,252,-0.154435381632,-0.160816685309
delay_one_session,raw_sector_reversal_g150,2022,251,-0.11111306834,-0.123688607443
delay_one_session,raw_sector_reversal_g150,2023,250,-0.063526937383,-0.111084001953
delay_one_session,raw_sector_reversal_g150,2024,252,-0.0909322247909,-0.142189853444
delay_one_session,sector_reversal_10_g100,2008,128,0.110066589182,0.206069340121
delay_one_session,sector_reversal_10_g100,2009,252,-0.0696602396128,-0.0729294833928
delay_one_session,sector_reversal_10_g100,2010,252,-0.0460969311266,-0.046078590985
delay_one_session,sector_reversal_10_g100,2011,252,-0.0677690135644,-0.0690796634154
delay_one_session,sector_reversal_10_g100,2012,250,-0.0461890252302,-0.046834334298
delay_one_session,sector_reversal_10_g100,2013,252,-0.0528117164356,-0.0528441929962
delay_one_session,sector_reversal_10_g100,2014,252,-0.038293955615,-0.037678373009
delay_one_session,sector_reversal_10_g100,2015,252,-0.0537061095555,-0.0529297570951
delay_one_session,sector_reversal_10_g100,2016,252,0.0156461794637,0.015459844247
delay_one_session,sector_reversal_10_g100,2017,251,-0.0314975764812,-0.0385443693345
delay_one_session,sector_reversal_10_g100,2018,251,0.0192109688702,0.00288505393319
delay_one_session,sector_reversal_10_g100,2019,252,0.031897845494,0.0120176970404
delay_one_session,sector_reversal_10_g100,2020,253,-0.15135816486,-0.163127661658
delay_one_session,sector_reversal_10_g100,2021,252,-0.131268848846,-0.137895892155
delay_one_session,sector_reversal_10_g100,2022,251,-0.0264227857101,-0.0383897394684
delay_one_session,sector_reversal_10_g100,2023,250,0.000649230195848,-0.0469394492343
delay_one_session,sector_reversal_10_g100,2024,252,-0.0328886013618,-0.0833074245923
delay_one_session,sector_reversal_10_g150,2008,128,0.140135992785,0.264494761972
delay_one_session,sector_reversal_10_g150,2009,252,-0.0899855516712,-0.0932999562937
delay_one_session,sector_reversal_10_g150,2010,252,-0.0685132988226,-0.0690048930462
delay_one_session,sector_reversal_10_g150,2011,252,-0.100297731619,-0.103715510449
delay_one_session,sector_reversal_10_g150,2012,250,-0.0685594441498,-0.0702584536418
delay_one_session,sector_reversal_10_g150,2013,252,-0.0781705799922,-0.0793042875679
delay_one_session,sector_reversal_10_g150,2014,252,-0.0572214024073,-0.0566619833487
delay_one_session,sector_reversal_10_g150,2015,252,-0.0794796641114,-0.0793516232595
delay_one_session,sector_reversal_10_g150,2016,252,0.0221384824919,0.0231207266984
delay_one_session,sector_reversal_10_g150,2017,251,-0.0505028618602,-0.0578432889919
delay_one_session,sector_reversal_10_g150,2018,251,0.019616167563,0.00462316788373
delay_one_session,sector_reversal_10_g150,2019,252,0.0372324239531,0.0180929238769
delay_one_session,sector_reversal_10_g150,2020,253,-0.217647990149,-0.23962175972
delay_one_session,sector_reversal_10_g150,2021,252,-0.191103468431,-0.206945210244
delay_one_session,sector_reversal_10_g150,2022,251,-0.0480683567166,-0.0578244349148
delay_one_session,sector_reversal_10_g150,2023,250,-0.0237016489002,-0.0704199131379
delay_one_session,sector_reversal_10_g150,2024,252,-0.0732185608743,-0.124805240609
delay_one_session,sector_reversal_3_g100,2008,128,0.0155944584634,0.0327942718362
delay_one_session,sector_reversal_3_g100,2009,252,-0.0758699850252,-0.0797223550031
delay_one_session,sector_reversal_3_g100,2010,252,-0.0510242514517,-0.051450463952
delay_one_session,sector_reversal_3_g100,2011,252,-0.0564179884312,-0.0569850530837
delay_one_session,sector_reversal_3_g100,2012,250,0.00436038028386,0.00528466742573
delay_one_session,sector_reversal_3_g100,2013,252,-0.0338706486471,-0.0331174817091
delay_one_session,sector_reversal_3_g100,2014,252,-0.0486592865529,-0.0484452059417
delay_one_session,sector_reversal_3_g100,2015,252,-0.117500963791,-0.122611511581
delay_one_session,sector_reversal_3_g100,2016,252,0.0304281007123,0.0299668300732
delay_one_session,sector_reversal_3_g100,2017,251,-0.0372534892103,-0.0445156838374
delay_one_session,sector_reversal_3_g100,2018,251,-0.0142564917079,-0.0308174726871
delay_one_session,sector_reversal_3_g100,2019,252,-0.00372077474434,-0.0231127962355
delay_one_session,sector_reversal_3_g100,2020,253,-0.0608384998697,-0.0625713581834
delay_one_session,sector_reversal_3_g100,2021,252,-0.14218722407,-0.150631566317
delay_one_session,sector_reversal_3_g100,2022,251,-0.0817825528916,-0.0975675875678
delay_one_session,sector_reversal_3_g100,2023,250,-0.0451206503689,-0.093879363694
delay_one_session,sector_reversal_3_g100,2024,252,-0.0120699366176,-0.0619890757964
delay_one_session,sector_reversal_3_g150,2008,128,0.0387795092048,0.0868970208881
delay_one_session,sector_reversal_3_g150,2009,252,-0.096723547853,-0.101002642519
delay_one_session,sector_reversal_3_g150,2010,252,-0.0756182923675,-0.0770977750476
delay_one_session,sector_reversal_3_g150,2011,252,-0.0836773820611,-0.0854280341462
delay_one_session,sector_reversal_3_g150,2012,250,0.00645439995927,0.00796200113936
delay_one_session,sector_reversal_3_g150,2013,252,-0.0502009824802,-0.0495769889483
delay_one_session,sector_reversal_3_g150,2014,252,-0.0724246322961,-0.0727652729229
delay_one_session,sector_reversal_3_g150,2015,252,-0.170863075058,-0.18364410589
delay_one_session,sector_reversal_3_g150,2016,252,0.0444758389041,0.0448743978219
delay_one_session,sector_reversal_3_g150,2017,251,-0.0589236536537,-0.0667447127063
delay_one_session,sector_reversal_3_g150,2018,251,-0.030148295972,-0.0460229526023
delay_one_session,sector_reversal_3_g150,2019,252,-0.0158730391154,-0.0344641254167
delay_one_session,sector_reversal_3_g150,2020,253,-0.111651637213,-0.114295574249
delay_one_session,sector_reversal_3_g150,2021,252,-0.206240956243,-0.226044550348
delay_one_session,sector_reversal_3_g150,2022,251,-0.127627478999,-0.146351706861
delay_one_session,sector_reversal_3_g150,2023,250,-0.0899463512288,-0.140660736924
delay_one_session,sector_reversal_3_g150,2024,252,-0.043052586817,-0.0927319382359
delay_one_session,sector_reversal_5_g100,2008,128,0.000828607319265,0.00197815915328
delay_one_session,sector_reversal_5_g100,2009,252,-0.12653522632,-0.136219673797
delay_one_session,sector_reversal_5_g100,2010,252,-0.0365927852388,-0.0363051610428
delay_one_session,sector_reversal_5_g100,2011,252,-0.0628170949475,-0.0638299395087
delay_one_session,sector_reversal_5_g100,2012,250,-0.0257260133718,-0.0254132132864
delay_one_session,sector_reversal_5_g100,2013,252,-0.0540564727165,-0.0541486460366
delay_one_session,sector_reversal_5_g100,2014,252,-0.00418325226275,-0.00277764233524
delay_one_session,sector_reversal_5_g100,2015,252,-0.0637820213281,-0.0637502979222
delay_one_session,sector_reversal_5_g100,2016,252,-0.0222733454673,-0.0224233316852
delay_one_session,sector_reversal_5_g100,2017,251,-0.0372834272424,-0.0445517938783
delay_one_session,sector_reversal_5_g100,2018,251,0.00184685421675,-0.0144315093069
delay_one_session,sector_reversal_5_g100,2019,252,0.00232954972563,-0.0170501811995
delay_one_session,sector_reversal_5_g100,2020,253,-0.106835539391,-0.112502931404
delay_one_session,sector_reversal_5_g100,2021,252,-0.123621791482,-0.129009085775
delay_one_session,sector_reversal_5_g100,2022,251,-0.123172263789,-0.143778915607
delay_one_session,sector_reversal_5_g100,2023,250,0.033303770642,-0.014412060562
delay_one_session,sector_reversal_5_g100,2024,252,-0.0452173749979,-0.0961215083983
delay_one_session,sector_reversal_5_g150,2008,128,0.0219002735585,0.0512764788518
delay_one_session,sector_reversal_5_g150,2009,252,-0.162651646324,-0.177151685473
delay_one_session,sector_reversal_5_g150,2010,252,-0.0544842956537,-0.0543712890181
delay_one_session,sector_reversal_5_g150,2011,252,-0.092878875638,-0.0956075420361
delay_one_session,sector_reversal_5_g150,2012,250,-0.0385090283392,-0.0382008786803
delay_one_session,sector_reversal_5_g150,2013,252,-0.0799399402688,-0.0812010078799
delay_one_session,sector_reversal_5_g150,2014,252,-0.00666983510176,-0.00433169661392
delay_one_session,sector_reversal_5_g150,2015,252,-0.0940059010066,-0.0955117576283
delay_one_session,sector_reversal_5_g150,2016,252,-0.0348584298505,-0.033872143269
delay_one_session,sector_reversal_5_g150,2017,251,-0.0589609182462,-0.0667978583736
delay_one_session,sector_reversal_5_g150,2018,251,-0.00632012185756,-0.0213869074847
delay_one_session,sector_reversal_5_g150,2019,252,-0.00696348181952,-0.0254368471671
delay_one_session,sector_reversal_5_g150,2020,253,-0.170547113456,-0.1818896453
delay_one_session,sector_reversal_5_g150,2021,252,-0.180267931276,-0.193360665358
delay_one_session,sector_reversal_5_g150,2022,251,-0.185863015459,-0.21549343207
delay_one_session,sector_reversal_5_g150,2023,250,0.0244011739925,-0.0215899515204
delay_one_session,sector_reversal_5_g150,2024,252,-0.0910004689567,-0.14413568608
delay_one_session,spy_buy_hold,2008,128,-0.289902905717,-0.535372339676
delay_one_session,spy_buy_hold,2009,252,0.263517595372,0.266566241904
delay_one_session,spy_buy_hold,2010,252,0.150561421331,0.156742842235
delay_one_session,spy_buy_hold,2011,252,0.0189497715803,0.0456667527066
delay_one_session,spy_buy_hold,2012,250,0.15990339544,0.158077082519
delay_one_session,spy_buy_hold,2013,252,0.323077898659,0.287098149052
delay_one_session,spy_buy_hold,2014,252,0.134637819136,0.133304631191
delay_one_session,spy_buy_hold,2015,252,0.0123428352032,0.0254555547824
delay_one_session,spy_buy_hold,2016,252,0.119979037551,0.120748760909
delay_one_session,spy_buy_hold,2017,251,0.217053948951,0.192659293504
delay_one_session,spy_buy_hold,2018,251,-0.0456899091282,-0.0497411778514
delay_one_session,spy_buy_hold,2019,252,0.312238706468,0.259575257948
delay_one_session,spy_buy_hold,2020,253,0.183316241101,0.219839831858
delay_one_session,spy_buy_hold,2021,252,0.287287581714,0.262056208655
delay_one_session,spy_buy_hold,2022,251,-0.181753681239,-0.18603228633
delay_one_session,spy_buy_hold,2023,250,0.261757967069,0.194322967653
delay_one_session,spy_buy_hold,2024,252,0.256397334428,0.185480927662
delay_one_session,static_macro_g100,2008,128,-0.126009208679,-0.255326531443
delay_one_session,static_macro_g100,2009,252,0.185611191651,0.174420815977
delay_one_session,static_macro_g100,2010,252,0.177674677364,0.168929463021
delay_one_session,static_macro_g100,2011,252,0.0656553893763,0.0706898830613
delay_one_session,static_macro_g100,2012,250,0.0998055403163,0.099010463636
delay_one_session,static_macro_g100,2013,252,0.0479830561049,0.0509203187479
delay_one_session,static_macro_g100,2014,252,0.0566976938905,0.0574144956613
delay_one_session,static_macro_g100,2015,252,-0.0379989992288,-0.0339707327306
delay_one_session,static_macro_g100,2016,252,0.0759339927448,0.0747769379539
delay_one_session,static_macro_g100,2017,251,0.146983268162,0.131863728653
delay_one_session,static_macro_g100,2018,251,-0.0391853664984,-0.0548367315645
delay_one_session,static_macro_g100,2019,252,0.177498560859,0.144818551842
delay_one_session,static_macro_g100,2020,253,0.061299845716,0.064833656078
delay_one_session,static_macro_g100,2021,252,0.106245458085,0.104952618119
delay_one_session,static_macro_g100,2022,251,-0.156759419586,-0.175361503533
delay_one_session,static_macro_g100,2023,250,0.126953547772,0.0763575391559
delay_one_session,static_macro_g100,2024,252,0.0880456988416,0.0374554897746
delay_one_session,static_macro_g150,2008,128,-0.197353964756,-0.406122230127
delay_one_session,static_macro_g150,2009,252,0.218663579567,0.203829137925
delay_one_session,static_macro_g150,2010,252,0.260983401677,0.243300035564
delay_one_session,static_macro_g150,2011,252,0.0814331311424,0.0908395252591
delay_one_session,static_macro_g150,2012,250,0.122261912259,0.122515948012
delay_one_session,static_macro_g150,2013,252,0.0628945371378,0.0690446738497
delay_one_session,static_macro_g150,2014,252,0.0759081220628,0.0774452475726
delay_one_session,static_macro_g150,2015,252,-0.0651373499027,-0.0581629737485
delay_one_session,static_macro_g150,2016,252,0.105209478408,0.104986997242
delay_one_session,static_macro_g150,2017,251,0.214176054046,0.1903578624
delay_one_session,static_macro_g150,2018,251,-0.0741212796333,-0.0887267799996
delay_one_session,static_macro_g150,2019,252,0.252351550365,0.208355948744
delay_one_session,static_macro_g150,2020,253,0.0329433824912,0.0502899563813
delay_one_session,static_macro_g150,2021,252,0.152812411013,0.149932078288
delay_one_session,static_macro_g150,2022,251,-0.21511966396,-0.242371292141
delay_one_session,static_macro_g150,2023,250,0.137017492913,0.0895723034551
delay_one_session,static_macro_g150,2024,252,0.0955680925926,0.0490660630566
delay_one_session,trend_only_g100,2008,128,-0.0324072406068,-0.073483547752
delay_one_session,trend_only_g100,2009,252,0.187874189629,0.175604817879
delay_one_session,trend_only_g100,2010,252,0.0178624487037,0.0282802943729
delay_one_session,trend_only_g100,2011,252,-0.0759734075167,-0.0708348044056
delay_one_session,trend_only_g100,2012,250,0.0269816998186,0.0334708472431
delay_one_session,trend_only_g100,2013,252,0.207225427504,0.195597758231
delay_one_session,trend_only_g100,2014,252,0.0183407894908,0.0232773343555
delay_one_session,trend_only_g100,2015,252,-0.058385317389,-0.055227400915
delay_one_session,trend_only_g100,2016,252,-0.0126922786125,-0.00824297526433
delay_one_session,trend_only_g100,2017,251,0.253427927299,0.223282328753
delay_one_session,trend_only_g100,2018,251,-0.000120725828937,-0.010802309978
delay_one_session,trend_only_g100,2019,252,0.0385462785132,0.0220975514895
delay_one_session,trend_only_g100,2020,253,0.111620106227,0.110475676354
delay_one_session,trend_only_g100,2021,252,0.118258762221,0.1207908937
delay_one_session,trend_only_g100,2022,251,-0.0840854958811,-0.101386050108
delay_one_session,trend_only_g100,2023,250,0.15667197904,0.103465040608
delay_one_session,trend_only_g100,2024,252,0.138506855466,0.0876720717999
delay_one_session,trend_only_g150,2008,128,-0.0503806017552,-0.109718577314
delay_one_session,trend_only_g150,2009,252,0.199006829768,0.185042358448
delay_one_session,trend_only_g150,2010,252,0.0136272207825,0.0254550444097
delay_one_session,trend_only_g150,2011,252,-0.104904264983,-0.101039962075
delay_one_session,trend_only_g150,2012,250,0.0458908959584,0.0548553840777
delay_one_session,trend_only_g150,2013,252,0.265456213114,0.248250106923
delay_one_session,trend_only_g150,2014,252,0.0240881907115,0.033431675338
delay_one_session,trend_only_g150,2015,252,-0.0876130194598,-0.0828920506506
delay_one_session,trend_only_g150,2016,252,-0.0254570348395,-0.0187114619573
delay_one_session,trend_only_g150,2017,251,0.385498895136,0.32809445098
delay_one_session,trend_only_g150,2018,251,-0.0283047177485,-0.0353869246094
delay_one_session,trend_only_g150,2019,252,0.0625486515854,0.0485897814349
delay_one_session,trend_only_g150,2020,253,0.0773315359224,0.0834408526263
delay_one_session,trend_only_g150,2021,252,0.119976939058,0.125313549627
delay_one_session,trend_only_g150,2022,251,-0.122393615522,-0.143527719588
delay_one_session,trend_only_g150,2023,250,0.196361690216,0.140399787231
delay_one_session,trend_only_g150,2024,252,0.120508282149,0.0762942890273
delay_one_session,trend_pullback_10_g100,2008,128,0.00298702987174,-0.00325203080785
delay_one_session,trend_pullback_10_g100,2009,252,0.0842455687056,0.0789400113297
delay_one_session,trend_pullback_10_g100,2010,252,-0.0324607002001,-0.0309376862124
delay_one_session,trend_pullback_10_g100,2011,252,0.0266710839633,0.0272302082759
delay_one_session,trend_pullback_10_g100,2012,250,-0.0233163778084,-0.022885407393
delay_one_session,trend_pullback_10_g100,2013,252,0.0286221928053,0.0293268880642
delay_one_session,trend_pullback_10_g100,2014,252,0.0202939723058,0.0211574760541
delay_one_session,trend_pullback_10_g100,2015,252,0.00917240628394,0.0106065095341
delay_one_session,trend_pullback_10_g100,2016,252,-0.00284859268297,-0.00361932165348
delay_one_session,trend_pullback_10_g100,2017,251,0.0268049197347,0.0197310716057
delay_one_session,trend_pullback_10_g100,2018,251,0.0226782989873,0.00682955496082
delay_one_session,trend_pullback_10_g100,2019,252,0.0107542086567,-0.00900429177164
delay_one_session,trend_pullback_10_g100,2020,253,-0.018014516223,-0.0203970198708
delay_one_session,trend_pullback_10_g100,2021,252,0.0237265829953,0.0250676614848
delay_one_session,trend_pullback_10_g100,2022,251,-0.0158545025371,-0.0299570010473
delay_one_session,trend_pullback_10_g100,2023,250,0.0412694216444,-0.00762940278515
delay_one_session,trend_pullback_10_g100,2024,252,0.0725155346381,0.020228994292
delay_one_session,trend_pullback_10_g150,2008,128,0.0024049706433,-0.00438465249737
delay_one_session,trend_pullback_10_g150,2009,252,0.122021879853,0.113588740343
delay_one_session,trend_pullback_10_g150,2010,252,-0.0450421471036,-0.0425467135286
delay_one_session,trend_pullback_10_g150,2011,252,0.039294821426,0.0400802113214
delay_one_session,trend_pullback_10_g150,2012,250,-0.0347927354249,-0.0342237588107
delay_one_session,trend_pullback_10_g150,2013,252,0.0435566120064,0.0440292690065
delay_one_session,trend_pullback_10_g150,2014,252,0.0307882799018,0.0319069961178
delay_one_session,trend_pullback_10_g150,2015,252,0.0142754957942,0.0158540734147
delay_one_session,trend_pullback_10_g150,2016,252,-0.0049983081837,-0.00537124954045
delay_one_session,trend_pullback_10_g150,2017,251,0.0368654514795,0.0296063728411
delay_one_session,trend_pullback_10_g150,2018,251,0.00858915425904,-0.00586200146383
delay_one_session,trend_pullback_10_g150,2019,252,0.00583611582864,-0.0133693007989
delay_one_session,trend_pullback_10_g150,2020,253,-0.0314166819652,-0.0320032048507
delay_one_session,trend_pullback_10_g150,2021,252,0.0358797981769,0.0376353088782
delay_one_session,trend_pullback_10_g150,2022,251,-0.0305776412815,-0.0449757667567
delay_one_session,trend_pullback_10_g150,2023,250,0.036936718174,-0.0115086811687
delay_one_session,trend_pullback_10_g150,2024,252,0.083504461205,0.0312881083697
delay_one_session,trend_pullback_3_g100,2008,128,-0.000879411938551,-0.0108212327551
delay_one_session,trend_pullback_3_g100,2009,252,0.0899622668356,0.0845461038124
delay_one_session,trend_pullback_3_g100,2010,252,-0.0239921087997,-0.0222551570494
delay_one_session,trend_pullback_3_g100,2011,252,0.00829405461171,0.00954977309584
delay_one_session,trend_pullback_3_g100,2012,250,0.0145960730489,0.0156307062277
delay_one_session,trend_pullback_3_g100,2013,252,0.0226385047351,0.0238147304001
delay_one_session,trend_pullback_3_g100,2014,252,-0.00382804839609,-0.00257309029346
delay_one_session,trend_pullback_3_g100,2015,252,-0.0066683570097,-0.0050356405936
delay_one_session,trend_pullback_3_g100,2016,252,0.00727819526023,0.00654522251024
delay_one_session,trend_pullback_3_g100,2017,251,0.00838852339838,0.00161341586463
delay_one_session,trend_pullback_3_g100,2018,251,-0.0424611035077,-0.0586428286886
delay_one_session,trend_pullback_3_g100,2019,252,0.0031410896188,-0.0161871389676
delay_one_session,trend_pullback_3_g100,2020,253,-0.00714944218971,-0.00979987947641
delay_one_session,trend_pullback_3_g100,2021,252,0.0558090042794,0.0563018841426
delay_one_session,trend_pullback_3_g100,2022,251,-0.00590991997346,-0.0198636480214
delay_one_session,trend_pullback_3_g100,2023,250,0.0411101420382,-0.00764242383259
delay_one_session,trend_pullback_3_g100,2024,252,0.0615186256342,0.00984563376038
delay_one_session,trend_pullback_3_g150,2008,128,-0.00338764101827,-0.0157259557919
delay_one_session,trend_pullback_3_g150,2009,252,0.111299069071,0.104341512119
delay_one_session,trend_pullback_3_g150,2010,252,-0.0293152005747,-0.026160144321
delay_one_session,trend_pullback_3_g150,2011,252,0.00593484667328,0.00818568910035
delay_one_session,trend_pullback_3_g150,2012,250,0.0251205626536,0.0267311365074
delay_one_session,trend_pullback_3_g150,2013,252,0.0333785204174,0.0349439001628
delay_one_session,trend_pullback_3_g150,2014,252,-0.00549276184513,-0.00349171872536
delay_one_session,trend_pullback_3_g150,2015,252,-0.00946702087726,-0.00742904942235
delay_one_session,trend_pullback_3_g150,2016,252,0.0112490206743,0.0109070079721
delay_one_session,trend_pullback_3_g150,2017,251,0.00943168471919,0.00280466807332
delay_one_session,trend_pullback_3_g150,2018,251,-0.0654797391754,-0.0810659721988
delay_one_session,trend_pullback_3_g150,2019,252,-0.00508106729473,-0.0234273082136
delay_one_session,trend_pullback_3_g150,2020,253,-0.00746511450796,-0.00890414551894
delay_one_session,trend_pullback_3_g150,2021,252,0.0804459783691,0.0803857666952
delay_one_session,trend_pullback_3_g150,2022,251,-0.0158540683833,-0.0298432206134
delay_one_session,trend_pullback_3_g150,2023,250,0.0420509816606,-0.00629104087151
delay_one_session,trend_pullback_3_g150,2024,252,0.0684476080357,0.0170938219048
delay_one_session,trend_pullback_5_g100,2008,128,-0.0021338508657,-0.0132973164779
delay_one_session,trend_pullback_5_g100,2009,252,0.0540633147485,0.0509394586577
delay_one_session,trend_pullback_5_g100,2010,252,0.0088517120139,0.0106580102981
delay_one_session,trend_pullback_5_g100,2011,252,-0.0184711613403,-0.0172239462898
delay_one_session,trend_pullback_5_g100,2012,250,0.013887567413,0.0148508621197
delay_one_session,trend_pullback_5_g100,2013,252,0.0282783998774,0.0292341739305
delay_one_session,trend_pullback_5_g100,2014,252,-0.000985942492772,0.000258799441188
delay_one_session,trend_pullback_5_g100,2015,252,0.000219212293759,0.00181180267316
delay_one_session,trend_pullback_5_g100,2016,252,0.0141331477512,0.0132551365408
delay_one_session,trend_pullback_5_g100,2017,251,0.0203012329983,0.0133923931743
delay_one_session,trend_pullback_5_g100,2018,251,-0.0387685632498,-0.0550231466813
delay_one_session,trend_pullback_5_g100,2019,252,-0.00772566940018,-0.0274469598156
delay_one_session,trend_pullback_5_g100,2020,253,0.0262600150251,0.0233240711074
delay_one_session,trend_pullback_5_g100,2021,252,0.0330273556283,0.0343277467025
delay_one_session,trend_pullback_5_g100,2022,251,-0.0123163826213,-0.0263716953726
delay_one_session,trend_pullback_5_g100,2023,250,0.0364331768876,-0.0122978068563
delay_one_session,trend_pullback_5_g100,2024,252,0.0764222502047,0.0238257831689
delay_one_session,trend_pullback_5_g150,2008,128,-0.00526480210825,-0.0194396850211
delay_one_session,trend_pullback_5_g150,2009,252,0.0783368683372,0.0743111661528
delay_one_session,trend_pullback_5_g150,2010,252,0.017740535483,0.0209640185202
delay_one_session,trend_pullback_5_g150,2011,252,-0.0299233247298,-0.0278425565228
delay_one_session,trend_pullback_5_g150,2012,250,0.0227911398082,0.0242602760375
delay_one_session,trend_pullback_5_g150,2013,252,0.0433979907592,0.0444195820341
delay_one_session,trend_pullback_5_g150,2014,252,-0.00132311144771,0.000655644355244
delay_one_session,trend_pullback_5_g150,2015,252,0.000847259493103,0.00278628962021
delay_one_session,trend_pullback_5_g150,2016,252,0.0196983309308,0.0191039298355
delay_one_session,trend_pullback_5_g150,2017,251,0.0269940493751,0.0200955680726
delay_one_session,trend_pullback_5_g150,2018,251,-0.0558540511081,-0.0712891557749
delay_one_session,trend_pullback_5_g150,2019,252,-0.0214523891338,-0.04084895536
delay_one_session,trend_pullback_5_g150,2020,253,0.0284484685613,0.0269535387839
delay_one_session,trend_pullback_5_g150,2021,252,0.0502506644864,0.0518589038551
delay_one_session,trend_pullback_5_g150,2022,251,-0.025344129194,-0.0396096404628
delay_one_session,trend_pullback_5_g150,2023,250,0.0298165934056,-0.018398735746
delay_one_session,trend_pullback_5_g150,2024,252,0.0869168216999,0.0343561794678
frictionless,bil_buy_hold,2008,128,0.00464665689957,0
frictionless,bil_buy_hold,2009,252,0.00270865934521,0
frictionless,bil_buy_hold,2010,252,-0.000436059847783,0
frictionless,bil_buy_hold,2011,252,-0.000392489622,0
frictionless,bil_buy_hold,2012,250,-0.000435900207409,0
frictionless,bil_buy_hold,2013,252,-0.000873744767466,0
frictionless,bil_buy_hold,2014,252,-0.000655124972631,0
frictionless,bil_buy_hold,2015,252,-0.00131163107313,0
frictionless,bil_buy_hold,2016,252,0.00109458342771,0
frictionless,bil_buy_hold,2017,251,0.00689104125986,0
frictionless,bil_buy_hold,2018,251,0.0173735241821,0
frictionless,bil_buy_hold,2019,252,0.0203196062995,0
frictionless,bil_buy_hold,2020,253,0.00398592682593,0
frictionless,bil_buy_hold,2021,252,-0.000983715731836,0
frictionless,bil_buy_hold,2022,251,0.0140458520943,0
frictionless,bil_buy_hold,2023,250,0.049448625743,0
frictionless,bil_buy_hold,2024,252,0.0520455994045,0
frictionless,dual_momentum_126_g100,2008,128,-0.0163954000489,-0.0308842856636
frictionless,dual_momentum_126_g100,2009,252,0.0725864318211,0.0765378941177
frictionless,dual_momentum_126_g100,2010,252,0.0344703778233,0.0471126209759
frictionless,dual_momentum_126_g100,2011,252,0.110651788647,0.115757264813
frictionless,dual_momentum_126_g100,2012,250,0.0279798808282,0.0333050184235
frictionless,dual_momentum_126_g100,2013,252,0.212604440268,0.201251212498
frictionless,dual_momentum_126_g100,2014,252,0.0859047537218,0.0877233007775
frictionless,dual_momentum_126_g100,2015,252,-0.0837772685695,-0.0783999626726
frictionless,dual_momentum_126_g100,2016,252,0.0871770364081,0.0886873672732
frictionless,dual_momentum_126_g100,2017,251,0.188444141644,0.17014399202
frictionless,dual_momentum_126_g100,2018,251,0.00477563876353,-0.00241461821609
frictionless,dual_momentum_126_g100,2019,252,-0.00229955925732,-0.0184630214259
frictionless,dual_momentum_126_g100,2020,253,0.0405808820099,0.0660112609744
frictionless,dual_momentum_126_g100,2021,252,0.170325695388,0.169062941292
frictionless,dual_momentum_126_g100,2022,251,-0.104995784913,-0.118874316086
frictionless,dual_momentum_126_g100,2023,250,0.111123009635,0.0627905458812
frictionless,dual_momentum_126_g100,2024,252,0.134604290625,0.0833027697931
frictionless,dual_momentum_126_g150,2008,128,0.000980640079322,0.00841686003022
frictionless,dual_momentum_126_g150,2009,252,0.0487837014108,0.0555040791086
frictionless,dual_momentum_126_g150,2010,252,0.0376807223399,0.0520795818381
frictionless,dual_momentum_126_g150,2011,252,0.162396917799,0.166228329623
frictionless,dual_momentum_126_g150,2012,250,0.032834143019,0.0419612454941
frictionless,dual_momentum_126_g150,2013,252,0.273187352842,0.255759385055
frictionless,dual_momentum_126_g150,2014,252,0.137355232082,0.137829999302
frictionless,dual_momentum_126_g150,2015,252,-0.10038225406,-0.0910259915008
frictionless,dual_momentum_126_g150,2016,252,0.127880848321,0.130589316385
frictionless,dual_momentum_126_g150,2017,251,0.289654454502,0.256806008861
frictionless,dual_momentum_126_g150,2018,251,-0.0291329167955,-0.0271037333816
frictionless,dual_momentum_126_g150,2019,252,-0.00632461526469,-0.0176232555763
frictionless,dual_momentum_126_g150,2020,253,0.0707529030379,0.0994996232091
frictionless,dual_momentum_126_g150,2021,252,0.17055661639,0.174541821106
frictionless,dual_momentum_126_g150,2022,251,-0.119136439485,-0.130783408619
frictionless,dual_momentum_126_g150,2023,250,0.155540133808,0.106488084204
frictionless,dual_momentum_126_g150,2024,252,0.160572497492,0.112308513406
frictionless,dual_momentum_252_g100,2008,128,-0.048831794895,-0.0967370956363
frictionless,dual_momentum_252_g100,2009,252,0.108987802839,0.106741126675
frictionless,dual_momentum_252_g100,2010,252,0.1586004283,0.16200533149
frictionless,dual_momentum_252_g100,2011,252,-0.0749407413261,-0.0665585467527
frictionless,dual_momentum_252_g100,2012,250,0.0385534981143,0.0420641089534
frictionless,dual_momentum_252_g100,2013,252,0.251063610521,0.232273593054
frictionless,dual_momentum_252_g100,2014,252,0.105718519786,0.107347987759
frictionless,dual_momentum_252_g100,2015,252,-0.00517921271166,0.0045589016768
frictionless,dual_momentum_252_g100,2016,252,-0.0935109141721,-0.095341281197
frictionless,dual_momentum_252_g100,2017,251,0.225616533712,0.201654724843
frictionless,dual_momentum_252_g100,2018,251,-0.11615936937,-0.127964575329
frictionless,dual_momentum_252_g100,2019,252,0.0587737013508,0.0408308593638
frictionless,dual_momentum_252_g100,2020,253,0.153493992027,0.150392679664
frictionless,dual_momentum_252_g100,2021,252,0.13473396106,0.138649812836
frictionless,dual_momentum_252_g100,2022,251,-0.0546189866926,-0.0629480171622
frictionless,dual_momentum_252_g100,2023,250,0.0421837410678,-0.00228425424458
frictionless,dual_momentum_252_g100,2024,252,0.205880670914,0.144912516121
frictionless,dual_momentum_252_g150,2008,128,-0.0167210602549,-0.0262273080979
frictionless,dual_momentum_252_g150,2009,252,0.119932126674,0.120055267204
frictionless,dual_momentum_252_g150,2010,252,0.1697498987,0.172908081162
frictionless,dual_momentum_252_g150,2011,252,-0.0638592073495,-0.0510601326103
frictionless,dual_momentum_252_g150,2012,250,0.0558529256011,0.0625115627688
frictionless,dual_momentum_252_g150,2013,252,0.338538720573,0.305177235082
frictionless,dual_momentum_252_g150,2014,252,0.142385821782,0.144537771246
frictionless,dual_momentum_252_g150,2015,252,0.0138389055663,0.0302649680751
frictionless,dual_momentum_252_g150,2016,252,-0.134637886104,-0.136956364996
frictionless,dual_momentum_252_g150,2017,251,0.349072235599,0.303194911365
frictionless,dual_momentum_252_g150,2018,251,-0.138748732507,-0.144620311354
frictionless,dual_momentum_252_g150,2019,252,0.0823251657624,0.066971009317
frictionless,dual_momentum_252_g150,2020,253,0.208781088228,0.20695750559
frictionless,dual_momentum_252_g150,2021,252,0.136182685217,0.143059047132
frictionless,dual_momentum_252_g150,2022,251,-0.0765028947413,-0.0834393247044
frictionless,dual_momentum_252_g150,2023,250,0.058083256644,0.0172719498259
frictionless,dual_momentum_252_g150,2024,252,0.269121707373,0.201033187366
frictionless,dual_momentum_63_g100,2008,128,-0.0124731658109,-0.026954400846
frictionless,dual_momentum_63_g100,2009,252,0.162512465909,0.156749245516
frictionless,dual_momentum_63_g100,2010,252,0.195332414499,0.191620298796
frictionless,dual_momentum_63_g100,2011,252,0.210900549702,0.200800367408
frictionless,dual_momentum_63_g100,2012,250,-0.0286491006157,-0.0231800605663
frictionless,dual_momentum_63_g100,2013,252,0.154689052944,0.151285389975
frictionless,dual_momentum_63_g100,2014,252,0.0939575931619,0.0939709571586
frictionless,dual_momentum_63_g100,2015,252,-0.0848444255426,-0.0813344144131
frictionless,dual_momentum_63_g100,2016,252,-0.0479846226694,-0.0426650125676
frictionless,dual_momentum_63_g100,2017,251,0.197190949594,0.177009333805
frictionless,dual_momentum_63_g100,2018,251,-0.0329803622502,-0.0418651940158
frictionless,dual_momentum_63_g100,2019,252,0.0379119674654,0.0219818960773
frictionless,dual_momentum_63_g100,2020,253,0.215599630024,0.203926980556
frictionless,dual_momentum_63_g100,2021,252,0.146789134817,0.147074212748
frictionless,dual_momentum_63_g100,2022,251,-0.0896585344182,-0.101349973476
frictionless,dual_momentum_63_g100,2023,250,0.164389376634,0.110199305978
frictionless,dual_momentum_63_g100,2024,252,0.0150384724229,-0.0270753915502
frictionless,dual_momentum_63_g150,2008,128,0.00233837552659,0.00802870122536
frictionless,dual_momentum_63_g150,2009,252,0.155373562054,0.151468006794
frictionless,dual_momentum_63_g150,2010,252,0.235646447943,0.227226283723
frictionless,dual_momentum_63_g150,2011,252,0.288220979193,0.269275852299
frictionless,dual_momentum_63_g150,2012,250,-0.0621038288886,-0.0553356952914
frictionless,dual_momentum_63_g150,2013,252,0.201716359189,0.196617293467
frictionless,dual_momentum_63_g150,2014,252,0.1421819523,0.14087183935
frictionless,dual_momentum_63_g150,2015,252,-0.107810568565,-0.101915416425
frictionless,dual_momentum_63_g150,2016,252,-0.0498540060073,-0.0410084535524
frictionless,dual_momentum_63_g150,2017,251,0.305804536451,0.268185939841
frictionless,dual_momentum_63_g150,2018,251,-0.0494515581039,-0.0494461530951
frictionless,dual_momentum_63_g150,2019,252,0.0496814262745,0.0381010982592
frictionless,dual_momentum_63_g150,2020,253,0.213226346794,0.211571847048
frictionless,dual_momentum_63_g150,2021,252,0.163266850589,0.166138228618
frictionless,dual_momentum_63_g150,2022,251,-0.0944067945081,-0.101621879572
frictionless,dual_momentum_63_g150,2023,250,0.184917900904,0.13048823592
frictionless,dual_momentum_63_g150,2024,252,0.0184090607106,-0.0180628522037
frictionless,fixed_blend_g100,2008,128,-0.0416490881054,-0.0911448284523
frictionless,fixed_blend_g100,2009,252,0.0630502559449,0.0601138390923
frictionless,fixed_blend_g100,2010,252,0.0215019727031,0.0236764871731
frictionless,fixed_blend_g100,2011,252,0.0316721780781,0.0330420812506
frictionless,fixed_blend_g100,2012,250,0.0176433300306,0.0189449459949
frictionless,fixed_blend_g100,2013,252,0.0910340724669,0.0890023145041
frictionless,fixed_blend_g100,2014,252,0.0358688089638,0.0369427278424
frictionless,fixed_blend_g100,2015,252,-0.0172226711813,-0.0150260074357
frictionless,fixed_blend_g100,2016,252,0.0446564603291,0.0434011362885
frictionless,fixed_blend_g100,2017,251,0.0744349593659,0.0657043196641
frictionless,fixed_blend_g100,2018,251,0.00251022791526,-0.0129785554736
frictionless,fixed_blend_g100,2019,252,0.0250933958439,0.00519419450517
frictionless,fixed_blend_g100,2020,253,0.0689827924802,0.0655231286606
frictionless,fixed_blend_g100,2021,252,0.0707795758263,0.0712705067955
frictionless,fixed_blend_g100,2022,251,-0.0754273644885,-0.0918115178283
frictionless,fixed_blend_g100,2023,250,0.080675900908,0.0305134070468
frictionless,fixed_blend_g100,2024,252,0.061599063994,0.0104140506565
frictionless,fixed_blend_g150,2008,128,-0.0392511815616,-0.0845542573458
frictionless,fixed_blend_g150,2009,252,0.0656211539377,0.0630620237483
frictionless,fixed_blend_g150,2010,252,0.0385798014354,0.0408929167277
frictionless,fixed_blend_g150,2011,252,0.034700297865,0.0369014184972
frictionless,fixed_blend_g150,2012,250,0.0238190506761,0.0257309731736
frictionless,fixed_blend_g150,2013,252,0.114467509801,0.111068933063
frictionless,fixed_blend_g150,2014,252,0.0523123754086,0.0537888083259
frictionless,fixed_blend_g150,2015,252,-0.015687796696,-0.0125585335924
frictionless,fixed_blend_g150,2016,252,0.0624540052461,0.0609704867422
frictionless,fixed_blend_g150,2017,251,0.109572389205,0.0986628453526
frictionless,fixed_blend_g150,2018,251,-0.0076793400955,-0.0217487121885
frictionless,fixed_blend_g150,2019,252,0.0282192848098,0.00884660444319
frictionless,fixed_blend_g150,2020,253,0.0673928825371,0.0661330086713
frictionless,fixed_blend_g150,2021,252,0.0728102116608,0.0745089108019
frictionless,fixed_blend_g150,2022,251,-0.100150923376,-0.11819834674
frictionless,fixed_blend_g150,2023,250,0.0825849645624,0.0331651413139
frictionless,fixed_blend_g150,2024,252,0.0583361069342,0.00859024267798
frictionless,raw_sector_reversal_g100,2008,128,0.00376171777051,0.0125951340497
frictionless,raw_sector_reversal_g100,2009,252,0.0609160137552,0.0595897469146
frictionless,raw_sector_reversal_g100,2010,252,-0.0706879611452,-0.0716479238735
frictionless,raw_sector_reversal_g100,2011,252,0.0140405231798,0.0160002039803
frictionless,raw_sector_reversal_g100,2012,250,-0.00609414320264,-0.00476913125809
frictionless,raw_sector_reversal_g100,2013,252,0.00207230078015,0.00359220930519
frictionless,raw_sector_reversal_g100,2014,252,0.0148283158955,0.0162316944669
frictionless,raw_sector_reversal_g100,2015,252,-0.0298062548813,-0.0278146247462
frictionless,raw_sector_reversal_g100,2016,252,0.00262942714064,0.00355696955123
frictionless,raw_sector_reversal_g100,2017,251,0.0451664814682,0.0382489283612
frictionless,raw_sector_reversal_g100,2018,251,0.00220186026922,-0.0135264368121
frictionless,raw_sector_reversal_g100,2019,252,0.00543084498897,-0.0133906879402
frictionless,raw_sector_reversal_g100,2020,253,0.00271282321417,0.00327937460943
frictionless,raw_sector_reversal_g100,2021,252,-0.0534156375771,-0.0512903880422
frictionless,raw_sector_reversal_g100,2022,251,-0.101281388796,-0.117384788479
frictionless,raw_sector_reversal_g100,2023,250,0.0229219415024,-0.0237405456355
frictionless,raw_sector_reversal_g100,2024,252,-0.0256492317256,-0.0750926430049
frictionless,raw_sector_reversal_g150,2008,128,0.0031261382309,0.0157523846829
frictionless,raw_sector_reversal_g150,2009,252,0.0928218667844,0.0906293143088
frictionless,raw_sector_reversal_g150,2010,252,-0.104686607452,-0.10737456812
frictionless,raw_sector_reversal_g150,2011,252,0.0204963433215,0.024368108627
frictionless,raw_sector_reversal_g150,2012,250,-0.0100152018888,-0.00756243929537
frictionless,raw_sector_reversal_g150,2013,252,0.00305744409843,0.00538558088714
frictionless,raw_sector_reversal_g150,2014,252,0.0218672361644,0.0242133713342
frictionless,raw_sector_reversal_g150,2015,252,-0.0444795133619,-0.0416390096525
frictionless,raw_sector_reversal_g150,2016,252,0.000995137076195,0.00448788112302
frictionless,raw_sector_reversal_g150,2017,251,0.0640594535564,0.0572379141133
frictionless,raw_sector_reversal_g150,2018,251,-0.00654384103574,-0.0203714037794
frictionless,raw_sector_reversal_g150,2019,252,-0.00274979391028,-0.0199245297471
frictionless,raw_sector_reversal_g150,2020,253,-0.0154408043257,-0.0107594560684
frictionless,raw_sector_reversal_g150,2021,252,-0.0746715254359,-0.0708485419335
frictionless,raw_sector_reversal_g150,2022,251,-0.147949533947,-0.16677118068
frictionless,raw_sector_reversal_g150,2023,250,0.00865536906526,-0.0352810024542
frictionless,raw_sector_reversal_g150,2024,252,-0.0637898368876,-0.11295728605
frictionless,sector_reversal_10_g100,2008,128,0.0626033707763,0.118880529701
frictionless,sector_reversal_10_g100,2009,252,0.0404760001254,0.0389852564328
frictionless,sector_reversal_10_g100,2010,252,-0.010219705471,-0.00919418143031
frictionless,sector_reversal_10_g100,2011,252,-0.0320206620531,-0.0313971309113
frictionless,sector_reversal_10_g100,2012,250,-0.0248405948958,-0.0245188548538
frictionless,sector_reversal_10_g100,2013,252,-0.0243348963751,-0.0232275986404
frictionless,sector_reversal_10_g100,2014,252,-0.0188252135541,-0.0176472525313
frictionless,sector_reversal_10_g100,2015,252,-0.0359077833457,-0.0343153725649
frictionless,sector_reversal_10_g100,2016,252,0.0511015431181,0.049857463828
frictionless,sector_reversal_10_g100,2017,251,0.000103922514905,-0.00632770909196
frictionless,sector_reversal_10_g100,2018,251,0.0736448948068,0.0551899496659
frictionless,sector_reversal_10_g100,2019,252,0.0448312434762,0.0244512012037
frictionless,sector_reversal_10_g100,2020,253,-0.082431348948,-0.0856237935401
frictionless,sector_reversal_10_g100,2021,252,-0.0851566498596,-0.0861509105623
frictionless,sector_reversal_10_g100,2022,251,-0.000586198463591,-0.0122933255263
frictionless,sector_reversal_10_g100,2023,250,0.0270794373746,-0.0205687885319
frictionless,sector_reversal_10_g100,2024,252,0.00609304628517,-0.0437973055309
frictionless,sector_reversal_10_g150,2008,128,0.0721696227516,0.14186131251
frictionless,sector_reversal_10_g150,2009,252,0.0683155482319,0.0670649853814
frictionless,sector_reversal_10_g150,2010,252,-0.0154548697872,-0.0136913102001
frictionless,sector_reversal_10_g150,2011,252,-0.0481203282399,-0.0472192211246
frictionless,sector_reversal_10_g150,2012,250,-0.0371095059837,-0.0367768127432
frictionless,sector_reversal_10_g150,2013,252,-0.0362443792936,-0.0348384441171
frictionless,sector_reversal_10_g150,2014,252,-0.0284489422188,-0.0266229303401
frictionless,sector_reversal_10_g150,2015,252,-0.0533534504347,-0.0514066074282
frictionless,sector_reversal_10_g150,2016,252,0.0761182714556,0.0747791378728
frictionless,sector_reversal_10_g150,2017,251,-0.00376019534465,-0.00963495196968
frictionless,sector_reversal_10_g150,2018,251,0.101925156332,0.0827161630068
frictionless,sector_reversal_10_g150,2019,252,0.0568274881341,0.0367546774863
frictionless,sector_reversal_10_g150,2020,253,-0.122502852082,-0.125966044153
frictionless,sector_reversal_10_g150,2021,252,-0.125919637372,-0.129392329827
frictionless,sector_reversal_10_g150,2022,251,-0.00994134182384,-0.0188554096996
frictionless,sector_reversal_10_g150,2023,250,0.0153406964687,-0.030686466531
frictionless,sector_reversal_10_g150,2024,252,-0.0168059590966,-0.0657348752876
frictionless,sector_reversal_3_g100,2008,128,0.130652275061,0.242622703447
frictionless,sector_reversal_3_g100,2009,252,0.00468345747851,0.00411771211987
frictionless,sector_reversal_3_g100,2010,252,0.000299647711286,0.00119520149203
frictionless,sector_reversal_3_g100,2011,252,-0.0177654406649,-0.0167710984369
frictionless,sector_reversal_3_g100,2012,250,0.0299715238795,0.0306646431705
frictionless,sector_reversal_3_g100,2013,252,0.00901017442709,0.0102518721051
frictionless,sector_reversal_3_g100,2014,252,0.00131657383767,0.00273183650192
frictionless,sector_reversal_3_g100,2015,252,-0.0667676755764,-0.0667327425216
frictionless,sector_reversal_3_g100,2016,252,0.0460034806048,0.04514179012
frictionless,sector_reversal_3_g100,2017,251,-0.0188918044436,-0.0255794932636
frictionless,sector_reversal_3_g100,2018,251,0.0180499731154,0.00160376993525
frictionless,sector_reversal_3_g100,2019,252,0.0434930702655,0.0231624554885
frictionless,sector_reversal_3_g100,2020,253,0.0269352460879,0.0263413771348
frictionless,sector_reversal_3_g100,2021,252,-0.041118177501,-0.0392337152516
frictionless,sector_reversal_3_g100,2022,251,-0.0428084149273,-0.0558444728971
frictionless,sector_reversal_3_g100,2023,250,-0.0335843821042,-0.0817329225898
frictionless,sector_reversal_3_g100,2024,252,0.00990789524185,-0.0399852698061
frictionless,sector_reversal_3_g150,2008,128,0.185668023997,0.344517646703
frictionless,sector_reversal_3_g150,2009,252,0.0204689640285,0.0215393608117
frictionless,sector_reversal_3_g150,2010,252,0.000392360268196,0.00186669140885
frictionless,sector_reversal_3_g150,2011,252,-0.0269374506965,-0.025194424653
frictionless,sector_reversal_3_g150,2012,250,0.0451782203573,0.0460168302024
frictionless,sector_reversal_3_g150,2013,252,0.0137648462516,0.0154648461739
frictionless,sector_reversal_3_g150,2014,252,0.00170244816601,0.00406535291117
frictionless,sector_reversal_3_g150,2015,252,-0.0984812052651,-0.0999892326186
frictionless,sector_reversal_3_g150,2016,252,0.0678465395986,0.0673921763493
frictionless,sector_reversal_3_g150,2017,251,-0.0319449243469,-0.0384391973445
frictionless,sector_reversal_3_g150,2018,251,0.0177775614241,0.00250556108134
frictionless,sector_reversal_3_g150,2019,252,0.0548239182097,0.0348494233653
frictionless,sector_reversal_3_g150,2020,253,0.0235178154936,0.0263115053676
frictionless,sector_reversal_3_g150,2021,252,-0.0616800330441,-0.0587051649321
frictionless,sector_reversal_3_g150,2022,251,-0.0722401301203,-0.0845762549732
frictionless,sector_reversal_3_g150,2023,250,-0.0735391743199,-0.122558951123
frictionless,sector_reversal_3_g150,2024,252,-0.0113657911111,-0.060153553863
frictionless,sector_reversal_5_g100,2008,128,-0.0292536331719,-0.0588951335905
frictionless,sector_reversal_5_g100,2009,252,-0.026903235108,-0.0279073581496
frictionless,sector_reversal_5_g100,2010,252,-0.00897853402972,-0.00804572658622
frictionless,sector_reversal_5_g100,2011,252,-0.0203288963439,-0.019423502583
frictionless,sector_reversal_5_g100,2012,250,0.0170009228194,0.0178248839914
frictionless,sector_reversal_5_g100,2013,252,-0.00706356716589,-0.00572680681117
frictionless,sector_reversal_5_g100,2014,252,0.0255923866386,0.0266460231722
frictionless,sector_reversal_5_g100,2015,252,-0.0147126600509,-0.0125977414932
frictionless,sector_reversal_5_g100,2016,252,0.0128667438118,0.0132682755311
frictionless,sector_reversal_5_g100,2017,251,-0.006017352412,-0.0124647736293
frictionless,sector_reversal_5_g100,2018,251,0.0426466460329,0.025650844341
frictionless,sector_reversal_5_g100,2019,252,0.0308672045432,0.011025832784
frictionless,sector_reversal_5_g100,2020,253,0.00692790496695,0.00679231825396
frictionless,sector_reversal_5_g100,2021,252,-0.0792117267879,-0.0797008225877
frictionless,sector_reversal_5_g100,2022,251,-0.11669999846,-0.136602436922
frictionless,sector_reversal_5_g100,2023,250,0.0404367713461,-0.00714424382283
frictionless,sector_reversal_5_g100,2024,252,-0.00589448338601,-0.0557949156397
frictionless,sector_reversal_5_g150,2008,128,-0.0172298364683,-0.0273578876513
frictionless,sector_reversal_5_g150,2009,252,-0.0175667927922,-0.0167883730837
frictionless,sector_reversal_5_g150,2010,252,-0.0134592553791,-0.0118981413921
frictionless,sector_reversal_5_g150,2011,252,-0.0306142223382,-0.0290652515054
frictionless,sector_reversal_5_g150,2012,250,0.0254366135676,0.0266471425688
frictionless,sector_reversal_5_g150,2013,252,-0.0104459533864,-0.00852950472382
frictionless,sector_reversal_5_g150,2014,252,0.0382734108719,0.0398329875643
frictionless,sector_reversal_5_g150,2015,252,-0.0218305651061,-0.0187109821942
frictionless,sector_reversal_5_g150,2016,252,0.0168524638953,0.0191938655158
frictionless,sector_reversal_5_g150,2017,251,-0.0128248176574,-0.018740871022
frictionless,sector_reversal_5_g150,2018,251,0.0546941981966,0.038456249274
frictionless,sector_reversal_5_g150,2019,252,0.0356319014459,0.0165634578289
frictionless,sector_reversal_5_g150,2020,253,-0.00293290417609,0.000981412594101
frictionless,sector_reversal_5_g150,2021,252,-0.117274693333,-0.119612410879
frictionless,sector_reversal_5_g150,2022,251,-0.177272941812,-0.205424972806
frictionless,sector_reversal_5_g150,2023,250,0.034817460421,-0.0106351409014
frictionless,sector_reversal_5_g150,2024,252,-0.0345869322709,-0.0840001395235
frictionless,spy_buy_hold,2008,128,-0.276801037669,-0.499305245421
frictionless,spy_buy_hold,2009,252,0.263517595372,0.266566241904
frictionless,spy_buy_hold,2010,252,0.150561421331,0.156742842235
frictionless,spy_buy_hold,2011,252,0.0189497715803,0.0456667527066
frictionless,spy_buy_hold,2012,250,0.15990339544,0.158077082519
frictionless,spy_buy_hold,2013,252,0.323077898659,0.287098149052
frictionless,spy_buy_hold,2014,252,0.134637819136,0.133304631191
frictionless,spy_buy_hold,2015,252,0.0123428352032,0.0254555547824
frictionless,spy_buy_hold,2016,252,0.119979037551,0.120748760909
frictionless,spy_buy_hold,2017,251,0.217053948951,0.192659293504
frictionless,spy_buy_hold,2018,251,-0.0456899091282,-0.0497411778514
frictionless,spy_buy_hold,2019,252,0.312238706468,0.259575257948
frictionless,spy_buy_hold,2020,253,0.183316241101,0.219839831858
frictionless,spy_buy_hold,2021,252,0.287287581714,0.262056208655
frictionless,spy_buy_hold,2022,251,-0.181753681239,-0.18603228633
frictionless,spy_buy_hold,2023,250,0.261757967069,0.194322967653
frictionless,spy_buy_hold,2024,252,0.257025847352,0.185982364195
frictionless,static_macro_g100,2008,128,-0.119913269099,-0.242414254127
frictionless,static_macro_g100,2009,252,0.184430924581,0.173551562165
frictionless,static_macro_g100,2010,252,0.179360849022,0.170371215612
frictionless,static_macro_g100,2011,252,0.0711067725475,0.075744181739
frictionless,static_macro_g100,2012,250,0.0979459149919,0.0973060532496
frictionless,static_macro_g100,2013,252,0.0466339223095,0.04962798851
frictionless,static_macro_g100,2014,252,0.0568542620951,0.0575638996001
frictionless,static_macro_g100,2015,252,-0.0396148569478,-0.0356508552954
frictionless,static_macro_g100,2016,252,0.0762284274537,0.0750296051123
frictionless,static_macro_g100,2017,251,0.147296088598,0.132137783098
frictionless,static_macro_g100,2018,251,-0.0363394648385,-0.0519029518519
frictionless,static_macro_g100,2019,252,0.177810156916,0.145086884081
frictionless,static_macro_g100,2020,253,0.0645584823247,0.067788084762
frictionless,static_macro_g100,2021,252,0.107431594716,0.106034366744
frictionless,static_macro_g100,2022,251,-0.157663340838,-0.176454141126
frictionless,static_macro_g100,2023,250,0.125154084033,0.074760472031
frictionless,static_macro_g100,2024,252,0.091072586972,0.040204338758
frictionless,static_macro_g150,2008,128,-0.185394025453,-0.379043089279
frictionless,static_macro_g150,2009,252,0.221169290929,0.206043190579
frictionless,static_macro_g150,2010,252,0.272106838366,0.252115558226
frictionless,static_macro_g150,2011,252,0.0971054636014,0.105051478876
frictionless,static_macro_g150,2012,250,0.127842996252,0.127541915132
frictionless,static_macro_g150,2013,252,0.069285528281,0.0750351180259
frictionless,static_macro_g150,2014,252,0.0842799451551,0.0851979299176
frictionless,static_macro_g150,2015,252,-0.0604570140198,-0.053168867385
frictionless,static_macro_g150,2016,252,0.114598735425,0.113398835168
frictionless,static_macro_g150,2017,251,0.227767052106,0.201545202532
frictionless,static_macro_g150,2018,251,-0.0551101782549,-0.0683995925618
frictionless,static_macro_g150,2019,252,0.27524029358,0.226476581109
frictionless,static_macro_g150,2020,253,0.0456938276587,0.0619914017747
frictionless,static_macro_g150,2021,252,0.163218067389,0.158941168041
frictionless,static_macro_g150,2022,251,-0.211760149637,-0.23818893274
frictionless,static_macro_g150,2023,250,0.166361961241,0.115307062934
frictionless,static_macro_g150,2024,252,0.137751177674,0.086766447217
frictionless,trend_only_g100,2008,128,-0.0334015115192,-0.0753534837864
frictionless,trend_only_g100,2009,252,0.192774938158,0.179716233687
frictionless,trend_only_g100,2010,252,0.0070360361565,0.0171951723906
frictionless,trend_only_g100,2011,252,-0.0564649325286,-0.0501969642516
frictionless,trend_only_g100,2012,250,0.0399237202415,0.0462421186085
frictionless,trend_only_g100,2013,252,0.217434660181,0.203898835168
frictionless,trend_only_g100,2014,252,0.0274505104512,0.0322174268109
frictionless,trend_only_g100,2015,252,-0.0427407799935,-0.0389744147417
frictionless,trend_only_g100,2016,252,0.00150859702166,0.00582278267001
frictionless,trend_only_g100,2017,251,0.259823479464,0.2284054088
frictionless,trend_only_g100,2018,251,-0.00767548560328,-0.0185528261664
frictionless,trend_only_g100,2019,252,0.058071037014,0.0404676411729
frictionless,trend_only_g100,2020,253,0.126707370263,0.123004060387
frictionless,trend_only_g100,2021,252,0.118757022954,0.121298758246
frictionless,trend_only_g100,2022,251,-0.0678114746725,-0.083742674689
frictionless,trend_only_g100,2023,250,0.150104891231,0.0977443443214
frictionless,trend_only_g100,2024,252,0.141946964322,0.0907164558416
frictionless,trend_only_g150,2008,128,-0.0520941703294,-0.112997256901
frictionless,trend_only_g150,2009,252,0.198956116564,0.184961697427
frictionless,trend_only_g150,2010,252,-0.000637254800673,0.0111631006875
frictionless,trend_only_g150,2011,252,-0.0615043255032,-0.0540501511341
frictionless,trend_only_g150,2012,250,0.0502639935948,0.0591162166466
frictionless,trend_only_g150,2013,252,0.289305034989,0.266677280369
frictionless,trend_only_g150,2014,252,0.0390571852166,0.0479990080902
frictionless,trend_only_g150,2015,252,-0.070425296336,-0.0647772363446
frictionless,trend_only_g150,2016,252,-0.00614631397772,0.000856918060466
frictionless,trend_only_g150,2017,251,0.410049367524,0.345772258744
frictionless,trend_only_g150,2018,251,-0.0368636194501,-0.0448037765723
frictionless,trend_only_g150,2019,252,0.0824100124742,0.0668689563479
frictionless,trend_only_g150,2020,253,0.0885009257483,0.0921184539322
frictionless,trend_only_g150,2021,252,0.123079209216,0.128197278111
frictionless,trend_only_g150,2022,251,-0.0977096598437,-0.115716157242
frictionless,trend_only_g150,2023,250,0.188276661249,0.133493330762
frictionless,trend_only_g150,2024,252,0.143990564697,0.0969442180983
frictionless,trend_pullback_10_g100,2008,128,0.00367375496147,-0.00190269136615
frictionless,trend_pullback_10_g100,2009,252,0.0720986294137,0.0675272522439
frictionless,trend_pullback_10_g100,2010,252,-0.0424232264795,-0.0412436759946
frictionless,trend_pullback_10_g100,2011,252,0.052427438451,0.0520496585458
frictionless,trend_pullback_10_g100,2012,250,-0.00292087671105,-0.00210132209055
frictionless,trend_pullback_10_g100,2013,252,0.0408021764321,0.0410960408647
frictionless,trend_pullback_10_g100,2014,252,0.0247565029363,0.0255948989944
frictionless,trend_pullback_10_g100,2015,252,0.0137943414736,0.0152108686197
frictionless,trend_pullback_10_g100,2016,252,0.0107378799875,0.0100136122231
frictionless,trend_pullback_10_g100,2017,251,0.0532526920476,0.0452856115607
frictionless,trend_pullback_10_g100,2018,251,0.0330565758511,0.0173746453548
frictionless,trend_pullback_10_g100,2019,252,0.0184612188335,-0.001429884836
frictionless,trend_pullback_10_g100,2020,253,-0.0142618698208,-0.0169479204856
frictionless,trend_pullback_10_g100,2021,252,0.0545082107998,0.0548086700255
frictionless,trend_pullback_10_g100,2022,251,0.00323578248855,-0.0106907173774
frictionless,trend_pullback_10_g100,2023,250,0.0421237541696,-0.00677747514095
frictionless,trend_pullback_10_g100,2024,252,0.0936640894054,0.0395115926469
frictionless,trend_pullback_10_g150,2008,128,0.00318470245846,-0.00285332090152
frictionless,trend_pullback_10_g150,2009,252,0.095819446772,0.0899610060623
frictionless,trend_pullback_10_g150,2010,252,-0.061731364729,-0.0598594435153
frictionless,trend_pullback_10_g150,2011,252,0.0777593465437,0.0764756549851
frictionless,trend_pullback_10_g150,2012,250,-0.00438459830008,-0.00306719060579
frictionless,trend_pullback_10_g150,2013,252,0.06214257019,0.0616777157318
frictionless,trend_pullback_10_g150,2014,252,0.0373436143168,0.0384073304352
frictionless,trend_pullback_10_g150,2015,252,0.021267958167,0.0228033629462
frictionless,trend_pullback_10_g150,2016,252,0.0153659018198,0.0151155984146
frictionless,trend_pullback_10_g150,2017,251,0.0771798326235,0.0679515662757
frictionless,trend_pullback_10_g150,2018,251,0.0248674799533,0.0107683996589
frictionless,trend_pullback_10_g150,2019,252,0.0173409872508,-0.00204493562042
frictionless,trend_pullback_10_g150,2020,253,-0.0258183487993,-0.0270629547981
frictionless,trend_pullback_10_g150,2021,252,0.0826380184737,0.0820621741987
frictionless,trend_pullback_10_g150,2022,251,-0.00219650870944,-0.0160553587443
frictionless,trend_pullback_10_g150,2023,250,0.0381998431909,-0.0102260917431
frictionless,trend_pullback_10_g150,2024,252,0.107758389458,0.0530687736117
frictionless,trend_pullback_3_g100,2008,128,0.00357414425524,-0.00208654893093
frictionless,trend_pullback_3_g100,2009,252,0.0768077039395,0.0722942805514
frictionless,trend_pullback_3_g100,2010,252,-0.0254211943666,-0.0237058170638
frictionless,trend_pullback_3_g100,2011,252,0.0223888827086,0.0232134668475
frictionless,trend_pullback_3_g100,2012,250,0.0273020538598,0.0283031994167
frictionless,trend_pullback_3_g100,2013,252,0.0313405478683,0.0323227324858
frictionless,trend_pullback_3_g100,2014,252,0.0270633157036,0.0279128613824
frictionless,trend_pullback_3_g100,2015,252,0.000363146901063,0.00221112397922
frictionless,trend_pullback_3_g100,2016,252,0.0166533390135,0.0158752338822
frictionless,trend_pullback_3_g100,2017,251,0.0636937026909,0.0553005607945
frictionless,trend_pullback_3_g100,2018,251,-0.0464342797793,-0.0628194110411
frictionless,trend_pullback_3_g100,2019,252,0.0128647476959,-0.00667124718186
frictionless,trend_pullback_3_g100,2020,253,0.00315726775838,0.000499587517594
frictionless,trend_pullback_3_g100,2021,252,0.0830264046002,0.0818114469144
frictionless,trend_pullback_3_g100,2022,251,0.00246823932256,-0.011482031505
frictionless,trend_pullback_3_g100,2023,250,0.0359780358369,-0.0125587976911
frictionless,trend_pullback_3_g100,2024,252,0.0753591656904,0.0226956683924
frictionless,trend_pullback_3_g150,2008,128,0.0030291124914,-0.0031356111265
frictionless,trend_pullback_3_g150,2009,252,0.0980627252038,0.0923421202689
frictionless,trend_pullback_3_g150,2010,252,-0.041640832344,-0.0388449280486
frictionless,trend_pullback_3_g150,2011,252,0.0310739215302,0.0324407888962
frictionless,trend_pullback_3_g150,2012,250,0.0356241786002,0.0371733766406
frictionless,trend_pullback_3_g150,2013,252,0.0466585302946,0.0477850277651
frictionless,trend_pullback_3_g150,2014,252,0.0405259541789,0.0416211606869
frictionless,trend_pullback_3_g150,2015,252,0.00081753587834,0.00333840088265
frictionless,trend_pullback_3_g150,2016,252,0.0216100892431,0.0211991914996
frictionless,trend_pullback_3_g150,2017,251,0.0931738621846,0.0829994946715
frictionless,trend_pullback_3_g150,2018,251,-0.0878521611392,-0.105420474331
frictionless,trend_pullback_3_g150,2019,252,0.00933104387553,-0.00936253735825
frictionless,trend_pullback_3_g150,2020,253,-0.00701253084039,-0.00822790514189
frictionless,trend_pullback_3_g150,2021,252,0.111657007652,0.109030231083
frictionless,trend_pullback_3_g150,2022,251,-0.00333950728132,-0.0172566531565
frictionless,trend_pullback_3_g150,2023,250,0.0272120473108,-0.0205540945389
frictionless,trend_pullback_3_g150,2024,252,0.0823103124031,0.0299174127917
frictionless,trend_pullback_5_g100,2008,128,0.00389080823408,-0.00146316244825
frictionless,trend_pullback_5_g100,2009,252,0.038658577822,0.036137815203
frictionless,trend_pullback_5_g100,2010,252,-0.0239567895876,-0.0222207728579
frictionless,trend_pullback_5_g100,2011,252,0.0242854439619,0.0252214371984
frictionless,trend_pullback_5_g100,2012,250,0.0390387765024,0.0396394295063
frictionless,trend_pullback_5_g100,2013,252,0.057724461705,0.0574511906944
frictionless,trend_pullback_5_g100,2014,252,0.0178786933622,0.0188942727853
frictionless,trend_pullback_5_g100,2015,252,0.0185905925759,0.0200985373559
frictionless,trend_pullback_5_g100,2016,252,0.0268872764753,0.0257257431682
frictionless,trend_pullback_5_g100,2017,251,0.0557230634339,0.0476779785487
frictionless,trend_pullback_5_g100,2018,251,0.00444750688189,-0.0103413447365
frictionless,trend_pullback_5_g100,2019,252,0.0191923570226,-0.000570955688606
frictionless,trend_pullback_5_g100,2020,253,0.0266761874224,0.0237460335484
frictionless,trend_pullback_5_g100,2021,252,0.0827899639216,0.0814924979499
frictionless,trend_pullback_5_g100,2022,251,0.00672729847448,-0.00720964287551
frictionless,trend_pullback_5_g100,2023,250,0.0484699415681,-0.000616676297851
frictionless,trend_pullback_5_g100,2024,252,0.118511062493,0.062138493052
frictionless,trend_pullback_5_g150,2008,128,0.00350886736421,-0.00219015708446
frictionless,trend_pullback_5_g150,2009,252,0.0544611763367,0.0519621937637
frictionless,trend_pullback_5_g150,2010,252,-0.0332173884764,-0.0299538712408
frictionless,trend_pullback_5_g150,2011,252,0.0328274016899,0.0344355663717
frictionless,trend_pullback_5_g150,2012,250,0.0549250913122,0.0556276233831
frictionless,trend_pullback_5_g150,2013,252,0.0874064870427,0.0856918602704
frictionless,trend_pullback_5_g150,2014,252,0.0268898508792,0.0283501927403
frictionless,trend_pullback_5_g150,2015,252,0.0284036641132,0.0301427890753
frictionless,trend_pullback_5_g150,2016,252,0.039109328768,0.0379031412638
frictionless,trend_pullback_5_g150,2017,251,0.080921311947,0.0715237486374
frictionless,trend_pullback_5_g150,2018,251,-0.0105076951978,-0.0234634390135
frictionless,trend_pullback_5_g150,2019,252,0.0184059668354,-0.000678333109353
frictionless,trend_pullback_5_g150,2020,253,0.0246206519624,0.0232813773921
frictionless,trend_pullback_5_g150,2021,252,0.118775328565,0.115296205253
frictionless,trend_pullback_5_g150,2022,251,0.00300514722657,-0.0108500579231
frictionless,trend_pullback_5_g150,2023,250,0.0477113005544,-0.000940405412944
frictionless,trend_pullback_5_g150,2024,252,0.14032143303,0.0822827453806
