scenario,policy,excluded_year,observations,annualized_geometric_return,excess_sharpe,status
base,bil_buy_hold,2008,4026,0.0100236915919,-0.250186219771,DESCRIPTIVE_YEAR_DELETION_NOT_A_TRADING_PATH
base,bil_buy_hold,2009,3902,0.0104372510453,-0.359440697124,DESCRIPTIVE_YEAR_DELETION_NOT_A_TRADING_PATH
base,bil_buy_hold,2010,3902,0.0106422519114,-0.359440697124,DESCRIPTIVE_YEAR_DELETION_NOT_A_TRADING_PATH
base,bil_buy_hold,2011,3902,0.0106394069271,-0.359440697124,DESCRIPTIVE_YEAR_DELETION_NOT_A_TRADING_PATH
base,bil_buy_hold,2012,3904,0.0106367606259,-0.359348591869,DESCRIPTIVE_YEAR_DELETION_NOT_A_TRADING_PATH
base,bil_buy_hold,2013,3902,0.0106708385422,-0.359440697125,DESCRIPTIVE_YEAR_DELETION_NOT_A_TRADING_PATH
base,bil_buy_hold,2014,3902,0.0106565581037,-0.359440697126,DESCRIPTIVE_YEAR_DELETION_NOT_A_TRADING_PATH
base,bil_buy_hold,2015,3902,0.0106994516702,-0.359440697123,DESCRIPTIVE_YEAR_DELETION_NOT_A_TRADING_PATH
base,bil_buy_hold,2016,3902,0.0105423852877,-0.359440697123,DESCRIPTIVE_YEAR_DELETION_NOT_A_TRADING_PATH
base,bil_buy_hold,2017,3903,0.0101630462601,-0.359394635646,DESCRIPTIVE_YEAR_DELETION_NOT_A_TRADING_PATH
base,bil_buy_hold,2018,3903,0.00948777380286,-0.359394635646,DESCRIPTIVE_YEAR_DELETION_NOT_A_TRADING_PATH
base,bil_buy_hold,2019,3902,0.00930171688507,-0.359440697124,DESCRIPTIVE_YEAR_DELETION_NOT_A_TRADING_PATH
base,bil_buy_hold,2020,3901,0.0103568506657,-0.359486776317,DESCRIPTIVE_YEAR_DELETION_NOT_A_TRADING_PATH
base,bil_buy_hold,2021,3902,0.0106780232005,-0.359440697124,DESCRIPTIVE_YEAR_DELETION_NOT_A_TRADING_PATH
base,bil_buy_hold,2022,3903,0.00970133399579,-0.359394635646,DESCRIPTIVE_YEAR_DELETION_NOT_A_TRADING_PATH
base,bil_buy_hold,2023,3904,0.00746470793999,-0.359348591871,DESCRIPTIVE_YEAR_DELETION_NOT_A_TRADING_PATH
base,bil_buy_hold,2024,3902,0.00734028641263,-0.254130410437,DESCRIPTIVE_YEAR_DELETION_NOT_A_TRADING_PATH
base,dual_momentum_126_g100,2008,4026,0.0603377580868,0.431894946093,DESCRIPTIVE_YEAR_DELETION_NOT_A_TRADING_PATH
base,dual_momentum_126_g100,2009,3902,0.0563638397271,0.398934552914,DESCRIPTIVE_YEAR_DELETION_NOT_A_TRADING_PATH
base,dual_momentum_126_g100,2010,3902,0.0590640614088,0.420231157212,DESCRIPTIVE_YEAR_DELETION_NOT_A_TRADING_PATH
base,dual_momentum_126_g100,2011,3902,0.0540358545465,0.381939413116,DESCRIPTIVE_YEAR_DELETION_NOT_A_TRADING_PATH
base,dual_momentum_126_g100,2012,3904,0.0594441227188,0.415062441036,DESCRIPTIVE_YEAR_DELETION_NOT_A_TRADING_PATH
base,dual_momentum_126_g100,2013,3902,0.0480564911095,0.336829138528,DESCRIPTIVE_YEAR_DELETION_NOT_A_TRADING_PATH
base,dual_momentum_126_g100,2014,3902,0.0556844354693,0.388244757664,DESCRIPTIVE_YEAR_DELETION_NOT_A_TRADING_PATH
base,dual_momentum_126_g100,2015,3902,0.0672300766031,0.47172962662,DESCRIPTIVE_YEAR_DELETION_NOT_A_TRADING_PATH
base,dual_momentum_126_g100,2016,3902,0.0555949805362,0.389901870195,DESCRIPTIVE_YEAR_DELETION_NOT_A_TRADING_PATH
base,dual_momentum_126_g100,2017,3903,0.0494159654179,0.347319235737,DESCRIPTIVE_YEAR_DELETION_NOT_A_TRADING_PATH
base,dual_momentum_126_g100,2018,3903,0.0608888883735,0.438851597639,DESCRIPTIVE_YEAR_DELETION_NOT_A_TRADING_PATH
base,dual_momentum_126_g100,2019,3902,0.0615828067788,0.438426252596,DESCRIPTIVE_YEAR_DELETION_NOT_A_TRADING_PATH
base,dual_momentum_126_g100,2020,3901,0.0585599641045,0.439236706092,DESCRIPTIVE_YEAR_DELETION_NOT_A_TRADING_PATH
base,dual_momentum_126_g100,2021,3902,0.0504819865265,0.356523567085,DESCRIPTIVE_YEAR_DELETION_NOT_A_TRADING_PATH
base,dual_momentum_126_g100,2022,3903,0.0687908904508,0.488382023384,DESCRIPTIVE_YEAR_DELETION_NOT_A_TRADING_PATH
base,dual_momentum_126_g100,2023,3904,0.0540072414151,0.400457796957,DESCRIPTIVE_YEAR_DELETION_NOT_A_TRADING_PATH
base,dual_momentum_126_g100,2024,3902,0.0526310047214,0.394147153424,DESCRIPTIVE_YEAR_DELETION_NOT_A_TRADING_PATH
base,dual_momentum_126_g150,2008,4026,0.068286963294,0.422445328325,DESCRIPTIVE_YEAR_DELETION_NOT_A_TRADING_PATH
base,dual_momentum_126_g150,2009,3902,0.0671547427673,0.410515203354,DESCRIPTIVE_YEAR_DELETION_NOT_A_TRADING_PATH
base,dual_momentum_126_g150,2010,3902,0.0683691185795,0.418451354738,DESCRIPTIVE_YEAR_DELETION_NOT_A_TRADING_PATH
base,dual_momentum_126_g150,2011,3902,0.0603407187126,0.373127647531,DESCRIPTIVE_YEAR_DELETION_NOT_A_TRADING_PATH
base,dual_momentum_126_g150,2012,3904,0.0689319336582,0.418327006426,DESCRIPTIVE_YEAR_DELETION_NOT_A_TRADING_PATH
base,dual_momentum_126_g150,2013,3902,0.0542955262594,0.337426950252,DESCRIPTIVE_YEAR_DELETION_NOT_A_TRADING_PATH
base,dual_momentum_126_g150,2014,3902,0.0623074826226,0.380743800294,DESCRIPTIVE_YEAR_DELETION_NOT_A_TRADING_PATH
base,dual_momentum_126_g150,2015,3902,0.0782033945229,0.472583213045,DESCRIPTIVE_YEAR_DELETION_NOT_A_TRADING_PATH
base,dual_momentum_126_g150,2016,3902,0.0628619408943,0.386059598202,DESCRIPTIVE_YEAR_DELETION_NOT_A_TRADING_PATH
base,dual_momentum_126_g150,2017,3903,0.053835268756,0.335861644515,DESCRIPTIVE_YEAR_DELETION_NOT_A_TRADING_PATH
base,dual_momentum_126_g150,2018,3903,0.0733731912036,0.457154343814,DESCRIPTIVE_YEAR_DELETION_NOT_A_TRADING_PATH
base,dual_momentum_126_g150,2019,3902,0.0725731590733,0.446358379854,DESCRIPTIVE_YEAR_DELETION_NOT_A_TRADING_PATH
base,dual_momentum_126_g150,2020,3901,0.0661551976323,0.420211521839,DESCRIPTIVE_YEAR_DELETION_NOT_A_TRADING_PATH
base,dual_momentum_126_g150,2021,3902,0.0599717032391,0.37107609968,DESCRIPTIVE_YEAR_DELETION_NOT_A_TRADING_PATH
base,dual_momentum_126_g150,2022,3903,0.0792919013721,0.482541836803,DESCRIPTIVE_YEAR_DELETION_NOT_A_TRADING_PATH
base,dual_momentum_126_g150,2023,3904,0.0619194003234,0.39802890412,DESCRIPTIVE_YEAR_DELETION_NOT_A_TRADING_PATH
base,dual_momentum_126_g150,2024,3902,0.0619266112185,0.401448538112,DESCRIPTIVE_YEAR_DELETION_NOT_A_TRADING_PATH
base,dual_momentum_252_g100,2008,4026,0.0616885327956,0.460196254583,DESCRIPTIVE_YEAR_DELETION_NOT_A_TRADING_PATH
base,dual_momentum_252_g100,2009,3902,0.0531960003864,0.389325051005,DESCRIPTIVE_YEAR_DELETION_NOT_A_TRADING_PATH
base,dual_momentum_252_g100,2010,3902,0.0502734182062,0.374317422861,DESCRIPTIVE_YEAR_DELETION_NOT_A_TRADING_PATH
base,dual_momentum_252_g100,2011,3902,0.065804761364,0.488568971383,DESCRIPTIVE_YEAR_DELETION_NOT_A_TRADING_PATH
base,dual_momentum_252_g100,2012,3904,0.0576940351231,0.418436119876,DESCRIPTIVE_YEAR_DELETION_NOT_A_TRADING_PATH
base,dual_momentum_252_g100,2013,3902,0.0450655488655,0.327577390145,DESCRIPTIVE_YEAR_DELETION_NOT_A_TRADING_PATH
base,dual_momentum_252_g100,2014,3902,0.0534071714421,0.389343570058,DESCRIPTIVE_YEAR_DELETION_NOT_A_TRADING_PATH
base,dual_momentum_252_g100,2015,3902,0.0607200106915,0.446319396588,DESCRIPTIVE_YEAR_DELETION_NOT_A_TRADING_PATH
base,dual_momentum_252_g100,2016,3902,0.0672109044356,0.489484496825,DESCRIPTIVE_YEAR_DELETION_NOT_A_TRADING_PATH
base,dual_momentum_252_g100,2017,3903,0.0464127962283,0.339130688842,DESCRIPTIVE_YEAR_DELETION_NOT_A_TRADING_PATH
base,dual_momentum_252_g100,2018,3903,0.0687408779104,0.523750255115,DESCRIPTIVE_YEAR_DELETION_NOT_A_TRADING_PATH
base,dual_momentum_252_g100,2019,3902,0.056533621561,0.420461978699,DESCRIPTIVE_YEAR_DELETION_NOT_A_TRADING_PATH
base,dual_momentum_252_g100,2020,3901,0.0506736393175,0.377186161431,DESCRIPTIVE_YEAR_DELETION_NOT_A_TRADING_PATH
base,dual_momentum_252_g100,2021,3902,0.0516886862029,0.381495355859,DESCRIPTIVE_YEAR_DELETION_NOT_A_TRADING_PATH
base,dual_momentum_252_g100,2022,3903,0.0641129419352,0.478156222955,DESCRIPTIVE_YEAR_DELETION_NOT_A_TRADING_PATH
base,dual_momentum_252_g100,2023,3904,0.0574638422265,0.442756207516,DESCRIPTIVE_YEAR_DELETION_NOT_A_TRADING_PATH
base,dual_momentum_252_g100,2024,3902,0.0474992367685,0.373329801383,DESCRIPTIVE_YEAR_DELETION_NOT_A_TRADING_PATH
base,dual_momentum_252_g150,2008,4026,0.0736064008443,0.462775546421,DESCRIPTIVE_YEAR_DELETION_NOT_A_TRADING_PATH
base,dual_momentum_252_g150,2009,3902,0.0669815515212,0.418242858012,DESCRIPTIVE_YEAR_DELETION_NOT_A_TRADING_PATH
base,dual_momentum_252_g150,2010,3902,0.0639346458756,0.402982324482,DESCRIPTIVE_YEAR_DELETION_NOT_A_TRADING_PATH
base,dual_momentum_252_g150,2011,3902,0.0796823430263,0.494529018811,DESCRIPTIVE_YEAR_DELETION_NOT_A_TRADING_PATH
base,dual_momentum_252_g150,2012,3904,0.0715150504402,0.441800652381,DESCRIPTIVE_YEAR_DELETION_NOT_A_TRADING_PATH
base,dual_momentum_252_g150,2013,3902,0.0550296525215,0.348367278945,DESCRIPTIVE_YEAR_DELETION_NOT_A_TRADING_PATH
base,dual_momentum_252_g150,2014,3902,0.0658948589965,0.411295853454,DESCRIPTIVE_YEAR_DELETION_NOT_A_TRADING_PATH
base,dual_momentum_252_g150,2015,3902,0.0743056357301,0.463248865587,DESCRIPTIVE_YEAR_DELETION_NOT_A_TRADING_PATH
base,dual_momentum_252_g150,2016,3902,0.0855920484735,0.524088530091,DESCRIPTIVE_YEAR_DELETION_NOT_A_TRADING_PATH
base,dual_momentum_252_g150,2017,3903,0.0548386961301,0.34886326679,DESCRIPTIVE_YEAR_DELETION_NOT_A_TRADING_PATH
base,dual_momentum_252_g150,2018,3903,0.0857559756831,0.544886965876,DESCRIPTIVE_YEAR_DELETION_NOT_A_TRADING_PATH
base,dual_momentum_252_g150,2019,3902,0.0703544143596,0.443634080503,DESCRIPTIVE_YEAR_DELETION_NOT_A_TRADING_PATH
base,dual_momentum_252_g150,2020,3901,0.0622266837271,0.398467101543,DESCRIPTIVE_YEAR_DELETION_NOT_A_TRADING_PATH
base,dual_momentum_252_g150,2021,3902,0.0660416365843,0.414289962441,DESCRIPTIVE_YEAR_DELETION_NOT_A_TRADING_PATH
base,dual_momentum_252_g150,2022,3903,0.0802572244268,0.500226889355,DESCRIPTIVE_YEAR_DELETION_NOT_A_TRADING_PATH
base,dual_momentum_252_g150,2023,3904,0.0718868717771,0.464623704453,DESCRIPTIVE_YEAR_DELETION_NOT_A_TRADING_PATH
base,dual_momentum_252_g150,2024,3902,0.0595025825114,0.396052217764,DESCRIPTIVE_YEAR_DELETION_NOT_A_TRADING_PATH
base,dual_momentum_63_g100,2008,4026,0.0708704338145,0.537355244877,DESCRIPTIVE_YEAR_DELETION_NOT_A_TRADING_PATH
base,dual_momentum_63_g100,2009,3902,0.0619986543396,0.468825982837,DESCRIPTIVE_YEAR_DELETION_NOT_A_TRADING_PATH
base,dual_momentum_63_g100,2010,3902,0.0602845403875,0.459529484859,DESCRIPTIVE_YEAR_DELETION_NOT_A_TRADING_PATH
base,dual_momentum_63_g100,2011,3902,0.0592682267839,0.446112917288,DESCRIPTIVE_YEAR_DELETION_NOT_A_TRADING_PATH
base,dual_momentum_63_g100,2012,3904,0.0745000673147,0.557171303928,DESCRIPTIVE_YEAR_DELETION_NOT_A_TRADING_PATH
base,dual_momentum_63_g100,2013,3902,0.0624933776958,0.467069232888,DESCRIPTIVE_YEAR_DELETION_NOT_A_TRADING_PATH
base,dual_momentum_63_g100,2014,3902,0.0662939569412,0.491457149745,DESCRIPTIVE_YEAR_DELETION_NOT_A_TRADING_PATH
base,dual_momentum_63_g100,2015,3902,0.0786828132733,0.588656509303,DESCRIPTIVE_YEAR_DELETION_NOT_A_TRADING_PATH
base,dual_momentum_63_g100,2016,3902,0.0759795418665,0.572670203275,DESCRIPTIVE_YEAR_DELETION_NOT_A_TRADING_PATH
base,dual_momentum_63_g100,2017,3903,0.0600285213683,0.447757349119,DESCRIPTIVE_YEAR_DELETION_NOT_A_TRADING_PATH
base,dual_momentum_63_g100,2018,3903,0.0748580047437,0.575440257146,DESCRIPTIVE_YEAR_DELETION_NOT_A_TRADING_PATH
base,dual_momentum_63_g100,2019,3902,0.070029189495,0.532560049846,DESCRIPTIVE_YEAR_DELETION_NOT_A_TRADING_PATH
base,dual_momentum_63_g100,2020,3901,0.0590783205822,0.453213254626,DESCRIPTIVE_YEAR_DELETION_NOT_A_TRADING_PATH
base,dual_momentum_63_g100,2021,3902,0.0629784922254,0.474489450114,DESCRIPTIVE_YEAR_DELETION_NOT_A_TRADING_PATH
base,dual_momentum_63_g100,2022,3903,0.0790141171886,0.60106622393,DESCRIPTIVE_YEAR_DELETION_NOT_A_TRADING_PATH
base,dual_momentum_63_g100,2023,3904,0.0618786272489,0.486456518043,DESCRIPTIVE_YEAR_DELETION_NOT_A_TRADING_PATH
base,dual_momentum_63_g100,2024,3902,0.0715467297292,0.567184218397,DESCRIPTIVE_YEAR_DELETION_NOT_A_TRADING_PATH
base,dual_momentum_63_g150,2008,4026,0.0764725999073,0.484194853154,DESCRIPTIVE_YEAR_DELETION_NOT_A_TRADING_PATH
base,dual_momentum_63_g150,2009,3902,0.0690505368528,0.435633828287,DESCRIPTIVE_YEAR_DELETION_NOT_A_TRADING_PATH
base,dual_momentum_63_g150,2010,3902,0.0648496205607,0.412969495199,DESCRIPTIVE_YEAR_DELETION_NOT_A_TRADING_PATH
base,dual_momentum_63_g150,2011,3902,0.0619458170868,0.395697362873,DESCRIPTIVE_YEAR_DELETION_NOT_A_TRADING_PATH
base,dual_momentum_63_g150,2012,3904,0.083995779448,0.521349377393,DESCRIPTIVE_YEAR_DELETION_NOT_A_TRADING_PATH
base,dual_momentum_63_g150,2013,3902,0.0668072221698,0.422221560482,DESCRIPTIVE_YEAR_DELETION_NOT_A_TRADING_PATH
base,dual_momentum_63_g150,2014,3902,0.0705692817778,0.441268841696,DESCRIPTIVE_YEAR_DELETION_NOT_A_TRADING_PATH
base,dual_momentum_63_g150,2015,3902,0.0876684262525,0.544179635099,DESCRIPTIVE_YEAR_DELETION_NOT_A_TRADING_PATH
base,dual_momentum_63_g150,2016,3902,0.0832434183094,0.519723020934,DESCRIPTIVE_YEAR_DELETION_NOT_A_TRADING_PATH
base,dual_momentum_63_g150,2017,3903,0.0615061240848,0.390892742613,DESCRIPTIVE_YEAR_DELETION_NOT_A_TRADING_PATH
base,dual_momentum_63_g150,2018,3903,0.0835725593151,0.535542937238,DESCRIPTIVE_YEAR_DELETION_NOT_A_TRADING_PATH
base,dual_momentum_63_g150,2019,3902,0.0770506544511,0.489698497909,DESCRIPTIVE_YEAR_DELETION_NOT_A_TRADING_PATH
base,dual_momentum_63_g150,2020,3901,0.066147289173,0.428193900594,DESCRIPTIVE_YEAR_DELETION_NOT_A_TRADING_PATH
base,dual_momentum_63_g150,2021,3902,0.0689870495869,0.436540858125,DESCRIPTIVE_YEAR_DELETION_NOT_A_TRADING_PATH
base,dual_momentum_63_g150,2022,3903,0.0862029308134,0.542972418151,DESCRIPTIVE_YEAR_DELETION_NOT_A_TRADING_PATH
base,dual_momentum_63_g150,2023,3904,0.0681267928436,0.447450128252,DESCRIPTIVE_YEAR_DELETION_NOT_A_TRADING_PATH
base,dual_momentum_63_g150,2024,3902,0.079529288018,0.521237716488,DESCRIPTIVE_YEAR_DELETION_NOT_A_TRADING_PATH
base,fixed_blend_g100,2008,4026,0.0179432043379,0.177420620476,DESCRIPTIVE_YEAR_DELETION_NOT_A_TRADING_PATH
base,fixed_blend_g100,2009,3902,0.0122986658431,0.0598828458027,DESCRIPTIVE_YEAR_DELETION_NOT_A_TRADING_PATH
base,fixed_blend_g100,2010,3902,0.0150268913984,0.108797325899,DESCRIPTIVE_YEAR_DELETION_NOT_A_TRADING_PATH
base,fixed_blend_g100,2011,3902,0.0141931754884,0.0921725644559,DESCRIPTIVE_YEAR_DELETION_NOT_A_TRADING_PATH
base,fixed_blend_g100,2012,3904,0.0152442992665,0.111496034377,DESCRIPTIVE_YEAR_DELETION_NOT_A_TRADING_PATH
base,fixed_blend_g100,2013,3902,0.0105774722656,0.0226833517113,DESCRIPTIVE_YEAR_DELETION_NOT_A_TRADING_PATH
base,fixed_blend_g100,2014,3902,0.0140315934672,0.0883633495117,DESCRIPTIVE_YEAR_DELETION_NOT_A_TRADING_PATH
base,fixed_blend_g100,2015,3902,0.0174971767246,0.152953158393,DESCRIPTIVE_YEAR_DELETION_NOT_A_TRADING_PATH
base,fixed_blend_g100,2016,3902,0.0135482316273,0.0812395825663,DESCRIPTIVE_YEAR_DELETION_NOT_A_TRADING_PATH
base,fixed_blend_g100,2017,3903,0.0115429041852,0.0506371518143,DESCRIPTIVE_YEAR_DELETION_NOT_A_TRADING_PATH
base,fixed_blend_g100,2018,3903,0.0162522604006,0.154347449265,DESCRIPTIVE_YEAR_DELETION_NOT_A_TRADING_PATH
base,fixed_blend_g100,2019,3902,0.0147615136328,0.126969520662,DESCRIPTIVE_YEAR_DELETION_NOT_A_TRADING_PATH
base,fixed_blend_g100,2020,3901,0.0119553104878,0.0549513743717,DESCRIPTIVE_YEAR_DELETION_NOT_A_TRADING_PATH
base,fixed_blend_g100,2021,3902,0.011853758489,0.04662027367,DESCRIPTIVE_YEAR_DELETION_NOT_A_TRADING_PATH
base,fixed_blend_g100,2022,3903,0.0212776279029,0.24260326077,DESCRIPTIVE_YEAR_DELETION_NOT_A_TRADING_PATH
base,fixed_blend_g100,2023,3904,0.0112673458498,0.0966103241091,DESCRIPTIVE_YEAR_DELETION_NOT_A_TRADING_PATH
base,fixed_blend_g100,2024,3902,0.0125519828156,0.124580945169,DESCRIPTIVE_YEAR_DELETION_NOT_A_TRADING_PATH
base,fixed_blend_g150,2008,4026,0.0143750624638,0.0969349428186,DESCRIPTIVE_YEAR_DELETION_NOT_A_TRADING_PATH
base,fixed_blend_g150,2009,3902,0.00890661557657,0.0106890497824,DESCRIPTIVE_YEAR_DELETION_NOT_A_TRADING_PATH
base,fixed_blend_g150,2010,3902,0.0108154468191,0.0351944867584,DESCRIPTIVE_YEAR_DELETION_NOT_A_TRADING_PATH
base,fixed_blend_g150,2011,3902,0.010833776664,0.03558742663,DESCRIPTIVE_YEAR_DELETION_NOT_A_TRADING_PATH
base,fixed_blend_g150,2012,3904,0.0118024138074,0.0498881746073,DESCRIPTIVE_YEAR_DELETION_NOT_A_TRADING_PATH
base,fixed_blend_g150,2013,3902,0.00606518928254,-0.0333830922319,DESCRIPTIVE_YEAR_DELETION_NOT_A_TRADING_PATH
base,fixed_blend_g150,2014,3902,0.00990204530098,0.0219892979927,DESCRIPTIVE_YEAR_DELETION_NOT_A_TRADING_PATH
base,fixed_blend_g150,2015,3902,0.0142783403795,0.0844770737968,DESCRIPTIVE_YEAR_DELETION_NOT_A_TRADING_PATH
base,fixed_blend_g150,2016,3902,0.00936507542765,0.0163354724855,DESCRIPTIVE_YEAR_DELETION_NOT_A_TRADING_PATH
base,fixed_blend_g150,2017,3903,0.00631091124684,-0.0217216777604,DESCRIPTIVE_YEAR_DELETION_NOT_A_TRADING_PATH
base,fixed_blend_g150,2018,3903,0.0138033729495,0.0956354239632,DESCRIPTIVE_YEAR_DELETION_NOT_A_TRADING_PATH
base,fixed_blend_g150,2019,3902,0.0114863000364,0.0645286018402,DESCRIPTIVE_YEAR_DELETION_NOT_A_TRADING_PATH
base,fixed_blend_g150,2020,3901,0.00886181797835,0.0087917542571,DESCRIPTIVE_YEAR_DELETION_NOT_A_TRADING_PATH
base,fixed_blend_g150,2021,3902,0.00858707739133,0.00162782570863,DESCRIPTIVE_YEAR_DELETION_NOT_A_TRADING_PATH
base,fixed_blend_g150,2022,3903,0.0198090854534,0.177852571243,DESCRIPTIVE_YEAR_DELETION_NOT_A_TRADING_PATH
base,fixed_blend_g150,2023,3904,0.00805430455604,0.041556222734,DESCRIPTIVE_YEAR_DELETION_NOT_A_TRADING_PATH
base,fixed_blend_g150,2024,3902,0.00966398370283,0.0670064377616,DESCRIPTIVE_YEAR_DELETION_NOT_A_TRADING_PATH
base,raw_sector_reversal_g100,2008,4026,-0.0457832030102,-0.897067320859,DESCRIPTIVE_YEAR_DELETION_NOT_A_TRADING_PATH
base,raw_sector_reversal_g100,2009,3902,-0.0494144290234,-0.881965297787,DESCRIPTIVE_YEAR_DELETION_NOT_A_TRADING_PATH
base,raw_sector_reversal_g100,2010,3902,-0.0413373199739,-0.73715135688,DESCRIPTIVE_YEAR_DELETION_NOT_A_TRADING_PATH
base,raw_sector_reversal_g100,2011,3902,-0.0466750112747,-0.824086024191,DESCRIPTIVE_YEAR_DELETION_NOT_A_TRADING_PATH
base,raw_sector_reversal_g100,2012,3904,-0.0453802228936,-0.795781218196,DESCRIPTIVE_YEAR_DELETION_NOT_A_TRADING_PATH
base,raw_sector_reversal_g100,2013,3902,-0.045794920816,-0.798770254171,DESCRIPTIVE_YEAR_DELETION_NOT_A_TRADING_PATH
base,raw_sector_reversal_g100,2014,3902,-0.046648122596,-0.813852026831,DESCRIPTIVE_YEAR_DELETION_NOT_A_TRADING_PATH
base,raw_sector_reversal_g100,2015,3902,-0.0438562337048,-0.775378353831,DESCRIPTIVE_YEAR_DELETION_NOT_A_TRADING_PATH
base,raw_sector_reversal_g100,2016,3902,-0.0457972522902,-0.813340575355,DESCRIPTIVE_YEAR_DELETION_NOT_A_TRADING_PATH
base,raw_sector_reversal_g100,2017,3903,-0.0485123358997,-0.835015949069,DESCRIPTIVE_YEAR_DELETION_NOT_A_TRADING_PATH
base,raw_sector_reversal_g100,2018,3903,-0.0458717431958,-0.793640447691,DESCRIPTIVE_YEAR_DELETION_NOT_A_TRADING_PATH
base,raw_sector_reversal_g100,2019,3902,-0.0460236825232,-0.790347471639,DESCRIPTIVE_YEAR_DELETION_NOT_A_TRADING_PATH
base,raw_sector_reversal_g100,2020,3901,-0.0459122365549,-0.845762281833,DESCRIPTIVE_YEAR_DELETION_NOT_A_TRADING_PATH
base,raw_sector_reversal_g100,2021,3902,-0.0424324706626,-0.770255187428,DESCRIPTIVE_YEAR_DELETION_NOT_A_TRADING_PATH
base,raw_sector_reversal_g100,2022,3903,-0.0392423807641,-0.720285335756,DESCRIPTIVE_YEAR_DELETION_NOT_A_TRADING_PATH
base,raw_sector_reversal_g100,2023,3904,-0.0471120454411,-0.789622296996,DESCRIPTIVE_YEAR_DELETION_NOT_A_TRADING_PATH
base,raw_sector_reversal_g100,2024,3902,-0.0441542902566,-0.736546069288,DESCRIPTIVE_YEAR_DELETION_NOT_A_TRADING_PATH
base,raw_sector_reversal_g150,2008,4026,-0.0730951948888,-0.925203954238,DESCRIPTIVE_YEAR_DELETION_NOT_A_TRADING_PATH
base,raw_sector_reversal_g150,2009,3902,-0.0785721537609,-0.936763556512,DESCRIPTIVE_YEAR_DELETION_NOT_A_TRADING_PATH
base,raw_sector_reversal_g150,2010,3902,-0.0665287395008,-0.789603098989,DESCRIPTIVE_YEAR_DELETION_NOT_A_TRADING_PATH
base,raw_sector_reversal_g150,2011,3902,-0.0743151732786,-0.884364075644,DESCRIPTIVE_YEAR_DELETION_NOT_A_TRADING_PATH
base,raw_sector_reversal_g150,2012,3904,-0.0724100602222,-0.852178315189,DESCRIPTIVE_YEAR_DELETION_NOT_A_TRADING_PATH
base,raw_sector_reversal_g150,2013,3902,-0.0730664315387,-0.855139234489,DESCRIPTIVE_YEAR_DELETION_NOT_A_TRADING_PATH
base,raw_sector_reversal_g150,2014,3902,-0.07428670965,-0.871737008521,DESCRIPTIVE_YEAR_DELETION_NOT_A_TRADING_PATH
base,raw_sector_reversal_g150,2015,3902,-0.0702366350075,-0.830792665717,DESCRIPTIVE_YEAR_DELETION_NOT_A_TRADING_PATH
base,raw_sector_reversal_g150,2016,3902,-0.0728985836892,-0.873133626124,DESCRIPTIVE_YEAR_DELETION_NOT_A_TRADING_PATH
base,raw_sector_reversal_g150,2017,3903,-0.0767774735254,-0.894587333276,DESCRIPTIVE_YEAR_DELETION_NOT_A_TRADING_PATH
base,raw_sector_reversal_g150,2018,3903,-0.0725908848971,-0.851272597144,DESCRIPTIVE_YEAR_DELETION_NOT_A_TRADING_PATH
base,raw_sector_reversal_g150,2019,3902,-0.0727518493173,-0.847376621007,DESCRIPTIVE_YEAR_DELETION_NOT_A_TRADING_PATH
base,raw_sector_reversal_g150,2020,3901,-0.0722586493284,-0.894356091867,DESCRIPTIVE_YEAR_DELETION_NOT_A_TRADING_PATH
base,raw_sector_reversal_g150,2021,3902,-0.068443715454,-0.831329528355,DESCRIPTIVE_YEAR_DELETION_NOT_A_TRADING_PATH
base,raw_sector_reversal_g150,2022,3903,-0.0635137865326,-0.778792610282,DESCRIPTIVE_YEAR_DELETION_NOT_A_TRADING_PATH
base,raw_sector_reversal_g150,2023,3904,-0.0734693367656,-0.848242455697,DESCRIPTIVE_YEAR_DELETION_NOT_A_TRADING_PATH
base,raw_sector_reversal_g150,2024,3902,-0.069074745162,-0.789585992338,DESCRIPTIVE_YEAR_DELETION_NOT_A_TRADING_PATH
base,sector_reversal_10_g100,2008,4026,-0.0362065233578,-0.919203184256,DESCRIPTIVE_YEAR_DELETION_NOT_A_TRADING_PATH
base,sector_reversal_10_g100,2009,3902,-0.0348591714302,-0.82608509099,DESCRIPTIVE_YEAR_DELETION_NOT_A_TRADING_PATH
base,sector_reversal_10_g100,2010,3902,-0.0319693600856,-0.750618807174,DESCRIPTIVE_YEAR_DELETION_NOT_A_TRADING_PATH
base,sector_reversal_10_g100,2011,3902,-0.0305760549179,-0.726560766781,DESCRIPTIVE_YEAR_DELETION_NOT_A_TRADING_PATH
base,sector_reversal_10_g100,2012,3904,-0.0310619407292,-0.729920970375,DESCRIPTIVE_YEAR_DELETION_NOT_A_TRADING_PATH
base,sector_reversal_10_g100,2013,3902,-0.0310685909814,-0.732748126906,DESCRIPTIVE_YEAR_DELETION_NOT_A_TRADING_PATH
base,sector_reversal_10_g100,2014,3902,-0.0314887618498,-0.742818336231,DESCRIPTIVE_YEAR_DELETION_NOT_A_TRADING_PATH
base,sector_reversal_10_g100,2015,3902,-0.0304576949032,-0.728119649633,DESCRIPTIVE_YEAR_DELETION_NOT_A_TRADING_PATH
base,sector_reversal_10_g100,2016,3902,-0.0356852744401,-0.827211554504,DESCRIPTIVE_YEAR_DELETION_NOT_A_TRADING_PATH
base,sector_reversal_10_g100,2017,3903,-0.0326141395432,-0.751238589093,DESCRIPTIVE_YEAR_DELETION_NOT_A_TRADING_PATH
base,sector_reversal_10_g100,2018,3903,-0.0370106646279,-0.833514243103,DESCRIPTIVE_YEAR_DELETION_NOT_A_TRADING_PATH
base,sector_reversal_10_g100,2019,3902,-0.0352752942679,-0.789501350844,DESCRIPTIVE_YEAR_DELETION_NOT_A_TRADING_PATH
base,sector_reversal_10_g100,2020,3901,-0.0272871309823,-0.715533140341,DESCRIPTIVE_YEAR_DELETION_NOT_A_TRADING_PATH
base,sector_reversal_10_g100,2021,3902,-0.0271387974669,-0.680395549686,DESCRIPTIVE_YEAR_DELETION_NOT_A_TRADING_PATH
base,sector_reversal_10_g100,2022,3903,-0.0324757629829,-0.772345173848,DESCRIPTIVE_YEAR_DELETION_NOT_A_TRADING_PATH
base,sector_reversal_10_g100,2023,3904,-0.034245576514,-0.745370855854,DESCRIPTIVE_YEAR_DELETION_NOT_A_TRADING_PATH
base,sector_reversal_10_g100,2024,3902,-0.03292030459,-0.712326521081,DESCRIPTIVE_YEAR_DELETION_NOT_A_TRADING_PATH
base,sector_reversal_10_g150,2008,4026,-0.0584785036533,-0.925642855711,DESCRIPTIVE_YEAR_DELETION_NOT_A_TRADING_PATH
base,sector_reversal_10_g150,2009,3902,-0.0583008932312,-0.871328533246,DESCRIPTIVE_YEAR_DELETION_NOT_A_TRADING_PATH
base,sector_reversal_10_g150,2010,3902,-0.0535503548084,-0.788640915328,DESCRIPTIVE_YEAR_DELETION_NOT_A_TRADING_PATH
base,sector_reversal_10_g150,2011,3902,-0.0514856445183,-0.763428787084,DESCRIPTIVE_YEAR_DELETION_NOT_A_TRADING_PATH
base,sector_reversal_10_g150,2012,3904,-0.0522213533056,-0.766483867766,DESCRIPTIVE_YEAR_DELETION_NOT_A_TRADING_PATH
base,sector_reversal_10_g150,2013,3902,-0.0522420676699,-0.76967661991,DESCRIPTIVE_YEAR_DELETION_NOT_A_TRADING_PATH
base,sector_reversal_10_g150,2014,3902,-0.0528335634009,-0.780342245643,DESCRIPTIVE_YEAR_DELETION_NOT_A_TRADING_PATH
base,sector_reversal_10_g150,2015,3902,-0.0513452582211,-0.765496380044,DESCRIPTIVE_YEAR_DELETION_NOT_A_TRADING_PATH
base,sector_reversal_10_g150,2016,3902,-0.0589213686968,-0.869809568231,DESCRIPTIVE_YEAR_DELETION_NOT_A_TRADING_PATH
base,sector_reversal_10_g150,2017,3903,-0.0542649435493,-0.788802775578,DESCRIPTIVE_YEAR_DELETION_NOT_A_TRADING_PATH
base,sector_reversal_10_g150,2018,3903,-0.0603661996709,-0.876408489583,DESCRIPTIVE_YEAR_DELETION_NOT_A_TRADING_PATH
base,sector_reversal_10_g150,2019,3902,-0.057766062019,-0.829507032889,DESCRIPTIVE_YEAR_DELETION_NOT_A_TRADING_PATH
base,sector_reversal_10_g150,2020,3901,-0.0466863658934,-0.753301116609,DESCRIPTIVE_YEAR_DELETION_NOT_A_TRADING_PATH
base,sector_reversal_10_g150,2021,3902,-0.0464003771797,-0.716749031542,DESCRIPTIVE_YEAR_DELETION_NOT_A_TRADING_PATH
base,sector_reversal_10_g150,2022,3903,-0.0537452268832,-0.814077633477,DESCRIPTIVE_YEAR_DELETION_NOT_A_TRADING_PATH
base,sector_reversal_10_g150,2023,3904,-0.0553797281137,-0.784155382892,DESCRIPTIVE_YEAR_DELETION_NOT_A_TRADING_PATH
base,sector_reversal_10_g150,2024,3902,-0.0533780311173,-0.748937353453,DESCRIPTIVE_YEAR_DELETION_NOT_A_TRADING_PATH
base,sector_reversal_3_g100,2008,4026,-0.0438522718268,-1.08433392955,DESCRIPTIVE_YEAR_DELETION_NOT_A_TRADING_PATH
base,sector_reversal_3_g100,2009,3902,-0.0365805417842,-0.851025404315,DESCRIPTIVE_YEAR_DELETION_NOT_A_TRADING_PATH
base,sector_reversal_3_g100,2010,3902,-0.0363004811775,-0.818997960128,DESCRIPTIVE_YEAR_DELETION_NOT_A_TRADING_PATH
base,sector_reversal_3_g100,2011,3902,-0.0351806653542,-0.803823507461,DESCRIPTIVE_YEAR_DELETION_NOT_A_TRADING_PATH
base,sector_reversal_3_g100,2012,3904,-0.0379476890615,-0.849869725144,DESCRIPTIVE_YEAR_DELETION_NOT_A_TRADING_PATH
base,sector_reversal_3_g100,2013,3902,-0.0368866007187,-0.829761330976,DESCRIPTIVE_YEAR_DELETION_NOT_A_TRADING_PATH
base,sector_reversal_3_g100,2014,3902,-0.0365632432149,-0.829302122416,DESCRIPTIVE_YEAR_DELETION_NOT_A_TRADING_PATH
base,sector_reversal_3_g100,2015,3902,-0.0323227025294,-0.75650197537,DESCRIPTIVE_YEAR_DELETION_NOT_A_TRADING_PATH
base,sector_reversal_3_g100,2016,3902,-0.0389928757867,-0.882529575016,DESCRIPTIVE_YEAR_DELETION_NOT_A_TRADING_PATH
base,sector_reversal_3_g100,2017,3903,-0.0352608611481,-0.791766555171,DESCRIPTIVE_YEAR_DELETION_NOT_A_TRADING_PATH
base,sector_reversal_3_g100,2018,3903,-0.0373535392162,-0.826920565835,DESCRIPTIVE_YEAR_DELETION_NOT_A_TRADING_PATH
base,sector_reversal_3_g100,2019,3902,-0.0388078146416,-0.846680369029,DESCRIPTIVE_YEAR_DELETION_NOT_A_TRADING_PATH
base,sector_reversal_3_g100,2020,3901,-0.037953116013,-0.915016224822,DESCRIPTIVE_YEAR_DELETION_NOT_A_TRADING_PATH
base,sector_reversal_3_g100,2021,3902,-0.0339106538829,-0.79835662537,DESCRIPTIVE_YEAR_DELETION_NOT_A_TRADING_PATH
base,sector_reversal_3_g100,2022,3903,-0.033596241388,-0.780713046186,DESCRIPTIVE_YEAR_DELETION_NOT_A_TRADING_PATH
base,sector_reversal_3_g100,2023,3904,-0.0341036959079,-0.737542736812,DESCRIPTIVE_YEAR_DELETION_NOT_A_TRADING_PATH
base,sector_reversal_3_g100,2024,3902,-0.0366418002279,-0.77421705024,DESCRIPTIVE_YEAR_DELETION_NOT_A_TRADING_PATH
base,sector_reversal_3_g150,2008,4026,-0.0700461131139,-1.10889871455,DESCRIPTIVE_YEAR_DELETION_NOT_A_TRADING_PATH
base,sector_reversal_3_g150,2009,3902,-0.0610538147983,-0.897653557918,DESCRIPTIVE_YEAR_DELETION_NOT_A_TRADING_PATH
base,sector_reversal_3_g150,2010,3902,-0.0597390081383,-0.854922267672,DESCRIPTIVE_YEAR_DELETION_NOT_A_TRADING_PATH
base,sector_reversal_3_g150,2011,3902,-0.0580780945497,-0.839496128056,DESCRIPTIVE_YEAR_DELETION_NOT_A_TRADING_PATH
base,sector_reversal_3_g150,2012,3904,-0.0621437501938,-0.887198925156,DESCRIPTIVE_YEAR_DELETION_NOT_A_TRADING_PATH
base,sector_reversal_3_g150,2013,3902,-0.0606136440554,-0.866143140247,DESCRIPTIVE_YEAR_DELETION_NOT_A_TRADING_PATH
base,sector_reversal_3_g150,2014,3902,-0.0601111977493,-0.866058359212,DESCRIPTIVE_YEAR_DELETION_NOT_A_TRADING_PATH
base,sector_reversal_3_g150,2015,3902,-0.0539121252062,-0.790501273071,DESCRIPTIVE_YEAR_DELETION_NOT_A_TRADING_PATH
base,sector_reversal_3_g150,2016,3902,-0.063570920473,-0.922501124905,DESCRIPTIVE_YEAR_DELETION_NOT_A_TRADING_PATH
base,sector_reversal_3_g150,2017,3903,-0.0579850095575,-0.826393691084,DESCRIPTIVE_YEAR_DELETION_NOT_A_TRADING_PATH
base,sector_reversal_3_g150,2018,3903,-0.0607243506566,-0.864020943328,DESCRIPTIVE_YEAR_DELETION_NOT_A_TRADING_PATH
base,sector_reversal_3_g150,2019,3902,-0.0627766750141,-0.884351635136,DESCRIPTIVE_YEAR_DELETION_NOT_A_TRADING_PATH
base,sector_reversal_3_g150,2020,3901,-0.061358758109,-0.936606710079,DESCRIPTIVE_YEAR_DELETION_NOT_A_TRADING_PATH
base,sector_reversal_3_g150,2021,3902,-0.0562013869158,-0.835432696186,DESCRIPTIVE_YEAR_DELETION_NOT_A_TRADING_PATH
base,sector_reversal_3_g150,2022,3903,-0.0552086005303,-0.816914147184,DESCRIPTIVE_YEAR_DELETION_NOT_A_TRADING_PATH
base,sector_reversal_3_g150,2023,3904,-0.0549903695026,-0.771192240109,DESCRIPTIVE_YEAR_DELETION_NOT_A_TRADING_PATH
base,sector_reversal_3_g150,2024,3902,-0.0586645668661,-0.808834935416,DESCRIPTIVE_YEAR_DELETION_NOT_A_TRADING_PATH
base,sector_reversal_5_g100,2008,4026,-0.0479127586537,-1.16065725584,DESCRIPTIVE_YEAR_DELETION_NOT_A_TRADING_PATH
base,sector_reversal_5_g100,2009,3902,-0.0481874509859,-1.07744417717,DESCRIPTIVE_YEAR_DELETION_NOT_A_TRADING_PATH
base,sector_reversal_5_g100,2010,3902,-0.0494114766662,-1.0698367934,DESCRIPTIVE_YEAR_DELETION_NOT_A_TRADING_PATH
base,sector_reversal_5_g100,2011,3902,-0.0486722300228,-1.06040590138,DESCRIPTIVE_YEAR_DELETION_NOT_A_TRADING_PATH
base,sector_reversal_5_g100,2012,3904,-0.0508415051413,-1.09348786104,DESCRIPTIVE_YEAR_DELETION_NOT_A_TRADING_PATH
base,sector_reversal_5_g100,2013,3902,-0.049474566892,-1.07026772904,DESCRIPTIVE_YEAR_DELETION_NOT_A_TRADING_PATH
base,sector_reversal_5_g100,2014,3902,-0.0514117703385,-1.11208963268,DESCRIPTIVE_YEAR_DELETION_NOT_A_TRADING_PATH
base,sector_reversal_5_g100,2015,3902,-0.0489957762577,-1.07163340273,DESCRIPTIVE_YEAR_DELETION_NOT_A_TRADING_PATH
base,sector_reversal_5_g100,2016,3902,-0.0505163204454,-1.11390186884,DESCRIPTIVE_YEAR_DELETION_NOT_A_TRADING_PATH
base,sector_reversal_5_g100,2017,3903,-0.0495086505198,-1.06244024095,DESCRIPTIVE_YEAR_DELETION_NOT_A_TRADING_PATH
base,sector_reversal_5_g100,2018,3903,-0.0522470755284,-1.1143586029,DESCRIPTIVE_YEAR_DELETION_NOT_A_TRADING_PATH
base,sector_reversal_5_g100,2019,3902,-0.0515987397368,-1.09225495606,DESCRIPTIVE_YEAR_DELETION_NOT_A_TRADING_PATH
base,sector_reversal_5_g100,2020,3901,-0.0503716152566,-1.17094978576,DESCRIPTIVE_YEAR_DELETION_NOT_A_TRADING_PATH
base,sector_reversal_5_g100,2021,3902,-0.0449582261946,-1.01514514078,DESCRIPTIVE_YEAR_DELETION_NOT_A_TRADING_PATH
base,sector_reversal_5_g100,2022,3903,-0.0423905818595,-0.95097076507,DESCRIPTIVE_YEAR_DELETION_NOT_A_TRADING_PATH
base,sector_reversal_5_g100,2023,3904,-0.0521974269142,-1.09039511592,DESCRIPTIVE_YEAR_DELETION_NOT_A_TRADING_PATH
base,sector_reversal_5_g100,2024,3902,-0.0495046388196,-1.01983399051,DESCRIPTIVE_YEAR_DELETION_NOT_A_TRADING_PATH
base,sector_reversal_5_g150,2008,4026,-0.0752579403955,-1.16823382664,DESCRIPTIVE_YEAR_DELETION_NOT_A_TRADING_PATH
base,sector_reversal_5_g150,2009,3902,-0.0754986355287,-1.08920862196,DESCRIPTIVE_YEAR_DELETION_NOT_A_TRADING_PATH
base,sector_reversal_5_g150,2010,3902,-0.0757647299778,-1.06849451004,DESCRIPTIVE_YEAR_DELETION_NOT_A_TRADING_PATH
base,sector_reversal_5_g150,2011,3902,-0.0746702414156,-1.05877453421,DESCRIPTIVE_YEAR_DELETION_NOT_A_TRADING_PATH
base,sector_reversal_5_g150,2012,3904,-0.077839800304,-1.09273079576,DESCRIPTIVE_YEAR_DELETION_NOT_A_TRADING_PATH
base,sector_reversal_5_g150,2013,3902,-0.0758656412162,-1.06878517257,DESCRIPTIVE_YEAR_DELETION_NOT_A_TRADING_PATH
base,sector_reversal_5_g150,2014,3902,-0.0786627009864,-1.11229183915,DESCRIPTIVE_YEAR_DELETION_NOT_A_TRADING_PATH
base,sector_reversal_5_g150,2015,3902,-0.0751686210251,-1.07067469302,DESCRIPTIVE_YEAR_DELETION_NOT_A_TRADING_PATH
base,sector_reversal_5_g150,2016,3902,-0.0772302501347,-1.11479262004,DESCRIPTIVE_YEAR_DELETION_NOT_A_TRADING_PATH
base,sector_reversal_5_g150,2017,3903,-0.0756763857786,-1.06060227099,DESCRIPTIVE_YEAR_DELETION_NOT_A_TRADING_PATH
base,sector_reversal_5_g150,2018,3903,-0.0793410402429,-1.11506245042,DESCRIPTIVE_YEAR_DELETION_NOT_A_TRADING_PATH
base,sector_reversal_5_g150,2019,3902,-0.0783250142772,-1.09184568939,DESCRIPTIVE_YEAR_DELETION_NOT_A_TRADING_PATH
base,sector_reversal_5_g150,2020,3901,-0.076522403406,-1.15958079094,DESCRIPTIVE_YEAR_DELETION_NOT_A_TRADING_PATH
base,sector_reversal_5_g150,2021,3902,-0.069205964476,-1.01253633141,DESCRIPTIVE_YEAR_DELETION_NOT_A_TRADING_PATH
base,sector_reversal_5_g150,2022,3903,-0.0649619907464,-0.945506667023,DESCRIPTIVE_YEAR_DELETION_NOT_A_TRADING_PATH
base,sector_reversal_5_g150,2023,3904,-0.0783245470665,-1.09085249237,DESCRIPTIVE_YEAR_DELETION_NOT_A_TRADING_PATH
base,sector_reversal_5_g150,2024,3902,-0.0743431007272,-1.0166280812,DESCRIPTIVE_YEAR_DELETION_NOT_A_TRADING_PATH
base,spy_buy_hold,2008,4026,0.145880567635,0.797680385815,DESCRIPTIVE_YEAR_DELETION_NOT_A_TRADING_PATH
base,spy_buy_hold,2009,3902,0.110081584299,0.578355526454,DESCRIPTIVE_YEAR_DELETION_NOT_A_TRADING_PATH
base,spy_buy_hold,2010,3902,0.116815813532,0.59536992814,DESCRIPTIVE_YEAR_DELETION_NOT_A_TRADING_PATH
base,spy_buy_hold,2011,3902,0.125612023127,0.641584217238,DESCRIPTIVE_YEAR_DELETION_NOT_A_TRADING_PATH
base,spy_buy_hold,2012,3904,0.116169822595,0.587770823987,DESCRIPTIVE_YEAR_DELETION_NOT_A_TRADING_PATH
base,spy_buy_hold,2013,3902,0.106784291359,0.545104266765,DESCRIPTIVE_YEAR_DELETION_NOT_A_TRADING_PATH
base,spy_buy_hold,2014,3902,0.117821458216,0.593744920027,DESCRIPTIVE_YEAR_DELETION_NOT_A_TRADING_PATH
base,spy_buy_hold,2015,3902,0.126085013601,0.633231556941,DESCRIPTIVE_YEAR_DELETION_NOT_A_TRADING_PATH
base,spy_buy_hold,2016,3902,0.118760596035,0.599736879404,DESCRIPTIVE_YEAR_DELETION_NOT_A_TRADING_PATH
base,spy_buy_hold,2017,3903,0.112740400226,0.571634267594,DESCRIPTIVE_YEAR_DELETION_NOT_A_TRADING_PATH
base,spy_buy_hold,2018,3903,0.130350960584,0.659674997716,DESCRIPTIVE_YEAR_DELETION_NOT_A_TRADING_PATH
base,spy_buy_hold,2019,3902,0.107372441483,0.555206031736,DESCRIPTIVE_YEAR_DELETION_NOT_A_TRADING_PATH
base,spy_buy_hold,2020,3901,0.114824050079,0.615086552416,DESCRIPTIVE_YEAR_DELETION_NOT_A_TRADING_PATH
base,spy_buy_hold,2021,3902,0.108746216081,0.55495798233,DESCRIPTIVE_YEAR_DELETION_NOT_A_TRADING_PATH
base,spy_buy_hold,2022,3903,0.141633357509,0.720181381952,DESCRIPTIVE_YEAR_DELETION_NOT_A_TRADING_PATH
base,spy_buy_hold,2023,3904,0.11012205396,0.57676228647,DESCRIPTIVE_YEAR_DELETION_NOT_A_TRADING_PATH
base,spy_buy_hold,2024,3902,0.110486802188,0.578671181479,DESCRIPTIVE_YEAR_DELETION_NOT_A_TRADING_PATH
base,static_macro_g100,2008,4026,0.0701877454719,0.673352978619,DESCRIPTIVE_YEAR_DELETION_NOT_A_TRADING_PATH
base,static_macro_g100,2009,3902,0.0521022351594,0.469229689006,DESCRIPTIVE_YEAR_DELETION_NOT_A_TRADING_PATH
base,static_macro_g100,2010,3902,0.0523769344679,0.464395574689,DESCRIPTIVE_YEAR_DELETION_NOT_A_TRADING_PATH
base,static_macro_g100,2011,3902,0.0589405940992,0.533594814975,DESCRIPTIVE_YEAR_DELETION_NOT_A_TRADING_PATH
base,static_macro_g100,2012,3904,0.0572192998477,0.505482929577,DESCRIPTIVE_YEAR_DELETION_NOT_A_TRADING_PATH
base,static_macro_g100,2013,3902,0.0605240051282,0.538097912935,DESCRIPTIVE_YEAR_DELETION_NOT_A_TRADING_PATH
base,static_macro_g100,2014,3902,0.0598581915851,0.527418106454,DESCRIPTIVE_YEAR_DELETION_NOT_A_TRADING_PATH
base,static_macro_g100,2015,3902,0.0664297458771,0.595380247064,DESCRIPTIVE_YEAR_DELETION_NOT_A_TRADING_PATH
base,static_macro_g100,2016,3902,0.0586094123576,0.519567779553,DESCRIPTIVE_YEAR_DELETION_NOT_A_TRADING_PATH
base,static_macro_g100,2017,3903,0.0542322419802,0.477397887741,DESCRIPTIVE_YEAR_DELETION_NOT_A_TRADING_PATH
base,static_macro_g100,2018,3903,0.0661849197776,0.602280190731,DESCRIPTIVE_YEAR_DELETION_NOT_A_TRADING_PATH
base,static_macro_g100,2019,3902,0.0524704163107,0.470174348734,DESCRIPTIVE_YEAR_DELETION_NOT_A_TRADING_PATH
base,static_macro_g100,2020,3901,0.0594131676981,0.549725678012,DESCRIPTIVE_YEAR_DELETION_NOT_A_TRADING_PATH
base,static_macro_g100,2021,3902,0.0566649964879,0.500429311413,DESCRIPTIVE_YEAR_DELETION_NOT_A_TRADING_PATH
base,static_macro_g100,2022,3903,0.0754860264774,0.719026155254,DESCRIPTIVE_YEAR_DELETION_NOT_A_TRADING_PATH
base,static_macro_g100,2023,3904,0.0555516398654,0.526613669443,DESCRIPTIVE_YEAR_DELETION_NOT_A_TRADING_PATH
base,static_macro_g100,2024,3902,0.0577071748267,0.54672326419,DESCRIPTIVE_YEAR_DELETION_NOT_A_TRADING_PATH
base,static_macro_g150,2008,4026,0.0839790682611,0.61048805196,DESCRIPTIVE_YEAR_DELETION_NOT_A_TRADING_PATH
base,static_macro_g150,2009,3902,0.0583867589392,0.408287258469,DESCRIPTIVE_YEAR_DELETION_NOT_A_TRADING_PATH
base,static_macro_g150,2010,3902,0.0559633473354,0.391721274762,DESCRIPTIVE_YEAR_DELETION_NOT_A_TRADING_PATH
base,static_macro_g150,2011,3902,0.065965271585,0.462686104992,DESCRIPTIVE_YEAR_DELETION_NOT_A_TRADING_PATH
base,static_macro_g150,2012,3904,0.0641339515231,0.443332977871,DESCRIPTIVE_YEAR_DELETION_NOT_A_TRADING_PATH
base,static_macro_g150,2013,3902,0.0678765873414,0.470025781523,DESCRIPTIVE_YEAR_DELETION_NOT_A_TRADING_PATH
base,static_macro_g150,2014,3902,0.0669022495535,0.459579663698,DESCRIPTIVE_YEAR_DELETION_NOT_A_TRADING_PATH
base,static_macro_g150,2015,3902,0.0768269293497,0.531872129926,DESCRIPTIVE_YEAR_DELETION_NOT_A_TRADING_PATH
base,static_macro_g150,2016,3902,0.0650427070888,0.450290027653,DESCRIPTIVE_YEAR_DELETION_NOT_A_TRADING_PATH
base,static_macro_g150,2017,3903,0.0585512207578,0.405278865482,DESCRIPTIVE_YEAR_DELETION_NOT_A_TRADING_PATH
base,static_macro_g150,2018,3903,0.0770034956298,0.539037537209,DESCRIPTIVE_YEAR_DELETION_NOT_A_TRADING_PATH
base,static_macro_g150,2019,3902,0.0564715275935,0.398089318936,DESCRIPTIVE_YEAR_DELETION_NOT_A_TRADING_PATH
base,static_macro_g150,2020,3901,0.0695422803877,0.501747403655,DESCRIPTIVE_YEAR_DELETION_NOT_A_TRADING_PATH
base,static_macro_g150,2021,3902,0.0620643772986,0.429662213581,DESCRIPTIVE_YEAR_DELETION_NOT_A_TRADING_PATH
base,static_macro_g150,2022,3903,0.0888899372894,0.632755664917,DESCRIPTIVE_YEAR_DELETION_NOT_A_TRADING_PATH
base,static_macro_g150,2023,3904,0.0630936634781,0.462407501708,DESCRIPTIVE_YEAR_DELETION_NOT_A_TRADING_PATH
base,static_macro_g150,2024,3902,0.0654020814028,0.478924567297,DESCRIPTIVE_YEAR_DELETION_NOT_A_TRADING_PATH
base,trend_only_g100,2008,4026,0.0600794603063,0.499759213848,DESCRIPTIVE_YEAR_DELETION_NOT_A_TRADING_PATH
base,trend_only_g100,2009,3902,0.0476649017063,0.391747864193,DESCRIPTIVE_YEAR_DELETION_NOT_A_TRADING_PATH
base,trend_only_g100,2010,3902,0.0598860947269,0.5067751395,DESCRIPTIVE_YEAR_DELETION_NOT_A_TRADING_PATH
base,trend_only_g100,2011,3902,0.0642086056979,0.54002627273,DESCRIPTIVE_YEAR_DELETION_NOT_A_TRADING_PATH
base,trend_only_g100,2012,3904,0.0574762266931,0.47764172609,DESCRIPTIVE_YEAR_DELETION_NOT_A_TRADING_PATH
base,trend_only_g100,2013,3902,0.0464204607568,0.378531873192,DESCRIPTIVE_YEAR_DELETION_NOT_A_TRADING_PATH
base,trend_only_g100,2014,3902,0.0582105476218,0.479978211429,DESCRIPTIVE_YEAR_DELETION_NOT_A_TRADING_PATH
base,trend_only_g100,2015,3902,0.0629282433191,0.518450260455,DESCRIPTIVE_YEAR_DELETION_NOT_A_TRADING_PATH
base,trend_only_g100,2016,3902,0.0602611043699,0.500868247215,DESCRIPTIVE_YEAR_DELETION_NOT_A_TRADING_PATH
base,trend_only_g100,2017,3903,0.0438693311694,0.356408234888,DESCRIPTIVE_YEAR_DELETION_NOT_A_TRADING_PATH
base,trend_only_g100,2018,3903,0.0605892132794,0.516074014412,DESCRIPTIVE_YEAR_DELETION_NOT_A_TRADING_PATH
base,trend_only_g100,2019,3902,0.0566827199908,0.478231714741,DESCRIPTIVE_YEAR_DELETION_NOT_A_TRADING_PATH
base,trend_only_g100,2020,3901,0.0518994437856,0.433879215918,DESCRIPTIVE_YEAR_DELETION_NOT_A_TRADING_PATH
base,trend_only_g100,2021,3902,0.0522522383,0.433959311802,DESCRIPTIVE_YEAR_DELETION_NOT_A_TRADING_PATH
base,trend_only_g100,2022,3903,0.0649087800181,0.538642022905,DESCRIPTIVE_YEAR_DELETION_NOT_A_TRADING_PATH
base,trend_only_g100,2023,3904,0.0504930504434,0.443107884105,DESCRIPTIVE_YEAR_DELETION_NOT_A_TRADING_PATH
base,trend_only_g100,2024,3902,0.0506563105354,0.452452155539,DESCRIPTIVE_YEAR_DELETION_NOT_A_TRADING_PATH
base,trend_only_g150,2008,4026,0.061955025496,0.442470104958,DESCRIPTIVE_YEAR_DELETION_NOT_A_TRADING_PATH
base,trend_only_g150,2009,3902,0.0478151062676,0.339547794656,DESCRIPTIVE_YEAR_DELETION_NOT_A_TRADING_PATH
base,trend_only_g150,2010,3902,0.0610717765662,0.438504034669,DESCRIPTIVE_YEAR_DELETION_NOT_A_TRADING_PATH
base,trend_only_g150,2011,3902,0.0653157555677,0.466131378628,DESCRIPTIVE_YEAR_DELETION_NOT_A_TRADING_PATH
base,trend_only_g150,2012,3904,0.0575619003891,0.410861083226,DESCRIPTIVE_YEAR_DELETION_NOT_A_TRADING_PATH
base,trend_only_g150,2013,3902,0.0434111913086,0.309620620168,DESCRIPTIVE_YEAR_DELETION_NOT_A_TRADING_PATH
base,trend_only_g150,2014,3902,0.0582497368398,0.415353746086,DESCRIPTIVE_YEAR_DELETION_NOT_A_TRADING_PATH
base,trend_only_g150,2015,3902,0.0656676312631,0.465620631843,DESCRIPTIVE_YEAR_DELETION_NOT_A_TRADING_PATH
base,trend_only_g150,2016,3902,0.0616112731237,0.439145322046,DESCRIPTIVE_YEAR_DELETION_NOT_A_TRADING_PATH
base,trend_only_g150,2017,3903,0.0375099726122,0.267884266652,DESCRIPTIVE_YEAR_DELETION_NOT_A_TRADING_PATH
base,trend_only_g150,2018,3903,0.0634251179639,0.462604385599,DESCRIPTIVE_YEAR_DELETION_NOT_A_TRADING_PATH
base,trend_only_g150,2019,3902,0.0562345047932,0.409708352311,DESCRIPTIVE_YEAR_DELETION_NOT_A_TRADING_PATH
base,trend_only_g150,2020,3901,0.0549670225528,0.396500671358,DESCRIPTIVE_YEAR_DELETION_NOT_A_TRADING_PATH
base,trend_only_g150,2021,3902,0.0526647016051,0.376857775895,DESCRIPTIVE_YEAR_DELETION_NOT_A_TRADING_PATH
base,trend_only_g150,2022,3903,0.0679158990417,0.482166919644,DESCRIPTIVE_YEAR_DELETION_NOT_A_TRADING_PATH
base,trend_only_g150,2023,3904,0.0492907391804,0.374051184372,DESCRIPTIVE_YEAR_DELETION_NOT_A_TRADING_PATH
base,trend_only_g150,2024,3902,0.0519447699926,0.399239650676,DESCRIPTIVE_YEAR_DELETION_NOT_A_TRADING_PATH
base,trend_pullback_10_g100,2008,4026,0.0164119903212,0.193401757584,DESCRIPTIVE_YEAR_DELETION_NOT_A_TRADING_PATH
base,trend_pullback_10_g100,2009,3902,0.0130527987519,0.0891766169298,DESCRIPTIVE_YEAR_DELETION_NOT_A_TRADING_PATH
base,trend_pullback_10_g100,2010,3902,0.0206115471307,0.310904257799,DESCRIPTIVE_YEAR_DELETION_NOT_A_TRADING_PATH
base,trend_pullback_10_g100,2011,3902,0.0145938212132,0.126363919775,DESCRIPTIVE_YEAR_DELETION_NOT_A_TRADING_PATH
base,trend_pullback_10_g100,2012,3904,0.018049765816,0.221471376139,DESCRIPTIVE_YEAR_DELETION_NOT_A_TRADING_PATH
base,trend_pullback_10_g100,2013,3902,0.0154333610331,0.147043737013,DESCRIPTIVE_YEAR_DELETION_NOT_A_TRADING_PATH
base,trend_pullback_10_g100,2014,3902,0.0164766063656,0.177866764281,DESCRIPTIVE_YEAR_DELETION_NOT_A_TRADING_PATH
base,trend_pullback_10_g100,2015,3902,0.0168580295658,0.185098279796,DESCRIPTIVE_YEAR_DELETION_NOT_A_TRADING_PATH
base,trend_pullback_10_g100,2016,3902,0.0170702999518,0.197112047638,DESCRIPTIVE_YEAR_DELETION_NOT_A_TRADING_PATH
base,trend_pullback_10_g100,2017,3903,0.0145271185644,0.135517938666,DESCRIPTIVE_YEAR_DELETION_NOT_A_TRADING_PATH
base,trend_pullback_10_g100,2018,3903,0.0156740407224,0.201856551016,DESCRIPTIVE_YEAR_DELETION_NOT_A_TRADING_PATH
base,trend_pullback_10_g100,2019,3902,0.0165369464304,0.2165044499,DESCRIPTIVE_YEAR_DELETION_NOT_A_TRADING_PATH
base,trend_pullback_10_g100,2020,3901,0.0187726990281,0.259960544719,DESCRIPTIVE_YEAR_DELETION_NOT_A_TRADING_PATH
base,trend_pullback_10_g100,2021,3902,0.0145956149058,0.126251454188,DESCRIPTIVE_YEAR_DELETION_NOT_A_TRADING_PATH
base,trend_pullback_10_g100,2022,3903,0.0170467494963,0.216625075869,DESCRIPTIVE_YEAR_DELETION_NOT_A_TRADING_PATH
base,trend_pullback_10_g100,2023,3904,0.0151450434402,0.228275375556,DESCRIPTIVE_YEAR_DELETION_NOT_A_TRADING_PATH
base,trend_pullback_10_g100,2024,3902,0.0123115353018,0.157130085604,DESCRIPTIVE_YEAR_DELETION_NOT_A_TRADING_PATH
base,trend_pullback_10_g150,2008,4026,0.017578136947,0.170144440646,DESCRIPTIVE_YEAR_DELETION_NOT_A_TRADING_PATH
base,trend_pullback_10_g150,2009,3902,0.0129156157761,0.0723677483625,DESCRIPTIVE_YEAR_DELETION_NOT_A_TRADING_PATH
base,trend_pullback_10_g150,2010,3902,0.0233280399471,0.284156565514,DESCRIPTIVE_YEAR_DELETION_NOT_A_TRADING_PATH
base,trend_pullback_10_g150,2011,3902,0.0145828891922,0.100864518154,DESCRIPTIVE_YEAR_DELETION_NOT_A_TRADING_PATH
base,trend_pullback_10_g150,2012,3904,0.0196787022963,0.198847085307,DESCRIPTIVE_YEAR_DELETION_NOT_A_TRADING_PATH
base,trend_pullback_10_g150,2013,3902,0.015726315469,0.121280171993,DESCRIPTIVE_YEAR_DELETION_NOT_A_TRADING_PATH
base,trend_pullback_10_g150,2014,3902,0.0173030701171,0.153079229852,DESCRIPTIVE_YEAR_DELETION_NOT_A_TRADING_PATH
base,trend_pullback_10_g150,2015,3902,0.0178524583316,0.161130185566,DESCRIPTIVE_YEAR_DELETION_NOT_A_TRADING_PATH
base,trend_pullback_10_g150,2016,3902,0.018254779705,0.173347596222,DESCRIPTIVE_YEAR_DELETION_NOT_A_TRADING_PATH
base,trend_pullback_10_g150,2017,3903,0.0146170247623,0.109419184383,DESCRIPTIVE_YEAR_DELETION_NOT_A_TRADING_PATH
base,trend_pullback_10_g150,2018,3903,0.017577438164,0.189462644286,DESCRIPTIVE_YEAR_DELETION_NOT_A_TRADING_PATH
base,trend_pullback_10_g150,2019,3902,0.0180769920442,0.193655844874,DESCRIPTIVE_YEAR_DELETION_NOT_A_TRADING_PATH
base,trend_pullback_10_g150,2020,3901,0.021025526109,0.239960687991,DESCRIPTIVE_YEAR_DELETION_NOT_A_TRADING_PATH
base,trend_pullback_10_g150,2021,3902,0.0144938692558,0.0989758922288,DESCRIPTIVE_YEAR_DELETION_NOT_A_TRADING_PATH
base,trend_pullback_10_g150,2022,3903,0.0186341698529,0.194175004494,DESCRIPTIVE_YEAR_DELETION_NOT_A_TRADING_PATH
base,trend_pullback_10_g150,2023,3904,0.0169188919369,0.206241939488,DESCRIPTIVE_YEAR_DELETION_NOT_A_TRADING_PATH
base,trend_pullback_10_g150,2024,3902,0.0130676503538,0.137174341501,DESCRIPTIVE_YEAR_DELETION_NOT_A_TRADING_PATH
base,trend_pullback_3_g100,2008,4026,0.00253122184762,-0.166265802334,DESCRIPTIVE_YEAR_DELETION_NOT_A_TRADING_PATH
base,trend_pullback_3_g100,2009,3902,-0.000868447695615,-0.269319315219,DESCRIPTIVE_YEAR_DELETION_NOT_A_TRADING_PATH
base,trend_pullback_3_g100,2010,3902,0.00583055755601,-0.107919778117,DESCRIPTIVE_YEAR_DELETION_NOT_A_TRADING_PATH
base,trend_pullback_3_g100,2011,3902,0.00276920498329,-0.178849292492,DESCRIPTIVE_YEAR_DELETION_NOT_A_TRADING_PATH
base,trend_pullback_3_g100,2012,3904,0.00254345393699,-0.184637468041,DESCRIPTIVE_YEAR_DELETION_NOT_A_TRADING_PATH
base,trend_pullback_3_g100,2013,3902,0.00257060573001,-0.183652835139,DESCRIPTIVE_YEAR_DELETION_NOT_A_TRADING_PATH
base,trend_pullback_3_g100,2014,3902,0.00275387394961,-0.178421783744,DESCRIPTIVE_YEAR_DELETION_NOT_A_TRADING_PATH
base,trend_pullback_3_g100,2015,3902,0.00396611845132,-0.149147312203,DESCRIPTIVE_YEAR_DELETION_NOT_A_TRADING_PATH
base,trend_pullback_3_g100,2016,3902,0.00294067961685,-0.170151819201,DESCRIPTIVE_YEAR_DELETION_NOT_A_TRADING_PATH
base,trend_pullback_3_g100,2017,3903,0.000572132855771,-0.217159895026,DESCRIPTIVE_YEAR_DELETION_NOT_A_TRADING_PATH
base,trend_pullback_3_g100,2018,3903,0.00712509670879,-0.0463422839679,DESCRIPTIVE_YEAR_DELETION_NOT_A_TRADING_PATH
base,trend_pullback_3_g100,2019,3902,0.00311252821453,-0.136723863396,DESCRIPTIVE_YEAR_DELETION_NOT_A_TRADING_PATH
base,trend_pullback_3_g100,2020,3901,0.00393276326669,-0.147479923202,DESCRIPTIVE_YEAR_DELETION_NOT_A_TRADING_PATH
base,trend_pullback_3_g100,2021,3902,-0.000543826306434,-0.267709572953,DESCRIPTIVE_YEAR_DELETION_NOT_A_TRADING_PATH
base,trend_pullback_3_g100,2022,3903,0.0028093171744,-0.149561527259,DESCRIPTIVE_YEAR_DELETION_NOT_A_TRADING_PATH
base,trend_pullback_3_g100,2023,3904,0.00192317626298,-0.11947972466,DESCRIPTIVE_YEAR_DELETION_NOT_A_TRADING_PATH
base,trend_pullback_3_g100,2024,3902,4.56749091824e-05,-0.164937225077,DESCRIPTIVE_YEAR_DELETION_NOT_A_TRADING_PATH
base,trend_pullback_3_g150,2008,4026,-0.00439550872875,-0.223717268915,DESCRIPTIVE_YEAR_DELETION_NOT_A_TRADING_PATH
base,trend_pullback_3_g150,2009,3902,-0.00902048236882,-0.317982700427,DESCRIPTIVE_YEAR_DELETION_NOT_A_TRADING_PATH
base,trend_pullback_3_g150,2010,3902,0.000204496751856,-0.165485005386,DESCRIPTIVE_YEAR_DELETION_NOT_A_TRADING_PATH
base,trend_pullback_3_g150,2011,3902,-0.00438388854595,-0.238552489885,DESCRIPTIVE_YEAR_DELETION_NOT_A_TRADING_PATH
base,trend_pullback_3_g150,2012,3904,-0.0045344732147,-0.241048843212,DESCRIPTIVE_YEAR_DELETION_NOT_A_TRADING_PATH
base,trend_pullback_3_g150,2013,3902,-0.00471464451518,-0.243932536642,DESCRIPTIVE_YEAR_DELETION_NOT_A_TRADING_PATH
base,trend_pullback_3_g150,2014,3902,-0.00446347893469,-0.238850254636,DESCRIPTIVE_YEAR_DELETION_NOT_A_TRADING_PATH
base,trend_pullback_3_g150,2015,3902,-0.00268313915968,-0.207996772107,DESCRIPTIVE_YEAR_DELETION_NOT_A_TRADING_PATH
base,trend_pullback_3_g150,2016,3902,-0.00404754074076,-0.227716908465,DESCRIPTIVE_YEAR_DELETION_NOT_A_TRADING_PATH
base,trend_pullback_3_g150,2017,3903,-0.00749872826795,-0.278895006966,DESCRIPTIVE_YEAR_DELETION_NOT_A_TRADING_PATH
base,trend_pullback_3_g150,2018,3903,0.00321719286371,-0.0917428391663,DESCRIPTIVE_YEAR_DELETION_NOT_A_TRADING_PATH
base,trend_pullback_3_g150,2019,3902,-0.00332065031825,-0.196199391753,DESCRIPTIVE_YEAR_DELETION_NOT_A_TRADING_PATH
base,trend_pullback_3_g150,2020,3901,-0.0021388439478,-0.200361233719,DESCRIPTIVE_YEAR_DELETION_NOT_A_TRADING_PATH
base,trend_pullback_3_g150,2021,3902,-0.00864909752254,-0.320765551602,DESCRIPTIVE_YEAR_DELETION_NOT_A_TRADING_PATH
base,trend_pullback_3_g150,2022,3903,-0.0039193258992,-0.206672613623,DESCRIPTIVE_YEAR_DELETION_NOT_A_TRADING_PATH
base,trend_pullback_3_g150,2023,3904,-0.00404216587861,-0.174792141343,DESCRIPTIVE_YEAR_DELETION_NOT_A_TRADING_PATH
base,trend_pullback_3_g150,2024,3902,-0.00670208052564,-0.221912393687,DESCRIPTIVE_YEAR_DELETION_NOT_A_TRADING_PATH
base,trend_pullback_5_g100,2008,4026,0.0172252534364,0.199415248748,DESCRIPTIVE_YEAR_DELETION_NOT_A_TRADING_PATH
base,trend_pullback_5_g100,2009,3902,0.0162185127723,0.165740342817,DESCRIPTIVE_YEAR_DELETION_NOT_A_TRADING_PATH
base,trend_pullback_5_g100,2010,3902,0.0205738524643,0.279353030358,DESCRIPTIVE_YEAR_DELETION_NOT_A_TRADING_PATH
base,trend_pullback_5_g100,2011,3902,0.0175182791393,0.193275305984,DESCRIPTIVE_YEAR_DELETION_NOT_A_TRADING_PATH
base,trend_pullback_5_g100,2012,3904,0.0167431586957,0.172295146211,DESCRIPTIVE_YEAR_DELETION_NOT_A_TRADING_PATH
base,trend_pullback_5_g100,2013,3902,0.0158229881697,0.147520278498,DESCRIPTIVE_YEAR_DELETION_NOT_A_TRADING_PATH
base,trend_pullback_5_g100,2014,3902,0.018084149405,0.204949717235,DESCRIPTIVE_YEAR_DELETION_NOT_A_TRADING_PATH
base,trend_pullback_5_g100,2015,3902,0.0178010121526,0.195762283929,DESCRIPTIVE_YEAR_DELETION_NOT_A_TRADING_PATH
base,trend_pullback_5_g100,2016,3902,0.0171549109719,0.183158225055,DESCRIPTIVE_YEAR_DELETION_NOT_A_TRADING_PATH
base,trend_pullback_5_g100,2017,3903,0.0157056838308,0.155821616604,DESCRIPTIVE_YEAR_DELETION_NOT_A_TRADING_PATH
base,trend_pullback_5_g100,2018,3903,0.0187716064085,0.272142929122,DESCRIPTIVE_YEAR_DELETION_NOT_A_TRADING_PATH
base,trend_pullback_5_g100,2019,3902,0.0176744254135,0.229012992215,DESCRIPTIVE_YEAR_DELETION_NOT_A_TRADING_PATH
base,trend_pullback_5_g100,2020,3901,0.0171877793632,0.196484543352,DESCRIPTIVE_YEAR_DELETION_NOT_A_TRADING_PATH
base,trend_pullback_5_g100,2021,3902,0.0142155589296,0.108470990116,DESCRIPTIVE_YEAR_DELETION_NOT_A_TRADING_PATH
base,trend_pullback_5_g100,2022,3903,0.0177003231277,0.216182503023,DESCRIPTIVE_YEAR_DELETION_NOT_A_TRADING_PATH
base,trend_pullback_5_g100,2023,3904,0.0158468940826,0.228122180023,DESCRIPTIVE_YEAR_DELETION_NOT_A_TRADING_PATH
base,trend_pullback_5_g100,2024,3902,0.0122162815764,0.143661185917,DESCRIPTIVE_YEAR_DELETION_NOT_A_TRADING_PATH
base,trend_pullback_5_g150,2008,4026,0.0184728696208,0.175954574547,DESCRIPTIVE_YEAR_DELETION_NOT_A_TRADING_PATH
base,trend_pullback_5_g150,2009,3902,0.0166969008093,0.138377756221,DESCRIPTIVE_YEAR_DELETION_NOT_A_TRADING_PATH
base,trend_pullback_5_g150,2010,3902,0.022856280889,0.252143950196,DESCRIPTIVE_YEAR_DELETION_NOT_A_TRADING_PATH
base,trend_pullback_5_g150,2011,3902,0.0187062096674,0.170844605137,DESCRIPTIVE_YEAR_DELETION_NOT_A_TRADING_PATH
base,trend_pullback_5_g150,2012,3904,0.0175755204766,0.149836841348,DESCRIPTIVE_YEAR_DELETION_NOT_A_TRADING_PATH
base,trend_pullback_5_g150,2013,3902,0.015990378573,0.120779855638,DESCRIPTIVE_YEAR_DELETION_NOT_A_TRADING_PATH
base,trend_pullback_5_g150,2014,3902,0.0193745771378,0.180885676676,DESCRIPTIVE_YEAR_DELETION_NOT_A_TRADING_PATH
base,trend_pullback_5_g150,2015,3902,0.0189280379155,0.1714466775,DESCRIPTIVE_YEAR_DELETION_NOT_A_TRADING_PATH
base,trend_pullback_5_g150,2016,3902,0.0180716581827,0.158865271203,DESCRIPTIVE_YEAR_DELETION_NOT_A_TRADING_PATH
base,trend_pullback_5_g150,2017,3903,0.0160510325685,0.129746452982,DESCRIPTIVE_YEAR_DELETION_NOT_A_TRADING_PATH
base,trend_pullback_5_g150,2018,3903,0.0214597112458,0.252092850652,DESCRIPTIVE_YEAR_DELETION_NOT_A_TRADING_PATH
base,trend_pullback_5_g150,2019,3902,0.0194345956595,0.206068608117,DESCRIPTIVE_YEAR_DELETION_NOT_A_TRADING_PATH
base,trend_pullback_5_g150,2020,3901,0.0188495498834,0.181893291613,DESCRIPTIVE_YEAR_DELETION_NOT_A_TRADING_PATH
base,trend_pullback_5_g150,2021,3902,0.0139787368221,0.0858602137025,DESCRIPTIVE_YEAR_DELETION_NOT_A_TRADING_PATH
base,trend_pullback_5_g150,2022,3903,0.0192793938412,0.193351956798,DESCRIPTIVE_YEAR_DELETION_NOT_A_TRADING_PATH
base,trend_pullback_5_g150,2023,3904,0.0176316385351,0.20568419845,DESCRIPTIVE_YEAR_DELETION_NOT_A_TRADING_PATH
base,trend_pullback_5_g150,2024,3902,0.012851961251,0.126065901346,DESCRIPTIVE_YEAR_DELETION_NOT_A_TRADING_PATH
cost_stress,bil_buy_hold,2008,4026,0.00996040972639,-0.250186219767,DESCRIPTIVE_YEAR_DELETION_NOT_A_TRADING_PATH
cost_stress,bil_buy_hold,2009,3902,0.0103067466787,-0.359440558287,DESCRIPTIVE_YEAR_DELETION_NOT_A_TRADING_PATH
cost_stress,bil_buy_hold,2010,3902,0.0105117210677,-0.359440558287,DESCRIPTIVE_YEAR_DELETION_NOT_A_TRADING_PATH
cost_stress,bil_buy_hold,2011,3902,0.0105088764508,-0.359440558286,DESCRIPTIVE_YEAR_DELETION_NOT_A_TRADING_PATH
cost_stress,bil_buy_hold,2012,3904,0.0105062973571,-0.359348453069,DESCRIPTIVE_YEAR_DELETION_NOT_A_TRADING_PATH
cost_stress,bil_buy_hold,2013,3902,0.0105403040064,-0.359440558288,DESCRIPTIVE_YEAR_DELETION_NOT_A_TRADING_PATH
cost_stress,bil_buy_hold,2014,3902,0.0105260254123,-0.359440558287,DESCRIPTIVE_YEAR_DELETION_NOT_A_TRADING_PATH
cost_stress,bil_buy_hold,2015,3902,0.0105689134387,-0.359440558287,DESCRIPTIVE_YEAR_DELETION_NOT_A_TRADING_PATH
cost_stress,bil_buy_hold,2016,3902,0.0104118673423,-0.359440558287,DESCRIPTIVE_YEAR_DELETION_NOT_A_TRADING_PATH
cost_stress,bil_buy_hold,2017,3903,0.0100326107345,-0.359394496827,DESCRIPTIVE_YEAR_DELETION_NOT_A_TRADING_PATH
cost_stress,bil_buy_hold,2018,3903,0.00935742547064,-0.359394496827,DESCRIPTIVE_YEAR_DELETION_NOT_A_TRADING_PATH
cost_stress,bil_buy_hold,2019,3902,0.00917135917991,-0.359440558287,DESCRIPTIVE_YEAR_DELETION_NOT_A_TRADING_PATH
cost_stress,bil_buy_hold,2020,3901,0.010226323234,-0.359486637462,DESCRIPTIVE_YEAR_DELETION_NOT_A_TRADING_PATH
cost_stress,bil_buy_hold,2021,3902,0.0105474877367,-0.359440558287,DESCRIPTIVE_YEAR_DELETION_NOT_A_TRADING_PATH
cost_stress,bil_buy_hold,2022,3903,0.00957095808799,-0.359394496827,DESCRIPTIVE_YEAR_DELETION_NOT_A_TRADING_PATH
cost_stress,bil_buy_hold,2023,3904,0.00733465415193,-0.35934845307,DESCRIPTIVE_YEAR_DELETION_NOT_A_TRADING_PATH
cost_stress,bil_buy_hold,2024,3902,0.00727529717723,-0.254130410431,DESCRIPTIVE_YEAR_DELETION_NOT_A_TRADING_PATH
cost_stress,dual_momentum_126_g100,2008,4026,0.0517875333642,0.371002714591,DESCRIPTIVE_YEAR_DELETION_NOT_A_TRADING_PATH
cost_stress,dual_momentum_126_g100,2009,3902,0.0475266899208,0.336006735779,DESCRIPTIVE_YEAR_DELETION_NOT_A_TRADING_PATH
cost_stress,dual_momentum_126_g100,2010,3902,0.050658464765,0.359706131541,DESCRIPTIVE_YEAR_DELETION_NOT_A_TRADING_PATH
cost_stress,dual_momentum_126_g100,2011,3902,0.0453146625862,0.319457574127,DESCRIPTIVE_YEAR_DELETION_NOT_A_TRADING_PATH
cost_stress,dual_momentum_126_g100,2012,3904,0.051001533007,0.356029945189,DESCRIPTIVE_YEAR_DELETION_NOT_A_TRADING_PATH
cost_stress,dual_momentum_126_g100,2013,3902,0.0393490977355,0.274742636583,DESCRIPTIVE_YEAR_DELETION_NOT_A_TRADING_PATH
cost_stress,dual_momentum_126_g100,2014,3902,0.047174973256,0.328614216717,DESCRIPTIVE_YEAR_DELETION_NOT_A_TRADING_PATH
cost_stress,dual_momentum_126_g100,2015,3902,0.058424405589,0.409961534264,DESCRIPTIVE_YEAR_DELETION_NOT_A_TRADING_PATH
cost_stress,dual_momentum_126_g100,2016,3902,0.047066853003,0.329816043629,DESCRIPTIVE_YEAR_DELETION_NOT_A_TRADING_PATH
cost_stress,dual_momentum_126_g100,2017,3903,0.0407180400492,0.286215235516,DESCRIPTIVE_YEAR_DELETION_NOT_A_TRADING_PATH
cost_stress,dual_momentum_126_g100,2018,3903,0.0521674404645,0.376833373597,DESCRIPTIVE_YEAR_DELETION_NOT_A_TRADING_PATH
cost_stress,dual_momentum_126_g100,2019,3902,0.0532374450522,0.380381871498,DESCRIPTIVE_YEAR_DELETION_NOT_A_TRADING_PATH
cost_stress,dual_momentum_126_g100,2020,3901,0.049924460408,0.372647870447,DESCRIPTIVE_YEAR_DELETION_NOT_A_TRADING_PATH
cost_stress,dual_momentum_126_g100,2021,3902,0.0417955053593,0.294003232588,DESCRIPTIVE_YEAR_DELETION_NOT_A_TRADING_PATH
cost_stress,dual_momentum_126_g100,2022,3903,0.0599008603158,0.426398232373,DESCRIPTIVE_YEAR_DELETION_NOT_A_TRADING_PATH
cost_stress,dual_momentum_126_g100,2023,3904,0.0453474135533,0.33956164973,DESCRIPTIVE_YEAR_DELETION_NOT_A_TRADING_PATH
cost_stress,dual_momentum_126_g100,2024,3902,0.0440137338319,0.332933464431,DESCRIPTIVE_YEAR_DELETION_NOT_A_TRADING_PATH
cost_stress,dual_momentum_126_g150,2008,4026,0.0524124504239,0.331681241317,DESCRIPTIVE_YEAR_DELETION_NOT_A_TRADING_PATH
cost_stress,dual_momentum_126_g150,2009,3902,0.0506238916625,0.316867020539,DESCRIPTIVE_YEAR_DELETION_NOT_A_TRADING_PATH
cost_stress,dual_momentum_126_g150,2010,3902,0.0525895130609,0.328322086628,DESCRIPTIVE_YEAR_DELETION_NOT_A_TRADING_PATH
cost_stress,dual_momentum_126_g150,2011,3902,0.0442730995283,0.280548611764,DESCRIPTIVE_YEAR_DELETION_NOT_A_TRADING_PATH
cost_stress,dual_momentum_126_g150,2012,3904,0.053512766051,0.331513373261,DESCRIPTIVE_YEAR_DELETION_NOT_A_TRADING_PATH
cost_stress,dual_momentum_126_g150,2013,3902,0.0385004785261,0.246370514204,DESCRIPTIVE_YEAR_DELETION_NOT_A_TRADING_PATH
cost_stress,dual_momentum_126_g150,2014,3902,0.0468774358258,0.293445946792,DESCRIPTIVE_YEAR_DELETION_NOT_A_TRADING_PATH
cost_stress,dual_momentum_126_g150,2015,3902,0.0620476282289,0.381398946668,DESCRIPTIVE_YEAR_DELETION_NOT_A_TRADING_PATH
cost_stress,dual_momentum_126_g150,2016,3902,0.0473462500179,0.297724707528,DESCRIPTIVE_YEAR_DELETION_NOT_A_TRADING_PATH
cost_stress,dual_momentum_126_g150,2017,3903,0.0382994079947,0.247305585203,DESCRIPTIVE_YEAR_DELETION_NOT_A_TRADING_PATH
cost_stress,dual_momentum_126_g150,2018,3903,0.0574318232238,0.36542587518,DESCRIPTIVE_YEAR_DELETION_NOT_A_TRADING_PATH
cost_stress,dual_momentum_126_g150,2019,3902,0.0574255937843,0.361364266444,DESCRIPTIVE_YEAR_DELETION_NOT_A_TRADING_PATH
cost_stress,dual_momentum_126_g150,2020,3901,0.0501510571868,0.323862714031,DESCRIPTIVE_YEAR_DELETION_NOT_A_TRADING_PATH
cost_stress,dual_momentum_126_g150,2021,3902,0.0440355883429,0.279087215672,DESCRIPTIVE_YEAR_DELETION_NOT_A_TRADING_PATH
cost_stress,dual_momentum_126_g150,2022,3903,0.0627049185149,0.389623428616,DESCRIPTIVE_YEAR_DELETION_NOT_A_TRADING_PATH
cost_stress,dual_momentum_126_g150,2023,3904,0.0460393636676,0.307927856698,DESCRIPTIVE_YEAR_DELETION_NOT_A_TRADING_PATH
cost_stress,dual_momentum_126_g150,2024,3902,0.0461937145166,0.311217698481,DESCRIPTIVE_YEAR_DELETION_NOT_A_TRADING_PATH
cost_stress,dual_momentum_252_g100,2008,4026,0.0545355293146,0.40630936111,DESCRIPTIVE_YEAR_DELETION_NOT_A_TRADING_PATH
cost_stress,dual_momentum_252_g100,2009,3902,0.0458349276948,0.33414141241,DESCRIPTIVE_YEAR_DELETION_NOT_A_TRADING_PATH
cost_stress,dual_momentum_252_g100,2010,3902,0.0430321318451,0.317953493418,DESCRIPTIVE_YEAR_DELETION_NOT_A_TRADING_PATH
cost_stress,dual_momentum_252_g100,2011,3902,0.0587561501243,0.435378873559,DESCRIPTIVE_YEAR_DELETION_NOT_A_TRADING_PATH
cost_stress,dual_momentum_252_g100,2012,3904,0.0504158915143,0.364661265149,DESCRIPTIVE_YEAR_DELETION_NOT_A_TRADING_PATH
cost_stress,dual_momentum_252_g100,2013,3902,0.037834929335,0.272680203591,DESCRIPTIVE_YEAR_DELETION_NOT_A_TRADING_PATH
cost_stress,dual_momentum_252_g100,2014,3902,0.0460653209045,0.334290677065,DESCRIPTIVE_YEAR_DELETION_NOT_A_TRADING_PATH
cost_stress,dual_momentum_252_g100,2015,3902,0.0535221067697,0.392219274236,DESCRIPTIVE_YEAR_DELETION_NOT_A_TRADING_PATH
cost_stress,dual_momentum_252_g100,2016,3902,0.0601713182804,0.437849928278,DESCRIPTIVE_YEAR_DELETION_NOT_A_TRADING_PATH
cost_stress,dual_momentum_252_g100,2017,3903,0.0391181337401,0.284481472145,DESCRIPTIVE_YEAR_DELETION_NOT_A_TRADING_PATH
cost_stress,dual_momentum_252_g100,2018,3903,0.0613018347684,0.467155416765,DESCRIPTIVE_YEAR_DELETION_NOT_A_TRADING_PATH
cost_stress,dual_momentum_252_g100,2019,3902,0.0495091755625,0.368443461538,DESCRIPTIVE_YEAR_DELETION_NOT_A_TRADING_PATH
cost_stress,dual_momentum_252_g100,2020,3901,0.0436011721754,0.322701143872,DESCRIPTIVE_YEAR_DELETION_NOT_A_TRADING_PATH
cost_stress,dual_momentum_252_g100,2021,3902,0.0444426533624,0.325924788284,DESCRIPTIVE_YEAR_DELETION_NOT_A_TRADING_PATH
cost_stress,dual_momentum_252_g100,2022,3903,0.0567194474161,0.422999498514,DESCRIPTIVE_YEAR_DELETION_NOT_A_TRADING_PATH
cost_stress,dual_momentum_252_g100,2023,3904,0.0502033358253,0.388834465337,DESCRIPTIVE_YEAR_DELETION_NOT_A_TRADING_PATH
cost_stress,dual_momentum_252_g100,2024,3902,0.0401486273593,0.317413704534,DESCRIPTIVE_YEAR_DELETION_NOT_A_TRADING_PATH
cost_stress,dual_momentum_252_g150,2008,4026,0.0598381975324,0.381781189115,DESCRIPTIVE_YEAR_DELETION_NOT_A_TRADING_PATH
cost_stress,dual_momentum_252_g150,2009,3902,0.0528690028008,0.335658332586,DESCRIPTIVE_YEAR_DELETION_NOT_A_TRADING_PATH
cost_stress,dual_momentum_252_g150,2010,3902,0.0498791250718,0.319201605874,DESCRIPTIVE_YEAR_DELETION_NOT_A_TRADING_PATH
cost_stress,dual_momentum_252_g150,2011,3902,0.0659380248756,0.414096090224,DESCRIPTIVE_YEAR_DELETION_NOT_A_TRADING_PATH
cost_stress,dual_momentum_252_g150,2012,3904,0.0580001451706,0.363513641906,DESCRIPTIVE_YEAR_DELETION_NOT_A_TRADING_PATH
cost_stress,dual_momentum_252_g150,2013,3902,0.0414498911526,0.267408955035,DESCRIPTIVE_YEAR_DELETION_NOT_A_TRADING_PATH
cost_stress,dual_momentum_252_g150,2014,3902,0.0521537117702,0.330585508646,DESCRIPTIVE_YEAR_DELETION_NOT_A_TRADING_PATH
cost_stress,dual_momentum_252_g150,2015,3902,0.0607464286528,0.383331926753,DESCRIPTIVE_YEAR_DELETION_NOT_A_TRADING_PATH
cost_stress,dual_momentum_252_g150,2016,3902,0.0722203173273,0.447362411884,DESCRIPTIVE_YEAR_DELETION_NOT_A_TRADING_PATH
cost_stress,dual_momentum_252_g150,2017,3903,0.0413813153932,0.269261707805,DESCRIPTIVE_YEAR_DELETION_NOT_A_TRADING_PATH
cost_stress,dual_momentum_252_g150,2018,3903,0.0716983161752,0.46132694817,DESCRIPTIVE_YEAR_DELETION_NOT_A_TRADING_PATH
cost_stress,dual_momentum_252_g150,2019,3902,0.0570116737916,0.366129986548,DESCRIPTIVE_YEAR_DELETION_NOT_A_TRADING_PATH
cost_stress,dual_momentum_252_g150,2020,3901,0.048733696847,0.316598948368,DESCRIPTIVE_YEAR_DELETION_NOT_A_TRADING_PATH
cost_stress,dual_momentum_252_g150,2021,3902,0.0520872610624,0.331570145305,DESCRIPTIVE_YEAR_DELETION_NOT_A_TRADING_PATH
cost_stress,dual_momentum_252_g150,2022,3903,0.0659593657293,0.417400659141,DESCRIPTIVE_YEAR_DELETION_NOT_A_TRADING_PATH
cost_stress,dual_momentum_252_g150,2023,3904,0.0581007421578,0.384434599403,DESCRIPTIVE_YEAR_DELETION_NOT_A_TRADING_PATH
cost_stress,dual_momentum_252_g150,2024,3902,0.0456707349724,0.313780349444,DESCRIPTIVE_YEAR_DELETION_NOT_A_TRADING_PATH
cost_stress,dual_momentum_63_g100,2008,4026,0.0599035414776,0.453310402843,DESCRIPTIVE_YEAR_DELETION_NOT_A_TRADING_PATH
cost_stress,dual_momentum_63_g100,2009,3902,0.0508638130578,0.382142447896,DESCRIPTIVE_YEAR_DELETION_NOT_A_TRADING_PATH
cost_stress,dual_momentum_63_g100,2010,3902,0.0495511660183,0.374406399021,DESCRIPTIVE_YEAR_DELETION_NOT_A_TRADING_PATH
cost_stress,dual_momentum_63_g100,2011,3902,0.0482867433907,0.360405652679,DESCRIPTIVE_YEAR_DELETION_NOT_A_TRADING_PATH
cost_stress,dual_momentum_63_g100,2012,3904,0.0635321408055,0.473940411789,DESCRIPTIVE_YEAR_DELETION_NOT_A_TRADING_PATH
cost_stress,dual_momentum_63_g100,2013,3902,0.051415787212,0.381792173951,DESCRIPTIVE_YEAR_DELETION_NOT_A_TRADING_PATH
cost_stress,dual_momentum_63_g100,2014,3902,0.0553483749038,0.408522820735,DESCRIPTIVE_YEAR_DELETION_NOT_A_TRADING_PATH
cost_stress,dual_momentum_63_g100,2015,3902,0.0676659625798,0.505222247236,DESCRIPTIVE_YEAR_DELETION_NOT_A_TRADING_PATH
cost_stress,dual_momentum_63_g100,2016,3902,0.0650773782001,0.489347703896,DESCRIPTIVE_YEAR_DELETION_NOT_A_TRADING_PATH
cost_stress,dual_momentum_63_g100,2017,3903,0.0490357745754,0.364122388938,DESCRIPTIVE_YEAR_DELETION_NOT_A_TRADING_PATH
cost_stress,dual_momentum_63_g100,2018,3903,0.0639391860224,0.491345455431,DESCRIPTIVE_YEAR_DELETION_NOT_A_TRADING_PATH
cost_stress,dual_momentum_63_g100,2019,3902,0.0592579333394,0.450745608381,DESCRIPTIVE_YEAR_DELETION_NOT_A_TRADING_PATH
cost_stress,dual_momentum_63_g100,2020,3901,0.0482135891235,0.366720120849,DESCRIPTIVE_YEAR_DELETION_NOT_A_TRADING_PATH
cost_stress,dual_momentum_63_g100,2021,3902,0.0519235727314,0.38844674009,DESCRIPTIVE_YEAR_DELETION_NOT_A_TRADING_PATH
cost_stress,dual_momentum_63_g100,2022,3903,0.067966624042,0.51702736534,DESCRIPTIVE_YEAR_DELETION_NOT_A_TRADING_PATH
cost_stress,dual_momentum_63_g100,2023,3904,0.0507969554906,0.401487138624,DESCRIPTIVE_YEAR_DELETION_NOT_A_TRADING_PATH
cost_stress,dual_momentum_63_g100,2024,3902,0.0607138774423,0.483680500035,DESCRIPTIVE_YEAR_DELETION_NOT_A_TRADING_PATH
cost_stress,dual_momentum_63_g150,2008,4026,0.0579384646019,0.37343045942,DESCRIPTIVE_YEAR_DELETION_NOT_A_TRADING_PATH
cost_stress,dual_momentum_63_g150,2009,3902,0.050097707614,0.322332209798,DESCRIPTIVE_YEAR_DELETION_NOT_A_TRADING_PATH
cost_stress,dual_momentum_63_g150,2010,3902,0.0466691710689,0.302360139183,DESCRIPTIVE_YEAR_DELETION_NOT_A_TRADING_PATH
cost_stress,dual_momentum_63_g150,2011,3902,0.0436592935535,0.284040132886,DESCRIPTIVE_YEAR_DELETION_NOT_A_TRADING_PATH
cost_stress,dual_momentum_63_g150,2012,3904,0.0655313174743,0.412737101706,DESCRIPTIVE_YEAR_DELETION_NOT_A_TRADING_PATH
cost_stress,dual_momentum_63_g150,2013,3902,0.0484991896064,0.312003778083,DESCRIPTIVE_YEAR_DELETION_NOT_A_TRADING_PATH
cost_stress,dual_momentum_63_g150,2014,3902,0.0525915435655,0.33470129321,DESCRIPTIVE_YEAR_DELETION_NOT_A_TRADING_PATH
cost_stress,dual_momentum_63_g150,2015,3902,0.0692809259456,0.4358213522,DESCRIPTIVE_YEAR_DELETION_NOT_A_TRADING_PATH
cost_stress,dual_momentum_63_g150,2016,3902,0.0649344527588,0.411294410202,DESCRIPTIVE_YEAR_DELETION_NOT_A_TRADING_PATH
cost_stress,dual_momentum_63_g150,2017,3903,0.0435764595523,0.283770392785,DESCRIPTIVE_YEAR_DELETION_NOT_A_TRADING_PATH
cost_stress,dual_momentum_63_g150,2018,3903,0.0653149841323,0.425292453606,DESCRIPTIVE_YEAR_DELETION_NOT_A_TRADING_PATH
cost_stress,dual_momentum_63_g150,2019,3902,0.0591221236393,0.38335459668,DESCRIPTIVE_YEAR_DELETION_NOT_A_TRADING_PATH
cost_stress,dual_momentum_63_g150,2020,3901,0.0477362444818,0.313905583791,DESCRIPTIVE_YEAR_DELETION_NOT_A_TRADING_PATH
cost_stress,dual_momentum_63_g150,2021,3902,0.0505806601556,0.325361040285,DESCRIPTIVE_YEAR_DELETION_NOT_A_TRADING_PATH
cost_stress,dual_momentum_63_g150,2022,3903,0.0673705430652,0.431473644891,DESCRIPTIVE_YEAR_DELETION_NOT_A_TRADING_PATH
cost_stress,dual_momentum_63_g150,2023,3904,0.0495490613137,0.336809854525,DESCRIPTIVE_YEAR_DELETION_NOT_A_TRADING_PATH
cost_stress,dual_momentum_63_g150,2024,3902,0.0613321760336,0.412203066951,DESCRIPTIVE_YEAR_DELETION_NOT_A_TRADING_PATH
cost_stress,fixed_blend_g100,2008,4026,-0.0181616188977,-0.524781919913,DESCRIPTIVE_YEAR_DELETION_NOT_A_TRADING_PATH
cost_stress,fixed_blend_g100,2009,3902,-0.0236123410138,-0.64037816614,DESCRIPTIVE_YEAR_DELETION_NOT_A_TRADING_PATH
cost_stress,fixed_blend_g100,2010,3902,-0.0207514897207,-0.592248317607,DESCRIPTIVE_YEAR_DELETION_NOT_A_TRADING_PATH
cost_stress,fixed_blend_g100,2011,3902,-0.0219120047322,-0.606724034407,DESCRIPTIVE_YEAR_DELETION_NOT_A_TRADING_PATH
cost_stress,fixed_blend_g100,2012,3904,-0.0205672547987,-0.571986316607,DESCRIPTIVE_YEAR_DELETION_NOT_A_TRADING_PATH
cost_stress,fixed_blend_g100,2013,3902,-0.025317150594,-0.666586728574,DESCRIPTIVE_YEAR_DELETION_NOT_A_TRADING_PATH
cost_stress,fixed_blend_g100,2014,3902,-0.0218657627176,-0.599075685698,DESCRIPTIVE_YEAR_DELETION_NOT_A_TRADING_PATH
cost_stress,fixed_blend_g100,2015,3902,-0.0184955798038,-0.534284932009,DESCRIPTIVE_YEAR_DELETION_NOT_A_TRADING_PATH
cost_stress,fixed_blend_g100,2016,3902,-0.0221979575691,-0.600296193526,DESCRIPTIVE_YEAR_DELETION_NOT_A_TRADING_PATH
cost_stress,fixed_blend_g100,2017,3903,-0.024440128985,-0.632133661124,DESCRIPTIVE_YEAR_DELETION_NOT_A_TRADING_PATH
cost_stress,fixed_blend_g100,2018,3903,-0.0195645791496,-0.542569012541,DESCRIPTIVE_YEAR_DELETION_NOT_A_TRADING_PATH
cost_stress,fixed_blend_g100,2019,3902,-0.0210771300007,-0.551027360473,DESCRIPTIVE_YEAR_DELETION_NOT_A_TRADING_PATH
cost_stress,fixed_blend_g100,2020,3901,-0.0239191977194,-0.66876800327,DESCRIPTIVE_YEAR_DELETION_NOT_A_TRADING_PATH
cost_stress,fixed_blend_g100,2021,3902,-0.0239847303867,-0.655398854575,DESCRIPTIVE_YEAR_DELETION_NOT_A_TRADING_PATH
cost_stress,fixed_blend_g100,2022,3903,-0.0152936292985,-0.452245069909,DESCRIPTIVE_YEAR_DELETION_NOT_A_TRADING_PATH
cost_stress,fixed_blend_g100,2023,3904,-0.0244996707028,-0.589452283269,DESCRIPTIVE_YEAR_DELETION_NOT_A_TRADING_PATH
cost_stress,fixed_blend_g100,2024,3902,-0.0230559883548,-0.564233180941,DESCRIPTIVE_YEAR_DELETION_NOT_A_TRADING_PATH
cost_stress,fixed_blend_g150,2008,4026,-0.0381000701853,-0.685867579726,DESCRIPTIVE_YEAR_DELETION_NOT_A_TRADING_PATH
cost_stress,fixed_blend_g150,2009,3902,-0.0433091028275,-0.761414787299,DESCRIPTIVE_YEAR_DELETION_NOT_A_TRADING_PATH
cost_stress,fixed_blend_g150,2010,3902,-0.0410569160446,-0.734641012242,DESCRIPTIVE_YEAR_DELETION_NOT_A_TRADING_PATH
cost_stress,fixed_blend_g150,2011,3902,-0.0414682975694,-0.73812712133,DESCRIPTIVE_YEAR_DELETION_NOT_A_TRADING_PATH
cost_stress,fixed_blend_g150,2012,3904,-0.0399837474282,-0.707494815129,DESCRIPTIVE_YEAR_DELETION_NOT_A_TRADING_PATH
cost_stress,fixed_blend_g150,2013,3902,-0.0458600912651,-0.798727543123,DESCRIPTIVE_YEAR_DELETION_NOT_A_TRADING_PATH
cost_stress,fixed_blend_g150,2014,3902,-0.042030603293,-0.743380894145,DESCRIPTIVE_YEAR_DELETION_NOT_A_TRADING_PATH
cost_stress,fixed_blend_g150,2015,3902,-0.037860520898,-0.679211164531,DESCRIPTIVE_YEAR_DELETION_NOT_A_TRADING_PATH
cost_stress,fixed_blend_g150,2016,3902,-0.042372187186,-0.740448915557,DESCRIPTIVE_YEAR_DELETION_NOT_A_TRADING_PATH
cost_stress,fixed_blend_g150,2017,3903,-0.0456878111285,-0.781373400643,DESCRIPTIVE_YEAR_DELETION_NOT_A_TRADING_PATH
cost_stress,fixed_blend_g150,2018,3903,-0.0381943328358,-0.679990727191,DESCRIPTIVE_YEAR_DELETION_NOT_A_TRADING_PATH
cost_stress,fixed_blend_g150,2019,3902,-0.0403919827822,-0.689150314391,DESCRIPTIVE_YEAR_DELETION_NOT_A_TRADING_PATH
cost_stress,fixed_blend_g150,2020,3901,-0.0432663199892,-0.794444502845,DESCRIPTIVE_YEAR_DELETION_NOT_A_TRADING_PATH
cost_stress,fixed_blend_g150,2021,3902,-0.0433870852952,-0.777329427988,DESCRIPTIVE_YEAR_DELETION_NOT_A_TRADING_PATH
cost_stress,fixed_blend_g150,2022,3903,-0.0332827886468,-0.594676346633,DESCRIPTIVE_YEAR_DELETION_NOT_A_TRADING_PATH
cost_stress,fixed_blend_g150,2023,3904,-0.0437614126007,-0.721303338306,DESCRIPTIVE_YEAR_DELETION_NOT_A_TRADING_PATH
cost_stress,fixed_blend_g150,2024,3902,-0.0420434464702,-0.701208820723,DESCRIPTIVE_YEAR_DELETION_NOT_A_TRADING_PATH
cost_stress,raw_sector_reversal_g100,2008,4026,-0.117068487247,-2.132973921,DESCRIPTIVE_YEAR_DELETION_NOT_A_TRADING_PATH
cost_stress,raw_sector_reversal_g100,2009,3902,-0.120393940521,-2.01487310088,DESCRIPTIVE_YEAR_DELETION_NOT_A_TRADING_PATH
cost_stress,raw_sector_reversal_g100,2010,3902,-0.113081804503,-1.84898396425,DESCRIPTIVE_YEAR_DELETION_NOT_A_TRADING_PATH
cost_stress,raw_sector_reversal_g100,2011,3902,-0.117929330885,-1.94032115127,DESCRIPTIVE_YEAR_DELETION_NOT_A_TRADING_PATH
cost_stress,raw_sector_reversal_g100,2012,3904,-0.116626282509,-1.90067854643,DESCRIPTIVE_YEAR_DELETION_NOT_A_TRADING_PATH
cost_stress,raw_sector_reversal_g100,2013,3902,-0.116836792848,-1.89618785295,DESCRIPTIVE_YEAR_DELETION_NOT_A_TRADING_PATH
cost_stress,raw_sector_reversal_g100,2014,3902,-0.117763924829,-1.91565987366,DESCRIPTIVE_YEAR_DELETION_NOT_A_TRADING_PATH
cost_stress,raw_sector_reversal_g100,2015,3902,-0.115145741296,-1.88195870044,DESCRIPTIVE_YEAR_DELETION_NOT_A_TRADING_PATH
cost_stress,raw_sector_reversal_g100,2016,3902,-0.116781795567,-1.92965608201,DESCRIPTIVE_YEAR_DELETION_NOT_A_TRADING_PATH
cost_stress,raw_sector_reversal_g100,2017,3903,-0.119591237964,-1.93913613012,DESCRIPTIVE_YEAR_DELETION_NOT_A_TRADING_PATH
cost_stress,raw_sector_reversal_g100,2018,3903,-0.117046172678,-1.9064093259,DESCRIPTIVE_YEAR_DELETION_NOT_A_TRADING_PATH
cost_stress,raw_sector_reversal_g100,2019,3902,-0.117097447384,-1.89846245544,DESCRIPTIVE_YEAR_DELETION_NOT_A_TRADING_PATH
cost_stress,raw_sector_reversal_g100,2020,3901,-0.117090029627,-2.00583736847,DESCRIPTIVE_YEAR_DELETION_NOT_A_TRADING_PATH
cost_stress,raw_sector_reversal_g100,2021,3902,-0.114011649633,-1.89983636293,DESCRIPTIVE_YEAR_DELETION_NOT_A_TRADING_PATH
cost_stress,raw_sector_reversal_g100,2022,3903,-0.111113791319,-1.87157583646,DESCRIPTIVE_YEAR_DELETION_NOT_A_TRADING_PATH
cost_stress,raw_sector_reversal_g100,2023,3904,-0.118174613533,-1.90999828927,DESCRIPTIVE_YEAR_DELETION_NOT_A_TRADING_PATH
cost_stress,raw_sector_reversal_g100,2024,3902,-0.115504486097,-1.85170502396,DESCRIPTIVE_YEAR_DELETION_NOT_A_TRADING_PATH
cost_stress,raw_sector_reversal_g150,2008,4026,-0.174174006739,-2.19339478446,DESCRIPTIVE_YEAR_DELETION_NOT_A_TRADING_PATH
cost_stress,raw_sector_reversal_g150,2009,3902,-0.178754507975,-2.12920766393,DESCRIPTIVE_YEAR_DELETION_NOT_A_TRADING_PATH
cost_stress,raw_sector_reversal_g150,2010,3902,-0.167832827467,-1.9701155356,DESCRIPTIVE_YEAR_DELETION_NOT_A_TRADING_PATH
cost_stress,raw_sector_reversal_g150,2011,3902,-0.174649942889,-2.06996143079,DESCRIPTIVE_YEAR_DELETION_NOT_A_TRADING_PATH
cost_stress,raw_sector_reversal_g150,2012,3904,-0.17280484459,-2.02448797665,DESCRIPTIVE_YEAR_DELETION_NOT_A_TRADING_PATH
cost_stress,raw_sector_reversal_g150,2013,3902,-0.173144092641,-2.01872610451,DESCRIPTIVE_YEAR_DELETION_NOT_A_TRADING_PATH
cost_stress,raw_sector_reversal_g150,2014,3902,-0.17442695257,-2.04040116871,DESCRIPTIVE_YEAR_DELETION_NOT_A_TRADING_PATH
cost_stress,raw_sector_reversal_g150,2015,3902,-0.170765514466,-2.00544305715,DESCRIPTIVE_YEAR_DELETION_NOT_A_TRADING_PATH
cost_stress,raw_sector_reversal_g150,2016,3902,-0.172917241479,-2.06044765921,DESCRIPTIVE_YEAR_DELETION_NOT_A_TRADING_PATH
cost_stress,raw_sector_reversal_g150,2017,3903,-0.176792623887,-2.06581515424,DESCRIPTIVE_YEAR_DELETION_NOT_A_TRADING_PATH
cost_stress,raw_sector_reversal_g150,2018,3903,-0.172916589828,-2.03350524587,DESCRIPTIVE_YEAR_DELETION_NOT_A_TRADING_PATH
cost_stress,raw_sector_reversal_g150,2019,3902,-0.172932662847,-2.0240446109,DESCRIPTIVE_YEAR_DELETION_NOT_A_TRADING_PATH
cost_stress,raw_sector_reversal_g150,2020,3901,-0.172969744871,-2.12531250781,DESCRIPTIVE_YEAR_DELETION_NOT_A_TRADING_PATH
cost_stress,raw_sector_reversal_g150,2021,3902,-0.169411777209,-2.03271878941,DESCRIPTIVE_YEAR_DELETION_NOT_A_TRADING_PATH
cost_stress,raw_sector_reversal_g150,2022,3903,-0.165115562155,-2.00286357636,DESCRIPTIVE_YEAR_DELETION_NOT_A_TRADING_PATH
cost_stress,raw_sector_reversal_g150,2023,3904,-0.173672147264,-2.03995956849,DESCRIPTIVE_YEAR_DELETION_NOT_A_TRADING_PATH
cost_stress,raw_sector_reversal_g150,2024,3902,-0.169872535784,-1.97501183471,DESCRIPTIVE_YEAR_DELETION_NOT_A_TRADING_PATH
cost_stress,sector_reversal_10_g100,2008,4026,-0.0948896197182,-2.14863700648,DESCRIPTIVE_YEAR_DELETION_NOT_A_TRADING_PATH
cost_stress,sector_reversal_10_g100,2009,3902,-0.0932407308159,-1.95120384565,DESCRIPTIVE_YEAR_DELETION_NOT_A_TRADING_PATH
cost_stress,sector_reversal_10_g100,2010,3902,-0.0909526312234,-1.85623402326,DESCRIPTIVE_YEAR_DELETION_NOT_A_TRADING_PATH
cost_stress,sector_reversal_10_g100,2011,3902,-0.0896447142677,-1.83539307743,DESCRIPTIVE_YEAR_DELETION_NOT_A_TRADING_PATH
cost_stress,sector_reversal_10_g100,2012,3904,-0.0901426460863,-1.8320970487,DESCRIPTIVE_YEAR_DELETION_NOT_A_TRADING_PATH
cost_stress,sector_reversal_10_g100,2013,3902,-0.0901000687353,-1.83718537874,DESCRIPTIVE_YEAR_DELETION_NOT_A_TRADING_PATH
cost_stress,sector_reversal_10_g100,2014,3902,-0.0906224027532,-1.85165042124,DESCRIPTIVE_YEAR_DELETION_NOT_A_TRADING_PATH
cost_stress,sector_reversal_10_g100,2015,3902,-0.089782364007,-1.84450628877,DESCRIPTIVE_YEAR_DELETION_NOT_A_TRADING_PATH
cost_stress,sector_reversal_10_g100,2016,3902,-0.0943761625554,-1.94204038857,DESCRIPTIVE_YEAR_DELETION_NOT_A_TRADING_PATH
cost_stress,sector_reversal_10_g100,2017,3903,-0.0915499143827,-1.85368593589,DESCRIPTIVE_YEAR_DELETION_NOT_A_TRADING_PATH
cost_stress,sector_reversal_10_g100,2018,3903,-0.0956368321973,-1.94890806348,DESCRIPTIVE_YEAR_DELETION_NOT_A_TRADING_PATH
cost_stress,sector_reversal_10_g100,2019,3902,-0.0939269682943,-1.89337480063,DESCRIPTIVE_YEAR_DELETION_NOT_A_TRADING_PATH
cost_stress,sector_reversal_10_g100,2020,3901,-0.0866827994553,-1.90860124097,DESCRIPTIVE_YEAR_DELETION_NOT_A_TRADING_PATH
cost_stress,sector_reversal_10_g100,2021,3902,-0.0866103064379,-1.81813006948,DESCRIPTIVE_YEAR_DELETION_NOT_A_TRADING_PATH
cost_stress,sector_reversal_10_g100,2022,3903,-0.0912506690029,-1.91264591793,DESCRIPTIVE_YEAR_DELETION_NOT_A_TRADING_PATH
cost_stress,sector_reversal_10_g100,2023,3904,-0.0930472556942,-1.86269562257,DESCRIPTIVE_YEAR_DELETION_NOT_A_TRADING_PATH
cost_stress,sector_reversal_10_g100,2024,3902,-0.0917292350189,-1.82106926748,DESCRIPTIVE_YEAR_DELETION_NOT_A_TRADING_PATH
cost_stress,sector_reversal_10_g150,2008,4026,-0.142762331321,-2.17136664731,DESCRIPTIVE_YEAR_DELETION_NOT_A_TRADING_PATH
cost_stress,sector_reversal_10_g150,2009,3902,-0.14194796574,-2.03421270175,DESCRIPTIVE_YEAR_DELETION_NOT_A_TRADING_PATH
cost_stress,sector_reversal_10_g150,2010,3902,-0.13803278397,-1.93503201584,DESCRIPTIVE_YEAR_DELETION_NOT_A_TRADING_PATH
cost_stress,sector_reversal_10_g150,2011,3902,-0.136152415707,-1.91348022578,DESCRIPTIVE_YEAR_DELETION_NOT_A_TRADING_PATH
cost_stress,sector_reversal_10_g150,2012,3904,-0.136882824088,-1.90890358731,DESCRIPTIVE_YEAR_DELETION_NOT_A_TRADING_PATH
cost_stress,sector_reversal_10_g150,2013,3902,-0.136832943855,-1.91477856773,DESCRIPTIVE_YEAR_DELETION_NOT_A_TRADING_PATH
cost_stress,sector_reversal_10_g150,2014,3902,-0.137551071312,-1.93016985719,DESCRIPTIVE_YEAR_DELETION_NOT_A_TRADING_PATH
cost_stress,sector_reversal_10_g150,2015,3902,-0.136380983361,-1.92371328457,DESCRIPTIVE_YEAR_DELETION_NOT_A_TRADING_PATH
cost_stress,sector_reversal_10_g150,2016,3902,-0.142833307148,-2.02682161134,DESCRIPTIVE_YEAR_DELETION_NOT_A_TRADING_PATH
cost_stress,sector_reversal_10_g150,2017,3903,-0.13867191206,-1.93160865568,DESCRIPTIVE_YEAR_DELETION_NOT_A_TRADING_PATH
cost_stress,sector_reversal_10_g150,2018,3903,-0.144172220152,-2.03404030664,DESCRIPTIVE_YEAR_DELETION_NOT_A_TRADING_PATH
cost_stress,sector_reversal_10_g150,2019,3902,-0.141688304703,-1.97413640946,DESCRIPTIVE_YEAR_DELETION_NOT_A_TRADING_PATH
cost_stress,sector_reversal_10_g150,2020,3901,-0.132145090364,-1.98973055761,DESCRIPTIVE_YEAR_DELETION_NOT_A_TRADING_PATH
cost_stress,sector_reversal_10_g150,2021,3902,-0.131795923453,-1.89940388175,DESCRIPTIVE_YEAR_DELETION_NOT_A_TRADING_PATH
cost_stress,sector_reversal_10_g150,2022,3903,-0.137957943626,-2.00038148752,DESCRIPTIVE_YEAR_DELETION_NOT_A_TRADING_PATH
cost_stress,sector_reversal_10_g150,2023,3904,-0.139638792487,-1.94399509527,DESCRIPTIVE_YEAR_DELETION_NOT_A_TRADING_PATH
cost_stress,sector_reversal_10_g150,2024,3902,-0.137737579865,-1.89947125866,DESCRIPTIVE_YEAR_DELETION_NOT_A_TRADING_PATH
cost_stress,sector_reversal_3_g100,2008,4026,-0.121460183255,-2.69992908518,DESCRIPTIVE_YEAR_DELETION_NOT_A_TRADING_PATH
cost_stress,sector_reversal_3_g100,2009,3902,-0.114729881908,-2.33646751847,DESCRIPTIVE_YEAR_DELETION_NOT_A_TRADING_PATH
cost_stress,sector_reversal_3_g100,2010,3902,-0.114455700372,-2.26146999835,DESCRIPTIVE_YEAR_DELETION_NOT_A_TRADING_PATH
cost_stress,sector_reversal_3_g100,2011,3902,-0.113455160348,-2.25695444208,DESCRIPTIVE_YEAR_DELETION_NOT_A_TRADING_PATH
cost_stress,sector_reversal_3_g100,2012,3904,-0.115651348212,-2.28851331358,DESCRIPTIVE_YEAR_DELETION_NOT_A_TRADING_PATH
cost_stress,sector_reversal_3_g100,2013,3902,-0.115078189056,-2.27469646174,DESCRIPTIVE_YEAR_DELETION_NOT_A_TRADING_PATH
cost_stress,sector_reversal_3_g100,2014,3902,-0.115061488038,-2.28549741526,DESCRIPTIVE_YEAR_DELETION_NOT_A_TRADING_PATH
cost_stress,sector_reversal_3_g100,2015,3902,-0.111443616022,-2.22862336323,DESCRIPTIVE_YEAR_DELETION_NOT_A_TRADING_PATH
cost_stress,sector_reversal_3_g100,2016,3902,-0.116774358486,-2.34461265337,DESCRIPTIVE_YEAR_DELETION_NOT_A_TRADING_PATH
cost_stress,sector_reversal_3_g100,2017,3903,-0.113803124698,-2.24215033309,DESCRIPTIVE_YEAR_DELETION_NOT_A_TRADING_PATH
cost_stress,sector_reversal_3_g100,2018,3903,-0.115350079001,-2.28258874429,DESCRIPTIVE_YEAR_DELETION_NOT_A_TRADING_PATH
cost_stress,sector_reversal_3_g100,2019,3902,-0.116544165422,-2.29388978113,DESCRIPTIVE_YEAR_DELETION_NOT_A_TRADING_PATH
cost_stress,sector_reversal_3_g100,2020,3901,-0.11601216109,-2.46498219249,DESCRIPTIVE_YEAR_DELETION_NOT_A_TRADING_PATH
cost_stress,sector_reversal_3_g100,2021,3902,-0.112708989285,-2.28535236335,DESCRIPTIVE_YEAR_DELETION_NOT_A_TRADING_PATH
cost_stress,sector_reversal_3_g100,2022,3903,-0.112050071181,-2.27265968472,DESCRIPTIVE_YEAR_DELETION_NOT_A_TRADING_PATH
cost_stress,sector_reversal_3_g100,2023,3904,-0.112355798568,-2.20659539447,DESCRIPTIVE_YEAR_DELETION_NOT_A_TRADING_PATH
cost_stress,sector_reversal_3_g100,2024,3902,-0.114321829624,-2.22363052147,DESCRIPTIVE_YEAR_DELETION_NOT_A_TRADING_PATH
cost_stress,sector_reversal_3_g150,2008,4026,-0.180413232451,-2.75805687221,DESCRIPTIVE_YEAR_DELETION_NOT_A_TRADING_PATH
cost_stress,sector_reversal_3_g150,2009,3902,-0.17210274841,-2.42484544009,DESCRIPTIVE_YEAR_DELETION_NOT_A_TRADING_PATH
cost_stress,sector_reversal_3_g150,2010,3902,-0.170747769715,-2.34304893012,DESCRIPTIVE_YEAR_DELETION_NOT_A_TRADING_PATH
cost_stress,sector_reversal_3_g150,2011,3902,-0.16932381473,-2.33958036261,DESCRIPTIVE_YEAR_DELETION_NOT_A_TRADING_PATH
cost_stress,sector_reversal_3_g150,2012,3904,-0.172424801549,-2.3715688019,DESCRIPTIVE_YEAR_DELETION_NOT_A_TRADING_PATH
cost_stress,sector_reversal_3_g150,2013,3902,-0.171637764741,-2.35694214272,DESCRIPTIVE_YEAR_DELETION_NOT_A_TRADING_PATH
cost_stress,sector_reversal_3_g150,2014,3902,-0.171589176688,-2.36900039693,DESCRIPTIVE_YEAR_DELETION_NOT_A_TRADING_PATH
cost_stress,sector_reversal_3_g150,2015,3902,-0.166511385029,-2.31084886729,DESCRIPTIVE_YEAR_DELETION_NOT_A_TRADING_PATH
cost_stress,sector_reversal_3_g150,2016,3902,-0.173911243226,-2.43304599676,DESCRIPTIVE_YEAR_DELETION_NOT_A_TRADING_PATH
cost_stress,sector_reversal_3_g150,2017,3903,-0.169628012353,-2.32295345451,DESCRIPTIVE_YEAR_DELETION_NOT_A_TRADING_PATH
cost_stress,sector_reversal_3_g150,2018,3903,-0.171516245989,-2.36708277473,DESCRIPTIVE_YEAR_DELETION_NOT_A_TRADING_PATH
cost_stress,sector_reversal_3_g150,2019,3902,-0.173127345857,-2.37819076182,DESCRIPTIVE_YEAR_DELETION_NOT_A_TRADING_PATH
cost_stress,sector_reversal_3_g150,2020,3901,-0.172589282664,-2.52320512994,DESCRIPTIVE_YEAR_DELETION_NOT_A_TRADING_PATH
cost_stress,sector_reversal_3_g150,2021,3902,-0.168260773269,-2.37272978721,DESCRIPTIVE_YEAR_DELETION_NOT_A_TRADING_PATH
cost_stress,sector_reversal_3_g150,2022,3903,-0.166861887296,-2.36077734069,DESCRIPTIVE_YEAR_DELETION_NOT_A_TRADING_PATH
cost_stress,sector_reversal_3_g150,2023,3904,-0.166446374538,-2.2893825021,DESCRIPTIVE_YEAR_DELETION_NOT_A_TRADING_PATH
cost_stress,sector_reversal_3_g150,2024,3902,-0.169197898128,-2.30584651641,DESCRIPTIVE_YEAR_DELETION_NOT_A_TRADING_PATH
cost_stress,sector_reversal_5_g100,2008,4026,-0.123399035235,-2.74026715979,DESCRIPTIVE_YEAR_DELETION_NOT_A_TRADING_PATH
cost_stress,sector_reversal_5_g100,2009,3902,-0.123449161875,-2.52918350925,DESCRIPTIVE_YEAR_DELETION_NOT_A_TRADING_PATH
cost_stress,sector_reversal_5_g100,2010,3902,-0.124763534521,-2.48994009691,DESCRIPTIVE_YEAR_DELETION_NOT_A_TRADING_PATH
cost_stress,sector_reversal_5_g100,2011,3902,-0.124024362954,-2.48601412913,DESCRIPTIVE_YEAR_DELETION_NOT_A_TRADING_PATH
cost_stress,sector_reversal_5_g100,2012,3904,-0.12579843076,-2.50439746889,DESCRIPTIVE_YEAR_DELETION_NOT_A_TRADING_PATH
cost_stress,sector_reversal_5_g100,2013,3902,-0.124717083137,-2.48716484085,DESCRIPTIVE_YEAR_DELETION_NOT_A_TRADING_PATH
cost_stress,sector_reversal_5_g100,2014,3902,-0.126414280635,-2.53262505339,DESCRIPTIVE_YEAR_DELETION_NOT_A_TRADING_PATH
cost_stress,sector_reversal_5_g100,2015,3902,-0.124268822463,-2.50019692245,DESCRIPTIVE_YEAR_DELETION_NOT_A_TRADING_PATH
cost_stress,sector_reversal_5_g100,2016,3902,-0.125350988884,-2.55456795107,DESCRIPTIVE_YEAR_DELETION_NOT_A_TRADING_PATH
cost_stress,sector_reversal_5_g100,2017,3903,-0.124697271973,-2.47954641731,DESCRIPTIVE_YEAR_DELETION_NOT_A_TRADING_PATH
cost_stress,sector_reversal_5_g100,2018,3903,-0.126873995926,-2.53740108699,DESCRIPTIVE_YEAR_DELETION_NOT_A_TRADING_PATH
cost_stress,sector_reversal_5_g100,2019,3902,-0.126358300841,-2.51095009988,DESCRIPTIVE_YEAR_DELETION_NOT_A_TRADING_PATH
cost_stress,sector_reversal_5_g100,2020,3901,-0.125613848892,-2.68943138879,DESCRIPTIVE_YEAR_DELETION_NOT_A_TRADING_PATH
cost_stress,sector_reversal_5_g100,2021,3902,-0.120790318076,-2.47212404995,DESCRIPTIVE_YEAR_DELETION_NOT_A_TRADING_PATH
cost_stress,sector_reversal_5_g100,2022,3903,-0.118434912402,-2.41238540141,DESCRIPTIVE_YEAR_DELETION_NOT_A_TRADING_PATH
cost_stress,sector_reversal_5_g100,2023,3904,-0.126993964842,-2.5325076644,DESCRIPTIVE_YEAR_DELETION_NOT_A_TRADING_PATH
cost_stress,sector_reversal_5_g100,2024,3902,-0.124686205491,-2.4478792538,DESCRIPTIVE_YEAR_DELETION_NOT_A_TRADING_PATH
cost_stress,sector_reversal_5_g150,2008,4026,-0.182513997253,-2.76908517114,DESCRIPTIVE_YEAR_DELETION_NOT_A_TRADING_PATH
cost_stress,sector_reversal_5_g150,2009,3902,-0.182325698779,-2.57321359348,DESCRIPTIVE_YEAR_DELETION_NOT_A_TRADING_PATH
cost_stress,sector_reversal_5_g150,2010,3902,-0.18258893239,-2.52699039332,DESCRIPTIVE_YEAR_DELETION_NOT_A_TRADING_PATH
cost_stress,sector_reversal_5_g150,2011,3902,-0.1815381839,-2.52339572005,DESCRIPTIVE_YEAR_DELETION_NOT_A_TRADING_PATH
cost_stress,sector_reversal_5_g150,2012,3904,-0.18403083374,-2.54142829335,DESCRIPTIVE_YEAR_DELETION_NOT_A_TRADING_PATH
cost_stress,sector_reversal_5_g150,2013,3902,-0.182531098209,-2.5238530087,DESCRIPTIVE_YEAR_DELETION_NOT_A_TRADING_PATH
cost_stress,sector_reversal_5_g150,2014,3902,-0.184887090609,-2.57149108416,DESCRIPTIVE_YEAR_DELETION_NOT_A_TRADING_PATH
cost_stress,sector_reversal_5_g150,2015,3902,-0.181903797029,-2.53861806496,DESCRIPTIVE_YEAR_DELETION_NOT_A_TRADING_PATH
cost_stress,sector_reversal_5_g150,2016,3902,-0.183283404463,-2.59687534453,DESCRIPTIVE_YEAR_DELETION_NOT_A_TRADING_PATH
cost_stress,sector_reversal_5_g150,2017,3903,-0.182291360549,-2.51596813095,DESCRIPTIVE_YEAR_DELETION_NOT_A_TRADING_PATH
cost_stress,sector_reversal_5_g150,2018,3903,-0.185053875849,-2.57747007414,DESCRIPTIVE_YEAR_DELETION_NOT_A_TRADING_PATH
cost_stress,sector_reversal_5_g150,2019,3902,-0.184267993045,-2.54931398323,DESCRIPTIVE_YEAR_DELETION_NOT_A_TRADING_PATH
cost_stress,sector_reversal_5_g150,2020,3901,-0.183474165158,-2.71665509756,DESCRIPTIVE_YEAR_DELETION_NOT_A_TRADING_PATH
cost_stress,sector_reversal_5_g150,2021,3902,-0.176966014344,-2.51172070409,DESCRIPTIVE_YEAR_DELETION_NOT_A_TRADING_PATH
cost_stress,sector_reversal_5_g150,2022,3903,-0.173222150225,-2.44972909944,DESCRIPTIVE_YEAR_DELETION_NOT_A_TRADING_PATH
cost_stress,sector_reversal_5_g150,2023,3904,-0.184384001964,-2.57421763496,DESCRIPTIVE_YEAR_DELETION_NOT_A_TRADING_PATH
cost_stress,sector_reversal_5_g150,2024,3902,-0.181127661406,-2.48449331644,DESCRIPTIVE_YEAR_DELETION_NOT_A_TRADING_PATH
cost_stress,spy_buy_hold,2008,4026,0.145808773815,0.797329528781,DESCRIPTIVE_YEAR_DELETION_NOT_A_TRADING_PATH
cost_stress,spy_buy_hold,2009,3902,0.109938210236,0.577703574655,DESCRIPTIVE_YEAR_DELETION_NOT_A_TRADING_PATH
cost_stress,spy_buy_hold,2010,3902,0.1166715697,0.594738347638,DESCRIPTIVE_YEAR_DELETION_NOT_A_TRADING_PATH
cost_stress,spy_buy_hold,2011,3902,0.125466643209,0.640943271784,DESCRIPTIVE_YEAR_DELETION_NOT_A_TRADING_PATH
cost_stress,spy_buy_hold,2012,3904,0.116025736046,0.587146938953,DESCRIPTIVE_YEAR_DELETION_NOT_A_TRADING_PATH
cost_stress,spy_buy_hold,2013,3902,0.106641343163,0.544481119738,DESCRIPTIVE_YEAR_DELETION_NOT_A_TRADING_PATH
cost_stress,spy_buy_hold,2014,3902,0.117677084499,0.593122650613,DESCRIPTIVE_YEAR_DELETION_NOT_A_TRADING_PATH
cost_stress,spy_buy_hold,2015,3902,0.125939572594,0.632604831655,DESCRIPTIVE_YEAR_DELETION_NOT_A_TRADING_PATH
cost_stress,spy_buy_hold,2016,3902,0.118616101022,0.599112670195,DESCRIPTIVE_YEAR_DELETION_NOT_A_TRADING_PATH
cost_stress,spy_buy_hold,2017,3903,0.11259671958,0.571015380417,DESCRIPTIVE_YEAR_DELETION_NOT_A_TRADING_PATH
cost_stress,spy_buy_hold,2018,3903,0.130205006006,0.659046438753,DESCRIPTIVE_YEAR_DELETION_NOT_A_TRADING_PATH
cost_stress,spy_buy_hold,2019,3902,0.107229417323,0.554581532544,DESCRIPTIVE_YEAR_DELETION_NOT_A_TRADING_PATH
cost_stress,spy_buy_hold,2020,3901,0.114680026588,0.614412399639,DESCRIPTIVE_YEAR_DELETION_NOT_A_TRADING_PATH
cost_stress,spy_buy_hold,2021,3902,0.108603014489,0.554332886818,DESCRIPTIVE_YEAR_DELETION_NOT_A_TRADING_PATH
cost_stress,spy_buy_hold,2022,3903,0.141485946111,0.719539245389,DESCRIPTIVE_YEAR_DELETION_NOT_A_TRADING_PATH
cost_stress,spy_buy_hold,2023,3904,0.109978748118,0.576137786434,DESCRIPTIVE_YEAR_DELETION_NOT_A_TRADING_PATH
cost_stress,spy_buy_hold,2024,3902,0.110415158386,0.578363222696,DESCRIPTIVE_YEAR_DELETION_NOT_A_TRADING_PATH
cost_stress,static_macro_g100,2008,4026,0.0690209066095,0.661562163672,DESCRIPTIVE_YEAR_DELETION_NOT_A_TRADING_PATH
cost_stress,static_macro_g100,2009,3902,0.0508793163328,0.457127518091,DESCRIPTIVE_YEAR_DELETION_NOT_A_TRADING_PATH
cost_stress,static_macro_g100,2010,3902,0.0511201227501,0.452133441982,DESCRIPTIVE_YEAR_DELETION_NOT_A_TRADING_PATH
cost_stress,static_macro_g100,2011,3902,0.0576751598655,0.521195888864,DESCRIPTIVE_YEAR_DELETION_NOT_A_TRADING_PATH
cost_stress,static_macro_g100,2012,3904,0.0559566259435,0.49341917998,DESCRIPTIVE_YEAR_DELETION_NOT_A_TRADING_PATH
cost_stress,static_macro_g100,2013,3902,0.0592597563299,0.526021375341,DESCRIPTIVE_YEAR_DELETION_NOT_A_TRADING_PATH
cost_stress,static_macro_g100,2014,3902,0.0585938345416,0.515455670056,DESCRIPTIVE_YEAR_DELETION_NOT_A_TRADING_PATH
cost_stress,static_macro_g100,2015,3902,0.0651566920405,0.583268947448,DESCRIPTIVE_YEAR_DELETION_NOT_A_TRADING_PATH
cost_stress,static_macro_g100,2016,3902,0.0573343830154,0.507410312418,DESCRIPTIVE_YEAR_DELETION_NOT_A_TRADING_PATH
cost_stress,static_macro_g100,2017,3903,0.0529625069211,0.465352232384,DESCRIPTIVE_YEAR_DELETION_NOT_A_TRADING_PATH
cost_stress,static_macro_g100,2018,3903,0.0649267509339,0.590389810427,DESCRIPTIVE_YEAR_DELETION_NOT_A_TRADING_PATH
cost_stress,static_macro_g100,2019,3902,0.0512216020953,0.458274279803,DESCRIPTIVE_YEAR_DELETION_NOT_A_TRADING_PATH
cost_stress,static_macro_g100,2020,3901,0.0582216407669,0.537815657007,DESCRIPTIVE_YEAR_DELETION_NOT_A_TRADING_PATH
cost_stress,static_macro_g100,2021,3902,0.0554078272499,0.48838128038,DESCRIPTIVE_YEAR_DELETION_NOT_A_TRADING_PATH
cost_stress,static_macro_g100,2022,3903,0.0742125589366,0.706490367824,DESCRIPTIVE_YEAR_DELETION_NOT_A_TRADING_PATH
cost_stress,static_macro_g100,2023,3904,0.0542939850031,0.514428207665,DESCRIPTIVE_YEAR_DELETION_NOT_A_TRADING_PATH
cost_stress,static_macro_g100,2024,3902,0.0565009586052,0.535127527952,DESCRIPTIVE_YEAR_DELETION_NOT_A_TRADING_PATH
cost_stress,static_macro_g150,2008,4026,0.075120931011,0.547010695792,DESCRIPTIVE_YEAR_DELETION_NOT_A_TRADING_PATH
cost_stress,static_macro_g150,2009,3902,0.0493389642599,0.345097731199,DESCRIPTIVE_YEAR_DELETION_NOT_A_TRADING_PATH
cost_stress,static_macro_g150,2010,3902,0.0472545352665,0.330332401317,DESCRIPTIVE_YEAR_DELETION_NOT_A_TRADING_PATH
cost_stress,static_macro_g150,2011,3902,0.0570689788903,0.400346626164,DESCRIPTIVE_YEAR_DELETION_NOT_A_TRADING_PATH
cost_stress,static_macro_g150,2012,3904,0.0553581119814,0.383032311831,DESCRIPTIVE_YEAR_DELETION_NOT_A_TRADING_PATH
cost_stress,static_macro_g150,2013,3902,0.0590967108786,0.409646815284,DESCRIPTIVE_YEAR_DELETION_NOT_A_TRADING_PATH
cost_stress,static_macro_g150,2014,3902,0.058128842001,0.399912972999,DESCRIPTIVE_YEAR_DELETION_NOT_A_TRADING_PATH
cost_stress,static_macro_g150,2015,3902,0.0679766856214,0.471348590143,DESCRIPTIVE_YEAR_DELETION_NOT_A_TRADING_PATH
cost_stress,static_macro_g150,2016,3902,0.056265800255,0.390016377202,DESCRIPTIVE_YEAR_DELETION_NOT_A_TRADING_PATH
cost_stress,static_macro_g150,2017,3903,0.0498230191398,0.345695436665,DESCRIPTIVE_YEAR_DELETION_NOT_A_TRADING_PATH
cost_stress,static_macro_g150,2018,3903,0.0681774333396,0.479117507172,DESCRIPTIVE_YEAR_DELETION_NOT_A_TRADING_PATH
cost_stress,static_macro_g150,2019,3902,0.0477882498136,0.338508113888,DESCRIPTIVE_YEAR_DELETION_NOT_A_TRADING_PATH
cost_stress,static_macro_g150,2020,3901,0.0607609662193,0.43829938874,DESCRIPTIVE_YEAR_DELETION_NOT_A_TRADING_PATH
cost_stress,static_macro_g150,2021,3902,0.0533315500859,0.369367114304,DESCRIPTIVE_YEAR_DELETION_NOT_A_TRADING_PATH
cost_stress,static_macro_g150,2022,3903,0.0796982477224,0.569031623723,DESCRIPTIVE_YEAR_DELETION_NOT_A_TRADING_PATH
cost_stress,static_macro_g150,2023,3904,0.0542577929056,0.401005909512,DESCRIPTIVE_YEAR_DELETION_NOT_A_TRADING_PATH
cost_stress,static_macro_g150,2024,3902,0.0567285654068,0.418875999738,DESCRIPTIVE_YEAR_DELETION_NOT_A_TRADING_PATH
cost_stress,trend_only_g100,2008,4026,0.043297208154,0.352574353704,DESCRIPTIVE_YEAR_DELETION_NOT_A_TRADING_PATH
cost_stress,trend_only_g100,2009,3902,0.0304422575537,0.236435634743,DESCRIPTIVE_YEAR_DELETION_NOT_A_TRADING_PATH
cost_stress,trend_only_g100,2010,3902,0.0438513136353,0.360848942354,DESCRIPTIVE_YEAR_DELETION_NOT_A_TRADING_PATH
cost_stress,trend_only_g100,2011,3902,0.0478225843452,0.393383966107,DESCRIPTIVE_YEAR_DELETION_NOT_A_TRADING_PATH
cost_stress,trend_only_g100,2012,3904,0.0411277483423,0.331390326101,DESCRIPTIVE_YEAR_DELETION_NOT_A_TRADING_PATH
cost_stress,trend_only_g100,2013,3902,0.0294923237744,0.225644799049,DESCRIPTIVE_YEAR_DELETION_NOT_A_TRADING_PATH
cost_stress,trend_only_g100,2014,3902,0.0416054988296,0.333114073775,DESCRIPTIVE_YEAR_DELETION_NOT_A_TRADING_PATH
cost_stress,trend_only_g100,2015,3902,0.0459945187411,0.37019708087,DESCRIPTIVE_YEAR_DELETION_NOT_A_TRADING_PATH
cost_stress,trend_only_g100,2016,3902,0.0442175980028,0.358553180466,DESCRIPTIVE_YEAR_DELETION_NOT_A_TRADING_PATH
cost_stress,trend_only_g100,2017,3903,0.0265357829171,0.201945040405,DESCRIPTIVE_YEAR_DELETION_NOT_A_TRADING_PATH
cost_stress,trend_only_g100,2018,3903,0.0439796530799,0.367835511758,DESCRIPTIVE_YEAR_DELETION_NOT_A_TRADING_PATH
cost_stress,trend_only_g100,2019,3902,0.0410419462258,0.340030871951,DESCRIPTIVE_YEAR_DELETION_NOT_A_TRADING_PATH
cost_stress,trend_only_g100,2020,3901,0.0353080233967,0.283229349978,DESCRIPTIVE_YEAR_DELETION_NOT_A_TRADING_PATH
cost_stress,trend_only_g100,2021,3902,0.0354339134646,0.281292103064,DESCRIPTIVE_YEAR_DELETION_NOT_A_TRADING_PATH
cost_stress,trend_only_g100,2022,3903,0.0482906437661,0.395449312649,DESCRIPTIVE_YEAR_DELETION_NOT_A_TRADING_PATH
cost_stress,trend_only_g100,2023,3904,0.0339939475835,0.295372304306,DESCRIPTIVE_YEAR_DELETION_NOT_A_TRADING_PATH
cost_stress,trend_only_g100,2024,3902,0.0334647457821,0.295569578359,DESCRIPTIVE_YEAR_DELETION_NOT_A_TRADING_PATH
cost_stress,trend_only_g150,2008,4026,0.0390869337344,0.279227895835,DESCRIPTIVE_YEAR_DELETION_NOT_A_TRADING_PATH
cost_stress,trend_only_g150,2009,3902,0.0242537237644,0.168396096369,DESCRIPTIVE_YEAR_DELETION_NOT_A_TRADING_PATH
cost_stress,trend_only_g150,2010,3902,0.0388985918211,0.276410373542,DESCRIPTIVE_YEAR_DELETION_NOT_A_TRADING_PATH
cost_stress,trend_only_g150,2011,3902,0.0428883469152,0.304245532354,DESCRIPTIVE_YEAR_DELETION_NOT_A_TRADING_PATH
cost_stress,trend_only_g150,2012,3904,0.035263407487,0.248605473955,DESCRIPTIVE_YEAR_DELETION_NOT_A_TRADING_PATH
cost_stress,trend_only_g150,2013,3902,0.0206669078404,0.140415464916,DESCRIPTIVE_YEAR_DELETION_NOT_A_TRADING_PATH
cost_stress,trend_only_g150,2014,3902,0.0356047104896,0.250835435919,DESCRIPTIVE_YEAR_DELETION_NOT_A_TRADING_PATH
cost_stress,trend_only_g150,2015,3902,0.0425709563,0.300207802525,DESCRIPTIVE_YEAR_DELETION_NOT_A_TRADING_PATH
cost_stress,trend_only_g150,2016,3902,0.0396402117336,0.280637565166,DESCRIPTIVE_YEAR_DELETION_NOT_A_TRADING_PATH
cost_stress,trend_only_g150,2017,3903,0.0144990211642,0.0982797259144,DESCRIPTIVE_YEAR_DELETION_NOT_A_TRADING_PATH
cost_stress,trend_only_g150,2018,3903,0.040733686699,0.29783700444,DESCRIPTIVE_YEAR_DELETION_NOT_A_TRADING_PATH
cost_stress,trend_only_g150,2019,3902,0.0348761964725,0.255065546192,DESCRIPTIVE_YEAR_DELETION_NOT_A_TRADING_PATH
cost_stress,trend_only_g150,2020,3901,0.0321551167861,0.228658058334,DESCRIPTIVE_YEAR_DELETION_NOT_A_TRADING_PATH
cost_stress,trend_only_g150,2021,3902,0.0297101863555,0.207881299093,DESCRIPTIVE_YEAR_DELETION_NOT_A_TRADING_PATH
cost_stress,trend_only_g150,2022,3903,0.0452861208882,0.323562337212,DESCRIPTIVE_YEAR_DELETION_NOT_A_TRADING_PATH
cost_stress,trend_only_g150,2023,3904,0.0267952179427,0.209728295681,DESCRIPTIVE_YEAR_DELETION_NOT_A_TRADING_PATH
cost_stress,trend_only_g150,2024,3902,0.0287092458409,0.226733236006,DESCRIPTIVE_YEAR_DELETION_NOT_A_TRADING_PATH
cost_stress,trend_pullback_10_g100,2008,4026,-0.00606484919297,-0.4317148182,DESCRIPTIVE_YEAR_DELETION_NOT_A_TRADING_PATH
cost_stress,trend_pullback_10_g100,2009,3902,-0.00919870290665,-0.540340277851,DESCRIPTIVE_YEAR_DELETION_NOT_A_TRADING_PATH
cost_stress,trend_pullback_10_g100,2010,3902,-0.00153051490124,-0.351214410638,DESCRIPTIVE_YEAR_DELETION_NOT_A_TRADING_PATH
cost_stress,trend_pullback_10_g100,2011,3902,-0.00704820582555,-0.482967165812,DESCRIPTIVE_YEAR_DELETION_NOT_A_TRADING_PATH
cost_stress,trend_pullback_10_g100,2012,3904,-0.00381315013524,-0.388463149988,DESCRIPTIVE_YEAR_DELETION_NOT_A_TRADING_PATH
cost_stress,trend_pullback_10_g100,2013,3902,-0.00600843540418,-0.446609830287,DESCRIPTIVE_YEAR_DELETION_NOT_A_TRADING_PATH
cost_stress,trend_pullback_10_g100,2014,3902,-0.00494045578996,-0.422249951604,DESCRIPTIVE_YEAR_DELETION_NOT_A_TRADING_PATH
cost_stress,trend_pullback_10_g100,2015,3902,-0.005202757572,-0.424227146047,DESCRIPTIVE_YEAR_DELETION_NOT_A_TRADING_PATH
cost_stress,trend_pullback_10_g100,2016,3902,-0.00496786862768,-0.418945988158,DESCRIPTIVE_YEAR_DELETION_NOT_A_TRADING_PATH
cost_stress,trend_pullback_10_g100,2017,3903,-0.00713073066254,-0.460761699881,DESCRIPTIVE_YEAR_DELETION_NOT_A_TRADING_PATH
cost_stress,trend_pullback_10_g100,2018,3903,-0.00624722996325,-0.467076628661,DESCRIPTIVE_YEAR_DELETION_NOT_A_TRADING_PATH
cost_stress,trend_pullback_10_g100,2019,3902,-0.00555511054293,-0.399785566613,DESCRIPTIVE_YEAR_DELETION_NOT_A_TRADING_PATH
cost_stress,trend_pullback_10_g100,2020,3901,-0.00320792559289,-0.383637109638,DESCRIPTIVE_YEAR_DELETION_NOT_A_TRADING_PATH
cost_stress,trend_pullback_10_g100,2021,3902,-0.00678966166845,-0.482056692359,DESCRIPTIVE_YEAR_DELETION_NOT_A_TRADING_PATH
cost_stress,trend_pullback_10_g100,2022,3903,-0.00597947920906,-0.415705344486,DESCRIPTIVE_YEAR_DELETION_NOT_A_TRADING_PATH
cost_stress,trend_pullback_10_g100,2023,3904,-0.00666576641409,-0.378180134851,DESCRIPTIVE_YEAR_DELETION_NOT_A_TRADING_PATH
cost_stress,trend_pullback_10_g100,2024,3902,-0.00882560964722,-0.4445476323,DESCRIPTIVE_YEAR_DELETION_NOT_A_TRADING_PATH
cost_stress,trend_pullback_10_g150,2008,4026,-0.0149956213333,-0.461738389243,DESCRIPTIVE_YEAR_DELETION_NOT_A_TRADING_PATH
cost_stress,trend_pullback_10_g150,2009,3902,-0.0194286808959,-0.564935332744,DESCRIPTIVE_YEAR_DELETION_NOT_A_TRADING_PATH
cost_stress,trend_pullback_10_g150,2010,3902,-0.00894726459557,-0.38693676897,DESCRIPTIVE_YEAR_DELETION_NOT_A_TRADING_PATH
cost_stress,trend_pullback_10_g150,2011,3902,-0.0166922157993,-0.514535858352,DESCRIPTIVE_YEAR_DELETION_NOT_A_TRADING_PATH
cost_stress,trend_pullback_10_g150,2012,3904,-0.0119344493042,-0.417090760729,DESCRIPTIVE_YEAR_DELETION_NOT_A_TRADING_PATH
cost_stress,trend_pullback_10_g150,2013,3902,-0.0152216262449,-0.477211443343,DESCRIPTIVE_YEAR_DELETION_NOT_A_TRADING_PATH
cost_stress,trend_pullback_10_g150,2014,3902,-0.0136438362783,-0.453116590306,DESCRIPTIVE_YEAR_DELETION_NOT_A_TRADING_PATH
cost_stress,trend_pullback_10_g150,2015,3902,-0.0140348403359,-0.45371432187,DESCRIPTIVE_YEAR_DELETION_NOT_A_TRADING_PATH
cost_stress,trend_pullback_10_g150,2016,3902,-0.0136040808648,-0.448970607051,DESCRIPTIVE_YEAR_DELETION_NOT_A_TRADING_PATH
cost_stress,trend_pullback_10_g150,2017,3903,-0.0166453984121,-0.491551881771,DESCRIPTIVE_YEAR_DELETION_NOT_A_TRADING_PATH
cost_stress,trend_pullback_10_g150,2018,3903,-0.0143743236546,-0.476278967518,DESCRIPTIVE_YEAR_DELETION_NOT_A_TRADING_PATH
cost_stress,trend_pullback_10_g150,2019,3902,-0.0138731316809,-0.428784468028,DESCRIPTIVE_YEAR_DELETION_NOT_A_TRADING_PATH
cost_stress,trend_pullback_10_g150,2020,3901,-0.010855368809,-0.414436571193,DESCRIPTIVE_YEAR_DELETION_NOT_A_TRADING_PATH
cost_stress,trend_pullback_10_g150,2021,3902,-0.0163767616843,-0.515931251377,DESCRIPTIVE_YEAR_DELETION_NOT_A_TRADING_PATH
cost_stress,trend_pullback_10_g150,2022,3903,-0.0147063119244,-0.444465676821,DESCRIPTIVE_YEAR_DELETION_NOT_A_TRADING_PATH
cost_stress,trend_pullback_10_g150,2023,3904,-0.0146220824689,-0.405842311572,DESCRIPTIVE_YEAR_DELETION_NOT_A_TRADING_PATH
cost_stress,trend_pullback_10_g150,2024,3902,-0.0176305612521,-0.472811546711,DESCRIPTIVE_YEAR_DELETION_NOT_A_TRADING_PATH
cost_stress,trend_pullback_3_g100,2008,4026,-0.0406560688747,-1.25385074907,DESCRIPTIVE_YEAR_DELETION_NOT_A_TRADING_PATH
cost_stress,trend_pullback_3_g100,2009,3902,-0.0431978716162,-1.36414548075,DESCRIPTIVE_YEAR_DELETION_NOT_A_TRADING_PATH
cost_stress,trend_pullback_3_g100,2010,3902,-0.0363196064715,-1.22255499401,DESCRIPTIVE_YEAR_DELETION_NOT_A_TRADING_PATH
cost_stress,trend_pullback_3_g100,2011,3902,-0.0391666242567,-1.24652329611,DESCRIPTIVE_YEAR_DELETION_NOT_A_TRADING_PATH
cost_stress,trend_pullback_3_g100,2012,3904,-0.0391973226295,-1.24663831664,DESCRIPTIVE_YEAR_DELETION_NOT_A_TRADING_PATH
cost_stress,trend_pullback_3_g100,2013,3902,-0.0386557179633,-1.22764667634,DESCRIPTIVE_YEAR_DELETION_NOT_A_TRADING_PATH
cost_stress,trend_pullback_3_g100,2014,3902,-0.0386446019024,-1.22550171678,DESCRIPTIVE_YEAR_DELETION_NOT_A_TRADING_PATH
cost_stress,trend_pullback_3_g100,2015,3902,-0.0384308192198,-1.22102870043,DESCRIPTIVE_YEAR_DELETION_NOT_A_TRADING_PATH
cost_stress,trend_pullback_3_g100,2016,3902,-0.0393719981271,-1.23627750669,DESCRIPTIVE_YEAR_DELETION_NOT_A_TRADING_PATH
cost_stress,trend_pullback_3_g100,2017,3903,-0.0405624344328,-1.24516963629,DESCRIPTIVE_YEAR_DELETION_NOT_A_TRADING_PATH
cost_stress,trend_pullback_3_g100,2018,3903,-0.035299608125,-1.19568727044,DESCRIPTIVE_YEAR_DELETION_NOT_A_TRADING_PATH
cost_stress,trend_pullback_3_g100,2019,3902,-0.0393414433244,-1.21809239796,DESCRIPTIVE_YEAR_DELETION_NOT_A_TRADING_PATH
cost_stress,trend_pullback_3_g100,2020,3901,-0.0381927567694,-1.2465685625,DESCRIPTIVE_YEAR_DELETION_NOT_A_TRADING_PATH
cost_stress,trend_pullback_3_g100,2021,3902,-0.0415522769031,-1.32601570738,DESCRIPTIVE_YEAR_DELETION_NOT_A_TRADING_PATH
cost_stress,trend_pullback_3_g100,2022,3903,-0.0414781824276,-1.24998971989,DESCRIPTIVE_YEAR_DELETION_NOT_A_TRADING_PATH
cost_stress,trend_pullback_3_g100,2023,3904,-0.0399378221197,-1.17802117511,DESCRIPTIVE_YEAR_DELETION_NOT_A_TRADING_PATH
cost_stress,trend_pullback_3_g100,2024,3902,-0.0407359912928,-1.2091855613,DESCRIPTIVE_YEAR_DELETION_NOT_A_TRADING_PATH
cost_stress,trend_pullback_3_g150,2008,4026,-0.064968766493,-1.3094403692,DESCRIPTIVE_YEAR_DELETION_NOT_A_TRADING_PATH
cost_stress,trend_pullback_3_g150,2009,3902,-0.068693075437,-1.40544365504,DESCRIPTIVE_YEAR_DELETION_NOT_A_TRADING_PATH
cost_stress,trend_pullback_3_g150,2010,3902,-0.0591254087118,-1.28064641599,DESCRIPTIVE_YEAR_DELETION_NOT_A_TRADING_PATH
cost_stress,trend_pullback_3_g150,2011,3902,-0.0632092836326,-1.3061168098,DESCRIPTIVE_YEAR_DELETION_NOT_A_TRADING_PATH
cost_stress,trend_pullback_3_g150,2012,3904,-0.0630764042334,-1.30132378249,DESCRIPTIVE_YEAR_DELETION_NOT_A_TRADING_PATH
cost_stress,trend_pullback_3_g150,2013,3902,-0.0623266511168,-1.28425403175,DESCRIPTIVE_YEAR_DELETION_NOT_A_TRADING_PATH
cost_stress,trend_pullback_3_g150,2014,3902,-0.0623298444616,-1.28259319845,DESCRIPTIVE_YEAR_DELETION_NOT_A_TRADING_PATH
cost_stress,trend_pullback_3_g150,2015,3902,-0.0620145461661,-1.277588211,DESCRIPTIVE_YEAR_DELETION_NOT_A_TRADING_PATH
cost_stress,trend_pullback_3_g150,2016,3902,-0.0633773305295,-1.29139186181,DESCRIPTIVE_YEAR_DELETION_NOT_A_TRADING_PATH
cost_stress,trend_pullback_3_g150,2017,3903,-0.0649357872661,-1.30179882811,DESCRIPTIVE_YEAR_DELETION_NOT_A_TRADING_PATH
cost_stress,trend_pullback_3_g150,2018,3903,-0.0566305173715,-1.23424717779,DESCRIPTIVE_YEAR_DELETION_NOT_A_TRADING_PATH
cost_stress,trend_pullback_3_g150,2019,3902,-0.0628067814542,-1.27617599214,DESCRIPTIVE_YEAR_DELETION_NOT_A_TRADING_PATH
cost_stress,trend_pullback_3_g150,2020,3901,-0.0614502163004,-1.30237116284,DESCRIPTIVE_YEAR_DELETION_NOT_A_TRADING_PATH
cost_stress,trend_pullback_3_g150,2021,3902,-0.0661632089289,-1.37988550653,DESCRIPTIVE_YEAR_DELETION_NOT_A_TRADING_PATH
cost_stress,trend_pullback_3_g150,2022,3903,-0.0659860124153,-1.30463499774,DESCRIPTIVE_YEAR_DELETION_NOT_A_TRADING_PATH
cost_stress,trend_pullback_3_g150,2023,3904,-0.0626904190643,-1.23112330614,DESCRIPTIVE_YEAR_DELETION_NOT_A_TRADING_PATH
cost_stress,trend_pullback_3_g150,2024,3902,-0.0639261900362,-1.26431164166,DESCRIPTIVE_YEAR_DELETION_NOT_A_TRADING_PATH
cost_stress,trend_pullback_5_g100,2008,4026,-0.0167659314154,-0.660823697201,DESCRIPTIVE_YEAR_DELETION_NOT_A_TRADING_PATH
cost_stress,trend_pullback_5_g100,2009,3902,-0.0174916577419,-0.706376078059,DESCRIPTIVE_YEAR_DELETION_NOT_A_TRADING_PATH
cost_stress,trend_pullback_5_g100,2010,3902,-0.0127655189969,-0.609547074175,DESCRIPTIVE_YEAR_DELETION_NOT_A_TRADING_PATH
cost_stress,trend_pullback_5_g100,2011,3902,-0.0154905204678,-0.656919475072,DESCRIPTIVE_YEAR_DELETION_NOT_A_TRADING_PATH
cost_stress,trend_pullback_5_g100,2012,3904,-0.0158894037049,-0.660679382346,DESCRIPTIVE_YEAR_DELETION_NOT_A_TRADING_PATH
cost_stress,trend_pullback_5_g100,2013,3902,-0.0163300967952,-0.668520007656,DESCRIPTIVE_YEAR_DELETION_NOT_A_TRADING_PATH
cost_stress,trend_pullback_5_g100,2014,3902,-0.0146459387684,-0.626785587322,DESCRIPTIVE_YEAR_DELETION_NOT_A_TRADING_PATH
cost_stress,trend_pullback_5_g100,2015,3902,-0.0153789458318,-0.64212493602,DESCRIPTIVE_YEAR_DELETION_NOT_A_TRADING_PATH
cost_stress,trend_pullback_5_g100,2016,3902,-0.0162225014697,-0.65752203355,DESCRIPTIVE_YEAR_DELETION_NOT_A_TRADING_PATH
cost_stress,trend_pullback_5_g100,2017,3903,-0.0168952226943,-0.660794585398,DESCRIPTIVE_YEAR_DELETION_NOT_A_TRADING_PATH
cost_stress,trend_pullback_5_g100,2018,3903,-0.0143232923777,-0.649939344732,DESCRIPTIVE_YEAR_DELETION_NOT_A_TRADING_PATH
cost_stress,trend_pullback_5_g100,2019,3902,-0.0156712938904,-0.619236474718,DESCRIPTIVE_YEAR_DELETION_NOT_A_TRADING_PATH
cost_stress,trend_pullback_5_g100,2020,3901,-0.0161703041106,-0.686723505007,DESCRIPTIVE_YEAR_DELETION_NOT_A_TRADING_PATH
cost_stress,trend_pullback_5_g100,2021,3902,-0.0180261553813,-0.727306592664,DESCRIPTIVE_YEAR_DELETION_NOT_A_TRADING_PATH
cost_stress,trend_pullback_5_g100,2022,3903,-0.0171418135579,-0.653997493621,DESCRIPTIVE_YEAR_DELETION_NOT_A_TRADING_PATH
cost_stress,trend_pullback_5_g100,2023,3904,-0.0173440461353,-0.610998534518,DESCRIPTIVE_YEAR_DELETION_NOT_A_TRADING_PATH
cost_stress,trend_pullback_5_g100,2024,3902,-0.0197207211303,-0.683919863735,DESCRIPTIVE_YEAR_DELETION_NOT_A_TRADING_PATH
cost_stress,trend_pullback_5_g150,2008,4026,-0.0302618097319,-0.693194752118,DESCRIPTIVE_YEAR_DELETION_NOT_A_TRADING_PATH
cost_stress,trend_pullback_5_g150,2009,3902,-0.0317736222203,-0.741920507219,DESCRIPTIVE_YEAR_DELETION_NOT_A_TRADING_PATH
cost_stress,trend_pullback_5_g150,2010,3902,-0.0250630587987,-0.650369989246,DESCRIPTIVE_YEAR_DELETION_NOT_A_TRADING_PATH
cost_stress,trend_pullback_5_g150,2011,3902,-0.0286279021286,-0.689035281169,DESCRIPTIVE_YEAR_DELETION_NOT_A_TRADING_PATH
cost_stress,trend_pullback_5_g150,2012,3904,-0.0291670901557,-0.69228961955,DESCRIPTIVE_YEAR_DELETION_NOT_A_TRADING_PATH
cost_stress,trend_pullback_5_g150,2013,3902,-0.0299458695336,-0.702918956501,DESCRIPTIVE_YEAR_DELETION_NOT_A_TRADING_PATH
cost_stress,trend_pullback_5_g150,2014,3902,-0.0274389322591,-0.659019461444,DESCRIPTIVE_YEAR_DELETION_NOT_A_TRADING_PATH
cost_stress,trend_pullback_5_g150,2015,3902,-0.0285311103534,-0.674291592125,DESCRIPTIVE_YEAR_DELETION_NOT_A_TRADING_PATH
cost_stress,trend_pullback_5_g150,2016,3902,-0.0296805788453,-0.689537757886,DESCRIPTIVE_YEAR_DELETION_NOT_A_TRADING_PATH
cost_stress,trend_pullback_5_g150,2017,3903,-0.030499668571,-0.692734684111,DESCRIPTIVE_YEAR_DELETION_NOT_A_TRADING_PATH
cost_stress,trend_pullback_5_g150,2018,3903,-0.0261201546517,-0.664662152467,DESCRIPTIVE_YEAR_DELETION_NOT_A_TRADING_PATH
cost_stress,trend_pullback_5_g150,2019,3902,-0.0283100762579,-0.651047560516,DESCRIPTIVE_YEAR_DELETION_NOT_A_TRADING_PATH
cost_stress,trend_pullback_5_g150,2020,3901,-0.0292441861861,-0.715838907586,DESCRIPTIVE_YEAR_DELETION_NOT_A_TRADING_PATH
cost_stress,trend_pullback_5_g150,2021,3902,-0.0321460743392,-0.759880023873,DESCRIPTIVE_YEAR_DELETION_NOT_A_TRADING_PATH
cost_stress,trend_pullback_5_g150,2022,3903,-0.0306389698484,-0.685305322219,DESCRIPTIVE_YEAR_DELETION_NOT_A_TRADING_PATH
cost_stress,trend_pullback_5_g150,2023,3904,-0.0298672579672,-0.641162847099,DESCRIPTIVE_YEAR_DELETION_NOT_A_TRADING_PATH
cost_stress,trend_pullback_5_g150,2024,3902,-0.0330315516737,-0.710924110068,DESCRIPTIVE_YEAR_DELETION_NOT_A_TRADING_PATH
delay_one_session,bil_buy_hold,2008,4026,0.0100236915919,-0.250186219771,DESCRIPTIVE_YEAR_DELETION_NOT_A_TRADING_PATH
delay_one_session,bil_buy_hold,2009,3902,0.0104372510453,-0.281861106905,DESCRIPTIVE_YEAR_DELETION_NOT_A_TRADING_PATH
delay_one_session,bil_buy_hold,2010,3902,0.0106422519114,-0.281861106905,DESCRIPTIVE_YEAR_DELETION_NOT_A_TRADING_PATH
delay_one_session,bil_buy_hold,2011,3902,0.0106394069271,-0.281861106905,DESCRIPTIVE_YEAR_DELETION_NOT_A_TRADING_PATH
delay_one_session,bil_buy_hold,2012,3904,0.0106367606259,-0.281788895367,DESCRIPTIVE_YEAR_DELETION_NOT_A_TRADING_PATH
delay_one_session,bil_buy_hold,2013,3902,0.0106708385422,-0.281861106906,DESCRIPTIVE_YEAR_DELETION_NOT_A_TRADING_PATH
delay_one_session,bil_buy_hold,2014,3902,0.0106565581037,-0.281861106907,DESCRIPTIVE_YEAR_DELETION_NOT_A_TRADING_PATH
delay_one_session,bil_buy_hold,2015,3902,0.0106994516702,-0.281861106904,DESCRIPTIVE_YEAR_DELETION_NOT_A_TRADING_PATH
delay_one_session,bil_buy_hold,2016,3902,0.0105423852877,-0.281861106904,DESCRIPTIVE_YEAR_DELETION_NOT_A_TRADING_PATH
delay_one_session,bil_buy_hold,2017,3903,0.0101630462601,-0.281824994199,DESCRIPTIVE_YEAR_DELETION_NOT_A_TRADING_PATH
delay_one_session,bil_buy_hold,2018,3903,0.00948777380286,-0.281824994198,DESCRIPTIVE_YEAR_DELETION_NOT_A_TRADING_PATH
delay_one_session,bil_buy_hold,2019,3902,0.00930171688507,-0.281861106905,DESCRIPTIVE_YEAR_DELETION_NOT_A_TRADING_PATH
delay_one_session,bil_buy_hold,2020,3901,0.0103568506657,-0.281897233497,DESCRIPTIVE_YEAR_DELETION_NOT_A_TRADING_PATH
delay_one_session,bil_buy_hold,2021,3902,0.0106780232005,-0.281861106905,DESCRIPTIVE_YEAR_DELETION_NOT_A_TRADING_PATH
delay_one_session,bil_buy_hold,2022,3903,0.00970133399579,-0.281824994198,DESCRIPTIVE_YEAR_DELETION_NOT_A_TRADING_PATH
delay_one_session,bil_buy_hold,2023,3904,0.00746470793999,-0.281788895368,DESCRIPTIVE_YEAR_DELETION_NOT_A_TRADING_PATH
delay_one_session,bil_buy_hold,2024,3902,0.00734028641263,-0.169289894959,DESCRIPTIVE_YEAR_DELETION_NOT_A_TRADING_PATH
delay_one_session,dual_momentum_126_g100,2008,4026,0.0651734870346,0.464845284889,DESCRIPTIVE_YEAR_DELETION_NOT_A_TRADING_PATH
delay_one_session,dual_momentum_126_g100,2009,3902,0.0605944260667,0.427217658219,DESCRIPTIVE_YEAR_DELETION_NOT_A_TRADING_PATH
delay_one_session,dual_momentum_126_g100,2010,3902,0.0622092176707,0.441169953169,DESCRIPTIVE_YEAR_DELETION_NOT_A_TRADING_PATH
delay_one_session,dual_momentum_126_g100,2011,3902,0.0605085470356,0.426864146406,DESCRIPTIVE_YEAR_DELETION_NOT_A_TRADING_PATH
delay_one_session,dual_momentum_126_g100,2012,3904,0.06254866952,0.435206058693,DESCRIPTIVE_YEAR_DELETION_NOT_A_TRADING_PATH
delay_one_session,dual_momentum_126_g100,2013,3902,0.0526201980058,0.368065919854,DESCRIPTIVE_YEAR_DELETION_NOT_A_TRADING_PATH
delay_one_session,dual_momentum_126_g100,2014,3902,0.0597443837737,0.415104620276,DESCRIPTIVE_YEAR_DELETION_NOT_A_TRADING_PATH
delay_one_session,dual_momentum_126_g100,2015,3902,0.0710685119366,0.496704202753,DESCRIPTIVE_YEAR_DELETION_NOT_A_TRADING_PATH
delay_one_session,dual_momentum_126_g100,2016,3902,0.0585867133535,0.409519182445,DESCRIPTIVE_YEAR_DELETION_NOT_A_TRADING_PATH
delay_one_session,dual_momentum_126_g100,2017,3903,0.0531700924615,0.372408258706,DESCRIPTIVE_YEAR_DELETION_NOT_A_TRADING_PATH
delay_one_session,dual_momentum_126_g100,2018,3903,0.0668906056297,0.479946915845,DESCRIPTIVE_YEAR_DELETION_NOT_A_TRADING_PATH
delay_one_session,dual_momentum_126_g100,2019,3902,0.0653773385421,0.463046639359,DESCRIPTIVE_YEAR_DELETION_NOT_A_TRADING_PATH
delay_one_session,dual_momentum_126_g100,2020,3901,0.0604269420337,0.451910283145,DESCRIPTIVE_YEAR_DELETION_NOT_A_TRADING_PATH
delay_one_session,dual_momentum_126_g100,2021,3902,0.0546439941707,0.385182652437,DESCRIPTIVE_YEAR_DELETION_NOT_A_TRADING_PATH
delay_one_session,dual_momentum_126_g100,2022,3903,0.072024694181,0.509335130596,DESCRIPTIVE_YEAR_DELETION_NOT_A_TRADING_PATH
delay_one_session,dual_momentum_126_g100,2023,3904,0.0566484586737,0.417443026023,DESCRIPTIVE_YEAR_DELETION_NOT_A_TRADING_PATH
delay_one_session,dual_momentum_126_g100,2024,3902,0.0567525463071,0.421766965131,DESCRIPTIVE_YEAR_DELETION_NOT_A_TRADING_PATH
delay_one_session,dual_momentum_126_g150,2008,4026,0.0756359145096,0.462810840178,DESCRIPTIVE_YEAR_DELETION_NOT_A_TRADING_PATH
delay_one_session,dual_momentum_126_g150,2009,3902,0.0742079598686,0.44863990592,DESCRIPTIVE_YEAR_DELETION_NOT_A_TRADING_PATH
delay_one_session,dual_momentum_126_g150,2010,3902,0.0735767573771,0.446618443611,DESCRIPTIVE_YEAR_DELETION_NOT_A_TRADING_PATH
delay_one_session,dual_momentum_126_g150,2011,3902,0.0701763897277,0.428157066662,DESCRIPTIVE_YEAR_DELETION_NOT_A_TRADING_PATH
delay_one_session,dual_momentum_126_g150,2012,3904,0.0743146971801,0.44703005799,DESCRIPTIVE_YEAR_DELETION_NOT_A_TRADING_PATH
delay_one_session,dual_momentum_126_g150,2013,3902,0.0614923874885,0.377561092377,DESCRIPTIVE_YEAR_DELETION_NOT_A_TRADING_PATH
delay_one_session,dual_momentum_126_g150,2014,3902,0.0687418716804,0.415570333646,DESCRIPTIVE_YEAR_DELETION_NOT_A_TRADING_PATH
delay_one_session,dual_momentum_126_g150,2015,3902,0.0844140366841,0.505619220792,DESCRIPTIVE_YEAR_DELETION_NOT_A_TRADING_PATH
delay_one_session,dual_momentum_126_g150,2016,3902,0.0676519386862,0.411983401415,DESCRIPTIVE_YEAR_DELETION_NOT_A_TRADING_PATH
delay_one_session,dual_momentum_126_g150,2017,3903,0.0601832519998,0.370753298587,DESCRIPTIVE_YEAR_DELETION_NOT_A_TRADING_PATH
delay_one_session,dual_momentum_126_g150,2018,3903,0.0823884111194,0.507076869422,DESCRIPTIVE_YEAR_DELETION_NOT_A_TRADING_PATH
delay_one_session,dual_momentum_126_g150,2019,3902,0.0787038915103,0.478938542494,DESCRIPTIVE_YEAR_DELETION_NOT_A_TRADING_PATH
delay_one_session,dual_momentum_126_g150,2020,3901,0.0705883999653,0.445654855519,DESCRIPTIVE_YEAR_DELETION_NOT_A_TRADING_PATH
delay_one_session,dual_momentum_126_g150,2021,3902,0.0665439290424,0.407687032731,DESCRIPTIVE_YEAR_DELETION_NOT_A_TRADING_PATH
delay_one_session,dual_momentum_126_g150,2022,3903,0.0852605836475,0.514201258535,DESCRIPTIVE_YEAR_DELETION_NOT_A_TRADING_PATH
delay_one_session,dual_momentum_126_g150,2023,3904,0.0672867047989,0.426898582706,DESCRIPTIVE_YEAR_DELETION_NOT_A_TRADING_PATH
delay_one_session,dual_momentum_126_g150,2024,3902,0.0693354523718,0.44229291282,DESCRIPTIVE_YEAR_DELETION_NOT_A_TRADING_PATH
delay_one_session,dual_momentum_252_g100,2008,4026,0.0575387229351,0.427592885307,DESCRIPTIVE_YEAR_DELETION_NOT_A_TRADING_PATH
delay_one_session,dual_momentum_252_g100,2009,3902,0.0516360956569,0.376079937643,DESCRIPTIVE_YEAR_DELETION_NOT_A_TRADING_PATH
delay_one_session,dual_momentum_252_g100,2010,3902,0.0464273693233,0.343113540733,DESCRIPTIVE_YEAR_DELETION_NOT_A_TRADING_PATH
delay_one_session,dual_momentum_252_g100,2011,3902,0.0613825906315,0.45343682512,DESCRIPTIVE_YEAR_DELETION_NOT_A_TRADING_PATH
delay_one_session,dual_momentum_252_g100,2012,3904,0.0549994287335,0.396886138731,DESCRIPTIVE_YEAR_DELETION_NOT_A_TRADING_PATH
delay_one_session,dual_momentum_252_g100,2013,3902,0.0416988715337,0.301034812419,DESCRIPTIVE_YEAR_DELETION_NOT_A_TRADING_PATH
delay_one_session,dual_momentum_252_g100,2014,3902,0.0497045291531,0.360196982084,DESCRIPTIVE_YEAR_DELETION_NOT_A_TRADING_PATH
delay_one_session,dual_momentum_252_g100,2015,3902,0.0592735257925,0.433721423422,DESCRIPTIVE_YEAR_DELETION_NOT_A_TRADING_PATH
delay_one_session,dual_momentum_252_g100,2016,3902,0.0654873200386,0.475009723916,DESCRIPTIVE_YEAR_DELETION_NOT_A_TRADING_PATH
delay_one_session,dual_momentum_252_g100,2017,3903,0.0439056375481,0.319255290589,DESCRIPTIVE_YEAR_DELETION_NOT_A_TRADING_PATH
delay_one_session,dual_momentum_252_g100,2018,3903,0.066112413868,0.501247014441,DESCRIPTIVE_YEAR_DELETION_NOT_A_TRADING_PATH
delay_one_session,dual_momentum_252_g100,2019,3902,0.0528805546673,0.392077537728,DESCRIPTIVE_YEAR_DELETION_NOT_A_TRADING_PATH
delay_one_session,dual_momentum_252_g100,2020,3901,0.0476840532026,0.352905559883,DESCRIPTIVE_YEAR_DELETION_NOT_A_TRADING_PATH
delay_one_session,dual_momentum_252_g100,2021,3902,0.0494919190766,0.363354717144,DESCRIPTIVE_YEAR_DELETION_NOT_A_TRADING_PATH
delay_one_session,dual_momentum_252_g100,2022,3903,0.0607097453108,0.450859388362,DESCRIPTIVE_YEAR_DELETION_NOT_A_TRADING_PATH
delay_one_session,dual_momentum_252_g100,2023,3904,0.0535946291948,0.412280695855,DESCRIPTIVE_YEAR_DELETION_NOT_A_TRADING_PATH
delay_one_session,dual_momentum_252_g100,2024,3902,0.043808521309,0.344008990683,DESCRIPTIVE_YEAR_DELETION_NOT_A_TRADING_PATH
delay_one_session,dual_momentum_252_g150,2008,4026,0.0668154911554,0.42170492844,DESCRIPTIVE_YEAR_DELETION_NOT_A_TRADING_PATH
delay_one_session,dual_momentum_252_g150,2009,3902,0.0624869062677,0.390782245446,DESCRIPTIVE_YEAR_DELETION_NOT_A_TRADING_PATH
delay_one_session,dual_momentum_252_g150,2010,3902,0.0572501082577,0.362166278037,DESCRIPTIVE_YEAR_DELETION_NOT_A_TRADING_PATH
delay_one_session,dual_momentum_252_g150,2011,3902,0.0723389734527,0.450141897387,DESCRIPTIVE_YEAR_DELETION_NOT_A_TRADING_PATH
delay_one_session,dual_momentum_252_g150,2012,3904,0.0661075515347,0.409161798405,DESCRIPTIVE_YEAR_DELETION_NOT_A_TRADING_PATH
delay_one_session,dual_momentum_252_g150,2013,3902,0.0490204907273,0.311864168972,DESCRIPTIVE_YEAR_DELETION_NOT_A_TRADING_PATH
delay_one_session,dual_momentum_252_g150,2014,3902,0.0591217472202,0.370461068345,DESCRIPTIVE_YEAR_DELETION_NOT_A_TRADING_PATH
delay_one_session,dual_momentum_252_g150,2015,3902,0.0704781202204,0.43934691957,DESCRIPTIVE_YEAR_DELETION_NOT_A_TRADING_PATH
delay_one_session,dual_momentum_252_g150,2016,3902,0.0811328162792,0.496967436106,DESCRIPTIVE_YEAR_DELETION_NOT_A_TRADING_PATH
delay_one_session,dual_momentum_252_g150,2017,3903,0.0497883656474,0.318255587081,DESCRIPTIVE_YEAR_DELETION_NOT_A_TRADING_PATH
delay_one_session,dual_momentum_252_g150,2018,3903,0.0805070029193,0.511607571427,DESCRIPTIVE_YEAR_DELETION_NOT_A_TRADING_PATH
delay_one_session,dual_momentum_252_g150,2019,3902,0.0639538319196,0.405451249445,DESCRIPTIVE_YEAR_DELETION_NOT_A_TRADING_PATH
delay_one_session,dual_momentum_252_g150,2020,3901,0.0570863096494,0.366501890365,DESCRIPTIVE_YEAR_DELETION_NOT_A_TRADING_PATH
delay_one_session,dual_momentum_252_g150,2021,3902,0.0607794730954,0.382128109456,DESCRIPTIVE_YEAR_DELETION_NOT_A_TRADING_PATH
delay_one_session,dual_momentum_252_g150,2022,3903,0.0740164009507,0.462436938994,DESCRIPTIVE_YEAR_DELETION_NOT_A_TRADING_PATH
delay_one_session,dual_momentum_252_g150,2023,3904,0.0650920612593,0.423652189064,DESCRIPTIVE_YEAR_DELETION_NOT_A_TRADING_PATH
delay_one_session,dual_momentum_252_g150,2024,3902,0.0536316032333,0.360249639687,DESCRIPTIVE_YEAR_DELETION_NOT_A_TRADING_PATH
delay_one_session,dual_momentum_63_g100,2008,4026,0.0701891278291,0.529703972251,DESCRIPTIVE_YEAR_DELETION_NOT_A_TRADING_PATH
delay_one_session,dual_momentum_63_g100,2009,3902,0.0621434957048,0.467426052124,DESCRIPTIVE_YEAR_DELETION_NOT_A_TRADING_PATH
delay_one_session,dual_momentum_63_g100,2010,3902,0.058481433923,0.443110317201,DESCRIPTIVE_YEAR_DELETION_NOT_A_TRADING_PATH
delay_one_session,dual_momentum_63_g100,2011,3902,0.060721041206,0.454742503653,DESCRIPTIVE_YEAR_DELETION_NOT_A_TRADING_PATH
delay_one_session,dual_momentum_63_g100,2012,3904,0.074837627505,0.556298473401,DESCRIPTIVE_YEAR_DELETION_NOT_A_TRADING_PATH
delay_one_session,dual_momentum_63_g100,2013,3902,0.0615936823434,0.457793755515,DESCRIPTIVE_YEAR_DELETION_NOT_A_TRADING_PATH
delay_one_session,dual_momentum_63_g100,2014,3902,0.0659637911483,0.486525438873,DESCRIPTIVE_YEAR_DELETION_NOT_A_TRADING_PATH
delay_one_session,dual_momentum_63_g100,2015,3902,0.0778239332825,0.578684420684,DESCRIPTIVE_YEAR_DELETION_NOT_A_TRADING_PATH
delay_one_session,dual_momentum_63_g100,2016,3902,0.0761085880139,0.570561878792,DESCRIPTIVE_YEAR_DELETION_NOT_A_TRADING_PATH
delay_one_session,dual_momentum_63_g100,2017,3903,0.0605804301573,0.449699718989,DESCRIPTIVE_YEAR_DELETION_NOT_A_TRADING_PATH
delay_one_session,dual_momentum_63_g100,2018,3903,0.0755188882442,0.577169648959,DESCRIPTIVE_YEAR_DELETION_NOT_A_TRADING_PATH
delay_one_session,dual_momentum_63_g100,2019,3902,0.0692190950005,0.52406906026,DESCRIPTIVE_YEAR_DELETION_NOT_A_TRADING_PATH
delay_one_session,dual_momentum_63_g100,2020,3901,0.0612686793212,0.468628711194,DESCRIPTIVE_YEAR_DELETION_NOT_A_TRADING_PATH
delay_one_session,dual_momentum_63_g100,2021,3902,0.0625558414405,0.468732493729,DESCRIPTIVE_YEAR_DELETION_NOT_A_TRADING_PATH
delay_one_session,dual_momentum_63_g100,2022,3903,0.079081153574,0.597891340785,DESCRIPTIVE_YEAR_DELETION_NOT_A_TRADING_PATH
delay_one_session,dual_momentum_63_g100,2023,3904,0.0610704810292,0.477772215832,DESCRIPTIVE_YEAR_DELETION_NOT_A_TRADING_PATH
delay_one_session,dual_momentum_63_g100,2024,3902,0.0730991948146,0.576434792247,DESCRIPTIVE_YEAR_DELETION_NOT_A_TRADING_PATH
delay_one_session,dual_momentum_63_g150,2008,4026,0.0743048144295,0.469050325957,DESCRIPTIVE_YEAR_DELETION_NOT_A_TRADING_PATH
delay_one_session,dual_momentum_63_g150,2009,3902,0.0680641816007,0.427490916225,DESCRIPTIVE_YEAR_DELETION_NOT_A_TRADING_PATH
delay_one_session,dual_momentum_63_g150,2010,3902,0.0616203339982,0.391513354284,DESCRIPTIVE_YEAR_DELETION_NOT_A_TRADING_PATH
delay_one_session,dual_momentum_63_g150,2011,3902,0.0623329928109,0.395778534759,DESCRIPTIVE_YEAR_DELETION_NOT_A_TRADING_PATH
delay_one_session,dual_momentum_63_g150,2012,3904,0.0828645610058,0.511516234606,DESCRIPTIVE_YEAR_DELETION_NOT_A_TRADING_PATH
delay_one_session,dual_momentum_63_g150,2013,3902,0.0644904617085,0.406247365176,DESCRIPTIVE_YEAR_DELETION_NOT_A_TRADING_PATH
delay_one_session,dual_momentum_63_g150,2014,3902,0.0687203049955,0.428212036327,DESCRIPTIVE_YEAR_DELETION_NOT_A_TRADING_PATH
delay_one_session,dual_momentum_63_g150,2015,3902,0.0850512259944,0.525509020235,DESCRIPTIVE_YEAR_DELETION_NOT_A_TRADING_PATH
delay_one_session,dual_momentum_63_g150,2016,3902,0.0819496981563,0.509090370326,DESCRIPTIVE_YEAR_DELETION_NOT_A_TRADING_PATH
delay_one_session,dual_momentum_63_g150,2017,3903,0.0610553950671,0.386349646717,DESCRIPTIVE_YEAR_DELETION_NOT_A_TRADING_PATH
delay_one_session,dual_momentum_63_g150,2018,3903,0.0824700537355,0.525346139916,DESCRIPTIVE_YEAR_DELETION_NOT_A_TRADING_PATH
delay_one_session,dual_momentum_63_g150,2019,3902,0.0749128816671,0.474968157437,DESCRIPTIVE_YEAR_DELETION_NOT_A_TRADING_PATH
delay_one_session,dual_momentum_63_g150,2020,3901,0.0678911971812,0.437219257427,DESCRIPTIVE_YEAR_DELETION_NOT_A_TRADING_PATH
delay_one_session,dual_momentum_63_g150,2021,3902,0.0674391274114,0.424955731154,DESCRIPTIVE_YEAR_DELETION_NOT_A_TRADING_PATH
delay_one_session,dual_momentum_63_g150,2022,3903,0.0846550982371,0.530420834032,DESCRIPTIVE_YEAR_DELETION_NOT_A_TRADING_PATH
delay_one_session,dual_momentum_63_g150,2023,3904,0.0661536134766,0.433493016444,DESCRIPTIVE_YEAR_DELETION_NOT_A_TRADING_PATH
delay_one_session,dual_momentum_63_g150,2024,3902,0.0808111378498,0.526567466329,DESCRIPTIVE_YEAR_DELETION_NOT_A_TRADING_PATH
delay_one_session,fixed_blend_g100,2008,4026,0.0142753984202,0.106750540099,DESCRIPTIVE_YEAR_DELETION_NOT_A_TRADING_PATH
delay_one_session,fixed_blend_g100,2009,3902,0.0124187227318,0.0620871772239,DESCRIPTIVE_YEAR_DELETION_NOT_A_TRADING_PATH
delay_one_session,fixed_blend_g100,2010,3902,0.0141838941783,0.092164712577,DESCRIPTIVE_YEAR_DELETION_NOT_A_TRADING_PATH
delay_one_session,fixed_blend_g100,2011,3902,0.0137018898195,0.082601906776,DESCRIPTIVE_YEAR_DELETION_NOT_A_TRADING_PATH
delay_one_session,fixed_blend_g100,2012,3904,0.0136879514047,0.0819483303116,DESCRIPTIVE_YEAR_DELETION_NOT_A_TRADING_PATH
delay_one_session,fixed_blend_g100,2013,3902,0.00989689542349,0.00992627459427,DESCRIPTIVE_YEAR_DELETION_NOT_A_TRADING_PATH
delay_one_session,fixed_blend_g100,2014,3902,0.0124114764419,0.057634708222,DESCRIPTIVE_YEAR_DELETION_NOT_A_TRADING_PATH
delay_one_session,fixed_blend_g100,2015,3902,0.0170874304369,0.144675654181,DESCRIPTIVE_YEAR_DELETION_NOT_A_TRADING_PATH
delay_one_session,fixed_blend_g100,2016,3902,0.0116119008773,0.0447736066677,DESCRIPTIVE_YEAR_DELETION_NOT_A_TRADING_PATH
delay_one_session,fixed_blend_g100,2017,3903,0.00996878642017,0.0212649721844,DESCRIPTIVE_YEAR_DELETION_NOT_A_TRADING_PATH
delay_one_session,fixed_blend_g100,2018,3903,0.0152016834639,0.13366970742,DESCRIPTIVE_YEAR_DELETION_NOT_A_TRADING_PATH
delay_one_session,fixed_blend_g100,2019,3902,0.0134001183879,0.101256861244,DESCRIPTIVE_YEAR_DELETION_NOT_A_TRADING_PATH
delay_one_session,fixed_blend_g100,2020,3901,0.0128166126881,0.0720826117416,DESCRIPTIVE_YEAR_DELETION_NOT_A_TRADING_PATH
delay_one_session,fixed_blend_g100,2021,3902,0.0117727625673,0.045056510051,DESCRIPTIVE_YEAR_DELETION_NOT_A_TRADING_PATH
delay_one_session,fixed_blend_g100,2022,3903,0.0194299284645,0.207150171075,DESCRIPTIVE_YEAR_DELETION_NOT_A_TRADING_PATH
delay_one_session,fixed_blend_g100,2023,3904,0.00982792082181,0.0691961273606,DESCRIPTIVE_YEAR_DELETION_NOT_A_TRADING_PATH
delay_one_session,fixed_blend_g100,2024,3902,0.0120426455829,0.114511270536,DESCRIPTIVE_YEAR_DELETION_NOT_A_TRADING_PATH
delay_one_session,fixed_blend_g150,2008,4026,0.00917742251746,0.020947486678,DESCRIPTIVE_YEAR_DELETION_NOT_A_TRADING_PATH
delay_one_session,fixed_blend_g150,2009,3902,0.00838294361766,0.00353851443944,DESCRIPTIVE_YEAR_DELETION_NOT_A_TRADING_PATH
delay_one_session,fixed_blend_g150,2010,3902,0.00900478257852,0.00921155091675,DESCRIPTIVE_YEAR_DELETION_NOT_A_TRADING_PATH
delay_one_session,fixed_blend_g150,2011,3902,0.00930698093512,0.0136971401407,DESCRIPTIVE_YEAR_DELETION_NOT_A_TRADING_PATH
delay_one_session,fixed_blend_g150,2012,3904,0.00898279359414,0.00982180970122,DESCRIPTIVE_YEAR_DELETION_NOT_A_TRADING_PATH
delay_one_session,fixed_blend_g150,2013,3902,0.00447124805967,-0.055869863822,DESCRIPTIVE_YEAR_DELETION_NOT_A_TRADING_PATH
delay_one_session,fixed_blend_g150,2014,3902,0.00692236590209,-0.0205807973608,DESCRIPTIVE_YEAR_DELETION_NOT_A_TRADING_PATH
delay_one_session,fixed_blend_g150,2015,3902,0.0130037115931,0.0661405814277,DESCRIPTIVE_YEAR_DELETION_NOT_A_TRADING_PATH
delay_one_session,fixed_blend_g150,2016,3902,0.00607198278887,-0.030375000926,DESCRIPTIVE_YEAR_DELETION_NOT_A_TRADING_PATH
delay_one_session,fixed_blend_g150,2017,3903,0.00340871135239,-0.062566242376,DESCRIPTIVE_YEAR_DELETION_NOT_A_TRADING_PATH
delay_one_session,fixed_blend_g150,2018,3903,0.0112888999551,0.0588061200839,DESCRIPTIVE_YEAR_DELETION_NOT_A_TRADING_PATH
delay_one_session,fixed_blend_g150,2019,3902,0.00887609570498,0.0275235505031,DESCRIPTIVE_YEAR_DELETION_NOT_A_TRADING_PATH
delay_one_session,fixed_blend_g150,2020,3901,0.00974225847403,0.0220578599826,DESCRIPTIVE_YEAR_DELETION_NOT_A_TRADING_PATH
delay_one_session,fixed_blend_g150,2021,3902,0.00777840529647,-0.00976901110315,DESCRIPTIVE_YEAR_DELETION_NOT_A_TRADING_PATH
delay_one_session,fixed_blend_g150,2022,3903,0.0167824514978,0.134249625199,DESCRIPTIVE_YEAR_DELETION_NOT_A_TRADING_PATH
delay_one_session,fixed_blend_g150,2023,3904,0.00521686217997,0.00108907693811,DESCRIPTIVE_YEAR_DELETION_NOT_A_TRADING_PATH
delay_one_session,fixed_blend_g150,2024,3902,0.00842726264002,0.0490627198894,DESCRIPTIVE_YEAR_DELETION_NOT_A_TRADING_PATH
delay_one_session,raw_sector_reversal_g100,2008,4026,-0.0484908653797,-0.959421085674,DESCRIPTIVE_YEAR_DELETION_NOT_A_TRADING_PATH
delay_one_session,raw_sector_reversal_g100,2009,3902,-0.0423264669618,-0.789440064003,DESCRIPTIVE_YEAR_DELETION_NOT_A_TRADING_PATH
delay_one_session,raw_sector_reversal_g100,2010,3902,-0.0445456277305,-0.806809011788,DESCRIPTIVE_YEAR_DELETION_NOT_A_TRADING_PATH
delay_one_session,raw_sector_reversal_g100,2011,3902,-0.0467422385627,-0.845729202643,DESCRIPTIVE_YEAR_DELETION_NOT_A_TRADING_PATH
delay_one_session,raw_sector_reversal_g100,2012,3904,-0.0451495875313,-0.814783056162,DESCRIPTIVE_YEAR_DELETION_NOT_A_TRADING_PATH
delay_one_session,raw_sector_reversal_g100,2013,3902,-0.0447497763614,-0.80565898734,DESCRIPTIVE_YEAR_DELETION_NOT_A_TRADING_PATH
delay_one_session,raw_sector_reversal_g100,2014,3902,-0.0464947032062,-0.83526795481,DESCRIPTIVE_YEAR_DELETION_NOT_A_TRADING_PATH
delay_one_session,raw_sector_reversal_g100,2015,3902,-0.0424636851276,-0.774209206116,DESCRIPTIVE_YEAR_DELETION_NOT_A_TRADING_PATH
delay_one_session,raw_sector_reversal_g100,2016,3902,-0.0454048452529,-0.824532182419,DESCRIPTIVE_YEAR_DELETION_NOT_A_TRADING_PATH
delay_one_session,raw_sector_reversal_g100,2017,3903,-0.0487309875455,-0.860657011709,DESCRIPTIVE_YEAR_DELETION_NOT_A_TRADING_PATH
delay_one_session,raw_sector_reversal_g100,2018,3903,-0.0458969384161,-0.819112610429,DESCRIPTIVE_YEAR_DELETION_NOT_A_TRADING_PATH
delay_one_session,raw_sector_reversal_g100,2019,3902,-0.0471085340659,-0.829911915353,DESCRIPTIVE_YEAR_DELETION_NOT_A_TRADING_PATH
delay_one_session,raw_sector_reversal_g100,2020,3901,-0.0439314859133,-0.840749559274,DESCRIPTIVE_YEAR_DELETION_NOT_A_TRADING_PATH
delay_one_session,raw_sector_reversal_g100,2021,3902,-0.0410927966681,-0.77268691714,DESCRIPTIVE_YEAR_DELETION_NOT_A_TRADING_PATH
delay_one_session,raw_sector_reversal_g100,2022,3903,-0.0433808463269,-0.813126037476,DESCRIPTIVE_YEAR_DELETION_NOT_A_TRADING_PATH
delay_one_session,raw_sector_reversal_g100,2023,3904,-0.0463543608096,-0.795182003728,DESCRIPTIVE_YEAR_DELETION_NOT_A_TRADING_PATH
delay_one_session,raw_sector_reversal_g100,2024,3902,-0.0452113677131,-0.775415436805,DESCRIPTIVE_YEAR_DELETION_NOT_A_TRADING_PATH
delay_one_session,raw_sector_reversal_g150,2008,4026,-0.0773949564843,-0.991923879777,DESCRIPTIVE_YEAR_DELETION_NOT_A_TRADING_PATH
delay_one_session,raw_sector_reversal_g150,2009,3902,-0.0701642857632,-0.854807180821,DESCRIPTIVE_YEAR_DELETION_NOT_A_TRADING_PATH
delay_one_session,raw_sector_reversal_g150,2010,3902,-0.0721365432059,-0.868854657296,DESCRIPTIVE_YEAR_DELETION_NOT_A_TRADING_PATH
delay_one_session,raw_sector_reversal_g150,2011,3902,-0.0753175881186,-0.910950549383,DESCRIPTIVE_YEAR_DELETION_NOT_A_TRADING_PATH
delay_one_session,raw_sector_reversal_g150,2012,3904,-0.0729709851357,-0.876520249071,DESCRIPTIVE_YEAR_DELETION_NOT_A_TRADING_PATH
delay_one_session,raw_sector_reversal_g150,2013,3902,-0.0724499986749,-0.866696322156,DESCRIPTIVE_YEAR_DELETION_NOT_A_TRADING_PATH
delay_one_session,raw_sector_reversal_g150,2014,3902,-0.0749457221832,-0.898541399136,DESCRIPTIVE_YEAR_DELETION_NOT_A_TRADING_PATH
delay_one_session,raw_sector_reversal_g150,2015,3902,-0.0691187613437,-0.833511978146,DESCRIPTIVE_YEAR_DELETION_NOT_A_TRADING_PATH
delay_one_session,raw_sector_reversal_g150,2016,3902,-0.0732831901045,-0.888420735324,DESCRIPTIVE_YEAR_DELETION_NOT_A_TRADING_PATH
delay_one_session,raw_sector_reversal_g150,2017,3903,-0.0780112357674,-0.925781251987,DESCRIPTIVE_YEAR_DELETION_NOT_A_TRADING_PATH
delay_one_session,raw_sector_reversal_g150,2018,3903,-0.0735547874137,-0.88344757809,DESCRIPTIVE_YEAR_DELETION_NOT_A_TRADING_PATH
delay_one_session,raw_sector_reversal_g150,2019,3902,-0.0752416446915,-0.89405709005,DESCRIPTIVE_YEAR_DELETION_NOT_A_TRADING_PATH
delay_one_session,raw_sector_reversal_g150,2020,3901,-0.0693479887294,-0.881796990227,DESCRIPTIVE_YEAR_DELETION_NOT_A_TRADING_PATH
delay_one_session,raw_sector_reversal_g150,2021,3902,-0.0671853180853,-0.836126503752,DESCRIPTIVE_YEAR_DELETION_NOT_A_TRADING_PATH
delay_one_session,raw_sector_reversal_g150,2022,3903,-0.0701732121169,-0.880881339826,DESCRIPTIVE_YEAR_DELETION_NOT_A_TRADING_PATH
delay_one_session,raw_sector_reversal_g150,2023,3904,-0.0732807419026,-0.857413798039,DESCRIPTIVE_YEAR_DELETION_NOT_A_TRADING_PATH
delay_one_session,raw_sector_reversal_g150,2024,3902,-0.0715376539333,-0.836234716115,DESCRIPTIVE_YEAR_DELETION_NOT_A_TRADING_PATH
delay_one_session,sector_reversal_10_g100,2008,4026,-0.0438170931081,-1.07498064934,DESCRIPTIVE_YEAR_DELETION_NOT_A_TRADING_PATH
delay_one_session,sector_reversal_10_g100,2009,3902,-0.0342237157109,-0.800230069278,DESCRIPTIVE_YEAR_DELETION_NOT_A_TRADING_PATH
delay_one_session,sector_reversal_10_g100,2010,3902,-0.0357825183273,-0.809512429741,DESCRIPTIVE_YEAR_DELETION_NOT_A_TRADING_PATH
delay_one_session,sector_reversal_10_g100,2011,3902,-0.0343503706532,-0.783331887915,DESCRIPTIVE_YEAR_DELETION_NOT_A_TRADING_PATH
delay_one_session,sector_reversal_10_g100,2012,3904,-0.035758509605,-0.804174234707,DESCRIPTIVE_YEAR_DELETION_NOT_A_TRADING_PATH
delay_one_session,sector_reversal_10_g100,2013,3902,-0.0353425227669,-0.799420645121,DESCRIPTIVE_YEAR_DELETION_NOT_A_TRADING_PATH
delay_one_session,sector_reversal_10_g100,2014,3902,-0.0362896955951,-0.819701018493,DESCRIPTIVE_YEAR_DELETION_NOT_A_TRADING_PATH
delay_one_session,sector_reversal_10_g100,2015,3902,-0.0352836659303,-0.805904190647,DESCRIPTIVE_YEAR_DELETION_NOT_A_TRADING_PATH
delay_one_session,sector_reversal_10_g100,2016,3902,-0.0396801698375,-0.886743182745,DESCRIPTIVE_YEAR_DELETION_NOT_A_TRADING_PATH
delay_one_session,sector_reversal_10_g100,2017,3903,-0.0367186541121,-0.814775293404,DESCRIPTIVE_YEAR_DELETION_NOT_A_TRADING_PATH
delay_one_session,sector_reversal_10_g100,2018,3903,-0.0398874295586,-0.872538346417,DESCRIPTIVE_YEAR_DELETION_NOT_A_TRADING_PATH
delay_one_session,sector_reversal_10_g100,2019,3902,-0.0406642043364,-0.877338945349,DESCRIPTIVE_YEAR_DELETION_NOT_A_TRADING_PATH
delay_one_session,sector_reversal_10_g100,2020,3901,-0.0284810855377,-0.730795655673,DESCRIPTIVE_YEAR_DELETION_NOT_A_TRADING_PATH
delay_one_session,sector_reversal_10_g100,2021,3902,-0.0299407559077,-0.721028269125,DESCRIPTIVE_YEAR_DELETION_NOT_A_TRADING_PATH
delay_one_session,sector_reversal_10_g100,2022,3903,-0.0370436395942,-0.850347292538,DESCRIPTIVE_YEAR_DELETION_NOT_A_TRADING_PATH
delay_one_session,sector_reversal_10_g100,2023,3904,-0.0387376557771,-0.815420800125,DESCRIPTIVE_YEAR_DELETION_NOT_A_TRADING_PATH
delay_one_session,sector_reversal_10_g100,2024,3902,-0.0366384705961,-0.769775223086,DESCRIPTIVE_YEAR_DELETION_NOT_A_TRADING_PATH
delay_one_session,sector_reversal_10_g150,2008,4026,-0.0692125990981,-1.07724901957,DESCRIPTIVE_YEAR_DELETION_NOT_A_TRADING_PATH
delay_one_session,sector_reversal_10_g150,2009,3902,-0.0577117981641,-0.851858859163,DESCRIPTIVE_YEAR_DELETION_NOT_A_TRADING_PATH
delay_one_session,sector_reversal_10_g150,2010,3902,-0.0591299584231,-0.852568592079,DESCRIPTIVE_YEAR_DELETION_NOT_A_TRADING_PATH
delay_one_session,sector_reversal_10_g150,2011,3902,-0.0570180027194,-0.824904579982,DESCRIPTIVE_YEAR_DELETION_NOT_A_TRADING_PATH
delay_one_session,sector_reversal_10_g150,2012,3904,-0.0590975709308,-0.846332297929,DESCRIPTIVE_YEAR_DELETION_NOT_A_TRADING_PATH
delay_one_session,sector_reversal_10_g150,2013,3902,-0.0584964850339,-0.84157266218,DESCRIPTIVE_YEAR_DELETION_NOT_A_TRADING_PATH
delay_one_session,sector_reversal_10_g150,2014,3902,-0.0598618470811,-0.863131484165,DESCRIPTIVE_YEAR_DELETION_NOT_A_TRADING_PATH
delay_one_session,sector_reversal_10_g150,2015,3902,-0.0584100717135,-0.849227748248,DESCRIPTIVE_YEAR_DELETION_NOT_A_TRADING_PATH
delay_one_session,sector_reversal_10_g150,2016,3902,-0.0647561983431,-0.934358803119,DESCRIPTIVE_YEAR_DELETION_NOT_A_TRADING_PATH
delay_one_session,sector_reversal_10_g150,2017,3903,-0.0602779245429,-0.857591481945,DESCRIPTIVE_YEAR_DELETION_NOT_A_TRADING_PATH
delay_one_session,sector_reversal_10_g150,2018,3903,-0.0645909470427,-0.919790798103,DESCRIPTIVE_YEAR_DELETION_NOT_A_TRADING_PATH
delay_one_session,sector_reversal_10_g150,2019,3902,-0.0656411884483,-0.923974314054,DESCRIPTIVE_YEAR_DELETION_NOT_A_TRADING_PATH
delay_one_session,sector_reversal_10_g150,2020,3901,-0.0484802757659,-0.772976540817,DESCRIPTIVE_YEAR_DELETION_NOT_A_TRADING_PATH
delay_one_session,sector_reversal_10_g150,2021,3902,-0.050516374225,-0.761409198389,DESCRIPTIVE_YEAR_DELETION_NOT_A_TRADING_PATH
delay_one_session,sector_reversal_10_g150,2022,3903,-0.0604332799536,-0.899169940352,DESCRIPTIVE_YEAR_DELETION_NOT_A_TRADING_PATH
delay_one_session,sector_reversal_10_g150,2023,3904,-0.0619499368785,-0.859490654978,DESCRIPTIVE_YEAR_DELETION_NOT_A_TRADING_PATH
delay_one_session,sector_reversal_10_g150,2024,3902,-0.0588221926674,-0.811157039073,DESCRIPTIVE_YEAR_DELETION_NOT_A_TRADING_PATH
delay_one_session,sector_reversal_3_g100,2008,4026,-0.0476609154308,-1.18372305185,DESCRIPTIVE_YEAR_DELETION_NOT_A_TRADING_PATH
delay_one_session,sector_reversal_3_g100,2009,3902,-0.0433244269936,-0.971060640309,DESCRIPTIVE_YEAR_DELETION_NOT_A_TRADING_PATH
delay_one_session,sector_reversal_3_g100,2010,3902,-0.0449621895827,-0.976740095674,DESCRIPTIVE_YEAR_DELETION_NOT_A_TRADING_PATH
delay_one_session,sector_reversal_3_g100,2011,3902,-0.0446105598644,-0.974494320481,DESCRIPTIVE_YEAR_DELETION_NOT_A_TRADING_PATH
delay_one_session,sector_reversal_3_g100,2012,3904,-0.0484301632893,-1.04104966905,DESCRIPTIVE_YEAR_DELETION_NOT_A_TRADING_PATH
delay_one_session,sector_reversal_3_g100,2013,3902,-0.0460664893551,-0.997479300109,DESCRIPTIVE_YEAR_DELETION_NOT_A_TRADING_PATH
delay_one_session,sector_reversal_3_g100,2014,3902,-0.045115696491,-0.986109942801,DESCRIPTIVE_YEAR_DELETION_NOT_A_TRADING_PATH
delay_one_session,sector_reversal_3_g100,2015,3902,-0.0404722329557,-0.905582051984,DESCRIPTIVE_YEAR_DELETION_NOT_A_TRADING_PATH
delay_one_session,sector_reversal_3_g100,2016,3902,-0.050027709969,-1.08363892494,DESCRIPTIVE_YEAR_DELETION_NOT_A_TRADING_PATH
delay_one_session,sector_reversal_3_g100,2017,3903,-0.0458388986745,-0.985051687099,DESCRIPTIVE_YEAR_DELETION_NOT_A_TRADING_PATH
delay_one_session,sector_reversal_3_g100,2018,3903,-0.0472920668927,-1.00860009828,DESCRIPTIVE_YEAR_DELETION_NOT_A_TRADING_PATH
delay_one_session,sector_reversal_3_g100,2019,3902,-0.0479577907298,-1.01452719105,DESCRIPTIVE_YEAR_DELETION_NOT_A_TRADING_PATH
delay_one_session,sector_reversal_3_g100,2020,3901,-0.0443318834013,-1.039292573,DESCRIPTIVE_YEAR_DELETION_NOT_A_TRADING_PATH
delay_one_session,sector_reversal_3_g100,2021,3902,-0.0387124620688,-0.885789025856,DESCRIPTIVE_YEAR_DELETION_NOT_A_TRADING_PATH
delay_one_session,sector_reversal_3_g100,2022,3903,-0.0429170208996,-0.955543789106,DESCRIPTIVE_YEAR_DELETION_NOT_A_TRADING_PATH
delay_one_session,sector_reversal_3_g100,2023,3904,-0.0453219325971,-0.945214307695,DESCRIPTIVE_YEAR_DELETION_NOT_A_TRADING_PATH
delay_one_session,sector_reversal_3_g100,2024,3902,-0.0474402131372,-0.972789426181,DESCRIPTIVE_YEAR_DELETION_NOT_A_TRADING_PATH
delay_one_session,sector_reversal_3_g150,2008,4026,-0.0760317472591,-1.21310469827,DESCRIPTIVE_YEAR_DELETION_NOT_A_TRADING_PATH
delay_one_session,sector_reversal_3_g150,2009,3902,-0.0699934737882,-1.00783652969,DESCRIPTIVE_YEAR_DELETION_NOT_A_TRADING_PATH
delay_one_session,sector_reversal_3_g150,2010,3902,-0.0713796561106,-1.00421119943,DESCRIPTIVE_YEAR_DELETION_NOT_A_TRADING_PATH
delay_one_session,sector_reversal_3_g150,2011,3902,-0.070854354172,-1.002171352,DESCRIPTIVE_YEAR_DELETION_NOT_A_TRADING_PATH
delay_one_session,sector_reversal_3_g150,2012,3904,-0.0764295155194,-1.07122090422,DESCRIPTIVE_YEAR_DELETION_NOT_A_TRADING_PATH
delay_one_session,sector_reversal_3_g150,2013,3902,-0.0730050022484,-1.02582977546,DESCRIPTIVE_YEAR_DELETION_NOT_A_TRADING_PATH
delay_one_session,sector_reversal_3_g150,2014,3902,-0.0715864755236,-1.01428124845,DESCRIPTIVE_YEAR_DELETION_NOT_A_TRADING_PATH
delay_one_session,sector_reversal_3_g150,2015,3902,-0.0648353175067,-0.93096580621,DESCRIPTIVE_YEAR_DELETION_NOT_A_TRADING_PATH
delay_one_session,sector_reversal_3_g150,2016,3902,-0.0786761902182,-1.1166935759,DESCRIPTIVE_YEAR_DELETION_NOT_A_TRADING_PATH
delay_one_session,sector_reversal_3_g150,2017,3903,-0.0724346186498,-1.0128704719,DESCRIPTIVE_YEAR_DELETION_NOT_A_TRADING_PATH
delay_one_session,sector_reversal_3_g150,2018,3903,-0.0742366549462,-1.0381687164,DESCRIPTIVE_YEAR_DELETION_NOT_A_TRADING_PATH
delay_one_session,sector_reversal_3_g150,2019,3902,-0.0751281313476,-1.04412635442,DESCRIPTIVE_YEAR_DELETION_NOT_A_TRADING_PATH
delay_one_session,sector_reversal_3_g150,2020,3901,-0.0690090825954,-1.04296837006,DESCRIPTIVE_YEAR_DELETION_NOT_A_TRADING_PATH
delay_one_session,sector_reversal_3_g150,2021,3902,-0.0621980573579,-0.91091004567,DESCRIPTIVE_YEAR_DELETION_NOT_A_TRADING_PATH
delay_one_session,sector_reversal_3_g150,2022,3903,-0.0678834459732,-0.984685530489,DESCRIPTIVE_YEAR_DELETION_NOT_A_TRADING_PATH
delay_one_session,sector_reversal_3_g150,2023,3904,-0.0704075362605,-0.972739263747,DESCRIPTIVE_YEAR_DELETION_NOT_A_TRADING_PATH
delay_one_session,sector_reversal_3_g150,2024,3902,-0.0734537819341,-1.00084373804,DESCRIPTIVE_YEAR_DELETION_NOT_A_TRADING_PATH
delay_one_session,sector_reversal_5_g100,2008,4026,-0.0509481239765,-1.24796610175,DESCRIPTIVE_YEAR_DELETION_NOT_A_TRADING_PATH
delay_one_session,sector_reversal_5_g100,2009,3902,-0.0441582512809,-1.0011439891,DESCRIPTIVE_YEAR_DELETION_NOT_A_TRADING_PATH
delay_one_session,sector_reversal_5_g100,2010,3902,-0.0501892433872,-1.09272134142,DESCRIPTIVE_YEAR_DELETION_NOT_A_TRADING_PATH
delay_one_session,sector_reversal_5_g100,2011,3902,-0.0484948642307,-1.06309602207,DESCRIPTIVE_YEAR_DELETION_NOT_A_TRADING_PATH
delay_one_session,sector_reversal_5_g100,2012,3904,-0.0508516277147,-1.10244472237,DESCRIPTIVE_YEAR_DELETION_NOT_A_TRADING_PATH
delay_one_session,sector_reversal_5_g100,2013,3902,-0.0490664514879,-1.07205095204,DESCRIPTIVE_YEAR_DELETION_NOT_A_TRADING_PATH
delay_one_session,sector_reversal_5_g100,2014,3902,-0.0522166681013,-1.13703221428,DESCRIPTIVE_YEAR_DELETION_NOT_A_TRADING_PATH
delay_one_session,sector_reversal_5_g100,2015,3902,-0.0484315600558,-1.0672375589,DESCRIPTIVE_YEAR_DELETION_NOT_A_TRADING_PATH
delay_one_session,sector_reversal_5_g100,2016,3902,-0.0510938335943,-1.12414293617,DESCRIPTIVE_YEAR_DELETION_NOT_A_TRADING_PATH
delay_one_session,sector_reversal_5_g100,2017,3903,-0.0501327325512,-1.08199543791,DESCRIPTIVE_YEAR_DELETION_NOT_A_TRADING_PATH
delay_one_session,sector_reversal_5_g100,2018,3903,-0.0525730189503,-1.12914189868,DESCRIPTIVE_YEAR_DELETION_NOT_A_TRADING_PATH
delay_one_session,sector_reversal_5_g100,2019,3902,-0.0526156039382,-1.11992829702,DESCRIPTIVE_YEAR_DELETION_NOT_A_TRADING_PATH
delay_one_session,sector_reversal_5_g100,2020,3901,-0.0455454320046,-1.08540057404,DESCRIPTIVE_YEAR_DELETION_NOT_A_TRADING_PATH
delay_one_session,sector_reversal_5_g100,2021,3902,-0.0443637878956,-1.01504733746,DESCRIPTIVE_YEAR_DELETION_NOT_A_TRADING_PATH
delay_one_session,sector_reversal_5_g100,2022,3903,-0.044384317882,-1.00275235175,DESCRIPTIVE_YEAR_DELETION_NOT_A_TRADING_PATH
delay_one_session,sector_reversal_5_g100,2023,3904,-0.0544487450469,-1.13458028531,DESCRIPTIVE_YEAR_DELETION_NOT_A_TRADING_PATH
delay_one_session,sector_reversal_5_g100,2024,3902,-0.0496374757081,-1.03064379311,DESCRIPTIVE_YEAR_DELETION_NOT_A_TRADING_PATH
delay_one_session,sector_reversal_5_g150,2008,4026,-0.0799524758384,-1.25829328371,DESCRIPTIVE_YEAR_DELETION_NOT_A_TRADING_PATH
delay_one_session,sector_reversal_5_g150,2009,3902,-0.0705057231778,-1.02010376169,DESCRIPTIVE_YEAR_DELETION_NOT_A_TRADING_PATH
delay_one_session,sector_reversal_5_g150,2010,3902,-0.0777701110389,-1.10069940844,DESCRIPTIVE_YEAR_DELETION_NOT_A_TRADING_PATH
delay_one_session,sector_reversal_5_g150,2011,3902,-0.0752977848909,-1.07016404894,DESCRIPTIVE_YEAR_DELETION_NOT_A_TRADING_PATH
delay_one_session,sector_reversal_5_g150,2012,3904,-0.0787287545056,-1.11050626629,DESCRIPTIVE_YEAR_DELETION_NOT_A_TRADING_PATH
delay_one_session,sector_reversal_5_g150,2013,3902,-0.0761432014572,-1.07923160498,DESCRIPTIVE_YEAR_DELETION_NOT_A_TRADING_PATH
delay_one_session,sector_reversal_5_g150,2014,3902,-0.0807036702318,-1.14662329352,DESCRIPTIVE_YEAR_DELETION_NOT_A_TRADING_PATH
delay_one_session,sector_reversal_5_g150,2015,3902,-0.0752235392523,-1.07461588203,DESCRIPTIVE_YEAR_DELETION_NOT_A_TRADING_PATH
delay_one_session,sector_reversal_5_g150,2016,3902,-0.0789929117814,-1.13383065051,DESCRIPTIVE_YEAR_DELETION_NOT_A_TRADING_PATH
delay_one_session,sector_reversal_5_g150,2017,3903,-0.0774683441005,-1.08948756014,DESCRIPTIVE_YEAR_DELETION_NOT_A_TRADING_PATH
delay_one_session,sector_reversal_5_g150,2018,3903,-0.0807047435933,-1.13909554433,DESCRIPTIVE_YEAR_DELETION_NOT_A_TRADING_PATH
delay_one_session,sector_reversal_5_g150,2019,3902,-0.0806861165316,-1.1291355189,DESCRIPTIVE_YEAR_DELETION_NOT_A_TRADING_PATH
delay_one_session,sector_reversal_5_g150,2020,3901,-0.0699541295972,-1.07647238384,DESCRIPTIVE_YEAR_DELETION_NOT_A_TRADING_PATH
delay_one_session,sector_reversal_5_g150,2021,3902,-0.0692284749416,-1.02175699554,DESCRIPTIVE_YEAR_DELETION_NOT_A_TRADING_PATH
delay_one_session,sector_reversal_5_g150,2022,3903,-0.0687996763286,-1.00930998771,DESCRIPTIVE_YEAR_DELETION_NOT_A_TRADING_PATH
delay_one_session,sector_reversal_5_g150,2023,3904,-0.0824899937266,-1.14489706236,DESCRIPTIVE_YEAR_DELETION_NOT_A_TRADING_PATH
delay_one_session,sector_reversal_5_g150,2024,3902,-0.0754213117052,-1.03667707611,DESCRIPTIVE_YEAR_DELETION_NOT_A_TRADING_PATH
delay_one_session,spy_buy_hold,2008,4026,0.145880567635,0.797680385815,DESCRIPTIVE_YEAR_DELETION_NOT_A_TRADING_PATH
delay_one_session,spy_buy_hold,2009,3902,0.108807439996,0.572493026734,DESCRIPTIVE_YEAR_DELETION_NOT_A_TRADING_PATH
delay_one_session,spy_buy_hold,2010,3902,0.115533939725,0.589690920035,DESCRIPTIVE_YEAR_DELETION_NOT_A_TRADING_PATH
delay_one_session,spy_buy_hold,2011,3902,0.124320053089,0.63581133279,DESCRIPTIVE_YEAR_DELETION_NOT_A_TRADING_PATH
delay_one_session,spy_buy_hold,2012,3904,0.114889346194,0.582163448977,DESCRIPTIVE_YEAR_DELETION_NOT_A_TRADING_PATH
delay_one_session,spy_buy_hold,2013,3902,0.105513931668,0.539510717987,DESCRIPTIVE_YEAR_DELETION_NOT_A_TRADING_PATH
delay_one_session,spy_buy_hold,2014,3902,0.116538430137,0.58815138553,DESCRIPTIVE_YEAR_DELETION_NOT_A_TRADING_PATH
delay_one_session,spy_buy_hold,2015,3902,0.124792500668,0.627590633931,DESCRIPTIVE_YEAR_DELETION_NOT_A_TRADING_PATH
delay_one_session,spy_buy_hold,2016,3902,0.11747649002,0.594124605108,DESCRIPTIVE_YEAR_DELETION_NOT_A_TRADING_PATH
delay_one_session,spy_buy_hold,2017,3903,0.111463531199,0.56607524268,DESCRIPTIVE_YEAR_DELETION_NOT_A_TRADING_PATH
delay_one_session,spy_buy_hold,2018,3903,0.129053883448,0.654012744178,DESCRIPTIVE_YEAR_DELETION_NOT_A_TRADING_PATH
delay_one_session,spy_buy_hold,2019,3902,0.106101406717,0.549598481537,DESCRIPTIVE_YEAR_DELETION_NOT_A_TRADING_PATH
delay_one_session,spy_buy_hold,2020,3901,0.113544134578,0.609013549995,DESCRIPTIVE_YEAR_DELETION_NOT_A_TRADING_PATH
delay_one_session,spy_buy_hold,2021,3902,0.107473604505,0.54934503024,DESCRIPTIVE_YEAR_DELETION_NOT_A_TRADING_PATH
delay_one_session,spy_buy_hold,2022,3903,0.140323333828,0.714383523777,DESCRIPTIVE_YEAR_DELETION_NOT_A_TRADING_PATH
delay_one_session,spy_buy_hold,2023,3904,0.108848515594,0.571151113097,DESCRIPTIVE_YEAR_DELETION_NOT_A_TRADING_PATH
delay_one_session,spy_buy_hold,2024,3902,0.109212192779,0.573063905932,DESCRIPTIVE_YEAR_DELETION_NOT_A_TRADING_PATH
delay_one_session,static_macro_g100,2008,4026,0.0701661004645,0.672746528759,DESCRIPTIVE_YEAR_DELETION_NOT_A_TRADING_PATH
delay_one_session,static_macro_g100,2009,3902,0.05156016595,0.462211297742,DESCRIPTIVE_YEAR_DELETION_NOT_A_TRADING_PATH
delay_one_session,static_macro_g100,2010,3902,0.0520163990282,0.459589991616,DESCRIPTIVE_YEAR_DELETION_NOT_A_TRADING_PATH
delay_one_session,static_macro_g100,2011,3902,0.0588292553568,0.531103555309,DESCRIPTIVE_YEAR_DELETION_NOT_A_TRADING_PATH
delay_one_session,static_macro_g100,2012,3904,0.05664462286,0.498620036337,DESCRIPTIVE_YEAR_DELETION_NOT_A_TRADING_PATH
delay_one_session,static_macro_g100,2013,3902,0.0599733897837,0.53136478275,DESCRIPTIVE_YEAR_DELETION_NOT_A_TRADING_PATH
delay_one_session,static_macro_g100,2014,3902,0.0594066447828,0.521728858484,DESCRIPTIVE_YEAR_DELETION_NOT_A_TRADING_PATH
delay_one_session,static_macro_g100,2015,3902,0.065849902195,0.588172967744,DESCRIPTIVE_YEAR_DELETION_NOT_A_TRADING_PATH
delay_one_session,static_macro_g100,2016,3902,0.0581730559529,0.51405232452,DESCRIPTIVE_YEAR_DELETION_NOT_A_TRADING_PATH
delay_one_session,static_macro_g100,2017,3903,0.0537978868393,0.472040132372,DESCRIPTIVE_YEAR_DELETION_NOT_A_TRADING_PATH
delay_one_session,static_macro_g100,2018,3903,0.0659174089554,0.59818251889,DESCRIPTIVE_YEAR_DELETION_NOT_A_TRADING_PATH
delay_one_session,static_macro_g100,2019,3902,0.05202656023,0.464716638075,DESCRIPTIVE_YEAR_DELETION_NOT_A_TRADING_PATH
delay_one_session,static_macro_g100,2020,3901,0.0591249458963,0.545510909095,DESCRIPTIVE_YEAR_DELETION_NOT_A_TRADING_PATH
delay_one_session,static_macro_g100,2021,3902,0.0562761106347,0.495329314645,DESCRIPTIVE_YEAR_DELETION_NOT_A_TRADING_PATH
delay_one_session,static_macro_g100,2022,3903,0.07493861399,0.711384427001,DESCRIPTIVE_YEAR_DELETION_NOT_A_TRADING_PATH
delay_one_session,static_macro_g100,2023,3904,0.0549827638604,0.519585797339,DESCRIPTIVE_YEAR_DELETION_NOT_A_TRADING_PATH
delay_one_session,static_macro_g100,2024,3902,0.0574083408382,0.542419540348,DESCRIPTIVE_YEAR_DELETION_NOT_A_TRADING_PATH
delay_one_session,static_macro_g150,2008,4026,0.0837059379473,0.607472014488,DESCRIPTIVE_YEAR_DELETION_NOT_A_TRADING_PATH
delay_one_session,static_macro_g150,2009,3902,0.0575679103126,0.40095001162,DESCRIPTIVE_YEAR_DELETION_NOT_A_TRADING_PATH
delay_one_session,static_macro_g150,2010,3902,0.0552389127183,0.385179142831,DESCRIPTIVE_YEAR_DELETION_NOT_A_TRADING_PATH
delay_one_session,static_macro_g150,2011,3902,0.0657591287509,0.459558294988,DESCRIPTIVE_YEAR_DELETION_NOT_A_TRADING_PATH
delay_one_session,static_macro_g150,2012,3904,0.0631780493174,0.435115501811,DESCRIPTIVE_YEAR_DELETION_NOT_A_TRADING_PATH
delay_one_session,static_macro_g150,2013,3902,0.0669499355621,0.461862926715,DESCRIPTIVE_YEAR_DELETION_NOT_A_TRADING_PATH
delay_one_session,static_macro_g150,2014,3902,0.0661117343978,0.452507473114,DESCRIPTIVE_YEAR_DELETION_NOT_A_TRADING_PATH
delay_one_session,static_macro_g150,2015,3902,0.0758308897768,0.522904820639,DESCRIPTIVE_YEAR_DELETION_NOT_A_TRADING_PATH
delay_one_session,static_macro_g150,2016,3902,0.0642633001732,0.443311144266,DESCRIPTIVE_YEAR_DELETION_NOT_A_TRADING_PATH
delay_one_session,static_macro_g150,2017,3903,0.0578046740155,0.398794569305,DESCRIPTIVE_YEAR_DELETION_NOT_A_TRADING_PATH
delay_one_session,static_macro_g150,2018,3903,0.0764816874457,0.533395287161,DESCRIPTIVE_YEAR_DELETION_NOT_A_TRADING_PATH
delay_one_session,static_macro_g150,2019,3902,0.0557071281122,0.391484011124,DESCRIPTIVE_YEAR_DELETION_NOT_A_TRADING_PATH
delay_one_session,static_macro_g150,2020,3901,0.0689395937194,0.49579177089,DESCRIPTIVE_YEAR_DELETION_NOT_A_TRADING_PATH
delay_one_session,static_macro_g150,2021,3902,0.0613688170419,0.423263225179,DESCRIPTIVE_YEAR_DELETION_NOT_A_TRADING_PATH
delay_one_session,static_macro_g150,2022,3903,0.0880260129675,0.624054910416,DESCRIPTIVE_YEAR_DELETION_NOT_A_TRADING_PATH
delay_one_session,static_macro_g150,2023,3904,0.0622819911835,0.454919135472,DESCRIPTIVE_YEAR_DELETION_NOT_A_TRADING_PATH
delay_one_session,static_macro_g150,2024,3902,0.0648656951306,0.473404314103,DESCRIPTIVE_YEAR_DELETION_NOT_A_TRADING_PATH
delay_one_session,trend_only_g100,2008,4026,0.060579926824,0.499497608603,DESCRIPTIVE_YEAR_DELETION_NOT_A_TRADING_PATH
delay_one_session,trend_only_g100,2009,3902,0.0485817327301,0.396330046523,DESCRIPTIVE_YEAR_DELETION_NOT_A_TRADING_PATH
delay_one_session,trend_only_g100,2010,3902,0.05909411154,0.495456247342,DESCRIPTIVE_YEAR_DELETION_NOT_A_TRADING_PATH
delay_one_session,trend_only_g100,2011,3902,0.0657302843662,0.54854260187,DESCRIPTIVE_YEAR_DELETION_NOT_A_TRADING_PATH
delay_one_session,trend_only_g100,2012,3904,0.0584533969615,0.481338218421,DESCRIPTIVE_YEAR_DELETION_NOT_A_TRADING_PATH
delay_one_session,trend_only_g100,2013,3902,0.047487994022,0.384815856085,DESCRIPTIVE_YEAR_DELETION_NOT_A_TRADING_PATH
delay_one_session,trend_only_g100,2014,3902,0.059061975857,0.482776384568,DESCRIPTIVE_YEAR_DELETION_NOT_A_TRADING_PATH
delay_one_session,trend_only_g100,2015,3902,0.0644333153871,0.526916176545,DESCRIPTIVE_YEAR_DELETION_NOT_A_TRADING_PATH
delay_one_session,trend_only_g100,2016,3902,0.0611808408329,0.504545849604,DESCRIPTIVE_YEAR_DELETION_NOT_A_TRADING_PATH
delay_one_session,trend_only_g100,2017,3903,0.0449385716337,0.362753861201,DESCRIPTIVE_YEAR_DELETION_NOT_A_TRADING_PATH
delay_one_session,trend_only_g100,2018,3903,0.0602981460952,0.508744545299,DESCRIPTIVE_YEAR_DELETION_NOT_A_TRADING_PATH
delay_one_session,trend_only_g100,2019,3902,0.0577190190855,0.483251913335,DESCRIPTIVE_YEAR_DELETION_NOT_A_TRADING_PATH
delay_one_session,trend_only_g100,2020,3901,0.0530983267708,0.442027179187,DESCRIPTIVE_YEAR_DELETION_NOT_A_TRADING_PATH
delay_one_session,trend_only_g100,2021,3902,0.0526794868303,0.433517814839,DESCRIPTIVE_YEAR_DELETION_NOT_A_TRADING_PATH
delay_one_session,trend_only_g100,2022,3903,0.0663198161611,0.545639533073,DESCRIPTIVE_YEAR_DELETION_NOT_A_TRADING_PATH
delay_one_session,trend_only_g100,2023,3904,0.0503594246718,0.437797306127,DESCRIPTIVE_YEAR_DELETION_NOT_A_TRADING_PATH
delay_one_session,trend_only_g100,2024,3902,0.0514602245753,0.455172370526,DESCRIPTIVE_YEAR_DELETION_NOT_A_TRADING_PATH
delay_one_session,trend_only_g150,2008,4026,0.0632054312852,0.447359603046,DESCRIPTIVE_YEAR_DELETION_NOT_A_TRADING_PATH
delay_one_session,trend_only_g150,2009,3902,0.0493555466303,0.347861787865,DESCRIPTIVE_YEAR_DELETION_NOT_A_TRADING_PATH
delay_one_session,trend_only_g150,2010,3902,0.0608000021523,0.43263002501,DESCRIPTIVE_YEAR_DELETION_NOT_A_TRADING_PATH
delay_one_session,trend_only_g150,2011,3902,0.0693540562473,0.490651852655,DESCRIPTIVE_YEAR_DELETION_NOT_A_TRADING_PATH
delay_one_session,trend_only_g150,2012,3904,0.0586246131569,0.41473610257,DESCRIPTIVE_YEAR_DELETION_NOT_A_TRADING_PATH
delay_one_session,trend_only_g150,2013,3902,0.0457064644709,0.324078099975,DESCRIPTIVE_YEAR_DELETION_NOT_A_TRADING_PATH
delay_one_session,trend_only_g150,2014,3902,0.0600968245307,0.424691767108,DESCRIPTIVE_YEAR_DELETION_NOT_A_TRADING_PATH
delay_one_session,trend_only_g150,2015,3902,0.0680334849075,0.47850751167,DESCRIPTIVE_YEAR_DELETION_NOT_A_TRADING_PATH
delay_one_session,trend_only_g150,2016,3902,0.0634973228616,0.448546004406,DESCRIPTIVE_YEAR_DELETION_NOT_A_TRADING_PATH
delay_one_session,trend_only_g150,2017,3903,0.0395935436556,0.281105364598,DESCRIPTIVE_YEAR_DELETION_NOT_A_TRADING_PATH
delay_one_session,trend_only_g150,2018,3903,0.0636815030811,0.460695753607,DESCRIPTIVE_YEAR_DELETION_NOT_A_TRADING_PATH
delay_one_session,trend_only_g150,2019,3902,0.0575757326108,0.415853229574,DESCRIPTIVE_YEAR_DELETION_NOT_A_TRADING_PATH
delay_one_session,trend_only_g150,2020,3901,0.05664738018,0.406548603658,DESCRIPTIVE_YEAR_DELETION_NOT_A_TRADING_PATH
delay_one_session,trend_only_g150,2021,3902,0.0539866491748,0.383000784793,DESCRIPTIVE_YEAR_DELETION_NOT_A_TRADING_PATH
delay_one_session,trend_only_g150,2022,3903,0.0706989321543,0.496949845533,DESCRIPTIVE_YEAR_DELETION_NOT_A_TRADING_PATH
delay_one_session,trend_only_g150,2023,3904,0.049479251313,0.372331163167,DESCRIPTIVE_YEAR_DELETION_NOT_A_TRADING_PATH
delay_one_session,trend_only_g150,2024,3902,0.0539543638848,0.410254772476,DESCRIPTIVE_YEAR_DELETION_NOT_A_TRADING_PATH
delay_one_session,trend_pullback_10_g100,2008,4026,0.0166945600649,0.200962394601,DESCRIPTIVE_YEAR_DELETION_NOT_A_TRADING_PATH
delay_one_session,trend_pullback_10_g100,2009,3902,0.0121247256638,0.0633350599958,DESCRIPTIVE_YEAR_DELETION_NOT_A_TRADING_PATH
delay_one_session,trend_pullback_10_g100,2010,3902,0.0195962077946,0.27952145776,DESCRIPTIVE_YEAR_DELETION_NOT_A_TRADING_PATH
delay_one_session,trend_pullback_10_g100,2011,3902,0.0156975314738,0.156778279949,DESCRIPTIVE_YEAR_DELETION_NOT_A_TRADING_PATH
delay_one_session,trend_pullback_10_g100,2012,3904,0.0189671696994,0.24703802849,DESCRIPTIVE_YEAR_DELETION_NOT_A_TRADING_PATH
delay_one_session,trend_pullback_10_g100,2013,3902,0.0155729972068,0.150720549183,DESCRIPTIVE_YEAR_DELETION_NOT_A_TRADING_PATH
delay_one_session,trend_pullback_10_g100,2014,3902,0.0161063306846,0.166951406506,DESCRIPTIVE_YEAR_DELETION_NOT_A_TRADING_PATH
delay_one_session,trend_pullback_10_g100,2015,3902,0.0168258203708,0.183750680179,DESCRIPTIVE_YEAR_DELETION_NOT_A_TRADING_PATH
delay_one_session,trend_pullback_10_g100,2016,3902,0.0176130521696,0.210917638587,DESCRIPTIVE_YEAR_DELETION_NOT_A_TRADING_PATH
delay_one_session,trend_pullback_10_g100,2017,3903,0.0156849299502,0.166754986662,DESCRIPTIVE_YEAR_DELETION_NOT_A_TRADING_PATH
delay_one_session,trend_pullback_10_g100,2018,3903,0.0159490480914,0.205736180027,DESCRIPTIVE_YEAR_DELETION_NOT_A_TRADING_PATH
delay_one_session,trend_pullback_10_g100,2019,3902,0.0167229750368,0.221588555486,DESCRIPTIVE_YEAR_DELETION_NOT_A_TRADING_PATH
delay_one_session,trend_pullback_10_g100,2020,3901,0.0186255955769,0.259820581814,DESCRIPTIVE_YEAR_DELETION_NOT_A_TRADING_PATH
delay_one_session,trend_pullback_10_g100,2021,3902,0.0158859492389,0.161645251475,DESCRIPTIVE_YEAR_DELETION_NOT_A_TRADING_PATH
delay_one_session,trend_pullback_10_g100,2022,3903,0.0184714670186,0.255249335126,DESCRIPTIVE_YEAR_DELETION_NOT_A_TRADING_PATH
delay_one_session,trend_pullback_10_g100,2023,3904,0.0147641827868,0.21728064787,DESCRIPTIVE_YEAR_DELETION_NOT_A_TRADING_PATH
delay_one_session,trend_pullback_10_g100,2024,3902,0.0128359905572,0.173630188861,DESCRIPTIVE_YEAR_DELETION_NOT_A_TRADING_PATH
delay_one_session,trend_pullback_10_g150,2008,4026,0.0185483530632,0.189977853784,DESCRIPTIVE_YEAR_DELETION_NOT_A_TRADING_PATH
delay_one_session,trend_pullback_10_g150,2009,3902,0.0117505995769,0.0496923096513,DESCRIPTIVE_YEAR_DELETION_NOT_A_TRADING_PATH
delay_one_session,trend_pullback_10_g150,2010,3902,0.0223399563621,0.264124282127,DESCRIPTIVE_YEAR_DELETION_NOT_A_TRADING_PATH
delay_one_session,trend_pullback_10_g150,2011,3902,0.0167674675088,0.144123386566,DESCRIPTIVE_YEAR_DELETION_NOT_A_TRADING_PATH
delay_one_session,trend_pullback_10_g150,2012,3904,0.0216241362635,0.238525813545,DESCRIPTIVE_YEAR_DELETION_NOT_A_TRADING_PATH
delay_one_session,trend_pullback_10_g150,2013,3902,0.0164987834235,0.136842397237,DESCRIPTIVE_YEAR_DELETION_NOT_A_TRADING_PATH
delay_one_session,trend_pullback_10_g150,2014,3902,0.0173072861352,0.153772009614,DESCRIPTIVE_YEAR_DELETION_NOT_A_TRADING_PATH
delay_one_session,trend_pullback_10_g150,2015,3902,0.0183688467723,0.171846649348,DESCRIPTIVE_YEAR_DELETION_NOT_A_TRADING_PATH
delay_one_session,trend_pullback_10_g150,2016,3902,0.0196314251948,0.200383242873,DESCRIPTIVE_YEAR_DELETION_NOT_A_TRADING_PATH
delay_one_session,trend_pullback_10_g150,2017,3903,0.0169167803479,0.153849019968,DESCRIPTIVE_YEAR_DELETION_NOT_A_TRADING_PATH
delay_one_session,trend_pullback_10_g150,2018,3903,0.0187338244659,0.212343063559,DESCRIPTIVE_YEAR_DELETION_NOT_A_TRADING_PATH
delay_one_session,trend_pullback_10_g150,2019,3902,0.0189185183221,0.211550867068,DESCRIPTIVE_YEAR_DELETION_NOT_A_TRADING_PATH
delay_one_session,trend_pullback_10_g150,2020,3901,0.0214105330748,0.254403001702,DESCRIPTIVE_YEAR_DELETION_NOT_A_TRADING_PATH
delay_one_session,trend_pullback_10_g150,2021,3902,0.0169836151402,0.148195116783,DESCRIPTIVE_YEAR_DELETION_NOT_A_TRADING_PATH
delay_one_session,trend_pullback_10_g150,2022,3903,0.0213423442252,0.247273635281,DESCRIPTIVE_YEAR_DELETION_NOT_A_TRADING_PATH
delay_one_session,trend_pullback_10_g150,2023,3904,0.0169078992017,0.20725912179,DESCRIPTIVE_YEAR_DELETION_NOT_A_TRADING_PATH
delay_one_session,trend_pullback_10_g150,2024,3902,0.0140356500298,0.158242274673,DESCRIPTIVE_YEAR_DELETION_NOT_A_TRADING_PATH
delay_one_session,trend_pullback_3_g100,2008,4026,0.0134225209873,0.102865982254,DESCRIPTIVE_YEAR_DELETION_NOT_A_TRADING_PATH
delay_one_session,trend_pullback_3_g100,2009,3902,0.00817000757975,-0.0396894896571,DESCRIPTIVE_YEAR_DELETION_NOT_A_TRADING_PATH
delay_one_session,trend_pullback_3_g100,2010,3902,0.0153856426589,0.139934864812,DESCRIPTIVE_YEAR_DELETION_NOT_A_TRADING_PATH
delay_one_session,trend_pullback_3_g100,2011,3902,0.0132537517273,0.0836108147654,DESCRIPTIVE_YEAR_DELETION_NOT_A_TRADING_PATH
delay_one_session,trend_pullback_3_g100,2012,3904,0.0128394829338,0.0728612361347,DESCRIPTIVE_YEAR_DELETION_NOT_A_TRADING_PATH
delay_one_session,trend_pullback_3_g100,2013,3902,0.012329779266,0.0593536807544,DESCRIPTIVE_YEAR_DELETION_NOT_A_TRADING_PATH
delay_one_session,trend_pullback_3_g100,2014,3902,0.0140455520859,0.102205364283,DESCRIPTIVE_YEAR_DELETION_NOT_A_TRADING_PATH
delay_one_session,trend_pullback_3_g100,2015,3902,0.014232560814,0.105097247648,DESCRIPTIVE_YEAR_DELETION_NOT_A_TRADING_PATH
delay_one_session,trend_pullback_3_g100,2016,3902,0.0133197163188,0.0866948650722,DESCRIPTIVE_YEAR_DELETION_NOT_A_TRADING_PATH
delay_one_session,trend_pullback_3_g100,2017,3903,0.0132442044213,0.093615711338,DESCRIPTIVE_YEAR_DELETION_NOT_A_TRADING_PATH
delay_one_session,trend_pullback_3_g100,2018,3903,0.016634901003,0.206365985086,DESCRIPTIVE_YEAR_DELETION_NOT_A_TRADING_PATH
delay_one_session,trend_pullback_3_g100,2019,3902,0.0135890918013,0.125138636089,DESCRIPTIVE_YEAR_DELETION_NOT_A_TRADING_PATH
delay_one_session,trend_pullback_3_g100,2020,3901,0.0142679748437,0.117406079786,DESCRIPTIVE_YEAR_DELETION_NOT_A_TRADING_PATH
delay_one_session,trend_pullback_3_g100,2021,3902,0.0102449642415,0.00700162898341,DESCRIPTIVE_YEAR_DELETION_NOT_A_TRADING_PATH
delay_one_session,trend_pullback_3_g100,2022,3903,0.0141789095132,0.127437045298,DESCRIPTIVE_YEAR_DELETION_NOT_A_TRADING_PATH
delay_one_session,trend_pullback_3_g100,2023,3904,0.0111543303563,0.109388146339,DESCRIPTIVE_YEAR_DELETION_NOT_A_TRADING_PATH
delay_one_session,trend_pullback_3_g100,2024,3902,0.00989314901669,0.0830949492728,DESCRIPTIVE_YEAR_DELETION_NOT_A_TRADING_PATH
delay_one_session,trend_pullback_3_g150,2008,4026,0.014714716213,0.109724895064,DESCRIPTIVE_YEAR_DELETION_NOT_A_TRADING_PATH
delay_one_session,trend_pullback_3_g150,2009,3902,0.00806959832464,-0.0154491950918,DESCRIPTIVE_YEAR_DELETION_NOT_A_TRADING_PATH
delay_one_session,trend_pullback_3_g150,2010,3902,0.0169155802041,0.140944265919,DESCRIPTIVE_YEAR_DELETION_NOT_A_TRADING_PATH
delay_one_session,trend_pullback_3_g150,2011,3902,0.0145756081602,0.0968186002686,DESCRIPTIVE_YEAR_DELETION_NOT_A_TRADING_PATH
delay_one_session,trend_pullback_3_g150,2012,3904,0.0133315523624,0.0744276192403,DESCRIPTIVE_YEAR_DELETION_NOT_A_TRADING_PATH
delay_one_session,trend_pullback_3_g150,2013,3902,0.0128134910263,0.0646530450059,DESCRIPTIVE_YEAR_DELETION_NOT_A_TRADING_PATH
delay_one_session,trend_pullback_3_g150,2014,3902,0.0153245050373,0.109245656765,DESCRIPTIVE_YEAR_DELETION_NOT_A_TRADING_PATH
delay_one_session,trend_pullback_3_g150,2015,3902,0.0155871032316,0.112458281795,DESCRIPTIVE_YEAR_DELETION_NOT_A_TRADING_PATH
delay_one_session,trend_pullback_3_g150,2016,3902,0.0142304285859,0.0915977346966,DESCRIPTIVE_YEAR_DELETION_NOT_A_TRADING_PATH
delay_one_session,trend_pullback_3_g150,2017,3903,0.0143445525773,0.0997672471458,DESCRIPTIVE_YEAR_DELETION_NOT_A_TRADING_PATH
delay_one_session,trend_pullback_3_g150,2018,3903,0.0194071882012,0.211224723438,DESCRIPTIVE_YEAR_DELETION_NOT_A_TRADING_PATH
delay_one_session,trend_pullback_3_g150,2019,3902,0.0152973663003,0.133371560637,DESCRIPTIVE_YEAR_DELETION_NOT_A_TRADING_PATH
delay_one_session,trend_pullback_3_g150,2020,3901,0.0154586800303,0.11843381811,DESCRIPTIVE_YEAR_DELETION_NOT_A_TRADING_PATH
delay_one_session,trend_pullback_3_g150,2021,3902,0.00990430242801,0.0124729432353,DESCRIPTIVE_YEAR_DELETION_NOT_A_TRADING_PATH
delay_one_session,trend_pullback_3_g150,2022,3903,0.0160073496216,0.136348861019,DESCRIPTIVE_YEAR_DELETION_NOT_A_TRADING_PATH
delay_one_session,trend_pullback_3_g150,2023,3904,0.0122606654514,0.111217588425,DESCRIPTIVE_YEAR_DELETION_NOT_A_TRADING_PATH
delay_one_session,trend_pullback_3_g150,2024,3902,0.01063290714,0.085970772918,DESCRIPTIVE_YEAR_DELETION_NOT_A_TRADING_PATH
delay_one_session,trend_pullback_5_g100,2008,4026,0.0142477509091,0.127315683028,DESCRIPTIVE_YEAR_DELETION_NOT_A_TRADING_PATH
delay_one_session,trend_pullback_5_g100,2009,3902,0.0111197787146,0.0349939197542,DESCRIPTIVE_YEAR_DELETION_NOT_A_TRADING_PATH
delay_one_session,trend_pullback_5_g100,2010,3902,0.0139865888902,0.107076556341,DESCRIPTIVE_YEAR_DELETION_NOT_A_TRADING_PATH
delay_one_session,trend_pullback_5_g100,2011,3902,0.0157861977372,0.153505923968,DESCRIPTIVE_YEAR_DELETION_NOT_A_TRADING_PATH
delay_one_session,trend_pullback_5_g100,2012,3904,0.01365352635,0.0956213257739,DESCRIPTIVE_YEAR_DELETION_NOT_A_TRADING_PATH
delay_one_session,trend_pullback_5_g100,2013,3902,0.0127383399969,0.070921664211,DESCRIPTIVE_YEAR_DELETION_NOT_A_TRADING_PATH
delay_one_session,trend_pullback_5_g100,2014,3902,0.0146284976138,0.120641317925,DESCRIPTIVE_YEAR_DELETION_NOT_A_TRADING_PATH
delay_one_session,trend_pullback_5_g100,2015,3902,0.0145495002075,0.116385391871,DESCRIPTIVE_YEAR_DELETION_NOT_A_TRADING_PATH
delay_one_session,trend_pullback_5_g100,2016,3902,0.0136447176136,0.0973154079028,DESCRIPTIVE_YEAR_DELETION_NOT_A_TRADING_PATH
delay_one_session,trend_pullback_5_g100,2017,3903,0.0132444275452,0.0963173995544,DESCRIPTIVE_YEAR_DELETION_NOT_A_TRADING_PATH
delay_one_session,trend_pullback_5_g100,2018,3903,0.0171535164511,0.228920834471,DESCRIPTIVE_YEAR_DELETION_NOT_A_TRADING_PATH
delay_one_session,trend_pullback_5_g100,2019,3902,0.0150721625003,0.16655805728,DESCRIPTIVE_YEAR_DELETION_NOT_A_TRADING_PATH
delay_one_session,trend_pullback_5_g100,2020,3901,0.0128701756957,0.084626700828,DESCRIPTIVE_YEAR_DELETION_NOT_A_TRADING_PATH
delay_one_session,trend_pullback_5_g100,2021,3902,0.0124370169279,0.0633680623025,DESCRIPTIVE_YEAR_DELETION_NOT_A_TRADING_PATH
delay_one_session,trend_pullback_5_g100,2022,3903,0.0153722324202,0.162095943228,DESCRIPTIVE_YEAR_DELETION_NOT_A_TRADING_PATH
delay_one_session,trend_pullback_5_g100,2023,3904,0.0122155236286,0.13991750087,DESCRIPTIVE_YEAR_DELETION_NOT_A_TRADING_PATH
delay_one_session,trend_pullback_5_g100,2024,3902,0.00975003279005,0.0817675805386,DESCRIPTIVE_YEAR_DELETION_NOT_A_TRADING_PATH
delay_one_session,trend_pullback_5_g150,2008,4026,0.0162981625175,0.140169042325,DESCRIPTIVE_YEAR_DELETION_NOT_A_TRADING_PATH
delay_one_session,trend_pullback_5_g150,2009,3902,0.0115348491518,0.0458257011456,DESCRIPTIVE_YEAR_DELETION_NOT_A_TRADING_PATH
delay_one_session,trend_pullback_5_g150,2010,3902,0.0153201072731,0.113739419605,DESCRIPTIVE_YEAR_DELETION_NOT_A_TRADING_PATH
delay_one_session,trend_pullback_5_g150,2011,3902,0.0184701402988,0.171049147474,DESCRIPTIVE_YEAR_DELETION_NOT_A_TRADING_PATH
delay_one_session,trend_pullback_5_g150,2012,3904,0.0149878207393,0.10517224053,DESCRIPTIVE_YEAR_DELETION_NOT_A_TRADING_PATH
delay_one_session,trend_pullback_5_g150,2013,3902,0.0136888367936,0.080857028207,DESCRIPTIVE_YEAR_DELETION_NOT_A_TRADING_PATH
delay_one_session,trend_pullback_5_g150,2014,3902,0.0165607591785,0.133747898781,DESCRIPTIVE_YEAR_DELETION_NOT_A_TRADING_PATH
delay_one_session,trend_pullback_5_g150,2015,3902,0.016418246451,0.129214621647,DESCRIPTIVE_YEAR_DELETION_NOT_A_TRADING_PATH
delay_one_session,trend_pullback_5_g150,2016,3902,0.0151940980979,0.110125670831,DESCRIPTIVE_YEAR_DELETION_NOT_A_TRADING_PATH
delay_one_session,trend_pullback_5_g150,2017,3903,0.014722982272,0.108014808329,DESCRIPTIVE_YEAR_DELETION_NOT_A_TRADING_PATH
delay_one_session,trend_pullback_5_g150,2018,3903,0.0202485930109,0.232118172902,DESCRIPTIVE_YEAR_DELETION_NOT_A_TRADING_PATH
delay_one_session,trend_pullback_5_g150,2019,3902,0.0178984304755,0.181938993754,DESCRIPTIVE_YEAR_DELETION_NOT_A_TRADING_PATH
delay_one_session,trend_pullback_5_g150,2020,3901,0.0146378239696,0.106091324508,DESCRIPTIVE_YEAR_DELETION_NOT_A_TRADING_PATH
delay_one_session,trend_pullback_5_g150,2021,3902,0.0132603731875,0.0732771764756,DESCRIPTIVE_YEAR_DELETION_NOT_A_TRADING_PATH
delay_one_session,trend_pullback_5_g150,2022,3903,0.0181557350786,0.177284587232,DESCRIPTIVE_YEAR_DELETION_NOT_A_TRADING_PATH
delay_one_session,trend_pullback_5_g150,2023,3904,0.0145394309475,0.154036637383,DESCRIPTIVE_YEAR_DELETION_NOT_A_TRADING_PATH
delay_one_session,trend_pullback_5_g150,2024,3902,0.0110172525729,0.094310439873,DESCRIPTIVE_YEAR_DELETION_NOT_A_TRADING_PATH
frictionless,bil_buy_hold,2008,4026,0.0100553102715,,DESCRIPTIVE_YEAR_DELETION_NOT_A_TRADING_PATH
frictionless,bil_buy_hold,2009,3902,0.0105025094848,,DESCRIPTIVE_YEAR_DELETION_NOT_A_TRADING_PATH
frictionless,bil_buy_hold,2010,3902,0.0107075235908,,DESCRIPTIVE_YEAR_DELETION_NOT_A_TRADING_PATH
frictionless,bil_buy_hold,2011,3902,0.0107046784227,,DESCRIPTIVE_YEAR_DELETION_NOT_A_TRADING_PATH
frictionless,bil_buy_hold,2012,3904,0.0107019985114,,DESCRIPTIVE_YEAR_DELETION_NOT_A_TRADING_PATH
frictionless,bil_buy_hold,2013,3902,0.0107361120678,,DESCRIPTIVE_YEAR_DELETION_NOT_A_TRADING_PATH
frictionless,bil_buy_hold,2014,3902,0.010721830707,,DESCRIPTIVE_YEAR_DELETION_NOT_A_TRADING_PATH
frictionless,bil_buy_hold,2015,3902,0.0107647270437,,DESCRIPTIVE_YEAR_DELETION_NOT_A_TRADING_PATH
frictionless,bil_buy_hold,2016,3902,0.0106076505172,,DESCRIPTIVE_YEAR_DELETION_NOT_A_TRADING_PATH
frictionless,bil_buy_hold,2017,3903,0.0102282702742,,DESCRIPTIVE_YEAR_DELETION_NOT_A_TRADING_PATH
frictionless,bil_buy_hold,2018,3903,0.0095529542161,,DESCRIPTIVE_YEAR_DELETION_NOT_A_TRADING_PATH
frictionless,bil_buy_hold,2019,3902,0.00936690198683,,DESCRIPTIVE_YEAR_DELETION_NOT_A_TRADING_PATH
frictionless,bil_buy_hold,2020,3901,0.0104221206404,,DESCRIPTIVE_YEAR_DELETION_NOT_A_TRADING_PATH
frictionless,bil_buy_hold,2021,3902,0.0107432971902,,DESCRIPTIVE_YEAR_DELETION_NOT_A_TRADING_PATH
frictionless,bil_buy_hold,2022,3903,0.00976652819814,,DESCRIPTIVE_YEAR_DELETION_NOT_A_TRADING_PATH
frictionless,bil_buy_hold,2023,3904,0.00752974106541,,DESCRIPTIVE_YEAR_DELETION_NOT_A_TRADING_PATH
frictionless,bil_buy_hold,2024,3902,0.00737280696715,,DESCRIPTIVE_YEAR_DELETION_NOT_A_TRADING_PATH
frictionless,dual_momentum_126_g100,2008,4026,0.0646385567917,0.46228866532,DESCRIPTIVE_YEAR_DELETION_NOT_A_TRADING_PATH
frictionless,dual_momentum_126_g100,2009,3902,0.0608099520511,0.430356478371,DESCRIPTIVE_YEAR_DELETION_NOT_A_TRADING_PATH
frictionless,dual_momentum_126_g100,2010,3902,0.0632917559012,0.450458945396,DESCRIPTIVE_YEAR_DELETION_NOT_A_TRADING_PATH
frictionless,dual_momentum_126_g100,2011,3902,0.0584234342857,0.413139672785,DESCRIPTIVE_YEAR_DELETION_NOT_A_TRADING_PATH
frictionless,dual_momentum_126_g100,2012,3904,0.0636903868597,0.444531805979,DESCRIPTIVE_YEAR_DELETION_NOT_A_TRADING_PATH
frictionless,dual_momentum_126_g100,2013,3902,0.052437222085,0.367840242668,DESCRIPTIVE_YEAR_DELETION_NOT_A_TRADING_PATH
frictionless,dual_momentum_126_g100,2014,3902,0.0599648434037,0.418023546924,DESCRIPTIVE_YEAR_DELETION_NOT_A_TRADING_PATH
frictionless,dual_momentum_126_g100,2015,3902,0.0716600218755,0.502564137813,DESCRIPTIVE_YEAR_DELETION_NOT_A_TRADING_PATH
frictionless,dual_momentum_126_g100,2016,3902,0.0598846892736,0.419902030948,DESCRIPTIVE_YEAR_DELETION_NOT_A_TRADING_PATH
frictionless,dual_momentum_126_g100,2017,3903,0.0537918648793,0.377838318984,DESCRIPTIVE_YEAR_DELETION_NOT_A_TRADING_PATH
frictionless,dual_momentum_126_g100,2018,3903,0.0652764035585,0.469808526407,DESCRIPTIVE_YEAR_DELETION_NOT_A_TRADING_PATH
frictionless,dual_momentum_126_g100,2019,3902,0.0657799453424,0.46740858527,DESCRIPTIVE_YEAR_DELETION_NOT_A_TRADING_PATH
frictionless,dual_momentum_126_g100,2020,3901,0.0629040186711,0.472471873774,DESCRIPTIVE_YEAR_DELETION_NOT_A_TRADING_PATH
frictionless,dual_momentum_126_g100,2021,3902,0.0548520912358,0.387748655725,DESCRIPTIVE_YEAR_DELETION_NOT_A_TRADING_PATH
frictionless,dual_momentum_126_g100,2022,3903,0.0732634712023,0.519317394734,DESCRIPTIVE_YEAR_DELETION_NOT_A_TRADING_PATH
frictionless,dual_momentum_126_g100,2023,3904,0.0583636677471,0.430857598462,DESCRIPTIVE_YEAR_DELETION_NOT_A_TRADING_PATH
frictionless,dual_momentum_126_g100,2024,3902,0.0569659462222,0.424709663489,DESCRIPTIVE_YEAR_DELETION_NOT_A_TRADING_PATH
frictionless,dual_momentum_126_g150,2008,4026,0.0822726979698,0.50133710083,DESCRIPTIVE_YEAR_DELETION_NOT_A_TRADING_PATH
frictionless,dual_momentum_126_g150,2009,3902,0.0817313625581,0.491941516896,DESCRIPTIVE_YEAR_DELETION_NOT_A_TRADING_PATH
frictionless,dual_momentum_126_g150,2010,3902,0.0824751427247,0.497950887926,DESCRIPTIVE_YEAR_DELETION_NOT_A_TRADING_PATH
frictionless,dual_momentum_126_g150,2011,3902,0.074569790739,0.453997401579,DESCRIPTIVE_YEAR_DELETION_NOT_A_TRADING_PATH
frictionless,dual_momentum_126_g150,2012,3904,0.0827583437795,0.495154932734,DESCRIPTIVE_YEAR_DELETION_NOT_A_TRADING_PATH
frictionless,dual_momentum_126_g150,2013,3902,0.0682703684607,0.416904862648,DESCRIPTIVE_YEAR_DELETION_NOT_A_TRADING_PATH
frictionless,dual_momentum_126_g150,2014,3902,0.076082247775,0.457656918141,DESCRIPTIVE_YEAR_DELETION_NOT_A_TRADING_PATH
frictionless,dual_momentum_126_g150,2015,3902,0.092502408577,0.552196575203,DESCRIPTIVE_YEAR_DELETION_NOT_A_TRADING_PATH
frictionless,dual_momentum_126_g150,2016,3902,0.0766637429134,0.463600972348,DESCRIPTIVE_YEAR_DELETION_NOT_A_TRADING_PATH
frictionless,dual_momentum_126_g150,2017,3903,0.0673663066116,0.411977362539,DESCRIPTIVE_YEAR_DELETION_NOT_A_TRADING_PATH
frictionless,dual_momentum_126_g150,2018,3903,0.0871145781889,0.535154792766,DESCRIPTIVE_YEAR_DELETION_NOT_A_TRADING_PATH
frictionless,dual_momentum_126_g150,2019,3902,0.0855087285221,0.518021849665,DESCRIPTIVE_YEAR_DELETION_NOT_A_TRADING_PATH
frictionless,dual_momentum_126_g150,2020,3901,0.0803054402183,0.504248358605,DESCRIPTIVE_YEAR_DELETION_NOT_A_TRADING_PATH
frictionless,dual_momentum_126_g150,2021,3902,0.0740844468103,0.451435714081,DESCRIPTIVE_YEAR_DELETION_NOT_A_TRADING_PATH
frictionless,dual_momentum_126_g150,2022,3903,0.0939646646201,0.563595349424,DESCRIPTIVE_YEAR_DELETION_NOT_A_TRADING_PATH
frictionless,dual_momentum_126_g150,2023,3904,0.0749406326262,0.470941731836,DESCRIPTIVE_YEAR_DELETION_NOT_A_TRADING_PATH
frictionless,dual_momentum_126_g150,2024,3902,0.0746788045248,0.47362647226,DESCRIPTIVE_YEAR_DELETION_NOT_A_TRADING_PATH
frictionless,dual_momentum_252_g100,2008,4026,0.0652831357672,0.487084167577,DESCRIPTIVE_YEAR_DELETION_NOT_A_TRADING_PATH
frictionless,dual_momentum_252_g100,2009,3902,0.0568958394773,0.416870891748,DESCRIPTIVE_YEAR_DELETION_NOT_A_TRADING_PATH
frictionless,dual_momentum_252_g100,2010,3902,0.0539127987872,0.402457429411,DESCRIPTIVE_YEAR_DELETION_NOT_A_TRADING_PATH
frictionless,dual_momentum_252_g100,2011,3902,0.0693466363158,0.515095083656,DESCRIPTIVE_YEAR_DELETION_NOT_A_TRADING_PATH
frictionless,dual_momentum_252_g100,2012,3904,0.0613518777119,0.44527094041,DESCRIPTIVE_YEAR_DELETION_NOT_A_TRADING_PATH
frictionless,dual_momentum_252_g100,2013,3902,0.0486996844375,0.35498473091,DESCRIPTIVE_YEAR_DELETION_NOT_A_TRADING_PATH
frictionless,dual_momentum_252_g100,2014,3902,0.0570973759052,0.416822475104,DESCRIPTIVE_YEAR_DELETION_NOT_A_TRADING_PATH
frictionless,dual_momentum_252_g100,2015,3902,0.0643373515994,0.473317357682,DESCRIPTIVE_YEAR_DELETION_NOT_A_TRADING_PATH
frictionless,dual_momentum_252_g100,2016,3902,0.0707480251064,0.515244853427,DESCRIPTIVE_YEAR_DELETION_NOT_A_TRADING_PATH
frictionless,dual_momentum_252_g100,2017,3903,0.0500792606442,0.366416178506,DESCRIPTIVE_YEAR_DELETION_NOT_A_TRADING_PATH
frictionless,dual_momentum_252_g100,2018,3903,0.0724799054,0.55197125321,DESCRIPTIVE_YEAR_DELETION_NOT_A_TRADING_PATH
frictionless,dual_momentum_252_g100,2019,3902,0.0600633446118,0.446424249348,DESCRIPTIVE_YEAR_DELETION_NOT_A_TRADING_PATH
frictionless,dual_momentum_252_g100,2020,3901,0.0542277590462,0.404387429688,DESCRIPTIVE_YEAR_DELETION_NOT_A_TRADING_PATH
frictionless,dual_momentum_252_g100,2021,3902,0.0553304725998,0.409236774969,DESCRIPTIVE_YEAR_DELETION_NOT_A_TRADING_PATH
frictionless,dual_momentum_252_g100,2022,3903,0.067829020821,0.505672838875,DESCRIPTIVE_YEAR_DELETION_NOT_A_TRADING_PATH
frictionless,dual_momentum_252_g100,2023,3904,0.0611128489823,0.469662138316,DESCRIPTIVE_YEAR_DELETION_NOT_A_TRADING_PATH
frictionless,dual_momentum_252_g100,2024,3902,0.0511939259529,0.401240221911,DESCRIPTIVE_YEAR_DELETION_NOT_A_TRADING_PATH
frictionless,dual_momentum_252_g150,2008,4026,0.0857172175806,0.533173609281,DESCRIPTIVE_YEAR_DELETION_NOT_A_TRADING_PATH
frictionless,dual_momentum_252_g150,2009,3902,0.0794484005047,0.490303470745,DESCRIPTIVE_YEAR_DELETION_NOT_A_TRADING_PATH
frictionless,dual_momentum_252_g150,2010,3902,0.0764186098135,0.476482918319,DESCRIPTIVE_YEAR_DELETION_NOT_A_TRADING_PATH
frictionless,dual_momentum_252_g150,2011,3902,0.0920176326834,0.565867809244,DESCRIPTIVE_YEAR_DELETION_NOT_A_TRADING_PATH
frictionless,dual_momentum_252_g150,2012,3904,0.0835191220306,0.510524863606,DESCRIPTIVE_YEAR_DELETION_NOT_A_TRADING_PATH
frictionless,dual_momentum_252_g150,2013,3902,0.0670891052239,0.419396828032,DESCRIPTIVE_YEAR_DELETION_NOT_A_TRADING_PATH
frictionless,dual_momentum_252_g150,2014,3902,0.0780654225915,0.481924073741,DESCRIPTIVE_YEAR_DELETION_NOT_A_TRADING_PATH
frictionless,dual_momentum_252_g150,2015,3902,0.0864088887814,0.533747092153,DESCRIPTIVE_YEAR_DELETION_NOT_A_TRADING_PATH
frictionless,dual_momentum_252_g150,2016,3902,0.0975762529591,0.592073412991,DESCRIPTIVE_YEAR_DELETION_NOT_A_TRADING_PATH
frictionless,dual_momentum_252_g150,2017,3903,0.0665314380102,0.417214132484,DESCRIPTIVE_YEAR_DELETION_NOT_A_TRADING_PATH
frictionless,dual_momentum_252_g150,2018,3903,0.0978875604134,0.616124820914,DESCRIPTIVE_YEAR_DELETION_NOT_A_TRADING_PATH
frictionless,dual_momentum_252_g150,2019,3902,0.081832183149,0.509536246714,DESCRIPTIVE_YEAR_DELETION_NOT_A_TRADING_PATH
frictionless,dual_momentum_252_g150,2020,3901,0.0741589781361,0.470012764962,DESCRIPTIVE_YEAR_DELETION_NOT_A_TRADING_PATH
frictionless,dual_momentum_252_g150,2021,3902,0.078444576094,0.486917239068,DESCRIPTIVE_YEAR_DELETION_NOT_A_TRADING_PATH
frictionless,dual_momentum_252_g150,2022,3903,0.0929521716723,0.572868465728,DESCRIPTIVE_YEAR_DELETION_NOT_A_TRADING_PATH
frictionless,dual_momentum_252_g150,2023,3904,0.0833715495596,0.530652899772,DESCRIPTIVE_YEAR_DELETION_NOT_A_TRADING_PATH
frictionless,dual_momentum_252_g150,2024,3902,0.0707653844942,0.462247720116,DESCRIPTIVE_YEAR_DELETION_NOT_A_TRADING_PATH
frictionless,dual_momentum_63_g100,2008,4026,0.0763962843797,0.579292908068,DESCRIPTIVE_YEAR_DELETION_NOT_A_TRADING_PATH
frictionless,dual_momentum_63_g100,2009,3902,0.0676100421476,0.512102488894,DESCRIPTIVE_YEAR_DELETION_NOT_A_TRADING_PATH
frictionless,dual_momentum_63_g100,2010,3902,0.0656921849681,0.502035632066,DESCRIPTIVE_YEAR_DELETION_NOT_A_TRADING_PATH
frictionless,dual_momentum_63_g100,2011,3902,0.0648019624441,0.488909388042,DESCRIPTIVE_YEAR_DELETION_NOT_A_TRADING_PATH
frictionless,dual_momentum_63_g100,2012,3904,0.0800262636045,0.598688694916,DESCRIPTIVE_YEAR_DELETION_NOT_A_TRADING_PATH
frictionless,dual_momentum_63_g100,2013,3902,0.0680757190765,0.509640350041,DESCRIPTIVE_YEAR_DELETION_NOT_A_TRADING_PATH
frictionless,dual_momentum_63_g100,2014,3902,0.0718090919321,0.532859728134,DESCRIPTIVE_YEAR_DELETION_NOT_A_TRADING_PATH
frictionless,dual_momentum_63_g100,2015,3902,0.0842337484761,0.630270281027,DESCRIPTIVE_YEAR_DELETION_NOT_A_TRADING_PATH
frictionless,dual_momentum_63_g100,2016,3902,0.0814722939246,0.614232594015,DESCRIPTIVE_YEAR_DELETION_NOT_A_TRADING_PATH
frictionless,dual_momentum_63_g100,2017,3903,0.0655679197157,0.489517382969,DESCRIPTIVE_YEAR_DELETION_NOT_A_TRADING_PATH
frictionless,dual_momentum_63_g100,2018,3903,0.0803592519435,0.617392508313,DESCRIPTIVE_YEAR_DELETION_NOT_A_TRADING_PATH
frictionless,dual_momentum_63_g100,2019,3902,0.0754556205019,0.573391034048,DESCRIPTIVE_YEAR_DELETION_NOT_A_TRADING_PATH
frictionless,dual_momentum_63_g100,2020,3901,0.0645527165435,0.496407589664,DESCRIPTIVE_YEAR_DELETION_NOT_A_TRADING_PATH
frictionless,dual_momentum_63_g100,2021,3902,0.0685493706946,0.517451217483,DESCRIPTIVE_YEAR_DELETION_NOT_A_TRADING_PATH
frictionless,dual_momentum_63_g100,2022,3903,0.0845805623273,0.642990628002,DESCRIPTIVE_YEAR_DELETION_NOT_A_TRADING_PATH
frictionless,dual_momentum_63_g100,2023,3904,0.0674630976959,0.528867683936,DESCRIPTIVE_YEAR_DELETION_NOT_A_TRADING_PATH
frictionless,dual_momentum_63_g100,2024,3902,0.0770045097057,0.608833692982,DESCRIPTIVE_YEAR_DELETION_NOT_A_TRADING_PATH
frictionless,dual_momentum_63_g150,2008,4026,0.0912084969397,0.570926894847,DESCRIPTIVE_YEAR_DELETION_NOT_A_TRADING_PATH
frictionless,dual_momentum_63_g150,2009,3902,0.0842442962628,0.525062067285,DESCRIPTIVE_YEAR_DELETION_NOT_A_TRADING_PATH
frictionless,dual_momentum_63_g150,2010,3902,0.0795510031196,0.501089459977,DESCRIPTIVE_YEAR_DELETION_NOT_A_TRADING_PATH
frictionless,dual_momentum_63_g150,2011,3902,0.0766498281446,0.48414712046,DESCRIPTIVE_YEAR_DELETION_NOT_A_TRADING_PATH
frictionless,dual_momentum_63_g150,2012,3904,0.0988925248095,0.607649466938,DESCRIPTIVE_YEAR_DELETION_NOT_A_TRADING_PATH
frictionless,dual_momentum_63_g150,2013,3902,0.0814939898735,0.509315738816,DESCRIPTIVE_YEAR_DELETION_NOT_A_TRADING_PATH
frictionless,dual_momentum_63_g150,2014,3902,0.0850486887789,0.525843010248,DESCRIPTIVE_YEAR_DELETION_NOT_A_TRADING_PATH
frictionless,dual_momentum_63_g150,2015,3902,0.102497204407,0.630247145794,DESCRIPTIVE_YEAR_DELETION_NOT_A_TRADING_PATH
frictionless,dual_momentum_63_g150,2016,3902,0.0980250613781,0.605947952261,DESCRIPTIVE_YEAR_DELETION_NOT_A_TRADING_PATH
frictionless,dual_momentum_63_g150,2017,3903,0.0756874632668,0.474392528046,DESCRIPTIVE_YEAR_DELETION_NOT_A_TRADING_PATH
frictionless,dual_momentum_63_g150,2018,3903,0.0979687327681,0.621163881493,DESCRIPTIVE_YEAR_DELETION_NOT_A_TRADING_PATH
frictionless,dual_momentum_63_g150,2019,3902,0.0909829430228,0.571135037032,DESCRIPTIVE_YEAR_DELETION_NOT_A_TRADING_PATH
frictionless,dual_momentum_63_g150,2020,3901,0.0808499384033,0.51810453796,DESCRIPTIVE_YEAR_DELETION_NOT_A_TRADING_PATH
frictionless,dual_momentum_63_g150,2021,3902,0.0837676445108,0.524484147003,DESCRIPTIVE_YEAR_DELETION_NOT_A_TRADING_PATH
frictionless,dual_momentum_63_g150,2022,3903,0.101408709557,0.631614209346,DESCRIPTIVE_YEAR_DELETION_NOT_A_TRADING_PATH
frictionless,dual_momentum_63_g150,2023,3904,0.0824337252718,0.531382323772,DESCRIPTIVE_YEAR_DELETION_NOT_A_TRADING_PATH
frictionless,dual_momentum_63_g150,2024,3902,0.0931160358501,0.601446891186,DESCRIPTIVE_YEAR_DELETION_NOT_A_TRADING_PATH
frictionless,fixed_blend_g100,2008,4026,0.0365095614773,0.530361879975,DESCRIPTIVE_YEAR_DELETION_NOT_A_TRADING_PATH
frictionless,fixed_blend_g100,2009,3902,0.0307660841615,0.412152551054,DESCRIPTIVE_YEAR_DELETION_NOT_A_TRADING_PATH
frictionless,fixed_blend_g100,2010,3902,0.0334235056466,0.461353741766,DESCRIPTIVE_YEAR_DELETION_NOT_A_TRADING_PATH
frictionless,fixed_blend_g100,2011,3902,0.0327625228312,0.443805462083,DESCRIPTIVE_YEAR_DELETION_NOT_A_TRADING_PATH
frictionless,fixed_blend_g100,2012,3904,0.0336585828269,0.455089659053,DESCRIPTIVE_YEAR_DELETION_NOT_A_TRADING_PATH
frictionless,fixed_blend_g100,2013,3902,0.0290378295288,0.369491767982,DESCRIPTIVE_YEAR_DELETION_NOT_A_TRADING_PATH
frictionless,fixed_blend_g100,2014,3902,0.0324917942838,0.434439474401,DESCRIPTIVE_YEAR_DELETION_NOT_A_TRADING_PATH
frictionless,fixed_blend_g100,2015,3902,0.0360060449354,0.498691782778,DESCRIPTIVE_YEAR_DELETION_NOT_A_TRADING_PATH
frictionless,fixed_blend_g100,2016,3902,0.0319286575932,0.42407788564,DESCRIPTIVE_YEAR_DELETION_NOT_A_TRADING_PATH
frictionless,fixed_blend_g100,2017,3903,0.0300493820253,0.394154709021,DESCRIPTIVE_YEAR_DELETION_NOT_A_TRADING_PATH
frictionless,fixed_blend_g100,2018,3903,0.0346677521912,0.50524607334,DESCRIPTIVE_YEAR_DELETION_NOT_A_TRADING_PATH
frictionless,fixed_blend_g100,2019,3902,0.0331892945733,0.467983073529,DESCRIPTIVE_YEAR_DELETION_NOT_A_TRADING_PATH
frictionless,fixed_blend_g100,2020,3901,0.0304035915053,0.419280128163,DESCRIPTIVE_YEAR_DELETION_NOT_A_TRADING_PATH
frictionless,fixed_blend_g100,2021,3902,0.0302839308024,0.400045838879,DESCRIPTIVE_YEAR_DELETION_NOT_A_TRADING_PATH
frictionless,fixed_blend_g100,2022,3903,0.0400884052763,0.591904368511,DESCRIPTIVE_YEAR_DELETION_NOT_A_TRADING_PATH
frictionless,fixed_blend_g100,2023,3904,0.0296565569248,0.441622467516,DESCRIPTIVE_YEAR_DELETION_NOT_A_TRADING_PATH
frictionless,fixed_blend_g100,2024,3902,0.0308570252648,0.470926556655,DESCRIPTIVE_YEAR_DELETION_NOT_A_TRADING_PATH
frictionless,fixed_blend_g150,2008,4026,0.04174073291,0.491652011426,DESCRIPTIVE_YEAR_DELETION_NOT_A_TRADING_PATH
frictionless,fixed_blend_g150,2009,3902,0.0361396037308,0.4003093665,DESCRIPTIVE_YEAR_DELETION_NOT_A_TRADING_PATH
frictionless,fixed_blend_g150,2010,3902,0.0378610250039,0.423607058373,DESCRIPTIVE_YEAR_DELETION_NOT_A_TRADING_PATH
frictionless,fixed_blend_g150,2011,3902,0.0381118978414,0.426045203123,DESCRIPTIVE_YEAR_DELETION_NOT_A_TRADING_PATH
frictionless,fixed_blend_g150,2012,3904,0.0388006572873,0.431747136455,DESCRIPTIVE_YEAR_DELETION_NOT_A_TRADING_PATH
frictionless,fixed_blend_g150,2013,3902,0.0331448310286,0.352878706681,DESCRIPTIVE_YEAR_DELETION_NOT_A_TRADING_PATH
frictionless,fixed_blend_g150,2014,3902,0.0369809395824,0.408537207909,DESCRIPTIVE_YEAR_DELETION_NOT_A_TRADING_PATH
frictionless,fixed_blend_g150,2015,3902,0.0414643830664,0.469861292018,DESCRIPTIVE_YEAR_DELETION_NOT_A_TRADING_PATH
frictionless,fixed_blend_g150,2016,3902,0.0363388017887,0.398198765927,DESCRIPTIVE_YEAR_DELETION_NOT_A_TRADING_PATH
frictionless,fixed_blend_g150,2017,3903,0.0334298786579,0.361693305232,DESCRIPTIVE_YEAR_DELETION_NOT_A_TRADING_PATH
frictionless,fixed_blend_g150,2018,3903,0.040908809397,0.48734957225,DESCRIPTIVE_YEAR_DELETION_NOT_A_TRADING_PATH
frictionless,fixed_blend_g150,2019,3902,0.038533242591,0.444780961464,DESCRIPTIVE_YEAR_DELETION_NOT_A_TRADING_PATH
frictionless,fixed_blend_g150,2020,3901,0.0360378455961,0.414229373582,DESCRIPTIVE_YEAR_DELETION_NOT_A_TRADING_PATH
frictionless,fixed_blend_g150,2021,3902,0.035689776702,0.394995448288,DESCRIPTIVE_YEAR_DELETION_NOT_A_TRADING_PATH
frictionless,fixed_blend_g150,2022,3903,0.047503753983,0.567408508464,DESCRIPTIVE_YEAR_DELETION_NOT_A_TRADING_PATH
frictionless,fixed_blend_g150,2023,3904,0.0350649966567,0.426284651204,DESCRIPTIVE_YEAR_DELETION_NOT_A_TRADING_PATH
frictionless,fixed_blend_g150,2024,3902,0.0365987446919,0.454204418833,DESCRIPTIVE_YEAR_DELETION_NOT_A_TRADING_PATH
frictionless,raw_sector_reversal_g100,2008,4026,-0.00796079476324,-0.262804260103,DESCRIPTIVE_YEAR_DELETION_NOT_A_TRADING_PATH
frictionless,raw_sector_reversal_g100,2009,3902,-0.0117534672921,-0.300562831876,DESCRIPTIVE_YEAR_DELETION_NOT_A_TRADING_PATH
frictionless,raw_sector_reversal_g100,2010,3902,-0.00326425066048,-0.16905943175,DESCRIPTIVE_YEAR_DELETION_NOT_A_TRADING_PATH
frictionless,raw_sector_reversal_g100,2011,3902,-0.00886509493222,-0.253181401515,DESCRIPTIVE_YEAR_DELETION_NOT_A_TRADING_PATH
frictionless,raw_sector_reversal_g100,2012,3904,-0.00757663718003,-0.231158719138,DESCRIPTIVE_YEAR_DELETION_NOT_A_TRADING_PATH
frictionless,raw_sector_reversal_g100,2013,3902,-0.00810483434861,-0.238043539139,DESCRIPTIVE_YEAR_DELETION_NOT_A_TRADING_PATH
frictionless,raw_sector_reversal_g100,2014,3902,-0.00891480257429,-0.250547292571,DESCRIPTIVE_YEAR_DELETION_NOT_A_TRADING_PATH
frictionless,raw_sector_reversal_g100,2015,3902,-0.00603167123287,-0.210070292252,DESCRIPTIVE_YEAR_DELETION_NOT_A_TRADING_PATH
frictionless,raw_sector_reversal_g100,2016,3902,-0.00814043887428,-0.242520022642,DESCRIPTIVE_YEAR_DELETION_NOT_A_TRADING_PATH
frictionless,raw_sector_reversal_g100,2017,3903,-0.0107956818413,-0.270846802198,DESCRIPTIVE_YEAR_DELETION_NOT_A_TRADING_PATH
frictionless,raw_sector_reversal_g100,2018,3903,-0.00811104581139,-0.224826811214,DESCRIPTIVE_YEAR_DELETION_NOT_A_TRADING_PATH
frictionless,raw_sector_reversal_g100,2019,3902,-0.00831915171412,-0.22417674924,DESCRIPTIVE_YEAR_DELETION_NOT_A_TRADING_PATH
frictionless,raw_sector_reversal_g100,2020,3901,-0.00814784628504,-0.251535574692,DESCRIPTIVE_YEAR_DELETION_NOT_A_TRADING_PATH
frictionless,raw_sector_reversal_g100,2021,3902,-0.0044489803268,-0.191943438878,DESCRIPTIVE_YEAR_DELETION_NOT_A_TRADING_PATH
frictionless,raw_sector_reversal_g100,2022,3903,-0.0011068285631,-0.13117068158,DESCRIPTIVE_YEAR_DELETION_NOT_A_TRADING_PATH
frictionless,raw_sector_reversal_g100,2023,3904,-0.00941831808225,-0.216849423735,DESCRIPTIVE_YEAR_DELETION_NOT_A_TRADING_PATH
frictionless,raw_sector_reversal_g100,2024,3902,-0.0063060945914,-0.166792796954,DESCRIPTIVE_YEAR_DELETION_NOT_A_TRADING_PATH
frictionless,raw_sector_reversal_g150,2008,4026,-0.0179401260157,-0.27279517632,DESCRIPTIVE_YEAR_DELETION_NOT_A_TRADING_PATH
frictionless,raw_sector_reversal_g150,2009,3902,-0.0239185471176,-0.322957016998,DESCRIPTIVE_YEAR_DELETION_NOT_A_TRADING_PATH
frictionless,raw_sector_reversal_g150,2010,3902,-0.011271108731,-0.18422526355,DESCRIPTIVE_YEAR_DELETION_NOT_A_TRADING_PATH
frictionless,raw_sector_reversal_g150,2011,3902,-0.0195925493525,-0.275659819557,DESCRIPTIVE_YEAR_DELETION_NOT_A_TRADING_PATH
frictionless,raw_sector_reversal_g150,2012,3904,-0.0176597194329,-0.250936169806,DESCRIPTIVE_YEAR_DELETION_NOT_A_TRADING_PATH
frictionless,raw_sector_reversal_g150,2013,3902,-0.0185005894677,-0.258483006031,DESCRIPTIVE_YEAR_DELETION_NOT_A_TRADING_PATH
frictionless,raw_sector_reversal_g150,2014,3902,-0.0196775459547,-0.272047388174,DESCRIPTIVE_YEAR_DELETION_NOT_A_TRADING_PATH
frictionless,raw_sector_reversal_g150,2015,3902,-0.0154181808989,-0.228557544186,DESCRIPTIVE_YEAR_DELETION_NOT_A_TRADING_PATH
frictionless,raw_sector_reversal_g150,2016,3902,-0.0183701207062,-0.263662705579,DESCRIPTIVE_YEAR_DELETION_NOT_A_TRADING_PATH
frictionless,raw_sector_reversal_g150,2017,3903,-0.0222301303138,-0.293973378004,DESCRIPTIVE_YEAR_DELETION_NOT_A_TRADING_PATH
frictionless,raw_sector_reversal_g150,2018,3903,-0.0178861889775,-0.244678748043,DESCRIPTIVE_YEAR_DELETION_NOT_A_TRADING_PATH
frictionless,raw_sector_reversal_g150,2019,3902,-0.018132469992,-0.243984640158,DESCRIPTIVE_YEAR_DELETION_NOT_A_TRADING_PATH
frictionless,raw_sector_reversal_g150,2020,3901,-0.0173243848897,-0.261305233677,DESCRIPTIVE_YEAR_DELETION_NOT_A_TRADING_PATH
frictionless,raw_sector_reversal_g150,2021,3902,-0.0133744633557,-0.21370554665,DESCRIPTIVE_YEAR_DELETION_NOT_A_TRADING_PATH
frictionless,raw_sector_reversal_g150,2022,3903,-0.00810139549693,-0.1499511219,DESCRIPTIVE_YEAR_DELETION_NOT_A_TRADING_PATH
frictionless,raw_sector_reversal_g150,2023,3904,-0.018843732356,-0.236636687745,DESCRIPTIVE_YEAR_DELETION_NOT_A_TRADING_PATH
frictionless,raw_sector_reversal_g150,2024,3902,-0.0141191282174,-0.181676865436,DESCRIPTIVE_YEAR_DELETION_NOT_A_TRADING_PATH
frictionless,sector_reversal_10_g100,2008,4026,-0.00539763794471,-0.285786882872,DESCRIPTIVE_YEAR_DELETION_NOT_A_TRADING_PATH
frictionless,sector_reversal_10_g100,2009,3902,-0.00421629426115,-0.246511260894,DESCRIPTIVE_YEAR_DELETION_NOT_A_TRADING_PATH
frictionless,sector_reversal_10_g100,2010,3902,-0.000998786761867,-0.183126046581,DESCRIPTIVE_YEAR_DELETION_NOT_A_TRADING_PATH
frictionless,sector_reversal_10_g100,2011,3902,0.000439203020693,-0.157631972097,DESCRIPTIVE_YEAR_DELETION_NOT_A_TRADING_PATH
frictionless,sector_reversal_10_g100,2012,3904,-3.81495002419e-05,-0.164609642543,DESCRIPTIVE_YEAR_DELETION_NOT_A_TRADING_PATH
frictionless,sector_reversal_10_g100,2013,3902,-7.16496291256e-05,-0.166391716658,DESCRIPTIVE_YEAR_DELETION_NOT_A_TRADING_PATH
frictionless,sector_reversal_10_g100,2014,3902,-0.000435234360841,-0.173488140229,DESCRIPTIVE_YEAR_DELETION_NOT_A_TRADING_PATH
frictionless,sector_reversal_10_g100,2015,3902,0.000699216507425,-0.154779555397,DESCRIPTIVE_YEAR_DELETION_NOT_A_TRADING_PATH
frictionless,sector_reversal_10_g100,2016,3902,-0.00486949505724,-0.254538985937,DESCRIPTIVE_YEAR_DELETION_NOT_A_TRADING_PATH
frictionless,sector_reversal_10_g100,2017,3903,-0.0016675848439,-0.185757829914,DESCRIPTIVE_YEAR_DELETION_NOT_A_TRADING_PATH
frictionless,sector_reversal_10_g100,2018,3903,-0.00623077006494,-0.260557800619,DESCRIPTIVE_YEAR_DELETION_NOT_A_TRADING_PATH
frictionless,sector_reversal_10_g100,2019,3902,-0.00448488603996,-0.222648242212,DESCRIPTIVE_YEAR_DELETION_NOT_A_TRADING_PATH
frictionless,sector_reversal_10_g100,2020,3901,0.0039017720805,-0.101206208766,DESCRIPTIVE_YEAR_DELETION_NOT_A_TRADING_PATH
frictionless,sector_reversal_10_g100,2021,3902,0.00409364141153,-0.0959201793161,DESCRIPTIVE_YEAR_DELETION_NOT_A_TRADING_PATH
frictionless,sector_reversal_10_g100,2022,3903,-0.00162308926881,-0.18609661104,DESCRIPTIVE_YEAR_DELETION_NOT_A_TRADING_PATH
frictionless,sector_reversal_10_g100,2023,3904,-0.00338082107645,-0.171928810752,DESCRIPTIVE_YEAR_DELETION_NOT_A_TRADING_PATH
frictionless,sector_reversal_10_g100,2024,3902,-0.00205289202596,-0.143471848548,DESCRIPTIVE_YEAR_DELETION_NOT_A_TRADING_PATH
frictionless,sector_reversal_10_g150,2008,4026,-0.0131999983041,-0.282728726989,DESCRIPTIVE_YEAR_DELETION_NOT_A_TRADING_PATH
frictionless,sector_reversal_10_g150,2009,3902,-0.0133871778917,-0.270981764122,DESCRIPTIVE_YEAR_DELETION_NOT_A_TRADING_PATH
frictionless,sector_reversal_10_g150,2010,3902,-0.00817033039879,-0.198775950756,DESCRIPTIVE_YEAR_DELETION_NOT_A_TRADING_PATH
frictionless,sector_reversal_10_g150,2011,3902,-0.00600670059883,-0.171916235068,DESCRIPTIVE_YEAR_DELETION_NOT_A_TRADING_PATH
frictionless,sector_reversal_10_g150,2012,3904,-0.0067412858248,-0.179151679204,DESCRIPTIVE_YEAR_DELETION_NOT_A_TRADING_PATH
frictionless,sector_reversal_10_g150,2013,3902,-0.00680233565913,-0.181089940161,DESCRIPTIVE_YEAR_DELETION_NOT_A_TRADING_PATH
frictionless,sector_reversal_10_g150,2014,3902,-0.00731894114356,-0.188495292642,DESCRIPTIVE_YEAR_DELETION_NOT_A_TRADING_PATH
frictionless,sector_reversal_10_g150,2015,3902,-0.00565274448544,-0.169164047668,DESCRIPTIVE_YEAR_DELETION_NOT_A_TRADING_PATH
frictionless,sector_reversal_10_g150,2016,3902,-0.0138507565634,-0.273935840593,DESCRIPTIVE_YEAR_DELETION_NOT_A_TRADING_PATH
frictionless,sector_reversal_10_g150,2017,3903,-0.00892413859771,-0.201234167619,DESCRIPTIVE_YEAR_DELETION_NOT_A_TRADING_PATH
frictionless,sector_reversal_10_g150,2018,3903,-0.0153549964042,-0.280213746353,DESCRIPTIVE_YEAR_DELETION_NOT_A_TRADING_PATH
frictionless,sector_reversal_10_g150,2019,3902,-0.0126980427136,-0.240247412666,DESCRIPTIVE_YEAR_DELETION_NOT_A_TRADING_PATH
frictionless,sector_reversal_10_g150,2020,3901,-0.00076998292502,-0.115151998341,DESCRIPTIVE_YEAR_DELETION_NOT_A_TRADING_PATH
frictionless,sector_reversal_10_g150,2021,3902,-0.000517987586247,-0.107569571141,DESCRIPTIVE_YEAR_DELETION_NOT_A_TRADING_PATH
frictionless,sector_reversal_10_g150,2022,3903,-0.00852580028724,-0.202461353654,DESCRIPTIVE_YEAR_DELETION_NOT_A_TRADING_PATH
frictionless,sector_reversal_10_g150,2023,3904,-0.0101360671364,-0.187386248976,DESCRIPTIVE_YEAR_DELETION_NOT_A_TRADING_PATH
frictionless,sector_reversal_10_g150,2024,3902,-0.00808236412009,-0.157181567743,DESCRIPTIVE_YEAR_DELETION_NOT_A_TRADING_PATH
frictionless,sector_reversal_3_g100,2008,4026,-0.00245894111638,-0.228422355562,DESCRIPTIVE_YEAR_DELETION_NOT_A_TRADING_PATH
frictionless,sector_reversal_3_g100,2009,3902,0.00510135845999,-0.0723708776572,DESCRIPTIVE_YEAR_DELETION_NOT_A_TRADING_PATH
frictionless,sector_reversal_3_g100,2010,3902,0.00538525240681,-0.0665144597561,DESCRIPTIVE_YEAR_DELETION_NOT_A_TRADING_PATH
frictionless,sector_reversal_3_g100,2011,3902,0.00656928268832,-0.046127269715,DESCRIPTIVE_YEAR_DELETION_NOT_A_TRADING_PATH
frictionless,sector_reversal_3_g100,2012,3904,0.00348724594989,-0.100116143891,DESCRIPTIVE_YEAR_DELETION_NOT_A_TRADING_PATH
frictionless,sector_reversal_3_g100,2013,3902,0.00482245196722,-0.0768517118028,DESCRIPTIVE_YEAR_DELETION_NOT_A_TRADING_PATH
frictionless,sector_reversal_3_g100,2014,3902,0.00531927880989,-0.0687012927068,DESCRIPTIVE_YEAR_DELETION_NOT_A_TRADING_PATH
frictionless,sector_reversal_3_g100,2015,3902,0.00990155769773,0.0117961334094,DESCRIPTIVE_YEAR_DELETION_NOT_A_TRADING_PATH
frictionless,sector_reversal_3_g100,2016,3902,0.00248854738043,-0.119035446354,DESCRIPTIVE_YEAR_DELETION_NOT_A_TRADING_PATH
frictionless,sector_reversal_3_g100,2017,3903,0.00664216566312,-0.0358191836739,DESCRIPTIVE_YEAR_DELETION_NOT_A_TRADING_PATH
frictionless,sector_reversal_3_g100,2018,3903,0.0042427302327,-0.0676205918616,DESCRIPTIVE_YEAR_DELETION_NOT_A_TRADING_PATH
frictionless,sector_reversal_3_g100,2019,3902,0.00264412948959,-0.0922664199074,DESCRIPTIVE_YEAR_DELETION_NOT_A_TRADING_PATH
frictionless,sector_reversal_3_g100,2020,3901,0.00368132991995,-0.103049528473,DESCRIPTIVE_YEAR_DELETION_NOT_A_TRADING_PATH
frictionless,sector_reversal_3_g100,2021,3902,0.00813470528559,-0.0205466795768,DESCRIPTIVE_YEAR_DELETION_NOT_A_TRADING_PATH
frictionless,sector_reversal_3_g100,2022,3903,0.00824745707958,-0.00116996212596,DESCRIPTIVE_YEAR_DELETION_NOT_A_TRADING_PATH
frictionless,sector_reversal_3_g100,2023,3904,0.00762137072127,0.0287031452209,DESCRIPTIVE_YEAR_DELETION_NOT_A_TRADING_PATH
frictionless,sector_reversal_3_g100,2024,3902,0.00476474307218,-0.019298890736,DESCRIPTIVE_YEAR_DELETION_NOT_A_TRADING_PATH
frictionless,sector_reversal_3_g150,2008,4026,-0.00933324063788,-0.233604713353,DESCRIPTIVE_YEAR_DELETION_NOT_A_TRADING_PATH
frictionless,sector_reversal_3_g150,2009,3902,1.51272454405e-05,-0.0949520762334,DESCRIPTIVE_YEAR_DELETION_NOT_A_TRADING_PATH
frictionless,sector_reversal_3_g150,2010,3902,0.00129922045368,-0.0763938357966,DESCRIPTIVE_YEAR_DELETION_NOT_A_TRADING_PATH
frictionless,sector_reversal_3_g150,2011,3902,0.00309202458048,-0.0550745563084,DESCRIPTIVE_YEAR_DELETION_NOT_A_TRADING_PATH
frictionless,sector_reversal_3_g150,2012,3904,-0.00152805924249,-0.11146291354,DESCRIPTIVE_YEAR_DELETION_NOT_A_TRADING_PATH
frictionless,sector_reversal_3_g150,2013,3902,0.000440906619714,-0.0871899162005,DESCRIPTIVE_YEAR_DELETION_NOT_A_TRADING_PATH
frictionless,sector_reversal_3_g150,2014,3902,0.00121459429001,-0.078678437066,DESCRIPTIVE_YEAR_DELETION_NOT_A_TRADING_PATH
frictionless,sector_reversal_3_g150,2015,3902,0.00805147882823,0.00533543134982,DESCRIPTIVE_YEAR_DELETION_NOT_A_TRADING_PATH
frictionless,sector_reversal_3_g150,2016,3902,-0.00291148251313,-0.131285101834,DESCRIPTIVE_YEAR_DELETION_NOT_A_TRADING_PATH
frictionless,sector_reversal_3_g150,2017,3903,0.00342543582983,-0.0442018695543,DESCRIPTIVE_YEAR_DELETION_NOT_A_TRADING_PATH
frictionless,sector_reversal_3_g150,2018,3903,0.000185652190771,-0.0777059057355,DESCRIPTIVE_YEAR_DELETION_NOT_A_TRADING_PATH
frictionless,sector_reversal_3_g150,2019,3902,-0.00212103987201,-0.103415367137,DESCRIPTIVE_YEAR_DELETION_NOT_A_TRADING_PATH
frictionless,sector_reversal_3_g150,2020,3901,-0.000177567147439,-0.102535085802,DESCRIPTIVE_YEAR_DELETION_NOT_A_TRADING_PATH
frictionless,sector_reversal_3_g150,2021,3902,0.00545009267119,-0.0286783824193,DESCRIPTIVE_YEAR_DELETION_NOT_A_TRADING_PATH
frictionless,sector_reversal_3_g150,2022,3903,0.00618370192868,-0.00764146084472,DESCRIPTIVE_YEAR_DELETION_NOT_A_TRADING_PATH
frictionless,sector_reversal_3_g150,2023,3904,0.00627312109525,0.0230510332448,DESCRIPTIVE_YEAR_DELETION_NOT_A_TRADING_PATH
frictionless,sector_reversal_3_g150,2024,3902,0.00206407083598,-0.0269355266843,DESCRIPTIVE_YEAR_DELETION_NOT_A_TRADING_PATH
frictionless,sector_reversal_5_g100,2008,4026,-0.00771177950348,-0.331389696509,DESCRIPTIVE_YEAR_DELETION_NOT_A_TRADING_PATH
frictionless,sector_reversal_5_g100,2009,3902,-0.00811079617842,-0.317327179416,DESCRIPTIVE_YEAR_DELETION_NOT_A_TRADING_PATH
frictionless,sector_reversal_5_g100,2010,3902,-0.0092793449393,-0.330306241229,DESCRIPTIVE_YEAR_DELETION_NOT_A_TRADING_PATH
frictionless,sector_reversal_5_g100,2011,3902,-0.00854203227791,-0.318389552757,DESCRIPTIVE_YEAR_DELETION_NOT_A_TRADING_PATH
frictionless,sector_reversal_5_g100,2012,3904,-0.0109280862929,-0.358863182977,DESCRIPTIVE_YEAR_DELETION_NOT_A_TRADING_PATH
frictionless,sector_reversal_5_g100,2013,3902,-0.00940285330165,-0.332594423672,DESCRIPTIVE_YEAR_DELETION_NOT_A_TRADING_PATH
frictionless,sector_reversal_5_g100,2014,3902,-0.0114708599809,-0.371800985051,DESCRIPTIVE_YEAR_DELETION_NOT_A_TRADING_PATH
frictionless,sector_reversal_5_g100,2015,3902,-0.00890798973341,-0.327521581066,DESCRIPTIVE_YEAR_DELETION_NOT_A_TRADING_PATH
frictionless,sector_reversal_5_g100,2016,3902,-0.0106734324599,-0.362683640162,DESCRIPTIVE_YEAR_DELETION_NOT_A_TRADING_PATH
frictionless,sector_reversal_5_g100,2017,3903,-0.00946780838634,-0.32491541396,DESCRIPTIVE_YEAR_DELETION_NOT_A_TRADING_PATH
frictionless,sector_reversal_5_g100,2018,3903,-0.0125199809861,-0.372740169342,DESCRIPTIVE_YEAR_DELETION_NOT_A_TRADING_PATH
frictionless,sector_reversal_5_g100,2019,3902,-0.0117983130391,-0.353813203109,DESCRIPTIVE_YEAR_DELETION_NOT_A_TRADING_PATH
frictionless,sector_reversal_5_g100,2020,3901,-0.010300254912,-0.374665974268,DESCRIPTIVE_YEAR_DELETION_NOT_A_TRADING_PATH
frictionless,sector_reversal_5_g100,2021,3902,-0.00456502598296,-0.254330025463,DESCRIPTIVE_YEAR_DELETION_NOT_A_TRADING_PATH
frictionless,sector_reversal_5_g100,2022,3903,-0.00188883043235,-0.187895841489,DESCRIPTIVE_YEAR_DELETION_NOT_A_TRADING_PATH
frictionless,sector_reversal_5_g100,2023,3904,-0.0123815429139,-0.338484414765,DESCRIPTIVE_YEAR_DELETION_NOT_A_TRADING_PATH
frictionless,sector_reversal_5_g100,2024,3902,-0.00947813033435,-0.276949976803,DESCRIPTIVE_YEAR_DELETION_NOT_A_TRADING_PATH
frictionless,sector_reversal_5_g150,2008,4026,-0.0163874724853,-0.325989920693,DESCRIPTIVE_YEAR_DELETION_NOT_A_TRADING_PATH
frictionless,sector_reversal_5_g150,2009,3902,-0.0168820442825,-0.310451458892,DESCRIPTIVE_YEAR_DELETION_NOT_A_TRADING_PATH
frictionless,sector_reversal_5_g150,2010,3902,-0.0171469141636,-0.306903717415,DESCRIPTIVE_YEAR_DELETION_NOT_A_TRADING_PATH
frictionless,sector_reversal_5_g150,2011,3902,-0.0160328084714,-0.294388032855,DESCRIPTIVE_YEAR_DELETION_NOT_A_TRADING_PATH
frictionless,sector_reversal_5_g150,2012,3904,-0.0195884295501,-0.336405278653,DESCRIPTIVE_YEAR_DELETION_NOT_A_TRADING_PATH
frictionless,sector_reversal_5_g150,2013,3902,-0.0173404780487,-0.309201407521,DESCRIPTIVE_YEAR_DELETION_NOT_A_TRADING_PATH
frictionless,sector_reversal_5_g150,2014,3902,-0.0203857544737,-0.349731505889,DESCRIPTIVE_YEAR_DELETION_NOT_A_TRADING_PATH
frictionless,sector_reversal_5_g150,2015,3902,-0.0166058497968,-0.303926469902,DESCRIPTIVE_YEAR_DELETION_NOT_A_TRADING_PATH
frictionless,sector_reversal_5_g150,2016,3902,-0.0190659587387,-0.339700023505,DESCRIPTIVE_YEAR_DELETION_NOT_A_TRADING_PATH
frictionless,sector_reversal_5_g150,2017,3903,-0.0171833547981,-0.301145174977,DESCRIPTIVE_YEAR_DELETION_NOT_A_TRADING_PATH
frictionless,sector_reversal_5_g150,2018,3903,-0.0213725806109,-0.350765899879,DESCRIPTIVE_YEAR_DELETION_NOT_A_TRADING_PATH
frictionless,sector_reversal_5_g150,2019,3902,-0.0202245795165,-0.331163893603,DESCRIPTIVE_YEAR_DELETION_NOT_A_TRADING_PATH
frictionless,sector_reversal_5_g150,2020,3901,-0.0178248972579,-0.340690398186,DESCRIPTIVE_YEAR_DELETION_NOT_A_TRADING_PATH
frictionless,sector_reversal_5_g150,2021,3902,-0.0100637048658,-0.227271816876,DESCRIPTIVE_YEAR_DELETION_NOT_A_TRADING_PATH
frictionless,sector_reversal_5_g150,2022,3903,-0.00555187342124,-0.157647814528,DESCRIPTIVE_YEAR_DELETION_NOT_A_TRADING_PATH
frictionless,sector_reversal_5_g150,2023,3904,-0.0201645665724,-0.315134890438,DESCRIPTIVE_YEAR_DELETION_NOT_A_TRADING_PATH
frictionless,sector_reversal_5_g150,2024,3902,-0.0157718129062,-0.250966905121,DESCRIPTIVE_YEAR_DELETION_NOT_A_TRADING_PATH
frictionless,spy_buy_hold,2008,4026,0.145916439299,0.797855220215,DESCRIPTIVE_YEAR_DELETION_NOT_A_TRADING_PATH
frictionless,spy_buy_hold,2009,3902,0.110153278203,0.578680984826,DESCRIPTIVE_YEAR_DELETION_NOT_A_TRADING_PATH
frictionless,spy_buy_hold,2010,3902,0.116887942362,0.595685220034,DESCRIPTIVE_YEAR_DELETION_NOT_A_TRADING_PATH
frictionless,spy_buy_hold,2011,3902,0.125684720055,0.641904111771,DESCRIPTIVE_YEAR_DELETION_NOT_A_TRADING_PATH
frictionless,spy_buy_hold,2012,3904,0.116241872774,0.58808229265,DESCRIPTIVE_YEAR_DELETION_NOT_A_TRADING_PATH
frictionless,spy_buy_hold,2013,3902,0.10685577231,0.545415420669,DESCRIPTIVE_YEAR_DELETION_NOT_A_TRADING_PATH
frictionless,spy_buy_hold,2014,3902,0.117893651995,0.594055577091,DESCRIPTIVE_YEAR_DELETION_NOT_A_TRADING_PATH
frictionless,spy_buy_hold,2015,3902,0.126157741076,0.633544383661,DESCRIPTIVE_YEAR_DELETION_NOT_A_TRADING_PATH
frictionless,spy_buy_hold,2016,3902,0.118832850468,0.600048495092,DESCRIPTIVE_YEAR_DELETION_NOT_A_TRADING_PATH
frictionless,spy_buy_hold,2017,3903,0.112812247435,0.571943266877,DESCRIPTIVE_YEAR_DELETION_NOT_A_TRADING_PATH
frictionless,spy_buy_hold,2018,3903,0.130423944869,0.659988703643,DESCRIPTIVE_YEAR_DELETION_NOT_A_TRADING_PATH
frictionless,spy_buy_hold,2019,3902,0.10744396042,0.555517846864,DESCRIPTIVE_YEAR_DELETION_NOT_A_TRADING_PATH
frictionless,spy_buy_hold,2020,3901,0.11489606873,0.615423011758,DESCRIPTIVE_YEAR_DELETION_NOT_A_TRADING_PATH
frictionless,spy_buy_hold,2021,3902,0.108817823742,0.55527009483,DESCRIPTIVE_YEAR_DELETION_NOT_A_TRADING_PATH
frictionless,spy_buy_hold,2022,3903,0.141707070273,0.720501764659,DESCRIPTIVE_YEAR_DELETION_NOT_A_TRADING_PATH
frictionless,spy_buy_hold,2023,3904,0.110193713748,0.577074075044,DESCRIPTIVE_YEAR_DELETION_NOT_A_TRADING_PATH
frictionless,spy_buy_hold,2024,3902,0.110522652681,0.578825041913,DESCRIPTIVE_YEAR_DELETION_NOT_A_TRADING_PATH
frictionless,static_macro_g100,2008,4026,0.070771628946,0.6792423801,DESCRIPTIVE_YEAR_DELETION_NOT_A_TRADING_PATH
frictionless,static_macro_g100,2009,3902,0.052714205383,0.475274716201,DESCRIPTIVE_YEAR_DELETION_NOT_A_TRADING_PATH
frictionless,static_macro_g100,2010,3902,0.0530058942115,0.470520898567,DESCRIPTIVE_YEAR_DELETION_NOT_A_TRADING_PATH
frictionless,static_macro_g100,2011,3902,0.0595738737264,0.539787535717,DESCRIPTIVE_YEAR_DELETION_NOT_A_TRADING_PATH
frictionless,static_macro_g100,2012,3904,0.0578511932367,0.511508636471,DESCRIPTIVE_YEAR_DELETION_NOT_A_TRADING_PATH
frictionless,static_macro_g100,2013,3902,0.0611566874019,0.544129763604,DESCRIPTIVE_YEAR_DELETION_NOT_A_TRADING_PATH
frictionless,static_macro_g100,2014,3902,0.0604909312457,0.533393153756,DESCRIPTIVE_YEAR_DELETION_NOT_A_TRADING_PATH
frictionless,static_macro_g100,2015,3902,0.0670668361686,0.601428841498,DESCRIPTIVE_YEAR_DELETION_NOT_A_TRADING_PATH
frictionless,static_macro_g100,2016,3902,0.0592474972046,0.525640161767,DESCRIPTIVE_YEAR_DELETION_NOT_A_TRADING_PATH
frictionless,static_macro_g100,2017,3903,0.0548676741352,0.483415078987,DESCRIPTIVE_YEAR_DELETION_NOT_A_TRADING_PATH
frictionless,static_macro_g100,2018,3903,0.06681454912,0.608218209155,DESCRIPTIVE_YEAR_DELETION_NOT_A_TRADING_PATH
frictionless,static_macro_g100,2019,3902,0.0530953744378,0.47611890583,DESCRIPTIVE_YEAR_DELETION_NOT_A_TRADING_PATH
frictionless,static_macro_g100,2020,3901,0.0600094222874,0.555674798839,DESCRIPTIVE_YEAR_DELETION_NOT_A_TRADING_PATH
frictionless,static_macro_g100,2021,3902,0.0572941331799,0.506447404595,DESCRIPTIVE_YEAR_DELETION_NOT_A_TRADING_PATH
frictionless,static_macro_g100,2022,3903,0.0761233263727,0.725284884166,DESCRIPTIVE_YEAR_DELETION_NOT_A_TRADING_PATH
frictionless,static_macro_g100,2023,3904,0.0561810095237,0.532699874711,DESCRIPTIVE_YEAR_DELETION_NOT_A_TRADING_PATH
frictionless,static_macro_g100,2024,3902,0.0583108160216,0.552516003545,DESCRIPTIVE_YEAR_DELETION_NOT_A_TRADING_PATH
frictionless,static_macro_g150,2008,4026,0.0970651330601,0.703518208767,DESCRIPTIVE_YEAR_DELETION_NOT_A_TRADING_PATH
frictionless,static_macro_g150,2009,3902,0.0719031628263,0.501859960243,DESCRIPTIVE_YEAR_DELETION_NOT_A_TRADING_PATH
frictionless,static_macro_g150,2010,3902,0.0690779319698,0.48338268673,DESCRIPTIVE_YEAR_DELETION_NOT_A_TRADING_PATH
frictionless,static_macro_g150,2011,3902,0.0793452969824,0.555670558885,DESCRIPTIVE_YEAR_DELETION_NOT_A_TRADING_PATH
frictionless,static_macro_g150,2012,3904,0.0773797490348,0.533593584323,DESCRIPTIVE_YEAR_DELETION_NOT_A_TRADING_PATH
frictionless,static_macro_g150,2013,3902,0.0811371693465,0.560476042114,DESCRIPTIVE_YEAR_DELETION_NOT_A_TRADING_PATH
frictionless,static_macro_g150,2014,3902,0.0801653012731,0.549037179562,DESCRIPTIVE_YEAR_DELETION_NOT_A_TRADING_PATH
frictionless,static_macro_g150,2015,3902,0.0902066799886,0.622653138975,DESCRIPTIVE_YEAR_DELETION_NOT_A_TRADING_PATH
frictionless,static_macro_g150,2016,3902,0.0782431616965,0.540197709374,DESCRIPTIVE_YEAR_DELETION_NOT_A_TRADING_PATH
frictionless,static_macro_g150,2017,3903,0.0715112518229,0.493011227484,DESCRIPTIVE_YEAR_DELETION_NOT_A_TRADING_PATH
frictionless,static_macro_g150,2018,3903,0.0897831915982,0.625139951059,DESCRIPTIVE_YEAR_DELETION_NOT_A_TRADING_PATH
frictionless,static_macro_g150,2019,3902,0.0689080865987,0.482729627738,DESCRIPTIVE_YEAR_DELETION_NOT_A_TRADING_PATH
frictionless,static_macro_g150,2020,3901,0.0827180851378,0.596142602225,DESCRIPTIVE_YEAR_DELETION_NOT_A_TRADING_PATH
frictionless,static_macro_g150,2021,3902,0.0752741116203,0.520104056029,DESCRIPTIVE_YEAR_DELETION_NOT_A_TRADING_PATH
frictionless,static_macro_g150,2022,3903,0.102612466176,0.727171213068,DESCRIPTIVE_YEAR_DELETION_NOT_A_TRADING_PATH
frictionless,static_macro_g150,2023,3904,0.0750468168549,0.544833514088,DESCRIPTIVE_YEAR_DELETION_NOT_A_TRADING_PATH
frictionless,static_macro_g150,2024,3902,0.0768124637894,0.557343827291,DESCRIPTIVE_YEAR_DELETION_NOT_A_TRADING_PATH
frictionless,trend_only_g100,2008,4026,0.0685706626555,0.573316840474,DESCRIPTIVE_YEAR_DELETION_NOT_A_TRADING_PATH
frictionless,trend_only_g100,2009,3902,0.0563830189652,0.469390689636,DESCRIPTIVE_YEAR_DELETION_NOT_A_TRADING_PATH
frictionless,trend_only_g100,2010,3902,0.0679946555456,0.57968945261,DESCRIPTIVE_YEAR_DELETION_NOT_A_TRADING_PATH
frictionless,trend_only_g100,2011,3902,0.0724965794542,0.613297256781,DESCRIPTIVE_YEAR_DELETION_NOT_A_TRADING_PATH
frictionless,trend_only_g100,2012,3904,0.0657456403118,0.550747366374,DESCRIPTIVE_YEAR_DELETION_NOT_A_TRADING_PATH
frictionless,trend_only_g100,2013,3902,0.0549878517641,0.45497765217,DESCRIPTIVE_YEAR_DELETION_NOT_A_TRADING_PATH
frictionless,trend_only_g100,2014,3902,0.0666113156904,0.553375432341,DESCRIPTIVE_YEAR_DELETION_NOT_A_TRADING_PATH
frictionless,trend_only_g100,2015,3902,0.0714968219932,0.592523909288,DESCRIPTIVE_YEAR_DELETION_NOT_A_TRADING_PATH
frictionless,trend_only_g100,2016,3902,0.0683743490067,0.571998191558,DESCRIPTIVE_YEAR_DELETION_NOT_A_TRADING_PATH
frictionless,trend_only_g100,2017,3903,0.0526446687289,0.43362762367,DESCRIPTIVE_YEAR_DELETION_NOT_A_TRADING_PATH
frictionless,trend_only_g100,2018,3903,0.0689919085803,0.590147805506,DESCRIPTIVE_YEAR_DELETION_NOT_A_TRADING_PATH
frictionless,trend_only_g100,2019,3902,0.0645903131064,0.547304198764,DESCRIPTIVE_YEAR_DELETION_NOT_A_TRADING_PATH
frictionless,trend_only_g100,2020,3901,0.0602936704952,0.509159199064,DESCRIPTIVE_YEAR_DELETION_NOT_A_TRADING_PATH
frictionless,trend_only_g100,2021,3902,0.060762764385,0.510275362361,DESCRIPTIVE_YEAR_DELETION_NOT_A_TRADING_PATH
frictionless,trend_only_g100,2022,3903,0.0733154356735,0.610190762808,DESCRIPTIVE_YEAR_DELETION_NOT_A_TRADING_PATH
frictionless,trend_only_g100,2023,3904,0.0588402550553,0.516952975901,DESCRIPTIVE_YEAR_DELETION_NOT_A_TRADING_PATH
frictionless,trend_only_g100,2024,3902,0.0593581890618,0.530865477888,DESCRIPTIVE_YEAR_DELETION_NOT_A_TRADING_PATH
frictionless,trend_only_g150,2008,4026,0.0759782242323,0.54085278633,DESCRIPTIVE_YEAR_DELETION_NOT_A_TRADING_PATH
frictionless,trend_only_g150,2009,3902,0.0622440330996,0.44249969875,DESCRIPTIVE_YEAR_DELETION_NOT_A_TRADING_PATH
frictionless,trend_only_g150,2010,3902,0.0748094453064,0.53724224087,DESCRIPTIVE_YEAR_DELETION_NOT_A_TRADING_PATH
frictionless,trend_only_g150,2011,3902,0.0791802312089,0.564512808612,DESCRIPTIVE_YEAR_DELETION_NOT_A_TRADING_PATH
frictionless,trend_only_g150,2012,3904,0.0713287360069,0.50936622692,DESCRIPTIVE_YEAR_DELETION_NOT_A_TRADING_PATH
frictionless,trend_only_g150,2013,3902,0.0572716214365,0.410986655888,DESCRIPTIVE_YEAR_DELETION_NOT_A_TRADING_PATH
frictionless,trend_only_g150,2014,3902,0.0721090985215,0.514320550708,DESCRIPTIVE_YEAR_DELETION_NOT_A_TRADING_PATH
frictionless,trend_only_g150,2015,3902,0.0798461072508,0.565379645884,DESCRIPTIVE_YEAR_DELETION_NOT_A_TRADING_PATH
frictionless,trend_only_g150,2016,3902,0.0751932200182,0.53551629588,DESCRIPTIVE_YEAR_DELETION_NOT_A_TRADING_PATH
frictionless,trend_only_g150,2017,3903,0.0511632067165,0.366793992762,DESCRIPTIVE_YEAR_DELETION_NOT_A_TRADING_PATH
frictionless,trend_only_g150,2018,3903,0.0773548766052,0.562011155226,DESCRIPTIVE_YEAR_DELETION_NOT_A_TRADING_PATH
frictionless,trend_only_g150,2019,3902,0.0692825873594,0.502656735734,DESCRIPTIVE_YEAR_DELETION_NOT_A_TRADING_PATH
frictionless,trend_only_g150,2020,3901,0.0689134084799,0.497314662955,DESCRIPTIVE_YEAR_DELETION_NOT_A_TRADING_PATH
frictionless,trend_only_g150,2021,3902,0.0667385206352,0.478674255204,DESCRIPTIVE_YEAR_DELETION_NOT_A_TRADING_PATH
frictionless,trend_only_g150,2022,3903,0.081903858929,0.578524722631,DESCRIPTIVE_YEAR_DELETION_NOT_A_TRADING_PATH
frictionless,trend_only_g150,2023,3904,0.062824814689,0.471247665767,DESCRIPTIVE_YEAR_DELETION_NOT_A_TRADING_PATH
frictionless,trend_only_g150,2024,3902,0.0654683204486,0.49791057163,DESCRIPTIVE_YEAR_DELETION_NOT_A_TRADING_PATH
frictionless,trend_pullback_10_g100,2008,4026,0.0278403074857,0.50589490723,DESCRIPTIVE_YEAR_DELETION_NOT_A_TRADING_PATH
frictionless,trend_pullback_10_g100,2009,3902,0.0243652763141,0.404415931424,DESCRIPTIVE_YEAR_DELETION_NOT_A_TRADING_PATH
frictionless,trend_pullback_10_g100,2010,3902,0.0318660597602,0.640792768799,DESCRIPTIVE_YEAR_DELETION_NOT_A_TRADING_PATH
frictionless,trend_pullback_10_g100,2011,3902,0.0255911306038,0.43141272543,DESCRIPTIVE_YEAR_DELETION_NOT_A_TRADING_PATH
frictionless,trend_pullback_10_g100,2012,3904,0.0291605300959,0.526321945228,DESCRIPTIVE_YEAR_DELETION_NOT_A_TRADING_PATH
frictionless,trend_pullback_10_g100,2013,3902,0.0263271066056,0.443912781392,DESCRIPTIVE_YEAR_DELETION_NOT_A_TRADING_PATH
frictionless,trend_pullback_10_g100,2014,3902,0.0273574360789,0.477919483383,DESCRIPTIVE_YEAR_DELETION_NOT_A_TRADING_PATH
frictionless,trend_pullback_10_g100,2015,3902,0.0280712656051,0.489733748519,DESCRIPTIVE_YEAR_DELETION_NOT_A_TRADING_PATH
frictionless,trend_pullback_10_g100,2016,3902,0.0282717605381,0.504821207739,DESCRIPTIVE_YEAR_DELETION_NOT_A_TRADING_PATH
frictionless,trend_pullback_10_g100,2017,3903,0.0255325882437,0.433687147234,DESCRIPTIVE_YEAR_DELETION_NOT_A_TRADING_PATH
frictionless,trend_pullback_10_g100,2018,3903,0.0268153785458,0.536516895751,DESCRIPTIVE_YEAR_DELETION_NOT_A_TRADING_PATH
frictionless,trend_pullback_10_g100,2019,3902,0.0277663701743,0.524555916829,DESCRIPTIVE_YEAR_DELETION_NOT_A_TRADING_PATH
frictionless,trend_pullback_10_g100,2020,3901,0.0299440978518,0.581483310434,DESCRIPTIVE_YEAR_DELETION_NOT_A_TRADING_PATH
frictionless,trend_pullback_10_g100,2021,3902,0.0254603138806,0.430649596808,DESCRIPTIVE_YEAR_DELETION_NOT_A_TRADING_PATH
frictionless,trend_pullback_10_g100,2022,3903,0.0287591499983,0.532709956041,DESCRIPTIVE_YEAR_DELETION_NOT_A_TRADING_PATH
frictionless,trend_pullback_10_g100,2023,3904,0.0262293810239,0.531223165648,DESCRIPTIVE_YEAR_DELETION_NOT_A_TRADING_PATH
frictionless,trend_pullback_10_g100,2024,3902,0.0230485938135,0.458091000038,DESCRIPTIVE_YEAR_DELETION_NOT_A_TRADING_PATH
frictionless,trend_pullback_10_g150,2008,4026,0.0342803805885,0.487153978862,DESCRIPTIVE_YEAR_DELETION_NOT_A_TRADING_PATH
frictionless,trend_pullback_10_g150,2009,3902,0.0294996831946,0.392590286525,DESCRIPTIVE_YEAR_DELETION_NOT_A_TRADING_PATH
frictionless,trend_pullback_10_g150,2010,3902,0.0398718562952,0.620268301904,DESCRIPTIVE_YEAR_DELETION_NOT_A_TRADING_PATH
frictionless,trend_pullback_10_g150,2011,3902,0.0306051795723,0.410050520033,DESCRIPTIVE_YEAR_DELETION_NOT_A_TRADING_PATH
frictionless,trend_pullback_10_g150,2012,3904,0.0358766754707,0.507850354867,DESCRIPTIVE_YEAR_DELETION_NOT_A_TRADING_PATH
frictionless,trend_pullback_10_g150,2013,3902,0.0315771331764,0.421685184713,DESCRIPTIVE_YEAR_DELETION_NOT_A_TRADING_PATH
frictionless,trend_pullback_10_g150,2014,3902,0.0331522650022,0.457273169253,DESCRIPTIVE_YEAR_DELETION_NOT_A_TRADING_PATH
frictionless,trend_pullback_10_g150,2015,3902,0.034194893946,0.469655796569,DESCRIPTIVE_YEAR_DELETION_NOT_A_TRADING_PATH
frictionless,trend_pullback_10_g150,2016,3902,0.0345820789707,0.485322802452,DESCRIPTIVE_YEAR_DELETION_NOT_A_TRADING_PATH
frictionless,trend_pullback_10_g150,2017,3903,0.0306330090065,0.411038881055,DESCRIPTIVE_YEAR_DELETION_NOT_A_TRADING_PATH
frictionless,trend_pullback_10_g150,2018,3903,0.0339510797294,0.523240756556,DESCRIPTIVE_YEAR_DELETION_NOT_A_TRADING_PATH
frictionless,trend_pullback_10_g150,2019,3902,0.0344522438358,0.505937805263,DESCRIPTIVE_YEAR_DELETION_NOT_A_TRADING_PATH
frictionless,trend_pullback_10_g150,2020,3901,0.037362137864,0.568018011149,DESCRIPTIVE_YEAR_DELETION_NOT_A_TRADING_PATH
frictionless,trend_pullback_10_g150,2021,3902,0.0303046127987,0.407883634704,DESCRIPTIVE_YEAR_DELETION_NOT_A_TRADING_PATH
frictionless,trend_pullback_10_g150,2022,3903,0.0357392123456,0.514556894318,DESCRIPTIVE_YEAR_DELETION_NOT_A_TRADING_PATH
frictionless,trend_pullback_10_g150,2023,3904,0.0330799824692,0.513113529466,DESCRIPTIVE_YEAR_DELETION_NOT_A_TRADING_PATH
frictionless,trend_pullback_10_g150,2024,3902,0.0287794730152,0.442953982316,DESCRIPTIVE_YEAR_DELETION_NOT_A_TRADING_PATH
frictionless,trend_pullback_3_g100,2008,4026,0.0248484727995,0.382237463668,DESCRIPTIVE_YEAR_DELETION_NOT_A_TRADING_PATH
frictionless,trend_pullback_3_g100,2009,3902,0.0209933657341,0.283103544832,DESCRIPTIVE_YEAR_DELETION_NOT_A_TRADING_PATH
frictionless,trend_pullback_3_g100,2010,3902,0.027591967507,0.453663274131,DESCRIPTIVE_YEAR_DELETION_NOT_A_TRADING_PATH
frictionless,trend_pullback_3_g100,2011,3902,0.0244185740573,0.359385298003,DESCRIPTIVE_YEAR_DELETION_NOT_A_TRADING_PATH
frictionless,trend_pullback_3_g100,2012,3904,0.024088956404,0.35177301291,DESCRIPTIVE_YEAR_DELETION_NOT_A_TRADING_PATH
frictionless,trend_pullback_3_g100,2013,3902,0.0238419910746,0.343168191447,DESCRIPTIVE_YEAR_DELETION_NOT_A_TRADING_PATH
frictionless,trend_pullback_3_g100,2014,3902,0.0241168231088,0.349798747004,DESCRIPTIVE_YEAR_DELETION_NOT_A_TRADING_PATH
frictionless,trend_pullback_3_g100,2015,3902,0.0258604607067,0.391164251024,DESCRIPTIVE_YEAR_DELETION_NOT_A_TRADING_PATH
frictionless,trend_pullback_3_g100,2016,3902,0.0247908364222,0.368083079561,DESCRIPTIVE_YEAR_DELETION_NOT_A_TRADING_PATH
frictionless,trend_pullback_3_g100,2017,3903,0.0217960019334,0.301564543979,DESCRIPTIVE_YEAR_DELETION_NOT_A_TRADING_PATH
frictionless,trend_pullback_3_g100,2018,3903,0.0290319820547,0.532826896417,DESCRIPTIVE_YEAR_DELETION_NOT_A_TRADING_PATH
frictionless,trend_pullback_3_g100,2019,3902,0.0250379611488,0.407401499109,DESCRIPTIVE_YEAR_DELETION_NOT_A_TRADING_PATH
frictionless,trend_pullback_3_g100,2020,3901,0.025682350935,0.407191535298,DESCRIPTIVE_YEAR_DELETION_NOT_A_TRADING_PATH
frictionless,trend_pullback_3_g100,2021,3902,0.0206137310403,0.268305454227,DESCRIPTIVE_YEAR_DELETION_NOT_A_TRADING_PATH
frictionless,trend_pullback_3_g100,2022,3903,0.0257145257392,0.405264813991,DESCRIPTIVE_YEAR_DELETION_NOT_A_TRADING_PATH
frictionless,trend_pullback_3_g100,2023,3904,0.023533175591,0.413604567773,DESCRIPTIVE_YEAR_DELETION_NOT_A_TRADING_PATH
frictionless,trend_pullback_3_g100,2024,3902,0.0210821302034,0.361586467055,DESCRIPTIVE_YEAR_DELETION_NOT_A_TRADING_PATH
frictionless,trend_pullback_3_g150,2008,4026,0.0274079673604,0.32711678201,DESCRIPTIVE_YEAR_DELETION_NOT_A_TRADING_PATH
frictionless,trend_pullback_3_g150,2009,3902,0.0222971281773,0.234325582711,DESCRIPTIVE_YEAR_DELETION_NOT_A_TRADING_PATH
frictionless,trend_pullback_3_g150,2010,3902,0.0313210408504,0.399778809389,DESCRIPTIVE_YEAR_DELETION_NOT_A_TRADING_PATH
frictionless,trend_pullback_3_g150,2011,3902,0.0264614618264,0.302835562279,DESCRIPTIVE_YEAR_DELETION_NOT_A_TRADING_PATH
frictionless,trend_pullback_3_g150,2012,3904,0.0261560152768,0.297613885358,DESCRIPTIVE_YEAR_DELETION_NOT_A_TRADING_PATH
frictionless,trend_pullback_3_g150,2013,3902,0.0254674535982,0.284356698073,DESCRIPTIVE_YEAR_DELETION_NOT_A_TRADING_PATH
frictionless,trend_pullback_3_g150,2014,3902,0.0258567056628,0.290985649005,DESCRIPTIVE_YEAR_DELETION_NOT_A_TRADING_PATH
frictionless,trend_pullback_3_g150,2015,3902,0.0284377592954,0.334499361969,DESCRIPTIVE_YEAR_DELETION_NOT_A_TRADING_PATH
frictionless,trend_pullback_3_g150,2016,3902,0.0270729150705,0.312444072977,DESCRIPTIVE_YEAR_DELETION_NOT_A_TRADING_PATH
frictionless,trend_pullback_3_g150,2017,3903,0.0225859221806,0.24034819136,DESCRIPTIVE_YEAR_DELETION_NOT_A_TRADING_PATH
frictionless,trend_pullback_3_g150,2018,3903,0.0346089356563,0.487609918641,DESCRIPTIVE_YEAR_DELETION_NOT_A_TRADING_PATH
frictionless,trend_pullback_3_g150,2019,3902,0.027875307269,0.350608883853,DESCRIPTIVE_YEAR_DELETION_NOT_A_TRADING_PATH
frictionless,trend_pullback_3_g150,2020,3901,0.0289671042929,0.359026748928,DESCRIPTIVE_YEAR_DELETION_NOT_A_TRADING_PATH
frictionless,trend_pullback_3_g150,2021,3902,0.0214850974844,0.218354823503,DESCRIPTIVE_YEAR_DELETION_NOT_A_TRADING_PATH
frictionless,trend_pullback_3_g150,2022,3903,0.0287067898759,0.350201658663,DESCRIPTIVE_YEAR_DELETION_NOT_A_TRADING_PATH
frictionless,trend_pullback_3_g150,2023,3904,0.0266963864176,0.360216783197,DESCRIPTIVE_YEAR_DELETION_NOT_A_TRADING_PATH
frictionless,trend_pullback_3_g150,2024,3902,0.0232515643789,0.306342245374,DESCRIPTIVE_YEAR_DELETION_NOT_A_TRADING_PATH
frictionless,trend_pullback_5_g100,2008,4026,0.0346591989052,0.630934484828,DESCRIPTIVE_YEAR_DELETION_NOT_A_TRADING_PATH
frictionless,trend_pullback_5_g100,2009,3902,0.0335051050626,0.603585701611,DESCRIPTIVE_YEAR_DELETION_NOT_A_TRADING_PATH
frictionless,trend_pullback_5_g100,2010,3902,0.0376636195852,0.724112318608,DESCRIPTIVE_YEAR_DELETION_NOT_A_TRADING_PATH
frictionless,trend_pullback_5_g100,2011,3902,0.0344356179371,0.620013595201,DESCRIPTIVE_YEAR_DELETION_NOT_A_TRADING_PATH
frictionless,trend_pullback_5_g100,2012,3904,0.0334632417413,0.590185818577,DESCRIPTIVE_YEAR_DELETION_NOT_A_TRADING_PATH
frictionless,trend_pullback_5_g100,2013,3902,0.032291718694,0.556967987988,DESCRIPTIVE_YEAR_DELETION_NOT_A_TRADING_PATH
frictionless,trend_pullback_5_g100,2014,3902,0.0348548778411,0.621887127642,DESCRIPTIVE_YEAR_DELETION_NOT_A_TRADING_PATH
frictionless,trend_pullback_5_g100,2015,3902,0.0348081523813,0.616073627605,DESCRIPTIVE_YEAR_DELETION_NOT_A_TRADING_PATH
frictionless,trend_pullback_5_g100,2016,3902,0.0342661496274,0.605046603288,DESCRIPTIVE_YEAR_DELETION_NOT_A_TRADING_PATH
frictionless,trend_pullback_5_g100,2017,3903,0.0324095537637,0.565646709431,DESCRIPTIVE_YEAR_DELETION_NOT_A_TRADING_PATH
frictionless,trend_pullback_5_g100,2018,3903,0.0357336924597,0.732785249925,DESCRIPTIVE_YEAR_DELETION_NOT_A_TRADING_PATH
frictionless,trend_pullback_5_g100,2019,3902,0.0347686827159,0.654358632647,DESCRIPTIVE_YEAR_DELETION_NOT_A_TRADING_PATH
frictionless,trend_pullback_5_g100,2020,3901,0.0342888181217,0.640587262684,DESCRIPTIVE_YEAR_DELETION_NOT_A_TRADING_PATH
frictionless,trend_pullback_5_g100,2021,3902,0.0307314643338,0.528883137404,DESCRIPTIVE_YEAR_DELETION_NOT_A_TRADING_PATH
frictionless,trend_pullback_5_g100,2022,3903,0.0355820943389,0.652641153166,DESCRIPTIVE_YEAR_DELETION_NOT_A_TRADING_PATH
frictionless,trend_pullback_5_g100,2023,3904,0.0328606417543,0.648762737631,DESCRIPTIVE_YEAR_DELETION_NOT_A_TRADING_PATH
frictionless,trend_pullback_5_g100,2024,3902,0.0285731375417,0.559093328809,DESCRIPTIVE_YEAR_DELETION_NOT_A_TRADING_PATH
frictionless,trend_pullback_5_g150,2008,4026,0.0437881945819,0.613296070703,DESCRIPTIVE_YEAR_DELETION_NOT_A_TRADING_PATH
frictionless,trend_pullback_5_g150,2009,3902,0.0418728742059,0.581644789058,DESCRIPTIVE_YEAR_DELETION_NOT_A_TRADING_PATH
frictionless,trend_pullback_5_g150,2010,3902,0.0477305234674,0.705200875278,DESCRIPTIVE_YEAR_DELETION_NOT_A_TRADING_PATH
frictionless,trend_pullback_5_g150,2011,3902,0.0432686449902,0.603755289233,DESCRIPTIVE_YEAR_DELETION_NOT_A_TRADING_PATH
frictionless,trend_pullback_5_g150,2012,3904,0.0418213999042,0.573656481241,DESCRIPTIVE_YEAR_DELETION_NOT_A_TRADING_PATH
frictionless,trend_pullback_5_g150,2013,3902,0.0398048203282,0.535341048933,DESCRIPTIVE_YEAR_DELETION_NOT_A_TRADING_PATH
frictionless,trend_pullback_5_g150,2014,3902,0.0436571720019,0.603258297092,DESCRIPTIVE_YEAR_DELETION_NOT_A_TRADING_PATH
frictionless,trend_pullback_5_g150,2015,3902,0.0435578880629,0.5970780105,DESCRIPTIVE_YEAR_DELETION_NOT_A_TRADING_PATH
frictionless,trend_pullback_5_g150,2016,3902,0.0428601637437,0.586021419365,DESCRIPTIVE_YEAR_DELETION_NOT_A_TRADING_PATH
frictionless,trend_pullback_5_g150,2017,3903,0.0401960841314,0.543859552598,DESCRIPTIVE_YEAR_DELETION_NOT_A_TRADING_PATH
frictionless,trend_pullback_5_g150,2018,3903,0.0461485414448,0.712319204681,DESCRIPTIVE_YEAR_DELETION_NOT_A_TRADING_PATH
frictionless,trend_pullback_5_g150,2019,3902,0.0442164897052,0.637298681222,DESCRIPTIVE_YEAR_DELETION_NOT_A_TRADING_PATH
frictionless,trend_pullback_5_g150,2020,3901,0.0438177623876,0.634085234453,DESCRIPTIVE_YEAR_DELETION_NOT_A_TRADING_PATH
frictionless,trend_pullback_5_g150,2021,3902,0.0378968009492,0.512464603321,DESCRIPTIVE_YEAR_DELETION_NOT_A_TRADING_PATH
frictionless,trend_pullback_5_g150,2022,3903,0.0452327622367,0.635419966443,DESCRIPTIVE_YEAR_DELETION_NOT_A_TRADING_PATH
frictionless,trend_pullback_5_g150,2023,3904,0.0422829419293,0.63150886709,DESCRIPTIVE_YEAR_DELETION_NOT_A_TRADING_PATH
frictionless,trend_pullback_5_g150,2024,3902,0.0366189592495,0.547063340705,DESCRIPTIVE_YEAR_DELETION_NOT_A_TRADING_PATH
