scenario,policy,period,observations,first_date,last_date,cagr,annualized_mean_return,annualized_volatility,excess_sharpe,calmar,max_drawdown,longest_underwater_sessions,worst_day,expected_shortfall_95,certainty_equivalent_gamma3,spy_beta,descriptive_alpha_annual,positive_day_fraction,annual_one_way_turnover,mean_gross_exposure,max_gross_exposure,mean_net_exposure,rebalances,annual_execution_drag,annual_funding_drag,annual_borrow_drag,pareto_cagr_sharpe_drawdown,role,family
base,bil_buy_hold,full,4154,2008-07-01,2024-12-31,0.00995478979476,0.00992876170328,0.0047331598293,-0.348364791894,1.27630127497,-0.00779971781741,2320,-0.00391088830074,-0.000545012959762,0.00989515750033,-1.24536393192e-05,-5.91288212504e-05,0.388059701493,0.121154191484,0,0,0,2,6.05870461079e-05,0,0,True,benchmark,bil_buy_hold
base,bil_buy_hold,2008_2016,2142,2008-07-01,2016-12-30,0.000450438384846,0.000468656111759,0.00604530204034,-0.342997170292,0.057750600136,-0.00779971781741,2079,-0.00391088830074,-0.000822230875349,0.000413837596621,-1.84174936183e-05,-5.67471804507e-05,0.261437908497,0.11757406321,0,0,0,1,5.8787031605e-05,0,0,True,benchmark,bil_buy_hold
base,bil_buy_hold,2017_2024,2012,2017-01-03,2024-12-31,0.0201707565363,0.0200001067217,0.00256433880342,-0.353904660817,9.6734322054,-0.00208517061039,595,-0.000437613317092,-0.000229727131869,0.0199902429714,-3.73609070024e-06,-6.21403069086e-05,0.522862823062,0.125085616438,0,0,0,1,6.25633495907e-05,0,0,True,benchmark,bil_buy_hold
base,dual_momentum_126_g100,full,4154,2008-07-01,2024-12-31,0.0571079542469,0.0645598402494,0.133520973017,0.407899717924,0.203484438474,-0.280650228957,598,-0.095007795658,-0.0208023693365,0.0378180648962,0.333225458731,0.013797848725,0.539961482908,8.18705206174,0.913596477696,1,0.913596477696,200,0.00409520874179,7.62202912008e-17,0,False,candidate,dual_momentum
base,dual_momentum_126_g100,2008_2016,2142,2008-07-01,2016-12-30,0.05497123122,0.0616646065734,0.127505874985,0.477413394084,0.324653101364,-0.169322981943,450,-0.0417163207822,-0.0196490693294,0.0372779843398,0.200416000887,0.0390020453791,0.536414565826,8.54407233834,0.916400481652,1,0.916400481652,103,0.00427481984394,5.511512407e-17,0,True,candidate,dual_momentum
base,dual_momentum_126_g100,2017_2024,2012,2017-01-03,2024-12-31,0.0594452482205,0.0676421417076,0.139671911013,0.340700826467,0.211812576963,-0.280650228957,598,-0.095007795658,-0.021952479956,0.0383797776184,0.527271261276,-0.0236224739432,0.543737574553,7.81582370467,0.910611300522,1,0.910611300522,97,0.00390842557537,9.87409092879e-17,0,False,candidate,dual_momentum
base,dual_momentum_126_g150,full,4154,2008-07-01,2024-12-31,0.0657707181391,0.0775321233775,0.165473870122,0.407684680701,0.191845081963,-0.342832443064,840,-0.095007795658,-0.025831906487,0.036459720838,0.383374899712,0.0206339801857,0.539239287434,10.8438344903,1.20283654802,1.60003787746,1.20283654802,200,0.00542491472977,0.00747734067352,0,False,candidate,dual_momentum
base,dual_momentum_126_g150,2008_2016,2142,2008-07-01,2016-12-30,0.0694982743439,0.0794503382975,0.156368890193,0.50326562699,0.309116425927,-0.224828797549,450,-0.0460381836761,-0.0235973964045,0.0427734935673,0.217425453076,0.0549091530027,0.536414565826,11.1883165562,1.18530493894,1.53169445223,1.18530493894,103,0.00559937438339,0.00406393582512,0,True,candidate,dual_momentum
base,dual_momentum_126_g150,2017_2024,2012,2017-01-03,2024-12-31,0.061890741166,0.0754899681296,0.174685401975,0.317376643431,0.180527667139,-0.342832443064,840,-0.095007795658,-0.0280922520537,0.0297174836347,0.625849597393,-0.0290865076727,0.542246520875,10.488668288,1.22150091514,1.60003787746,1.22150091514,97,0.00524497552419,0.0111146879599,0,False,candidate,dual_momentum
base,dual_momentum_252_g100,full,4154,2008-07-01,2024-12-31,0.0562806054048,0.0628126518602,0.126259884494,0.418782339933,0.243781055793,-0.23086537722,674,-0.0400548762191,-0.0198618393306,0.0389003142116,0.273598293894,0.0193464809826,0.548387096774,6.86155611618,0.919918327205,1,0.919918327205,200,0.0034352340158,9.73792293105e-17,0,False,candidate,dual_momentum
base,dual_momentum_252_g100,2008_2016,2142,2008-07-01,2016-12-30,0.0420923910128,0.0490512437957,0.124910098419,0.389204619748,0.237944663285,-0.176899916273,597,-0.040015868955,-0.0194370539766,0.0256474447649,0.188458537462,0.0277093353021,0.539215686275,7.32558338085,0.951099675181,1,0.951099675181,103,0.00366792024302,6.53649439418e-17,0,False,candidate,dual_momentum
base,dual_momentum_252_g100,2017_2024,2012,2017-01-03,2024-12-31,0.0716399938339,0.0774632165094,0.127705813803,0.449484967677,0.310310687105,-0.23086537722,635,-0.0400548762191,-0.0202311963421,0.0530000541906,0.397970604608,0.00365915382463,0.558151093439,6.37517940782,0.886722279808,1,0.886722279808,97,0.00319133503172,1.31521864159e-16,0,False,candidate,dual_momentum
base,dual_momentum_252_g150,full,4154,2008-07-01,2024-12-31,0.0697296938041,0.0803492432941,0.160087171768,0.439847030786,0.237489230091,-0.293612025174,749,-0.0597096546353,-0.0248425953001,0.0419073894469,0.333116924828,0.0296005316882,0.546942705826,9.0681757435,1.20207086121,1.5846135303,1.20207086121,200,0.00454140919279,0.00668250993285,0,True,candidate,dual_momentum
base,dual_momentum_252_g150,2008_2016,2142,2008-07-01,2016-12-30,0.0553077351788,0.0659200430095,0.155247054943,0.421849275374,0.237568600154,-0.232807429698,501,-0.054783711242,-0.023761490901,0.0297675709067,0.218167709577,0.0412968785341,0.53781512605,9.54670496442,1.24300198601,1.57317789976,1.24300198601,103,0.00478166955411,0.00439309033163,0,False,candidate,dual_momentum
base,dual_momentum_252_g150,2017_2024,2012,2017-01-03,2024-12-31,0.085356814178,0.0957107477721,0.16511737618,0.45816920363,0.290712937004,-0.293612025174,749,-0.0597096546353,-0.0259127503725,0.0548151258971,0.501036197755,0.00798887295478,0.556660039761,8.56864536552,1.15849508124,1.5846135303,1.15849508124,97,0.00429059268789,0.00912384397106,0,False,candidate,dual_momentum
base,dual_momentum_63_g100,full,4154,2008-07-01,2024-12-31,0.0675349967912,0.0729837625803,0.122739506866,0.51349802398,0.287557030122,-0.234857748956,746,-0.0434870107435,-0.0189523950996,0.0503862827618,0.20704266781,0.0376611603645,0.543331728455,10.3020482151,0.905524958129,1,0.905524958129,200,0.00515004609306,8.40418572359e-17,0,True,candidate,dual_momentum
base,dual_momentum_63_g100,2008_2016,2142,2008-07-01,2016-12-30,0.0644947775314,0.0700010778494,0.122340335538,0.56814708534,0.274612091013,-0.234857748956,485,-0.0417163207822,-0.018212815464,0.0475503413,0.158891752941,0.0519246992127,0.541083099907,10.1685833922,0.925016996035,1,0.925016996035,103,0.00508276957654,5.95216983379e-17,0,True,candidate,dual_momentum
base,dual_momentum_63_g100,2017_2024,2012,2017-01-03,2024-12-31,0.0708492561083,0.0761591655095,0.123193153787,0.455602349104,0.409987284072,-0.172808423239,643,-0.0434870107435,-0.0196705548924,0.0533943357995,0.277411019863,0.01863527548,0.545725646123,10.4545531534,0.884773494314,1,0.884773494314,97,0.00522687613486,1.10201863726e-16,0,False,candidate,dual_momentum
base,dual_momentum_63_g150,full,4154,2008-07-01,2024-12-31,0.0737462105479,0.0836350860387,0.157173835252,0.468821044715,0.245039672244,-0.300956207917,739,-0.067103650185,-0.0241585196468,0.0465796643072,0.243611643856,0.0438380015764,0.541646605681,13.2202286554,1.1915199145,1.58779230858,1.1915199145,200,0.00660940660896,0.00686280546406,0,True,candidate,dual_momentum
base,dual_momentum_63_g150,2008_2016,2142,2008-07-01,2016-12-30,0.0741317569528,0.0829667261164,0.151168567007,0.545744628138,0.246320743692,-0.300956207917,485,-0.0462976060533,-0.0223368132029,0.0486888226398,0.173805435592,0.063243192513,0.540149393091,12.8527856625,1.20264146691,1.54452290861,1.20264146691,103,0.00642593355047,0.0042844817919,0,True,candidate,dual_momentum
base,dual_momentum_63_g150,2017_2024,2012,2017-01-03,2024-12-31,0.0734148562814,0.0843466302503,0.163362402162,0.393664027019,0.292641815701,-0.250869330159,712,-0.067103650185,-0.0260153519651,0.04431571859,0.345623386488,0.0176114518091,0.54324055666,13.6245338537,1.17967977272,1.58779230858,1.17967977272,97,0.00681129430295,0.00961153266216,0,False,candidate,dual_momentum
base,fixed_blend_g100,full,4154,2008-07-01,2024-12-31,0.0142111723736,0.0154597292291,0.0515757731563,0.105665203092,0.120110763774,-0.118317225926,710,-0.0342006764722,-0.00807843540241,0.0114696386641,0.115563417177,-0.00866971618719,0.531295137217,32.7726470153,0.650606254256,1.0123512903,0.329823634919,862,0.0163898250738,2.91398552039e-05,0.00160590563378,False,candidate,fixed_blend
base,fixed_blend_g100,2008_2016,2142,2008-07-01,2016-12-30,0.00985803419201,0.011095091064,0.0506733592788,0.206978358415,0.11033658001,-0.0893451128456,556,-0.0144630653912,-0.00786392381075,0.00724340705306,0.094491014755,0.000131509329977,0.529878618114,32.8894788146,0.65730631281,0.926385703192,0.332276884466,444,0.0164477626157,2.1421488496e-05,0.00162747289593,False,candidate,fixed_blend
base,fixed_blend_g100,2017_2024,2012,2017-01-03,2024-12-31,0.018875467647,0.0201063768184,0.0525304933943,0.000830487606542,0.159532709623,-0.118317225926,710,-0.0342006764722,-0.00826587951147,0.015967197714,0.146366784458,-0.0197215101734,0.532803180915,32.6820837292,0.643473289334,1.0123512903,0.327211875213,418,0.0163450556928,3.73771662291e-05,0.00158462185567,False,candidate,fixed_blend
base,fixed_blend_g150,full,4154,2008-07-01,2024-12-31,0.0107486962254,0.0130207519778,0.0680147348042,0.0444006424782,0.0614284477318,-0.174979128113,835,-0.0418782888018,-0.0106617802265,0.00608174575205,0.1463741595,-0.0148786135848,0.529128550794,47.9845205689,0.914803405658,1.41355404489,0.438331885467,862,0.0239983352189,8.57362802692e-05,0.00238513409748,False,candidate,fixed_blend
base,fixed_blend_g150,2008_2016,2142,2008-07-01,2016-12-30,0.0115293300406,0.0135871624041,0.0651396364086,0.198949190784,0.106212094503,-0.108550067622,599,-0.0206173144076,-0.0100461845255,0.00722240405693,0.116721933022,0.000168267096957,0.532679738562,48.1921193031,0.91596352623,1.31340495832,0.434368210863,444,0.0241019603756,3.85255877475e-05,0.00241077129094,False,candidate,fixed_blend
base,fixed_blend_g150,2017_2024,2012,2017-01-03,2024-12-31,0.00993035861013,0.0124177444563,0.0709639456411,-0.107715020753,0.0567516749982,-0.174979128113,835,-0.0418782888018,-0.0112600214051,0.00486392208488,0.189727615076,-0.0332655194466,0.525347912525,47.81306834,0.913568326998,1.41355404489,0.442551662306,418,0.0239128005935,0.000136026146406,0.00236032311001,False,candidate,fixed_blend
base,raw_sector_reversal_g100,full,4154,2008-07-01,2024-12-31,-0.0452424053917,-0.0440772066546,0.0673977031474,-0.800348101576,-0.0806777354022,-0.560779317443,3857,-0.035971412641,-0.00994918351246,-0.0508908822389,0.0340040939419,-0.0582272710953,0.48531535869,67.4076959861,0.995203625662,1.10624417155,-3.59302219864e-05,862,0.033708712341,9.01537266011e-05,0.00498116415917,False,control,raw_sector_reversal
base,raw_sector_reversal_g100,2008_2016,2142,2008-07-01,2016-12-30,-0.0396865220606,-0.038251244357,0.0670567943917,-0.577015269814,-0.112850735859,-0.351672691883,1845,-0.035971412641,-0.00972919758537,-0.0449961648682,0.0262616862379,-0.0416791771184,0.483193277311,67.7385692857,0.993357229723,1.08858944793,0.000239093411027,444,0.0338705270711,6.33908347159e-05,0.00496869701615,False,control,raw_sector_reversal
base,raw_sector_reversal_g100,2017_2024,2012,2017-01-03,2024-12-31,-0.0511601635541,-0.0502795979277,0.0677732454531,-1.03559824412,-0.14327217022,-0.357083748195,1884,-0.0325104169505,-0.0100361218313,-0.0571694171266,0.0453629154441,-0.0764680847019,0.487574552684,67.1251143055,0.997169321538,1.10624417155,-0.000328723771646,418,0.0335712778889,0.000118704836356,0.00499953880696,False,control,raw_sector_reversal
base,raw_sector_reversal_g150,full,4154,2008-07-01,2024-12-31,-0.0719431524689,-0.070347436871,0.0936852099531,-0.855893472683,-0.0978836716154,-0.734986247263,3857,-0.0495425885387,-0.0137957023603,-0.0835128147169,0.0503483904784,-0.0864973457862,0.486037554165,99.6754438341,1.4640169465,1.65908545851,-0.000105673152696,862,0.0498472243707,0.000131837047578,0.00732887028603,False,control,raw_sector_reversal
base,raw_sector_reversal_g150,2008_2016,2142,2008-07-01,2016-12-30,-0.0586969229943,-0.056564459602,0.0886318215037,-0.642921043236,-0.122087354971,-0.480778070819,1845,-0.0415863874686,-0.0127336119182,-0.0683478592766,0.0380880896105,-0.0612985700198,0.485527544351,99.5502192625,1.45288859696,1.65908545851,0.000276805776229,444,0.0497772439416,8.98128691752e-05,0.00726805989021,False,control,raw_sector_reversal
base,raw_sector_reversal_g150,2017_2024,2012,2017-01-03,2024-12-31,-0.0858943021626,-0.0850209643611,0.0987952536976,-1.06180698033,-0.162915546201,-0.52723207923,1884,-0.0495425885387,-0.014568934261,-0.0996617175908,0.0683322734802,-0.114311196346,0.486580516899,99.9110084321,1.47586432459,1.61234809512,-0.000512864934882,418,0.049972851393,0.000176659165757,0.00740106305655,False,control,raw_sector_reversal
base,sector_reversal_10_g100,full,4154,2008-07-01,2024-12-31,-0.0324636551621,-0.0315747525483,0.0541102294885,-0.762858985761,-0.0683412891987,-0.475022574826,3810,-0.029797989807,-0.00809462212424,-0.0359666279512,0.0286043832561,-0.0450641228101,0.474000962927,52.3832098125,0.999294355034,1.11420545968,-0.0297849860544,862,0.0261919031149,9.06553796732e-05,0.00515124677846,False,candidate,sector_reversal
base,sector_reversal_10_g100,2008_2016,2142,2008-07-01,2016-12-30,-0.0306792917958,-0.0297993541134,0.0522145123511,-0.573197539042,-0.0975797601567,-0.314402205401,1798,-0.025972897427,-0.00767539890543,-0.0338888870635,0.0497837386314,-0.0358252009068,0.473389355742,52.4181334225,0.998965572064,1.08252601624,-0.0237699644603,444,0.0262090280733,6.60115400825e-05,0.00511828023587,False,candidate,sector_reversal
base,sector_reversal_10_g100,2017_2024,2012,2017-01-03,2024-12-31,-0.0343902065741,-0.0334648636057,0.056070820012,-0.953841169242,-0.118762709469,-0.289570747652,1304,-0.029797989807,-0.00847625944883,-0.0381807688909,-0.00229954221131,-0.0532170886638,0.474652087475,52.3998919428,0.999644381436,1.11420545968,-0.0361886521848,418,0.0262006026744,0.000116953697505,0.00519159433157,False,candidate,sector_reversal
base,sector_reversal_10_g150,full,4154,2008-07-01,2024-12-31,-0.0539167032522,-0.0524657558428,0.0776526078071,-0.800276226181,-0.0842883361938,-0.639669801148,3810,-0.0442629094127,-0.0115916794288,-0.0615106470917,0.0362672599757,-0.0668927352353,0.470149253731,77.9465471657,1.48458071044,1.61090483727,-0.0449792984913,862,0.0389735809135,0.000134622283088,0.00765611369871,False,candidate,sector_reversal
base,sector_reversal_10_g150,2008_2016,2142,2008-07-01,2016-12-30,-0.0471113144656,-0.0456247052259,0.0725870064749,-0.629547032641,-0.108829234602,-0.432892086743,1798,-0.0293813921069,-0.0106173208667,-0.0535280154894,0.0612826036924,-0.0529205544152,0.471055088702,77.7621570304,1.48109308424,1.61090483727,-0.0359540755328,444,0.0388814825853,9.71577040992e-05,0.00759090643638,False,candidate,sector_reversal
base,sector_reversal_10_g150,2017_2024,2012,2017-01-03,2024-12-31,-0.0611534062521,-0.0597488226526,0.0827210340694,-0.964054738153,-0.144423617812,-0.423430787697,1563,-0.0442629094127,-0.0125123318462,-0.0700129768689,-0.000224521811409,-0.0797812551322,0.469184890656,78.2227016216,1.48829368028,1.59811590247,-0.0545876620981,418,0.0391115555887,0.000174598784666,0.00773331811331,False,candidate,sector_reversal
base,sector_reversal_3_g100,full,4154,2008-07-01,2024-12-31,-0.0365773461908,-0.035804888811,0.0547835021249,-0.832091092059,-0.0684156984292,-0.534633819878,4061,-0.0310201855577,-0.00817876798937,-0.0403067369686,0.0268953501114,-0.0490851463414,0.473760231103,74.1911744026,0.99896619842,1.1173057555,-0.0232536742696,862,0.0370965567619,9.1845799326e-05,0.00511761142748,False,candidate,sector_reversal
base,sector_reversal_3_g100,2008_2016,2142,2008-07-01,2016-12-30,-0.0268780884972,-0.0257706047467,0.0544125178323,-0.480025461145,-0.083514745266,-0.321836442314,2049,-0.0293526989964,-0.0078510423142,-0.030211687892,0.0413559540948,-0.0308656373688,0.472922502334,73.6743291674,0.998695436293,1.09591733816,-0.0195475057394,444,0.0368398242135,6.48101435233e-05,0.00509582553046,False,candidate,sector_reversal
base,sector_reversal_3_g100,2017_2024,2012,2017-01-03,2024-12-31,-0.0468215708055,-0.0464875113088,0.055181288622,-1.20378234784,-0.140142829369,-0.334098940462,2005,-0.0310201855577,-0.00840839954544,-0.0510549732298,0.00583185463501,-0.0673377871346,0.474652087475,74.8169887788,0.999254455117,1.1173057555,-0.0271993069693,418,0.0374076678006,0.000120688692705,0.00514603541534,False,candidate,sector_reversal
base,sector_reversal_3_g150,full,4154,2008-07-01,2024-12-31,-0.0597914054674,-0.0586252547443,0.0787070017595,-0.867838049999,-0.0856562531163,-0.698039002316,4061,-0.0460432527614,-0.0116068553012,-0.0679174429332,0.0399735393099,-0.073505724578,0.471352912855,110.255253794,1.48281099149,1.64817805934,-0.0349307421744,862,0.0551303922491,0.000135883607937,0.00759822444226,False,candidate,sector_reversal
base,sector_reversal_3_g150,2008_2016,2142,2008-07-01,2016-12-30,-0.0397170590444,-0.0375708067697,0.0770821975793,-0.490666561911,-0.0936688724856,-0.424015555974,2049,-0.0445412248296,-0.0107416129701,-0.0464833045451,0.0606911590152,-0.0448013333247,0.472455648926,109.27150674,1.47915377791,1.64817805934,-0.0292603379105,444,0.0546411866785,9.54957683899e-05,0.00754679078465,False,candidate,sector_reversal
base,sector_reversal_3_g150,2017_2024,2012,2017-01-03,2024-12-31,-0.0807356506883,-0.0810400795761,0.0803958603407,-1.25570178366,-0.162168339382,-0.497850881348,2005,-0.0460432527614,-0.0122847546972,-0.090735321116,0.00980402126149,-0.102426750402,0.470178926441,111.414603233,1.48670450615,1.61740494909,-0.0409675244474,418,0.0557072328222,0.000178969872531,0.00766072313411,False,candidate,sector_reversal
base,sector_reversal_5_g100,full,4154,2008-07-01,2024-12-31,-0.0492493419051,-0.0490780884417,0.0544021804975,-1.07821186796,-0.0857283902625,-0.574481122931,4062,-0.0310201855577,-0.00817714020034,-0.053517484306,0.0342209618012,-0.0632546882545,0.462205103515,72.0328979492,0.998801200828,1.10824959636,-0.0177715286738,862,0.0360194774888,9.16026602201e-05,0.00508700362339,False,candidate,sector_reversal
base,sector_reversal_5_g100,2008_2016,2142,2008-07-01,2016-12-30,-0.0463311237184,-0.0460257615115,0.0531951273236,-0.864637087906,-0.128119156841,-0.361625262457,2050,-0.025422783202,-0.00804498950142,-0.050270343868,0.0476240376201,-0.0518130782027,0.46218487395,71.9760872862,0.998107121907,1.08562482923,-0.0157693172992,444,0.0359892241061,6.60278710711e-05,0.00507393963775,False,candidate,sector_reversal
base,sector_reversal_5_g100,2017_2024,2012,2017-01-03,2024-12-31,-0.0523918214758,-0.0523276333146,0.0556709893747,-1.2980427148,-0.147193835855,-0.355937605481,2002,-0.0310201855577,-0.00820030565075,-0.0569765219016,0.0146810779264,-0.0743728940382,0.462226640159,72.16731432,0.999540125802,1.10824959636,-0.0199031075825,418,0.0360886539223,0.000118891882237,0.00510612166663,False,candidate,sector_reversal
base,sector_reversal_5_g150,full,4154,2008-07-01,2024-12-31,-0.0753703315628,-0.0753415418192,0.0787358815088,-1.07788196955,-0.102780004489,-0.73331706821,4062,-0.0460432527614,-0.0116076958549,-0.0846405503747,0.0475330470359,-0.0911469728295,0.459075589793,107.17064893,1.48383838757,1.65536208252,-0.0268630803558,862,0.0535913180989,0.000135493102228,0.00755932150247,False,candidate,sector_reversal
base,sector_reversal_5_g150,2008_2016,2142,2008-07-01,2016-12-30,-0.0628778861928,-0.062105994046,0.0753449208296,-0.823311511222,-0.136428118417,-0.460886560062,2050,-0.0378954282015,-0.010909289939,-0.0706212796883,0.0632338872113,-0.0696173544819,0.458450046685,106.841347538,1.47871759627,1.65536208252,-0.023923262519,444,0.0534226757063,9.59500342312e-05,0.0075181835975,False,candidate,sector_reversal
base,sector_reversal_5_g150,2017_2024,2012,2017-01-03,2024-12-31,-0.0885449922204,-0.0894322691205,0.0822018888463,-1.33011784463,-0.16706592773,-0.530000302417,2002,-0.0460432527614,-0.0121428663788,-0.0995679949153,0.0246683983849,-0.112826201555,0.459741550696,107.630920427,1.48929004511,1.63361947709,-0.0299928466613,418,0.0538257045999,0.000177680672583,0.00761083217351,False,candidate,sector_reversal
base,spy_buy_hold,full,4154,2008-07-01,2024-12-31,0.11868499786,0.132285561573,0.199739009274,0.610298269944,0.251636607139,-0.471652353009,588,-0.10942372476,-0.0309343373525,0.0724420538342,0.999987379785,-5.96379319475e-05,0.55223880597,0.121154191484,0.999759268175,1,0.999759268175,2,6.06641384531e-05,0,0,True,benchmark,spy_buy_hold
base,spy_buy_hold,2008_2016,2142,2008-07-01,2016-12-30,0.092045819455,0.110913669832,0.213851606862,0.513355167901,0.195156069651,-0.471652353009,588,-0.098448053731,-0.0330291522064,0.0423149051956,0.999981307671,-5.75939914999e-05,0.549953314659,0.11757406321,1,1,1,1,5.8787031605e-05,0,0,True,benchmark,spy_buy_hold
base,spy_buy_hold,2017_2024,2012,2017-01-03,2024-12-31,0.147857445711,0.155038340952,0.183568427194,0.735276461438,0.438521391886,-0.337172709125,488,-0.10942372476,-0.0284378406708,0.104492289758,0.999996254405,-6.22983789463e-05,0.554671968191,0.125085616438,0.999502982107,1,0.999502982107,1,6.27224977609e-05,0,0,True,benchmark,spy_buy_hold
base,static_macro_g100,full,4154,2008-07-01,2024-12-31,0.0595724818204,0.0626234299617,0.096711064397,0.541492066728,0.274022118964,-0.217400266977,653,-0.050797614714,-0.014333570695,0.0485938849965,0.405119738542,0.00306464636329,0.548387096774,1.17675059406,0.985107806553,1,0.985107806553,200,0.000588776853528,9.24577804686e-17,0,True,control,static_macro
base,static_macro_g100,2008_2016,2142,2008-07-01,2016-12-30,0.0602924019094,0.0634416182182,0.0988454925421,0.630607558832,0.277333614847,-0.217400266977,304,-0.0385881529069,-0.0142630849822,0.0487859711243,0.392995381624,0.0195094557521,0.541083099907,1.14367535165,0.981710263553,1,0.981710263553,103,0.000572215782491,5.84237859768e-17,0,True,control,static_macro
base,static_macro_g100,2017_2024,2012,2017-01-03,2024-12-31,0.0588704354876,0.0617523766589,0.0944102270055,0.441563768819,0.271175551819,-0.217093447741,653,-0.050797614714,-0.0143102151135,0.048382440214,0.422878073156,-0.0154151505669,0.556163021869,1.2131303473,0.98872487271,1,0.98872487271,97,0.000606992078231,1.28743029181e-16,0,False,control,static_macro
base,static_macro_g150,full,4154,2008-07-01,2024-12-31,0.0673269012679,0.074436507588,0.135375105095,0.474424662413,0.223358715285,-0.301429479401,699,-0.0786738489805,-0.0199884745652,0.0469468789688,0.554083316358,-0.00334906156426,0.545498314877,1.81434392077,1.41699416676,1.65611558354,1.41699416676,200,0.000908116596932,0.0112192143253,0,False,control,static_macro
base,static_macro_g150,2008_2016,2142,2008-07-01,2016-12-30,0.0698954156581,0.0769498258313,0.136894777542,0.554615936992,0.231879827405,-0.301429479401,357,-0.0542979144101,-0.0196941493588,0.0488395556537,0.526264111006,0.0182986798215,0.538748832866,1.74505300202,1.40630740433,1.55099839866,1.40630740433,103,0.000873359822876,0.00715808191851,0,True,control,static_macro
base,static_macro_g150,2017_2024,2012,2017-01-03,2024-12-31,0.0646736894289,0.0717607980069,0.133772077232,0.386486535692,0.228585239302,-0.282930296053,699,-0.0786738489805,-0.0202157747412,0.0449183450363,0.594780007678,-0.028620090311,0.55268389662,1.88988889833,1.42837142576,1.65611558354,1.42837142576,97,0.000946008423382,0.0155491710945,0,False,control,static_macro
base,trend_only_g100,full,4154,2008-07-01,2024-12-31,0.0557144340265,0.0600384836352,0.107097868728,0.467555035053,0.294161039676,-0.189401132413,856,-0.0523619414365,-0.0173064538953,0.0428335534062,0.310000843796,0.0121181939697,0.534424650939,15.8494757173,0.676134560023,1,0.676134560023,4154,0.00792610658873,7.99371271475e-17,0,True,control,trend_only
base,trend_only_g100,2008_2016,2142,2008-07-01,2016-12-30,0.0286836417524,0.0341363344153,0.108041680836,0.311199802198,0.151443876744,-0.189401132413,856,-0.0523619414365,-0.0174467313277,0.0166268272185,0.270468905774,0.00373671773153,0.521475256769,16.8410068821,0.646816551338,1,0.646816551338,2142,0.00842229324832,4.67391160884e-17,0,False,control,trend_only
base,trend_only_g100,2017_2024,2012,2017-01-03,2024-12-31,0.0852978936807,0.0876142309659,0.106083103148,0.637065768545,0.572322756591,-0.149038095547,706,-0.039327703447,-0.0170633652432,0.0707337938057,0.367711339631,0.0178963308146,0.548210735586,14.8114086489,0.707346873443,1,0.707346873443,2012,0.00740662670577,1.15320564038e-16,0,True,control,trend_only
base,trend_only_g150,full,4154,2008-07-01,2024-12-31,0.0561817877155,0.0634454991817,0.131760323797,0.40585884209,0.238846047354,-0.235221760368,829,-0.0639931263243,-0.0211130115892,0.0374043247911,0.384081467322,0.00646090226409,0.53298025999,19.9848780634,0.851189782634,1.52516070133,0.851189782634,4154,0.00999406394894,0.00299336097014,0,False,control,trend_only
base,trend_only_g150,2008_2016,2142,2008-07-01,2016-12-30,0.0268786742466,0.0350494084238,0.130353390391,0.264900938515,0.116000610214,-0.231711490112,829,-0.0639931263243,-0.0207013596744,0.00956139884394,0.330174967085,-0.00194449739276,0.520074696545,21.0954239277,0.795983091011,1.51427371611,0.795983091011,2142,0.0105508815031,0.00128739246033,0,False,control,trend_only
base,trend_only_g150,2017_2024,2012,2017-01-03,2024-12-31,0.088320441434,0.0936763274141,0.133247871063,0.552669696009,0.3754773423,-0.235221760368,742,-0.0590083521331,-0.0214740020366,0.0670438346997,0.462785920671,0.0111197085684,0.546719681909,18.8245046818,0.909963507017,1.52516070133,0.909963507017,2012,0.00941223644425,0.00481048847214,0,True,control,trend_only
base,trend_pullback_10_g100,full,4154,2008-07-01,2024-12-31,0.0160481351065,0.0165692885177,0.0354688735776,0.186986586659,0.227377928744,-0.0705791243468,723,-0.0330617461967,-0.00536680167999,0.0146822270284,0.0695024437102,-0.00192425919741,0.47111218103,21.7651658676,0.0753648670149,1,0.0753648670149,4154,0.0108838339573,5.33593709807e-17,0,False,candidate,trend_pullback
base,trend_pullback_10_g100,2008_2016,2142,2008-07-01,2016-12-30,0.00890562924131,0.00942445949062,0.0333951210673,0.270245536123,0.146876312841,-0.0606335294577,723,-0.0228756320932,-0.00492905467685,0.00775160832397,0.0538959513917,0.00294443569535,0.399159663866,21.5404631469,0.0731586869787,0.81379635211,0.0731586869787,2142,0.0107709403838,3.19096682124e-17,0,True,candidate,trend_pullback
base,trend_pullback_10_g100,2017_2024,2012,2017-01-03,2024-12-31,0.0237153876845,0.0241757615674,0.0375534239008,0.109798357917,0.336011361773,-0.0705791243468,424,-0.0330617461967,-0.00579561780136,0.0220603720974,0.0923107254276,-0.00835248204933,0.547713717694,22.0264663626,0.0777135934748,1,0.0777135934748,2012,0.0110150620559,7.62228659151e-17,0,False,candidate,trend_pullback
base,trend_pullback_10_g150,full,4154,2008-07-01,2024-12-31,0.0171315023007,0.0182957595993,0.050758328234,0.164245897113,0.162255374352,-0.105583573852,976,-0.039590259791,-0.00787479829777,0.0144311477717,0.101930984192,-0.00416565772428,0.469667790082,31.6337914467,0.111190573027,1.2492895723,0.111190573027,4154,0.0158184590102,1.6016755172e-05,0,True,candidate,trend_pullback
base,trend_pullback_10_g150,2008_2016,2142,2008-07-01,2016-12-30,0.0120079508643,0.0130972321703,0.0481839054422,0.262565993947,0.138462726694,-0.0867233453437,723,-0.0311374011483,-0.00712918515574,0.00961469905476,0.079341269718,0.00380687752357,0.40056022409,31.3334479423,0.107936613156,1.16109900422,0.107936613156,2142,0.0156676464447,3.26973472953e-06,0,True,candidate,trend_pullback
base,trend_pullback_10_g150,2017_2024,2012,2017-01-03,2024-12-31,0.0226259683288,0.0238301759776,0.0533726384071,0.0706738136212,0.214294397352,-0.105583573852,976,-0.039590259791,-0.00860006123253,0.0195572181818,0.134947827782,-0.0144557134482,0.54324055666,31.9856640343,0.114654778814,1.2492895723,0.114654778814,2012,0.0159950783228,2.95878335074e-05,0,False,candidate,trend_pullback
base,trend_pullback_3_g100,full,4154,2008-07-01,2024-12-31,0.00258388428909,0.0033747222018,0.0397442724845,-0.167355757098,0.0173949238457,-0.148542431804,3766,-0.0348317093058,-0.00637884443027,0.00100531140881,0.073935331345,-0.0156612218057,0.476649013,42.7855952807,0.0986433040324,1,0.0986433040324,4154,0.021396104741,5.67560699311e-17,0,False,candidate,trend_pullback
base,trend_pullback_3_g100,2008_2016,2142,2008-07-01,2016-12-30,-0.000578611793382,0.000158782851404,0.038438200717,-0.00968736674488,-0.00717381349958,-0.0806560964285,1754,-0.0218337778437,-0.00606212155201,-0.00205746006013,0.0601432641291,-0.00701123096479,0.414098972923,42.4025685425,0.0974173644491,0.898510741998,0.0974173644491,2142,0.0212057770815,3.34760213452e-17,0,False,candidate,trend_pullback
base,trend_pullback_3_g100,2017_2024,2012,2017-01-03,2024-12-31,0.0059603900573,0.00679845087404,0.0410976315179,-0.323229465359,0.0475359155401,-0.12538708868,1750,-0.0348317093058,-0.00665230322597,0.00426492789947,0.0941053110732,-0.0259721307054,0.54324055666,43.2368469273,0.0999484544238,1,0.0999484544238,2012,0.0216204731305,8.15693641328e-17,0,False,candidate,trend_pullback
base,trend_pullback_3_g150,full,4154,2008-07-01,2024-12-31,-0.00418150048231,-0.00260067807333,0.0563820669172,-0.223824832288,-0.0171695328692,-0.243541889821,3766,-0.0519976087654,-0.00931842771264,-0.00736908427812,0.107527952445,-0.0257469254849,0.472315840154,60.9367029122,0.144497369337,1.49619302346,0.144497369337,4154,0.030470821909,7.39640718635e-05,0,False,candidate,trend_pullback
base,trend_pullback_3_g150,2008_2016,2142,2008-07-01,2016-12-30,-0.00347519385149,-0.00201468409125,0.054212738441,-0.0470987468347,-0.0281748839043,-0.123343679544,1754,-0.0310914165483,-0.00876935760187,-0.00642321560515,0.0874275135586,-0.0121981311428,0.410830999066,60.350704085,0.14205697413,1.22341503303,0.14205697413,2142,0.0301815099662,2.25457729876e-05,0,False,candidate,trend_pullback
base,trend_pullback_3_g150,2017_2024,2012,2017-01-03,2024-12-31,-0.0049362906393,-0.00322453448965,0.0586169000994,-0.3975217855,-0.0240384099926,-0.205350130929,1851,-0.0519976087654,-0.00982977416828,-0.00837844595553,0.136926412428,-0.0417776088076,0.537773359841,61.622434579,0.147095444154,1.49619302346,0.147095444154,2012,0.0308097691858,0.00012871602742,0,False,candidate,trend_pullback
base,trend_pullback_5_g100,full,4154,2008-07-01,2024-12-31,0.0168295244796,0.0174732699034,0.0390411476082,0.193059540539,0.239587501958,-0.0702437495364,997,-0.0346966524086,-0.00599804553603,0.0151869530936,0.0724562352015,-0.00138169585003,0.47111218103,33.0536400881,0.0911023460321,1,0.0911023460321,4154,0.0165317243886,6.07471427226e-17,0,True,candidate,trend_pullback
base,trend_pullback_5_g100,2008_2016,2142,2008-07-01,2016-12-30,0.00688389079404,0.00753387986482,0.0366992967709,0.193344505032,0.0980000475412,-0.0702437495364,997,-0.0209429640232,-0.00579707394736,0.0055136222896,0.0586092419798,0.000533292491535,0.408029878618,33.0107946635,0.0899639190363,0.971133953843,0.0899639190363,2142,0.0165089823277,3.29333687286e-17,0,False,candidate,trend_pullback
base,trend_pullback_5_g100,2017_2024,2012,2017-01-03,2024-12-31,0.0275306890613,0.0280548670519,0.0413877520758,0.1935434946,0.41086135729,-0.0670072484863,570,-0.0346966524086,-0.00613966703646,0.0254854480191,0.0926856595682,-0.00452400706888,0.538270377734,33.1331592537,0.0923143294442,1,0.0923143294442,2012,0.0165728919476,9.03855022018e-17,0,True,candidate,trend_pullback
base,trend_pullback_5_g150,full,4154,2008-07-01,2024-12-31,0.0179887701826,0.0193941476028,0.0554859619761,0.170077697367,0.160308734855,-0.112213287684,1043,-0.0517968765939,-0.00872722011532,0.0147761096382,0.105292146951,-0.00347853261954,0.466779008185,47.6448491104,0.133834842822,1.52516070133,0.133834842822,4154,0.0238296742834,4.38096176037e-05,0,True,candidate,trend_pullback
base,trend_pullback_5_g150,2008_2016,2142,2008-07-01,2016-12-30,0.00970504973275,0.0110554725619,0.0528833114887,0.200261490398,0.0976767186886,-0.0993588837038,1043,-0.0256459945189,-0.00838698312508,0.00686050561083,0.0861002141274,0.00101862027843,0.40989729225,47.7495682602,0.132198183047,1.20966462037,0.132198183047,2142,0.0238806756285,1.44991761316e-05,0,False,candidate,trend_pullback
base,trend_pullback_5_g150,2017_2024,2012,2017-01-03,2024-12-31,0.0268906934563,0.0282716038343,0.058136875132,0.141359675316,0.239639119495,-0.112213287684,776,-0.0517968765939,-0.00900405892347,0.0232017594591,0.13333581428,-0.00979660187775,0.527335984095,47.5824455444,0.135577250991,1.52516070133,0.135577250991,2012,0.0237999242308,7.5022066105e-05,0,False,candidate,trend_pullback
cost_stress,bil_buy_hold,full,4154,2008-07-01,2024-12-31,0.00983240623941,0.00980754726782,0.00475827380399,-0.348364657339,1.26061050792,-0.00779971781741,2320,-0.00391088830074,-0.000554392684813,0.00977358551343,-3.73282746881e-05,-0.000177299662756,0.388059701493,0.121093720236,0,0,0,2,0.000181670431451,0,0,True,benchmark,bil_buy_hold
cost_stress,bil_buy_hold,2008_2016,2142,2008-07-01,2016-12-30,0.000332877014512,0.00035126955771,0.00606892040663,-0.342997170288,0.042678084298,-0.00779971781741,2079,-0.00391088830074,-0.000831469631917,0.000296021865357,-5.5197311129e-05,-0.000170071554788,0.261437908497,0.117456665244,0,0,0,1,0.000176184997866,0,0,True,benchmark,bil_buy_hold
cost_stress,bil_buy_hold,2017_2024,2012,2017-01-03,2024-12-31,0.0200430280979,0.0198748170765,0.0026007910758,-0.353904660814,9.6121765759,-0.00208517061039,595,-0.00117205566795,-0.00023963137382,0.0198646709052,-1.12082721007e-05,-0.000186420920724,0.522862823062,0.125085616438,0,0,0,1,0.000187690048772,0,0,True,benchmark,bil_buy_hold
cost_stress,dual_momentum_126_g100,full,4154,2008-07-01,2024-12-31,0.0484858166219,0.0563630541901,0.133553017002,0.346548539124,0.165138985507,-0.293606118949,611,-0.095007795658,-0.0208365791467,0.0296084416645,0.333184223296,0.00560610812338,0.53803562831,8.18316151183,0.913596477696,1,0.913596477696,200,0.0122797903001,1.23109359992e-16,0,False,candidate,dual_momentum
cost_stress,dual_momentum_126_g100,2008_2016,2142,2008-07-01,2016-12-30,0.0459929573257,0.0531167668482,0.127518154523,0.410623187189,0.263037614837,-0.174853156855,450,-0.0417163207822,-0.0196802229052,0.0287254472487,0.200419159183,0.030453856833,0.533613445378,8.53954719315,0.916400481652,1,0.916400481652,103,0.0128176680365,1.11178716947e-16,0,True,candidate,dual_momentum
cost_stress,dual_momentum_126_g100,2017_2024,2012,2017-01-03,2024-12-31,0.0511942651645,0.0598190917081,0.139723167783,0.28457951669,0.174363754229,-0.293606118949,611,-0.095007795658,-0.021989619108,0.0305352462851,0.527164089353,-0.0314310516183,0.542743538767,7.81260395842,0.910611300522,1,0.910611300522,97,0.0117204509163,1.35922365039e-16,0,False,candidate,dual_momentum
cost_stress,dual_momentum_126_g150,full,4154,2008-07-01,2024-12-31,0.0499478410558,0.0625653791977,0.165543551164,0.317212413329,0.134405703581,-0.371619951571,948,-0.095007795658,-0.0258941320162,0.0214583781997,0.383437886145,0.00565952915418,0.536831969186,10.8399519628,1.20306687034,1.60110424472,1.20306687034,200,0.0162686515219,0.0115929379541,0,False,candidate,dual_momentum
cost_stress,dual_momentum_126_g150,2008_2016,2142,2008-07-01,2016-12-30,0.053625121555,0.0644989714092,0.156409799373,0.407815951765,0.229337888629,-0.233825827366,450,-0.0460729480123,-0.0236528195029,0.0278029333995,0.217478788538,0.0399518954317,0.53314659197,11.1836297844,1.1855135057,1.53263256183,1.1855135057,103,0.0167908310442,0.00783600829353,0,False,candidate,dual_momentum
cost_stress,dual_momentum_126_g150,2017_2024,2012,2017-01-03,2024-12-31,0.0461040439624,0.0605068530958,0.174782723062,0.231455381762,0.124062348557,-0.371619951571,948,-0.095007795658,-0.0281660590987,0.0146833526745,0.625926732092,-0.0440800388524,0.540755467197,10.4856369696,1.2217543987,1.60110424472,1.2217543987,97,0.0157301030761,0.0155998028205,0,False,candidate,dual_momentum
cost_stress,dual_momentum_252_g100,full,4154,2008-07-01,2024-12-31,0.049055771235,0.0559392333002,0.126254081171,0.364304041461,0.20896967327,-0.234750672035,749,-0.0400548762191,-0.0199017563101,0.0320290937816,0.273396927056,0.0124977011311,0.546220510351,6.85824874641,0.919918327205,1,0.919918327205,200,0.0103007326151,1.63466370524e-16,0,False,candidate,dual_momentum
cost_stress,dual_momentum_252_g100,2008_2016,2142,2008-07-01,2016-12-30,0.0344844992572,0.0417231781694,0.124918020737,0.330401467267,0.185787353259,-0.18561273764,599,-0.040015868955,-0.0194818329555,0.0183164103122,0.188276062641,0.02040142327,0.536414565826,7.32175476676,0.951099675181,1,0.951099675181,103,0.0109980048773,1.25910830321e-16,0,False,candidate,dual_momentum
cost_stress,dual_momentum_252_g100,2017_2024,2012,2017-01-03,2024-12-31,0.0648278422221,0.0710738208201,0.127685278771,0.399514528792,0.276156151803,-0.234750672035,749,-0.0400548762191,-0.0202594035181,0.0466185251977,0.397740229766,-0.00269913241609,0.556660039761,6.37242290842,0.886722279808,1,0.886722279808,97,0.00956986680136,2.03569230607e-16,0,False,candidate,dual_momentum
cost_stress,dual_momentum_252_g150,full,4154,2008-07-01,2024-12-31,0.0560016879803,0.0674159007354,0.160090735893,0.358985376962,0.182497400199,-0.306862935688,935,-0.0597725754958,-0.024913730301,0.0289723351573,0.332976876571,0.0166843250602,0.542850264805,9.0636709621,1.2022879629,1.58564245278,1.2022879629,200,0.013617251262,0.0105485414497,0,False,candidate,dual_momentum
cost_stress,dual_momentum_252_g150,2008_2016,2142,2008-07-01,2016-12-30,0.0411180178749,0.0523832528877,0.155272455109,0.33446399442,0.15832895533,-0.259699925318,512,-0.0548432343488,-0.0238381128338,0.0162189499144,0.21808539727,0.0277691794684,0.532679738562,9.54173319967,1.24322783854,1.57425378512,1.24322783854,103,0.0143373012204,0.00840058290929,0,False,candidate,dual_momentum
cost_stress,dual_momentum_252_g150,2017_2024,2012,2017-01-03,2024-12-31,0.0721218418081,0.0834198429271,0.165098613864,0.383771041351,0.235029498256,-0.306862935688,935,-0.0597725754958,-0.0259831678725,0.0425335144772,0.500809940005,-0.00427147840703,0.553677932406,8.56463252553,1.15870286667,1.58564245278,1.15870286667,97,0.0128655720267,0.012843423947,0,True,candidate,dual_momentum
cost_stress,dual_momentum_63_g100,full,4154,2008-07-01,2024-12-31,0.0565902147789,0.0626755670927,0.122834429026,0.429137882262,0.225338610306,-0.251134125227,753,-0.0434870107435,-0.0189948704607,0.0400431216614,0.20707085282,0.0273495162343,0.540202214733,10.2960969764,0.905524958129,1,0.905524958129,200,0.015441213254,1.67685773987e-16,0,False,candidate,dual_momentum
cost_stress,dual_momentum_63_g100,2008_2016,2142,2008-07-01,2016-12-30,0.0537220202285,0.0598418327922,0.122469253099,0.484552000338,0.213917643331,-0.251134125227,485,-0.0417163207822,-0.0182403578497,0.0373437558602,0.15874288575,0.0417818959251,0.53781512605,10.1627970857,0.925016996035,1,0.925016996035,103,0.0152396333339,1.32016953011e-16,0,False,candidate,dual_momentum
cost_stress,dual_momentum_63_g100,2017_2024,2012,2017-01-03,2024-12-31,0.0597086225767,0.0656923955577,0.12325217867,0.370417278735,0.33639053642,-0.177497926107,701,-0.0434870107435,-0.0197285776393,0.0429057462373,0.277698310211,0.0081297103011,0.542743538767,10.4484204186,0.884773494314,1,0.884773494314,97,0.0156714287649,2.05786714554e-16,0,True,candidate,dual_momentum
cost_stress,dual_momentum_63_g150,full,4154,2008-07-01,2024-12-31,0.0554194357896,0.0664167365837,0.157308131085,0.358902882933,0.170083366631,-0.325836893327,753,-0.067158908549,-0.0242313287027,0.0292979644254,0.243759133854,0.0266016056391,0.538276360135,13.2127656968,1.19174670047,1.58871361796,1.19174670047,200,0.0198166741323,0.0108535024855,0,False,candidate,dual_momentum
cost_stress,dual_momentum_63_g150,2008_2016,2142,2008-07-01,2016-12-30,0.0562581453843,0.0662100545244,0.151361326741,0.434257649491,0.1726573833,-0.325836893327,485,-0.0463149122914,-0.0223877115118,0.0318446776751,0.173720122503,0.0464959434012,0.536414565826,12.8462121041,1.20286302263,1.54563018773,1.20286302263,103,0.0192676077611,0.0082117145863,0,False,candidate,dual_momentum
cost_stress,dual_momentum_63_g150,2017_2024,2012,2017-01-03,2024-12-31,0.0545867587331,0.0666367728515,0.163439319048,0.285078890564,0.19537589127,-0.279393523828,740,-0.067158908549,-0.0261097482304,0.0265681563351,0.346112393942,-0.00016444037069,0.540258449304,13.6161174785,1.17991212688,1.58871361796,1.17991212688,97,0.0204208868394,0.0136738147919,0,False,candidate,dual_momentum
cost_stress,fixed_blend_g100,full,4154,2008-07-01,2024-12-31,-0.0216604847586,-0.020577434314,0.0518590662549,-0.587320581047,-0.0664946818841,-0.325747625898,4154,-0.0342285232284,-0.00825044462207,-0.0246114784433,0.115014445602,-0.0446397090345,0.510832932114,32.7625107232,0.650619978699,1.0123512903,0.329830467933,862,0.0491538300154,4.72118851482e-05,0.00481782616983,False,candidate,fixed_blend
cost_stress,fixed_blend_g100,2008_2016,2142,2008-07-01,2016-12-30,-0.026015824649,-0.0250594682505,0.0510359637418,-0.49761803074,-0.121880389475,-0.213453737398,2142,-0.0144873319735,-0.00803019079348,-0.028966472643,0.0941191285161,-0.0359819766775,0.510737628385,32.8787900974,0.657320360002,0.926393393593,0.332283874046,444,0.0493268083068,4.07613799267e-05,0.00488253065348,False,candidate,fixed_blend
cost_stress,fixed_blend_g100,2017_2024,2012,2017-01-03,2024-12-31,-0.0170299551959,-0.0158058057396,0.0527322754507,-0.680444890809,-0.0898005761427,-0.189641936917,1743,-0.0342285232284,-0.00843814097861,-0.0199768450509,0.145558737339,-0.0555245753464,0.510934393638,32.6725244476,0.643486670175,1.0123512903,0.327218541543,418,0.0490203929932,5.41195750004e-05,0.00475397207968,False,candidate,fixed_blend
cost_stress,fixed_blend_g150,full,4154,2008-07-01,2024-12-31,-0.041248160224,-0.0398220053756,0.0684652214255,-0.724924260296,-0.0819539643927,-0.50330890677,4154,-0.0419205454808,-0.01092389016,-0.0468532351929,0.145613747677,-0.0676283289784,0.505296100144,47.9621080182,0.914832322886,1.41361066348,0.438345494663,862,0.0719604222177,0.000130731422696,0.00715564497237,False,candidate,fixed_blend
cost_stress,fixed_blend_g150,2008_2016,2142,2008-07-01,2016-12-30,-0.0407460181985,-0.0394411770538,0.0657095069733,-0.603647054051,-0.130542968007,-0.312127254501,2142,-0.0206539600425,-0.0103064283795,-0.0459177860138,0.116238931419,-0.0528067268187,0.508870214753,48.1690333191,0.915992688581,1.31353150554,0.434381794815,444,0.0722702777212,7.41050253535e-05,0.00723256093211,False,candidate,fixed_blend
cost_stress,fixed_blend_g150,2017_2024,2012,2017-01-03,2024-12-31,-0.0418232956508,-0.0402274399011,0.0712984259958,-0.84571388232,-0.126306192089,-0.331126249307,1743,-0.0419205454808,-0.0115276001529,-0.0478526382253,0.18856135106,-0.0857532133848,0.501491053678,47.7913488624,0.913596983264,1.41361066348,0.442565298378,418,0.0717048673985,0.000191079764483,0.00708120760247,False,candidate,fixed_blend
cost_stress,raw_sector_reversal_g100,full,4154,2008-07-01,2024-12-31,-0.116418014089,-0.121560095612,0.0682212558779,-1.92431472571,-0.133166419378,-0.874229513962,4077,-0.037939963357,-0.010296221574,-0.128541305242,0.0332010328763,-0.135611899645,0.446316803081,67.3736913612,0.995268845618,1.10630833312,-3.59527938358e-05,862,0.101072319211,0.00014521428648,0.0149445272568,False,control,raw_sector_reversal
cost_stress,raw_sector_reversal_g100,2008_2016,2142,2008-07-01,2016-12-30,-0.111551126423,-0.115961531139,0.06789091451,-1.71201247324,-0.171039227977,-0.652196152557,2065,-0.037939963357,-0.0101283903581,-0.122875295549,0.0256140139002,-0.119317931152,0.436974789916,67.7036361316,0.993422202137,1.08878393535,0.000239090217719,444,0.101556383474,0.000120918365368,0.0149071216805,False,control,raw_sector_reversal
cost_stress,raw_sector_reversal_g100,2017_2024,2012,2017-01-03,2024-12-31,-0.121675701421,-0.127520396357,0.0685860823253,-2.14813577079,-0.188313704163,-0.646133014917,2002,-0.032595745191,-0.0103535611854,-0.13457647239,0.0443321254501,-0.153569686906,0.456262425447,67.0920621015,0.997234805029,1.10630833312,-0.000328766974129,418,0.100661427916,0.000171198696725,0.0149996566734,False,control,raw_sector_reversal
cost_stress,raw_sector_reversal_g150,full,4154,2008-07-01,2024-12-31,-0.172360911822,-0.184812638149,0.0950109970112,-2.04690160523,-0.180022779541,-0.957439454392,4141,-0.049674203493,-0.0143190238995,-0.198353272479,0.0493013703079,-0.200834436473,0.44727973038,99.5983608424,1.46415919335,1.65956911639,-0.000105731807817,862,0.149419915162,0.000211921085093,0.0219888682008,False,control,raw_sector_reversal
cost_stress,raw_sector_reversal_g150,2008_2016,2142,2008-07-01,2016-12-30,-0.160344045651,-0.170665533144,0.0900890873117,-1.89678748425,-0.203533215584,-0.787802841865,2129,-0.0442112744735,-0.0133793546124,-0.182839598623,0.0373784808011,-0.175321270185,0.44070961718,99.4730080719,1.45302903008,1.65956911639,0.000276789839479,444,0.149209864451,0.000172390829943,0.021806407713,False,control,raw_sector_reversal
cost_stress,raw_sector_reversal_g150,2017_2024,2012,2017-01-03,2024-12-31,-0.185108905737,-0.199873820515,0.099998859132,-2.19639101934,-0.229729363515,-0.8057694624,2002,-0.049674203493,-0.0150465027577,-0.214873478257,0.0667934341775,-0.228956250113,0.454274353877,99.8339825668,1.47600850237,1.61279634161,-0.000512969068506,418,0.149796787492,0.000254173552728,0.0222054799882,False,control,raw_sector_reversal
cost_stress,sector_reversal_10_g100,full,4154,2008-07-01,2024-12-31,-0.0913290652547,-0.0943583266091,0.0549302483375,-1.88719514455,-0.113786352451,-0.80263637323,4039,-0.0298877616413,-0.00847213581813,-0.0988843248827,0.0278457600991,-0.107754873767,0.441020702937,52.3573853342,0.999361995564,1.11426915912,-0.0297883214338,862,0.078534743369,0.000146823982989,0.0154548657695,False,candidate,sector_reversal
cost_stress,sector_reversal_10_g100,2008_2016,2142,2008-07-01,2016-12-30,-0.089626381583,-0.0924848925598,0.0530981082425,-1.72902533357,-0.156664666754,-0.572090589666,2027,-0.0259940356935,-0.00805742251399,-0.0967140062082,0.0492838965859,-0.0984555338532,0.441176470588,52.3912101989,0.999032768599,1.08274721883,-0.0237727598794,444,0.0785844898521,0.0001254322719,0.0153559507477,False,candidate,sector_reversal
cost_stress,sector_reversal_10_g100,2017_2024,2012,2017-01-03,2024-12-31,-0.0932253585153,-0.0963528075901,0.0568288631017,-2.04786367916,-0.171349336157,-0.544066061801,2009,-0.0298877616413,-0.00885473517565,-0.101197087112,-0.00343592851438,-0.115951576867,0.440854870775,52.37520929,0.999712494649,1.11426915912,-0.0361925624127,418,0.0785625315197,0.000169721837401,0.0155759259545,False,candidate,sector_reversal
cost_stress,sector_reversal_10_g150,full,4154,2008-07-01,2024-12-31,-0.138284770417,-0.145844107694,0.0789238637329,-1.96516283802,-0.150736925743,-0.917391473493,4039,-0.0443979713606,-0.0121559564574,-0.155187572094,0.0351761584963,-0.160137582824,0.439335580164,77.8899317116,1.48473061423,1.61139472504,-0.0449868246989,862,0.116830887346,0.000217880140143,0.0229708370816,False,candidate,sector_reversal
cost_stress,sector_reversal_10_g150,2008_2016,2142,2008-07-01,2016-12-30,-0.131814049006,-0.138589138253,0.0739896693296,-1.86209093184,-0.184621530903,-0.713968995714,2027,-0.0319393844373,-0.0111959006674,-0.146800845004,0.0605653937786,-0.145805774554,0.441176470588,77.7042937324,1.48124152376,1.61139472504,-0.0359603775833,444,0.116552783547,0.000185017536717,0.0227751727631,False,candidate,sector_reversal
cost_stress,sector_reversal_10_g150,2017_2024,2012,2017-01-03,2024-12-31,-0.145243262068,-0.153567837587,0.0838742753634,-2.06920886159,-0.202830984263,-0.716080250738,2009,-0.0443979713606,-0.0130763518935,-0.164120178689,-0.00186058218156,-0.173379339102,0.437375745527,78.1673549036,1.48844514295,1.59864182639,-0.0545964915584,418,0.11724664247,0.000253048641533,0.023202498116,False,candidate,sector_reversal
cost_stress,sector_reversal_3_g100,full,4154,2008-07-01,2024-12-31,-0.11466659434,-0.120322271844,0.0562961334711,-2.30535490803,-0.130414378534,-0.879248098477,4061,-0.031108512572,-0.00866491849242,-0.125076153809,0.02561985086,-0.133446462692,0.430909966298,74.1421200325,0.99903333411,1.11736589713,-0.0232565520085,862,0.111212943574,0.000148026956732,0.0153539441915,False,candidate,sector_reversal
cost_stress,sector_reversal_3_g100,2008_2016,2142,2008-07-01,2016-12-30,-0.105254026178,-0.109655054338,0.0557150705539,-1.96458085491,-0.161299107682,-0.65253942003,2049,-0.0293718078831,-0.00829963819088,-0.114311307968,0.0402459081634,-0.114627486948,0.428571428571,73.6258978444,0.998762262497,1.0960696591,-0.0195499489446,444,0.110443705132,0.000123890734123,0.0152885745672,False,candidate,sector_reversal
cost_stress,sector_reversal_3_g100,2017_2024,2012,2017-01-03,2024-12-31,-0.124676437578,-0.131678723085,0.0569133603323,-2.66332239093,-0.189741408102,-0.657086077439,2007,-0.031108512572,-0.00894149147495,-0.136537418961,0.00431656011317,-0.152324375973,0.433399602386,74.7672214893,0.999321920292,1.11736589713,-0.027202647318,418,0.112145177886,0.000173844440319,0.0154392299846,False,candidate,sector_reversal
cost_stress,sector_reversal_3_g150,full,4154,2008-07-01,2024-12-31,-0.170797240157,-0.184165248019,0.0810000009197,-2.38726921876,-0.177876970355,-0.960198725087,4061,-0.0461761010371,-0.0123248153309,-0.194006748243,0.0381012928494,-0.198816634776,0.429465575349,110.147943371,1.48295956094,1.64852260176,-0.0349372083335,862,0.165223247501,0.000218924148498,0.0227971308307,False,candidate,sector_reversal
cost_stress,sector_reversal_3_g150,2008_2016,2142,2008-07-01,2016-12-30,-0.152175585379,-0.161924453886,0.0791785867108,-2.03752763718,-0.193307226518,-0.787221399429,2049,-0.044570836759,-0.0114620775119,-0.171328326776,0.0590931724764,-0.168978489394,0.429038281979,109.167648723,1.47930110471,1.64852260176,-0.0292657930228,444,0.16376089663,0.000182874924622,0.02264279307,False,candidate,sector_reversal
cost_stress,sector_reversal_3_g150,2017_2024,2012,2017-01-03,2024-12-31,-0.190306021115,-0.207843071595,0.0828888275929,-2.74701309814,-0.233053022516,-0.816578214953,2007,-0.0461761010371,-0.0130375150614,-0.218148908204,0.00753471567394,-0.22892329904,0.429920477137,111.303511423,1.48685439855,1.61783360113,-0.0409750669795,418,0.166947997226,0.000257482234999,0.0229846685497,False,candidate,sector_reversal
cost_stress,sector_reversal_5_g100,full,4154,2008-07-01,2024-12-31,-0.12436990083,-0.131381938294,0.055707554816,-2.52153946744,-0.139819027553,-0.889506263969,4141,-0.031108512572,-0.00865008527674,-0.136036935789,0.0333022413272,-0.145446125923,0.422484352431,71.9861900369,0.998867970101,1.10831490653,-0.0177740274523,862,0.107985333088,0.000148129685055,0.0152621082553,False,candidate,sector_reversal
cost_stress,sector_reversal_5_g100,2008_2016,2142,2008-07-01,2016-12-30,-0.121611239809,-0.128158686672,0.0545851679638,-2.33022748851,-0.179720189313,-0.676669884859,2129,-0.0254499030019,-0.00858630016506,-0.132627997515,0.0467592135582,-0.133850487099,0.415499533147,71.9285375144,0.998173662783,1.08582836777,-0.0157715174232,444,0.107893330828,0.000125775622415,0.0152229084054,False,candidate,sector_reversal
cost_stress,sector_reversal_5_g100,2017_2024,2012,2017-01-03,2024-12-31,-0.127412908901,-0.1348134517,0.056890927998,-2.71958897763,-0.191600010195,-0.664994269943,2002,-0.031108512572,-0.00861092883847,-0.139668318232,0.013684116921,-0.156724084411,0.429920477137,72.1214536165,0.99960713823,1.10831490653,-0.0199059243123,418,0.108194108095,0.000172052203393,0.0153194719056,False,candidate,sector_reversal
cost_stress,sector_reversal_5_g150,full,4154,2008-07-01,2024-12-31,-0.181950643175,-0.197728064631,0.0807503498534,-2.5595838647,-0.188701213672,-0.9642261416,4141,-0.0461761010371,-0.0123225365153,-0.207508993134,0.0463828602756,-0.213392761861,0.41887337506,107.066279037,1.4839863704,1.65583424346,-0.026868710165,862,0.160610662499,0.000218807012165,0.0226803978367,False,candidate,sector_reversal
cost_stress,sector_reversal_5_g150,2008_2016,2142,2008-07-01,2016-12-30,-0.170557720326,-0.183947492703,0.0775800478085,-2.35616257772,-0.212143428817,-0.80397361953,2129,-0.0379360859073,-0.0117444028215,-0.19297548843,0.0623047343742,-0.191356232026,0.415032679739,106.736323804,1.4788643793,1.65583424346,-0.0239282167478,444,0.160103833178,0.0001833555669,0.0225569549096,False,candidate,sector_reversal
cost_stress,sector_reversal_5_g150,2017_2024,2012,2017-01-03,2024-12-31,-0.194060063528,-0.212399031366,0.0840036193358,-2.76475220024,-0.235851009704,-0.822807855565,2002,-0.0461761010371,-0.0127573484538,-0.222983943458,0.0231969554528,-0.235594262511,0.42296222664,107.527138569,1.48943930526,1.63376138926,-0.0299991957016,418,0.161314613537,0.000256729326748,0.0228349634128,False,candidate,sector_reversal
cost_stress,spy_buy_hold,full,4154,2008-07-01,2024-12-31,0.118549438676,0.132163289508,0.199734549757,0.609701590036,0.251349193787,-0.471652353009,588,-0.10942372476,-0.0309343373525,0.0723224539578,0.999962172486,-0.000178825699558,0.55223880597,0.121093720236,0.999759268175,1,0.999759268175,2,0.000181901708487,0,0,True,benchmark,spy_buy_hold
cost_stress,spy_buy_hold,2008_2016,2142,2008-07-01,2016-12-30,0.0919174948543,0.110794531574,0.21384422275,0.512818915869,0.194883995103,-0.471652353009,588,-0.098448053731,-0.0330291522064,0.0422005041687,0.999943979006,-0.000172609451309,0.549953314659,0.117456665244,1,1,1,1,0.000176184997866,0,0,True,benchmark,spy_buy_hold
cost_stress,spy_buy_hold,2017_2024,2012,2017-01-03,2024-12-31,0.147713730516,0.154912732596,0.183567567876,0.734594969782,0.438095155743,-0.337172709125,488,-0.10942372476,-0.0284378406708,0.104367154632,0.999988763216,-0.000186895136837,0.554671968191,0.125085616438,0.999502982107,1,0.999502982107,1,0.000188167493283,0,0,True,benchmark,spy_buy_hold
cost_stress,static_macro_g100,full,4154,2008-07-01,2024-12-31,0.0583262733519,0.0614434730902,0.0966956547431,0.529435771916,0.267871897783,-0.217739426325,653,-0.050797614714,-0.0143381931646,0.0474183986209,0.405033795855,0.00189520520934,0.548146364949,1.17662299757,0.985107806553,1,0.985107806553,200,0.00176613922127,1.57566581296e-16,0,True,control,static_macro
cost_stress,static_macro_g100,2008_2016,2142,2008-07-01,2016-12-30,0.0590804325772,0.0622959990551,0.0988295696287,0.619222302948,0.27149698118,-0.217609906086,304,-0.0385881529069,-0.0142681173867,0.0476450733056,0.392894708917,0.0183749554759,0.541083099907,1.14353157569,0.981710263553,1,0.981710263553,103,0.00171643247404,1.13302237274e-16,0,True,control,static_macro
cost_stress,static_macro_g100,2017_2024,2012,2017-01-03,2024-12-31,0.0575865165592,0.0605358634397,0.0943953743196,0.428745664124,0.264474457066,-0.217739426325,653,-0.050797614714,-0.014313490883,0.0471701334003,0.422813751426,-0.016622977883,0.555666003976,1.21301982426,0.98872487271,1,0.98872487271,97,0.00182080972395,2.04797227849e-16,0,False,control,static_macro
cost_stress,static_macro_g150,full,4154,2008-07-01,2024-12-31,0.0585194180436,0.0661410821949,0.135391582176,0.413308095728,0.192838853021,-0.30346279874,720,-0.0787105413637,-0.0200236460561,0.0386447614086,0.554095778325,-0.0116460117704,0.544535387578,1.81447737644,1.41737169482,1.65678571877,1.41737169482,200,0.0027244983218,0.0177143417313,0,True,control,static_macro
cost_stress,static_macro_g150,2008_2016,2142,2008-07-01,2016-12-30,0.0612662234176,0.0688505744595,0.136905810112,0.495796844916,0.201890392074,-0.30346279874,389,-0.0543255209521,-0.019729561476,0.0407357731958,0.526246648624,0.0102013570981,0.53781512605,1.74529494812,1.40667781592,1.55120914711,1.40667781592,103,0.00262039701351,0.013536234491,0,True,control,static_macro
cost_stress,static_macro_g150,2017_2024,2012,2017-01-03,2024-12-31,0.0556680645805,0.0632565233326,0.13379445887,0.322856926958,0.196275470728,-0.283622117293,720,-0.0787105413637,-0.0202505822127,0.036405087496,0.594836789893,-0.0371320327643,0.551689860835,1.88990712715,1.42875653012,1.65678571877,1.42875653012,97,0.00283799423182,0.0221753574869,0,False,control,static_macro
cost_stress,trend_only_g100,full,4154,2008-07-01,2024-12-31,0.0391102795022,0.0441704662941,0.107157451888,0.319138630467,0.190133657462,-0.20569887533,973,-0.0523767869611,-0.0173642515264,0.0269463870512,0.310025753109,-0.00375287120848,0.527202696196,15.8468839305,0.676134560023,1,0.676134560023,4154,0.0237744331036,1.25036866759e-16,0,True,control,trend_only
cost_stress,trend_only_g100,2008_2016,2142,2008-07-01,2016-12-30,0.0115006251618,0.0172924548691,0.108080042526,0.155181475138,0.055910005066,-0.20569887533,973,-0.0523767869611,-0.0175031352229,-0.000229488519576,0.270330018216,-0.0130918222546,0.514472455649,16.8382939988,0.646816551338,1,0.646816551338,2142,0.0252628110937,9.20856441861e-17,0,False,control,trend_only
cost_stress,trend_only_g100,2017_2024,2012,2017-01-03,2024-12-31,0.0693385560022,0.0727851285567,0.106163610381,0.496825406574,0.358501683343,-0.193412079284,739,-0.0393298200631,-0.0171303272636,0.0558790603029,0.367972520665,0.00303195893817,0.540755467197,14.8089429681,0.707346873443,1,0.707346873443,2012,0.0222161829803,1.6020421494e-16,0,True,control,trend_only
cost_stress,trend_only_g150,full,4154,2008-07-01,2024-12-31,0.0335619861144,0.0417772024996,0.131833662633,0.241210458781,0.116251113215,-0.28870249227,932,-0.0640621990072,-0.0212062661376,0.0157070305947,0.384131118008,-0.0152134695433,0.526480500722,19.9797234338,0.851189782634,1.52516070133,0.851189782634,4154,0.0299743623207,0.00465431254723,0,False,control,trend_only
cost_stress,trend_only_g150,2008_2016,2142,2008-07-01,2016-12-30,0.00420475690209,0.0127222350921,0.130383262158,0.0935556669091,0.0157163425475,-0.267540421023,932,-0.0640621990072,-0.020783605181,-0.0127774574845,0.329940672038,-0.0242457937992,0.513071895425,21.0900670223,0.795983091011,1.51427371611,0.795983091011,2142,0.0316445099505,0.00251580864057,0,False,control,trend_only
cost_stress,trend_only_g150,2017_2024,2012,2017-01-03,2024-12-31,0.0657574219225,0.0727094789345,0.133365270239,0.394900199518,0.227768805893,-0.28870249227,906,-0.0590849287897,-0.0215760934839,0.0460300359758,0.463248339962,-0.00990958426942,0.540755467197,18.8195598474,0.909963507017,1.52516070133,0.909963507017,2012,0.0282291961209,0.0069330856869,0,False,control,trend_only
cost_stress,trend_pullback_10_g100,full,4154,2008-07-01,2024-12-31,-0.00582912505025,-0.00522189767344,0.0355181547976,-0.43165258798,-0.0293890055858,-0.198343732088,3810,-0.0332590832366,-0.00565156139076,-0.00711420665378,0.0694593312283,-0.0237101702604,0.439094848339,21.7615678639,0.0753648670149,1,0.0753648670149,4154,0.0326461052327,7.93045469905e-17,0,False,candidate,trend_pullback
cost_stress,trend_pullback_10_g100,2008_2016,2142,2008-07-01,2016-12-30,-0.0125961252052,-0.0121169428313,0.0334884962178,-0.383004672697,-0.0820533493625,-0.153511408164,1798,-0.0231918905161,-0.00518559888594,-0.0137991618997,0.0538087638494,-0.0185873371208,0.366013071895,21.5370263009,0.0731586869787,0.81379635211,0.0731586869787,2142,0.0323076670104,5.8012915701e-17,0,False,candidate,trend_pullback
cost_stress,trend_pullback_10_g100,2017_2024,2012,2017-01-03,2024-12-31,0.00141147566854,0.00211865239023,0.0375614936116,-0.478866072435,0.0145022975191,-0.0973277280155,1577,-0.0332590832366,-0.00610538554014,2.35368672313e-06,0.0923327684325,-0.0304125678785,0.51689860835,22.0226932943,0.0777135934748,1,0.0777135934748,2012,0.0330395261218,1.02026611646e-16,0,False,candidate,trend_pullback
cost_stress,trend_pullback_10_g150,full,4154,2008-07-01,2024-12-31,-0.0145505187087,-0.0133770758298,0.0509164299895,-0.460592227479,-0.0474736826953,-0.306496523602,3785,-0.0397849863962,-0.00828723308577,-0.0172658000941,0.101957862252,-0.035841781881,0.43765045739,31.6262950268,0.111190573027,1.2492895723,0.111190573027,4154,0.0474441274129,2.25091467749e-05,0,False,candidate,trend_pullback
cost_stress,trend_pullback_10_g150,2008_2016,2142,2008-07-01,2016-12-30,-0.0192169669978,-0.0182404201699,0.0482981853295,-0.39113123631,-0.0888947809317,-0.216176549358,1773,-0.0312032789188,-0.00749977440487,-0.0217394922291,0.0792130767221,-0.027516616427,0.36741363212,31.3262076098,0.107936613156,1.16109900422,0.107936613156,2142,0.0469920780877,6.38107668487e-06,0,False,candidate,trend_pullback
cost_stress,trend_pullback_10_g150,2017_2024,2012,2017-01-03,2024-12-31,-0.0095789776101,-0.00819949949954,0.0535735596891,-0.528145355175,-0.0596064799382,-0.160703628532,1577,-0.0397849863962,-0.00905479689203,-0.0125046889462,0.135202274656,-0.0465197490225,0.512425447316,31.9778876005,0.114654778814,1.2492895723,0.114654778814,2012,0.0479735608159,3.96821553604e-05,0,False,candidate,trend_pullback
cost_stress,trend_pullback_3_g100,full,4154,2008-07-01,2024-12-31,-0.0394133785808,-0.039452694862,0.0400289095412,-1.24171389894,-0.0776456361388,-0.507605842913,3834,-0.0356081089309,-0.00688953242546,-0.0418561652606,0.0734969726863,-0.0584350024747,0.425373134328,42.7737556747,0.0986433040324,1,0.0986433040324,4154,0.064170553645,9.19118797162e-17,0,False,candidate,trend_pullback
cost_stress,trend_pullback_3_g100,2008_2016,2142,2008-07-01,2016-12-30,-0.0420767789571,-0.0422405139254,0.0387101083059,-1.11555059249,-0.125733153427,-0.334651424945,1822,-0.0222385097935,-0.00657983011647,-0.044488222653,0.0595776100047,-0.0493480535679,0.368814192344,42.3901557771,0.0974173644491,0.898510741998,0.0974173644491,2142,0.0635987081401,6.66242151058e-17,0,False,candidate,trend_pullback
cost_stress,trend_pullback_3_g100,2017_2024,2012,2017-01-03,2024-12-31,-0.0366129120165,-0.0364847483243,0.0413956086712,-1.3678771309,-0.136678324652,-0.267876505729,1972,-0.0356081089309,-0.00715893629181,-0.0390551429502,0.0938542151303,-0.069221422311,0.485586481113,43.2256046299,0.0999484544238,1,0.0999484544238,2012,0.0648445577387,1.18896103776e-16,0,False,candidate,trend_pullback
cost_stress,trend_pullback_3_g150,full,4154,2008-07-01,2024-12-31,-0.0630938027787,-0.0636147837058,0.0569183576881,-1.29599948001,-0.0933360322217,-0.675985482529,3834,-0.0527180252157,-0.010040872633,-0.0684743328686,0.107028420113,-0.0866999096752,0.421039961483,60.9133577571,0.144497369337,1.49619302346,0.144497369337,4154,0.0913774067713,0.000107330059323,0,False,candidate,trend_pullback
cost_stress,trend_pullback_3_g150,2008_2016,2142,2008-07-01,2016-12-30,-0.0618686766728,-0.06237129874,0.0546793798668,-1.15518551186,-0.138439303283,-0.446901098212,1822,-0.0313438163701,-0.00950802233071,-0.0668560506139,0.0866441203466,-0.0724682232304,0.366479925303,60.3258860083,0.14205697413,1.22341503303,0.14205697413,2142,0.0905072669134,4.3807574391e-05,0,False,candidate,trend_pullback
cost_stress,trend_pullback_3_g150,2017_2024,2012,2017-01-03,2024-12-31,-0.0644574368745,-0.0649386131276,0.0592225816281,-1.43601777508,-0.152173831058,-0.423577670527,1972,-0.0527180252157,-0.0105236853885,-0.0701995843896,0.136843565021,-0.103480499865,0.479125248509,61.6006316794,0.147095444154,1.49619302346,0.147095444154,2012,0.0923965562503,0.000174987355861,0,False,candidate,trend_pullback
cost_stress,trend_pullback_5_g100,full,4154,2008-07-01,2024-12-31,-0.0162343532853,-0.0156158621538,0.0392141205957,-0.657505575048,-0.0506760329484,-0.320355646264,3822,-0.0359774850708,-0.0064169194463,-0.0179224830349,0.0723161377456,-0.0344536859567,0.430187770823,33.045702718,0.0911023460321,1,0.0911023460321,4154,0.0495832615968,9.24938539226e-17,0,False,candidate,trend_pullback
cost_stress,trend_pullback_5_g100,2008_2016,2142,2008-07-01,2016-12-30,-0.0258148426598,-0.0254741272831,0.0369305674597,-0.712858086142,-0.113910103347,-0.226624697032,1810,-0.0213055909814,-0.00621545467167,-0.0275199275025,0.0583621726374,-0.0324474268628,0.375350140056,33.0027873693,0.0899639190363,0.971133953843,0.0899639190363,2142,0.049514932217,6.45776996629e-17,0,False,candidate,trend_pullback
cost_stress,trend_pullback_5_g100,2017_2024,2012,2017-01-03,2024-12-31,-0.00596021431608,-0.0051206315837,0.0415064413201,-0.608025467291,-0.0440148852613,-0.135413605663,1896,-0.0359774850708,-0.00656375672555,-0.00770480859028,0.0927020759605,-0.0377017225477,0.488568588469,33.125288083,0.0923143294442,1,0.0923143294442,2012,0.0497068617712,1.22273696573e-16,0,False,candidate,trend_pullback
cost_stress,trend_pullback_5_g150,full,4154,2008-07-01,2024-12-31,-0.0294012748776,-0.0283144331018,0.0557859064597,-0.68889506182,-0.0656179513185,-0.448067552961,3822,-0.0532058442505,-0.0093179740194,-0.0329825341411,0.105166259496,-0.0511717100714,0.420799229658,47.6289014278,0.133834842822,1.52516070133,0.133834842822,4154,0.0714650745786,6.2928110856e-05,0,False,candidate,trend_pullback
cost_stress,trend_pullback_5_g150,2008_2016,2142,2008-07-01,2016-12-30,-0.0373954422034,-0.0366969499897,0.0532681465567,-0.702871596338,-0.118935991048,-0.314416535095,1810,-0.0263043599456,-0.00900647391258,-0.0409531931461,0.0857955603376,-0.0467001545139,0.368814192344,47.7331917283,0.132198183047,1.20966462037,0.132198183047,2142,0.0716174383757,2.82411605786e-05,0,False,candidate,trend_pullback
cost_stress,trend_pullback_5_g150,2017_2024,2012,2017-01-03,2024-12-31,-0.0208578038592,-0.0193903022997,0.0583551468795,-0.676774502024,-0.097665505337,-0.213563671096,1896,-0.0532058442505,-0.00957510429904,-0.0244982870507,0.13347093589,-0.0574767546169,0.476143141153,47.5669374967,0.135577250991,1.52516070133,0.135577250991,2012,0.0713764806175,9.98773454259e-05,0,False,candidate,trend_pullback
delay_one_session,bil_buy_hold,full,4154,2008-07-01,2024-12-31,0.00995478979476,0.00992876170328,0.0047331598293,-0.273177396941,1.27630127497,-0.00779971781741,2320,-0.00391088830074,-0.000545012959762,0.00989515750033,2.23067212006e-05,-6.33820061313e-05,0.388059701493,0.121154191484,0,0,0,2,6.05870461079e-05,0,0,True,benchmark,bil_buy_hold
delay_one_session,bil_buy_hold,2008_2016,2142,2008-07-01,2016-12-30,0.000450438384846,0.000468656111759,0.00604530204034,-0.228475422962,0.057750600136,-0.00779971781741,2079,-0.00391088830074,-0.000822230875349,0.000413837596621,4.0138525093e-05,-6.32144521039e-05,0.261437908497,0.11757406321,0,0,0,1,5.8787031605e-05,0,0,True,benchmark,bil_buy_hold
delay_one_session,bil_buy_hold,2017_2024,2012,2017-01-03,2024-12-31,0.0201707565363,0.0200001067217,0.00256433880342,-0.353904660817,9.6734322054,-0.00208517061039,595,-0.000437613317092,-0.000229727131869,0.0199902429714,-3.73609070024e-06,-6.21403069086e-05,0.522862823062,0.125085616438,0,0,0,1,6.25633495907e-05,0,0,True,benchmark,bil_buy_hold
delay_one_session,dual_momentum_126_g100,full,4154,2008-07-01,2024-12-31,0.0610354773535,0.0683602549705,0.134164054046,0.43426422337,0.214475002465,-0.28458084463,598,-0.0951085820175,-0.0209950369391,0.0413602648734,0.338293054418,0.0169782059716,0.539239287434,8.19078975622,0.913323005314,1,0.913323005314,200,0.00409458386418,8.39447861241e-17,0,False,candidate,dual_momentum
delay_one_session,dual_momentum_126_g100,2008_2016,2142,2008-07-01,2016-12-30,0.0554778634972,0.0622126625774,0.128027431352,0.479822001592,0.337833161022,-0.164216749265,450,-0.0417869797508,-0.0198601513068,0.0376261278094,0.202939863426,0.0392713511365,0.53548085901,8.54578191626,0.915823688015,1,0.915823688015,103,0.00427293978152,6.12184011486e-17,0,True,candidate,dual_momentum
delay_one_session,dual_momentum_126_g100,2017_2024,2012,2017-01-03,2024-12-31,0.0670422544754,0.0749050576078,0.140433598491,0.390587327795,0.235582456587,-0.28458084463,598,-0.0951085820175,-0.0221242965252,0.0453226642301,0.536044996849,-0.0175443492005,0.54324055666,7.82172184949,0.910660747687,1,0.910660747687,97,0.00390913476426,1.08197272325e-16,0,False,candidate,dual_momentum
delay_one_session,dual_momentum_126_g150,full,4154,2008-07-01,2024-12-31,0.0722762605859,0.0837470939931,0.166200116828,0.443280983654,0.213309314072,-0.338833120814,689,-0.0951085820175,-0.0259883235361,0.0423133757426,0.389858503671,0.0260556343362,0.53851709196,10.8501179788,1.20229892652,1.60056789541,1.20229892652,200,0.00542421574157,0.00745646890506,0,False,candidate,dual_momentum
delay_one_session,dual_momentum_126_g150,2008_2016,2142,2008-07-01,2016-12-30,0.0744026528081,0.0840863118388,0.156744484589,0.531609191989,0.345641087477,-0.215259862047,325,-0.0460722469875,-0.0236994671307,0.0472330616651,0.219347714846,0.0593328206302,0.535947712418,11.1941547804,1.18443979297,1.5314164699,1.18443979297,103,0.0055976726289,0.00406046931673,0,True,candidate,dual_momentum
delay_one_session,dual_momentum_126_g150,2017_2024,2012,2017-01-03,2024-12-31,0.0700964834111,0.0833859584934,0.17574771734,0.360401199352,0.206876126049,-0.338833120814,689,-0.0951085820175,-0.0283031508727,0.037055068268,0.638991957906,-0.0229652405606,0.541252485089,10.4954317065,1.22131198023,1.60056789541,1.22131198023,97,0.00524534211557,0.0110752867573,0,False,candidate,dual_momentum
delay_one_session,dual_momentum_252_g100,full,4154,2008-07-01,2024-12-31,0.0532315888191,0.0600102826207,0.126997018739,0.394274553055,0.223304393438,-0.238381287531,704,-0.0401213948641,-0.0199087779082,0.0358179184679,0.281006778749,0.0156376293217,0.545739046702,6.86158818639,0.919740882564,1,0.919740882564,200,0.00343282447764,1.07328542417e-16,0,False,candidate,dual_momentum
delay_one_session,dual_momentum_252_g100,2008_2016,2142,2008-07-01,2016-12-30,0.0381151025937,0.0453385135605,0.125810663533,0.356855822443,0.18151817923,-0.209979533484,599,-0.0400154824626,-0.0195625108694,0.0215960289725,0.193572392614,0.0234318007787,0.53781512605,7.32458257629,0.950643043873,1,0.950643043873,103,0.00366322459675,5.64680645923e-17,0,False,candidate,dual_momentum
delay_one_session,dual_momentum_252_g100,2017_2024,2012,2017-01-03,2024-12-31,0.0696043418508,0.075630028807,0.128271946035,0.433225952689,0.291987439835,-0.238381287531,635,-0.0401213948641,-0.0201860093433,0.0509494905975,0.408728639306,0.000373218398503,0.554174950298,6.37630982471,0.886842060732,1,0.886842060732,97,0.00319135396516,1.61521614086e-16,0,False,candidate,dual_momentum
delay_one_session,dual_momentum_252_g150,full,4154,2008-07-01,2024-12-31,0.0639812862437,0.0750892234013,0.160940130078,0.404813752812,0.212116654202,-0.301632545,766,-0.0593438380273,-0.0249327487317,0.036236635197,0.342406018189,0.0232039231395,0.544294655753,9.06652026526,1.20191107309,1.59354886741,1.20191107309,200,0.00453714639631,0.00667411863076,0,False,candidate,dual_momentum
delay_one_session,dual_momentum_252_g150,2008_2016,2142,2008-07-01,2016-12-30,0.0496383525172,0.0606568881206,0.156055681771,0.38588554062,0.179705920742,-0.2762199059,506,-0.0548448425554,-0.0238990902512,0.0241268244013,0.223003023853,0.0354996830523,0.536881419234,9.54361603383,1.24220277524,1.56903360404,1.24220277524,103,0.00477459829865,0.00439247057418,0,False,candidate,dual_momentum
delay_one_session,dual_momentum_252_g150,2017_2024,2012,2017-01-03,2024-12-31,0.0795167866736,0.0904540654348,0.166015751314,0.424038157788,0.263621376379,-0.301632545,766,-0.0593438380273,-0.0259530536047,0.0491122209081,0.516831879207,0.000599167168578,0.552186878728,8.56851245682,1.15901603035,1.59354886741,1.15901603035,97,0.00428931190399,0.00910718012787,0,False,candidate,dual_momentum
delay_one_session,dual_momentum_63_g100,full,4154,2008-07-01,2024-12-31,0.0675614895001,0.0731145596407,0.123600258565,0.51100763304,0.298898083737,-0.22603520456,744,-0.0434711612935,-0.0190446127868,0.0501990237646,0.211938579491,0.0371929067468,0.54260953298,10.311781499,0.905257030537,1,0.905257030537,200,0.0051544023015,7.3999018055e-17,0,True,candidate,dual_momentum
delay_one_session,dual_momentum_63_g100,2008_2016,2142,2008-07-01,2016-12-30,0.0695653444901,0.0748015038916,0.122723486871,0.605559151473,0.307763317778,-0.22603520456,485,-0.0417804982298,-0.0182128079207,0.0522099225468,0.159796918241,0.056625153467,0.539682539683,10.1750587986,0.924418002897,1,0.924418002897,103,0.00508823710882,6.49947246372e-17,0,True,candidate,dual_momentum
delay_one_session,dual_momentum_63_g100,2017_2024,2012,2017-01-03,2024-12-31,0.0655063621282,0.0713186179978,0.124557323124,0.411747310045,0.385444227505,-0.169950300079,701,-0.0434711612935,-0.0198601820836,0.0480468278823,0.288151355318,0.0123443703219,0.545725646123,10.4677607214,0.884858023183,1,0.884858023183,97,0.00523005508581,8.36498153551e-17,0,False,candidate,dual_momentum
delay_one_session,dual_momentum_63_g150,full,4154,2008-07-01,2024-12-31,0.0725152513639,0.0826956224381,0.158491782299,0.459005386648,0.251619031279,-0.288194621032,739,-0.0676464840322,-0.0243414320123,0.0450161548537,0.251010289567,0.0419932594457,0.541405873857,13.2324098477,1.19136225026,1.60234757624,1.19136225026,200,0.00661554753276,0.00687372614039,0,True,candidate,dual_momentum
delay_one_session,dual_momentum_63_g150,2008_2016,2142,2008-07-01,2016-12-30,0.0804572092475,0.0888958990132,0.151537074907,0.58360137408,0.279176651387,-0.288194621032,485,-0.0462159951385,-0.0223333590363,0.0544506714063,0.175007778795,0.0690395715435,0.538748832866,12.8547622529,1.20165088366,1.5471341331,1.20165088366,103,0.0064288251707,0.00427460405416,0,True,candidate,dual_momentum
delay_one_session,dual_momentum_63_g150,2017_2024,2012,2017-01-03,2024-12-31,0.0642106945223,0.0760947315715,0.165612029968,0.338482176901,0.247067852032,-0.259890932771,728,-0.0676464840322,-0.0263966992575,0.0349537148661,0.362095294502,0.00713521313274,0.544234592445,13.6475786872,1.18040884432,1.60234757624,1.18040884432,97,0.0068208967029,0.00964458068016,0,False,candidate,dual_momentum
delay_one_session,fixed_blend_g100,full,4154,2008-07-01,2024-12-31,0.0131443464051,0.014418375632,0.0518123724696,0.0851079477875,0.113874660243,-0.115428194271,741,-0.0344418767941,-0.00815587204666,0.0103915927206,0.118315608966,-0.0100478206215,0.52888781897,32.7597522106,0.65035759286,0.999419542767,0.329555394702,862,0.0163839644737,2.60057560503e-05,0.00160578257144,False,candidate,fixed_blend
delay_one_session,fixed_blend_g100,2008_2016,2142,2008-07-01,2016-12-30,0.0116036853846,0.0128208320446,0.050642156944,0.240681335374,0.15501052519,-0.0748574032012,512,-0.0146592791289,-0.00781338400666,0.0089738899547,0.0977501819177,0.0014972886898,0.525210084034,32.8900713106,0.656887093304,0.925656038503,0.332056041363,444,0.0164477178808,1.87116239935e-05,0.00162626634369,False,candidate,fixed_blend
delay_one_session,fixed_blend_g100,2017_2024,2012,2017-01-03,2024-12-31,0.0147988069277,0.0161191402266,0.0530422373578,-0.0743350778163,0.128207904673,-0.115428194271,741,-0.0344418767941,-0.00847375006596,0.0118989218107,0.148387003066,-0.0239815538407,0.532803180915,32.6548338719,0.643406206204,0.999419542767,0.326893175444,418,0.0163330047356,3.37887345792e-05,0.00158565080258,False,candidate,fixed_blend
delay_one_session,fixed_blend_g150,full,4154,2008-07-01,2024-12-31,0.00862392122134,0.0109396378509,0.0683878118889,0.0138352628498,0.0504531051824,-0.170929444088,1743,-0.0421707290998,-0.0107683909264,0.00392429862852,0.149995827682,-0.0174028653583,0.526480500722,47.9725936841,0.914523752298,1.4095580326,0.437980544228,862,0.0239936644458,8.13590716827e-05,0.00238515635418,False,candidate,fixed_blend
delay_one_session,fixed_blend_g150,2008_2016,2142,2008-07-01,2016-12-30,0.012995441616,0.0150374237479,0.0651669777623,0.220726901743,0.130641200141,-0.0994742975573,599,-0.0206288209968,-0.00997899942481,0.00866732126189,0.121091277077,0.001135952344,0.529878618114,48.1942942513,0.915349143532,1.31401126338,0.434026260513,444,0.0241010367502,3.45934034691e-05,0.00240907341978,False,candidate,fixed_blend
delay_one_session,fixed_blend_g150,2017_2024,2012,2017-01-03,2024-12-31,0.00400498939145,0.00657708447555,0.0716731266026,-0.18811611656,0.0234306582626,-0.170929444088,1743,-0.0421707290998,-0.0115641201633,-0.00112847113994,0.192268074718,-0.0394492390164,0.522862823062,47.7861339306,0.913645030617,1.4095580326,0.442190323411,418,0.0239041404691,0.000131171221347,0.00236217449815,False,candidate,fixed_blend
delay_one_session,raw_sector_reversal_g100,full,4154,2008-07-01,2024-12-31,-0.0451368103217,-0.0440679774482,0.0658496430773,-0.820575529913,-0.0789256390922,-0.571890336789,4062,-0.0328581512631,-0.0100521206011,-0.0505722406883,0.0300997485003,-0.0577403166077,0.485556090515,67.3694576768,0.995085201729,1.10279338294,-0.000343793565412,862,0.0336874401374,8.12698472711e-05,0.00498167622301,False,control,raw_sector_reversal
delay_one_session,raw_sector_reversal_g100,2008_2016,2142,2008-07-01,2016-12-30,-0.0455753120516,-0.0446216031755,0.063661051702,-0.710205292267,-0.114002174192,-0.399775814582,2050,-0.0256154067282,-0.00968675835825,-0.0507006974312,0.018727335841,-0.0472173978951,0.474323062558,67.7106489165,0.992792015403,1.08153399999,-0.000116078919032,444,0.0338548987707,5.60636581731e-05,0.00496748335149,False,control,raw_sector_reversal
delay_one_session,raw_sector_reversal_g100,2017_2024,2012,2017-01-03,2024-12-31,-0.0447156375963,-0.0434785806749,0.0681182666283,-0.930909867231,-0.136583810076,-0.327386075784,1884,-0.0328581512631,-0.010286349293,-0.0504387280476,0.0467416027941,-0.0698532431741,0.497514910537,67.0758650651,0.997526556157,1.10279338294,-0.000586221384769,418,0.0335439823511,0.000108156500248,0.00500188646093,False,control,raw_sector_reversal
delay_one_session,raw_sector_reversal_g150,full,4154,2008-07-01,2024-12-31,-0.0726426024251,-0.0712458640857,0.0921054868731,-0.881242219659,-0.0983623750849,-0.7385202153,4062,-0.0500168277188,-0.0139833402909,-0.0839709951539,0.0453355010428,-0.0867824092372,0.487000481464,99.6477709621,1.46393208689,1.68792087747,-0.000544887451699,862,0.0498272170756,0.000118701215224,0.00732984493544,False,control,raw_sector_reversal
delay_one_session,raw_sector_reversal_g150,2008_2016,2142,2008-07-01,2016-12-30,-0.0664547996636,-0.0651855990335,0.084603789529,-0.776882113327,-0.129112818786,-0.51470334463,2050,-0.0350747806591,-0.0126346537095,-0.0759223008375,0.0294503361848,-0.068965705079,0.47619047619,99.5476222901,1.45210795044,1.62079792345,-0.000187230281999,444,0.0497695086842,7.94014674983e-05,0.00726605050384,False,control,raw_sector_reversal
delay_one_session,raw_sector_reversal_g150,2017_2024,2012,2017-01-03,2024-12-31,-0.0792487971472,-0.0776976969593,0.0994918699247,-0.98106840818,-0.156677952769,-0.505806948243,1884,-0.0500168277188,-0.0151135471258,-0.092545645231,0.068590722992,-0.107022829551,0.498508946322,99.8566425167,1.4765202083,1.68792087747,-0.000925653683059,418,0.0499397739955,0.000160612797531,0.00740521180014,False,control,raw_sector_reversal
delay_one_session,sector_reversal_10_g100,full,4154,2008-07-01,2024-12-31,-0.0363688740379,-0.0355789949931,0.0549229901444,-0.824470758052,-0.0695594559905,-0.52284586646,4020,-0.0305891940229,-0.00822290150413,-0.0401037972627,0.0306280924288,-0.0493159809047,0.478334135773,52.3569138726,0.999085519011,1.08608942496,-0.0301382153447,862,0.0261798788215,8.09114922545e-05,0.00515116510331,False,candidate,sector_reversal
delay_one_session,sector_reversal_10_g100,2008_2016,2142,2008-07-01,2016-12-30,-0.0307401835844,-0.0298105283201,0.0531980722629,-0.5633527598,-0.0878139006278,-0.35006056404,2008,-0.0296751407478,-0.00782312239169,-0.0340555806588,0.0539779037726,-0.0362996034191,0.481792717087,52.3747992832,0.998085784051,1.08140181401,-0.0239206089819,444,0.0261871168678,5.56337347265e-05,0.00511433066945,False,candidate,sector_reversal
delay_one_session,sector_reversal_10_g100,2017_2024,2012,2017-01-03,2024-12-31,-0.042354772475,-0.0417201757154,0.0567124380184,-1.08896349591,-0.132834251477,-0.318854301539,1283,-0.0305891940229,-0.00858009403297,-0.0465446266544,-0.00343412953749,-0.0613191879236,0.474652087475,52.3916866609,1.00014984917,1.08608942496,-0.0367575557171,418,0.0261990793362,0.000107873879789,0.00519562551852,False,candidate,sector_reversal
delay_one_session,sector_reversal_10_g150,full,4154,2008-07-01,2024-12-31,-0.0596330002012,-0.0584562439873,0.0786162579902,-0.866911260115,-0.0862623002945,-0.691298516242,4020,-0.0457450866603,-0.011734062734,-0.0677270180179,0.038420789658,-0.0731467235204,0.474241694752,77.9145622507,1.48432577165,1.65694352732,-0.0455030805907,862,0.0389594074752,0.000119873659399,0.00765613227315,False,candidate,sector_reversal
delay_one_session,sector_reversal_10_g150,2008_2016,2142,2008-07-01,2016-12-30,-0.0473172454941,-0.0457751306149,0.0734942647638,-0.624606702663,-0.101564394433,-0.465884188631,2008,-0.0335183102883,-0.0107382182879,-0.0538772410446,0.0657329829569,-0.0535625059068,0.479458450047,77.6948863207,1.47973834746,1.6168927501,-0.0361708286048,444,0.038846355694,8.15226468462e-05,0.00758461592159,False,candidate,sector_reversal
delay_one_session,sector_reversal_10_g150,2017_2024,2012,2017-01-03,2024-12-31,-0.0726130049013,-0.0719567135916,0.0837356566375,-1.0983939936,-0.154197491895,-0.470909117968,1304,-0.0457450866603,-0.0126635800461,-0.0824742038804,-0.00140822741995,-0.0918293003673,0.468687872763,78.2282052128,1.4892096,1.65694352732,-0.0554383110847,418,0.0391196485723,0.000160777602877,0.00774004551576,False,candidate,sector_reversal
delay_one_session,sector_reversal_3_g100,full,4154,2008-07-01,2024-12-31,-0.0452783432365,-0.0448734924954,0.0550163318528,-0.994016902807,-0.0774118504878,-0.584901962053,4060,-0.0330268201277,-0.00818988244827,-0.0494136876512,0.0270591200324,-0.058173788476,0.475204622051,74.1916233202,0.998624370375,1.10170919683,-0.0234603919351,862,0.0370944851657,8.10054400945e-05,0.00511597356966,False,candidate,sector_reversal
delay_one_session,sector_reversal_3_g100,2008_2016,2142,2008-07-01,2016-12-30,-0.0402096219375,-0.0395272811195,0.0551064814977,-0.723602388855,-0.10492074057,-0.383238068271,2048,-0.0330268201277,-0.00799409896615,-0.0440823675741,0.0431548444947,-0.0448209937944,0.468720821662,73.6848558544,0.997902138897,1.07587586675,-0.0198892437037,444,0.0368402686072,5.69812469741e-05,0.0050936126634,False,candidate,sector_reversal
delay_one_session,sector_reversal_3_g100,2017_2024,2012,2017-01-03,2024-12-31,-0.0506840298208,-0.0505651350238,0.05493162272,-1.28374459321,-0.137647417541,-0.368216351069,1977,-0.0319261703071,-0.00834310977881,-0.0550913597858,0.00359252118491,-0.0711130148578,0.482107355865,74.8067218995,0.999393266907,1.10170919683,-0.0272622803604,418,0.0374029186827,0.000106634938711,0.00514500731441,False,candidate,sector_reversal
delay_one_session,sector_reversal_3_g150,full,4154,2008-07-01,2024-12-31,-0.0715552284742,-0.0711934525462,0.0791336348184,-1.02188842892,-0.0963670798521,-0.742527724031,4060,-0.0500011310089,-0.0116407989567,-0.0805866507856,0.0396123851947,-0.0860297325269,0.470871449206,110.260801944,1.48237121083,1.68628045687,-0.035250958126,862,0.0551275243052,0.00011990026704,0.00759604861269,False,candidate,sector_reversal
delay_one_session,sector_reversal_3_g150,2008_2016,2142,2008-07-01,2016-12-30,-0.0564327258,-0.0550729674722,0.0778393507966,-0.709777339609,-0.11528931766,-0.489487898317,2048,-0.0500011310089,-0.0109257032458,-0.0641614142709,0.063577432573,-0.0626222710817,0.465919701214,109.297374691,1.47801645535,1.61840493985,-0.0297219569604,444,0.0546441100993,8.33737375478e-05,0.00754334280003,False,candidate,sector_reversal
delay_one_session,sector_reversal_3_g150,2017_2024,2012,2017-01-03,2024-12-31,-0.0874396494158,-0.0883555196578,0.0804939724656,-1.34527515695,-0.161769815484,-0.540518941401,1977,-0.047764794846,-0.0122889293566,-0.0980744390628,0.00468366396431,-0.10905074566,0.476143141153,111.398549898,1.48700733719,1.68628045687,-0.0411372009175,418,0.0556982036484,0.000158864162546,0.00765989782301,False,candidate,sector_reversal
delay_one_session,sector_reversal_5_g100,full,4154,2008-07-01,2024-12-31,-0.0493126452313,-0.0491612381882,0.0540958131149,-1.08764995122,-0.0836621974378,-0.589425651507,4060,-0.0319261703071,-0.00815710414247,-0.053550773683,0.0308422343316,-0.0629244259312,0.466297544535,72.0390468584,0.99851200989,1.10170919683,-0.0181314189163,862,0.0360218223889,8.08141704682e-05,0.00508640346312,False,candidate,sector_reversal
delay_one_session,sector_reversal_5_g100,2008_2016,2142,2008-07-01,2016-12-30,-0.0471829077373,-0.0469621430646,0.0523994817337,-0.897642567958,-0.121161185189,-0.389422632864,2048,-0.0252938797968,-0.00782621518231,-0.0510807015935,0.0458870013093,-0.0525576112329,0.464052287582,71.9963627815,0.997330468396,1.08985616883,-0.0160995267767,444,0.0359959234006,5.75034030684e-05,0.0050707709651,False,candidate,sector_reversal
delay_one_session,sector_reversal_5_g100,2017_2024,2012,2017-01-03,2024-12-31,-0.0516213673962,-0.0515024219629,0.0558578498134,-1.27981886097,-0.146597625939,-0.352129627377,1990,-0.0319261703071,-0.0084000098717,-0.0561825710416,0.00890134713452,-0.072767197125,0.468687872763,72.158447954,0.999769893529,1.10170919683,-0.0202945963334,418,0.0360863709593,0.000105684846937,0.00510825213323,False,candidate,sector_reversal
delay_one_session,sector_reversal_5_g150,full,4154,2008-07-01,2024-12-31,-0.0762866560646,-0.0763564371426,0.078439116012,-1.09578849431,-0.101667237903,-0.750356335416,4060,-0.047764794846,-0.0116823584495,-0.0855854795238,0.0421734740714,-0.0915060851185,0.462445835339,107.198813845,1.48358483622,1.68628045687,-0.0274072228379,862,0.0536029356992,0.000119418369946,0.00755919200203,False,candidate,sector_reversal
delay_one_session,sector_reversal_5_g150,2008_2016,2142,2008-07-01,2016-12-30,-0.0651642479708,-0.0646372241495,0.0741851706751,-0.870932772321,-0.130502705698,-0.499332543506,2048,-0.0383050328712,-0.0106984185727,-0.0728923834717,0.0610229110768,-0.0719043913565,0.462651727358,106.896877545,1.47774423991,1.61792782776,-0.0244179382064,444,0.0534426157683,8.3491774718e-05,0.00751423841907,False,candidate,sector_reversal
delay_one_session,sector_reversal_5_g150,2017_2024,2012,2017-01-03,2024-12-31,-0.0880429537001,-0.0888328557466,0.0827392413663,-1.31489994242,-0.166644704822,-0.528327340458,1990,-0.047764794846,-0.0125220116614,-0.0991015288394,0.0147043565727,-0.110881259981,0.462226640159,107.630015438,1.48980280705,1.68628045687,-0.0305896521027,418,0.0538284843952,0.000157743826552,0.00761475996474,False,candidate,sector_reversal
delay_one_session,spy_buy_hold,full,4154,2008-07-01,2024-12-31,0.117480265316,0.131204964656,0.199732061537,0.604930113281,0.24908232635,-0.471652353009,588,-0.10942372476,-0.030945150179,0.0713656200465,0.999774152469,-0.00111414492449,0.551998074145,0.121154191484,0.999518536351,1,0.999518536351,2,6.06641384531e-05,0,0,True,benchmark,spy_buy_hold
delay_one_session,spy_buy_hold,2008_2016,2142,2008-07-01,2016-12-30,0.0897638221614,0.108818058443,0.213838167964,0.503644770496,0.190317766017,-0.471652353009,588,-0.098448053731,-0.0330412917449,0.0402279153253,0.999619969592,-0.00211329707442,0.549486461251,0.11757406321,0.999533146592,1,0.999533146592,1,5.8787031605e-05,0,0,True,benchmark,spy_buy_hold
delay_one_session,spy_buy_hold,2017_2024,2012,2017-01-03,2024-12-31,0.147857445711,0.155038340952,0.183568427194,0.735276461438,0.438521391886,-0.337172709125,488,-0.10942372476,-0.0284378406708,0.104492289758,0.999996254405,-6.2298378946e-05,0.554671968191,0.125085616438,0.999502982107,1,0.999502982107,1,6.27224977609e-05,0,0,True,benchmark,spy_buy_hold
delay_one_session,static_macro_g100,full,4154,2008-07-01,2024-12-31,0.0591695734498,0.0622724991966,0.0970197659882,0.536156716266,0.26748188392,-0.22120964823,630,-0.0511284227784,-0.0143875881119,0.048153246708,0.407042444217,0.00247845846651,0.546942705826,1.18548704162,0.984832479192,1,0.984832479192,200,0.000592544649622,9.64550715741e-17,0,True,control,static_macro
delay_one_session,static_macro_g100,2008_2016,2142,2008-07-01,2016-12-30,0.0598700929008,0.0630822822796,0.0992428538703,0.624474346925,0.270648651087,-0.22120964823,304,-0.039357983922,-0.0143329255892,0.0483085662132,0.394916847526,0.0189379018003,0.539215686275,1.15221886679,0.981208802149,1,0.981208802149,103,0.000575612994839,6.30228571001e-17,0,True,control,static_macro
delay_one_session,static_macro_g100,2017_2024,2012,2017-01-03,2024-12-31,0.0584876922643,0.0614103941449,0.0946202723032,0.436970400172,0.269757392636,-0.216815901476,630,-0.0511284227784,-0.0143500178694,0.0479809002488,0.424802634661,-0.0160170227748,0.555168986083,1.22208092654,0.988690290437,1,0.988690290437,97,0.000611157807858,1.321045206e-16,0,False,control,static_macro
delay_one_session,static_macro_g150,full,4154,2008-07-01,2024-12-31,0.066621520532,0.0738730061905,0.136098835364,0.467780777041,0.216797143071,-0.3072988859,699,-0.0795075556351,-0.0201065237073,0.0460886667092,0.557800030469,-0.00436733017446,0.545257583052,1.82335382101,1.41647212921,1.66450033019,1.41647212921,200,0.000911319666321,0.0112039676298,0,False,control,static_macro
delay_one_session,static_macro_g150,2008_2016,2142,2008-07-01,2016-12-30,0.0693847891489,0.0765911945483,0.137766959368,0.548534104577,0.225789263589,-0.3072988859,357,-0.0550511203534,-0.0198555993535,0.0481215919081,0.529667472102,0.0175641612903,0.538281979458,1.75806964135,1.40517331688,1.55651741819,1.40517331688,103,0.000877956246661,0.00714504507927,0,False,control,static_macro
delay_one_session,static_macro_g150,2017_2024,2012,2017-01-03,2024-12-31,0.0637615004351,0.0709791893602,0.13433415382,0.379053244419,0.223107148483,-0.285788693318,699,-0.0795075556351,-0.0202926779267,0.0439106920363,0.598955248755,-0.0299655168056,0.55268389662,1.8946474646,1.42850098409,1.66450033019,1.42850098409,97,0.000947733151609,0.0155315588703,0,False,control,static_macro
delay_one_session,trend_only_g100,full,4154,2008-07-01,2024-12-31,0.0564767481116,0.0608933446259,0.108310976135,0.470068972121,0.298219901028,-0.189379541463,705,-0.0523619414365,-0.0176502621853,0.043296443299,0.319277815551,0.0118379494718,0.531776600867,15.9230220309,0.675948240371,1,0.675948240371,4153,0.00796211391838,8.05736214738e-17,0,True,control,trend_only
delay_one_session,trend_only_g100,2008_2016,2142,2008-07-01,2016-12-30,0.0284046039121,0.0339786436893,0.109103846372,0.306557082634,0.149987710883,-0.189379541463,599,-0.0523619414365,-0.0176422417708,0.0161231697495,0.277699658432,0.00278042008656,0.519607843137,16.885157363,0.646359442228,1,0.646359442228,2141,0.00844431136341,4.91919082533e-17,0,False,control,trend_only
delay_one_session,trend_only_g100,2017_2024,2012,2017-01-03,2024-12-31,0.087229924044,0.0895470669947,0.107458151257,0.646872093905,0.599554342652,-0.145491272164,705,-0.0435552817913,-0.0175167487549,0.0722261855875,0.379974726639,0.0181731387621,0.544731610338,14.9162887637,0.707448839586,1,0.707448839586,2012,0.00745754654679,1.14026340794e-16,0,True,control,trend_only
delay_one_session,trend_only_g150,full,4154,2008-07-01,2024-12-31,0.0578059278807,0.0651981965623,0.133347481044,0.414055384358,0.239177622642,-0.24168618804,739,-0.0629380121499,-0.0214863716258,0.0385258705111,0.395733566411,0.00678787991872,0.530813673568,20.0510096375,0.850906255482,1.52516070133,0.850906255482,4153,0.0100248960611,0.00298168864362,0,False,control,trend_only
delay_one_session,trend_only_g150,2008_2016,2142,2008-07-01,2016-12-30,0.0261128091559,0.034436338994,0.131378316818,0.258018508765,0.108044275793,-0.24168618804,629,-0.0629380121499,-0.0209676372512,0.00854594579903,0.338735716394,-0.0035030664066,0.519607843137,21.1432571679,0.795296135828,1.51427371611,0.795296135828,2141,0.010573293512,0.00128121830095,0,False,control,trend_only
delay_one_session,trend_only_g150,2017_2024,2012,2017-01-03,2024-12-31,0.0926446652691,0.0979476493015,0.135414629618,0.575369162485,0.422535483016,-0.219258900123,739,-0.0590083521331,-0.0219491704011,0.0704419664297,0.478947116358,0.0132086485518,0.542743538767,18.9101618453,0.910109474319,1.52516070133,0.910109474319,2012,0.00945205380191,0.0047929576436,0,True,control,trend_only
delay_one_session,trend_pullback_10_g100,full,4154,2008-07-01,2024-12-31,0.0163402565734,0.0168573023153,0.0354466066155,0.194935817098,0.227610356917,-0.0717904791096,756,-0.0348228389766,-0.00531206032803,0.0149726094344,0.0697250476976,-0.00166348262925,0.475204622051,21.6875154716,0.0753077771069,1,0.0753077771069,4153,0.0108453016926,5.1942451825e-17,0,True,candidate,trend_pullback
delay_one_session,trend_pullback_10_g100,2008_2016,2142,2008-07-01,2016-12-30,0.0128075299031,0.0132743177868,0.0330587747475,0.390349749844,0.261412570807,-0.0489935501707,676,-0.0260355998588,-0.00475564482879,0.0116349939051,0.0526683197229,0.00692988086491,0.416433239963,21.4293757827,0.0731576697698,0.815507944077,0.0731576697698,2141,0.0107171011912,3.15519718597e-17,0,True,candidate,trend_pullback
delay_one_session,trend_pullback_10_g100,2017_2024,2012,2017-01-03,2024-12-31,0.0201273096393,0.0206717918082,0.0378302592451,0.0161180765,0.280361823587,-0.0717904791096,756,-0.0348228389766,-0.00587339326663,0.0185250990364,0.0946628859747,-0.0121740837902,0.537773359841,21.984291595,0.0775968078803,1,0.0775968078803,2012,0.0109927669193,7.36781599235e-17,0,True,candidate,trend_pullback
delay_one_session,trend_pullback_10_g150,full,4154,2008-07-01,2024-12-31,0.0180983013,0.0192238426289,0.0502385313641,0.184268634482,0.150605040649,-0.120170621262,1472,-0.0523272773045,-0.00769424375513,0.0154379775785,0.101610493733,-0.00319836033798,0.474723158402,31.5425417389,0.1111040817,1.2520698369,0.1111040817,4153,0.0157729745986,2.34863151478e-05,0,True,candidate,trend_pullback
delay_one_session,trend_pullback_10_g150,2008_2016,2142,2008-07-01,2016-12-30,0.0186038343634,0.019511209238,0.0464206231856,0.411157763133,0.257359478607,-0.0722873486691,676,-0.0307204774427,-0.00676144717401,0.0162788978526,0.0762882433337,0.0105580488103,0.415499533147,31.1930787814,0.107926044283,1.16113624647,0.107926044283,2141,0.0156008432272,5.00112256817e-06,0,True,candidate,trend_pullback
delay_one_session,trend_pullback_10_g150,2017_2024,2012,2017-01-03,2024-12-31,0.0175797665133,0.0189179085947,0.0540190360775,-0.0212009196807,0.146290052666,-0.120170621262,1472,-0.0523272773045,-0.00863663292266,0.0145408242066,0.138636043731,-0.019866031588,0.537773359841,31.9465520499,0.114487459506,1.2520698369,0.114487459506,2012,0.0159722166644,4.3166788403e-05,0,False,candidate,trend_pullback
delay_one_session,trend_pullback_3_g100,full,4154,2008-07-01,2024-12-31,0.0129366698352,0.0136628880481,0.0398026368485,0.0927790903091,0.113648347566,-0.113830690126,2251,-0.0321174638662,-0.0061241594917,0.0112865131979,0.0721614999611,-0.0051560146885,0.472315840154,42.7047701688,0.0986415743334,1,0.0986415743334,4153,0.0213595894503,5.8756309644e-17,0,False,candidate,trend_pullback
delay_one_session,trend_pullback_3_g100,2008_2016,2142,2008-07-01,2016-12-30,0.0121709391537,0.0128335663356,0.0383376685965,0.324199346239,0.188145659449,-0.0646889180933,718,-0.0263509461671,-0.00571661168105,0.0106289010855,0.0575639603161,0.00594842602689,0.410364145658,42.3008921501,0.0973584941474,0.897666100297,0.0973584941474,2141,0.0211570145937,3.32641875246e-17,0,False,candidate,trend_pullback
delay_one_session,trend_pullback_3_g100,2017_2024,2012,2017-01-03,2024-12-31,0.0137649373456,0.0145457941655,0.0413147044767,-0.133695402588,0.137055316913,-0.100433442902,920,-0.0321174638662,-0.00652275930996,0.0119854369565,0.0935154422044,-0.0181451324695,0.538270377734,43.1781111136,0.100007557315,1,0.100007557315,2012,0.0215969434565,8.59238809144e-17,0,False,candidate,trend_pullback
delay_one_session,trend_pullback_3_g150,full,4154,2008-07-01,2024-12-31,0.0140324792275,0.0155113655257,0.0557865767609,0.0992311628302,0.0791951315169,-0.177188659943,2264,-0.0420592838624,-0.00871802528501,0.0108431523057,0.103609790171,-0.00715546601396,0.465575349061,60.8407389289,0.144477368177,1.50318025597,0.144477368177,4153,0.0304316152235,6.26659832091e-05,0,False,candidate,trend_pullback
delay_one_session,trend_pullback_3_g150,2008_2016,2142,2008-07-01,2016-12-30,0.0156618663235,0.0169778367754,0.0536267266164,0.308239850258,0.166600479285,-0.0940085310125,717,-0.0277660276299,-0.00815427361155,0.0126640980641,0.0825304712067,0.00733524792912,0.40756302521,60.2311876353,0.141952871416,1.2222882587,0.141952871416,2141,0.0301261892622,2.09917544246e-05,0,False,candidate,trend_pullback
delay_one_session,trend_pullback_3_g150,2017_2024,2012,2017-01-03,2024-12-31,0.0123172208954,0.0139501421575,0.0580108939724,-0.10542777147,0.0787958255761,-0.156318190784,1037,-0.0420592838624,-0.00926981008336,0.00890224642826,0.1344408088,-0.0242672802395,0.527335984095,61.5514166629,0.147164978546,1.50318025597,0.147164978546,2012,0.0307876571602,0.000107044914142,0,False,candidate,trend_pullback
delay_one_session,trend_pullback_5_g100,full,4154,2008-07-01,2024-12-31,0.0136579597541,0.0143028144066,0.0379575589288,0.11437387486,0.14679678623,-0.0930399098297,868,-0.0307357798214,-0.00590729838845,0.0121416499868,0.0700594261116,-0.00425888418767,0.477852672123,32.9519356751,0.0910997194495,1,0.0910997194495,4153,0.0164797461012,5.73564403151e-17,0,False,candidate,trend_pullback
delay_one_session,trend_pullback_5_g100,2008_2016,2142,2008-07-01,2016-12-30,0.0113127639799,0.0119288775334,0.0368386210434,0.313020921864,0.182049324452,-0.0621412027426,595,-0.0253320178989,-0.00566499524403,0.00989325153278,0.0574461494516,0.00505674895053,0.416900093371,32.9026164224,0.0899081367857,0.971079791716,0.0899081367857,2141,0.0164540608865,3.25361998022e-17,0,False,candidate,trend_pullback
delay_one_session,trend_pullback_5_g100,2017_2024,2012,2017-01-03,2024-12-31,0.0161718670805,0.0168301368631,0.0391221940762,-0.0827974451189,0.17381645264,-0.0930399098297,868,-0.0307357798214,-0.00613083188205,0.0145343177591,0.0885098368453,-0.0151848408653,0.542743538767,33.0382343349,0.0923682930409,1,0.0923682930409,2012,0.0165239898785,8.38081239156e-17,0,False,candidate,trend_pullback
delay_one_session,trend_pullback_5_g150,full,4154,2008-07-01,2024-12-31,0.0154482319061,0.0168034054901,0.0539287998684,0.126730593012,0.108512228212,-0.142363972804,1488,-0.0412076449949,-0.00846978243654,0.0124409323072,0.101628658078,-0.00562102001761,0.473278767453,47.5244244814,0.13381679439,1.47717517363,0.13381679439,4153,0.0237677287794,5.2308589676e-05,0,False,candidate,trend_pullback
delay_one_session,trend_pullback_5_g150,2008_2016,2142,2008-07-01,2016-12-30,0.0167716446858,0.0180088118328,0.0524651943089,0.334928406286,0.186846623619,-0.0897615614398,595,-0.0265127755288,-0.00808717337908,0.0138799169119,0.083454026356,0.00826422011518,0.416900093371,47.6157795787,0.132098564608,1.20840689244,0.132098564608,2141,0.0238126608135,2.1120750509e-05,0,False,candidate,trend_pullback
delay_one_session,trend_pullback_5_g150,2017_2024,2012,2017-01-03,2024-12-31,0.014058833834,0.0155201150399,0.055457498863,-0.0820010026526,0.098752750131,-0.142363972804,1488,-0.0412076449949,-0.00882666898352,0.0109068137696,0.128215516748,-0.0218566539188,0.533300198807,47.4761079389,0.135646042994,1.47717517363,0.135646042994,2012,0.0237443689234,8.55261124097e-05,0,False,candidate,trend_pullback
frictionless,bil_buy_hold,full,4154,2008-07-01,2024-12-31,0.0100159870731,0.00998941431858,0.00473015835992,,1.28414736373,-0.00779971781741,2320,-0.00391088830074,-0.000542615106623,0.00995585272141,0,0,0.388300433317,0.121184472462,0,0,0,2,0,0,0,False,benchmark,bil_buy_hold
frictionless,bil_buy_hold,2008_2016,2142,2008-07-01,2016-12-30,0.000509268326949,0.0005274374287,0.00604073040486,,0.0652931732751,-0.00779971781741,2079,-0.00391088830074,-0.000819620764796,0.000472701792964,0,0,0.261437908497,0.117632850242,0,0,0,1,0,0,0,False,benchmark,bil_buy_hold
frictionless,bil_buy_hold,2017_2024,2012,2017-01-03,2024-12-31,0.0202345788329,0.0200627515443,0.00256431106426,,9.70403991509,-0.00208517061038,595,-0.000437613317092,-0.00022943688965,0.0200528880074,0,0,0.523359840954,0.125085616438,0,0,0,1,0,0,0,False,benchmark,bil_buy_hold
frictionless,dual_momentum_126_g100,full,4154,2008-07-01,2024-12-31,0.0614452602619,0.0686611554501,0.133528339997,0.438531558867,0.224183470432,-0.274084704566,595,-0.095007795658,-0.0207852485997,0.0419164290764,0.333246068255,0.0178966421993,0.540924410207,8.18902999638,0.913596477696,1,0.913596477696,200,0,0,0,False,candidate,dual_momentum
frictionless,dual_momentum_126_g100,2008_2016,2142,2008-07-01,2016-12-30,0.0594890163148,0.0659419238349,0.127527138236,0.51073121375,0.357196529404,-0.166544217028,450,-0.0417163207822,-0.0196334810322,0.0415471673548,0.200414311016,0.0432795492798,0.53781512605,8.54638252892,0.916400481652,1,0.916400481652,103,0,0,0,True,candidate,dual_momentum
frictionless,dual_momentum_126_g100,2017_2024,2012,2017-01-03,2024-12-31,0.0635945663123,0.0715560829449,0.139665818341,0.36874241429,0.232025228891,-0.274084704566,595,-0.095007795658,-0.0219338900831,0.0422962717257,0.527324990289,-0.0197157881854,0.544234592445,7.81745036503,0.910611300522,1,0.910611300522,97,0,0,0,False,candidate,dual_momentum
frictionless,dual_momentum_126_g150,full,4154,2008-07-01,2024-12-31,0.0796049270658,0.0904400784992,0.165429494327,0.485731387301,0.253189166709,-0.314408898693,610,-0.095007795658,-0.0257787429723,0.0493897021095,0.383257154755,0.0335563422658,0.540924410207,10.8428124152,1.20241932862,1.59760062244,1.20241932862,200,0,0,0,False,candidate,dual_momentum
frictionless,dual_momentum_126_g150,2008_2016,2142,2008-07-01,2016-12-30,0.0798636424707,0.0891001609628,0.156376130627,0.564774965152,0.36476178262,-0.218947396016,450,-0.0460034007633,-0.0235671927917,0.0524199196179,0.217375155891,0.0645645307853,0.53781512605,11.1892926356,1.18507878717,1.53069917421,1.18507878717,103,0,0,0,True,candidate,dual_momentum
frictionless,dual_momentum_126_g150,2017_2024,2012,2017-01-03,2024-12-31,0.0794148282086,0.0918665712244,0.174591725368,0.411373069857,0.252584543691,-0.314408898693,610,-0.095007795658,-0.0280162603778,0.0461431653737,0.625623267734,-0.0126793413844,0.544234592445,10.4855204127,1.22088028279,1.59760062244,1.22088028279,97,0,0,0,False,candidate,dual_momentum
frictionless,dual_momentum_252_g100,full,4154,2008-07-01,2024-12-31,0.0599115925488,0.0662518491932,0.126282469582,0.445969969473,0.261718822513,-0.228915872284,662,-0.0400548762191,-0.0198435521284,0.0423309560076,0.273699079027,0.022773346516,0.548627828599,6.86322190185,0.919918327205,1,0.919918327205,200,0,0,0,False,candidate,dual_momentum
frictionless,dual_momentum_252_g100,2008_2016,2142,2008-07-01,2016-12-30,0.0459173424033,0.0527181523673,0.124928174919,0.418558536826,0.261198820904,-0.17579460062,512,-0.040015868955,-0.0194146476546,0.0293075790343,0.188549941314,0.0313661486938,0.539215686275,7.32750041062,0.951099675181,1,0.951099675181,103,0,0,0,False,candidate,dual_momentum
frictionless,dual_momentum_252_g100,2017_2024,2012,2017-01-03,2024-12-31,0.0750621990117,0.0806599896511,0.127733315547,0.474416514696,0.327902990136,-0.228915872284,633,-0.0400548762191,-0.0202177265388,0.0561862898001,0.398085800383,0.00684037111382,0.558648111332,6.37657974293,0.886722279808,1,0.886722279808,97,0,0,0,False,candidate,dual_momentum
frictionless,dual_momentum_252_g150,full,4154,2008-07-01,2024-12-31,0.0817607992397,0.0915487506476,0.160084861534,0.509872262369,0.291183475821,-0.280787908755,633,-0.059593121023,-0.02478346608,0.0531080063092,0.333063969748,0.0408065184839,0.548868560424,9.06895619523,1.20169950289,1.58226172551,1.20169950289,200,0,0,0,True,candidate,dual_momentum
frictionless,dual_momentum_252_g150,2008_2016,2142,2008-07-01,2016-12-30,0.0650048700536,0.0750710206204,0.155255239515,0.480859282699,0.292752164786,-0.222047444469,487,-0.0547241490616,-0.02372045036,0.0389147365251,0.2181780039,0.0504467191793,0.539682539683,9.54817035685,1.24275523022,1.57203010978,1.24275523022,103,0,0,0,False,candidate,dual_momentum
frictionless,dual_momentum_252_g150,2017_2024,2012,2017-01-03,2024-12-31,0.0999564327583,0.10909114514,0.165102883871,0.539261372767,0.355985530864,-0.280787908755,633,-0.059593121023,-0.025835086586,0.0682027017457,0.500884524624,0.0213897520184,0.558648111332,8.56869828317,1.15799106953,1.58226172551,1.15799106953,97,0,0,0,False,candidate,dual_momentum
frictionless,dual_momentum_63_g100,full,4154,2008-07-01,2024-12-31,0.0730497170927,0.0781423301239,0.122727961275,0.555600844338,0.32238992272,-0.226588090833,739,-0.0434870107435,-0.0189311326891,0.0555491014058,0.207028594309,0.0428214499041,0.543813192104,10.3050417166,0.905524958129,1,0.905524958129,200,0,0,0,True,candidate,dual_momentum
frictionless,dual_momentum_63_g100,2008_2016,2142,2008-07-01,2016-12-30,0.0699223293001,0.0750850392877,0.122310407796,0.6098742735,0.308587839031,-0.226588090833,485,-0.0417163207822,-0.0181990298687,0.052645285505,0.158966314794,0.0570004256008,0.541083099907,10.1714803841,0.925016996035,1,0.925016996035,103,0,0,0,True,candidate,dual_momentum
frictionless,dual_momentum_63_g100,2017_2024,2012,2017-01-03,2024-12-31,0.0764632455939,0.0813971596325,0.123201021176,0.498111406743,0.444751767252,-0.171923421612,634,-0.0434870107435,-0.0196422150688,0.0586294222043,0.277267233689,0.0238926862569,0.546719681909,10.4576523544,0.884773494314,1,0.884773494314,97,0,0,0,False,candidate,dual_momentum
frictionless,dual_momentum_63_g150,full,4154,2008-07-01,2024-12-31,0.0883220007654,0.0971284308714,0.15711312052,0.55493616967,0.310062249134,-0.284852480468,713,-0.0669966966698,-0.0240994139443,0.0601016319122,0.243440402082,0.0573522990953,0.543572460279,13.2204221823,1.19112981961,1.58601002838,1.19112981961,200,0,0,0,True,candidate,dual_momentum
frictionless,dual_momentum_63_g150,2008_2016,2142,2008-07-01,2016-12-30,0.0856972173284,0.0936706083714,0.151101989345,0.616874159391,0.300847713131,-0.284852480468,485,-0.0462744499164,-0.0223005860549,0.0594228915956,0.173847178186,0.07394246447,0.541083099907,12.8542425507,1.20239483237,1.54199551104,1.20239483237,103,0,0,0,True,candidate,dual_momentum
frictionless,dual_momentum_63_g150,2017_2024,2012,2017-01-03,2024-12-31,0.0912149256762,0.100809671326,0.163307050307,0.494651288664,0.394452922327,-0.231244137166,653,-0.0669966966698,-0.0259276746266,0.0608058823064,0.345132398092,0.0341407951694,0.546222664016,13.6233841762,1.17913694816,1.58601002838,1.17913694816,97,0,0,0,False,candidate,dual_momentum
frictionless,fixed_blend_g100,full,4154,2008-07-01,2024-12-31,0.0326568115845,0.0335062108848,0.0515693881693,0.454273986249,0.349461791784,-0.0934488758207,555,-0.034186743609,-0.00800992945266,0.0295171081906,0.115837777851,0.00934319542908,0.544294655753,32.7777870626,0.650599323383,1.0123512903,0.329820184185,862,0,0,0,False,candidate,fixed_blend
frictionless,fixed_blend_g100,2008_2016,2142,2008-07-01,2016-12-30,0.0282987526412,0.0291923059129,0.0506293979047,0.561922570707,0.355951134844,-0.0795017907546,430,-0.0144509324349,-0.00779369295015,0.0253473020146,0.0946767742406,0.018208207807,0.540616246499,32.8948634488,0.657299246355,0.92638185804,0.332273368522,444,0,0,0,False,candidate,fixed_blend
frictionless,fixed_blend_g100,2017_2024,2012,2017-01-03,2024-12-31,0.0373454923164,0.0380988472913,0.0525627036306,0.343080730215,0.39963554391,-0.0934488758207,555,-0.034186743609,-0.00820108317086,0.0339545905718,0.146770743822,-0.00178358972407,0.548210735586,32.6869689741,0.643466502804,1.0123512903,0.327208493901,418,0,0,0,False,candidate,fixed_blend
frictionless,fixed_blend_g150,full,4154,2008-07-01,2024-12-31,0.0378586697265,0.0395225134398,0.068009675534,0.43258249647,0.280274730394,-0.13507699989,669,-0.0418571432241,-0.010552691301,0.0325845394904,0.146756500856,0.0115763656099,0.542368801156,47.9958045576,0.914788503874,1.41349718582,0.438324808256,862,0,0,0,False,candidate,fixed_blend
frictionless,fixed_blend_g150,2008_2016,2142,2008-07-01,2016-12-30,0.0387456889659,0.0401397454764,0.0650844364378,0.603963038985,0.380339819061,-0.101871239939,359,-0.0205989922385,-0.00993741229166,0.0337857696767,0.116962956101,0.0266942301605,0.544351073763,48.2037319235,0.915948831048,1.31332818098,0.434361360263,444,0,0,0,True,candidate,fixed_blend
frictionless,fixed_blend_g150,2017_2024,2012,2017-01-03,2024-12-31,0.0369558711197,0.0388654006056,0.0710078369687,0.264721373022,0.27359114542,-0.13507699989,669,-0.0418571432241,-0.011145895969,0.0313022312392,0.190316570567,-0.00689739490079,0.540258449304,47.8240144695,0.913553205262,1.41349718582,0.442544343843,418,0,0,0,False,candidate,fixed_blend
frictionless,raw_sector_reversal_g100,full,4154,2008-07-01,2024-12-31,-0.00748152064221,-0.00524666862608,0.067407711416,-0.225483097383,-0.0351589375634,-0.212791431161,3857,-0.0349848592791,-0.00983384821008,-0.0120623679636,0.0344043793506,-0.0194457109204,0.505777563794,67.4285017408,0.995170682768,1.10620643966,-3.59180107171e-05,862,0,0,0,False,control,raw_sector_reversal
frictionless,raw_sector_reversal_g100,2008_2016,2142,2008-07-01,2016-12-30,-0.00157940485896,0.000665616604543,0.0670720120875,0.00205566502719,-0.00991478143242,-0.15929800064,1845,-0.0349848592791,-0.00959062615731,-0.00608236560365,0.0265846390319,-0.0027979849659,0.503267973856,67.7599540317,0.993324553056,1.08848713966,0.000239095833441,444,0,0,0,False,control,raw_sector_reversal
frictionless,raw_sector_reversal_g100,2017_2024,2012,2017-01-03,2024-12-31,-0.0137269102877,-0.0115409603577,0.0677777035783,-0.465134974176,-0.0687337457431,-0.19971136651,1042,-0.032467728893,-0.00993780219702,-0.0184316860112,0.0458764523703,-0.0377987943335,0.508449304175,67.145325762,0.997136095216,1.10620643966,-0.000328701139041,418,0,0,0,False,control,raw_sector_reversal
frictionless,raw_sector_reversal_g150,full,4154,2008-07-01,2024-12-31,-0.0171857903249,-0.0129631636796,0.0936870421959,-0.244504896793,-0.0481196645739,-0.357146926876,3857,-0.0494767258798,-0.013606712506,-0.0261290564927,0.0508706879576,-0.0291769795195,0.506981222918,99.7178275588,1.4639451143,1.65883551263,-0.00010564196724,862,0,0,0,False,control,raw_sector_reversal
frictionless,raw_sector_reversal_g150,2008_2016,2142,2008-07-01,2016-12-30,-0.00332272759256,0.000594433880402,0.0886127432088,0.000754614432279,-0.014331104126,-0.23185426352,1845,-0.040270931927,-0.0125256229162,-0.0111838935081,0.0384416212186,-0.00417872265087,0.506069094304,99.5929000583,1.45281801449,1.65883551263,0.000276815002916,444,0,0,0,False,control,raw_sector_reversal
frictionless,raw_sector_reversal_g150,2017_2024,2012,2017-01-03,2024-12-31,-0.0317329337696,-0.0273967491535,0.0988173316492,-0.479361801174,-0.102843872478,-0.308554442817,1042,-0.0494767258798,-0.014421647827,-0.0420440467049,0.069100434798,-0.0567907124089,0.507952286282,99.9531198094,1.47579116191,1.61211869317,-0.00051281037185,418,0,0,0,False,control,raw_sector_reversal
frictionless,sector_reversal_10_g100,full,4154,2008-07-01,2024-12-31,-0.00155875249445,-0.000100391765069,0.0540531677298,-0.185367240619,-0.00758913655201,-0.205392600827,2156,-0.0297530524412,-0.00796423042028,-0.0044830091775,0.0289829578101,-0.0136360833983,0.492537313433,52.3962792965,0.999260200272,1.11416758976,-0.0297833154361,862,0,0,0,False,candidate,sector_reversal
frictionless,sector_reversal_10_g100,2008_2016,2142,2008-07-01,2016-12-30,0.000242221818298,0.00160045913848,0.052141118325,0.0203114688359,0.00130789727904,-0.185199420611,1458,-0.025962328981,-0.00755901612313,-0.00247758519179,0.0500333449758,-0.00445295565005,0.493930905696,52.4318499252,0.998931767647,1.08241178276,-0.0237685682812,444,0,0,0,False,candidate,sector_reversal
frictionless,sector_reversal_10_g100,2017_2024,2012,2017-01-03,2024-12-31,-0.00347186951059,-0.00191113860175,0.0560298784006,-0.391752534119,-0.0169035763538,-0.205392600827,1304,-0.0297530524412,-0.00833053165659,-0.00662015951212,-0.00173278184007,-0.0217398980699,0.491053677932,52.4122868429,0.999609853693,1.11416758976,-0.0361866893953,418,0,0,0,False,candidate,sector_reversal
frictionless,sector_reversal_10_g150,full,4154,2008-07-01,2024-12-31,-0.00860356923454,-0.0056397739538,0.0775605834825,-0.200489840839,-0.0269433460365,-0.319320741487,3470,-0.0441953043655,-0.0114014709004,-0.014663240119,0.0368118804577,-0.020133391654,0.489889263361,77.9751992081,1.48450502747,1.61065188759,-0.0449755285541,862,0,0,0,False,candidate,sector_reversal
frictionless,sector_reversal_10_g150,2008_2016,2142,2008-07-01,2016-12-30,-0.00166763376207,0.000955345246904,0.0724680940422,0.00584678260282,-0.00629554777346,-0.264890970902,1458,-0.0293471688197,-0.010447275868,-0.00692209173426,0.0616407632245,-0.00638006119099,0.492063492063,77.7914271369,1.4810184296,1.61065188759,-0.0359509274457,444,0,0,0,False,candidate,sector_reversal
frictionless,sector_reversal_10_g150,2017_2024,2012,2017-01-03,2024-12-31,-0.0159348191075,-0.0126610191466,0.0826538867114,-0.395527244206,-0.0516359232864,-0.30859948062,1304,-0.0441953043655,-0.0122876844615,-0.0229085166293,0.000591749606161,-0.0328036796071,0.487574552684,78.2507258789,1.48821690253,1.59784557112,-0.0545832301318,418,0,0,0,False,candidate,sector_reversal
frictionless,sector_reversal_3_g100,full,4154,2008-07-01,2024-12-31,0.00506994665051,0.00655547158515,0.0546488143369,-0.0625387200646,0.0259911380768,-0.195064434483,1438,-0.030975719402,-0.00800520757516,0.00207573222251,0.0275332391815,-0.00680283634837,0.501925854598,74.2158028774,0.99893228776,1.11726914206,-0.0232522330883,862,0,0,0,False,candidate,sector_reversal
frictionless,sector_reversal_3_g100,2008_2016,2142,2008-07-01,2016-12-30,0.0148764880082,0.0162442342642,0.0543785833782,0.287075388084,0.152410885684,-0.097607778745,1002,-0.0293431451177,-0.00770760885522,0.0118086887689,0.0419118922746,0.0110878005546,0.498132586368,73.6986782372,0.998661824251,1.09583666304,-0.0195462837618,444,0,0,0,False,candidate,sector_reversal
frictionless,sector_reversal_3_g100,2017_2024,2012,2017-01-03,2024-12-31,-0.00524879834092,-0.0037593045871,0.0549411136804,-0.432620115775,-0.0269080232634,-0.195064434483,1042,-0.030975719402,-0.00820146209087,-0.00828709354577,0.00658841844889,-0.024711745575,0.505964214712,74.8419396638,0.999220226544,1.11726914206,-0.0271976324209,418,0,0,0,False,candidate,sector_reversal
frictionless,sector_reversal_3_g150,full,4154,2008-07-01,2024-12-31,0.0012427015391,0.00432203261271,0.0785162175866,-0.0718453409637,0.00403246924681,-0.308173841644,1679,-0.0459763799605,-0.0113566379064,-0.00492516202345,0.0409101874308,-0.0106730429836,0.498314877227,110.309203259,1.48273596611,1.64799559577,-0.0349275029504,862,0,0,0,False,candidate,sector_reversal
frictionless,sector_reversal_3_g150,2008_2016,2142,2008-07-01,2016-12-30,0.0220226050325,0.0247379642565,0.0769928305696,0.312168556758,0.154073406352,-0.142935796345,857,-0.0445264201798,-0.010531736196,0.0158461203178,0.0614914240233,0.0174190517197,0.496265172736,109.323848654,1.47907969742,1.64799559577,-0.0292576098949,444,0,0,0,False,candidate,sector_reversal
frictionless,sector_reversal_3_g150,2017_2024,2012,2017-01-03,2024-12-31,-0.0203891872194,-0.0174130198629,0.0801026802887,-0.467030637568,-0.0661613169716,-0.308173841644,1042,-0.0459763799605,-0.0119926340869,-0.0270376789471,0.0109379680746,-0.0389528170451,0.500497017893,111.470317526,1.48662847482,1.61718947788,-0.0409637409847,418,0,0,0,False,candidate,sector_reversal
frictionless,sector_reversal_5_g100,full,4154,2008-07-01,2024-12-31,-0.00925013051536,-0.00782670689797,0.0543487270095,-0.325486860219,-0.0390901655084,-0.236635746998,2876,-0.030975719402,-0.00803752751675,-0.0122573830893,0.03467991222,-0.0220594626583,0.49085219066,72.0564762489,0.998767478311,1.10821121348,-0.0177702777557,862,0,0,0,False,candidate,sector_reversal
frictionless,sector_reversal_5_g100,2008_2016,2142,2008-07-01,2016-12-30,-0.00627555716328,-0.00488649301274,0.0531092909496,-0.100721296177,-0.0462778695611,-0.135606008289,2050,-0.0254091391656,-0.00787049826823,-0.00911738819049,0.0480563604653,-0.0107215579857,0.491129785247,72.0001823179,0.998073650416,1.08551567836,-0.0157682169431,444,0,0,0,False,candidate,sector_reversal
frictionless,sector_reversal_5_g100,2017_2024,2012,2017-01-03,2024-12-31,-0.0124128233442,-0.0109568948414,0.0556504686996,-0.556226983002,-0.0524554024557,-0.236635746998,1042,-0.030975719402,-0.0081008923682,-0.0156023568411,0.0151785979966,-0.033069339876,0.49055666004,72.1903673736,0.99950613604,1.10821121348,-0.0199016963743,418,0,0,0,False,candidate,sector_reversal
frictionless,sector_reversal_5_g150,full,4154,2008-07-01,2024-12-31,-0.016903631798,-0.0139738192231,0.0786465770584,-0.303006171808,-0.048861693839,-0.345948543121,2613,-0.0459763799605,-0.0113925498493,-0.0232517453476,0.0481071512341,-0.0298494960899,0.487241213288,107.223170095,1.48376366322,1.65511807573,-0.02686026103,862,0,0,0,False,candidate,sector_reversal
frictionless,sector_reversal_5_g150,2008_2016,2142,2008-07-01,2016-12-30,-0.0038661328218,-0.00105206991565,0.0751768974588,-0.0208087688485,-0.0253751490302,-0.152359019338,2050,-0.037874973212,-0.0106623475872,-0.00952941878295,0.0636974493615,-0.00861462888622,0.488795518207,106.894267543,1.47864379583,1.65511807573,-0.0239207826994,444,0,0,0,False,candidate,sector_reversal
frictionless,sector_reversal_5_g150,2017_2024,2012,2017-01-03,2024-12-31,-0.0305969732211,-0.0277304728099,0.0821895541123,-0.580528246999,-0.0884437117296,-0.345948543121,1042,-0.0459763799605,-0.0119996278052,-0.0378631570176,0.0254030399283,-0.0512236100582,0.485586481113,107.683071443,1.48921433715,1.63353607883,-0.0299896658929,418,0,0,0,False,candidate,sector_reversal
frictionless,spy_buy_hold,full,4154,2008-07-01,2024-12-31,0.118752783545,0.132346743681,0.199741473558,0.610596117442,0.251780326734,-0.471652353009,588,-0.10942372476,-0.0309343373525,0.0725017592921,1,-2.73218947466e-17,0.55223880597,0.121184472462,0.999759268175,1,0.999759268175,2,0,0,0,True,benchmark,spy_buy_hold
frictionless,spy_buy_hold,2008_2016,2142,2008-07-01,2016-12-30,0.092110035522,0.110973328314,0.213855516343,0.513623178782,0.195292220922,-0.471652353009,588,-0.098448053731,-0.0330291522064,0.0423720555089,1,-2.73218947466e-17,0.549953314659,0.117632850242,1,1,1,1,0,0,0,True,benchmark,spy_buy_hold
frictionless,spy_buy_hold,2017_2024,2012,2017-01-03,2024-12-31,0.147929256139,0.15510114513,0.183569114185,0.735616174169,0.438734370059,-0.337172709125,488,-0.10942372476,-0.0284378406708,0.104554715606,1,2.73218947466e-17,0.554671968191,0.125085616438,0.999502982107,1,0.999502982107,1,0,0,0,True,benchmark,spy_buy_hold
frictionless,static_macro_g100,full,4154,2008-07-01,2024-12-31,0.0601961280818,0.0632135040122,0.0967198220931,0.5475138794,0.277024399042,-0.217295401741,633,-0.050797614714,-0.0143312584096,0.0491814180336,0.405162710462,0.00364946248427,0.548627828599,1.1768145243,0.985107806553,1,0.985107806553,200,0,0,0,True,control,static_macro
frictionless,static_macro_g100,2008_2016,2142,2008-07-01,2016-12-30,0.0608989230962,0.0640145351597,0.0988543691728,0.636294131485,0.280258682919,-0.217295401741,304,-0.0385881529069,-0.0142605671619,0.0493562557028,0.393045719554,0.0200768130762,0.541549953315,1.14374739381,0.981710263553,1,0.981710263553,103,0,0,0,True,control,static_macro
frictionless,static_macro_g100,2017_2024,2012,2017-01-03,2024-12-31,0.0595129449688,0.062360716379,0.0944188605119,0.447966475567,0.274543869412,-0.216770256412,633,-0.050797614714,-0.014308576758,0.0489883345484,0.422910233176,-0.0148111536843,0.556163021869,1.21318571736,0.98872487271,1,0.98872487271,97,0,0,0,False,control,static_macro
frictionless,static_macro_g150,full,4154,2008-07-01,2024-12-31,0.0803150409657,0.0865394274494,0.135303895673,0.563824006918,0.270569832162,-0.296836644071,653,-0.078568566309,-0.0199285709808,0.0590787111729,0.553841375401,0.00878346154644,0.548627828599,1.81378666522,1.41634137508,1.65422227873,1.41634137508,200,0,0,0,True,control,static_macro
frictionless,static_macro_g150,2008_2016,2142,2008-07-01,2016-12-30,0.0785027535491,0.0849595666041,0.136852682567,0.612928621498,0.264464496271,-0.296836644071,347,-0.0542257795595,-0.0196501685224,0.0568665815156,0.526128748941,0.0263233707782,0.541549953315,1.74443105125,1.40588797339,1.55075611012,1.40588797339,103,0,0,0,False,control,static_macro
frictionless,static_macro_g150,2017_2024,2012,2017-01-03,2024-12-31,0.0823313893062,0.0882213667787,0.133669236984,0.509946078839,0.29237187065,-0.281598189057,653,-0.078568566309,-0.0201368291858,0.061420169405,0.594369737393,-0.012104119299,0.556163021869,1.88939986432,1.42747019536,1.65422227873,1.42747019536,97,0,0,0,False,control,static_macro
frictionless,trend_only_g100,full,4154,2008-07-01,2024-12-31,0.0641149020914,0.0679744382912,0.107090125735,0.541732018007,0.353977759741,-0.181126922037,512,-0.052354520901,-0.0172791475421,0.0507719957463,0.309988339234,0.0200556786505,0.537313432836,15.8509511217,0.676134560023,1,0.676134560023,4154,0,0,0,True,control,trend_only
frictionless,trend_only_g100,2008_2016,2142,2008-07-01,2016-12-30,0.0373832896459,0.0425603084858,0.108046473026,0.389181579562,0.20639278372,-0.181126922037,512,-0.052354520901,-0.0174185172808,0.0250492479858,0.270538355805,0.0121530213316,0.524276377218,16.8425372194,0.646816551338,1,0.646816551338,2142,0,0,0,False,control,trend_only
frictionless,trend_only_g100,2017_2024,2012,2017-01-03,2024-12-31,0.0933660136928,0.0950306341377,0.106062792216,0.707152880137,0.71300936229,-0.13094640636,496,-0.0393266448215,-0.0170353546753,0.0781566602986,0.367580617443,0.0253303865008,0.551192842942,14.812827156,0.707346873443,1,0.707346873443,2012,0,0,0,True,control,trend_only
frictionless,trend_only_g150,full,4154,2008-07-01,2024-12-31,0.0699881668323,0.0764489689499,0.131746379917,0.504642665081,0.321958295104,-0.217382710421,767,-0.0639507937302,-0.0210583135378,0.0504133060183,0.384040754208,0.0194693535802,0.53803562831,19.987753945,0.851189782634,1.52516070133,0.851189782634,4154,0,0,0,True,control,trend_only
frictionless,trend_only_g150,2008_2016,2142,2008-07-01,2016-12-30,0.0391055543277,0.0468900521819,0.130366046018,0.35572120206,0.179892661435,-0.217382710421,767,-0.0639507937302,-0.0206590676276,0.0213970932504,0.330288828421,0.00988357084875,0.525676937442,21.0982619878,0.795983091011,1.51427371611,0.795983091011,2142,0,0,0,False,control,trend_only
frictionless,trend_only_g150,2017_2024,2012,2017-01-03,2024-12-31,0.103911642723,0.107917756086,0.133204002244,0.659818356232,0.513418291913,-0.202391781438,727,-0.0588890090261,-0.021404410972,0.0813027967647,0.462515810755,0.0253976124492,0.551192842942,18.8274237357,0.909963507017,1.52516070133,0.909963507017,2012,0,0,0,True,control,trend_only
frictionless,trend_pullback_10_g100,full,4154,2008-07-01,2024-12-31,0.0271666641757,0.0274675855122,0.0354999045346,0.496259999362,0.408885143587,-0.0664408198777,359,-0.0329630590555,-0.00522977801902,0.0255772206793,0.0695241049123,0.0089713873903,0.487000481464,21.7669758596,0.0753648670149,1,0.0753648670149,4154,0,0,0,False,candidate,trend_pullback
frictionless,trend_pullback_10_g100,2008_2016,2142,2008-07-01,2016-12-30,0.0198313988178,0.0201977390943,0.0334066436037,0.597242137116,0.353347958465,-0.0561242773381,358,-0.0227175431787,-0.00480544639953,0.018523733339,0.0539395799878,0.0137128966999,0.416433239963,21.5421922543,0.0731586869787,0.81379635211,0.0731586869787,2142,0,0,0,False,candidate,trend_pullback
frictionless,trend_pullback_10_g100,2017_2024,2012,2017-01-03,2024-12-31,0.0350530557642,0.0352071536172,0.0376028237174,0.403774888279,0.527583130804,-0.0664408198777,335,-0.0329630590555,-0.00564556673059,0.0330861950899,0.0922999109609,0.0026803703687,0.562127236581,22.0283642234,0.0777135934748,1,0.0777135934748,2012,0,0,0,False,candidate,trend_pullback
frictionless,trend_pullback_10_g150,full,4154,2008-07-01,2024-12-31,0.0333656423883,0.0341505811373,0.0507605320023,0.4777316675,0.335420083338,-0.0994741938413,424,-0.0394828339634,-0.00767346699293,0.0302856337236,0.101918472991,0.0116906946509,0.484352431391,31.6375481856,0.111190573027,1.2492895723,0.111190573027,4154,0,0,0,False,candidate,trend_pullback
frictionless,trend_pullback_10_g150,2008_2016,2142,2008-07-01,2016-12-30,0.0279928868672,0.0287732105325,0.0482115598504,0.589646036763,0.342612418308,-0.0817042388757,358,-0.0311044603872,-0.00695147592134,0.0252866787776,0.0794056640688,0.0194757437943,0.415966386555,31.3370900499,0.107936613156,1.16109900422,0.107936613156,2142,0,0,0,False,candidate,trend_pullback
frictionless,trend_pullback_10_g150,2017_2024,2012,2017-01-03,2024-12-31,0.0391446435735,0.039875396165,0.0533502198735,0.371839306431,0.39351556481,-0.0994741938413,424,-0.0394828339634,-0.00838041782305,0.0356060272242,0.134822417793,0.00160644190263,0.557157057654,31.9895465267,0.114654778814,1.2492895723,0.114654778814,2012,0,0,0,False,candidate,trend_pullback
frictionless,trend_pullback_3_g100,full,4154,2008-07-01,2024-12-31,0.0242660727214,0.0247973232108,0.0397578563842,0.374551624109,0.289819164106,-0.0837283234746,795,-0.0344429768973,-0.0061448342813,0.0224262924944,0.0741547140473,0.00573453612179,0.506259027443,42.7915371434,0.0986433040324,1,0.0986433040324,4154,0,0,0,False,candidate,trend_pullback
frictionless,trend_pullback_3_g100,2008_2016,2142,2008-07-01,2016-12-30,0.0208397991443,0.0213677454919,0.0384753646036,0.54715316115,0.444172373563,-0.0469182695383,386,-0.0216313235114,-0.00583109681548,0.0191472149698,0.0604262846096,0.0141664732266,0.443510737628,42.4088017444,0.0974173644491,0.898510741998,0.0974173644491,2142,0,0,0,True,candidate,trend_pullback
frictionless,trend_pullback_3_g100,2017_2024,2012,2017-01-03,2024-12-31,0.0279473597251,0.0284484939235,0.0410875892128,0.204408030735,0.333786209556,-0.0837283234746,795,-0.0344429768973,-0.00641094178731,0.0259162089425,0.094231078268,-0.0043390710559,0.573061630219,43.2424850973,0.0999484544238,1,0.0999484544238,2012,0,0,0,False,candidate,trend_pullback
frictionless,trend_pullback_3_g150,full,4154,2008-07-01,2024-12-31,0.0267084457115,0.0279813178615,0.0563250132285,0.320200479698,0.178566902793,-0.149571086768,897,-0.0516366246617,-0.00898006642307,0.0232225571887,0.107777990723,0.00480447643397,0.502407318247,60.9483609127,0.144497369337,1.49619302346,0.144497369337,4154,0,0,0,False,candidate,trend_pullback
frictionless,trend_pullback_3_g150,2008_2016,2142,2008-07-01,2016-12-30,0.0270829927874,0.028194192773,0.0542218386274,0.512533462297,0.388490553586,-0.069713388234,386,-0.030965228635,-0.00843126229168,0.0237841810968,0.0878208436546,0.0179673040286,0.442577030812,60.3631346898,0.14205697413,1.22341503303,0.14205697413,2142,0,0,0,True,candidate,trend_pullback
frictionless,trend_pullback_3_g150,2017_2024,2012,2017-01-03,2024-12-31,0.0263381116111,0.0277546886068,0.0584945588952,0.13158471205,0.176090928937,-0.149571086768,897,-0.0516366246617,-0.00949281647113,0.0226222684762,0.136965982624,-0.010803729207,0.566103379722,61.6332830035,0.147095444154,1.49619302346,0.147095444154,2012,0,0,0,False,candidate,trend_pullback
frictionless,trend_pullback_5_g100,full,4154,2008-07-01,2024-12-31,0.0337760973542,0.0340237970712,0.0390599886629,0.619741794441,0.513474954963,-0.0657794446013,387,-0.0343981363862,-0.00579872885013,0.0317352729997,0.0725263034814,0.0151602579501,0.496870486278,33.0576251931,0.0911023460321,1,0.0911023460321,4154,0,0,0,True,candidate,trend_pullback
frictionless,trend_pullback_5_g100,2008_2016,2142,2008-07-01,2016-12-30,0.0236427918941,0.0240438916384,0.0366966331103,0.649015598875,0.435899953427,-0.0542390328521,387,-0.0207616207738,-0.00560006442989,0.0220239273159,0.0587328612942,0.0170296510198,0.4360410831,33.0148157949,0.0899639190363,0.971133953843,0.0899639190363,2142,0,0,0,True,candidate,trend_pullback
frictionless,trend_pullback_5_g100,2017_2024,2012,2017-01-03,2024-12-31,0.0446971329046,0.0446485274078,0.0414268752292,0.594865168674,0.67950000453,-0.0657794446013,234,-0.0343981363862,-0.00594219707269,0.0420742484209,0.0926773759821,0.0120707718891,0.561630218688,33.137110144,0.0923143294442,1,0.0923143294442,2012,0,0,0,True,candidate,trend_pullback
frictionless,trend_pullback_5_g150,full,4154,2008-07-01,2024-12-31,0.0425804438636,0.0432947618064,0.0554880438562,0.602303961993,0.46383586927,-0.0918006706351,388,-0.051090807677,-0.0084448401894,0.0386763772899,0.105358470066,0.0204139664648,0.49494463168,47.6528394439,0.133834842822,1.52516070133,0.133834842822,4154,0,0,0,True,candidate,trend_pullback
frictionless,trend_pullback_5_g150,2008_2016,2142,2008-07-01,2016-12-30,0.0341207631294,0.0349516192889,0.0528537636232,0.655189947629,0.437918756362,-0.0779157380991,388,-0.0253165677312,-0.00809616692511,0.0307613387952,0.0862528974249,0.0248979037627,0.435574229692,47.7577813157,0.132198183047,1.20966462037,0.132198183047,2142,0,0,0,True,candidate,trend_pullback
frictionless,trend_pullback_5_g150,2017_2024,2012,2017-01-03,2024-12-31,0.0516970862883,0.0521769741685,0.0581695710208,0.552740383369,0.563144974112,-0.0918006706351,333,-0.051090807677,-0.00873491494341,0.0471014256794,0.133275967684,0.0141168500446,0.558151093439,47.5902072543,0.135577250991,1.52516070133,0.135577250991,2012,0,0,0,True,candidate,trend_pullback
