timestamp,open,high,low,close,volume
2026-01-01 00:00:00,87497.95,87699.01,87456.1,87650.01,266.25995143
2026-01-01 01:00:00,87650.0,87897.99,87642.2,87796.09,219.63371681
2026-01-01 02:00:00,87796.09,87950.53,87666.89,87753.11,243.68820504
2026-01-01 03:00:00,87754.42,87865.39,87667.26,87696.53,131.41610393
2026-01-01 04:00:00,87696.53,87704.0,87361.74,87418.55,687.39856013
2026-01-01 05:00:00,87418.55,87580.49,87416.03,87534.01,204.04216989
2026-01-01 06:00:00,87534.02,87536.03,87460.25,87493.28,115.26687976
2026-01-01 07:00:00,87491.71,87523.23,87437.99,87471.99,119.25786345
2026-01-01 08:00:00,87471.98,87652.77,87466.37,87617.55,206.72778058
2026-01-01 09:00:00,87617.54,87818.28,87596.3,87744.0,58.13172352
2026-01-01 10:00:00,87743.99,87751.15,87650.75,87723.72,24.03597334
2026-01-01 11:00:00,87723.71,87889.19,87714.45,87883.74,73.14068907
2026-01-01 12:00:00,87883.75,87913.96,87750.01,87812.44,64.92016849
2026-01-01 13:00:00,87812.44,87897.9,87734.01,87792.65,95.14108278
2026-01-01 14:00:00,87792.65,87865.96,87694.66,87844.0,104.13415004
2026-01-01 15:00:00,87844.0,88000.0,87806.0,87915.23,105.93154971
2026-01-01 16:00:00,87915.24,87936.02,87761.06,87878.48,89.72776277
2026-01-01 17:00:00,87879.99,88398.0,87843.72,88199.49,251.80495386
2026-01-01 18:00:00,88199.5,88276.04,87984.38,88073.44,161.15814085
2026-01-01 19:00:00,88073.44,88315.4,87943.57,88275.99,111.642176
2026-01-01 20:00:00,88276.0,88276.0,88126.82,88144.99,97.01561507
2026-01-01 21:00:00,88144.99,88335.58,88138.63,88278.0,81.89027589
2026-01-01 22:00:00,88278.0,88581.21,88277.99,88528.02,128.28911853
2026-01-01 23:00:00,88528.01,88798.99,88325.58,88738.34,357.72172474
2026-01-02 00:00:00,88742.0,88787.85,88475.14,88734.11,325.02849173
2026-01-02 01:00:00,88734.11,88778.97,88387.4,88542.3,143.23384063
2026-01-02 02:00:00,88542.48,88567.78,88272.08,88539.99,120.43246449
2026-01-02 03:00:00,88540.0,89024.49,88462.89,88840.02,477.94233868
2026-01-02 04:00:00,88840.02,88902.11,88520.01,88532.01,182.29890131
2026-01-02 05:00:00,88531.22,88688.2,88458.5,88656.48,124.88166333
2026-01-02 06:00:00,88656.48,88978.22,88620.0,88837.1,147.68204198
2026-01-02 07:00:00,88837.11,88967.78,88724.75,88758.22,183.68448643
2026-01-02 08:00:00,88758.23,89080.0,88673.49,89056.0,246.7773211
2026-01-02 09:00:00,89057.7,89378.23,88992.9,89371.99,547.25844127
2026-01-02 10:00:00,89372.0,89831.42,89344.0,89588.43,401.99943837
2026-01-02 11:00:00,89588.42,89588.42,89256.28,89411.99,248.87932979
2026-01-02 12:00:00,89411.98,89512.0,89291.33,89316.01,271.66745561
2026-01-02 13:00:00,89316.01,89628.03,89229.44,89280.28,245.94594679
2026-01-02 14:00:00,89280.28,90100.0,88375.0,89539.58,1221.79742774
2026-01-02 15:00:00,89540.97,89842.62,88715.0,89352.02,1119.15632643
2026-01-02 16:00:00,89352.03,90765.72,89133.37,90329.0,1442.30330547
2026-01-02 17:00:00,90328.99,90935.22,90102.3,90335.75,1368.83274376
2026-01-02 18:00:00,90334.0,90533.32,88761.0,89732.71,761.20908461
2026-01-02 19:00:00,89722.9,90121.76,89604.0,89844.04,801.22692891
2026-01-02 20:00:00,89854.0,90067.69,89573.04,89693.1,590.65065971
2026-01-02 21:00:00,89692.01,90132.81,89669.02,90020.0,188.76059929
2026-01-02 22:00:00,90020.01,90412.81,89976.0,90164.0,159.86985655
2026-01-02 23:00:00,90160.01,90174.8,89847.14,89957.99,120.96134559
2026-01-03 00:00:00,89958.0,90167.59,89917.21,90124.94,133.47497236
2026-01-03 01:00:00,90124.93,90268.15,90035.15,90240.01,209.22468021
2026-01-03 02:00:00,90240.01,90389.99,90095.23,90296.02,219.31971808
2026-01-03 03:00:00,90296.01,90347.99,90164.0,90293.58,75.44409147
2026-01-03 04:00:00,90293.58,90465.0,90012.28,90132.72,207.92310326
2026-01-03 05:00:00,90132.71,90177.81,89884.98,90002.0,103.94415227
2026-01-03 06:00:00,90004.01,90105.1,89809.58,89835.25,86.22213076
2026-01-03 07:00:00,89835.24,89920.0,89284.13,89545.64,202.81413383
2026-01-03 08:00:00,89545.64,89804.0,89386.65,89639.99,119.64554992
2026-01-03 09:00:00,89636.01,89954.71,89601.99,89763.99,124.92179554
2026-01-03 10:00:00,89763.99,89840.0,89674.25,89717.94,73.76304831
2026-01-03 11:00:00,89717.94,89742.7,89627.22,89700.01,71.92982541
2026-01-03 12:00:00,89700.01,89991.99,89607.59,89988.63,93.78278121
2026-01-03 13:00:00,89984.24,90004.99,89871.99,89956.43,71.61370627
2026-01-03 14:00:00,89956.43,90189.72,89908.0,90079.99,115.70973666
2026-01-03 15:00:00,90079.99,90079.99,89908.78,89921.79,79.05811042
2026-01-03 16:00:00,89926.0,90176.4,89868.59,90060.08,133.78423668
2026-01-03 17:00:00,90060.09,90087.99,89967.43,90049.48,70.40848536
2026-01-03 18:00:00,90049.47,90155.99,89984.79,90095.0,60.61383874
2026-01-03 19:00:00,90094.99,90124.99,90014.05,90080.13,158.25261593
2026-01-03 20:00:00,90080.13,90348.71,89974.0,90319.97,121.94728358
2026-01-03 21:00:00,90319.96,90697.0,90274.54,90518.89,169.74516569
2026-01-03 22:00:00,90518.9,90687.0,90413.53,90552.02,131.62680963
2026-01-03 23:00:00,90552.04,90663.0,90421.35,90598.02,116.4844752
2026-01-04 00:00:00,90598.01,91568.08,90598.01,91295.85,406.8615684
2026-01-04 01:00:00,91295.33,91453.62,90965.77,91190.42,224.50815748
2026-01-04 02:00:00,91190.42,91265.8,91039.21,91103.99,122.34817452
2026-01-04 03:00:00,91103.99,91342.43,91050.0,91193.98,130.87817931
2026-01-04 04:00:00,91193.98,91544.0,91152.0,91356.97,149.76533994
2026-01-04 05:00:00,91356.98,91455.64,91301.58,91439.99,56.04612383
2026-01-04 06:00:00,91440.01,91764.64,91191.87,91191.88,200.57396006
2026-01-04 07:00:00,91191.88,91505.53,91173.7,91490.83,148.18129864
2026-01-04 08:00:00,91490.82,91505.9,91127.4,91332.01,124.43265996
2026-01-04 09:00:00,91332.0,91443.99,91208.01,91418.0,69.92083902
2026-01-04 10:00:00,91418.02,91580.78,91379.59,91556.85,67.81285709
2026-01-04 11:00:00,91556.85,91556.85,91203.7,91274.0,86.06076624
2026-01-04 12:00:00,91269.08,91329.88,91052.02,91104.53,94.79390643
2026-01-04 13:00:00,91100.01,91245.9,91000.0,91228.78,77.04165156
2026-01-04 14:00:00,91228.78,91386.28,91102.51,91299.33,96.33656951
2026-01-04 15:00:00,91299.33,91340.0,91053.36,91291.42,75.31610424
2026-01-04 16:00:00,91291.42,91419.12,91208.8,91279.99,102.15420936
2026-01-04 17:00:00,91279.99,91414.55,91261.05,91302.36,74.19564253
2026-01-04 18:00:00,91302.36,91308.1,90938.97,91172.29,138.21361877
2026-01-04 19:00:00,91172.29,91179.99,90827.3,91101.9,189.87702683
2026-01-04 20:00:00,91101.89,91315.0,91088.88,91285.99,111.88518082
2026-01-04 21:00:00,91285.99,91392.0,91145.6,91248.12,68.9092569
2026-01-04 22:00:00,91248.12,91365.8,91100.0,91173.15,84.23548915
2026-01-04 23:00:00,91173.15,91563.62,91173.15,91494.0,298.54586546
2026-01-05 00:00:00,91489.03,92398.64,91479.28,92370.01,569.70961717
2026-01-05 01:00:00,92371.99,93343.89,92240.69,92927.23,740.97356024
2026-01-05 02:00:00,92927.23,93135.19,92692.14,92999.99,311.99382359
2026-01-05 03:00:00,92999.99,93170.79,92821.93,92841.41,184.52632893
2026-01-05 04:00:00,92841.41,92945.24,92288.0,92559.84,258.16640052
2026-01-05 05:00:00,92559.84,92688.0,92300.0,92312.46,132.86580938
2026-01-05 06:00:00,92312.46,92466.5,92100.88,92440.74,225.78742754
2026-01-05 07:00:00,92440.74,92599.95,92428.01,92478.02,105.11448358
2026-01-05 08:00:00,92478.03,92727.99,92405.8,92426.06,202.16428848
2026-01-05 09:00:00,92421.13,92800.9,92274.0,92652.2,233.87643205
2026-01-05 10:00:00,92646.86,93113.27,92619.75,93045.97,256.85650114
2026-01-05 11:00:00,93042.01,93127.36,92844.14,93094.0,215.54276842
2026-01-05 12:00:00,93094.01,93173.59,92710.38,92819.61,303.00745418
2026-01-05 13:00:00,92819.61,92978.7,92500.0,92704.26,285.77066289
2026-01-05 14:00:00,92704.24,93649.05,92338.0,93410.58,1035.06857776
2026-01-05 15:00:00,93415.48,93999.99,93121.59,93947.6,1466.19232378
2026-01-05 16:00:00,93947.6,94078.0,93575.15,93700.0,1121.95207862
2026-01-05 17:00:00,93700.0,94487.3,93242.97,94316.0,1094.04449611
2026-01-05 18:00:00,94316.0,94529.99,93902.54,94446.61,922.96893062
2026-01-05 19:00:00,94446.61,94508.34,94124.01,94296.02,785.87744158
2026-01-05 20:00:00,94296.02,94825.27,94029.01,94194.02,956.58657074
2026-01-05 21:00:00,94196.0,94240.01,93809.4,94098.83,433.74246004
2026-01-05 22:00:00,94098.32,94417.3,94010.03,94176.01,290.90580199
2026-01-05 23:00:00,94176.01,94206.91,93870.0,93870.06,215.88131472
2026-01-06 00:00:00,93870.06,94006.09,93550.01,93813.28,317.7804899
2026-01-06 01:00:00,93812.02,94175.38,93735.68,93774.95,233.77581089
2026-01-06 02:00:00,93776.47,93878.01,93520.01,93624.13,252.50114969
2026-01-06 03:00:00,93624.13,93945.11,93601.32,93747.38,162.21461158
2026-01-06 04:00:00,93747.38,94000.0,93728.01,93796.03,138.80349798
2026-01-06 05:00:00,93796.03,93816.56,93554.0,93582.1,105.6542342
2026-01-06 06:00:00,93582.1,93939.0,93516.82,93751.61,143.03640484
2026-01-06 07:00:00,93751.61,93759.8,93100.01,93212.74,288.96221963
2026-01-06 08:00:00,93212.74,93386.57,93134.94,93198.33,247.27958159
2026-01-06 09:00:00,93198.33,93543.97,93186.95,93424.01,187.18951465
2026-01-06 10:00:00,93424.01,93634.0,93371.52,93549.7,166.01437618
2026-01-06 11:00:00,93549.71,93881.51,93540.48,93830.0,149.50394118
2026-01-06 12:00:00,93830.01,93967.63,93756.97,93831.57,126.99886706
2026-01-06 13:00:00,93831.57,93846.93,93613.19,93692.96,190.9306882
2026-01-06 14:00:00,93692.95,94439.63,93483.9,93809.96,993.84236107
2026-01-06 15:00:00,93810.01,94311.31,93305.06,93621.84,682.55408486
2026-01-06 16:00:00,93621.84,93754.35,92269.07,92647.58,941.38908447
2026-01-06 17:00:00,92645.98,92730.0,91458.41,91527.98,1066.38384481
2026-01-06 18:00:00,91527.98,92184.56,91203.13,91983.98,859.84135322
2026-01-06 19:00:00,91983.98,92292.11,91829.78,92040.91,409.7391143
2026-01-06 20:00:00,92040.91,92651.95,92040.91,92447.52,557.91063241
2026-01-06 21:00:00,92442.25,93793.92,92322.44,93218.66,831.04329861
2026-01-06 22:00:00,93218.65,93495.06,92917.45,93323.07,317.11501348
2026-01-06 23:00:00,93323.07,93760.01,93302.88,93722.01,280.73180909
2026-01-07 00:00:00,93722.01,93722.01,92607.23,92652.02,329.42548222
2026-01-07 01:00:00,92652.02,92845.52,92274.58,92379.88,329.73106099
2026-01-07 02:00:00,92381.7,93018.19,92181.99,92905.22,270.4122131
2026-01-07 03:00:00,92904.06,93079.95,92690.07,92760.01,217.74551887
2026-01-07 04:00:00,92760.02,92890.58,92528.85,92609.45,172.35897062
2026-01-07 05:00:00,92609.44,92819.32,92440.81,92478.38,148.59732957
2026-01-07 06:00:00,92478.38,92841.89,92463.36,92547.61,99.83011507
2026-01-07 07:00:00,92551.99,92833.25,92551.99,92822.38,88.49324646
2026-01-07 08:00:00,92822.38,92917.2,92599.38,92646.71,160.5388244
2026-01-07 09:00:00,92646.72,92648.17,91525.49,91629.1,360.46276017
2026-01-07 10:00:00,91629.96,91925.81,91518.63,91890.95,221.24579034
2026-01-07 11:00:00,91890.96,92184.0,91851.12,92013.08,138.20342903
2026-01-07 12:00:00,92007.2,92100.12,91880.19,91915.99,173.61833233
2026-01-07 13:00:00,91916.0,92209.68,91781.41,91970.02,163.66886906
2026-01-07 14:00:00,91970.02,92080.2,91273.44,91898.86,697.56848072
2026-01-07 15:00:00,91898.87,91935.78,90924.85,91258.01,1469.21282233
2026-01-07 16:00:00,91264.0,91715.99,91038.96,91176.81,874.74945097
2026-01-07 17:00:00,91178.82,91623.0,90926.42,91151.3,984.34429292
2026-01-07 18:00:00,91151.27,91358.75,90645.42,90810.04,612.32090999
2026-01-07 19:00:00,90810.03,91179.99,90576.24,91065.29,655.41925427
2026-01-07 20:00:00,91075.41,91200.0,90653.83,90930.07,503.26750833
2026-01-07 21:00:00,90930.07,91144.57,90915.54,90995.84,162.16560949
2026-01-07 22:00:00,90995.83,91277.3,90786.44,91085.3,203.13202537
2026-01-07 23:00:00,91085.29,91391.3,90915.97,91279.73,280.65766339
2026-01-08 00:00:00,91279.73,91432.48,90979.62,91296.01,176.19507119
2026-01-08 01:00:00,91296.02,91580.01,91194.57,91316.98,253.5522849
2026-01-08 02:00:00,91316.98,91378.43,90648.0,90855.54,335.62347249
2026-01-08 03:00:00,90854.0,91021.85,90500.76,90702.0,195.51465444
2026-01-08 04:00:00,90702.0,91074.01,90589.7,90919.46,202.71302714
2026-01-08 05:00:00,90918.31,91080.0,90668.01,90713.97,133.87935937
2026-01-08 06:00:00,90713.97,90760.0,89773.8,89778.22,528.67317491
2026-01-08 07:00:00,89776.06,90468.64,89515.78,90408.0,343.55625977
2026-01-08 08:00:00,90415.5,90657.7,90030.0,90112.0,153.95361314
2026-01-08 09:00:00,90110.52,90266.38,89835.53,89893.98,165.61875706
2026-01-08 10:00:00,89893.98,90399.0,89656.5,90291.98,299.03343856
2026-01-08 11:00:00,90290.0,90372.8,89896.52,90097.8,429.71792093
2026-01-08 12:00:00,90097.8,90109.6,89649.32,89859.75,388.05895916
2026-01-08 13:00:00,89859.75,89988.0,89744.76,89831.98,271.05720006
2026-01-08 14:00:00,89831.98,90071.5,89200.0,89906.34,1129.46100428
2026-01-08 15:00:00,89906.01,90766.14,89700.0,90690.0,779.29092398
2026-01-08 16:00:00,90690.02,90863.86,90193.01,90852.01,588.85383703
2026-01-08 17:00:00,90852.01,91377.59,90754.61,91304.01,895.81692714
2026-01-08 18:00:00,91304.01,91403.97,90864.45,91046.01,786.60211447
2026-01-08 19:00:00,91046.0,91265.9,90726.7,90856.97,328.46399473
2026-01-08 20:00:00,90856.96,90920.59,90481.66,90847.09,618.1691389
2026-01-08 21:00:00,90848.0,91262.56,90833.43,91201.91,744.5088686
2026-01-08 22:00:00,91206.37,91425.0,90958.55,91162.4,276.91509867
2026-01-08 23:00:00,91162.4,91274.62,90970.86,91026.0,308.00639247
2026-01-09 00:00:00,91024.01,91230.65,90970.56,91207.89,256.58908328
2026-01-09 01:00:00,91207.89,91551.78,90750.04,90965.75,421.50695096
2026-01-09 02:00:00,90964.37,91401.78,90929.92,90954.89,224.2530087
2026-01-09 03:00:00,90954.89,91185.0,90866.56,91119.49,181.58198666
2026-01-09 04:00:00,91119.5,91141.5,90834.6,90922.01,103.36081846
2026-01-09 05:00:00,90922.01,91028.0,90798.92,90978.01,175.27712281
2026-01-09 06:00:00,90978.0,91044.8,90866.05,91016.81,261.29873613
2026-01-09 07:00:00,91016.81,91016.81,90626.82,90642.0,587.32666477
2026-01-09 08:00:00,90640.58,90741.08,89583.58,89903.34,493.87183317
2026-01-09 09:00:00,89908.0,90370.63,89887.98,90227.83,198.77785894
2026-01-09 10:00:00,90227.82,90451.39,90165.44,90384.04,91.45250158
2026-01-09 11:00:00,90384.05,90594.89,90300.91,90348.09,92.5070484
2026-01-09 12:00:00,90348.09,90504.3,90133.9,90341.23,135.89251413
2026-01-09 13:00:00,90345.99,90843.31,90304.18,90495.13,356.60199847
2026-01-09 14:00:00,90495.13,90595.59,89836.16,90051.95,630.90027145
2026-01-09 15:00:00,90051.95,91944.52,89735.11,91096.0,1340.46744277
2026-01-09 16:00:00,91094.51,91745.55,91063.02,91553.04,599.18981321
2026-01-09 17:00:00,91553.04,91599.99,90908.76,91332.55,965.57853099
2026-01-09 18:00:00,91332.53,91437.15,90239.81,90723.97,688.59663086
2026-01-09 19:00:00,90723.96,90725.61,90064.43,90217.89,526.01665504
2026-01-09 20:00:00,90217.88,90482.0,90109.13,90195.99,441.45461356
2026-01-09 21:00:00,90188.01,90550.0,90000.0,90410.01,258.57092613
2026-01-09 22:00:00,90410.02,90586.13,90222.1,90500.0,111.1747631
2026-01-09 23:00:00,90500.0,90587.83,90459.39,90515.45,130.39661168
2026-01-10 00:00:00,90515.12,90560.39,90375.99,90463.85,78.26285937
2026-01-10 01:00:00,90463.54,90608.0,90447.64,90560.02,97.93847084
2026-01-10 02:00:00,90560.03,90650.0,90468.0,90563.98,175.55413839
2026-01-10 03:00:00,90563.97,90563.98,90419.7,90503.51,46.51934019
2026-01-10 04:00:00,90503.49,90524.82,90280.0,90325.99,69.13324163
2026-01-10 05:00:00,90326.0,90489.05,90302.0,90469.76,41.33708066
2026-01-10 06:00:00,90469.77,90481.99,90340.01,90372.06,28.14968743
2026-01-10 07:00:00,90372.07,90557.68,90372.06,90543.77,38.73789783
2026-01-10 08:00:00,90543.77,90620.55,90489.77,90540.0,68.29840782
2026-01-10 09:00:00,90540.0,90643.91,90495.98,90642.0,51.82562362
2026-01-10 10:00:00,90642.0,90698.0,90599.6,90697.15,220.59202747
2026-01-10 11:00:00,90697.15,90697.15,90584.0,90614.02,38.28362634
2026-01-10 12:00:00,90614.03,90672.03,90536.41,90620.27,61.00618795
2026-01-10 13:00:00,90620.26,90645.0,90516.0,90535.89,45.12721151
2026-01-10 14:00:00,90535.88,90541.96,90415.77,90472.0,62.20401284
2026-01-10 15:00:00,90472.0,90550.0,90448.96,90536.87,48.15263959
2026-01-10 16:00:00,90536.87,90610.0,90484.91,90556.01,62.5215227
2026-01-10 17:00:00,90556.0,90620.56,90403.76,90426.68,72.06155382
2026-01-10 18:00:00,90435.72,90484.82,90380.53,90468.64,88.29869553
2026-01-10 19:00:00,90468.63,90520.07,90445.09,90509.92,37.85250421
2026-01-10 20:00:00,90509.93,90545.57,90438.3,90448.0,55.96595771
2026-01-10 21:00:00,90447.99,90452.88,90364.95,90381.92,65.50652321
2026-01-10 22:00:00,90381.84,90471.63,90251.43,90306.17,96.79389075
2026-01-10 23:00:00,90306.16,90450.27,90277.66,90385.54,83.73417157
2026-01-11 00:00:00,90387.36,90525.3,90324.8,90505.35,74.1974981
2026-01-11 01:00:00,90505.34,90552.43,90408.94,90513.51,51.93877549
2026-01-11 02:00:00,90513.51,90614.0,90492.62,90568.41,73.76421098
2026-01-11 03:00:00,90568.41,90624.99,90508.91,90618.85,59.9628618
2026-01-11 04:00:00,90618.85,90670.0,90538.14,90670.0,45.52493754
2026-01-11 05:00:00,90670.0,90734.42,90612.01,90656.01,116.14378149
2026-01-11 06:00:00,90656.01,90683.44,90472.74,90619.28,45.44326242
2026-01-11 07:00:00,90619.28,90639.95,90547.61,90585.96,28.3186862
2026-01-11 08:00:00,90585.96,90694.17,90491.93,90661.36,60.80410502
2026-01-11 09:00:00,90665.38,90695.48,90547.21,90609.15,42.50027
2026-01-11 10:00:00,90609.15,90615.32,90554.7,90609.98,20.6720142
2026-01-11 11:00:00,90609.97,90639.26,90568.17,90621.85,23.53231963
2026-01-11 12:00:00,90626.99,90872.07,90590.18,90801.52,145.6205873
2026-01-11 13:00:00,90801.52,90845.88,90686.72,90735.0,58.09958527
2026-01-11 14:00:00,90735.0,91067.94,90734.99,90996.52,151.17236875
2026-01-11 15:00:00,90996.52,91034.52,90582.0,90751.56,136.24477052
2026-01-11 16:00:00,90751.56,91173.12,90745.66,90909.86,132.49540829
2026-01-11 17:00:00,90909.85,91028.99,90772.52,90849.52,93.34796479
2026-01-11 18:00:00,90849.51,90856.14,90654.81,90749.99,95.77135241
2026-01-11 19:00:00,90751.53,90802.56,90537.01,90553.91,92.21652595
2026-01-11 20:00:00,90554.0,90603.86,90290.0,90566.87,188.32859995
2026-01-11 21:00:00,90567.94,90704.4,90463.36,90618.0,83.21947248
2026-01-11 22:00:00,90618.0,90618.0,90295.56,90401.63,103.12996242
2026-01-11 23:00:00,90400.38,90923.52,90109.0,90872.01,340.40310789
2026-01-12 00:00:00,90878.51,91123.6,90562.92,91120.0,340.57482738
2026-01-12 01:00:00,91120.0,91680.02,90953.49,91280.25,567.57079438
2026-01-12 02:00:00,91280.25,92260.49,91230.0,92084.01,630.3974371
2026-01-12 03:00:00,92084.01,92406.3,91664.01,91677.99,527.89477242
2026-01-12 04:00:00,91678.0,92166.46,91608.35,92041.4,208.29945596
2026-01-12 05:00:00,92041.34,92142.0,91911.28,91986.54,160.9638447
2026-01-12 06:00:00,91986.54,92076.2,91669.22,91694.85,159.01270921
2026-01-12 07:00:00,91694.85,91841.74,91255.0,91277.59,195.28851957
2026-01-12 08:00:00,91277.58,91505.64,90254.05,90627.98,427.88091192
2026-01-12 09:00:00,90627.98,90819.28,90521.46,90566.17,212.97594785
2026-01-12 10:00:00,90566.16,90665.5,90234.0,90315.36,181.56942065
2026-01-12 11:00:00,90308.08,90687.23,90297.69,90495.27,160.41451804
2026-01-12 12:00:00,90495.2,90750.5,90473.12,90667.36,132.77520715
2026-01-12 13:00:00,90664.8,90721.76,90414.95,90508.0,171.76345933
2026-01-12 14:00:00,90507.97,91035.22,90003.46,90791.99,647.89710264
2026-01-12 15:00:00,90789.33,91596.42,90588.49,91579.72,970.63016464
2026-01-12 16:00:00,91577.04,92257.47,91495.0,92061.74,1328.36602296
2026-01-12 17:00:00,92063.18,92256.36,90944.26,91432.51,802.1631957
2026-01-12 18:00:00,91432.51,91884.87,91331.76,91615.52,397.90965789
2026-01-12 19:00:00,91615.52,91809.11,91349.29,91784.13,317.07074341
2026-01-12 20:00:00,91784.13,91981.1,91326.61,91409.51,268.2444502
2026-01-12 21:00:00,91404.42,91436.87,90852.79,90973.97,496.5420567
2026-01-12 22:00:00,90973.97,91358.04,90973.96,91140.61,197.7087342
2026-01-12 23:00:00,91140.62,91222.26,90964.5,91188.09,179.83034424
2026-01-13 00:00:00,91188.08,91453.66,91148.12,91366.82,224.54764722
2026-01-13 01:00:00,91366.82,91440.8,90925.17,91084.04,186.38143459
2026-01-13 02:00:00,91084.04,91277.99,91007.01,91018.04,127.10324152
2026-01-13 03:00:00,91018.04,91357.99,91012.0,91310.01,149.71524655
2026-01-13 04:00:00,91310.01,91565.0,91236.0,91406.77,114.35782702
2026-01-13 05:00:00,91407.63,92156.93,91375.83,91820.24,322.4740942
2026-01-13 06:00:00,91818.0,92188.0,91694.21,92085.12,235.90605527
2026-01-13 07:00:00,92085.13,92111.4,91773.73,91837.19,142.33513753
2026-01-13 08:00:00,91842.01,92163.81,91831.08,92076.41,138.64020344
2026-01-13 09:00:00,92076.41,92590.0,91854.2,92186.3,508.57197504
2026-01-13 10:00:00,92186.3,92259.89,91928.7,92040.2,113.07207045
2026-01-13 11:00:00,92040.2,92166.3,91860.63,91895.69,144.49287268
2026-01-13 12:00:00,91900.0,92058.55,91810.88,92019.13,104.43545894
2026-01-13 13:00:00,92019.13,92539.93,91882.27,91973.55,541.71139114
2026-01-13 14:00:00,91970.71,92851.88,91681.16,92394.72,1366.37009069
2026-01-13 15:00:00,92394.71,93432.69,92026.0,93425.99,1810.30896169
2026-01-13 16:00:00,93425.94,93754.0,93037.87,93384.11,2076.75497981
2026-01-13 17:00:00,93384.11,93490.0,93063.57,93190.12,732.37921553
2026-01-13 18:00:00,93190.06,93849.99,93140.0,93606.17,1104.30893176
2026-01-13 19:00:00,93606.18,94242.89,93440.01,94230.54,1449.73400303
2026-01-13 20:00:00,94232.94,94500.0,94143.34,94411.91,2096.13111292
2026-01-13 21:00:00,94415.71,94500.0,93926.09,94090.01,1294.53865904
2026-01-13 22:00:00,94090.0,96250.0,94085.64,95737.5,1568.40171062
2026-01-13 23:00:00,95741.63,96097.0,95032.51,95384.23,600.88787802
2026-01-14 00:00:00,95385.59,95622.9,95139.33,95208.02,423.48564937
2026-01-14 01:00:00,95208.02,95550.01,95085.51,95217.65,463.63944204
2026-01-14 02:00:00,95216.0,95540.0,95150.63,95319.35,480.63628287
2026-01-14 03:00:00,95319.35,95691.95,95235.95,95683.13,325.8639322
2026-01-14 04:00:00,95683.14,95759.8,95189.18,95208.86,273.03653332
2026-01-14 05:00:00,95208.85,95262.8,94945.9,95000.01,634.23383414
2026-01-14 06:00:00,95000.01,95016.38,94518.63,95004.73,361.95492468
2026-01-14 07:00:00,95004.72,95217.85,94833.96,95186.89,298.34541205
2026-01-14 08:00:00,95186.9,95298.66,94858.01,94862.0,177.54166484
2026-01-14 09:00:00,94867.61,95175.54,94850.07,95068.07,287.84016375
2026-01-14 10:00:00,95068.07,95281.33,94862.01,95066.01,288.58979704
2026-01-14 11:00:00,95064.61,95080.37,94687.22,94756.03,210.74237757
2026-01-14 12:00:00,94755.02,95125.56,94634.0,95034.55,291.64843029
2026-01-14 13:00:00,95034.56,95206.93,94851.17,94958.6,460.90239719
2026-01-14 14:00:00,94957.0,96816.0,94938.96,96505.99,2257.7847949
2026-01-14 15:00:00,96504.03,97112.51,96176.95,96770.01,3323.20882936
2026-01-14 16:00:00,96772.01,97729.98,96742.01,97321.38,3260.7299376
2026-01-14 17:00:00,97321.38,97843.91,96801.37,96974.0,1898.16751795
2026-01-14 18:00:00,96974.0,97140.12,96211.99,96814.02,1138.1221455
2026-01-14 19:00:00,96814.02,97692.75,96681.01,97273.44,820.29741841
2026-01-14 20:00:00,97275.78,97963.62,97204.01,97676.01,1076.05447647
2026-01-14 21:00:00,97679.98,97738.11,97389.26,97574.0,806.50460364
2026-01-14 22:00:00,97570.02,97588.95,96793.2,96888.31,726.99345286
2026-01-14 23:00:00,96888.31,97395.49,96857.89,96955.16,411.96737351
2026-01-15 00:00:00,96954.02,97015.41,96467.17,96646.71,411.42161483
2026-01-15 01:00:00,96646.71,96989.91,96291.25,96431.13,371.26828633
2026-01-15 02:00:00,96431.13,96608.7,96085.52,96307.38,299.64822319
2026-01-15 03:00:00,96307.38,96383.16,95742.0,95950.0,384.48432316
2026-01-15 04:00:00,95950.0,96355.14,95915.45,96288.01,253.02946952
2026-01-15 05:00:00,96288.01,96486.43,96205.17,96403.32,289.22930708
2026-01-15 06:00:00,96403.32,96565.61,96152.34,96213.81,321.84149434
2026-01-15 07:00:00,96213.82,96737.34,96162.12,96616.13,168.65799788
2026-01-15 08:00:00,96617.7,96648.58,96272.0,96626.56,244.48253003
2026-01-15 09:00:00,96626.55,97176.42,96540.04,97030.5,295.64865616
2026-01-15 10:00:00,97035.57,97070.24,96723.62,96783.76,276.05687284
2026-01-15 11:00:00,96783.77,96904.96,96556.0,96562.02,189.53883465
2026-01-15 12:00:00,96562.01,96995.25,96500.0,96959.91,230.45480176
2026-01-15 13:00:00,96957.17,97012.08,96579.37,96832.99,436.38921924
2026-01-15 14:00:00,96832.98,97139.7,95540.0,96021.91,1231.22148467
2026-01-15 15:00:00,96021.9,96725.45,95400.01,96690.95,1127.39384433
2026-01-15 16:00:00,96682.49,96895.91,96226.9,96699.97,707.65914355
2026-01-15 17:00:00,96694.58,97041.95,96378.61,96584.0,454.09116556
2026-01-15 18:00:00,96583.99,96605.47,95716.28,95819.03,668.65710832
2026-01-15 19:00:00,95819.02,95916.13,95165.01,95464.9,607.3958186
2026-01-15 20:00:00,95470.0,95628.53,95066.19,95225.99,956.07918407
2026-01-15 21:00:00,95233.91,95596.92,95162.01,95555.47,363.57846823
2026-01-15 22:00:00,95555.46,95838.0,95462.0,95542.12,172.48774704
2026-01-15 23:00:00,95543.68,95691.66,95370.0,95587.65,158.61231385
2026-01-16 00:00:00,95578.2,95798.0,95540.0,95595.6,125.54318815
2026-01-16 01:00:00,95595.6,95830.49,95390.0,95632.49,157.15025089
2026-01-16 02:00:00,95632.49,95657.46,95350.01,95471.06,162.47698205
2026-01-16 03:00:00,95471.06,95562.39,95302.4,95319.18,123.59167502
2026-01-16 04:00:00,95319.17,95561.18,95117.1,95236.01,195.3793394
2026-01-16 05:00:00,95236.01,95668.1,95217.16,95636.86,181.36457876
2026-01-16 06:00:00,95636.87,95801.96,95502.01,95716.0,177.34747565
2026-01-16 07:00:00,95716.01,95760.9,95450.0,95628.93,107.21121646
2026-01-16 08:00:00,95628.93,95821.67,95547.14,95638.0,100.44459397
2026-01-16 09:00:00,95637.99,95754.46,95554.99,95578.02,52.43350233
2026-01-16 10:00:00,95571.91,95602.01,95259.0,95276.82,133.37240527
2026-01-16 11:00:00,95276.82,95447.74,95217.4,95388.0,149.35361285
2026-01-16 12:00:00,95388.0,95550.26,95325.82,95430.13,116.25291035
2026-01-16 13:00:00,95430.13,95548.47,95257.4,95413.12,181.72627151
2026-01-16 14:00:00,95413.12,95799.96,95138.1,95155.71,418.71728095
2026-01-16 15:00:00,95155.71,95630.1,94229.04,94531.87,1012.07252846
2026-01-16 16:00:00,94531.87,94964.39,94450.92,94831.99,350.81456207
2026-01-16 17:00:00,94831.99,95095.77,94517.98,95035.15,230.86189984
2026-01-16 18:00:00,95037.42,95187.8,94930.39,94951.64,336.22346862
2026-01-16 19:00:00,94951.64,95036.0,94784.59,94947.55,375.68419841
2026-01-16 20:00:00,94947.55,95552.64,94627.8,95536.0,829.11757859
2026-01-16 21:00:00,95530.02,95581.61,95000.0,95481.46,517.52445785
2026-01-16 22:00:00,95481.46,95557.7,95000.0,95473.99,145.87722494
2026-01-16 23:00:00,95473.97,95544.87,95381.93,95504.0,105.81909544
2026-01-17 00:00:00,95503.99,95542.25,95386.69,95427.97,85.35957134
2026-01-17 01:00:00,95426.64,95499.27,95335.24,95354.65,187.86692306
2026-01-17 02:00:00,95354.65,95387.27,95163.86,95326.01,81.46043106
2026-01-17 03:00:00,95326.0,95348.0,95218.97,95326.18,68.98083543
2026-01-17 04:00:00,95326.18,95338.03,95212.1,95270.89,54.40224959
2026-01-17 05:00:00,95274.02,95347.8,95236.49,95279.99,65.40507566
2026-01-17 06:00:00,95279.99,95297.8,95154.0,95187.7,40.56992533
2026-01-17 07:00:00,95187.7,95187.71,95007.5,95060.09,53.06149891
2026-01-17 08:00:00,95060.08,95221.31,94995.0,95216.01,58.02773267
2026-01-17 09:00:00,95216.01,95261.22,95134.0,95222.33,26.74170307
2026-01-17 10:00:00,95222.32,95239.54,95064.86,95065.44,30.78351188
2026-01-17 11:00:00,95065.44,95287.13,95024.14,95279.82,32.69409794
2026-01-17 12:00:00,95279.56,95355.01,95193.85,95220.0,40.75664695
2026-01-17 13:00:00,95219.99,95410.12,95158.84,95402.02,61.64747622
2026-01-17 14:00:00,95402.01,95509.96,95313.79,95434.99,76.34226711
2026-01-17 15:00:00,95430.36,95600.0,95394.43,95541.15,108.36798772
2026-01-17 16:00:00,95541.16,95546.22,95180.01,95269.06,137.08480655
2026-01-17 17:00:00,95269.06,95428.84,95252.0,95337.69,84.25137823
2026-01-17 18:00:00,95345.07,95448.43,95308.87,95388.42,62.99336029
2026-01-17 19:00:00,95388.41,95388.42,95237.68,95260.17,62.26848209
2026-01-17 20:00:00,95260.17,95363.02,95237.71,95342.11,55.8797816
2026-01-17 21:00:00,95342.11,95377.8,95235.61,95271.69,57.2722028
2026-01-17 22:00:00,95271.69,95271.69,94980.12,95124.25,110.61817511
2026-01-17 23:00:00,95124.25,95180.26,95066.72,95109.99,111.23481202
2026-01-18 00:00:00,95109.99,95197.7,95027.52,95070.66,64.97377796
2026-01-18 01:00:00,95070.67,95070.67,94821.01,94928.45,102.88116181
2026-01-18 02:00:00,94928.45,95027.99,94835.05,94984.22,63.6702262
2026-01-18 03:00:00,94984.22,95176.27,94977.83,95154.01,62.93371081
2026-01-18 04:00:00,95154.0,95154.01,95034.01,95060.23,49.12029575
2026-01-18 05:00:00,95060.23,95221.99,95012.6,95148.0,63.34052571
2026-01-18 06:00:00,95148.01,95167.46,95087.86,95135.04,37.82266101
2026-01-18 07:00:00,95135.04,95146.0,94985.1,94991.52,32.30111392
2026-01-18 08:00:00,94991.52,95157.63,94978.13,95134.73,30.4565516
2026-01-18 09:00:00,95134.73,95237.7,95107.98,95220.08,33.96682457
2026-01-18 10:00:00,95220.08,95249.93,95040.83,95133.0,31.09134984
2026-01-18 11:00:00,95133.0,95141.53,95032.6,95123.98,34.44498606
2026-01-18 12:00:00,95123.98,95142.7,95028.87,95064.87,27.5133397
2026-01-18 13:00:00,95064.86,95162.69,94858.81,95107.9,72.64280268
2026-01-18 14:00:00,95107.98,95326.01,94881.88,94916.02,111.88727822
2026-01-18 15:00:00,94916.01,95110.99,94870.35,95074.1,100.34515623
2026-01-18 16:00:00,95074.11,95150.0,95012.89,95126.01,63.2795954
2026-01-18 17:00:00,95126.01,95243.31,95100.92,95217.99,66.49789558
2026-01-18 18:00:00,95217.99,95482.9,95062.24,95412.3,133.14087208
2026-01-18 19:00:00,95412.3,95481.96,95274.52,95336.0,74.59643089
2026-01-18 20:00:00,95336.0,95412.38,95241.38,95264.04,66.80485634
2026-01-18 21:00:00,95264.04,95398.29,95240.33,95384.08,75.65158246
2026-01-18 22:00:00,95385.0,95485.0,95332.31,95444.4,92.31090551
2026-01-18 23:00:00,95444.4,95452.63,93559.78,93633.53,1116.09549955
2026-01-19 00:00:00,93630.0,93630.0,91935.3,92668.25,1072.86804282
2026-01-19 01:00:00,92668.24,92846.12,92182.33,92536.89,321.91816729
2026-01-19 02:00:00,92536.9,92637.24,92333.0,92522.0,197.86304397
2026-01-19 03:00:00,92521.02,92747.37,92427.68,92656.01,189.55320736
2026-01-19 04:00:00,92656.02,92709.0,92444.0,92616.36,168.16140701
2026-01-19 05:00:00,92616.36,92770.06,92453.9,92472.18,174.67569108
2026-01-19 06:00:00,92478.13,92590.37,92300.49,92544.51,267.84984684
2026-01-19 07:00:00,92544.52,92811.58,92502.65,92787.38,115.76715761
2026-01-19 08:00:00,92787.37,93327.89,92636.27,93208.01,235.42698322
2026-01-19 09:00:00,93208.01,93219.94,92887.52,92997.85,190.25820582
2026-01-19 10:00:00,92997.85,93035.2,92829.63,93015.99,98.5128881
2026-01-19 11:00:00,93016.0,93255.22,92914.84,93133.08,67.70776374
2026-01-19 12:00:00,93133.08,93169.49,92938.01,93010.71,94.92754156
2026-01-19 13:00:00,93012.09,93096.83,92718.58,92975.03,149.30609344
2026-01-19 14:00:00,92975.03,92984.31,92640.01,92751.34,203.24435164
2026-01-19 15:00:00,92751.34,93035.2,92751.05,93009.65,214.60876915
2026-01-19 16:00:00,93009.65,93359.0,92928.81,93252.49,180.22569156
2026-01-19 17:00:00,93252.49,93343.98,93087.75,93179.68,148.37814625
2026-01-19 18:00:00,93179.68,93207.0,92872.58,93001.37,135.43889853
2026-01-19 19:00:00,93001.38,93097.81,92930.9,93048.01,120.76470447
2026-01-19 20:00:00,93048.01,93220.4,93027.98,93098.91,120.35240294
2026-01-19 21:00:00,93096.0,93289.87,92936.02,92936.4,152.85215267
2026-01-19 22:00:00,92937.03,92993.54,92480.2,92495.84,154.12650933
2026-01-19 23:00:00,92495.85,92692.6,92079.93,92559.66,218.77789418
2026-01-20 00:00:00,92559.65,92807.99,92285.75,92637.62,164.24688336
2026-01-20 01:00:00,92637.63,92800.0,92447.09,92655.56,130.51874461
2026-01-20 02:00:00,92658.9,92664.06,92268.04,92478.12,164.1563153
2026-01-20 03:00:00,92478.12,92584.74,92190.13,92360.27,161.48784076
2026-01-20 04:00:00,92360.27,92405.54,91884.05,91991.75,194.99814491
2026-01-20 05:00:00,91991.02,92000.0,91208.1,91538.0,376.35608101
2026-01-20 06:00:00,91541.53,91553.6,90676.73,90829.99,421.36333689
2026-01-20 07:00:00,90827.53,91189.99,90752.63,91068.0,234.47196319
2026-01-20 08:00:00,91072.1,91145.05,90558.99,91000.0,189.91649977
2026-01-20 09:00:00,91000.0,91000.0,90795.54,90932.03,187.20911312
2026-01-20 10:00:00,90932.03,91205.12,90890.74,91170.01,87.17403371
2026-01-20 11:00:00,91170.02,91360.77,91120.0,91134.95,133.778016
2026-01-20 12:00:00,91134.9,91236.81,90958.74,91195.92,182.02726165
2026-01-20 13:00:00,91195.92,91221.76,90667.27,90875.96,494.37907503
2026-01-20 14:00:00,90875.95,91286.99,90170.27,90435.99,852.88283923
2026-01-20 15:00:00,90382.0,90707.99,89750.0,90585.89,977.06891779
2026-01-20 16:00:00,90585.89,90888.6,89908.03,90061.11,738.58341111
2026-01-20 17:00:00,90061.1,90413.61,89305.88,89670.24,1069.7691312
2026-01-20 18:00:00,89670.23,89851.95,89268.0,89378.96,746.27142604
2026-01-20 19:00:00,89378.0,89688.48,89162.0,89594.0,688.0041394
2026-01-20 20:00:00,89595.96,89722.0,89244.54,89592.06,1458.8148265
2026-01-20 21:00:00,89606.0,89716.59,89291.99,89350.0,306.02832468
2026-01-20 22:00:00,89350.0,89510.0,88001.68,88372.2,500.24696504
2026-01-20 23:00:00,88375.77,88412.89,87767.53,88310.6,675.13667766
2026-01-21 00:00:00,88310.6,88877.19,88130.01,88819.72,305.89252755
2026-01-21 01:00:00,88819.97,89052.46,88700.82,88907.35,292.53122164
2026-01-21 02:00:00,88907.25,89249.25,88869.83,88942.0,237.29263944
2026-01-21 03:00:00,88941.99,89495.99,88924.26,89319.06,237.69402192
2026-01-21 04:00:00,89319.06,89511.4,89220.93,89327.27,166.64323986
2026-01-21 05:00:00,89327.27,90009.7,89318.33,89847.96,286.97403517
2026-01-21 06:00:00,89847.99,89847.99,89390.2,89547.43,164.4729335
2026-01-21 07:00:00,89547.42,89658.14,88908.91,89092.77,709.23443698
2026-01-21 08:00:00,89088.73,89271.14,88874.06,89080.0,169.5481806
2026-01-21 09:00:00,89079.99,89387.16,88950.01,89001.07,161.96149786
2026-01-21 10:00:00,89001.07,89289.29,88950.17,89139.58,109.84183801
2026-01-21 11:00:00,89139.58,89283.99,88600.0,88691.8,187.44217177
2026-01-21 12:00:00,88691.73,88753.6,88107.16,88642.01,414.41203528
2026-01-21 13:00:00,88642.0,88948.99,88444.85,88580.0,375.34263604
2026-01-21 14:00:00,88575.4,89918.5,88512.11,89713.15,1115.60597337
2026-01-21 15:00:00,89710.4,90500.0,89655.92,90208.16,604.83318892
2026-01-21 16:00:00,90208.15,90290.74,87480.0,87501.32,1539.01501425
2026-01-21 17:00:00,87505.99,88068.98,87156.0,87836.0,1705.99010958
2026-01-21 18:00:00,87826.43,88570.86,87484.36,88395.99,670.22043302
2026-01-21 19:00:00,88395.97,90368.7,88194.0,90281.8,1006.18098188
2026-01-21 20:00:00,90281.8,90304.0,89367.01,90136.01,1035.4114781
2026-01-21 21:00:00,90136.0,90262.98,89873.87,90180.23,560.78836753
2026-01-21 22:00:00,90180.23,90313.78,89690.6,89690.61,186.5720392
2026-01-21 23:00:00,89690.61,90146.29,89269.65,89363.71,295.53892103
2026-01-22 00:00:00,89363.71,89955.0,89363.71,89828.22,218.77743868
2026-01-22 01:00:00,89828.21,90115.49,89737.65,90016.2,178.76194945
2026-01-22 02:00:00,90016.2,90273.35,89740.42,89850.13,192.11387755
2026-01-22 03:00:00,89850.14,90075.3,89605.99,89801.93,145.84871084
2026-01-22 04:00:00,89801.93,90000.0,89725.11,89905.96,215.8295157
2026-01-22 05:00:00,89905.96,89989.73,89826.0,89933.38,114.23991334
2026-01-22 06:00:00,89933.38,90129.4,89802.03,90080.34,134.72705547
2026-01-22 07:00:00,90080.34,90109.92,89698.08,89728.3,133.88991833
2026-01-22 08:00:00,89728.3,89881.94,89663.21,89830.43,121.32613597
2026-01-22 09:00:00,89830.43,90046.6,89796.66,89949.99,253.91734769
2026-01-22 10:00:00,89949.99,90024.65,89861.32,89989.83,195.15068223
2026-01-22 11:00:00,89989.82,90062.0,89795.08,89837.84,214.38417165
2026-01-22 12:00:00,89837.84,90003.01,89768.71,89920.14,231.94516289
2026-01-22 13:00:00,89920.14,90250.0,89383.86,89512.31,299.25839355
2026-01-22 14:00:00,89509.94,89645.24,88950.75,88991.92,765.67646081
2026-01-22 15:00:00,88985.54,89361.3,88408.65,88907.99,787.2047405
2026-01-22 16:00:00,88903.97,89187.11,88570.0,88956.0,736.65774125
2026-01-22 17:00:00,88955.99,89529.8,88922.06,89457.67,469.32879251
2026-01-22 18:00:00,89457.67,89711.0,89205.86,89245.98,354.42285285
2026-01-22 19:00:00,89245.98,89850.0,89010.0,89676.01,395.44275713
2026-01-22 20:00:00,89677.58,89868.0,89291.29,89312.0,297.37952446
2026-01-22 21:00:00,89309.97,89569.42,89114.11,89166.92,278.76171455
2026-01-22 22:00:00,89166.92,89475.61,89044.04,89261.75,179.67060057
2026-01-22 23:00:00,89257.17,89496.45,89080.0,89463.5,160.45323312
2026-01-23 00:00:00,89463.51,89550.69,89345.67,89430.66,119.84107523
2026-01-23 01:00:00,89430.01,89850.74,89430.01,89842.46,136.94489668
2026-01-23 02:00:00,89842.46,89887.98,89541.22,89550.58,138.70974586
2026-01-23 03:00:00,89550.57,89845.73,89535.9,89831.13,137.37504597
2026-01-23 04:00:00,89831.13,89972.9,89766.13,89859.8,200.33158279
2026-01-23 05:00:00,89859.8,89865.7,89368.2,89492.41,266.87802264
2026-01-23 06:00:00,89492.41,89679.99,89272.39,89386.65,155.11729568
2026-01-23 07:00:00,89386.65,89564.29,89327.56,89415.47,126.99252392
2026-01-23 08:00:00,89415.47,89506.75,89010.91,89095.93,170.54670412
2026-01-23 09:00:00,89095.93,89269.45,88776.47,88856.0,141.63541902
2026-01-23 10:00:00,88856.0,89057.2,88737.98,88930.31,123.79320915
2026-01-23 11:00:00,88930.32,89236.62,88880.5,89094.89,75.03879528
2026-01-23 12:00:00,89094.88,89260.08,88971.91,89135.61,87.21694404
2026-01-23 13:00:00,89135.61,89334.99,89105.09,89236.89,221.88925035
2026-01-23 14:00:00,89236.89,89620.01,88531.36,88894.18,566.85514159
2026-01-23 15:00:00,88894.19,89767.99,88440.65,89641.84,565.45511322
2026-01-23 16:00:00,89641.85,90400.0,89346.05,90020.38,812.56920679
2026-01-23 17:00:00,90017.98,91147.01,89871.89,90502.09,891.27522781
2026-01-23 18:00:00,90502.09,90948.06,90359.91,90412.0,721.40521931
2026-01-23 19:00:00,90412.0,90435.63,89491.95,89874.0,618.8583305
2026-01-23 20:00:00,89872.95,90052.21,89089.6,89395.04,636.94784328
2026-01-23 21:00:00,89395.93,89591.39,89206.38,89234.22,204.1115572
2026-01-23 22:00:00,89234.22,89646.08,89223.25,89515.84,160.13999547
2026-01-23 23:00:00,89515.84,89522.67,89355.3,89474.93,101.29484628
2026-01-24 00:00:00,89474.94,89520.3,89289.74,89327.55,95.77715874
2026-01-24 01:00:00,89327.54,89467.99,89322.86,89425.39,67.01666466
2026-01-24 02:00:00,89425.4,89583.99,89425.4,89565.21,65.45743718
2026-01-24 03:00:00,89565.21,89832.72,89537.24,89637.43,119.99588308
2026-01-24 04:00:00,89637.42,89718.98,89578.75,89714.22,68.38042668
2026-01-24 05:00:00,89714.22,89732.38,89600.83,89657.61,56.54332672
2026-01-24 06:00:00,89657.61,89668.37,89510.41,89515.31,72.61175811
2026-01-24 07:00:00,89515.3,89546.56,89426.21,89477.08,55.23542329
2026-01-24 08:00:00,89474.47,89549.79,89437.35,89525.29,85.47188297
2026-01-24 09:00:00,89525.29,89525.3,89438.97,89457.72,48.79809116
2026-01-24 10:00:00,89457.72,89508.0,89435.0,89479.89,43.56066913
2026-01-24 11:00:00,89479.89,89528.0,89450.0,89450.01,38.53091555
2026-01-24 12:00:00,89450.0,89450.01,89339.05,89390.21,55.17727309
2026-01-24 13:00:00,89390.21,89401.05,89254.0,89254.26,50.73700195
2026-01-24 14:00:00,89100.0,89378.03,89042.0,89315.33,116.36635684
2026-01-24 15:00:00,89315.33,89363.39,89117.09,89131.9,87.56542388
2026-01-24 16:00:00,89131.9,89225.02,89007.01,89142.01,127.12617488
2026-01-24 17:00:00,89142.01,89278.87,89103.87,89252.2,92.27770223
2026-01-24 18:00:00,89252.22,89320.8,89225.02,89243.67,119.35430806
2026-01-24 19:00:00,89243.67,89255.97,89126.89,89183.91,57.24630317
2026-01-24 20:00:00,89183.91,89261.32,89183.91,89235.0,47.27269095
2026-01-24 21:00:00,89234.95,89251.97,89120.46,89251.97,71.4908163
2026-01-24 22:00:00,89251.96,89358.02,89150.49,89298.33,57.12898106
2026-01-24 23:00:00,89298.33,89347.42,89065.4,89082.17,102.69842621
2026-01-25 00:00:00,89082.16,89174.8,89030.01,89173.37,71.14347299
2026-01-25 01:00:00,89172.71,89177.95,88941.99,89031.95,95.30116283
2026-01-25 02:00:00,89031.96,89114.0,88980.83,88995.16,61.1994606
2026-01-25 03:00:00,88995.16,89038.39,88691.92,88819.61,105.94993784
2026-01-25 04:00:00,88819.61,88958.03,88792.0,88875.46,63.33901044
2026-01-25 05:00:00,88875.25,88914.0,88721.82,88848.0,46.88744293
2026-01-25 06:00:00,88847.99,88848.0,88500.01,88700.01,163.14744784
2026-01-25 07:00:00,88700.01,88700.01,88488.0,88521.35,56.80904857
2026-01-25 08:00:00,88521.35,88621.26,88000.0,88153.23,136.73071463
2026-01-25 09:00:00,88153.23,88359.55,88097.98,88266.18,63.42046646
2026-01-25 10:00:00,88266.17,88540.94,88266.17,88518.1,73.56999814
2026-01-25 11:00:00,88518.1,88577.99,88390.89,88430.0,44.82055322
2026-01-25 12:00:00,88430.0,88666.45,88304.09,88659.35,88.16055419
2026-01-25 13:00:00,88659.35,88847.56,88521.81,88796.01,141.35624356
2026-01-25 14:00:00,88796.01,88819.6,88493.41,88570.55,116.47263054
2026-01-25 15:00:00,88570.55,88634.0,88248.63,88323.61,146.90284073
2026-01-25 16:00:00,88323.6,88328.79,87437.0,87963.99,491.41542888
2026-01-25 17:00:00,87963.98,87993.56,87641.1,87766.09,301.10246222
2026-01-25 18:00:00,87766.09,87868.28,86701.0,87292.53,529.99497239
2026-01-25 19:00:00,87292.53,87384.32,86100.0,86391.94,663.08936789
2026-01-25 20:00:00,86391.94,86623.43,86130.0,86566.12,546.35611702
2026-01-25 21:00:00,86564.02,86921.57,86308.0,86480.3,334.85296311
2026-01-25 22:00:00,86480.3,86594.27,86133.37,86433.63,501.05130305
2026-01-25 23:00:00,86433.62,86707.79,86000.13,86561.94,585.50768858
2026-01-26 00:00:00,86561.94,87071.0,86411.7,86742.92,462.50790549
2026-01-26 01:00:00,86742.93,87717.05,86708.62,87576.38,447.84363733
2026-01-26 02:00:00,87580.52,87863.84,87323.94,87433.14,238.91140974
2026-01-26 03:00:00,87433.18,87573.68,86947.86,87147.24,249.35812834
2026-01-26 04:00:00,87147.24,87832.83,87111.78,87621.95,240.18464244
2026-01-26 05:00:00,87621.95,87836.34,87552.08,87692.46,119.59040017
2026-01-26 06:00:00,87692.45,87922.15,87624.08,87836.34,167.64278357
2026-01-26 07:00:00,87836.34,87986.04,87608.0,87906.01,168.08589249
2026-01-26 08:00:00,87906.0,88289.32,87737.77,87884.23,176.29441336
2026-01-26 09:00:00,87884.23,87910.0,87492.24,87563.99,158.52000794
2026-01-26 10:00:00,87563.99,87863.06,87557.54,87800.0,98.16068091
2026-01-26 11:00:00,87800.0,87900.9,87670.4,87754.38,82.3936316
2026-01-26 12:00:00,87754.38,87880.0,87633.21,87689.72,146.94299038
2026-01-26 13:00:00,87689.37,87983.03,87594.97,87859.28,217.62964151
2026-01-26 14:00:00,87859.28,88420.0,87335.01,88104.28,1029.60033062
2026-01-26 15:00:00,88104.27,88787.97,87223.0,87558.14,1053.91827851
2026-01-26 16:00:00,87558.22,87874.11,87092.0,87521.97,565.42971189
2026-01-26 17:00:00,87521.97,87698.4,86922.04,87598.0,404.06546058
2026-01-26 18:00:00,87599.82,88334.86,87539.9,88323.87,429.9129737
2026-01-26 19:00:00,88323.87,88465.0,87845.84,87915.99,392.5336388
2026-01-26 20:00:00,87914.02,88044.12,87425.93,87528.0,414.16348193
2026-01-26 21:00:00,87526.01,88189.19,87468.0,87974.0,512.12366114
2026-01-26 22:00:00,87969.98,88186.96,87900.01,88046.62,182.96554372
2026-01-26 23:00:00,88046.62,88565.49,87923.7,88250.01,261.12144433
2026-01-27 00:00:00,88250.0,88358.92,88100.9,88261.69,206.59285672
2026-01-27 01:00:00,88261.68,88604.0,88100.0,88467.09,242.28237655
2026-01-27 02:00:00,88467.1,88763.24,88448.44,88715.42,170.44460523
2026-01-27 03:00:00,88715.42,88789.51,88465.7,88672.02,127.14709033
2026-01-27 04:00:00,88672.01,88888.0,88414.49,88476.0,172.06665594
2026-01-27 05:00:00,88476.0,88485.3,88286.0,88354.08,117.97806175
2026-01-27 06:00:00,88349.68,88418.6,88169.09,88216.78,136.26096611
2026-01-27 07:00:00,88216.78,88455.02,88200.0,88212.0,101.27261123
2026-01-27 08:00:00,88212.0,88289.2,88002.0,88048.22,111.46447412
2026-01-27 09:00:00,88048.22,88048.22,87737.1,87763.62,120.77528679
2026-01-27 10:00:00,87763.62,87938.16,87623.99,87666.0,100.51218598
2026-01-27 11:00:00,87666.31,87974.0,87615.0,87861.93,94.04253342
2026-01-27 12:00:00,87860.61,88040.68,87813.92,87867.94,119.08075692
2026-01-27 13:00:00,87867.94,87950.0,87667.76,87856.63,114.63911566
2026-01-27 14:00:00,87856.63,88339.99,87509.37,87613.99,485.41981049
2026-01-27 15:00:00,87613.99,88070.0,87431.47,87916.43,592.00979908
2026-01-27 16:00:00,87916.42,88723.57,87873.75,88526.23,553.50148118
2026-01-27 17:00:00,88526.22,88595.7,87180.01,87429.67,698.36141261
2026-01-27 18:00:00,87429.68,88387.73,87328.01,88160.59,542.72086435
2026-01-27 19:00:00,88160.6,88438.64,87923.28,88286.33,277.3612997
2026-01-27 20:00:00,88286.34,89391.39,88238.5,89297.98,650.00341239
2026-01-27 21:00:00,89295.74,89447.21,88879.72,88959.92,344.58345394
2026-01-27 22:00:00,88959.19,89324.89,88904.0,89130.02,201.9535539
2026-01-27 23:00:00,89130.02,89418.0,89025.74,89116.96,194.62250424
2026-01-28 00:00:00,89116.96,89354.7,89030.41,89354.47,118.15531913
2026-01-28 01:00:00,89354.47,89384.41,89072.49,89277.17,161.35822243
2026-01-28 02:00:00,89277.17,89324.45,88970.0,89150.58,106.39477777
2026-01-28 03:00:00,89150.58,89182.0,88855.51,88991.98,132.42068342
2026-01-28 04:00:00,88991.98,89040.81,88706.32,88866.67,152.99876175
2026-01-28 05:00:00,88860.01,88978.68,88730.12,88963.2,158.67486898
2026-01-28 06:00:00,88963.2,89289.34,88963.2,89199.13,136.50489196
2026-01-28 07:00:00,89199.13,89245.2,88985.4,89009.79,123.96442404
2026-01-28 08:00:00,89009.78,89134.25,88760.7,88799.96,173.48866294
2026-01-28 09:00:00,88799.97,89434.99,88733.54,89432.38,227.37252647
2026-01-28 10:00:00,89432.38,89589.34,89211.75,89287.92,223.72061848
2026-01-28 11:00:00,89287.93,90031.43,89195.59,89961.14,272.13804983
2026-01-28 12:00:00,89961.14,90059.94,89661.36,89888.92,342.95123288
2026-01-28 13:00:00,89888.92,90361.9,89845.01,90149.36,458.79373461
2026-01-28 14:00:00,90149.36,90149.36,89312.0,89490.02,492.14641542
2026-01-28 15:00:00,89490.02,89736.22,88760.0,89360.02,484.40576465
2026-01-28 16:00:00,89365.69,89714.87,89120.4,89505.62,318.6950279
2026-01-28 17:00:00,89505.61,90476.81,89158.01,90049.03,456.81426109
2026-01-28 18:00:00,90049.03,90056.33,89193.0,89417.94,374.41693917
2026-01-28 19:00:00,89413.8,89599.99,88872.59,89268.48,559.20412634
2026-01-28 20:00:00,89268.48,89778.38,88865.52,88997.89,545.53365734
2026-01-28 21:00:00,88994.16,89349.99,88721.11,89268.01,322.05378667
2026-01-28 22:00:00,89273.34,89342.0,88985.6,89240.62,131.22172895
2026-01-28 23:00:00,89240.61,89336.52,89045.04,89162.4,162.70761691
2026-01-29 00:00:00,89162.4,89210.16,88762.0,89009.5,221.00573002
2026-01-29 01:00:00,89009.5,89026.0,88394.3,88461.72,258.13005903
2026-01-29 02:00:00,88461.73,88620.95,87548.86,87761.14,484.23346501
2026-01-29 03:00:00,87761.14,88122.82,87616.11,87906.07,312.78006257
2026-01-29 04:00:00,87906.07,88212.01,87753.8,88170.06,225.64082368
2026-01-29 05:00:00,88170.06,88267.32,87999.34,88047.94,160.97788571
2026-01-29 06:00:00,88047.95,88200.0,88028.79,88170.55,132.50538893
2026-01-29 07:00:00,88170.55,88297.88,88103.35,88218.02,141.34804658
2026-01-29 08:00:00,88218.02,88349.2,87764.75,87913.43,257.21633012
2026-01-29 09:00:00,87913.44,88009.33,87712.08,87739.47,171.62828529
2026-01-29 10:00:00,87739.47,87850.63,87671.73,87799.99,143.99032555
2026-01-29 11:00:00,87799.99,87932.92,87599.16,87675.87,195.04372918
2026-01-29 12:00:00,87675.87,87975.56,87642.07,87968.4,146.79427503
2026-01-29 13:00:00,87968.4,88029.0,87800.0,87903.93,217.70129468
2026-01-29 14:00:00,87903.92,87936.38,86830.0,86852.0,874.19484999
2026-01-29 15:00:00,86851.98,86880.25,84206.0,84781.27,2905.93115473
2026-01-29 16:00:00,84780.01,85252.0,84133.25,85131.95,1432.32743469
2026-01-29 17:00:00,85131.96,85493.8,83878.0,84118.01,1454.02474812
2026-01-29 18:00:00,84119.19,84484.01,83263.11,83321.0,1613.87042875
2026-01-29 19:00:00,83320.99,84100.0,83216.21,83835.02,1478.28049048
2026-01-29 20:00:00,83834.96,84221.02,83620.0,84043.29,1185.39383947
2026-01-29 21:00:00,84045.19,84502.31,84017.91,84375.03,380.3370704
2026-01-29 22:00:00,84378.87,84473.3,84144.78,84425.46,193.80581764
2026-01-29 23:00:00,84424.35,84600.0,84289.04,84513.2,273.77875779
2026-01-30 00:00:00,84513.19,84599.0,84023.67,84041.59,294.52251133
2026-01-30 01:00:00,84041.6,84051.0,81000.12,82345.65,1490.33600556
2026-01-30 02:00:00,82345.65,82416.74,81021.44,82030.17,1080.06599218
2026-01-30 03:00:00,82035.99,82600.0,81908.0,82541.7,520.62028873
2026-01-30 04:00:00,82547.07,83202.96,82546.39,82799.9,391.1599979
2026-01-30 05:00:00,82799.9,83196.59,82757.68,82777.03,321.58106707
2026-01-30 06:00:00,82777.02,82798.15,81904.28,82470.0,453.41678559
2026-01-30 07:00:00,82469.99,82965.79,82309.5,82650.01,804.42486569
2026-01-30 08:00:00,82652.63,82819.79,82286.98,82525.91,299.70598964
2026-01-30 09:00:00,82525.91,82695.24,82013.9,82217.99,407.96193104
2026-01-30 10:00:00,82215.99,82754.02,82026.44,82693.03,213.07214458
2026-01-30 11:00:00,82696.01,83164.31,82540.15,83004.91,256.89992185
2026-01-30 12:00:00,83004.91,83176.0,82480.0,82639.57,344.67860047
2026-01-30 13:00:00,82639.56,82928.81,82269.21,82604.71,435.4837611
2026-01-30 14:00:00,82604.7,83673.24,82585.83,82962.75,537.76542469
2026-01-30 15:00:00,82970.0,83494.74,82235.01,82740.33,1232.64403413
2026-01-30 16:00:00,82740.33,83377.0,82405.17,83019.89,701.00274501
2026-01-30 17:00:00,83019.88,83350.0,82491.0,82812.26,647.16123157
2026-01-30 18:00:00,82812.26,84056.96,81722.33,83803.99,1193.90307236
2026-01-30 19:00:00,83803.99,84509.2,83788.01,84115.0,1147.06270318
2026-01-30 20:00:00,84115.01,84149.0,83381.23,83738.0,1520.57526658
2026-01-30 21:00:00,83738.01,84355.99,83628.54,84145.85,504.88486272
2026-01-30 22:00:00,84145.85,84187.46,83760.24,84085.64,190.35954807
2026-01-30 23:00:00,84085.94,84156.93,83796.96,84110.99,243.52324099
2026-01-31 00:00:00,84110.99,84138.0,83848.43,83926.03,212.60278543
2026-01-31 01:00:00,83926.03,84111.29,83734.48,83854.5,259.55196642
2026-01-31 02:00:00,83854.49,84034.5,83648.79,83977.49,222.8472493
2026-01-31 03:00:00,83976.5,84075.3,83866.28,83868.88,93.01612253
2026-01-31 04:00:00,83868.89,83992.41,83757.94,83831.98,218.63505972
2026-01-31 05:00:00,83831.99,83962.19,83740.83,83843.55,186.45168727
2026-01-31 06:00:00,83843.56,83888.22,83475.67,83620.97,180.6978169
2026-01-31 07:00:00,83620.97,83648.06,83240.0,83391.37,377.41604808
2026-01-31 08:00:00,83391.37,83477.55,82420.21,82910.94,522.17240495
2026-01-31 09:00:00,82910.99,83148.0,82735.99,82965.47,173.00388988
2026-01-31 10:00:00,82965.47,83052.0,82764.37,83022.02,205.87905819
2026-01-31 11:00:00,83022.01,83022.02,82692.35,82866.23,140.06197119
2026-01-31 12:00:00,82866.25,83000.0,82553.75,82626.0,196.49265502
2026-01-31 13:00:00,82626.0,82788.02,82325.16,82628.86,161.9876229
2026-01-31 14:00:00,82628.86,82786.4,80705.67,81353.99,1093.78687773
2026-01-31 15:00:00,81353.99,81647.28,80954.95,81168.0,518.33588211
2026-01-31 16:00:00,81174.71,82055.36,80002.0,80231.96,1243.97522481
2026-01-31 17:00:00,80231.95,80433.27,77000.0,78774.02,2644.69125697
2026-01-31 18:00:00,78775.99,79032.0,75644.15,77947.73,2326.92207485
2026-01-31 19:00:00,77946.0,78461.33,77083.14,77656.14,993.86202957
2026-01-31 20:00:00,77646.5,78010.24,76970.41,77889.11,903.1139811
2026-01-31 21:00:00,77889.1,78269.04,77268.78,78204.41,794.57368049
2026-01-31 22:00:00,78205.34,78403.37,77881.5,78060.69,517.01122428
2026-01-31 23:00:00,78058.06,79135.99,77972.0,78648.0,667.98487321
2026-02-01 00:00:00,78648.0,79337.99,78555.0,78817.01,515.25220493
2026-02-01 01:00:00,78816.0,78871.96,78210.04,78442.25,463.31221441
2026-02-01 02:00:00,78445.4,78976.53,78294.0,78819.0,433.03771687
2026-02-01 03:00:00,78821.38,78936.0,78593.81,78785.69,245.45552626
2026-02-01 04:00:00,78785.69,79039.07,78636.1,78886.0,284.9571257
2026-02-01 05:00:00,78885.16,78928.01,78441.79,78534.06,268.30985088
2026-02-01 06:00:00,78535.86,78745.85,78176.75,78211.14,337.65532257
2026-02-01 07:00:00,78211.14,78644.0,77875.0,78269.98,268.57614822
2026-02-01 08:00:00,78269.97,78792.38,78173.63,78523.07,267.72793956
2026-02-01 09:00:00,78523.05,79063.6,78464.0,78959.65,160.53732003
2026-02-01 10:00:00,78959.65,79158.06,78066.6,78207.44,260.28646323
2026-02-01 11:00:00,78207.44,78818.6,78207.43,78688.99,262.39506118
2026-02-01 12:00:00,78689.0,78700.0,78170.4,78397.55,249.08024102
2026-02-01 13:00:00,78397.55,78705.07,78124.2,78244.02,268.29649493
2026-02-01 14:00:00,78244.02,78444.0,77157.29,78134.37,697.37519305
2026-02-01 15:00:00,78145.99,78189.59,76717.0,77532.55,763.15336911
2026-02-01 16:00:00,77532.55,77773.64,77005.5,77413.15,445.0419818
2026-02-01 17:00:00,77413.15,77683.99,77225.0,77682.0,358.30769997
2026-02-01 18:00:00,77682.08,78367.0,77640.17,77948.95,535.63847603
2026-02-01 19:00:00,77948.95,78029.06,76892.17,77092.0,466.09318327
2026-02-01 20:00:00,77092.0,77663.74,76516.0,77025.05,790.36217841
2026-02-01 21:00:00,77021.51,77092.0,76276.58,76461.14,993.78680698
2026-02-01 22:00:00,76442.87,77698.0,76372.44,77170.0,925.47785706
2026-02-01 23:00:00,77169.98,77547.2,75612.75,76895.53,1285.87077193
2026-02-02 00:00:00,76895.99,78113.54,76533.05,77595.99,840.53748918
2026-02-02 01:00:00,77596.0,77873.94,76550.0,77440.99,707.03401003
2026-02-02 02:00:00,77440.99,77481.18,76357.05,76405.99,604.97790704
2026-02-02 03:00:00,76404.05,76488.04,74502.21,76211.71,2470.5446866
2026-02-02 04:00:00,76212.4,76544.93,75237.68,75798.18,700.17445381
2026-02-02 05:00:00,75798.17,75910.0,74825.08,75401.24,1086.37075681
2026-02-02 06:00:00,75401.24,76727.01,74868.01,76462.65,890.12199552
2026-02-02 07:00:00,76461.02,76866.37,76232.47,76560.0,556.98456014
2026-02-02 08:00:00,76559.99,77099.54,76523.09,76784.34,421.38404885
2026-02-02 09:00:00,76783.21,77733.87,76558.55,77628.56,399.67708318
2026-02-02 10:00:00,77632.02,77797.89,77381.28,77414.95,253.63272359
2026-02-02 11:00:00,77414.96,77893.65,77356.83,77679.0,286.79782884
2026-02-02 12:00:00,77679.0,78346.27,77628.57,77927.56,361.67384297
2026-02-02 13:00:00,77919.2,78368.01,77718.23,78172.5,574.76183899
2026-02-02 14:00:00,78156.13,78838.65,77552.54,77782.73,1603.46745696
2026-02-02 15:00:00,77782.01,79339.0,77501.59,78833.37,2423.05720668
2026-02-02 16:00:00,78833.38,79270.68,78513.62,78578.5,1680.8122693
2026-02-02 17:00:00,78578.5,79190.1,78539.98,78943.16,1296.64953401
2026-02-02 18:00:00,78943.16,78948.77,78288.77,78508.99,1406.06768576
2026-02-02 19:00:00,78508.98,78643.36,78212.67,78280.98,1071.39303875
2026-02-02 20:00:00,78269.52,78616.65,77827.19,77941.95,707.73429894
2026-02-02 21:00:00,77942.63,78496.59,77840.62,78467.33,298.00943066
2026-02-02 22:00:00,78467.33,78789.9,78456.02,78737.98,233.93059259
2026-02-02 23:00:00,78737.97,78906.23,78500.0,78666.85,317.57899391
2026-02-03 00:00:00,78666.84,79037.9,78336.31,79000.01,259.03335816
2026-02-03 01:00:00,79000.0,79123.75,78629.94,78945.34,268.72028268
2026-02-03 02:00:00,78945.33,78946.1,77714.86,77733.09,383.9832335
2026-02-03 03:00:00,77731.27,78836.46,77576.42,78684.0,440.22675218
2026-02-03 04:00:00,78680.32,78926.19,78401.92,78732.42,306.34725592
2026-02-03 05:00:00,78732.42,78743.22,78138.51,78164.76,205.66283805
2026-02-03 06:00:00,78164.76,78604.76,77874.46,78526.74,271.09623093
2026-02-03 07:00:00,78526.73,78864.99,78411.49,78712.02,230.64710861
2026-02-03 08:00:00,78712.02,79005.95,78386.17,78680.02,226.65459953
2026-02-03 09:00:00,78680.02,78770.05,77861.5,78326.76,428.51290282
2026-02-03 10:00:00,78326.76,78486.24,77986.23,78046.82,175.8592186
2026-02-03 11:00:00,78046.82,78269.94,77920.07,78000.0,200.59272734
2026-02-03 12:00:00,78000.0,78338.18,77904.08,78247.87,243.10227575
2026-02-03 13:00:00,78247.86,78374.59,78107.11,78223.66,305.23193812
2026-02-03 14:00:00,78223.68,78372.14,77092.11,77128.93,790.89865483
2026-02-03 15:00:00,77128.92,78136.92,76975.06,78064.01,1003.58386165
2026-02-03 16:00:00,78064.01,78074.01,76403.81,76411.99,1041.03523825
2026-02-03 17:00:00,76411.98,76462.27,74773.01,74812.0,1514.1476862
2026-02-03 18:00:00,74813.67,75209.99,73027.9,73048.29,2565.05485103
2026-02-03 19:00:00,73046.33,75190.34,72859.0,74846.0,2047.01465775
2026-02-03 20:00:00,74842.0,76643.67,74484.0,76370.3,1848.31818835
2026-02-03 21:00:00,76370.28,76865.28,76026.44,76137.27,493.85166519
2026-02-03 22:00:00,76137.27,76204.3,75296.09,75603.31,518.82720232
2026-02-03 23:00:00,75602.8,75902.08,75321.08,75661.49,698.79434088
2026-02-04 00:00:00,75661.49,76177.7,75355.15,75807.1,477.18747577
2026-02-04 01:00:00,75808.99,76679.31,75808.99,76312.47,423.33794383
2026-02-04 02:00:00,76312.47,76500.0,75600.01,75853.56,651.6929062
2026-02-04 03:00:00,75853.56,76876.54,75802.44,76611.34,652.36261724
2026-02-04 04:00:00,76611.34,76731.09,76309.7,76387.7,195.5632477
2026-02-04 05:00:00,76387.71,76434.0,76005.53,76194.37,282.7869111
2026-02-04 06:00:00,76194.37,76694.02,76157.41,76555.23,268.96498401
2026-02-04 07:00:00,76555.24,76572.51,76227.61,76415.01,222.35102446
2026-02-04 08:00:00,76415.0,76494.42,75958.64,76475.57,272.50449853
2026-02-04 09:00:00,76475.56,76500.0,75844.26,75995.19,426.05831559
2026-02-04 10:00:00,75995.19,76223.52,75937.14,76184.82,148.18919917
2026-02-04 11:00:00,76184.82,76184.82,75530.21,75898.83,467.87323149
2026-02-04 12:00:00,75901.46,76163.81,75885.56,76060.04,296.51055609
2026-02-04 13:00:00,76060.03,76084.2,74717.0,74746.34,503.08279617
2026-02-04 14:00:00,74745.18,75642.08,73431.08,74239.3,1185.84584736
2026-02-04 15:00:00,74239.3,75208.49,73666.27,74015.35,1675.99111823
2026-02-04 16:00:00,74015.36,74118.24,72926.02,73498.02,1944.82925941
2026-02-04 17:00:00,73498.01,73719.02,72010.0,72390.27,2470.23092376
2026-02-04 18:00:00,72395.97,73964.71,72100.0,73262.96,2013.08872246
2026-02-04 19:00:00,73262.96,73872.16,72876.46,73757.15,1107.58640006
2026-02-04 20:00:00,73756.99,73980.03,73232.0,73337.99,1178.41382359
2026-02-04 21:00:00,73324.06,73468.08,72025.0,72625.36,834.40777729
2026-02-04 22:00:00,72627.13,73518.38,71703.72,72362.15,1353.33321475
2026-02-04 23:00:00,72361.27,73358.7,72279.54,72998.0,712.43163346
2026-02-05 00:00:00,72999.0,73139.14,72580.0,72711.99,554.5860993
2026-02-05 01:00:00,72717.31,73173.96,71822.15,72241.21,789.97132914
2026-02-05 02:00:00,72236.97,72675.66,71138.83,71301.69,1096.08946815
2026-02-05 03:00:00,71305.55,71739.01,71002.22,71081.55,990.7773669
2026-02-05 04:00:00,71085.99,71305.96,70565.31,70732.12,1196.65029419
2026-02-05 05:00:00,70732.17,70999.94,70002.53,70577.96,1871.01269302
2026-02-05 06:00:00,70577.96,70849.79,70291.32,70805.02,765.71186237
2026-02-05 07:00:00,70805.45,71494.37,70475.77,70584.8,607.20970476
2026-02-05 08:00:00,70584.8,71400.0,70517.77,70906.14,458.71981684
2026-02-05 09:00:00,70906.14,71840.07,70889.19,71428.0,549.99676973
2026-02-05 10:00:00,71424.72,71600.85,70508.7,70719.96,382.57385376
2026-02-05 11:00:00,70719.96,70920.34,69802.32,70195.21,1167.51011687
2026-02-05 12:00:00,70195.21,70480.43,69031.01,69439.08,2156.50638613
2026-02-05 13:00:00,69439.07,69700.65,69099.01,69557.99,1821.35895228
2026-02-05 14:00:00,69557.99,70784.93,69152.26,69272.01,2378.5214251
2026-02-05 15:00:00,69273.99,69512.0,66555.0,67368.96,5669.77456413
2026-02-05 16:00:00,67370.0,68547.52,66789.57,68167.81,3531.41106037
2026-02-05 17:00:00,68167.8,68243.57,66008.83,66036.0,3489.61761875
2026-02-05 18:00:00,66035.98,66406.78,65200.0,66210.26,3384.13932133
2026-02-05 19:00:00,66205.97,66486.0,65046.6,65119.05,2520.99747783
2026-02-05 20:00:00,65119.04,65567.05,62181.65,63620.01,5899.35511315
2026-02-05 21:00:00,63629.83,64622.05,62750.01,63069.99,3649.95689214
2026-02-05 22:00:00,63069.99,64486.99,62555.17,63791.98,2352.18899693
2026-02-05 23:00:00,63791.97,64780.21,62604.26,62791.0,2086.56860824
2026-02-06 00:00:00,62788.28,63751.29,60001.0,63400.39,5639.55496367
2026-02-06 01:00:00,63400.38,65640.0,63398.01,65629.0,2198.53490759
2026-02-06 02:00:00,65635.24,65934.81,64130.26,64916.1,1876.10173544
2026-02-06 03:00:00,64911.27,65100.0,63667.0,64081.99,1558.49757344
2026-02-06 04:00:00,64080.81,64938.23,63866.32,64832.42,844.58107779
2026-02-06 05:00:00,64832.4,66725.76,64712.49,66320.04,1311.22554491
2026-02-06 06:00:00,66319.77,66700.0,64800.26,64898.0,1218.29581893
2026-02-06 07:00:00,64895.98,65460.04,64553.64,64760.64,855.28564275
2026-02-06 08:00:00,64760.03,65120.87,64383.38,64808.5,735.0884885
2026-02-06 09:00:00,64808.5,66074.48,64669.64,65713.88,831.14706177
2026-02-06 10:00:00,65718.93,66143.86,65454.12,65877.55,612.64621562
2026-02-06 11:00:00,65875.05,66676.63,65682.0,66546.03,796.70417182
2026-02-06 12:00:00,66546.02,66558.4,66017.6,66489.5,974.60873875
2026-02-06 13:00:00,66489.5,67628.1,66393.15,67258.51,1892.83851638
2026-02-06 14:00:00,67254.0,68648.18,66578.0,68182.15,2482.70704208
2026-02-06 15:00:00,68186.43,69175.29,67751.25,68643.99,3893.50540732
2026-02-06 16:00:00,68641.33,70194.36,68427.38,69920.0,3137.50447788
2026-02-06 17:00:00,69915.99,71496.34,69540.01,70721.38,3180.11139876
2026-02-06 18:00:00,70717.08,70776.34,69282.46,69716.29,2769.35347637
2026-02-06 19:00:00,69718.01,70894.0,69576.96,70668.79,2313.56103314
2026-02-06 20:00:00,70663.73,70953.0,69947.55,69963.99,1976.4676123
2026-02-06 21:00:00,69963.98,70479.02,69785.35,70310.62,1261.0937754
2026-02-06 22:00:00,70309.96,71515.01,70222.78,71292.0,749.33573278
2026-02-06 23:00:00,71288.02,71707.18,70443.88,70527.7,702.13287047
2026-02-07 00:00:00,70521.08,70552.46,69676.55,69917.26,1076.95456852
2026-02-07 01:00:00,69916.54,70654.35,69703.19,70430.78,707.41441839
2026-02-07 02:00:00,70430.78,70595.67,70104.0,70320.33,435.33498569
2026-02-07 03:00:00,70322.0,70890.59,70230.01,70881.7,304.55411998
2026-02-07 04:00:00,70880.37,71648.05,70556.87,70725.57,489.14230399
2026-02-07 05:00:00,70722.19,71145.05,69914.29,70128.0,505.16929121
2026-02-07 06:00:00,70128.01,70273.91,68730.18,68749.0,625.47149674
2026-02-07 07:00:00,68749.19,69052.7,67293.26,68056.88,1085.69256765
2026-02-07 08:00:00,68055.02,68783.1,67726.72,68470.71,742.78533044
2026-02-07 09:00:00,68468.99,68742.42,67849.11,68101.36,371.90659493
2026-02-07 10:00:00,68096.46,68257.95,67557.65,67948.46,213.96931324
2026-02-07 11:00:00,67949.17,68121.74,67640.0,67917.39,257.58120953
2026-02-07 12:00:00,67916.43,69919.25,67855.99,68958.02,780.49041421
2026-02-07 13:00:00,68958.02,69300.0,68748.08,69021.35,462.27880836
2026-02-07 14:00:00,69021.36,69117.85,68284.05,68577.65,318.10450261
2026-02-07 15:00:00,68580.37,69688.1,68482.81,69088.12,572.73757284
2026-02-07 16:00:00,69088.13,69830.52,68800.0,68908.67,597.5599167
2026-02-07 17:00:00,68908.67,69375.0,68526.98,69144.01,264.75938344
2026-02-07 18:00:00,69123.43,69649.42,68946.29,69457.13,314.7712615
2026-02-07 19:00:00,69457.0,69528.18,69207.83,69318.18,225.69273765
2026-02-07 20:00:00,69318.18,69681.62,69204.0,69584.89,187.32798687
2026-02-07 21:00:00,69586.33,69654.71,69297.81,69459.5,240.69839468
2026-02-07 22:00:00,69459.5,69653.98,69275.42,69356.79,175.12024814
2026-02-07 23:00:00,69356.79,69415.0,68735.64,69244.74,296.32640677
2026-02-08 00:00:00,69250.0,69391.61,68840.83,69107.77,233.59348698
2026-02-08 01:00:00,69084.48,69461.99,69011.31,69327.48,210.80273429
2026-02-08 02:00:00,69333.98,69657.46,69032.48,69324.01,304.4215372
2026-02-08 03:00:00,69324.01,69394.99,69001.0,69047.16,169.77440532
2026-02-08 04:00:00,69047.16,69315.27,68913.52,69291.85,108.55182598
2026-02-08 05:00:00,69291.85,69374.32,69094.8,69174.45,112.52209001
2026-02-08 06:00:00,69174.45,69364.4,69035.22,69303.4,141.28498843
2026-02-08 07:00:00,69305.0,69657.0,69165.19,69650.96,197.97723034
2026-02-08 08:00:00,69646.06,70720.55,69477.33,70594.06,406.15426864
2026-02-08 09:00:00,70594.07,70646.65,70033.15,70050.0,263.29473729
2026-02-08 10:00:00,70055.98,70386.11,69824.79,70208.64,319.70440709
2026-02-08 11:00:00,70208.64,71150.0,70159.51,70937.94,387.14790794
2026-02-08 12:00:00,70937.94,71223.78,70632.0,71187.85,407.22988651
2026-02-08 13:00:00,71187.84,71466.64,70922.3,71466.63,388.9721403
2026-02-08 14:00:00,71466.63,71508.0,71041.31,71207.31,342.53277917
2026-02-08 15:00:00,71208.18,71439.7,70726.62,71137.43,408.59540281
2026-02-08 16:00:00,71134.02,71202.0,70200.4,70362.98,339.40343703
2026-02-08 17:00:00,70362.98,70820.63,70350.57,70734.95,315.26132081
2026-02-08 18:00:00,70734.96,71364.73,70674.78,71087.51,320.89069853
2026-02-08 19:00:00,71087.51,71479.9,71085.78,71380.16,279.2440572
2026-02-08 20:00:00,71380.62,71380.63,70651.63,70793.13,337.00017058
2026-02-08 21:00:00,70793.14,71086.87,70500.0,70652.38,343.0188525
2026-02-08 22:00:00,70652.38,71064.21,70544.54,71010.37,415.55468547
2026-02-08 23:00:00,71016.48,72232.17,69933.02,70279.33,1337.51553957
2026-02-09 00:00:00,70279.32,70728.27,70067.88,70444.02,601.17109463
2026-02-09 01:00:00,70444.01,70875.0,70012.81,70322.54,527.6824375
2026-02-09 02:00:00,70322.54,70953.23,70164.84,70570.0,368.54221053
2026-02-09 03:00:00,70578.9,71380.13,70559.37,71241.43,347.32295775
2026-02-09 04:00:00,71239.85,71305.03,70853.87,70937.27,311.05113737
2026-02-09 05:00:00,70936.93,71058.7,70750.01,70991.78,262.89914089
2026-02-09 06:00:00,70991.78,70991.78,70254.0,70604.02,343.96329198
2026-02-09 07:00:00,70604.0,70841.02,70287.42,70358.02,367.65570539
2026-02-09 08:00:00,70358.02,70554.99,69344.52,69812.49,590.3585895
2026-02-09 09:00:00,69812.0,70084.05,69400.0,69564.83,598.63080024
2026-02-09 10:00:00,69564.83,69659.48,68351.4,68658.0,670.60754802
2026-02-09 11:00:00,68658.0,68953.22,68511.9,68868.8,438.07716681
2026-02-09 12:00:00,68868.79,69182.78,68790.48,69079.99,517.97344492
2026-02-09 13:00:00,69079.98,69238.2,68522.21,68525.52,690.43803864
2026-02-09 14:00:00,68526.0,69692.22,68233.01,69232.41,1475.10312579
2026-02-09 15:00:00,69229.57,69841.0,68761.9,69533.85,1152.71535938
2026-02-09 16:00:00,69529.36,70388.48,69051.0,70050.0,1003.38908129
2026-02-09 17:00:00,70055.48,70956.62,69826.0,70570.09,1053.07938578
2026-02-09 18:00:00,70570.09,70970.0,70038.08,70377.04,646.73366998
2026-02-09 19:00:00,70377.03,71042.44,70219.99,70922.12,1015.51477338
2026-02-09 20:00:00,70922.98,71101.35,70461.0,70707.99,1195.93654654
2026-02-09 21:00:00,70707.99,70782.0,69783.48,70363.99,589.05296867
2026-02-09 22:00:00,70362.03,70692.89,70232.58,70336.78,410.36398022
2026-02-09 23:00:00,70336.77,70543.77,70020.73,70101.99,368.23148427
2026-02-10 00:00:00,70101.98,70213.97,69699.3,69782.01,451.41413812
2026-02-10 01:00:00,69782.02,70489.99,69782.02,70441.98,354.2103865
2026-02-10 02:00:00,70445.86,70445.86,69946.89,70060.0,213.01134517
2026-02-10 03:00:00,70063.56,70123.1,69153.0,69450.74,378.16297213
2026-02-10 04:00:00,69450.74,69853.25,69411.47,69782.99,213.7725999
2026-02-10 05:00:00,69782.99,69808.72,69159.93,69399.8,263.01254921
2026-02-10 06:00:00,69399.79,69449.53,68630.65,68871.58,407.54460424
2026-02-10 07:00:00,68871.99,69145.6,68800.0,68859.02,279.11434002
2026-02-10 08:00:00,68859.02,69165.88,68662.82,69075.85,287.71319578
2026-02-10 09:00:00,69075.84,69348.31,68888.0,69088.15,348.94354241
2026-02-10 10:00:00,69088.15,69212.02,68854.8,68860.0,189.79154626
2026-02-10 11:00:00,68859.99,69016.92,68403.03,68457.44,335.12957267
2026-02-10 12:00:00,68466.0,68796.26,68375.98,68550.07,348.49592545
2026-02-10 13:00:00,68550.07,69085.36,68311.09,68971.7,466.76747261
2026-02-10 14:00:00,68976.04,69538.03,67857.0,68402.0,1305.55381744
2026-02-10 15:00:00,68402.0,69501.21,68234.01,69256.02,1357.88602298
2026-02-10 16:00:00,69253.15,69783.93,68884.67,69480.45,1056.90953842
2026-02-10 17:00:00,69480.44,69970.59,69268.43,69900.01,711.46035741
2026-02-10 18:00:00,69902.28,69920.6,68582.0,68857.99,565.57474421
2026-02-10 19:00:00,68856.03,69275.66,68650.0,69030.13,483.72939278
2026-02-10 20:00:00,69030.13,69100.0,68588.42,68708.94,522.64921689
2026-02-10 21:00:00,68711.99,68965.97,68290.99,68618.47,543.1051955
2026-02-10 22:00:00,68611.01,68820.0,68521.97,68658.0,243.98509279
2026-02-10 23:00:00,68654.01,68822.21,68458.6,68803.65,238.47558096
2026-02-11 00:00:00,68803.65,69198.32,68737.93,69135.27,256.97587573
2026-02-11 01:00:00,69139.01,69248.0,68859.45,68935.12,253.94380551
2026-02-11 02:00:00,68935.12,69120.19,68558.21,68639.68,335.26566725
2026-02-11 03:00:00,68640.9,68712.89,67950.21,68132.94,463.26882309
2026-02-11 04:00:00,68132.93,68280.66,67321.0,67542.0,549.25298362
2026-02-11 05:00:00,67544.0,67765.6,67348.22,67362.0,241.81674553
2026-02-11 06:00:00,67362.0,67445.24,66502.3,66767.44,660.79529315
2026-02-11 07:00:00,66766.58,67215.38,66600.2,66986.18,368.44359267
2026-02-11 08:00:00,66988.33,67084.97,66744.01,66947.59,309.43410892
2026-02-11 09:00:00,66947.59,67074.88,66683.02,66843.93,275.02205087
2026-02-11 10:00:00,66843.93,66856.63,66340.0,66498.5,400.4522078
2026-02-11 11:00:00,66498.49,67076.56,66440.18,67026.84,367.18102305
2026-02-11 12:00:00,67025.43,67402.0,66932.88,67103.52,517.54562791
2026-02-11 13:00:00,67103.81,67658.83,66700.05,67421.88,905.45882261
2026-02-11 14:00:00,67421.88,68788.0,66400.77,66542.49,1796.45041242
2026-02-11 15:00:00,66545.85,66787.3,65702.95,66490.0,1781.78051864
2026-02-11 16:00:00,66487.72,67225.0,65900.0,65986.57,1155.14203599
2026-02-11 17:00:00,65986.56,66876.0,65809.79,66466.0,842.27759075
2026-02-11 18:00:00,66470.63,67268.0,66090.39,67233.02,787.34448148
2026-02-11 19:00:00,67233.01,67819.56,67071.3,67540.29,702.04410307
2026-02-11 20:00:00,67540.28,67712.11,67113.56,67517.41,643.03673995
2026-02-11 21:00:00,67516.76,68296.88,67354.0,67755.09,662.41636474
2026-02-11 22:00:00,67755.08,67820.77,67306.0,67381.02,450.50777303
2026-02-11 23:00:00,67382.76,67509.96,66729.19,67024.93,395.5745336
2026-02-12 00:00:00,67032.71,67647.67,66993.75,67409.07,349.31010068
2026-02-12 01:00:00,67410.09,67994.94,67409.07,67644.1,383.69555514
2026-02-12 02:00:00,67644.1,67743.49,67360.74,67384.39,330.07713498
2026-02-12 03:00:00,67383.89,67548.28,67251.83,67533.13,217.908154
2026-02-12 04:00:00,67533.13,67631.0,66927.85,66961.38,388.13738108
2026-02-12 05:00:00,66961.4,67157.22,66614.15,67095.0,316.90674514
2026-02-12 06:00:00,67094.95,67304.3,66962.15,67074.84,374.82342586
2026-02-12 07:00:00,67067.56,67287.81,66872.04,67167.96,156.50780642
2026-02-12 08:00:00,67164.39,67295.55,66827.41,67086.01,190.11699232
2026-02-12 09:00:00,67088.0,67661.83,66991.02,67502.4,258.44731717
2026-02-12 10:00:00,67498.82,68035.8,67362.39,67969.99,233.11481334
2026-02-12 11:00:00,67969.99,68300.0,67688.02,68041.99,413.69732687
2026-02-12 12:00:00,68040.0,68128.2,67672.66,67826.31,213.97758815
2026-02-12 13:00:00,67826.3,68374.52,67636.51,68346.0,332.71637413
2026-02-12 14:00:00,68342.98,68382.9,67440.46,67545.69,638.41154468
2026-02-12 15:00:00,67552.0,67980.26,66969.69,67091.99,1119.13611864
2026-02-12 16:00:00,67097.28,67196.68,65300.0,65806.05,2435.22139835
2026-02-12 17:00:00,65806.05,66219.43,65300.01,65362.41,1372.79441322
2026-02-12 18:00:00,65362.41,65740.01,65065.47,65535.99,1036.84697737
2026-02-12 19:00:00,65538.0,66075.4,65202.0,65730.0,853.60431795
2026-02-12 20:00:00,65732.99,65991.08,65139.87,65362.5,1156.9501257
2026-02-12 21:00:00,65359.22,65838.95,65356.95,65776.48,391.52474465
2026-02-12 22:00:00,65779.97,66330.0,65577.67,66219.99,285.92410439
2026-02-12 23:00:00,66219.99,66427.0,66098.99,66208.0,373.61044162
2026-02-13 00:00:00,66207.99,66465.0,65799.71,65840.12,339.48691371
2026-02-13 01:00:00,65840.11,66557.87,65840.11,66393.8,318.66442241
2026-02-13 02:00:00,66396.0,66708.0,66323.02,66606.0,230.59889945
2026-02-13 03:00:00,66608.02,66755.0,66406.24,66504.02,277.54149284
2026-02-13 04:00:00,66505.4,66623.99,66250.17,66274.02,235.40395607
2026-02-13 05:00:00,66274.01,66450.0,66122.65,66128.02,268.63509308
2026-02-13 06:00:00,66128.02,66344.32,65954.31,66309.99,153.0188939
2026-02-13 07:00:00,66317.57,66520.88,65974.88,66142.0,432.86756332
2026-02-13 08:00:00,66142.0,66688.0,66124.04,66648.0,266.47391256
2026-02-13 09:00:00,66648.0,67007.29,66554.65,66907.42,424.84586057
2026-02-13 10:00:00,66911.01,67065.14,66742.53,66920.18,275.48619477
2026-02-13 11:00:00,66920.18,67170.85,66722.01,67109.69,315.90620847
2026-02-13 12:00:00,67106.0,67159.63,66869.29,67022.47,224.4691735
2026-02-13 13:00:00,67022.47,67580.16,66886.01,67211.35,567.80665954
2026-02-13 14:00:00,67211.36,67999.99,66810.0,67697.35,1433.18507885
2026-02-13 15:00:00,67701.42,69274.01,67647.15,68650.0,2115.63759837
2026-02-13 16:00:00,68644.01,69434.2,68489.56,68913.98,975.22396442
2026-02-13 17:00:00,68913.98,69200.1,68585.0,68995.98,675.61615174
2026-02-13 18:00:00,68995.98,69379.28,68853.91,69095.19,605.67057056
2026-02-13 19:00:00,69095.96,69200.0,68877.0,68898.67,473.35211061
2026-02-13 20:00:00,68896.29,68935.42,68640.65,68729.57,511.50725266
2026-02-13 21:00:00,68733.72,69039.39,68682.6,68854.05,391.06407916
2026-02-13 22:00:00,68854.05,68965.0,68682.6,68959.97,244.39099063
2026-02-13 23:00:00,68959.96,68960.03,68775.58,68812.0,347.43369363
2026-02-14 00:00:00,68812.0,69101.17,68723.15,69066.1,263.83210379
2026-02-14 01:00:00,69060.0,69076.0,68883.11,68922.72,159.77151455
2026-02-14 02:00:00,68922.72,68978.49,68801.62,68838.01,118.57118016
2026-02-14 03:00:00,68838.0,68984.82,68809.5,68941.67,89.3422968
2026-02-14 04:00:00,68941.67,68966.06,68754.0,68759.86,88.44024757
2026-02-14 05:00:00,68759.86,68877.76,68715.73,68736.43,124.78058429
2026-02-14 06:00:00,68736.43,68900.0,68697.63,68897.77,78.90953763
2026-02-14 07:00:00,68897.77,69308.0,68848.2,69179.9,117.58996882
2026-02-14 08:00:00,69179.9,69834.72,69171.12,69705.72,259.94934449
2026-02-14 09:00:00,69707.55,69864.9,69535.45,69676.21,137.68789008
2026-02-14 10:00:00,69676.2,69676.2,69543.72,69630.51,94.45770421
2026-02-14 11:00:00,69630.51,70531.53,69630.51,70469.17,355.43367527
2026-02-14 12:00:00,70469.17,70499.99,69579.0,69600.24,589.77452337
2026-02-14 13:00:00,69609.49,69745.48,69190.96,69445.41,818.09486296
2026-02-14 14:00:00,69445.4,69841.8,69308.74,69687.34,266.79129937
2026-02-14 15:00:00,69687.34,70029.72,69542.01,69767.28,296.02745131
2026-02-14 16:00:00,69767.29,69800.0,69263.02,69724.0,248.88554728
2026-02-14 17:00:00,69723.78,69895.6,69577.86,69713.33,224.59971831
2026-02-14 18:00:00,69713.33,69841.5,69638.95,69741.5,182.24352678
2026-02-14 19:00:00,69742.44,69882.0,69572.96,69845.55,186.34722408
2026-02-14 20:00:00,69845.21,70000.0,69704.72,69982.01,181.55205716
2026-02-14 21:00:00,69982.01,70218.54,69636.01,69897.68,309.37094319
2026-02-14 22:00:00,69897.73,70053.91,69726.17,69923.78,240.61275549
2026-02-14 23:00:00,69923.77,69984.04,69681.97,69786.96,153.91551084
2026-02-15 00:00:00,69786.96,69827.78,69556.34,69741.18,145.44554346
2026-02-15 01:00:00,69730.72,69862.5,69311.88,69672.06,177.04971578
2026-02-15 02:00:00,69672.06,69719.99,69310.0,69445.92,111.6310445
2026-02-15 03:00:00,69445.92,69980.61,69212.82,69925.01,242.16407799
2026-02-15 04:00:00,69925.01,70490.0,69834.53,70162.52,346.336287
2026-02-15 05:00:00,70162.52,70454.01,70100.0,70237.99,156.58260388
2026-02-15 06:00:00,70237.98,70510.0,70155.0,70373.96,149.88627728
2026-02-15 07:00:00,70373.96,70897.57,70275.41,70790.31,246.1462042
2026-02-15 08:00:00,70793.99,70941.65,70144.47,70410.28,223.26545914
2026-02-15 09:00:00,70410.29,70636.67,70338.62,70387.45,121.54856208
2026-02-15 10:00:00,70387.45,70490.7,70181.76,70392.94,109.45287714
2026-02-15 11:00:00,70396.99,70518.0,70235.1,70262.7,87.55793355
2026-02-15 12:00:00,70262.7,70377.99,69258.99,69266.35,258.10136855
2026-02-15 13:00:00,69282.35,69591.5,68750.0,68896.47,414.64800473
2026-02-15 14:00:00,68902.0,69182.24,68800.0,69138.0,422.71000698
2026-02-15 15:00:00,69137.99,69222.0,68843.55,69067.09,198.30560741
2026-02-15 16:00:00,69067.08,69068.0,68752.98,68984.42,250.53457686
2026-02-15 17:00:00,68983.71,69057.95,68156.14,68597.99,434.03575328
2026-02-15 18:00:00,68599.8,68744.99,68308.77,68414.06,424.77388579
2026-02-15 19:00:00,68414.06,68515.09,68020.0,68244.49,393.30642494
2026-02-15 20:00:00,68244.48,68521.99,68082.1,68406.83,259.93566331
2026-02-15 21:00:00,68406.91,68918.0,68406.91,68804.01,323.24800133
2026-02-15 22:00:00,68804.01,69043.41,68752.99,68954.99,154.76210331
2026-02-15 23:00:00,68954.99,68968.3,68281.03,68792.0,314.0852452
2026-02-16 00:00:00,68792.0,69025.99,68654.8,68805.91,198.68148447
2026-02-16 01:00:00,68805.92,69000.0,68411.15,68583.25,214.86795528
2026-02-16 02:00:00,68583.25,68705.31,68205.02,68287.02,192.89005218
2026-02-16 03:00:00,68288.58,68425.91,68112.44,68386.83,169.84231022
2026-02-16 04:00:00,68385.48,68849.99,68376.25,68830.14,149.99874686
2026-02-16 05:00:00,68830.14,68863.96,68253.02,68347.27,145.65456019
2026-02-16 06:00:00,68347.27,68492.62,68190.08,68415.22,108.2937024
2026-02-16 07:00:00,68415.21,68635.99,68339.1,68549.82,98.23930915
2026-02-16 08:00:00,68549.82,68768.0,68502.65,68728.0,224.30605577
2026-02-16 09:00:00,68728.0,69025.99,68711.59,68963.84,251.05655998
2026-02-16 10:00:00,68963.83,68963.83,68664.01,68761.26,125.42229007
2026-02-16 11:00:00,68761.27,68884.01,68283.01,68771.82,270.78622405
2026-02-16 12:00:00,68771.82,69796.42,68770.41,69723.06,331.43457582
2026-02-16 13:00:00,69724.03,70089.99,68178.06,68369.85,636.48914308
2026-02-16 14:00:00,68369.84,68700.0,68229.09,68382.15,625.8788043
2026-02-16 15:00:00,68382.15,68564.99,67251.81,67502.0,630.06816158
2026-02-16 16:00:00,67504.36,67938.94,67460.65,67855.48,438.71008919
2026-02-16 17:00:00,67855.47,68044.7,67561.5,67907.99,335.76494661
2026-02-16 18:00:00,67905.99,68208.33,67793.14,67829.79,295.26927234
2026-02-16 19:00:00,67829.78,68098.0,67789.44,67880.63,167.91918614
2026-02-16 20:00:00,67880.62,68517.68,67790.8,68491.34,250.28674847
2026-02-16 21:00:00,68493.04,68894.66,68385.26,68822.87,338.21953338
2026-02-16 22:00:00,68819.97,68865.9,68476.24,68558.98,222.95211923
2026-02-16 23:00:00,68558.98,68963.26,68499.21,68858.13,203.82813669
2026-02-17 00:00:00,68859.55,69023.21,68664.0,68850.0,235.51851147
2026-02-17 01:00:00,68850.0,68967.29,68525.56,68579.28,228.00041831
2026-02-17 02:00:00,68579.28,69199.51,68341.05,68804.13,344.10079898
2026-02-17 03:00:00,68804.13,68825.67,68426.48,68432.65,185.51341256
2026-02-17 04:00:00,68432.64,68668.23,68232.79,68440.69,148.27462768
2026-02-17 05:00:00,68440.69,68474.55,67850.01,68206.9,228.12997284
2026-02-17 06:00:00,68206.9,68487.09,68195.28,68369.93,137.27925962
2026-02-17 07:00:00,68369.92,68444.89,68100.02,68357.51,103.0203462
2026-02-17 08:00:00,68356.01,68445.0,68087.78,68132.73,86.00216992
2026-02-17 09:00:00,68132.74,68269.01,67937.78,68085.67,142.79422571
2026-02-17 10:00:00,68085.67,68153.11,67654.09,67799.89,180.00643614
2026-02-17 11:00:00,67799.89,67894.0,67638.75,67808.3,204.86954368
2026-02-17 12:00:00,67808.3,68266.54,67781.73,67884.57,257.16677457
2026-02-17 13:00:00,67884.57,68319.8,67690.47,68086.87,381.26788898
2026-02-17 14:00:00,68086.87,68300.0,66675.0,66826.77,1335.36047747
2026-02-17 15:00:00,66831.13,67384.82,66569.58,67362.33,1223.63228336
2026-02-17 16:00:00,67355.41,68119.98,67287.69,67491.56,743.5661071
2026-02-17 17:00:00,67491.56,67682.0,66832.01,67200.93,760.37562585
2026-02-17 18:00:00,67200.91,68191.2,67075.24,68054.92,757.05683806
2026-02-17 19:00:00,68058.89,68206.9,67687.95,67755.7,487.4391674
2026-02-17 20:00:00,67756.22,67885.72,67440.41,67712.49,338.95154665
2026-02-17 21:00:00,67707.23,67894.31,67490.11,67639.04,294.89500063
2026-02-17 22:00:00,67639.04,67749.99,67450.01,67491.91,158.27508271
2026-02-17 23:00:00,67491.9,67599.9,67343.86,67466.7,161.12971119
2026-02-18 00:00:00,67466.7,67592.68,67246.25,67264.52,179.09639834
2026-02-18 01:00:00,67264.52,67337.54,66835.98,67132.01,257.59369662
2026-02-18 02:00:00,67132.01,67389.11,67109.67,67296.0,182.72288043
2026-02-18 03:00:00,67296.0,67676.0,67289.06,67586.4,233.2846909
2026-02-18 04:00:00,67586.41,67863.58,67463.55,67788.11,165.40297417
2026-02-18 05:00:00,67788.11,67903.34,67549.92,67605.71,280.21747091
2026-02-18 06:00:00,67605.71,67943.94,67573.8,67808.78,92.58293696
2026-02-18 07:00:00,67808.78,68184.67,67657.83,68081.41,116.6509926
2026-02-18 08:00:00,68081.41,68438.84,68030.29,68089.99,214.70547197
2026-02-18 09:00:00,68089.99,68240.52,67968.62,68117.59,133.13175424
2026-02-18 10:00:00,68117.59,68144.99,67691.41,67762.34,253.64059347
2026-02-18 11:00:00,67762.48,67764.83,67042.87,67334.9,356.47512152
2026-02-18 12:00:00,67337.99,67653.59,67309.91,67430.02,266.76936469
2026-02-18 13:00:00,67430.02,67570.29,67022.0,67215.05,460.57063565
2026-02-18 14:00:00,67215.05,67338.6,66666.0,67183.19,959.49160923
2026-02-18 15:00:00,67184.41,68333.93,67149.06,67663.28,964.6844989
2026-02-18 16:00:00,67663.66,67677.09,66952.62,67101.18,718.81760394
2026-02-18 17:00:00,67105.38,67457.3,67010.0,67160.31,480.90894973
2026-02-18 18:00:00,67157.38,67201.26,66155.11,66316.26,776.74783629
2026-02-18 19:00:00,66314.98,66590.93,65812.57,66135.94,822.07977255
2026-02-18 20:00:00,66137.51,66516.12,66098.68,66221.41,893.6575844
2026-02-18 21:00:00,66226.46,66466.71,66052.51,66301.56,457.58881891
2026-02-18 22:00:00,66301.56,66440.93,66193.51,66361.5,256.29796851
2026-02-18 23:00:00,66361.49,66465.0,66230.83,66419.79,164.0495926
2026-02-19 00:00:00,66419.78,66568.76,66300.43,66405.98,194.49083474
2026-02-19 01:00:00,66405.98,66846.92,66403.74,66835.99,196.42315628
2026-02-19 02:00:00,66835.98,66930.87,66600.01,66803.82,265.17516511
2026-02-19 03:00:00,66803.82,66962.01,66687.01,66944.99,205.31874003
2026-02-19 04:00:00,66944.98,67037.28,66726.0,66763.29,200.09221043
2026-02-19 05:00:00,66764.77,66858.0,66643.62,66839.8,118.50726106
2026-02-19 06:00:00,66834.01,67266.0,66831.01,67118.96,195.30250146
2026-02-19 07:00:00,67118.96,67288.22,66999.0,67171.96,143.72636059
2026-02-19 08:00:00,67171.95,67171.95,66754.32,66928.99,168.82135276
2026-02-19 09:00:00,66930.0,67157.48,66720.07,66805.76,134.76085756
2026-02-19 10:00:00,66805.62,66927.98,66702.2,66804.0,95.51270663
2026-02-19 11:00:00,66800.44,66900.0,66426.01,66457.45,156.14311403
2026-02-19 12:00:00,66457.44,66653.53,66286.23,66482.37,240.9046411
2026-02-19 13:00:00,66482.36,66528.26,65727.34,65878.37,535.55094518
2026-02-19 14:00:00,65876.88,66651.51,65604.63,66397.57,934.64173483
2026-02-19 15:00:00,66397.57,66734.93,65938.1,66367.99,1107.43023549
2026-02-19 16:00:00,66367.98,66492.8,65850.0,66262.15,659.68029035
2026-02-19 17:00:00,66262.15,67034.91,66142.03,66334.39,653.83724773
2026-02-19 18:00:00,66334.39,67045.75,66202.52,67002.85,688.39850276
2026-02-19 19:00:00,67005.61,67179.95,66669.18,67025.61,492.69492436
2026-02-19 20:00:00,67025.6,67161.05,66801.11,67125.14,476.98252866
2026-02-19 21:00:00,67126.1,67147.0,66868.83,66900.26,259.06628789
2026-02-19 22:00:00,66900.25,66974.77,66613.89,66880.59,201.53502271
2026-02-19 23:00:00,66878.01,66996.59,66781.59,66972.5,180.29970721
2026-02-20 00:00:00,66972.49,67478.38,66910.35,67195.96,368.54054207
2026-02-20 01:00:00,67195.37,67328.2,67114.42,67253.99,248.9647896
2026-02-20 02:00:00,67255.43,67315.64,67142.34,67209.99,136.96644358
2026-02-20 03:00:00,67209.99,67464.13,67208.63,67332.43,196.13452462
2026-02-20 04:00:00,67335.09,67364.7,67076.0,67236.01,197.92347535
2026-02-20 05:00:00,67236.01,67997.81,67177.18,67766.77,368.32541236
2026-02-20 06:00:00,67766.77,67872.49,67638.14,67820.71,162.26947878
2026-02-20 07:00:00,67820.71,67971.82,67745.04,67809.28,176.94523536
2026-02-20 08:00:00,67809.27,67925.77,67728.01,67852.0,153.79459363
2026-02-20 09:00:00,67853.85,68208.25,67853.16,68190.89,318.99584767
2026-02-20 10:00:00,68190.89,68294.86,67843.88,67924.64,356.56527596
2026-02-20 11:00:00,67927.86,67959.95,67257.38,67303.5,451.25941544
2026-02-20 12:00:00,67301.25,67587.36,67250.0,67521.23,289.01578828
2026-02-20 13:00:00,67520.7,67520.7,66427.23,66791.43,811.28380337
2026-02-20 14:00:00,66791.43,67310.99,66644.23,67066.99,803.2898831
2026-02-20 15:00:00,67059.01,68069.75,66529.5,67578.79,1543.77149197
2026-02-20 16:00:00,67578.79,67921.16,67128.69,67786.99,977.86156462
2026-02-20 17:00:00,67785.67,67785.67,66938.32,67602.07,1389.50041907
2026-02-20 18:00:00,67602.07,68000.0,67434.3,67917.99,867.73913016
2026-02-20 19:00:00,67917.99,67996.59,67530.11,67625.99,490.88759024
2026-02-20 20:00:00,67625.98,67826.36,67500.0,67733.36,329.37071075
2026-02-20 21:00:00,67730.14,67816.99,67607.43,67799.68,240.13995341
2026-02-20 22:00:00,67799.67,68086.19,67611.19,68052.28,254.91637367
2026-02-20 23:00:00,68052.28,68207.44,67878.85,67984.42,215.08782806
2026-02-21 00:00:00,67984.42,68025.87,67758.19,67811.76,170.94972211
2026-02-21 01:00:00,67811.76,67986.0,67800.0,67927.75,107.85026764
2026-02-21 02:00:00,67928.77,68085.57,67884.47,67980.65,107.3824087
2026-02-21 03:00:00,67980.64,67980.65,67516.93,67648.88,237.36725208
2026-02-21 04:00:00,67648.88,67832.02,67567.9,67797.72,97.27391985
2026-02-21 05:00:00,67797.72,67874.55,67785.52,67841.32,76.39127022
2026-02-21 06:00:00,67841.33,67903.17,67735.59,67771.19,54.2012956
2026-02-21 07:00:00,67771.19,67867.54,67730.2,67835.99,49.49252099
2026-02-21 08:00:00,67835.99,68071.1,67790.0,68035.18,106.58913993
2026-02-21 09:00:00,68035.18,68285.0,67954.26,68126.28,131.45241252
2026-02-21 10:00:00,68126.28,68225.68,68120.13,68199.99,59.33172867
2026-02-21 11:00:00,68199.97,68265.57,68058.0,68076.47,75.64179277
2026-02-21 12:00:00,68076.47,68201.0,67894.6,68191.77,108.31362992
2026-02-21 13:00:00,68191.77,68249.99,68074.8,68238.51,83.75939006
2026-02-21 14:00:00,68238.51,68608.01,68161.61,68427.97,253.52944261
2026-02-21 15:00:00,68427.97,68683.27,68389.06,68595.16,166.44533738
2026-02-21 16:00:00,68595.16,68620.5,68080.0,68313.43,273.62089098
2026-02-21 17:00:00,68314.78,68457.68,68185.06,68425.5,188.90826931
2026-02-21 18:00:00,68388.06,68627.0,68367.61,68564.99,200.28145042
2026-02-21 19:00:00,68564.98,68647.42,68510.79,68533.24,110.32584084
2026-02-21 20:00:00,68533.24,68587.61,68170.15,68199.99,162.20238863
2026-02-21 21:00:00,68199.98,68380.73,68166.01,68368.94,139.99881123
2026-02-21 22:00:00,68368.94,68450.94,67865.0,67961.79,216.01716682
2026-02-21 23:00:00,67958.09,68108.82,67926.18,67955.78,109.73832542
2026-02-22 00:00:00,67955.78,68072.72,67778.48,67920.32,149.13421138
2026-02-22 01:00:00,67920.31,68153.57,67908.0,68138.97,112.98320765
2026-02-22 02:00:00,68138.97,68200.0,67852.71,67889.59,181.19585209
2026-02-22 03:00:00,67889.59,68044.75,67802.78,68024.46,136.55583046
2026-02-22 04:00:00,68025.88,68063.58,67929.22,67959.11,97.31556303
2026-02-22 05:00:00,67959.11,67995.62,67860.7,67958.83,78.63316873
2026-02-22 06:00:00,67958.83,68152.46,67942.97,68020.67,115.29148356
2026-02-22 07:00:00,68024.99,68081.54,67969.34,67996.01,78.49436141
2026-02-22 08:00:00,67996.01,68007.97,67891.52,67942.41,61.36684085
2026-02-22 09:00:00,67942.39,68089.97,67942.39,68040.98,51.28637437
2026-02-22 10:00:00,68040.98,68138.98,67992.23,68112.6,52.59115271
2026-02-22 11:00:00,68112.6,68241.4,68112.6,68200.0,65.73526941
2026-02-22 12:00:00,68199.99,68221.92,67856.24,67912.79,178.10244971
2026-02-22 13:00:00,67912.79,68022.11,67555.24,67633.8,225.52535285
2026-02-22 14:00:00,67633.8,67672.3,67332.21,67434.0,276.42286056
2026-02-22 15:00:00,67434.0,67799.68,67289.36,67673.72,249.52897715
2026-02-22 16:00:00,67673.72,67704.92,67488.05,67608.99,75.49241207
2026-02-22 17:00:00,67608.99,67613.36,67132.81,67358.59,206.99368048
2026-02-22 18:00:00,67358.58,67438.65,67284.0,67392.53,138.59812508
2026-02-22 19:00:00,67392.53,67465.0,67353.08,67390.14,94.49301492
2026-02-22 20:00:00,67390.14,67450.0,67314.67,67368.0,158.21874831
2026-02-22 21:00:00,67369.89,67600.0,67369.89,67579.45,144.00825828
2026-02-22 22:00:00,67579.45,67723.38,67436.67,67642.45,112.27958047
2026-02-22 23:00:00,67642.45,67702.85,67433.45,67617.98,223.28669677
2026-02-23 00:00:00,67616.01,67656.42,66695.09,66717.27,304.3868519
2026-02-23 01:00:00,66714.9,66714.9,64298.71,64417.98,2369.35024136
2026-02-23 02:00:00,64417.98,64904.22,64310.01,64767.71,750.40175475
2026-02-23 03:00:00,64767.71,65049.45,64678.13,64918.0,433.31750544
2026-02-23 04:00:00,64918.0,65017.42,64662.0,64800.39,297.73189793
2026-02-23 05:00:00,64800.39,65212.58,64794.99,65054.76,277.94557658
2026-02-23 06:00:00,65054.76,65798.84,65011.97,65752.71,330.86972748
2026-02-23 07:00:00,65752.71,65999.39,65650.78,65941.91,304.61310054
2026-02-23 08:00:00,65941.9,65954.25,65560.9,65660.97,328.03565632
2026-02-23 09:00:00,65660.97,66448.42,65658.5,66401.28,278.18223412
2026-02-23 10:00:00,66401.25,66588.17,66211.36,66322.3,247.91335058
2026-02-23 11:00:00,66322.3,66491.48,66104.89,66204.04,222.3768384
2026-02-23 12:00:00,66204.05,66512.75,65890.39,66287.98,351.00770044
2026-02-23 13:00:00,66287.98,66441.66,66089.01,66128.59,408.43537267
2026-02-23 14:00:00,66128.59,66271.18,65502.0,65905.99,1123.21027848
2026-02-23 15:00:00,65906.97,66231.81,65560.27,65631.02,1018.09366541
2026-02-23 16:00:00,65631.01,65717.44,65160.58,65356.0,887.9611377
2026-02-23 17:00:00,65359.83,65446.0,64147.69,64806.01,1404.15456135
2026-02-23 18:00:00,64803.66,65168.15,64552.0,64620.18,709.28882549
2026-02-23 19:00:00,64620.19,64839.98,64079.44,64275.4,897.88806768
2026-02-23 20:00:00,64275.39,64475.78,63855.0,64463.59,837.3193294
2026-02-23 21:00:00,64456.21,64774.0,64433.66,64572.12,530.48326142
2026-02-23 22:00:00,64572.14,64999.98,64534.98,64705.99,523.03208352
2026-02-23 23:00:00,64707.44,64883.38,64502.12,64625.78,362.0127437
2026-02-24 00:00:00,64625.78,64988.32,64625.78,64906.0,277.46862996
2026-02-24 01:00:00,64906.0,64906.0,63422.17,64133.04,757.72224481
2026-02-24 02:00:00,64133.04,64483.83,63957.51,64079.18,380.90422537
2026-02-24 03:00:00,64079.19,64079.19,63321.69,63568.6,477.38293291
2026-02-24 04:00:00,63571.4,63600.0,62828.39,63348.73,842.10953236
2026-02-24 05:00:00,63348.72,63536.21,62676.78,63084.84,530.44365931
2026-02-24 06:00:00,63084.84,63303.26,62876.3,63067.09,261.99122597
2026-02-24 07:00:00,63067.09,63347.55,62896.63,63167.02,272.04972873
2026-02-24 08:00:00,63170.0,63425.0,62970.58,63371.25,195.60523288
2026-02-24 09:00:00,63371.25,63398.74,62917.86,63240.37,279.58392559
2026-02-24 10:00:00,63240.37,63353.73,63101.6,63270.0,209.91250699
2026-02-24 11:00:00,63274.7,63314.12,63050.0,63211.99,304.85237203
2026-02-24 12:00:00,63211.97,63341.84,62937.83,62948.01,399.93049874
2026-02-24 13:00:00,62948.01,63099.98,62534.61,62884.71,641.81823704
2026-02-24 14:00:00,62889.18,63851.57,62748.99,63461.98,1271.38527706
2026-02-24 15:00:00,63461.99,64044.99,63304.38,63979.2,1079.79603397
2026-02-24 16:00:00,63979.21,64448.69,63703.33,64273.22,1079.30837894
2026-02-24 17:00:00,64269.29,64521.42,64047.78,64229.93,807.9641046
2026-02-24 18:00:00,64229.92,64517.76,63938.32,64428.01,528.82005522
2026-02-24 19:00:00,64428.02,64749.86,64247.12,64442.79,468.66047553
2026-02-24 20:00:00,64442.79,64600.24,64312.85,64474.97,414.36759795
2026-02-24 21:00:00,64474.48,64474.48,63841.33,64032.89,461.79675606
2026-02-24 22:00:00,64032.9,64241.08,63969.01,64119.84,234.60925556
2026-02-24 23:00:00,64122.75,64261.49,63854.0,64068.33,338.92474839
2026-02-25 00:00:00,64068.33,64331.16,63912.25,64221.53,370.59218881
2026-02-25 01:00:00,64221.53,66300.04,64146.1,65899.06,1263.49639374
2026-02-25 02:00:00,65899.06,66313.68,65865.6,65879.41,462.5828082
2026-02-25 03:00:00,65879.4,65947.61,65348.37,65387.99,462.14990323
2026-02-25 04:00:00,65388.0,65648.27,65110.13,65451.26,307.03860288
2026-02-25 05:00:00,65451.27,65512.52,64751.55,64884.01,336.33542362
2026-02-25 06:00:00,64884.0,65120.31,64857.04,64893.97,176.2196487
2026-02-25 07:00:00,64893.97,65191.3,64773.61,65028.35,183.20227773
2026-02-25 08:00:00,65028.35,65578.0,64960.71,65517.99,251.52442364
2026-02-25 09:00:00,65517.98,65695.93,65424.47,65551.23,215.06779184
2026-02-25 10:00:00,65551.24,65652.0,65341.95,65402.44,211.94926101
2026-02-25 11:00:00,65398.83,65479.68,65184.08,65413.11,245.98292132
2026-02-25 12:00:00,65412.38,66239.21,65317.71,66066.1,448.47975142
2026-02-25 13:00:00,66066.12,66678.18,66011.07,66243.79,565.32885099
2026-02-25 14:00:00,66243.79,67045.75,66189.88,66974.33,1092.7390204
2026-02-25 15:00:00,66971.85,67598.99,66713.92,67420.0,1576.36490384
2026-02-25 16:00:00,67418.01,68362.72,67414.28,68332.01,1852.33515966
2026-02-25 17:00:00,68326.51,68920.0,68032.5,68694.01,2052.79680098
2026-02-25 18:00:00,68694.0,69573.99,68399.22,69359.71,1513.12871927
2026-02-25 19:00:00,69361.67,69437.06,68806.0,69060.2,995.05919311
2026-02-25 20:00:00,69062.52,69411.67,68643.95,69177.78,705.7609184
2026-02-25 21:00:00,69175.57,70020.0,68790.11,68935.98,916.07496582
2026-02-25 22:00:00,68935.99,69205.1,68071.99,68453.75,551.24809916
2026-02-25 23:00:00,68450.74,68702.22,67590.68,67992.68,567.09057046
2026-02-26 00:00:00,67992.68,68547.69,67717.55,68347.72,455.91344296
2026-02-26 01:00:00,68348.34,68716.78,68217.42,68264.0,354.61463418
2026-02-26 02:00:00,68264.0,68363.7,67812.21,68262.14,438.54016965
2026-02-26 03:00:00,68264.02,68400.0,68030.15,68214.01,284.5365065
2026-02-26 04:00:00,68215.77,68866.86,68178.84,68571.94,303.48505958
2026-02-26 05:00:00,68573.45,68574.63,68122.97,68458.18,257.37459597
2026-02-26 06:00:00,68458.18,68527.97,68064.53,68186.0,170.92361474
2026-02-26 07:00:00,68186.0,68295.4,67826.32,67840.04,180.01019902
2026-02-26 08:00:00,67840.04,68250.0,67782.74,67964.02,201.24531877
2026-02-26 09:00:00,67964.02,68646.01,67935.64,68587.99,225.00389651
2026-02-26 10:00:00,68590.39,68720.82,68253.22,68304.02,196.98178582
2026-02-26 11:00:00,68306.04,68396.9,67967.16,68044.19,282.75487891
2026-02-26 12:00:00,68044.2,68299.09,68009.4,68174.39,184.75465092
2026-02-26 13:00:00,68174.39,68215.84,67842.6,67900.01,347.88306843
2026-02-26 14:00:00,67900.01,68275.86,67258.51,67703.42,1077.57349179
2026-02-26 15:00:00,67700.45,67753.99,66764.26,67392.0,1160.16228665
2026-02-26 16:00:00,67395.0,67570.0,66500.92,66641.04,1202.28962824
2026-02-26 17:00:00,66641.03,67052.05,66591.01,66822.04,505.43061847
2026-02-26 18:00:00,66822.03,67375.0,66571.33,67308.75,742.6308074
2026-02-26 19:00:00,67308.75,67910.6,67287.0,67580.98,729.36513495
2026-02-26 20:00:00,67580.98,67842.99,67298.0,67434.87,538.42092813
2026-02-26 21:00:00,67434.02,67591.83,67135.01,67472.99,440.2444062
2026-02-26 22:00:00,67473.0,67635.0,67320.02,67578.85,171.27381321
2026-02-26 23:00:00,67578.84,67671.0,67400.29,67490.51,226.86038282
2026-02-27 00:00:00,67490.5,67558.76,67000.0,67231.99,246.40087508
2026-02-27 01:00:00,67236.67,67386.93,66877.91,67355.99,304.66275631
2026-02-27 02:00:00,67355.99,67558.54,67259.25,67270.0,286.16330492
2026-02-27 03:00:00,67272.0,67738.69,67085.66,67609.05,241.55687861
2026-02-27 04:00:00,67608.04,68223.07,67578.93,67745.98,465.48138416
2026-02-27 05:00:00,67741.44,67918.99,67667.78,67727.61,266.37631337
2026-02-27 06:00:00,67727.61,67832.0,67528.0,67662.0,212.70269724
2026-02-27 07:00:00,67662.0,67767.97,67462.98,67686.01,262.84857374
2026-02-27 08:00:00,67686.0,68072.29,67659.01,67941.01,275.04329276
2026-02-27 09:00:00,67941.0,68158.58,67277.89,67356.01,300.59813317
2026-02-27 10:00:00,67356.0,67423.86,66578.0,66613.27,450.25753777
2026-02-27 11:00:00,66615.12,66800.35,65962.77,66123.71,786.29599328
2026-02-27 12:00:00,66119.09,66209.52,65735.01,65933.27,473.20270394
2026-02-27 13:00:00,65935.07,66358.12,65656.29,66283.45,608.19482203
2026-02-27 14:00:00,66283.44,66353.77,65696.0,65899.36,826.8073012
2026-02-27 15:00:00,65896.52,66319.67,65839.72,66095.88,962.05053054
2026-02-27 16:00:00,66095.32,66131.0,65458.0,65473.1,636.26170072
2026-02-27 17:00:00,65473.09,65749.99,65108.23,65705.77,650.84917663
2026-02-27 18:00:00,65705.78,65777.95,65218.02,65304.02,425.96000636
2026-02-27 19:00:00,65304.01,65450.0,65156.01,65385.31,317.05560471
2026-02-27 20:00:00,65385.31,65669.32,65373.98,65590.47,367.18007394
2026-02-27 21:00:00,65589.03,65742.57,65380.35,65529.54,316.2565989
2026-02-27 22:00:00,65529.54,65672.73,64942.87,65634.66,344.90721441
2026-02-27 23:00:00,65634.66,65950.19,65544.37,65859.94,249.68257232
2026-02-28 00:00:00,65859.93,66019.49,65715.2,65932.02,217.3691303
2026-02-28 01:00:00,65934.74,65968.0,65737.49,65774.75,155.39937803
2026-02-28 02:00:00,65772.9,66016.48,65743.49,65955.99,91.41653237
2026-02-28 03:00:00,65955.99,65978.0,65740.0,65791.45,98.66125682
2026-02-28 04:00:00,65791.44,65822.67,65481.45,65660.38,134.12100731
2026-02-28 05:00:00,65660.38,65727.58,65496.01,65587.37,116.28804712
2026-02-28 06:00:00,65587.37,65591.99,63019.6,63218.37,1253.31162723
2026-02-28 07:00:00,63210.21,64330.77,63028.58,63821.02,484.91575571
2026-02-28 08:00:00,63819.02,63877.27,63400.0,63474.98,288.47058599
2026-02-28 09:00:00,63474.97,63950.0,63363.4,63652.93,264.58266104
2026-02-28 10:00:00,63652.93,64036.31,63464.47,64010.75,356.07641091
2026-02-28 11:00:00,64010.75,64304.08,63789.7,63844.3,283.41030243
2026-02-28 12:00:00,63846.04,64087.44,63831.84,64027.47,208.21938933
2026-02-28 13:00:00,64027.46,65218.82,63907.48,65116.0,548.25660765
2026-02-28 14:00:00,65111.74,65367.0,64270.79,64435.02,593.11722685
2026-02-28 15:00:00,64439.6,65024.64,64212.0,64841.99,296.68164185
2026-02-28 16:00:00,64841.99,65219.68,64676.77,65094.62,231.6655674
2026-02-28 17:00:00,65094.62,65582.83,64846.0,65440.01,304.72298833
2026-02-28 18:00:00,65474.72,66168.91,65181.14,65913.56,418.03488189
2026-02-28 19:00:00,65913.55,66666.66,65604.08,66357.26,715.11590949
2026-02-28 20:00:00,66357.26,67165.98,66194.73,66966.47,675.1593169
2026-02-28 21:00:00,66970.45,67036.0,66370.01,66728.13,547.27922594
2026-02-28 22:00:00,66728.13,67761.55,66615.05,67117.73,589.32844512
2026-02-28 23:00:00,67117.72,67218.99,66740.93,66967.85,221.64526807
2026-03-01 00:00:00,66971.54,67124.23,66623.57,66799.65,231.82782139
2026-03-01 01:00:00,66804.0,67714.49,66051.86,67353.45,543.45735211
2026-03-01 02:00:00,67353.45,68200.0,67345.44,67628.92,709.39861729
2026-03-01 03:00:00,67626.08,67816.67,67378.85,67506.2,298.75603836
2026-03-01 04:00:00,67506.19,67617.55,67077.31,67350.6,245.52736833
2026-03-01 05:00:00,67350.6,67589.64,67208.6,67300.98,203.44270276
2026-03-01 06:00:00,67300.98,67356.27,66791.28,66928.0,258.65949465
2026-03-01 07:00:00,66927.99,67239.83,66777.0,67140.44,172.47289309
2026-03-01 08:00:00,67140.44,67297.07,66467.97,66566.75,256.97906446
2026-03-01 09:00:00,66568.0,66780.0,66251.45,66413.74,189.70233918
2026-03-01 10:00:00,66413.74,66734.48,66213.49,66467.46,217.31258497
2026-03-01 11:00:00,66467.46,66667.12,66377.4,66467.32,113.01224751
2026-03-01 12:00:00,66467.32,66552.79,66240.17,66300.42,161.39854685
2026-03-01 13:00:00,66300.42,67361.66,66143.23,66945.48,345.09515317
2026-03-01 14:00:00,66945.48,67323.99,66758.69,66857.11,313.24313052
2026-03-01 15:00:00,66847.52,67256.87,66818.79,66850.0,499.70701302
2026-03-01 16:00:00,66850.76,67119.96,65820.0,66149.13,480.24821889
2026-03-01 17:00:00,66149.13,66231.64,65726.13,65986.17,424.12133105
2026-03-01 18:00:00,65986.17,66665.99,65986.17,66324.87,359.13345277
2026-03-01 19:00:00,66324.87,66353.99,65774.4,65963.94,367.71505524
2026-03-01 20:00:00,65963.94,65972.27,65076.52,65296.67,627.02325409
2026-03-01 21:00:00,65296.67,65760.42,65272.5,65661.05,275.54621067
2026-03-01 22:00:00,65662.71,66486.24,65008.38,65257.47,719.59280324
2026-03-01 23:00:00,65251.65,66100.0,65070.27,65769.0,498.51519242
2026-03-02 00:00:00,65771.56,66824.23,65748.85,66507.32,495.18527933
2026-03-02 01:00:00,66509.95,67071.88,66365.12,66538.37,333.05392796
2026-03-02 02:00:00,66539.98,66617.66,65888.42,66280.0,391.71248427
2026-03-02 03:00:00,66279.99,67058.58,66103.85,66825.19,324.4423038
2026-03-02 04:00:00,66825.2,66978.55,66618.9,66876.32,232.31919238
2026-03-02 05:00:00,66876.31,67006.95,66569.6,66738.97,249.09296358
2026-03-02 06:00:00,66739.18,66746.02,66050.01,66208.93,300.40386331
2026-03-02 07:00:00,66208.93,66217.44,65544.0,66016.8,328.3050876
2026-03-02 08:00:00,66021.48,66305.04,65649.2,66293.77,339.8037569
2026-03-02 09:00:00,66291.85,66734.37,66162.25,66168.7,294.27963962
2026-03-02 10:00:00,66168.71,66398.54,66081.12,66320.6,169.47635076
2026-03-02 11:00:00,66320.59,66470.0,66009.61,66363.54,251.70525742
2026-03-02 12:00:00,66363.54,66396.0,65908.88,65960.64,406.53213359
2026-03-02 13:00:00,65957.77,66144.27,65332.81,65427.85,477.25927572
2026-03-02 14:00:00,65427.84,67236.36,65250.12,67180.89,1737.13470324
2026-03-02 15:00:00,67178.88,69635.97,66993.01,69152.45,3065.32986567
2026-03-02 16:00:00,69152.44,70128.74,68939.16,69483.28,2440.95256292
2026-03-02 17:00:00,69483.28,69615.36,68802.67,69212.76,978.49569607
2026-03-02 18:00:00,69212.75,69297.75,68722.1,68902.9,1006.45519971
2026-03-02 19:00:00,68902.9,69086.71,68585.23,68975.38,1168.64468943
2026-03-02 20:00:00,68975.38,69533.37,68598.0,69128.01,1396.67352392
2026-03-02 21:00:00,69124.2,69553.89,69000.01,69425.28,576.41127566
2026-03-02 22:00:00,69425.28,69517.98,69152.55,69451.21,379.6198739
2026-03-02 23:00:00,69451.2,69496.85,68734.22,68832.01,429.17990361
2026-03-03 00:00:00,68832.0,69166.08,68640.75,69090.0,356.45960899
2026-03-03 01:00:00,69090.42,69255.36,68742.73,68753.77,235.58135669
2026-03-03 02:00:00,68753.78,68765.75,68217.01,68503.67,325.36473985
2026-03-03 03:00:00,68503.69,68546.81,68225.0,68366.38,172.75835023
2026-03-03 04:00:00,68368.32,68448.95,68038.0,68116.11,290.00417891
2026-03-03 05:00:00,68116.1,68564.0,67840.01,67935.06,397.97815657
2026-03-03 06:00:00,67937.43,68216.08,67788.0,68095.89,428.13170216
2026-03-03 07:00:00,68095.89,68262.33,67936.83,68164.02,239.72542724
2026-03-03 08:00:00,68164.03,68305.51,66895.01,66992.02,424.40811867
2026-03-03 09:00:00,66992.02,67178.54,66339.76,66642.61,724.24148061
2026-03-03 10:00:00,66640.84,67017.18,66430.0,66846.0,289.34236803
2026-03-03 11:00:00,66842.48,67150.24,66754.05,67008.74,286.52815883
2026-03-03 12:00:00,67008.75,67944.84,67008.75,67381.94,404.2461018
2026-03-03 13:00:00,67382.3,67422.04,66613.41,66920.05,425.975584
2026-03-03 14:00:00,66920.05,67579.99,66138.2,66550.32,850.55087918
2026-03-03 15:00:00,66550.32,67822.55,66439.58,67724.0,1074.20097742
2026-03-03 16:00:00,67722.01,69000.07,67489.85,68177.31,1456.93917648
2026-03-03 17:00:00,68182.66,68410.0,67631.7,68318.25,916.07836004
2026-03-03 18:00:00,68319.5,68927.13,67982.96,68649.04,1178.11304508
2026-03-03 19:00:00,68649.04,68897.3,68322.0,68437.92,707.7077322
2026-03-03 20:00:00,68438.67,68596.36,68086.99,68264.6,663.71229162
2026-03-03 21:00:00,68267.58,68267.6,67820.95,68015.36,372.80488086
2026-03-03 22:00:00,68017.98,68534.05,68017.97,68319.02,308.4640019
2026-03-03 23:00:00,68319.02,68854.99,68241.39,68335.99,294.41091724
2026-03-04 00:00:00,68335.99,68414.0,67863.33,68104.43,513.39824832
2026-03-04 01:00:00,68104.43,68926.71,67953.96,68421.38,529.24320538
2026-03-04 02:00:00,68421.37,68456.78,67969.06,68327.54,285.94704894
2026-03-04 03:00:00,68327.53,68395.05,67391.17,67730.25,418.66178492
2026-03-04 04:00:00,67728.0,67966.46,67455.89,67788.01,379.55181893
2026-03-04 05:00:00,67789.82,68371.47,67670.97,68205.5,266.06204111
2026-03-04 06:00:00,68205.49,68678.44,68034.81,68498.35,407.30622744
2026-03-04 07:00:00,68498.35,69669.72,68341.67,69496.32,572.87365399
2026-03-04 08:00:00,69496.32,71172.0,69142.76,71016.02,946.0774205
2026-03-04 09:00:00,71018.84,71909.77,70716.84,71523.96,1224.96261783
2026-03-04 10:00:00,71525.28,71928.3,71197.01,71350.2,683.07397865
2026-03-04 11:00:00,71350.21,71505.27,70929.01,71113.99,359.93448572
2026-03-04 12:00:00,71113.99,71366.93,70592.0,71350.01,712.46843362
2026-03-04 13:00:00,71350.01,71646.55,71216.95,71487.91,717.0090617
2026-03-04 14:00:00,71487.9,72663.01,71308.67,71652.58,2042.56918844
2026-03-04 15:00:00,71652.61,73533.0,71615.5,73428.0,1995.11919798
2026-03-04 16:00:00,73426.55,73566.14,72568.78,73349.61,1550.74316072
2026-03-04 17:00:00,73349.61,73800.0,72991.19,73256.95,1681.84092845
2026-03-04 18:00:00,73256.95,73750.0,72941.42,73734.91,1203.43877605
2026-03-04 19:00:00,73734.01,74100.0,73565.64,73673.05,1300.64530492
2026-03-04 20:00:00,73673.05,73778.02,73050.0,73077.92,1338.81547013
2026-03-04 21:00:00,73070.0,73385.95,72905.8,73348.33,929.69447952
2026-03-04 22:00:00,73348.32,73567.78,72639.0,72721.88,439.1925622
2026-03-04 23:00:00,72721.88,72899.4,72332.45,72683.26,644.14169631
2026-03-05 00:00:00,72683.26,73032.6,72574.99,72782.96,350.18231
2026-03-05 01:00:00,72782.96,73316.73,72423.09,72561.21,322.84253407
2026-03-05 02:00:00,72561.21,72913.11,72349.22,72518.01,295.08112477
2026-03-05 03:00:00,72521.97,72770.28,72355.0,72516.02,291.88643552
2026-03-05 04:00:00,72514.09,73099.99,72464.04,72835.98,266.80422986
2026-03-05 05:00:00,72837.53,72936.0,72261.78,72437.25,239.52341313
2026-03-05 06:00:00,72437.26,72694.65,72045.21,72563.48,293.71257457
2026-03-05 07:00:00,72563.47,72683.11,71786.77,72069.81,363.23596003
2026-03-05 08:00:00,72072.87,72391.54,71755.2,72350.59,208.7324744
2026-03-05 09:00:00,72350.59,72905.51,72305.38,72618.65,389.32631888
2026-03-05 10:00:00,72620.09,73588.24,72537.42,73417.14,497.10265603
2026-03-05 11:00:00,73417.13,73484.84,72796.35,72930.5,261.07052292
2026-03-05 12:00:00,72930.5,73087.98,72674.59,72903.14,289.09275702
2026-03-05 13:00:00,72903.14,72961.68,72208.62,72502.07,502.74183983
2026-03-05 14:00:00,72492.0,72860.35,71972.51,72638.0,885.26202693
2026-03-05 15:00:00,72639.41,72796.56,71168.9,71670.39,1039.8293364
2026-03-05 16:00:00,71673.29,71676.2,70803.33,71321.88,969.71409319
2026-03-05 17:00:00,71321.89,71586.0,70639.01,70702.39,728.34915809
2026-03-05 18:00:00,70702.38,71090.7,70646.97,70996.0,655.12249776
2026-03-05 19:00:00,70996.0,71437.59,70855.6,70910.88,599.41661989
2026-03-05 20:00:00,70908.06,71385.21,70836.0,71233.32,541.15335384
2026-03-05 21:00:00,71232.0,71575.75,71022.26,71141.64,407.1478477
2026-03-05 22:00:00,71141.64,71359.02,71071.32,71213.53,203.37885561
2026-03-05 23:00:00,71213.53,71306.02,70782.85,70887.6,291.00932019
2026-03-06 00:00:00,70887.61,71059.29,70776.01,70987.42,247.93001596
2026-03-06 01:00:00,70987.42,71311.71,70357.49,71258.0,483.48636687
2026-03-06 02:00:00,71258.0,71428.4,71038.92,71248.45,255.83467488
2026-03-06 03:00:00,71248.44,71305.63,70989.75,71082.01,154.265002
2026-03-06 04:00:00,71082.78,71120.4,70284.63,70614.06,368.34439292
2026-03-06 05:00:00,70614.06,70660.62,70130.52,70431.19,358.09177786
2026-03-06 06:00:00,70431.2,70846.86,70257.34,70597.02,152.31419968
2026-03-06 07:00:00,70599.47,71190.85,70470.33,71069.75,297.95737956
2026-03-06 08:00:00,71069.75,71078.89,70738.56,70794.76,194.177821
2026-03-06 09:00:00,70794.76,70822.08,70292.16,70562.89,174.32768351
2026-03-06 10:00:00,70564.31,70802.08,70460.69,70531.24,151.18702972
2026-03-06 11:00:00,70531.24,70643.51,70185.25,70211.49,213.79459138
2026-03-06 12:00:00,70213.97,70238.13,69655.89,69935.93,505.52264081
2026-03-06 13:00:00,69925.96,70336.71,69214.02,69226.86,678.5005018
2026-03-06 14:00:00,69226.86,69280.0,68164.23,68397.59,1761.00629303
2026-03-06 15:00:00,68399.87,69115.47,68298.9,68499.99,1212.99686983
2026-03-06 16:00:00,68498.35,68803.42,68210.02,68443.78,612.71790098
2026-03-06 17:00:00,68443.77,68650.89,67725.14,67948.83,823.29833413
2026-03-06 18:00:00,67946.46,68477.31,67940.79,68164.94,521.59645972
2026-03-06 19:00:00,68164.94,68472.05,67990.9,68114.5,484.01642875
2026-03-06 20:00:00,68114.51,68280.05,67752.71,68102.86,622.37523835
2026-03-06 21:00:00,68099.45,68332.66,67919.75,68284.83,431.25254386
2026-03-06 22:00:00,68284.83,68444.53,68224.22,68317.08,175.28870184
2026-03-06 23:00:00,68319.51,68369.16,68093.33,68108.24,164.93154731
2026-03-07 00:00:00,68108.23,68383.71,68100.01,68277.44,123.85998582
2026-03-07 01:00:00,68277.44,68361.79,68172.24,68251.14,122.78137257
2026-03-07 02:00:00,68251.14,68366.24,68050.0,68340.0,168.25277798
2026-03-07 03:00:00,68340.0,68544.79,68090.65,68090.87,208.89475581
2026-03-07 04:00:00,68090.88,68148.18,67803.01,68054.01,127.74268266
2026-03-07 05:00:00,68054.01,68143.86,67903.26,68013.83,137.2385141
2026-03-07 06:00:00,68013.83,68022.4,67565.51,67684.0,152.69899157
2026-03-07 07:00:00,67684.0,67861.49,67417.5,67840.82,179.55786252
2026-03-07 08:00:00,67840.82,68035.46,67714.62,67798.4,100.16319249
2026-03-07 09:00:00,67798.4,68072.29,67733.03,67996.86,55.27912074
2026-03-07 10:00:00,67996.86,68103.85,67872.0,67887.16,75.69358333
2026-03-07 11:00:00,67887.15,68240.61,67840.0,68010.31,113.09659648
2026-03-07 12:00:00,68010.31,68088.07,67893.46,67990.0,92.54338783
2026-03-07 13:00:00,67990.0,68082.81,67856.64,67922.4,114.86897483
2026-03-07 14:00:00,67922.4,68082.81,67602.69,68015.89,155.76986675
2026-03-07 15:00:00,68017.05,68035.47,67777.73,67874.75,111.08853949
2026-03-07 16:00:00,67874.75,67900.0,67698.84,67788.26,100.16292705
2026-03-07 17:00:00,67788.25,67939.73,67764.59,67783.84,70.1246998
2026-03-07 18:00:00,67777.73,67787.37,67476.07,67567.33,175.47800443
2026-03-07 19:00:00,67567.32,67572.59,66921.33,67080.78,316.18537467
2026-03-07 20:00:00,67080.79,67433.19,67067.63,67396.68,149.96032478
2026-03-07 21:00:00,67396.68,67481.56,67278.04,67451.74,164.59767693
2026-03-07 22:00:00,67451.74,67472.65,67088.06,67262.01,138.5046994
2026-03-07 23:00:00,67262.01,67404.27,67185.98,67259.62,90.50716705
2026-03-08 00:00:00,67259.62,67485.99,67169.46,67189.25,102.42899225
2026-03-08 01:00:00,67189.25,67350.0,67080.68,67292.02,115.59974078
2026-03-08 02:00:00,67292.01,67424.0,66818.7,66921.35,221.7178335
2026-03-08 03:00:00,66922.69,67082.11,66844.09,67001.16,149.26896039
2026-03-08 04:00:00,66997.82,67089.85,66541.97,66631.06,193.7348532
2026-03-08 05:00:00,66631.06,67243.84,66613.27,67145.98,133.72903146
2026-03-08 06:00:00,67145.98,67234.0,67029.04,67162.04,75.75182135
2026-03-08 07:00:00,67162.05,67454.99,67149.17,67314.86,108.19024829
2026-03-08 08:00:00,67314.85,67568.28,67157.06,67527.89,113.61529793
2026-03-08 09:00:00,67527.89,67891.53,67466.0,67689.99,115.23603401
2026-03-08 10:00:00,67689.99,68201.16,67684.41,67896.09,141.02517417
2026-03-08 11:00:00,67896.08,67896.08,67405.01,67514.12,109.15087272
2026-03-08 12:00:00,67514.12,67645.34,66891.17,67315.43,164.22162162
2026-03-08 13:00:00,67315.43,67427.94,66813.23,67231.98,213.37206138
2026-03-08 14:00:00,67231.98,67424.67,67049.22,67334.52,144.97909582
2026-03-08 15:00:00,67334.51,67367.44,67067.56,67201.03,147.69772768
2026-03-08 16:00:00,67201.02,67259.62,66800.0,66867.19,196.29264543
2026-03-08 17:00:00,66867.19,67175.45,66781.93,67057.0,158.24682976
2026-03-08 18:00:00,67056.02,67075.01,66731.02,66805.84,170.83962205
2026-03-08 19:00:00,66805.83,67463.44,66777.0,67333.26,250.53084812
2026-03-08 20:00:00,67333.25,67535.6,67019.58,67218.0,250.66924476
2026-03-08 21:00:00,67220.17,67259.62,66669.81,67007.13,185.30950618
2026-03-08 22:00:00,67009.77,67020.44,65618.51,66239.95,1636.65807892
2026-03-08 23:00:00,66239.94,66576.02,65920.76,65970.56,406.91312371
2026-03-09 00:00:00,65970.56,66759.91,65820.93,66354.36,485.00527582
2026-03-09 01:00:00,66354.35,66695.29,66100.02,66194.01,435.20037582
2026-03-09 02:00:00,66194.01,66720.64,65941.83,66533.43,390.55138812
2026-03-09 03:00:00,66533.44,67668.72,66507.45,67201.76,492.28023552
2026-03-09 04:00:00,67200.76,67603.0,67102.1,67150.63,470.84875582
2026-03-09 05:00:00,67150.63,68055.63,67112.35,67901.55,373.62996771
2026-03-09 06:00:00,67901.55,67927.63,67228.02,67255.0,177.93203706
2026-03-09 07:00:00,67255.81,67556.0,66871.39,67533.14,243.32846519
2026-03-09 08:00:00,67535.77,67920.57,67377.98,67806.0,226.3460183
2026-03-09 09:00:00,67806.0,68457.47,67555.34,67974.97,350.5276324
2026-03-09 10:00:00,67974.98,68077.96,67540.6,67592.67,265.02408113
2026-03-09 11:00:00,67592.67,67847.02,67326.48,67755.33,162.69185096
2026-03-09 12:00:00,67755.33,68351.33,67741.44,68150.04,370.10538442
2026-03-09 13:00:00,68150.05,69324.94,68125.21,68988.3,1370.17135486
2026-03-09 14:00:00,68983.2,69500.0,68702.95,69172.01,1696.48071323
2026-03-09 15:00:00,69172.01,69288.0,68735.2,68885.47,1078.34503166
2026-03-09 16:00:00,68887.07,69248.48,68647.62,68968.04,816.35071537
2026-03-09 17:00:00,68968.04,69111.12,68252.14,68611.96,581.24004352
2026-03-09 18:00:00,68611.96,68728.27,68238.72,68365.46,644.18449262
2026-03-09 19:00:00,68365.47,69543.0,68365.47,69012.12,1321.66878092
2026-03-09 20:00:00,69012.13,69179.32,68767.93,68973.85,623.97226341
2026-03-09 21:00:00,68973.84,69122.99,68664.97,68922.05,194.57134875
2026-03-09 22:00:00,68922.04,69051.91,68602.81,68640.11,272.74849792
2026-03-09 23:00:00,68645.39,68710.25,68375.01,68432.17,260.75144326
2026-03-10 00:00:00,68432.16,69304.54,68383.5,69160.19,294.49938021
2026-03-10 01:00:00,69157.93,69396.43,68796.23,69265.98,210.28241553
2026-03-10 02:00:00,69254.53,70603.99,69094.6,70279.04,494.21964817
2026-03-10 03:00:00,70279.04,70378.0,69358.16,69430.34,420.13917592
2026-03-10 04:00:00,69429.42,70145.39,69429.42,70073.74,204.34471488
2026-03-10 05:00:00,70075.0,70368.01,69888.01,69973.8,173.29089535
2026-03-10 06:00:00,69973.8,70193.76,69760.09,69919.17,185.49615443
2026-03-10 07:00:00,69918.0,70534.67,69834.97,70413.22,349.115034
2026-03-10 08:00:00,70415.27,71089.9,70379.99,70692.97,408.44412824
2026-03-10 09:00:00,70699.98,71305.04,70660.23,71067.99,404.25869937
2026-03-10 10:00:00,71067.99,71096.33,70677.5,70777.62,278.58966181
2026-03-10 11:00:00,70777.62,70882.59,70547.51,70605.18,263.70621737
2026-03-10 12:00:00,70605.17,70642.8,70305.84,70537.56,487.83174558
2026-03-10 13:00:00,70539.56,70944.12,69710.0,69920.2,834.04662395
2026-03-10 14:00:00,69920.2,71538.46,69275.01,71481.24,1607.22628374
2026-03-10 15:00:00,71481.24,71800.0,70920.0,71370.62,1113.29935709
2026-03-10 16:00:00,71370.62,71730.94,70962.9,71291.52,1161.64159803
2026-03-10 17:00:00,71290.91,71485.0,70534.97,70891.96,972.22319459
2026-03-10 18:00:00,70891.97,70942.01,69893.7,70026.99,814.74865182
2026-03-10 19:00:00,70026.99,70301.68,69729.87,70055.27,812.14362047
2026-03-10 20:00:00,70055.28,70362.78,70005.15,70254.98,633.50834093
2026-03-10 21:00:00,70254.98,70433.35,69550.94,69769.3,555.62231986
2026-03-10 22:00:00,69769.3,69883.92,69459.84,69714.43,304.61675201
2026-03-10 23:00:00,69714.42,69988.69,69701.01,69960.83,339.13938612
2026-03-11 00:00:00,69960.83,70187.74,69766.74,70053.06,347.96412009
2026-03-11 01:00:00,70054.11,70163.01,69891.96,70089.48,224.14374847
2026-03-11 02:00:00,70089.48,70137.21,69623.04,69828.11,216.08729558
2026-03-11 03:00:00,69820.9,69907.5,69500.0,69556.0,157.20954936
2026-03-11 04:00:00,69561.84,70279.02,69500.31,70141.62,153.64352469
2026-03-11 05:00:00,70141.4,70212.19,69426.01,69508.02,210.82911071
2026-03-11 06:00:00,69508.01,70003.79,69491.18,69945.73,134.64393785
2026-03-11 07:00:00,69945.74,70033.49,69504.48,69659.45,150.67922693
2026-03-11 08:00:00,69660.72,69783.66,69505.0,69660.72,121.21506148
2026-03-11 09:00:00,69660.72,69757.84,69388.08,69472.01,137.87264685
2026-03-11 10:00:00,69472.01,69729.33,69389.99,69616.08,157.25413235
2026-03-11 11:00:00,69613.36,69690.3,69155.74,69179.97,185.01449373
2026-03-11 12:00:00,69179.96,69773.79,68980.74,69366.2,377.76604018
2026-03-11 13:00:00,69366.19,71104.96,69335.02,70192.1,1080.71239409
2026-03-11 14:00:00,70189.99,71019.25,69963.36,70599.99,1159.8938513
2026-03-11 15:00:00,70600.0,70677.5,69724.0,70252.8,548.79231101
2026-03-11 16:00:00,70252.8,70850.0,70176.0,70597.96,570.02542928
2026-03-11 17:00:00,70596.13,71358.48,70521.92,70802.31,1026.47207957
2026-03-11 18:00:00,70800.94,70928.45,70435.0,70644.66,677.19402655
2026-03-11 19:00:00,70644.67,70772.0,70378.01,70670.11,592.26743409
2026-03-11 20:00:00,70672.95,70733.39,70414.7,70651.31,575.29770274
2026-03-11 21:00:00,70651.32,70805.18,70505.96,70758.67,372.77973005
2026-03-11 22:00:00,70760.01,70843.78,70255.92,70390.94,397.90637178
2026-03-11 23:00:00,70390.92,70527.24,70154.84,70208.0,276.06448621
2026-03-12 00:00:00,70208.03,70364.97,70144.01,70229.32,164.3466245
2026-03-12 01:00:00,70229.32,70237.29,69763.82,69849.93,316.05092549
2026-03-12 02:00:00,69845.99,69899.48,69224.09,69295.67,319.78136492
2026-03-12 03:00:00,69295.67,69630.82,69243.06,69449.46,141.1376064
2026-03-12 04:00:00,69449.9,69690.35,69301.89,69375.72,133.71533355
2026-03-12 05:00:00,69375.71,69556.04,69180.01,69474.34,124.2591655
2026-03-12 06:00:00,69474.34,69568.3,69362.17,69501.93,139.66298204
2026-03-12 07:00:00,69503.14,69858.06,69415.36,69826.22,165.30225264
2026-03-12 08:00:00,69826.21,70120.21,69702.64,69915.45,173.15521985
2026-03-12 09:00:00,69915.45,70398.02,69588.26,69958.02,214.60646405
2026-03-12 10:00:00,69958.02,70527.41,69856.92,70431.09,265.56826787
2026-03-12 11:00:00,70431.09,70819.84,70380.95,70439.47,369.09682497
2026-03-12 12:00:00,70441.94,70639.12,70293.17,70401.1,334.37433531
2026-03-12 13:00:00,70401.1,70550.28,69703.9,69994.43,823.36327972
2026-03-12 14:00:00,69994.46,70694.0,69359.19,69600.89,1247.09523802
2026-03-12 15:00:00,69600.0,70592.04,69474.1,70353.53,964.33309513
2026-03-12 16:00:00,70353.52,70591.97,69913.92,70405.94,859.53509255
2026-03-12 17:00:00,70405.94,70578.17,70081.56,70235.3,516.9424958
2026-03-12 18:00:00,70235.31,70325.99,69806.89,69832.88,381.91777988
2026-03-12 19:00:00,69833.6,70579.99,69778.0,70462.0,777.44637842
2026-03-12 20:00:00,70458.0,70576.11,70113.93,70175.69,650.15872978
2026-03-12 21:00:00,70175.68,70481.07,70175.68,70279.13,155.9726576
2026-03-12 22:00:00,70279.12,70316.57,70014.79,70178.55,170.07469827
2026-03-12 23:00:00,70178.56,70750.0,70160.31,70531.56,300.52365452
2026-03-13 00:00:00,70530.02,72023.92,70398.01,71480.68,927.66932884
2026-03-13 01:00:00,71479.22,71768.43,71282.97,71672.15,343.46689281
2026-03-13 02:00:00,71672.15,71699.05,71053.08,71148.3,312.03402652
2026-03-13 03:00:00,71148.3,71514.63,70962.51,71411.23,228.58171541
2026-03-13 04:00:00,71410.17,71506.91,71247.33,71392.87,214.42654336
2026-03-13 05:00:00,71392.86,71651.24,71239.87,71557.97,312.13243235
2026-03-13 06:00:00,71557.98,71604.85,71186.39,71359.1,193.4867017
2026-03-13 07:00:00,71359.1,71685.55,71247.35,71632.03,263.67151597
2026-03-13 08:00:00,71632.02,72170.99,71389.01,71844.78,432.2556802
2026-03-13 09:00:00,71844.77,72133.6,71594.68,72017.99,229.57919165
2026-03-13 10:00:00,72017.99,72609.3,72009.95,72483.94,542.82432166
2026-03-13 11:00:00,72483.94,72550.32,72219.99,72246.3,263.54390067
2026-03-13 12:00:00,72246.29,72900.01,72223.78,72810.19,527.39399979
2026-03-13 13:00:00,72807.65,73633.63,72705.01,73414.64,1317.03913452
2026-03-13 14:00:00,73414.0,73968.0,72379.31,72423.34,1444.20635679
2026-03-13 15:00:00,72422.56,72869.07,71743.88,71849.53,1147.93805601
2026-03-13 16:00:00,71849.53,72125.73,71157.29,71904.49,805.21377376
2026-03-13 17:00:00,71901.98,72272.91,70900.03,71043.02,803.29071661
2026-03-13 18:00:00,71043.02,71364.79,70836.25,71061.76,558.07741977
2026-03-13 19:00:00,71061.76,71325.0,71011.49,71190.64,447.92759704
2026-03-13 20:00:00,71190.64,71490.12,71151.64,71359.88,312.67363008
2026-03-13 21:00:00,71359.88,71500.96,71069.89,71110.76,171.60474283
2026-03-13 22:00:00,71110.77,71210.86,70555.59,70825.07,328.86659166
2026-03-13 23:00:00,70827.51,71026.24,70710.73,70944.33,176.31206821
2026-03-14 00:00:00,70944.32,70961.84,70567.65,70640.67,204.6340469
2026-03-14 01:00:00,70640.64,70919.57,70490.02,70839.2,209.76813793
2026-03-14 02:00:00,70836.29,70914.11,70745.94,70796.94,124.23338763
2026-03-14 03:00:00,70798.64,71182.72,70798.64,71087.41,136.45005039
2026-03-14 04:00:00,71087.41,71316.0,71027.04,71040.24,189.75894682
2026-03-14 05:00:00,71040.24,71163.31,70923.88,71028.99,126.35880364
2026-03-14 06:00:00,71028.99,71028.99,70236.02,70638.29,325.95794402
2026-03-14 07:00:00,70640.64,70762.4,70491.15,70617.28,126.07993986
2026-03-14 08:00:00,70617.27,70728.19,70550.12,70599.63,93.09027322
2026-03-14 09:00:00,70599.64,70741.4,70404.14,70523.99,129.33087741
2026-03-14 10:00:00,70520.92,70592.45,70372.99,70580.02,88.75219288
2026-03-14 11:00:00,70580.01,70789.62,70570.56,70754.52,88.30433203
2026-03-14 12:00:00,70754.51,70852.15,70623.12,70784.01,125.97192135
2026-03-14 13:00:00,70784.0,70940.58,70709.43,70865.49,115.13124887
2026-03-14 14:00:00,70869.42,70969.99,70581.96,70616.48,137.27335341
2026-03-14 15:00:00,70616.47,70739.92,70503.41,70597.33,114.8866925
2026-03-14 16:00:00,70597.32,70725.32,70509.25,70694.21,102.91856412
2026-03-14 17:00:00,70690.3,70750.0,70597.89,70633.0,78.68010042
2026-03-14 18:00:00,70633.0,70720.0,70560.01,70672.77,72.81633325
2026-03-14 19:00:00,70672.77,70751.6,70606.26,70717.99,81.02092585
2026-03-14 20:00:00,70717.98,70874.98,70661.09,70821.57,124.28693468
2026-03-14 21:00:00,70821.57,70839.79,70674.36,70822.33,84.84299874
2026-03-14 22:00:00,70822.33,70822.94,70712.13,70731.15,79.29896373
2026-03-14 23:00:00,70731.14,71263.99,70731.14,71232.02,214.23642357
2026-03-15 00:00:00,71232.01,71232.01,70971.06,71002.73,246.13721839
2026-03-15 01:00:00,71002.72,71052.37,70868.41,71001.14,232.14792797
2026-03-15 02:00:00,71001.14,71633.44,71001.14,71458.53,260.21004172
2026-03-15 03:00:00,71458.03,71537.07,71242.18,71364.6,182.56955645
2026-03-15 04:00:00,71364.6,71675.59,71334.74,71596.02,174.43685909
2026-03-15 05:00:00,71598.4,71802.0,71481.6,71500.16,149.02480512
2026-03-15 06:00:00,71500.17,71608.17,71394.53,71462.0,113.77937317
2026-03-15 07:00:00,71461.99,71685.18,71413.49,71464.07,101.08120827
2026-03-15 08:00:00,71464.07,71734.05,71464.07,71723.85,130.36069199
2026-03-15 09:00:00,71723.85,71957.56,71715.2,71798.88,162.41131139
2026-03-15 10:00:00,71798.87,71925.98,71726.59,71794.0,63.24055433
2026-03-15 11:00:00,71794.0,71900.0,71674.32,71856.99,104.28062826
2026-03-15 12:00:00,71856.98,71856.99,71580.89,71624.85,95.28635685
2026-03-15 13:00:00,71624.85,71697.68,71274.01,71610.09,277.09167506
2026-03-15 14:00:00,71610.08,71636.36,71351.84,71633.43,176.62446752
2026-03-15 15:00:00,71633.42,71633.42,71420.28,71484.91,123.59624309
2026-03-15 16:00:00,71484.92,71603.09,71334.31,71448.09,200.15623986
2026-03-15 17:00:00,71448.09,71999.5,71420.29,71832.0,165.24000422
2026-03-15 18:00:00,71832.01,71900.0,71328.01,71398.78,213.79504148
2026-03-15 19:00:00,71398.79,71586.71,71346.0,71565.09,122.86421518
2026-03-15 20:00:00,71565.09,71935.99,71437.53,71739.41,165.47922497
2026-03-15 21:00:00,71739.41,72299.13,71636.75,72112.32,293.78126793
2026-03-15 22:00:00,72115.24,73090.68,71729.81,72763.99,1203.32586319
2026-03-15 23:00:00,72766.4,73220.8,72414.0,72830.01,828.69867099
2026-03-16 00:00:00,72830.01,73032.41,72444.55,72547.4,410.01868931
2026-03-16 01:00:00,72547.4,72878.0,72276.24,72774.28,387.20549221
2026-03-16 02:00:00,72774.28,72875.75,72379.87,72532.8,220.61533996
2026-03-16 03:00:00,72529.88,74295.46,72442.17,73575.57,1186.21172495
2026-03-16 04:00:00,73575.56,74444.0,73575.56,73841.43,679.73296657
2026-03-16 05:00:00,73841.43,74252.68,73710.0,74201.02,525.23047307
2026-03-16 06:00:00,74201.02,74205.33,73610.29,73717.82,327.79664044
2026-03-16 07:00:00,73717.78,73932.54,73384.32,73465.3,326.29874887
2026-03-16 08:00:00,73466.69,73782.26,72877.64,73143.72,410.32686008
2026-03-16 09:00:00,73143.72,73354.29,73065.49,73263.95,284.15951719
2026-03-16 10:00:00,73262.8,73804.11,73213.13,73802.0,361.07051861
2026-03-16 11:00:00,73801.78,73844.93,73524.68,73563.79,282.67479004
2026-03-16 12:00:00,73564.66,74058.19,73456.5,73872.37,418.33936946
2026-03-16 13:00:00,73872.36,74547.5,73800.0,74132.01,941.0725146
2026-03-16 14:00:00,74132.02,74483.99,72992.12,73579.38,1119.65340243
2026-03-16 15:00:00,73579.39,74055.14,73195.02,73279.9,691.45448145
2026-03-16 16:00:00,73279.9,73944.44,73172.43,73767.05,494.42460968
2026-03-16 17:00:00,73770.73,74074.95,73656.92,73949.99,431.40065094
2026-03-16 18:00:00,73949.94,74382.99,73845.03,73921.78,771.41010343
2026-03-16 19:00:00,73921.78,74420.0,73796.98,73969.53,485.45728646
2026-03-16 20:00:00,73969.99,74277.91,73863.64,74243.1,281.35289569
2026-03-16 21:00:00,74243.11,74799.0,74156.11,74407.46,569.07441658
2026-03-16 22:00:00,74406.46,74913.69,74361.01,74764.04,605.83961902
2026-03-16 23:00:00,74767.02,74911.0,74251.24,74886.47,446.61042598
2026-03-17 00:00:00,74886.46,75495.0,74606.61,75320.37,909.0788715
2026-03-17 01:00:00,75320.37,76022.6,75094.27,75627.23,696.38502234
2026-03-17 02:00:00,75627.23,75687.94,75120.01,75200.86,350.19316004
2026-03-17 03:00:00,75200.86,75330.06,74265.01,74468.66,689.51277473
2026-03-17 04:00:00,74468.66,74695.4,74000.0,74249.96,360.55714014
2026-03-17 05:00:00,74249.96,74465.15,73779.92,74048.0,273.77992189
2026-03-17 06:00:00,74048.85,74283.52,73886.24,74086.51,177.98919376
2026-03-17 07:00:00,74086.51,74461.01,74070.36,74252.1,146.62099125
2026-03-17 08:00:00,74252.09,74466.0,74112.35,74193.87,213.10898086
2026-03-17 09:00:00,74193.87,74413.94,73842.96,73951.17,202.52786468
2026-03-17 10:00:00,73951.17,73983.19,73588.25,73737.41,302.83468073
2026-03-17 11:00:00,73736.95,74233.48,73684.78,74045.4,323.89235796
2026-03-17 12:00:00,74045.4,74190.02,73675.16,73744.94,461.90947914
2026-03-17 13:00:00,73744.92,74195.22,73400.01,73641.98,873.83820152
2026-03-17 14:00:00,73640.98,74452.47,73441.18,74410.51,711.90532904
2026-03-17 15:00:00,74413.12,74934.42,73694.77,73941.45,990.56053917
2026-03-17 16:00:00,73941.46,74378.92,73886.99,74182.41,532.29981019
2026-03-17 17:00:00,74182.4,74629.83,74029.41,74546.73,572.87402463
2026-03-17 18:00:00,74546.74,74799.0,74411.18,74706.76,841.49719502
2026-03-17 19:00:00,74709.25,74851.08,74452.07,74542.28,690.75753439
2026-03-17 20:00:00,74540.71,74711.85,74393.12,74533.45,268.46232722
2026-03-17 21:00:00,74533.46,74834.45,74484.89,74717.11,194.5593744
2026-03-17 22:00:00,74717.13,74808.1,73954.51,74334.48,314.08946418
2026-03-17 23:00:00,74334.48,74436.58,73900.0,73934.11,259.79382025
2026-03-18 00:00:00,73934.11,74089.19,73547.51,73885.06,292.11409505
2026-03-18 01:00:00,73885.06,74244.52,73842.66,74104.9,337.88357762
2026-03-18 02:00:00,74104.87,74520.43,74069.81,74374.01,167.36230336
2026-03-18 03:00:00,74373.6,74700.0,74277.85,74478.75,161.50121056
2026-03-18 04:00:00,74478.75,74524.08,74161.5,74200.01,128.24224668
2026-03-18 05:00:00,74200.01,74332.78,73850.0,73977.74,153.95085193
2026-03-18 06:00:00,73977.73,74249.84,73956.21,73971.27,81.30989715
2026-03-18 07:00:00,73971.28,74017.17,73700.12,73895.3,141.83920799
2026-03-18 08:00:00,73895.3,74137.5,73873.11,74061.76,115.28304376
2026-03-18 09:00:00,74061.75,74317.56,74050.41,74197.12,97.24444841
2026-03-18 10:00:00,74197.12,74282.21,73827.6,73954.49,102.72408784
2026-03-18 11:00:00,73954.32,74095.07,72805.34,72962.74,577.39300401
2026-03-18 12:00:00,72962.74,72995.23,72275.94,72381.77,633.69453056
2026-03-18 13:00:00,72384.19,72572.32,71975.95,72144.35,917.3330073
2026-03-18 14:00:00,72144.36,72238.2,71107.84,71199.76,842.12261834
2026-03-18 15:00:00,71201.46,71575.22,70863.85,71470.96,780.81132395
2026-03-18 16:00:00,71470.96,71568.44,71011.01,71323.91,741.19572608
2026-03-18 17:00:00,71323.9,71761.92,71192.32,71598.74,407.37779534
2026-03-18 18:00:00,71598.74,72031.14,70940.62,71103.89,607.33604648
2026-03-18 19:00:00,71097.91,71487.44,70917.11,71065.73,590.75627343
2026-03-18 20:00:00,71065.73,71325.0,70474.83,71221.72,709.38108771
2026-03-18 21:00:00,71218.8,71435.56,71150.0,71259.68,286.45387147
2026-03-18 22:00:00,71259.68,71275.41,70936.47,71150.0,228.99940156
2026-03-18 23:00:00,71149.99,71366.91,71060.19,71245.02,145.80485392
2026-03-19 00:00:00,71245.01,71311.31,70974.93,71004.91,155.69906571
2026-03-19 01:00:00,71004.92,71190.01,70950.23,71120.0,120.13558949
2026-03-19 02:00:00,71120.01,71265.56,70906.52,71062.12,143.47977221
2026-03-19 03:00:00,71063.49,71628.0,71063.49,71215.89,204.95824876
2026-03-19 04:00:00,71215.88,71215.89,70650.0,70824.61,232.36666111
2026-03-19 05:00:00,70824.61,70912.58,70650.0,70823.94,119.69919541
2026-03-19 06:00:00,70823.94,70968.02,70505.9,70587.88,133.44442517
2026-03-19 07:00:00,70587.91,70602.68,69500.0,70199.73,582.70272755
2026-03-19 08:00:00,70199.73,70314.49,69907.72,69999.05,169.16542703
2026-03-19 09:00:00,69999.04,70570.55,69980.0,70504.14,208.17623074
2026-03-19 10:00:00,70503.91,70545.0,70110.54,70129.69,124.47927752
2026-03-19 11:00:00,70131.46,70262.84,69902.52,69950.0,193.89437012
2026-03-19 12:00:00,69950.0,69950.0,69100.0,69291.6,569.03831813
2026-03-19 13:00:00,69294.51,70083.31,69078.1,69900.0,636.39727917
2026-03-19 14:00:00,69899.99,70153.32,69079.44,69478.49,641.66786337
2026-03-19 15:00:00,69478.48,69919.39,68772.78,69402.15,1038.38341177
2026-03-19 16:00:00,69408.9,69643.14,69163.05,69447.3,351.33227276
2026-03-19 17:00:00,69449.31,69947.99,69101.81,69853.51,381.31993545
2026-03-19 18:00:00,69853.51,69929.79,69569.08,69814.2,256.90145959
2026-03-19 19:00:00,69814.9,70600.0,69798.78,70265.41,689.38484611
2026-03-19 20:00:00,70262.93,70673.85,70179.85,70480.85,233.93807999
2026-03-19 21:00:00,70480.86,70699.99,70375.0,70411.61,151.10936366
2026-03-19 22:00:00,70411.6,70502.93,69951.28,70189.25,189.80381544
2026-03-19 23:00:00,70189.25,70289.51,69718.45,69918.3,266.5478288
2026-03-20 00:00:00,69917.19,70308.64,69831.0,70195.82,143.77293268
2026-03-20 01:00:00,70195.82,70599.74,70181.83,70408.74,187.02412843
2026-03-20 02:00:00,70408.73,70513.56,70080.02,70414.39,172.18362589
2026-03-20 03:00:00,70414.38,70823.73,70383.6,70729.69,264.41503137
2026-03-20 04:00:00,70722.63,70967.35,70550.0,70778.0,190.37267478
2026-03-20 05:00:00,70778.0,70868.36,70521.5,70593.45,134.75675601
2026-03-20 06:00:00,70594.26,70645.0,70345.99,70495.35,106.05755403
2026-03-20 07:00:00,70495.34,70923.96,70206.01,70850.25,149.59582148
2026-03-20 08:00:00,70850.25,71384.62,70790.59,71038.86,315.63854954
2026-03-20 09:00:00,71040.63,71040.63,70407.62,70579.69,263.02334547
2026-03-20 10:00:00,70578.23,70667.45,70202.74,70607.67,227.40957183
2026-03-20 11:00:00,70607.67,70811.1,70300.0,70472.89,213.25987249
2026-03-20 12:00:00,70472.89,70679.96,70211.09,70334.83,242.70288671
2026-03-20 13:00:00,70330.61,70628.45,69775.92,69848.28,583.54125844
2026-03-20 14:00:00,69848.28,70263.06,69568.05,69717.49,1000.21046171
2026-03-20 15:00:00,69719.24,69998.21,69462.28,69849.86,465.89437266
2026-03-20 16:00:00,69849.86,70092.17,69581.62,69810.85,237.25666894
2026-03-20 17:00:00,69810.85,70008.25,69360.0,69977.09,411.30826134
2026-03-20 18:00:00,69976.52,70057.24,69504.51,69745.97,400.3136478
2026-03-20 19:00:00,69745.97,70188.82,69639.52,70169.39,433.99008568
2026-03-20 20:00:00,70169.39,70250.0,69736.17,70046.25,373.48257155
2026-03-20 21:00:00,70046.25,70717.21,69935.0,70531.65,324.59231432
2026-03-20 22:00:00,70528.51,70913.08,70525.34,70764.38,265.94381322
2026-03-20 23:00:00,70764.38,70766.01,70386.07,70497.01,209.14735238
2026-03-21 00:00:00,70497.01,70813.26,70460.23,70672.02,109.73399425
2026-03-21 01:00:00,70672.03,70754.28,70454.87,70456.05,58.96071356
2026-03-21 02:00:00,70456.06,70774.03,70423.8,70722.01,67.95349461
2026-03-21 03:00:00,70722.02,70770.49,70610.47,70654.1,53.61650223
2026-03-21 04:00:00,70654.09,70818.24,70587.64,70629.15,113.77991588
2026-03-21 05:00:00,70629.15,70821.46,70615.18,70695.3,53.28584929
2026-03-21 06:00:00,70695.29,70817.7,70665.34,70762.26,48.6220399
2026-03-21 07:00:00,70755.31,70870.18,70663.93,70713.49,66.57648504
2026-03-21 08:00:00,70713.49,70752.45,70471.23,70584.04,164.31269449
2026-03-21 09:00:00,70584.04,70728.5,70560.01,70651.74,48.45300944
2026-03-21 10:00:00,70651.74,70682.85,70542.83,70596.88,92.74892484
2026-03-21 11:00:00,70596.88,70643.63,70556.86,70637.76,60.62981714
2026-03-21 12:00:00,70637.76,70783.65,70637.76,70699.31,48.41132714
2026-03-21 13:00:00,70699.31,70816.08,70681.67,70717.52,78.46908148
2026-03-21 14:00:00,70717.52,71075.92,70579.63,70614.45,144.01548833
2026-03-21 15:00:00,70617.03,70750.0,70422.89,70616.7,125.48938638
2026-03-21 16:00:00,70616.71,70648.19,70231.5,70298.51,114.82960001
2026-03-21 17:00:00,70298.5,70417.76,70198.01,70287.0,183.85675476
2026-03-21 18:00:00,70289.71,70513.21,70276.0,70360.24,165.00425361
2026-03-21 19:00:00,70363.73,70442.43,70298.87,70376.86,104.38823438
2026-03-21 20:00:00,70376.87,70490.7,70335.19,70449.32,165.6377274
2026-03-21 21:00:00,70449.31,70500.0,70250.0,70342.66,117.85460813
2026-03-21 22:00:00,70342.66,70367.85,70245.01,70259.15,133.69134572
2026-03-21 23:00:00,70258.43,70275.22,68562.13,68912.02,536.38687842
2026-03-22 00:00:00,68912.02,69140.0,68226.04,68934.97,537.29227451
2026-03-22 01:00:00,68934.97,69089.0,68750.0,68956.64,201.51227813
2026-03-22 02:00:00,68956.65,69397.65,68936.0,69268.37,187.05581486
2026-03-22 03:00:00,69268.36,69577.0,69108.49,69335.71,137.98260161
2026-03-22 04:00:00,69335.7,69517.16,69185.14,69340.35,110.50849113
2026-03-22 05:00:00,69340.34,69349.71,69137.0,69142.85,130.57642017
2026-03-22 06:00:00,69142.84,69230.7,69056.54,69151.99,63.12296083
2026-03-22 07:00:00,69151.99,69236.44,68872.06,68904.52,73.2830468
2026-03-22 08:00:00,68904.52,68972.4,68550.0,68785.81,131.79176537
2026-03-22 09:00:00,68785.81,68887.26,68573.24,68812.29,70.38919344
2026-03-22 10:00:00,68812.29,68836.95,68575.01,68636.09,56.4193292
2026-03-22 11:00:00,68636.09,68679.44,68120.0,68209.8,186.48884832
2026-03-22 12:00:00,68209.8,68749.97,68184.91,68644.84,185.42764203
2026-03-22 13:00:00,68644.84,68944.05,68527.42,68699.04,122.12817911
2026-03-22 14:00:00,68699.04,68917.31,68531.41,68710.77,119.45799507
2026-03-22 15:00:00,68710.77,69000.0,68701.52,68844.55,137.04339443
2026-03-22 16:00:00,68844.55,68877.9,68666.85,68800.01,80.9175124
2026-03-22 17:00:00,68800.01,68855.85,68664.0,68665.55,80.30743999
2026-03-22 18:00:00,68665.54,68751.0,68335.59,68610.22,133.16995891
2026-03-22 19:00:00,68610.22,68625.9,68125.01,68199.18,202.6524385
2026-03-22 20:00:00,68199.18,68499.11,68077.0,68167.08,157.69061603
2026-03-22 21:00:00,68167.08,68225.85,67332.05,67894.18,600.34660566
2026-03-22 22:00:00,67890.08,68387.73,67561.21,68318.21,625.77971252
2026-03-22 23:00:00,68320.35,68460.0,67817.41,67844.94,558.55418883
2026-03-23 00:00:00,67844.94,68143.43,67425.0,67652.0,325.301093
2026-03-23 01:00:00,67650.66,68144.0,67514.0,67888.8,281.92180885
2026-03-23 02:00:00,67888.8,68385.05,67785.0,68301.46,312.66850154
2026-03-23 03:00:00,68301.46,68577.14,68046.31,68063.13,198.88347993
2026-03-23 04:00:00,68063.13,68537.77,68034.2,68525.09,155.03515106
2026-03-23 05:00:00,68525.09,68903.87,68525.0,68883.58,321.4186291
2026-03-23 06:00:00,68883.58,68886.72,67676.01,67858.74,288.62721149
2026-03-23 07:00:00,67860.73,68443.19,67485.61,68317.2,353.30221391
2026-03-23 08:00:00,68317.2,68679.44,68310.47,68414.86,215.4787795
2026-03-23 09:00:00,68414.87,68458.92,67898.07,68322.94,183.21902101
2026-03-23 10:00:00,68323.86,68703.99,68282.13,68530.98,192.88627453
2026-03-23 11:00:00,68530.94,71491.46,68523.56,70103.4,1812.30261719
2026-03-23 12:00:00,70103.4,70856.4,69649.65,70719.26,576.72467345
2026-03-23 13:00:00,70719.27,71592.04,70568.7,71473.97,857.14149119
2026-03-23 14:00:00,71474.98,71811.0,71100.0,71448.24,1366.29263608
2026-03-23 15:00:00,71449.43,71685.8,70075.56,70104.0,760.91412016
2026-03-23 16:00:00,70104.0,70736.31,70100.74,70549.0,385.43503891
2026-03-23 17:00:00,70552.26,71111.99,70339.38,71067.48,356.93524393
2026-03-23 18:00:00,71067.48,71187.25,70856.41,71074.81,339.02187946
2026-03-23 19:00:00,71059.17,71229.5,70614.77,70660.88,356.48622867
2026-03-23 20:00:00,70655.95,70967.93,70535.12,70901.44,223.66065747
2026-03-23 21:00:00,70901.43,70986.13,70804.69,70840.26,102.32281723
2026-03-23 22:00:00,70840.26,70880.64,70479.01,70752.28,188.06722214
2026-03-23 23:00:00,70751.18,70980.0,70379.65,70874.23,200.67026616
2026-03-24 00:00:00,70874.22,71074.99,70398.83,70659.55,203.00519316
2026-03-24 01:00:00,70659.55,70866.47,70250.01,70495.99,216.8717774
2026-03-24 02:00:00,70495.98,70685.0,70344.06,70423.78,141.07217536
2026-03-24 03:00:00,70423.77,70564.14,70371.42,70521.97,94.64744659
2026-03-24 04:00:00,70521.97,70727.27,70225.25,70354.98,213.67883387
2026-03-24 05:00:00,70354.98,70372.31,70097.43,70264.0,125.37727715
2026-03-24 06:00:00,70264.0,70552.06,70229.97,70517.08,123.41758337
2026-03-24 07:00:00,70517.08,71389.0,70455.01,71272.0,245.70261468
2026-03-24 08:00:00,71278.91,71329.6,70824.0,70944.41,137.57845928
2026-03-24 09:00:00,70944.41,71357.51,70828.81,71303.34,141.03103736
2026-03-24 10:00:00,71306.01,71319.53,71073.4,71258.01,138.96929393
2026-03-24 11:00:00,71258.0,71305.76,70942.5,71139.99,120.68520843
2026-03-24 12:00:00,71139.99,71168.0,70834.0,70948.79,139.54862868
2026-03-24 13:00:00,70948.78,71049.8,69935.53,70084.01,680.38668611
2026-03-24 14:00:00,70084.01,70448.71,69472.03,69834.62,840.79503261
2026-03-24 15:00:00,69839.03,70229.99,69737.91,69842.11,487.27048698
2026-03-24 16:00:00,69839.4,69982.0,69335.71,69447.0,439.34098443
2026-03-24 17:00:00,69447.15,69487.57,68889.0,69203.48,622.92963768
2026-03-24 18:00:00,69206.9,69722.0,69130.44,69394.64,452.8360413
2026-03-24 19:00:00,69394.64,69669.9,69233.11,69334.0,396.16704974
2026-03-24 20:00:00,69334.0,70274.96,69247.81,70066.38,425.33979699
2026-03-24 21:00:00,70066.26,70373.77,69865.0,70294.99,210.51830402
2026-03-24 22:00:00,70295.0,70555.29,70108.01,70284.96,270.65832975
2026-03-24 23:00:00,70284.96,70812.36,70224.0,70533.49,370.91711982
2026-03-25 00:00:00,70533.48,71007.0,70448.74,70809.67,294.59293516
2026-03-25 01:00:00,70809.66,70947.61,70592.19,70644.0,184.48053896
2026-03-25 02:00:00,70648.92,70730.0,70458.2,70496.9,151.90599833
2026-03-25 03:00:00,70496.9,70775.87,70357.1,70683.1,159.613527
2026-03-25 04:00:00,70683.09,70952.24,70660.0,70944.06,143.19835064
2026-03-25 05:00:00,70944.06,71320.72,70907.09,71088.87,230.68492746
2026-03-25 06:00:00,71088.88,71239.21,70957.51,70974.49,132.47334693
2026-03-25 07:00:00,70977.22,71250.0,70867.14,70910.68,140.7996896
2026-03-25 08:00:00,70910.68,71497.92,70773.37,71224.5,240.48579209
2026-03-25 09:00:00,71224.5,71404.39,71076.18,71332.41,148.93173014
2026-03-25 10:00:00,71330.99,71629.07,71276.09,71486.2,270.97605591
2026-03-25 11:00:00,71486.21,72030.29,71456.26,71673.97,839.32817532
2026-03-25 12:00:00,71673.96,71935.2,71110.0,71705.97,510.78477648
2026-03-25 13:00:00,71703.45,71954.83,71504.21,71564.41,595.21572012
2026-03-25 14:00:00,71565.31,71687.15,71207.98,71218.49,464.81158161
2026-03-25 15:00:00,71218.99,71293.42,70545.67,70806.44,511.16892533
2026-03-25 16:00:00,70804.58,71735.53,70695.0,71301.79,472.49137013
2026-03-25 17:00:00,71301.79,71382.9,70686.84,70745.15,406.41958308
2026-03-25 18:00:00,70745.16,71127.66,70644.75,70785.0,293.22393356
2026-03-25 19:00:00,70785.0,71076.52,70743.33,70859.88,505.9808358
2026-03-25 20:00:00,70859.88,71036.27,70616.0,70986.57,313.38323915
2026-03-25 21:00:00,70986.57,71148.87,70911.36,71007.06,202.16424266
2026-03-25 22:00:00,71007.06,71543.31,70904.01,71341.92,297.18303375
2026-03-25 23:00:00,71341.93,71442.34,71159.61,71301.53,155.06993223
2026-03-26 00:00:00,71301.52,71414.33,71096.23,71272.01,149.16968536
2026-03-26 01:00:00,71272.01,71350.0,71119.01,71217.53,143.86498932
2026-03-26 02:00:00,71217.52,71262.0,70638.22,70846.0,205.01194329
2026-03-26 03:00:00,70847.99,70949.99,70650.41,70875.6,89.35218059
2026-03-26 04:00:00,70875.73,70881.99,70678.0,70733.2,98.39552061
2026-03-26 05:00:00,70733.2,70767.65,69901.0,69963.17,461.52083984
2026-03-26 06:00:00,69963.09,70120.21,69788.26,70056.32,269.55797036
2026-03-26 07:00:00,70056.32,70134.65,69728.04,70060.01,197.93080514
2026-03-26 08:00:00,70060.01,70110.73,69769.11,69984.85,169.83322516
2026-03-26 09:00:00,69984.85,70100.0,69359.44,69533.62,291.953606
2026-03-26 10:00:00,69533.62,69688.99,69415.06,69481.99,164.60705808
2026-03-26 11:00:00,69482.0,69618.3,69156.16,69238.42,237.06860109
2026-03-26 12:00:00,69241.42,69431.99,69186.42,69396.79,263.6784706
2026-03-26 13:00:00,69396.78,69832.15,69167.86,69606.0,627.68751065
2026-03-26 14:00:00,69610.34,69808.08,69204.12,69432.65,443.06902095
2026-03-26 15:00:00,69432.66,69462.03,68637.12,69035.84,1167.8829657
2026-03-26 16:00:00,69032.51,69032.51,68777.01,68881.49,562.64231845
2026-03-26 17:00:00,68881.5,69127.92,68346.0,68437.5,485.44271322
2026-03-26 18:00:00,68437.49,68557.73,68102.36,68431.78,648.33619997
2026-03-26 19:00:00,68431.78,68631.18,68287.98,68479.59,418.21840547
2026-03-26 20:00:00,68480.99,69412.85,68369.02,68950.36,440.90802753
2026-03-26 21:00:00,68952.22,69144.51,68809.0,68868.21,208.45995075
2026-03-26 22:00:00,68865.81,68980.88,68552.28,68839.49,256.45954751
2026-03-26 23:00:00,68839.49,68940.7,68577.99,68769.02,224.14239609
2026-03-27 00:00:00,68769.02,68917.71,68476.85,68726.27,233.83385992
2026-03-27 01:00:00,68726.3,69019.88,68642.0,69004.08,164.18974798
2026-03-27 02:00:00,69004.83,69128.75,68815.76,68861.16,129.24003143
2026-03-27 03:00:00,68861.16,68880.21,68621.77,68721.7,129.84533792
2026-03-27 04:00:00,68721.7,68748.94,68250.0,68526.01,270.84053331
2026-03-27 05:00:00,68526.0,68812.75,68460.74,68575.32,133.0275642
2026-03-27 06:00:00,68575.32,68795.97,68515.76,68613.89,154.78591094
2026-03-27 07:00:00,68613.89,68915.52,68385.0,68478.65,704.44673195
2026-03-27 08:00:00,68480.0,68580.33,67552.12,67869.79,478.04780365
2026-03-27 09:00:00,67869.79,67904.02,67501.63,67642.39,366.23286335
2026-03-27 10:00:00,67642.42,67730.0,66301.0,66462.67,731.90782897
2026-03-27 11:00:00,66461.39,66816.0,66210.0,66671.97,448.73031889
2026-03-27 12:00:00,66671.98,66735.35,66394.46,66579.94,387.75657942
2026-03-27 13:00:00,66582.26,66693.98,65969.98,66141.92,1201.34402825
2026-03-27 14:00:00,66141.92,66367.07,65656.6,66152.49,1658.35857372
2026-03-27 15:00:00,66152.5,66597.61,65906.01,66070.3,1781.36023179
2026-03-27 16:00:00,66072.4,66130.39,65754.79,65933.04,826.1668157
2026-03-27 17:00:00,65933.08,66238.63,65545.01,65573.28,703.69133039
2026-03-27 18:00:00,65573.28,65901.55,65498.75,65770.0,964.26769657
2026-03-27 19:00:00,65770.0,66092.6,65632.23,65975.02,1154.28881521
2026-03-27 20:00:00,65977.24,66101.22,65749.11,65967.14,489.81578819
2026-03-27 21:00:00,65964.3,66127.31,65951.72,66032.97,220.52552613
2026-03-27 22:00:00,66032.97,66037.79,65851.46,65972.46,160.9601764
2026-03-27 23:00:00,65972.46,66368.0,65916.0,66353.34,187.76150501
2026-03-28 00:00:00,66353.33,66465.91,66240.16,66376.04,151.17549088
2026-03-28 01:00:00,66376.04,66383.69,66009.9,66126.96,204.37455904
2026-03-28 02:00:00,66126.97,66199.99,65876.61,66004.75,173.67108535
2026-03-28 03:00:00,66004.74,66192.13,66004.74,66181.29,114.16782799
2026-03-28 04:00:00,66181.29,66253.8,66061.75,66231.75,97.59940903
2026-03-28 05:00:00,66231.76,66333.53,66149.61,66298.47,106.71151423
2026-03-28 06:00:00,66298.47,66446.97,66254.99,66339.39,113.0602786
2026-03-28 07:00:00,66339.4,66520.02,66326.02,66504.9,94.04468832
2026-03-28 08:00:00,66504.89,66514.56,66336.68,66366.01,133.40215871
2026-03-28 09:00:00,66366.0,66366.0,66192.14,66254.0,118.37113037
2026-03-28 10:00:00,66251.96,66359.99,66071.87,66169.7,79.12371574
2026-03-28 11:00:00,66169.69,66310.29,66145.27,66267.24,136.91898462
2026-03-28 12:00:00,66268.0,66478.46,66181.65,66406.64,138.33665413
2026-03-28 13:00:00,66406.99,67110.0,66348.99,66794.09,351.2719106
2026-03-28 14:00:00,66794.07,66918.84,66608.57,66689.98,257.24338507
2026-03-28 15:00:00,66689.92,67249.65,66662.07,66961.62,284.09300588
2026-03-28 16:00:00,66961.67,67047.99,66787.56,66871.34,165.02405064
2026-03-28 17:00:00,66871.34,66946.88,66649.24,66797.72,141.71975543
2026-03-28 18:00:00,66797.71,66910.12,66782.01,66858.05,198.40783086
2026-03-28 19:00:00,66859.78,66906.03,66750.74,66861.09,142.95155842
2026-03-28 20:00:00,66861.08,66960.0,66834.16,66864.36,275.2078372
2026-03-28 21:00:00,66864.36,66880.26,66528.82,66626.0,155.15216707
2026-03-28 22:00:00,66626.01,66742.31,66529.85,66700.01,154.54271183
2026-03-28 23:00:00,66700.0,66700.0,66216.55,66320.15,224.82454321
2026-03-29 00:00:00,66320.16,66447.0,66225.51,66430.96,156.87557306
2026-03-29 01:00:00,66430.95,66570.0,66319.2,66510.83,169.8995877
2026-03-29 02:00:00,66510.83,66787.32,66476.18,66751.71,162.87845932
2026-03-29 03:00:00,66751.71,67076.07,66692.28,66853.6,172.53150623
2026-03-29 04:00:00,66853.6,66885.63,66654.76,66680.55,84.46052862
2026-03-29 05:00:00,66680.55,66753.0,66530.0,66712.72,116.54603956
2026-03-29 06:00:00,66712.72,66823.67,66581.83,66674.91,69.00277828
2026-03-29 07:00:00,66674.92,66687.01,66495.0,66606.04,101.786121
2026-03-29 08:00:00,66606.04,66717.25,66540.78,66662.08,113.17240304
2026-03-29 09:00:00,66662.07,66720.0,66482.31,66568.99,128.41361668
2026-03-29 10:00:00,66568.98,66568.98,66353.91,66447.06,129.59442489
2026-03-29 11:00:00,66447.06,66942.1,66447.06,66755.17,151.9952134
2026-03-29 12:00:00,66755.17,66815.0,66644.0,66793.1,129.143019
2026-03-29 13:00:00,66793.1,66818.39,66472.68,66522.92,121.32289639
2026-03-29 14:00:00,66522.92,66737.97,66400.0,66532.0,152.57335951
2026-03-29 15:00:00,66532.0,66667.75,66270.46,66469.98,218.15676332
2026-03-29 16:00:00,66469.98,66608.63,66368.52,66439.29,245.04694702
2026-03-29 17:00:00,66439.3,66484.34,66099.62,66322.33,164.89892878
2026-03-29 18:00:00,66322.38,66480.0,66261.89,66367.84,87.95680653
2026-03-29 19:00:00,66367.83,66431.8,66261.18,66291.94,169.81609519
2026-03-29 20:00:00,66291.94,66728.01,66287.04,66552.93,251.15611855
2026-03-29 21:00:00,66552.93,66702.59,66450.22,66646.77,133.14399949
2026-03-29 22:00:00,66646.77,66663.26,64938.66,65805.01,850.94656012
2026-03-29 23:00:00,65805.01,66322.36,65799.26,65956.94,506.9975633
2026-03-30 00:00:00,65957.95,66990.8,65736.63,66223.32,621.77172471
2026-03-30 01:00:00,66225.0,66773.71,66225.0,66595.48,483.97406187
2026-03-30 02:00:00,66595.49,67390.74,66514.41,67055.51,682.02017113
2026-03-30 03:00:00,67056.2,67255.92,66906.0,67107.99,354.65989135
2026-03-30 04:00:00,67107.99,67583.34,67094.42,67548.04,352.50201616
2026-03-30 05:00:00,67549.71,67760.79,67369.61,67428.56,323.54913969
2026-03-30 06:00:00,67429.41,67519.48,67210.03,67239.89,303.77841346
2026-03-30 07:00:00,67243.35,67572.43,67166.04,67566.0,338.63446546
2026-03-30 08:00:00,67565.99,67883.2,67541.62,67619.19,480.94245938
2026-03-30 09:00:00,67617.21,67648.31,67386.37,67441.99,315.01937405
2026-03-30 10:00:00,67441.99,67459.22,67294.48,67434.31,324.65392886
2026-03-30 11:00:00,67435.49,67956.95,67426.97,67624.66,451.39367822
2026-03-30 12:00:00,67624.28,67928.0,67601.3,67852.12,451.81678666
2026-03-30 13:00:00,67852.12,68129.33,67388.0,67474.78,772.63843129
2026-03-30 14:00:00,67474.99,67833.3,67035.41,67753.09,776.3252671
2026-03-30 15:00:00,67753.09,67859.18,67358.77,67573.32,559.27336971
2026-03-30 16:00:00,67572.31,67593.91,67161.52,67308.96,471.25400292
2026-03-30 17:00:00,67310.75,67421.52,66583.27,66771.88,546.55582076
2026-03-30 18:00:00,66771.96,66861.6,66450.0,66590.16,440.14157032
2026-03-30 19:00:00,66587.05,66605.0,66168.98,66488.0,763.28904511
2026-03-30 20:00:00,66482.82,66630.72,66449.26,66593.83,203.59617313
2026-03-30 21:00:00,66593.82,66944.02,66534.0,66747.22,232.53848755
2026-03-30 22:00:00,66746.54,66937.88,66625.01,66724.55,216.82948173
2026-03-30 23:00:00,66724.49,66737.37,66344.96,66737.18,240.37307637
2026-03-31 00:00:00,66737.08,67238.17,66476.57,67151.76,438.39020743
2026-03-31 01:00:00,67151.75,68346.72,66993.04,67881.14,666.81683985
2026-03-31 02:00:00,67878.73,68046.08,67712.76,67888.83,204.84398963
2026-03-31 03:00:00,67888.74,67949.64,67581.98,67647.83,172.48945359
2026-03-31 04:00:00,67647.84,67808.58,67439.19,67482.49,267.15204696
2026-03-31 05:00:00,67482.49,67717.49,67293.55,67620.04,469.13444611
2026-03-31 06:00:00,67620.17,67643.62,67245.37,67434.14,344.32326216
2026-03-31 07:00:00,67434.13,67463.76,67041.21,67305.0,259.69331775
2026-03-31 08:00:00,67305.0,67435.2,66621.87,66709.45,289.94156278
2026-03-31 09:00:00,66709.45,66861.98,65924.82,66056.98,601.6701602
2026-03-31 10:00:00,66056.99,66415.16,66029.04,66301.19,256.18057139
2026-03-31 11:00:00,66301.2,66821.08,66174.33,66624.91,416.71420453
2026-03-31 12:00:00,66624.91,66884.0,66458.37,66589.88,376.57904775
2026-03-31 13:00:00,66589.89,67361.8,66589.89,67240.76,657.9625641
2026-03-31 14:00:00,67236.22,67709.59,66362.57,66515.98,1032.48469917
2026-03-31 15:00:00,66515.98,67227.36,66515.98,66676.78,641.64487182
2026-03-31 16:00:00,66676.78,67964.75,66665.39,67602.99,919.35159396
2026-03-31 17:00:00,67602.98,68518.1,67335.95,67461.57,1369.12105248
2026-03-31 18:00:00,67461.57,67887.83,67456.2,67787.68,454.1309236
2026-03-31 19:00:00,67789.0,67970.73,67651.68,67772.92,684.68520157
2026-03-31 20:00:00,67772.92,68207.99,67762.7,68197.89,385.83353689
2026-03-31 21:00:00,68198.49,68346.63,67818.52,68216.0,318.90635007
2026-03-31 22:00:00,68216.0,68287.23,67894.38,68117.7,401.21078691
2026-03-31 23:00:00,68117.69,68310.13,68027.91,68221.85,202.3228136
2026-04-01 00:00:00,68221.84,68283.52,67798.23,68267.99,280.48668221
2026-04-01 01:00:00,68271.93,68299.0,67686.65,67729.15,389.92885225
2026-04-01 02:00:00,67726.78,67851.45,67525.59,67610.95,395.50366829
2026-04-01 03:00:00,67610.95,68180.15,67610.95,68097.76,369.46330016
2026-04-01 04:00:00,68104.66,68423.27,67945.78,68252.73,276.20232487
2026-04-01 05:00:00,68252.73,68703.55,68098.09,68398.07,289.13826114
2026-04-01 06:00:00,68398.06,69195.13,68396.19,69070.01,564.68194305
2026-04-01 07:00:00,69070.01,69285.99,68636.49,68660.97,342.42491231
2026-04-01 08:00:00,68660.96,68824.16,68424.11,68631.05,207.01296205
2026-04-01 09:00:00,68631.04,68707.2,68359.04,68622.89,136.51090604
2026-04-01 10:00:00,68623.98,68644.11,68386.76,68557.97,158.77756474
2026-04-01 11:00:00,68557.97,68717.12,68481.9,68690.42,210.41829416
2026-04-01 12:00:00,68687.29,68764.66,68211.6,68366.44,451.85916002
2026-04-01 13:00:00,68366.45,68664.58,67900.01,68095.2,716.06288786
2026-04-01 14:00:00,68095.19,68656.48,68033.96,68573.61,881.79282352
2026-04-01 15:00:00,68575.6,68948.33,68402.0,68901.73,609.40936105
2026-04-01 16:00:00,68900.32,68974.84,68593.1,68793.42,404.56843413
2026-04-01 17:00:00,68793.41,69156.3,68220.01,68243.61,548.06305767
2026-04-01 18:00:00,68242.8,68310.0,67920.0,68062.09,764.50808449
2026-04-01 19:00:00,68062.1,68286.53,68000.02,68162.03,649.12816627
2026-04-01 20:00:00,68160.0,68257.74,67951.05,68185.48,378.02363499
2026-04-01 21:00:00,68185.48,68525.0,68157.77,68356.33,316.94662073
2026-04-01 22:00:00,68356.32,68356.32,68065.98,68116.98,256.92822486
2026-04-01 23:00:00,68116.98,68249.51,67978.06,68112.35,206.81431794
2026-04-02 00:00:00,68112.34,68652.0,68046.25,68595.68,287.45181157
2026-04-02 01:00:00,68595.69,68595.69,67030.19,67354.17,1106.23915065
2026-04-02 02:00:00,67354.16,67354.16,66615.2,66855.05,585.72370072
2026-04-02 03:00:00,66855.05,66974.06,66500.0,66569.3,360.3300096
2026-04-02 04:00:00,66571.92,66648.16,66208.07,66322.59,436.24365416
2026-04-02 05:00:00,66322.59,66631.14,66300.0,66575.42,247.80396763
2026-04-02 06:00:00,66574.72,66808.42,66536.01,66672.37,181.90257295
2026-04-02 07:00:00,66672.42,66927.32,66547.52,66912.56,127.55979686
2026-04-02 08:00:00,66912.57,66912.57,66371.72,66429.65,217.20401435
2026-04-02 09:00:00,66429.65,66496.32,66275.18,66443.9,132.41554652
2026-04-02 10:00:00,66443.91,66492.66,66198.38,66448.33,170.77850081
2026-04-02 11:00:00,66448.33,66472.0,66140.71,66197.5,260.8142977
2026-04-02 12:00:00,66197.5,66231.99,65943.42,66034.18,322.30799745
2026-04-02 13:00:00,66039.55,66274.48,65696.96,66251.71,651.10144339
2026-04-02 14:00:00,66254.33,67100.0,66142.5,66853.77,864.05868909
2026-04-02 15:00:00,66853.77,66985.24,66630.0,66842.5,400.18620147
2026-04-02 16:00:00,66842.5,67300.0,66745.01,67085.29,407.29115698
2026-04-02 17:00:00,67084.0,67450.75,66655.0,66677.48,518.60085424
2026-04-02 18:00:00,66677.5,67077.77,66583.47,66982.43,404.30940971
2026-04-02 19:00:00,66982.44,67106.36,66870.0,66976.06,343.29746968
2026-04-02 20:00:00,66975.98,67097.8,66789.84,66939.27,237.67814533
2026-04-02 21:00:00,66939.26,67011.69,66720.0,66937.05,135.6640025
2026-04-02 22:00:00,66937.05,67043.72,66822.72,66986.0,214.02086576
2026-04-02 23:00:00,66986.0,67088.94,66843.72,66894.48,200.98703284
2026-04-03 00:00:00,66899.11,66995.0,66698.18,66783.81,187.77745292
2026-04-03 01:00:00,66784.54,66902.04,66484.64,66627.41,233.07765335
2026-04-03 02:00:00,66627.41,66751.15,66275.01,66526.6,259.39843809
2026-04-03 03:00:00,66527.91,66718.91,66479.99,66577.66,154.86942209
2026-04-03 04:00:00,66577.66,66689.99,66497.99,66601.5,88.11593367
2026-04-03 05:00:00,66601.5,66810.96,66410.01,66605.73,141.12517627
2026-04-03 06:00:00,66605.72,66796.49,66555.0,66791.93,107.36679225
2026-04-03 07:00:00,66791.93,67259.0,66752.51,67039.49,263.31627591
2026-04-03 08:00:00,67039.5,67287.9,66904.05,66969.0,141.26850656
2026-04-03 09:00:00,66969.0,67009.32,66742.64,66862.48,90.55304273
2026-04-03 10:00:00,66862.48,66899.95,66674.76,66878.29,72.39814861
2026-04-03 11:00:00,66878.29,67063.35,66817.8,67023.63,92.59907781
2026-04-03 12:00:00,67023.63,67375.7,66643.51,66725.31,284.75708503
2026-04-03 13:00:00,66725.32,66737.07,66510.0,66674.35,193.64017994
2026-04-03 14:00:00,66674.34,66996.79,66628.8,66921.99,226.27006049
2026-04-03 15:00:00,66921.99,67022.0,66803.66,66816.13,304.14526382
2026-04-03 16:00:00,66816.13,67066.5,66797.58,67001.77,260.20642193
2026-04-03 17:00:00,67001.77,67066.63,66754.17,66825.36,272.48799039
2026-04-03 18:00:00,66825.36,66926.39,66772.45,66805.99,158.90584151
2026-04-03 19:00:00,66806.0,66898.44,66755.04,66879.68,178.17235069
2026-04-03 20:00:00,66879.67,66911.99,66824.0,66828.0,145.11006905
2026-04-03 21:00:00,66827.99,66969.0,66820.03,66956.2,90.04781715
2026-04-03 22:00:00,66956.2,66968.52,66832.93,66885.05,107.98219356
2026-04-03 23:00:00,66880.81,66959.99,66820.01,66959.99,127.44847633
2026-04-04 00:00:00,66959.98,66961.5,66863.17,66897.84,78.95017229
2026-04-04 01:00:00,66897.84,66924.47,66817.28,66850.5,99.27503098
2026-04-04 02:00:00,66850.49,66917.99,66804.11,66838.0,62.71101333
2026-04-04 03:00:00,66838.0,66895.5,66820.6,66830.06,53.02119431
2026-04-04 04:00:00,66830.06,66873.39,66770.64,66858.01,42.34518689
2026-04-04 05:00:00,66858.01,66928.49,66833.14,66914.67,130.09321009
2026-04-04 06:00:00,66914.68,67043.54,66896.95,67004.27,91.06058077
2026-04-04 07:00:00,67004.27,67045.0,66928.69,67009.28,106.9917606
2026-04-04 08:00:00,67009.27,67055.0,66899.09,66937.65,62.78390338
2026-04-04 09:00:00,66937.65,66993.71,66910.0,66974.22,93.96485519
2026-04-04 10:00:00,66974.99,67163.1,66898.1,67158.01,83.19593505
2026-04-04 11:00:00,67158.01,67217.12,67070.01,67147.92,84.11042209
2026-04-04 12:00:00,67147.92,67173.74,67045.29,67084.98,47.43021793
2026-04-04 13:00:00,67084.98,67262.53,67069.98,67183.97,139.16638182
2026-04-04 14:00:00,67183.97,67214.0,67020.01,67199.8,139.19218853
2026-04-04 15:00:00,67199.8,67528.2,67175.62,67374.49,233.6511436
2026-04-04 16:00:00,67374.49,67513.45,67314.28,67358.99,169.99928864
2026-04-04 17:00:00,67361.82,67408.32,67276.45,67324.02,90.91568739
2026-04-04 18:00:00,67324.02,67374.0,67245.37,67284.05,64.00992871
2026-04-04 19:00:00,67284.05,67535.2,67265.0,67281.99,90.29789134
2026-04-04 20:00:00,67281.99,67291.5,67170.6,67267.48,116.66053489
2026-04-04 21:00:00,67267.48,67456.48,67200.0,67350.08,108.66419933
2026-04-04 22:00:00,67350.08,67463.75,67329.36,67395.98,94.76437135
2026-04-04 23:00:00,67395.98,67395.98,67244.0,67291.73,129.60795159
2026-04-05 00:00:00,67291.72,67300.25,67137.49,67199.99,110.41522353
2026-04-05 01:00:00,67200.0,67221.66,67062.24,67079.99,96.74162781
2026-04-05 02:00:00,67079.99,67171.98,66953.51,67157.96,92.82697485
2026-04-05 03:00:00,67157.96,67183.68,67077.04,67138.55,50.53627209
2026-04-05 04:00:00,67138.55,67181.99,67055.98,67085.1,41.35069953
2026-04-05 05:00:00,67084.93,67142.88,66883.25,66918.59,82.57372239
2026-04-05 06:00:00,66918.6,66931.2,66600.0,66786.0,142.70521118
2026-04-05 07:00:00,66786.0,66901.79,66706.92,66808.57,77.80973199
2026-04-05 08:00:00,66808.56,66926.0,66802.69,66917.55,42.58551488
2026-04-05 09:00:00,66917.54,67037.97,66883.33,67017.85,56.37540515
2026-04-05 10:00:00,67018.2,67127.76,66950.01,67023.31,74.90113265
2026-04-05 11:00:00,67028.85,67092.0,66963.96,66990.35,67.66820916
2026-04-05 12:00:00,66990.34,66990.34,66669.24,66770.91,74.15746707
2026-04-05 13:00:00,66770.91,66905.32,66684.25,66878.54,58.25414154
2026-04-05 14:00:00,66878.54,66959.95,66806.0,66912.24,98.67422802
2026-04-05 15:00:00,66913.12,67812.0,66817.8,67291.57,399.15001262
2026-04-05 16:00:00,67291.53,67396.63,67144.51,67194.96,143.90320187
2026-04-05 17:00:00,67194.96,67386.3,67160.0,67346.72,115.84151778
2026-04-05 18:00:00,67348.91,67438.38,67246.63,67395.61,103.20378407
2026-04-05 19:00:00,67396.67,67538.48,67266.37,67350.84,169.70182832
2026-04-05 20:00:00,67350.84,67684.68,67314.25,67644.01,173.3092639
2026-04-05 21:00:00,67644.01,67659.48,67397.4,67533.26,143.36917092
2026-04-05 22:00:00,67533.27,68354.25,67323.88,68320.43,730.93899378
2026-04-05 23:00:00,68320.42,69117.6,68241.61,69005.0,663.38415805
2026-04-06 00:00:00,69005.0,69561.0,69004.99,69065.2,543.17061422
2026-04-06 01:00:00,69065.2,69119.0,68761.46,68789.5,186.93894382
2026-04-06 02:00:00,68789.5,69388.0,68738.74,69194.96,305.76828728
2026-04-06 03:00:00,69191.64,69242.93,69037.92,69107.0,184.584603
2026-04-06 04:00:00,69107.02,69198.36,68952.0,69120.03,146.72211045
2026-04-06 05:00:00,69120.03,69226.92,69068.46,69180.0,75.16520359
2026-04-06 06:00:00,69179.99,69337.67,68790.97,68965.98,174.9558729
2026-04-06 07:00:00,68965.98,69197.03,68811.13,69100.0,89.80896314
2026-04-06 08:00:00,69101.74,69341.07,69064.94,69215.44,137.57511507
2026-04-06 09:00:00,69215.17,70271.25,69200.0,69735.03,879.10461122
2026-04-06 10:00:00,69735.03,69956.35,69700.01,69773.9,283.87085772
2026-04-06 11:00:00,69772.22,69772.22,69565.01,69619.77,148.32349867
2026-04-06 12:00:00,69620.0,69642.0,69323.88,69367.96,286.90978778
2026-04-06 13:00:00,69367.96,69562.38,69230.0,69427.53,526.79094908
2026-04-06 14:00:00,69427.53,69835.74,69150.37,69658.63,982.2695431
2026-04-06 15:00:00,69658.64,69989.99,69536.32,69975.89,1169.81155753
2026-04-06 16:00:00,69975.9,70378.48,69784.3,69818.63,1281.40980585
2026-04-06 17:00:00,69818.64,69851.12,69269.62,69577.77,845.86561605
2026-04-06 18:00:00,69577.77,69975.9,69477.83,69904.98,553.30945349
2026-04-06 19:00:00,69904.99,69917.04,69581.0,69732.99,699.21486856
2026-04-06 20:00:00,69727.98,69997.76,69615.2,69833.05,668.8189748
2026-04-06 21:00:00,69833.04,69837.4,69429.0,69516.47,149.53751848
2026-04-06 22:00:00,69516.46,69596.65,68810.19,68812.0,388.25303985
2026-04-06 23:00:00,68809.58,68912.87,68332.0,68853.61,474.17386066
2026-04-07 00:00:00,68853.6,69133.19,68727.86,68771.18,328.26166678
2026-04-07 01:00:00,68771.17,68900.0,68350.0,68403.98,328.39971138
2026-04-07 02:00:00,68403.98,68713.96,68270.41,68663.65,470.10577769
2026-04-07 03:00:00,68662.35,68801.0,68610.0,68777.67,214.62408989
2026-04-07 04:00:00,68777.68,68987.22,68540.43,68856.71,153.44311486
2026-04-07 05:00:00,68856.72,68869.32,68613.28,68655.07,160.74850869
2026-04-07 06:00:00,68655.07,68657.36,68434.41,68566.49,135.28621757
2026-04-07 07:00:00,68566.49,68707.06,68497.01,68610.29,106.8871861
2026-04-07 08:00:00,68610.28,68990.0,68591.34,68942.34,254.50457025
2026-04-07 09:00:00,68942.35,69256.41,68929.79,69150.35,224.04277455
2026-04-07 10:00:00,69150.36,69208.14,68172.7,68225.93,386.13905474
2026-04-07 11:00:00,68224.0,68450.72,68061.76,68328.81,223.21593474
2026-04-07 12:00:00,68332.52,68581.94,68062.9,68383.99,302.66390693
2026-04-07 13:00:00,68383.99,68633.63,68176.76,68221.38,467.94939982
2026-04-07 14:00:00,68221.36,68248.09,67750.0,67843.12,600.58066204
2026-04-07 15:00:00,67843.12,68272.75,67710.01,68152.71,545.14672329
2026-04-07 16:00:00,68152.71,69039.74,68060.31,68223.75,598.60084539
2026-04-07 17:00:00,68223.74,69000.0,68177.75,68694.66,412.26293724
2026-04-07 18:00:00,68694.66,68773.69,68336.0,68430.56,224.89601267
2026-04-07 19:00:00,68430.55,69083.82,68324.38,68993.62,488.54226473
2026-04-07 20:00:00,68998.45,69532.0,68998.45,69313.92,587.34190475
2026-04-07 21:00:00,69313.92,70200.0,69305.01,69923.37,832.24235066
2026-04-07 22:00:00,69923.36,71512.84,69923.36,71506.0,1374.0363039
2026-04-07 23:00:00,71505.99,72753.97,71174.31,71910.2,1736.8054044
2026-04-08 00:00:00,71910.21,72113.93,71536.12,71699.91,583.85383141
2026-04-08 01:00:00,71699.9,71753.06,71439.56,71465.98,264.47715947
2026-04-08 02:00:00,71468.34,71722.84,71233.98,71355.75,345.48630583
2026-04-08 03:00:00,71355.76,71484.9,71272.26,71286.0,194.37257335
2026-04-08 04:00:00,71285.99,71683.55,71272.38,71556.55,210.64588723
2026-04-08 05:00:00,71559.93,71830.04,71552.82,71730.91,169.73342475
2026-04-08 06:00:00,71730.91,71942.29,71576.21,71728.99,175.1204488
2026-04-08 07:00:00,71729.0,71914.12,71580.93,71641.01,184.35174213
2026-04-08 08:00:00,71641.02,71832.7,71636.0,71800.02,314.65959276
2026-04-08 09:00:00,71800.02,71962.24,71582.4,71674.21,180.26846729
2026-04-08 10:00:00,71674.21,71790.88,71441.77,71470.12,172.46901124
2026-04-08 11:00:00,71470.11,71743.85,71404.95,71690.4,181.21986008
2026-04-08 12:00:00,71693.1,72199.11,71578.53,72077.79,625.53478011
2026-04-08 13:00:00,72077.8,72861.38,71500.01,71602.39,1311.16343484
2026-04-08 14:00:00,71602.39,71750.67,70684.65,70901.42,1091.19781076
2026-04-08 15:00:00,70901.43,71356.5,70811.63,71309.99,647.67465325
2026-04-08 16:00:00,71310.0,71710.2,71252.0,71608.27,927.86381844
2026-04-08 17:00:00,71608.28,71972.26,71490.17,71903.97,1147.88469871
2026-04-08 18:00:00,71903.97,71903.98,71082.02,71101.98,721.50798425
2026-04-08 19:00:00,71101.76,71391.34,71008.53,71331.51,498.03842072
2026-04-08 20:00:00,71333.0,71500.0,71282.24,71387.32,261.15750261
2026-04-08 21:00:00,71387.32,71766.61,71336.75,71562.97,417.05170708
2026-04-08 22:00:00,71562.96,71584.44,71068.09,71068.09,250.15392821
2026-04-08 23:00:00,71068.1,71218.0,70903.5,71085.99,207.35382609
2026-04-09 00:00:00,71083.99,71146.92,70653.75,70813.81,228.34112737
2026-04-09 01:00:00,70813.8,70957.51,70468.74,70927.84,211.82664447
2026-04-09 02:00:00,70927.85,71200.0,70815.0,71066.55,198.57722255
2026-04-09 03:00:00,71066.56,71126.99,70851.26,70999.17,149.80752663
2026-04-09 04:00:00,70999.18,71023.87,70744.0,70791.99,117.56651579
2026-04-09 05:00:00,70792.32,71098.51,70690.95,70997.63,101.55377882
2026-04-09 06:00:00,70997.63,71096.0,70821.99,71041.44,102.46613905
2026-04-09 07:00:00,71041.43,71128.5,70960.97,70992.56,118.2120591
2026-04-09 08:00:00,70992.56,71391.25,70877.16,71260.01,176.53793263
2026-04-09 09:00:00,71260.0,71585.22,71114.18,71540.24,254.17840061
2026-04-09 10:00:00,71540.04,71548.49,71284.5,71284.51,134.36945428
2026-04-09 11:00:00,71284.51,71368.2,71055.81,71152.8,155.36100421
2026-04-09 12:00:00,71152.8,71330.31,71045.0,71290.07,228.44511618
2026-04-09 13:00:00,71290.08,71362.49,70623.2,70797.2,541.51317355
2026-04-09 14:00:00,70797.16,71261.99,70511.78,71132.04,752.07875336
2026-04-09 15:00:00,71132.04,72369.99,70928.0,72158.09,1637.49020054
2026-04-09 16:00:00,72158.09,72416.25,71744.44,72096.47,1396.19241524
2026-04-09 17:00:00,72096.47,72568.12,72086.0,72359.99,916.71364273
2026-04-09 18:00:00,72362.41,72394.0,71720.0,71890.12,420.52407009
2026-04-09 19:00:00,71890.12,72318.0,71750.0,72136.37,785.57696612
2026-04-09 20:00:00,72146.26,72475.14,71989.82,72430.01,484.1877705
2026-04-09 21:00:00,72430.0,72715.0,72154.0,72277.86,480.1161191
2026-04-09 22:00:00,72280.49,73147.81,71953.21,71953.22,656.32699332
2026-04-09 23:00:00,71953.22,72045.75,71558.46,71798.01,459.82510838
2026-04-10 00:00:00,71798.01,72034.48,71587.36,71977.66,278.95078588
2026-04-10 01:00:00,71976.01,72421.88,71680.01,72172.56,415.62520602
2026-04-10 02:00:00,72170.6,72304.19,71922.41,71968.13,249.47798749
2026-04-10 03:00:00,71968.61,72031.49,71818.27,71882.19,126.08786676
2026-04-10 04:00:00,71882.19,72230.69,71818.28,72125.99,173.95063128
2026-04-10 05:00:00,72125.99,72284.72,72016.89,72138.54,123.22021317
2026-04-10 06:00:00,72138.53,72194.4,71760.83,71809.58,113.76021172
2026-04-10 07:00:00,71806.87,71848.0,71437.39,71493.99,275.85653477
2026-04-10 08:00:00,71495.04,71774.22,71431.55,71611.98,171.11091588
2026-04-10 09:00:00,71611.98,71884.32,71599.01,71787.6,127.33965997
2026-04-10 10:00:00,71784.84,71947.95,71717.93,71917.27,91.68293337
2026-04-10 11:00:00,71917.28,72284.0,71910.13,72147.83,168.10390509
2026-04-10 12:00:00,72149.16,72476.22,72019.44,72273.05,291.82902405
2026-04-10 13:00:00,72273.02,72435.49,71899.6,72347.0,409.17539336
2026-04-10 14:00:00,72345.9,73200.0,72287.15,72953.12,1762.62262551
2026-04-10 15:00:00,72953.11,73339.39,72382.01,72482.98,912.29481106
2026-04-10 16:00:00,72482.99,73082.2,72410.0,73021.3,703.38066323
2026-04-10 17:00:00,73021.31,73184.16,72828.13,73152.07,622.92753474
2026-04-10 18:00:00,73152.07,73195.0,72907.59,73150.0,584.24437135
2026-04-10 19:00:00,73150.0,73314.59,72944.04,73286.01,1071.64068647
2026-04-10 20:00:00,73286.01,73477.87,73089.33,73400.01,878.60925628
2026-04-10 21:00:00,73400.0,73400.01,72971.28,73222.7,167.1517258
2026-04-10 22:00:00,73225.01,73281.14,72802.0,72907.5,222.29993757
2026-04-10 23:00:00,72907.51,73000.0,72807.65,72997.88,125.20415121
2026-04-11 00:00:00,72997.88,72997.88,72818.98,72867.99,91.28758061
2026-04-11 01:00:00,72868.0,73040.3,72667.55,72998.0,118.31001357
2026-04-11 02:00:00,72998.0,73150.19,72941.28,73008.01,133.21543974
2026-04-11 03:00:00,73008.01,73118.19,72858.48,72909.53,93.78122784
2026-04-11 04:00:00,72909.53,72998.13,72720.0,72849.03,162.58822714
2026-04-11 05:00:00,72849.04,72877.44,72712.21,72763.44,60.59037323
2026-04-11 06:00:00,72763.44,72811.29,72650.0,72803.28,96.14648758
2026-04-11 07:00:00,72803.28,72875.73,72706.96,72791.84,49.63920805
2026-04-11 08:00:00,72791.85,72844.02,72677.98,72701.16,50.6780851
2026-04-11 09:00:00,72701.17,72954.0,72668.04,72953.25,65.82201673
2026-04-11 10:00:00,72953.25,72958.06,72800.52,72882.26,34.09161813
2026-04-11 11:00:00,72882.26,72953.01,72856.94,72947.62,116.76303417
2026-04-11 12:00:00,72947.93,73023.19,72844.99,72972.81,86.31460512
2026-04-11 13:00:00,72972.81,72972.81,72564.35,72690.13,220.92868194
2026-04-11 14:00:00,72690.13,72809.64,72626.76,72742.56,88.59632723
2026-04-11 15:00:00,72742.57,72927.47,72709.94,72893.41,76.67584343
2026-04-11 16:00:00,72893.41,73247.97,72846.91,73076.42,125.83952274
2026-04-11 17:00:00,73076.42,73207.72,72976.7,73134.06,87.8487323
2026-04-11 18:00:00,73134.48,73749.0,73072.34,73586.02,293.57059084
2026-04-11 19:00:00,73586.02,73822.95,73504.32,73720.25,187.00362597
2026-04-11 20:00:00,73718.55,73727.26,73250.0,73333.21,151.42806197
2026-04-11 21:00:00,73333.2,73580.52,73236.98,73470.34,135.01256767
2026-04-11 22:00:00,73470.34,73602.51,73278.36,73410.49,145.24700009
2026-04-11 23:00:00,73410.48,73410.48,72952.33,73086.0,124.55707397
2026-04-12 00:00:00,73085.99,73151.97,72913.68,73112.65,84.70084342
2026-04-12 01:00:00,73112.67,73172.14,71294.05,71676.55,510.29520472
2026-04-12 02:00:00,71676.54,72002.88,71382.01,71791.75,312.84337184
2026-04-12 03:00:00,71791.75,71892.0,71621.55,71621.55,121.01658872
2026-04-12 04:00:00,71621.55,71718.27,71474.74,71503.61,107.32071561
2026-04-12 05:00:00,71503.61,71816.3,71442.91,71730.02,76.73237197
2026-04-12 06:00:00,71730.01,71781.02,71680.55,71689.0,53.30039934
2026-04-12 07:00:00,71689.0,71785.63,71619.94,71707.58,52.6394202
2026-04-12 08:00:00,71707.58,71818.16,71630.28,71664.18,43.97367662
2026-04-12 09:00:00,71664.19,71666.16,71541.33,71571.84,39.47678802
2026-04-12 10:00:00,71571.84,71716.76,71389.0,71486.54,65.5750894
2026-04-12 11:00:00,71486.53,71574.83,71444.0,71495.41,55.8579881
2026-04-12 12:00:00,71495.04,71537.65,71110.0,71116.92,151.60636759
2026-04-12 13:00:00,71116.92,71170.98,70889.41,70921.91,330.17144494
2026-04-12 14:00:00,70922.3,71124.05,70725.01,70774.68,226.94556599
2026-04-12 15:00:00,70774.68,70964.84,70631.46,70922.08,178.3990064
2026-04-12 16:00:00,70922.07,70992.7,70835.54,70962.38,119.21665545
2026-04-12 17:00:00,70963.51,71225.25,70926.96,71168.12,171.78422878
2026-04-12 18:00:00,71169.59,71244.66,71077.09,71163.59,128.8439041
2026-04-12 19:00:00,71163.57,71255.45,71081.42,71121.13,145.24938968
2026-04-12 20:00:00,71121.12,71467.17,70979.45,71364.9,183.34593538
2026-04-12 21:00:00,71364.9,71478.37,71187.99,71393.04,151.47079357
2026-04-12 22:00:00,71391.19,71392.57,70512.7,70912.75,870.49949703
2026-04-12 23:00:00,70912.75,70912.75,70573.2,70755.35,261.77664274
2026-04-13 00:00:00,70755.35,71286.46,70616.81,71192.38,253.45162538
2026-04-13 01:00:00,71191.32,71249.19,71031.7,71209.06,179.74079708
2026-04-13 02:00:00,71209.06,71288.0,70998.25,71094.12,110.72556557
2026-04-13 03:00:00,71095.99,71165.75,70931.93,70998.24,130.9905614
2026-04-13 04:00:00,70995.48,71163.84,70874.04,70913.71,147.28653971
2026-04-13 05:00:00,70913.71,70943.04,70689.12,70904.06,138.39160059
2026-04-13 06:00:00,70904.07,71134.02,70898.04,71050.58,153.75623078
2026-04-13 07:00:00,71050.58,71097.6,70698.01,70842.01,158.35609211
2026-04-13 08:00:00,70842.01,70890.09,70576.27,70693.85,122.38145185
2026-04-13 09:00:00,70693.85,70923.07,70689.12,70805.99,88.72192056
2026-04-13 10:00:00,70805.99,70867.85,70695.85,70767.62,89.31756582
2026-04-13 11:00:00,70769.99,71011.35,70750.0,70942.98,148.18646481
2026-04-13 12:00:00,70943.03,71250.0,70762.64,71088.5,327.61650628
2026-04-13 13:00:00,71091.25,71714.82,70831.95,71683.38,1667.77209474
2026-04-13 14:00:00,71683.37,72479.99,71439.5,72450.0,2176.50589883
2026-04-13 15:00:00,72447.76,72515.42,71678.68,71894.19,1719.03500846
2026-04-13 16:00:00,71894.19,72486.57,71705.63,72250.0,1265.76850401
2026-04-13 17:00:00,72250.0,72633.75,72108.14,72202.02,1308.31224978
2026-04-13 18:00:00,72199.48,72505.92,72112.58,72465.68,978.81979534
2026-04-13 19:00:00,72465.68,73529.27,72333.38,73373.2,2125.50643503
2026-04-13 20:00:00,73368.47,73431.95,73054.24,73192.99,1412.27322126
2026-04-13 21:00:00,73193.0,73397.03,73116.44,73207.1,328.21899237
2026-04-13 22:00:00,73207.12,74767.93,73200.54,74660.86,1545.69781994
2026-04-13 23:00:00,74660.87,74936.9,74425.0,74446.0,875.83134781
2026-04-14 00:00:00,74448.0,74552.01,74128.11,74193.69,502.96449688
2026-04-14 01:00:00,74193.69,74472.7,73982.94,74421.21,528.9676353
2026-04-14 02:00:00,74421.22,74614.52,74318.0,74369.13,343.0340517
2026-04-14 03:00:00,74369.27,74521.1,74273.12,74474.67,216.13029762
2026-04-14 04:00:00,74474.68,74546.13,74384.25,74421.26,123.89575276
2026-04-14 05:00:00,74421.25,74470.37,74193.01,74246.04,201.38906682
2026-04-14 06:00:00,74246.04,74591.72,74246.04,74562.48,219.8792892
2026-04-14 07:00:00,74562.49,74952.0,74464.84,74590.8,276.31494816
2026-04-14 08:00:00,74590.8,74959.0,74497.04,74800.25,264.0010742
2026-04-14 09:00:00,74803.68,74872.67,74472.94,74546.65,253.73447037
2026-04-14 10:00:00,74546.65,74651.67,74369.29,74376.99,188.02240092
2026-04-14 11:00:00,74376.99,74491.92,74332.0,74409.96,195.73808698
2026-04-14 12:00:00,74409.97,74520.92,74302.04,74488.79,388.00012296
2026-04-14 13:00:00,74488.79,75612.57,74434.95,75608.99,3769.81050482
2026-04-14 14:00:00,75608.99,76127.18,75070.05,75070.05,3590.26487601
2026-04-14 15:00:00,75071.99,75490.01,74596.0,75361.81,1130.47982838
2026-04-14 16:00:00,75361.22,75745.59,74575.35,74698.73,1386.42649595
2026-04-14 17:00:00,74696.12,74994.89,74296.62,74806.0,1223.25751982
2026-04-14 18:00:00,74806.0,74863.92,73874.42,74145.14,1900.16029924
2026-04-14 19:00:00,74145.14,74461.01,73939.31,74299.83,2713.18751958
2026-04-14 20:00:00,74301.99,74499.99,74061.0,74152.37,581.34033326
2026-04-14 21:00:00,74152.37,74364.78,73979.6,74315.62,308.66198215
2026-04-14 22:00:00,74315.62,74417.88,73854.5,74067.36,472.75297848
2026-04-14 23:00:00,74067.32,74275.29,74046.18,74179.04,307.79297745
2026-04-15 00:00:00,74176.09,74726.93,74149.45,74601.5,348.31437324
2026-04-15 01:00:00,74601.5,74828.61,74527.02,74649.0,243.80781113
2026-04-15 02:00:00,74648.99,74745.67,74216.7,74360.39,264.12653655
2026-04-15 03:00:00,74360.39,74406.0,74201.94,74376.75,115.03165701
2026-04-15 04:00:00,74376.75,74478.06,74294.01,74372.02,110.36245872
2026-04-15 05:00:00,74369.99,74474.97,73902.8,74047.15,222.67279397
2026-04-15 06:00:00,74047.15,74085.12,73902.8,73924.0,112.9662665
2026-04-15 07:00:00,73923.99,74054.83,73545.0,73771.35,307.89896109
2026-04-15 08:00:00,73771.35,74219.13,73706.0,74139.99,151.18444998
2026-04-15 09:00:00,74139.99,74213.43,73930.25,74033.46,123.83406297
2026-04-15 10:00:00,74033.0,74277.98,73818.64,73890.9,247.57934411
2026-04-15 11:00:00,73890.9,74287.82,73890.9,74232.72,213.7657017
2026-04-15 12:00:00,74232.73,74498.76,74073.84,74302.48,304.68558868
2026-04-15 13:00:00,74302.48,74470.0,73825.79,74069.62,433.01216959
2026-04-15 14:00:00,74071.96,74541.06,73839.16,74168.81,495.12674681
2026-04-15 15:00:00,74168.82,74325.65,73604.79,73861.45,441.11847269
2026-04-15 16:00:00,73861.45,74206.09,73776.84,73953.68,234.86754615
2026-04-15 17:00:00,73953.71,74269.99,73926.32,74154.99,280.45424653
2026-04-15 18:00:00,74154.99,74434.99,74085.0,74414.41,422.62450959
2026-04-15 19:00:00,74414.4,75316.55,74380.32,75048.06,1262.63540988
2026-04-15 20:00:00,75045.99,75082.24,74536.02,74872.14,411.88694528
2026-04-15 21:00:00,74872.15,74888.88,74570.52,74765.38,211.33683207
2026-04-15 22:00:00,74765.37,75458.81,74755.39,74992.25,580.75800343
2026-04-15 23:00:00,74992.25,74995.08,74639.0,74836.31,192.06582057
2026-04-16 00:00:00,74839.97,74899.16,74478.66,74834.35,227.14016939
2026-04-16 01:00:00,74834.36,74835.33,74483.85,74681.46,160.29089664
2026-04-16 02:00:00,74681.46,75299.67,74614.38,74901.14,329.72741703
2026-04-16 03:00:00,74901.13,75178.37,74879.15,74901.17,225.71245288
2026-04-16 04:00:00,74901.16,75198.07,74745.99,74964.65,246.28346464
2026-04-16 05:00:00,74964.65,75172.1,74914.56,75060.65,113.34469212
2026-04-16 06:00:00,75062.76,75130.44,74871.66,75048.66,146.60087069
2026-04-16 07:00:00,75048.66,75100.0,74636.62,74721.55,138.60810822
2026-04-16 08:00:00,74721.55,74768.0,74525.14,74697.71,256.06303868
2026-04-16 09:00:00,74697.71,74927.84,74610.14,74612.67,193.84774226
2026-04-16 10:00:00,74611.88,74670.84,74288.5,74325.74,144.2660619
2026-04-16 11:00:00,74325.75,74602.78,74298.16,74593.33,180.59497124
2026-04-16 12:00:00,74593.33,74880.01,74584.2,74632.87,228.70000639
2026-04-16 13:00:00,74632.87,75042.33,73298.01,73788.46,1018.05293394
2026-04-16 14:00:00,73790.19,74207.0,73419.93,73973.2,698.4221889
2026-04-16 15:00:00,73973.21,74902.01,73938.45,74720.99,747.66708183
2026-04-16 16:00:00,74721.0,74960.0,74074.66,74186.03,498.42390082
2026-04-16 17:00:00,74186.03,74465.99,73903.48,74354.87,529.10896625
2026-04-16 18:00:00,74354.86,75108.81,74250.01,75052.22,375.90132662
2026-04-16 19:00:00,75052.23,75436.56,74753.03,75378.0,703.21190124
2026-04-16 20:00:00,75378.32,75539.91,75014.02,75245.99,387.23849367
2026-04-16 21:00:00,75245.99,75300.0,74810.0,74953.73,283.31504704
2026-04-16 22:00:00,74953.73,75142.0,74847.96,74888.49,133.79708471
2026-04-16 23:00:00,74888.5,75198.99,74846.01,75163.09,172.63419781
2026-04-17 00:00:00,75163.09,75179.85,74900.24,74960.61,170.90853588
2026-04-17 01:00:00,74960.62,75061.36,74591.71,74763.89,137.20054616
2026-04-17 02:00:00,74763.89,74830.9,74558.21,74728.67,106.18055298
2026-04-17 03:00:00,74729.95,74870.29,74623.71,74633.16,133.70827606
2026-04-17 04:00:00,74633.16,74873.19,74601.62,74810.01,165.15237098
2026-04-17 05:00:00,74810.0,74828.39,74575.0,74656.56,107.03612457
2026-04-17 06:00:00,74656.57,74964.25,74611.72,74954.74,124.62748867
2026-04-17 07:00:00,74954.74,75122.61,74954.7,75094.02,148.8595187
2026-04-17 08:00:00,75094.02,75895.99,75011.31,75806.24,432.0348683
2026-04-17 09:00:00,75803.58,76386.68,75541.61,75811.48,694.9465378
2026-04-17 10:00:00,75811.47,75914.99,75120.11,75301.11,312.88676618
2026-04-17 11:00:00,75301.1,75638.72,75265.01,75622.58,204.19548663
2026-04-17 12:00:00,75622.59,76313.68,75557.99,76263.95,621.2231765
2026-04-17 13:00:00,76270.22,77467.99,76094.41,77388.0,2516.93950939
2026-04-17 14:00:00,77388.01,78170.0,77055.0,77987.99,2739.70751485
2026-04-17 15:00:00,77986.02,78071.14,77493.07,77843.27,2238.70529422
2026-04-17 16:00:00,77843.17,78390.0,77773.51,77907.27,1166.52153207
2026-04-17 17:00:00,77907.28,77974.06,77150.0,77563.51,772.06987304
2026-04-17 18:00:00,77563.51,77613.74,77109.04,77207.66,491.36939435
2026-04-17 19:00:00,77206.98,77530.01,77045.52,77453.07,924.06995477
2026-04-17 20:00:00,77453.08,77651.24,77181.58,77366.97,517.96550411
2026-04-17 21:00:00,77366.97,77531.25,77310.0,77475.0,185.69571028
2026-04-17 22:00:00,77475.0,77553.9,77294.79,77321.96,230.1144675
2026-04-17 23:00:00,77328.01,77337.86,76931.0,77098.01,272.78150578
2026-04-18 00:00:00,77098.01,77287.47,77010.0,77203.97,158.06754801
2026-04-18 01:00:00,77203.97,77374.07,77148.75,77251.97,189.82385932
2026-04-18 02:00:00,77251.98,77450.15,77150.01,77325.61,147.61664237
2026-04-18 03:00:00,77325.61,77328.75,77000.0,77043.74,160.09773706
2026-04-18 04:00:00,77043.74,77208.76,76926.92,77148.75,149.36946919
2026-04-18 05:00:00,77144.02,77308.84,77144.01,77167.13,71.06622365
2026-04-18 06:00:00,77164.46,77253.75,77091.0,77160.01,103.37341421
2026-04-18 07:00:00,77160.0,77162.02,76923.08,77020.01,106.95634532
2026-04-18 08:00:00,77020.02,77070.98,76517.02,76760.02,270.92702211
2026-04-18 09:00:00,76760.02,76760.02,76420.01,76631.26,138.34597633
2026-04-18 10:00:00,76631.26,76631.26,76161.55,76222.49,208.63769327
2026-04-18 11:00:00,76222.49,76222.5,75793.85,76069.46,234.98639404
2026-04-18 12:00:00,76069.46,76335.04,76069.46,76239.75,183.52075399
2026-04-18 13:00:00,76239.75,76248.74,75822.46,76148.64,186.78996841
2026-04-18 14:00:00,76148.64,76326.27,76006.0,76280.61,204.57817724
2026-04-18 15:00:00,76280.61,76391.85,76042.77,76191.72,161.82685137
2026-04-18 16:00:00,76191.72,76249.99,75706.19,75968.12,283.96769598
2026-04-18 17:00:00,75968.11,75988.98,75809.9,75852.13,144.03370964
2026-04-18 18:00:00,75852.13,75886.9,75473.81,75672.45,349.47752018
2026-04-18 19:00:00,75672.44,75834.45,75604.5,75678.9,147.98696886
2026-04-18 20:00:00,75678.91,75882.95,75633.62,75784.94,166.46139065
2026-04-18 21:00:00,75784.94,75875.83,75628.41,75854.57,110.29954945
2026-04-18 22:00:00,75854.57,75914.69,75641.46,75849.35,228.64731796
2026-04-18 23:00:00,75849.37,75934.12,75730.58,75736.82,138.48451719
2026-04-19 00:00:00,75736.0,75884.01,75590.17,75708.01,96.91158255
2026-04-19 01:00:00,75708.0,75827.3,75477.45,75652.1,132.82885172
2026-04-19 02:00:00,75652.1,75750.0,75388.96,75523.86,147.41273871
2026-04-19 03:00:00,75523.87,75675.67,75391.43,75546.49,108.73651571
2026-04-19 04:00:00,75546.49,75817.74,75450.01,75700.01,154.13790548
2026-04-19 05:00:00,75700.0,75726.06,75549.68,75580.01,55.34140985
2026-04-19 06:00:00,75580.01,75584.79,75323.74,75434.5,137.85995394
2026-04-19 07:00:00,75434.49,75434.92,74922.47,75291.12,263.322682
2026-04-19 08:00:00,75291.11,75336.52,75107.2,75293.17,95.55844175
2026-04-19 09:00:00,75293.17,75308.9,74961.83,75055.42,112.16218674
2026-04-19 10:00:00,75055.42,75272.65,74971.53,75246.08,115.44975167
2026-04-19 11:00:00,75246.09,75662.75,75239.53,75637.52,152.41351693
2026-04-19 12:00:00,75637.52,75732.6,75467.69,75611.92,191.83928005
2026-04-19 13:00:00,75611.91,76278.36,75588.34,75963.14,292.81690471
2026-04-19 14:00:00,75963.14,76180.58,75707.98,76064.95,306.13874479
2026-04-19 15:00:00,76064.94,76193.12,75450.47,75885.62,339.92712718
2026-04-19 16:00:00,75885.61,75910.61,75333.0,75417.16,261.4765278
2026-04-19 17:00:00,75417.5,75419.99,74676.91,74820.85,451.70984653
2026-04-19 18:00:00,74820.85,74939.08,74626.17,74806.71,244.39747873
2026-04-19 19:00:00,74806.71,75120.09,74806.71,74985.04,214.46164452
2026-04-19 20:00:00,74985.04,74989.22,74458.0,74662.56,293.63269087
2026-04-19 21:00:00,74662.56,74844.01,74400.01,74457.97,198.79528519
2026-04-19 22:00:00,74457.97,74469.98,73777.86,74072.54,837.66883974
2026-04-19 23:00:00,74067.02,74080.05,73815.19,73823.14,272.34100625
2026-04-20 00:00:00,73823.27,74388.84,73741.53,74305.3,321.44644993
2026-04-20 01:00:00,74305.3,74781.95,74238.84,74621.43,317.84694602
2026-04-20 02:00:00,74621.43,74661.45,74334.01,74439.9,179.9829148
2026-04-20 03:00:00,74439.91,74685.15,74390.13,74667.9,150.16982474
2026-04-20 04:00:00,74667.9,74672.96,74467.84,74590.39,136.82618537
2026-04-20 05:00:00,74589.28,74590.4,74128.51,74298.45,182.94092727
2026-04-20 06:00:00,74299.01,74919.99,74280.31,74820.18,219.94026035
2026-04-20 07:00:00,74820.18,75600.0,74693.44,74857.39,317.22851501
2026-04-20 08:00:00,74860.01,75029.01,74646.93,74758.01,282.43722148
2026-04-20 09:00:00,74758.01,75269.65,74726.1,75100.44,201.12083891
2026-04-20 10:00:00,75100.45,75439.86,75038.96,75068.69,168.15258937
2026-04-20 11:00:00,75068.73,75319.18,74990.0,75223.96,214.01224983
2026-04-20 12:00:00,75220.26,75685.2,75094.06,75322.87,450.10975228
2026-04-20 13:00:00,75323.53,75481.79,74895.26,75307.98,689.91623272
2026-04-20 14:00:00,75307.05,75812.71,74936.01,75071.84,716.99064516
2026-04-20 15:00:00,75072.98,75816.18,74730.01,75747.08,650.54114962
2026-04-20 16:00:00,75747.07,75761.0,75326.01,75378.79,300.90124373
2026-04-20 17:00:00,75382.0,76000.0,75322.0,75937.31,551.7831837
2026-04-20 18:00:00,75937.31,76490.36,75937.31,76466.0,949.50261642
2026-04-20 19:00:00,76466.25,76528.01,76184.85,76337.42,956.74454347
2026-04-20 20:00:00,76337.48,76600.0,76151.25,76317.28,458.28837217
2026-04-20 21:00:00,76317.28,76405.74,75812.99,75984.53,239.72957014
2026-04-20 22:00:00,75985.54,76180.58,75933.01,76004.67,170.68139807
2026-04-20 23:00:00,76004.67,76004.67,75653.71,75864.86,152.04149578
2026-04-21 00:00:00,75864.86,76130.29,75724.81,76122.01,176.27805191
2026-04-21 01:00:00,76121.97,76290.0,75889.2,75955.08,121.06487124
2026-04-21 02:00:00,75955.07,75965.22,75605.0,75613.75,186.62523517
2026-04-21 03:00:00,75613.76,75749.01,75514.0,75740.58,130.4859594
2026-04-21 04:00:00,75740.58,75853.73,75633.28,75840.59,142.87812961
2026-04-21 05:00:00,75840.58,76026.63,75810.15,75835.77,128.61655392
2026-04-21 06:00:00,75835.76,76153.85,75725.96,76001.83,126.64851458
2026-04-21 07:00:00,76001.83,76326.37,75847.24,76118.09,229.82448607
2026-04-21 08:00:00,76118.09,76926.37,76092.01,76545.65,250.43874238
2026-04-21 09:00:00,76545.65,76622.15,76189.44,76397.31,169.45306652
2026-04-21 10:00:00,76397.3,76905.18,76379.5,76775.13,255.74979069
2026-04-21 11:00:00,76775.13,76789.35,76366.43,76485.82,491.97862615
2026-04-21 12:00:00,76486.41,76554.71,75738.91,76037.95,489.56129073
2026-04-21 13:00:00,76037.94,76213.37,75752.82,75927.03,561.20580966
2026-04-21 14:00:00,75928.04,76632.97,75634.64,75681.99,599.49621276
2026-04-21 15:00:00,75682.0,75999.33,75438.7,75844.02,535.81451241
2026-04-21 16:00:00,75846.68,76205.59,75770.66,75795.0,357.83087487
2026-04-21 17:00:00,75794.41,75925.55,75074.0,75567.26,601.70332754
2026-04-21 18:00:00,75567.27,75680.18,75316.83,75619.17,332.5960966
2026-04-21 19:00:00,75619.17,75936.07,74817.27,75030.96,692.76267637
2026-04-21 20:00:00,75031.09,75880.35,74989.53,75714.21,411.85955074
2026-04-21 21:00:00,75711.24,75796.69,75469.86,75565.01,134.74132192
2026-04-21 22:00:00,75565.0,75662.15,75323.03,75662.06,134.72365803
2026-04-21 23:00:00,75662.14,76453.02,75642.93,76348.58,294.58057744
2026-04-22 00:00:00,76355.73,76520.0,76233.63,76380.89,271.01540551
2026-04-22 01:00:00,76380.89,76432.94,76145.0,76317.11,190.77505081
2026-04-22 02:00:00,76317.11,77673.63,76236.94,77624.23,803.89614781
2026-04-22 03:00:00,77623.92,77747.98,77430.0,77541.55,375.72001428
2026-04-22 04:00:00,77541.55,77725.21,77369.03,77536.0,155.86380984
2026-04-22 05:00:00,77536.01,78444.0,77460.58,77986.99,863.07032076
2026-04-22 06:00:00,77987.0,78050.75,77906.53,78023.21,332.02874517
2026-04-22 07:00:00,78023.22,78128.99,77821.1,78025.8,303.06142286
2026-04-22 08:00:00,78025.8,78222.15,77960.0,78020.25,305.04592652
2026-04-22 09:00:00,78020.24,78204.89,77968.89,78015.56,203.39088161
2026-04-22 10:00:00,78015.57,78201.25,77964.02,78175.7,192.62961579
2026-04-22 11:00:00,78175.71,78422.84,78119.18,78327.98,349.20124207
2026-04-22 12:00:00,78327.98,78542.56,78137.19,78262.91,586.49290614
2026-04-22 13:00:00,78262.9,78887.8,78183.05,78887.44,868.56868369
2026-04-22 14:00:00,78887.45,79217.08,78601.87,79073.57,1395.8526772
2026-04-22 15:00:00,79073.56,79455.95,78865.0,79323.61,913.59546415
2026-04-22 16:00:00,79323.62,79523.0,78660.62,78782.46,590.89133288
2026-04-22 17:00:00,78782.46,79078.37,78724.13,78947.97,412.12884012
2026-04-22 18:00:00,78947.98,79218.81,78854.6,79062.46,342.76053682
2026-04-22 19:00:00,79062.46,79111.73,78734.15,78878.3,1154.32492186
2026-04-22 20:00:00,78878.31,78953.15,78427.63,78463.99,397.6163413
2026-04-22 21:00:00,78464.05,78858.25,78445.8,78794.76,304.96665296
2026-04-22 22:00:00,78794.76,78865.09,78487.27,78635.61,255.56443881
2026-04-22 23:00:00,78635.61,78642.0,78182.0,78208.52,189.458122
2026-04-23 00:00:00,78208.52,78608.94,77610.0,78467.52,411.98452201
2026-04-23 01:00:00,78467.69,78500.0,78093.3,78387.39,218.34548169
2026-04-23 02:00:00,78387.4,78387.4,77783.74,77967.46,288.03669951
2026-04-23 03:00:00,77967.46,78070.5,77500.0,77766.9,313.35973135
2026-04-23 04:00:00,77766.9,77974.18,77698.7,77935.46,196.92327625
2026-04-23 05:00:00,77935.46,78149.07,77788.81,78051.59,186.22542761
2026-04-23 06:00:00,78055.02,78370.49,78055.02,78240.0,232.4070167
2026-04-23 07:00:00,78240.01,78281.78,77989.72,78086.14,188.83334326
2026-04-23 08:00:00,78086.15,78204.31,77727.29,77877.34,224.51396122
2026-04-23 09:00:00,77877.34,77887.47,77463.04,77670.55,308.03399338
2026-04-23 10:00:00,77672.01,77737.92,77200.0,77425.92,251.20927769
2026-04-23 11:00:00,77425.92,77776.48,77372.12,77722.29,148.02848263
2026-04-23 12:00:00,77722.29,77907.56,77562.25,77894.01,347.51772307
2026-04-23 13:00:00,77897.23,77946.39,77404.02,77549.31,479.20497411
2026-04-23 14:00:00,77549.32,78250.0,77431.4,78210.59,1051.51619843
2026-04-23 15:00:00,78210.59,78722.96,78007.2,78410.43,903.15988416
2026-04-23 16:00:00,78410.44,78550.0,78063.58,78133.06,483.26997738
2026-04-23 17:00:00,78133.06,78222.46,76979.99,77796.41,998.64314236
2026-04-23 18:00:00,77796.41,78181.43,77695.47,77698.4,635.48695143
2026-04-23 19:00:00,77698.4,77927.45,77600.0,77743.16,691.04509369
2026-04-23 20:00:00,77742.5,78073.5,77656.44,77903.01,283.93397456
2026-04-23 21:00:00,77903.01,78092.46,77811.0,77890.0,118.98489693
2026-04-23 22:00:00,77887.5,78369.99,77884.4,78257.14,239.45731112
2026-04-23 23:00:00,78257.15,78327.6,78051.8,78281.32,166.63369403
2026-04-24 00:00:00,78281.32,78516.33,78191.31,78446.01,210.74614857
2026-04-24 01:00:00,78446.02,78487.02,77979.18,78457.91,250.96331705
2026-04-24 02:00:00,78457.9,78607.38,78097.52,78154.1,205.24998195
2026-04-24 03:00:00,78154.1,78217.79,77590.51,77755.39,252.39007698
2026-04-24 04:00:00,77755.39,77888.5,77492.99,77682.91,226.27000461
2026-04-24 05:00:00,77682.9,78071.27,77465.3,77974.29,205.07879932
2026-04-24 06:00:00,77974.3,77999.1,77786.29,77813.12,96.92941092
2026-04-24 07:00:00,77813.11,77882.44,77568.32,77676.96,98.56816624
2026-04-24 08:00:00,77676.95,78030.98,77593.2,77808.73,175.68946751
2026-04-24 09:00:00,77808.72,77827.83,77423.86,77551.89,194.70987401
2026-04-24 10:00:00,77551.88,77811.18,77457.21,77762.45,176.88319828
2026-04-24 11:00:00,77762.45,78400.0,77762.44,78256.13,525.98017865
2026-04-24 12:00:00,78256.15,78379.31,78035.99,78290.74,321.36075618
2026-04-24 13:00:00,78290.74,78500.0,77922.96,78107.84,631.77425171
2026-04-24 14:00:00,78107.84,78107.84,77700.01,78070.15,1640.91244946
2026-04-24 15:00:00,78072.0,78257.09,77596.52,78066.88,462.47790826
2026-04-24 16:00:00,78065.03,78090.24,77606.46,77800.0,324.67359349
2026-04-24 17:00:00,77798.32,77856.95,77502.59,77707.15,377.24949328
2026-04-24 18:00:00,77707.16,77745.83,77381.74,77637.61,303.69529933
2026-04-24 19:00:00,77637.61,77773.45,77555.6,77659.72,321.8029166
2026-04-24 20:00:00,77657.01,77787.4,77478.31,77748.69,206.77057277
2026-04-24 21:00:00,77748.68,77785.0,77565.44,77565.45,166.99577979
2026-04-24 22:00:00,77565.45,77650.87,77289.0,77360.78,270.90511444
2026-04-24 23:00:00,77360.78,77493.21,77358.82,77461.8,118.69536089
2026-04-25 00:00:00,77461.79,77526.0,77329.29,77483.44,102.13882478
2026-04-25 01:00:00,77486.72,77645.47,77456.79,77559.96,77.84341739
2026-04-25 02:00:00,77559.97,77669.53,77518.78,77639.19,85.04430526
2026-04-25 03:00:00,77639.19,77739.8,77574.67,77699.91,70.23443277
2026-04-25 04:00:00,77699.92,77726.16,77621.9,77641.16,61.18188358
2026-04-25 05:00:00,77641.16,77641.16,77507.99,77542.19,46.25971601
2026-04-25 06:00:00,77542.19,77609.28,77506.7,77526.42,121.66064379
2026-04-25 07:00:00,77526.41,77603.62,77470.0,77521.97,147.32526871
2026-04-25 08:00:00,77520.0,77686.8,77510.94,77672.65,123.69105994
2026-04-25 09:00:00,77672.65,77806.07,77612.0,77738.19,133.39851427
2026-04-25 10:00:00,77738.19,77911.09,77738.19,77809.48,104.58710494
2026-04-25 11:00:00,77809.48,77809.48,77636.17,77709.94,69.58593733
2026-04-25 12:00:00,77711.31,77736.95,77565.44,77575.35,68.35604197
2026-04-25 13:00:00,77577.02,77731.7,77577.02,77701.35,66.2750009
2026-04-25 14:00:00,77701.36,77774.27,77652.09,77679.96,67.27406045
2026-04-25 15:00:00,77679.95,77749.7,77332.98,77354.06,289.25403051
2026-04-25 16:00:00,77354.05,77500.0,77179.2,77427.69,464.62848335
2026-04-25 17:00:00,77427.68,77439.98,77234.99,77274.53,115.84405572
2026-04-25 18:00:00,77274.52,77414.56,77242.17,77319.65,113.3020298
2026-04-25 19:00:00,77319.65,77376.98,77210.0,77339.77,118.34693072
2026-04-25 20:00:00,77339.77,77508.87,77324.57,77497.07,123.57224345
2026-04-25 21:00:00,77497.08,77557.64,77434.24,77555.49,94.26634203
2026-04-25 22:00:00,77555.5,77662.26,77519.52,77577.96,107.68611511
2026-04-25 23:00:00,77577.96,77680.3,77545.77,77650.72,99.91814823
2026-04-26 00:00:00,77650.72,77666.29,77468.4,77520.34,94.15005219
2026-04-26 01:00:00,77520.33,77594.0,77470.32,77479.27,75.49687314
2026-04-26 02:00:00,77479.26,77620.55,77471.84,77545.7,62.33264788
2026-04-26 03:00:00,77545.7,77566.0,77346.44,77408.01,67.74139304
2026-04-26 04:00:00,77408.01,77838.01,77394.88,77790.06,141.46210364
2026-04-26 05:00:00,77790.05,78221.43,77736.0,78004.97,332.63900885
2026-04-26 06:00:00,78004.97,78074.58,77917.89,78019.26,70.35356196
2026-04-26 07:00:00,78024.64,78148.82,77985.28,78126.31,72.08978411
2026-04-26 08:00:00,78126.32,78237.34,78045.23,78050.01,173.67841807
2026-04-26 09:00:00,78050.01,78081.29,77940.69,78026.91,71.98970141
2026-04-26 10:00:00,78026.91,78077.06,77975.44,78024.64,62.24884258
2026-04-26 11:00:00,78024.63,78177.02,78024.63,78118.01,53.38464798
2026-04-26 12:00:00,78118.01,78135.23,77782.36,77850.81,101.50847324
2026-04-26 13:00:00,77851.74,78011.19,77805.72,77993.74,114.41742287
2026-04-26 14:00:00,77990.84,78189.65,77893.44,78108.37,141.82659206
2026-04-26 15:00:00,78108.38,78146.73,78014.81,78073.83,139.77387003
2026-04-26 16:00:00,78073.83,78113.2,77945.42,77945.43,150.43766573
2026-04-26 17:00:00,77945.42,78079.99,77867.2,78037.46,147.95245216
2026-04-26 18:00:00,78037.46,78375.37,78009.17,78299.91,287.37518772
2026-04-26 19:00:00,78299.91,78527.65,78044.32,78258.01,426.24724261
2026-04-26 20:00:00,78258.0,78410.1,78178.8,78218.16,143.24661449
2026-04-26 21:00:00,78216.01,78943.0,77873.76,78437.96,319.62388755
2026-04-26 22:00:00,78437.96,78882.55,77989.33,78333.24,413.4963956
2026-04-26 23:00:00,78334.0,78910.4,78059.0,78673.83,278.58425853
2026-04-27 00:00:00,78673.84,79399.0,78417.72,79322.57,562.13681928
2026-04-27 01:00:00,79328.0,79496.0,78750.01,79301.99,598.70610001
2026-04-27 02:00:00,79301.99,79322.7,79048.0,79149.68,232.01831279
2026-04-27 03:00:00,79146.4,79347.43,79091.87,79120.02,326.5039925
2026-04-27 04:00:00,79120.02,79175.92,78893.94,78942.02,172.24102059
2026-04-27 05:00:00,78942.06,78961.19,77584.43,77790.0,832.41416581
2026-04-27 06:00:00,77790.01,77880.08,77481.0,77709.76,290.78408162
2026-04-27 07:00:00,77709.76,77749.12,77572.0,77613.58,158.95803979
2026-04-27 08:00:00,77613.58,77823.82,77563.02,77811.56,161.42116305
2026-04-27 09:00:00,77814.18,77992.86,77706.41,77902.45,171.13970826
2026-04-27 10:00:00,77902.44,77953.53,77790.47,77857.45,176.63582072
2026-04-27 11:00:00,77857.46,77899.57,77745.01,77847.89,108.01723872
2026-04-27 12:00:00,77847.88,77878.01,77620.0,77671.04,272.48314308
2026-04-27 13:00:00,77671.04,77976.01,77572.4,77750.0,527.03025891
2026-04-27 14:00:00,77750.0,78278.39,77670.02,77817.6,518.98840209
2026-04-27 15:00:00,77821.44,77840.64,76555.0,76775.89,1339.25615959
2026-04-27 16:00:00,76775.9,76861.44,76529.01,76615.83,543.2685921
2026-04-27 17:00:00,76615.84,76925.8,76611.84,76721.22,433.75604554
2026-04-27 18:00:00,76721.22,76886.15,76646.4,76814.01,432.2920132
2026-04-27 19:00:00,76813.05,76891.94,76447.51,76886.0,575.76572475
2026-04-27 20:00:00,76886.0,77075.0,76834.97,76955.36,258.24703332
2026-04-27 21:00:00,76955.36,76983.11,76777.0,76777.0,189.39648485
2026-04-27 22:00:00,76777.01,77079.3,76735.0,77064.48,207.91914289
2026-04-27 23:00:00,77064.48,77444.41,77003.53,77364.42,199.38300882
2026-04-28 00:00:00,77364.48,77478.99,77206.75,77376.38,267.70774061
2026-04-28 01:00:00,77376.38,77399.69,77031.69,77088.49,142.52644572
2026-04-28 02:00:00,77088.49,77226.24,76672.87,76886.86,226.06413229
2026-04-28 03:00:00,76886.86,76895.99,76664.99,76809.35,177.25000911
2026-04-28 04:00:00,76809.35,76954.0,76682.09,76885.6,165.84790587
2026-04-28 05:00:00,76885.6,77155.99,76808.0,76882.73,241.56282362
2026-04-28 06:00:00,76884.2,77029.4,76579.16,76702.99,210.50784673
2026-04-28 07:00:00,76702.99,76916.88,76425.0,76872.94,215.08923742
2026-04-28 08:00:00,76872.94,77003.39,76737.03,76856.0,197.36016177
2026-04-28 09:00:00,76855.99,76867.44,76477.08,76587.24,172.6960924
2026-04-28 10:00:00,76587.24,76686.47,76476.35,76604.91,148.26023014
2026-04-28 11:00:00,76604.01,76636.56,76106.88,76224.71,397.98370673
2026-04-28 12:00:00,76224.72,76423.44,76154.12,76383.49,283.94379293
2026-04-28 13:00:00,76383.49,76418.16,75900.0,76183.67,540.50072547
2026-04-28 14:00:00,76183.66,76198.05,75646.84,75940.0,685.12474639
2026-04-28 15:00:00,75940.01,76071.83,75822.24,76052.69,329.87468566
2026-04-28 16:00:00,76052.69,76202.88,75861.97,76109.27,368.8771461
2026-04-28 17:00:00,76109.27,76250.0,75927.75,76166.79,400.83514644
2026-04-28 18:00:00,76166.79,76268.39,76111.0,76220.66,220.16173651
2026-04-28 19:00:00,76220.66,76379.97,76042.42,76308.13,304.36666757
2026-04-28 20:00:00,76308.97,76478.33,76308.01,76461.99,338.46727511
2026-04-28 21:00:00,76461.99,76483.8,76250.0,76349.51,243.97313577
2026-04-28 22:00:00,76349.52,76445.0,76206.01,76229.8,183.56067116
2026-04-28 23:00:00,76229.8,76366.67,76174.8,76317.99,163.28918501
2026-04-29 00:00:00,76317.99,76549.19,76251.1,76502.35,216.52169765
2026-04-29 01:00:00,76502.36,76655.28,76163.99,76552.31,275.86517938
2026-04-29 02:00:00,76552.31,76644.36,76380.73,76509.27,124.40535851
2026-04-29 03:00:00,76509.27,77117.03,76496.18,76987.27,411.55793218
2026-04-29 04:00:00,76987.27,77447.18,76866.67,77260.57,406.57412373
2026-04-29 05:00:00,77260.56,77321.98,77177.77,77280.36,172.93512145
2026-04-29 06:00:00,77280.36,77325.0,76912.64,77016.0,233.839939
2026-04-29 07:00:00,77016.01,77175.02,76991.46,77034.04,136.58344209
2026-04-29 08:00:00,77034.05,77143.66,76942.27,77029.45,147.81124387
2026-04-29 09:00:00,77029.47,77799.91,76948.99,77646.24,356.77938367
2026-04-29 10:00:00,77646.27,77906.84,77557.39,77622.55,429.54145986
2026-04-29 11:00:00,77622.56,77686.05,77474.88,77580.73,223.94691333
2026-04-29 12:00:00,77580.73,77597.63,76977.04,77123.22,335.1842513
2026-04-29 13:00:00,77125.87,77239.46,76404.94,76752.98,743.96980067
2026-04-29 14:00:00,76752.98,76853.11,76452.14,76555.55,687.65122267
2026-04-29 15:00:00,76557.96,76618.93,75670.21,75897.98,796.58395283
2026-04-29 16:00:00,75896.01,76102.54,75663.89,75769.7,699.129051
2026-04-29 17:00:00,75770.87,76164.04,75770.87,76153.83,475.61582141
2026-04-29 18:00:00,76146.12,76236.65,74914.0,75483.82,1057.00259438
2026-04-29 19:00:00,75485.98,75567.9,75264.87,75526.0,674.55836458
2026-04-29 20:00:00,75529.6,75842.25,75454.18,75649.91,565.74809567
2026-04-29 21:00:00,75649.92,76059.3,75569.85,75901.88,177.11464119
2026-04-29 22:00:00,75903.68,75982.94,75788.04,75893.29,165.92533336
2026-04-29 23:00:00,75893.29,75965.0,75666.01,75752.88,150.73812356
2026-04-30 00:00:00,75752.87,76305.67,75622.14,76218.67,281.82081615
2026-04-30 01:00:00,76218.67,76448.83,76135.2,76212.85,218.77929805
2026-04-30 02:00:00,76212.85,76330.0,75464.99,75669.99,355.5255205
2026-04-30 03:00:00,75669.99,75975.98,75628.81,75898.86,133.49661369
2026-04-30 04:00:00,75898.86,75947.38,75361.04,75453.94,323.45880002
2026-04-30 05:00:00,75453.6,75725.99,75290.1,75567.91,141.41886216
2026-04-30 06:00:00,75567.9,75842.77,75538.0,75726.17,196.72497655
2026-04-30 07:00:00,75726.17,76147.3,75683.16,76134.32,137.69907254
2026-04-30 08:00:00,76134.33,76179.74,75990.98,76035.73,138.60155821
2026-04-30 09:00:00,76035.73,76321.98,75972.03,76073.33,141.97205114
2026-04-30 10:00:00,76074.39,76137.18,75948.0,75994.3,134.78016175
2026-04-30 11:00:00,75995.95,76216.65,75843.18,76039.6,166.78010932
2026-04-30 12:00:00,76039.6,76391.49,75982.3,76279.03,249.38811048
2026-04-30 13:00:00,76278.89,76655.95,76069.27,76385.9,650.22688904
2026-04-30 14:00:00,76385.9,76568.42,76047.26,76267.97,434.86289781
2026-04-30 15:00:00,76267.99,76627.55,76122.42,76436.38,329.64399182
2026-04-30 16:00:00,76436.38,76452.81,76181.02,76220.05,239.34688449
2026-04-30 17:00:00,76220.05,76296.74,76068.0,76210.43,332.58639685
2026-04-30 18:00:00,76210.43,76444.45,76165.48,76314.99,287.76141848
2026-04-30 19:00:00,76314.97,76495.34,76280.0,76375.39,467.66399212
2026-04-30 20:00:00,76374.49,76543.47,76284.8,76461.51,344.17548981
2026-04-30 21:00:00,76461.5,76511.99,76197.0,76207.91,317.51379054
2026-04-30 22:00:00,76207.91,76418.42,76161.54,76205.36,138.74916236
2026-04-30 23:00:00,76205.36,76347.44,76175.06,76305.78,119.48041261
2026-05-01 00:00:00,76305.78,76560.37,76275.01,76423.74,142.38449454
2026-05-01 01:00:00,76425.17,76749.66,76408.12,76651.2,252.31112903
2026-05-01 02:00:00,76652.86,76715.51,76502.82,76566.47,128.36094592
2026-05-01 03:00:00,76566.46,77427.41,76520.0,77091.85,452.36984761
2026-05-01 04:00:00,77091.84,77175.54,76921.9,77004.99,219.7480408
2026-05-01 05:00:00,77004.99,77163.2,76996.4,77144.81,116.16463501
2026-05-01 06:00:00,77144.81,77161.33,76852.56,76949.15,174.71727686
2026-05-01 07:00:00,76954.0,77120.99,76926.67,77108.02,141.85059978
2026-05-01 08:00:00,77108.02,77493.67,77022.55,77358.39,211.36806042
2026-05-01 09:00:00,77358.4,77383.84,77185.6,77266.0,112.41067866
2026-05-01 10:00:00,77266.01,77414.2,77139.99,77276.8,123.79179091
2026-05-01 11:00:00,77276.92,77588.39,77243.83,77452.72,237.93954722
2026-05-01 12:00:00,77452.73,78168.76,77392.01,77885.38,720.2372184
2026-05-01 13:00:00,77885.39,78961.14,77885.37,78754.46,1120.97832829
2026-05-01 14:00:00,78754.47,78901.28,78050.68,78355.69,998.34372707
2026-05-01 15:00:00,78355.69,78747.06,78178.7,78438.2,772.8527245
2026-05-01 16:00:00,78438.2,78691.41,78155.26,78202.93,453.83563636
2026-05-01 17:00:00,78202.92,78600.0,78120.0,78550.0,474.6480545
2026-05-01 18:00:00,78550.0,78631.23,78375.0,78436.17,432.11575143
2026-05-01 19:00:00,78436.18,78557.3,78310.18,78374.85,369.11194247
2026-05-01 20:00:00,78373.61,78435.9,77721.81,77872.81,377.19907585
2026-05-01 21:00:00,77872.81,78207.05,77850.01,78207.04,271.82748095
2026-05-01 22:00:00,78207.04,78424.36,78129.23,78149.36,323.35670898
2026-05-01 23:00:00,78149.36,78244.19,78027.14,78234.05,158.55679298
2026-05-02 00:00:00,78234.05,78394.41,78168.0,78346.02,130.24370708
2026-05-02 01:00:00,78346.02,78442.0,78285.29,78348.01,102.41855918
2026-05-02 02:00:00,78348.0,78508.89,78249.85,78358.1,93.57902078
2026-05-02 03:00:00,78358.1,78517.77,78230.07,78409.63,93.84924831
2026-05-02 04:00:00,78409.64,78448.57,78122.01,78179.38,109.98632811
2026-05-02 05:00:00,78179.39,78237.98,78034.28,78179.6,95.37405912
2026-05-02 06:00:00,78179.6,78371.54,78139.21,78324.02,66.71384639
2026-05-02 07:00:00,78324.02,78348.24,78200.0,78220.21,45.33142298
2026-05-02 08:00:00,78220.21,78359.17,78157.94,78313.63,52.32912825
2026-05-02 09:00:00,78313.64,78394.26,78215.01,78299.79,90.98755094
2026-05-02 10:00:00,78299.8,78317.1,78221.6,78249.98,53.42305679
2026-05-02 11:00:00,78249.97,78249.97,78093.09,78147.04,73.33387224
2026-05-02 12:00:00,78147.05,78268.65,78098.93,78213.16,68.24472652
2026-05-02 13:00:00,78213.16,78432.22,78213.16,78367.8,102.58733306
2026-05-02 14:00:00,78367.81,78480.0,78305.0,78415.34,98.64533694
2026-05-02 15:00:00,78415.33,78486.49,78355.19,78483.53,84.75256088
2026-05-02 16:00:00,78483.53,78594.99,78417.86,78446.03,101.07445771
2026-05-02 17:00:00,78446.02,78483.51,78362.0,78393.08,119.24816276
2026-05-02 18:00:00,78393.07,78486.56,78308.0,78456.01,52.09857559
2026-05-02 19:00:00,78456.01,78521.24,78428.91,78484.47,111.23748822
2026-05-02 20:00:00,78487.74,78491.66,78415.02,78458.67,76.19712295
2026-05-02 21:00:00,78458.67,79155.0,78450.0,78724.69,395.79547705
2026-05-02 22:00:00,78724.69,78874.16,78604.23,78833.98,143.00047277
2026-05-02 23:00:00,78833.97,78833.97,78624.95,78682.31,83.76276382
2026-05-03 00:00:00,78682.31,78759.97,78490.0,78551.71,129.1047788
2026-05-03 01:00:00,78551.7,78551.71,78143.0,78250.0,146.67372143
2026-05-03 02:00:00,78250.0,78307.12,78098.33,78162.86,110.10270944
2026-05-03 03:00:00,78162.86,78223.54,78102.58,78196.02,52.70260167
2026-05-03 04:00:00,78196.0,78230.6,78107.27,78164.86,54.6868186
2026-05-03 05:00:00,78164.85,78258.21,78146.02,78239.86,32.90309028
2026-05-03 06:00:00,78239.87,78337.86,78073.01,78281.18,78.90264876
2026-05-03 07:00:00,78281.18,78464.06,78281.18,78357.63,55.52406426
2026-05-03 08:00:00,78357.62,78501.15,78348.91,78379.39,33.56291112
2026-05-03 09:00:00,78379.45,78600.0,78336.66,78532.44,85.77990063
2026-05-03 10:00:00,78532.44,78532.44,78400.16,78404.77,19.89739555
2026-05-03 11:00:00,78404.76,78840.24,78379.38,78657.99,167.28843291
2026-05-03 12:00:00,78658.0,78873.0,78657.99,78746.13,234.64830996
2026-05-03 13:00:00,78746.13,78768.05,78575.0,78659.99,104.64046717
2026-05-03 14:00:00,78660.0,78777.0,78600.01,78715.97,94.42566777
2026-05-03 15:00:00,78715.96,78800.0,78606.56,78656.83,91.98816817
2026-05-03 16:00:00,78656.83,78776.83,78580.28,78650.53,61.88829408
2026-05-03 17:00:00,78650.52,78817.95,78552.39,78721.36,93.97516917
2026-05-03 18:00:00,78721.37,78756.4,78618.13,78732.28,59.66362637
2026-05-03 19:00:00,78732.28,78846.9,78666.56,78753.17,99.49457079
2026-05-03 20:00:00,78753.16,79261.96,78718.47,78921.14,230.18050211
2026-05-03 21:00:00,78921.14,79058.73,78650.0,78822.53,192.42873069
2026-05-03 22:00:00,78822.53,79428.6,78815.59,79168.26,329.56795607
2026-05-03 23:00:00,79168.27,79289.35,78478.43,78558.89,206.84534735
2026-05-04 00:00:00,78558.88,78563.51,78269.41,78537.44,238.11249757
2026-05-04 01:00:00,78537.44,79813.97,78399.42,79763.38,475.16241189
2026-05-04 02:00:00,79763.38,80426.0,79530.53,80166.46,1126.19105531
2026-05-04 03:00:00,80166.47,80435.0,79904.96,80305.37,534.71971953
2026-05-04 04:00:00,80305.37,80613.0,80215.5,80327.86,313.87306899
2026-05-04 05:00:00,80327.87,80394.0,79950.22,80013.53,211.53857038
2026-05-04 06:00:00,80013.53,80049.0,79473.29,79859.63,439.19871146
2026-05-04 07:00:00,79859.64,79933.3,79661.25,79690.03,140.10345787
2026-05-04 08:00:00,79690.04,79790.2,79580.95,79692.82,232.55663914
2026-05-04 09:00:00,79694.06,79911.09,79626.03,79815.22,148.88586819
2026-05-04 10:00:00,79815.22,79866.46,78205.0,78935.22,1043.77037446
2026-05-04 11:00:00,78935.22,79134.56,78692.44,78782.95,327.07001865
2026-05-04 12:00:00,78782.95,79021.42,78700.56,78849.08,220.25158176
2026-05-04 13:00:00,78848.0,79121.84,78558.92,78780.0,425.84928981
2026-05-04 14:00:00,78780.01,80567.0,78491.0,80233.26,1331.14839394
2026-05-04 15:00:00,80232.56,80391.49,79408.01,80026.01,1304.22060094
2026-05-04 16:00:00,80026.01,80428.11,79615.17,80024.01,659.34886667
2026-05-04 17:00:00,80024.0,80750.0,80015.02,80393.97,871.10747181
2026-05-04 18:00:00,80391.28,80441.54,80019.5,80108.9,273.99952191
2026-05-04 19:00:00,80108.91,80138.01,79875.0,80052.2,438.88050018
2026-05-04 20:00:00,80050.99,80162.01,79891.63,79919.11,357.28785518
2026-05-04 21:00:00,79931.33,80375.44,79931.32,80260.08,156.90001689
2026-05-04 22:00:00,80260.07,80396.15,80035.81,80059.69,122.25328607
2026-05-04 23:00:00,80059.69,80059.69,79733.52,79852.37,146.98570409
2026-05-05 00:00:00,79852.37,80186.45,79789.5,80163.99,196.96479016
2026-05-05 01:00:00,80163.99,80379.9,80066.29,80345.99,180.56386653
2026-05-05 02:00:00,80346.0,80905.93,80290.02,80549.23,302.62081265
2026-05-05 03:00:00,80549.97,81080.06,80446.0,80870.89,361.34440082
2026-05-05 04:00:00,80870.5,80978.0,80715.03,80900.32,312.96820566
2026-05-05 05:00:00,80900.32,81324.59,80829.01,80965.55,457.92209212
2026-05-05 06:00:00,80965.56,81008.55,80787.62,80968.99,159.53495904
2026-05-05 07:00:00,80969.0,81161.36,80829.39,80850.04,190.29250043
2026-05-05 08:00:00,80850.05,80893.16,80703.32,80817.96,144.52692873
2026-05-05 09:00:00,80817.96,80817.96,80511.34,80585.83,170.11049207
2026-05-05 10:00:00,80585.83,80850.12,80520.0,80842.0,174.48584814
2026-05-05 11:00:00,80840.39,81130.53,80785.86,81026.17,300.88867104
2026-05-05 12:00:00,81026.16,81332.0,80934.88,81284.67,408.73191123
2026-05-05 13:00:00,81284.66,81735.3,81205.0,81334.29,864.47825008
2026-05-05 14:00:00,81334.3,81509.46,80943.42,81338.68,584.76878801
2026-05-05 15:00:00,81338.43,81720.65,81234.3,81553.68,815.3952187
2026-05-05 16:00:00,81555.47,81631.23,81046.45,81297.92,539.28104507
2026-05-05 17:00:00,81297.92,81469.31,81188.85,81280.0,257.66069139
2026-05-05 18:00:00,81280.04,81625.56,81280.04,81519.13,506.07700369
2026-05-05 19:00:00,81519.14,81698.08,81413.07,81611.95,646.80063074
2026-05-05 20:00:00,81614.8,81790.08,81516.43,81650.01,482.63382645
2026-05-05 21:00:00,81650.01,81799.6,81301.77,81410.03,231.2112603
2026-05-05 22:00:00,81410.04,81612.58,80804.26,81120.56,475.79296505
2026-05-05 23:00:00,81120.56,81216.0,80778.0,80907.72,364.44540724
2026-05-06 00:00:00,80907.72,81259.28,80699.66,81014.92,402.38641149
2026-05-06 01:00:00,81014.92,81536.18,80967.37,81430.59,198.34672328
2026-05-06 02:00:00,81430.6,81446.39,81036.44,81358.52,168.743956
2026-05-06 03:00:00,81358.52,81750.0,81348.5,81579.16,209.19849293
2026-05-06 04:00:00,81579.16,81640.84,81264.6,81325.53,160.24099402
2026-05-06 05:00:00,81322.18,81336.0,81048.5,81322.16,173.47616862
2026-05-06 06:00:00,81322.16,81517.9,81202.79,81472.95,134.9491167
2026-05-06 07:00:00,81472.96,81606.99,81306.0,81370.0,124.84269099
2026-05-06 08:00:00,81370.0,81997.43,81318.1,81956.69,472.41297594
2026-05-06 09:00:00,81959.98,82069.99,81678.42,82006.05,485.47168862
2026-05-06 10:00:00,82006.35,82392.83,81958.39,82284.2,456.68035982
2026-05-06 11:00:00,82284.2,82814.23,82253.99,82520.75,674.89415324
2026-05-06 12:00:00,82520.75,82541.88,82156.18,82223.59,462.6241107
2026-05-06 13:00:00,82223.59,82223.59,81584.27,81658.93,616.33924829
2026-05-06 14:00:00,81658.94,81981.13,81122.0,81514.84,750.56133698
2026-05-06 15:00:00,81514.84,81819.13,81294.57,81699.07,343.32053008
2026-05-06 16:00:00,81699.08,81902.31,81419.47,81626.3,486.67523958
2026-05-06 17:00:00,81626.3,81708.05,81375.0,81449.91,430.18882624
2026-05-06 18:00:00,81449.9,81557.62,81263.77,81347.83,309.29201008
2026-05-06 19:00:00,81347.83,81511.57,81183.08,81457.38,297.25062328
2026-05-06 20:00:00,81457.39,81705.34,81296.68,81425.9,313.22337651
2026-05-06 21:00:00,81425.9,81625.23,81294.57,81542.03,174.74264152
2026-05-06 22:00:00,81542.04,81545.33,81234.01,81339.66,214.14121503
2026-05-06 23:00:00,81339.67,81447.81,81000.0,81438.1,216.52810023
2026-05-07 00:00:00,81438.11,81488.98,80972.83,81014.23,308.71930774
2026-05-07 01:00:00,81014.23,81281.7,80850.0,81165.68,269.72261375
2026-05-07 02:00:00,81165.68,81173.87,80871.56,81118.61,191.23339114
2026-05-07 03:00:00,81118.6,81118.6,80829.54,80841.99,121.37554761
2026-05-07 04:00:00,80842.0,80986.23,80724.74,80974.01,129.56521353
2026-05-07 05:00:00,80974.01,81170.77,80958.02,81092.98,91.06162496
2026-05-07 06:00:00,81092.98,81448.01,80879.15,81443.13,152.59765654
2026-05-07 07:00:00,81443.14,81709.17,81392.63,81517.8,179.5952665
2026-05-07 08:00:00,81517.8,81591.91,81194.02,81220.0,141.90908906
2026-05-07 09:00:00,81220.0,81220.01,80843.55,80914.5,126.59365149
2026-05-07 10:00:00,80914.51,81010.85,80562.0,80835.32,147.15430989
2026-05-07 11:00:00,80835.91,81041.25,80766.0,80857.33,197.05479689
2026-05-07 12:00:00,80857.33,81199.73,80824.85,81160.85,219.39598483
2026-05-07 13:00:00,81160.85,81170.61,80238.66,80492.66,548.24141442
2026-05-07 14:00:00,80492.01,80685.68,80027.96,80153.5,611.24553484
2026-05-07 15:00:00,80153.5,80273.31,79679.78,79888.48,1308.94111727
2026-05-07 16:00:00,79888.4,80005.33,79690.62,79783.75,449.78588739
2026-05-07 17:00:00,79783.75,80133.46,79456.0,80091.18,394.60460622
2026-05-07 18:00:00,80091.18,80282.0,79989.42,80200.12,454.58035194
2026-05-07 19:00:00,80200.12,80219.14,79915.42,80142.85,269.12932062
2026-05-07 20:00:00,80143.31,80375.21,79846.08,79876.14,252.63126489
2026-05-07 21:00:00,79876.14,79922.4,79637.22,79716.75,180.66259129
2026-05-07 22:00:00,79716.76,79978.08,79566.87,79907.4,191.29199488
2026-05-07 23:00:00,79907.39,80071.13,79857.96,80005.38,101.05843305
2026-05-08 00:00:00,80005.38,80136.45,79739.88,79827.67,92.44471751
2026-05-08 01:00:00,79827.67,79897.49,79589.37,79593.1,13.80264944
2026-05-08 07:00:00,79590.67,79719.63,79589.38,79673.89,27.19602572
2026-05-08 08:00:00,79673.88,79981.72,79655.37,79877.58,76.28982963
2026-05-08 09:00:00,79880.38,80054.15,79780.23,79861.86,126.16250549
2026-05-08 10:00:00,79861.87,80276.56,79770.61,80206.57,229.18398595
2026-05-08 11:00:00,80207.63,80324.34,80124.5,80223.49,229.14332681
2026-05-08 12:00:00,80223.14,80487.39,79961.58,80020.27,204.51788385
2026-05-08 13:00:00,80020.42,80093.09,79520.44,79617.84,260.08919576
2026-05-08 14:00:00,79617.69,80426.01,79617.68,80134.09,254.15104866
2026-05-08 15:00:00,80134.09,80190.0,79597.84,80125.63,224.05610522
2026-05-08 16:00:00,80126.19,80170.23,79716.84,79777.04,202.53256422
2026-05-08 17:00:00,79777.04,80259.78,79712.11,80050.95,250.82296379
2026-05-08 18:00:00,80053.95,80297.22,80053.95,80075.56,221.25245305
2026-05-08 19:00:00,80075.56,80152.61,79940.0,80149.99,152.72443817
2026-05-08 20:00:00,80150.0,80289.89,80075.42,80129.06,85.57853049
2026-05-08 21:00:00,80131.16,80261.36,80101.44,80253.67,115.05743774
2026-05-08 22:00:00,80253.66,80419.99,80227.05,80270.12,128.69051405
2026-05-08 23:00:00,80270.12,80292.92,80097.0,80188.82,193.04552904
2026-05-09 00:00:00,80188.82,80239.9,80115.33,80230.24,91.54299424
2026-05-09 01:00:00,80230.23,80444.04,80215.0,80318.26,82.62305148
2026-05-09 02:00:00,80318.25,80472.35,80318.25,80412.15,66.51988802
2026-05-09 03:00:00,80412.15,80548.04,80305.0,80380.3,67.35021396
2026-05-09 04:00:00,80380.3,80666.16,80359.28,80383.85,73.94124501
2026-05-09 05:00:00,80383.85,80480.99,80345.93,80374.0,38.89676541
2026-05-09 06:00:00,80374.0,80426.8,80190.13,80248.13,78.7051679
2026-05-09 07:00:00,80248.13,80296.61,80124.5,80214.87,55.65354254
2026-05-09 08:00:00,80214.86,80434.62,80204.46,80399.99,118.10246726
2026-05-09 09:00:00,80399.99,80406.13,80200.0,80236.74,51.87375436
2026-05-09 10:00:00,80236.74,80342.36,80160.0,80258.49,125.43343872
2026-05-09 11:00:00,80256.61,80366.4,80241.58,80315.98,75.64646459
2026-05-09 12:00:00,80315.98,80412.75,80253.33,80387.71,63.39573802
2026-05-09 13:00:00,80393.61,80424.13,80306.8,80391.53,99.86788621
2026-05-09 14:00:00,80391.52,80421.17,80241.38,80325.1,71.89564878
2026-05-09 15:00:00,80325.1,80595.0,80214.33,80523.95,110.07818949
2026-05-09 16:00:00,80523.96,80775.9,80469.4,80609.3,150.06847413
2026-05-09 17:00:00,80609.51,80909.0,80608.09,80794.61,142.33224344
2026-05-09 18:00:00,80795.4,81065.32,80773.56,80898.41,117.06666549
2026-05-09 19:00:00,80898.73,80955.0,80769.0,80939.02,92.21121712
2026-05-09 20:00:00,80939.01,80939.02,80730.0,80797.42,55.42312807
2026-05-09 21:00:00,80797.43,80887.72,80732.0,80767.34,44.72830565
2026-05-09 22:00:00,80767.34,80812.48,80661.0,80756.99,82.0326922
2026-05-09 23:00:00,80757.0,80832.67,80603.22,80655.96,101.19981965
2026-05-10 00:00:00,80655.97,80758.3,80607.8,80663.99,85.55582348
2026-05-10 01:00:00,80664.0,80675.22,80552.73,80664.0,64.51413255
2026-05-10 02:00:00,80664.01,80777.54,80586.73,80767.32,60.95032467
2026-05-10 03:00:00,80767.32,80876.05,80692.09,80752.23,53.05129421
2026-05-10 04:00:00,80752.23,80836.0,80714.0,80747.09,41.23918643
2026-05-10 05:00:00,80746.26,80802.0,80666.0,80679.99,50.37346649
2026-05-10 06:00:00,80679.99,80751.78,80619.59,80724.06,38.62893901
2026-05-10 07:00:00,80724.06,80798.12,80711.09,80725.85,33.04911702
2026-05-10 08:00:00,80725.84,80891.98,80704.81,80818.99,51.08387611
2026-05-10 09:00:00,80821.47,80899.76,80734.23,80794.02,70.44010927
2026-05-10 10:00:00,80794.02,80874.72,80676.0,80848.06,133.83778416
2026-05-10 11:00:00,80849.58,80959.04,80727.51,80794.0,107.67368551
2026-05-10 12:00:00,80790.0,80943.09,80761.32,80924.01,91.38840209
2026-05-10 13:00:00,80921.95,80998.99,80853.49,80962.33,127.61663396
2026-05-10 14:00:00,80962.34,80994.01,80800.0,80994.01,162.63948699
2026-05-10 15:00:00,80994.02,81437.77,80922.14,81408.11,265.72671513
2026-05-10 16:00:00,81408.11,81489.26,81175.68,81357.27,348.40240186
2026-05-10 17:00:00,81357.27,81567.99,81204.0,81471.42,178.59003195
2026-05-10 18:00:00,81471.67,81491.94,81210.87,81268.56,141.68319521
2026-05-10 19:00:00,81268.55,81476.99,81140.58,81425.13,151.70480428
2026-05-10 20:00:00,81425.14,81449.21,80273.86,80724.73,420.80087308
2026-05-10 21:00:00,80723.5,80937.53,80571.68,80702.61,267.26497985
2026-05-10 22:00:00,80702.6,82153.95,80661.99,82042.44,589.00265053
2026-05-10 23:00:00,82040.32,82450.0,82034.54,82199.99,435.8701632
2026-05-11 00:00:00,82199.99,82379.0,81257.96,81448.03,419.90770096
2026-05-11 01:00:00,81448.03,81727.52,81268.78,81487.11,266.80647724
2026-05-11 02:00:00,81487.11,81550.0,81093.01,81161.46,241.20368581
2026-05-11 03:00:00,81161.32,81171.98,80504.01,80717.0,319.17531222
2026-05-11 04:00:00,80717.0,80865.0,80619.84,80798.01,105.98760976
2026-05-11 05:00:00,80798.0,80959.06,80734.23,80809.99,174.60357451
2026-05-11 06:00:00,80810.0,81030.0,80743.5,80814.08,104.2535373
2026-05-11 07:00:00,80814.09,80820.0,80650.02,80722.19,72.04135596
2026-05-11 08:00:00,80722.18,80849.39,80595.35,80743.44,122.58768677
2026-05-11 09:00:00,80743.44,80987.63,80733.53,80944.65,77.32720804
2026-05-11 10:00:00,80944.65,81191.87,80916.16,80927.28,129.79009135
2026-05-11 11:00:00,80927.28,81186.04,80888.88,81186.04,99.98010924
2026-05-11 12:00:00,81187.5,81347.66,81002.03,81035.67,224.36189408
2026-05-11 13:00:00,81036.0,81312.0,80725.84,81036.97,423.64333027
2026-05-11 14:00:00,81036.13,81226.49,80417.72,80906.75,420.18525493
2026-05-11 15:00:00,80906.75,81438.1,80788.9,81422.94,348.90564141
2026-05-11 16:00:00,81422.95,81899.37,81319.92,81551.99,519.96616354
2026-05-11 17:00:00,81551.99,82056.95,81343.38,81931.6,1014.27301337
2026-05-11 18:00:00,81931.61,82131.55,81820.0,81846.47,882.47351237
2026-05-11 19:00:00,81847.26,82090.32,81722.13,81956.0,356.14735098
2026-05-11 20:00:00,81956.99,82080.01,81734.89,81812.2,304.93870221
2026-05-11 21:00:00,81812.21,81901.3,81578.77,81812.46,195.19791754
2026-05-11 22:00:00,81812.46,81955.44,81714.86,81813.03,125.75732398
2026-05-11 23:00:00,81813.03,81813.03,81575.0,81727.06,82.1031518
2026-05-12 00:00:00,81727.09,81778.0,81453.92,81528.2,109.50828273
2026-05-12 01:00:00,81528.2,81606.91,80728.3,81176.73,239.65799667
2026-05-12 02:00:00,81176.73,81318.1,81064.62,81235.0,88.58464637
2026-05-12 03:00:00,81235.0,81272.8,81001.0,81037.06,75.48496549
2026-05-12 04:00:00,81037.06,81282.0,80972.04,81203.98,69.79625155
2026-05-12 05:00:00,81203.98,81288.83,81159.25,81200.0,73.61584755
2026-05-12 06:00:00,81200.0,81282.78,80981.82,80986.13,141.84357935
2026-05-12 07:00:00,80995.28,81114.53,80785.0,80829.94,111.95646166
2026-05-12 08:00:00,80829.02,80940.98,80727.11,80806.0,105.51072411
2026-05-12 09:00:00,80804.6,80934.03,80688.0,80799.7,188.82311323
2026-05-12 10:00:00,80799.7,80810.8,80563.09,80644.61,138.41774921
2026-05-12 11:00:00,80644.75,80764.3,80464.44,80756.24,175.79282453
2026-05-12 12:00:00,80755.31,80986.02,80591.12,80862.54,387.39251793
2026-05-12 13:00:00,80862.54,80914.76,80365.44,80437.6,387.96686853
2026-05-12 14:00:00,80438.06,80880.27,80335.83,80518.05,556.40900942
2026-05-12 15:00:00,80518.06,80637.85,80136.0,80298.1,408.44652598
2026-05-12 16:00:00,80298.11,80393.3,79802.51,79967.67,599.45375078
2026-05-12 17:00:00,79967.67,80571.05,79918.12,80493.81,260.57695053
2026-05-12 18:00:00,80493.81,80731.19,80398.02,80650.11,219.4325718
2026-05-12 19:00:00,80650.11,80862.51,80644.56,80820.63,372.63326141
2026-05-12 20:00:00,80820.62,80872.37,80614.66,80673.03,213.65295536
2026-05-12 21:00:00,80673.03,80721.43,80471.11,80569.23,157.05749437
2026-05-12 22:00:00,80569.24,80775.2,80569.24,80639.99,84.58433308
2026-05-12 23:00:00,80639.99,80698.14,80420.1,80484.72,80.76962721
2026-05-13 00:00:00,80484.72,80757.41,80389.95,80698.0,132.69726884
2026-05-13 01:00:00,80697.99,81187.02,80658.29,80985.88,190.34256944
2026-05-13 02:00:00,80985.88,81278.76,80919.76,81040.6,96.62238169
2026-05-13 03:00:00,81040.59,81277.7,80965.86,81240.78,85.67383228
2026-05-13 04:00:00,81240.79,81266.38,81098.72,81217.39,64.44849806
2026-05-13 05:00:00,81217.39,81226.02,80967.18,80998.67,56.97317556
2026-05-13 06:00:00,80999.9,81137.0,80947.0,80959.63,57.56923416
2026-05-13 07:00:00,80958.06,81031.64,80861.2,80996.01,73.81933873
2026-05-13 08:00:00,80996.01,81172.61,80908.22,81161.09,111.11321535
2026-05-13 09:00:00,81163.93,81293.93,81094.17,81256.6,199.78276419
2026-05-13 10:00:00,81256.6,81264.36,80773.24,80773.92,102.75930755
2026-05-13 11:00:00,80773.93,80816.5,80458.66,80468.97,111.66204638
2026-05-13 12:00:00,80468.97,80570.3,79822.0,80172.52,304.70955227
2026-05-13 13:00:00,80172.52,80322.93,79517.0,79610.22,656.02459003
2026-05-13 14:00:00,79608.47,79866.92,79427.12,79720.39,717.87821596
2026-05-13 15:00:00,79788.39,79826.0,78748.76,78783.04,872.86579227
2026-05-13 16:00:00,78783.05,79195.94,78699.83,79068.35,1474.05938941
2026-05-13 17:00:00,79068.35,79533.33,79051.52,79485.12,784.1346154
2026-05-13 18:00:00,79485.12,79949.75,79482.22,79574.01,721.83101403
2026-05-13 19:00:00,79574.01,79614.81,79361.51,79612.0,544.14373279
2026-05-13 20:00:00,79611.36,79732.0,79576.03,79676.66,205.78581796
2026-05-13 21:00:00,79676.65,79680.0,79300.0,79363.1,142.90430483
2026-05-13 22:00:00,79363.11,79441.91,79184.4,79396.64,168.40799064
2026-05-13 23:00:00,79396.65,79474.3,79182.72,79288.26,83.90323319
2026-05-14 00:00:00,79288.26,79658.11,79278.03,79546.8,144.89966831
2026-05-14 01:00:00,79546.8,79664.82,79383.56,79572.29,125.8150698
2026-05-14 02:00:00,79572.3,79651.27,79192.14,79340.0,166.02217539
2026-05-14 03:00:00,79340.01,79430.75,78885.42,79012.48,238.00429281
2026-05-14 04:00:00,79014.78,79441.1,78945.82,79428.7,168.26249617
2026-05-14 05:00:00,79428.7,79962.39,79338.42,79779.34,253.14345915
2026-05-14 06:00:00,79779.35,79912.21,79726.0,79776.31,113.22021667
2026-05-14 07:00:00,79776.31,79906.14,79671.0,79706.1,85.47939427
2026-05-14 08:00:00,79706.12,79906.5,79590.98,79784.57,71.63835644
2026-05-14 09:00:00,79784.57,79881.29,79529.72,79591.08,56.52241188
2026-05-14 10:00:00,79591.07,79721.83,79375.0,79534.48,114.19989248
2026-05-14 11:00:00,79534.47,79576.66,79186.0,79212.02,118.07472067
2026-05-14 12:00:00,79212.01,79773.78,79194.06,79743.92,325.5429313
2026-05-14 13:00:00,79743.92,80035.01,79639.7,79679.97,940.32140279
2026-05-14 14:00:00,79672.32,81000.0,79530.28,80954.08,1270.18769137
2026-05-14 15:00:00,80954.08,81339.2,80798.0,81317.28,1336.24344057
2026-05-14 16:00:00,81434.01,81900.88,81086.0,81877.33,2941.70733159
2026-05-14 17:00:00,81877.23,82066.22,81273.13,81678.01,1069.58619563
2026-05-14 18:00:00,81678.0,81994.98,81422.0,81590.34,1445.33724719
2026-05-14 19:00:00,81590.34,81742.01,81326.44,81439.17,1127.49531861
2026-05-14 20:00:00,81436.99,81625.08,81146.88,81404.16,614.66693313
2026-05-14 21:00:00,81404.16,81526.0,81256.69,81375.98,146.90775854
2026-05-14 22:00:00,81375.98,81550.0,81321.95,81444.0,120.19220686
2026-05-14 23:00:00,81444.01,81444.02,81028.56,81079.39,228.7641523
2026-05-15 00:00:00,81078.04,81650.0,81037.8,81502.29,197.46233995
2026-05-15 01:00:00,81502.21,81609.54,81085.53,81115.99,75.30121262
2026-05-15 02:00:00,81115.99,81341.98,80728.19,81281.41,256.49535075
2026-05-15 03:00:00,81281.41,81334.48,80918.13,81052.96,103.24783489
2026-05-15 04:00:00,81052.95,81099.71,80683.97,80711.87,108.49220739
2026-05-15 05:00:00,80712.71,80872.66,80300.0,80346.37,154.45819929
2026-05-15 06:00:00,80346.36,80625.97,80300.0,80575.0,97.23681083
2026-05-15 07:00:00,80575.01,80994.0,80547.75,80817.36,89.20843141
2026-05-15 08:00:00,80817.37,80826.24,80409.16,80640.86,103.92152447
2026-05-15 09:00:00,80640.87,80677.56,80361.36,80484.27,136.78137402
2026-05-15 10:00:00,80484.27,80771.8,80404.38,80710.29,121.20515181
2026-05-15 11:00:00,80710.29,80753.32,80578.32,80616.05,59.62410656
2026-05-15 12:00:00,80617.67,80637.99,80318.34,80380.11,203.97830402
2026-05-15 13:00:00,80380.12,80380.46,78600.0,78714.08,1790.55256761
2026-05-15 14:00:00,78714.04,79300.0,78591.99,79109.89,873.34973655
2026-05-15 15:00:00,79109.93,79343.04,78975.58,79113.39,336.94098788
2026-05-15 16:00:00,79113.38,79352.04,79089.18,79267.74,343.55411931
2026-05-15 17:00:00,79267.75,79472.71,79188.48,79424.91,290.11580788
2026-05-15 18:00:00,79425.13,79533.91,79114.42,79229.6,349.00222147
2026-05-15 19:00:00,79229.59,79249.62,79001.31,79089.14,491.60806594
2026-05-15 20:00:00,79093.63,79181.88,78955.0,79083.35,162.79756366
2026-05-15 21:00:00,79083.35,79169.8,78870.69,78932.0,117.7048461
2026-05-15 22:00:00,78932.0,79114.99,78926.7,79060.14,133.76398745
2026-05-15 23:00:00,79060.14,79115.4,79024.48,79058.51,192.93093538
2026-05-16 00:00:00,79058.5,79182.02,79015.5,79069.05,154.97009851
2026-05-16 01:00:00,79072.88,79137.99,78956.9,79113.37,153.19996039
2026-05-16 02:00:00,79113.37,79160.86,79019.24,79094.1,104.96132762
2026-05-16 03:00:00,79094.1,79146.54,79007.04,79016.7,245.82013486
2026-05-16 04:00:00,79016.69,79088.09,78812.01,78996.95,80.10715104
2026-05-16 05:00:00,78996.95,79002.61,78892.74,78998.0,73.18520214
2026-05-16 06:00:00,78998.0,79017.76,78421.92,78594.73,217.99603386
2026-05-16 07:00:00,78600.63,78621.57,78016.61,78335.0,265.63122539
2026-05-16 08:00:00,78335.0,78493.24,78292.81,78374.87,83.74932416
2026-05-16 09:00:00,78374.87,78398.99,77853.06,78042.8,210.2727281
2026-05-16 10:00:00,78042.8,78064.14,77608.95,77931.49,206.58522302
2026-05-16 11:00:00,77931.76,78161.37,77931.76,78047.68,65.20752638
2026-05-16 12:00:00,78047.68,78099.01,77880.01,77973.22,174.8484841
2026-05-16 13:00:00,77973.22,77981.89,77798.0,77981.88,113.59219594
2026-05-16 14:00:00,77981.89,78319.08,77854.91,78091.58,115.98805697
2026-05-16 15:00:00,78091.58,78250.0,78040.0,78201.44,89.02101114
2026-05-16 16:00:00,78203.38,78328.88,78088.33,78177.84,127.84276516
2026-05-16 17:00:00,78177.84,78293.53,78165.38,78168.25,98.45342131
2026-05-16 18:00:00,78168.26,78300.0,78113.16,78196.94,90.72798934
2026-05-16 19:00:00,78196.95,78277.24,78168.07,78234.4,63.93442251
2026-05-16 20:00:00,78234.41,78290.0,78162.85,78208.04,72.08199625
2026-05-16 21:00:00,78208.03,78277.51,78166.64,78226.41,108.87811042
2026-05-16 22:00:00,78226.41,78254.96,78125.11,78148.22,55.80954636
2026-05-16 23:00:00,78148.23,78233.62,78085.49,78105.45,80.57446214
2026-05-17 00:00:00,78105.46,78207.07,77775.0,77918.95,106.37495615
2026-05-17 01:00:00,77918.96,78085.48,77681.95,77700.69,130.45687835
2026-05-17 02:00:00,77696.92,77909.49,77693.24,77866.78,111.240011
2026-05-17 03:00:00,77866.78,78057.72,77854.91,77993.24,66.94861991
2026-05-17 04:00:00,77993.24,78172.51,77969.26,78124.0,62.74338911
2026-05-17 05:00:00,78123.99,78289.0,78074.1,78098.48,44.77641828
2026-05-17 06:00:00,78098.48,78183.69,77977.27,78077.58,47.411926
2026-05-17 07:00:00,78077.58,78179.43,78026.16,78152.1,21.84099419
2026-05-17 08:00:00,78151.91,78169.67,78000.09,78058.19,30.18794619
2026-05-17 09:00:00,78058.18,78267.01,78031.9,78217.31,80.13823999
2026-05-17 10:00:00,78217.31,78570.0,78214.03,78431.36,96.19608914
2026-05-17 11:00:00,78431.35,78439.68,78260.56,78382.0,35.77343957
2026-05-17 12:00:00,78382.0,78513.95,78298.99,78332.38,76.66475433
2026-05-17 13:00:00,78332.38,78333.99,78141.0,78175.09,40.87775636
2026-05-17 14:00:00,78175.09,78188.96,77807.64,78014.74,79.78855817
2026-05-17 15:00:00,78014.75,78092.17,77884.81,78012.9,80.16977052
2026-05-17 16:00:00,78012.91,78163.44,77983.89,78001.56,62.20058634
2026-05-17 17:00:00,78001.99,78066.99,77816.48,78056.21,125.28199082
2026-05-17 18:00:00,78056.21,78240.0,77964.74,78226.4,63.88843974
2026-05-17 19:00:00,78229.15,78429.58,78166.63,78368.73,116.45546692
2026-05-17 20:00:00,78368.73,78402.69,78203.05,78218.55,97.44770146
2026-05-17 21:00:00,78225.99,78455.0,78196.52,78356.63,183.79841369
2026-05-17 22:00:00,78356.06,78370.83,77777.68,77953.12,220.01335564
2026-05-17 23:00:00,77953.13,77959.13,76673.54,77407.59,519.96303246
2026-05-18 00:00:00,77406.57,77431.0,76855.74,77166.14,258.69803749
2026-05-18 01:00:00,77166.14,77239.32,76698.0,77068.04,287.71165664
2026-05-18 02:00:00,77068.04,77176.0,76658.23,76787.41,173.71884331
2026-05-18 03:00:00,76787.41,76972.58,76757.01,76877.97,119.20468145
2026-05-18 04:00:00,76877.97,77022.01,76723.57,76988.11,86.63815131
2026-05-18 05:00:00,76988.11,77034.01,76837.62,76878.39,99.03680117
2026-05-18 06:00:00,76878.38,76920.72,76537.76,76867.02,190.7511011
2026-05-18 07:00:00,76868.41,77038.22,76714.82,77021.47,128.69467963
2026-05-18 08:00:00,77021.48,77133.15,76821.52,76972.08,182.08873081
2026-05-18 09:00:00,76972.08,76994.29,76818.03,76884.85,137.63760623
2026-05-18 10:00:00,76884.86,76909.64,76658.05,76722.33,162.52314709
2026-05-18 11:00:00,76722.34,77356.43,76607.43,77238.51,187.05615871
2026-05-18 12:00:00,77238.52,77764.28,77222.75,77610.72,385.41437388
2026-05-18 13:00:00,77610.71,77611.47,76621.64,76896.77,750.73797976
2026-05-18 14:00:00,76896.0,76918.63,76172.54,76343.9,1500.31816696
2026-05-18 15:00:00,76343.9,76425.95,75992.0,76348.01,1303.26214962
2026-05-18 16:00:00,76348.01,76590.0,76144.35,76348.72,906.7254795
2026-05-18 17:00:00,76348.72,76700.0,76301.16,76639.59,314.83240195
2026-05-18 18:00:00,76636.94,76648.72,76074.71,76179.23,381.53847263
2026-05-18 19:00:00,76179.23,76934.01,76160.2,76859.05,526.78698035
2026-05-18 20:00:00,76861.52,77121.69,76810.3,76849.26,242.12991068
2026-05-18 21:00:00,76849.26,77132.33,76733.68,77043.31,187.96293885
2026-05-18 22:00:00,77043.32,77285.0,76874.55,77021.39,217.06578407
2026-05-18 23:00:00,77022.64,77110.2,76880.01,76943.98,94.84278674
2026-05-19 00:00:00,76943.96,77350.08,76893.03,77079.52,136.72072009
2026-05-19 01:00:00,77079.53,77101.86,76600.28,76601.89,166.1742058
2026-05-19 02:00:00,76601.9,76936.0,76421.09,76550.26,163.75983422
2026-05-19 03:00:00,76550.26,76807.72,76519.55,76721.99,109.82155594
2026-05-19 04:00:00,76721.99,76881.08,76633.0,76855.29,80.92704871
2026-05-19 05:00:00,76855.3,76944.25,76573.91,76841.83,88.93974287
2026-05-19 06:00:00,76842.8,77046.69,76820.0,76965.74,83.81168782
2026-05-19 07:00:00,76965.74,77221.91,76908.8,77168.92,78.02605788
2026-05-19 08:00:00,77169.94,77250.89,76902.64,76982.08,71.02161529
2026-05-19 09:00:00,76982.07,77010.0,76634.7,76746.86,101.5719474
2026-05-19 10:00:00,76746.85,77024.67,76625.0,76969.47,125.99221465
2026-05-19 11:00:00,76969.48,77011.44,76566.36,76641.3,139.70922597
2026-05-19 12:00:00,76641.3,76914.47,76573.07,76865.77,132.69139014
2026-05-19 13:00:00,76865.78,76991.27,76506.09,76806.71,577.11262936
2026-05-19 14:00:00,76806.71,76945.17,76061.12,76315.97,725.11656028
2026-05-19 15:00:00,76315.97,76612.73,76254.11,76444.52,433.38139559
2026-05-19 16:00:00,76444.59,76856.07,76315.5,76819.09,315.48994529
2026-05-19 17:00:00,76821.15,76953.15,76679.25,76778.22,271.41956951
2026-05-19 18:00:00,76778.23,76881.94,76660.63,76728.3,203.54831477
2026-05-19 19:00:00,76728.29,77002.56,76681.76,76758.13,349.52393869
2026-05-19 20:00:00,76756.67,76982.94,76746.23,76953.35,133.43646657
2026-05-19 21:00:00,76953.35,76978.97,76889.09,76911.38,87.22532712
2026-05-19 22:00:00,76910.02,76910.02,76570.0,76640.46,167.2803898
2026-05-19 23:00:00,76640.47,76918.04,76594.0,76767.48,131.71187208
2026-05-20 00:00:00,76767.48,76828.0,76433.52,76712.49,211.48078599
2026-05-20 01:00:00,76712.21,76851.55,76444.24,76735.32,201.45192463
2026-05-20 02:00:00,76735.32,76835.0,76517.75,76611.13,135.15639839
2026-05-20 03:00:00,76611.13,76744.0,76518.92,76637.61,138.02051401
2026-05-20 04:00:00,76637.62,76753.16,76596.31,76695.99,94.24507787
2026-05-20 05:00:00,76696.0,77251.75,76695.99,77121.0,339.82585315
2026-05-20 06:00:00,77121.0,77345.95,77116.25,77337.26,90.16989804
2026-05-20 07:00:00,77337.26,77401.24,77153.99,77195.48,150.55699702
2026-05-20 08:00:00,77195.49,77553.83,77121.45,77372.46,180.6354497
2026-05-20 09:00:00,77372.46,77466.2,77273.82,77399.04,91.06683593
2026-05-20 10:00:00,77399.04,77583.85,77399.04,77433.65,128.39653924
2026-05-20 11:00:00,77433.64,77488.84,77245.96,77291.88,113.75687397
2026-05-20 12:00:00,77297.44,77671.0,77281.38,77549.3,153.43161264
2026-05-20 13:00:00,77549.3,77578.99,76886.7,77125.55,698.16547725
2026-05-20 14:00:00,77125.56,77510.2,76794.91,77362.35,703.56882032
2026-05-20 15:00:00,77362.34,77782.61,77221.99,77376.67,550.43357006
2026-05-20 16:00:00,77377.03,77487.9,76924.87,77248.65,511.45414454
2026-05-20 17:00:00,77248.66,77650.0,77139.53,77493.77,303.08932859
2026-05-20 18:00:00,77493.77,77563.59,77310.02,77332.72,224.11055266
2026-05-20 19:00:00,77332.72,77643.89,77268.2,77598.0,332.78191179
2026-05-20 20:00:00,77597.5,77688.69,77398.82,77632.24,208.82297815
2026-05-20 21:00:00,77633.91,77690.19,77419.41,77422.67,168.70757966
2026-05-20 22:00:00,77394.01,77424.2,77142.29,77424.19,131.4506373
2026-05-20 23:00:00,77424.19,77481.53,77296.0,77475.99,155.31671173
2026-05-21 00:00:00,77475.98,78000.0,77437.01,77889.98,263.44062357
2026-05-21 01:00:00,77889.99,78100.0,77720.02,77788.0,176.23785024
2026-05-21 02:00:00,77792.87,78027.0,77740.85,77880.57,136.75641948
2026-05-21 03:00:00,77880.57,78031.92,77827.8,78001.65,110.74059966
2026-05-21 04:00:00,78001.65,78103.76,77882.93,77960.29,427.86135554
2026-05-21 05:00:00,77960.28,78078.43,77627.6,77749.27,167.92255261
2026-05-21 06:00:00,77749.27,77798.33,77448.57,77536.78,145.88724341
2026-05-21 07:00:00,77536.78,77825.7,77435.03,77807.67,120.80538839
2026-05-21 08:00:00,77807.68,78123.68,77807.68,77848.27,236.26700331
2026-05-21 09:00:00,77846.21,77906.12,77547.1,77549.97,90.17388112
2026-05-21 10:00:00,77549.97,77602.9,77082.66,77113.62,300.13182691
2026-05-21 11:00:00,77113.62,77299.21,77050.27,77111.09,182.23847769
2026-05-21 12:00:00,77111.1,77285.56,76985.0,77197.99,170.91181177
2026-05-21 13:00:00,77197.99,77278.0,76619.02,77035.84,602.426112
2026-05-21 14:00:00,77035.68,77165.23,76684.22,76892.0,354.7107206
2026-05-21 15:00:00,76891.99,77325.0,76800.0,77175.4,266.53286181
2026-05-21 16:00:00,77175.4,77270.66,76913.99,77110.26,195.26536667
2026-05-21 17:00:00,77110.26,78016.84,77093.28,77796.94,903.98090832
2026-05-21 18:00:00,77796.94,77857.51,77145.55,77309.31,410.44306365
2026-05-21 19:00:00,77309.3,77724.01,77283.08,77613.34,348.86208162
2026-05-21 20:00:00,77615.99,77736.54,77552.86,77634.95,133.78980853
2026-05-21 21:00:00,77633.76,77745.0,77565.43,77598.58,109.83692717
2026-05-21 22:00:00,77599.96,77677.9,77469.47,77550.18,87.24726969
2026-05-21 23:00:00,77550.18,77681.67,77450.0,77547.62,96.28022186
2026-05-22 00:00:00,77547.25,77570.77,77287.94,77304.21,126.47535605
2026-05-22 01:00:00,77304.21,77596.61,77233.35,77539.67,118.4979143
2026-05-22 02:00:00,77539.68,77659.34,77505.01,77598.4,178.13114165
2026-05-22 03:00:00,77598.4,77738.31,77598.39,77705.25,107.45930436
2026-05-22 04:00:00,77705.26,77833.02,77542.4,77577.83,133.75664791
2026-05-22 05:00:00,77577.83,77650.62,77361.11,77408.43,126.65484938
2026-05-22 06:00:00,77408.43,77444.36,77261.64,77340.2,141.45362799
2026-05-22 07:00:00,77340.21,77466.99,77186.42,77320.63,110.89909076
2026-05-22 08:00:00,77320.64,77462.48,77123.47,77177.86,157.14076635
2026-05-22 09:00:00,77177.85,77273.02,77108.79,77213.98,113.40246255
2026-05-22 10:00:00,77213.98,77279.2,77165.47,77224.67,109.78626082
2026-05-22 11:00:00,77224.67,77342.53,77081.94,77342.06,124.16456517
2026-05-22 12:00:00,77342.06,77493.92,77300.43,77446.33,126.51156601
2026-05-22 13:00:00,77447.03,77471.73,77026.58,77199.99,241.824049
2026-05-22 14:00:00,77199.99,77199.99,76642.79,76674.89,440.54300008
2026-05-22 15:00:00,76674.89,76936.01,76465.47,76695.53,347.73405521
2026-05-22 16:00:00,76695.53,76913.81,76669.29,76863.0,138.90599292
2026-05-22 17:00:00,76863.01,77006.99,76651.48,76655.06,170.47343245
2026-05-22 18:00:00,76655.07,76813.99,76000.0,76443.77,475.68000943
2026-05-22 19:00:00,76444.29,76496.02,75557.4,75769.44,619.97328425
2026-05-22 20:00:00,75769.45,75996.0,75717.16,75892.47,276.90790581
2026-05-22 21:00:00,75892.48,76000.0,75841.28,75880.3,156.93692524
2026-05-22 22:00:00,75880.29,75901.6,75450.0,75639.99,436.8423238
2026-05-22 23:00:00,75639.98,75783.38,75266.73,75443.91,152.25144297
2026-05-23 00:00:00,75446.99,75540.2,75120.0,75259.24,231.56154475
2026-05-23 01:00:00,75259.25,75414.0,75256.64,75402.12,191.96874782
2026-05-23 02:00:00,75402.11,75496.96,75316.72,75479.54,118.99688327
2026-05-23 03:00:00,75475.6,75574.0,75466.85,75545.71,89.5893398
2026-05-23 04:00:00,75545.71,75565.75,75417.0,75455.12,100.34461065
2026-05-23 05:00:00,75455.12,75468.0,75375.0,75398.54,138.03568919
2026-05-23 06:00:00,75398.53,75411.97,75293.16,75312.33,74.56546803
2026-05-23 07:00:00,75312.32,75348.12,74197.11,74516.73,477.10694464
2026-05-23 08:00:00,74516.72,74660.53,74253.95,74594.49,248.0535311
2026-05-23 09:00:00,74594.49,74674.35,74524.59,74575.97,137.43693763
2026-05-23 10:00:00,74575.98,74706.82,74575.98,74627.74,102.43654702
2026-05-23 11:00:00,74633.49,74789.55,74615.44,74710.31,88.46361271
2026-05-23 12:00:00,74710.31,74718.77,74567.49,74674.88,112.08251544
2026-05-23 13:00:00,74674.89,75169.57,74670.82,75128.07,292.84307702
2026-05-23 14:00:00,75128.12,75598.91,75015.24,75443.72,325.03433916
2026-05-23 15:00:00,75443.72,75594.0,75300.69,75432.03,227.23130799
2026-05-23 16:00:00,75432.23,75547.48,75305.07,75347.42,157.38999461
2026-05-23 17:00:00,75358.78,75436.61,75274.36,75399.73,135.34127215
2026-05-23 18:00:00,75399.73,75909.09,75374.23,75757.62,543.30834519
2026-05-23 19:00:00,75757.62,75914.62,75688.48,75887.59,269.76430032
2026-05-23 20:00:00,75887.6,77194.07,75849.86,77173.32,558.36304988
2026-05-23 21:00:00,77173.31,77305.0,76402.29,76707.99,548.14765538
2026-05-23 22:00:00,76707.99,76790.16,76291.17,76480.0,241.96514079
2026-05-23 23:00:00,76479.99,76721.35,76427.65,76650.0,209.02128936
2026-05-24 00:00:00,76648.65,76818.0,76532.22,76741.5,148.46595947
2026-05-24 01:00:00,76741.5,76833.35,76655.74,76790.99,143.60177045
2026-05-24 02:00:00,76791.0,76858.58,76600.0,76718.05,119.74521686
2026-05-24 03:00:00,76718.81,76909.8,76624.59,76638.49,118.93374725
2026-05-24 04:00:00,76641.95,76759.49,76628.72,76682.77,90.59625223
2026-05-24 05:00:00,76682.76,76771.5,76541.41,76714.49,66.14160349
2026-05-24 06:00:00,76714.49,76960.71,76614.38,76881.31,149.68952502
2026-05-24 07:00:00,76881.32,76925.78,76677.01,76710.29,120.38071736
2026-05-24 08:00:00,76710.3,76766.86,76619.5,76737.39,85.34044187
2026-05-24 09:00:00,76737.4,76947.7,76712.61,76931.99,119.10192058
2026-05-24 10:00:00,76931.99,77412.32,76820.17,77095.89,213.8804602
2026-05-24 11:00:00,77087.99,77256.34,77082.19,77219.29,119.52124272
2026-05-24 12:00:00,77219.28,77229.85,76935.95,77013.65,120.91513477
2026-05-24 13:00:00,77013.65,77026.47,76584.89,76721.22,179.00441227
2026-05-24 14:00:00,76721.22,76744.01,76100.0,76361.04,239.23634154
2026-05-24 15:00:00,76361.04,76444.0,76259.59,76278.72,106.33263535
2026-05-24 16:00:00,76278.72,76645.86,76278.72,76574.55,164.74977344
2026-05-24 17:00:00,76574.54,76696.36,76462.42,76591.26,161.23734385
2026-05-24 18:00:00,76591.25,76692.96,76492.32,76565.21,65.99985914
2026-05-24 19:00:00,76565.21,76690.28,76512.02,76677.77,74.7291083
2026-05-24 20:00:00,76677.77,76699.0,76500.0,76579.07,98.08498001
2026-05-24 21:00:00,76578.43,76650.51,76000.0,76045.5,291.50710312
2026-05-24 22:00:00,76045.5,76923.08,76033.73,76710.0,490.01681304
2026-05-24 23:00:00,76710.0,77132.46,76699.81,76975.99,207.85644309
2026-05-25 00:00:00,76975.99,77214.01,76975.99,77060.3,123.02435412
2026-05-25 01:00:00,77060.3,77159.53,76807.04,76850.99,172.03981323
2026-05-25 02:00:00,76850.98,77397.52,76850.98,77012.29,238.31229566
2026-05-25 03:00:00,77012.28,77075.0,76889.4,76933.1,87.73512224
2026-05-25 04:00:00,76933.1,77356.43,76899.39,77297.53,103.15247505
2026-05-25 05:00:00,77297.54,77406.0,77220.88,77316.27,105.7322492
2026-05-25 06:00:00,77316.27,77551.87,77129.75,77330.98,142.50058551
2026-05-25 07:00:00,77330.99,77431.49,77082.42,77315.8,84.40611143
2026-05-25 08:00:00,77315.8,77380.18,77184.54,77366.79,83.76450057
2026-05-25 09:00:00,77366.78,77617.56,77327.52,77517.01,132.43777846
2026-05-25 10:00:00,77517.01,77606.62,77407.01,77460.05,80.65414671
2026-05-25 11:00:00,77460.05,77460.05,77254.47,77284.13,75.8037205
2026-05-25 12:00:00,77284.13,77361.53,77204.36,77280.54,85.43174558
2026-05-25 13:00:00,77281.55,77377.5,77206.01,77257.53,166.63553372
2026-05-25 14:00:00,77257.53,77700.0,77218.38,77639.31,257.06546833
2026-05-25 15:00:00,77639.29,77834.55,77472.88,77549.95,272.5377513
2026-05-25 16:00:00,77549.96,77740.56,77436.02,77663.17,121.25404971
2026-05-25 17:00:00,77663.16,77740.38,77473.51,77490.01,153.44252108
2026-05-25 18:00:00,77490.01,77593.48,77465.79,77481.11,93.17603681
2026-05-25 19:00:00,77481.1,77485.72,77274.15,77369.05,185.37044758
2026-05-25 20:00:00,77369.05,77434.99,77134.78,77199.04,179.58638548
2026-05-25 21:00:00,77199.05,77323.99,77195.35,77297.26,108.23097628
2026-05-25 22:00:00,77297.26,77377.49,76965.02,77043.97,191.27124617
2026-05-25 23:00:00,77043.96,77300.0,76984.19,77249.07,91.81641247
2026-05-26 00:00:00,77249.07,77278.0,76485.01,76700.71,286.20614102
2026-05-26 01:00:00,76699.53,76803.14,76502.51,76667.46,186.385558
2026-05-26 02:00:00,76667.47,76730.98,76428.0,76586.05,199.75345321
2026-05-26 03:00:00,76586.06,76632.99,76385.0,76571.73,114.2108085
2026-05-26 04:00:00,76571.73,76734.4,76518.0,76660.84,177.65691959
2026-05-26 05:00:00,76660.84,76900.0,76618.26,76830.0,142.82535988
2026-05-26 06:00:00,76830.0,76969.55,76664.01,76817.55,124.92469385
2026-05-26 07:00:00,76817.55,76840.32,76512.45,76629.9,92.52281422
2026-05-26 08:00:00,76629.9,76766.96,76592.0,76637.97,58.22334858
2026-05-26 09:00:00,76637.96,76721.41,76556.83,76586.07,127.86873735
2026-05-26 10:00:00,76586.07,77543.46,76488.01,77343.72,328.28005143
2026-05-26 11:00:00,77343.81,77428.4,77077.79,77097.98,187.19288276
2026-05-26 12:00:00,77097.99,77155.5,76785.62,77047.92,344.56977574
2026-05-26 13:00:00,77047.92,77376.69,76578.34,77146.03,478.75778275
2026-05-26 14:00:00,77146.29,78015.46,76614.9,76804.55,1441.9066898
2026-05-26 15:00:00,76804.55,76913.99,76155.0,76397.69,1029.94652874
2026-05-26 16:00:00,76397.68,76604.0,76081.57,76450.03,650.98092281
2026-05-26 17:00:00,76450.03,76545.98,75728.94,75816.73,761.09466283
2026-05-26 18:00:00,75817.45,76151.04,75645.54,75709.43,778.31378851
2026-05-26 19:00:00,75709.44,75976.0,75667.2,75919.93,402.5505322
2026-05-26 20:00:00,75921.0,76071.68,75871.66,75999.18,191.61175169
2026-05-26 21:00:00,75999.18,76015.47,75742.01,75787.66,117.97553813
2026-05-26 22:00:00,75787.66,75901.86,75555.0,75631.15,273.93677801
2026-05-26 23:00:00,75631.14,75881.85,75631.14,75826.1,116.5493621
2026-05-27 00:00:00,75826.1,75984.15,75763.58,75970.77,121.66141967
2026-05-27 01:00:00,75971.02,75995.45,75710.0,75763.42,251.71589923
2026-05-27 02:00:00,75763.42,75788.11,75569.79,75751.67,197.01618629
2026-05-27 03:00:00,75751.67,75849.99,75479.04,75540.51,138.15042258
2026-05-27 04:00:00,75540.52,75589.47,75161.63,75445.73,205.69473317
2026-05-27 05:00:00,75445.73,75617.23,75445.73,75575.98,94.54344616
2026-05-27 06:00:00,75575.99,75781.5,75546.88,75713.98,76.50700733
2026-05-27 07:00:00,75713.98,75861.03,75631.98,75849.47,92.48730245
2026-05-27 08:00:00,75849.47,75955.41,75717.2,75758.75,67.7094451
2026-05-27 09:00:00,75758.75,75855.67,75583.55,75785.98,96.54071417
2026-05-27 10:00:00,75785.99,75919.99,75741.41,75773.89,99.09471227
2026-05-27 11:00:00,75773.89,75905.08,75616.96,75637.79,158.06454207
2026-05-27 12:00:00,75637.79,76033.66,75434.81,75553.33,260.99795194
2026-05-27 13:00:00,75553.32,75627.76,74705.76,74915.74,848.05899942
2026-05-27 14:00:00,74915.74,75100.0,74613.43,74885.94,683.08746865
2026-05-27 15:00:00,74885.94,75372.0,74828.89,75187.95,380.83359621
2026-05-27 16:00:00,75187.96,75263.57,74862.76,75163.73,355.72651712
2026-05-27 17:00:00,75166.66,75204.01,74535.04,74711.67,359.55664056
2026-05-27 18:00:00,74711.66,74889.6,74513.64,74884.01,281.64190943
2026-05-27 19:00:00,74884.0,74956.8,74799.74,74920.54,276.74248326
2026-05-27 20:00:00,74923.16,75279.92,74904.0,75141.03,248.65554768
2026-05-27 21:00:00,75141.03,75141.03,74215.58,74356.79,440.30640348
2026-05-27 22:00:00,74356.79,74650.0,74143.32,74307.82,384.392064
2026-05-27 23:00:00,74307.82,74451.74,74113.95,74315.98,266.01749761
2026-05-28 00:00:00,74316.71,74462.4,74236.77,74432.28,206.79554928
2026-05-28 01:00:00,74432.27,74459.17,74023.49,74215.36,230.39529549
2026-05-28 02:00:00,74215.38,74275.0,73997.24,74156.96,258.72783313
2026-05-28 03:00:00,74156.96,74250.0,72942.61,73130.01,799.5387663
2026-05-28 04:00:00,73130.01,73134.64,72618.58,73035.98,559.70710094
2026-05-28 05:00:00,73035.98,73043.65,72777.6,72857.98,251.52512284
2026-05-28 06:00:00,72856.56,73075.99,72631.45,73068.39,245.59184334
2026-05-28 07:00:00,73068.86,73368.77,73022.4,73356.11,164.15249614
2026-05-28 08:00:00,73356.12,73368.77,73074.18,73193.91,122.90052876
2026-05-28 09:00:00,73193.91,73435.7,73124.04,73412.25,131.2963073
2026-05-28 10:00:00,73412.26,73493.24,73221.97,73272.29,128.87393649
2026-05-28 11:00:00,73272.01,73405.89,73188.0,73375.62,193.21812726
2026-05-28 12:00:00,73375.62,73453.42,73123.15,73394.96,207.97151154
2026-05-28 13:00:00,73394.96,73446.16,72618.58,72880.04,810.91580826
2026-05-28 14:00:00,72880.04,73440.21,72445.11,72885.08,1266.56344934
2026-05-28 15:00:00,72885.08,73035.95,72548.07,72791.4,589.7622066
2026-05-28 16:00:00,72782.76,73319.98,72586.12,73319.56,551.83029428
2026-05-28 17:00:00,73319.57,73618.69,73185.0,73430.6,485.59983303
2026-05-28 18:00:00,73430.6,73639.25,73390.33,73536.01,305.24649079
2026-05-28 19:00:00,73536.0,73536.0,73266.01,73318.39,367.08284141
2026-05-28 20:00:00,73318.38,73619.75,73126.81,73477.34,231.02535509
2026-05-28 21:00:00,73477.33,73817.82,73450.0,73710.83,204.58459734
2026-05-28 22:00:00,73710.82,73842.0,73339.08,73361.7,165.55752391
2026-05-28 23:00:00,73361.7,73613.58,73361.7,73512.56,100.22332002
2026-05-29 00:00:00,73512.55,73756.32,73511.14,73621.99,192.26056264
2026-05-29 01:00:00,73621.99,73766.99,73353.74,73480.16,170.68724112
2026-05-29 02:00:00,73478.16,73537.17,73068.25,73116.68,193.57737119
2026-05-29 03:00:00,73116.69,73346.4,73116.69,73187.99,121.28585404
2026-05-29 04:00:00,73187.99,73402.45,73088.01,73386.77,217.14729075
2026-05-29 05:00:00,73386.76,73619.99,73383.0,73595.29,183.20262281
2026-05-29 06:00:00,73595.28,73836.83,73524.43,73685.96,138.66673537
2026-05-29 07:00:00,73679.48,73717.66,73269.08,73405.44,317.41784187
2026-05-29 08:00:00,73405.43,73725.96,73403.61,73548.0,226.53272946
2026-05-29 09:00:00,73548.0,73800.56,73536.42,73636.0,252.45463967
2026-05-29 10:00:00,73635.97,73638.0,73470.84,73522.0,192.87713401
2026-05-29 11:00:00,73522.0,73603.3,73225.01,73369.79,192.50846629
2026-05-29 12:00:00,73369.79,73369.79,73085.29,73179.33,302.72976018
2026-05-29 13:00:00,73179.34,73234.16,72782.97,73023.84,639.89473565
2026-05-29 14:00:00,73023.84,73083.47,72364.13,72964.15,889.8433571
2026-05-29 15:00:00,72964.15,74094.75,72870.15,73694.51,1068.80548989
2026-05-29 16:00:00,73694.51,74010.49,73435.24,73939.39,587.40493197
2026-05-29 17:00:00,73936.04,74224.84,73796.64,73864.41,735.29150405
2026-05-29 18:00:00,73866.93,73961.13,73065.93,73260.01,914.30506331
2026-05-29 19:00:00,73260.0,73627.79,73132.0,73404.1,507.51756103
2026-05-29 20:00:00,73404.1,73659.66,73392.21,73576.51,288.3097226
2026-05-29 21:00:00,73576.51,73744.16,73297.48,73307.21,286.60736415
2026-05-29 22:00:00,73307.21,73469.17,73265.5,73381.95,256.01637966
2026-05-29 23:00:00,73381.02,73415.65,73215.0,73366.77,181.82024815
2026-05-30 00:00:00,73366.77,73478.61,73303.35,73394.47,351.43109277
2026-05-30 01:00:00,73394.47,73568.96,73362.0,73559.38,175.54892441
2026-05-30 02:00:00,73559.38,73689.0,73508.67,73688.99,157.14061019
2026-05-30 03:00:00,73688.98,73702.26,73416.07,73426.56,164.90997766
2026-05-30 04:00:00,73426.56,73485.41,73107.24,73292.94,181.16954733
2026-05-30 05:00:00,73292.95,73537.77,73238.0,73504.38,206.2087074
2026-05-30 06:00:00,73504.38,73612.59,73419.52,73490.14,121.44284439
2026-05-30 07:00:00,73490.14,73500.73,73382.0,73450.02,112.42060613
2026-05-30 08:00:00,73450.01,73468.0,73392.04,73417.92,151.69324856
2026-05-30 09:00:00,73417.92,73516.34,73395.32,73514.25,97.42711429
2026-05-30 10:00:00,73514.01,73583.99,73488.25,73549.56,240.36389464
2026-05-30 11:00:00,73549.55,73551.35,73454.27,73495.4,162.88096492
2026-05-30 12:00:00,73495.4,73611.45,73480.0,73588.13,175.68714352
2026-05-30 13:00:00,73588.13,73735.16,73562.42,73716.0,155.34275499
2026-05-30 14:00:00,73716.83,73989.05,73706.82,73822.02,215.97162486
2026-05-30 15:00:00,73822.02,73930.0,73717.52,73811.8,178.26865699
2026-05-30 16:00:00,73811.8,73873.89,73761.99,73823.81,115.52325228
2026-05-30 17:00:00,73823.81,73919.63,73695.62,73910.78,165.78939876
2026-05-30 18:00:00,73910.79,74029.01,73830.42,73929.53,149.33621202
2026-05-30 19:00:00,73929.53,73966.34,73854.35,73904.0,144.70172241
2026-05-30 20:00:00,73904.0,73907.97,73788.15,73871.19,111.44315159
2026-05-30 21:00:00,73871.19,73945.0,73807.12,73869.07,151.40673689
2026-05-30 22:00:00,73871.64,73875.0,73668.25,73767.48,120.47978846
2026-05-30 23:00:00,73767.48,73885.99,73657.4,73770.69,208.43728259
2026-05-31 00:00:00,73770.69,73927.57,73739.77,73915.0,106.22235159
2026-05-31 01:00:00,73915.0,74156.59,73904.99,73941.0,157.74234643
2026-05-31 02:00:00,73941.0,74130.0,73750.3,73982.76,180.97147142
2026-05-31 03:00:00,73982.77,74112.0,73951.72,74032.06,94.55821843
2026-05-31 04:00:00,74032.06,74113.49,73986.02,74054.0,86.55673053
2026-05-31 05:00:00,74054.0,74100.72,73939.99,73947.01,75.06971287
2026-05-31 06:00:00,73947.0,73996.54,73877.67,73942.3,56.32043724
2026-05-31 07:00:00,73942.3,73942.3,73707.95,73752.83,113.66226562
2026-05-31 08:00:00,73752.83,73872.37,73735.05,73835.14,51.36527268
2026-05-31 09:00:00,73835.13,73918.79,73694.0,73733.38,88.34622707
2026-05-31 10:00:00,73733.38,73793.92,73603.75,73791.02,65.48718766
2026-05-31 11:00:00,73791.02,73871.78,73787.59,73818.71,80.41555829
2026-05-31 12:00:00,73818.71,73892.67,73759.01,73806.4,55.32302199
2026-05-31 13:00:00,73806.41,73909.56,73691.6,73762.82,103.18756109
2026-05-31 14:00:00,73762.82,73762.82,73394.72,73494.65,275.0547237
2026-05-31 15:00:00,73494.65,73679.5,73480.71,73542.76,152.07344427
2026-05-31 16:00:00,73542.76,73619.93,73288.0,73426.01,159.47751913
2026-05-31 17:00:00,73426.01,73637.77,73359.24,73612.54,123.99295348
2026-05-31 18:00:00,73612.54,73612.56,73471.29,73492.8,266.16148719
2026-05-31 19:00:00,73492.79,73545.77,73333.97,73442.49,163.82008458
2026-05-31 20:00:00,73445.29,73650.0,73445.29,73637.13,160.82075369
2026-05-31 21:00:00,73632.02,73809.0,73501.5,73782.14,290.78305763
2026-05-31 22:00:00,73782.14,73896.16,73571.91,73836.61,180.63754577
2026-05-31 23:00:00,73836.61,74092.08,73400.0,73575.17,230.82885698
2026-06-01 00:00:00,73575.18,73978.52,73541.95,73781.07,162.59085582
2026-06-01 01:00:00,73781.05,73809.92,73173.85,73188.0,182.07887744
2026-06-01 02:00:00,73187.99,73772.73,73112.0,73686.15,163.20694248
2026-06-01 03:00:00,73679.07,73914.01,73618.3,73661.74,140.56954588
2026-06-01 04:00:00,73661.74,73742.0,73236.82,73419.49,154.57090781
2026-06-01 05:00:00,73419.49,73433.69,73221.67,73249.74,121.73320153
2026-06-01 06:00:00,73255.77,73270.24,72859.47,73035.99,160.72469176
2026-06-01 07:00:00,73033.03,73103.32,72599.6,72701.95,178.72352197
2026-06-01 08:00:00,72701.95,72826.97,72512.01,72800.76,201.57217095
2026-06-01 09:00:00,72800.76,72999.98,72704.7,72791.36,213.33502872
2026-06-01 10:00:00,72795.45,72820.0,72500.0,72656.6,232.00912631
2026-06-01 11:00:00,72656.53,72678.88,72205.86,72388.76,265.00775886
2026-06-01 12:00:00,72388.76,72523.32,71817.0,72129.41,636.66054156
2026-06-01 13:00:00,72129.4,72149.86,71229.85,71582.01,1352.08576635
2026-06-01 14:00:00,71584.51,71767.7,71262.79,71429.86,1442.83539786
2026-06-01 15:00:00,71432.12,71554.0,70925.28,70992.1,1370.72164076
2026-06-01 16:00:00,70992.1,71485.41,70555.0,71445.06,1125.94099034
2026-06-01 17:00:00,71445.07,71707.56,71357.16,71535.0,514.56389972
2026-06-01 18:00:00,71533.78,71590.0,71264.03,71400.0,362.01340778
2026-06-01 19:00:00,71397.99,71577.22,71278.46,71488.84,601.08681252
2026-06-01 20:00:00,71488.84,71603.49,71315.42,71355.13,344.77940391
2026-06-01 21:00:00,71355.14,71357.15,70831.92,70932.41,391.41109705
2026-06-01 22:00:00,70932.4,71358.77,70733.39,71305.87,295.21339481
2026-06-01 23:00:00,71305.87,71490.88,71119.5,71314.42,222.42927999
2026-06-02 00:00:00,71314.43,71315.67,70993.11,71189.36,161.91338149
2026-06-02 01:00:00,71189.35,71275.58,70501.41,70548.0,248.59783387
2026-06-02 02:00:00,70551.13,70776.62,70011.01,70735.97,664.11327665
2026-06-02 03:00:00,70735.98,70935.89,70696.71,70839.51,254.25372062
2026-06-02 04:00:00,70839.5,70946.9,70602.45,70700.8,286.80485114
2026-06-02 05:00:00,70700.81,70732.81,70151.4,70159.03,309.72231126
2026-06-02 06:00:00,70159.03,70337.04,69845.4,70000.0,539.93343696
2026-06-02 07:00:00,70000.0,70170.22,69635.0,70009.25,314.70864823
2026-06-02 08:00:00,70009.16,70073.74,69581.07,69710.93,308.46211618
2026-06-02 09:00:00,69710.92,69742.28,69216.84,69319.4,353.66207964
2026-06-02 10:00:00,69319.4,69641.49,69239.33,69535.1,309.81722144
2026-06-02 11:00:00,69535.1,69550.24,69298.56,69349.99,209.34256998
2026-06-02 12:00:00,69350.0,69438.8,68875.0,68903.79,537.15044761
2026-06-02 13:00:00,68903.79,69072.62,68613.99,68678.0,1129.62435123
2026-06-02 14:00:00,68678.24,68708.01,67491.95,67875.41,1858.63616089
2026-06-02 15:00:00,67875.4,67948.0,66940.0,67158.38,1534.65314651
2026-06-02 16:00:00,67158.38,68002.86,67078.72,67296.18,1295.45322118
2026-06-02 17:00:00,67296.18,67711.53,67230.0,67356.4,663.91336951
2026-06-02 18:00:00,67356.4,67539.16,67005.0,67215.75,675.19262954
2026-06-02 19:00:00,67215.76,67388.07,66320.16,67213.59,1375.18135011
2026-06-02 20:00:00,67213.6,67577.01,66796.01,67484.99,556.14238875
2026-06-02 21:00:00,67485.08,67824.46,67299.02,67460.0,558.84693606
2026-06-02 22:00:00,67460.0,67462.21,66141.3,66291.94,693.71931477
2026-06-02 23:00:00,66295.32,66773.52,66100.01,66658.35,901.47829259
2026-06-03 00:00:00,66658.45,67106.04,66555.59,66834.0,946.18210144
2026-06-03 01:00:00,66832.83,66960.65,66373.85,66817.99,406.21877297
2026-06-03 02:00:00,66818.0,66839.49,66472.95,66519.98,344.29826337
2026-06-03 03:00:00,66519.97,66569.07,65353.08,65754.13,992.82879924
2026-06-03 04:00:00,65754.14,66527.2,65727.51,66377.98,530.00479232
2026-06-03 05:00:00,66376.44,67296.64,66373.07,67223.73,612.46046936
2026-06-03 06:00:00,67222.46,67416.5,66850.58,66879.08,383.7212293
2026-06-03 07:00:00,66882.96,67244.75,66762.6,67128.75,252.24561287
2026-06-03 08:00:00,67124.7,67161.59,66862.51,66927.65,283.22856537
2026-06-03 09:00:00,66927.65,67226.76,66546.37,66971.83,374.81352585
2026-06-03 10:00:00,66971.84,67375.49,66961.73,67194.35,299.38691744
2026-06-03 11:00:00,67194.34,67275.12,66942.73,66969.63,253.45263403
2026-06-03 12:00:00,66969.63,67061.35,66680.32,66984.64,410.86191009
2026-06-03 13:00:00,66984.64,67149.71,66518.51,66787.0,823.8444998
2026-06-03 14:00:00,66786.24,66879.93,66527.97,66748.71,998.32154901
2026-06-03 15:00:00,66752.0,66787.69,65963.4,65969.53,1341.80755321
2026-06-03 16:00:00,65970.62,66266.16,65440.0,65960.76,1042.13488265
2026-06-03 17:00:00,65962.38,66085.39,65600.06,65859.81,600.27835738
2026-06-03 18:00:00,65859.81,66068.01,65640.16,65939.52,486.27053407
2026-06-03 19:00:00,65939.52,65960.47,65158.0,65356.01,850.85455004
2026-06-03 20:00:00,65357.33,65509.94,64650.01,64909.01,1203.6618729
2026-06-03 21:00:00,64909.0,65766.83,64856.84,65672.75,761.01057298
2026-06-03 22:00:00,65672.75,65749.93,64675.01,64812.21,607.26084794
2026-06-03 23:00:00,64813.0,64885.99,63985.01,64040.0,984.88064233
2026-06-04 00:00:00,64039.99,64338.28,62920.75,63253.49,1531.83085557
2026-06-04 01:00:00,63254.52,63411.81,62022.92,62099.03,1525.30353375
2026-06-04 02:00:00,62099.03,63555.0,61309.25,63150.0,1928.95690527
2026-06-04 03:00:00,63150.75,64453.37,63138.94,64283.38,896.66781343
2026-06-04 04:00:00,64283.38,64695.0,64194.01,64328.01,711.19820628
2026-06-04 05:00:00,64328.0,64329.89,63570.64,63893.55,677.88200418
2026-06-04 06:00:00,63890.0,64422.51,63824.17,63966.5,405.71747877
2026-06-04 07:00:00,63969.21,64004.24,63427.0,63531.01,444.06588639
2026-06-04 08:00:00,63531.01,63833.24,63171.0,63539.98,607.09354696
2026-06-04 09:00:00,63539.98,63558.59,62615.9,63177.89,859.66662278
2026-06-04 10:00:00,63186.41,63194.0,62221.18,62343.18,1140.72381034
2026-06-04 11:00:00,62343.19,62766.32,62132.43,62478.12,1032.62793828
2026-06-04 12:00:00,62477.28,63896.24,62311.15,63699.08,1019.8350216
2026-06-04 13:00:00,63697.99,64188.0,62983.15,64176.0,1581.97129219
2026-06-04 14:00:00,64173.18,64443.41,63721.47,63887.09,1148.75047036
2026-06-04 15:00:00,63887.09,64336.81,63613.28,63813.58,1318.34341552
2026-06-04 16:00:00,63813.58,63848.37,63358.67,63471.56,1094.56105738
2026-06-04 17:00:00,63471.57,63636.3,62857.79,63446.65,1585.04812545
2026-06-04 18:00:00,63446.65,64021.38,63053.45,63717.58,1418.2191261
2026-06-04 19:00:00,63717.7,64081.78,63444.75,63541.28,1154.82923256
2026-06-04 20:00:00,63541.27,63614.13,63088.42,63571.19,1495.00332844
2026-06-04 21:00:00,63571.11,63812.18,63049.24,63216.79,642.11943475
2026-06-04 22:00:00,63215.61,63704.99,63109.96,63660.85,861.85496211
2026-06-04 23:00:00,63657.99,63850.0,63298.87,63806.02,451.31644254
2026-06-05 00:00:00,63806.02,63906.02,63313.2,63345.93,455.16399805
2026-06-05 01:00:00,63345.92,63490.05,62969.7,63290.74,442.57049505
2026-06-05 02:00:00,63290.74,63383.84,62514.75,62544.28,517.26928222
2026-06-05 03:00:00,62548.37,62826.13,62260.0,62658.31,546.4910529
2026-06-05 04:00:00,62662.89,63575.7,62419.72,63542.46,667.26024651
2026-06-05 05:00:00,63542.46,63616.06,62208.9,62263.05,583.80489873
2026-06-05 06:00:00,62262.01,62568.0,61082.33,61881.79,1918.66864234
2026-06-05 07:00:00,61881.79,63067.7,61311.01,63049.15,951.24441094
2026-06-05 08:00:00,63044.53,63055.52,62229.36,62402.36,519.1099797
2026-06-05 09:00:00,62403.62,63202.7,62374.68,62803.3,450.91259434
2026-06-05 10:00:00,62802.3,62880.0,62311.06,62479.4,490.30228614
2026-06-05 11:00:00,62477.8,62581.09,61897.6,61898.07,559.68215657
2026-06-05 12:00:00,61897.6,62392.49,61552.0,61910.9,1048.12509574
2026-06-05 13:00:00,61912.41,62276.59,60669.01,60679.38,1525.01281692
2026-06-05 14:00:00,60679.37,61177.12,60292.85,60818.03,2061.90490504
2026-06-05 15:00:00,60818.03,61080.0,60010.01,60387.87,1957.8534888
2026-06-05 16:00:00,60387.86,61509.44,59750.0,61348.76,3410.64373894
2026-06-05 17:00:00,61342.99,61461.9,60600.84,60751.96,1141.28610053
2026-06-05 18:00:00,60751.96,60898.46,59085.22,59346.8,2239.50370107
2026-06-05 19:00:00,59350.01,60425.0,59073.01,60264.11,2129.13600082
2026-06-05 20:00:00,60264.11,61748.11,59904.72,61595.92,2158.90715956
2026-06-05 21:00:00,61596.0,61971.74,61412.81,61641.23,1365.16922397
2026-06-05 22:00:00,61641.22,61946.23,61199.11,61565.01,903.91804268
2026-06-05 23:00:00,61565.01,61747.45,60465.17,61032.0,688.77468787
2026-06-06 00:00:00,61031.98,61499.41,61022.13,61246.91,373.12933468
2026-06-06 01:00:00,61246.92,61355.26,60928.51,61025.82,305.53104767
2026-06-06 02:00:00,61025.81,61155.0,60646.03,60922.79,313.9102352
2026-06-06 03:00:00,60922.8,60943.6,60484.65,60663.77,338.52220308
2026-06-06 04:00:00,60663.77,60846.62,59448.45,60076.85,1228.86361667
2026-06-06 05:00:00,60076.86,61038.12,59596.68,60910.5,723.54914074
2026-06-06 06:00:00,60910.57,61240.35,60645.5,60759.38,359.29025353
2026-06-06 07:00:00,60757.18,61199.18,60692.0,60974.23,309.32883425
2026-06-06 08:00:00,60974.26,61458.59,60846.96,61236.0,318.9409484
2026-06-06 09:00:00,61234.53,61292.0,60846.96,60946.61,176.93125897
2026-06-06 10:00:00,60946.61,60946.61,60171.96,60555.94,504.58194648
2026-06-06 11:00:00,60554.02,60933.79,60514.91,60775.55,262.99475073
2026-06-06 12:00:00,60774.68,61150.0,60607.07,60997.95,489.03790613
2026-06-06 13:00:00,60997.96,61070.43,60669.0,60774.3,276.94235446
2026-06-06 14:00:00,60774.32,60986.6,60737.01,60763.52,283.2370077
2026-06-06 15:00:00,60763.53,60899.1,60356.84,60748.13,410.61670134
2026-06-06 16:00:00,60748.14,60939.35,60433.11,60750.32,376.23136528
2026-06-06 17:00:00,60754.12,60818.66,60466.61,60548.84,365.88729342
2026-06-06 18:00:00,60547.99,60717.08,60364.01,60603.98,309.60037643
2026-06-06 19:00:00,60602.1,60755.84,60500.0,60562.06,266.97740128
2026-06-06 20:00:00,60562.05,60728.26,60485.0,60682.68,339.08803061
2026-06-06 21:00:00,60682.67,60973.04,60669.39,60718.89,237.64268823
2026-06-06 22:00:00,60718.91,60787.73,60400.0,60511.01,305.88133331
2026-06-06 23:00:00,60509.99,60919.5,60509.17,60850.48,196.69937075
2026-06-07 00:00:00,60850.48,60959.87,60706.4,60750.0,209.10191596
2026-06-07 01:00:00,60750.0,61633.33,60725.13,61441.93,535.60633723
2026-06-07 02:00:00,61441.91,61536.89,61151.91,61470.95,285.11051397
2026-06-07 03:00:00,61469.99,61747.73,61377.68,61670.73,246.36061033
2026-06-07 04:00:00,61670.73,61880.97,61454.43,61855.48,210.25040903
2026-06-07 05:00:00,61855.48,62120.92,61614.05,61715.21,355.69432205
2026-06-07 06:00:00,61715.14,62242.61,61586.01,62076.26,349.04086578
2026-06-07 07:00:00,62076.26,62389.17,61960.66,62374.5,353.53370332
2026-06-07 08:00:00,62374.5,62937.69,62227.53,62824.21,507.42713494
2026-06-07 09:00:00,62824.22,62886.0,62371.83,62504.83,327.99467166
2026-06-07 10:00:00,62504.84,62544.61,62263.22,62345.37,163.51901327
2026-06-07 11:00:00,62345.37,62734.88,62334.0,62600.04,273.02177018
2026-06-07 12:00:00,62600.03,62622.96,61544.84,61870.71,697.16039781
2026-06-07 13:00:00,61870.71,61880.09,61626.57,61673.52,298.78082614
2026-06-07 14:00:00,61673.53,62286.0,61670.86,61870.71,382.84039793
2026-06-07 15:00:00,61870.71,62189.97,61639.1,62068.82,311.1623468
2026-06-07 16:00:00,62071.01,62300.57,61932.0,62054.07,276.70815888
2026-06-07 17:00:00,62054.07,62299.9,62011.56,62128.02,314.43533682
2026-06-07 18:00:00,62128.02,62267.81,61982.77,61998.25,239.87009867
2026-06-07 19:00:00,61998.26,62008.42,61146.42,61297.99,806.4604251
2026-06-07 20:00:00,61297.99,61939.61,61182.42,61838.92,599.09485832
2026-06-07 21:00:00,61838.9,61981.44,61621.13,61748.63,261.46715018
2026-06-07 22:00:00,61748.63,64234.45,61690.6,62834.46,1232.46157164
2026-06-07 23:00:00,62833.6,63426.55,62759.0,63302.73,556.06989669
2026-06-08 00:00:00,63302.03,63836.0,63114.23,63605.95,664.74689364
2026-06-08 01:00:00,63605.94,63623.39,62685.54,63182.45,642.12327158
2026-06-08 02:00:00,63186.01,63234.0,62878.43,63093.02,342.07194661
2026-06-08 03:00:00,63093.01,63418.0,62939.24,63090.02,218.06937171
2026-06-08 04:00:00,63091.59,63135.22,62617.63,62645.99,263.834053
2026-06-08 05:00:00,62646.0,62793.98,62365.43,62725.0,406.38557686
2026-06-08 06:00:00,62725.0,63107.05,62690.77,62953.68,244.23228182
2026-06-08 07:00:00,62953.68,63298.0,62762.81,63240.0,298.32405566
2026-06-08 08:00:00,63240.25,63240.25,62939.58,63086.0,205.51068583
2026-06-08 09:00:00,63086.0,63523.66,63069.56,63448.33,319.1212651
2026-06-08 10:00:00,63448.34,63505.42,63024.65,63108.69,409.01691743
2026-06-08 11:00:00,63106.31,63827.35,62995.26,63429.85,579.74610499
2026-06-08 12:00:00,63429.84,63893.24,62650.78,63825.0,820.97313413
2026-06-08 13:00:00,63829.57,63901.78,63303.55,63709.98,908.11696921
2026-06-08 14:00:00,63709.98,64060.0,63523.68,63943.28,1045.77674425
2026-06-08 15:00:00,63943.31,64200.02,63668.99,63742.93,826.77137526
2026-06-08 16:00:00,63742.94,64013.4,63428.46,63488.72,594.55868757
2026-06-08 17:00:00,63488.71,63625.57,63237.0,63520.5,516.12329394
2026-06-08 18:00:00,63520.5,63667.9,63304.26,63442.06,433.61650616
2026-06-08 19:00:00,63442.06,63567.86,63329.17,63352.53,416.66852213
2026-06-08 20:00:00,63352.99,63466.73,62711.03,63466.73,480.0233149
2026-06-08 21:00:00,63466.73,63835.79,63453.66,63701.76,446.41047417
2026-06-08 22:00:00,63701.76,63701.76,63188.68,63426.02,330.82331217
2026-06-08 23:00:00,63426.01,63575.7,62950.28,63062.98,342.61170657
2026-06-09 00:00:00,63062.97,63163.78,62391.6,62529.99,569.82355247
2026-06-09 01:00:00,62529.99,62857.1,62520.42,62740.0,200.69976853
2026-06-09 02:00:00,62740.0,62848.82,62512.95,62846.56,110.33071449
2026-06-09 03:00:00,62846.57,62949.5,62674.02,62842.08,161.43476562
2026-06-09 04:00:00,62842.86,63396.66,62714.49,63199.32,280.42140236
2026-06-09 05:00:00,63199.32,63490.49,63077.0,63306.18,126.14574273
2026-06-09 06:00:00,63306.18,63472.8,63189.8,63263.98,130.00059186
2026-06-09 07:00:00,63263.99,63408.0,62948.88,63158.51,195.17992104
2026-06-09 08:00:00,63158.51,63176.99,62714.7,62808.18,280.63284017
2026-06-09 09:00:00,62808.18,62920.55,62551.08,62681.91,300.26431333
2026-06-09 10:00:00,62681.91,62800.36,62553.79,62748.74,234.38910067
2026-06-09 11:00:00,62748.74,62776.37,62455.96,62673.3,322.59611944
2026-06-09 12:00:00,62673.29,62862.87,62387.01,62599.92,355.21607975
2026-06-09 13:00:00,62605.97,62701.29,62100.0,62232.22,868.91892384
2026-06-09 14:00:00,62232.18,62355.37,61090.87,61502.36,1324.08308879
2026-06-09 15:00:00,61503.96,61666.36,60970.02,61069.07,956.37799185
2026-06-09 16:00:00,61073.68,61434.92,60713.5,61338.0,1400.49501191
2026-06-09 17:00:00,61337.51,61838.27,61337.51,61637.72,656.70529563
2026-06-09 18:00:00,61637.76,61899.99,61535.81,61729.36,278.88861939
2026-06-09 19:00:00,61729.36,62055.89,61658.18,62044.83,582.88136609
2026-06-09 20:00:00,62044.84,62227.59,61900.0,62117.95,340.23794654
2026-06-09 21:00:00,62117.95,62130.14,61637.9,61714.0,834.37910447
2026-06-09 22:00:00,61716.58,61932.87,61614.19,61682.05,241.36959656
2026-06-09 23:00:00,61682.05,61843.05,61489.5,61685.8,466.85675326
2026-06-10 00:00:00,61685.81,61891.89,61400.0,61877.93,243.37154178
2026-06-10 01:00:00,61877.94,61936.64,61542.45,61670.6,195.51754075
2026-06-10 02:00:00,61670.61,61798.64,61190.65,61258.68,295.37561038
2026-06-10 03:00:00,61258.67,61550.0,61235.41,61503.97,167.99565235
2026-06-10 04:00:00,61503.97,61520.97,61140.0,61250.32,164.41667851
2026-06-10 05:00:00,61250.32,61350.0,61030.09,61306.28,144.16015713
2026-06-10 06:00:00,61306.28,61470.93,61094.65,61418.18,164.61662035
2026-06-10 07:00:00,61418.18,61750.69,61378.87,61641.08,193.07746364
2026-06-10 08:00:00,61641.08,61684.89,61112.32,61213.04,219.50353463
2026-06-10 09:00:00,61214.56,61379.4,60708.92,61289.11,405.28382135
2026-06-10 10:00:00,61289.1,61409.76,61097.03,61329.49,184.91054762
2026-06-10 11:00:00,61338.76,61388.0,60799.82,60977.48,378.15639881
2026-06-10 12:00:00,60977.47,61900.7,60900.9,61512.99,614.52648019
2026-06-10 13:00:00,61512.99,62427.42,61380.65,62091.92,736.12612795
2026-06-10 14:00:00,62094.55,62201.21,61750.0,62146.02,680.93982929
2026-06-10 15:00:00,62146.06,62809.04,61786.41,62580.66,956.92555371
2026-06-10 16:00:00,62580.66,62594.28,61868.84,62169.99,638.64738547
2026-06-10 17:00:00,62169.99,62310.63,61589.75,61914.59,608.78909323
2026-06-10 18:00:00,61914.6,62115.0,61528.79,61818.11,452.17463622
2026-06-10 19:00:00,61818.9,62007.64,61606.52,61882.0,367.818541
2026-06-10 20:00:00,61882.62,61892.18,61620.01,61738.38,197.05395027
2026-06-10 21:00:00,61738.38,61740.81,61113.3,61293.47,378.75752425
2026-06-10 22:00:00,61293.99,61516.0,61028.22,61320.0,420.73302374
2026-06-10 23:00:00,61319.2,61550.0,61100.0,61449.46,232.08033225
2026-06-11 00:00:00,61449.47,61922.01,61449.47,61762.03,334.98486501
2026-06-11 01:00:00,61762.03,62301.58,61756.93,62147.95,339.45993813
2026-06-11 02:00:00,62147.94,62243.48,61869.0,62066.99,221.81542785
2026-06-11 03:00:00,62066.99,62761.33,61929.8,62601.0,333.9637175
2026-06-11 04:00:00,62600.0,62778.96,62466.14,62649.94,150.3514061
2026-06-11 05:00:00,62649.95,62649.96,62479.68,62543.33,107.50329977
2026-06-11 06:00:00,62543.33,62924.0,62466.84,62686.01,213.28551671
2026-06-11 07:00:00,62686.02,62768.59,62525.54,62639.88,136.13087515
2026-06-11 08:00:00,62639.87,62971.17,62634.3,62886.41,192.41639765
2026-06-11 09:00:00,62886.4,62919.19,62715.29,62850.0,220.82402832
2026-06-11 10:00:00,62849.99,63143.17,62721.5,63067.15,353.54508866
2026-06-11 11:00:00,63067.14,63200.0,62965.95,63043.98,260.13999196
2026-06-11 12:00:00,63043.99,63126.56,62437.51,62939.17,916.23956814
2026-06-11 13:00:00,62939.15,63200.93,62595.9,63019.97,954.40458815
2026-06-11 14:00:00,63019.97,63040.09,62657.0,62657.76,492.10972259
2026-06-11 15:00:00,62657.76,62819.99,62467.14,62680.49,508.36231333
2026-06-11 16:00:00,62680.48,62767.77,62455.71,62493.8,368.7735414
2026-06-11 17:00:00,62493.79,63586.7,62255.87,63562.0,1143.55867577
2026-06-11 18:00:00,63561.98,63721.98,63230.15,63384.92,516.48513797
2026-06-11 19:00:00,63384.92,63866.82,63320.0,63548.0,707.87072734
2026-06-11 20:00:00,63541.49,63604.28,63202.84,63332.0,301.67261037
2026-06-11 21:00:00,63332.01,63539.39,63329.0,63464.01,176.37471481
2026-06-11 22:00:00,63464.01,63617.75,63395.58,63436.7,191.33047019
2026-06-11 23:00:00,63436.69,63634.1,63249.51,63563.42,307.64840757
2026-06-12 00:00:00,63563.44,63727.4,63455.16,63574.68,231.94773367
2026-06-12 01:00:00,63574.69,63579.46,63216.55,63350.46,224.99791475
2026-06-12 02:00:00,63350.45,63704.36,63350.09,63534.84,175.24130458
2026-06-12 03:00:00,63534.84,63564.71,63257.98,63430.5,175.8309088
2026-06-12 04:00:00,63430.5,63775.99,63332.32,63613.93,168.20256916
2026-06-12 05:00:00,63613.92,63635.38,63216.13,63268.0,189.12995003
2026-06-12 06:00:00,63268.0,63328.99,62739.81,62898.71,221.05083343
2026-06-12 07:00:00,62898.72,63127.67,62864.24,63014.82,250.30035154
2026-06-12 08:00:00,63016.91,63544.3,63012.02,63391.68,274.81195
2026-06-12 09:00:00,63391.69,63882.85,63354.01,63678.78,224.77624562
2026-06-12 10:00:00,63678.78,63776.35,63504.43,63617.69,295.22925438
2026-06-12 11:00:00,63617.69,63812.75,63605.02,63685.17,148.81113631
2026-06-12 12:00:00,63685.17,63697.91,63291.99,63388.3,246.32464637
2026-06-12 13:00:00,63388.3,63457.58,62964.0,63151.96,768.00559353
2026-06-12 14:00:00,63150.79,63957.13,63110.96,63950.72,900.62105952
2026-06-12 15:00:00,63950.71,64347.32,63501.11,63550.46,1024.54225248
2026-06-12 16:00:00,63552.0,63964.72,63460.13,63942.77,465.67570847
2026-06-12 17:00:00,63942.81,64082.8,63692.34,63823.2,513.83848757
2026-06-12 18:00:00,63823.21,63900.0,63630.93,63648.0,288.14651759
2026-06-12 19:00:00,63647.98,63789.0,63550.0,63552.05,487.21628567
2026-06-12 20:00:00,63552.05,63667.54,63342.03,63408.07,424.55163049
2026-06-12 21:00:00,63409.66,63597.86,63401.25,63435.97,164.34612518
2026-06-12 22:00:00,63435.97,63629.22,63430.0,63472.34,142.10633294
2026-06-12 23:00:00,63472.34,63546.07,63385.51,63538.43,174.16197214
2026-06-13 00:00:00,63538.44,63608.6,63466.32,63557.9,207.62003062
2026-06-13 01:00:00,63559.82,63804.99,63559.82,63796.97,142.2034124
2026-06-13 02:00:00,63796.97,63796.98,63525.66,63605.25,211.65763917
2026-06-13 03:00:00,63605.26,63685.16,63400.92,63494.14,151.76032958
2026-06-13 04:00:00,63494.14,63613.54,63445.63,63472.43,62.63566446
2026-06-13 05:00:00,63472.44,63567.06,63452.3,63551.17,106.21183753
2026-06-13 06:00:00,63551.17,63706.0,63510.63,63705.56,78.69176358
2026-06-13 07:00:00,63705.56,63849.74,63634.19,63806.37,272.62040802
2026-06-13 08:00:00,63806.37,63876.62,63723.46,63764.92,89.77920946
2026-06-13 09:00:00,63764.92,63825.52,63700.02,63705.45,87.52443725
2026-06-13 10:00:00,63709.24,63870.44,63681.83,63803.18,76.06735276
2026-06-13 11:00:00,63803.19,63937.47,63796.82,63923.41,196.34454268
2026-06-13 12:00:00,63923.41,64170.03,63877.6,64091.98,127.83424088
2026-06-13 13:00:00,64091.97,64211.5,64011.52,64061.62,194.88528068
2026-06-13 14:00:00,64062.0,64198.76,64042.79,64183.93,87.5578998
2026-06-13 15:00:00,64185.98,64310.0,64146.01,64258.02,204.55432273
2026-06-13 16:00:00,64258.02,64268.93,63871.78,63985.03,384.48336225
2026-06-13 17:00:00,63985.03,64084.97,63901.51,63932.63,165.53145872
2026-06-13 18:00:00,63933.39,64259.01,63933.39,64124.32,269.02636268
2026-06-13 19:00:00,64124.32,64300.0,64112.63,64268.92,210.5751728
2026-06-13 20:00:00,64264.51,64267.76,64192.21,64254.0,133.65704156
2026-06-13 21:00:00,64254.97,64727.27,64189.19,64438.02,244.24554673
2026-06-13 22:00:00,64438.01,64535.68,64350.0,64426.58,199.24971243
2026-06-13 23:00:00,64426.62,64571.1,64357.09,64429.99,241.72842882
2026-06-14 00:00:00,64424.98,64558.23,64345.5,64532.28,96.92280599
2026-06-14 01:00:00,64532.28,64682.0,64474.75,64545.59,120.04048895
2026-06-14 02:00:00,64545.58,64609.43,64448.8,64456.28,140.57790429
2026-06-14 03:00:00,64456.28,64517.37,64427.38,64513.58,92.53871076
2026-06-14 04:00:00,64513.59,64536.58,64296.94,64307.56,119.65642208
2026-06-14 05:00:00,64310.39,64390.15,64261.4,64334.0,236.17717915
2026-06-14 06:00:00,64334.23,64457.25,64211.67,64258.25,106.18771316
2026-06-14 07:00:00,64258.24,64412.48,64190.0,64396.52,77.79260902
2026-06-14 08:00:00,64396.53,64496.95,64350.34,64422.06,108.36895373
2026-06-14 09:00:00,64422.07,64580.63,64279.5,64577.99,108.38011496
2026-06-14 10:00:00,64577.99,64627.34,64455.94,64486.44,47.61449459
2026-06-14 11:00:00,64486.45,64610.0,64420.84,64513.83,171.58734002
2026-06-14 12:00:00,64513.84,64530.08,64257.98,64294.22,151.75345367
2026-06-14 13:00:00,64294.22,64365.15,64212.39,64285.06,184.13785619
2026-06-14 14:00:00,64285.64,64312.29,63829.65,63950.24,243.27180123
2026-06-14 15:00:00,63948.81,64112.49,63943.24,63986.18,109.26062099
2026-06-14 16:00:00,63986.19,64179.09,63893.01,63905.28,131.79067047
2026-06-14 17:00:00,63905.28,63988.52,63652.97,63696.58,175.65565079
2026-06-14 18:00:00,63696.58,63779.41,63640.0,63775.71,100.58148432
2026-06-14 19:00:00,63775.7,63822.29,63694.01,63768.28,76.06682847
2026-06-14 20:00:00,63768.27,64062.23,63750.0,63971.99,113.70760481
2026-06-14 21:00:00,63971.99,65608.0,63965.98,65280.67,1022.40950295
2026-06-14 22:00:00,65280.67,65526.98,64908.36,65381.84,546.69664719
2026-06-14 23:00:00,65381.85,65764.16,65222.0,65706.62,438.03427616
2026-06-15 00:00:00,65704.23,65882.25,65439.84,65590.0,397.13214121
2026-06-15 01:00:00,65590.0,65698.4,65302.08,65484.45,237.99608684
2026-06-15 02:00:00,65484.44,65740.86,65375.5,65427.46,181.53652239
2026-06-15 03:00:00,65427.47,65960.0,65387.88,65894.03,317.34321476
2026-06-15 04:00:00,65894.03,65894.04,65594.34,65604.96,139.60787766
2026-06-15 05:00:00,65604.97,65837.43,65574.36,65825.05,135.04758959
2026-06-15 06:00:00,65825.05,65923.63,65717.55,65770.83,149.21500757
2026-06-15 07:00:00,65770.83,65970.26,65581.02,65633.83,148.71953299
2026-06-15 08:00:00,65633.83,65760.83,65576.99,65614.81,135.28811931
2026-06-15 09:00:00,65614.81,65752.33,65464.2,65550.46,231.93992594
2026-06-15 10:00:00,65550.45,65931.14,65535.54,65879.95,180.59702578
2026-06-15 11:00:00,65879.95,66348.4,65797.49,66190.01,447.26641257
2026-06-15 12:00:00,66190.0,66575.56,66058.06,66527.51,496.36643664
2026-06-15 13:00:00,66533.31,66908.0,66343.76,66394.34,864.30547053
2026-06-15 14:00:00,66394.34,66640.74,66240.54,66543.2,466.26735787
2026-06-15 15:00:00,66543.2,67264.0,66533.7,67252.01,660.92093637
2026-06-15 16:00:00,67252.0,67255.54,67048.02,67123.03,697.23714037
2026-06-15 17:00:00,67123.04,67123.04,66645.95,66813.93,460.80087042
2026-06-15 18:00:00,66813.97,66914.47,66678.84,66734.81,320.42800761
2026-06-15 19:00:00,66734.8,66867.9,66322.6,66577.42,682.07691227
2026-06-15 20:00:00,66582.95,66657.26,66453.0,66487.44,162.40754832
2026-06-15 21:00:00,66487.44,66531.55,66289.68,66335.42,202.01332794
2026-06-15 22:00:00,66335.44,66438.36,66053.75,66155.99,213.79739526
2026-06-15 23:00:00,66156.0,66321.62,66075.16,66276.8,143.24993215
2026-06-16 00:00:00,66276.79,66424.92,66193.21,66211.09,141.71429405
2026-06-16 01:00:00,66211.07,66381.03,66203.34,66304.16,118.3269802
2026-06-16 02:00:00,66304.17,66329.4,65650.0,65704.98,237.72944351
2026-06-16 03:00:00,65704.97,66134.1,65607.54,66111.75,181.27211458
2026-06-16 04:00:00,66111.76,66237.69,65761.91,65800.0,148.90204307
2026-06-16 05:00:00,65800.01,66129.24,65800.01,66020.16,130.14179398
2026-06-16 06:00:00,66020.15,66522.4,66020.15,66408.46,146.06751507
2026-06-16 07:00:00,66408.46,66490.39,66263.24,66334.18,117.3878883
2026-06-16 08:00:00,66334.19,66944.0,66295.93,66858.7,228.50576185
2026-06-16 09:00:00,66855.23,66885.68,66425.1,66461.65,142.15517488
2026-06-16 10:00:00,66461.65,66735.11,66434.99,66456.9,192.00837269
2026-06-16 11:00:00,66456.9,66597.99,66316.75,66440.49,117.07820919
2026-06-16 12:00:00,66440.49,66774.05,66312.66,66367.98,249.94735252
2026-06-16 13:00:00,66367.99,66417.43,65873.37,65985.0,456.61970404
2026-06-16 14:00:00,65989.47,66214.99,65300.03,65601.16,638.69172237
2026-06-16 15:00:00,65601.17,65951.72,65550.0,65807.01,436.89642454
2026-06-16 16:00:00,65807.97,65899.3,65636.9,65698.37,456.23209529
2026-06-16 17:00:00,65698.37,65959.0,65642.93,65917.35,297.7474004
2026-06-16 18:00:00,65917.36,66202.79,65735.5,65781.87,369.43935885
2026-06-16 19:00:00,65781.86,65781.86,65487.74,65622.49,727.62417845
2026-06-16 20:00:00,65618.89,65816.92,65523.9,65792.7,239.2156362
2026-06-16 21:00:00,65792.71,65882.44,65583.6,65703.71,310.08001313
2026-06-16 22:00:00,65703.71,65820.95,65607.22,65710.11,157.55951552
2026-06-16 23:00:00,65710.22,65766.45,65557.01,65616.64,106.47060285
2026-06-17 00:00:00,65616.64,65800.0,65616.64,65644.68,144.32148529
2026-06-17 01:00:00,65644.68,65899.3,65417.05,65870.61,221.82450832
2026-06-17 02:00:00,65870.61,66073.34,65720.24,65847.99,144.11905826
2026-06-17 03:00:00,65847.99,65848.0,65637.58,65794.05,140.53897252
2026-06-17 04:00:00,65794.06,65990.71,65727.11,65824.01,75.93714263
2026-06-17 05:00:00,65824.0,65922.43,65682.01,65768.1,102.53504647
2026-06-17 06:00:00,65768.11,65832.44,65511.01,65550.84,108.4370744
2026-06-17 07:00:00,65550.94,65649.2,65179.71,65463.42,319.25715843
2026-06-17 08:00:00,65463.42,65505.32,64773.81,64861.97,258.50760523
2026-06-17 09:00:00,64861.97,65017.98,64779.04,64849.92,98.76505252
2026-06-17 10:00:00,64849.93,64943.87,64698.44,64739.51,111.18788394
2026-06-17 11:00:00,64739.51,64820.82,64491.88,64749.51,390.06367961
2026-06-17 12:00:00,64749.52,65050.47,64529.74,64979.56,209.52653463
2026-06-17 13:00:00,64979.55,65318.63,64781.43,65219.59,385.92569442
2026-06-17 14:00:00,65219.59,65408.78,64710.76,65047.01,371.94720045
2026-06-17 15:00:00,65047.02,65802.01,64926.22,65696.96,353.1139802
2026-06-17 16:00:00,65696.96,66384.01,65661.98,65807.19,485.42700261
2026-06-17 17:00:00,65807.19,66144.0,65730.95,66055.58,292.23474685
2026-06-17 18:00:00,66054.0,66054.0,64754.35,65453.18,1013.16627591
2026-06-17 19:00:00,65454.8,65612.01,63985.0,64241.65,1369.0799133
2026-06-17 20:00:00,64241.65,64432.0,64101.52,64370.66,438.05479207
2026-06-17 21:00:00,64370.66,64400.44,64080.62,64196.47,224.71008804
2026-06-17 22:00:00,64196.48,64370.55,63851.02,64233.99,239.32765428
2026-06-17 23:00:00,64233.99,64470.99,64187.47,64446.04,146.18769672
2026-06-18 00:00:00,64446.05,64648.76,64395.99,64399.99,175.6400699
2026-06-18 01:00:00,64399.99,64752.51,64399.99,64488.05,185.72427379
2026-06-18 02:00:00,64488.06,64714.51,64417.11,64617.61,96.29691715
2026-06-18 03:00:00,64617.61,64617.61,64191.85,64215.05,106.55823723
2026-06-18 04:00:00,64215.05,64276.83,63757.07,63809.28,337.50417759
2026-06-18 05:00:00,63806.07,63953.99,63619.96,63920.54,167.47687702
2026-06-18 06:00:00,63920.53,64057.92,63775.98,64011.38,237.2512435
2026-06-18 07:00:00,64019.43,64448.79,63940.0,64438.53,205.51933544
2026-06-18 08:00:00,64438.54,64586.15,64312.47,64336.01,191.85282779
2026-06-18 09:00:00,64336.03,64424.51,64132.0,64144.89,63.38730234
2026-06-18 10:00:00,64144.89,64166.46,63853.69,64024.0,195.73908037
2026-06-18 11:00:00,64024.0,64142.73,63816.1,63901.92,215.53483771
2026-06-18 12:00:00,63901.93,64340.09,63853.68,64309.22,298.85495148
2026-06-18 13:00:00,64309.22,64382.31,63721.0,63906.47,389.81526286
2026-06-18 14:00:00,63906.48,64118.98,63510.0,63732.62,438.37214494
2026-06-18 15:00:00,63730.42,63745.13,62212.88,62290.58,1311.25542663
2026-06-18 16:00:00,62283.58,62736.0,62265.78,62603.71,582.00072362
2026-06-18 17:00:00,62605.56,62654.77,62159.76,62512.66,533.86117467
2026-06-18 18:00:00,62512.67,62880.94,62486.88,62618.64,444.9521128
2026-06-18 19:00:00,62618.64,62931.99,62540.56,62872.8,348.32464011
2026-06-18 20:00:00,62872.01,63205.11,62871.41,63012.28,328.70926453
2026-06-18 21:00:00,63012.28,63052.52,62788.98,62889.73,175.5892382
2026-06-18 22:00:00,62889.73,62926.33,62671.8,62815.7,320.58688201
2026-06-18 23:00:00,62815.69,62917.02,62683.86,62879.01,124.67995298
2026-06-19 00:00:00,62879.01,63021.53,62772.3,62949.87,111.57213134
2026-06-19 01:00:00,62949.87,63030.55,62774.8,62951.98,124.66989752
2026-06-19 02:00:00,62951.98,63045.2,62816.01,62930.0,114.98444002
2026-06-19 03:00:00,62929.99,62962.78,62303.37,62702.08,343.95391155
2026-06-19 04:00:00,62702.07,62852.76,62346.18,62390.39,198.77180229
2026-06-19 05:00:00,62391.98,62681.39,62389.0,62675.81,99.53767174
2026-06-19 06:00:00,62675.82,62855.0,62661.99,62829.32,83.22228815
2026-06-19 07:00:00,62829.33,62856.47,62433.01,62561.21,178.08934282
2026-06-19 08:00:00,62561.21,62716.0,62456.7,62537.18,86.45546251
2026-06-19 09:00:00,62539.34,62587.08,62246.24,62317.11,178.04069928
2026-06-19 10:00:00,62317.12,62535.0,62313.38,62466.31,115.7720798
2026-06-19 11:00:00,62466.31,62626.7,62384.25,62570.52,107.48776814
2026-06-19 12:00:00,62570.52,62808.74,62288.5,62765.91,173.84930554
2026-06-19 13:00:00,62765.91,63341.21,62604.33,63147.18,261.98890129
2026-06-19 14:00:00,63147.04,63351.3,62950.0,63145.39,180.16007573
2026-06-19 15:00:00,63145.39,63226.2,62958.3,63150.22,125.43469929
2026-06-19 16:00:00,63153.12,63325.07,62868.16,62909.99,241.51656219
2026-06-19 17:00:00,62910.0,63167.85,62807.41,63135.45,169.82355951
2026-06-19 18:00:00,63135.45,63143.07,62923.92,63049.55,108.08702299
2026-06-19 19:00:00,63049.54,63081.42,62874.4,62969.39,107.15697558
2026-06-19 20:00:00,62969.4,63216.45,62895.15,63188.75,100.91782896
2026-06-19 21:00:00,63188.75,63221.56,62988.5,63015.11,89.61639374
2026-06-19 22:00:00,63015.11,63313.18,62989.0,63256.94,113.18061391
2026-06-19 23:00:00,63256.95,63595.93,63207.92,63475.2,177.95920271
2026-06-20 00:00:00,63475.08,63718.8,63406.8,63464.0,221.78285991
2026-06-20 01:00:00,63465.13,63560.0,63347.0,63524.86,117.7408731
2026-06-20 02:00:00,63524.87,63524.87,63269.55,63279.62,176.33076314
2026-06-20 03:00:00,63279.63,63457.15,63250.0,63418.16,165.62262696
2026-06-20 04:00:00,63418.16,63548.55,63336.35,63522.37,127.06133083
2026-06-20 05:00:00,63522.37,63840.0,63476.01,63613.05,150.02339569
2026-06-20 06:00:00,63613.04,63700.0,63572.85,63678.42,61.79699494
2026-06-20 07:00:00,63678.42,63738.18,63535.3,63593.09,74.82090353
2026-06-20 08:00:00,63593.1,63606.92,63323.7,63358.49,90.36873999
2026-06-20 09:00:00,63358.49,63726.75,63354.17,63667.07,170.95448818
2026-06-20 10:00:00,63667.08,63710.55,63524.77,63609.6,152.2199076
2026-06-20 11:00:00,63609.59,63734.85,63549.76,63617.41,131.4988589
2026-06-20 12:00:00,63617.41,63726.74,63482.01,63594.45,131.28204737
2026-06-20 13:00:00,63594.45,63594.45,63214.96,63336.34,141.42651111
2026-06-20 14:00:00,63334.05,64080.0,63131.38,63881.93,402.94756667
2026-06-20 15:00:00,63881.94,64312.73,63776.63,64086.07,284.97496905
2026-06-20 16:00:00,64091.25,64103.39,63840.15,63967.89,224.192026
2026-06-20 17:00:00,63964.49,63970.09,63670.01,63751.18,243.18493672
2026-06-20 18:00:00,63751.18,63862.08,63705.37,63734.81,96.73804131
2026-06-20 19:00:00,63734.8,63900.0,63718.01,63867.36,147.12342892
2026-06-20 20:00:00,63867.37,63907.6,63777.15,63858.68,192.68172577
2026-06-20 21:00:00,63858.67,64017.16,63840.59,63937.01,142.50760949
2026-06-20 22:00:00,63937.01,64279.63,63899.99,64196.99,132.34777815
2026-06-20 23:00:00,64196.99,64265.4,64172.25,64222.99,86.73575282
2026-06-21 00:00:00,64223.0,64248.0,64158.78,64212.8,177.37166998
2026-06-21 01:00:00,64212.81,64241.53,64120.0,64150.01,155.052302
2026-06-21 02:00:00,64154.97,64194.0,64140.07,64157.98,112.16190047
2026-06-21 03:00:00,64157.98,64397.1,64146.06,64339.42,122.83232849
2026-06-21 04:00:00,64342.97,64508.4,64173.86,64199.05,118.63913665
2026-06-21 05:00:00,64199.05,64286.6,64141.1,64178.01,57.76702706
2026-06-21 06:00:00,64178.01,64243.98,64112.0,64219.96,35.45164874
2026-06-21 07:00:00,64219.97,64220.13,64089.7,64102.01,58.573187
2026-06-21 08:00:00,64109.72,64147.95,63820.91,63935.35,167.31226614
2026-06-21 09:00:00,63935.36,64169.36,63880.65,64126.0,72.42202891
2026-06-21 10:00:00,64126.01,64331.82,64109.74,64286.71,110.94338429
2026-06-21 11:00:00,64288.65,64398.98,64025.94,64095.3,132.86558434
2026-06-21 12:00:00,64095.29,64153.45,63872.56,64107.67,122.40929439
2026-06-21 13:00:00,64107.67,64107.67,63932.45,64068.7,72.38379718
2026-06-21 14:00:00,64068.69,64075.05,63920.93,64061.29,100.00951489
2026-06-21 15:00:00,64061.29,64273.5,64030.85,64143.98,116.33373574
2026-06-21 16:00:00,64143.99,64172.24,63961.6,64065.58,166.14613494
2026-06-21 17:00:00,64065.58,64140.0,63986.99,64065.3,97.23658006
2026-06-21 18:00:00,64065.31,64159.98,63866.94,64140.0,150.36707997
2026-06-21 19:00:00,64130.53,64220.85,64082.12,64119.97,139.35914126
2026-06-21 20:00:00,64119.98,64192.5,63620.43,63770.33,274.79926582
2026-06-21 21:00:00,63770.24,63882.01,63427.05,63724.0,373.56831578
2026-06-21 22:00:00,63721.49,63781.71,63490.01,63724.92,392.4388237
2026-06-21 23:00:00,63724.91,63724.91,63171.19,63235.63,414.7659965
2026-06-22 00:00:00,63235.63,64010.24,63235.61,63811.8,439.22299675
2026-06-22 01:00:00,63811.81,64733.0,63767.25,64524.01,444.22389396
2026-06-22 02:00:00,64522.59,64590.01,64164.15,64176.94,133.13367317
2026-06-22 03:00:00,64176.93,64378.8,63823.47,63886.56,238.48806502
2026-06-22 04:00:00,63886.56,64034.55,63783.87,64012.15,132.94310951
2026-06-22 05:00:00,64012.15,64261.21,64002.12,64164.81,140.18086318
2026-06-22 06:00:00,64164.81,64245.14,63863.92,63910.01,148.39695016
2026-06-22 07:00:00,63910.01,64314.96,63884.7,64131.4,109.73972571
2026-06-22 08:00:00,64131.4,64270.08,63959.99,64089.6,127.49059605
2026-06-22 09:00:00,64089.6,64181.75,63978.26,64070.41,52.36647801
2026-06-22 10:00:00,64070.41,64204.68,64002.01,64066.37,64.74965641
2026-06-22 11:00:00,64066.37,64699.99,64025.01,64583.24,403.47199302
2026-06-22 12:00:00,64583.24,65150.0,64501.99,65077.58,650.98063957
2026-06-22 13:00:00,65077.59,65518.07,64869.97,65511.99,787.52974632
2026-06-22 14:00:00,65511.99,65553.39,64756.16,64900.01,674.33535986
2026-06-22 15:00:00,64901.11,65075.98,64675.53,64764.02,515.84664931
2026-06-22 16:00:00,64765.38,64788.46,64432.98,64641.09,660.80205586
2026-06-22 17:00:00,64641.09,64692.48,64315.0,64529.2,373.85649033
2026-06-22 18:00:00,64529.21,64665.98,64234.95,64268.67,349.81837547
2026-06-22 19:00:00,64268.68,64434.74,64187.25,64408.02,425.63264842
2026-06-22 20:00:00,64401.49,64603.78,64288.0,64359.17,245.54912204
2026-06-22 21:00:00,64359.03,64417.85,64076.44,64246.41,261.98754757
2026-06-22 22:00:00,64246.41,64327.63,63726.78,63889.99,352.68777941
2026-06-22 23:00:00,63889.99,63980.32,63798.76,63950.61,210.69296299
2026-06-23 00:00:00,63950.61,64086.74,63755.0,64080.59,182.51748585
2026-06-23 01:00:00,64080.59,64211.95,63819.69,64078.72,208.92727314
2026-06-23 02:00:00,64078.72,64198.97,63966.08,64122.72,115.32116317
2026-06-23 03:00:00,64122.72,64125.29,63884.2,63987.82,160.0790947
2026-06-23 04:00:00,63987.83,64017.96,63524.78,63541.99,223.18683988
2026-06-23 05:00:00,63541.99,63654.99,63276.33,63321.01,237.04853797
2026-06-23 06:00:00,63321.0,63321.0,62500.0,62863.9,395.69068326
2026-06-23 07:00:00,62864.27,63019.3,62787.72,62805.5,170.49805349
2026-06-23 08:00:00,62805.51,62869.59,61862.27,62308.15,551.09874948
2026-06-23 09:00:00,62308.16,62437.79,62267.96,62298.0,165.66308618
2026-06-23 10:00:00,62298.01,62500.01,62158.31,62237.25,213.62120642
2026-06-23 11:00:00,62237.26,62561.25,62234.05,62432.78,251.65995919
2026-06-23 12:00:00,62432.78,62485.6,62111.01,62182.51,244.50478849
2026-06-23 13:00:00,62179.09,62462.41,61871.56,62400.15,625.78889158
2026-06-23 14:00:00,62400.15,62778.89,62325.88,62415.89,564.94213636
2026-06-23 15:00:00,62415.89,62434.05,62115.7,62404.01,347.06450958
2026-06-23 16:00:00,62404.01,62745.13,62343.51,62463.02,597.93084198
2026-06-23 17:00:00,62463.65,62606.05,62250.0,62271.41,315.02853827
2026-06-23 18:00:00,62271.42,62370.3,62005.0,62150.89,447.12059727
2026-06-23 19:00:00,62150.9,62398.25,62140.58,62310.83,292.43950264
2026-06-23 20:00:00,62311.32,62454.03,62300.0,62388.98,134.91174516
2026-06-23 21:00:00,62388.98,62580.71,62388.98,62515.05,185.30358745
2026-06-23 22:00:00,62515.06,62699.99,62436.24,62509.96,175.19602687
2026-06-23 23:00:00,62509.96,62715.35,62413.85,62644.86,126.06883904
2026-06-24 00:00:00,62644.86,62946.54,62644.86,62933.09,314.41180853
2026-06-24 01:00:00,62933.1,63040.99,62682.86,62849.39,199.52800087
2026-06-24 02:00:00,62849.39,62930.22,62519.14,62546.33,182.89928337
2026-06-24 03:00:00,62544.96,62750.32,62374.5,62649.71,141.31452041
2026-06-24 04:00:00,62649.71,62711.99,62437.68,62661.75,138.06560563
2026-06-24 05:00:00,62661.75,62982.01,62620.0,62802.0,238.68625445
2026-06-24 06:00:00,62801.99,62825.9,62638.3,62691.85,135.04674851
2026-06-24 07:00:00,62691.85,62755.55,62518.5,62561.4,207.8166247
2026-06-24 08:00:00,62564.7,62715.98,62504.01,62707.51,154.71098887
2026-06-24 09:00:00,62707.51,62707.51,62545.62,62594.41,130.51854218
2026-06-24 10:00:00,62594.41,62599.9,62319.92,62354.94,157.79183689
2026-06-24 11:00:00,62354.94,63156.34,62218.9,62835.29,285.6282286
2026-06-24 12:00:00,62835.29,62891.39,62490.14,62522.46,249.23211833
2026-06-24 13:00:00,62522.47,62543.55,61140.69,61227.64,1580.72391412
2026-06-24 14:00:00,61227.64,61357.62,60789.67,61017.98,1391.30866655
2026-06-24 15:00:00,61017.97,61049.36,60156.01,60176.73,1189.55488487
2026-06-24 16:00:00,60176.73,60585.38,59541.17,59759.15,1261.86306984
2026-06-24 17:00:00,59761.19,59970.0,59010.74,59304.9,2508.05287711
2026-06-24 18:00:00,59309.31,59837.98,59218.2,59513.9,1660.71916906
2026-06-24 19:00:00,59513.92,59902.14,59428.01,59858.28,1133.51574435
2026-06-24 20:00:00,59860.58,61112.72,59756.13,60869.51,1403.56541386
2026-06-24 21:00:00,60869.52,61047.21,60566.15,61014.85,378.22341468
2026-06-24 22:00:00,61014.84,61175.42,60707.18,60778.43,343.24599499
2026-06-24 23:00:00,60778.43,61014.07,60726.27,60983.13,248.68717929
2026-06-25 00:00:00,60983.14,61064.0,60630.65,60717.47,304.41691587
2026-06-25 01:00:00,60717.47,60896.7,60620.85,60822.57,213.57728024
2026-06-25 02:00:00,60822.57,60869.05,60600.0,60696.97,259.05656791
2026-06-25 03:00:00,60696.97,60804.0,60581.44,60782.25,194.56893504
2026-06-25 04:00:00,60782.25,61316.43,60682.0,61251.25,221.60620381
2026-06-25 05:00:00,61251.24,61713.01,61200.02,61498.83,411.69752632
2026-06-25 06:00:00,61498.83,61756.72,61494.76,61624.92,171.21087706
2026-06-25 07:00:00,61624.92,61868.39,61561.01,61816.79,215.57949675
2026-06-25 08:00:00,61816.79,61826.28,61582.88,61613.83,134.94138736
2026-06-25 09:00:00,61613.84,61692.61,61510.33,61634.49,180.64631007
2026-06-25 10:00:00,61634.49,61654.96,61162.77,61178.0,217.03902188
2026-06-25 11:00:00,61178.0,61328.31,60965.4,61179.08,319.79996302
2026-06-25 12:00:00,61179.08,61666.2,60962.7,61132.63,482.36809317
2026-06-25 13:00:00,61132.28,61264.41,58000.0,58190.0,2240.7047826
2026-06-25 14:00:00,58186.39,60370.0,58181.99,59373.17,2353.10034754
2026-06-25 15:00:00,59374.19,59552.53,58761.38,59462.99,1538.05534736
2026-06-25 16:00:00,59462.99,59966.0,59048.82,59208.28,1109.381084
2026-06-25 17:00:00,59208.29,59633.51,59027.4,59579.08,874.38089572
2026-06-25 18:00:00,59579.95,59690.31,59257.04,59421.18,899.3127416
2026-06-25 19:00:00,59420.17,59425.2,59068.0,59220.01,826.89471914
2026-06-25 20:00:00,59225.05,59645.51,59209.34,59356.99,459.66391966
2026-06-25 21:00:00,59354.88,60166.55,59345.0,60113.97,578.04466928
2026-06-25 22:00:00,60113.94,60113.98,59639.43,59748.74,387.69674616
2026-06-25 23:00:00,59748.74,60100.5,59639.98,59703.65,434.12742919
2026-06-26 00:00:00,59703.66,59813.81,59542.01,59569.02,326.10811977
2026-06-26 01:00:00,59565.96,59692.55,59132.0,59340.99,273.48322979
2026-06-26 02:00:00,59340.99,59364.0,58265.61,58475.96,770.37886275
2026-06-26 03:00:00,58475.96,60033.18,58243.36,59936.99,801.89818962
2026-06-26 04:00:00,59936.98,60144.48,59740.39,59830.92,339.19435384
2026-06-26 05:00:00,59830.92,59957.64,59640.01,59860.02,261.18324857
2026-06-26 06:00:00,59856.02,60363.0,59608.8,60233.04,293.45731904
2026-06-26 07:00:00,60233.04,60660.0,60181.98,60422.76,983.82701967
2026-06-26 08:00:00,60421.44,60461.98,60050.8,60147.35,296.73589172
2026-06-26 09:00:00,60147.36,60165.63,59479.73,59638.93,289.13570461
2026-06-26 10:00:00,59638.93,59762.45,59144.56,59226.29,309.93516116
2026-06-26 11:00:00,59226.29,59492.51,59171.03,59328.02,299.80170634
2026-06-26 12:00:00,59328.02,59918.81,58880.0,59091.66,497.66955029
2026-06-26 13:00:00,59094.32,60122.0,58409.58,60081.65,1558.01649825
2026-06-26 14:00:00,60084.36,60202.43,59296.68,59500.31,1553.39517589
2026-06-26 15:00:00,59500.3,60413.99,59485.34,60226.92,1121.10159022
2026-06-26 16:00:00,60226.92,60492.32,59871.36,59939.3,856.90448246
2026-06-26 17:00:00,59939.28,60193.03,59847.48,59929.01,565.96384814
2026-06-26 18:00:00,59929.0,60064.73,59448.68,59566.0,602.13843698
2026-06-26 19:00:00,59566.0,59997.99,59510.88,59655.5,1111.85563562
2026-06-26 20:00:00,59668.5,59904.01,59480.78,59620.51,521.41792715
2026-06-26 21:00:00,59620.5,59964.87,59578.21,59826.03,187.28491463
2026-06-26 22:00:00,59826.02,59991.3,59657.76,59951.52,208.44409295
2026-06-26 23:00:00,59951.52,60028.02,59822.2,60002.53,315.56591925
2026-06-27 00:00:00,60002.97,60107.58,59783.22,59974.71,234.34914249
2026-06-27 01:00:00,59974.7,59985.31,59834.7,59847.91,258.5615408
2026-06-27 02:00:00,59847.92,60281.94,59826.52,60190.2,544.53848909
2026-06-27 03:00:00,60190.2,60318.02,60061.55,60211.57,164.04584604
2026-06-27 04:00:00,60209.77,60387.9,60120.39,60149.99,130.82563725
2026-06-27 05:00:00,60149.98,60220.43,60038.5,60143.99,101.50588084
2026-06-27 06:00:00,60143.99,60409.9,60008.17,60274.13,125.40418238
2026-06-27 07:00:00,60274.13,60480.53,60201.01,60451.64,151.41762837
2026-06-27 08:00:00,60451.64,60451.65,60272.72,60353.69,83.58557796
2026-06-27 09:00:00,60353.69,60407.45,60179.03,60313.23,188.01660463
2026-06-27 10:00:00,60313.23,60395.09,60279.39,60317.99,53.0991789
2026-06-27 11:00:00,60317.99,60349.71,60098.4,60264.73,100.02547332
2026-06-27 12:00:00,60264.74,60331.5,60153.48,60324.43,114.48935383
2026-06-27 13:00:00,60324.44,60556.99,60287.26,60483.15,113.66994968
2026-06-27 14:00:00,60483.15,60623.0,60405.39,60510.23,131.18918771
2026-06-27 15:00:00,60510.22,60838.92,60464.61,60740.31,228.88725682
2026-06-27 16:00:00,60741.0,60752.99,60569.64,60710.39,121.13719734
2026-06-27 17:00:00,60710.4,60716.55,60332.03,60424.07,209.83574955
2026-06-27 18:00:00,60424.07,60485.53,60342.46,60475.42,243.53443864
2026-06-27 19:00:00,60475.42,60509.4,59972.72,60077.65,262.99829287
2026-06-27 20:00:00,60077.65,60234.73,60073.92,60199.37,160.71901302
2026-06-27 21:00:00,60199.38,60386.03,60044.26,60102.49,183.68938914
2026-06-27 22:00:00,60102.49,60163.18,59765.1,60132.1,190.51581441
2026-06-27 23:00:00,60132.1,60227.45,59856.66,59934.84,167.37463858
2026-06-28 00:00:00,59934.84,60103.52,59915.14,60059.13,126.67211173
2026-06-28 01:00:00,60059.13,60186.21,59896.44,60131.15,99.73272371
2026-06-28 02:00:00,60131.14,60252.0,59963.76,60051.24,139.5742141
2026-06-28 03:00:00,60051.24,60196.07,60051.24,60105.91,139.8816026
2026-06-28 04:00:00,60105.91,60148.76,60003.02,60046.14,58.06751421
2026-06-28 05:00:00,60046.14,60049.91,59655.4,59892.01,136.94745182
2026-06-28 06:00:00,59892.01,59941.0,59715.9,59908.69,63.71329104
2026-06-28 07:00:00,59908.68,60173.81,59905.62,60127.84,85.38019111
2026-06-28 08:00:00,60127.84,60455.0,60046.39,60277.54,188.76010079
2026-06-28 09:00:00,60275.89,60376.5,60154.52,60169.78,65.76167961
2026-06-28 10:00:00,60169.78,60202.43,59976.02,60076.81,46.54133492
2026-06-28 11:00:00,60075.94,60285.05,60027.16,60251.97,68.41421947
2026-06-28 12:00:00,60251.97,60367.15,60098.41,60205.82,57.01799527
2026-06-28 13:00:00,60205.82,60205.82,59882.26,59983.25,109.94956529
2026-06-28 14:00:00,59982.0,60158.98,59924.16,59939.29,159.65955946
2026-06-28 15:00:00,59939.28,60037.2,59731.29,59806.75,175.10070944
2026-06-28 16:00:00,59806.75,59856.65,59500.0,59600.01,235.95991766
2026-06-28 17:00:00,59600.0,59755.68,59305.86,59493.11,310.12350045
2026-06-28 18:00:00,59493.11,59613.27,59408.59,59514.0,128.37655462
2026-06-28 19:00:00,59514.0,59590.43,59172.74,59389.27,202.36721609
2026-06-28 20:00:00,59389.26,59669.23,59382.12,59559.05,185.63682118
2026-06-28 21:00:00,59559.05,59695.0,59228.63,59347.67,238.14435881
2026-06-28 22:00:00,59347.67,59835.0,58810.11,58966.2,937.87454979
2026-06-28 23:00:00,58966.2,59755.72,58914.18,59474.01,286.30523557
2026-06-29 00:00:00,59473.99,59600.0,58875.83,59557.35,399.03674395
2026-06-29 01:00:00,59557.36,59592.18,59103.9,59333.4,179.48149452
2026-06-29 02:00:00,59333.4,59713.28,58800.0,59654.36,266.29283031
2026-06-29 03:00:00,59654.37,60126.01,59654.37,59942.83,236.74005473
2026-06-29 04:00:00,59942.83,59954.57,59645.0,59729.95,127.73373585
2026-06-29 05:00:00,59729.96,60008.03,59284.08,60006.02,185.49102246
2026-06-29 06:00:00,60009.66,60248.52,59952.35,59983.3,222.13994648
2026-06-29 07:00:00,59983.3,60092.79,59828.72,59932.61,77.51664634
2026-06-29 08:00:00,59932.6,60000.99,59642.23,59740.37,165.0563562
2026-06-29 09:00:00,59740.36,60018.03,59690.53,59968.2,160.26071919
2026-06-29 10:00:00,59968.2,60227.75,59968.2,59996.69,148.624776
2026-06-29 11:00:00,59996.7,60149.76,59703.88,59864.53,296.12643131
2026-06-29 12:00:00,59864.53,60702.63,59490.79,59857.65,1065.25327661
2026-06-29 13:00:00,59857.65,60222.87,59213.42,59473.31,1423.66381364
2026-06-29 14:00:00,59473.36,59594.39,58880.39,59352.26,1358.08051249
2026-06-29 15:00:00,59352.32,59834.33,58959.78,59704.77,1104.14992083
2026-06-29 16:00:00,59704.76,59900.0,59469.04,59776.04,443.83424379
2026-06-29 17:00:00,59775.97,60582.85,59775.58,60318.46,762.78653244
2026-06-29 18:00:00,60319.82,60433.99,60082.0,60198.05,478.89155573
2026-06-29 19:00:00,60198.06,60464.9,60054.81,60332.0,593.34513117
2026-06-29 20:00:00,60327.87,60453.71,60188.15,60197.71,301.84927977
2026-06-29 21:00:00,60203.19,60493.62,60160.86,60390.92,284.6685855
2026-06-29 22:00:00,60390.92,60427.99,60250.72,60261.96,156.50503881
2026-06-29 23:00:00,60261.97,60290.49,60084.86,60162.73,169.60396045
2026-06-30 00:00:00,60162.73,60191.99,59596.0,59743.01,251.72169352
2026-06-30 01:00:00,59743.01,59960.0,59678.22,59846.84,178.8690481
2026-06-30 02:00:00,59846.86,59944.0,59633.96,59842.57,161.14526223
2026-06-30 03:00:00,59842.57,59933.0,59488.0,59515.14,159.90461469
2026-06-30 04:00:00,59515.15,59590.55,59300.0,59385.28,193.99643274
2026-06-30 05:00:00,59385.28,59555.99,59250.0,59549.99,186.76614291
2026-06-30 06:00:00,59549.99,59617.51,59414.65,59493.99,138.57080717
2026-06-30 07:00:00,59494.0,59536.28,59331.16,59427.02,154.93596469
2026-06-30 08:00:00,59427.02,59460.35,59088.33,59206.9,308.99553658
2026-06-30 09:00:00,59206.0,59326.6,59151.6,59276.01,173.08475604
2026-06-30 10:00:00,59276.02,59323.36,59190.0,59229.3,99.98968289
2026-06-30 11:00:00,59229.32,59320.4,59010.35,59076.82,212.64172728
2026-06-30 12:00:00,59076.82,59082.46,58276.39,58299.06,721.48125763
2026-06-30 13:00:00,58300.9,58703.5,58120.94,58629.98,895.11604507
2026-06-30 14:00:00,58629.18,59159.15,58307.4,58358.95,1156.64414224
2026-06-30 15:00:00,58358.95,58690.11,58056.0,58267.51,913.83619102
2026-06-30 16:00:00,58267.51,58526.0,58133.79,58391.34,685.40216209
2026-06-30 17:00:00,58391.34,58517.28,58215.16,58322.24,449.98768328
2026-06-30 18:00:00,58322.25,58598.94,58252.05,58580.06,455.23811023
2026-06-30 19:00:00,58580.07,58741.76,58475.0,58716.53,971.67126343
2026-06-30 20:00:00,58714.04,58787.03,58535.13,58630.88,372.19302846
2026-06-30 21:00:00,58630.88,58673.48,58404.65,58553.87,257.32976809
2026-06-30 22:00:00,58553.88,58710.96,58417.55,58509.56,184.22983679
2026-06-30 23:00:00,58509.56,58564.33,58439.71,58523.93,182.18116967
2026-07-01 00:00:00,58523.93,58652.83,58200.0,58486.84,258.35910884
2026-07-01 01:00:00,58486.84,58922.44,57717.55,58668.85,924.85468071
2026-07-01 02:00:00,58668.85,59077.93,58566.2,58991.99,350.09989392
2026-07-01 03:00:00,58991.06,59224.11,58749.76,59101.49,405.65509188
2026-07-01 04:00:00,59101.49,59373.3,58966.6,59245.38,193.40221184
2026-07-01 05:00:00,59245.39,59289.02,59025.13,59060.91,177.72486538
2026-07-01 06:00:00,59060.9,59070.82,58435.8,58666.65,328.08894068
2026-07-01 07:00:00,58666.65,58738.2,58513.48,58686.91,135.93884929
2026-07-01 08:00:00,58686.91,58906.0,58407.31,58896.0,220.1941966
2026-07-01 09:00:00,58896.0,59008.95,58752.55,58865.86,149.30101447
2026-07-01 10:00:00,58868.54,58868.55,58536.45,58577.4,147.04020954
2026-07-01 11:00:00,58577.41,58678.19,58467.15,58536.74,129.3510374
2026-07-01 12:00:00,58536.74,58602.6,58242.82,58443.44,395.58692145
2026-07-01 13:00:00,58444.44,59449.94,58444.44,59422.92,767.24683228
2026-07-01 14:00:00,59421.3,60027.45,59196.01,59466.95,1147.62312611
2026-07-01 15:00:00,59466.95,60473.99,59440.51,60087.7,916.531089
2026-07-01 16:00:00,60087.71,60201.52,59793.43,59856.97,458.05764237
2026-07-01 17:00:00,59856.98,60176.72,59716.09,60129.4,396.03960843
2026-07-01 18:00:00,60129.4,60238.03,59955.39,60104.77,324.20856859
2026-07-01 19:00:00,60104.77,60289.64,59928.07,59971.68,551.07842683
2026-07-01 20:00:00,59972.63,60125.72,59797.67,60069.75,377.48894983
2026-07-01 21:00:00,60069.76,60810.0,60065.74,60752.33,993.00309184
2026-07-01 22:00:00,60752.33,61287.33,60279.34,60408.41,614.35566684
2026-07-01 23:00:00,60408.41,60408.41,59912.28,59961.45,323.53296293
2026-07-02 00:00:00,59961.46,59966.31,59520.02,59689.46,381.92055691
2026-07-02 01:00:00,59689.47,60252.23,59646.39,60112.25,384.1539395
2026-07-02 02:00:00,60112.25,60416.0,59947.89,60353.88,235.07437126
2026-07-02 03:00:00,60353.89,61056.19,60232.74,60985.77,350.46424227
2026-07-02 04:00:00,60984.01,60984.01,60653.68,60707.99,234.12653224
2026-07-02 05:00:00,60707.99,60806.23,60408.42,60433.52,244.70904526
2026-07-02 06:00:00,60433.26,60572.1,60176.44,60188.22,160.82597341
2026-07-02 07:00:00,60186.01,60221.11,60014.94,60058.91,310.2860241
2026-07-02 08:00:00,60058.92,60473.38,60043.95,60434.13,139.43451225
2026-07-02 09:00:00,60434.13,61339.46,60296.29,61092.9,792.38678375
2026-07-02 10:00:00,61092.9,61276.15,60959.2,61185.64,353.18743271
2026-07-02 11:00:00,61185.66,61311.11,61040.35,61283.64,314.88403345
2026-07-02 12:00:00,61279.9,61540.15,61067.81,61470.47,701.77156317
2026-07-02 13:00:00,61470.48,61998.0,61436.35,61877.29,965.16111111
2026-07-02 14:00:00,61877.29,62147.89,61321.35,61634.27,918.44571436
2026-07-02 15:00:00,61634.28,61784.0,61347.04,61543.76,474.74611249
2026-07-02 16:00:00,61543.79,61756.35,61074.21,61621.98,652.31630306
2026-07-02 17:00:00,61621.99,61900.0,61560.36,61604.61,305.53061146
2026-07-02 18:00:00,61604.62,61813.39,61600.89,61699.16,264.66237424
2026-07-02 19:00:00,61699.16,61700.71,61369.55,61424.29,516.35280174
2026-07-02 20:00:00,61424.3,61525.71,61269.0,61509.01,589.37120485
2026-07-02 21:00:00,61509.01,61594.59,61437.88,61517.07,279.47824521
2026-07-02 22:00:00,61517.08,61528.49,61322.03,61397.76,196.22058998
2026-07-02 23:00:00,61397.76,61528.0,61266.79,61484.02,161.4118604
2026-07-03 00:00:00,61484.02,61502.92,61162.79,61221.06,207.09028941
2026-07-03 01:00:00,61220.92,61657.49,61200.32,61511.47,240.64510923
2026-07-03 02:00:00,61511.47,61582.74,61214.61,61353.03,145.05022447
2026-07-03 03:00:00,61353.03,61493.82,61240.0,61350.93,119.6444116
2026-07-03 04:00:00,61350.93,61448.07,61245.0,61366.03,134.97993803
2026-07-03 05:00:00,61366.03,61725.12,61351.38,61623.29,162.79314407
2026-07-03 06:00:00,61623.3,61782.74,61536.71,61631.13,138.00243082
2026-07-03 07:00:00,61631.13,61790.94,61584.59,61679.99,116.81567091
2026-07-03 08:00:00,61679.99,61838.61,61476.98,61507.04,115.4718376
2026-07-03 09:00:00,61507.04,61707.79,61440.7,61640.05,102.66947786
2026-07-03 10:00:00,61640.05,61970.59,61596.6,61844.03,131.86718787
2026-07-03 11:00:00,61844.04,62031.97,61766.33,61943.92,205.36569177
2026-07-03 12:00:00,61943.92,62115.51,61792.54,61905.97,356.84951773
2026-07-03 13:00:00,61905.98,62212.73,61865.12,62051.15,335.52650043
2026-07-03 14:00:00,62051.15,62209.88,61620.03,62101.61,372.78885595
2026-07-03 15:00:00,62101.62,62345.5,61731.8,61864.26,485.8770259
2026-07-03 16:00:00,61864.28,62074.31,61838.1,62045.31,181.03249645
2026-07-03 17:00:00,62045.27,62232.47,62009.64,62139.9,202.53054043
2026-07-03 18:00:00,62141.15,62190.0,62062.44,62149.99,168.82382448
2026-07-03 19:00:00,62149.99,62261.18,62083.88,62153.87,209.74071341
2026-07-03 20:00:00,62153.87,62836.0,62126.69,62715.23,544.2177871
2026-07-03 21:00:00,62715.23,62899.99,62450.0,62669.4,242.20621169
2026-07-03 22:00:00,62668.23,62685.48,62468.52,62512.79,165.07805651
2026-07-03 23:00:00,62512.79,62644.31,62468.56,62520.22,173.11350843
2026-07-04 00:00:00,62520.22,62885.0,62509.09,62693.36,165.87782659
2026-07-04 01:00:00,62693.36,62693.37,62342.28,62403.49,248.58065027
2026-07-04 02:00:00,62403.5,62520.02,62368.01,62481.95,182.45493093
2026-07-04 03:00:00,62481.95,62690.32,62423.19,62560.56,122.19614551
2026-07-04 04:00:00,62560.55,62688.41,62529.2,62628.17,139.43169213
2026-07-04 05:00:00,62628.43,62628.43,62370.23,62412.4,105.98948401
2026-07-04 06:00:00,62412.4,62508.6,62274.16,62434.82,66.27387692
2026-07-04 07:00:00,62434.83,62570.19,62404.56,62511.63,64.69638208
2026-07-04 08:00:00,62511.63,62611.33,62452.92,62495.09,45.76116412
2026-07-04 09:00:00,62497.37,62523.99,62351.73,62429.05,43.00338218
2026-07-04 10:00:00,62429.04,62487.36,62383.73,62450.08,37.89375584
2026-07-04 11:00:00,62450.08,62504.99,62404.79,62428.52,36.00018015
2026-07-04 12:00:00,62428.52,62637.6,62426.1,62604.66,59.36621294
2026-07-04 13:00:00,62604.66,62718.74,62478.75,62538.0,107.1181659
2026-07-04 14:00:00,62538.01,62681.07,62535.4,62644.81,119.66054204
2026-07-04 15:00:00,62644.81,63018.0,62639.03,62881.22,216.34769322
2026-07-04 16:00:00,62881.21,62918.0,62730.36,62865.88,187.07918908
2026-07-04 17:00:00,62867.78,63376.99,62745.76,63221.15,287.9714137
2026-07-04 18:00:00,63221.14,63293.45,63038.34,63113.34,209.07275688
2026-07-04 19:00:00,63113.35,63410.0,63066.08,63233.98,159.91465027
2026-07-04 20:00:00,63233.97,63340.19,63103.04,63180.56,162.66304409
2026-07-04 21:00:00,63180.56,63404.86,63149.26,63237.99,139.56180036
2026-07-04 22:00:00,63238.0,63258.35,63105.6,63139.99,128.37128086
2026-07-04 23:00:00,63139.99,63183.2,62879.83,63086.45,110.52975076
2026-07-05 00:00:00,63086.46,63088.0,62843.31,62930.55,138.90401007
2026-07-05 01:00:00,62930.56,62989.07,62736.36,62831.68,197.29505606
2026-07-05 02:00:00,62831.68,62868.96,62532.7,62639.98,114.98861004
2026-07-05 03:00:00,62639.98,62741.94,62585.0,62711.21,79.92740089
2026-07-05 04:00:00,62711.21,62894.07,62653.97,62757.61,153.78725239
2026-07-05 05:00:00,62755.95,62755.95,62600.0,62679.99,157.28712399
2026-07-05 06:00:00,62681.99,62769.28,62613.32,62722.06,35.11051075
2026-07-05 07:00:00,62722.07,63001.39,62662.6,62958.44,106.30143388
2026-07-05 08:00:00,62958.44,63049.99,62838.74,62858.34,69.97733387
2026-07-05 09:00:00,62858.35,62876.75,62384.08,62565.89,122.75923138
2026-07-05 10:00:00,62563.14,62701.83,62480.89,62700.78,40.76740819
2026-07-05 11:00:00,62700.78,62758.07,62525.04,62610.01,106.41952212
2026-07-05 12:00:00,62609.96,62719.48,62512.98,62692.42,86.03134942
2026-07-05 13:00:00,62692.42,62765.87,62580.02,62738.8,82.57775908
2026-07-05 14:00:00,62738.8,62771.75,62598.0,62758.87,65.1037019
2026-07-05 15:00:00,62758.87,62890.51,62621.25,62686.17,111.71545498
2026-07-05 16:00:00,62686.17,62713.85,62540.0,62569.98,237.0538157
2026-07-05 17:00:00,62569.99,62766.0,62541.0,62571.4,174.74461386
2026-07-05 18:00:00,62571.4,62831.91,62563.79,62764.59,112.73793648
2026-07-05 19:00:00,62764.59,62824.91,62671.85,62710.99,257.86866102
2026-07-05 20:00:00,62711.0,62781.71,62643.5,62673.93,203.62173516
2026-07-05 21:00:00,62673.93,63170.99,62552.3,63034.92,250.51637607
2026-07-05 22:00:00,63034.98,63900.0,62945.89,63678.31,717.53447709
2026-07-05 23:00:00,63674.0,63940.79,63498.25,63580.44,309.89797043
2026-07-06 00:00:00,63580.45,63706.72,63282.0,63697.48,228.44082951
2026-07-06 01:00:00,63697.48,63860.0,63481.14,63510.63,212.04141463
2026-07-06 02:00:00,63510.63,63606.13,63305.4,63388.32,165.23984566
2026-07-06 03:00:00,63388.32,63446.78,63068.1,63232.34,187.04179814
2026-07-06 04:00:00,63232.34,63337.12,63121.52,63206.75,106.0806963
2026-07-06 05:00:00,63206.75,63209.35,62888.0,63048.44,156.61631821
2026-07-06 06:00:00,63048.44,63092.67,62913.57,62917.97,97.74044838
2026-07-06 07:00:00,62917.97,63056.91,62822.04,63024.27,131.65364581
2026-07-06 08:00:00,63024.27,63177.93,62764.53,62833.39,164.62136091
2026-07-06 09:00:00,62833.38,62851.54,62562.01,62597.66,171.71293634
2026-07-06 10:00:00,62597.66,62972.46,62591.7,62756.28,154.9585556
2026-07-06 11:00:00,62756.28,62938.38,62421.85,62421.85,232.57647075
2026-07-06 12:00:00,62420.01,62425.52,61610.0,61688.01,933.59690784
2026-07-06 13:00:00,61688.01,61991.0,61250.0,61708.02,925.61724004
2026-07-06 14:00:00,61709.19,62364.69,61649.16,61995.25,671.34488522
2026-07-06 15:00:00,61995.96,63516.0,61995.95,63501.46,1189.63205309
2026-07-06 16:00:00,63499.87,63824.01,63338.46,63691.23,1057.92604924
2026-07-06 17:00:00,63691.23,63938.39,63513.73,63536.22,732.8455182
2026-07-06 18:00:00,63538.35,63848.63,63508.07,63649.99,445.27986598
2026-07-06 19:00:00,63649.99,63848.57,63600.0,63692.7,489.32492154
2026-07-06 20:00:00,63694.27,63859.26,63536.68,63784.6,357.43227796
2026-07-06 21:00:00,63784.6,64658.85,63743.62,64443.27,703.36232644
2026-07-06 22:00:00,64443.27,64460.02,64104.55,64203.41,217.02733076
2026-07-06 23:00:00,64203.39,64280.21,63979.8,64001.84,164.92246364
2026-07-07 00:00:00,64001.85,64272.92,63957.1,64153.79,216.99348022
2026-07-07 01:00:00,64153.8,64160.49,63729.3,63797.37,271.70405323
2026-07-07 02:00:00,63798.2,63864.63,63242.97,63280.27,310.99534995
2026-07-07 03:00:00,63280.27,63371.22,63100.0,63140.03,228.29793643
2026-07-07 04:00:00,63140.03,63241.2,63007.41,63048.38,167.35928932
2026-07-07 05:00:00,63048.38,63214.51,62740.47,63074.74,203.66058116
2026-07-07 06:00:00,63073.49,63351.99,62931.86,63283.01,170.75021178
2026-07-07 07:00:00,63283.02,63390.08,63017.6,63035.46,148.0904386
2026-07-07 08:00:00,63035.47,63134.22,62923.26,63045.74,413.46175966
2026-07-07 09:00:00,63045.74,63288.0,63002.56,63192.0,183.74215937
2026-07-07 10:00:00,63194.57,63403.71,63168.0,63228.0,177.96690942
2026-07-07 11:00:00,63226.43,63392.77,63051.99,63345.26,161.99791778
2026-07-07 12:00:00,63345.26,63830.0,63333.0,63418.3,341.66168561
2026-07-07 13:00:00,63418.3,63418.51,62914.14,62988.41,534.36404904
2026-07-07 14:00:00,62980.47,63574.19,62583.0,63499.75,897.01204623
2026-07-07 15:00:00,63501.5,64060.59,63313.41,63887.99,1331.32210379
2026-07-07 16:00:00,63883.88,64199.93,63758.27,63936.87,438.93291153
2026-07-07 17:00:00,63936.87,64193.46,63844.4,64145.47,337.34034121
2026-07-07 18:00:00,64145.47,64145.47,63628.24,63633.98,349.7776435
2026-07-07 19:00:00,63633.98,63858.0,63333.0,63776.81,635.53231771
2026-07-07 20:00:00,63776.81,63863.69,63564.06,63656.97,269.73793454
2026-07-07 21:00:00,63656.97,63825.1,63266.65,63388.7,506.49971611
2026-07-07 22:00:00,63388.7,63622.3,63177.61,63505.07,240.82346681
2026-07-07 23:00:00,63505.07,63684.19,63273.13,63323.27,154.2887807
2026-07-08 00:00:00,63322.07,63720.88,63264.0,63571.75,257.55747387
2026-07-08 01:00:00,63571.75,63605.73,62872.28,62988.19,291.42919323
2026-07-08 02:00:00,62988.19,63029.23,62447.04,62937.29,348.6314391
2026-07-08 03:00:00,62938.56,63051.13,62651.61,62718.59,139.04453475
2026-07-08 04:00:00,62718.59,62857.64,62620.78,62745.99,152.47014362
2026-07-08 05:00:00,62745.02,62822.0,62497.26,62588.76,122.34754426
2026-07-08 06:00:00,62588.76,62693.04,62421.75,62605.9,139.06341513
2026-07-08 07:00:00,62605.9,62846.45,62490.8,62834.44,159.27206086
2026-07-08 08:00:00,62834.43,62895.35,61795.1,61959.96,555.59117223
2026-07-08 09:00:00,61959.96,62114.62,61663.4,62001.81,347.65529263
2026-07-08 10:00:00,62001.82,62136.53,61844.2,62127.99,158.7029279
2026-07-08 11:00:00,62127.99,62341.3,62000.0,62249.32,169.08812072
2026-07-08 12:00:00,62249.32,62369.97,61894.2,61894.21,256.19526187
2026-07-08 13:00:00,61894.21,62035.58,61562.35,61878.01,677.7001512
2026-07-08 14:00:00,61876.56,62115.0,61642.01,61830.69,571.14393821
2026-07-08 15:00:00,61830.69,61860.05,61453.09,61630.9,655.14312694
2026-07-08 16:00:00,61627.21,62089.7,61622.51,62045.79,325.96260805
2026-07-08 17:00:00,62045.79,62343.04,61950.01,62052.69,416.19205438
2026-07-08 18:00:00,62052.69,62303.65,61982.56,62126.23,276.98861428
2026-07-08 19:00:00,62126.23,62237.69,62004.6,62223.7,312.4992429
2026-07-08 20:00:00,62226.01,62261.9,62035.65,62059.56,238.06042293
2026-07-08 21:00:00,62059.56,62186.43,61905.45,62132.1,355.16270855
2026-07-08 22:00:00,62132.11,62302.21,62123.0,62283.35,191.40373487
2026-07-08 23:00:00,62283.35,62300.0,62118.17,62237.7,120.48301839
2026-07-09 00:00:00,62237.7,62267.3,62002.93,62084.54,138.36948687
2026-07-09 01:00:00,62084.54,62596.59,61774.92,61856.65,353.88548692
2026-07-09 02:00:00,61856.66,62070.42,61636.05,61730.17,255.87841479
2026-07-09 03:00:00,61730.18,62008.29,61668.69,61913.99,134.12327626
2026-07-09 04:00:00,61913.99,62404.19,61897.46,62396.79,130.51951188
2026-07-09 05:00:00,62396.79,62575.2,62180.0,62537.39,178.84450459
2026-07-09 06:00:00,62537.4,62924.31,62430.68,62903.46,167.01546479
2026-07-09 07:00:00,62902.41,63226.2,62738.71,62947.26,339.78898161
2026-07-09 08:00:00,62947.26,63032.33,62794.12,62839.99,176.60204993
2026-07-09 09:00:00,62840.0,62944.05,62729.82,62896.06,163.59830767
2026-07-09 10:00:00,62897.45,62999.5,62624.61,62722.52,128.70222671
2026-07-09 11:00:00,62722.52,62771.29,62540.46,62718.96,204.73783513
2026-07-09 12:00:00,62718.97,62900.0,62403.42,62553.08,406.10301075
2026-07-09 13:00:00,62553.08,63199.0,62444.99,62968.16,491.95304627
2026-07-09 14:00:00,62968.17,63084.25,62577.02,62955.42,291.67188202
2026-07-09 15:00:00,62955.43,63210.33,62740.71,62802.98,465.22093374
2026-07-09 16:00:00,62802.97,62947.81,62500.0,62635.76,354.74351754
2026-07-09 17:00:00,62635.76,63111.54,62609.17,63088.25,398.62596315
2026-07-09 18:00:00,63088.25,63448.46,63015.41,63163.06,384.44147814
2026-07-09 19:00:00,63163.07,63328.57,63100.0,63193.84,275.68205426
2026-07-09 20:00:00,63199.27,63275.88,63121.2,63257.5,158.71946731
2026-07-09 21:00:00,63257.51,63347.28,63152.37,63223.69,105.19468929
2026-07-09 22:00:00,63223.69,63371.21,63160.82,63169.76,119.80735461
2026-07-09 23:00:00,63169.76,63294.63,62999.67,63175.25,182.12394712
2026-07-10 00:00:00,63175.25,63204.98,62865.01,63058.12,204.41985163
2026-07-10 01:00:00,63058.11,63908.49,62901.78,63699.99,325.5231713
2026-07-10 02:00:00,63699.99,64000.0,63637.73,63911.25,320.15101242
2026-07-10 03:00:00,63911.26,64000.0,63772.59,63899.99,153.81571265
2026-07-10 04:00:00,63899.99,64135.73,63805.39,64004.03,119.47169068
2026-07-10 05:00:00,64004.04,64152.57,63900.0,64076.23,131.94937761
2026-07-10 06:00:00,64076.23,64119.53,63789.65,63817.55,96.43363872
2026-07-10 07:00:00,63817.56,63975.73,63752.03,63932.72,159.77659131
2026-07-10 08:00:00,63932.73,64347.77,63931.0,64196.53,284.72426499
2026-07-10 09:00:00,64196.53,64442.91,64057.5,64341.83,192.49621547
2026-07-10 10:00:00,64341.83,64449.99,64231.48,64355.32,165.37889796
2026-07-10 11:00:00,64355.32,64438.43,64291.36,64378.15,204.4109733
2026-07-10 12:00:00,64378.18,64596.48,64222.2,64239.01,318.39726917
2026-07-10 13:00:00,64239.01,64669.42,64092.0,64436.6,1072.08414273
2026-07-10 14:00:00,64436.6,64473.06,63686.04,63859.39,806.77033772
2026-07-10 15:00:00,63860.98,64163.5,63833.58,63987.0,575.10906638
2026-07-10 16:00:00,63986.38,64174.08,63769.69,64085.8,459.46409015
2026-07-10 17:00:00,64085.8,64112.01,63766.88,63775.71,255.76836015
2026-07-10 18:00:00,63775.72,63958.0,63689.08,63758.91,182.30393346
2026-07-10 19:00:00,63754.64,64010.0,63710.31,63878.41,268.10752902
2026-07-10 20:00:00,63878.4,63905.52,63608.54,63788.76,337.30728072
2026-07-10 21:00:00,63788.76,64052.18,63780.08,63970.38,248.59128091
2026-07-10 22:00:00,63970.39,64124.03,63930.26,64068.85,230.34574858
2026-07-10 23:00:00,64068.87,64175.79,63967.3,64128.49,291.72456043
2026-07-11 00:00:00,64128.49,64140.81,63990.0,64076.53,130.08773603
2026-07-11 01:00:00,64076.53,64270.8,63962.83,63973.73,137.78229046
2026-07-11 02:00:00,63973.73,64128.87,63938.73,64116.98,80.73245869
2026-07-11 03:00:00,64116.98,64154.64,64021.98,64107.68,77.8342133
2026-07-11 04:00:00,64107.68,64165.76,64036.84,64111.34,67.34118604
2026-07-11 05:00:00,64111.34,64180.11,64069.99,64125.38,80.02414463
2026-07-11 06:00:00,64125.38,64230.99,64069.28,64167.41,96.02376522
2026-07-11 07:00:00,64167.42,64206.03,64102.89,64111.6,60.17117488
2026-07-11 08:00:00,64111.59,64262.33,64100.47,64216.87,69.07173915
2026-07-11 09:00:00,64216.87,64249.63,64090.9,64107.68,96.45889791
2026-07-11 10:00:00,64107.68,64151.36,64083.07,64138.08,68.2678035
2026-07-11 11:00:00,64138.08,64161.21,64113.39,64145.27,129.9757815
2026-07-11 12:00:00,64145.27,64184.15,64077.0,64141.47,97.73099505
2026-07-11 13:00:00,64141.47,64219.99,64114.97,64195.03,82.94171675
2026-07-11 14:00:00,64195.03,64458.7,64195.03,64297.68,126.54328384
2026-07-11 15:00:00,64297.68,64442.0,63856.52,64120.18,356.48218875
2026-07-11 16:00:00,64120.18,64227.79,64037.26,64132.72,114.24485743
2026-07-11 17:00:00,64132.72,64353.57,64112.34,64271.48,102.33097419
2026-07-11 18:00:00,64268.29,64348.7,64239.36,64281.99,83.42484827
2026-07-11 19:00:00,64281.99,64299.97,64186.71,64245.99,83.04884725
2026-07-11 20:00:00,64245.99,64417.0,64241.13,64337.11,103.76144687
2026-07-11 21:00:00,64337.11,64385.92,64293.06,64310.39,39.69305062
2026-07-11 22:00:00,64310.38,64387.95,64100.57,64158.08,143.79654173
2026-07-11 23:00:00,64158.07,64208.7,63769.84,63773.04,189.52730557
2026-07-12 00:00:00,63773.05,63881.97,63654.01,63787.37,170.95628013
2026-07-12 01:00:00,63789.85,64133.03,63769.17,64085.26,183.17281974
2026-07-12 02:00:00,64085.27,64091.82,63988.01,64031.24,108.06790635
2026-07-12 03:00:00,64031.24,64182.0,63991.19,64179.36,163.87458366
2026-07-12 04:00:00,64179.36,64202.31,63896.56,63962.07,170.66817347
2026-07-12 05:00:00,63962.07,63983.92,63860.16,63925.68,97.75510152
2026-07-12 06:00:00,63925.68,63925.68,63588.2,63714.75,170.65613435
2026-07-12 07:00:00,63714.75,63860.16,63691.51,63843.7,51.36630203
2026-07-12 08:00:00,63843.7,64060.98,63837.3,63940.08,99.65838151
2026-07-12 09:00:00,63940.08,64004.49,63722.75,63915.23,125.73430036
2026-07-12 10:00:00,63915.98,63915.98,63786.4,63807.56,160.48330458
2026-07-12 11:00:00,63811.98,63992.51,63777.12,63966.54,121.48325978
2026-07-12 12:00:00,63966.53,64089.48,63929.32,63982.16,87.84775962
2026-07-12 13:00:00,63982.16,64062.0,63950.0,63980.52,57.29593534
2026-07-12 14:00:00,63980.52,64250.56,63917.39,64158.64,80.82031225
2026-07-12 15:00:00,64158.65,64224.5,64075.05,64136.52,88.72365684
2026-07-12 16:00:00,64136.53,64172.16,64000.01,64131.78,85.40255733
2026-07-12 17:00:00,64131.79,64138.66,63979.51,64034.91,61.82222408
2026-07-12 18:00:00,64034.91,64116.11,63972.55,64109.19,48.16817031
2026-07-12 19:00:00,64109.19,64232.49,64104.01,64193.87,56.58922108
2026-07-12 20:00:00,64193.87,64219.68,64130.1,64161.74,57.76391993
2026-07-12 21:00:00,64161.74,64198.28,63842.46,63883.78,117.68169807
2026-07-12 22:00:00,63883.78,63890.43,63625.0,63845.6,168.36252478
2026-07-12 23:00:00,63845.6,63879.74,63688.0,63740.32,98.96330248
2026-07-13 00:00:00,63740.32,64388.01,63520.0,64024.78,311.48458621
2026-07-13 01:00:00,64024.78,64024.78,63354.98,63368.77,250.37722647
2026-07-13 02:00:00,63368.77,63503.44,63186.42,63326.94,260.35770783
2026-07-13 03:00:00,63326.94,63335.35,62686.15,62758.58,472.49353331
2026-07-13 04:00:00,62758.57,62857.38,62564.02,62624.46,232.54002805
2026-07-13 05:00:00,62624.47,62867.23,62461.0,62754.53,191.23194402
2026-07-13 06:00:00,62754.53,62828.01,62660.4,62747.03,91.45711667
2026-07-13 07:00:00,62749.0,63009.49,62695.51,62935.57,198.85803625
2026-07-13 08:00:00,62935.58,63226.0,62877.5,63142.5,336.93740513
2026-07-13 09:00:00,63142.5,63147.0,63021.71,63039.0,84.40709418
2026-07-13 10:00:00,63039.0,63090.09,62790.0,62801.79,171.97496421
2026-07-13 11:00:00,62801.8,63067.73,62801.8,62842.97,239.16649818
2026-07-13 12:00:00,62842.97,62928.0,62503.64,62561.5,301.15507767
2026-07-13 13:00:00,62561.5,62700.0,62088.0,62247.45,1010.20341857
2026-07-13 14:00:00,62247.45,62728.08,62033.0,62716.19,780.83304725
2026-07-13 15:00:00,62716.27,62908.0,62493.34,62540.62,707.82831769
2026-07-13 16:00:00,62538.66,62567.99,62140.9,62204.34,898.53285288
2026-07-13 17:00:00,62203.43,62299.42,61820.83,61830.0,755.05804496
2026-07-13 18:00:00,61831.55,62032.44,61750.9,61950.68,494.19539399
2026-07-13 19:00:00,61950.68,62225.07,61907.48,62210.67,561.90747732
2026-07-13 20:00:00,62212.52,62261.51,61976.39,62141.0,256.78441856
2026-07-13 21:00:00,62140.99,62158.29,61833.2,61997.89,403.50127495
2026-07-13 22:00:00,61997.9,62162.2,61819.58,61840.89,282.102963
2026-07-13 23:00:00,61840.89,62271.83,61799.3,62264.94,297.80082945
2026-07-14 00:00:00,62264.94,62592.71,62190.4,62481.0,298.02052322
2026-07-14 01:00:00,62481.0,62570.0,62382.1,62459.45,161.36168623
2026-07-14 02:00:00,62459.45,62570.19,62242.73,62476.16,125.1056058
2026-07-14 03:00:00,62476.16,62535.53,62226.36,62500.0,134.51947502
2026-07-14 04:00:00,62500.0,62700.0,62466.4,62673.76,102.59638176
2026-07-14 05:00:00,62671.68,62806.0,62620.39,62654.02,98.14364412
2026-07-14 06:00:00,62654.01,62700.1,62478.75,62546.34,118.25573411
2026-07-14 07:00:00,62546.34,62575.1,62427.27,62467.62,89.56236523
2026-07-14 08:00:00,62467.63,62721.92,62400.35,62631.31,92.30720031
2026-07-14 09:00:00,62631.32,62663.04,62456.96,62554.05,107.9639709
2026-07-14 10:00:00,62554.06,62832.32,62535.03,62725.61,118.79550404
2026-07-14 11:00:00,62725.6,62849.99,62641.98,62769.76,100.95978583
2026-07-14 12:00:00,62769.77,63919.0,62710.88,63897.15,906.74309719
2026-07-14 13:00:00,63901.84,64110.59,63627.79,63780.0,612.18810431
2026-07-14 14:00:00,63780.01,64300.0,63517.0,64238.0,521.28551665
2026-07-14 15:00:00,64237.86,64918.0,64143.83,64703.12,941.2735471
2026-07-14 16:00:00,64703.12,64859.83,64568.9,64693.5,523.89885314
2026-07-14 17:00:00,64693.5,64693.5,64249.47,64586.36,458.85896409
2026-07-14 18:00:00,64586.36,64618.02,64432.01,64533.4,377.27392039
2026-07-14 19:00:00,64533.4,64674.06,64441.75,64542.41,315.59263698
2026-07-14 20:00:00,64546.35,64561.59,64373.09,64521.45,258.36757587
2026-07-14 21:00:00,64521.45,64845.27,64480.96,64634.83,287.68655823
2026-07-14 22:00:00,64634.84,65055.04,64473.6,64815.84,532.99496874
2026-07-14 23:00:00,64815.84,65001.49,64729.11,64988.64,220.78250216
2026-07-15 00:00:00,64988.65,65018.79,64714.47,64775.98,210.96496888
2026-07-15 01:00:00,64774.0,64807.28,64590.12,64625.94,155.84996995
2026-07-15 02:00:00,64624.48,64710.28,64431.11,64440.87,106.81213372
2026-07-15 03:00:00,64440.87,64803.18,64440.51,64736.67,143.20160612
2026-07-15 04:00:00,64736.67,64833.6,64664.96,64698.07,132.76186576
2026-07-15 05:00:00,64698.08,64918.0,64551.63,64896.0,100.12316757
2026-07-15 06:00:00,64895.99,65235.25,64767.84,64768.0,243.03408365
2026-07-15 07:00:00,64768.01,64836.23,64435.2,64501.79,219.26901669
2026-07-15 08:00:00,64501.8,64741.98,64501.79,64719.93,118.12494405
2026-07-15 09:00:00,64719.93,64870.76,64600.0,64615.58,80.54406272
2026-07-15 10:00:00,64615.58,64799.12,64563.18,64605.99,72.50647817
2026-07-15 11:00:00,64605.98,64704.74,64563.18,64679.32,59.1283118
2026-07-15 12:00:00,64679.33,65198.57,64538.0,65106.41,346.76221518
2026-07-15 13:00:00,65105.44,65528.76,64819.17,65057.05,595.97048017
2026-07-15 14:00:00,65057.06,65466.18,65002.41,65339.5,504.010147
2026-07-15 15:00:00,65339.51,65559.5,65200.0,65369.98,457.28788488
2026-07-15 16:00:00,65369.99,65415.5,64723.69,65062.83,498.55447558
2026-07-15 17:00:00,65062.84,65150.73,64912.02,65005.03,319.72837472
2026-07-15 18:00:00,65002.61,65107.11,64798.64,64816.57,252.7312715
2026-07-15 19:00:00,64816.58,64969.73,64697.49,64941.86,309.12735661
2026-07-15 20:00:00,64940.23,65015.84,64860.84,64927.95,166.19173689
2026-07-15 21:00:00,64927.95,64983.71,64750.0,64796.0,251.61634461
2026-07-15 22:00:00,64796.14,64942.33,64727.25,64821.03,221.74032699
2026-07-15 23:00:00,64821.02,64900.0,64646.68,64716.63,191.23877715
2026-07-16 00:00:00,64712.04,64809.98,64451.64,64537.4,214.66688732
2026-07-16 01:00:00,64540.54,64786.0,64345.38,64689.08,171.13723407
2026-07-16 02:00:00,64689.09,64689.09,64531.14,64595.85,97.80586771
2026-07-16 03:00:00,64595.85,64694.44,64490.21,64562.14,98.12456261
2026-07-16 04:00:00,64562.15,64639.41,64488.75,64590.88,106.08288253
2026-07-16 05:00:00,64590.87,64946.07,64541.47,64865.14,171.05655481
2026-07-16 06:00:00,64865.15,64936.18,64577.18,64719.02,113.02485677
2026-07-16 07:00:00,64719.02,64725.92,64030.41,64172.64,355.43935027
2026-07-16 08:00:00,64174.25,64308.71,63827.42,64067.87,416.25236273
2026-07-16 09:00:00,64067.88,64126.25,63959.46,64038.01,93.9007888
2026-07-16 10:00:00,64038.01,64213.37,64015.37,64165.73,80.61704127
2026-07-16 11:00:00,64165.73,64220.17,64026.97,64200.0,100.09049142
2026-07-16 12:00:00,64200.0,64203.98,63798.96,63914.11,245.48241671
2026-07-16 13:00:00,63914.11,64429.99,63905.25,64325.54,299.95276751
2026-07-16 14:00:00,64322.26,64812.48,64278.01,64493.21,400.52379715
2026-07-16 15:00:00,64493.21,64847.44,64260.69,64660.54,379.21866792
2026-07-16 16:00:00,64660.55,64672.52,64281.86,64432.08,239.64664847
2026-07-16 17:00:00,64430.68,64434.84,63940.36,64030.02,354.42078303
2026-07-16 18:00:00,64030.16,64288.58,64001.18,64191.56,154.32117887
2026-07-16 19:00:00,64188.81,64261.05,64097.72,64217.54,280.63102433
2026-07-16 20:00:00,64217.54,64233.19,64056.48,64056.98,114.93792619
2026-07-16 21:00:00,64056.98,64188.32,64047.04,64113.03,147.0079059
2026-07-16 22:00:00,64113.03,64197.15,63900.0,63916.84,227.66783346
2026-07-16 23:00:00,63916.84,63962.11,63690.78,63770.6,239.53797675
2026-07-17 00:00:00,63770.6,63854.35,63559.63,63836.44,127.92764941
2026-07-17 01:00:00,63836.44,64013.4,63410.0,63489.0,262.59332427
2026-07-17 02:00:00,63489.0,63605.0,63330.3,63430.08,184.42403951
2026-07-17 03:00:00,63430.09,63663.38,63425.4,63508.14,136.27294471
2026-07-17 04:00:00,63508.14,63524.44,63255.48,63423.17,253.12378617
2026-07-17 05:00:00,63417.87,63417.87,62744.16,62782.59,345.48483196
2026-07-17 06:00:00,62782.59,62937.81,62641.19,62890.91,283.03563181
2026-07-17 07:00:00,62890.91,62927.27,62741.48,62770.8,116.57037301
2026-07-17 08:00:00,62770.8,62876.48,62588.0,62826.02,218.15071551
2026-07-17 09:00:00,62826.01,63003.78,62795.52,62927.94,122.21118996
2026-07-17 10:00:00,62927.94,63133.93,62924.25,63119.72,106.69767257
2026-07-17 11:00:00,63119.73,63303.38,63000.0,63237.74,110.90080585
2026-07-17 12:00:00,63237.74,63285.91,63004.02,63037.98,187.45766125
2026-07-17 13:00:00,63037.99,63120.06,62452.52,63092.11,905.33573832
2026-07-17 14:00:00,63092.11,63459.93,63011.6,63112.0,442.78318007
2026-07-17 15:00:00,63112.95,63406.13,62788.45,63403.18,494.17078358
2026-07-17 16:00:00,63403.17,63667.67,63257.69,63550.1,369.46408483
2026-07-17 17:00:00,63550.11,64200.0,63550.11,64010.87,871.2948655
2026-07-17 18:00:00,64008.72,64353.56,63850.0,64225.35,604.14618909
2026-07-17 19:00:00,64225.32,64226.43,63938.88,64113.2,735.9042241
2026-07-17 20:00:00,64116.72,64160.79,63914.24,64077.45,286.11228196
2026-07-17 21:00:00,64077.45,64186.05,64026.45,64067.59,95.01039217
2026-07-17 22:00:00,64067.59,64109.17,63874.0,63937.99,88.56484512
2026-07-17 23:00:00,63937.99,63973.29,63840.64,63894.0,107.42137203
2026-07-18 00:00:00,63893.99,63973.11,63845.36,63867.91,81.55012753
2026-07-18 01:00:00,63867.91,63959.74,63842.35,63916.0,250.51297978
2026-07-18 02:00:00,63916.0,63992.77,63882.75,63912.28,82.79190132
2026-07-18 03:00:00,63912.28,63977.57,63880.92,63970.77,376.66319153
2026-07-18 04:00:00,63970.76,63976.0,63895.99,63925.87,71.2583628
2026-07-18 05:00:00,63925.87,63956.08,63873.07,63924.0,96.17699914
2026-07-18 06:00:00,63924.0,63963.19,63901.37,63935.43,64.2835152
2026-07-18 07:00:00,63935.43,63987.48,63925.69,63950.92,111.1901234
2026-07-18 08:00:00,63950.92,63980.26,63910.94,63960.01,68.18165401
2026-07-18 09:00:00,63960.0,63963.65,63895.64,63940.9,22.74143893
2026-07-18 10:00:00,63940.9,63972.3,63939.32,63961.48,24.25784672
2026-07-18 11:00:00,63961.48,64044.96,63958.62,64016.19,30.21931024
2026-07-18 12:00:00,64016.19,64212.0,64009.38,64164.48,107.14443847
2026-07-18 13:00:00,64164.48,64167.99,63921.6,64065.07,86.19853696
2026-07-18 14:00:00,64065.11,64153.01,64052.45,64085.47,77.91174686
2026-07-18 15:00:00,64085.47,64116.64,63987.84,64076.88,112.58624099
2026-07-18 16:00:00,64076.88,64271.19,64040.0,64259.02,167.48791165
2026-07-18 17:00:00,64259.02,64450.0,64227.99,64443.32,235.72220325
2026-07-18 18:00:00,64443.32,64628.39,64436.79,64468.24,309.50513054
2026-07-18 19:00:00,64468.24,64564.5,64436.8,64512.19,185.20054013
2026-07-18 20:00:00,64512.2,64698.99,64469.92,64654.58,199.137075
2026-07-18 21:00:00,64654.58,64808.47,64575.33,64692.01,134.08469556
2026-07-18 22:00:00,64692.01,64827.93,64668.64,64764.33,130.5659794
2026-07-18 23:00:00,64764.32,64808.1,64676.0,64796.36,95.60987952
2026-07-19 00:00:00,64796.36,64866.99,64725.0,64745.87,90.26602704
2026-07-19 01:00:00,64745.88,64751.06,64722.37,64725.0,45.05291045
2026-07-19 02:00:00,64725.0,64918.7,64652.39,64784.09,108.19356266
2026-07-19 03:00:00,64784.09,64802.65,64585.54,64670.12,91.69436646
2026-07-19 04:00:00,64670.12,64753.28,64569.29,64681.47,54.23652371
2026-07-19 05:00:00,64681.47,64767.18,64631.84,64682.21,56.41301166
2026-07-19 06:00:00,64682.22,64718.64,64650.24,64668.09,37.59102957
2026-07-19 07:00:00,64668.09,64736.0,64629.07,64678.0,66.30194301
2026-07-19 08:00:00,64678.0,64699.49,64585.6,64668.63,117.46347069
2026-07-19 09:00:00,64668.63,64680.17,64455.98,64470.32,112.36819201
2026-07-19 10:00:00,64470.32,64654.89,64435.0,64553.67,71.00470074
2026-07-19 11:00:00,64553.67,64598.4,64396.48,64426.7,43.48836371
2026-07-19 12:00:00,64426.7,64426.7,64238.08,64399.29,182.02757537
2026-07-19 13:00:00,64399.29,64470.5,64256.48,64432.3,61.6317205
2026-07-19 14:00:00,64432.29,64625.62,64370.56,64547.2,143.77538463
2026-07-19 15:00:00,64547.2,64582.69,64450.94,64544.15,72.01858899
2026-07-19 16:00:00,64544.15,64603.48,64460.0,64495.08,70.91915314
2026-07-19 17:00:00,64495.08,64701.9,64338.21,64502.4,122.49983238
2026-07-19 18:00:00,64502.4,64510.0,64248.0,64374.23,95.94862831
2026-07-19 19:00:00,64374.23,64426.37,64301.03,64410.0,61.81562119
2026-07-19 20:00:00,64410.0,64499.69,64410.0,64488.31,61.09925734
2026-07-19 21:00:00,64488.31,64519.79,64300.0,64372.61,74.25716945
2026-07-19 22:00:00,64372.61,64855.93,64298.99,64629.21,362.8038101
2026-07-19 23:00:00,64629.22,64729.81,64523.99,64681.78,134.38462224
2026-07-20 00:00:00,64681.79,65050.87,64363.18,64503.04,742.63206877
2026-07-20 01:00:00,64503.04,64980.0,64449.52,64576.64,353.95719121
2026-07-20 02:00:00,64576.64,64913.18,64536.17,64775.79,160.10778661
2026-07-20 03:00:00,64775.8,64870.03,64592.0,64814.39,129.53847444
2026-07-20 04:00:00,64814.4,64820.98,64485.87,64494.19,143.75175211
2026-07-20 05:00:00,64494.2,64514.07,64025.31,64076.18,277.53278941
2026-07-20 06:00:00,64076.18,64163.49,63702.01,63860.34,402.07030767
2026-07-20 07:00:00,63860.34,64245.2,63830.0,64214.24,186.61768931
2026-07-20 08:00:00,64214.24,64297.3,63815.31,63997.35,253.4559891
2026-07-20 09:00:00,63997.35,64226.24,63952.42,64138.72,93.33957038
2026-07-20 10:00:00,64138.72,64354.39,64100.1,64239.45,96.61848134
2026-07-20 11:00:00,64239.45,65015.8,64208.91,64944.01,552.84703402
2026-07-20 12:00:00,64944.01,64950.72,64541.82,64585.99,355.26077762
2026-07-20 13:00:00,64585.99,64702.14,64128.6,64278.4,491.5590957
2026-07-20 14:00:00,64279.02,64505.31,64010.0,64354.45,348.09008556
2026-07-20 15:00:00,64355.24,65626.04,64347.99,65550.0,1146.91958256
2026-07-20 16:00:00,65550.0,65592.82,65283.63,65454.01,534.47363802
2026-07-20 17:00:00,65454.01,65610.89,65282.93,65533.52,371.84270729
2026-07-20 18:00:00,65533.52,65756.09,65146.39,65192.32,494.33573325
2026-07-20 19:00:00,65192.32,65227.91,64986.6,65099.39,498.91006481
2026-07-20 20:00:00,65101.02,65400.0,65006.94,65327.99,285.54341717
2026-07-20 21:00:00,65327.99,65400.0,65225.51,65241.69,160.84504199
2026-07-20 22:00:00,65241.7,65241.7,65046.0,65106.78,146.30515895
2026-07-20 23:00:00,65106.78,65231.13,65085.84,65213.05,133.05046235
2026-07-21 00:00:00,65213.05,65544.57,65106.79,65520.95,230.77814135
2026-07-21 01:00:00,65520.95,65619.3,65188.41,65193.52,170.07899524
2026-07-21 02:00:00,65193.53,65456.54,65115.68,65366.95,117.04106064
2026-07-21 03:00:00,65366.95,65551.98,65355.44,65522.31,144.6480074
2026-07-21 04:00:00,65522.31,65695.5,65426.93,65472.49,200.83907083
2026-07-21 05:00:00,65472.03,65888.0,65438.29,65704.1,169.85487946
2026-07-21 06:00:00,65704.11,65949.05,65589.09,65874.68,198.00660349
2026-07-21 07:00:00,65874.68,66214.0,65819.11,66140.36,286.26628417
2026-07-21 08:00:00,66138.18,66316.8,66086.23,66186.39,284.54504818
2026-07-21 09:00:00,66186.39,66311.42,66096.0,66250.78,143.03913629
2026-07-21 10:00:00,66250.78,66387.4,66134.4,66148.21,323.67165445
2026-07-21 11:00:00,66148.21,66322.07,66106.98,66309.46,195.84067283
2026-07-21 12:00:00,66309.46,66597.5,66227.76,66508.85,215.91821517
2026-07-21 13:00:00,66508.86,66779.58,66275.3,66737.99,816.84838702
2026-07-21 14:00:00,66738.0,66923.95,66609.35,66809.72,867.61558062
2026-07-21 15:00:00,66809.72,66809.72,66498.25,66648.4,501.9807579
2026-07-21 16:00:00,66648.4,66734.58,66430.56,66510.09,336.11240589
2026-07-21 17:00:00,66510.09,66540.05,66018.97,66164.0,393.07695879
2026-07-21 18:00:00,66170.42,66330.62,66051.7,66280.0,333.49647052
2026-07-21 19:00:00,66278.65,66484.44,66228.78,66424.0,448.07279798
2026-07-21 20:00:00,66424.0,66476.56,66322.18,66370.02,344.64088308
2026-07-21 21:00:00,66370.02,66378.54,66248.65,66346.91,179.89520696
2026-07-21 22:00:00,66346.91,66351.59,66150.59,66266.01,212.78800353
2026-07-21 23:00:00,66266.0,66537.38,66187.68,66516.18,169.04251856
2026-07-22 00:00:00,66516.17,66698.55,66499.0,66583.35,197.40249237
2026-07-22 01:00:00,66583.35,66620.26,66243.69,66389.6,146.04346074
2026-07-22 02:00:00,66390.21,66497.35,66252.18,66268.01,109.48797487
2026-07-22 03:00:00,66268.01,66324.0,66133.8,66160.44,113.27734508
2026-07-22 04:00:00,66160.44,66380.85,66153.78,66336.01,124.09042575
2026-07-22 05:00:00,66336.0,66336.01,65893.45,65937.32,213.67961975
2026-07-22 06:00:00,65937.32,65985.22,65786.0,65891.27,185.80785668
2026-07-22 07:00:00,65891.28,65930.25,65653.46,65797.99,220.04402254
2026-07-22 08:00:00,65806.08,66113.98,65802.24,65940.48,385.63864512
2026-07-22 09:00:00,65940.48,66041.62,65797.34,65884.27,94.85719525
2026-07-22 10:00:00,65884.28,66070.0,65850.0,66006.69,170.2234904
2026-07-22 11:00:00,66006.69,66046.58,65858.57,65972.5,123.73157521
2026-07-22 12:00:00,65972.5,65975.04,65484.0,65586.01,258.85644211
2026-07-22 13:00:00,65586.0,65940.48,65509.02,65911.11,364.98399906
2026-07-22 14:00:00,65909.48,66182.56,65544.97,65761.0,365.00410756
2026-07-22 15:00:00,65760.99,66105.59,65760.99,66013.78,363.61635784
2026-07-22 16:00:00,66013.78,66373.57,65882.77,66204.83,475.69301078
2026-07-22 17:00:00,66204.83,66256.84,65910.8,65993.8,409.68979413
2026-07-22 18:00:00,65993.79,66051.0,65691.08,65858.3,200.14555554
2026-07-22 19:00:00,65858.29,65940.37,65645.07,65894.99,687.78820947
2026-07-22 20:00:00,65894.99,65955.86,65755.16,65892.42,255.20012198
2026-07-22 21:00:00,65892.42,66100.0,65861.58,66044.16,139.58551679
2026-07-22 22:00:00,66044.16,66050.86,65889.0,66014.38,107.43960008
2026-07-22 23:00:00,66014.38,66113.99,65814.56,66086.61,147.13308083
2026-07-23 00:00:00,66086.6,66287.74,66020.06,66026.19,183.90754636
2026-07-23 01:00:00,66026.18,66180.35,65720.11,65799.01,179.14909207
2026-07-23 02:00:00,65799.0,65818.14,65616.47,65777.22,144.66771483
2026-07-23 03:00:00,65777.23,65785.57,65544.08,65624.51,94.2285977
2026-07-23 04:00:00,65624.51,65701.09,65553.41,65576.15,76.055393
2026-07-23 05:00:00,65576.16,65763.98,65531.83,65660.2,52.99665699
2026-07-23 06:00:00,65660.78,65785.72,65590.01,65758.11,56.54798366
2026-07-23 07:00:00,65758.11,65758.11,65312.36,65394.82,206.7578386
2026-07-23 08:00:00,65394.82,65624.47,65374.66,65594.48,86.38039552
2026-07-23 09:00:00,65596.22,65718.61,65564.15,65607.07,98.33419729
2026-07-23 10:00:00,65607.07,65761.02,65552.04,65708.56,90.01028452
2026-07-23 11:00:00,65708.56,65710.89,65504.83,65525.22,93.10755462
2026-07-23 12:00:00,65525.22,65558.01,64939.22,65123.02,380.95587105
2026-07-23 13:00:00,65123.03,65188.21,64803.56,64831.16,790.81757712
2026-07-23 14:00:00,64831.17,65181.34,64763.4,64859.16,605.42494691
2026-07-23 15:00:00,64859.16,64976.01,64666.96,64905.04,507.09551102
2026-07-23 16:00:00,64906.5,64906.51,64634.83,64691.59,456.32486288
2026-07-23 17:00:00,64691.97,64836.03,64564.09,64611.92,530.76196339
2026-07-23 18:00:00,64611.92,64892.36,64611.92,64807.58,386.84684554
2026-07-23 19:00:00,64807.58,64884.0,64601.38,64778.48,745.62687523
2026-07-23 20:00:00,64781.42,65143.92,64740.32,65097.6,423.08163099
2026-07-23 21:00:00,65097.59,65165.03,64956.06,65120.19,305.17097243
2026-07-23 22:00:00,65120.2,65178.42,64958.0,65140.05,253.20179209
2026-07-23 23:00:00,65140.0,65170.31,64994.9,65051.23,212.75929518
2026-07-24 00:00:00,65051.24,65062.93,64691.74,64927.99,217.41456933
2026-07-24 01:00:00,64927.99,65120.2,64888.51,65030.0,173.20392486
2026-07-24 02:00:00,65030.01,65137.83,64869.95,65066.98,119.60074698
2026-07-24 03:00:00,65066.98,65416.49,65019.96,65408.0,230.61641681
2026-07-24 04:00:00,65408.01,65420.94,65207.76,65263.39,234.71763905
2026-07-24 05:00:00,65263.39,65345.74,65182.84,65268.43,108.59559822
2026-07-24 06:00:00,65268.43,65467.79,65226.79,65426.94,112.74220881
2026-07-24 07:00:00,65426.95,65762.78,65303.21,65454.48,249.65152567
2026-07-24 08:00:00,65456.41,65464.22,65255.44,65255.44,95.9495444
2026-07-24 09:00:00,65255.44,65267.89,64896.59,65064.29,184.55569106
2026-07-24 10:00:00,65064.3,65105.0,64854.0,64903.09,113.77105806
2026-07-24 11:00:00,64903.1,65051.39,64800.0,65021.19,101.03162428
2026-07-24 12:00:00,65023.96,65079.49,64697.63,64715.98,148.79114553
2026-07-24 13:00:00,64715.97,64745.09,63845.76,64092.49,1181.06280804
2026-07-24 14:00:00,64089.8,64141.32,63641.0,63993.51,1369.15225449
2026-07-24 15:00:00,63993.52,64261.34,63774.3,64025.89,790.64850359
2026-07-24 16:00:00,64026.99,64141.84,63806.01,63889.84,394.26663912
2026-07-24 17:00:00,63889.84,64139.91,63832.95,64117.07,195.97434394
2026-07-24 18:00:00,64117.07,64237.2,64054.04,64210.91,414.8308222
2026-07-24 19:00:00,64210.9,64236.18,64072.74,64163.76,362.43039701
2026-07-24 20:00:00,64163.76,64223.73,64060.99,64103.99,157.43829345
2026-07-24 21:00:00,64103.99,64163.42,64063.98,64088.09,167.92387927
2026-07-24 22:00:00,64088.09,64155.0,64063.99,64100.52,115.08680298
2026-07-24 23:00:00,64100.52,64120.5,64075.26,64083.32,88.04169919
2026-07-25 00:00:00,64083.31,64114.55,63976.25,64009.01,89.13206445
2026-07-25 01:00:00,64009.0,64098.8,63935.53,64006.49,81.53049397
2026-07-25 02:00:00,64006.5,64039.49,63954.0,63980.57,53.59144214
2026-07-25 03:00:00,63980.57,64042.49,63954.35,64021.41,43.27050676
2026-07-25 04:00:00,64021.42,64143.76,64021.41,64117.19,51.09826557
2026-07-25 05:00:00,64117.2,64135.0,63913.33,63956.57,45.02290326
2026-07-25 06:00:00,63956.58,64005.57,63894.01,63952.2,61.92180525
2026-07-25 07:00:00,63952.2,63979.89,63932.41,63941.42,176.31988572
2026-07-25 08:00:00,63941.41,63946.39,63732.0,63808.55,103.38189839
2026-07-25 09:00:00,63808.55,63963.89,63757.98,63941.23,92.47525694
2026-07-25 10:00:00,63941.23,64000.08,63909.35,64000.08,53.22973888
2026-07-25 11:00:00,64000.08,64048.0,63982.04,64005.73,101.2987971
2026-07-25 12:00:00,64005.73,64056.23,63964.65,64054.69,82.88368804
2026-07-25 13:00:00,64055.98,64203.75,64044.3,64103.89,77.72966917
2026-07-25 14:00:00,64103.9,64153.51,64039.01,64148.88,83.32337697
2026-07-25 15:00:00,64145.25,64214.43,64104.8,64117.69,58.42950436
2026-07-25 16:00:00,64117.7,64184.85,64056.91,64151.31,69.5233298
2026-07-25 17:00:00,64151.32,64307.36,64133.64,64207.51,78.5555656
2026-07-25 18:00:00,64206.14,64387.43,64206.14,64360.26,76.96844987
2026-07-25 19:00:00,64360.26,64382.7,64315.88,64328.71,145.625729
2026-07-25 20:00:00,64328.71,64335.06,64246.85,64276.93,198.25600287
2026-07-25 21:00:00,64276.94,64371.63,64192.62,64288.01,83.00417368
2026-07-25 22:00:00,64288.0,64369.7,64288.0,64352.27,76.49224148
2026-07-25 23:00:00,64352.27,64370.99,64285.64,64295.61,197.40373278
2026-07-26 00:00:00,64295.61,64455.04,64288.71,64450.01,49.40187891
2026-07-26 01:00:00,64450.0,64480.3,64390.13,64404.53,56.79728396
2026-07-26 02:00:00,64404.54,64466.45,64368.03,64460.9,33.95842912
2026-07-26 03:00:00,64460.9,64524.5,64424.01,64490.46,136.51080781
2026-07-26 04:00:00,64490.47,64538.0,64408.41,64465.08,48.11905486
2026-07-26 05:00:00,64465.08,64465.09,64342.1,64352.93,54.36431759
2026-07-26 06:00:00,64352.93,64391.96,64229.6,64375.72,75.35079537
2026-07-26 07:00:00,64372.84,64400.66,64280.74,64309.43,53.59081271
2026-07-26 08:00:00,64310.72,64433.68,64288.51,64423.01,25.78286528
2026-07-26 09:00:00,64423.01,64492.83,64420.02,64481.64,23.70038345
2026-07-26 10:00:00,64481.64,64518.04,64437.11,64454.17,102.09520804
2026-07-26 11:00:00,64454.16,64472.0,64426.99,64450.48,24.26977192
2026-07-26 12:00:00,64450.47,64599.04,64366.87,64405.02,67.71354655
2026-07-26 13:00:00,64405.02,64513.7,64353.01,64466.46,54.86750613
2026-07-26 14:00:00,64466.46,64710.01,64465.97,64658.99,98.520451
2026-07-26 15:00:00,64658.99,64775.0,64616.59,64710.27,116.75800916
2026-07-26 16:00:00,64710.28,64878.0,64640.32,64672.7,163.17416635
2026-07-26 17:00:00,64672.7,64739.9,64609.01,64644.05,245.27817907
2026-07-26 18:00:00,64644.05,64724.0,64613.49,64686.19,73.99042897
2026-07-26 19:00:00,64686.2,64702.4,64620.58,64641.1,78.50738447
2026-07-26 20:00:00,64641.1,64648.35,64570.58,64595.26,56.20987403
2026-07-26 21:00:00,64595.26,64862.95,64580.57,64795.41,92.95220023
2026-07-26 22:00:00,64795.41,65449.46,64795.41,65347.96,479.63324583
2026-07-26 23:00:00,65347.97,65511.36,65211.28,65341.07,179.02130115
2026-07-27 00:00:00,65341.07,65360.03,64980.75,65069.99,202.56376511
2026-07-27 01:00:00,65069.99,65156.71,64837.98,65141.44,144.42887787
2026-07-27 02:00:00,65141.43,65215.2,65055.87,65115.39,101.23992121
2026-07-27 03:00:00,65115.98,65308.58,65097.68,65227.73,111.11014583
2026-07-27 04:00:00,65227.73,65444.0,65191.02,65229.54,98.86130164
2026-07-27 05:00:00,65229.53,65436.85,65224.3,65403.99,59.88201881
2026-07-27 06:00:00,65403.99,65705.08,65347.75,65357.99,204.20699022
2026-07-27 07:00:00,65357.99,65388.69,65157.64,65165.1,135.3593594
2026-07-27 08:00:00,65166.93,65203.13,65050.22,65104.49,132.31527779
2026-07-27 09:00:00,65102.88,65282.76,65023.39,65201.0,60.8155768
2026-07-27 10:00:00,65200.01,65373.88,65169.35,65277.99,86.35993927
2026-07-27 11:00:00,65278.0,65278.0,65029.24,65040.33,179.77728648
2026-07-27 12:00:00,65040.32,65197.71,64786.4,65024.18,321.91669427
2026-07-27 13:00:00,65024.19,65655.98,64840.3,65161.65,657.06730773
2026-07-27 14:00:00,65161.65,65373.53,64379.0,64611.76,514.46505101
2026-07-27 15:00:00,64611.76,64705.44,64342.0,64475.17,266.08540959
2026-07-27 16:00:00,64475.17,64901.5,64435.53,64828.3,218.43880143
2026-07-27 17:00:00,64828.3,65023.49,64704.24,64951.08,151.53573815
2026-07-27 18:00:00,64951.08,64990.25,64666.12,64805.29,246.5680281
2026-07-27 19:00:00,64805.58,65014.36,64732.28,64915.15,203.96392059
2026-07-27 20:00:00,64915.15,64997.99,64834.24,64903.49,151.85137229
2026-07-27 21:00:00,64903.5,64903.5,64734.88,64762.17,86.36492086
2026-07-27 22:00:00,64762.17,64762.18,63732.73,63732.73,315.96861792
2026-07-27 23:00:00,63732.74,63892.16,63545.0,63694.43,418.45780567
2026-07-28 00:00:00,63693.44,63767.72,63401.0,63421.94,237.33423105
2026-07-28 01:00:00,63423.45,63465.5,63006.14,63170.47,304.97819923
2026-07-28 02:00:00,63170.47,63243.01,63036.59,63115.57,133.71957864
2026-07-28 03:00:00,63115.57,63310.72,63093.6,63279.32,98.98039715
2026-07-28 04:00:00,63279.32,63300.0,63153.1,63285.46,100.72725428
2026-07-28 05:00:00,63285.46,63561.87,63246.88,63378.2,106.66206922
2026-07-28 06:00:00,63378.25,63592.53,63325.44,63564.29,121.46001706
2026-07-28 07:00:00,63563.67,63587.15,63386.95,63435.8,110.51564558
2026-07-28 08:00:00,63435.8,63469.99,63327.01,63353.5,77.6486857
2026-07-28 09:00:00,63353.5,63508.15,63290.15,63322.28,99.29086921
2026-07-28 10:00:00,63322.28,63487.11,63222.19,63401.11,193.89063983
2026-07-28 11:00:00,63401.11,63530.04,63280.41,63393.51,172.70209287
2026-07-28 12:00:00,63393.5,63498.09,63288.36,63470.34,299.32291133
2026-07-28 13:00:00,63467.17,63518.65,62645.39,63026.07,743.11392959
2026-07-28 14:00:00,63026.08,63472.67,62881.32,63336.06,474.33562885
2026-07-28 15:00:00,63336.07,63957.06,63182.53,63857.59,492.13905014
2026-07-28 16:00:00,63857.58,64041.02,63705.82,63969.76,194.21973771
2026-07-28 17:00:00,63969.76,63969.76,63428.29,63619.46,443.33608181
2026-07-28 18:00:00,63619.47,63779.84,63593.64,63656.58,271.95905185
2026-07-28 19:00:00,63656.59,63826.3,63593.64,63825.78,611.05645064
2026-07-28 20:00:00,63825.78,63943.44,63795.19,63834.48,251.29167547
2026-07-28 21:00:00,63834.48,63984.78,63807.62,63892.88,130.3429169
2026-07-28 22:00:00,63892.88,63946.2,63677.19,63704.94,193.84365196
2026-07-28 23:00:00,63704.94,63875.9,63469.62,63847.12,369.30977796
2026-07-29 00:00:00,63847.12,64111.75,63780.06,63878.28,258.83420763
2026-07-29 01:00:00,63878.29,63926.17,63595.73,63624.67,218.72518757
2026-07-29 02:00:00,63624.67,64043.46,63568.2,63891.66,254.2400274
2026-07-29 03:00:00,63891.66,63914.97,63616.96,63659.95,187.43152425
2026-07-29 04:00:00,63659.95,63885.21,63500.63,63878.16,184.92041374
2026-07-29 05:00:00,63878.17,64009.57,63801.91,63976.87,158.55986707
2026-07-29 06:00:00,63976.87,64378.35,63937.08,64352.6,322.8622644
2026-07-29 07:00:00,64352.6,64499.99,64319.61,64487.22,357.51856929
2026-07-29 08:00:00,64487.21,64503.12,64197.85,64342.35,229.25460383
2026-07-29 09:00:00,64342.35,64665.3,64300.6,64617.46,206.93145296
2026-07-29 10:00:00,64617.46,64637.55,64334.76,64395.34,207.1358042
2026-07-29 11:00:00,64395.34,64524.47,64341.1,64437.0,180.57172027
2026-07-29 12:00:00,64436.99,64436.99,64143.24,64201.91,264.11177018
2026-07-29 13:00:00,64201.9,64597.29,64056.19,64592.45,719.74718454
2026-07-29 14:00:00,64594.1,64657.85,63963.69,64014.64,461.6112735
2026-07-29 15:00:00,64012.58,64103.75,63787.75,63867.93,656.26414408
2026-07-29 16:00:00,63867.94,64055.46,63532.0,63716.65,480.15308525
2026-07-29 17:00:00,63716.66,64225.0,63621.03,64189.4,330.52883907
2026-07-29 18:00:00,64191.0,64600.0,63692.37,64430.52,846.98379443
2026-07-29 19:00:00,64430.52,64535.27,63441.0,63515.6,483.78435645
2026-07-29 20:00:00,63518.42,63666.62,63293.83,63437.02,304.92727167
2026-07-29 21:00:00,63437.02,63784.52,63194.45,63784.52,293.91716989
2026-07-29 22:00:00,63784.88,64055.31,63778.43,63852.08,237.4968242
2026-07-29 23:00:00,63852.08,63989.0,63808.08,63896.14,246.19416707
2026-07-30 00:00:00,63896.14,64030.0,63502.91,63609.32,491.64089287
2026-07-30 01:00:00,63609.75,64298.85,63600.59,64187.64,472.68502978
2026-07-30 02:00:00,64187.65,64333.75,64073.75,64103.35,216.02859452
2026-07-30 03:00:00,64103.35,64212.22,64046.11,64077.74,106.64267097
2026-07-30 04:00:00,64077.74,64095.36,63885.95,63933.27,110.16293694
2026-07-30 05:00:00,63933.27,64095.35,63822.01,63947.72,138.20168608
2026-07-30 06:00:00,63947.73,63999.99,63868.7,63915.31,86.17182589
2026-07-30 07:00:00,63915.32,64056.0,63855.16,63918.31,121.21245511
2026-07-30 08:00:00,63918.31,64266.0,63885.32,64211.87,203.9814552
2026-07-30 09:00:00,64211.87,64550.32,64187.13,64480.57,489.71356379
2026-07-30 10:00:00,64480.58,64550.61,64463.74,64472.29,273.07266111
2026-07-30 11:00:00,64472.29,64798.94,64451.56,64707.18,318.63187397
2026-07-30 12:00:00,64707.18,64942.99,64697.76,64839.6,501.99633431
2026-07-30 13:00:00,64839.6,65118.08,64598.71,64955.21,923.89943396
2026-07-30 14:00:00,64955.21,64984.42,64548.31,64614.52,620.5827327
2026-07-30 15:00:00,64614.52,64832.89,64535.87,64661.64,476.81385118
2026-07-30 16:00:00,64661.64,64898.34,64654.08,64750.44,479.93062118
2026-07-30 17:00:00,64750.44,64925.65,64703.88,64809.66,393.63007281
2026-07-30 18:00:00,64809.66,64839.45,64619.92,64634.02,310.54340573
2026-07-30 19:00:00,64634.01,64846.02,64632.71,64741.54,444.58996786
2026-07-30 20:00:00,64742.61,64891.53,64690.0,64711.33,287.6813419
2026-07-30 21:00:00,64711.33,64743.45,64642.74,64670.68,162.12192077
2026-07-30 22:00:00,64670.67,64958.75,64601.44,64788.79,181.34740793
2026-07-30 23:00:00,64785.71,65031.06,64680.71,64721.9,214.58853371
2026-07-31 00:00:00,64721.9,64845.01,64628.91,64665.29,171.08495323
2026-07-31 01:00:00,64665.29,65360.0,64405.98,64493.68,545.36451801
2026-07-31 02:00:00,64493.68,64544.67,64131.54,64230.03,365.07531231
2026-07-31 03:00:00,64230.03,64368.01,64104.87,64296.76,173.64355057
2026-07-31 04:00:00,64296.76,64376.5,64163.31,64239.47,164.98784585
2026-07-31 05:00:00,64239.47,64351.8,64207.38,64290.14,89.0856739
2026-07-31 06:00:00,64290.13,64429.15,64119.72,64171.07,127.27620032
2026-07-31 07:00:00,64171.06,64180.5,63800.0,63870.02,234.66264591
2026-07-31 08:00:00,63870.02,63915.6,63731.12,63762.21,169.30180469
2026-07-31 09:00:00,63762.21,63777.07,63567.21,63646.7,190.7636179
2026-07-31 10:00:00,63646.69,63889.02,63541.53,63850.42,85.28263035
2026-07-31 11:00:00,63850.42,63952.0,63722.5,63738.74,108.78405868
2026-07-31 12:00:00,63738.74,63767.47,63555.2,63682.1,164.80197957
2026-07-31 13:00:00,63677.86,63762.0,63158.33,63193.69,478.33537646
