scenario,policy,period,observations,ce,annualized_mean,annualized_volatility,turnover,average_exposure,average_cash,cagr,maximum_drawdown,worst_21_session_return
cost10,bil,all,1756,0.02161085938727098,0.02162024663408468,0.0025016323755634355,1.9990009990009991,0.0,1.0,0.021851515126039,-0.0020852698720569274,-0.0006330212490830434
cost10,bil,excluding_2020,1503,0.0245826326927813,0.024592393128471588,0.002550873796732573,1.9990009990009991,0.0,1.0,,,
cost10,bil,2018,248,0.016149648865564838,0.016156232915244706,0.0020950814908367236,0.9990009990009991,0.0,1.0,0.01628470280297667,-0.0008897136310360709,-5.8882712905883317e-05
cost10,bil,2019,252,0.0201129229503376,0.020118293465050896,0.0018921794688134595,0.0,0.0,1.0,0.020319391991693303,-0.00021858292867327211,0.00106053599136402
cost10,bil,2020,253,0.003958558388093893,0.003963581886798014,0.0018300270861604773,0.0,0.0,1.0,0.003969741565880591,-0.000884379623761089,-0.0006330212490821552
cost10,bil,2021,252,-0.0009859307977611342,-0.000983038499084099,0.00138859609607094,0.0,0.0,1.0,-0.0009835167373057896,-0.00109291804239664,-0.0003283114069049242
cost10,bil,2022,251,0.013997618811953896,0.014006849275222475,0.0024806535790093992,0.0,0.0,1.0,0.01410190285725954,-0.0003281284501814863,-0.00032812845018137526
cost10,bil,2023,250,0.04864780052460057,0.04865995646273387,0.002846745291650105,0.0,0.0,1.0,0.04985412428985847,-0.00021813266807568787,0.0028759298612051065
cost10,bil,2024,250,0.04980113977517957,0.04981131429569668,0.00260442194701085,1.0,0.0,1.0,0.05106403267020743,-0.0005624806606715493,0.0033544646465044625
cost10,equal,all,1756,0.04473525388487799,0.05817192148978325,0.09464554085254186,6.691057962021038,0.7358727875614217,0.2641272124385783,0.05514446441295884,-0.1963267567088498,-0.15819139413819527
cost10,equal,excluding_2020,1503,0.03404563758574554,0.04450103586813252,0.08348811605007816,5.680783124813335,0.7452384668311531,0.254761533168847,,,
cost10,equal,2018,248,-0.059017825785934265,-0.04970489482152344,0.07879480086237003,1.5622354807761965,0.7496358025857222,0.25036419741427784,-0.0514359734885913,-0.09425127223665819,-0.05172496075235722
cost10,equal,2019,252,0.15221392714107262,0.15685237316293965,0.055608428748808926,0.47891146888507913,0.7503252641702058,0.24967473582979424,0.16796675037898767,-0.026136133323850785,-0.023671180450740903
cost10,equal,2020,253,0.10817346087564639,0.13938670840417472,0.14425266613025062,1.0102748372077026,0.6802339893700929,0.3197660106299071,0.13758254082034505,-0.16099760972941457,-0.15819139413819527
cost10,equal,2021,252,0.0542159360926871,0.061173019265517437,0.06810327046885163,0.7525506683836691,0.7245503822900744,0.2754496177099256,0.060620993848168325,-0.03649145034819734,-0.03204989225859489
cost10,equal,2022,251,-0.16759534416041078,-0.14372013262262376,0.126161831359005,0.8216197579360343,0.7495719275996406,0.2504280724003594,-0.1407406604029532,-0.18754606276405406,-0.08541153632297449
cost10,equal,2023,250,0.12991986452743093,0.13901771460345477,0.0778796082682489,0.5225421244167687,0.750209939579804,0.24979006042019608,0.14564077801989206,-0.07388204944907062,-0.050397300708768356
cost10,equal,2024,250,0.09369891161025282,0.10235518628393869,0.07596610943346546,1.5429236244155868,0.7472801399020504,0.2527198600979496,0.10457264506148434,-0.04106578068643252,-0.020088640311210937
cost10,gate:cal_gbm2,all,1756,0.015630903122160117,0.01988670659246327,0.05326539508475868,49.753107459142576,0.10862155691311436,0.8913784430868856,0.01863984006341557,-0.13000914143719755,-0.08359883543712232
cost10,gate:cal_gbm2,excluding_2020,1503,0.017595526261776257,0.022567046280110224,0.057570362851812135,49.75310745914257,0.1269058243109972,0.8730941756890028,,,
cost10,gate:cal_gbm2,2018,248,0.0161496488655654,0.016156232915245268,0.0020950814908367397,0.9990009990010047,0.0,1.0,0.01628470280297689,-0.0008897136310360709,-5.8882712905772294e-05
cost10,gate:cal_gbm2,2019,252,0.020112922950337155,0.020118293465050452,0.0018921794688134524,3.668325906734812e-15,0.0,1.0,0.02031939199169286,-0.00021858292867327211,0.001060535991364242
cost10,gate:cal_gbm2,2020,253,0.003958558388093668,0.003963581886797793,0.0018300270861609904,5.121718426727622e-15,0.0,1.0,0.003969741565880369,-0.0008843796237613111,-0.0006330212490823772
cost10,gate:cal_gbm2,2021,252,0.04695489321683718,0.05140777241228123,0.05448473300197068,15.354818753728676,0.20142552781734355,0.7985744721826565,0.05119133056406455,-0.03612906533883209,-0.028308166402192025
cost10,gate:cal_gbm2,2022,251,-0.08275806067429795,-0.057826750801757955,0.12892196573260892,29.502092156295383,0.5406549328659389,0.4593450671340609,-0.06397225693607445,-0.1300091414371971,-0.08359883543712221
cost10,gate:cal_gbm2,2023,250,0.05603635817438,0.05634185638649106,0.014271141325791294,1.8968015888075422,0.012121411425302746,0.9878785885746972,0.057845702993661874,-0.0054126219393525465,-0.0002589743709781045
cost10,gate:cal_gbm2,2024,250,0.04916785007546035,0.04926402619822296,0.008007335085724465,2.000393961309962,0.004981919695127509,0.9950180803048725,0.05045900225307842,-0.006312891078941618,-0.001574492860067389
cost10,gate:cal_ridge100,all,1756,-0.002352558863442332,0.0030906330196924085,0.060239476996040514,28.170158870628438,0.09872452823846446,0.9012754717615354,0.0012761520050450503,-0.1723875568435954,-0.0850247130679399
cost10,gate:cal_ridge100,excluding_2020,1503,-0.003415521182935275,0.002943689531084517,0.06511124180467247,28.170158870628434,0.11534282873369503,0.8846571712663049,,,
cost10,gate:cal_ridge100,2018,248,0.0161496488655654,0.016156232915245268,0.0020950814908367397,0.9990009990010047,0.0,1.0,0.01628470280297689,-0.0008897136310360709,-5.8882712905772294e-05
cost10,gate:cal_ridge100,2019,252,0.020112922950337155,0.020118293465050452,0.0018921794688134524,3.668325906734812e-15,0.0,1.0,0.02031939199169286,-0.00021858292867327211,0.001060535991364242
cost10,gate:cal_ridge100,2020,253,0.003958558388093668,0.003963581886797793,0.0018300270861609904,5.121718426727622e-15,0.0,1.0,0.003969741565880369,-0.0008843796237613111,-0.0006330212490823772
cost10,gate:cal_ridge100,2021,252,0.02693503839848451,0.029983283632106117,0.04507952405561833,12.650931292539404,0.129058280820952,0.8709417191790482,0.029393978786686592,-0.020134832410706127,-0.015633457741649592
cost10,gate:cal_ridge100,2022,251,-0.19616714570339075,-0.1615623300157833,0.1518877122254188,12.386475483436492,0.5521302249783878,0.44786977502161224,-0.15896164006851887,-0.17238755684359475,-0.08502471306793957
cost10,gate:cal_ridge100,2023,250,0.06324910177032901,0.06356535373517185,0.014520146115950726,1.1337510956515264,0.009011593401153534,0.9909884065988465,0.06550947007201269,-0.004106899002246811,0.0028759298612053286
cost10,gate:cal_ridge100,2024,250,0.04980113977518046,0.04981131429569757,0.0026044219470110004,1.0000000000000022,0.0,1.0,0.05106403267020854,-0.0005624806606715493,0.0033544646465046846
cost10,gate:mean,all,1756,0.01719956421157328,0.019047854654873717,0.03510261569836297,4.003442982125476,0.0718759303708057,0.9281240696291944,0.018602112358267364,-0.09119603442392199,-0.04149649833672653
cost10,gate:mean,excluding_2020,1503,0.01942847942523281,0.021586990390285034,0.037934249828285985,4.003442982125471,0.08397480620833987,0.9160251937916601,,,
cost10,gate:mean,2018,248,0.0161496488655654,0.016156232915245268,0.0020950814908367397,0.9990009990010047,0.0,1.0,0.01628470280297689,-0.0008897136310360709,-5.8882712905772294e-05
cost10,gate:mean,2019,252,0.020112922950337155,0.020118293465050452,0.0018921794688134524,3.668325906734812e-15,0.0,1.0,0.02031939199169286,-0.00021858292867327211,0.001060535991364242
cost10,gate:mean,2020,253,0.003958558388093668,0.003963581886797793,0.0018300270861609904,5.121718426727622e-15,0.0,1.0,0.003969741565880369,-0.0008843796237613111,-0.0006330212490823772
cost10,gate:mean,2021,252,0.06450372399427251,0.06756675758391761,0.045188741884420056,0.8208229200227117,0.24836046660797914,0.7516395333920209,0.06880447342046603,-0.028022492785941377,-0.023538057495467224
cost10,gate:mean,2022,251,-0.08624258229259825,-0.07656168282621081,0.08033637393853187,0.6740667013890248,0.24949438536256058,0.7505056146374394,-0.07668861620270095,-0.09009408350030068,-0.04149649833672642
cost10,gate:mean,2023,250,0.052314373854440786,0.052424086978931056,0.00855231448167773,0.5095523617127223,0.004016821679685496,0.9959831783203145,0.053778524296540064,-0.004200437719382499,0.0028759298612055506
cost10,gate:mean,2024,250,0.049801139775178,0.04981131429569511,0.0026044219470108647,1.0000000000000036,0.0,1.0,0.05106403267020565,-0.0005624806606715493,0.0033544646465044625
cost10,gate:raw_gbm2,all,1756,0.01658232401471001,0.029399257314873705,0.09243712565906152,126.80796323412196,0.2279356499268324,0.7720643500731675,0.025416079695567806,-0.19118801616522574,-0.1672456834885082
cost10,gate:raw_gbm2,excluding_2020,1503,0.01992532988447761,0.02851000057930217,0.07565126434204325,106.32448431095132,0.22092316429150935,0.7790768357084906,,,
cost10,gate:raw_gbm2,2018,248,-0.020098229538817017,-0.0027388833456727024,0.10757740219068412,23.453669555886343,0.3287436527812685,0.6712563472187314,-0.008473078806617629,-0.09103442941033268,-0.05128644621533929
cost10,gate:raw_gbm2,2019,252,0.0393095230648169,0.04050819024493402,0.02826855945058772,8.978669036133411,0.053256206337269366,0.9467437936627308,0.04092122454757452,-0.01622369139258184,-0.006741857865776524
cost10,gate:raw_gbm2,2020,253,-0.0034111529997296886,0.0346820749969449,0.15935961009966232,20.483478923170633,0.269594803720866,0.7304051962791338,0.022075766077592318,-0.19118801616522574,-0.1672456834885082
cost10,gate:raw_gbm2,2021,252,0.04695489321683484,0.051407772412278896,0.05448473300197072,15.354818753728676,0.20142552781734355,0.7985744721826565,0.051191330564063,-0.03612906533883253,-0.02830816640219247
cost10,gate:raw_gbm2,2022,251,-0.08275806067429602,-0.05782675080175606,0.12892196573260886,29.502092156295383,0.5406549328659389,0.4593450671340609,-0.06397225693607311,-0.130009141437198,-0.08359883543712265
cost10,gate:raw_gbm2,2023,250,0.0714297410080525,0.0725778824642159,0.027666362923996213,13.938122500115822,0.07732016170962544,0.9226798382903746,0.07485586573673575,-0.020055845525332794,-0.018174802877885976
cost10,gate:raw_gbm2,2024,250,0.0643355510363654,0.06694798074394855,0.04173271863964083,15.0971123087917,0.12521945782665797,0.874780542173342,0.0683042741947022,-0.023334334447423277,-0.02119938098041607
cost10,gate:raw_ridge100,all,1756,-0.012998693913450167,0.0032901579460531214,0.10420765122102212,91.97889744899643,0.20456653536786176,0.7954334646321383,-0.002183709805375078,-0.21206533933410865,-0.19247691966171987
cost10,gate:raw_ridge100,excluding_2020,1503,-0.005893010839227024,0.004409632841134205,0.08287598639075629,81.47497704452203,0.20176002583260397,0.7982399741673959,,,
cost10,gate:raw_ridge100,2018,248,-0.051972219365834196,-0.03224108708949048,0.11469127335690867,22.346008776221606,0.3017585374410587,0.6982414625589413,-0.038053645335921815,-0.11501721071935267,-0.07568840086834405
cost10,gate:raw_ridge100,2019,252,0.049751187803380205,0.05153091815504207,0.03444541915999734,12.592696090591089,0.07091376135901277,0.9290862386409872,0.052253919836565466,-0.01622369139258173,-0.007543656967216372
cost10,gate:raw_ridge100,2020,253,-0.05539320188359695,-0.003360319395080745,0.18624872704444845,10.503920404474389,0.22123919873344464,0.7787608012665554,-0.02074814155354432,-0.2041118679296392,-0.1924769196617201
cost10,gate:raw_ridge100,2021,252,0.026935038398484195,0.029983283632105784,0.0450795240556182,12.650931292539404,0.129058280820952,0.8709417191790482,0.02939397878668837,-0.020134832410706016,-0.015633457741649925
cost10,gate:raw_ridge100,2022,251,-0.19616714570339305,-0.16156233001578554,0.1518877122254189,12.386475483436492,0.5521302249783878,0.44786977502161224,-0.1589616400685201,-0.17238755684359597,-0.0850247130679399
cost10,gate:raw_ridge100,2023,250,0.06402885882330253,0.06517173184335608,0.027602814108390588,9.943108734035452,0.07243341072584804,0.9275665892741519,0.0669289825311532,-0.022290958131228056,-0.011450728662980802
cost10,gate:raw_ridge100,2024,250,0.07178464534873527,0.07336440312472096,0.03245260930429361,11.555756667697995,0.0852928310425309,0.9147071689574691,0.075548963411189,-0.020123192403038503,-0.00823172292903751
cost10,gate:static_gbm2,all,1756,0.021610859387270864,0.021620246634084565,0.002501632375563493,1.9990009990010318,0.0,1.0,0.02185151512603878,-0.0020852698720569274,-0.0006330212490832654
cost10,gate:static_gbm2,excluding_2020,1503,0.024582632692781207,0.024592393128471494,0.002550873796732577,1.9990009990010267,0.0,1.0,,,
cost10,gate:static_gbm2,2018,248,0.0161496488655654,0.016156232915245268,0.0020950814908367397,0.9990009990010047,0.0,1.0,0.01628470280297689,-0.0008897136310360709,-5.8882712905772294e-05
cost10,gate:static_gbm2,2019,252,0.020112922950337155,0.020118293465050452,0.0018921794688134524,3.668325906734812e-15,0.0,1.0,0.02031939199169286,-0.00021858292867327211,0.001060535991364242
cost10,gate:static_gbm2,2020,253,0.003958558388093668,0.003963581886797793,0.0018300270861609904,5.121718426727622e-15,0.0,1.0,0.003969741565880369,-0.0008843796237613111,-0.0006330212490823772
cost10,gate:static_gbm2,2021,252,-0.0009859307977609121,-0.000983038499083877,0.0013885960960709058,3.4154724106651113e-15,0.0,1.0,-0.0009835167373055675,-0.00109291804239664,-0.00032831140690514626
cost10,gate:static_gbm2,2022,251,0.013997618811953227,0.014006849275221805,0.002480653579009503,5.107502001626889e-15,0.0,1.0,0.014101902857259319,-0.00032812845018137526,-0.0003281284501810422
cost10,gate:static_gbm2,2023,250,0.04864780052460101,0.04865995646273431,0.0028467452916500035,4.953630960089855e-15,0.0,1.0,0.049854124289858914,-0.00021813266807546583,0.0028759298612051065
cost10,gate:static_gbm2,2024,250,0.049801139775178895,0.049811314295696005,0.0026044219470109068,1.0000000000000049,0.0,1.0,0.05106403267020698,-0.0005624806606715493,0.0033544646465046846
cost10,gate:static_ridge100,all,1756,0.01719956421157328,0.019047854654873717,0.03510261569836297,4.003442982125476,0.0718759303708057,0.9281240696291944,0.018602112358267364,-0.09119603442392199,-0.04149649833672653
cost10,gate:static_ridge100,excluding_2020,1503,0.01942847942523281,0.021586990390285034,0.037934249828285985,4.003442982125471,0.08397480620833987,0.9160251937916601,,,
cost10,gate:static_ridge100,2018,248,0.0161496488655654,0.016156232915245268,0.0020950814908367397,0.9990009990010047,0.0,1.0,0.01628470280297689,-0.0008897136310360709,-5.8882712905772294e-05
cost10,gate:static_ridge100,2019,252,0.020112922950337155,0.020118293465050452,0.0018921794688134524,3.668325906734812e-15,0.0,1.0,0.02031939199169286,-0.00021858292867327211,0.001060535991364242
cost10,gate:static_ridge100,2020,253,0.003958558388093668,0.003963581886797793,0.0018300270861609904,5.121718426727622e-15,0.0,1.0,0.003969741565880369,-0.0008843796237613111,-0.0006330212490823772
cost10,gate:static_ridge100,2021,252,0.06450372399427251,0.06756675758391761,0.045188741884420056,0.8208229200227117,0.24836046660797914,0.7516395333920209,0.06880447342046603,-0.028022492785941377,-0.023538057495467224
cost10,gate:static_ridge100,2022,251,-0.08624258229259825,-0.07656168282621081,0.08033637393853187,0.6740667013890248,0.24949438536256058,0.7505056146374394,-0.07668861620270095,-0.09009408350030068,-0.04149649833672642
cost10,gate:static_ridge100,2023,250,0.052314373854440786,0.052424086978931056,0.00855231448167773,0.5095523617127223,0.004016821679685496,0.9959831783203145,0.053778524296540064,-0.004200437719382499,0.0028759298612055506
cost10,gate:static_ridge100,2024,250,0.049801139775178,0.04981131429569511,0.0026044219470108647,1.0000000000000036,0.0,1.0,0.05106403267020565,-0.0005624806606715493,0.0033544646465044625
cost10,hold,all,1756,0.05360535880442999,0.06872558210367513,0.10039994455259142,1.9990009990009991,0.7789292731226539,0.22107072687734616,0.06573993240236109,-0.21592265511736974,-0.15162039618225898
cost10,hold,excluding_2020,1503,0.04012717239972719,0.05310642809752619,0.0930206274536245,1.9990009990009991,0.7797235744193916,0.22027642558060836,,,
cost10,hold,2018,248,-0.06074441984119307,-0.05143519979983425,0.07877910061836967,0.9990009990009991,0.7452334446852383,0.2547665553147617,-0.05307549096448516,-0.09519862618231656,-0.05266485560379064
cost10,hold,2019,252,0.15016835247034432,0.1546086989925739,0.054408005061936666,0.0,0.7517807533940541,0.24821924660594583,0.16542727767890875,-0.026184715954457483,-0.023780237827879747
cost10,hold,2020,253,0.13363351154637684,0.1615144693417852,0.1363352676197135,0.0,0.7742105583044843,0.22578944169551574,0.1643287476960087,-0.1546152824323227,-0.15162039618225875
cost10,hold,2021,252,0.06840968347116178,0.07890132824118234,0.08363270799561841,0.0,0.8056524029437915,0.19434759705620858,0.07831868891849592,-0.049387058523393645,-0.03689765947369095
cost10,hold,2022,251,-0.19954890407346315,-0.1690678412501951,0.14255072272298505,0.0,0.7859458268285995,0.21405417317140055,-0.1640994623055254,-0.2074689231214092,-0.0917811258012271
cost10,hold,2023,250,0.15645801986454483,0.16713123965360105,0.08435330378456331,0.0,0.7860334231652196,0.21396657683478043,0.1776705286048832,-0.07519623272174458,-0.051723552643616943
cost10,hold,2024,250,0.12535220545808945,0.13753432943373162,0.09011889914863276,1.0,0.8034108973919443,0.19658910260805582,0.14276186430685334,-0.05721988357958063,-0.037001776229741656
cost10,opt:cal_gbm2,all,1756,0.0540779926844218,0.0758435620613866,0.12045903695714653,33.114409524334796,0.7322393756371625,0.2677606243628376,0.07095433216227476,-0.21013794726852186,-0.20670619165405468
cost10,opt:cal_gbm2,excluding_2020,1503,0.05891682500419616,0.07710448330156178,0.11011405692089034,32.09900928518082,0.7295254706502986,0.2704745293497015,,,
cost10,opt:cal_gbm2,2018,248,-0.0682760835510316,-0.0400438204203809,0.1371915039416331,1.4251294245625017,0.7459173874415569,0.25408261255844317,-0.04824367409630548,-0.16677802695060773,-0.085646790551275
cost10,opt:cal_gbm2,2019,252,0.19343831207392123,0.20438995781208047,0.08544645784801629,0.1944427837303154,0.7467629041215105,0.2532370958784896,0.22222358716833912,-0.04895463498432007,-0.03973371580642304
cost10,opt:cal_gbm2,2020,253,0.02517575800151514,0.0683527927966305,0.16966051356579773,1.0154002391539736,0.7483619021006266,0.25163809789937336,0.05529692889326476,-0.2101379472685222,-0.20670619165405502
cost10,opt:cal_gbm2,2021,252,0.06232910760257826,0.07383373010255367,0.0875770993657414,9.501804316933987,0.7460125837674589,0.2539874162325411,0.07251045118423005,-0.05360585377071614,-0.043318724177917045
cost10,opt:cal_gbm2,2022,251,-0.1767418999107298,-0.14492614393167053,0.14563826415485565,18.563174849068865,0.7168913720222613,0.28310862797773867,-0.1440405829908551,-0.19059449285830055,-0.08246863896993417
cost10,opt:cal_gbm2,2023,250,0.17248473377683218,0.18193721223366996,0.07938294718992556,0.9459196092835855,0.6747975888644425,0.3252024111355575,0.19570787622110442,-0.06563571035094118,-0.0434027277415413
cost10,opt:cal_gbm2,2024,250,0.16933451844918398,0.18639478232178325,0.10664665605821641,1.4685383016015674,0.7466828630406963,0.2533171369593037,0.1980025492221451,-0.07156103256356039,-0.04653540148363178
cost10,opt:cal_ridge100,all,1756,0.03202312300394511,0.05343791841497862,0.11948443527933812,11.042978044132504,0.747268470710446,0.252731529289554,0.04735246683431571,-0.23041625563480106,-0.20670619165405468
cost10,opt:cal_ridge100,excluding_2020,1503,0.033149693128679915,0.050927297511081125,0.10886567987632347,10.027577804978531,0.7470844133972617,0.2529155866027381,,,
cost10,opt:cal_ridge100,2018,248,-0.0682760835510316,-0.0400438204203809,0.1371915039416331,1.4251294245625017,0.7459173874415569,0.25408261255844317,-0.04824367409630548,-0.16677802695060773,-0.085646790551275
cost10,opt:cal_ridge100,2019,252,0.19343831207392123,0.20438995781208047,0.08544645784801629,0.1944427837303154,0.7467629041215105,0.2532370958784896,0.22222358716833912,-0.04895463498432007,-0.03973371580642304
cost10,opt:cal_ridge100,2020,253,0.02517575800151514,0.0683527927966305,0.16966051356579773,1.0154002391539736,0.7483619021006266,0.25163809789937336,0.05529692889326476,-0.2101379472685222,-0.20670619165405502
cost10,opt:cal_ridge100,2021,252,0.0296926511027092,0.03884133264935141,0.07809686953453902,3.232180350622863,0.749785077148444,0.250214922851556,0.03644948522684399,-0.0653269511226845,-0.05301626496981693
cost10,opt:cal_ridge100,2022,251,-0.24481639195296886,-0.20696114216911676,0.1588610499437629,3.3890821062637775,0.7491736593231101,0.2508263406768899,-0.1971843010595019,-0.2198774799308877,-0.09447501973843853
cost10,opt:cal_ridge100,2023,250,0.1444196908139525,0.15348419746568764,0.07773676372534491,0.3639846944374119,0.7457916550703954,0.2542083449296046,0.16233619027602741,-0.07484346685584586,-0.04786791273520641
cost10,opt:cal_ridge100,2024,250,0.1438467823864357,0.15502603098061984,0.08632978857916178,1.4227584453616604,0.7450390708514018,0.2549609291485982,0.1633035158651035,-0.05557359304066023,-0.042827779172125435
cost10,opt:mean,all,1756,0.04615521898511303,0.06660991370231577,0.11677526769312853,5.719708573934045,0.7367061629604048,0.26329383703959525,0.06157528504986498,-0.22180421112229531,-0.20670619165405468
cost10,opt:mean,excluding_2020,1503,0.04966049549473786,0.06631653485277376,0.10537564347936672,4.704308334780071,0.7347441523133815,0.26525584768661864,,,
cost10,opt:mean,2018,248,-0.0682760835510316,-0.0400438204203809,0.1371915039416331,1.4251294245625017,0.7459173874415569,0.25408261255844317,-0.04824367409630548,-0.16677802695060773,-0.085646790551275
cost10,opt:mean,2019,252,0.19343831207392123,0.20438995781208047,0.08544645784801629,0.1944427837303154,0.7467629041215105,0.2532370958784896,0.22222358716833912,-0.04895463498432007,-0.03973371580642304
cost10,opt:mean,2020,253,0.02517575800151514,0.0683527927966305,0.16966051356579773,1.0154002391539736,0.7483619021006266,0.25163809789937336,0.05529692889326476,-0.2101379472685222,-0.20670619165405502
cost10,opt:mean,2021,252,0.07588291417612966,0.08336407991562367,0.07062183675273062,0.4981891075316625,0.7500159807075387,0.24998401929246114,0.08422417854084441,-0.04701511111580847,-0.041677608567065816
cost10,opt:mean,2022,251,-0.22340060872361647,-0.19126657120378862,0.14636492639934348,0.9603684682897571,0.7396936094882154,0.26030639051178467,-0.18292328064630625,-0.21744567766238365,-0.09042364839896455
cost10,opt:mean,2023,250,0.14980481931740253,0.15786941284666872,0.07332390937598367,0.27305101126363196,0.6992130423471893,0.3007869576528109,0.16782835653839467,-0.064380639125585,-0.04671988631916835
cost10,opt:mean,2024,250,0.16967987689878541,0.18252463200430294,0.09253739822550133,1.3531275394022024,0.7267132531849854,0.27328674681501464,0.19505217062581148,-0.062218414834569136,-0.046059303062086276
cost10,opt:raw_gbm2,all,1756,0.045859683565719206,0.06814820404867261,0.12189755393486068,66.29173311260885,0.7321645440218245,0.26783545597817554,0.06254592678931137,-0.21011611997349022,-0.20769565535138368
cost10,opt:raw_gbm2,excluding_2020,1503,0.053564620130712365,0.07082417038585373,0.10726773436947809,54.106487764492115,0.7299942688468717,0.2700057311531283,,,
cost10,opt:raw_gbm2,2018,248,-0.09248051261949343,-0.066958655285844,0.13043991550045675,9.433041747430135,0.7488661808461987,0.25113381915380145,-0.07268195976781533,-0.13265405890696946,-0.07265836855734997
cost10,opt:raw_gbm2,2019,252,0.18294405523217064,0.19000803638926744,0.06862449104654883,6.996146965404453,0.7498121923599806,0.25018780764001936,0.2063407292829731,-0.02168179152035865,-0.012569048901910684
cost10,opt:raw_gbm2,2020,253,-9.840142214658648e-05,0.05225106015624886,0.18681445621863324,12.185245348116743,0.7450575226303384,0.2549424773696617,0.03517091136034112,-0.21011611997349,-0.20769565535138335
cost10,opt:raw_gbm2,2021,252,0.06791850698810005,0.07938139227561991,0.08741809609579265,9.601493395952431,0.7461645019333726,0.2538354980666274,0.07849009313166766,-0.05360601742647808,-0.04336294459167678
cost10,opt:raw_gbm2,2022,251,-0.17674189991073297,-0.14492614393167366,0.14563826415485576,18.563174849068744,0.7168913720222606,0.2831086279777395,-0.14404058299085798,-0.1905944928582991,-0.08246863896993495
cost10,opt:raw_gbm2,2023,250,0.17474815304213998,0.18358300415040638,0.07674568873131749,4.310375510162833,0.6719141152970913,0.3280858847029086,0.19792105627251622,-0.06965476982528163,-0.04879649646580109
cost10,opt:raw_gbm2,2024,250,0.16388379830721675,0.18259619866609741,0.11169124214810715,5.202255296473516,0.7462327322528227,0.2537672677471772,0.19281093310727582,-0.0746384306914919,-0.04703047551332462
cost10,opt:raw_ridge100,all,1756,0.03429363312999792,0.05837395609166979,0.126702599188472,30.228612886743974,0.7309479270139476,0.26905207298605227,0.05157956221802751,-0.2304159267864352,-0.21775845151083917
cost10,opt:raw_ridge100,excluding_2020,1503,0.035694158781708896,0.054651580433702114,0.11242010986175388,24.142111124743245,0.7396010951178349,0.26039890488216516,,,
cost10,opt:raw_ridge100,2018,248,-0.06455966156770787,-0.0348908738245722,0.1406385147417204,3.206097940721584,0.7489079028693405,0.2510920971306595,-0.04378130488910059,-0.15963027890409853,-0.08421406932908726
cost10,opt:raw_ridge100,2019,252,0.16924510285188468,0.18010004585249562,0.08506837642199337,6.535455836646626,0.7492008991390147,0.2507991008609852,0.19295395500024193,-0.05897967860108655,-0.04901748559206898
cost10,opt:raw_ridge100,2020,253,0.025780932144203662,0.08048751583050537,0.19097396626469224,6.086501762000731,0.6795419520726732,0.3204580479273269,0.06394567742828294,-0.2210518701433719,-0.21775845151083895
cost10,opt:raw_ridge100,2021,252,0.02213243470571486,0.03129155465713773,0.0781414100692792,2.8217567245139894,0.738246790064857,0.26175320993514295,0.028651285120455006,-0.07092618729370448,-0.05313268709557262
cost10,opt:raw_ridge100,2022,251,-0.24481639195295396,-0.20696114216910197,0.15886104994376266,3.3890821062638357,0.7491736593231099,0.25082634067689014,-0.19718430105948914,-0.21987747993087814,-0.09447501973843686
cost10,opt:raw_ridge100,2023,250,0.16975438168886473,0.17943360883220774,0.08032943480170898,3.702012768380518,0.7222144586521112,0.2777855413478889,0.19263150999246426,-0.0756495370067869,-0.046997980644356896
cost10,opt:raw_ridge100,2024,250,0.16212882896363398,0.17844969299325297,0.1043099996153101,4.487705748216692,0.7298330608720213,0.27016693912797873,0.18883154512202305,-0.0532518238713392,-0.0367746326835372
cost10,opt:static_gbm2,all,1756,0.04143044889618196,0.06084384651393682,0.11376407639717925,4.945458818295973,0.7154596113487891,0.284540388651211,0.05584033521816267,-0.21393041481608,-0.20670619165405468
cost10,opt:static_gbm2,excluding_2020,1503,0.044140584014563,0.059579865536211266,0.10145370544127753,3.9300585791419995,0.7099211685276214,0.2900788314723786,,,
cost10,opt:static_gbm2,2018,248,-0.0682760835510316,-0.0400438204203809,0.1371915039416331,1.4251294245625017,0.7459173874415569,0.25408261255844317,-0.04824367409630548,-0.16677802695060773,-0.085646790551275
cost10,opt:static_gbm2,2019,252,0.19343831207392123,0.20438995781208047,0.08544645784801629,0.1944427837303154,0.7467629041215105,0.2532370958784896,0.22222358716833912,-0.04895463498432007,-0.03973371580642304
cost10,opt:static_gbm2,2020,253,0.02517575800151514,0.0683527927966305,0.16966051356579773,1.0154002391539736,0.7483619021006266,0.25163809789937336,0.05529692889326476,-0.2101379472685222,-0.20670619165405502
cost10,opt:static_gbm2,2021,252,0.07203482961484653,0.07923853636520228,0.06929986411894207,0.4085527417321825,0.7489456340819911,0.25105436591800884,0.07986106527714965,-0.04564481348423699,-0.04028605454867373
cost10,opt:static_gbm2,2022,251,-0.22317424287080503,-0.19582442361417932,0.13503041449151548,0.397591208304983,0.7010423246975882,0.29895767530241174,-0.1853454501399726,-0.20953253977562902,-0.08399580330668877
cost10,opt:static_gbm2,2023,250,0.14883268090209062,0.15676070872576173,0.07270042560018071,0.12647860057176755,0.6439039737949905,0.35609602620500946,0.1665877400870701,-0.0683754699987823,-0.04356028976953186
cost10,opt:static_gbm2,2024,250,0.14111597743940177,0.15186711191289326,0.0846606341951657,1.377863820240249,0.6726713425455366,0.3273286574544635,0.1598020786197658,-0.055239578309899895,-0.044112987244669166
cost10,opt:static_ridge100,all,1756,0.04604595642282541,0.0666160951537915,0.11710433732635206,5.756115539251207,0.7339642850072018,0.2660357149927982,0.06154080835423925,-0.2227808953834034,-0.20670619165405468
cost10,opt:static_ridge100,excluding_2020,1503,0.049532827801540655,0.06632375682801754,0.10580147770384839,4.740715300097233,0.731540734026073,0.268459265973927,,,
cost10,opt:static_ridge100,2018,248,-0.0682760835510316,-0.0400438204203809,0.1371915039416331,1.4251294245625017,0.7459173874415569,0.25408261255844317,-0.04824367409630548,-0.16677802695060773,-0.085646790551275
cost10,opt:static_ridge100,2019,252,0.19343831207392123,0.20438995781208047,0.08544645784801629,0.1944427837303154,0.7467629041215105,0.2532370958784896,0.22222358716833912,-0.04895463498432007,-0.03973371580642304
cost10,opt:static_ridge100,2020,253,0.02517575800151514,0.0683527927966305,0.16966051356579773,1.0154002391539736,0.7483619021006266,0.25163809789937336,0.05529692889326476,-0.2101379472685222,-0.20670619165405502
cost10,opt:static_ridge100,2021,252,0.07576669994165101,0.08326157912715904,0.07068653424572474,0.500561867920319,0.7500146167310279,0.24998538326897207,0.08410816243771113,-0.04719192576881781,-0.04180989749912667
cost10,opt:static_ridge100,2022,251,-0.22527713186991954,-0.19243130498745156,0.14797708579927274,0.9918501170415475,0.7373217247213312,0.2626782752786687,-0.1840689655796801,-0.21844496717464523,-0.09193373872138755
cost10,opt:static_ridge100,2023,250,0.14982653509766236,0.15784129580090736,0.07309701636977628,0.27441373859939033,0.6896248702248354,0.31037512977516457,0.1678148455032804,-0.06402925120840608,-0.04662655653316883
cost10,opt:static_ridge100,2024,250,0.17089452751113168,0.1838688810787998,0.09300305933200308,1.354317368243159,0.7194252217583159,0.2805747782416839,0.19660685103528341,-0.06268145471816433,-0.04631120942746125
cost25,bil,all,1756,0.021178956501346692,0.021190356297298447,0.0027567850782815972,1.9975062344139651,0.0,1.0,0.021411676865901175,-0.0023846417403163844,-0.0015550539607166458
cost25,bil,excluding_2020,1503,0.024078009799205734,0.024090139348433823,0.002843653662466696,1.9975062344139651,0.0,1.0,,,
cost25,bil,2018,248,0.014622838433957678,0.014637193062266771,0.0030935016091902085,0.9975062344139651,0.0,1.0,0.014739569748805303,-0.0023846417403163844,-0.0015550539607166458
cost25,bil,2019,252,0.020112922950337377,0.020118293465050674,0.0018921794688133377,0.0,0.0,1.0,0.020319391991693525,-0.00021858292867327211,0.001060535991363576
cost25,bil,2020,253,0.0039585583880944455,0.003963581886798568,0.0018300270861606313,0.0,0.0,1.0,0.003969741565877927,-0.0008843796237626433,-0.0006330212490825993
cost25,bil,2021,252,-0.0009859307977626863,-0.0009830384990856533,0.0013885960960704085,0.0,0.0,1.0,-0.000983516737307344,-0.0010929180423983054,-0.0003283114069049242
cost25,bil,2022,251,0.013997618811955345,0.014006849275223924,0.002480653579009556,0.0,0.0,1.0,0.014101902857260429,-0.00032812845018137526,-0.00032812845018137526
cost25,bil,2023,250,0.04864780052460125,0.04865995646273454,0.0028467452916499146,0.0,0.0,1.0,0.04985412428985869,-0.00021813266807546583,0.0028759298612048845
cost25,bil,2024,250,0.048281609223696315,0.04829865210426341,0.0033707447809142766,1.0,0.0,1.0,0.04947324261229169,-0.002063137596616582,0.0018479264112991611
cost25,equal,all,1756,0.04329057918142848,0.05673318967548708,0.09466646887558655,6.68923987189816,0.7358727875614218,0.2641272124385783,0.053625647158240364,-0.19723329690402736,-0.15844921061852468
cost25,equal,excluding_2020,1503,0.03261346864886083,0.04307347230631705,0.08350650137347079,5.679024748156918,0.7452384668311531,0.2547615331688469,,,
cost25,equal,2018,248,-0.06139905463366244,-0.052083523376481415,0.07880580036681319,1.5607282490090348,0.7496358025857222,0.25036419741427784,-0.05369087029283659,-0.09496196430807624,-0.051821177175725985
cost25,equal,2019,252,0.15149528877201546,0.15613348120616088,0.05560690864838901,0.4789068648729864,0.7503252641702058,0.24967473582979424,0.16712801946118327,-0.02619060516555094,-0.023730552776005664
cost25,equal,2020,253,0.10665436800314929,0.13788162922435093,0.1442850447810436,1.0102151237412413,0.6802339893700928,0.31976601062990717,0.1358668141407977,-0.1612545667642331,-0.15844921061852446
cost25,equal,2021,252,0.05308902176509119,0.060043279543811834,0.0680894400952191,0.7523893799517003,0.7245503822900744,0.2754496177099256,0.059424711639417316,-0.03655503912578617,-0.032089724135505704
cost25,equal,2022,251,-0.16883140625340465,-0.14495693507314336,0.12615987523842195,0.8216015933711336,0.7495719275996406,0.2504280724003594,-0.14180319635304983,-0.18836211197528818,-0.08547337178226688
cost25,equal,2023,250,0.12912914514376225,0.13822746100356353,0.07788160184879474,0.5224962425536758,0.750209939579804,0.2497900604201961,0.14473609443881164,-0.07406364098871432,-0.05044028436848347
cost25,equal,2024,250,0.09134460557325338,0.10002769766894759,0.07608369118146235,1.5429024183983877,0.7472801399020504,0.2527198600979496,0.10199590650676282,-0.04114931660207444,-0.020162428303947544
cost25,gate:cal_gbm2,all,1756,0.025135520990300916,0.026226706800790166,0.02697141462720918,17.472962369789865,0.030817693949094487,0.9691823060509055,0.0261995284398302,-0.050386175248260834,-0.03242743183107655
cost25,gate:cal_gbm2,excluding_2020,1503,0.028700694777395466,0.029974258765687087,0.029138336583632914,17.47296236978986,0.036005236576586774,0.9639947634234132,,,
cost25,gate:cal_gbm2,2018,248,0.014622838433957902,0.014637193062266997,0.003093501609190286,0.9975062344139686,0.0,1.0,0.014739569748805526,-0.0023846417403163844,-0.0015550539607166458
cost25,gate:cal_gbm2,2019,252,0.020112922950338154,0.02011829346505145,0.0018921794688133069,4.981625146193933e-15,0.0,1.0,0.02031939199169419,-0.00021858292867327211,0.0010605359913631318
cost25,gate:cal_gbm2,2020,253,0.003958558388093669,0.003963581886797793,0.0018300270861608939,4.058879582913399e-15,0.0,1.0,0.003969741565877927,-0.0008843796237624213,-0.0006330212490828213
cost25,gate:cal_gbm2,2021,252,-0.0009859307977622437,-0.0009830384990852092,0.0013885960960707963,2.779190335243945e-15,0.0,1.0,-0.0009835167373068998,-0.0010929180423980833,-0.0003283114069049242
cost25,gate:cal_gbm2,2022,251,0.03876810627090057,0.046259176348767465,0.07066856952406728,14.96666619614951,0.21160025958043246,0.7883997404195675,0.044742481770518205,-0.05038617524826006,-0.032427431831076214
cost25,gate:cal_gbm2,2023,250,0.051546570273336256,0.05165394601742031,0.008460722746277034,0.5087899392263696,0.004016821679685496,0.9959831783203145,0.05296826205907945,-0.004200437719382388,0.0028759298612051065
cost25,gate:cal_gbm2,2024,250,0.048281609223697994,0.04829865210426509,0.00337074478091432,1.0000000000000042,0.0,1.0,0.04947324261229369,-0.002063137596616582,0.0018479264112996052
cost25,gate:cal_ridge100,all,1756,0.020051365750203803,0.021327482683378023,0.029167526842640377,19.10628688970588,0.02036040605534576,0.9796395939446543,0.021120907986574622,-0.05482772148638404,-0.05482772148638404
cost25,gate:cal_ridge100,excluding_2020,1503,0.022760475508157144,0.02425034821999466,0.03151584481746198,19.10628688970588,0.023787673342107223,0.9762123266578928,,,
cost25,gate:cal_ridge100,2018,248,0.014622838433957902,0.014637193062266997,0.003093501609190286,0.9975062344139686,0.0,1.0,0.014739569748805526,-0.0023846417403163844,-0.0015550539607166458
cost25,gate:cal_ridge100,2019,252,0.020112922950338154,0.02011829346505145,0.0018921794688133069,4.981625146193933e-15,0.0,1.0,0.02031939199169419,-0.00021858292867327211,0.0010605359913631318
cost25,gate:cal_ridge100,2020,253,0.003958558388093669,0.003963581886797793,0.0018300270861608939,4.058879582913399e-15,0.0,1.0,0.003969741565877927,-0.0008843796237624213,-0.0006330212490828213
cost25,gate:cal_ridge100,2021,252,-0.0009859307977622437,-0.0009830384990852092,0.0013885960960707963,2.779190335243945e-15,0.0,1.0,-0.0009835167373068998,-0.0010929180423980833,-0.0003283114069049242
cost25,gate:cal_ridge100,2022,251,0.006078565236035142,0.014966187657514236,0.07697455173185094,17.108780655291895,0.14244172523182133,0.8575582747681787,0.012083960021993079,-0.05482772148638404,-0.05482772148638404
cost25,gate:cal_ridge100,2023,250,0.04864780052460158,0.048659956462734875,0.0028467452916497945,6.001401665149293e-15,0.0,1.0,0.0498541242898598,-0.00021813266807546583,0.0028759298612053286
cost25,gate:cal_ridge100,2024,250,0.04828160922369878,0.04829865210426587,0.0033707447809141425,1.0000000000000038,0.0,1.0,0.04947324261229391,-0.00206313759661636,0.0018479264112996052
cost25,gate:mean,all,1756,0.02117895650134666,0.021190356297298416,0.0027567850782816692,1.9975062344139953,0.0,1.0,0.021411676865901175,-0.0023846417403163844,-0.0015550539607166458
cost25,gate:mean,excluding_2020,1503,0.024078009799205827,0.024090139348433917,0.002843653662466746,1.997506234413991,0.0,1.0,,,
cost25,gate:mean,2018,248,0.014622838433957902,0.014637193062266997,0.003093501609190286,0.9975062344139686,0.0,1.0,0.014739569748805526,-0.0023846417403163844,-0.0015550539607166458
cost25,gate:mean,2019,252,0.020112922950338154,0.02011829346505145,0.0018921794688133069,4.981625146193933e-15,0.0,1.0,0.02031939199169419,-0.00021858292867327211,0.0010605359913631318
cost25,gate:mean,2020,253,0.003958558388093669,0.003963581886797793,0.0018300270861608939,4.058879582913399e-15,0.0,1.0,0.003969741565877927,-0.0008843796237624213,-0.0006330212490828213
cost25,gate:mean,2021,252,-0.0009859307977622437,-0.0009830384990852092,0.0013885960960707963,2.779190335243945e-15,0.0,1.0,-0.0009835167373068998,-0.0010929180423980833,-0.0003283114069049242
cost25,gate:mean,2022,251,0.01399761881195412,0.014006849275222699,0.0024806535790095384,7.25226151621024e-15,0.0,1.0,0.014101902857259319,-0.00032812845018126424,-0.00032812845018126424
cost25,gate:mean,2023,250,0.04864780052460102,0.04865995646273431,0.002846745291649922,4.1112195521805195e-15,0.0,1.0,0.04985412428985869,-0.00021813266807546583,0.0028759298612051065
cost25,gate:mean,2024,250,0.04828160922369688,0.04829865210426397,0.003370744780914319,1.0000000000000038,0.0,1.0,0.04947324261229191,-0.002063137596616582,0.0018479264112996052
cost25,gate:raw_gbm2,all,1756,0.012126491735218552,0.017171806286815784,0.057996060507573735,35.29794520268331,0.0557983939574433,0.9442016060425567,0.01560385287187116,-0.13769260550367657,-0.11416383771332428
cost25,gate:raw_gbm2,excluding_2020,1503,0.020132466296719262,0.02209759705191453,0.03619512633118134,26.072606994267197,0.04864970469466507,0.9513502953053348,,,
cost25,gate:raw_gbm2,2018,248,-0.028613444850867923,-0.024879600287820706,0.04989218083726291,8.28816616635806,0.0713429807882869,0.9286570192117131,-0.025779781075497166,-0.07235274225581045,-0.054981559479681086
cost25,gate:raw_gbm2,2019,252,0.011561085735834855,0.012029175191328845,0.01766520979201756,1.308984692533254,0.005204668039589418,0.9947953319604106,0.011942871340411942,-0.01622369139258184,-0.008672122703967444
cost25,gate:raw_gbm2,2020,253,-0.03550912560011596,-0.012090895373039597,0.124948603372417,9.225338208416101,0.09826669420232742,0.9017333057976726,-0.01972197213086413,-0.13769260550367668,-0.1141638377133245
cost25,gate:raw_gbm2,2021,252,-0.0009859307977608,-0.000983038499083766,0.001388596096070678,1.9536513114879947e-15,0.0,1.0,-0.0009835167373054565,-0.001092918042396418,-0.00032831140690448013
cost25,gate:raw_gbm2,2022,251,0.038768106270898064,0.0462591763487649,0.070668569524067,14.96666619614951,0.21160025958043246,0.7883997404195675,0.044742481770515985,-0.050386175248259835,-0.03242743183107655
cost25,gate:raw_gbm2,2023,250,0.05154657027333849,0.05165394601742255,0.008460722746277268,0.5087899392263686,0.004016821679685496,0.9959831783203145,0.05296826205908167,-0.004200437719382388,0.0028759298612048845
cost25,gate:raw_gbm2,2024,250,0.04828160922369565,0.04829865210426274,0.0033707447809142874,1.0000000000000047,0.0,1.0,0.04947324261229147,-0.002063137596616582,0.0018479264112993832
cost25,gate:raw_ridge100,all,1756,0.02024709600514029,0.024106821299072368,0.05072622789006411,30.672935881562385,0.038418599611804626,0.9615814003881954,0.023082880543445983,-0.09040448546396662,-0.07066926137798901
cost25,gate:raw_ridge100,excluding_2020,1503,0.018926179257470754,0.02069259001602766,0.03431628144731405,23.789609299244322,0.029265434635756312,0.9707345653642437,,,
cost25,gate:raw_ridge100,2018,248,7.222433894769138e-05,0.0012950447736181263,0.028551946047749938,4.37184395141916,0.02790926967087921,0.9720907303291209,0.0008897005661729906,-0.05193963293745141,-0.037717352621023936
cost25,gate:raw_ridge100,2019,252,0.01156108573583663,0.012029175191330621,0.017665209792017585,1.3089846925332558,0.005204668039589418,0.9947953319604106,0.011942871340413275,-0.01622369139258184,-0.008672122703967111
cost25,gate:raw_ridge100,2020,253,0.028040795739445165,0.04438978421771349,0.10439983549881139,6.883326582318067,0.09279491170271614,0.9072050882972839,0.03973618533716183,-0.09040448546396662,-0.07066926137798901
cost25,gate:raw_ridge100,2021,252,-0.0009859307977590245,-0.0009830384990819896,0.0013885960960709027,3.3751876802026634e-15,0.0,1.0,-0.0009835167373036802,-0.0010929180423947527,-0.00032831140690448013
cost25,gate:raw_ridge100,2022,251,0.006078565236033815,0.014966187657512899,0.07697455173185089,17.10878065529189,0.14244172523182133,0.8575582747681787,0.012083960021991969,-0.054827721486383374,-0.054827721486383374
cost25,gate:raw_ridge100,2023,250,0.048647800524601346,0.048659956462734646,0.002846745291649984,5.510904581769643e-15,0.0,1.0,0.04985412428985958,-0.00021813266807546583,0.0028759298612059947
cost25,gate:raw_ridge100,2024,250,0.04828160922369778,0.048298652104264865,0.003370744780914077,1.0000000000000047,0.0,1.0,0.04947324261229369,-0.002063137596616138,0.0018479264112998273
cost25,gate:static_gbm2,all,1756,0.02117895650134666,0.021190356297298416,0.0027567850782816692,1.9975062344139953,0.0,1.0,0.021411676865901175,-0.0023846417403163844,-0.0015550539607166458
cost25,gate:static_gbm2,excluding_2020,1503,0.024078009799205827,0.024090139348433917,0.002843653662466746,1.997506234413991,0.0,1.0,,,
cost25,gate:static_gbm2,2018,248,0.014622838433957902,0.014637193062266997,0.003093501609190286,0.9975062344139686,0.0,1.0,0.014739569748805526,-0.0023846417403163844,-0.0015550539607166458
cost25,gate:static_gbm2,2019,252,0.020112922950338154,0.02011829346505145,0.0018921794688133069,4.981625146193933e-15,0.0,1.0,0.02031939199169419,-0.00021858292867327211,0.0010605359913631318
cost25,gate:static_gbm2,2020,253,0.003958558388093669,0.003963581886797793,0.0018300270861608939,4.058879582913399e-15,0.0,1.0,0.003969741565877927,-0.0008843796237624213,-0.0006330212490828213
cost25,gate:static_gbm2,2021,252,-0.0009859307977622437,-0.0009830384990852092,0.0013885960960707963,2.779190335243945e-15,0.0,1.0,-0.0009835167373068998,-0.0010929180423980833,-0.0003283114069049242
cost25,gate:static_gbm2,2022,251,0.01399761881195412,0.014006849275222699,0.0024806535790095384,7.25226151621024e-15,0.0,1.0,0.014101902857259319,-0.00032812845018126424,-0.00032812845018126424
cost25,gate:static_gbm2,2023,250,0.04864780052460102,0.04865995646273431,0.002846745291649922,4.1112195521805195e-15,0.0,1.0,0.04985412428985869,-0.00021813266807546583,0.0028759298612051065
cost25,gate:static_gbm2,2024,250,0.04828160922369688,0.04829865210426397,0.003370744780914319,1.0000000000000038,0.0,1.0,0.04947324261229191,-0.002063137596616582,0.0018479264112996052
cost25,gate:static_ridge100,all,1756,0.02117895650134666,0.021190356297298416,0.0027567850782816692,1.9975062344139953,0.0,1.0,0.021411676865901175,-0.0023846417403163844,-0.0015550539607166458
cost25,gate:static_ridge100,excluding_2020,1503,0.024078009799205827,0.024090139348433917,0.002843653662466746,1.997506234413991,0.0,1.0,,,
cost25,gate:static_ridge100,2018,248,0.014622838433957902,0.014637193062266997,0.003093501609190286,0.9975062344139686,0.0,1.0,0.014739569748805526,-0.0023846417403163844,-0.0015550539607166458
cost25,gate:static_ridge100,2019,252,0.020112922950338154,0.02011829346505145,0.0018921794688133069,4.981625146193933e-15,0.0,1.0,0.02031939199169419,-0.00021858292867327211,0.0010605359913631318
cost25,gate:static_ridge100,2020,253,0.003958558388093669,0.003963581886797793,0.0018300270861608939,4.058879582913399e-15,0.0,1.0,0.003969741565877927,-0.0008843796237624213,-0.0006330212490828213
cost25,gate:static_ridge100,2021,252,-0.0009859307977622437,-0.0009830384990852092,0.0013885960960707963,2.779190335243945e-15,0.0,1.0,-0.0009835167373068998,-0.0010929180423980833,-0.0003283114069049242
cost25,gate:static_ridge100,2022,251,0.01399761881195412,0.014006849275222699,0.0024806535790095384,7.25226151621024e-15,0.0,1.0,0.014101902857259319,-0.00032812845018126424,-0.00032812845018126424
cost25,gate:static_ridge100,2023,250,0.04864780052460102,0.04865995646273431,0.002846745291649922,4.1112195521805195e-15,0.0,1.0,0.04985412428985869,-0.00021813266807546583,0.0028759298612051065
cost25,gate:static_ridge100,2024,250,0.04828160922369688,0.04829865210426397,0.003370744780914319,1.0000000000000038,0.0,1.0,0.04947324261229191,-0.002063137596616582,0.0018479264112996052
cost25,hold,all,1756,0.05317180261332993,0.06829640859437228,0.10041449424275477,1.9975062344139651,0.7789292731226538,0.22107072687734616,0.06528120313427554,-0.21592265511736863,-0.15162039618225864
cost25,hold,excluding_2020,1503,0.039620728713262235,0.05260501180854691,0.09303864105945328,1.9975062344139651,0.7797235744193916,0.22027642558060836,,,
cost25,hold,2018,248,-0.06226514929480409,-0.05295665720243913,0.0787760204307756,0.9975062344139651,0.7452334446852383,0.2547665553147617,-0.054515170568713356,-0.09519862618231578,-0.05266485560379053
cost25,hold,2019,252,0.15016835247034424,0.1546086989925738,0.054408005061936465,0.0,0.751780753394054,0.2482192466059458,0.16542727767890852,-0.026184715954458038,-0.0237802378278803
cost25,hold,2020,253,0.13363351154637698,0.16151446934178543,0.1363352676197137,0.0,0.7742105583044843,0.22578944169551574,0.16432874769600647,-0.15461528243232237,-0.15162039618225853
cost25,hold,2021,252,0.06840968347116079,0.07890132824118135,0.08363270799561841,0.0,0.8056524029437915,0.19434759705620858,0.07831868891849547,-0.04938705852339398,-0.03689765947369117
cost25,hold,2022,251,-0.19954890407346199,-0.1690678412501939,0.14255072272298516,0.0,0.7859458268285995,0.21405417317140055,-0.1640994623055244,-0.2074689231214084,-0.09178112580122677
cost25,hold,2023,250,0.15645801986454633,0.1671312396536026,0.08435330378456346,0.0,0.7860334231652196,0.21396657683478043,0.17767052860488586,-0.07519623272174425,-0.05172355264361628
cost25,hold,2024,250,0.12381631363540307,0.13602910044777056,0.09023224409772623,1.0,0.8034108973919443,0.19658910260805582,0.1410322891755602,-0.057219883579580966,-0.03700177622974188
cost25,opt:cal_gbm2,all,1756,0.028643395696628646,0.04875865490745621,0.11580230052645059,18.76096852290463,0.7239945922191813,0.2760054077808188,0.04291687510450948,-0.21679424934333713,-0.21406611295904077
cost25,opt:cal_gbm2,excluding_2020,1503,0.03129366413600599,0.04748481763606301,0.10389466941749875,17.91029799116397,0.7216277702903935,0.2783722297096066,,,
cost25,opt:cal_gbm2,2018,248,-0.07171153091659228,-0.043862132401373044,0.13625808481265553,1.2242851459155137,0.7412534470850493,0.2587465529149508,-0.0517505621024561,-0.1670797740598846,-0.0853853104333352
cost25,opt:cal_gbm2,2019,252,0.18706581524858498,0.19884495492682763,0.08861579873529944,0.15178981731871455,0.7389983955265166,0.2610016044734834,0.2151353097533113,-0.05119264145208702,-0.04165642457658536
cost25,opt:cal_gbm2,2020,253,0.012742556970092911,0.05632615458691858,0.17045741915373014,0.8506705317406619,0.7380551983811109,0.2619448016188891,0.04254062281768234,-0.2167942493433369,-0.21406611295904054
cost25,opt:cal_gbm2,2021,252,0.04407727194932421,0.0544000354140467,0.08295687017851501,2.797399594860316,0.7451289893011545,0.25487101069884566,0.05228396174041938,-0.05070362104928283,-0.03802069958844867
cost25,opt:cal_gbm2,2022,251,-0.16348978439636735,-0.13346044153421,0.14149050112323766,12.68243934671428,0.7161224893226137,0.2838775106773863,-0.133649571666139,-0.18290086606464995,-0.08229812242159229
cost25,opt:cal_gbm2,2023,250,0.11332357604154816,0.12252872946674163,0.07833753219325322,0.05438408635514479,0.6869624078994235,0.31303759210057647,0.12687264277090304,-0.08377397269266817,-0.050094327954815276
cost25,opt:cal_gbm2,2024,250,0.07720404846107372,0.08518456254017681,0.07294067945530847,1.0,0.7011529443918562,0.29884705560814395,0.08601964906394532,-0.039024096496614424,-0.029890259619713255
cost25,opt:cal_ridge100,all,1756,0.02541959324968149,0.04560903808693627,0.11601564502903557,5.788529955245783,0.7372893592214373,0.26271064077856265,0.0396107239575465,-0.21679424934333713,-0.21406611295904077
cost25,opt:cal_ridge100,excluding_2020,1503,0.027527258148321392,0.043805025795189405,0.10417218965689455,4.937859423505122,0.737160445510594,0.2628395544894059,,,
cost25,opt:cal_ridge100,2018,248,-0.07171153091659228,-0.043862132401373044,0.13625808481265553,1.2242851459155137,0.7412534470850493,0.2587465529149508,-0.0517505621024561,-0.1670797740598846,-0.0853853104333352
cost25,opt:cal_ridge100,2019,252,0.18706581524858498,0.19884495492682763,0.08861579873529944,0.15178981731871455,0.7389983955265166,0.2610016044734834,0.2151353097533113,-0.05119264145208702,-0.04165642457658536
cost25,opt:cal_ridge100,2020,253,0.012742556970092911,0.05632615458691858,0.17045741915373014,0.8506705317406619,0.7380551983811109,0.2619448016188891,0.04254062281768234,-0.2167942493433369,-0.21406611295904054
cost25,opt:cal_ridge100,2021,252,0.05002367997462775,0.056894614791680787,0.06768030150175672,0.8891839730466838,0.7479802346304466,0.25201976536955345,0.056124867973773584,-0.059566500636158315,-0.04797768084078258
cost25,opt:cal_ridge100,2022,251,-0.22197301665348862,-0.18866088135466896,0.14902379071548644,1.6252766126232945,0.7427824453462742,0.25721755465372564,-0.18110905058616,-0.20561391832580556,-0.09293292280612475
cost25,opt:cal_ridge100,2023,250,0.129875208743648,0.13929904715204564,0.07926259482840414,0.04732387460091507,0.7187298150323613,0.28127018496763867,0.14583734877947818,-0.0825375825364183,-0.050961268193832066
cost25,opt:cal_ridge100,2024,250,0.09089228355007113,0.09919804187462632,0.07441217787681075,1.0,0.7331273295430836,0.2668726704569166,0.1012204287015237,-0.03806981782649754,-0.029605259166803344
cost25,opt:mean,all,1756,0.03322461591862158,0.051426365005190135,0.1101567037953011,3.325926791761569,0.730726681571214,0.269273318428786,0.04636866883561441,-0.21679424934333713,-0.21406611295904077
cost25,opt:mean,excluding_2020,1503,0.03664621667676055,0.050601583392297714,0.09645505590873973,2.4752562600209074,0.7294930722878449,0.2705069277121551,,,
cost25,opt:mean,2018,248,-0.07171153091659228,-0.043862132401373044,0.13625808481265553,1.2242851459155137,0.7412534470850493,0.2587465529149508,-0.0517505621024561,-0.1670797740598846,-0.0853853104333352
cost25,opt:mean,2019,252,0.18706581524858498,0.19884495492682763,0.08861579873529944,0.15178981731871455,0.7389983955265166,0.2610016044734834,0.2151353097533113,-0.05119264145208702,-0.04165642457658536
cost25,opt:mean,2020,253,0.012742556970092911,0.05632615458691858,0.17045741915373014,0.8506705317406619,0.7380551983811109,0.2619448016188891,0.04254062281768234,-0.2167942493433369,-0.21406611295904054
cost25,opt:mean,2021,252,0.06678064915510555,0.0730018008665847,0.06440057821417003,0.09918129678667897,0.7479580251086638,0.25204197489133623,0.07349934204245256,-0.04238522896566266,-0.036712527944236406
cost25,opt:mean,2022,251,-0.20688498184499654,-0.18591338588887832,0.11824154925721114,0.0,0.7141017540994822,0.2858982459005179,-0.17547583769341357,-0.1957135553723105,-0.07574659212712531
cost25,opt:mean,2023,250,0.1424345093560186,0.150791334442142,0.07464058362635086,0.0,0.7080978982466197,0.29190210175338016,0.1594841609296831,-0.07353046850137912,-0.044679991364394045
cost25,opt:mean,2024,250,0.10117951949426146,0.10957212984718813,0.07480022438881972,1.0,0.7264807997233927,0.2735192002766073,0.11266737147982497,-0.04210245623957409,-0.03228801074255394
cost25,opt:raw_gbm2,all,1756,0.03448764202716173,0.05744379305279325,0.12370974368963158,30.90687061924313,0.7344815587846104,0.26551844121538953,0.050998599932883915,-0.23724788056464785,-0.23392525304362033
cost25,opt:raw_gbm2,excluding_2020,1503,0.04671975052999289,0.0644914962048441,0.10884773975559074,24.45559486020216,0.7323747878474107,0.26762521215258933,,,
cost25,opt:raw_gbm2,2018,248,-0.09041675326014012,-0.06316369923577789,0.13479133014741027,4.119995026322602,0.7478225387086986,0.2521774612913013,-0.06969309086717579,-0.1280924332890051,-0.07787652622103725
cost25,opt:raw_gbm2,2019,252,0.19631325393894533,0.20515326694518343,0.07676810538341249,1.5859094750245206,0.7485820191577993,0.2514179808422008,0.22401316840696173,-0.027611701854809323,-0.025804584457615465
cost25,opt:raw_gbm2,2020,253,-0.0383602873749863,0.015575422153455613,0.1896236791269169,6.451275759040966,0.746997277039991,0.253002722960009,-0.0026421535226965887,-0.23724788056464752,-0.23392525304362
cost25,opt:raw_gbm2,2021,252,0.03386092999755458,0.04432847685046981,0.083536606159277,2.617826499946367,0.7441192146134928,0.2558807853865071,0.041690603886232136,-0.05078078803794239,-0.03835113410274471
cost25,opt:raw_gbm2,2022,251,-0.16354617570824231,-0.13351538454464534,0.14149391309310086,12.678722077034159,0.7161221854485349,0.2838778145514651,-0.13369761943269343,-0.18295403082625894,-0.0822981224215914
cost25,opt:raw_gbm2,2023,250,0.1425519865109275,0.15343780887501562,0.0851892887010573,1.0742780626494146,0.69328373941102,0.30671626058898005,0.1615816147195981,-0.09128650504596691,-0.04879695277709506
cost25,opt:raw_gbm2,2024,250,0.16042771204617315,0.17951530428720422,0.11280541429391014,2.378863719225099,0.7442840088967924,0.25571599110320764,0.18899493761876807,-0.07449809642756677,-0.04522216204508733
cost25,opt:raw_ridge100,all,1756,0.03126456937787147,0.053726887406915794,0.1223718868287547,8.543611402189452,0.741180496960608,0.258819503039392,0.04726819594302456,-0.22452407754765724,-0.22174616583910256
cost25,opt:raw_ridge100,excluding_2020,1503,0.036295080832343576,0.053388934025916455,0.10675159075652495,6.074441581205014,0.7406496466257134,0.2593503533742865,,,
cost25,opt:raw_ridge100,2018,248,-0.05707555258861158,-0.028553988800258827,0.13789262438180597,1.8054115248621483,0.7478197102915075,0.2521802897084926,-0.03733328131760494,-0.1574614519099341,-0.0846456919058095
cost25,opt:raw_ridge100,2019,252,0.180482635354431,0.19103349045431062,0.08386836948408953,0.46364376793744777,0.7465908194976091,0.2534091805023909,0.20618005341684387,-0.05000125656364496,-0.04077687291391652
cost25,opt:raw_ridge100,2020,253,0.0011853901682959203,0.05573457093119251,0.1906990312209208,2.4691698209844377,0.7443341256299616,0.25566587437003846,0.037985985817428514,-0.22452407754765713,-0.22174616583910256
cost25,opt:raw_ridge100,2021,252,0.04629791925340704,0.053936415164446694,0.07136056759415364,0.5081100927328241,0.7454228614857197,0.2545771385142802,0.052737473213874564,-0.06363053253292528,-0.05090045050097303
cost25,opt:raw_ridge100,2022,251,-0.22786376744362566,-0.1946646644603792,0.14877074753513983,1.4675967072913205,0.7434296973782307,0.25657030262176933,-0.1859841106051794,-0.2100389943836103,-0.09523120537057295
cost25,opt:raw_ridge100,2023,250,0.13773241863627975,0.14724325112276382,0.07962760194172232,0.15291962638494777,0.7215649929591129,0.27843500704088703,0.15493805928319104,-0.0832960796466713,-0.04978224790163521
cost25,opt:raw_ridge100,2024,250,0.13756132801291462,0.15057023538541597,0.09312682167346256,1.676759861996325,0.7390303233465623,0.26096967665343784,0.15743514796894265,-0.04159889218824919,-0.03458087417592459
cost25,opt:static_gbm2,all,1756,0.0338642243262621,0.05199887103490646,0.1099534650314831,3.3249455639987913,0.7309888875953235,0.26901111240467657,0.04699119779740424,-0.21679424934333713,-0.21406611295904077
cost25,opt:static_gbm2,excluding_2020,1503,0.03739349170410898,0.051270459365805286,0.09618373965730487,2.47427503225813,0.7297994154537373,0.2702005845462629,,,
cost25,opt:static_gbm2,2018,248,-0.07171153091659228,-0.043862132401373044,0.13625808481265553,1.2242851459155137,0.7412534470850493,0.2587465529149508,-0.0517505621024561,-0.1670797740598846,-0.0853853104333352
cost25,opt:static_gbm2,2019,252,0.18706581524858498,0.19884495492682763,0.08861579873529944,0.15178981731871455,0.7389983955265166,0.2610016044734834,0.2151353097533113,-0.05119264145208702,-0.04165642457658536
cost25,opt:static_gbm2,2020,253,0.012742556970092911,0.05632615458691858,0.17045741915373014,0.8506705317406619,0.7380551983811109,0.2619448016188891,0.04254062281768234,-0.2167942493433369,-0.21406611295904054
cost25,opt:static_gbm2,2021,252,0.06688785621765074,0.07302364685541396,0.06395722861289525,0.09820006902390126,0.7473719095221181,0.2526280904778818,0.07355324454108225,-0.04182868790831418,-0.036096684187455375
cost25,opt:static_gbm2,2022,251,-0.2038182120098931,-0.18299567077467285,0.11782060158059583,0.0,0.7146283179818239,0.2853716820181761,-0.1730237947397696,-0.19339852881687258,-0.07562041998369384
cost25,opt:static_gbm2,2023,250,0.14280676664715392,0.15100091532467472,0.07391052553604169,0.0,0.709013466334605,0.29098653366539495,0.15978963938234436,-0.07216286926795346,-0.04397519129513805
cost25,opt:static_gbm2,2024,250,0.10210697263653658,0.11043242458598074,0.07450034429201949,1.0,0.7274691011221188,0.27253089887788123,0.11364944480958639,-0.04212964861764612,-0.032134789442074374
cost25,opt:static_ridge100,all,1756,0.03315548712943596,0.05136237771108441,0.11017226082109915,3.326265245285594,0.7306942581704243,0.2693057418295758,0.046299936191137814,-0.21679424934333713,-0.21406611295904077
cost25,opt:static_ridge100,excluding_2020,1503,0.036565451601144654,0.05052682511654945,0.09647581222048973,2.4755947135449325,0.7294551910557844,0.2705448089442156,,,
cost25,opt:static_ridge100,2018,248,-0.07171153091659228,-0.043862132401373044,0.13625808481265553,1.2242851459155137,0.7412534470850493,0.2587465529149508,-0.0517505621024561,-0.1670797740598846,-0.0853853104333352
cost25,opt:static_ridge100,2019,252,0.18706581524858498,0.19884495492682763,0.08861579873529944,0.15178981731871455,0.7389983955265166,0.2610016044734834,0.2151353097533113,-0.05119264145208702,-0.04165642457658536
cost25,opt:static_ridge100,2020,253,0.012742556970092911,0.05632615458691858,0.17045741915373014,0.8506705317406619,0.7380551983811109,0.2619448016188891,0.04254062281768234,-0.2167942493433369,-0.21406611295904054
cost25,opt:static_ridge100,2021,252,0.0667227856134856,0.07295128592895073,0.06443860289953078,0.09951975031070402,0.7479523148086147,0.25204768519138543,0.07344250762091731,-0.04244028433088454,-0.03677155920713138
cost25,opt:static_ridge100,2022,251,-0.20714230325620442,-0.186161378710416,0.11826784444863113,0.0,0.7140569415677769,0.2859430584322232,-0.1756830001839178,-0.19589959890877695,-0.07575510390423057
cost25,opt:static_ridge100,2023,250,0.14238691158930394,0.15075720104511114,0.07470068922398329,0.0,0.7080167555987791,0.2919832444012209,0.15943942967404245,-0.07364863373314057,-0.04473885445239856
cost25,opt:static_ridge100,2024,250,0.10105868253689461,0.10945672034037923,0.07482440690703634,1.0,0.7263849481683676,0.2736150518316323,0.1125370141240587,-0.04209635624825314,-0.03230025373554668
fixed_cost25,bil,all,1756,0.021178956501346692,0.021190356297298447,0.0027567850782815972,1.9975062344139651,0.0,1.0,0.021411676865901175,-0.0023846417403163844,-0.0015550539607166458
fixed_cost25,bil,excluding_2020,1503,0.024078009799205734,0.024090139348433823,0.002843653662466696,1.9975062344139651,0.0,1.0,,,
fixed_cost25,bil,2018,248,0.014622838433957678,0.014637193062266771,0.0030935016091902085,0.9975062344139651,0.0,1.0,0.014739569748805303,-0.0023846417403163844,-0.0015550539607166458
fixed_cost25,bil,2019,252,0.020112922950337377,0.020118293465050674,0.0018921794688133377,0.0,0.0,1.0,0.020319391991693525,-0.00021858292867327211,0.001060535991363576
fixed_cost25,bil,2020,253,0.0039585583880944455,0.003963581886798568,0.0018300270861606313,0.0,0.0,1.0,0.003969741565877927,-0.0008843796237626433,-0.0006330212490825993
fixed_cost25,bil,2021,252,-0.0009859307977626863,-0.0009830384990856533,0.0013885960960704085,0.0,0.0,1.0,-0.000983516737307344,-0.0010929180423983054,-0.0003283114069049242
fixed_cost25,bil,2022,251,0.013997618811955345,0.014006849275223924,0.002480653579009556,0.0,0.0,1.0,0.014101902857260429,-0.00032812845018137526,-0.00032812845018137526
fixed_cost25,bil,2023,250,0.04864780052460125,0.04865995646273454,0.0028467452916499146,0.0,0.0,1.0,0.04985412428985869,-0.00021813266807546583,0.0028759298612048845
fixed_cost25,bil,2024,250,0.048281609223696315,0.04829865210426341,0.0033707447809142766,1.0,0.0,1.0,0.04947324261229169,-0.002063137596616582,0.0018479264112991611
fixed_cost25,equal,all,1756,0.04329057918142848,0.05673318967548708,0.09466646887558655,6.68923987189816,0.7358727875614218,0.2641272124385783,0.053625647158240364,-0.19723329690402736,-0.15844921061852468
fixed_cost25,equal,excluding_2020,1503,0.03261346864886083,0.04307347230631705,0.08350650137347079,5.679024748156918,0.7452384668311531,0.2547615331688469,,,
fixed_cost25,equal,2018,248,-0.06139905463366244,-0.052083523376481415,0.07880580036681319,1.5607282490090348,0.7496358025857222,0.25036419741427784,-0.05369087029283659,-0.09496196430807624,-0.051821177175725985
fixed_cost25,equal,2019,252,0.15149528877201546,0.15613348120616088,0.05560690864838901,0.4789068648729864,0.7503252641702058,0.24967473582979424,0.16712801946118327,-0.02619060516555094,-0.023730552776005664
fixed_cost25,equal,2020,253,0.10665436800314929,0.13788162922435093,0.1442850447810436,1.0102151237412413,0.6802339893700928,0.31976601062990717,0.1358668141407977,-0.1612545667642331,-0.15844921061852446
fixed_cost25,equal,2021,252,0.05308902176509119,0.060043279543811834,0.0680894400952191,0.7523893799517003,0.7245503822900744,0.2754496177099256,0.059424711639417316,-0.03655503912578617,-0.032089724135505704
fixed_cost25,equal,2022,251,-0.16883140625340465,-0.14495693507314336,0.12615987523842195,0.8216015933711336,0.7495719275996406,0.2504280724003594,-0.14180319635304983,-0.18836211197528818,-0.08547337178226688
fixed_cost25,equal,2023,250,0.12912914514376225,0.13822746100356353,0.07788160184879474,0.5224962425536758,0.750209939579804,0.2497900604201961,0.14473609443881164,-0.07406364098871432,-0.05044028436848347
fixed_cost25,equal,2024,250,0.09134460557325338,0.10002769766894759,0.07608369118146235,1.5429024183983877,0.7472801399020504,0.2527198600979496,0.10199590650676282,-0.04114931660207444,-0.020162428303947544
fixed_cost25,gate:cal_gbm2,all,1756,0.0048911378169751215,0.009185117692907793,0.0535037685646701,49.72448578945142,0.10862155691311436,0.8913784430868856,0.007783967442945183,-0.14834889961499076,-0.08720834952926138
fixed_cost25,gate:cal_gbm2,excluding_2020,1503,0.005047666845767381,0.010064058849891047,0.0578295887594097,49.72448578945141,0.12690582431099723,0.8730941756890028,,,
fixed_cost25,gate:cal_gbm2,2018,248,0.014622838433957902,0.014637193062266997,0.003093501609190286,0.9975062344139686,0.0,1.0,0.014739569748805526,-0.0023846417403163844,-0.0015550539607166458
fixed_cost25,gate:cal_gbm2,2019,252,0.020112922950338154,0.02011829346505145,0.0018921794688133069,4.981625146193933e-15,0.0,1.0,0.02031939199169419,-0.00021858292867327211,0.0010605359913631318
fixed_cost25,gate:cal_gbm2,2020,253,0.003958558388093669,0.003963581886797793,0.0018300270861608939,4.058879582913399e-15,0.0,1.0,0.003969741565877927,-0.0008843796237624213,-0.0006330212490828213
fixed_cost25,gate:cal_gbm2,2021,252,0.023875600788610125,0.028385192098054568,0.05483059553111104,15.345984508020013,0.20142552781734355,0.7985744721826565,0.027250611620595278,-0.03618930038949619,-0.028405042166022132
fixed_cost25,gate:cal_gbm2,2022,251,-0.12729897841329402,-0.10220900583035054,0.12933154444538653,29.485886130649206,0.5406549328659389,0.45934506713406104,-0.10467082848030351,-0.14834889961498998,-0.08720834952926115
fixed_cost25,gate:cal_gbm2,2023,250,0.053170859154910266,0.053473044327528654,0.014193547186858934,1.8950876427851449,0.012121411425302746,0.9878785885746972,0.05481710551055374,-0.0054126219393526576,-0.0010066989866799325
fixed_cost25,gate:cal_gbm2,2024,250,0.046134646384460805,0.04623831036630853,0.008313201623430928,2.0000212735830747,0.00498191969512751,0.9950180803048725,0.04728340915548124,-0.006312891078941285,-0.0023249996926627547
fixed_cost25,gate:cal_ridge100,all,1756,-0.008441623647766072,-0.0029639305671158014,0.06043008677058292,28.156806883079312,0.09872452823846446,0.9012754717615354,-0.0047795534150805175,-0.18639690068905224,-0.08804921013446843
fixed_cost25,gate:cal_ridge100,excluding_2020,1503,-0.010529506825945004,-0.004130038784574311,0.06531701177779387,28.15680688307931,0.11534282873369503,0.8846571712663049,,,
fixed_cost25,gate:cal_ridge100,2018,248,0.014622838433957902,0.014637193062266997,0.003093501609190286,0.9975062344139686,0.0,1.0,0.014739569748805526,-0.0023846417403163844,-0.0015550539607166458
fixed_cost25,gate:cal_ridge100,2019,252,0.020112922950338154,0.02011829346505145,0.0018921794688133069,4.981625146193933e-15,0.0,1.0,0.02031939199169419,-0.00021858292867327211,0.0010605359913631318
fixed_cost25,gate:cal_ridge100,2020,253,0.003958558388093669,0.003963581886797793,0.0018300270861608939,4.058879582913399e-15,0.0,1.0,0.003969741565877927,-0.0008843796237624213,-0.0006330212490828213
fixed_cost25,gate:cal_ridge100,2021,252,0.007879100036705522,0.011036490176472458,0.04587948081489832,12.644397615156086,0.129058280820952,0.8709417191790482,0.010038390756724969,-0.025884066667197114,-0.017735296318254656
fixed_cost25,gate:cal_ridge100,2022,251,-0.21487200904682036,-0.18018506776283882,0.15206783855455547,12.382848323537,0.5521302249783878,0.44786977502161224,-0.1745134094643055,-0.1863969006890518,-0.08804921013446831
fixed_cost25,gate:cal_ridge100,2023,250,0.061531965426156986,0.06185324532833937,0.014635115355026266,1.1320547099722453,0.009011593401153532,0.9909884065988465,0.06368543933303061,-0.004106899002246811,0.0017667056992187735
fixed_cost25,gate:cal_ridge100,2024,250,0.048281609223697994,0.04829865210426509,0.0033707447809143147,1.000000000000004,0.0,1.0,0.04947324261229347,-0.002063137596616582,0.0018479264112996052
fixed_cost25,gate:mean,all,1756,0.01633614952126826,0.018186356018287476,0.03512080577112107,4.001597274335246,0.0718759303708057,0.9281240696291944,0.017724376281589294,-0.09195701361579622,-0.04157167589452593
fixed_cost25,gate:mean,excluding_2020,1503,0.018419696344035816,0.020580475682470366,0.03795417709497029,4.001597274335243,0.08397480620833987,0.9160251937916601,,,
fixed_cost25,gate:mean,2018,248,0.014622838433957902,0.014637193062266997,0.003093501609190286,0.9975062344139686,0.0,1.0,0.014739569748805526,-0.0023846417403163844,-0.0015550539607166458
fixed_cost25,gate:mean,2019,252,0.020112922950338154,0.02011829346505145,0.0018921794688133069,4.981625146193933e-15,0.0,1.0,0.02031939199169419,-0.00021858292867327211,0.0010605359913631318
fixed_cost25,gate:mean,2020,253,0.003958558388093669,0.003963581886797793,0.0018300270861608939,4.058879582913399e-15,0.0,1.0,0.003969741565877927,-0.0008843796237624213,-0.0006330212490828213
fixed_cost25,gate:mean,2021,252,0.06327054107684246,0.06633388633774495,0.04519104085916804,0.8211225930446038,0.24836046660797917,0.7516395333920209,0.06748782258521424,-0.028068959870889643,-0.02359557317971961
fixed_cost25,gate:mean,2022,251,-0.08725856404178906,-0.07757636561519982,0.08034176343010835,0.6741785076502892,0.24949438536256058,0.7505056146374394,-0.07762571258434148,-0.0908550161699937,-0.04157167589452604
fixed_cost25,gate:mean,2023,250,0.05154657027333692,0.05165394601742098,0.008460722746277244,0.5087899392263704,0.004016821679685496,0.9959831783203145,0.05296826205908056,-0.004200437719382388,0.0028759298612051065
fixed_cost25,gate:mean,2024,250,0.048281609223696766,0.04829865210426386,0.0033707447809142904,1.0000000000000056,0.0,1.0,0.049473242612292356,-0.002063137596616582,0.0018479264112996052
fixed_cost25,gate:raw_gbm2,all,1756,-0.010841718573252598,0.0021498917188650336,0.09306488880387931,126.72808941346096,0.2279356499268324,0.7720643500731675,-0.0022078605913014027,-0.19553815483338033,-0.17172908167515777
fixed_cost25,gate:raw_gbm2,excluding_2020,1503,-0.006918975223914697,0.0018024638285644124,0.0762515095040927,106.25805480581789,0.22092316429150935,0.7790768357084906,,,
fixed_cost25,gate:raw_gbm2,2018,248,-0.056117715862587,-0.03837549775886138,0.10875727746906755,23.436246289044693,0.3287436527812685,0.6712563472187314,-0.0433126708367354,-0.09359420350197634,-0.05324072695239346
fixed_cost25,gate:raw_gbm2,2019,252,0.025856775930987716,0.02702413773748935,0.027896974824063336,8.972212529338572,0.053256206337269366,0.9467437936627308,0.026991876180280316,-0.016230216857173407,-0.008980386927490813
fixed_cost25,gate:raw_gbm2,2020,253,-0.03428085018738239,0.00421386056914896,0.16019719256077564,20.47003460764308,0.2695948037208661,0.7304051962791339,-0.00873643264279067,-0.19372885424535902,-0.17172908167515755
fixed_cost25,gate:raw_gbm2,2021,252,0.02387560078860813,0.02838519209805257,0.05483059553111103,15.345984508020013,0.20142552781734355,0.7985744721826565,0.027250611620593057,-0.03618930038949619,-0.028405042166022354
fixed_cost25,gate:raw_gbm2,2022,251,-0.12729897841329585,-0.10220900583035243,0.1293315444453863,29.485886130649206,0.5406549328659389,0.459345067134061,-0.10467082848030551,-0.14834889961499043,-0.08720834952926204
fixed_cost25,gate:raw_gbm2,2023,250,0.050290276464860006,0.05152135129980872,0.028648151015946467,13.92962535968704,0.07732016170962544,0.9226798382903746,0.05243600527242953,-0.02298677602784005,-0.021111359420659226
fixed_cost25,gate:raw_gbm2,2024,250,0.041392084492098156,0.04414879239375861,0.04286963106645114,15.08809998907837,0.12521945782665797,0.874780542173342,0.044177921865779624,-0.026137217987096117,-0.022590628040259686
fixed_cost25,gate:raw_ridge100,all,1756,-0.032885224838878874,-0.016473240842527086,0.10460077755081232,91.92613797634104,0.20456653536786176,0.7954334646321383,-0.021752601617691325,-0.23973346199055,-0.19493740284533667
fixed_cost25,gate:raw_ridge100,excluding_2020,1503,-0.026475362242038496,-0.016044418846556815,0.08339042069479236,81.42687680058499,0.20176002583260397,0.7982399741673961,,,
fixed_cost25,gate:raw_ridge100,2018,248,-0.08636014332445452,-0.06614739777642067,0.11608257276046752,22.33122248043584,0.3017585374410587,0.6982414625589413,-0.07028099872639271,-0.11782630386393711,-0.07706077801007516
fixed_cost25,gate:raw_ridge100,2019,252,0.030856408093411093,0.03263785405496422,0.034462017367464404,12.58221342438579,0.07091376135901277,0.9290862386409872,0.03256238382513765,-0.016230216857173185,-0.012059223783825401
fixed_cost25,gate:raw_ridge100,2020,253,-0.07114671491916799,-0.01902074858933862,0.18641524674737914,10.49926117575605,0.22123919873344464,0.7787608012665554,-0.03599962231051057,-0.20472159741155038,-0.19493740284533667
fixed_cost25,gate:raw_ridge100,2021,252,0.007879100036703413,0.011036490176470348,0.04587948081489833,12.644397615156084,0.12905828082095197,0.8709417191790482,0.010038390756722304,-0.025884066667197447,-0.017735296318254656
fixed_cost25,gate:raw_ridge100,2022,251,-0.21487200904682086,-0.18018506776283927,0.15206783855455563,12.382848323537,0.5521302249783878,0.44786977502161224,-0.17451340946430594,-0.18639690068905213,-0.08804921013446865
fixed_cost25,gate:raw_ridge100,2023,250,0.048947546245912264,0.05015443881152524,0.02836538460416118,9.936845408824542,0.07243341072584804,0.9275665892741519,0.05100742837455097,-0.024515915121946175,-0.013673280834689217
fixed_cost25,gate:raw_ridge100,2024,250,0.05428039702553208,0.05588680272578907,0.03272517583611522,11.549349548245734,0.08529283104253088,0.9147071689574691,0.056909479493941095,-0.02087672982391875,-0.011978954383889406
fixed_cost25,gate:static_gbm2,all,1756,0.02117895650134666,0.021190356297298416,0.0027567850782816692,1.9975062344139953,0.0,1.0,0.021411676865901175,-0.0023846417403163844,-0.0015550539607166458
fixed_cost25,gate:static_gbm2,excluding_2020,1503,0.024078009799205827,0.024090139348433917,0.002843653662466746,1.997506234413991,0.0,1.0,,,
fixed_cost25,gate:static_gbm2,2018,248,0.014622838433957902,0.014637193062266997,0.003093501609190286,0.9975062344139686,0.0,1.0,0.014739569748805526,-0.0023846417403163844,-0.0015550539607166458
fixed_cost25,gate:static_gbm2,2019,252,0.020112922950338154,0.02011829346505145,0.0018921794688133069,4.981625146193933e-15,0.0,1.0,0.02031939199169419,-0.00021858292867327211,0.0010605359913631318
fixed_cost25,gate:static_gbm2,2020,253,0.003958558388093669,0.003963581886797793,0.0018300270861608939,4.058879582913399e-15,0.0,1.0,0.003969741565877927,-0.0008843796237624213,-0.0006330212490828213
fixed_cost25,gate:static_gbm2,2021,252,-0.0009859307977622437,-0.0009830384990852092,0.0013885960960707963,2.779190335243945e-15,0.0,1.0,-0.0009835167373068998,-0.0010929180423980833,-0.0003283114069049242
fixed_cost25,gate:static_gbm2,2022,251,0.01399761881195412,0.014006849275222699,0.0024806535790095384,7.25226151621024e-15,0.0,1.0,0.014101902857259319,-0.00032812845018126424,-0.00032812845018126424
fixed_cost25,gate:static_gbm2,2023,250,0.04864780052460102,0.04865995646273431,0.002846745291649922,4.1112195521805195e-15,0.0,1.0,0.04985412428985869,-0.00021813266807546583,0.0028759298612051065
fixed_cost25,gate:static_gbm2,2024,250,0.04828160922369688,0.04829865210426397,0.003370744780914319,1.0000000000000038,0.0,1.0,0.04947324261229191,-0.002063137596616582,0.0018479264112996052
fixed_cost25,gate:static_ridge100,all,1756,0.01633614952126826,0.018186356018287476,0.03512080577112107,4.001597274335246,0.0718759303708057,0.9281240696291944,0.017724376281589294,-0.09195701361579622,-0.04157167589452593
fixed_cost25,gate:static_ridge100,excluding_2020,1503,0.018419696344035816,0.020580475682470366,0.03795417709497029,4.001597274335243,0.08397480620833987,0.9160251937916601,,,
fixed_cost25,gate:static_ridge100,2018,248,0.014622838433957902,0.014637193062266997,0.003093501609190286,0.9975062344139686,0.0,1.0,0.014739569748805526,-0.0023846417403163844,-0.0015550539607166458
fixed_cost25,gate:static_ridge100,2019,252,0.020112922950338154,0.02011829346505145,0.0018921794688133069,4.981625146193933e-15,0.0,1.0,0.02031939199169419,-0.00021858292867327211,0.0010605359913631318
fixed_cost25,gate:static_ridge100,2020,253,0.003958558388093669,0.003963581886797793,0.0018300270861608939,4.058879582913399e-15,0.0,1.0,0.003969741565877927,-0.0008843796237624213,-0.0006330212490828213
fixed_cost25,gate:static_ridge100,2021,252,0.06327054107684246,0.06633388633774495,0.04519104085916804,0.8211225930446038,0.24836046660797917,0.7516395333920209,0.06748782258521424,-0.028068959870889643,-0.02359557317971961
fixed_cost25,gate:static_ridge100,2022,251,-0.08725856404178906,-0.07757636561519982,0.08034176343010835,0.6741785076502892,0.24949438536256058,0.7505056146374394,-0.07762571258434148,-0.0908550161699937,-0.04157167589452604
fixed_cost25,gate:static_ridge100,2023,250,0.05154657027333692,0.05165394601742098,0.008460722746277244,0.5087899392263704,0.004016821679685496,0.9959831783203145,0.05296826205908056,-0.004200437719382388,0.0028759298612051065
fixed_cost25,gate:static_ridge100,2024,250,0.048281609223696766,0.04829865210426386,0.0033707447809142904,1.0000000000000056,0.0,1.0,0.049473242612292356,-0.002063137596616582,0.0018479264112996052
fixed_cost25,hold,all,1756,0.05317180261332993,0.06829640859437228,0.10041449424275477,1.9975062344139651,0.7789292731226538,0.22107072687734616,0.06528120313427554,-0.21592265511736863,-0.15162039618225864
fixed_cost25,hold,excluding_2020,1503,0.039620728713262235,0.05260501180854691,0.09303864105945328,1.9975062344139651,0.7797235744193916,0.22027642558060836,,,
fixed_cost25,hold,2018,248,-0.06226514929480409,-0.05295665720243913,0.0787760204307756,0.9975062344139651,0.7452334446852383,0.2547665553147617,-0.054515170568713356,-0.09519862618231578,-0.05266485560379053
fixed_cost25,hold,2019,252,0.15016835247034424,0.1546086989925738,0.054408005061936465,0.0,0.751780753394054,0.2482192466059458,0.16542727767890852,-0.026184715954458038,-0.0237802378278803
fixed_cost25,hold,2020,253,0.13363351154637698,0.16151446934178543,0.1363352676197137,0.0,0.7742105583044843,0.22578944169551574,0.16432874769600647,-0.15461528243232237,-0.15162039618225853
fixed_cost25,hold,2021,252,0.06840968347116079,0.07890132824118135,0.08363270799561841,0.0,0.8056524029437915,0.19434759705620858,0.07831868891849547,-0.04938705852339398,-0.03689765947369117
fixed_cost25,hold,2022,251,-0.19954890407346199,-0.1690678412501939,0.14255072272298516,0.0,0.7859458268285995,0.21405417317140055,-0.1640994623055244,-0.2074689231214084,-0.09178112580122677
fixed_cost25,hold,2023,250,0.15645801986454633,0.1671312396536026,0.08435330378456346,0.0,0.7860334231652196,0.21396657683478043,0.17767052860488586,-0.07519623272174425,-0.05172355264361628
fixed_cost25,hold,2024,250,0.12381631363540307,0.13602910044777056,0.09023224409772623,1.0,0.8034108973919443,0.19658910260805582,0.1410322891755602,-0.057219883579580966,-0.03700177622974188
fixed_cost25,opt:cal_gbm2,all,1756,0.04693564139365007,0.06871514013210077,0.12049757601559376,33.1052836820447,0.7322393756371623,0.2677606243628376,0.0633437403517878,-0.21472864491713672,-0.20705704785027745
fixed_cost25,opt:cal_gbm2,excluding_2020,1503,0.05083289740536921,0.06902854896788352,0.1101382511891738,32.08992137244485,0.7295254706502986,0.2704745293497015,,,
fixed_cost25,opt:cal_gbm2,2018,248,-0.07044774918177292,-0.042214018145856486,0.1371950704554563,1.4236551933491695,0.7459173874415569,0.25408261255844317,-0.05030779830738441,-0.16692499024698337,-0.08567685646353729
fixed_cost25,opt:cal_gbm2,2019,252,0.19314761010832437,0.20409730436484275,0.08543884462592082,0.19448664833671053,0.7467629041215105,0.2532370958784896,0.2218670109699843,-0.04895463498432062,-0.039733715806423375
fixed_cost25,opt:cal_gbm2,2020,253,0.023626500653701484,0.06685326866893287,0.16975819669013803,1.0153623095998556,0.7483619021006267,0.25163809789937336,0.0536970231035947,-0.21048728567561203,-0.20705704785027723
fixed_cost25,opt:cal_gbm2,2021,252,0.04802487434675988,0.05958793316061839,0.08779923619204028,9.50025508836992,0.7460125837674589,0.25398741623254106,0.0573229756889182,-0.05647728013440689,-0.04477946213694306
fixed_cost25,opt:cal_gbm2,2022,251,-0.20460811360393813,-0.1729149693011229,0.14535736262241236,18.556998899743217,0.7168913720222613,0.28310862797773867,-0.16764878168776753,-0.21065808993099766,-0.08452894201771233
fixed_cost25,opt:cal_gbm2,2023,250,0.17104828330229088,0.18050846917750368,0.07941530446630048,0.9458923000349958,0.6747975888644425,0.3252024111355575,0.19399885327069244,-0.06614597925418375,-0.04343740850310085
fixed_cost25,opt:cal_gbm2,2024,250,0.16709056793231905,0.18417938297076422,0.10673585788741968,1.4686332426108293,0.7466828630406963,0.2533171369593037,0.1953419232953988,-0.07162343105748303,-0.04661392569281686
fixed_cost25,opt:cal_ridge100,all,1756,0.02963736094868807,0.05106394931040498,0.11951733029625707,11.041015962437395,0.747268470710446,0.252731529289554,0.04486506075285268,-0.23435704439261862,-0.20705704785027745
fixed_cost25,opt:cal_ridge100,excluding_2020,1503,0.030623124822295317,0.04840613307773195,0.10888222461429485,10.025653652837537,0.7470844133972618,0.2529155866027381,,,
fixed_cost25,opt:cal_ridge100,2018,248,-0.07044774918177292,-0.042214018145856486,0.1371950704554563,1.4236551933491695,0.7459173874415569,0.25408261255844317,-0.05030779830738441,-0.16692499024698337,-0.08567685646353729
fixed_cost25,opt:cal_ridge100,2019,252,0.19314761010832437,0.20409730436484275,0.08543884462592082,0.19448664833671053,0.7467629041215105,0.2532370958784896,0.2218670109699843,-0.04895463498432062,-0.039733715806423375
fixed_cost25,opt:cal_ridge100,2020,253,0.023626500653701484,0.06685326866893287,0.16975819669013803,1.0153623095998556,0.7483619021006267,0.25163809789937336,0.0536970231035947,-0.21048728567561203,-0.20705704785027723
fixed_cost25,opt:cal_ridge100,2021,252,0.02485236616932488,0.033984716585905406,0.07802713381288387,3.23223479342271,0.749785077148444,0.250214922851556,0.03143429505292028,-0.06543617124695733,-0.05309366671482485
fixed_cost25,opt:cal_ridge100,2022,251,-0.24991997304810393,-0.21205867132866632,0.15887374802955462,3.3886693639727845,0.7491736593231101,0.2508263406768899,-0.2012718257399564,-0.22315580593231632,-0.0951486573813849
fixed_cost25,opt:cal_ridge100,2023,250,0.14386859368083987,0.15293387341685577,0.07774007862107293,0.3639434045739287,0.7457916550703954,0.2542083449296046,0.16169678281142108,-0.07499664371176173,-0.047933957306327435
fixed_cost25,opt:cal_ridge100,2024,250,0.14167342966482052,0.15288033354278516,0.08643650416332459,1.4226642491822348,0.7450390708514019,0.25496092914859814,0.16080087173676305,-0.05563333803477444,-0.04290355837150517
fixed_cost25,opt:mean,all,1756,0.044915410300857064,0.06538246573834747,0.11681054586377723,5.718204471314028,0.7367061629604048,0.26329383703959525,0.06026874733339427,-0.22270660929615427,-0.20705704785027745
fixed_cost25,opt:mean,excluding_2020,1503,0.04847274635886695,0.06513488547125625,0.10539493698272638,4.702842161714171,0.7347441523133815,0.26525584768661864,,,
fixed_cost25,opt:mean,2018,248,-0.07044774918177292,-0.042214018145856486,0.1371950704554563,1.4236551933491695,0.7459173874415569,0.25408261255844317,-0.05030779830738441,-0.16692499024698337,-0.08567685646353729
fixed_cost25,opt:mean,2019,252,0.19314761010832437,0.20409730436484275,0.08543884462592082,0.19448664833671053,0.7467629041215105,0.2532370958784896,0.2218670109699843,-0.04895463498432062,-0.039733715806423375
fixed_cost25,opt:mean,2020,253,0.023626500653701484,0.06685326866893287,0.16975819669013803,1.0153623095998556,0.7483619021006267,0.25163809789937336,0.0536970231035947,-0.21048728567561203,-0.20705704785027723
fixed_cost25,opt:mean,2021,252,0.0751371838737003,0.08261587957441585,0.0706101772679432,0.49812287716655396,0.7500159807075387,0.24998401929246114,0.08341440796099442,-0.047082213100376524,-0.041745086378174645
fixed_cost25,opt:mean,2022,251,-0.22484702028533632,-0.1927115164160893,0.1463682658439482,0.9604488121146106,0.7396936094882154,0.26030639051178467,-0.18410442076618028,-0.21835313000472945,-0.09049067583311188
fixed_cost25,opt:mean,2023,250,0.14939080862475318,0.1574570174062406,0.0733312520075282,0.2729793332299621,0.6992130423471893,0.3007869576528109,0.16734651277640888,-0.06456313537258329,-0.04678734278993768
fixed_cost25,opt:mean,2024,250,0.1676075295820094,0.18048569311862256,0.09265766216423822,1.3531492975171655,0.7267132531849854,0.27328674681501464,0.1926064409995627,-0.062274810400300806,-0.04612995132034192
fixed_cost25,opt:raw_gbm2,all,1756,0.03155801188423927,0.05388391434102064,0.12199973348818259,66.27045695071136,0.7321645440218244,0.26783545597817554,0.047485498665316594,-0.21472864491713572,-0.21000524216950867
fixed_cost25,opt:raw_gbm2,excluding_2020,1503,0.039937271143077276,0.05721457516843539,0.10732288983982902,54.08976568865651,0.7299942688468716,0.2700057311531283,,,
fixed_cost25,opt:raw_gbm2,2018,248,-0.10690105623614396,-0.08130967123804884,0.13061746947504155,9.428753427117313,0.7488661808461987,0.25113381915380145,-0.08592098340794418,-0.14229646219223013,-0.07412107012883495
fixed_cost25,opt:raw_gbm2,2019,252,0.17244742251620276,0.17950363620255494,0.06858675132682776,6.993128979030612,0.7498121923599808,0.2501878076400194,0.19374699644500493,-0.02249474264021789,-0.0134162252240696
fixed_cost25,opt:raw_gbm2,2020,253,-0.018405593834851686,0.03409741938606268,0.18708823804275593,12.180691262054856,0.7450575226303383,0.2549424773696617,0.016490772334569526,-0.21241865107720104,-0.21000524216950878
fixed_cost25,opt:raw_gbm2,2021,252,0.05346067570887061,0.06498794430781418,0.08766325189398948,9.599783497701896,0.7461645019333726,0.2538354980666274,0.06305923771025346,-0.05647929049521516,-0.044825485048553104
fixed_cost25,opt:raw_gbm2,2022,251,-0.20460811360393738,-0.17291496930112205,0.14535736262241264,18.556998899743093,0.7168913720222604,0.28310862797773945,-0.16764878168776742,-0.21065808993099566,-0.08452894201771277
fixed_cost25,opt:raw_gbm2,2023,250,0.16821976659556653,0.17706083374658652,0.07677268242901669,4.309914522508709,0.6719141152970914,0.3280858847029086,0.19013640026383816,-0.07195284725298667,-0.04919922959421108
fixed_cost25,opt:raw_gbm2,2024,250,0.15598300903302745,0.17473150205806595,0.111798905853437,5.20118636255489,0.7462327322528227,0.2537672677471773,0.18345850874478864,-0.07470062760883378,-0.04712977466011781
fixed_cost25,opt:raw_ridge100,all,1756,0.02776569430887669,0.051875650850163275,0.12678053620669746,30.2194065732264,0.7309479270139477,0.2690520729860523,0.044758137801518494,-0.23435671571147987,-0.21961167519520464
fixed_cost25,opt:raw_ridge100,excluding_2020,1503,0.029605777535330054,0.04858566244897639,0.11248669525369459,24.134934502596394,0.7396010951178349,0.2603989048821651,,,
fixed_cost25,opt:raw_ridge100,2018,248,-0.06949102752822982,-0.039751666982849154,0.1408056829946402,3.203829674504335,0.7489079028693405,0.2510920971306595,-0.048441416915230184,-0.16121930185566802,-0.08433426142174694
fixed_cost25,opt:raw_ridge100,2019,252,0.15939266569462904,0.17031220665195745,0.08532112265759448,6.53229789277564,0.7492008991390147,0.2507991008609852,0.18131697092421128,-0.05911704575668697,-0.04915630699694107
fixed_cost25,opt:raw_ridge100,2020,253,0.016640703305375815,0.0714205226564237,0.19110175186890688,6.084472070630007,0.6795419520726731,0.32045804792732696,0.054313083436777765,-0.22289729132552605,-0.21961167519520497
fixed_cost25,opt:raw_ridge100,2021,252,0.01790291501477772,0.027053360637292245,0.07810439860645718,2.8219817261187945,0.738246790064857,0.26175320993514295,0.02430425183306628,-0.07131739161713091,-0.053191522810988046
fixed_cost25,opt:raw_ridge100,2022,251,-0.2499199730480925,-0.2120586713286552,0.15887374802955395,3.388669363972844,0.7491736593231099,0.2508263406768902,-0.2012718257399463,-0.22315580593230866,-0.0951486573813849
fixed_cost25,opt:raw_ridge100,2023,250,0.16413818643756037,0.1738385532346508,0.0804171076205821,3.7011729081768925,0.7222144586521113,0.27778554134788885,0.1859734424104622,-0.07729236263690786,-0.048074983048571385
fixed_cost25,opt:raw_ridge100,2024,250,0.15534103258229778,0.17165451724198771,0.10428641541348173,4.486982937047889,0.7298330608720214,0.27016693912797873,0.1807884408530709,-0.05401942488484224,-0.036816471158656605
fixed_cost25,opt:static_gbm2,all,1756,0.040358206699356386,0.05978275011355303,0.11379672934432004,4.94391075750185,0.7154596113487891,0.284540388651211,0.05471666057118796,-0.21426772093267965,-0.20705704785027745
fixed_cost25,opt:static_gbm2,excluding_2020,1503,0.043148601506794754,0.05859256967808324,0.10146910259216345,3.9285484479019943,0.7099211685276214,0.2900788314723786,,,
fixed_cost25,opt:static_gbm2,2018,248,-0.07044774918177292,-0.042214018145856486,0.1371950704554563,1.4236551933491695,0.7459173874415569,0.25408261255844317,-0.05030779830738441,-0.16692499024698337,-0.08567685646353729
fixed_cost25,opt:static_gbm2,2019,252,0.19314761010832437,0.20409730436484275,0.08543884462592082,0.19448664833671053,0.7467629041215105,0.2532370958784896,0.2218670109699843,-0.04895463498432062,-0.039733715806423375
fixed_cost25,opt:static_gbm2,2020,253,0.023626500653701484,0.06685326866893287,0.16975819669013803,1.0153623095998556,0.7483619021006267,0.25163809789937336,0.0536970231035947,-0.21048728567561203,-0.20705704785027723
fixed_cost25,opt:static_gbm2,2021,252,0.07142215743498456,0.07862557414440763,0.06929846900388233,0.4084871852047603,0.7489456340819911,0.25105436591800884,0.07919965727423173,-0.04566934501912301,-0.04031072382953105
fixed_cost25,opt:static_gbm2,2022,251,-0.2237726558660255,-0.19642246688612566,0.13503132717978153,0.3975461756064041,0.7010423246975883,0.29895767530241174,-0.18583301603308544,-0.20987173304086904,-0.08407464419989796
fixed_cost25,opt:static_gbm2,2023,250,0.14864181624133566,0.15656909679868644,0.0726969992840181,0.12648064543750392,0.6439039737949905,0.35609602620500946,0.16636465486182384,-0.06837546999878219,-0.043560289769531524
fixed_cost25,opt:static_gbm2,2024,250,0.13900989884765372,0.1497892333229854,0.08477159302239441,1.377892599967446,0.6726713425455365,0.3273286574544635,0.1573851796296306,-0.05529955947868537,-0.04418375928341034
fixed_cost25,opt:static_ridge100,all,1756,0.044798329319261324,0.06538078075481173,0.1171393797591866,5.754627440286921,0.7339642850072018,0.2660357149927982,0.06022599229036407,-0.22372647345234375,-0.20705704785027745
fixed_cost25,opt:static_ridge100,excluding_2020,1503,0.04833594420817359,0.06513291685443072,0.10582051674496502,4.739265130687066,0.731540734026073,0.268459265973927,,,
fixed_cost25,opt:static_ridge100,2018,248,-0.07044774918177292,-0.042214018145856486,0.1371950704554563,1.4236551933491695,0.7459173874415569,0.25408261255844317,-0.05030779830738441,-0.16692499024698337,-0.08567685646353729
fixed_cost25,opt:static_ridge100,2019,252,0.19314761010832437,0.20409730436484275,0.08543884462592082,0.19448664833671053,0.7467629041215105,0.2532370958784896,0.2218670109699843,-0.04895463498432062,-0.039733715806423375
fixed_cost25,opt:static_ridge100,2020,253,0.023626500653701484,0.06685326866893287,0.16975819669013803,1.0153623095998556,0.7483619021006267,0.25163809789937336,0.0536970231035947,-0.21048728567561203,-0.20705704785027723
fixed_cost25,opt:static_ridge100,2021,252,0.07501727420175167,0.0825098462889452,0.07067565392784857,0.5005044764245434,0.7500146167310279,0.24998538326897207,0.08329459449470877,-0.04725948609701336,-0.041877839448349996
fixed_cost25,opt:static_ridge100,2022,251,-0.22677046822710786,-0.19392388792225865,0.14797878294955938,0.9919301282557247,0.7373217247213312,0.2626782752786687,-0.1852871023978645,-0.2193958204080736,-0.09200558147382765
fixed_cost25,opt:static_ridge100,2023,250,0.14941048382456637,0.15742684494618692,0.07310431415277095,0.27433741738554046,0.6896248702248355,0.31037512977516457,0.16733061535413274,-0.06421174684313824,-0.04669393509359232
fixed_cost25,opt:static_ridge100,2024,250,0.16882027470149127,0.18182813279826962,0.09312306587442355,1.3543512669353766,0.7194252217583159,0.2805747782416839,0.19415575478726255,-0.0627372923784616,-0.04638157043713498
fixed_gross,bil,all,1756,0.021898079641948523,0.021907197748778928,0.0024655096606862057,2.0,0.0,1.0,0.02214484499557745,-0.002085269872060702,-0.0006330212490829323
fixed_gross,bil,excluding_2020,1503,0.02491821273153105,0.024927646726211807,0.002507853621560156,2.0,0.0,1.0,,,
fixed_gross,bil,2018,248,0.017166269155612222,0.017171457883652038,0.001859879573129373,1.0,0.0,1.0,0.017317387519839356,-0.00021938820388167635,0.0007216392410944739
fixed_gross,bil,2019,252,0.0201129229503376,0.020118293465050896,0.0018921794688133019,0.0,0.0,1.0,0.020319391991693747,-0.00021858292867327211,0.001060535991363798
fixed_gross,bil,2020,253,0.003958558388092124,0.003963581886796245,0.0018300270861603893,0.0,0.0,1.0,0.003969741565877927,-0.0008843796237624213,-0.0006330212490832654
fixed_gross,bil,2021,252,-0.0009859307977632403,-0.0009830384990862084,0.0013885960960701516,0.0,0.0,1.0,-0.000983516737307899,-0.0010929180423987495,-0.00032831140690514626
fixed_gross,bil,2022,251,0.013997618811953338,0.014006849275221918,0.002480653579009698,0.0,0.0,1.0,0.014101902857257986,-0.0003281284501821524,-0.0003281284501819304
fixed_gross,bil,2023,250,0.048647800524601346,0.048659956462734646,0.0028467452916499944,0.0,0.0,1.0,0.04985412428985958,-0.00021813266807524379,0.0028759298612048845
fixed_gross,bil,2024,250,0.050810376831153393,0.05081975575665271,0.0025005233451300063,1.0,0.0,1.0,0.05212456999319248,-0.00010922554950087981,0.0034009100686869242
fixed_gross,equal,all,1756,0.045697681410956634,0.059131511098727114,0.09463554542830963,6.692275299773508,0.7358727875614217,0.26412721243857834,0.05615828284761015,-0.19572181296242597,-0.15801945872652123
fixed_gross,equal,excluding_2020,1503,0.03499961194163971,0.0454532371246109,0.08348103650119663,5.681960534868663,0.7452384668311531,0.254761533168847,,,
fixed_gross,equal,2018,248,-0.05743160158725083,-0.04811658576535482,0.07880362014483011,1.5632428525553694,0.7496358025857222,0.2503641974142779,-0.04992851018094524,-0.09377715616363469,-0.051660814370087293
fixed_gross,equal,2019,252,0.15269301032960728,0.1573316419934272,0.05560954153032811,0.4789148082852311,0.7503252641702057,0.24967473582979435,0.16852624018529916,-0.02609983281096462,-0.0236316121922574
fixed_gross,equal,2020,253,0.10918618817542343,0.14039019008329898,0.144231300134831,1.0103147649048438,0.6802339893700928,0.31976601062990717,0.1387278641618559,-0.16082624747395413,-0.15801945872652157
fixed_gross,equal,2021,252,0.054967313370731574,0.06192644887062725,0.06811331489949024,0.7526601382768495,0.7245503822900744,0.2754496177099257,0.06141948981411094,-0.03644906486682875,-0.032023349891753705
fixed_gross,equal,2022,251,-0.16677132357618238,-0.1428955673925776,0.12616327036451555,0.8216319450031154,0.7495719275996406,0.2504280724003595,-0.14003156380704396,-0.18700154375938693,-0.08537030285791491
fixed_gross,equal,2023,250,0.13044706530570982,0.13954462748038488,0.0778783760088985,0.5225729547641877,0.7502099395798039,0.24979006042019616,0.14624437576676996,-0.07376095004449179,-0.05036863162405103
fixed_gross,equal,2024,250,0.09526472421265779,0.10390688126318884,0.07590413713156459,1.54293783598391,0.7472801399020504,0.25271986009794967,0.10629244910397295,-0.0410101010220707,-0.02004319631749263
fixed_gross,gate:cal_gbm2,all,1756,0.0227773378908709,0.027027944336811032,0.05323286231855991,49.77223932689198,0.10862155691311434,0.8913784430868856,0.025941802935580016,-0.11786186537965149,-0.08118547180930236
fixed_gross,gate:cal_gbm2,excluding_2020,1503,0.025945247166217614,0.030910368621477488,0.05753330313977504,49.77223932689198,0.1269058243109972,0.8730941756890028,,,
fixed_gross,gate:cal_gbm2,2018,248,0.017166269155612448,0.017171457883652264,0.001859879573129482,1.0000000000000047,0.0,1.0,0.0173173875198398,-0.00021938820388167635,0.0007216392410944739
fixed_gross,gate:cal_gbm2,2019,252,0.020112922950339042,0.02011829346505234,0.0018921794688133808,6.4836785559017634e-15,0.0,1.0,0.0203193919916953,-0.00021858292867327211,0.001060535991364242
fixed_gross,gate:cal_gbm2,2020,253,0.003958558388092346,0.003963581886796466,0.0018300270861603372,3.837502763192204e-15,0.0,1.0,0.003969741565877927,-0.0008843796237626433,-0.0006330212490834874
fixed_gross,gate:cal_gbm2,2021,252,0.06231912797408432,0.06677089146628767,0.05447790678922575,15.3607282091963,0.20142552781734352,0.7985744721826565,0.06746244629968601,-0.03608890822324484,-0.0282435818424408
fixed_gross,gate:cal_gbm2,2022,251,-0.05311669019888948,-0.028211484495805073,0.12885445459402223,29.512919122403233,0.5406549328659389,0.45934506713406104,-0.03582085367053267,-0.1178618653796506,-0.08118547180930213
fixed_gross,gate:cal_gbm2,2023,250,0.05794465507981286,0.05825728563356243,0.014436771424608008,1.897948015208755,0.012121411425302745,0.9878785885746972,0.059870910487089146,-0.005412621939352769,0.0002407549138492282
fixed_gross,gate:cal_gbm2,2024,250,0.051184974172545285,0.051281796321174744,0.0080341831623574,2.000643980083679,0.00498191969512751,0.9950180803048725,0.05258007809859144,-0.006312891078941174,-0.0010747803940320821
fixed_gross,gate:cal_ridge100,all,1756,0.0017000347467336172,0.007130203279345578,0.060167369520984046,28.17908783064348,0.09872452823846445,0.9012754717615354,0.0053335212157190615,-0.16420529423427432,-0.08300326688969706
fixed_gross,gate:cal_ridge100,excluding_2020,1503,0.001319257849729697,0.007663240679422041,0.06503323678290635,28.179087830643475,0.11534282873369503,0.8846571712663049,,,
fixed_gross,gate:cal_ridge100,2018,248,0.017166269155612448,0.017171457883652264,0.001859879573129482,1.0000000000000047,0.0,1.0,0.0173173875198398,-0.00021938820388167635,0.0007216392410944739
fixed_gross,gate:cal_ridge100,2019,252,0.020112922950339042,0.02011829346505234,0.0018921794688133808,6.4836785559017634e-15,0.0,1.0,0.0203193919916953,-0.00021858292867327211,0.001060535991364242
fixed_gross,gate:cal_ridge100,2020,253,0.003958558388092346,0.003963581886796466,0.0018300270861603372,3.837502763192204e-15,0.0,1.0,0.003969741565877927,-0.0008843796237626433,-0.0006330212490834874
fixed_gross,gate:cal_ridge100,2021,252,0.0396210725019763,0.0426253679113926,0.044753364189494514,12.655302758533207,0.12905828082095192,0.8709417191790482,0.04250383665678825,-0.01966949487659253,-0.015056103232357954
fixed_gross,gate:cal_ridge100,2022,251,-0.18371689432020974,-0.14914109814118054,0.1518240125474869,12.38890022536307,0.5521302249783878,0.44786977502161224,-0.14843414932497123,-0.16420529423427377,-0.08300326688969695
fixed_gross,gate:cal_ridge100,2023,250,0.06439185749995513,0.06470961285373991,0.014554617910587167,1.1348848467471773,0.009011593401153532,0.9909884065988465,0.06672854443467124,-0.004106899002246589,0.0028759298612051065
fixed_gross,gate:cal_ridge100,2024,250,0.050810376831151825,0.05081975575665114,0.0025005233451302557,1.0000000000000038,0.0,1.0,0.052124569993190484,-0.00010922554950087981,0.003400910068686702
fixed_gross,gate:mean,all,1756,0.017774262031514335,0.019622628843538988,0.035103340885872504,4.004678150698723,0.0718759303708057,0.9281240696291944,0.019187678639760453,-0.09068854295637341,-0.04144641752950784
fixed_gross,gate:mean,excluding_2020,1503,0.020099936823731505,0.02225851632195273,0.03793485203363985,4.0046781506987195,0.08397480620833984,0.9160251937916601,,,
fixed_gross,gate:mean,2018,248,0.017166269155612448,0.017171457883652264,0.001859879573129482,1.0000000000000047,0.0,1.0,0.0173173875198398,-0.00021938820388167635,0.0007216392410944739
fixed_gross,gate:mean,2019,252,0.020112922950339042,0.02011829346505234,0.0018921794688133808,6.4836785559017634e-15,0.0,1.0,0.0203193919916953,-0.00021858292867327211,0.001060535991364242
fixed_gross,gate:mean,2020,253,0.003958558388092346,0.003963581886796466,0.0018300270861603372,3.837502763192204e-15,0.0,1.0,0.003969741565877927,-0.0008843796237626433,-0.0006330212490834874
fixed_gross,gate:mean,2021,252,0.06532439832324118,0.06838817244501838,0.0451942040662827,0.8206236513346014,0.2483604666079791,0.7516395333920209,0.06968226837327585,-0.027991552873499193,-0.023499742421670522
fixed_gross,gate:mean,2022,251,-0.08556549137742064,-0.07588541567916161,0.08033295587017415,0.6739925852896678,0.24949438536256055,0.7505056146374394,-0.07606354528688197,-0.0895866245492758,-0.04144641752950762
fixed_gross,gate:mean,2023,250,0.052826538463264926,0.05293879785487239,0.008650988059463224,0.510061914074436,0.004016821679685496,0.9959831783203145,0.0543200523154419,-0.004200437719382388,0.0028759298612048845
fixed_gross,gate:mean,2024,250,0.050810376831152054,0.05081975575665137,0.002500523345130085,1.0000000000000038,0.0,1.0,0.052124569993190484,-0.00010922554950087981,0.0034009100686869242
fixed_gross,gate:raw_gbm2,all,1756,0.03483142226716919,0.04758458581704695,0.0922068817022452,126.86136166018773,0.2279356499268324,0.7720643500731676,0.04425543767922835,-0.18948905892086165,-0.16424342560575478
fixed_gross,gate:raw_gbm2,excluding_2020,1503,0.03778704496431907,0.04633358486841086,0.0754830661101848,106.36889480698534,0.22092316429150935,0.7790768357084906,,,
fixed_gross,gate:raw_gbm2,2018,248,0.0038590104651349162,0.02104832776662002,0.10704926374177795,23.46531328367574,0.3287436527812685,0.6712563472187315,0.01545350819722957,-0.08932385746796223,-0.0499821811964134
fixed_gross,gate:raw_gbm2,2019,252,0.04826083378289267,0.04950834123690795,0.028838717655439983,8.982988114527041,0.053256206337269366,0.9467437936627308,0.05031344631262824,-0.01622369139258184,-0.005247633400148
fixed_gross,gate:raw_gbm2,2020,253,0.01714022341332269,0.05501642149214595,0.15890499903783867,20.492466853202387,0.269594803720866,0.7304051962791338,0.04315084592994345,-0.18948905892086143,-0.16424342560575456
fixed_gross,gate:raw_gbm2,2021,252,0.06231912797408523,0.06677089146628856,0.054477906789225615,15.3607282091963,0.20142552781734355,0.7985744721826565,0.06746244629968468,-0.036088908223245064,-0.028243581842441023
fixed_gross,gate:raw_gbm2,2022,251,-0.05311669019888792,-0.02821148449580351,0.12885445459402223,29.51291912240323,0.5406549328659389,0.45934506713406104,-0.03582085367053067,-0.11786186537964993,-0.0811854718093018
fixed_gross,gate:raw_gbm2,2023,250,0.08550261251599364,0.08662986350027488,0.027413512292070275,13.943807996302777,0.07732016170962544,0.9226798382903746,0.0900691876186861,-0.01809701452071033,-0.016212211817507205
fixed_gross,gate:raw_gbm2,2024,250,0.07959460689013692,0.08216257145308878,0.04137603624444026,15.10313808088024,0.12521945782665797,0.8747805421733421,0.08469391517528768,-0.02283317348115821,-0.020697124495612895
fixed_gross,gate:raw_ridge100,all,1756,0.00023726136524924654,0.016478373424656523,0.10405483188975344,92.01456702080777,0.2045665353678617,0.7954334646321383,0.01107948090026678,-0.20370526545519563,-0.19083335125456458
fixed_gross,gate:raw_ridge100,excluding_2020,1503,0.007805277570630173,0.018059101662695778,0.08267939724044761,81.50752714160045,0.20176002583260397,0.7982399741673962,,,
fixed_gross,gate:raw_ridge100,2018,248,-0.029090962951383956,-0.009611939064948134,0.11395620178073043,22.356276705572284,0.3017585374410587,0.6982414625589413,-0.01595124282110827,-0.11314004519747312,-0.0747728974466334
fixed_gross,gate:raw_ridge100,2019,252,0.06232711663819355,0.06414377913864833,0.03480098179127309,12.599705382827844,0.07091376135901277,0.9290862386409872,0.06559413551787041,-0.01622369139258195,-0.0057406329689871916
fixed_gross,gate:raw_ridge100,2020,253,-0.04490335916880645,0.007087723061917386,0.18617390119764163,10.507039879207333,0.22123919873344464,0.7787608012665554,-0.010446168456862748,-0.20370526545519574,-0.19083335125456447
fixed_gross,gate:raw_ridge100,2021,252,0.039621072501975274,0.0426253679113916,0.04475336418949473,12.655302758533205,0.12905828082095197,0.8709417191790482,0.04250383665678603,-0.019669494876593308,-0.015056103232359064
fixed_gross,gate:raw_ridge100,2022,251,-0.1837168943202088,-0.14914109814117954,0.15182401254748704,12.38890022536307,0.5521302249783878,0.44786977502161224,-0.1484341493249698,-0.16420529423427277,-0.08300326688969695
fixed_gross,gate:raw_ridge100,2023,250,0.07407068602182182,0.07519379067829027,0.02736304876371842,9.947299856246094,0.07243341072584804,0.9275665892741519,0.07767971329251666,-0.02080516877656502,-0.010418735114720912
fixed_gross,gate:raw_ridge100,2024,250,0.08342957574704504,0.08502693437756934,0.032632893737498336,11.560042213057942,0.08529283104253088,0.9147071689574691,0.08815581056891819,-0.019620834122451858,-0.005726022462279823
fixed_gross,gate:static_gbm2,all,1756,0.021898079641948728,0.021907197748779132,0.002465509660686247,2.0000000000000333,0.0,1.0,0.022144844995577673,-0.002085269872060924,-0.0006330212490831544
fixed_gross,gate:static_gbm2,excluding_2020,1503,0.024918212731531254,0.024927646726212012,0.00250785362156021,2.0000000000000293,0.0,1.0,,,
fixed_gross,gate:static_gbm2,2018,248,0.017166269155612448,0.017171457883652264,0.001859879573129482,1.0000000000000047,0.0,1.0,0.0173173875198398,-0.00021938820388167635,0.0007216392410944739
fixed_gross,gate:static_gbm2,2019,252,0.020112922950339042,0.02011829346505234,0.0018921794688133808,6.4836785559017634e-15,0.0,1.0,0.0203193919916953,-0.00021858292867327211,0.001060535991364242
fixed_gross,gate:static_gbm2,2020,253,0.003958558388092346,0.003963581886796466,0.0018300270861603372,3.837502763192204e-15,0.0,1.0,0.003969741565877927,-0.0008843796237626433,-0.0006330212490834874
fixed_gross,gate:static_gbm2,2021,252,-0.0009859307977636855,-0.0009830384990866525,0.0013885960960703981,2.7724228265688385e-15,0.0,1.0,-0.000983516737308343,-0.0010929180423991935,-0.0003283114069049242
fixed_gross,gate:static_gbm2,2022,251,0.01399761881195334,0.014006849275221918,0.0024806535790095367,5.104048134263668e-15,0.0,1.0,0.014101902857257986,-0.0003281284501821524,-0.0003281284501819304
fixed_gross,gate:static_gbm2,2023,250,0.048647800524601346,0.048659956462734646,0.0028467452916501193,6.159651086199486e-15,0.0,1.0,0.04985412428985936,-0.00021813266807524379,0.0028759298612051065
fixed_gross,gate:static_gbm2,2024,250,0.050810376831153393,0.05081975575665271,0.0025005233451300675,1.0000000000000042,0.0,1.0,0.05212456999319248,-0.0001092255495013239,0.00340091006868648
fixed_gross,gate:static_ridge100,all,1756,0.017774262031514335,0.019622628843538988,0.035103340885872504,4.004678150698723,0.0718759303708057,0.9281240696291944,0.019187678639760453,-0.09068854295637341,-0.04144641752950784
fixed_gross,gate:static_ridge100,excluding_2020,1503,0.020099936823731505,0.02225851632195273,0.03793485203363985,4.0046781506987195,0.08397480620833984,0.9160251937916601,,,
fixed_gross,gate:static_ridge100,2018,248,0.017166269155612448,0.017171457883652264,0.001859879573129482,1.0000000000000047,0.0,1.0,0.0173173875198398,-0.00021938820388167635,0.0007216392410944739
fixed_gross,gate:static_ridge100,2019,252,0.020112922950339042,0.02011829346505234,0.0018921794688133808,6.4836785559017634e-15,0.0,1.0,0.0203193919916953,-0.00021858292867327211,0.001060535991364242
fixed_gross,gate:static_ridge100,2020,253,0.003958558388092346,0.003963581886796466,0.0018300270861603372,3.837502763192204e-15,0.0,1.0,0.003969741565877927,-0.0008843796237626433,-0.0006330212490834874
fixed_gross,gate:static_ridge100,2021,252,0.06532439832324118,0.06838817244501838,0.0451942040662827,0.8206236513346014,0.2483604666079791,0.7516395333920209,0.06968226837327585,-0.027991552873499193,-0.023499742421670522
fixed_gross,gate:static_ridge100,2022,251,-0.08556549137742064,-0.07588541567916161,0.08033295587017415,0.6739925852896678,0.24949438536256055,0.7505056146374394,-0.07606354528688197,-0.0895866245492758,-0.04144641752950762
fixed_gross,gate:static_ridge100,2023,250,0.052826538463264926,0.05293879785487239,0.008650988059463224,0.510061914074436,0.004016821679685496,0.9959831783203145,0.0543200523154419,-0.004200437719382388,0.0028759298612048845
fixed_gross,gate:static_ridge100,2024,250,0.050810376831152054,0.05081975575665137,0.002500523345130085,1.0000000000000038,0.0,1.0,0.052124569993190484,-0.00010922554950087981,0.0034009100686869242
fixed_gross,hold,all,1756,0.05389368389731581,0.06901205590243235,0.10039379796619757,2.0,0.7789292731226539,0.22107072687734616,0.06604586075957442,-0.2159226551173663,-0.1516203961822591
fixed_gross,hold,excluding_2020,1503,0.04046396928545707,0.05344112403273433,0.09301309853017928,2.0,0.7797235744193916,0.22027642558060836,,,
fixed_gross,hold,2018,248,-0.05973187577012873,-0.05041835910242471,0.07879727858119644,1.0,0.7452334446852383,0.2547665553147617,-0.05211328572238105,-0.0951986261823139,-0.05266485560379042
fixed_gross,hold,2019,252,0.15016835247034407,0.15460869899257357,0.05440800506193614,0.0,0.751780753394054,0.2482192466059458,0.1654272776789083,-0.026184715954457483,-0.023780237827879747
fixed_gross,hold,2020,253,0.1336335115463762,0.16151446934178462,0.13633526761971368,0.0,0.7742105583044843,0.22578944169551574,0.1643287476960058,-0.15461528243232248,-0.15162039618225887
fixed_gross,hold,2021,252,0.06840968347116,0.07890132824118057,0.08363270799561845,0.0,0.8056524029437915,0.19434759705620858,0.07831868891849214,-0.04938705852339409,-0.03689765947369161
fixed_gross,hold,2022,251,-0.19954890407346385,-0.16906784125019578,0.1425507227229851,0.0,0.7859458268285995,0.21405417317140055,-0.16409946230552552,-0.2074689231214093,-0.09178112580122688
fixed_gross,hold,2023,250,0.15645801986454502,0.16713123965360127,0.08435330378456332,0.0,0.7860334231652196,0.21396657683478043,0.17767052860488342,-0.07519623272174447,-0.051723552643615944
fixed_gross,hold,2024,250,0.12637238711914883,0.13853781542437527,0.09005712374275349,1.0,0.8034108973919443,0.19658910260805582,0.1439149259384087,-0.057219883579580966,-0.037001776229741656
fixed_gross,opt:cal_gbm2,all,1756,0.0588324569198464,0.08059802462091024,0.12045903231960607,33.121121979692994,0.7322393756371623,0.2677606243628376,0.0760571944976507,-0.2099050001828059,-0.20647223247076218
fixed_gross,opt:cal_gbm2,excluding_2020,1503,0.0642978927178463,0.08249097705178626,0.11013048119977187,32.10569624414333,0.7295254706502986,0.2704745293497015,,,
fixed_gross,opt:cal_gbm2,2018,248,-0.06682963776501848,-0.03859451970396125,0.13719844037271275,1.4261148561943546,0.7459173874415569,0.25408261255844317,-0.04686393501785269,-0.16668008158501835,-0.08562673884663474
fixed_gross,opt:cal_gbm2,2019,252,0.19363202396682963,0.20458498632585176,0.08545159393489832,0.19441359387402507,0.7467629041215105,0.2532370958784896,0.22246126575640002,-0.048954634984319956,-0.03973371580642293
fixed_gross,opt:cal_gbm2,2020,253,0.026208349368463495,0.0693525404169314,0.1695959729248072,1.0154257355496612,0.7483619021006266,0.25163809789937336,0.0563648297183148,-0.20990500018280545,-0.20647223247076174
fixed_gross,opt:cal_gbm2,2021,252,0.07185049094838006,0.08333351290028268,0.08749484537922839,9.503109204697843,0.7460125837674588,0.2539874162325412,0.08275249810939611,-0.052641199264445215,-0.042343584055312466
fixed_gross,opt:cal_gbm2,2022,251,-0.15818951475329118,-0.12625661113031023,0.14590614248660208,18.567578135313852,0.7168913720222613,0.2831086279777388,-0.1279336734927734,-0.17693862024535567,-0.08109320899264694
fixed_gross,opt:cal_gbm2,2023,250,0.17344220301366148,0.18288975235802843,0.07936224687833612,0.9460053473119505,0.6747975888644425,0.3252024111355575,0.19684854801751284,-0.0652953120423373,-0.04337962559635955
fixed_gross,opt:cal_gbm2,2024,250,0.1708265492060903,0.18787155557852814,0.10659895675673954,1.4684751067513115,0.7466828630406963,0.2533171369593037,0.19977786259149544,-0.07151946619248128,-0.04648307273607322
fixed_gross,opt:cal_ridge100,all,1756,0.03361222464385285,0.05502103463100376,0.11946773619448031,11.044595913223603,0.747268470710446,0.2527315292895541,0.04901384839865064,-0.22777801499193784,-0.20647223247076218
fixed_gross,opt:cal_ridge100,excluding_2020,1503,0.03483247101736385,0.0526086121667059,0.10886119954431896,10.029170177673944,0.7470844133972617,0.25291558660273816,,,
fixed_gross,opt:cal_ridge100,2018,248,-0.06682963776501848,-0.03859451970396125,0.13719844037271275,1.4261148561943546,0.7459173874415569,0.25408261255844317,-0.04686393501785269,-0.16668008158501835,-0.08562673884663474
fixed_gross,opt:cal_ridge100,2019,252,0.19363202396682963,0.20458498632585176,0.08545159393489832,0.19441359387402507,0.7467629041215105,0.2532370958784896,0.22246126575640002,-0.048954634984319956,-0.03973371580642293
fixed_gross,opt:cal_ridge100,2020,253,0.026208349368463495,0.0693525404169314,0.1695959729248072,1.0154257355496612,0.7483619021006266,0.25163809789937336,0.0563648297183148,-0.20990500018280545,-0.20647223247076174
fixed_gross,opt:cal_ridge100,2021,252,0.03291646163802917,0.04207898867474846,0.07815594256237245,3.232434073844831,0.749785077148444,0.250214922851556,0.039805323455796016,-0.06525412639260864,-0.05296465458941213
fixed_gross,opt:cal_ridge100,2022,251,-0.24141549417785044,-0.20356210354920154,0.15885714888676747,3.3893696397150923,0.74917365932311,0.25082634067688997,-0.19444774692172762,-0.21768418249814936,-0.0940256209506779
fixed_gross,opt:cal_ridge100,2023,250,0.1447871371290377,0.15385114969989472,0.07773464508980539,0.3640122809445654,0.7457916550703954,0.2542083449296047,0.16276272922600343,-0.07474132667511713,-0.04782386854569831
fixed_gross,opt:cal_ridge100,2024,250,0.145292081519779,0.156456655355464,0.08627310834663374,1.422825733101074,0.7450390708514018,0.2549609291485982,0.16497364505275525,-0.05553376180493941,-0.04277724513485304
fixed_gross,opt:mean,all,1756,0.04698096846445586,0.06742857318575954,0.11675502764707445,5.720719576957185,0.7367061629604047,0.2632938370395953,0.06244717415722323,-0.22120207660380087,-0.20647223247076218
fixed_gross,opt:mean,excluding_2020,1503,0.0504514470360404,0.06710471176893554,0.10536686618001295,4.705293841407524,0.7347441523133813,0.2652558476866187,,,
fixed_gross,opt:mean,2018,248,-0.06682963776501848,-0.03859451970396125,0.13719844037271275,1.4261148561943546,0.7459173874415569,0.25408261255844317,-0.04686393501785269,-0.16668008158501835,-0.08562673884663474
fixed_gross,opt:mean,2019,252,0.19363202396682963,0.20458498632585176,0.08545159393489832,0.19441359387402507,0.7467629041215105,0.2532370958784896,0.22246126575640002,-0.048954634984319956,-0.03973371580642293
fixed_gross,opt:mean,2020,253,0.026208349368463495,0.0693525404169314,0.1695959729248072,1.0154257355496612,0.7483619021006266,0.25163809789937336,0.0563648297183148,-0.20990500018280545,-0.20647223247076174
fixed_gross,opt:mean,2021,252,0.07638014154986833,0.08386299102348305,0.0706297834892841,0.4982341316105891,0.7500159807075387,0.2499840192924612,0.0847644674335657,-0.04697036051049741,-0.04163260732140095
fixed_gross,opt:mean,2022,251,-0.22243662700650838,-0.19030340891030806,0.14636306022172013,0.9603192499940043,0.7396936094882154,0.2603063905117847,-0.1821350609735951,-0.21684017069766903,-0.0903789671165598
fixed_gross,opt:mean,2023,250,0.15008093271472717,0.1581444636377404,0.07331907856764719,0.27309886809851625,0.6992130423471893,0.3007869576528109,0.16814983089608604,-0.06425893879690647,-0.046674892954640335
fixed_gross,opt:mean,2024,250,0.17105766121391125,0.1838838884412494,0.09247063399565698,1.3531131416360354,0.7267132531849853,0.27328674681501475,0.19668388274520376,-0.06218079405495003,-0.04601216700893129
fixed_gross,opt:raw_gbm2,all,1756,0.05538220771800631,0.0776628228446685,0.12187593453087772,66.30738130846348,0.7321645440218244,0.2678354559781756,0.07270520679369952,-0.2085783109172089,-0.20615313394115964
fixed_gross,opt:raw_gbm2,excluding_2020,1503,0.06263780822165907,0.07990189948571427,0.10728184457790052,54.11873250284965,0.7299942688468716,0.2700057311531283,,,
fixed_gross,opt:raw_gbm2,2018,248,-0.08287630477139911,-0.05738406823218303,0.13036419891779102,9.436254025849607,0.7488661808461986,0.25113381915380145,-0.06374844298874849,-0.12616527140505274,-0.07168132954510564
fixed_gross,opt:raw_gbm2,2019,252,0.18993634753142125,0.19701600057524404,0.06870057274784441,6.9983869775963665,0.7498121923599805,0.25018780764001947,0.21481186768300642,-0.0211385033146263,-0.012002912981684655
fixed_gross,opt:raw_gbm2,2020,253,0.012093244896432383,0.0643611145779024,0.18666881489502565,12.188648805613834,0.7450575226303383,0.25494247736966175,0.04781461089311079,-0.20857831091720913,-0.20615313394115975
fixed_gross,opt:raw_gbm2,2021,252,0.07754238257119506,0.08897987551133024,0.08732121903308185,9.602843899987725,0.7461645019333726,0.2538354980666275,0.08889781963249299,-0.05264017693944212,-0.0423866505571352
fixed_gross,opt:raw_gbm2,2022,251,-0.15818951475329407,-0.12625661113031303,0.14590614248660227,18.56757813531373,0.7168913720222604,0.2831086279777395,-0.12793367349277573,-0.17693862024535534,-0.0810932089926476
fixed_gross,opt:raw_gbm2,2023,250,0.17909637229667597,0.18793189156226775,0.07674859071710176,4.31069969701677,0.6719141152970913,0.3280858847029086,0.203137991232607,-0.06811914328742608,-0.04852794345141376
fixed_gross,opt:raw_gbm2,2024,250,0.16914117530370118,0.18784111831173947,0.11165405801862074,5.202969767085449,0.7462327322528227,0.2537672677471773,0.1990842391021943,-0.07459695883554296,-0.04696425105580648
fixed_gross,opt:raw_ridge100,all,1756,0.0386420711697686,0.06270836493491738,0.12666568534308145,30.23640269240048,0.7309479270139476,0.2690520729860523,0.05615211789852448,-0.22777768604566406,-0.2165208423182774
fixed_gross,opt:raw_ridge100,excluding_2020,1503,0.03974984545323723,0.05869752902327705,0.11239123207213815,24.148246937118586,0.7396010951178349,0.26039890488216516,,,
fixed_gross,opt:raw_ridge100,2018,248,-0.06127440822502054,-0.03164650967241309,0.14054156811564672,3.2078757514779284,0.7489079028693405,0.2510920971306595,-0.04066023390144913,-0.15856927995639214,-0.08413408115023457
fixed_gross,opt:raw_ridge100,2019,252,0.17580880784099875,0.18663052256005352,0.08493807437992601,6.538175000108702,0.7492008991390147,0.2507991008609852,0.2007776706397224,-0.058888030999876606,-0.04892486775560334
fixed_gross,opt:raw_ridge100,2020,253,0.03186921106212423,0.08653558380920758,0.1909037676371411,6.088155755281894,0.6795419520726732,0.32045804792732696,0.07041665957581067,-0.21981947157300497,-0.21652084231827706
fixed_gross,opt:raw_ridge100,2021,252,0.024949390596631024,0.03411664462414277,0.07817610047199738,2.8218932242845245,0.738246790064857,0.26175320993514295,0.03155832391914104,-0.07066535252056205,-0.053093467164091024
fixed_gross,opt:raw_ridge100,2022,251,-0.24141549417783534,-0.20356210354918683,0.1588571488867666,3.38936963971515,0.7491736593231099,0.2508263406768902,-0.19444774692171496,-0.21768418249813948,-0.09402562095067724
fixed_gross,opt:raw_ridge100,2023,250,0.173495859827645,0.18316505809682096,0.08028780841105722,3.7025745692150864,0.722214458652111,0.2777855413478889,0.1970909629570219,-0.07455299779236602,-0.046279558932135645
fixed_gross,opt:raw_ridge100,2024,250,0.16664844116443608,0.18298103142786815,0.10434746527326247,4.488358752317195,0.7298330608720214,0.27016693912797873,0.1942226605944506,-0.05274006168910028,-0.03674674110642051
fixed_gross,opt:static_gbm2,all,1756,0.04214451683348457,0.06155161564334087,0.11374561913866191,4.946495732620981,0.7154596113487888,0.28454038865121106,0.056590105589406914,-0.21370544005673675,-0.20647223247076218
fixed_gross,opt:static_gbm2,excluding_2020,1503,0.04480105902895982,0.06023848592430001,0.10144761175220832,3.9310699970713205,0.7099211685276213,0.2900788314723787,,,
fixed_gross,opt:static_gbm2,2018,248,-0.06682963776501848,-0.03859451970396125,0.13719844037271275,1.4261148561943546,0.7459173874415569,0.25408261255844317,-0.04686393501785269,-0.16668008158501835,-0.08562673884663474
fixed_gross,opt:static_gbm2,2019,252,0.19363202396682963,0.20458498632585176,0.08545159393489832,0.19441359387402507,0.7467629041215105,0.2532370958784896,0.22246126575640002,-0.048954634984319956,-0.03973371580642293
fixed_gross,opt:static_gbm2,2020,253,0.026208349368463495,0.0693525404169314,0.1695959729248072,1.0154257355496612,0.7483619021006266,0.25163809789937336,0.0563648297183148,-0.20990500018280545,-0.20647223247076174
fixed_gross,opt:static_gbm2,2021,252,0.07244336613182333,0.07964728733275483,0.06930089562158874,0.40859766022135446,0.7489456340819911,0.2510543659180089,0.08030233891320537,-0.045628455052883266,-0.040269604263793335
fixed_gross,opt:static_gbm2,2022,251,-0.22277525832886458,-0.1954256520055528,0.13502988884764675,0.3976217997162485,0.7010423246975882,0.29895767530241185,-0.18502019167347328,-0.2093063063352465,-0.08394320804055044
fixed_gross,opt:static_gbm2,2023,250,0.148959911284231,0.1568884467810975,0.07270275325766101,0.12647727072862844,0.6439039737949905,0.3560960262050096,0.16673647974748373,-0.0683754699987833,-0.0435602897695323
fixed_gross,opt:static_gbm2,2024,250,0.14251622890958981,0.15325231690782334,0.08460137114032108,1.37784481633671,0.6726713425455365,0.3273286574544635,0.161414619430583,-0.055199575571546755,-0.0440657855427915
fixed_gross,opt:static_ridge100,all,1756,0.04687690698680131,0.06743999504612012,0.11708426612008638,5.757121400982422,0.7339642850072018,0.26603571499279827,0.062418221011060426,-0.22214996481216964,-0.20647223247076218
fixed_gross,opt:static_ridge100,excluding_2020,1503,0.050329855895544506,0.06711805627112662,0.10579288059090464,4.74169566543276,0.731540734026073,0.268459265973927,,,
fixed_gross,opt:static_ridge100,2018,248,-0.06682963776501848,-0.03859451970396125,0.13719844037271275,1.4261148561943546,0.7459173874415569,0.25408261255844317,-0.04686393501785269,-0.16668008158501835,-0.08562673884663474
fixed_gross,opt:static_ridge100,2019,252,0.19363202396682963,0.20458498632585176,0.08545159393489832,0.19441359387402507,0.7467629041215105,0.2532370958784896,0.22246126575640002,-0.048954634984319956,-0.03973371580642293
fixed_gross,opt:static_ridge100,2020,253,0.026208349368463495,0.0693525404169314,0.1695959729248072,1.0154257355496612,0.7483619021006266,0.25163809789937336,0.0563648297183148,-0.20990500018280545,-0.20647223247076174
fixed_gross,opt:static_ridge100,2021,252,0.07626637044690249,0.08376283042792732,0.07069398833953196,0.5006021587534615,0.7500146167310279,0.2499853832689721,0.08465096798234906,-0.0471468696293974,-0.04176458685575879
fixed_gross,opt:static_ridge100,2022,251,-0.22428191151573912,-0.19143638408885172,0.14797641124379116,0.9918054713990072,0.7373217247213312,0.26267827527866877,-0.18325603157373382,-0.21781051678557917,-0.09188585879127031
fixed_gross,opt:static_ridge100,2023,250,0.15010401610585453,0.15811772472438054,0.0730922185485615,0.27446470100853415,0.6896248702248354,0.3103751297751646,0.16813792080513834,-0.06390755265372572,-0.046581613585942594
fixed_gross,opt:static_ridge100,2024,250,0.1722735616198948,0.18522932346136003,0.09293640062417326,1.3542948842033782,0.7194252217583159,0.28057477824168403,0.19824212301644284,-0.06264420578174557,-0.04626426472033118
