scenario,gap_mode,regime_filter,asset,period,cagr,zero_cash_sharpe,annual_vol,max_drawdown,calmar,terminal_multiple,mean_exposure,one_way_turnover_per_year,fees_initial_capital,worst_day
frictionless,original,ALL,BTC,full,0.004960942957178194,0.11081616666466997,0.14515544945291883,-0.31111572966409295,0.015945651357886823,1.030130294534399,0.022820629849383843,16.670653950811186,0.0,-0.20204569126687622
frictionless,original,ALL,BTC,2020_2022,-0.036835317902764286,-0.10180719388023192,0.1860764085156835,-0.31111572966409295,-0.11839747846415491,0.8934916358314896,0.023722627737226276,17.3298474582641,0.0,-0.20204569126687622
frictionless,original,ALL,BTC,2023_end,0.048611619983422116,0.5899698053269744,0.08669434925943127,-0.13859991034157637,0.3507334157981767,1.152926623175104,0.021917808219178082,16.01085844015511,0.0,-0.053416058021622304
frictionless,original,ALL,BTC,2020,-0.18982044018606148,-0.7548012770511178,0.23726105137575004,-0.31111572966409295,-0.6101280716054048,0.8098294459727625,0.0273224043715847,19.960387745728124,0.0,-0.20204569126687622
frictionless,original,ALL,BTC,2021,0.13107656061008632,1.604514997428432,0.07862264715725244,-0.08208706829947165,1.5967991466316014,1.1309812090011655,0.01643835616438356,12.008249172384629,0.0,-0.03295555434336328
frictionless,original,ALL,BTC,2022,-0.02448451130717766,-0.017001325566714704,0.20347121572573007,-0.14632989446223155,-0.16732405498657166,0.9755320407079106,0.0273972602739726,20.013698496987875,0.0,-0.13302994032882987
frictionless,original,ALL,BTC,2023,0.10398263052576628,1.4077646949087292,0.07199689218518115,-0.018094080923407696,5.746776029460966,1.1039078824646293,0.021917808219178082,16.010812934534627,0.0,-0.0036474951752196727
frictionless,original,ALL,BTC,2024,-0.07219901931229566,-0.6746097563467893,0.10307395615697294,-0.13859991034157637,-0.5209167822285223,0.9276582245720109,0.02459016393442623,17.96302690970472,0.0,-0.053416058021622304
frictionless,original,ALL,BTC,2025,0.12630917708610068,1.4911842626070992,0.08191228613703931,-0.04722707618577904,2.674507661436275,1.1258507828747257,0.019230769230769232,14.048009400859288,0.0,-0.030362644662636162
frictionless,original,ALL,ETH,full,0.13078534723441515,0.7677352664260679,0.18118858417554576,-0.2915066120447444,0.448653107101188,2.090296820721562,0.029666818804198997,21.67136689968417,0.0,-0.16485702570955652
frictionless,original,ALL,ETH,2020_2022,0.07866060147953813,0.47577383254584027,0.2027456405974014,-0.2915066120447444,0.26984156869643916,1.2550960337154322,0.032846715328467155,23.99418184398557,0.0,-0.16485702570955652
frictionless,original,ALL,ETH,2023_end,0.18548003820678516,1.159854527174326,0.15673310857362938,-0.15286160579288688,1.2133853837574702,1.6654477144140947,0.026484018264840183,19.346430663196184,0.0,-0.06908757048174907
frictionless,original,ALL,ETH,2020,0.17683778873694211,1.8188719564060345,0.09172419570797859,-0.07589812691752007,2.329936138333362,1.1772313364053488,0.02459016393442623,17.961989828350443,0.0,-0.01881565880938707
frictionless,original,ALL,ETH,2021,0.2994281534737899,1.4322987579185225,0.19588501978831255,-0.1554855054432035,1.925762485836125,1.2991952162498954,0.038356164383561646,28.01993265259776,0.0,-0.07929347055975944
frictionless,original,ALL,ETH,2022,-0.17949369491585465,-0.5717710243923118,0.2767017281557762,-0.2740933544933658,-0.6548633594113612,0.8206174171825182,0.03561643835616438,26.01714960447601,0.0,-0.16485702570955652
frictionless,original,ALL,ETH,2023,0.008109949946982775,0.23644186098164333,0.03704308560715487,-0.029598714619457178,0.2739966938176286,1.0081043765557844,0.021917808219178082,16.010922470474355,0.0,-0.025412416572220153
frictionless,original,ALL,ETH,2024,0.17190418427704923,1.0068542160849456,0.17143532739611525,-0.15286160579288688,1.1245739790929794,1.1722859694162353,0.02459016393442623,17.963216806040304,0.0,-0.06908757048174907
frictionless,original,ALL,ETH,2025,0.41092387897078386,1.75926664792806,0.20719978842287284,-0.10522860638067799,3.905058644264602,1.4092626294644781,0.03296703296703297,24.081916273258052,0.0,-0.06352432012539799
frictionless,original,ALL,MIX,full,0.07697268585031414,0.5771478607222132,0.14745709448133051,-0.22024589660236737,0.34948522100859325,1.5602135576279808,0.026964993426275754,19.71136233698231,0.0,-0.15164138903341395
frictionless,original,ALL,MIX,2020_2022,0.024169868851828147,0.22646555900333262,0.17420606144206574,-0.22024589660236737,0.1097403821123828,1.074293834773461,0.029097754088030267,21.285540413729265,0.0,-0.15164138903341395
frictionless,original,ALL,MIX,2023_end,0.13254983611931448,1.1410563313850148,0.11462984665566171,-0.13902473260759374,0.9534262978476278,1.4523154719183387,0.024830285037889498,18.13574665468581,0.0,-0.059155307614272123
frictionless,original,ALL,MIX,2020,-0.006456394305824342,0.013688169801341145,0.12563945965335943,-0.1609717794003669,-0.0401088583966391,0.9935303911890556,0.02549683760546718,18.683991370455868,0.0,-0.09922772749719067
frictionless,original,ALL,MIX,2021,0.2308143019883988,1.6103525446017093,0.13445287050885696,-0.12512052814048558,1.8447356754220223,1.2306393585211433,0.029661956171982053,21.6759921510672,0.0,-0.06039015371200829
frictionless,original,ALL,MIX,2022,-0.12143754309320542,-0.41703254313223814,0.2392568727058878,-0.2118719119835092,-0.573164899284325,0.8786403152293504,0.032144334011251344,23.503765251290147,0.0,-0.15164138903341395
frictionless,original,ALL,MIX,2023,0.04797794334105521,1.2641710034220062,0.03759863270890703,-0.018059321677108442,2.6566857935683643,1.0479443292959656,0.021959741887771066,16.043620965604884,0.0,-0.014853049682383768
frictionless,original,ALL,MIX,2024,0.0649870278780722,0.5669957965118447,0.12440185785722782,-0.13902473260759374,0.46744940025529325,1.0651247254282836,0.024594569600088507,17.962686785754972,0.0,-0.059155307614272123
frictionless,original,ALL,MIX,2025,0.30231150131383044,1.8311334154917163,0.15012056509970775,-0.07093089156574184,4.262056977440287,1.3011347794769215,0.02794572487313233,20.40763068914522,0.0,-0.05127506187616859
frictionless,original,TREND_UP,BTC,full,0.0067551949684037105,0.1665846362255797,0.04702892167980366,-0.10709255408261142,0.0630781012393517,1.0412122600347853,0.005476951163852123,4.000889611786403,0.0,-0.053416058021622304
frictionless,original,TREND_UP,BTC,2020_2022,0.002806661372328767,0.07979075090624313,0.051793314514964404,-0.08104391881326434,0.03463136301189578,1.0084455728342105,0.004562043795620438,3.332610937757332,0.0,-0.0477022233766341
frictionless,original,TREND_UP,BTC,2023_end,0.010722903135609307,0.2764434285789024,0.041742155859931476,-0.10709255408261142,0.10012743862040714,1.0324922713562863,0.006392694063926941,4.669778585974404,0.0,-0.053416058021622304
frictionless,original,TREND_UP,BTC,2020,-0.02227713549477206,-0.31477425591409197,0.06482248211100658,-0.08104391881326434,-0.2748773235670089,0.9776776352911849,0.00819672131147541,5.987799841893437,0.0,-0.0477022233766341
frictionless,original,TREND_UP,BTC,2021,0.0,,0.0,0.0,,1.0,0.0,0.0,0.0,0.0
frictionless,original,TREND_UP,BTC,2022,0.03149232299743465,0.5295841392145204,0.06206673005502257,-0.05538751960913735,0.5685815725216069,1.0314704320037575,0.005479452054794521,4.0027584812302415,0.0,-0.020246446088727277
frictionless,original,TREND_UP,BTC,2023,0.03141296771635105,1.3410286871389607,0.023247457435793366,-0.011218293061424633,2.800155740659698,1.0313911327192917,0.010958904109589041,8.005350153800036,0.0,-0.0015703816660082026
frictionless,original,TREND_UP,BTC,2024,-0.022333317943464936,-0.32437709000809095,0.06329825877224451,-0.10709255408261142,-0.20854221037848222,0.977621340085765,0.00546448087431694,3.99180342996661,0.0,-0.053416058021622304
frictionless,original,TREND_UP,BTC,2025,0.02406633419503934,0.9266768640289615,0.026003999984345758,-0.013960074821220969,1.7239402011266916,1.0239829918206116,0.0027472527472527475,2.0067436542230217,0.0,-0.0018648829720560034
frictionless,original,TREND_UP,ETH,full,0.01243880590108093,0.4355964826718325,0.0293379906128727,-0.05365395192928224,0.2318339181701975,1.0769743207449067,0.003651300775901415,2.6673552085397545,0.0,-0.029316410291784445
frictionless,original,TREND_UP,ETH,2020_2022,0.011536426524792143,0.3593647741388203,0.0334277744171591,-0.036434356695208,0.3166359329821641,1.0350182083098793,0.002737226277372263,1.9997383075560415,0.0,-0.029316410291784445
frictionless,original,TREND_UP,ETH,2023_end,0.013342815473116776,0.5509599907370575,0.02458796809551323,-0.026297503588340265,0.5073795475792876,1.0405365935576527,0.0045662100456621,3.3355818053234514,0.0,-0.02541241657221993
frictionless,original,TREND_UP,ETH,2020,0.06038883256543537,1.206824127686838,0.04954443881633039,-0.0234707786675753,2.5729369025520263,1.060516512948537,0.00546448087431694,3.9923857515885843,0.0,-0.003625661149974313
frictionless,original,TREND_UP,ETH,2021,0.0,,0.0,0.0,,1.0,0.0,0.0,0.0,0.0
frictionless,original,TREND_UP,ETH,2022,-0.02405955694159312,-0.8006675375869057,0.02983014754814276,-0.03160807216818806,-0.7611839410379433,0.9759567113502409,0.0027397260273972603,2.0013698630136987,0.0,-0.029316410291784445
frictionless,original,TREND_UP,ETH,2023,-0.012151316869033035,-0.42614329700633014,0.02775567944955851,-0.02548333093019728,-0.47683393125951007,0.9878569495507389,0.00821917808219178,6.004104425841218,0.0,-0.02541241657221993
frictionless,original,TREND_UP,ETH,2024,0.0,,0.0,0.0,,1.0,0.0,0.0,0.0,0.0
frictionless,original,TREND_UP,ETH,2025,0.0535151430829468,1.6290663264419363,0.032296414903840255,-0.026297503588340265,2.0349894773538217,1.0533271988731483,0.005494505494505495,4.013637256585534,0.0,0.0
frictionless,original,TREND_UP,MIX,full,0.009616991856107315,0.36190232230833597,0.027469816078895887,-0.0661308067603752,0.14542377943390983,1.059093290389846,0.004544201107237819,3.3249993374938938,0.0,-0.02693660375284912
frictionless,original,TREND_UP,MIX,2020_2022,0.007190466605884849,0.2511802515733228,0.030326425759021648,-0.04087722006368211,0.1759040021479668,1.021731890572045,0.003607107526354409,2.642662405034016,0.0,-0.02351713063895744
frictionless,original,TREND_UP,MIX,2023_end,0.012051587115456064,0.5050456997851105,0.02428988819152809,-0.05457269871928816,0.22083546165541845,1.0365667355228418,0.005482150481345779,4.007959408704875,0.0,-0.02693660375284912
frictionless,original,TREND_UP,MIX,2020,0.019057570226890252,0.48708849657232123,0.04039697463508386,-0.04087722006368211,0.46621492844182416,1.0190970741198608,0.006765635210574928,4.960027580747431,0.0,-0.02351713063895744
frictionless,original,TREND_UP,MIX,2021,0.0,,0.0,0.0,,1.0,0.0,0.0,0.0,0.0
frictionless,original,TREND_UP,MIX,2022,0.002587215212826788,0.09349128921312659,0.03361015135433207,-0.028636783102499286,0.09034587451971823,1.002585442073278,0.0040470338679835845,2.961610688667733,0.0,-0.015027117910210053
frictionless,original,TREND_UP,MIX,2023,0.009347415667777081,0.511716221177433,0.018503691782483626,-0.012871436289747962,0.7262138783394557,1.009340987921461,0.009598749312642266,7.011286406644886,0.0,-0.012871436289747962
frictionless,original,TREND_UP,MIX,2024,-0.011262096879558148,-0.3414010758470239,0.03167180605909367,-0.05457269871928816,-0.2063686998051587,0.9887149086444098,0.002717002357276213,1.9966130931669566,0.0,-0.02693660375284912
frictionless,original,TREND_UP,MIX,2025,0.038830990471350635,1.861710639170771,0.020562359874222655,-0.013463361905214244,2.8841971823034576,1.0386955600802334,0.004134583558231065,3.018779181338868,0.0,-0.0009175687851719072
frictionless,original,TREND_DOWN,BTC,full,0.01691149099227296,0.3954337388260749,0.04488482505613461,-0.08611801309622025,0.1963757683700579,1.105831505490135,0.006846188954815153,5.0010993059262505,0.0,-0.0317380313297253
frictionless,original,TREND_DOWN,BTC,2020_2022,0.027263304363640994,0.8111814558082362,0.0338334067669028,-0.04465766897578094,0.6104954644727789,1.084059999169256,0.005474452554744526,3.999016487588561,0.0,-0.0134537637758817
frictionless,original,TREND_DOWN,BTC,2023_end,0.006654682571124226,0.14971776733994793,0.05372816811481668,-0.08611801309622025,0.07727399102541885,1.0200833038185737,0.00821917808219178,6.004097268390274,0.0,-0.0317380313297253
frictionless,original,TREND_DOWN,BTC,2020,-0.0029459446578208315,-0.12707597721760372,0.021405956926432934,-0.021444773875484824,-0.13737354727664292,0.9970480151118194,0.00546448087431694,3.9915484190128803,0.0,-0.0134537637758817
frictionless,original,TREND_DOWN,BTC,2021,0.03047474719633647,0.7327306940413145,0.04213254870751842,-0.042866262691230506,0.7109261522481859,1.0304535739327847,0.005479452054794521,4.002739726027397,0.0,-0.013297623535069025
frictionless,original,TREND_DOWN,BTC,2022,0.055175700848099085,1.563668916638619,0.034704349209902834,-0.010831662828565958,5.0939271025484825,1.0551369126276107,0.005479452054794521,4.0027817781872574,0.0,-0.0020111691114591546
frictionless,original,TREND_DOWN,BTC,2023,0.0011560027776866821,0.1177735276856481,0.010245825408669095,-0.018094080923407696,0.06388844963057509,1.0011552110800588,0.005479452054794521,4.002742385688523,0.0,-0.0036474951752196727
frictionless,original,TREND_DOWN,BTC,2024,-0.029788857982689376,-0.5024448322520593,0.05693751033913259,-0.07703719760227468,-0.3866814851765818,0.9701508960491223,0.01092896174863388,7.98360835889019,0.0,-0.0317380313297253
frictionless,original,TREND_DOWN,BTC,2025,0.05043229675215777,0.7091657813913397,0.07297817382545456,-0.04722707618577904,1.0678682828843824,1.0502554357019327,0.008241758241758242,6.020562853728656,0.0,-0.030362644662636162
frictionless,original,TREND_DOWN,ETH,full,0.048417596046245626,0.7574784188877138,0.06501790387364081,-0.05376910098223442,0.9004724862750271,1.3279376912934309,0.006389776357827476,4.667679801014744,0.0,-0.025138667498812328
frictionless,original,TREND_DOWN,ETH,2020_2022,0.04867092576211807,1.1212687880610395,0.043168556385079486,-0.03635219686112745,1.3388716491619637,1.153272162051703,0.005474452554744526,3.999077656675184,0.0,-0.015771586363153567
frictionless,original,TREND_DOWN,ETH,2023_end,0.048164096260297606,0.616778806129524,0.08122285550497009,-0.05376910098223442,0.8957578866012892,1.1514521333203718,0.0073059360730593605,5.33689254091991,0.0,-0.025138667498812328
frictionless,original,TREND_DOWN,ETH,2020,0.023871665403137676,0.9912125018196838,0.0240717142895783,-0.013128910036126373,1.8182518836255888,1.0239212648653575,0.00273224043715847,1.99585723268651,0.0,-0.00017796760989496896
frictionless,original,TREND_DOWN,ETH,2021,0.06589675328470856,1.1307006221764735,0.057845611895243454,-0.03635219686112745,1.8127309756944576,1.0658501959410307,0.005479452054794521,4.002739726027397,0.0,-0.015771586363153567
frictionless,original,TREND_DOWN,ETH,2022,0.056782211475695066,1.3681069275463797,0.0409409909272592,-0.029707603918734393,1.9113696153693067,1.0567422638077162,0.00821917808219178,6.004124286445862,0.0,-0.004603923011999744
frictionless,original,TREND_DOWN,ETH,2023,0.007693063925837906,0.7652739358879831,0.010073177215144016,-0.014379861183817289,0.5349887476309907,1.007687778121803,0.005479452054794521,4.002714575577433,0.0,-0.0017490412074109285
frictionless,original,TREND_DOWN,ETH,2024,0.07922836771964592,0.6553511342079028,0.12783146880513316,-0.05376910098223442,1.473492512843452,1.0793973484673989,0.01092896174863388,7.983627241010285,0.0,-0.025138667498812328
frictionless,original,TREND_DOWN,ETH,2025,0.0588233362056767,1.0161433661472201,0.05780461468349161,-0.03179034660580682,1.8503521504522396,1.0586162364441873,0.005494505494505495,4.013458631900478,0.0,-0.00718169267610258
frictionless,original,TREND_DOWN,MIX,full,0.03326441977894068,0.817140068079418,0.04102731641641749,-0.06067815307281865,0.5482108154976423,1.216884598391783,0.006602171106582611,4.822087363769818,0.0,-0.024134589209021673
frictionless,original,TREND_DOWN,MIX,2020_2022,0.03807752181685364,1.322877366990897,0.028535708437749576,-0.03209746482118192,1.1863093247079544,1.1186660806104796,0.005492115344015071,4.011468329559008,0.0,-0.007990652217175542
frictionless,original,TREND_DOWN,MIX,2023_end,0.0284692689673538,0.5796643479894877,0.05054136556795828,-0.06067815307281865,0.4691848305466449,1.087799674526382,0.007713240618705005,5.63344668933607,0.0,-0.024134589209021673
frictionless,original,TREND_DOWN,MIX,2020,0.01046304306214152,0.5007198493041525,0.021216823000482686,-0.013345694172978373,0.784001410981417,1.0104846399885885,0.004094045970035796,2.9890331661993015,0.0,-0.006708371925172263
frictionless,original,TREND_DOWN,MIX,2021,0.04842115474444597,1.3378124928929314,0.03579580053936575,-0.03164216712644752,1.53027302305012,1.0483872230672502,0.005502954173864534,4.021725735094237,0.0,-0.007990652217175542
frictionless,original,TREND_DOWN,MIX,2022,0.05600319473420945,2.051607973979935,0.026715772337331113,-0.015344578677010667,3.6497056004615978,1.0559638095053299,0.00688317621519688,5.026447279611871,0.0,-0.002359325633598086
frictionless,original,TREND_DOWN,MIX,2023,0.004525642135896346,0.6132853307997058,0.007402147305493213,-0.010292795066534688,0.4396902985672686,1.0045225375086335,0.00548020229599677,4.004013833721524,0.0,-0.0025606683578482947
frictionless,original,TREND_DOWN,MIX,2024,0.026586028356635705,0.3886140628688708,0.07435904539633673,-0.06067815307281865,0.4381482792452555,1.0266413406185158,0.010860934730792226,7.934678271398918,0.0,-0.024134589209021673
frictionless,original,TREND_DOWN,MIX,2025,0.054994171041260476,1.1954290982542337,0.04561098360599701,-0.022345999520299364,2.461029813918287,1.0548008986440007,0.006787424527398914,4.953480297205047,0.0,-0.014319254078024812
frictionless,original,RANGE,BTC,full,0.0018703545526257415,0.07286609281472442,0.03289313253897527,-0.08429732872532192,0.02218758981936647,1.0112721449285096,0.0013692377909630307,1.000224985938756,0.0,-0.04370775364986823
frictionless,original,RANGE,BTC,2020_2022,0.0,,0.0,0.0,,1.0,0.0,0.0,0.0,0.0
frictionless,original,RANGE,BTC,2023_end,0.0037459202132963387,0.10304893498686651,0.04653883080623397,-0.08429732872532192,0.04443699782590037,1.0112721449285096,0.0027397260273972603,2.0013634193532552,0.0,-0.04370775364986823
frictionless,original,RANGE,BTC,2020,0.0,,0.0,0.0,,1.0,0.0,0.0,0.0,0.0
frictionless,original,RANGE,BTC,2021,0.0,,0.0,0.0,,1.0,0.0,0.0,0.0,0.0
frictionless,original,RANGE,BTC,2022,0.0,,0.0,0.0,,1.0,0.0,0.0,0.0,0.0
frictionless,original,RANGE,BTC,2023,0.06456252424550413,0.9611307028412849,0.06730522731052277,-0.003980550441912478,16.21949657155574,1.064516937798396,0.0027397260273972603,2.0013505320323675,0.0,-0.002560356443849665
frictionless,original,RANGE,BTC,2024,-0.049917904124518575,-1.1342892656514327,0.044225361656001945,-0.08429732872532192,-0.5921647207490197,0.9499822022747653,0.00546448087431694,3.9918032786885247,0.0,-0.04370775364986823
frictionless,original,RANGE,BTC,2025,0.0,,0.0,0.0,,1.0,0.0,0.0,0.0,0.0
frictionless,original,RANGE,ETH,full,0.018618385631762102,0.3992821717849187,0.04894961486431461,-0.006881904638978642,2.705411744055392,1.1170126650051948,0.00045641259698767686,0.33343033235159153,0.0,-0.002578258394991373
frictionless,original,RANGE,ETH,2020_2022,0.0,,0.0,0.0,,1.0,0.0,0.0,0.0,0.0
frictionless,original,RANGE,ETH,2023_end,0.03760089559697932,0.5647936149022096,0.06924169303467735,-0.006881904638978642,5.463733889018222,1.1170126650051948,0.0009132420091324201,0.6671651672898055,0.0,-0.002578258394991373
frictionless,original,RANGE,ETH,2020,0.0,,0.0,0.0,,1.0,0.0,0.0,0.0,0.0
frictionless,original,RANGE,ETH,2021,0.0,,0.0,0.0,,1.0,0.0,0.0,0.0,0.0
frictionless,original,RANGE,ETH,2022,0.0,,0.0,0.0,,1.0,0.0,0.0,0.0,0.0
frictionless,original,RANGE,ETH,2023,0.0,,0.0,0.0,,1.0,0.0,0.0,0.0,0.0
frictionless,original,RANGE,ETH,2024,0.0,,0.0,0.0,,1.0,0.0,0.0,0.0,0.0
frictionless,original,RANGE,ETH,2025,0.1174372176078946,0.9795553140649813,0.12009950768129105,-0.006881904638978642,17.06463889992578,1.1170126650051948,0.0027472527472527475,2.006994115885541,0.0,-0.002578258394991373
frictionless,original,RANGE,MIX,full,0.010417792677802185,0.365853961278714,0.029459950708635257,-0.04369623512355991,0.2384139651469692,1.0641424049668522,0.0009280930736482045,0.6772962653486465,0.0,-0.022536818769344324
frictionless,original,RANGE,MIX,2020_2022,0.0,,0.0,0.0,,1.0,0.0,0.0,0.0,0.0
frictionless,original,RANGE,MIX,2023_end,0.020953778786605648,0.5174904952130511,0.04167404520421184,-0.04369623512355991,0.479532818499228,1.0641424049668522,0.0018570337208796493,1.3552110660994379,0.0,-0.022536818769344324
frictionless,original,RANGE,MIX,2020,0.0,,0.0,0.0,,1.0,0.0,0.0,0.0,0.0
frictionless,original,RANGE,MIX,2021,0.0,,0.0,0.0,,1.0,0.0,0.0,0.0,0.0
frictionless,original,RANGE,MIX,2022,0.0,,0.0,0.0,,1.0,0.0,0.0,0.0,0.0
frictionless,original,RANGE,MIX,2023,0.03228091658648591,0.9598440160534422,0.033654337924283566,-0.0020112359393967827,16.050288260147003,1.032258468899198,0.0013870067543054233,1.0163156838802851,0.0,-0.0013218235659884225
frictionless,original,RANGE,MIX,2024,-0.02573827322974087,-1.131807810592041,0.02278980768004888,-0.04369623512355991,-0.5890272504475664,0.9742095635569515,0.002777007052587154,2.021006397656807,0.0,-0.022536818769344324
frictionless,original,RANGE,MIX,2025,0.058383945320020336,0.9783008208872086,0.059715021660274537,-0.0035642177094524774,16.38057775348102,1.0581784346291705,0.0014033238400957084,1.0255839319235966,0.0,-0.0013548373616013576
frictionless,original,VOL_COMPRESSION,BTC,full,0.003714781991005056,0.7091173995229673,0.005244641824710175,-0.012532211480258182,0.29641871244009094,1.0224915241219226,0.0022820629849383844,1.667043092785928,0.0,-0.0018801091559689231
frictionless,original,VOL_COMPRESSION,BTC,2020_2022,0.001411877346203072,0.3382816036822616,0.004193748008396417,-0.012532211480258182,0.11265987239580043,1.004242584838357,0.0018248175182481751,1.3330213941922795,0.0,-0.0018801091559689231
frictionless,original,VOL_COMPRESSION,BTC,2023_end,0.006025092898289897,0.9842346475295315,0.006118019294187682,-0.012136512824459933,0.49644349949904243,1.0181718436950202,0.0027397260273972603,2.0013698340266934,0.0,-0.0006633193696169437
frictionless,original,VOL_COMPRESSION,BTC,2020,-0.0008275722581359002,-1.0091454928570214,0.0008195173109889601,-0.012532211480258182,-0.0660356122652066,0.9991707291196412,0.00273224043715847,1.9959005580681426,0.0,-0.0008206171950698726
frictionless,original,VOL_COMPRESSION,BTC,2021,0.0,,0.0,0.0,,1.0,0.0,0.0,0.0,0.0
frictionless,original,VOL_COMPRESSION,BTC,2022,0.005079550723959381,0.7045383234131882,0.007223408556625702,-0.004739399740737227,1.0717708996560062,1.0050760651517328,0.0027397260273972603,2.001347517210406,0.0,-0.0018801091559689231
frictionless,original,VOL_COMPRESSION,BTC,2023,0.004284416475845321,0.910352564757419,0.004705175083307692,-0.003375235560098333,1.269368137292468,1.004281477683767,0.0027397260273972603,2.0013698630136987,0.0,-0.00040337616197416715
frictionless,original,VOL_COMPRESSION,BTC,2024,0.0,,0.0,0.0,,1.0,0.0,0.0,0.0,0.0
frictionless,original,VOL_COMPRESSION,BTC,2025,0.013878973427252861,1.454000609504769,0.00950425481014886,-0.012136512824459933,1.1435717679365998,1.0138311482586428,0.005494505494505495,4.0137361765363435,0.0,-0.0006633193696169437
frictionless,original,VOL_COMPRESSION,ETH,full,0.0021078177890285765,0.2353449943352614,0.009115564839553784,-0.011792479083632457,0.1787425505765071,1.0127108187137386,0.0013692377909630307,1.0002271867664683,0.0,-0.008799235406243833
frictionless,original,VOL_COMPRESSION,ETH,2020_2022,0.0,,0.0,0.0,,1.0,0.0,0.0,0.0,0.0
frictionless,original,VOL_COMPRESSION,ETH,2023_end,0.004222009512506064,0.33285326883237304,0.01289626599290739,-0.011792479083632457,0.35802560959095225,1.0127108187137386,0.0027397260273972603,2.001367823018568,0.0,-0.008799235406243833
frictionless,original,VOL_COMPRESSION,ETH,2020,0.0,,0.0,0.0,,1.0,0.0,0.0,0.0,0.0
frictionless,original,VOL_COMPRESSION,ETH,2021,0.0,,0.0,0.0,,1.0,0.0,0.0,0.0,0.0
frictionless,original,VOL_COMPRESSION,ETH,2022,0.0,,0.0,0.0,,1.0,0.0,0.0,0.0,0.0
frictionless,original,VOL_COMPRESSION,ETH,2023,0.01271957988934691,0.5761666243990315,0.02235064012575357,-0.011792479083632457,1.0786179732980181,1.0127108187137386,0.00821917808219178,6.004103469055703,0.0,-0.008799235406243833
frictionless,original,VOL_COMPRESSION,ETH,2024,0.0,,0.0,0.0,,1.0,0.0,0.0,0.0,0.0
frictionless,original,VOL_COMPRESSION,ETH,2025,0.0,,0.0,0.0,,1.0,0.0,0.0,0.0,0.0
frictionless,original,VOL_COMPRESSION,MIX,full,0.0029129087176416046,0.5362614072407037,0.005447840600225211,-0.006270962479696829,0.4645074383832751,1.0176011714178306,0.0018274721880932887,1.3351518629610213,0.0,-0.004433286928386959
frictionless,original,VOL_COMPRESSION,MIX,2020_2022,0.0007064368411382471,0.3376552352062062,0.002096504862512892,-0.006270962479696829,0.11265205993903506,1.0021212924191785,0.0009120598278501093,0.6667271222515193,0.0,-0.0009429290158490256
frictionless,original,VOL_COMPRESSION,MIX,2023_end,0.005126267388015471,0.6927695029915656,0.007415249941893449,-0.006104649466213585,0.8397316531255385,1.0154471111588526,0.0027437205413595213,2.0041870372236827,0.0,-0.004433286928386959
frictionless,original,VOL_COMPRESSION,MIX,2020,-0.0004137859532056254,-1.0091455381361876,0.00040975688121586536,-0.006270962479696829,-0.06598444091243072,0.9995853645598206,0.0013632459575778268,0.9977435708677647,0.0,-0.0004103068207285121
frictionless,original,VOL_COMPRESSION,MIX,2021,0.0,,0.0,0.0,,1.0,0.0,0.0,0.0,0.0
frictionless,original,VOL_COMPRESSION,MIX,2022,0.0025387196423194425,0.7034666020845333,0.003611065795441716,-0.0023687169012459597,1.071769970055966,1.0025369797810861,0.0013716973995896854,1.0015309015070226,0.0,-0.0009429290158490256
frictionless,original,VOL_COMPRESSION,MIX,2023,0.0084930643606409,0.7135766849304966,0.011943087218570722,-0.005926831351984574,1.4329856640508312,1.0084872265755118,0.005485330592250735,4.005837997120068,0.0,-0.004433286928386959
frictionless,original,VOL_COMPRESSION,MIX,2024,0.0,,0.0,0.0,,1.0,0.0,0.0,0.0,0.0
frictionless,original,VOL_COMPRESSION,MIX,2025,0.0069250930196242955,1.4539720345021547,0.004750981287153432,-0.006104649466213585,1.1343965051476725,1.0069013115882235,0.00275337452367351,2.012236090140405,0.0,-0.00033297899933670827
frictionless,original,VOL_EXPANSION,BTC,full,0.013966958041323085,0.27898003390396336,0.055180067537312846,-0.12241818256785031,0.11409218588571919,1.0867623183392279,0.004107713372889092,3.0006955846258623,0.0,-0.06933737692447106
frictionless,original,VOL_EXPANSION,BTC,2020_2022,0.0073508743799892695,0.1367030930098641,0.07349401228995171,-0.12241818256785031,0.06004724319375551,1.0222202507835594,0.006386861313868613,4.6656213566841105,0.0,-0.06933737692447106
frictionless,original,VOL_EXPANSION,BTC,2023_end,0.02063259656242944,0.7904961047705185,0.02624465656568644,-0.03332200387290907,0.6191883489697277,1.0631391008994346,0.0018264840182648401,1.3342493324104825,0.0,-0.007178569948759095
frictionless,original,VOL_EXPANSION,BTC,2020,-0.01067504212387893,-0.11488268799500902,0.0710885534537645,-0.060473519741505055,-0.17652424018826016,0.9893031555290418,0.00546448087431694,3.9918052612470105,0.0,-0.05663953824810264
frictionless,original,VOL_EXPANSION,BTC,2021,0.06257569621415549,1.3916484828549802,0.04427466659311738,-0.015450644774128608,4.050037854661936,1.0625315534290813,0.005479452054794521,4.002769923014568,0.0,-0.0044813264838412525
frictionless,original,VOL_EXPANSION,BTC,2022,-0.02755523191092346,-0.24234865728900803,0.09596690898895868,-0.11465083390511333,-0.2403404403820435,0.972463366521945,0.00821917808219178,6.004134957285104,0.0,-0.06933737692447106
frictionless,original,VOL_EXPANSION,BTC,2023,0.0,,0.0,0.0,,1.0,0.0,0.0,0.0,0.0
frictionless,original,VOL_EXPANSION,BTC,2024,0.02952434403347426,0.7899233188300331,0.037687353508702844,-0.03332200387290907,0.8860314687580262,1.0295858570833272,0.00273224043715847,1.9958118421593936,0.0,-0.007178569948759095
frictionless,original,VOL_EXPANSION,BTC,2025,0.03270279164763257,1.2778748080565332,0.025414219520553203,-0.021086132007928193,1.5509146786777497,1.0325890682989365,0.0027472527472527475,2.006966716371265,0.0,0.0
frictionless,original,VOL_EXPANSION,ETH,full,-0.021200361459576933,-0.22249368158387314,0.08108188174338385,-0.2789347823623499,-0.07600472511899439,0.8793778884590232,0.00867183934276586,6.33456202507644,0.0,-0.1121598037013356
frictionless,original,VOL_EXPANSION,ETH,2020_2022,-0.040120233575210995,-0.3727563380812751,0.09679924301920015,-0.24986244731258167,-0.16056928124545256,0.8843788331320905,0.010036496350364963,7.331369379857554,0.0,-0.1121598037013356
frictionless,original,VOL_EXPANSION,ETH,2023_end,-0.0018897743507321207,0.0003024529647845312,0.06148264519307319,-0.12017076511111535,-0.01572574118992044,0.9943452460803973,0.0073059360730593605,5.336844343943927,0.0,-0.06908757048174896
frictionless,original,VOL_EXPANSION,ETH,2020,0.1007159195586329,1.4700007824377561,0.06669657988843881,-0.03663271524331857,2.749343555061823,1.1009328312462223,0.00546448087431694,3.9909425495011304,0.0,0.0
frictionless,original,VOL_EXPANSION,ETH,2021,-0.06191261845131135,-0.8374497152598828,0.07308439763425631,-0.10804640366660889,-0.5730187803598786,0.9381284195488173,0.010958904109589041,8.005423959871015,0.0,-0.03563808077207231
frictionless,original,VOL_EXPANSION,ETH,2022,-0.14381213170420726,-1.075191041862061,0.13528254520079033,-0.18909592315199208,-0.7605247606983759,0.8562788631367629,0.0136986301369863,10.006893484530261,0.0,-0.1121598037013356
frictionless,original,VOL_EXPANSION,ETH,2023,0.0,,0.0,0.0,,1.0,0.0,0.0,0.0,0.0
frictionless,original,VOL_EXPANSION,ETH,2024,-0.04717004623381915,-0.5815882283324102,0.07766091003836229,-0.11494147243485797,-0.41038317358038323,0.9527354212430349,0.00819672131147541,5.9875321502214245,0.0,-0.06908757048174896
frictionless,original,VOL_EXPANSION,ETH,2025,0.04382728022518734,0.6236102854619753,0.07291537799781184,-0.07266340241979408,0.6031548037344374,1.0436740609298163,0.013736263736263736,10.034087334169115,0.0,-0.024595064135742195
frictionless,original,VOL_EXPANSION,MIX,full,-0.002842409715256733,-0.022138034685894075,0.055930777349052295,-0.1424077515657869,-0.01995965587549951,0.9830701033991256,0.006225995816083624,4.543174229072715,0.0,-0.09056006480076251
frictionless,original,VOL_EXPANSION,MIX,2020_2022,-0.01581205607176195,-0.18506927474085264,0.07171123702956887,-0.1424077515657869,-0.11103367546995775,0.953299541957825,0.008190483042334896,5.984037221113981,0.0,-0.09056006480076251
frictionless,original,VOL_EXPANSION,MIX,2023_end,0.01031023018386179,0.3237308862143272,0.03338001244248576,-0.06453543798516048,0.15976075325052513,1.0312289685780818,0.004259714537570936,3.1009953804177117,0.0,-0.031813117207614816
frictionless,original,VOL_EXPANSION,MIX,2020,0.04502348774475862,0.9171979210368354,0.0492991381265305,-0.029121853728690028,1.5460378368840837,1.045117993387632,0.005482515568975203,4.014234136426414,0.0,-0.02809447141712429
frictionless,original,VOL_EXPANSION,MIX,2021,-0.002993952908598163,-0.04797791119649649,0.04315753870134383,-0.05728592975752522,-0.05226332052688505,0.9970080932718397,0.008311935628963804,6.05904858050039,0.0,-0.01873082402471926
frictionless,original,VOL_EXPANSION,MIX,2022,-0.08517312666716492,-0.7872857051058031,0.1055796397175434,-0.12541006737197247,-0.679157012287835,0.9148826165038774,0.010784417018033792,7.884225667195108,0.0,-0.09056006480076251
frictionless,original,VOL_EXPANSION,MIX,2023,0.0,,0.0,0.0,,1.0,0.0,0.0,0.0,0.0
frictionless,original,VOL_EXPANSION,MIX,2024,-0.006048949258834813,-0.10860052980198201,0.04606936659460874,-0.06212572847864728,-0.09736625077827211,0.9939386676204285,0.005190013797320312,3.7760051071784817,0.0,-0.031813117207614816
frictionless,original,VOL_EXPANSION,MIX,2025,0.03764894202854552,1.0742876107631363,0.034942348540597544,-0.032844848987183206,1.1462662545118407,1.037517708257522,0.007595720793464124,5.531791407500192,0.0,-0.01107335901370854
frictionless,original,HIGH_VOL,BTC,full,-0.030473552124821723,-0.21006114188418493,0.11357638656734767,-0.31111572966409295,-0.09794924916758008,0.8305702352214391,0.003194888178913738,2.334110721522226,0.0,-0.20204569126687622
frictionless,original,HIGH_VOL,BTC,2020_2022,-0.07315297861471126,-0.39074916034436213,0.15882346158225416,-0.31111572966409295,-0.23513108351574974,0.7961622725437799,0.005474452554744526,3.9995772820418183,0.0,-0.20204569126687622
frictionless,original,HIGH_VOL,BTC,2023_end,0.014212872370987117,0.6039650356452638,0.0238077542703795,-0.02172030149843196,0.6543588896320421,1.0432172734934098,0.0009132420091324201,0.6671231869747613,0.0,0.0
frictionless,original,HIGH_VOL,BTC,2020,-0.15924898561038903,-0.6807665724259753,0.21588377389672547,-0.31111572966409295,-0.5118641406602225,0.8404516089108639,0.00546448087431694,3.9933336655066554,0.0,-0.20204569126687622
frictionless,original,HIGH_VOL,BTC,2021,0.032986797434608084,0.7389593298224088,0.0452600538097539,-0.0485733945353668,0.6791124596118159,1.0329638510937973,0.005479452054794521,4.0027395233426635,0.0,-0.02406066984975941
frictionless,original,HIGH_VOL,BTC,2022,-0.08298169117769427,-0.4403260201167199,0.16448418133618253,-0.14632989446223155,-0.5670863871162857,0.9170726836829127,0.005479452054794521,4.002675763074863,0.0,-0.13302994032882964
frictionless,original,HIGH_VOL,BTC,2023,0.0,,0.0,0.0,,1.0,0.0,0.0,0.0,0.0
frictionless,original,HIGH_VOL,BTC,2024,0.04312683075394297,1.0447579285554187,0.04117632536568469,-0.02172030149843196,1.985553964665564,1.0432172734934098,0.00273224043715847,1.9959013380802284,0.0,0.0
frictionless,original,HIGH_VOL,BTC,2025,0.0,,0.0,0.0,,1.0,0.0,0.0,0.0,0.0
frictionless,original,HIGH_VOL,ETH,full,0.06624578351513732,0.5366987054373837,0.13681023626199781,-0.16500284684000754,0.4014826700497569,1.469284259229586,0.009128251939753538,6.668112345935169,0.0,-0.1648570257095563
frictionless,original,HIGH_VOL,ETH,2020_2022,0.059368913890190944,0.4253419338697155,0.1695748210293519,-0.16500284684000754,0.35980539140489554,1.18893693386506,0.014598540145985401,10.66399649989679,0.0,-0.1648570257095563
frictionless,original,HIGH_VOL,ETH,2023_end,0.07317363569069735,0.801770739811698,0.0932007783435062,-0.06574028478093485,1.1130714741278123,1.2357966325877,0.0036529680365296802,2.6685789827005224,0.0,-0.06352432012539777
frictionless,original,HIGH_VOL,ETH,2020,-0.015239346673887377,-0.4774404486076988,0.031126532467948418,-0.07589812691751996,-0.2007868611889235,0.9847296011803097,0.01092896174863388,7.98280429457422,0.0,-0.01881565880938707
frictionless,original,HIGH_VOL,ETH,2021,0.2995525280710405,1.604496176629237,0.17224366950306835,-0.12696134389878821,2.359399474456095,1.2993194834330077,0.021917808219178082,16.011768966699346,0.0,-0.07929347055975966
frictionless,original,HIGH_VOL,ETH,2022,-0.07081103613273643,-0.19019036831558117,0.23599024893342171,-0.16500284684000754,-0.42915039036506597,0.9292356745343014,0.010958904109589041,8.00476197048619,0.0,-0.1648570257095563
frictionless,original,HIGH_VOL,ETH,2023,0.0,,0.0,0.0,,1.0,0.0,0.0,0.0,0.0
frictionless,original,HIGH_VOL,ETH,2024,0.1396286299726619,1.5987155011658345,0.08381888778081548,-0.051724962002719144,2.6994438384569857,1.1399345277951365,0.00546448087431694,3.99205741480859,0.0,0.0
frictionless,original,HIGH_VOL,ETH,2025,0.08439503855600461,0.651799865598921,0.13816205495196543,-0.06574028478093485,1.2837644199022358,1.0840943952965265,0.005494505494505495,4.0137389347173835,0.0,-0.06352432012539777
frictionless,original,HIGH_VOL,MIX,full,0.023561718995173564,0.26365404907298284,0.1130480286721059,-0.16235327339619288,0.14512623307369715,1.1499272472255126,0.006619872737140446,4.841253342053651,0.0,-0.15214905029172898
frictionless,original,HIGH_VOL,MIX,2020_2022,-0.0024890916665004648,0.058978446981316685,0.1471879794699909,-0.16235327339619288,-0.015331330341743717,0.9925496032044199,0.010598272046766664,7.762562021096686,0.0,-0.15214905029172898
frictionless,original,HIGH_VOL,MIX,2023_end,0.050317596146626675,0.8162091769799343,0.062422128924089326,-0.04248872033977369,1.1842577452144252,1.1585589712725723,0.0026378401861355746,1.9172768012032708,0.0,-0.04105651628337681
frictionless,original,HIGH_VOL,MIX,2020,-0.0872383282037732,-0.7920153854237814,0.10744748368960734,-0.16235327339619288,-0.5373364292500856,0.9125906050455868,0.00821316272603282,6.027675098109975,0.0,-0.10020175849419277
frictionless,original,HIGH_VOL,MIX,2021,0.17680030869313512,1.574508112301235,0.10693797335702107,-0.09021596176312863,1.9597453182103484,1.176669185202742,0.014874863641100204,10.894600080825288,0.0,-0.05513870062733439
frictionless,original,HIGH_VOL,MIX,2022,-0.07573089435094738,-0.2778343560745464,0.20506807596789092,-0.15438626287793322,-0.4905287098686017,0.9243189276966224,0.00871332431925117,6.370163999212291,0.0,-0.15214905029172898
frictionless,original,HIGH_VOL,MIX,2023,0.0,,0.0,0.0,,1.0,0.0,0.0,0.0,0.0
frictionless,original,HIGH_VOL,MIX,2024,0.10092682360255689,1.510043744515348,0.06498759345149797,-0.037530520221098596,2.6891933020906724,1.1011442100465543,0.0044176410360053054,3.220053535747244,0.0,0.0
frictionless,original,HIGH_VOL,MIX,2025,0.05232466153232718,0.6311159104593038,0.08650574123708243,-0.04248872033977369,1.231495350151698,1.0521410008808842,0.0034933472105508575,2.529885997895852,0.0,-0.04105651628337681
frictionless,original,UNKNOWN,BTC,full,0.0,,0.0,0.0,,1.0,0.0,0.0,0.0,0.0
frictionless,original,UNKNOWN,BTC,2020_2022,0.0,,0.0,0.0,,1.0,0.0,0.0,0.0,0.0
frictionless,original,UNKNOWN,BTC,2023_end,0.0,,0.0,0.0,,1.0,0.0,0.0,0.0,0.0
frictionless,original,UNKNOWN,BTC,2020,0.0,,0.0,0.0,,1.0,0.0,0.0,0.0,0.0
frictionless,original,UNKNOWN,BTC,2021,0.0,,0.0,0.0,,1.0,0.0,0.0,0.0,0.0
frictionless,original,UNKNOWN,BTC,2022,0.0,,0.0,0.0,,1.0,0.0,0.0,0.0,0.0
frictionless,original,UNKNOWN,BTC,2023,0.0,,0.0,0.0,,1.0,0.0,0.0,0.0,0.0
frictionless,original,UNKNOWN,BTC,2024,0.0,,0.0,0.0,,1.0,0.0,0.0,0.0,0.0
frictionless,original,UNKNOWN,BTC,2025,0.0,,0.0,0.0,,1.0,0.0,0.0,0.0,0.0
frictionless,original,UNKNOWN,ETH,full,0.0,,0.0,0.0,,1.0,0.0,0.0,0.0,0.0
frictionless,original,UNKNOWN,ETH,2020_2022,0.0,,0.0,0.0,,1.0,0.0,0.0,0.0,0.0
frictionless,original,UNKNOWN,ETH,2023_end,0.0,,0.0,0.0,,1.0,0.0,0.0,0.0,0.0
frictionless,original,UNKNOWN,ETH,2020,0.0,,0.0,0.0,,1.0,0.0,0.0,0.0,0.0
frictionless,original,UNKNOWN,ETH,2021,0.0,,0.0,0.0,,1.0,0.0,0.0,0.0,0.0
frictionless,original,UNKNOWN,ETH,2022,0.0,,0.0,0.0,,1.0,0.0,0.0,0.0,0.0
frictionless,original,UNKNOWN,ETH,2023,0.0,,0.0,0.0,,1.0,0.0,0.0,0.0,0.0
frictionless,original,UNKNOWN,ETH,2024,0.0,,0.0,0.0,,1.0,0.0,0.0,0.0,0.0
frictionless,original,UNKNOWN,ETH,2025,0.0,,0.0,0.0,,1.0,0.0,0.0,0.0,0.0
frictionless,original,UNKNOWN,MIX,full,0.0,,0.0,0.0,,1.0,0.0,0.0,0.0,0.0
frictionless,original,UNKNOWN,MIX,2020_2022,0.0,,0.0,0.0,,1.0,0.0,0.0,0.0,0.0
frictionless,original,UNKNOWN,MIX,2023_end,0.0,,0.0,0.0,,1.0,0.0,0.0,0.0,0.0
frictionless,original,UNKNOWN,MIX,2020,0.0,,0.0,0.0,,1.0,0.0,0.0,0.0,0.0
frictionless,original,UNKNOWN,MIX,2021,0.0,,0.0,0.0,,1.0,0.0,0.0,0.0,0.0
frictionless,original,UNKNOWN,MIX,2022,0.0,,0.0,0.0,,1.0,0.0,0.0,0.0,0.0
frictionless,original,UNKNOWN,MIX,2023,0.0,,0.0,0.0,,1.0,0.0,0.0,0.0,0.0
frictionless,original,UNKNOWN,MIX,2024,0.0,,0.0,0.0,,1.0,0.0,0.0,0.0,0.0
frictionless,original,UNKNOWN,MIX,2025,0.0,,0.0,0.0,,1.0,0.0,0.0,0.0,0.0
frictionless,past_gap_clean,ALL,BTC,full,0.004960942957178194,0.11081616666466997,0.14515544945291883,-0.31111572966409295,0.015945651357886823,1.030130294534399,0.022820629849383843,16.670653950811186,0.0,-0.20204569126687622
frictionless,past_gap_clean,ALL,BTC,2020_2022,-0.036835317902764286,-0.10180719388023192,0.1860764085156835,-0.31111572966409295,-0.11839747846415491,0.8934916358314896,0.023722627737226276,17.3298474582641,0.0,-0.20204569126687622
frictionless,past_gap_clean,ALL,BTC,2023_end,0.048611619983422116,0.5899698053269744,0.08669434925943127,-0.13859991034157637,0.3507334157981767,1.152926623175104,0.021917808219178082,16.01085844015511,0.0,-0.053416058021622304
frictionless,past_gap_clean,ALL,BTC,2020,-0.18982044018606148,-0.7548012770511178,0.23726105137575004,-0.31111572966409295,-0.6101280716054048,0.8098294459727625,0.0273224043715847,19.960387745728124,0.0,-0.20204569126687622
frictionless,past_gap_clean,ALL,BTC,2021,0.13107656061008632,1.604514997428432,0.07862264715725244,-0.08208706829947165,1.5967991466316014,1.1309812090011655,0.01643835616438356,12.008249172384629,0.0,-0.03295555434336328
frictionless,past_gap_clean,ALL,BTC,2022,-0.02448451130717766,-0.017001325566714704,0.20347121572573007,-0.14632989446223155,-0.16732405498657166,0.9755320407079106,0.0273972602739726,20.013698496987875,0.0,-0.13302994032882987
frictionless,past_gap_clean,ALL,BTC,2023,0.10398263052576628,1.4077646949087292,0.07199689218518115,-0.018094080923407696,5.746776029460966,1.1039078824646293,0.021917808219178082,16.010812934534627,0.0,-0.0036474951752196727
frictionless,past_gap_clean,ALL,BTC,2024,-0.07219901931229566,-0.6746097563467893,0.10307395615697294,-0.13859991034157637,-0.5209167822285223,0.9276582245720109,0.02459016393442623,17.96302690970472,0.0,-0.053416058021622304
frictionless,past_gap_clean,ALL,BTC,2025,0.12630917708610068,1.4911842626070992,0.08191228613703931,-0.04722707618577904,2.674507661436275,1.1258507828747257,0.019230769230769232,14.048009400859288,0.0,-0.030362644662636162
frictionless,past_gap_clean,ALL,ETH,full,0.13078534723441515,0.7677352664260679,0.18118858417554576,-0.2915066120447444,0.448653107101188,2.090296820721562,0.029666818804198997,21.67136689968417,0.0,-0.16485702570955652
frictionless,past_gap_clean,ALL,ETH,2020_2022,0.07866060147953813,0.47577383254584027,0.2027456405974014,-0.2915066120447444,0.26984156869643916,1.2550960337154322,0.032846715328467155,23.99418184398557,0.0,-0.16485702570955652
frictionless,past_gap_clean,ALL,ETH,2023_end,0.18548003820678516,1.159854527174326,0.15673310857362938,-0.15286160579288688,1.2133853837574702,1.6654477144140947,0.026484018264840183,19.346430663196184,0.0,-0.06908757048174907
frictionless,past_gap_clean,ALL,ETH,2020,0.17683778873694211,1.8188719564060345,0.09172419570797859,-0.07589812691752007,2.329936138333362,1.1772313364053488,0.02459016393442623,17.961989828350443,0.0,-0.01881565880938707
frictionless,past_gap_clean,ALL,ETH,2021,0.2994281534737899,1.4322987579185225,0.19588501978831255,-0.1554855054432035,1.925762485836125,1.2991952162498954,0.038356164383561646,28.01993265259776,0.0,-0.07929347055975944
frictionless,past_gap_clean,ALL,ETH,2022,-0.17949369491585465,-0.5717710243923118,0.2767017281557762,-0.2740933544933658,-0.6548633594113612,0.8206174171825182,0.03561643835616438,26.01714960447601,0.0,-0.16485702570955652
frictionless,past_gap_clean,ALL,ETH,2023,0.008109949946982775,0.23644186098164333,0.03704308560715487,-0.029598714619457178,0.2739966938176286,1.0081043765557844,0.021917808219178082,16.010922470474355,0.0,-0.025412416572220153
frictionless,past_gap_clean,ALL,ETH,2024,0.17190418427704923,1.0068542160849456,0.17143532739611525,-0.15286160579288688,1.1245739790929794,1.1722859694162353,0.02459016393442623,17.963216806040304,0.0,-0.06908757048174907
frictionless,past_gap_clean,ALL,ETH,2025,0.41092387897078386,1.75926664792806,0.20719978842287284,-0.10522860638067799,3.905058644264602,1.4092626294644781,0.03296703296703297,24.081916273258052,0.0,-0.06352432012539799
frictionless,past_gap_clean,ALL,MIX,full,0.07697268585031414,0.5771478607222132,0.14745709448133051,-0.22024589660236737,0.34948522100859325,1.5602135576279808,0.026964993426275754,19.71136233698231,0.0,-0.15164138903341395
frictionless,past_gap_clean,ALL,MIX,2020_2022,0.024169868851828147,0.22646555900333262,0.17420606144206574,-0.22024589660236737,0.1097403821123828,1.074293834773461,0.029097754088030267,21.285540413729265,0.0,-0.15164138903341395
frictionless,past_gap_clean,ALL,MIX,2023_end,0.13254983611931448,1.1410563313850148,0.11462984665566171,-0.13902473260759374,0.9534262978476278,1.4523154719183387,0.024830285037889498,18.13574665468581,0.0,-0.059155307614272123
frictionless,past_gap_clean,ALL,MIX,2020,-0.006456394305824342,0.013688169801341145,0.12563945965335943,-0.1609717794003669,-0.0401088583966391,0.9935303911890556,0.02549683760546718,18.683991370455868,0.0,-0.09922772749719067
frictionless,past_gap_clean,ALL,MIX,2021,0.2308143019883988,1.6103525446017093,0.13445287050885696,-0.12512052814048558,1.8447356754220223,1.2306393585211433,0.029661956171982053,21.6759921510672,0.0,-0.06039015371200829
frictionless,past_gap_clean,ALL,MIX,2022,-0.12143754309320542,-0.41703254313223814,0.2392568727058878,-0.2118719119835092,-0.573164899284325,0.8786403152293504,0.032144334011251344,23.503765251290147,0.0,-0.15164138903341395
frictionless,past_gap_clean,ALL,MIX,2023,0.04797794334105521,1.2641710034220062,0.03759863270890703,-0.018059321677108442,2.6566857935683643,1.0479443292959656,0.021959741887771066,16.043620965604884,0.0,-0.014853049682383768
frictionless,past_gap_clean,ALL,MIX,2024,0.0649870278780722,0.5669957965118447,0.12440185785722782,-0.13902473260759374,0.46744940025529325,1.0651247254282836,0.024594569600088507,17.962686785754972,0.0,-0.059155307614272123
frictionless,past_gap_clean,ALL,MIX,2025,0.30231150131383044,1.8311334154917163,0.15012056509970775,-0.07093089156574184,4.262056977440287,1.3011347794769215,0.02794572487313233,20.40763068914522,0.0,-0.05127506187616859
frictionless,past_gap_clean,TREND_UP,BTC,full,0.0067551949684037105,0.1665846362255797,0.04702892167980366,-0.10709255408261142,0.0630781012393517,1.0412122600347853,0.005476951163852123,4.000889611786403,0.0,-0.053416058021622304
frictionless,past_gap_clean,TREND_UP,BTC,2020_2022,0.002806661372328767,0.07979075090624313,0.051793314514964404,-0.08104391881326434,0.03463136301189578,1.0084455728342105,0.004562043795620438,3.332610937757332,0.0,-0.0477022233766341
frictionless,past_gap_clean,TREND_UP,BTC,2023_end,0.010722903135609307,0.2764434285789024,0.041742155859931476,-0.10709255408261142,0.10012743862040714,1.0324922713562863,0.006392694063926941,4.669778585974404,0.0,-0.053416058021622304
frictionless,past_gap_clean,TREND_UP,BTC,2020,-0.02227713549477206,-0.31477425591409197,0.06482248211100658,-0.08104391881326434,-0.2748773235670089,0.9776776352911849,0.00819672131147541,5.987799841893437,0.0,-0.0477022233766341
frictionless,past_gap_clean,TREND_UP,BTC,2021,0.0,,0.0,0.0,,1.0,0.0,0.0,0.0,0.0
frictionless,past_gap_clean,TREND_UP,BTC,2022,0.03149232299743465,0.5295841392145204,0.06206673005502257,-0.05538751960913735,0.5685815725216069,1.0314704320037575,0.005479452054794521,4.0027584812302415,0.0,-0.020246446088727277
frictionless,past_gap_clean,TREND_UP,BTC,2023,0.03141296771635105,1.3410286871389607,0.023247457435793366,-0.011218293061424633,2.800155740659698,1.0313911327192917,0.010958904109589041,8.005350153800036,0.0,-0.0015703816660082026
frictionless,past_gap_clean,TREND_UP,BTC,2024,-0.022333317943464936,-0.32437709000809095,0.06329825877224451,-0.10709255408261142,-0.20854221037848222,0.977621340085765,0.00546448087431694,3.99180342996661,0.0,-0.053416058021622304
frictionless,past_gap_clean,TREND_UP,BTC,2025,0.02406633419503934,0.9266768640289615,0.026003999984345758,-0.013960074821220969,1.7239402011266916,1.0239829918206116,0.0027472527472527475,2.0067436542230217,0.0,-0.0018648829720560034
frictionless,past_gap_clean,TREND_UP,ETH,full,0.01243880590108093,0.4355964826718325,0.0293379906128727,-0.05365395192928224,0.2318339181701975,1.0769743207449067,0.003651300775901415,2.6673552085397545,0.0,-0.029316410291784445
frictionless,past_gap_clean,TREND_UP,ETH,2020_2022,0.011536426524792143,0.3593647741388203,0.0334277744171591,-0.036434356695208,0.3166359329821641,1.0350182083098793,0.002737226277372263,1.9997383075560415,0.0,-0.029316410291784445
frictionless,past_gap_clean,TREND_UP,ETH,2023_end,0.013342815473116776,0.5509599907370575,0.02458796809551323,-0.026297503588340265,0.5073795475792876,1.0405365935576527,0.0045662100456621,3.3355818053234514,0.0,-0.02541241657221993
frictionless,past_gap_clean,TREND_UP,ETH,2020,0.06038883256543537,1.206824127686838,0.04954443881633039,-0.0234707786675753,2.5729369025520263,1.060516512948537,0.00546448087431694,3.9923857515885843,0.0,-0.003625661149974313
frictionless,past_gap_clean,TREND_UP,ETH,2021,0.0,,0.0,0.0,,1.0,0.0,0.0,0.0,0.0
frictionless,past_gap_clean,TREND_UP,ETH,2022,-0.02405955694159312,-0.8006675375869057,0.02983014754814276,-0.03160807216818806,-0.7611839410379433,0.9759567113502409,0.0027397260273972603,2.0013698630136987,0.0,-0.029316410291784445
frictionless,past_gap_clean,TREND_UP,ETH,2023,-0.012151316869033035,-0.42614329700633014,0.02775567944955851,-0.02548333093019728,-0.47683393125951007,0.9878569495507389,0.00821917808219178,6.004104425841218,0.0,-0.02541241657221993
frictionless,past_gap_clean,TREND_UP,ETH,2024,0.0,,0.0,0.0,,1.0,0.0,0.0,0.0,0.0
frictionless,past_gap_clean,TREND_UP,ETH,2025,0.0535151430829468,1.6290663264419363,0.032296414903840255,-0.026297503588340265,2.0349894773538217,1.0533271988731483,0.005494505494505495,4.013637256585534,0.0,0.0
frictionless,past_gap_clean,TREND_UP,MIX,full,0.009616991856107315,0.36190232230833597,0.027469816078895887,-0.0661308067603752,0.14542377943390983,1.059093290389846,0.004544201107237819,3.3249993374938938,0.0,-0.02693660375284912
frictionless,past_gap_clean,TREND_UP,MIX,2020_2022,0.007190466605884849,0.2511802515733228,0.030326425759021648,-0.04087722006368211,0.1759040021479668,1.021731890572045,0.003607107526354409,2.642662405034016,0.0,-0.02351713063895744
frictionless,past_gap_clean,TREND_UP,MIX,2023_end,0.012051587115456064,0.5050456997851105,0.02428988819152809,-0.05457269871928816,0.22083546165541845,1.0365667355228418,0.005482150481345779,4.007959408704875,0.0,-0.02693660375284912
frictionless,past_gap_clean,TREND_UP,MIX,2020,0.019057570226890252,0.48708849657232123,0.04039697463508386,-0.04087722006368211,0.46621492844182416,1.0190970741198608,0.006765635210574928,4.960027580747431,0.0,-0.02351713063895744
frictionless,past_gap_clean,TREND_UP,MIX,2021,0.0,,0.0,0.0,,1.0,0.0,0.0,0.0,0.0
frictionless,past_gap_clean,TREND_UP,MIX,2022,0.002587215212826788,0.09349128921312659,0.03361015135433207,-0.028636783102499286,0.09034587451971823,1.002585442073278,0.0040470338679835845,2.961610688667733,0.0,-0.015027117910210053
frictionless,past_gap_clean,TREND_UP,MIX,2023,0.009347415667777081,0.511716221177433,0.018503691782483626,-0.012871436289747962,0.7262138783394557,1.009340987921461,0.009598749312642266,7.011286406644886,0.0,-0.012871436289747962
frictionless,past_gap_clean,TREND_UP,MIX,2024,-0.011262096879558148,-0.3414010758470239,0.03167180605909367,-0.05457269871928816,-0.2063686998051587,0.9887149086444098,0.002717002357276213,1.9966130931669566,0.0,-0.02693660375284912
frictionless,past_gap_clean,TREND_UP,MIX,2025,0.038830990471350635,1.861710639170771,0.020562359874222655,-0.013463361905214244,2.8841971823034576,1.0386955600802334,0.004134583558231065,3.018779181338868,0.0,-0.0009175687851719072
frictionless,past_gap_clean,TREND_DOWN,BTC,full,0.01691149099227296,0.3954337388260749,0.04488482505613461,-0.08611801309622025,0.1963757683700579,1.105831505490135,0.006846188954815153,5.0010993059262505,0.0,-0.0317380313297253
frictionless,past_gap_clean,TREND_DOWN,BTC,2020_2022,0.027263304363640994,0.8111814558082362,0.0338334067669028,-0.04465766897578094,0.6104954644727789,1.084059999169256,0.005474452554744526,3.999016487588561,0.0,-0.0134537637758817
frictionless,past_gap_clean,TREND_DOWN,BTC,2023_end,0.006654682571124226,0.14971776733994793,0.05372816811481668,-0.08611801309622025,0.07727399102541885,1.0200833038185737,0.00821917808219178,6.004097268390274,0.0,-0.0317380313297253
frictionless,past_gap_clean,TREND_DOWN,BTC,2020,-0.0029459446578208315,-0.12707597721760372,0.021405956926432934,-0.021444773875484824,-0.13737354727664292,0.9970480151118194,0.00546448087431694,3.9915484190128803,0.0,-0.0134537637758817
frictionless,past_gap_clean,TREND_DOWN,BTC,2021,0.03047474719633647,0.7327306940413145,0.04213254870751842,-0.042866262691230506,0.7109261522481859,1.0304535739327847,0.005479452054794521,4.002739726027397,0.0,-0.013297623535069025
frictionless,past_gap_clean,TREND_DOWN,BTC,2022,0.055175700848099085,1.563668916638619,0.034704349209902834,-0.010831662828565958,5.0939271025484825,1.0551369126276107,0.005479452054794521,4.0027817781872574,0.0,-0.0020111691114591546
frictionless,past_gap_clean,TREND_DOWN,BTC,2023,0.0011560027776866821,0.1177735276856481,0.010245825408669095,-0.018094080923407696,0.06388844963057509,1.0011552110800588,0.005479452054794521,4.002742385688523,0.0,-0.0036474951752196727
frictionless,past_gap_clean,TREND_DOWN,BTC,2024,-0.029788857982689376,-0.5024448322520593,0.05693751033913259,-0.07703719760227468,-0.3866814851765818,0.9701508960491223,0.01092896174863388,7.98360835889019,0.0,-0.0317380313297253
frictionless,past_gap_clean,TREND_DOWN,BTC,2025,0.05043229675215777,0.7091657813913397,0.07297817382545456,-0.04722707618577904,1.0678682828843824,1.0502554357019327,0.008241758241758242,6.020562853728656,0.0,-0.030362644662636162
frictionless,past_gap_clean,TREND_DOWN,ETH,full,0.048417596046245626,0.7574784188877138,0.06501790387364081,-0.05376910098223442,0.9004724862750271,1.3279376912934309,0.006389776357827476,4.667679801014744,0.0,-0.025138667498812328
frictionless,past_gap_clean,TREND_DOWN,ETH,2020_2022,0.04867092576211807,1.1212687880610395,0.043168556385079486,-0.03635219686112745,1.3388716491619637,1.153272162051703,0.005474452554744526,3.999077656675184,0.0,-0.015771586363153567
frictionless,past_gap_clean,TREND_DOWN,ETH,2023_end,0.048164096260297606,0.616778806129524,0.08122285550497009,-0.05376910098223442,0.8957578866012892,1.1514521333203718,0.0073059360730593605,5.33689254091991,0.0,-0.025138667498812328
frictionless,past_gap_clean,TREND_DOWN,ETH,2020,0.023871665403137676,0.9912125018196838,0.0240717142895783,-0.013128910036126373,1.8182518836255888,1.0239212648653575,0.00273224043715847,1.99585723268651,0.0,-0.00017796760989496896
frictionless,past_gap_clean,TREND_DOWN,ETH,2021,0.06589675328470856,1.1307006221764735,0.057845611895243454,-0.03635219686112745,1.8127309756944576,1.0658501959410307,0.005479452054794521,4.002739726027397,0.0,-0.015771586363153567
frictionless,past_gap_clean,TREND_DOWN,ETH,2022,0.056782211475695066,1.3681069275463797,0.0409409909272592,-0.029707603918734393,1.9113696153693067,1.0567422638077162,0.00821917808219178,6.004124286445862,0.0,-0.004603923011999744
frictionless,past_gap_clean,TREND_DOWN,ETH,2023,0.007693063925837906,0.7652739358879831,0.010073177215144016,-0.014379861183817289,0.5349887476309907,1.007687778121803,0.005479452054794521,4.002714575577433,0.0,-0.0017490412074109285
frictionless,past_gap_clean,TREND_DOWN,ETH,2024,0.07922836771964592,0.6553511342079028,0.12783146880513316,-0.05376910098223442,1.473492512843452,1.0793973484673989,0.01092896174863388,7.983627241010285,0.0,-0.025138667498812328
frictionless,past_gap_clean,TREND_DOWN,ETH,2025,0.0588233362056767,1.0161433661472201,0.05780461468349161,-0.03179034660580682,1.8503521504522396,1.0586162364441873,0.005494505494505495,4.013458631900478,0.0,-0.00718169267610258
frictionless,past_gap_clean,TREND_DOWN,MIX,full,0.03326441977894068,0.817140068079418,0.04102731641641749,-0.06067815307281865,0.5482108154976423,1.216884598391783,0.006602171106582611,4.822087363769818,0.0,-0.024134589209021673
frictionless,past_gap_clean,TREND_DOWN,MIX,2020_2022,0.03807752181685364,1.322877366990897,0.028535708437749576,-0.03209746482118192,1.1863093247079544,1.1186660806104796,0.005492115344015071,4.011468329559008,0.0,-0.007990652217175542
frictionless,past_gap_clean,TREND_DOWN,MIX,2023_end,0.0284692689673538,0.5796643479894877,0.05054136556795828,-0.06067815307281865,0.4691848305466449,1.087799674526382,0.007713240618705005,5.63344668933607,0.0,-0.024134589209021673
frictionless,past_gap_clean,TREND_DOWN,MIX,2020,0.01046304306214152,0.5007198493041525,0.021216823000482686,-0.013345694172978373,0.784001410981417,1.0104846399885885,0.004094045970035796,2.9890331661993015,0.0,-0.006708371925172263
frictionless,past_gap_clean,TREND_DOWN,MIX,2021,0.04842115474444597,1.3378124928929314,0.03579580053936575,-0.03164216712644752,1.53027302305012,1.0483872230672502,0.005502954173864534,4.021725735094237,0.0,-0.007990652217175542
frictionless,past_gap_clean,TREND_DOWN,MIX,2022,0.05600319473420945,2.051607973979935,0.026715772337331113,-0.015344578677010667,3.6497056004615978,1.0559638095053299,0.00688317621519688,5.026447279611871,0.0,-0.002359325633598086
frictionless,past_gap_clean,TREND_DOWN,MIX,2023,0.004525642135896346,0.6132853307997058,0.007402147305493213,-0.010292795066534688,0.4396902985672686,1.0045225375086335,0.00548020229599677,4.004013833721524,0.0,-0.0025606683578482947
frictionless,past_gap_clean,TREND_DOWN,MIX,2024,0.026586028356635705,0.3886140628688708,0.07435904539633673,-0.06067815307281865,0.4381482792452555,1.0266413406185158,0.010860934730792226,7.934678271398918,0.0,-0.024134589209021673
frictionless,past_gap_clean,TREND_DOWN,MIX,2025,0.054994171041260476,1.1954290982542337,0.04561098360599701,-0.022345999520299364,2.461029813918287,1.0548008986440007,0.006787424527398914,4.953480297205047,0.0,-0.014319254078024812
frictionless,past_gap_clean,RANGE,BTC,full,0.0018703545526257415,0.07286609281472442,0.03289313253897527,-0.08429732872532192,0.02218758981936647,1.0112721449285096,0.0013692377909630307,1.000224985938756,0.0,-0.04370775364986823
frictionless,past_gap_clean,RANGE,BTC,2020_2022,0.0,,0.0,0.0,,1.0,0.0,0.0,0.0,0.0
frictionless,past_gap_clean,RANGE,BTC,2023_end,0.0037459202132963387,0.10304893498686651,0.04653883080623397,-0.08429732872532192,0.04443699782590037,1.0112721449285096,0.0027397260273972603,2.0013634193532552,0.0,-0.04370775364986823
frictionless,past_gap_clean,RANGE,BTC,2020,0.0,,0.0,0.0,,1.0,0.0,0.0,0.0,0.0
frictionless,past_gap_clean,RANGE,BTC,2021,0.0,,0.0,0.0,,1.0,0.0,0.0,0.0,0.0
frictionless,past_gap_clean,RANGE,BTC,2022,0.0,,0.0,0.0,,1.0,0.0,0.0,0.0,0.0
frictionless,past_gap_clean,RANGE,BTC,2023,0.06456252424550413,0.9611307028412849,0.06730522731052277,-0.003980550441912478,16.21949657155574,1.064516937798396,0.0027397260273972603,2.0013505320323675,0.0,-0.002560356443849665
frictionless,past_gap_clean,RANGE,BTC,2024,-0.049917904124518575,-1.1342892656514327,0.044225361656001945,-0.08429732872532192,-0.5921647207490197,0.9499822022747653,0.00546448087431694,3.9918032786885247,0.0,-0.04370775364986823
frictionless,past_gap_clean,RANGE,BTC,2025,0.0,,0.0,0.0,,1.0,0.0,0.0,0.0,0.0
frictionless,past_gap_clean,RANGE,ETH,full,0.018618385631762102,0.3992821717849187,0.04894961486431461,-0.006881904638978642,2.705411744055392,1.1170126650051948,0.00045641259698767686,0.33343033235159153,0.0,-0.002578258394991373
frictionless,past_gap_clean,RANGE,ETH,2020_2022,0.0,,0.0,0.0,,1.0,0.0,0.0,0.0,0.0
frictionless,past_gap_clean,RANGE,ETH,2023_end,0.03760089559697932,0.5647936149022096,0.06924169303467735,-0.006881904638978642,5.463733889018222,1.1170126650051948,0.0009132420091324201,0.6671651672898055,0.0,-0.002578258394991373
frictionless,past_gap_clean,RANGE,ETH,2020,0.0,,0.0,0.0,,1.0,0.0,0.0,0.0,0.0
frictionless,past_gap_clean,RANGE,ETH,2021,0.0,,0.0,0.0,,1.0,0.0,0.0,0.0,0.0
frictionless,past_gap_clean,RANGE,ETH,2022,0.0,,0.0,0.0,,1.0,0.0,0.0,0.0,0.0
frictionless,past_gap_clean,RANGE,ETH,2023,0.0,,0.0,0.0,,1.0,0.0,0.0,0.0,0.0
frictionless,past_gap_clean,RANGE,ETH,2024,0.0,,0.0,0.0,,1.0,0.0,0.0,0.0,0.0
frictionless,past_gap_clean,RANGE,ETH,2025,0.1174372176078946,0.9795553140649813,0.12009950768129105,-0.006881904638978642,17.06463889992578,1.1170126650051948,0.0027472527472527475,2.006994115885541,0.0,-0.002578258394991373
frictionless,past_gap_clean,RANGE,MIX,full,0.010417792677802185,0.365853961278714,0.029459950708635257,-0.04369623512355991,0.2384139651469692,1.0641424049668522,0.0009280930736482045,0.6772962653486465,0.0,-0.022536818769344324
frictionless,past_gap_clean,RANGE,MIX,2020_2022,0.0,,0.0,0.0,,1.0,0.0,0.0,0.0,0.0
frictionless,past_gap_clean,RANGE,MIX,2023_end,0.020953778786605648,0.5174904952130511,0.04167404520421184,-0.04369623512355991,0.479532818499228,1.0641424049668522,0.0018570337208796493,1.3552110660994379,0.0,-0.022536818769344324
frictionless,past_gap_clean,RANGE,MIX,2020,0.0,,0.0,0.0,,1.0,0.0,0.0,0.0,0.0
frictionless,past_gap_clean,RANGE,MIX,2021,0.0,,0.0,0.0,,1.0,0.0,0.0,0.0,0.0
frictionless,past_gap_clean,RANGE,MIX,2022,0.0,,0.0,0.0,,1.0,0.0,0.0,0.0,0.0
frictionless,past_gap_clean,RANGE,MIX,2023,0.03228091658648591,0.9598440160534422,0.033654337924283566,-0.0020112359393967827,16.050288260147003,1.032258468899198,0.0013870067543054233,1.0163156838802851,0.0,-0.0013218235659884225
frictionless,past_gap_clean,RANGE,MIX,2024,-0.02573827322974087,-1.131807810592041,0.02278980768004888,-0.04369623512355991,-0.5890272504475664,0.9742095635569515,0.002777007052587154,2.021006397656807,0.0,-0.022536818769344324
frictionless,past_gap_clean,RANGE,MIX,2025,0.058383945320020336,0.9783008208872086,0.059715021660274537,-0.0035642177094524774,16.38057775348102,1.0581784346291705,0.0014033238400957084,1.0255839319235966,0.0,-0.0013548373616013576
frictionless,past_gap_clean,VOL_COMPRESSION,BTC,full,0.003714781991005056,0.7091173995229673,0.005244641824710175,-0.012532211480258182,0.29641871244009094,1.0224915241219226,0.0022820629849383844,1.667043092785928,0.0,-0.0018801091559689231
frictionless,past_gap_clean,VOL_COMPRESSION,BTC,2020_2022,0.001411877346203072,0.3382816036822616,0.004193748008396417,-0.012532211480258182,0.11265987239580043,1.004242584838357,0.0018248175182481751,1.3330213941922795,0.0,-0.0018801091559689231
frictionless,past_gap_clean,VOL_COMPRESSION,BTC,2023_end,0.006025092898289897,0.9842346475295315,0.006118019294187682,-0.012136512824459933,0.49644349949904243,1.0181718436950202,0.0027397260273972603,2.0013698340266934,0.0,-0.0006633193696169437
frictionless,past_gap_clean,VOL_COMPRESSION,BTC,2020,-0.0008275722581359002,-1.0091454928570214,0.0008195173109889601,-0.012532211480258182,-0.0660356122652066,0.9991707291196412,0.00273224043715847,1.9959005580681426,0.0,-0.0008206171950698726
frictionless,past_gap_clean,VOL_COMPRESSION,BTC,2021,0.0,,0.0,0.0,,1.0,0.0,0.0,0.0,0.0
frictionless,past_gap_clean,VOL_COMPRESSION,BTC,2022,0.005079550723959381,0.7045383234131882,0.007223408556625702,-0.004739399740737227,1.0717708996560062,1.0050760651517328,0.0027397260273972603,2.001347517210406,0.0,-0.0018801091559689231
frictionless,past_gap_clean,VOL_COMPRESSION,BTC,2023,0.004284416475845321,0.910352564757419,0.004705175083307692,-0.003375235560098333,1.269368137292468,1.004281477683767,0.0027397260273972603,2.0013698630136987,0.0,-0.00040337616197416715
frictionless,past_gap_clean,VOL_COMPRESSION,BTC,2024,0.0,,0.0,0.0,,1.0,0.0,0.0,0.0,0.0
frictionless,past_gap_clean,VOL_COMPRESSION,BTC,2025,0.013878973427252861,1.454000609504769,0.00950425481014886,-0.012136512824459933,1.1435717679365998,1.0138311482586428,0.005494505494505495,4.0137361765363435,0.0,-0.0006633193696169437
frictionless,past_gap_clean,VOL_COMPRESSION,ETH,full,0.0021078177890285765,0.2353449943352614,0.009115564839553784,-0.011792479083632457,0.1787425505765071,1.0127108187137386,0.0013692377909630307,1.0002271867664683,0.0,-0.008799235406243833
frictionless,past_gap_clean,VOL_COMPRESSION,ETH,2020_2022,0.0,,0.0,0.0,,1.0,0.0,0.0,0.0,0.0
frictionless,past_gap_clean,VOL_COMPRESSION,ETH,2023_end,0.004222009512506064,0.33285326883237304,0.01289626599290739,-0.011792479083632457,0.35802560959095225,1.0127108187137386,0.0027397260273972603,2.001367823018568,0.0,-0.008799235406243833
frictionless,past_gap_clean,VOL_COMPRESSION,ETH,2020,0.0,,0.0,0.0,,1.0,0.0,0.0,0.0,0.0
frictionless,past_gap_clean,VOL_COMPRESSION,ETH,2021,0.0,,0.0,0.0,,1.0,0.0,0.0,0.0,0.0
frictionless,past_gap_clean,VOL_COMPRESSION,ETH,2022,0.0,,0.0,0.0,,1.0,0.0,0.0,0.0,0.0
frictionless,past_gap_clean,VOL_COMPRESSION,ETH,2023,0.01271957988934691,0.5761666243990315,0.02235064012575357,-0.011792479083632457,1.0786179732980181,1.0127108187137386,0.00821917808219178,6.004103469055703,0.0,-0.008799235406243833
frictionless,past_gap_clean,VOL_COMPRESSION,ETH,2024,0.0,,0.0,0.0,,1.0,0.0,0.0,0.0,0.0
frictionless,past_gap_clean,VOL_COMPRESSION,ETH,2025,0.0,,0.0,0.0,,1.0,0.0,0.0,0.0,0.0
frictionless,past_gap_clean,VOL_COMPRESSION,MIX,full,0.0029129087176416046,0.5362614072407037,0.005447840600225211,-0.006270962479696829,0.4645074383832751,1.0176011714178306,0.0018274721880932887,1.3351518629610213,0.0,-0.004433286928386959
frictionless,past_gap_clean,VOL_COMPRESSION,MIX,2020_2022,0.0007064368411382471,0.3376552352062062,0.002096504862512892,-0.006270962479696829,0.11265205993903506,1.0021212924191785,0.0009120598278501093,0.6667271222515193,0.0,-0.0009429290158490256
frictionless,past_gap_clean,VOL_COMPRESSION,MIX,2023_end,0.005126267388015471,0.6927695029915656,0.007415249941893449,-0.006104649466213585,0.8397316531255385,1.0154471111588526,0.0027437205413595213,2.0041870372236827,0.0,-0.004433286928386959
frictionless,past_gap_clean,VOL_COMPRESSION,MIX,2020,-0.0004137859532056254,-1.0091455381361876,0.00040975688121586536,-0.006270962479696829,-0.06598444091243072,0.9995853645598206,0.0013632459575778268,0.9977435708677647,0.0,-0.0004103068207285121
frictionless,past_gap_clean,VOL_COMPRESSION,MIX,2021,0.0,,0.0,0.0,,1.0,0.0,0.0,0.0,0.0
frictionless,past_gap_clean,VOL_COMPRESSION,MIX,2022,0.0025387196423194425,0.7034666020845333,0.003611065795441716,-0.0023687169012459597,1.071769970055966,1.0025369797810861,0.0013716973995896854,1.0015309015070226,0.0,-0.0009429290158490256
frictionless,past_gap_clean,VOL_COMPRESSION,MIX,2023,0.0084930643606409,0.7135766849304966,0.011943087218570722,-0.005926831351984574,1.4329856640508312,1.0084872265755118,0.005485330592250735,4.005837997120068,0.0,-0.004433286928386959
frictionless,past_gap_clean,VOL_COMPRESSION,MIX,2024,0.0,,0.0,0.0,,1.0,0.0,0.0,0.0,0.0
frictionless,past_gap_clean,VOL_COMPRESSION,MIX,2025,0.0069250930196242955,1.4539720345021547,0.004750981287153432,-0.006104649466213585,1.1343965051476725,1.0069013115882235,0.00275337452367351,2.012236090140405,0.0,-0.00033297899933670827
frictionless,past_gap_clean,VOL_EXPANSION,BTC,full,0.013966958041323085,0.27898003390396336,0.055180067537312846,-0.12241818256785031,0.11409218588571919,1.0867623183392279,0.004107713372889092,3.0006955846258623,0.0,-0.06933737692447106
frictionless,past_gap_clean,VOL_EXPANSION,BTC,2020_2022,0.0073508743799892695,0.1367030930098641,0.07349401228995171,-0.12241818256785031,0.06004724319375551,1.0222202507835594,0.006386861313868613,4.6656213566841105,0.0,-0.06933737692447106
frictionless,past_gap_clean,VOL_EXPANSION,BTC,2023_end,0.02063259656242944,0.7904961047705185,0.02624465656568644,-0.03332200387290907,0.6191883489697277,1.0631391008994346,0.0018264840182648401,1.3342493324104825,0.0,-0.007178569948759095
frictionless,past_gap_clean,VOL_EXPANSION,BTC,2020,-0.01067504212387893,-0.11488268799500902,0.0710885534537645,-0.060473519741505055,-0.17652424018826016,0.9893031555290418,0.00546448087431694,3.9918052612470105,0.0,-0.05663953824810264
frictionless,past_gap_clean,VOL_EXPANSION,BTC,2021,0.06257569621415549,1.3916484828549802,0.04427466659311738,-0.015450644774128608,4.050037854661936,1.0625315534290813,0.005479452054794521,4.002769923014568,0.0,-0.0044813264838412525
frictionless,past_gap_clean,VOL_EXPANSION,BTC,2022,-0.02755523191092346,-0.24234865728900803,0.09596690898895868,-0.11465083390511333,-0.2403404403820435,0.972463366521945,0.00821917808219178,6.004134957285104,0.0,-0.06933737692447106
frictionless,past_gap_clean,VOL_EXPANSION,BTC,2023,0.0,,0.0,0.0,,1.0,0.0,0.0,0.0,0.0
frictionless,past_gap_clean,VOL_EXPANSION,BTC,2024,0.02952434403347426,0.7899233188300331,0.037687353508702844,-0.03332200387290907,0.8860314687580262,1.0295858570833272,0.00273224043715847,1.9958118421593936,0.0,-0.007178569948759095
frictionless,past_gap_clean,VOL_EXPANSION,BTC,2025,0.03270279164763257,1.2778748080565332,0.025414219520553203,-0.021086132007928193,1.5509146786777497,1.0325890682989365,0.0027472527472527475,2.006966716371265,0.0,0.0
frictionless,past_gap_clean,VOL_EXPANSION,ETH,full,-0.021200361459576933,-0.22249368158387314,0.08108188174338385,-0.2789347823623499,-0.07600472511899439,0.8793778884590232,0.00867183934276586,6.33456202507644,0.0,-0.1121598037013356
frictionless,past_gap_clean,VOL_EXPANSION,ETH,2020_2022,-0.040120233575210995,-0.3727563380812751,0.09679924301920015,-0.24986244731258167,-0.16056928124545256,0.8843788331320905,0.010036496350364963,7.331369379857554,0.0,-0.1121598037013356
frictionless,past_gap_clean,VOL_EXPANSION,ETH,2023_end,-0.0018897743507321207,0.0003024529647845312,0.06148264519307319,-0.12017076511111535,-0.01572574118992044,0.9943452460803973,0.0073059360730593605,5.336844343943927,0.0,-0.06908757048174896
frictionless,past_gap_clean,VOL_EXPANSION,ETH,2020,0.1007159195586329,1.4700007824377561,0.06669657988843881,-0.03663271524331857,2.749343555061823,1.1009328312462223,0.00546448087431694,3.9909425495011304,0.0,0.0
frictionless,past_gap_clean,VOL_EXPANSION,ETH,2021,-0.06191261845131135,-0.8374497152598828,0.07308439763425631,-0.10804640366660889,-0.5730187803598786,0.9381284195488173,0.010958904109589041,8.005423959871015,0.0,-0.03563808077207231
frictionless,past_gap_clean,VOL_EXPANSION,ETH,2022,-0.14381213170420726,-1.075191041862061,0.13528254520079033,-0.18909592315199208,-0.7605247606983759,0.8562788631367629,0.0136986301369863,10.006893484530261,0.0,-0.1121598037013356
frictionless,past_gap_clean,VOL_EXPANSION,ETH,2023,0.0,,0.0,0.0,,1.0,0.0,0.0,0.0,0.0
frictionless,past_gap_clean,VOL_EXPANSION,ETH,2024,-0.04717004623381915,-0.5815882283324102,0.07766091003836229,-0.11494147243485797,-0.41038317358038323,0.9527354212430349,0.00819672131147541,5.9875321502214245,0.0,-0.06908757048174896
frictionless,past_gap_clean,VOL_EXPANSION,ETH,2025,0.04382728022518734,0.6236102854619753,0.07291537799781184,-0.07266340241979408,0.6031548037344374,1.0436740609298163,0.013736263736263736,10.034087334169115,0.0,-0.024595064135742195
frictionless,past_gap_clean,VOL_EXPANSION,MIX,full,-0.002842409715256733,-0.022138034685894075,0.055930777349052295,-0.1424077515657869,-0.01995965587549951,0.9830701033991256,0.006225995816083624,4.543174229072715,0.0,-0.09056006480076251
frictionless,past_gap_clean,VOL_EXPANSION,MIX,2020_2022,-0.01581205607176195,-0.18506927474085264,0.07171123702956887,-0.1424077515657869,-0.11103367546995775,0.953299541957825,0.008190483042334896,5.984037221113981,0.0,-0.09056006480076251
frictionless,past_gap_clean,VOL_EXPANSION,MIX,2023_end,0.01031023018386179,0.3237308862143272,0.03338001244248576,-0.06453543798516048,0.15976075325052513,1.0312289685780818,0.004259714537570936,3.1009953804177117,0.0,-0.031813117207614816
frictionless,past_gap_clean,VOL_EXPANSION,MIX,2020,0.04502348774475862,0.9171979210368354,0.0492991381265305,-0.029121853728690028,1.5460378368840837,1.045117993387632,0.005482515568975203,4.014234136426414,0.0,-0.02809447141712429
frictionless,past_gap_clean,VOL_EXPANSION,MIX,2021,-0.002993952908598163,-0.04797791119649649,0.04315753870134383,-0.05728592975752522,-0.05226332052688505,0.9970080932718397,0.008311935628963804,6.05904858050039,0.0,-0.01873082402471926
frictionless,past_gap_clean,VOL_EXPANSION,MIX,2022,-0.08517312666716492,-0.7872857051058031,0.1055796397175434,-0.12541006737197247,-0.679157012287835,0.9148826165038774,0.010784417018033792,7.884225667195108,0.0,-0.09056006480076251
frictionless,past_gap_clean,VOL_EXPANSION,MIX,2023,0.0,,0.0,0.0,,1.0,0.0,0.0,0.0,0.0
frictionless,past_gap_clean,VOL_EXPANSION,MIX,2024,-0.006048949258834813,-0.10860052980198201,0.04606936659460874,-0.06212572847864728,-0.09736625077827211,0.9939386676204285,0.005190013797320312,3.7760051071784817,0.0,-0.031813117207614816
frictionless,past_gap_clean,VOL_EXPANSION,MIX,2025,0.03764894202854552,1.0742876107631363,0.034942348540597544,-0.032844848987183206,1.1462662545118407,1.037517708257522,0.007595720793464124,5.531791407500192,0.0,-0.01107335901370854
frictionless,past_gap_clean,HIGH_VOL,BTC,full,-0.030473552124821723,-0.21006114188418493,0.11357638656734767,-0.31111572966409295,-0.09794924916758008,0.8305702352214391,0.003194888178913738,2.334110721522226,0.0,-0.20204569126687622
frictionless,past_gap_clean,HIGH_VOL,BTC,2020_2022,-0.07315297861471126,-0.39074916034436213,0.15882346158225416,-0.31111572966409295,-0.23513108351574974,0.7961622725437799,0.005474452554744526,3.9995772820418183,0.0,-0.20204569126687622
frictionless,past_gap_clean,HIGH_VOL,BTC,2023_end,0.014212872370987117,0.6039650356452638,0.0238077542703795,-0.02172030149843196,0.6543588896320421,1.0432172734934098,0.0009132420091324201,0.6671231869747613,0.0,0.0
frictionless,past_gap_clean,HIGH_VOL,BTC,2020,-0.15924898561038903,-0.6807665724259753,0.21588377389672547,-0.31111572966409295,-0.5118641406602225,0.8404516089108639,0.00546448087431694,3.9933336655066554,0.0,-0.20204569126687622
frictionless,past_gap_clean,HIGH_VOL,BTC,2021,0.032986797434608084,0.7389593298224088,0.0452600538097539,-0.0485733945353668,0.6791124596118159,1.0329638510937973,0.005479452054794521,4.0027395233426635,0.0,-0.02406066984975941
frictionless,past_gap_clean,HIGH_VOL,BTC,2022,-0.08298169117769427,-0.4403260201167199,0.16448418133618253,-0.14632989446223155,-0.5670863871162857,0.9170726836829127,0.005479452054794521,4.002675763074863,0.0,-0.13302994032882964
frictionless,past_gap_clean,HIGH_VOL,BTC,2023,0.0,,0.0,0.0,,1.0,0.0,0.0,0.0,0.0
frictionless,past_gap_clean,HIGH_VOL,BTC,2024,0.04312683075394297,1.0447579285554187,0.04117632536568469,-0.02172030149843196,1.985553964665564,1.0432172734934098,0.00273224043715847,1.9959013380802284,0.0,0.0
frictionless,past_gap_clean,HIGH_VOL,BTC,2025,0.0,,0.0,0.0,,1.0,0.0,0.0,0.0,0.0
frictionless,past_gap_clean,HIGH_VOL,ETH,full,0.06624578351513732,0.5366987054373837,0.13681023626199781,-0.16500284684000754,0.4014826700497569,1.469284259229586,0.009128251939753538,6.668112345935169,0.0,-0.1648570257095563
frictionless,past_gap_clean,HIGH_VOL,ETH,2020_2022,0.059368913890190944,0.4253419338697155,0.1695748210293519,-0.16500284684000754,0.35980539140489554,1.18893693386506,0.014598540145985401,10.66399649989679,0.0,-0.1648570257095563
frictionless,past_gap_clean,HIGH_VOL,ETH,2023_end,0.07317363569069735,0.801770739811698,0.0932007783435062,-0.06574028478093485,1.1130714741278123,1.2357966325877,0.0036529680365296802,2.6685789827005224,0.0,-0.06352432012539777
frictionless,past_gap_clean,HIGH_VOL,ETH,2020,-0.015239346673887377,-0.4774404486076988,0.031126532467948418,-0.07589812691751996,-0.2007868611889235,0.9847296011803097,0.01092896174863388,7.98280429457422,0.0,-0.01881565880938707
frictionless,past_gap_clean,HIGH_VOL,ETH,2021,0.2995525280710405,1.604496176629237,0.17224366950306835,-0.12696134389878821,2.359399474456095,1.2993194834330077,0.021917808219178082,16.011768966699346,0.0,-0.07929347055975966
frictionless,past_gap_clean,HIGH_VOL,ETH,2022,-0.07081103613273643,-0.19019036831558117,0.23599024893342171,-0.16500284684000754,-0.42915039036506597,0.9292356745343014,0.010958904109589041,8.00476197048619,0.0,-0.1648570257095563
frictionless,past_gap_clean,HIGH_VOL,ETH,2023,0.0,,0.0,0.0,,1.0,0.0,0.0,0.0,0.0
frictionless,past_gap_clean,HIGH_VOL,ETH,2024,0.1396286299726619,1.5987155011658345,0.08381888778081548,-0.051724962002719144,2.6994438384569857,1.1399345277951365,0.00546448087431694,3.99205741480859,0.0,0.0
frictionless,past_gap_clean,HIGH_VOL,ETH,2025,0.08439503855600461,0.651799865598921,0.13816205495196543,-0.06574028478093485,1.2837644199022358,1.0840943952965265,0.005494505494505495,4.0137389347173835,0.0,-0.06352432012539777
frictionless,past_gap_clean,HIGH_VOL,MIX,full,0.023561718995173564,0.26365404907298284,0.1130480286721059,-0.16235327339619288,0.14512623307369715,1.1499272472255126,0.006619872737140446,4.841253342053651,0.0,-0.15214905029172898
frictionless,past_gap_clean,HIGH_VOL,MIX,2020_2022,-0.0024890916665004648,0.058978446981316685,0.1471879794699909,-0.16235327339619288,-0.015331330341743717,0.9925496032044199,0.010598272046766664,7.762562021096686,0.0,-0.15214905029172898
frictionless,past_gap_clean,HIGH_VOL,MIX,2023_end,0.050317596146626675,0.8162091769799343,0.062422128924089326,-0.04248872033977369,1.1842577452144252,1.1585589712725723,0.0026378401861355746,1.9172768012032708,0.0,-0.04105651628337681
frictionless,past_gap_clean,HIGH_VOL,MIX,2020,-0.0872383282037732,-0.7920153854237814,0.10744748368960734,-0.16235327339619288,-0.5373364292500856,0.9125906050455868,0.00821316272603282,6.027675098109975,0.0,-0.10020175849419277
frictionless,past_gap_clean,HIGH_VOL,MIX,2021,0.17680030869313512,1.574508112301235,0.10693797335702107,-0.09021596176312863,1.9597453182103484,1.176669185202742,0.014874863641100204,10.894600080825288,0.0,-0.05513870062733439
frictionless,past_gap_clean,HIGH_VOL,MIX,2022,-0.07573089435094738,-0.2778343560745464,0.20506807596789092,-0.15438626287793322,-0.4905287098686017,0.9243189276966224,0.00871332431925117,6.370163999212291,0.0,-0.15214905029172898
frictionless,past_gap_clean,HIGH_VOL,MIX,2023,0.0,,0.0,0.0,,1.0,0.0,0.0,0.0,0.0
frictionless,past_gap_clean,HIGH_VOL,MIX,2024,0.10092682360255689,1.510043744515348,0.06498759345149797,-0.037530520221098596,2.6891933020906724,1.1011442100465543,0.0044176410360053054,3.220053535747244,0.0,0.0
frictionless,past_gap_clean,HIGH_VOL,MIX,2025,0.05232466153232718,0.6311159104593038,0.08650574123708243,-0.04248872033977369,1.231495350151698,1.0521410008808842,0.0034933472105508575,2.529885997895852,0.0,-0.04105651628337681
frictionless,past_gap_clean,UNKNOWN,BTC,full,0.0,,0.0,0.0,,1.0,0.0,0.0,0.0,0.0
frictionless,past_gap_clean,UNKNOWN,BTC,2020_2022,0.0,,0.0,0.0,,1.0,0.0,0.0,0.0,0.0
frictionless,past_gap_clean,UNKNOWN,BTC,2023_end,0.0,,0.0,0.0,,1.0,0.0,0.0,0.0,0.0
frictionless,past_gap_clean,UNKNOWN,BTC,2020,0.0,,0.0,0.0,,1.0,0.0,0.0,0.0,0.0
frictionless,past_gap_clean,UNKNOWN,BTC,2021,0.0,,0.0,0.0,,1.0,0.0,0.0,0.0,0.0
frictionless,past_gap_clean,UNKNOWN,BTC,2022,0.0,,0.0,0.0,,1.0,0.0,0.0,0.0,0.0
frictionless,past_gap_clean,UNKNOWN,BTC,2023,0.0,,0.0,0.0,,1.0,0.0,0.0,0.0,0.0
frictionless,past_gap_clean,UNKNOWN,BTC,2024,0.0,,0.0,0.0,,1.0,0.0,0.0,0.0,0.0
frictionless,past_gap_clean,UNKNOWN,BTC,2025,0.0,,0.0,0.0,,1.0,0.0,0.0,0.0,0.0
frictionless,past_gap_clean,UNKNOWN,ETH,full,0.0,,0.0,0.0,,1.0,0.0,0.0,0.0,0.0
frictionless,past_gap_clean,UNKNOWN,ETH,2020_2022,0.0,,0.0,0.0,,1.0,0.0,0.0,0.0,0.0
frictionless,past_gap_clean,UNKNOWN,ETH,2023_end,0.0,,0.0,0.0,,1.0,0.0,0.0,0.0,0.0
frictionless,past_gap_clean,UNKNOWN,ETH,2020,0.0,,0.0,0.0,,1.0,0.0,0.0,0.0,0.0
frictionless,past_gap_clean,UNKNOWN,ETH,2021,0.0,,0.0,0.0,,1.0,0.0,0.0,0.0,0.0
frictionless,past_gap_clean,UNKNOWN,ETH,2022,0.0,,0.0,0.0,,1.0,0.0,0.0,0.0,0.0
frictionless,past_gap_clean,UNKNOWN,ETH,2023,0.0,,0.0,0.0,,1.0,0.0,0.0,0.0,0.0
frictionless,past_gap_clean,UNKNOWN,ETH,2024,0.0,,0.0,0.0,,1.0,0.0,0.0,0.0,0.0
frictionless,past_gap_clean,UNKNOWN,ETH,2025,0.0,,0.0,0.0,,1.0,0.0,0.0,0.0,0.0
frictionless,past_gap_clean,UNKNOWN,MIX,full,0.0,,0.0,0.0,,1.0,0.0,0.0,0.0,0.0
frictionless,past_gap_clean,UNKNOWN,MIX,2020_2022,0.0,,0.0,0.0,,1.0,0.0,0.0,0.0,0.0
frictionless,past_gap_clean,UNKNOWN,MIX,2023_end,0.0,,0.0,0.0,,1.0,0.0,0.0,0.0,0.0
frictionless,past_gap_clean,UNKNOWN,MIX,2020,0.0,,0.0,0.0,,1.0,0.0,0.0,0.0,0.0
frictionless,past_gap_clean,UNKNOWN,MIX,2021,0.0,,0.0,0.0,,1.0,0.0,0.0,0.0,0.0
frictionless,past_gap_clean,UNKNOWN,MIX,2022,0.0,,0.0,0.0,,1.0,0.0,0.0,0.0,0.0
frictionless,past_gap_clean,UNKNOWN,MIX,2023,0.0,,0.0,0.0,,1.0,0.0,0.0,0.0,0.0
frictionless,past_gap_clean,UNKNOWN,MIX,2024,0.0,,0.0,0.0,,1.0,0.0,0.0,0.0,0.0
frictionless,past_gap_clean,UNKNOWN,MIX,2025,0.0,,0.0,0.0,,1.0,0.0,0.0,0.0,0.0
base,original,ALL,BTC,full,-0.04406263161954915,-0.23423976791361412,0.14468588546187747,-0.34840197965948616,-0.1264706694910694,0.7631386050385449,0.022820629849383847,16.645723038390983,0.2343442374420544,-0.20443239408462222
base,original,ALL,BTC,2020_2022,-0.08562926079591882,-0.3809723750465616,0.18587830813248404,-0.3125727402362497,-0.2739498675770582,0.7644346227978474,0.023722627737226287,17.30393113788218,0.12699470560821788,-0.20443239408462222
base,original,ALL,BTC,2023_end,-0.0005658381439105353,0.03584258727464137,0.08553634684190044,-0.17107296010787654,-0.0033075837558064385,0.9983046061485821,0.021917808219178082,15.986913835612576,0.14042997089919204,-0.056247316073402165
base,original,ALL,BTC,2020,-0.23690794476521748,-0.9969197726752019,0.23903297827003261,-0.3125727402362497,-0.7579290010579841,0.7626685131882434,0.027322404371584706,19.930538768070935,0.050646139942865244,-0.20443239408462222
base,original,ALL,BTC,2021,0.09105500440277958,1.188486270399493,0.07567194845612779,-0.09122820844808999,0.9981014200732774,1.0909899275472268,0.01643835616438356,11.99029071897773,0.03753223967980605,-0.03874046628148875
base,original,ALL,BTC,2022,-0.08133203052216231,-0.3151020888829325,0.20191238931578903,-0.15137484019094394,-0.537288960434708,0.9187213119430317,0.027397260273972608,19.983767741309702,0.05735607764807659,-0.13562307111548333
base,original,ALL,BTC,2023,0.05220840015166295,0.7740006667563034,0.06863473038783256,-0.026104106809991756,2.000007145683275,1.05217174908466,0.02191780821917809,15.98686832999209,0.04758397962339682,-0.006636552689694097
base,original,ALL,BTC,2024,-0.12087442965775952,-1.1679057758416558,0.1054012874615591,-0.17107296010787654,-0.7065665408579916,0.8788930434385248,0.024590163934426236,17.936162829813245,0.04926187360829627,-0.056247316073402165
base,original,ALL,BTC,2025,0.07982794129661408,1.0217582073383895,0.07803085730314285,-0.05292661511188623,1.5082759614960972,1.0795441571091413,0.019230769230769235,14.027000312739034,0.044351660296629104,-0.03327155672864823
base,original,ALL,ETH,full,0.0596062325930935,0.412825608913323,0.17872853437284908,-0.3327661750475426,0.17912347186302066,1.4152481763609153,0.029666818804199004,21.638956713537905,0.4385406473697776,-0.16735496082707524
base,original,ALL,ETH,2020_2022,0.0037432837138637876,0.12089641359258547,0.2008492314549153,-0.3327661750475426,0.011248991016977556,1.0112745262962668,0.032846715328467155,23.95829770807215,0.244339918519715,-0.16735496082707524
base,original,ALL,ETH,2023_end,0.11863354120744041,0.8035735398674917,0.15347778551865826,-0.1675340186877441,0.7081161314977698,1.3994698171071094,0.026484018264840193,19.317497599373954,0.1920356182225921,-0.07187195461789542
base,original,ALL,ETH,2020,0.11509711000392464,1.294102431334023,0.08698116622459663,-0.08142615407454368,1.4135152434997238,1.1153465842033103,0.024590163934426233,17.93512574845897,0.05668859197535257,-0.021750407586627163
base,original,ALL,ETH,2021,0.1946658218974917,1.0157370003536703,0.19305777987890688,-0.18242257555650931,1.0671147543204695,1.194520388568617,0.038356164383561646,27.978029594648326,0.09028276265627348,-0.0848011865883157
base,original,ALL,ETH,2022,-0.24110157872812288,-0.8550950941480171,0.2760564057620018,-0.3081139495356705,-0.7825078322207234,0.7590417410791207,0.03561643835616438,25.978239622094392,0.06526644088418751,-0.16735496082707524
base,original,ALL,ETH,2023,-0.03916807359051,-1.0287933670799565,0.03809889902910115,-0.04518415070102211,-0.8668542615679613,0.9608582038316836,0.021917808219178086,15.98697786593182,0.046631001341874215,-0.028327434269411866
base,original,ALL,ETH,2024,0.11042233823182235,0.7022783736871542,0.1684832931055236,-0.1675340186877441,0.6591039783844227,1.1106611854984274,0.024590163934426236,17.93635272614883,0.059722712822239385,-0.07187195461789542
base,original,ALL,ETH,2025,0.3125833964807849,1.441608378501015,0.20209358449393364,-0.11590172831441004,2.696969243054174,1.3113621337730559,0.03296703296703297,24.04590069362333,0.08247803160075932,-0.06633374716502172
base,original,ALL,MIX,full,0.01434473072442799,0.17192941054124894,0.14517979713494583,-0.2603721622112657,0.0550931812471899,1.0891933906997302,0.02689195057936101,19.63669915474504,0.33644244240591603,-0.15380757382193955
base,original,ALL,MIX,2020_2022,-0.03886467354398937,-0.1401250670774325,0.17267696756193607,-0.2603721622112657,-0.14926585551205976,0.8878545745470571,0.02903153138819965,21.214210511819314,0.18566731206396644,-0.15380757382193955
base,original,ALL,MIX,2023_end,0.07055253892040447,0.6677519401252437,0.11106312595375588,-0.1527390325760538,0.46191558065076804,1.2267700386128968,0.024750415815445792,18.057747148029595,0.16981962436682624,-0.06156887346739859
base,original,ALL,MIX,2020,-0.06087135046644132,-0.43507715965364624,0.12540545865285926,-0.16412816581018785,-0.3708769312443196,0.9390075486957769,0.02549478971254536,18.662617022663884,0.05366736595910891,-0.10101303712166865
base,original,ALL,MIX,2021,0.15258833237095026,1.1434938372745052,0.13165796967513252,-0.1413973303913426,1.0791457798293258,1.1524763054903995,0.029567773762720236,21.583631588595736,0.06886059039352477,-0.0658103754713123
base,original,ALL,MIX,2022,-0.17968269806127735,-0.7091739093002736,0.23759327306259087,-0.24449809217372265,-0.7349042950143261,0.8204285178107176,0.03204172039255431,23.4033735912919,0.06222540251457151,-0.15380757382193955
base,original,ALL,MIX,2023,0.0001683804027090563,0.023064214300642656,0.03760954250445684,-0.03347095173153258,0.005030642811104386,1.0001682651429087,0.021960142197289676,16.0258360598974,0.047041254109644166,-0.01614205875983976
base,original,ALL,MIX,2024,0.00568657531996819,0.10677480675993181,0.12199498339238693,-0.1527390325760538,0.037230662156621006,1.0056982852717724,0.024594585115559342,17.942990086028264,0.054985219511288985,-0.06156887346739859
base,original,ALL,MIX,2025,0.22044573458461603,1.4529820044846598,0.1439327558441357,-0.07959853872703582,2.769469617282574,1.2196139425389065,0.02770504193298818,20.21062800478986,0.06738849602713594,-0.05365563874675905
base,original,TREND_UP,BTC,full,-0.00525642997886222,-0.08906475420855575,0.04677239325085174,-0.1400626881605247,-0.037529123907988036,0.9688799677805532,0.005476951163852124,3.994906192805556,0.07042466927099844,-0.05624731607340194
base,original,TREND_UP,BTC,2020_2022,-0.007169196737770833,-0.11328718847651846,0.05168859611766989,-0.08877280336760629,-0.08075893140473825,0.9786414139055194,0.004562043795620439,3.3276270299915787,0.029670453063235264,-0.05055911670650426
base,original,TREND_UP,BTC,2023_end,-0.003338226253368104,-0.059921076329796034,0.04129339066106283,-0.10709255408261154,-0.03117141319454372,0.9900255129342926,0.006392694063926942,4.6627947429828325,0.04164366603404105,-0.05624731607340194
base,original,TREND_UP,BTC,2020,-0.03968333292328685,-0.5802145748866194,0.06595374777186137,-0.08877280336760629,-0.44702128825377985,0.9602368237381426,0.008196721311475412,5.97884514859628,0.017963284035202486,-0.05055911670650426
base,original,TREND_UP,BTC,2021,0.0,,0.0,0.0,,1.0,0.0,0.0,0.0,0.0
base,original,TREND_UP,BTC,2022,0.019179972815776658,0.34314853998352174,0.06058355262446405,-0.06103824232334032,0.31422878650688896,1.0191667198261871,0.005479452054794522,3.9967723300946085,0.012191960085906197,-0.023176915342699167
base,original,TREND_UP,BTC,2023,0.0069371161627544975,0.34521167525993657,0.020619528546376727,-0.01887053198604527,0.3676163537882496,1.0069323515453443,0.010958904109589043,7.993377851528769,0.023939083871261806,-0.004556711531414015
base,original,TREND_UP,BTC,2024,-0.03397148705002129,-0.5039311270837069,0.06433559343873355,-0.10709255408261154,-0.31721614393299064,0.9659599572541712,0.005464480874316942,3.9858336344351724,0.011734976331968369,-0.05624731607340194
base,original,TREND_UP,BTC,2025,0.01791934035792453,0.7705069266105461,0.023384293952900655,-0.013960074821220858,1.283613489713189,1.017857470433848,0.002747252747252748,2.0037423559201284,0.006053787612623963,-0.004859288323139754
base,original,TREND_UP,ETH,full,0.00436974953315028,0.1678275357541908,0.02834318159152989,-0.07528095937867907,0.05804587998366918,1.02650046509994,0.003651300775901416,2.6633662625525223,0.04864610743037051,-0.03221975103866859
base,original,TREND_UP,ETH,2020_2022,0.005486737287278665,0.18427919960690983,0.03251116426989674,-0.04708824759212815,0.11652031170928295,1.0165544970890288,0.0027372262773722633,1.9967479628965896,0.018691998621456457,-0.03221975103866859
base,original,TREND_UP,ETH,2023_end,0.003252984252183788,0.15012167715565033,0.023456133095980578,-0.03421031117754092,0.09508782996161033,1.0097839988307487,0.004566210045662102,3.3305933460437567,0.029466308884265064,-0.028327434269411866
base,original,TREND_UP,ETH,2020,0.047765936870409975,1.0349200670813328,0.046054661575564246,-0.028456176968002622,1.6785788521107419,1.04786632974403,0.005464480874316942,3.986415956057147,0.012498962210123473,-0.006614784166524612
base,original,TREND_UP,ETH,2021,0.0,,0.0,0.0,,1.0,0.0,0.0,0.0,0.0
base,original,TREND_UP,ETH,2022,-0.029901671940732788,-0.9222336535546556,0.03231683050576169,-0.03450455849270995,-0.8666006245827013,0.9701184857589135,0.0027397260273972603,1.9983767874458818,0.005910139714906005,-0.03221975103866859
base,original,TREND_UP,ETH,2023,-0.02978553161267472,-0.9987582930930154,0.029802728260145135,-0.03421031117754092,-0.8706594762642478,0.9702345490001255,0.008219178082191782,5.995125199137767,0.017589039858469994,-0.028327434269411866
base,original,TREND_UP,ETH,2024,0.0,,0.0,0.0,,1.0,0.0,0.0,0.0,0.0
base,original,TREND_UP,ETH,2025,0.040905579004411496,1.4662808287255058,0.027580214366254498,-0.026502688488532766,1.543450168163528,1.0407627721269879,0.005494505494505496,4.0076346599797485,0.012241647174938452,-0.0029799105668327774
base,original,TREND_UP,MIX,full,-0.00038542286242115864,-0.000678337698323886,0.027066897054004467,-0.1041278308512561,-0.003701439464073012,0.9976902164402466,0.004538735486117679,3.3180353505777065,0.059535388350684476,-0.028111240321519126
base,original,TREND_UP,MIX,2020_2022,-0.00080114073826687,-0.011659481654036775,0.03005076600035035,-0.052740306917683055,-0.015190293441357644,0.997597955497274,0.003604384094276406,2.6387167003853285,0.02418122584234586,-0.024887720802794666
base,original,TREND_UP,MIX,2023_end,3.0847861395733034e-05,0.013235319811607233,0.023721268308768764,-0.056544895225429714,0.0005455463534374001,1.000092483091474,0.005473940166901271,3.9979743830990264,0.035439289258281985,-0.028111240321519126
base,original,TREND_UP,MIX,2020,0.0040432575679365534,0.12114997022867581,0.039801783255239205,-0.04938889328121432,0.08186572525354514,1.0040515767410862,0.006763601824387102,4.954863424413553,0.01523112312266298,-0.024887720802794666
base,original,TREND_UP,MIX,2021,0.0,,0.0,0.0,,1.0,0.0,0.0,0.0,0.0
base,original,TREND_UP,MIX,2022,-0.006431967675559203,-0.1752994376568855,0.033584162347342135,-0.03441713342034125,-0.18688272486277938,0.9935724205874372,0.004040895067400717,2.954941069279341,0.008913987017213593,-0.016660184187282656
base,original,TREND_UP,MIX,2023,-0.011773229701840138,-0.6305986252866849,0.01849587921622361,-0.021858382324898784,-0.5386139526175872,0.9882347810435926,0.009588484447139436,6.995556561684841,0.020703729507138707,-0.014432858717723707
base,original,TREND_UP,MIX,2024,-0.016977942293047388,-0.5196440739431837,0.03193829483519524,-0.054010695703290756,-0.3143440770753293,0.9829874936444251,0.002684229471914689,1.9711999367268374,0.005864897436258237,-0.028111240321519126
base,original,TREND_UP,MIX,2025,0.029616313421245932,1.630239156398727,0.017989825082201687,-0.013708853395876353,2.160378593745453,1.0295134759498448,0.004153130969313792,3.0300676583418795,0.009202653589453751,-0.0023653964827167195
base,original,TREND_DOWN,BTC,full,0.001768177052802633,0.06183257064347684,0.04407415452545746,-0.10274288601685178,0.017209727323725544,1.0106536256448766,0.006846188954815154,4.99362003220019,0.08987342611835682,-0.034634128942896525
base,original,TREND_DOWN,BTC,2020_2022,0.015012554485808183,0.48400161248783047,0.03180117702208474,-0.057622708467818806,0.2605319132854092,1.0457278428127224,0.005474452554744527,3.9930357982696565,0.035964053739488105,-0.01641340248455403
base,original,TREND_DOWN,BTC,2023_end,-0.011315240503418256,-0.18560759997180543,0.05362362363611489,-0.10242077275847006,-0.110477984091196,0.9664595167768454,0.008219178082191782,5.995118041686824,0.051552010161522735,-0.034634128942896525
base,original,TREND_DOWN,BTC,2020,-0.01481490155020615,-0.65093881737965,0.022523233297559644,-0.029403457216177875,-0.5038489671906657,0.9851549046313547,0.005464480874316942,3.9855786234814423,0.011807013624954447,-0.01641340248455403
base,original,TREND_DOWN,BTC,2021,0.01817454325107848,0.46739730403487867,0.040217093311642034,-0.043422220097641295,0.4185539848080159,1.0181619911664344,0.0054794520547945215,3.9967535748917635,0.012081561563657073,-0.016257730664463677
base,original,TREND_DOWN,BTC,2022,0.04258065535685884,1.3950236180797901,0.03019424571423647,-0.011275303483596844,3.776453149913401,1.0425508990317767,0.0054794520547945215,3.996795627051623,0.012217600044695801,-0.005005135604124966
base,original,TREND_DOWN,BTC,2023,-0.010794239621449542,-0.9350556820882774,0.011527589143548367,-0.018094080923407696,-0.5965619180737388,0.9892131086406566,0.005479452054794521,3.9967562345528886,0.011907618868931907,-0.006636552689694097
base,original,TREND_DOWN,BTC,2024,-0.05275020975012945,-0.8911504368965619,0.05882388908724641,-0.09026764866428871,-0.5843755822898514,0.9471443879268223,0.010928961748633883,7.971668767827313,0.022582781406243337,-0.034634128942896525
base,original,TREND_DOWN,BTC,2025,0.0316298427984274,0.47280092791174244,0.07101641241900533,-0.05292661511188601,0.5976169594742158,1.0315199072665497,0.008241758241758242,6.011558958819976,0.018470164693095387,-0.03327155672864812
base,original,TREND_DOWN,ETH,full,0.03383867038744515,0.5587391735413888,0.06287283893784619,-0.07262640968729173,0.465927897759846,1.220947111841606,0.0063897763578274775,4.660699145537088,0.09440513102177461,-0.02805450398685172
base,original,TREND_DOWN,ETH,2020_2022,0.036164876766602294,0.9066846680355198,0.040022178183183356,-0.03950072085326395,0.9155497921404132,1.112492676717606,0.005474452554744526,3.9930969673562795,0.03796528622197011,-0.0187154400430245
base,original,TREND_DOWN,ETH,2023_end,0.03151556914119347,0.4276496696864748,0.0794353081203149,-0.07262640968729173,0.4339408939102232,1.0974877744310132,0.007305936073059363,5.328911006072398,0.050732778723837954,-0.02805450398685172
base,original,TREND_DOWN,ETH,2020,0.017759323371914215,0.8379792871399745,0.021258474479851606,-0.013128910036126484,1.352688328509095,1.0177961127325634,0.002732240437158471,1.9928723349207909,0.006053602985639155,-0.003177433707065469
base,original,TREND_DOWN,ETH,2021,0.05317373655318636,0.9760653354120636,0.05453314048340824,-0.03635219686112745,1.4627379125481879,1.0531363908445632,0.005479452054794521,3.9967535748917635,0.01206114833632688,-0.0187154400430245
base,original,TREND_DOWN,ETH,2022,0.037917455392447286,1.0158668578966783,0.0372795197054006,-0.035511945271164636,1.067738055544817,1.0378910167116149,0.00821917808219178,5.995145059742411,0.018319147383084124,-0.007590111242964048
base,original,TREND_DOWN,ETH,2023,-0.004335207736551938,-0.4507035558390298,0.009532579229678522,-0.02170283691434849,-0.1997530439758216,0.9956677531146093,0.0054794520547945215,3.9967284244417995,0.011935133864662613,-0.004734836697318889
base,original,TREND_DOWN,ETH,2024,0.053686976660081376,0.47400179799654163,0.12579128463473283,-0.0706489335566185,0.7599120603435053,1.053800130585278,0.010928961748633883,7.971687649947409,0.025753053414366203,-0.02805450398685172
base,original,TREND_DOWN,ETH,2025,0.04615023815540731,0.8485811590550768,0.0548523730613785,-0.03179034660580671,1.4517060391841614,1.0459887203510607,0.005494505494505496,4.007456035294691,0.01253881393067212,-0.010151238959224984
base,original,TREND_DOWN,MIX,full,0.018434008737406415,0.4765688089727675,0.039943864970388834,-0.07438286182096432,0.247826021829815,1.1158003687432414,0.006601839125073308,4.817507019963488,0.09213927857006572,-0.02705342892225515
base,original,TREND_DOWN,MIX,2020_2022,0.02569780571139324,0.9698357653381086,0.026504017003178726,-0.03934102295360731,0.6532063424404912,1.079110259765164,0.005492124988930854,4.0079854700812,0.036964669980729115,-0.009510218651746949
base,original,TREND_DOWN,MIX,2023_end,0.011215089365997466,0.2476938195306123,0.049905834243260956,-0.07438286182096432,0.1507751798121401,1.0340003337435248,0.0077125666987830155,5.627767858932424,0.05112972292687098,-0.02705342892225515
base,original,TREND_DOWN,MIX,2020,0.0014724828736001339,0.0851927612091638,0.019460032483522054,-0.018809353789227545,0.07828460722789164,1.0014755086819591,0.0040919999013613005,2.9838086233981085,0.008930308305296801,-0.00817182787745363
base,original,TREND_DOWN,MIX,2021,0.03595922193763612,1.05498235422514,0.034007043867087666,-0.03452994451754321,1.0413924041889715,1.035934172177832,0.005502965705068368,4.018741131240499,0.012071188617316956,-0.009510218651746949
base,original,TREND_DOWN,MIX,2022,0.040171708157836994,1.6539437984445167,0.023969875592976645,-0.018422480840247224,2.180580808100214,1.0401436674690467,0.0068852453195069165,5.02421261956851,0.0153695760658303,-0.00390670086499334
base,original,TREND_DOWN,MIX,2023,-0.007464821774189501,-0.8450521425388926,0.008814617419394422,-0.016413707238211006,-0.4547919410193599,0.9925402685129253,0.005480208358689801,3.9995287165411577,0.011921801956792174,-0.0055440362491008255
base,original,TREND_DOWN,MIX,2024,0.0022904890705950365,0.06681510086662992,0.07387185548529245,-0.07438286182096432,0.03079323670159565,1.0022951977269126,0.010860944745096501,7.927276858583307,0.024222103060909748,-0.02705342892225515
base,original,TREND_DOWN,MIX,2025,0.03952396691750959,0.9016879080193697,0.044020086370114585,-0.02500327959551596,1.5807513077043598,1.0393860741229095,0.006785381064671166,4.948336521296682,0.015245505247410477,-0.01566628528748204
base,original,RANGE,BTC,full,-0.0011314454359179216,-0.01847888634134093,0.03271381976615575,-0.08429732872532203,-0.013422079359177217,0.9932320402233568,0.0013692377909630307,0.9987291311935439,0.01833744777882569,-0.04656804950136395
base,original,RANGE,BTC,2020_2022,0.0,,0.0,0.0,,1.0,0.0,0.0,0.0,0.0
base,original,RANGE,BTC,2023_end,-0.0022626422328165807,-0.026133095746683304,0.04628544565400114,-0.08429732872532203,-0.026841209170331715,0.9932320402233568,0.0027397260273972603,1.998370343785438,0.01833744777882569,-0.04656804950136395
base,original,RANGE,BTC,2020,0.0,,0.0,0.0,,1.0,0.0,0.0,0.0,0.0
base,original,RANGE,BTC,2021,0.0,,0.0,0.0,,1.0,0.0,0.0,0.0,0.0
base,original,RANGE,BTC,2022,0.0,,0.0,0.0,,1.0,0.0,0.0,0.0,0.0
base,original,RANGE,BTC,2023,0.05818990516341471,0.9096899854488013,0.06431271149527551,-0.005975471545593192,9.738127730911676,1.0581489401645072,0.0027397260273972603,1.9983574564645503,0.006175025736186628,-0.00555267537451809
base,original,RANGE,BTC,2024,-0.06122770561397073,-1.2986960581095528,0.04771217393409227,-0.08429732872532203,-0.7263303184075698,0.9386505079983749,0.00546448087431694,3.9858334831570863,0.011494054930252264,-0.04656804950136395
base,original,RANGE,BTC,2025,0.0,,0.0,0.0,,1.0,0.0,0.0,0.0,0.0
base,original,RANGE,ETH,full,0.017600041109316678,0.3881957531070665,0.04762598439391039,-0.006881904638978753,2.5574375165896592,1.1103306351048645,0.00045641259698767686,0.3329317141031875,0.006332041869407362,-0.005570523619806589
base,original,RANGE,ETH,2020_2022,0.0,,0.0,0.0,,1.0,0.0,0.0,0.0,0.0
base,original,RANGE,ETH,2023_end,0.035526342877135964,0.5491050474996202,0.06737015828271666,-0.006881904638978753,5.162283516094743,1.1103306351048645,0.0009132420091324201,0.6661674754338665,0.006332041869407362,-0.005570523619806589
base,original,RANGE,ETH,2020,0.0,,0.0,0.0,,1.0,0.0,0.0,0.0,0.0
base,original,RANGE,ETH,2021,0.0,,0.0,0.0,,1.0,0.0,0.0,0.0,0.0
base,original,RANGE,ETH,2022,0.0,,0.0,0.0,,1.0,0.0,0.0,0.0,0.0
base,original,RANGE,ETH,2023,0.0,,0.0,0.0,,1.0,0.0,0.0,0.0,0.0
base,original,RANGE,ETH,2024,0.0,,0.0,0.0,,1.0,0.0,0.0,0.0,0.0
base,original,RANGE,ETH,2025,0.11072976179117977,0.9522997906983516,0.11685896895500962,-0.006881904638978753,16.089987815874707,1.1103306351048645,0.0027472527472527475,2.0039928175826476,0.006332041869407362,-0.005570523619806589
base,original,RANGE,MIX,full,0.008451641795383935,0.3036327237031881,0.029050245432891374,-0.04350688597909058,0.1942598649658768,1.0517813376641105,0.0009267251221824451,0.6757902420787028,0.012334744824116527,-0.02394186895991013
base,original,RANGE,MIX,2020_2022,0.0,,0.0,0.0,,1.0,0.0,0.0,0.0,0.0
base,original,RANGE,MIX,2023_end,0.01698253029722241,0.4294556958824807,0.04109682513575021,-0.04350688597909058,0.39034120496199654,1.0517813376641105,0.0018542965686773856,1.3521976441958334,0.012334744824116527,-0.02394186895991013
base,original,RANGE,MIX,2020,0.0,,0.0,0.0,,1.0,0.0,0.0,0.0,0.0
base,original,RANGE,MIX,2021,0.0,,0.0,0.0,,1.0,0.0,0.0,0.0,0.0
base,original,RANGE,MIX,2022,0.0,,0.0,0.0,,1.0,0.0,0.0,0.0,0.0
base,original,RANGE,MIX,2023,0.029094671030380104,0.9067908363462343,0.032164145183989634,-0.0029877357727965403,9.738033495226823,1.0290744700822536,0.0013849556042346185,1.0140704681871813,0.003087512868093314,-0.002862500367662335
base,original,RANGE,MIX,2024,-0.03147779457332911,-1.2921539246708724,0.024499122045396643,-0.04350688597909058,-0.723512930538337,0.9684585995336364,0.002760624600279417,2.007503432114947,0.005909398394494678,-0.02394186895991013
base,original,RANGE,MIX,2025,0.05554789875517141,0.9495482635395525,0.05863583284083284,-0.0035899921328036433,15.472986207295857,1.055352629738232,0.001413619075422623,1.0323473718462792,0.0031767710640943784,-0.0029480624503159802
base,original,VOL_COMPRESSION,BTC,full,-0.00129242091036752,-0.285904497435143,0.004485106933698649,-0.018045965389816954,-0.07161827491350571,0.9922722433703386,0.0022820629849383844,1.664550001543908,0.02981261818922401,-0.004874468828500955
base,original,VOL_COMPRESSION,BTC,2020_2022,-0.0025848714556369057,-0.5623700413377452,0.0045805092397269995,-0.014470095350812784,-0.1786354127577821,0.9922636552084431,0.0018248175182481758,1.3310278310859782,0.011935990578582674,-0.004874468828500955
base,original,VOL_COMPRESSION,BTC,2023_end,2.887008027085969e-06,0.0028478584429623977,0.004388588611267274,-0.018045965389816954,0.00015998080261835483,1.000008655120895,0.0027397260273972603,1.9983767584588765,0.018016005642054907,-0.003652362282768662
base,original,VOL_COMPRESSION,BTC,2020,-0.0067924639851875135,-1.404081694683804,0.004842445607388113,-0.013958413812511727,-0.4866214798058959,0.9931936360242097,0.002732240437158471,1.9929156603024234,0.0059795734669580505,-0.0038181553434845084
base,original,VOL_COMPRESSION,BTC,2021,0.0,,0.0,0.0,,1.0,0.0,0.0,0.0,0.0
base,original,VOL_COMPRESSION,BTC,2022,-0.0009369950195612375,-0.14586459502057617,0.006287089295881199,-0.007716250987773843,-0.12143138177411242,0.9990636460182232,0.002739726027397261,1.9983544416425898,0.005997236485997209,-0.004874468828500955
base,original,VOL_COMPRESSION,BTC,2023,-0.0017273694836639208,-0.4528440717473035,0.0037992476261428485,-0.0034021660334883075,-0.5077263915579143,0.99827381181527,0.0027397260273972603,1.9983767874458815,0.005994859853490828,-0.0034021660334883075
base,original,VOL_COMPRESSION,BTC,2024,0.0,,0.0,0.0,,1.0,0.0,0.0,0.0,0.0
base,original,VOL_COMPRESSION,BTC,2025,0.001743816218312988,0.2671088606510172,0.006599521112412866,-0.018045965389816954,0.09663191636713407,1.0017378431499373,0.005494505494505495,4.007733579930558,0.012041932430046143,-0.003652362282768662
base,original,VOL_COMPRESSION,ETH,full,-0.0008946936859234311,-0.09633650493889775,0.00887766986201953,-0.02358013729642805,-0.03794268348297363,0.9946450494771814,0.001369237790963031,0.9987313320212563,0.01798794511675206,-0.011772837700025018
base,original,VOL_COMPRESSION,ETH,2020_2022,0.0,,0.0,0.0,,1.0,0.0,0.0,0.0,0.0
base,original,VOL_COMPRESSION,ETH,2023_end,-0.0017894028702556408,-0.1362420836869219,0.0125604979839539,-0.02358013729642805,-0.07588602423136451,0.9946450494771814,0.0027397260273972607,1.9983747474507512,0.01798794511675206,-0.011772837700025018
base,original,VOL_COMPRESSION,ETH,2020,0.0,,0.0,0.0,,1.0,0.0,0.0,0.0,0.0
base,original,VOL_COMPRESSION,ETH,2021,0.0,,0.0,0.0,,1.0,0.0,0.0,0.0,0.0
base,original,VOL_COMPRESSION,ETH,2022,0.0,,0.0,0.0,,1.0,0.0,0.0,0.0,0.0
base,original,VOL_COMPRESSION,ETH,2023,-0.005358608452471714,-0.23577441166002966,0.021774225694348778,-0.02358013729642805,-0.22725094366958765,0.9946450494771814,0.008219178082191782,5.9951242423522535,0.01798794511675206,-0.011772837700025018
base,original,VOL_COMPRESSION,ETH,2024,0.0,,0.0,0.0,,1.0,0.0,0.0,0.0,0.0
base,original,VOL_COMPRESSION,ETH,2025,0.0,,0.0,0.0,,1.0,0.0,0.0,0.0,0.0
base,original,VOL_COMPRESSION,MIX,full,-0.00109345835018837,-0.21073628315397466,0.005125802271806205,-0.014450332061869742,-0.07567011924062915,0.99345864642376,0.0018261060093342687,1.3329070529949576,0.023900281652988034,-0.005957965774562202
base,original,VOL_COMPRESSION,MIX,2020_2022,-0.0012907626064463384,-0.5634059263943916,0.0022862681253204994,-0.007235047675406392,-0.17840416046378527,0.9961318276042215,0.0009093246624879155,0.664233150963929,0.005967995289291337,-0.0024337247531160955
base,original,VOL_COMPRESSION,MIX,2023_end,-0.0008959348746976348,-0.12671924890198244,0.006882128541588243,-0.014450332061869742,-0.0620009886874329,0.9973164383404045,0.002743724599419751,2.0021916161237314,0.018001920897182166,-0.005957965774562202
base,original,VOL_COMPRESSION,MIX,2020,-0.0033962201099232425,-1.4042050998877813,0.0024189734519913476,-0.006979206906255864,-0.4866197772241163,0.9965968180121049,0.0013611998694934538,0.9955037812850026,0.0029897867334790253,-0.0019062100771459756
base,original,VOL_COMPRESSION,MIX,2021,0.0,,0.0,0.0,,1.0,0.0,0.0,0.0,0.0
base,original,VOL_COMPRESSION,MIX,2022,-0.0004668977581430145,-0.14722509533621653,0.0031365514457417664,-0.003844950754663845,-0.1214314013194258,0.9995334217413909,0.0013655361037045242,0.9962880808387815,0.002988378551873058,-0.0024337247531160955
base,original,VOL_COMPRESSION,MIX,2023,-0.003550040501560714,-0.30422750084087613,0.011466582730646593,-0.013281989085327628,-0.26728229324344044,0.9964523850535049,0.0054935557490141725,4.007343993746935,0.012014688219032357,-0.005957965774562202
base,original,VOL_COMPRESSION,MIX,2024,0.0,,0.0,0.0,,1.0,0.0,0.0,0.0,0.0
base,original,VOL_COMPRESSION,MIX,2025,0.0008701086036713157,0.26526655151295003,0.003296877629512306,-0.00906358224198478,0.09600051949004831,1.0008671295285758,0.0027451389779517997,2.0047232470820178,0.006008548695308028,-0.0018279670153411587
base,original,VOL_EXPANSION,BTC,full,0.004880107140457612,0.11695932112316622,0.05442598559515382,-0.13288626168959372,0.03672394029607781,1.0296333457293962,0.004107713372889093,2.9962080203902266,0.05340764214064995,-0.07212101388282266
base,original,VOL_EXPANSION,BTC,2020_2022,-0.006650646086880485,-0.053991511506956524,0.07315134105339317,-0.13288626168959372,-0.050047657314761344,0.9801759840627329,0.006386861313868615,4.658643885812056,0.041358830258811576,-0.07212101388282266
base,original,VOL_EXPANSION,BTC,2023_end,0.016555423066796804,0.6971244469601131,0.023941527875040922,-0.03332200387290907,0.4968315570077835,1.0504576346195176,0.0018264840182648401,1.3322539486986047,0.012292498569386726,-0.010157034238912899
base,original,VOL_EXPANSION,BTC,2020,-0.02245199164299283,-0.2811729654133323,0.0714583948371044,-0.06609381772909295,-0.3396988162345173,0.9775024282330151,0.005464480874316941,3.985835465715572,0.011931935123889731,-0.05946115478375136
base,original,VOL_EXPANSION,BTC,2021,0.0498923210938349,1.2287195748408875,0.04024381780311752,-0.015450644774128719,3.2291416845837357,1.0498573341714514,0.005479452054794522,3.9967837718789347,0.01242227240023586,-0.007467882504389789
base,original,VOL_EXPANSION,BTC,2022,-0.04491446937274046,-0.42578218067824947,0.0966706167067414,-0.12257930237542425,-0.36641152708783326,0.9551155724173012,0.008219178082191783,5.995155730581653,0.016842186827619836,-0.07212101388282266
base,original,VOL_EXPANSION,BTC,2023,0.0,,0.0,0.0,,1.0,0.0,0.0,0.0,0.0
base,original,VOL_EXPANSION,BTC,2024,0.0233782564593783,0.6697809574290234,0.03539438097609453,-0.03332200387290907,0.7015861515574975,1.0234268190549125,0.00273224043715847,1.9928269443936744,0.006070545933449632,-0.010157034238912899
base,original,VOL_EXPANSION,BTC,2025,0.026503957173868775,1.2207713391825379,0.02160231921429407,-0.021086132007928304,1.2569378378122356,1.0264120648993416,0.0027472527472527475,2.0039654180683715,0.00607952861903969,0.0
base,original,VOL_EXPANSION,ETH,full,-0.03962621376037079,-0.4515109909580408,0.08183421989467483,-0.33318324867543836,-0.11893219097269687,0.7846316488591173,0.008671839342765863,6.325088278356764,0.09957378361786745,-0.11481535762845041
base,original,VOL_EXPANSION,ETH,2020_2022,-0.06100234151998585,-0.5914790990765468,0.09792678812471205,-0.28031799261735046,-0.21761835888735623,0.8278941574972122,0.010036496350364965,7.320404782772897,0.06244807421886542,-0.11481535762845041
base,original,VOL_EXPANSION,ETH,2023_end,-0.017743270209695794,-0.25868853749347354,0.06168536928163418,-0.14121922120287345,-0.12564345036435284,0.9477439135832523,0.007305936073059363,5.328862809096415,0.04484354559432562,-0.07187195461789542
base,original,VOL_EXPANSION,ETH,2020,0.08761296919199468,1.3781718892614117,0.062256922160767836,-0.03663271524331879,2.3916591661322144,1.0878005491543574,0.005464480874316941,3.9849727539696924,0.012360049848359252,0.0
base,original,VOL_EXPANSION,ETH,2021,-0.08417381567663285,-1.1218327430059183,0.07575549875744773,-0.11868591400498618,-0.7092148750954268,0.9158813039794704,0.010958904109589045,7.993451657599748,0.02262002896611369,-0.03853116652975619
base,original,VOL_EXPANSION,ETH,2022,-0.1691334549407273,-1.2652105184280489,0.1382967053555647,-0.2055045991229808,-0.8230154247765141,0.8309719234151853,0.013698630136986304,9.991928106691178,0.02557667570342635,-0.11481535762845041
base,original,VOL_EXPANSION,ETH,2023,0.0,,0.0,0.0,,1.0,0.0,0.0,0.0,0.0
base,original,VOL_EXPANSION,ETH,2024,-0.06413308033392662,-0.7922696802054695,0.07946202964903334,-0.12193289352073111,-0.5259702979411595,0.9357395543621694,0.008196721311475412,5.978577456924268,0.017394209312409308,-0.07187195461789542
base,original,VOL_EXPANSION,ETH,2025,0.012873076845951958,0.21402037383562508,0.07147849998416166,-0.07840809639279134,0.16418045378200866,1.0128287397546911,0.013736263736263741,10.01908084265465,0.02933437638064437,-0.027521278943335004
base,original,VOL_EXPANSION,MIX,full,-0.01611687708332854,-0.2597428892418779,0.05623426125428877,-0.16398809788316238,-0.0982807733693663,0.9071324972942567,0.00619225755884987,4.51451759883162,0.0764907128792587,-0.09315215894540396
base,original,VOL_EXPANSION,MIX,2020_2022,-0.033062453635144484,-0.4246516213825179,0.07267134591905564,-0.15943717195673368,-0.20736979481871776,0.9040350707799725,0.008179592998492915,5.970631476898447,0.05190345223883849,-0.09315215894540396
base,original,VOL_EXPANSION,MIX,2023_end,0.0011415545539608107,0.051461612037548614,0.032294933081222645,-0.07501871976191721,0.01521692928889882,1.003426223842856,0.0042031072009971054,3.057073936401261,0.027197242048593424,-0.03266714555613015
base,original,VOL_EXPANSION,MIX,2020,0.032583501506183055,0.6964398170171653,0.047630128084870195,-0.033428398972091045,0.9747251590896296,1.0326514886936864,0.0054825197046979215,4.0097434957263065,0.012145992486124491,-0.02949405601055133
base,original,VOL_EXPANSION,MIX,2021,-0.02072223154312325,-0.4600810789447057,0.04343674616532211,-0.06283840628327786,-0.32977016396161707,0.9792918041683332,0.00830374656486447,6.048489327963402,0.017793457797226502,-0.020222603402854644
base,original,VOL_EXPANSION,MIX,2022,-0.10610596246650983,-0.9795152873492337,0.10815812418783952,-0.13664876186789765,-0.7764868193177306,0.893962668737196,0.010759901967817162,7.859033902844465,0.021144777908280295,-0.09315215894540396
base,original,VOL_EXPANSION,MIX,2023,0.0,,0.0,0.0,,1.0,0.0,0.0,0.0,0.0
base,original,VOL_EXPANSION,MIX,2024,-0.016690170013799688,-0.3491701255147944,0.045231735993639714,-0.06632991708111535,-0.25162356216108567,0.9832758467793568,0.005149541233883012,3.7423290702851606,0.011255518870847728,-0.03266714555613015
base,original,VOL_EXPANSION,MIX,2025,0.020564200302237268,0.634120821477421,0.03292731199595923,-0.034598399135011726,0.5943685493074562,1.0204931069236574,0.0074661271799193645,5.433526155590692,0.016212869694665608,-0.012125724120926162
base,original,HIGH_VOL,BTC,full,-0.037238097372007783,-0.2714436617938199,0.11353014552239418,-0.31111572966409295,-0.11969210753893159,0.7964085988487866,0.0031948881789137388,2.3306203937833976,0.03483195551035306,-0.20443239408462244
base,original,HIGH_VOL,BTC,2020_2022,-0.0842062022485871,-0.4649577917228482,0.15901170047870072,-0.31111572966409295,-0.27065877491794865,0.7680101253012762,0.005474452554744527,3.993596592722914,0.03013840150965494,-0.20443239408462244
base,original,HIGH_VOL,BTC,2023_end,0.012185081067215275,0.5610340613006892,0.021993367404696252,-0.02172030149843207,0.5609996283014249,1.036976691598135,0.0009132420091324204,0.6661254951188224,0.006111317866879591,-0.0010608023498283048
base,original,HIGH_VOL,BTC,2020,-0.1692573071186898,-0.7292092217665448,0.2173268892405813,-0.31111572966409295,-0.5440332679464147,0.830426430898609,0.005464480874316942,3.9873638699752174,0.010606176504103077,-0.20443239408462244
base,original,HIGH_VOL,BTC,2021,0.020656608542765298,0.49346438669585696,0.043292645300933075,-0.05237956796637788,0.3943638587478355,1.0206423249313816,0.0054794520547945215,3.99675337220703,0.012292319230549447,-0.02698848784021013
base,original,HIGH_VOL,BTC,2022,-0.09392762871836524,-0.5160654842205787,0.16365397810116847,-0.14640007059755955,-0.641581853990793,0.9061335447644788,0.005479452054794521,3.9966896119392286,0.011001305175161567,-0.13562307111548333
base,original,HIGH_VOL,BTC,2023,0.0,,0.0,0.0,,1.0,0.0,0.0,0.0,0.0
base,original,HIGH_VOL,BTC,2024,0.036899538616697036,0.9703617670998215,0.03804348685833612,-0.02172030149843207,1.698850203316041,1.036976691598135,0.002732240437158471,1.9929164403145094,0.006111317866879591,-0.0010608023498283048
base,original,HIGH_VOL,BTC,2025,0.0,,0.0,0.0,,1.0,0.0,0.0,0.0,0.0
base,original,HIGH_VOL,ETH,full,0.04512786959171322,0.39506717351684817,0.13469486643715414,-0.18189459242336037,0.24809901707620824,1.3031377677253362,0.009128251939753538,6.658139980967091,0.13215966305300159,-0.16735496082707513
base,original,HIGH_VOL,ETH,2020_2022,0.02601315659792336,0.23827274078270383,0.16755997085532146,-0.18189459242336037,0.1430122591955765,1.080106110719182,0.014598540145985401,10.648047995046381,0.10316277710817831,-0.16735496082707513
base,original,HIGH_VOL,ETH,2023_end,0.06461663766650916,0.7338286017897617,0.09063997006491593,-0.06633374716502172,0.9741140886517262,1.2064905056945283,0.003652968036529681,2.6645882152767664,0.0268463307975509,-0.06633374716502172
base,original,HIGH_VOL,ETH,2020,-0.038545032197906504,-1.156737516941794,0.03346935282452389,-0.08142615407454401,-0.4733740974996719,0.9613773683883948,0.01092896174863388,7.970864703511343,0.023735598712578323,-0.021750407586627274
base,original,HIGH_VOL,ETH,2021,0.23860652211843436,1.349828457124768,0.16880146505899174,-0.1321839081426638,1.8051102094886655,1.2384251215338975,0.021917808219178082,15.987824362156813,0.05451007140520969,-0.08480118658831548
base,original,HIGH_VOL,ETH,2022,-0.09286107026718227,-0.29566242261473324,0.23387277714323573,-0.16991439925659402,-0.5465167794693452,0.9071994447263747,0.010958904109589043,7.992789668214921,0.022696596844686223,-0.16735496082707513
base,original,HIGH_VOL,ETH,2023,0.0,,0.0,0.0,,1.0,0.0,0.0,0.0,0.0
base,original,HIGH_VOL,ETH,2024,0.12606246170926538,1.5417422230868838,0.07890569057737187,-0.05739759433370972,2.196302182567757,1.1263370208806438,0.005464480874316942,3.9860876192771526,0.012802187805725255,0.0
base,original,HIGH_VOL,ETH,2025,0.0714158717970883,0.5721080318440669,0.1359361230176342,-0.06633374716502172,1.0766144662297388,1.0711629675025822,0.005494505494505495,4.007736338111597,0.012468863875969396,-0.06633374716502172
base,original,HIGH_VOL,MIX,full,0.008130408681546797,0.1300228762188345,0.11125344650584293,-0.16550575421921698,0.049124628445110397,1.0497731832870614,0.006564275776769708,4.795251559555383,0.08349580928167734,-0.1542256913493315
base,original,HIGH_VOL,MIX,2020_2022,-0.025977393015277794,-0.10474600642949429,0.14575409189586733,-0.16550575421921698,-0.156957642577611,0.9240581180102292,0.01053150594639013,7.705268436017387,0.06665058930891662,-0.1542256913493315
base,original,HIGH_VOL,MIX,2023_end,0.043465377036820296,0.7466105426843818,0.05923476274889425,-0.041815825356308345,1.0394480239587833,1.1360467083472345,0.002593422565898492,1.882577133434507,0.01822961093511462,-0.041815825356308345
base,original,HIGH_VOL,MIX,2020,-0.10389627139216562,-0.9438861779394266,0.1094058716668549,-0.16550575421921698,-0.6277502065248566,0.895901899643502,0.008204982010573866,6.015630508794166,0.0171708876083407,-0.10199869171220954
base,original,HIGH_VOL,MIX,2021,0.13759223920266406,1.289685420285609,0.10408108656615879,-0.09402449371042276,1.4633659142735882,1.1374918661374585,0.014754468678991925,10.795068671606002,0.03494390167562451,-0.05926180611954435
base,original,HIGH_VOL,MIX,2022,-0.09330459796689594,-0.3780276899149476,0.20243372217620806,-0.15814724713629047,-0.5899855966919647,0.9067561909632843,0.008641441187784923,6.309735272658088,0.017833117880171733,-0.1542256913493315
base,original,HIGH_VOL,MIX,2023,0.0,,0.0,0.0,,1.0,0.0,0.0,0.0,0.0
base,original,HIGH_VOL,MIX,2024,0.08901141173017435,1.4403997267119824,0.06038727070081906,-0.04157144781364608,2.1411669886790863,1.089202106771019,0.004376686193313244,3.186000715024357,0.010021704760366349,0.0
base,original,HIGH_VOL,MIX,2025,0.04315901646520515,0.5488283058309846,0.08305085320982604,-0.041815825356308345,1.0321215974443074,1.043008181204394,0.0034009081398522004,2.4597409324501935,0.007535705378941033,-0.041815825356308345
base,original,UNKNOWN,BTC,full,0.0,,0.0,0.0,,1.0,0.0,0.0,0.0,0.0
base,original,UNKNOWN,BTC,2020_2022,0.0,,0.0,0.0,,1.0,0.0,0.0,0.0,0.0
base,original,UNKNOWN,BTC,2023_end,0.0,,0.0,0.0,,1.0,0.0,0.0,0.0,0.0
base,original,UNKNOWN,BTC,2020,0.0,,0.0,0.0,,1.0,0.0,0.0,0.0,0.0
base,original,UNKNOWN,BTC,2021,0.0,,0.0,0.0,,1.0,0.0,0.0,0.0,0.0
base,original,UNKNOWN,BTC,2022,0.0,,0.0,0.0,,1.0,0.0,0.0,0.0,0.0
base,original,UNKNOWN,BTC,2023,0.0,,0.0,0.0,,1.0,0.0,0.0,0.0,0.0
base,original,UNKNOWN,BTC,2024,0.0,,0.0,0.0,,1.0,0.0,0.0,0.0,0.0
base,original,UNKNOWN,BTC,2025,0.0,,0.0,0.0,,1.0,0.0,0.0,0.0,0.0
base,original,UNKNOWN,ETH,full,0.0,,0.0,0.0,,1.0,0.0,0.0,0.0,0.0
base,original,UNKNOWN,ETH,2020_2022,0.0,,0.0,0.0,,1.0,0.0,0.0,0.0,0.0
base,original,UNKNOWN,ETH,2023_end,0.0,,0.0,0.0,,1.0,0.0,0.0,0.0,0.0
base,original,UNKNOWN,ETH,2020,0.0,,0.0,0.0,,1.0,0.0,0.0,0.0,0.0
base,original,UNKNOWN,ETH,2021,0.0,,0.0,0.0,,1.0,0.0,0.0,0.0,0.0
base,original,UNKNOWN,ETH,2022,0.0,,0.0,0.0,,1.0,0.0,0.0,0.0,0.0
base,original,UNKNOWN,ETH,2023,0.0,,0.0,0.0,,1.0,0.0,0.0,0.0,0.0
base,original,UNKNOWN,ETH,2024,0.0,,0.0,0.0,,1.0,0.0,0.0,0.0,0.0
base,original,UNKNOWN,ETH,2025,0.0,,0.0,0.0,,1.0,0.0,0.0,0.0,0.0
base,original,UNKNOWN,MIX,full,0.0,,0.0,0.0,,1.0,0.0,0.0,0.0,0.0
base,original,UNKNOWN,MIX,2020_2022,0.0,,0.0,0.0,,1.0,0.0,0.0,0.0,0.0
base,original,UNKNOWN,MIX,2023_end,0.0,,0.0,0.0,,1.0,0.0,0.0,0.0,0.0
base,original,UNKNOWN,MIX,2020,0.0,,0.0,0.0,,1.0,0.0,0.0,0.0,0.0
base,original,UNKNOWN,MIX,2021,0.0,,0.0,0.0,,1.0,0.0,0.0,0.0,0.0
base,original,UNKNOWN,MIX,2022,0.0,,0.0,0.0,,1.0,0.0,0.0,0.0,0.0
base,original,UNKNOWN,MIX,2023,0.0,,0.0,0.0,,1.0,0.0,0.0,0.0,0.0
base,original,UNKNOWN,MIX,2024,0.0,,0.0,0.0,,1.0,0.0,0.0,0.0,0.0
base,original,UNKNOWN,MIX,2025,0.0,,0.0,0.0,,1.0,0.0,0.0,0.0,0.0
base,past_gap_clean,ALL,BTC,full,-0.04406263161954915,-0.23423976791361412,0.14468588546187747,-0.34840197965948616,-0.1264706694910694,0.7631386050385449,0.022820629849383847,16.645723038390983,0.2343442374420544,-0.20443239408462222
base,past_gap_clean,ALL,BTC,2020_2022,-0.08562926079591882,-0.3809723750465616,0.18587830813248404,-0.3125727402362497,-0.2739498675770582,0.7644346227978474,0.023722627737226287,17.30393113788218,0.12699470560821788,-0.20443239408462222
base,past_gap_clean,ALL,BTC,2023_end,-0.0005658381439105353,0.03584258727464137,0.08553634684190044,-0.17107296010787654,-0.0033075837558064385,0.9983046061485821,0.021917808219178082,15.986913835612576,0.14042997089919204,-0.056247316073402165
base,past_gap_clean,ALL,BTC,2020,-0.23690794476521748,-0.9969197726752019,0.23903297827003261,-0.3125727402362497,-0.7579290010579841,0.7626685131882434,0.027322404371584706,19.930538768070935,0.050646139942865244,-0.20443239408462222
base,past_gap_clean,ALL,BTC,2021,0.09105500440277958,1.188486270399493,0.07567194845612779,-0.09122820844808999,0.9981014200732774,1.0909899275472268,0.01643835616438356,11.99029071897773,0.03753223967980605,-0.03874046628148875
base,past_gap_clean,ALL,BTC,2022,-0.08133203052216231,-0.3151020888829325,0.20191238931578903,-0.15137484019094394,-0.537288960434708,0.9187213119430317,0.027397260273972608,19.983767741309702,0.05735607764807659,-0.13562307111548333
base,past_gap_clean,ALL,BTC,2023,0.05220840015166295,0.7740006667563034,0.06863473038783256,-0.026104106809991756,2.000007145683275,1.05217174908466,0.02191780821917809,15.98686832999209,0.04758397962339682,-0.006636552689694097
base,past_gap_clean,ALL,BTC,2024,-0.12087442965775952,-1.1679057758416558,0.1054012874615591,-0.17107296010787654,-0.7065665408579916,0.8788930434385248,0.024590163934426236,17.936162829813245,0.04926187360829627,-0.056247316073402165
base,past_gap_clean,ALL,BTC,2025,0.07982794129661408,1.0217582073383895,0.07803085730314285,-0.05292661511188623,1.5082759614960972,1.0795441571091413,0.019230769230769235,14.027000312739034,0.044351660296629104,-0.03327155672864823
base,past_gap_clean,ALL,ETH,full,0.0596062325930935,0.412825608913323,0.17872853437284908,-0.3327661750475426,0.17912347186302066,1.4152481763609153,0.029666818804199004,21.638956713537905,0.4385406473697776,-0.16735496082707524
base,past_gap_clean,ALL,ETH,2020_2022,0.0037432837138637876,0.12089641359258547,0.2008492314549153,-0.3327661750475426,0.011248991016977556,1.0112745262962668,0.032846715328467155,23.95829770807215,0.244339918519715,-0.16735496082707524
base,past_gap_clean,ALL,ETH,2023_end,0.11863354120744041,0.8035735398674917,0.15347778551865826,-0.1675340186877441,0.7081161314977698,1.3994698171071094,0.026484018264840193,19.317497599373954,0.1920356182225921,-0.07187195461789542
base,past_gap_clean,ALL,ETH,2020,0.11509711000392464,1.294102431334023,0.08698116622459663,-0.08142615407454368,1.4135152434997238,1.1153465842033103,0.024590163934426233,17.93512574845897,0.05668859197535257,-0.021750407586627163
base,past_gap_clean,ALL,ETH,2021,0.1946658218974917,1.0157370003536703,0.19305777987890688,-0.18242257555650931,1.0671147543204695,1.194520388568617,0.038356164383561646,27.978029594648326,0.09028276265627348,-0.0848011865883157
base,past_gap_clean,ALL,ETH,2022,-0.24110157872812288,-0.8550950941480171,0.2760564057620018,-0.3081139495356705,-0.7825078322207234,0.7590417410791207,0.03561643835616438,25.978239622094392,0.06526644088418751,-0.16735496082707524
base,past_gap_clean,ALL,ETH,2023,-0.03916807359051,-1.0287933670799565,0.03809889902910115,-0.04518415070102211,-0.8668542615679613,0.9608582038316836,0.021917808219178086,15.98697786593182,0.046631001341874215,-0.028327434269411866
base,past_gap_clean,ALL,ETH,2024,0.11042233823182235,0.7022783736871542,0.1684832931055236,-0.1675340186877441,0.6591039783844227,1.1106611854984274,0.024590163934426236,17.93635272614883,0.059722712822239385,-0.07187195461789542
base,past_gap_clean,ALL,ETH,2025,0.3125833964807849,1.441608378501015,0.20209358449393364,-0.11590172831441004,2.696969243054174,1.3113621337730559,0.03296703296703297,24.04590069362333,0.08247803160075932,-0.06633374716502172
base,past_gap_clean,ALL,MIX,full,0.01434473072442799,0.17192941054124894,0.14517979713494583,-0.2603721622112657,0.0550931812471899,1.0891933906997302,0.02689195057936101,19.63669915474504,0.33644244240591603,-0.15380757382193955
base,past_gap_clean,ALL,MIX,2020_2022,-0.03886467354398937,-0.1401250670774325,0.17267696756193607,-0.2603721622112657,-0.14926585551205976,0.8878545745470571,0.02903153138819965,21.214210511819314,0.18566731206396644,-0.15380757382193955
base,past_gap_clean,ALL,MIX,2023_end,0.07055253892040447,0.6677519401252437,0.11106312595375588,-0.1527390325760538,0.46191558065076804,1.2267700386128968,0.024750415815445792,18.057747148029595,0.16981962436682624,-0.06156887346739859
base,past_gap_clean,ALL,MIX,2020,-0.06087135046644132,-0.43507715965364624,0.12540545865285926,-0.16412816581018785,-0.3708769312443196,0.9390075486957769,0.02549478971254536,18.662617022663884,0.05366736595910891,-0.10101303712166865
base,past_gap_clean,ALL,MIX,2021,0.15258833237095026,1.1434938372745052,0.13165796967513252,-0.1413973303913426,1.0791457798293258,1.1524763054903995,0.029567773762720236,21.583631588595736,0.06886059039352477,-0.0658103754713123
base,past_gap_clean,ALL,MIX,2022,-0.17968269806127735,-0.7091739093002736,0.23759327306259087,-0.24449809217372265,-0.7349042950143261,0.8204285178107176,0.03204172039255431,23.4033735912919,0.06222540251457151,-0.15380757382193955
base,past_gap_clean,ALL,MIX,2023,0.0001683804027090563,0.023064214300642656,0.03760954250445684,-0.03347095173153258,0.005030642811104386,1.0001682651429087,0.021960142197289676,16.0258360598974,0.047041254109644166,-0.01614205875983976
base,past_gap_clean,ALL,MIX,2024,0.00568657531996819,0.10677480675993181,0.12199498339238693,-0.1527390325760538,0.037230662156621006,1.0056982852717724,0.024594585115559342,17.942990086028264,0.054985219511288985,-0.06156887346739859
base,past_gap_clean,ALL,MIX,2025,0.22044573458461603,1.4529820044846598,0.1439327558441357,-0.07959853872703582,2.769469617282574,1.2196139425389065,0.02770504193298818,20.21062800478986,0.06738849602713594,-0.05365563874675905
base,past_gap_clean,TREND_UP,BTC,full,-0.00525642997886222,-0.08906475420855575,0.04677239325085174,-0.1400626881605247,-0.037529123907988036,0.9688799677805532,0.005476951163852124,3.994906192805556,0.07042466927099844,-0.05624731607340194
base,past_gap_clean,TREND_UP,BTC,2020_2022,-0.007169196737770833,-0.11328718847651846,0.05168859611766989,-0.08877280336760629,-0.08075893140473825,0.9786414139055194,0.004562043795620439,3.3276270299915787,0.029670453063235264,-0.05055911670650426
base,past_gap_clean,TREND_UP,BTC,2023_end,-0.003338226253368104,-0.059921076329796034,0.04129339066106283,-0.10709255408261154,-0.03117141319454372,0.9900255129342926,0.006392694063926942,4.6627947429828325,0.04164366603404105,-0.05624731607340194
base,past_gap_clean,TREND_UP,BTC,2020,-0.03968333292328685,-0.5802145748866194,0.06595374777186137,-0.08877280336760629,-0.44702128825377985,0.9602368237381426,0.008196721311475412,5.97884514859628,0.017963284035202486,-0.05055911670650426
base,past_gap_clean,TREND_UP,BTC,2021,0.0,,0.0,0.0,,1.0,0.0,0.0,0.0,0.0
base,past_gap_clean,TREND_UP,BTC,2022,0.019179972815776658,0.34314853998352174,0.06058355262446405,-0.06103824232334032,0.31422878650688896,1.0191667198261871,0.005479452054794522,3.9967723300946085,0.012191960085906197,-0.023176915342699167
base,past_gap_clean,TREND_UP,BTC,2023,0.0069371161627544975,0.34521167525993657,0.020619528546376727,-0.01887053198604527,0.3676163537882496,1.0069323515453443,0.010958904109589043,7.993377851528769,0.023939083871261806,-0.004556711531414015
base,past_gap_clean,TREND_UP,BTC,2024,-0.03397148705002129,-0.5039311270837069,0.06433559343873355,-0.10709255408261154,-0.31721614393299064,0.9659599572541712,0.005464480874316942,3.9858336344351724,0.011734976331968369,-0.05624731607340194
base,past_gap_clean,TREND_UP,BTC,2025,0.01791934035792453,0.7705069266105461,0.023384293952900655,-0.013960074821220858,1.283613489713189,1.017857470433848,0.002747252747252748,2.0037423559201284,0.006053787612623963,-0.004859288323139754
base,past_gap_clean,TREND_UP,ETH,full,0.00436974953315028,0.1678275357541908,0.02834318159152989,-0.07528095937867907,0.05804587998366918,1.02650046509994,0.003651300775901416,2.6633662625525223,0.04864610743037051,-0.03221975103866859
base,past_gap_clean,TREND_UP,ETH,2020_2022,0.005486737287278665,0.18427919960690983,0.03251116426989674,-0.04708824759212815,0.11652031170928295,1.0165544970890288,0.0027372262773722633,1.9967479628965896,0.018691998621456457,-0.03221975103866859
base,past_gap_clean,TREND_UP,ETH,2023_end,0.003252984252183788,0.15012167715565033,0.023456133095980578,-0.03421031117754092,0.09508782996161033,1.0097839988307487,0.004566210045662102,3.3305933460437567,0.029466308884265064,-0.028327434269411866
base,past_gap_clean,TREND_UP,ETH,2020,0.047765936870409975,1.0349200670813328,0.046054661575564246,-0.028456176968002622,1.6785788521107419,1.04786632974403,0.005464480874316942,3.986415956057147,0.012498962210123473,-0.006614784166524612
base,past_gap_clean,TREND_UP,ETH,2021,0.0,,0.0,0.0,,1.0,0.0,0.0,0.0,0.0
base,past_gap_clean,TREND_UP,ETH,2022,-0.029901671940732788,-0.9222336535546556,0.03231683050576169,-0.03450455849270995,-0.8666006245827013,0.9701184857589135,0.0027397260273972603,1.9983767874458818,0.005910139714906005,-0.03221975103866859
base,past_gap_clean,TREND_UP,ETH,2023,-0.02978553161267472,-0.9987582930930154,0.029802728260145135,-0.03421031117754092,-0.8706594762642478,0.9702345490001255,0.008219178082191782,5.995125199137767,0.017589039858469994,-0.028327434269411866
base,past_gap_clean,TREND_UP,ETH,2024,0.0,,0.0,0.0,,1.0,0.0,0.0,0.0,0.0
base,past_gap_clean,TREND_UP,ETH,2025,0.040905579004411496,1.4662808287255058,0.027580214366254498,-0.026502688488532766,1.543450168163528,1.0407627721269879,0.005494505494505496,4.0076346599797485,0.012241647174938452,-0.0029799105668327774
base,past_gap_clean,TREND_UP,MIX,full,-0.00038542286242115864,-0.000678337698323886,0.027066897054004467,-0.1041278308512561,-0.003701439464073012,0.9976902164402466,0.004538735486117679,3.3180353505777065,0.059535388350684476,-0.028111240321519126
base,past_gap_clean,TREND_UP,MIX,2020_2022,-0.00080114073826687,-0.011659481654036775,0.03005076600035035,-0.052740306917683055,-0.015190293441357644,0.997597955497274,0.003604384094276406,2.6387167003853285,0.02418122584234586,-0.024887720802794666
base,past_gap_clean,TREND_UP,MIX,2023_end,3.0847861395733034e-05,0.013235319811607233,0.023721268308768764,-0.056544895225429714,0.0005455463534374001,1.000092483091474,0.005473940166901271,3.9979743830990264,0.035439289258281985,-0.028111240321519126
base,past_gap_clean,TREND_UP,MIX,2020,0.0040432575679365534,0.12114997022867581,0.039801783255239205,-0.04938889328121432,0.08186572525354514,1.0040515767410862,0.006763601824387102,4.954863424413553,0.01523112312266298,-0.024887720802794666
base,past_gap_clean,TREND_UP,MIX,2021,0.0,,0.0,0.0,,1.0,0.0,0.0,0.0,0.0
base,past_gap_clean,TREND_UP,MIX,2022,-0.006431967675559203,-0.1752994376568855,0.033584162347342135,-0.03441713342034125,-0.18688272486277938,0.9935724205874372,0.004040895067400717,2.954941069279341,0.008913987017213593,-0.016660184187282656
base,past_gap_clean,TREND_UP,MIX,2023,-0.011773229701840138,-0.6305986252866849,0.01849587921622361,-0.021858382324898784,-0.5386139526175872,0.9882347810435926,0.009588484447139436,6.995556561684841,0.020703729507138707,-0.014432858717723707
base,past_gap_clean,TREND_UP,MIX,2024,-0.016977942293047388,-0.5196440739431837,0.03193829483519524,-0.054010695703290756,-0.3143440770753293,0.9829874936444251,0.002684229471914689,1.9711999367268374,0.005864897436258237,-0.028111240321519126
base,past_gap_clean,TREND_UP,MIX,2025,0.029616313421245932,1.630239156398727,0.017989825082201687,-0.013708853395876353,2.160378593745453,1.0295134759498448,0.004153130969313792,3.0300676583418795,0.009202653589453751,-0.0023653964827167195
base,past_gap_clean,TREND_DOWN,BTC,full,0.001768177052802633,0.06183257064347684,0.04407415452545746,-0.10274288601685178,0.017209727323725544,1.0106536256448766,0.006846188954815154,4.99362003220019,0.08987342611835682,-0.034634128942896525
base,past_gap_clean,TREND_DOWN,BTC,2020_2022,0.015012554485808183,0.48400161248783047,0.03180117702208474,-0.057622708467818806,0.2605319132854092,1.0457278428127224,0.005474452554744527,3.9930357982696565,0.035964053739488105,-0.01641340248455403
base,past_gap_clean,TREND_DOWN,BTC,2023_end,-0.011315240503418256,-0.18560759997180543,0.05362362363611489,-0.10242077275847006,-0.110477984091196,0.9664595167768454,0.008219178082191782,5.995118041686824,0.051552010161522735,-0.034634128942896525
base,past_gap_clean,TREND_DOWN,BTC,2020,-0.01481490155020615,-0.65093881737965,0.022523233297559644,-0.029403457216177875,-0.5038489671906657,0.9851549046313547,0.005464480874316942,3.9855786234814423,0.011807013624954447,-0.01641340248455403
base,past_gap_clean,TREND_DOWN,BTC,2021,0.01817454325107848,0.46739730403487867,0.040217093311642034,-0.043422220097641295,0.4185539848080159,1.0181619911664344,0.0054794520547945215,3.9967535748917635,0.012081561563657073,-0.016257730664463677
base,past_gap_clean,TREND_DOWN,BTC,2022,0.04258065535685884,1.3950236180797901,0.03019424571423647,-0.011275303483596844,3.776453149913401,1.0425508990317767,0.0054794520547945215,3.996795627051623,0.012217600044695801,-0.005005135604124966
base,past_gap_clean,TREND_DOWN,BTC,2023,-0.010794239621449542,-0.9350556820882774,0.011527589143548367,-0.018094080923407696,-0.5965619180737388,0.9892131086406566,0.005479452054794521,3.9967562345528886,0.011907618868931907,-0.006636552689694097
base,past_gap_clean,TREND_DOWN,BTC,2024,-0.05275020975012945,-0.8911504368965619,0.05882388908724641,-0.09026764866428871,-0.5843755822898514,0.9471443879268223,0.010928961748633883,7.971668767827313,0.022582781406243337,-0.034634128942896525
base,past_gap_clean,TREND_DOWN,BTC,2025,0.0316298427984274,0.47280092791174244,0.07101641241900533,-0.05292661511188601,0.5976169594742158,1.0315199072665497,0.008241758241758242,6.011558958819976,0.018470164693095387,-0.03327155672864812
base,past_gap_clean,TREND_DOWN,ETH,full,0.03383867038744515,0.5587391735413888,0.06287283893784619,-0.07262640968729173,0.465927897759846,1.220947111841606,0.0063897763578274775,4.660699145537088,0.09440513102177461,-0.02805450398685172
base,past_gap_clean,TREND_DOWN,ETH,2020_2022,0.036164876766602294,0.9066846680355198,0.040022178183183356,-0.03950072085326395,0.9155497921404132,1.112492676717606,0.005474452554744526,3.9930969673562795,0.03796528622197011,-0.0187154400430245
base,past_gap_clean,TREND_DOWN,ETH,2023_end,0.03151556914119347,0.4276496696864748,0.0794353081203149,-0.07262640968729173,0.4339408939102232,1.0974877744310132,0.007305936073059363,5.328911006072398,0.050732778723837954,-0.02805450398685172
base,past_gap_clean,TREND_DOWN,ETH,2020,0.017759323371914215,0.8379792871399745,0.021258474479851606,-0.013128910036126484,1.352688328509095,1.0177961127325634,0.002732240437158471,1.9928723349207909,0.006053602985639155,-0.003177433707065469
base,past_gap_clean,TREND_DOWN,ETH,2021,0.05317373655318636,0.9760653354120636,0.05453314048340824,-0.03635219686112745,1.4627379125481879,1.0531363908445632,0.005479452054794521,3.9967535748917635,0.01206114833632688,-0.0187154400430245
base,past_gap_clean,TREND_DOWN,ETH,2022,0.037917455392447286,1.0158668578966783,0.0372795197054006,-0.035511945271164636,1.067738055544817,1.0378910167116149,0.00821917808219178,5.995145059742411,0.018319147383084124,-0.007590111242964048
base,past_gap_clean,TREND_DOWN,ETH,2023,-0.004335207736551938,-0.4507035558390298,0.009532579229678522,-0.02170283691434849,-0.1997530439758216,0.9956677531146093,0.0054794520547945215,3.9967284244417995,0.011935133864662613,-0.004734836697318889
base,past_gap_clean,TREND_DOWN,ETH,2024,0.053686976660081376,0.47400179799654163,0.12579128463473283,-0.0706489335566185,0.7599120603435053,1.053800130585278,0.010928961748633883,7.971687649947409,0.025753053414366203,-0.02805450398685172
base,past_gap_clean,TREND_DOWN,ETH,2025,0.04615023815540731,0.8485811590550768,0.0548523730613785,-0.03179034660580671,1.4517060391841614,1.0459887203510607,0.005494505494505496,4.007456035294691,0.01253881393067212,-0.010151238959224984
base,past_gap_clean,TREND_DOWN,MIX,full,0.018434008737406415,0.4765688089727675,0.039943864970388834,-0.07438286182096432,0.247826021829815,1.1158003687432414,0.006601839125073308,4.817507019963488,0.09213927857006572,-0.02705342892225515
base,past_gap_clean,TREND_DOWN,MIX,2020_2022,0.02569780571139324,0.9698357653381086,0.026504017003178726,-0.03934102295360731,0.6532063424404912,1.079110259765164,0.005492124988930854,4.0079854700812,0.036964669980729115,-0.009510218651746949
base,past_gap_clean,TREND_DOWN,MIX,2023_end,0.011215089365997466,0.2476938195306123,0.049905834243260956,-0.07438286182096432,0.1507751798121401,1.0340003337435248,0.0077125666987830155,5.627767858932424,0.05112972292687098,-0.02705342892225515
base,past_gap_clean,TREND_DOWN,MIX,2020,0.0014724828736001339,0.0851927612091638,0.019460032483522054,-0.018809353789227545,0.07828460722789164,1.0014755086819591,0.0040919999013613005,2.9838086233981085,0.008930308305296801,-0.00817182787745363
base,past_gap_clean,TREND_DOWN,MIX,2021,0.03595922193763612,1.05498235422514,0.034007043867087666,-0.03452994451754321,1.0413924041889715,1.035934172177832,0.005502965705068368,4.018741131240499,0.012071188617316956,-0.009510218651746949
base,past_gap_clean,TREND_DOWN,MIX,2022,0.040171708157836994,1.6539437984445167,0.023969875592976645,-0.018422480840247224,2.180580808100214,1.0401436674690467,0.0068852453195069165,5.02421261956851,0.0153695760658303,-0.00390670086499334
base,past_gap_clean,TREND_DOWN,MIX,2023,-0.007464821774189501,-0.8450521425388926,0.008814617419394422,-0.016413707238211006,-0.4547919410193599,0.9925402685129253,0.005480208358689801,3.9995287165411577,0.011921801956792174,-0.0055440362491008255
base,past_gap_clean,TREND_DOWN,MIX,2024,0.0022904890705950365,0.06681510086662992,0.07387185548529245,-0.07438286182096432,0.03079323670159565,1.0022951977269126,0.010860944745096501,7.927276858583307,0.024222103060909748,-0.02705342892225515
base,past_gap_clean,TREND_DOWN,MIX,2025,0.03952396691750959,0.9016879080193697,0.044020086370114585,-0.02500327959551596,1.5807513077043598,1.0393860741229095,0.006785381064671166,4.948336521296682,0.015245505247410477,-0.01566628528748204
base,past_gap_clean,RANGE,BTC,full,-0.0011314454359179216,-0.01847888634134093,0.03271381976615575,-0.08429732872532203,-0.013422079359177217,0.9932320402233568,0.0013692377909630307,0.9987291311935439,0.01833744777882569,-0.04656804950136395
base,past_gap_clean,RANGE,BTC,2020_2022,0.0,,0.0,0.0,,1.0,0.0,0.0,0.0,0.0
base,past_gap_clean,RANGE,BTC,2023_end,-0.0022626422328165807,-0.026133095746683304,0.04628544565400114,-0.08429732872532203,-0.026841209170331715,0.9932320402233568,0.0027397260273972603,1.998370343785438,0.01833744777882569,-0.04656804950136395
base,past_gap_clean,RANGE,BTC,2020,0.0,,0.0,0.0,,1.0,0.0,0.0,0.0,0.0
base,past_gap_clean,RANGE,BTC,2021,0.0,,0.0,0.0,,1.0,0.0,0.0,0.0,0.0
base,past_gap_clean,RANGE,BTC,2022,0.0,,0.0,0.0,,1.0,0.0,0.0,0.0,0.0
base,past_gap_clean,RANGE,BTC,2023,0.05818990516341471,0.9096899854488013,0.06431271149527551,-0.005975471545593192,9.738127730911676,1.0581489401645072,0.0027397260273972603,1.9983574564645503,0.006175025736186628,-0.00555267537451809
base,past_gap_clean,RANGE,BTC,2024,-0.06122770561397073,-1.2986960581095528,0.04771217393409227,-0.08429732872532203,-0.7263303184075698,0.9386505079983749,0.00546448087431694,3.9858334831570863,0.011494054930252264,-0.04656804950136395
base,past_gap_clean,RANGE,BTC,2025,0.0,,0.0,0.0,,1.0,0.0,0.0,0.0,0.0
base,past_gap_clean,RANGE,ETH,full,0.017600041109316678,0.3881957531070665,0.04762598439391039,-0.006881904638978753,2.5574375165896592,1.1103306351048645,0.00045641259698767686,0.3329317141031875,0.006332041869407362,-0.005570523619806589
base,past_gap_clean,RANGE,ETH,2020_2022,0.0,,0.0,0.0,,1.0,0.0,0.0,0.0,0.0
base,past_gap_clean,RANGE,ETH,2023_end,0.035526342877135964,0.5491050474996202,0.06737015828271666,-0.006881904638978753,5.162283516094743,1.1103306351048645,0.0009132420091324201,0.6661674754338665,0.006332041869407362,-0.005570523619806589
base,past_gap_clean,RANGE,ETH,2020,0.0,,0.0,0.0,,1.0,0.0,0.0,0.0,0.0
base,past_gap_clean,RANGE,ETH,2021,0.0,,0.0,0.0,,1.0,0.0,0.0,0.0,0.0
base,past_gap_clean,RANGE,ETH,2022,0.0,,0.0,0.0,,1.0,0.0,0.0,0.0,0.0
base,past_gap_clean,RANGE,ETH,2023,0.0,,0.0,0.0,,1.0,0.0,0.0,0.0,0.0
base,past_gap_clean,RANGE,ETH,2024,0.0,,0.0,0.0,,1.0,0.0,0.0,0.0,0.0
base,past_gap_clean,RANGE,ETH,2025,0.11072976179117977,0.9522997906983516,0.11685896895500962,-0.006881904638978753,16.089987815874707,1.1103306351048645,0.0027472527472527475,2.0039928175826476,0.006332041869407362,-0.005570523619806589
base,past_gap_clean,RANGE,MIX,full,0.008451641795383935,0.3036327237031881,0.029050245432891374,-0.04350688597909058,0.1942598649658768,1.0517813376641105,0.0009267251221824451,0.6757902420787028,0.012334744824116527,-0.02394186895991013
base,past_gap_clean,RANGE,MIX,2020_2022,0.0,,0.0,0.0,,1.0,0.0,0.0,0.0,0.0
base,past_gap_clean,RANGE,MIX,2023_end,0.01698253029722241,0.4294556958824807,0.04109682513575021,-0.04350688597909058,0.39034120496199654,1.0517813376641105,0.0018542965686773856,1.3521976441958334,0.012334744824116527,-0.02394186895991013
base,past_gap_clean,RANGE,MIX,2020,0.0,,0.0,0.0,,1.0,0.0,0.0,0.0,0.0
base,past_gap_clean,RANGE,MIX,2021,0.0,,0.0,0.0,,1.0,0.0,0.0,0.0,0.0
base,past_gap_clean,RANGE,MIX,2022,0.0,,0.0,0.0,,1.0,0.0,0.0,0.0,0.0
base,past_gap_clean,RANGE,MIX,2023,0.029094671030380104,0.9067908363462343,0.032164145183989634,-0.0029877357727965403,9.738033495226823,1.0290744700822536,0.0013849556042346185,1.0140704681871813,0.003087512868093314,-0.002862500367662335
base,past_gap_clean,RANGE,MIX,2024,-0.03147779457332911,-1.2921539246708724,0.024499122045396643,-0.04350688597909058,-0.723512930538337,0.9684585995336364,0.002760624600279417,2.007503432114947,0.005909398394494678,-0.02394186895991013
base,past_gap_clean,RANGE,MIX,2025,0.05554789875517141,0.9495482635395525,0.05863583284083284,-0.0035899921328036433,15.472986207295857,1.055352629738232,0.001413619075422623,1.0323473718462792,0.0031767710640943784,-0.0029480624503159802
base,past_gap_clean,VOL_COMPRESSION,BTC,full,-0.00129242091036752,-0.285904497435143,0.004485106933698649,-0.018045965389816954,-0.07161827491350571,0.9922722433703386,0.0022820629849383844,1.664550001543908,0.02981261818922401,-0.004874468828500955
base,past_gap_clean,VOL_COMPRESSION,BTC,2020_2022,-0.0025848714556369057,-0.5623700413377452,0.0045805092397269995,-0.014470095350812784,-0.1786354127577821,0.9922636552084431,0.0018248175182481758,1.3310278310859782,0.011935990578582674,-0.004874468828500955
base,past_gap_clean,VOL_COMPRESSION,BTC,2023_end,2.887008027085969e-06,0.0028478584429623977,0.004388588611267274,-0.018045965389816954,0.00015998080261835483,1.000008655120895,0.0027397260273972603,1.9983767584588765,0.018016005642054907,-0.003652362282768662
base,past_gap_clean,VOL_COMPRESSION,BTC,2020,-0.0067924639851875135,-1.404081694683804,0.004842445607388113,-0.013958413812511727,-0.4866214798058959,0.9931936360242097,0.002732240437158471,1.9929156603024234,0.0059795734669580505,-0.0038181553434845084
base,past_gap_clean,VOL_COMPRESSION,BTC,2021,0.0,,0.0,0.0,,1.0,0.0,0.0,0.0,0.0
base,past_gap_clean,VOL_COMPRESSION,BTC,2022,-0.0009369950195612375,-0.14586459502057617,0.006287089295881199,-0.007716250987773843,-0.12143138177411242,0.9990636460182232,0.002739726027397261,1.9983544416425898,0.005997236485997209,-0.004874468828500955
base,past_gap_clean,VOL_COMPRESSION,BTC,2023,-0.0017273694836639208,-0.4528440717473035,0.0037992476261428485,-0.0034021660334883075,-0.5077263915579143,0.99827381181527,0.0027397260273972603,1.9983767874458815,0.005994859853490828,-0.0034021660334883075
base,past_gap_clean,VOL_COMPRESSION,BTC,2024,0.0,,0.0,0.0,,1.0,0.0,0.0,0.0,0.0
base,past_gap_clean,VOL_COMPRESSION,BTC,2025,0.001743816218312988,0.2671088606510172,0.006599521112412866,-0.018045965389816954,0.09663191636713407,1.0017378431499373,0.005494505494505495,4.007733579930558,0.012041932430046143,-0.003652362282768662
base,past_gap_clean,VOL_COMPRESSION,ETH,full,-0.0008946936859234311,-0.09633650493889775,0.00887766986201953,-0.02358013729642805,-0.03794268348297363,0.9946450494771814,0.001369237790963031,0.9987313320212563,0.01798794511675206,-0.011772837700025018
base,past_gap_clean,VOL_COMPRESSION,ETH,2020_2022,0.0,,0.0,0.0,,1.0,0.0,0.0,0.0,0.0
base,past_gap_clean,VOL_COMPRESSION,ETH,2023_end,-0.0017894028702556408,-0.1362420836869219,0.0125604979839539,-0.02358013729642805,-0.07588602423136451,0.9946450494771814,0.0027397260273972607,1.9983747474507512,0.01798794511675206,-0.011772837700025018
base,past_gap_clean,VOL_COMPRESSION,ETH,2020,0.0,,0.0,0.0,,1.0,0.0,0.0,0.0,0.0
base,past_gap_clean,VOL_COMPRESSION,ETH,2021,0.0,,0.0,0.0,,1.0,0.0,0.0,0.0,0.0
base,past_gap_clean,VOL_COMPRESSION,ETH,2022,0.0,,0.0,0.0,,1.0,0.0,0.0,0.0,0.0
base,past_gap_clean,VOL_COMPRESSION,ETH,2023,-0.005358608452471714,-0.23577441166002966,0.021774225694348778,-0.02358013729642805,-0.22725094366958765,0.9946450494771814,0.008219178082191782,5.9951242423522535,0.01798794511675206,-0.011772837700025018
base,past_gap_clean,VOL_COMPRESSION,ETH,2024,0.0,,0.0,0.0,,1.0,0.0,0.0,0.0,0.0
base,past_gap_clean,VOL_COMPRESSION,ETH,2025,0.0,,0.0,0.0,,1.0,0.0,0.0,0.0,0.0
base,past_gap_clean,VOL_COMPRESSION,MIX,full,-0.00109345835018837,-0.21073628315397466,0.005125802271806205,-0.014450332061869742,-0.07567011924062915,0.99345864642376,0.0018261060093342687,1.3329070529949576,0.023900281652988034,-0.005957965774562202
base,past_gap_clean,VOL_COMPRESSION,MIX,2020_2022,-0.0012907626064463384,-0.5634059263943916,0.0022862681253204994,-0.007235047675406392,-0.17840416046378527,0.9961318276042215,0.0009093246624879155,0.664233150963929,0.005967995289291337,-0.0024337247531160955
base,past_gap_clean,VOL_COMPRESSION,MIX,2023_end,-0.0008959348746976348,-0.12671924890198244,0.006882128541588243,-0.014450332061869742,-0.0620009886874329,0.9973164383404045,0.002743724599419751,2.0021916161237314,0.018001920897182166,-0.005957965774562202
base,past_gap_clean,VOL_COMPRESSION,MIX,2020,-0.0033962201099232425,-1.4042050998877813,0.0024189734519913476,-0.006979206906255864,-0.4866197772241163,0.9965968180121049,0.0013611998694934538,0.9955037812850026,0.0029897867334790253,-0.0019062100771459756
base,past_gap_clean,VOL_COMPRESSION,MIX,2021,0.0,,0.0,0.0,,1.0,0.0,0.0,0.0,0.0
base,past_gap_clean,VOL_COMPRESSION,MIX,2022,-0.0004668977581430145,-0.14722509533621653,0.0031365514457417664,-0.003844950754663845,-0.1214314013194258,0.9995334217413909,0.0013655361037045242,0.9962880808387815,0.002988378551873058,-0.0024337247531160955
base,past_gap_clean,VOL_COMPRESSION,MIX,2023,-0.003550040501560714,-0.30422750084087613,0.011466582730646593,-0.013281989085327628,-0.26728229324344044,0.9964523850535049,0.0054935557490141725,4.007343993746935,0.012014688219032357,-0.005957965774562202
base,past_gap_clean,VOL_COMPRESSION,MIX,2024,0.0,,0.0,0.0,,1.0,0.0,0.0,0.0,0.0
base,past_gap_clean,VOL_COMPRESSION,MIX,2025,0.0008701086036713157,0.26526655151295003,0.003296877629512306,-0.00906358224198478,0.09600051949004831,1.0008671295285758,0.0027451389779517997,2.0047232470820178,0.006008548695308028,-0.0018279670153411587
base,past_gap_clean,VOL_EXPANSION,BTC,full,0.004880107140457612,0.11695932112316622,0.05442598559515382,-0.13288626168959372,0.03672394029607781,1.0296333457293962,0.004107713372889093,2.9962080203902266,0.05340764214064995,-0.07212101388282266
base,past_gap_clean,VOL_EXPANSION,BTC,2020_2022,-0.006650646086880485,-0.053991511506956524,0.07315134105339317,-0.13288626168959372,-0.050047657314761344,0.9801759840627329,0.006386861313868615,4.658643885812056,0.041358830258811576,-0.07212101388282266
base,past_gap_clean,VOL_EXPANSION,BTC,2023_end,0.016555423066796804,0.6971244469601131,0.023941527875040922,-0.03332200387290907,0.4968315570077835,1.0504576346195176,0.0018264840182648401,1.3322539486986047,0.012292498569386726,-0.010157034238912899
base,past_gap_clean,VOL_EXPANSION,BTC,2020,-0.02245199164299283,-0.2811729654133323,0.0714583948371044,-0.06609381772909295,-0.3396988162345173,0.9775024282330151,0.005464480874316941,3.985835465715572,0.011931935123889731,-0.05946115478375136
base,past_gap_clean,VOL_EXPANSION,BTC,2021,0.0498923210938349,1.2287195748408875,0.04024381780311752,-0.015450644774128719,3.2291416845837357,1.0498573341714514,0.005479452054794522,3.9967837718789347,0.01242227240023586,-0.007467882504389789
base,past_gap_clean,VOL_EXPANSION,BTC,2022,-0.04491446937274046,-0.42578218067824947,0.0966706167067414,-0.12257930237542425,-0.36641152708783326,0.9551155724173012,0.008219178082191783,5.995155730581653,0.016842186827619836,-0.07212101388282266
base,past_gap_clean,VOL_EXPANSION,BTC,2023,0.0,,0.0,0.0,,1.0,0.0,0.0,0.0,0.0
base,past_gap_clean,VOL_EXPANSION,BTC,2024,0.0233782564593783,0.6697809574290234,0.03539438097609453,-0.03332200387290907,0.7015861515574975,1.0234268190549125,0.00273224043715847,1.9928269443936744,0.006070545933449632,-0.010157034238912899
base,past_gap_clean,VOL_EXPANSION,BTC,2025,0.026503957173868775,1.2207713391825379,0.02160231921429407,-0.021086132007928304,1.2569378378122356,1.0264120648993416,0.0027472527472527475,2.0039654180683715,0.00607952861903969,0.0
base,past_gap_clean,VOL_EXPANSION,ETH,full,-0.03962621376037079,-0.4515109909580408,0.08183421989467483,-0.33318324867543836,-0.11893219097269687,0.7846316488591173,0.008671839342765863,6.325088278356764,0.09957378361786745,-0.11481535762845041
base,past_gap_clean,VOL_EXPANSION,ETH,2020_2022,-0.06100234151998585,-0.5914790990765468,0.09792678812471205,-0.28031799261735046,-0.21761835888735623,0.8278941574972122,0.010036496350364965,7.320404782772897,0.06244807421886542,-0.11481535762845041
base,past_gap_clean,VOL_EXPANSION,ETH,2023_end,-0.017743270209695794,-0.25868853749347354,0.06168536928163418,-0.14121922120287345,-0.12564345036435284,0.9477439135832523,0.007305936073059363,5.328862809096415,0.04484354559432562,-0.07187195461789542
base,past_gap_clean,VOL_EXPANSION,ETH,2020,0.08761296919199468,1.3781718892614117,0.062256922160767836,-0.03663271524331879,2.3916591661322144,1.0878005491543574,0.005464480874316941,3.9849727539696924,0.012360049848359252,0.0
base,past_gap_clean,VOL_EXPANSION,ETH,2021,-0.08417381567663285,-1.1218327430059183,0.07575549875744773,-0.11868591400498618,-0.7092148750954268,0.9158813039794704,0.010958904109589045,7.993451657599748,0.02262002896611369,-0.03853116652975619
base,past_gap_clean,VOL_EXPANSION,ETH,2022,-0.1691334549407273,-1.2652105184280489,0.1382967053555647,-0.2055045991229808,-0.8230154247765141,0.8309719234151853,0.013698630136986304,9.991928106691178,0.02557667570342635,-0.11481535762845041
base,past_gap_clean,VOL_EXPANSION,ETH,2023,0.0,,0.0,0.0,,1.0,0.0,0.0,0.0,0.0
base,past_gap_clean,VOL_EXPANSION,ETH,2024,-0.06413308033392662,-0.7922696802054695,0.07946202964903334,-0.12193289352073111,-0.5259702979411595,0.9357395543621694,0.008196721311475412,5.978577456924268,0.017394209312409308,-0.07187195461789542
base,past_gap_clean,VOL_EXPANSION,ETH,2025,0.012873076845951958,0.21402037383562508,0.07147849998416166,-0.07840809639279134,0.16418045378200866,1.0128287397546911,0.013736263736263741,10.01908084265465,0.02933437638064437,-0.027521278943335004
base,past_gap_clean,VOL_EXPANSION,MIX,full,-0.01611687708332854,-0.2597428892418779,0.05623426125428877,-0.16398809788316238,-0.0982807733693663,0.9071324972942567,0.00619225755884987,4.51451759883162,0.0764907128792587,-0.09315215894540396
base,past_gap_clean,VOL_EXPANSION,MIX,2020_2022,-0.033062453635144484,-0.4246516213825179,0.07267134591905564,-0.15943717195673368,-0.20736979481871776,0.9040350707799725,0.008179592998492915,5.970631476898447,0.05190345223883849,-0.09315215894540396
base,past_gap_clean,VOL_EXPANSION,MIX,2023_end,0.0011415545539608107,0.051461612037548614,0.032294933081222645,-0.07501871976191721,0.01521692928889882,1.003426223842856,0.0042031072009971054,3.057073936401261,0.027197242048593424,-0.03266714555613015
base,past_gap_clean,VOL_EXPANSION,MIX,2020,0.032583501506183055,0.6964398170171653,0.047630128084870195,-0.033428398972091045,0.9747251590896296,1.0326514886936864,0.0054825197046979215,4.0097434957263065,0.012145992486124491,-0.02949405601055133
base,past_gap_clean,VOL_EXPANSION,MIX,2021,-0.02072223154312325,-0.4600810789447057,0.04343674616532211,-0.06283840628327786,-0.32977016396161707,0.9792918041683332,0.00830374656486447,6.048489327963402,0.017793457797226502,-0.020222603402854644
base,past_gap_clean,VOL_EXPANSION,MIX,2022,-0.10610596246650983,-0.9795152873492337,0.10815812418783952,-0.13664876186789765,-0.7764868193177306,0.893962668737196,0.010759901967817162,7.859033902844465,0.021144777908280295,-0.09315215894540396
base,past_gap_clean,VOL_EXPANSION,MIX,2023,0.0,,0.0,0.0,,1.0,0.0,0.0,0.0,0.0
base,past_gap_clean,VOL_EXPANSION,MIX,2024,-0.016690170013799688,-0.3491701255147944,0.045231735993639714,-0.06632991708111535,-0.25162356216108567,0.9832758467793568,0.005149541233883012,3.7423290702851606,0.011255518870847728,-0.03266714555613015
base,past_gap_clean,VOL_EXPANSION,MIX,2025,0.020564200302237268,0.634120821477421,0.03292731199595923,-0.034598399135011726,0.5943685493074562,1.0204931069236574,0.0074661271799193645,5.433526155590692,0.016212869694665608,-0.012125724120926162
base,past_gap_clean,HIGH_VOL,BTC,full,-0.037238097372007783,-0.2714436617938199,0.11353014552239418,-0.31111572966409295,-0.11969210753893159,0.7964085988487866,0.0031948881789137388,2.3306203937833976,0.03483195551035306,-0.20443239408462244
base,past_gap_clean,HIGH_VOL,BTC,2020_2022,-0.0842062022485871,-0.4649577917228482,0.15901170047870072,-0.31111572966409295,-0.27065877491794865,0.7680101253012762,0.005474452554744527,3.993596592722914,0.03013840150965494,-0.20443239408462244
base,past_gap_clean,HIGH_VOL,BTC,2023_end,0.012185081067215275,0.5610340613006892,0.021993367404696252,-0.02172030149843207,0.5609996283014249,1.036976691598135,0.0009132420091324204,0.6661254951188224,0.006111317866879591,-0.0010608023498283048
base,past_gap_clean,HIGH_VOL,BTC,2020,-0.1692573071186898,-0.7292092217665448,0.2173268892405813,-0.31111572966409295,-0.5440332679464147,0.830426430898609,0.005464480874316942,3.9873638699752174,0.010606176504103077,-0.20443239408462244
base,past_gap_clean,HIGH_VOL,BTC,2021,0.020656608542765298,0.49346438669585696,0.043292645300933075,-0.05237956796637788,0.3943638587478355,1.0206423249313816,0.0054794520547945215,3.99675337220703,0.012292319230549447,-0.02698848784021013
base,past_gap_clean,HIGH_VOL,BTC,2022,-0.09392762871836524,-0.5160654842205787,0.16365397810116847,-0.14640007059755955,-0.641581853990793,0.9061335447644788,0.005479452054794521,3.9966896119392286,0.011001305175161567,-0.13562307111548333
base,past_gap_clean,HIGH_VOL,BTC,2023,0.0,,0.0,0.0,,1.0,0.0,0.0,0.0,0.0
base,past_gap_clean,HIGH_VOL,BTC,2024,0.036899538616697036,0.9703617670998215,0.03804348685833612,-0.02172030149843207,1.698850203316041,1.036976691598135,0.002732240437158471,1.9929164403145094,0.006111317866879591,-0.0010608023498283048
base,past_gap_clean,HIGH_VOL,BTC,2025,0.0,,0.0,0.0,,1.0,0.0,0.0,0.0,0.0
base,past_gap_clean,HIGH_VOL,ETH,full,0.04512786959171322,0.39506717351684817,0.13469486643715414,-0.18189459242336037,0.24809901707620824,1.3031377677253362,0.009128251939753538,6.658139980967091,0.13215966305300159,-0.16735496082707513
base,past_gap_clean,HIGH_VOL,ETH,2020_2022,0.02601315659792336,0.23827274078270383,0.16755997085532146,-0.18189459242336037,0.1430122591955765,1.080106110719182,0.014598540145985401,10.648047995046381,0.10316277710817831,-0.16735496082707513
base,past_gap_clean,HIGH_VOL,ETH,2023_end,0.06461663766650916,0.7338286017897617,0.09063997006491593,-0.06633374716502172,0.9741140886517262,1.2064905056945283,0.003652968036529681,2.6645882152767664,0.0268463307975509,-0.06633374716502172
base,past_gap_clean,HIGH_VOL,ETH,2020,-0.038545032197906504,-1.156737516941794,0.03346935282452389,-0.08142615407454401,-0.4733740974996719,0.9613773683883948,0.01092896174863388,7.970864703511343,0.023735598712578323,-0.021750407586627274
base,past_gap_clean,HIGH_VOL,ETH,2021,0.23860652211843436,1.349828457124768,0.16880146505899174,-0.1321839081426638,1.8051102094886655,1.2384251215338975,0.021917808219178082,15.987824362156813,0.05451007140520969,-0.08480118658831548
base,past_gap_clean,HIGH_VOL,ETH,2022,-0.09286107026718227,-0.29566242261473324,0.23387277714323573,-0.16991439925659402,-0.5465167794693452,0.9071994447263747,0.010958904109589043,7.992789668214921,0.022696596844686223,-0.16735496082707513
base,past_gap_clean,HIGH_VOL,ETH,2023,0.0,,0.0,0.0,,1.0,0.0,0.0,0.0,0.0
base,past_gap_clean,HIGH_VOL,ETH,2024,0.12606246170926538,1.5417422230868838,0.07890569057737187,-0.05739759433370972,2.196302182567757,1.1263370208806438,0.005464480874316942,3.9860876192771526,0.012802187805725255,0.0
base,past_gap_clean,HIGH_VOL,ETH,2025,0.0714158717970883,0.5721080318440669,0.1359361230176342,-0.06633374716502172,1.0766144662297388,1.0711629675025822,0.005494505494505495,4.007736338111597,0.012468863875969396,-0.06633374716502172
base,past_gap_clean,HIGH_VOL,MIX,full,0.008130408681546797,0.1300228762188345,0.11125344650584293,-0.16550575421921698,0.049124628445110397,1.0497731832870614,0.006564275776769708,4.795251559555383,0.08349580928167734,-0.1542256913493315
base,past_gap_clean,HIGH_VOL,MIX,2020_2022,-0.025977393015277794,-0.10474600642949429,0.14575409189586733,-0.16550575421921698,-0.156957642577611,0.9240581180102292,0.01053150594639013,7.705268436017387,0.06665058930891662,-0.1542256913493315
base,past_gap_clean,HIGH_VOL,MIX,2023_end,0.043465377036820296,0.7466105426843818,0.05923476274889425,-0.041815825356308345,1.0394480239587833,1.1360467083472345,0.002593422565898492,1.882577133434507,0.01822961093511462,-0.041815825356308345
base,past_gap_clean,HIGH_VOL,MIX,2020,-0.10389627139216562,-0.9438861779394266,0.1094058716668549,-0.16550575421921698,-0.6277502065248566,0.895901899643502,0.008204982010573866,6.015630508794166,0.0171708876083407,-0.10199869171220954
base,past_gap_clean,HIGH_VOL,MIX,2021,0.13759223920266406,1.289685420285609,0.10408108656615879,-0.09402449371042276,1.4633659142735882,1.1374918661374585,0.014754468678991925,10.795068671606002,0.03494390167562451,-0.05926180611954435
base,past_gap_clean,HIGH_VOL,MIX,2022,-0.09330459796689594,-0.3780276899149476,0.20243372217620806,-0.15814724713629047,-0.5899855966919647,0.9067561909632843,0.008641441187784923,6.309735272658088,0.017833117880171733,-0.1542256913493315
base,past_gap_clean,HIGH_VOL,MIX,2023,0.0,,0.0,0.0,,1.0,0.0,0.0,0.0,0.0
base,past_gap_clean,HIGH_VOL,MIX,2024,0.08901141173017435,1.4403997267119824,0.06038727070081906,-0.04157144781364608,2.1411669886790863,1.089202106771019,0.004376686193313244,3.186000715024357,0.010021704760366349,0.0
base,past_gap_clean,HIGH_VOL,MIX,2025,0.04315901646520515,0.5488283058309846,0.08305085320982604,-0.041815825356308345,1.0321215974443074,1.043008181204394,0.0034009081398522004,2.4597409324501935,0.007535705378941033,-0.041815825356308345
base,past_gap_clean,UNKNOWN,BTC,full,0.0,,0.0,0.0,,1.0,0.0,0.0,0.0,0.0
base,past_gap_clean,UNKNOWN,BTC,2020_2022,0.0,,0.0,0.0,,1.0,0.0,0.0,0.0,0.0
base,past_gap_clean,UNKNOWN,BTC,2023_end,0.0,,0.0,0.0,,1.0,0.0,0.0,0.0,0.0
base,past_gap_clean,UNKNOWN,BTC,2020,0.0,,0.0,0.0,,1.0,0.0,0.0,0.0,0.0
base,past_gap_clean,UNKNOWN,BTC,2021,0.0,,0.0,0.0,,1.0,0.0,0.0,0.0,0.0
base,past_gap_clean,UNKNOWN,BTC,2022,0.0,,0.0,0.0,,1.0,0.0,0.0,0.0,0.0
base,past_gap_clean,UNKNOWN,BTC,2023,0.0,,0.0,0.0,,1.0,0.0,0.0,0.0,0.0
base,past_gap_clean,UNKNOWN,BTC,2024,0.0,,0.0,0.0,,1.0,0.0,0.0,0.0,0.0
base,past_gap_clean,UNKNOWN,BTC,2025,0.0,,0.0,0.0,,1.0,0.0,0.0,0.0,0.0
base,past_gap_clean,UNKNOWN,ETH,full,0.0,,0.0,0.0,,1.0,0.0,0.0,0.0,0.0
base,past_gap_clean,UNKNOWN,ETH,2020_2022,0.0,,0.0,0.0,,1.0,0.0,0.0,0.0,0.0
base,past_gap_clean,UNKNOWN,ETH,2023_end,0.0,,0.0,0.0,,1.0,0.0,0.0,0.0,0.0
base,past_gap_clean,UNKNOWN,ETH,2020,0.0,,0.0,0.0,,1.0,0.0,0.0,0.0,0.0
base,past_gap_clean,UNKNOWN,ETH,2021,0.0,,0.0,0.0,,1.0,0.0,0.0,0.0,0.0
base,past_gap_clean,UNKNOWN,ETH,2022,0.0,,0.0,0.0,,1.0,0.0,0.0,0.0,0.0
base,past_gap_clean,UNKNOWN,ETH,2023,0.0,,0.0,0.0,,1.0,0.0,0.0,0.0,0.0
base,past_gap_clean,UNKNOWN,ETH,2024,0.0,,0.0,0.0,,1.0,0.0,0.0,0.0,0.0
base,past_gap_clean,UNKNOWN,ETH,2025,0.0,,0.0,0.0,,1.0,0.0,0.0,0.0,0.0
base,past_gap_clean,UNKNOWN,MIX,full,0.0,,0.0,0.0,,1.0,0.0,0.0,0.0,0.0
base,past_gap_clean,UNKNOWN,MIX,2020_2022,0.0,,0.0,0.0,,1.0,0.0,0.0,0.0,0.0
base,past_gap_clean,UNKNOWN,MIX,2023_end,0.0,,0.0,0.0,,1.0,0.0,0.0,0.0,0.0
base,past_gap_clean,UNKNOWN,MIX,2020,0.0,,0.0,0.0,,1.0,0.0,0.0,0.0,0.0
base,past_gap_clean,UNKNOWN,MIX,2021,0.0,,0.0,0.0,,1.0,0.0,0.0,0.0,0.0
base,past_gap_clean,UNKNOWN,MIX,2022,0.0,,0.0,0.0,,1.0,0.0,0.0,0.0,0.0
base,past_gap_clean,UNKNOWN,MIX,2023,0.0,,0.0,0.0,,1.0,0.0,0.0,0.0,0.0
base,past_gap_clean,UNKNOWN,MIX,2024,0.0,,0.0,0.0,,1.0,0.0,0.0,0.0,0.0
base,past_gap_clean,UNKNOWN,MIX,2025,0.0,,0.0,0.0,,1.0,0.0,0.0,0.0,0.0
cost_stress,original,ALL,BTC,full,-0.11315245816215846,-0.7440756571955609,0.14590782133823949,-0.5509955051524178,-0.20536003851947565,0.4865922531206742,0.022820629849383843,16.60860505463882,0.4749896446494233,-0.2079857977834999
cost_stress,original,ALL,BTC,2020_2022,-0.1542264749487794,-0.7922902949823597,0.187190895494517,-0.4376236321786693,-0.35241806796624986,0.6049402305554061,0.023722627737226276,17.26534604550215,0.2838380852113557,-0.2079857977834999
cost_stress,original,ALL,BTC,2023_end,-0.07004345606380402,-0.7923871077568018,0.08680995763183795,-0.2300282265314938,-0.3044993960956969,0.8043641810264882,0.021917808219178082,15.95126430031351,0.3159842076672072,-0.0604625886070691
cost_stress,original,ALL,BTC,2020,-0.30245957284149194,-1.3452591798907685,0.24291997072609842,-0.3347474221785155,-0.9035456371048469,0.6970247032417415,0.0273224043715847,19.88609860282449,0.12134980525337871,-0.2079857977834999
cost_stress,original,ALL,BTC,2021,0.03366067523304661,0.4831610117715835,0.07419264257268318,-0.10744022898088879,0.3132967562739846,1.033637252538715,0.01643835616438356,11.963553567503428,0.09131403925695149,-0.047353238397804476
cost_stress,original,ALL,BTC,2022,-0.16045466000955566,-0.762236968456876,0.20137605359691116,-0.2031904129635128,-0.7896763320145854,0.8396458471085427,0.0273972602739726,19.939205822185873,0.13718828392524293,-0.13948381174077396
cost_stress,original,ALL,BTC,2023,-0.020937922025351052,-0.2816750681373486,0.06728703721120619,-0.08129498687495318,-0.2575548976661682,0.9790762582126311,0.021917808219178082,15.951218794693023,0.11477036545163719,-0.011120138961405734
cost_stress,original,ALL,BTC,2024,-0.18914328422784865,-1.8243284851805828,0.1113549143945777,-0.22431527747729052,-0.8432028631977478,0.810507699747382,0.02459016393442623,17.896166681091447,0.11845010509513376,-0.0604625886070691
cost_stress,original,ALL,BTC,2025,0.013676194676386366,0.21784566831766078,0.07501222892014281,-0.06141228100683449,0.22269478436836374,1.0136290729435058,0.019230769230769232,13.995721273354036,0.10741891563736053,-0.037634924827666394
cost_stress,original,ALL,ETH,full,-0.03885283301961073,-0.13456512350131258,0.17702878600583954,-0.4582455462818097,-0.08478605702741997,0.7884295633573642,0.029666818804198997,21.590703334660095,0.8275647600648863,-0.17107397092759935
cost_stress,original,ALL,ETH,2020_2022,-0.09899297840716204,-0.4178148142475661,0.2000018861023635,-0.3904357763312861,-0.2535448450378844,0.7313976145209125,0.032846715328467155,23.90487219554595,0.5209589230089877,-0.17107397092759935
cost_stress,original,ALL,ETH,2023_end,0.02536203214177002,0.2388830103140531,0.15059467270997948,-0.18971051885233603,0.13368806482212475,1.0779766678263087,0.026484018264840183,19.27442107755425,0.4192054102565465,-0.076017439684118
cost_stress,original,ALL,ETH,2020,0.02850378931965669,0.37924046368136294,0.08294404840996374,-0.09812622759194467,0.2904808430849798,1.0285631467134886,0.02459016393442623,17.895129599737174,0.1361193010882401,-0.02611976060485066
cost_stress,original,ALL,ETH,2021,0.053140349664517084,0.3655540289331826,0.19118739042506863,-0.22540212205316879,0.2357579830237007,1.0531030279907059,0.038356164383561646,27.915642907874958,0.2115631423555511,-0.09300126007996179
cost_stress,original,ALL,ETH,2022,-0.32495161187090027,-1.273254657496142,0.27673288506701743,-0.35618000959686924,-0.9123241145360352,0.6752299829647259,0.03561643835616438,25.92030912723341,0.15439087947762378,-0.17107397092759935
cost_stress,original,ALL,ETH,2023,-0.10596218171298843,-2.428419439014861,0.04565114499328802,-0.10589363789814266,-1.000647289263135,0.8941063621018573,0.021917808219178082,15.951328330632755,0.11250019544785977,-0.03266741098979664
cost_stress,original,ALL,ETH,2024,0.024192038855347153,0.22438597317397185,0.1657651391725609,-0.18971051885233603,0.1275208090816376,1.0242423118234603,0.02459016393442623,17.896356577427028,0.143364259196965,-0.076017439684118
cost_stress,original,ALL,ETH,2025,0.1777704529377453,0.92734357910373,0.1962433018631069,-0.13167358596538536,1.3500843896244914,1.1771111215559753,0.03296703296703297,23.992279483249053,0.19493984693546806,-0.07054788772445741
cost_stress,original,ALL,MIX,full,-0.07230083183648184,-0.4486584740782992,0.14354475653320592,-0.46690353752451075,-0.15485175421847452,0.6375109082390192,0.02678074920371156,19.524249062756144,0.6512772023571547,-0.15702789690625074
cost_stress,original,ALL,MIX,2020_2022,-0.125737054065854,-0.690900764594419,0.17198627085661933,-0.38109191328817993,-0.3299389194091144,0.6681689225381593,0.02893154202417491,21.107343344794675,0.4023985041101717,-0.15702789690625074
cost_stress,original,ALL,MIX,2023_end,-0.015545174400641515,-0.09209738637563196,0.10782060118218688,-0.17772194420331866,-0.08746907687920305,0.9541163719756972,0.024627992188891633,17.939709032514845,0.37247870987709636,-0.0651532911398941
cost_stress,original,ALL,MIX,2020,-0.13694511217410976,-1.0935835438679982,0.12685413044118204,-0.2108160317358153,-0.6495953417134941,0.8627939249776151,0.025491827101879628,18.6308325559257,0.12873455317080942,-0.10370473354993892
cost_stress,original,ALL,MIX,2021,0.045271804478562494,0.4062135790808443,0.12971226703681574,-0.16513660078957337,0.27414761029416157,1.04524012703313,0.029425573622209922,21.44517281662914,0.16299036444420828,-0.07388126045528842
cost_stress,original,ALL,MIX,2022,-0.2592461519632633,-1.1438699120653895,0.23637924997609233,-0.290644681851013,-0.8919693638026212,0.740906013235141,0.03188664922493461,23.252809622894578,0.14751929082581566,-0.15702789690625074
cost_stress,original,ALL,MIX,2023,-0.06747362190537298,-1.6357505469068458,0.042134666220994245,-0.09475819510862071,-0.7120610711087142,0.9325709679894387,0.02196067675060658,15.99942430299118,0.11352786758222687,-0.017890379606624318
cost_stress,original,ALL,MIX,2024,-0.07718490025666713,-0.6054926040066549,0.12058173082048257,-0.17772194420331866,-0.4343014623358247,0.9226629020173605,0.024594708970545456,17.91397375122065,0.13152357019998862,-0.0651532911398941
cost_stress,original,ALL,MIX,2025,0.1092527301896995,0.8265850115167122,0.13628583566095032,-0.09227335224364164,1.1840117166354263,1.1088591839550401,0.02733610151001455,19.911200898530815,0.15840083123048293,-0.05721972850171808
cost_stress,original,TREND_UP,BTC,full,-0.023006156080435103,-0.46235505053456805,0.047796666687385254,-0.2069731149320314,-0.11115528742943338,0.8696906492533015,0.005476951163852123,3.9859978767050364,0.16695958439751984,-0.06046258860706921
cost_stress,original,TREND_UP,BTC,2020_2022,-0.02194760430454923,-0.39511441550099574,0.05259814218767694,-0.11910220284630291,-0.1842753851737891,0.9355774958126211,0.004562043795620438,3.3202068199184955,0.07254850959956213,-0.05484445670130955
cost_stress,original,TREND_UP,BTC,2023_end,-0.024064527324030083,-0.5513134754459826,0.0424748892001756,-0.12141878318352195,-0.19819443658611743,0.9295762811159841,0.006392694063926941,4.652396961853938,0.10091208394869997,-0.06046258860706921
cost_stress,original,TREND_UP,BTC,2020,-0.06521399511122605,-0.9408999058288281,0.06904257595549847,-0.10502862706193705,-0.620916381900035,0.934656568739483,0.00819672131147541,5.965513099022346,0.04431516582767329,-0.05484445670130955
cost_stress,original,TREND_UP,BTC,2021,0.0,,0.0,0.0,,1.0,0.0,0.0,0.0,0.0
cost_stress,original,TREND_UP,BTC,2022,0.000985985854903726,0.04602672070621111,0.05945114683305853,-0.06945122899460943,0.01419680931751769,1.000985310651997,0.005479452054794521,3.9878599462698423,0.030207184880715617,-0.027539896862260216
cost_stress,original,TREND_UP,BTC,2023,-0.02869285862935378,-1.2667823994014804,0.022761257104522033,-0.0450073571504801,-0.6375148519256637,0.9713264962685094,0.010958904109589041,7.9755530838792374,0.05878462714313562,-0.009002860214400221
cost_stress,original,TREND_UP,BTC,2024,-0.05116993978372386,-0.7510695318596932,0.06682231138117461,-0.10709255408261142,-0.4778104343673722,0.9487277293104284,0.00546448087431694,3.976945601385883,0.029076698746143395,-0.06046258860706921
cost_stress,original,TREND_UP,BTC,2025,0.008767724085041229,0.4343594958445323,0.020565455801555194,-0.01486264414425087,0.589916841172083,1.0087375874758877,0.0027472527472527475,1.9992739217222715,0.015066870906853186,-0.009350896349765492
cost_stress,original,TREND_UP,ETH,full,-0.007613727281890803,-0.25471334190505096,0.02839653041917181,-0.12296780289941611,-0.06191642936093278,0.9551883856394139,0.003651300775901415,2.6574273851521757,0.1173767927445633,-0.03654234272137413
cost_stress,original,TREND_UP,ETH,2020_2022,-0.0035202596092178684,-0.09357534826104165,0.03214605458873854,-0.06408770228426808,-0.05492878483306155,0.9894739658984626,0.002737226277372263,1.9922958368527397,0.04610535383500783,-0.03654234272137413
cost_stress,original,TREND_UP,ETH,2023_end,-0.011694094586981119,-0.476009207753301,0.02407879981404218,-0.06314911007223634,-0.18518225472384695,0.9653496893898399,0.0045662100456621,3.323166359523118,0.07202962520073941,-0.03266741098979664
cost_stress,original,TREND_UP,ETH,2020,0.029112291869579643,0.7044690685698966,0.041928463833162656,-0.037161095104335407,0.7834078029143778,1.0291729343158689,0.005464480874316941,3.977527923007858,0.030966883611423746,-0.01109846869134945
cost_stress,original,TREND_UP,ETH,2021,0.0,,0.0,0.0,,1.0,0.0,0.0,0.0,0.0
cost_stress,original,TREND_UP,ETH,2022,-0.038599565245151624,-1.0561072156797369,0.03659733167740235,-0.03881694508008737,-0.9943998726719155,0.9614263384765401,0.0027397260273972594,1.9939205955334984,0.014709355171341741,-0.03654234272137413
cost_stress,original,TREND_UP,ETH,2023,-0.05564905104423812,-1.5936358006592393,0.035499399241554215,-0.05561204067273673,-1.0006655100415967,0.9443879593272633,0.00821917808219178,5.981756623400617,0.04338674568995547,-0.03266741098979664
cost_stress,original,TREND_UP,ETH,2024,0.0,,0.0,0.0,,1.0,0.0,0.0,0.0,0.0
cost_stress,original,TREND_UP,ETH,2025,0.022273166019343593,1.0212982195227769,0.021784898542788023,-0.03522510965137893,0.6323093452307162,1.0221961005067333,0.005494505494505495,3.9986977915840347,0.030329568720028732,-0.007433102033283623
cost_stress,original,TREND_UP,MIX,full,-0.015159649396003116,-0.5379034103140113,0.027663239097911813,-0.1580761769662269,-0.09590091111098915,0.9124395174463578,0.00453056994474187,3.307654277786299,0.14216818857104158,-0.029809838877823847
cost_stress,original,TREND_UP,MIX,2020_2022,-0.012647923317785081,-0.4035582795363824,0.030373228401225836,-0.07772923187744984,-0.16271771909088414,0.9625257308555418,0.0036003325883128285,2.632842315371944,0.05932693171728498,-0.02693581813734891
cost_stress,original,TREND_UP,MIX,2023_end,-0.017667270954585534,-0.7096462706963605,0.024667682284778465,-0.08723734099465585,-0.20251959485637955,0.9479637667819385,0.005461656833003267,3.983082506832995,0.08606653744219707,-0.029809838877823847
cost_stress,original,TREND_UP,MIX,2020,-0.01804852500799714,-0.436021817342527,0.039913127632464865,-0.06201570546283475,-0.29103151973032704,0.9819147515276759,0.006760609806650498,4.947187559844787,0.03764102471954852,-0.02693581813734891
cost_stress,original,TREND_UP,MIX,2021,0.0,,0.0,0.0,,1.0,0.0,0.0,0.0,0.0
cost_stress,original,TREND_UP,MIX,2022,-0.019759524659175742,-0.5641292881024075,0.03430953107293978,-0.042958362542556805,-0.45996922344516555,0.9802538655805217,0.004031729664539118,2.9449987143683805,0.022085325598782627,-0.01914156093752495
cost_stress,original,TREND_UP,MIX,2023,-0.04254837159402225,-1.8856127342810853,0.022902014328752014,-0.050070252549012095,-0.8497734568519116,0.9574801230608734,0.009573122420149745,6.972107527033369,0.050870135956302534,-0.016791007072080144
cost_stress,original,TREND_UP,MIX,2024,-0.02522759945000208,-0.762622503539601,0.0327673802501456,-0.05316796764742182,-0.47448869246416264,0.9747212588252036,0.002635120486156847,1.9332517179245112,0.014335669786725177,-0.029809838877823847
cost_stress,original,TREND_UP,MIX,2025,0.015792076981262726,1.0552992811343942,0.014942824313798654,-0.018576786345481655,0.8500973573991585,1.0157376084876353,0.0041809627770618505,3.046939474875216,0.023005281721132302,-0.004478317025930267
cost_stress,original,TREND_DOWN,BTC,full,-0.020525599558967045,-0.4408642464563099,0.0447442264456536,-0.14666277994565358,-0.13995097847301735,0.8830206669719425,0.006846188954815153,4.982484637074541,0.2101911500813607,-0.03894593680369762
cost_stress,original,TREND_DOWN,BTC,2020_2022,-0.0030906532580539103,-0.08514604754243424,0.03077473421859744,-0.07856827444868164,-0.03933716604750724,0.9907545679897118,0.005474452554744526,3.984131546181957,0.08750631999432683,-0.020852860547562635
cost_stress,original,TREND_DOWN,BTC,2023_end,-0.0376711322388138,-0.6663092849237554,0.055300946453349833,-0.1386996864563459,-0.2716021441812729,0.8912607577107955,0.00821917808219178,5.981749465949675,0.12382968905807541,-0.03894593680369762
cost_stress,original,TREND_DOWN,BTC,2020,-0.03235440387596633,-1.2168611225427333,0.02671289848172482,-0.04239621587756259,-0.7631436722891416,0.9675802487162579,0.00546448087431694,3.976690590432154,0.029254540873037294,-0.020852860547562635
cost_stress,original,TREND_DOWN,BTC,2021,-1.49518953518335e-06,0.01934008226309763,0.03894997871542195,-0.04769477593839622,-3.1349125889899865e-05,0.9999985058338655,0.005479452054794521,3.9878411910669977,0.029933682354660134,-0.02069789135855593
cost_stress,original,TREND_DOWN,BTC,2022,0.023968928914849696,0.9690813827280759,0.024738303214293225,-0.020134160221201847,1.1904608213860208,1.0239523281488407,0.005479452054794521,3.9878832432268574,0.030269926555902455,-0.009496085343123295
cost_stress,original,TREND_DOWN,BTC,2023,-0.028453139115151904,-1.6355938764930713,0.0175412705479098,-0.02871272195762886,-0.9909593091571038,0.9715660564569513,0.00547945205479452,3.987843850728123,0.02950367567158405,-0.011120138961405512
cost_stress,original,TREND_DOWN,BTC,2024,-0.08617823398334923,-1.3835285667742843,0.06361111693299988,-0.11349279051123673,-0.7593278268615385,0.9136526782295094,0.01092896174863388,7.953892701728736,0.055464594592174135,-0.03894593680369762
cost_stress,original,TREND_DOWN,BTC,2025,0.004054608763468748,0.09232343809577223,0.06947618753451126,-0.06141228100683449,0.06602276771021606,1.004040704624278,0.008241758241758242,5.998153656226405,0.04555557463052835,-0.03763492482766628
cost_stress,original,TREND_DOWN,ETH,full,0.012348958821828626,0.230588903564421,0.06083676402203348,-0.10541900970015006,0.11714166977050486,1.0764011337116175,0.006389776357827476,4.650306110086482,0.22124519258934053,-0.03239569975068213
cost_stress,original,TREND_DOWN,ETH,2020_2022,0.01768440779299274,0.4954477966008929,0.03669641130004193,-0.05413544160690531,0.3266696875109075,1.054009615301466,0.005474452554744526,3.9841927152685797,0.09234621558450731,-0.023098348747546904
cost_stress,original,TREND_DOWN,ETH,2023_end,0.007036647921135453,0.12679869775737967,0.07785266646162886,-0.10541900970015006,0.06674932672152996,1.0212441310639724,0.00730593607305936,5.317027827639377,0.12229392894861377,-0.03239569975068213
cost_stress,original,TREND_DOWN,ETH,2020,0.008658922488844034,0.4830566021544289,0.01817434458971367,-0.017382148206890546,0.49815030833827006,1.0086767795323746,0.00273224043715847,1.9884283183961462,0.015066411400982808,-0.0076766328528207195
cost_stress,original,TREND_DOWN,ETH,2021,0.034372906727768715,0.6932026631129445,0.05053049748641563,-0.04245540362586775,0.8096238356529384,1.0343489802416732,0.00547945205479452,3.9878411910669973,0.02988192723071914,-0.023098348747546904
cost_stress,original,TREND_DOWN,ETH,2022,0.010249141683910334,0.3152727690244029,0.03413588338388879,-0.044153644555179894,0.23212447776766718,1.0102420907258922,0.00821917808219178,5.981776484005262,0.0451811778231312,-0.012069393589409949
cost_stress,original,TREND_DOWN,ETH,2023,-0.022109411244292998,-1.5399109640043054,0.01444041963374975,-0.0347986788824568,-0.6353520292817526,0.9779055533991294,0.00547945205479452,3.987816040617033,0.029571632850521154,-0.009180189784030457
cost_stress,original,TREND_DOWN,ETH,2024,0.01650283140866926,0.1901575115018127,0.1237790739794394,-0.09540640658327315,0.17297403811415082,1.016536996788112,0.010928961748633878,7.953911583848832,0.06323780905163129,-0.03239569975068213
cost_stress,original,TREND_DOWN,ETH,2025,0.027423944748100615,0.5505366709364246,0.05145418006795561,-0.035775711690592016,0.7665520391397923,1.027328820507065,0.005494505494505494,3.9985191668989777,0.031065688094599506,-0.014572399678513648
cost_stress,original,TREND_DOWN,MIX,full,-0.0034112398233742125,-0.0668959319767511,0.03953679168001623,-0.0971455213150989,-0.035114741031751696,0.97971090034178,0.006601384294840678,4.810700174300114,0.21571817133535062,-0.0313990959891034
cost_stress,original,TREND_DOWN,MIX,2020_2022,0.0074040216816742,0.310089582279391,0.024755689025656082,-0.050125432583048024,0.14770988099518514,1.0223820916455888,0.005492177189705694,4.002812894896821,0.08992626778941706,-0.011789341008865972
cost_stress,original,TREND_DOWN,MIX,2023_end,-0.0141201093580966,-0.25872764406083015,0.05015161114113606,-0.0971455213150989,-0.145350080651654,0.9582629707107576,0.0077116043745009,5.6193252503056,0.12303805453347047,-0.0313990959891034
cost_stress,original,TREND_DOWN,MIX,2020,-0.011847303737012371,-0.6219361255446996,0.018864133614562444,-0.027520637027299344,-0.43048799071258165,0.9881285141243162,0.0040889423005651925,2.9760260297402237,0.022160476137010054,-0.010358788138412733
cost_stress,original,TREND_DOWN,MIX,2021,0.017543016588465576,0.5563371121320232,0.032161147863047856,-0.038846063704544354,0.45160345516329187,1.017530904406425,0.005503027100545009,4.0143129619829026,0.029907266665306523,-0.011789341008865972
cost_stress,original,TREND_DOWN,MIX,2022,0.016850626758094123,0.7969790140844897,0.02123326243262395,-0.023054556019309835,0.7309022452646896,1.0168389965660265,0.006888406647155209,5.020912807666395,0.03800638445275226,-0.006252991793550433
cost_stress,original,TREND_DOWN,MIX,2023,-0.025183156683143193,-1.7468104029052576,0.014530181475674572,-0.0317147581726297,-0.7940516697641613,0.9748338615113588,0.005480240536270605,3.9928590696335173,0.029538705393159666,-0.009985775045010525
cost_stress,original,TREND_DOWN,MIX,2024,-0.03307989696933156,-0.41568715478744667,0.07436703828276521,-0.09456630628125418,-0.3498063768182618,0.9668533155586004,0.010861024967542583,7.9162795579240015,0.05948406003775879,-0.0313990959891034
cost_stress,original,TREND_DOWN,MIX,2025,0.016759437665790022,0.41207274591118714,0.04246995648070848,-0.028943517537502794,0.5790394220078615,1.0167016052962445,0.006782373231371235,4.940684808978611,0.03767795090592907,-0.017678856397125853
cost_stress,original,RANGE,BTC,full,-0.005617407621091863,-0.15442249769032912,0.032959471461142385,-0.09033752609267709,-0.06218243806376739,0.9667728082571799,0.0013692377909630307,0.9965020521684141,0.04523539432475601,-0.05082655449118434
cost_stress,original,RANGE,BTC,2020_2022,0.0,,0.0,0.0,,1.0,0.0,0.0,0.0,0.0
cost_stress,original,RANGE,BTC,2023_end,-0.011208346840980377,-0.2183934662188773,0.046631504598744086,-0.09033752609267709,-0.12407188159527145,0.9667728082571799,0.0027397260273972603,1.9939141518730552,0.04523539432475601,-0.05082655449118434
cost_stress,original,RANGE,BTC,2020,0.0,,0.0,0.0,,1.0,0.0,0.0,0.0,0.0
cost_stress,original,RANGE,BTC,2021,0.0,,0.0,0.0,,1.0,0.0,0.0,0.0,0.0
cost_stress,original,RANGE,BTC,2022,0.0,,0.0,0.0,,1.0,0.0,0.0,0.0,0.0
cost_stress,original,RANGE,BTC,2023,0.0487021835328274,0.8186584561102938,0.06017593484541172,-0.010415283335215908,4.676030595169383,1.0486680503870054,0.0027397260273972603,1.9939012645521674,0.015368612440186571,-0.01004115377052095
cost_stress,original,RANGE,BTC,2024,-0.07794090891622518,-1.4824119664164197,0.053694595106505635,-0.08429732872532192,-0.9245952403805253,0.9219054665586479,0.00546448087431694,3.9769454501077983,0.028480682589259065,-0.05082655449118434
cost_stress,original,RANGE,BTC,2025,0.0,,0.0,0.0,,1.0,0.0,0.0,0.0,0.0
cost_stress,original,RANGE,ETH,full,0.01607439287154433,0.3698390793414859,0.045721724239306906,-0.010058921457029024,1.5980234998566156,1.1003822034914696,0.0004564125969876768,0.33218935442814423,0.015759399491353805,-0.010058921457029024
cost_stress,original,RANGE,ETH,2020_2022,0.0,,0.0,0.0,,1.0,0.0,0.0,0.0,0.0
cost_stress,original,RANGE,ETH,2023_end,0.032422206982472446,0.5231294411627978,0.06467768923965556,-0.010058921457029024,3.223228963560133,1.1003822034914696,0.00091324200913242,0.6646820781297389,0.015759399491353805,-0.010058921457029024
cost_stress,original,RANGE,ETH,2020,0.0,,0.0,0.0,,1.0,0.0,0.0,0.0,0.0
cost_stress,original,RANGE,ETH,2021,0.0,,0.0,0.0,,1.0,0.0,0.0,0.0,0.0
cost_stress,original,RANGE,ETH,2022,0.0,,0.0,0.0,,1.0,0.0,0.0,0.0,0.0
cost_stress,original,RANGE,ETH,2023,0.0,,0.0,0.0,,1.0,0.0,0.0,0.0,0.0
cost_stress,original,RANGE,ETH,2024,0.0,,0.0,0.0,,1.0,0.0,0.0,0.0,0.0
cost_stress,original,RANGE,ETH,2025,0.10074373228985412,0.9071812301714868,0.11219728227147516,-0.010058921457029024,10.015361261167408,1.1003822034914696,0.002747252747252747,1.999524383384791,0.015759399491353805,-0.010058921457029024
cost_stress,original,RANGE,MIX,full,0.005520788306569768,0.20632499974026955,0.02859821261741062,-0.04646955140326248,0.11880442439954718,1.0335775058743248,0.0009246791150628004,0.6735440244788906,0.030497396908054905,-0.02601699372238009
cost_stress,original,RANGE,MIX,2020_2022,0.0,,0.0,0.0,,1.0,0.0,0.0,0.0,0.0
cost_stress,original,RANGE,MIX,2023_end,0.011077139348599996,0.291804562024037,0.04046009749894878,-0.04646955140326248,0.23837413992815748,1.0335775058743248,0.0018502026859384436,1.3477031576559355,0.030497396908054905,-0.02601699372238009
cost_stress,original,RANGE,MIX,2020,0.0,,0.0,0.0,,1.0,0.0,0.0,0.0,0.0
cost_stress,original,RANGE,MIX,2021,0.0,,0.0,0.0,,1.0,0.0,0.0,0.0,0.0
cost_stress,original,RANGE,MIX,2022,0.0,,0.0,0.0,,1.0,0.0,0.0,0.0,0.0
cost_stress,original,RANGE,MIX,2023,0.02435089363707843,0.8131813236497141,0.030112821871721186,-0.0052076416676078985,4.675992549284574,1.0243340251935027,0.00138189023046079,1.0107234202677933,0.007684306220093286,-0.005165161494555481
cost_stress,original,RANGE,MIX,2024,-0.039894612007583485,-1.4708680421811386,0.027399912897339094,-0.04322310967152787,-0.9229926377523701,0.9600251284661002,0.00273607187137273,1.9873407644771106,0.014578634092979301,-0.02601699372238009
cost_stress,original,RANGE,MIX,2025,0.05121872922358661,0.9021172480230368,0.057071590321352395,-0.0053798459418124,9.520482515217097,1.0510390437929744,0.0014290651155549124,1.0424565643870398,0.008012821524270875,-0.0053798459418124
cost_stress,original,VOL_COMPRESSION,BTC,full,-0.008756623266151453,-1.0873195645461367,0.008053271418326196,-0.05357019748192027,-0.16346072401743114,0.948608517303579,0.0022820629849383844,1.6608382031686915,0.07288135341267403,-0.00936600833729917
cost_stress,original,VOL_COMPRESSION,BTC,2020_2022,-0.008550261663253567,-1.0163825589313267,0.008407790687910213,-0.027662757430525486,-0.30908927588753193,0.9745621828457082,0.0018248175182481751,1.328059747056745,0.02957387009605146,-0.00936600833729917
cost_stress,original,VOL_COMPRESSION,BTC,2023_end,-0.008963130315915113,-1.166761898647221,0.007685904027125448,-0.028866685802933834,-0.31050084436794456,0.9733688973377308,0.0027397260273972603,1.9939205665464936,0.044437886138948376,-0.008102550242795936
cost_stress,original,VOL_COMPRESSION,BTC,2020,-0.015673332507104787,-1.4121000772171242,0.011135292758274356,-0.018362569780594806,-0.853547879974188,0.9842947381153786,0.00273224043715847,1.9884716437777794,0.014882164236622638,-0.008314462566106795
cost_stress,original,VOL_COMPRESSION,BTC,2021,0.0,,0.0,0.0,,1.0,0.0,0.0,0.0,0.0
cost_stress,original,VOL_COMPRESSION,BTC,2022,-0.009894585369290443,-1.0547387787756446,0.009379365239365944,-0.01214828758385822,-0.8144839592402854,0.9901121535117567,0.00273972602739726,1.9938982497302062,0.014926124554479399,-0.00936600833729917
cost_stress,original,VOL_COMPRESSION,BTC,2023,-0.010677873342714306,-1.2771847459794252,0.008372057494498188,-0.010670603869837536,-1.000681261619815,0.9893293961301625,0.00273972602739726,1.9939205955334987,0.014920209511293548,-0.007900350840759462
cost_stress,original,VOL_COMPRESSION,BTC,2024,0.0,,0.0,0.0,,1.0,0.0,0.0,0.0,0.0
cost_stress,original,VOL_COMPRESSION,BTC,2025,-0.016187593570911263,-1.5686767380901323,0.010362064351660361,-0.026844157794815193,-0.6030211003318499,0.983867356155733,0.005494505494505495,3.9987967115348444,0.02983604524753381,-0.008102550242795936
cost_stress,original,VOL_COMPRESSION,ETH,full,-0.005381719133518481,-0.5183126328905328,0.010301191398694119,-0.043464663253421465,-0.12381826363499644,0.968148175612533,0.0013692377909630307,0.9965042529961264,0.04437001952284712,-0.016233241140696797
cost_stress,original,VOL_COMPRESSION,ETH,2020_2022,0.0,,0.0,0.0,,1.0,0.0,0.0,0.0,0.0
cost_stress,original,VOL_COMPRESSION,ETH,2023_end,-0.01073935053849262,-0.7332747983934313,0.014569369233806117,-0.043464663253421465,-0.24708233619288966,0.968148175612533,0.0027397260273972603,1.993918555538368,0.04437001952284712,-0.016233241140696797
cost_stress,original,VOL_COMPRESSION,ETH,2020,0.0,,0.0,0.0,,1.0,0.0,0.0,0.0,0.0
cost_stress,original,VOL_COMPRESSION,ETH,2021,0.0,,0.0,0.0,,1.0,0.0,0.0,0.0,0.0
cost_stress,original,VOL_COMPRESSION,ETH,2022,0.0,,0.0,0.0,,1.0,0.0,0.0,0.0,0.0
cost_stress,original,VOL_COMPRESSION,ETH,2023,-0.03187328927400823,-1.2707828560177334,0.025220716278272385,-0.043464663253421465,-0.7333149940256174,0.968148175612533,0.00821917808219178,5.981755666615103,0.04437001952284712,-0.016233241140696797
cost_stress,original,VOL_COMPRESSION,ETH,2024,0.0,,0.0,0.0,,1.0,0.0,0.0,0.0,0.0
cost_stress,original,VOL_COMPRESSION,ETH,2025,0.0,,0.0,0.0,,1.0,0.0,0.0,0.0,0.0
cost_stress,original,VOL_COMPRESSION,MIX,full,-0.0070620038533038,-1.0077647190513235,0.007003174888781524,-0.04271101093469365,-0.1653438703219131,0.958378346458056,0.001824068222759211,1.3295634444317865,0.05862568646776058,-0.008270145868597867
cost_stress,original,VOL_COMPRESSION,MIX,2020_2022,-0.004256769674003902,-1.0166225248590401,0.004184580405493759,-0.013831378715262743,-0.3077617757155773,0.987281091422854,0.0009052296549629985,0.6605117044075426,0.01478693504802573,-0.004644705525153392
cost_stress,original,VOL_COMPRESSION,MIX,2023_end,-0.009861886087831562,-1.098604246224645,0.008978234592146445,-0.03630373437848733,-0.27164935664787876,0.970724907814102,0.002743745912535146,1.9992261906113038,0.04440351567612333,-0.008270145868597867
cost_stress,original,VOL_COMPRESSION,MIX,2020,-0.007836602702159357,-1.4122421653177448,0.005556105873546654,-0.009181284890297459,-0.853540958133308,0.9921473690576893,0.0013581422276477122,0.9921649517874364,0.007441082118311319,-0.00414168190611186
cost_stress,original,VOL_COMPRESSION,MIX,2021,0.0,,0.0,0.0,,1.0,0.0,0.0,0.0,0.0
cost_stress,original,VOL_COMPRESSION,MIX,2022,-0.004908144354942134,-1.0547528555881578,0.004651333065416905,-0.006026068263054962,-0.8144853560709437,0.9950952068345884,0.0013563058808777632,0.988461522401274,0.007403993760212531,-0.004644705525153392
cost_stress,original,VOL_COMPRESSION,MIX,2023,-0.02141214833933336,-1.4674856024579104,0.014665678200873873,-0.027377782206871593,-0.7820994475571177,0.978602349546548,0.005505916199044595,4.009627677031069,0.029834811982364363,-0.008270145868597867
cost_stress,original,VOL_COMPRESSION,MIX,2024,0.0,,0.0,0.0,,1.0,0.0,0.0,0.0,0.0
cost_stress,original,VOL_COMPRESSION,MIX,2025,-0.0080772173135778,-1.5684981117046264,0.005158486070039544,-0.013452430836575102,-0.6004280870649104,0.9919503138980852,0.0027328086856448007,1.993512573085268,0.014887255993723723,-0.0040370057663653425
cost_stress,original,VOL_EXPANSION,BTC,full,-0.008598061168249904,-0.13144219646058417,0.05421891917558519,-0.14835512401613393,-0.057955943384300275,0.9495191262015099,0.004107713372889092,2.989526783314837,0.12826773029493077,-0.07626538652552961
cost_stress,original,VOL_EXPANSION,BTC,2020_2022,-0.027289412160727333,-0.33741718109032603,0.07369560916822904,-0.14835512401613393,-0.18394654274131814,0.9203281473057434,0.006386861313868613,4.64825559170974,0.10023891765627119,-0.07626538652552961
cost_stress,original,VOL_EXPANSION,BTC,2023_end,0.010470021893751902,0.502725288672907,0.02114287416608093,-0.03332200387290907,0.31420745083893575,1.0317180116475009,0.00182648401826484,1.3292831540903491,0.03045523786348793,-0.014624730674143493
cost_stress,original,VOL_EXPANSION,BTC,2020,-0.039855528900203385,-0.5201397555019849,0.07289470978828679,-0.07446150704063859,-0.5352500974557441,0.9600642885540628,0.00546448087431694,3.9769474326662833,0.029564318552419,-0.06366207270283131
cost_stress,original,VOL_EXPANSION,BTC,2021,0.031150069764535493,0.8847545610872215,0.03534018202731734,-0.020302834373698064,1.5342719736161476,1.0311284202501347,0.005479452054794521,3.987871388054169,0.030776800938661232,-0.011947716535212538
cost_stress,original,VOL_EXPANSION,BTC,2022,-0.07037468872119279,-0.6879220407867359,0.09872440388327768,-0.1343247752534158,-0.5239144349091566,0.9296717451325773,0.00821917808219178,5.981787154844503,0.04154443086829021,-0.07626538652552961
cost_stress,original,VOL_EXPANSION,BTC,2023,0.0,,0.0,0.0,,1.0,0.0,0.0,0.0,0.0
cost_stress,original,VOL_EXPANSION,BTC,2024,0.014227613301482256,0.44722795366908435,0.03274743331852994,-0.03332200387290907,0.4269735204325262,1.0142570353897788,0.0027322404371584695,1.98838292786903,0.01510857958126546,-0.014624730674143493
cost_stress,original,VOL_EXPANSION,BTC,2025,0.017275160798560174,1.0527672641940478,0.01638418815064939,-0.021086132007928304,0.8192664634777388,1.0172155337833193,0.002747252747252747,1.9994969838705146,0.015130935992299773,0.0
cost_stress,original,VOL_EXPANSION,ETH,full,-0.06661736284566933,-0.7745357705163686,0.0841881592309744,-0.4220813078575604,-0.15783063974998549,0.6613011730976076,0.00867183934276586,6.310983444530941,0.23018349130342558,-0.11876903593184684
cost_stress,original,VOL_EXPANSION,ETH,2020_2022,-0.09147759607249917,-0.8986467295838374,0.10077277442951826,-0.3357030814130617,-0.27249555079282006,0.7498569246895683,0.010036496350364963,7.304080320612114,0.14902417339919014,-0.11876903593184684
cost_stress,original,VOL_EXPANSION,ETH,2023_end,-0.04105322870739181,-0.628195784345274,0.0634057176369388,-0.1863648029046585,-0.22028423858765883,0.8819031355499961,0.0073059360730593605,5.316979630663393,0.10823307117932456,-0.076017439684118
cost_stress,original,VOL_EXPANSION,ETH,2020,0.06824991728156049,1.201360133629066,0.05618884324645736,-0.03663271524331857,1.8630865014574254,1.0683947478273117,0.005464480874316939,3.9760847209204035,0.030621354222182807,-0.002365976109411916
cost_stress,original,VOL_EXPANSION,ETH,2021,-0.11657987494053679,-1.4842310540894754,0.08120173004240966,-0.13440810321774388,-0.8673574892406226,0.8834950795124499,0.010958904109589041,7.975626889950216,0.05555433425956139,-0.04287079516628178
cost_stress,original,VOL_EXPANSION,ETH,2022,-0.20571920307714076,-1.5237879541195545,0.14378071817362237,-0.23702166349191722,-0.8679341797133074,0.7944060205839932,0.0136986301369863,9.969647147129262,0.06255696058120072,-0.11876903593184684
cost_stress,original,VOL_EXPANSION,ETH,2023,0.0,,0.0,0.0,,1.0,0.0,0.0,0.0,0.0
cost_stress,original,VOL_EXPANSION,ETH,2024,-0.08901372960100074,-1.075444228989163,0.08325792199595945,-0.13759715829187602,-0.6469154647233457,0.9108118950377407,0.00819672131147541,5.965245407350334,0.04291470912373777,-0.076017439684118
cost_stress,original,VOL_EXPANSION,ETH,2025,-0.03184679121908485,-0.41574148560879987,0.0716567100453965,-0.10295886898990758,-0.30931566684368483,0.9682604502145344,0.013736263736263733,9.996738671665364,0.07171443676949368,-0.031910601154724216
cost_stress,original,VOL_EXPANSION,MIX,full,-0.03543253625058451,-0.5980753819816438,0.05741887977508305,-0.23123598853543126,-0.1532310626689294,0.8054101496495587,0.00614203583653876,4.471960538991172,0.17922561079917818,-0.09701139649358659
cost_stress,original,VOL_EXPANSION,MIX,2020_2022,-0.058289343787682246,-0.7630284366097587,0.07482878327705533,-0.20055661554421744,-0.29063785120980457,0.8350925359976559,0.00816333245389264,5.9506558270777035,0.12463154552773065,-0.09701139649358659
cost_stress,original,VOL_EXPANSION,MIX,2023_end,-0.011999319763819738,-0.3670628232242538,0.031505140878170634,-0.0899353091039442,-0.13342167701843696,0.9644561709408208,0.004118893286200995,2.9919148442488526,0.06537486915294471,-0.033874012188870095
cost_stress,original,VOL_EXPANSION,MIX,2020,0.014200153285927719,0.3286658436342838,0.04610341015802407,-0.039856993645927874,0.35627758109594715,1.0142295181906873,0.0054825487759617925,4.003065645197336,0.0300928363873009,-0.03157780478488448
cost_stress,original,VOL_EXPANSION,MIX,2021,-0.04666163304145621,-1.0404716050068827,0.04492125037850313,-0.07101262181684209,-0.6570892870538889,0.9533695486045318,0.008291530247275995,6.0327612503324834,0.04382719337418727,-0.022452338812807282
cost_stress,original,VOL_EXPANSION,MIX,2022,-0.13643809630817527,-1.2433094510871063,0.11252286540468448,-0.15494544905259233,-0.8805556868073279,0.8636486127893981,0.010723262951256382,7.821476449215293,0.051800636087537676,-0.09701139649358659
cost_stress,original,VOL_EXPANSION,MIX,2023,0.0,,0.0,0.0,,1.0,0.0,0.0,0.0,0.0
cost_stress,original,VOL_EXPANSION,MIX,2024,-0.032121468694388255,-0.70406771402918,0.044895429220237905,-0.07485723451776405,-0.4291030640033282,0.9678136464988754,0.0050891299103799,3.692225606144076,0.02759259655390463,-0.033874012188870095
cost_stress,original,VOL_EXPANSION,MIX,2025,-0.003481026819198041,-0.09684424506621682,0.03103238825716775,-0.037009204097322335,-0.09405840801234355,0.99653086565766,0.007273534618656721,5.287890611548795,0.03903878885746212,-0.013601425373111264
cost_stress,original,HIGH_VOL,BTC,full,-0.0472967858808665,-0.36195381205682337,0.11385849110245307,-0.31358388660468606,-0.1508265822997798,0.7477812782545751,0.003194888178913738,2.325423876058095,0.08448035056777074,-0.2079857977834999
cost_stress,original,HIGH_VOL,BTC,2020_2022,-0.10053979861442985,-0.573699522517027,0.1597831842631605,-0.31358388660468606,-0.32061532147910893,0.7276363014854337,0.005474452554744526,3.9846923406352146,0.07341296302422809,-0.2079857977834999
cost_stress,original,HIGH_VOL,BTC,2023_end,0.009150913888567036,0.47458596427987804,0.019576190609736577,-0.024968503212514537,0.36649829630077624,1.027685502672168,0.00091324200913242,0.6646400978146946,0.015210054145112228,-0.0055695549971961356
cost_stress,original,HIGH_VOL,BTC,2020,-0.18404723179053806,-0.7995371781264612,0.21973048942106982,-0.31358388660468606,-0.5869154623450213,0.8156120512338131,0.005464480874316939,3.978475836925928,0.026284412617517343,-0.2079857977834999
cost_stress,original,HIGH_VOL,BTC,2021,0.0024362612805914896,0.07907481901518412,0.04184434262986771,-0.06273771426736163,0.03883248392201816,1.0024345917223938,0.005479452054794521,3.987840988382264,0.030455796821151654,-0.031380214825886266
cost_stress,original,HIGH_VOL,BTC,2022,-0.11010246471240548,-0.6279309678515642,0.16307297241124463,-0.1502126757412926,-0.7329771883035497,0.8899685891950582,0.005479452054794521,3.9877772281144632,0.027260882184434093,-0.13948381174077384
cost_stress,original,HIGH_VOL,BTC,2023,0.0,,0.0,0.0,,1.0,0.0,0.0,0.0,0.0
cost_stress,original,HIGH_VOL,BTC,2024,0.027627993507564952,0.8206405951520812,0.03387061731779284,-0.024968503212514537,1.106513805509873,1.027685502672168,0.0027322404371584695,1.9884724237898648,0.015210054145112228,-0.0055695549971961356
cost_stress,original,HIGH_VOL,BTC,2025,0.0,,0.0,0.0,,1.0,0.0,0.0,0.0,0.0
cost_stress,original,HIGH_VOL,ETH,full,0.01423183915596593,0.17383727313624336,0.13241745914086261,-0.21082339056820654,0.06750597795438444,1.0884664277505935,0.009128251939753538,6.643292787466224,0.3012763771603272,-0.17107397092759946
cost_stress,original,HIGH_VOL,ETH,2020_2022,-0.02206285992362378,-0.049348282368780035,0.16571406733348915,-0.21082339056820654,-0.10465091119235131,0.9352467084675937,0.014598540145985401,10.624303322812516,0.2396538074641288,-0.17107397092759946
cost_stress,original,HIGH_VOL,ETH,2023_end,0.05190856937198185,0.6218484122061023,0.0872308649041102,-0.07228923089032824,0.7180678052963879,1.1638281299423667,0.00365296803652968,2.6586466260602553,0.06588910619869197,-0.07054788772445753
cost_stress,original,HIGH_VOL,ETH,2020,-0.07247435083555931,-1.855258680088327,0.04008273382981124,-0.08965646745969091,-0.8083560828240685,0.9273823702212113,0.01092896174863388,7.953088637412765,0.0582918120342749,-0.02611976060485066
cost_stress,original,HIGH_VOL,ETH,2021,0.15250237040821335,0.9402626729403776,0.16525549643901122,-0.13995943803429034,1.0896183390708525,1.1523904107126601,0.021917808219178082,15.952174826857748,0.13131390779594096,-0.09300126007996179
cost_stress,original,HIGH_VOL,ETH,2022,-0.12495973529851101,-0.4552296988194109,0.23146889822429037,-0.17881142999565747,-0.6988352774850339,0.8751202170736144,0.010958904109589041,7.974964900565388,0.05575318345974689,-0.17107397092759946
cost_stress,original,HIGH_VOL,ETH,2023,0.0,,0.0,0.0,,1.0,0.0,0.0,0.0,0.0
cost_stress,original,HIGH_VOL,ETH,2024,0.10601488364786493,1.4344090391968136,0.07194398549913847,-0.06584320078183481,1.610111330995818,1.106243748753232,0.00546448087431694,3.9771995862278637,0.03171555033557161,-0.002495715392142994
cost_stress,original,HIGH_VOL,ETH,2025,0.05223731861729419,0.4464317680731636,0.13309105134224755,-0.07228923089032824,0.7226154985179564,1.052053972059986,0.005494505494505493,3.9987994697158835,0.030891524495966577,-0.07054788772445753
cost_stress,original,HIGH_VOL,MIX,full,-0.014139497483617647,-0.0733595046930663,0.10927303371604331,-0.21816810633250927,-0.06481010318743698,0.9181238530025844,0.0064798895398741055,4.725851399529527,0.19287836386404894,-0.15730876901162538
cost_stress,original,HIGH_VOL,MIX,2020_2022,-0.05966342417335557,-0.34971911163179964,0.14445806420491397,-0.21816810633250927,-0.2734745475693993,0.8314415049765137,0.010430665415006635,7.619199113330844,0.15653338524417842,-0.15730876901162538
cost_stress,original,HIGH_VOL,MIX,2023_end,0.033632977095079175,0.6297399052547284,0.05482601681046959,-0.047437337094570986,0.708997999361316,1.1042554978398862,0.002525505650243737,1.8298613590489374,0.04371321181626262,-0.042749695985373926
cost_stress,original,HIGH_VOL,MIX,2020,-0.12825712349601992,-1.155144719071553,0.1128690248939162,-0.17021468926418726,-0.7535020863972219,0.8714972107275122,0.008192755415025213,5.9976803940449,0.042288112325896125,-0.10470756480884169
cost_stress,original,HIGH_VOL,MIX,2021,0.08227906531886564,0.831494586508139,0.10121821178201656,-0.10168014084259769,0.809195036877799,1.0822204941509086,0.014572835699695467,10.64565354565407,0.08411863868713612,-0.06536856955122361
cost_stress,original,HIGH_VOL,MIX,2022,-0.11852003668158684,-0.5277207244899931,0.199201536894305,-0.16445291406930085,-0.7206928338870433,0.8815560797794778,0.008532536390573142,6.218705917332707,0.043403510533838216,-0.15730876901162538
cost_stress,original,HIGH_VOL,MIX,2023,0.0,,0.0,0.0,,1.0,0.0,0.0,0.0,0.0
cost_stress,original,HIGH_VOL,MIX,2024,0.07171618094159293,1.3084032868000124,0.053982452518624845,-0.047437337094570986,1.511808742523209,1.0718686115442573,0.004314295315674183,3.1344836800544367,0.024493155175886242,-0.0038191840723096337
cost_stress,original,HIGH_VOL,MIX,2025,0.030320669905285813,0.4197677609034648,0.0782433794391586,-0.043804892580882715,0.6921754196589065,1.0302153509738181,0.0032593313227476397,2.3529592342270953,0.01793135504983746,-0.042749695985373926
cost_stress,original,UNKNOWN,BTC,full,0.0,,0.0,0.0,,1.0,0.0,0.0,0.0,0.0
cost_stress,original,UNKNOWN,BTC,2020_2022,0.0,,0.0,0.0,,1.0,0.0,0.0,0.0,0.0
cost_stress,original,UNKNOWN,BTC,2023_end,0.0,,0.0,0.0,,1.0,0.0,0.0,0.0,0.0
cost_stress,original,UNKNOWN,BTC,2020,0.0,,0.0,0.0,,1.0,0.0,0.0,0.0,0.0
cost_stress,original,UNKNOWN,BTC,2021,0.0,,0.0,0.0,,1.0,0.0,0.0,0.0,0.0
cost_stress,original,UNKNOWN,BTC,2022,0.0,,0.0,0.0,,1.0,0.0,0.0,0.0,0.0
cost_stress,original,UNKNOWN,BTC,2023,0.0,,0.0,0.0,,1.0,0.0,0.0,0.0,0.0
cost_stress,original,UNKNOWN,BTC,2024,0.0,,0.0,0.0,,1.0,0.0,0.0,0.0,0.0
cost_stress,original,UNKNOWN,BTC,2025,0.0,,0.0,0.0,,1.0,0.0,0.0,0.0,0.0
cost_stress,original,UNKNOWN,ETH,full,0.0,,0.0,0.0,,1.0,0.0,0.0,0.0,0.0
cost_stress,original,UNKNOWN,ETH,2020_2022,0.0,,0.0,0.0,,1.0,0.0,0.0,0.0,0.0
cost_stress,original,UNKNOWN,ETH,2023_end,0.0,,0.0,0.0,,1.0,0.0,0.0,0.0,0.0
cost_stress,original,UNKNOWN,ETH,2020,0.0,,0.0,0.0,,1.0,0.0,0.0,0.0,0.0
cost_stress,original,UNKNOWN,ETH,2021,0.0,,0.0,0.0,,1.0,0.0,0.0,0.0,0.0
cost_stress,original,UNKNOWN,ETH,2022,0.0,,0.0,0.0,,1.0,0.0,0.0,0.0,0.0
cost_stress,original,UNKNOWN,ETH,2023,0.0,,0.0,0.0,,1.0,0.0,0.0,0.0,0.0
cost_stress,original,UNKNOWN,ETH,2024,0.0,,0.0,0.0,,1.0,0.0,0.0,0.0,0.0
cost_stress,original,UNKNOWN,ETH,2025,0.0,,0.0,0.0,,1.0,0.0,0.0,0.0,0.0
cost_stress,original,UNKNOWN,MIX,full,0.0,,0.0,0.0,,1.0,0.0,0.0,0.0,0.0
cost_stress,original,UNKNOWN,MIX,2020_2022,0.0,,0.0,0.0,,1.0,0.0,0.0,0.0,0.0
cost_stress,original,UNKNOWN,MIX,2023_end,0.0,,0.0,0.0,,1.0,0.0,0.0,0.0,0.0
cost_stress,original,UNKNOWN,MIX,2020,0.0,,0.0,0.0,,1.0,0.0,0.0,0.0,0.0
cost_stress,original,UNKNOWN,MIX,2021,0.0,,0.0,0.0,,1.0,0.0,0.0,0.0,0.0
cost_stress,original,UNKNOWN,MIX,2022,0.0,,0.0,0.0,,1.0,0.0,0.0,0.0,0.0
cost_stress,original,UNKNOWN,MIX,2023,0.0,,0.0,0.0,,1.0,0.0,0.0,0.0,0.0
cost_stress,original,UNKNOWN,MIX,2024,0.0,,0.0,0.0,,1.0,0.0,0.0,0.0,0.0
cost_stress,original,UNKNOWN,MIX,2025,0.0,,0.0,0.0,,1.0,0.0,0.0,0.0,0.0
cost_stress,past_gap_clean,ALL,BTC,full,-0.11315245816215846,-0.7440756571955609,0.14590782133823949,-0.5509955051524178,-0.20536003851947565,0.4865922531206742,0.022820629849383843,16.60860505463882,0.4749896446494233,-0.2079857977834999
cost_stress,past_gap_clean,ALL,BTC,2020_2022,-0.1542264749487794,-0.7922902949823597,0.187190895494517,-0.4376236321786693,-0.35241806796624986,0.6049402305554061,0.023722627737226276,17.26534604550215,0.2838380852113557,-0.2079857977834999
cost_stress,past_gap_clean,ALL,BTC,2023_end,-0.07004345606380402,-0.7923871077568018,0.08680995763183795,-0.2300282265314938,-0.3044993960956969,0.8043641810264882,0.021917808219178082,15.95126430031351,0.3159842076672072,-0.0604625886070691
cost_stress,past_gap_clean,ALL,BTC,2020,-0.30245957284149194,-1.3452591798907685,0.24291997072609842,-0.3347474221785155,-0.9035456371048469,0.6970247032417415,0.0273224043715847,19.88609860282449,0.12134980525337871,-0.2079857977834999
cost_stress,past_gap_clean,ALL,BTC,2021,0.03366067523304661,0.4831610117715835,0.07419264257268318,-0.10744022898088879,0.3132967562739846,1.033637252538715,0.01643835616438356,11.963553567503428,0.09131403925695149,-0.047353238397804476
cost_stress,past_gap_clean,ALL,BTC,2022,-0.16045466000955566,-0.762236968456876,0.20137605359691116,-0.2031904129635128,-0.7896763320145854,0.8396458471085427,0.0273972602739726,19.939205822185873,0.13718828392524293,-0.13948381174077396
cost_stress,past_gap_clean,ALL,BTC,2023,-0.020937922025351052,-0.2816750681373486,0.06728703721120619,-0.08129498687495318,-0.2575548976661682,0.9790762582126311,0.021917808219178082,15.951218794693023,0.11477036545163719,-0.011120138961405734
cost_stress,past_gap_clean,ALL,BTC,2024,-0.18914328422784865,-1.8243284851805828,0.1113549143945777,-0.22431527747729052,-0.8432028631977478,0.810507699747382,0.02459016393442623,17.896166681091447,0.11845010509513376,-0.0604625886070691
cost_stress,past_gap_clean,ALL,BTC,2025,0.013676194676386366,0.21784566831766078,0.07501222892014281,-0.06141228100683449,0.22269478436836374,1.0136290729435058,0.019230769230769232,13.995721273354036,0.10741891563736053,-0.037634924827666394
cost_stress,past_gap_clean,ALL,ETH,full,-0.03885283301961073,-0.13456512350131258,0.17702878600583954,-0.4582455462818097,-0.08478605702741997,0.7884295633573642,0.029666818804198997,21.590703334660095,0.8275647600648863,-0.17107397092759935
cost_stress,past_gap_clean,ALL,ETH,2020_2022,-0.09899297840716204,-0.4178148142475661,0.2000018861023635,-0.3904357763312861,-0.2535448450378844,0.7313976145209125,0.032846715328467155,23.90487219554595,0.5209589230089877,-0.17107397092759935
cost_stress,past_gap_clean,ALL,ETH,2023_end,0.02536203214177002,0.2388830103140531,0.15059467270997948,-0.18971051885233603,0.13368806482212475,1.0779766678263087,0.026484018264840183,19.27442107755425,0.4192054102565465,-0.076017439684118
cost_stress,past_gap_clean,ALL,ETH,2020,0.02850378931965669,0.37924046368136294,0.08294404840996374,-0.09812622759194467,0.2904808430849798,1.0285631467134886,0.02459016393442623,17.895129599737174,0.1361193010882401,-0.02611976060485066
cost_stress,past_gap_clean,ALL,ETH,2021,0.053140349664517084,0.3655540289331826,0.19118739042506863,-0.22540212205316879,0.2357579830237007,1.0531030279907059,0.038356164383561646,27.915642907874958,0.2115631423555511,-0.09300126007996179
cost_stress,past_gap_clean,ALL,ETH,2022,-0.32495161187090027,-1.273254657496142,0.27673288506701743,-0.35618000959686924,-0.9123241145360352,0.6752299829647259,0.03561643835616438,25.92030912723341,0.15439087947762378,-0.17107397092759935
cost_stress,past_gap_clean,ALL,ETH,2023,-0.10596218171298843,-2.428419439014861,0.04565114499328802,-0.10589363789814266,-1.000647289263135,0.8941063621018573,0.021917808219178082,15.951328330632755,0.11250019544785977,-0.03266741098979664
cost_stress,past_gap_clean,ALL,ETH,2024,0.024192038855347153,0.22438597317397185,0.1657651391725609,-0.18971051885233603,0.1275208090816376,1.0242423118234603,0.02459016393442623,17.896356577427028,0.143364259196965,-0.076017439684118
cost_stress,past_gap_clean,ALL,ETH,2025,0.1777704529377453,0.92734357910373,0.1962433018631069,-0.13167358596538536,1.3500843896244914,1.1771111215559753,0.03296703296703297,23.992279483249053,0.19493984693546806,-0.07054788772445741
cost_stress,past_gap_clean,ALL,MIX,full,-0.07230083183648184,-0.4486584740782992,0.14354475653320592,-0.46690353752451075,-0.15485175421847452,0.6375109082390192,0.02678074920371156,19.524249062756144,0.6512772023571547,-0.15702789690625074
cost_stress,past_gap_clean,ALL,MIX,2020_2022,-0.125737054065854,-0.690900764594419,0.17198627085661933,-0.38109191328817993,-0.3299389194091144,0.6681689225381593,0.02893154202417491,21.107343344794675,0.4023985041101717,-0.15702789690625074
cost_stress,past_gap_clean,ALL,MIX,2023_end,-0.015545174400641515,-0.09209738637563196,0.10782060118218688,-0.17772194420331866,-0.08746907687920305,0.9541163719756972,0.024627992188891633,17.939709032514845,0.37247870987709636,-0.0651532911398941
cost_stress,past_gap_clean,ALL,MIX,2020,-0.13694511217410976,-1.0935835438679982,0.12685413044118204,-0.2108160317358153,-0.6495953417134941,0.8627939249776151,0.025491827101879628,18.6308325559257,0.12873455317080942,-0.10370473354993892
cost_stress,past_gap_clean,ALL,MIX,2021,0.045271804478562494,0.4062135790808443,0.12971226703681574,-0.16513660078957337,0.27414761029416157,1.04524012703313,0.029425573622209922,21.44517281662914,0.16299036444420828,-0.07388126045528842
cost_stress,past_gap_clean,ALL,MIX,2022,-0.2592461519632633,-1.1438699120653895,0.23637924997609233,-0.290644681851013,-0.8919693638026212,0.740906013235141,0.03188664922493461,23.252809622894578,0.14751929082581566,-0.15702789690625074
cost_stress,past_gap_clean,ALL,MIX,2023,-0.06747362190537298,-1.6357505469068458,0.042134666220994245,-0.09475819510862071,-0.7120610711087142,0.9325709679894387,0.02196067675060658,15.99942430299118,0.11352786758222687,-0.017890379606624318
cost_stress,past_gap_clean,ALL,MIX,2024,-0.07718490025666713,-0.6054926040066549,0.12058173082048257,-0.17772194420331866,-0.4343014623358247,0.9226629020173605,0.024594708970545456,17.91397375122065,0.13152357019998862,-0.0651532911398941
cost_stress,past_gap_clean,ALL,MIX,2025,0.1092527301896995,0.8265850115167122,0.13628583566095032,-0.09227335224364164,1.1840117166354263,1.1088591839550401,0.02733610151001455,19.911200898530815,0.15840083123048293,-0.05721972850171808
cost_stress,past_gap_clean,TREND_UP,BTC,full,-0.023006156080435103,-0.46235505053456805,0.047796666687385254,-0.2069731149320314,-0.11115528742943338,0.8696906492533015,0.005476951163852123,3.9859978767050364,0.16695958439751984,-0.06046258860706921
cost_stress,past_gap_clean,TREND_UP,BTC,2020_2022,-0.02194760430454923,-0.39511441550099574,0.05259814218767694,-0.11910220284630291,-0.1842753851737891,0.9355774958126211,0.004562043795620438,3.3202068199184955,0.07254850959956213,-0.05484445670130955
cost_stress,past_gap_clean,TREND_UP,BTC,2023_end,-0.024064527324030083,-0.5513134754459826,0.0424748892001756,-0.12141878318352195,-0.19819443658611743,0.9295762811159841,0.006392694063926941,4.652396961853938,0.10091208394869997,-0.06046258860706921
cost_stress,past_gap_clean,TREND_UP,BTC,2020,-0.06521399511122605,-0.9408999058288281,0.06904257595549847,-0.10502862706193705,-0.620916381900035,0.934656568739483,0.00819672131147541,5.965513099022346,0.04431516582767329,-0.05484445670130955
cost_stress,past_gap_clean,TREND_UP,BTC,2021,0.0,,0.0,0.0,,1.0,0.0,0.0,0.0,0.0
cost_stress,past_gap_clean,TREND_UP,BTC,2022,0.000985985854903726,0.04602672070621111,0.05945114683305853,-0.06945122899460943,0.01419680931751769,1.000985310651997,0.005479452054794521,3.9878599462698423,0.030207184880715617,-0.027539896862260216
cost_stress,past_gap_clean,TREND_UP,BTC,2023,-0.02869285862935378,-1.2667823994014804,0.022761257104522033,-0.0450073571504801,-0.6375148519256637,0.9713264962685094,0.010958904109589041,7.9755530838792374,0.05878462714313562,-0.009002860214400221
cost_stress,past_gap_clean,TREND_UP,BTC,2024,-0.05116993978372386,-0.7510695318596932,0.06682231138117461,-0.10709255408261142,-0.4778104343673722,0.9487277293104284,0.00546448087431694,3.976945601385883,0.029076698746143395,-0.06046258860706921
cost_stress,past_gap_clean,TREND_UP,BTC,2025,0.008767724085041229,0.4343594958445323,0.020565455801555194,-0.01486264414425087,0.589916841172083,1.0087375874758877,0.0027472527472527475,1.9992739217222715,0.015066870906853186,-0.009350896349765492
cost_stress,past_gap_clean,TREND_UP,ETH,full,-0.007613727281890803,-0.25471334190505096,0.02839653041917181,-0.12296780289941611,-0.06191642936093278,0.9551883856394139,0.003651300775901415,2.6574273851521757,0.1173767927445633,-0.03654234272137413
cost_stress,past_gap_clean,TREND_UP,ETH,2020_2022,-0.0035202596092178684,-0.09357534826104165,0.03214605458873854,-0.06408770228426808,-0.05492878483306155,0.9894739658984626,0.002737226277372263,1.9922958368527397,0.04610535383500783,-0.03654234272137413
cost_stress,past_gap_clean,TREND_UP,ETH,2023_end,-0.011694094586981119,-0.476009207753301,0.02407879981404218,-0.06314911007223634,-0.18518225472384695,0.9653496893898399,0.0045662100456621,3.323166359523118,0.07202962520073941,-0.03266741098979664
cost_stress,past_gap_clean,TREND_UP,ETH,2020,0.029112291869579643,0.7044690685698966,0.041928463833162656,-0.037161095104335407,0.7834078029143778,1.0291729343158689,0.005464480874316941,3.977527923007858,0.030966883611423746,-0.01109846869134945
cost_stress,past_gap_clean,TREND_UP,ETH,2021,0.0,,0.0,0.0,,1.0,0.0,0.0,0.0,0.0
cost_stress,past_gap_clean,TREND_UP,ETH,2022,-0.038599565245151624,-1.0561072156797369,0.03659733167740235,-0.03881694508008737,-0.9943998726719155,0.9614263384765401,0.0027397260273972594,1.9939205955334984,0.014709355171341741,-0.03654234272137413
cost_stress,past_gap_clean,TREND_UP,ETH,2023,-0.05564905104423812,-1.5936358006592393,0.035499399241554215,-0.05561204067273673,-1.0006655100415967,0.9443879593272633,0.00821917808219178,5.981756623400617,0.04338674568995547,-0.03266741098979664
cost_stress,past_gap_clean,TREND_UP,ETH,2024,0.0,,0.0,0.0,,1.0,0.0,0.0,0.0,0.0
cost_stress,past_gap_clean,TREND_UP,ETH,2025,0.022273166019343593,1.0212982195227769,0.021784898542788023,-0.03522510965137893,0.6323093452307162,1.0221961005067333,0.005494505494505495,3.9986977915840347,0.030329568720028732,-0.007433102033283623
cost_stress,past_gap_clean,TREND_UP,MIX,full,-0.015159649396003116,-0.5379034103140113,0.027663239097911813,-0.1580761769662269,-0.09590091111098915,0.9124395174463578,0.00453056994474187,3.307654277786299,0.14216818857104158,-0.029809838877823847
cost_stress,past_gap_clean,TREND_UP,MIX,2020_2022,-0.012647923317785081,-0.4035582795363824,0.030373228401225836,-0.07772923187744984,-0.16271771909088414,0.9625257308555418,0.0036003325883128285,2.632842315371944,0.05932693171728498,-0.02693581813734891
cost_stress,past_gap_clean,TREND_UP,MIX,2023_end,-0.017667270954585534,-0.7096462706963605,0.024667682284778465,-0.08723734099465585,-0.20251959485637955,0.9479637667819385,0.005461656833003267,3.983082506832995,0.08606653744219707,-0.029809838877823847
cost_stress,past_gap_clean,TREND_UP,MIX,2020,-0.01804852500799714,-0.436021817342527,0.039913127632464865,-0.06201570546283475,-0.29103151973032704,0.9819147515276759,0.006760609806650498,4.947187559844787,0.03764102471954852,-0.02693581813734891
cost_stress,past_gap_clean,TREND_UP,MIX,2021,0.0,,0.0,0.0,,1.0,0.0,0.0,0.0,0.0
cost_stress,past_gap_clean,TREND_UP,MIX,2022,-0.019759524659175742,-0.5641292881024075,0.03430953107293978,-0.042958362542556805,-0.45996922344516555,0.9802538655805217,0.004031729664539118,2.9449987143683805,0.022085325598782627,-0.01914156093752495
cost_stress,past_gap_clean,TREND_UP,MIX,2023,-0.04254837159402225,-1.8856127342810853,0.022902014328752014,-0.050070252549012095,-0.8497734568519116,0.9574801230608734,0.009573122420149745,6.972107527033369,0.050870135956302534,-0.016791007072080144
cost_stress,past_gap_clean,TREND_UP,MIX,2024,-0.02522759945000208,-0.762622503539601,0.0327673802501456,-0.05316796764742182,-0.47448869246416264,0.9747212588252036,0.002635120486156847,1.9332517179245112,0.014335669786725177,-0.029809838877823847
cost_stress,past_gap_clean,TREND_UP,MIX,2025,0.015792076981262726,1.0552992811343942,0.014942824313798654,-0.018576786345481655,0.8500973573991585,1.0157376084876353,0.0041809627770618505,3.046939474875216,0.023005281721132302,-0.004478317025930267
cost_stress,past_gap_clean,TREND_DOWN,BTC,full,-0.020525599558967045,-0.4408642464563099,0.0447442264456536,-0.14666277994565358,-0.13995097847301735,0.8830206669719425,0.006846188954815153,4.982484637074541,0.2101911500813607,-0.03894593680369762
cost_stress,past_gap_clean,TREND_DOWN,BTC,2020_2022,-0.0030906532580539103,-0.08514604754243424,0.03077473421859744,-0.07856827444868164,-0.03933716604750724,0.9907545679897118,0.005474452554744526,3.984131546181957,0.08750631999432683,-0.020852860547562635
cost_stress,past_gap_clean,TREND_DOWN,BTC,2023_end,-0.0376711322388138,-0.6663092849237554,0.055300946453349833,-0.1386996864563459,-0.2716021441812729,0.8912607577107955,0.00821917808219178,5.981749465949675,0.12382968905807541,-0.03894593680369762
cost_stress,past_gap_clean,TREND_DOWN,BTC,2020,-0.03235440387596633,-1.2168611225427333,0.02671289848172482,-0.04239621587756259,-0.7631436722891416,0.9675802487162579,0.00546448087431694,3.976690590432154,0.029254540873037294,-0.020852860547562635
cost_stress,past_gap_clean,TREND_DOWN,BTC,2021,-1.49518953518335e-06,0.01934008226309763,0.03894997871542195,-0.04769477593839622,-3.1349125889899865e-05,0.9999985058338655,0.005479452054794521,3.9878411910669977,0.029933682354660134,-0.02069789135855593
cost_stress,past_gap_clean,TREND_DOWN,BTC,2022,0.023968928914849696,0.9690813827280759,0.024738303214293225,-0.020134160221201847,1.1904608213860208,1.0239523281488407,0.005479452054794521,3.9878832432268574,0.030269926555902455,-0.009496085343123295
cost_stress,past_gap_clean,TREND_DOWN,BTC,2023,-0.028453139115151904,-1.6355938764930713,0.0175412705479098,-0.02871272195762886,-0.9909593091571038,0.9715660564569513,0.00547945205479452,3.987843850728123,0.02950367567158405,-0.011120138961405512
cost_stress,past_gap_clean,TREND_DOWN,BTC,2024,-0.08617823398334923,-1.3835285667742843,0.06361111693299988,-0.11349279051123673,-0.7593278268615385,0.9136526782295094,0.01092896174863388,7.953892701728736,0.055464594592174135,-0.03894593680369762
cost_stress,past_gap_clean,TREND_DOWN,BTC,2025,0.004054608763468748,0.09232343809577223,0.06947618753451126,-0.06141228100683449,0.06602276771021606,1.004040704624278,0.008241758241758242,5.998153656226405,0.04555557463052835,-0.03763492482766628
cost_stress,past_gap_clean,TREND_DOWN,ETH,full,0.012348958821828626,0.230588903564421,0.06083676402203348,-0.10541900970015006,0.11714166977050486,1.0764011337116175,0.006389776357827476,4.650306110086482,0.22124519258934053,-0.03239569975068213
cost_stress,past_gap_clean,TREND_DOWN,ETH,2020_2022,0.01768440779299274,0.4954477966008929,0.03669641130004193,-0.05413544160690531,0.3266696875109075,1.054009615301466,0.005474452554744526,3.9841927152685797,0.09234621558450731,-0.023098348747546904
cost_stress,past_gap_clean,TREND_DOWN,ETH,2023_end,0.007036647921135453,0.12679869775737967,0.07785266646162886,-0.10541900970015006,0.06674932672152996,1.0212441310639724,0.00730593607305936,5.317027827639377,0.12229392894861377,-0.03239569975068213
cost_stress,past_gap_clean,TREND_DOWN,ETH,2020,0.008658922488844034,0.4830566021544289,0.01817434458971367,-0.017382148206890546,0.49815030833827006,1.0086767795323746,0.00273224043715847,1.9884283183961462,0.015066411400982808,-0.0076766328528207195
cost_stress,past_gap_clean,TREND_DOWN,ETH,2021,0.034372906727768715,0.6932026631129445,0.05053049748641563,-0.04245540362586775,0.8096238356529384,1.0343489802416732,0.00547945205479452,3.9878411910669973,0.02988192723071914,-0.023098348747546904
cost_stress,past_gap_clean,TREND_DOWN,ETH,2022,0.010249141683910334,0.3152727690244029,0.03413588338388879,-0.044153644555179894,0.23212447776766718,1.0102420907258922,0.00821917808219178,5.981776484005262,0.0451811778231312,-0.012069393589409949
cost_stress,past_gap_clean,TREND_DOWN,ETH,2023,-0.022109411244292998,-1.5399109640043054,0.01444041963374975,-0.0347986788824568,-0.6353520292817526,0.9779055533991294,0.00547945205479452,3.987816040617033,0.029571632850521154,-0.009180189784030457
cost_stress,past_gap_clean,TREND_DOWN,ETH,2024,0.01650283140866926,0.1901575115018127,0.1237790739794394,-0.09540640658327315,0.17297403811415082,1.016536996788112,0.010928961748633878,7.953911583848832,0.06323780905163129,-0.03239569975068213
cost_stress,past_gap_clean,TREND_DOWN,ETH,2025,0.027423944748100615,0.5505366709364246,0.05145418006795561,-0.035775711690592016,0.7665520391397923,1.027328820507065,0.005494505494505494,3.9985191668989777,0.031065688094599506,-0.014572399678513648
cost_stress,past_gap_clean,TREND_DOWN,MIX,full,-0.0034112398233742125,-0.0668959319767511,0.03953679168001623,-0.0971455213150989,-0.035114741031751696,0.97971090034178,0.006601384294840678,4.810700174300114,0.21571817133535062,-0.0313990959891034
cost_stress,past_gap_clean,TREND_DOWN,MIX,2020_2022,0.0074040216816742,0.310089582279391,0.024755689025656082,-0.050125432583048024,0.14770988099518514,1.0223820916455888,0.005492177189705694,4.002812894896821,0.08992626778941706,-0.011789341008865972
cost_stress,past_gap_clean,TREND_DOWN,MIX,2023_end,-0.0141201093580966,-0.25872764406083015,0.05015161114113606,-0.0971455213150989,-0.145350080651654,0.9582629707107576,0.0077116043745009,5.6193252503056,0.12303805453347047,-0.0313990959891034
cost_stress,past_gap_clean,TREND_DOWN,MIX,2020,-0.011847303737012371,-0.6219361255446996,0.018864133614562444,-0.027520637027299344,-0.43048799071258165,0.9881285141243162,0.0040889423005651925,2.9760260297402237,0.022160476137010054,-0.010358788138412733
cost_stress,past_gap_clean,TREND_DOWN,MIX,2021,0.017543016588465576,0.5563371121320232,0.032161147863047856,-0.038846063704544354,0.45160345516329187,1.017530904406425,0.005503027100545009,4.0143129619829026,0.029907266665306523,-0.011789341008865972
cost_stress,past_gap_clean,TREND_DOWN,MIX,2022,0.016850626758094123,0.7969790140844897,0.02123326243262395,-0.023054556019309835,0.7309022452646896,1.0168389965660265,0.006888406647155209,5.020912807666395,0.03800638445275226,-0.006252991793550433
cost_stress,past_gap_clean,TREND_DOWN,MIX,2023,-0.025183156683143193,-1.7468104029052576,0.014530181475674572,-0.0317147581726297,-0.7940516697641613,0.9748338615113588,0.005480240536270605,3.9928590696335173,0.029538705393159666,-0.009985775045010525
cost_stress,past_gap_clean,TREND_DOWN,MIX,2024,-0.03307989696933156,-0.41568715478744667,0.07436703828276521,-0.09456630628125418,-0.3498063768182618,0.9668533155586004,0.010861024967542583,7.9162795579240015,0.05948406003775879,-0.0313990959891034
cost_stress,past_gap_clean,TREND_DOWN,MIX,2025,0.016759437665790022,0.41207274591118714,0.04246995648070848,-0.028943517537502794,0.5790394220078615,1.0167016052962445,0.006782373231371235,4.940684808978611,0.03767795090592907,-0.017678856397125853
cost_stress,past_gap_clean,RANGE,BTC,full,-0.005617407621091863,-0.15442249769032912,0.032959471461142385,-0.09033752609267709,-0.06218243806376739,0.9667728082571799,0.0013692377909630307,0.9965020521684141,0.04523539432475601,-0.05082655449118434
cost_stress,past_gap_clean,RANGE,BTC,2020_2022,0.0,,0.0,0.0,,1.0,0.0,0.0,0.0,0.0
cost_stress,past_gap_clean,RANGE,BTC,2023_end,-0.011208346840980377,-0.2183934662188773,0.046631504598744086,-0.09033752609267709,-0.12407188159527145,0.9667728082571799,0.0027397260273972603,1.9939141518730552,0.04523539432475601,-0.05082655449118434
cost_stress,past_gap_clean,RANGE,BTC,2020,0.0,,0.0,0.0,,1.0,0.0,0.0,0.0,0.0
cost_stress,past_gap_clean,RANGE,BTC,2021,0.0,,0.0,0.0,,1.0,0.0,0.0,0.0,0.0
cost_stress,past_gap_clean,RANGE,BTC,2022,0.0,,0.0,0.0,,1.0,0.0,0.0,0.0,0.0
cost_stress,past_gap_clean,RANGE,BTC,2023,0.0487021835328274,0.8186584561102938,0.06017593484541172,-0.010415283335215908,4.676030595169383,1.0486680503870054,0.0027397260273972603,1.9939012645521674,0.015368612440186571,-0.01004115377052095
cost_stress,past_gap_clean,RANGE,BTC,2024,-0.07794090891622518,-1.4824119664164197,0.053694595106505635,-0.08429732872532192,-0.9245952403805253,0.9219054665586479,0.00546448087431694,3.9769454501077983,0.028480682589259065,-0.05082655449118434
cost_stress,past_gap_clean,RANGE,BTC,2025,0.0,,0.0,0.0,,1.0,0.0,0.0,0.0,0.0
cost_stress,past_gap_clean,RANGE,ETH,full,0.01607439287154433,0.3698390793414859,0.045721724239306906,-0.010058921457029024,1.5980234998566156,1.1003822034914696,0.0004564125969876768,0.33218935442814423,0.015759399491353805,-0.010058921457029024
cost_stress,past_gap_clean,RANGE,ETH,2020_2022,0.0,,0.0,0.0,,1.0,0.0,0.0,0.0,0.0
cost_stress,past_gap_clean,RANGE,ETH,2023_end,0.032422206982472446,0.5231294411627978,0.06467768923965556,-0.010058921457029024,3.223228963560133,1.1003822034914696,0.00091324200913242,0.6646820781297389,0.015759399491353805,-0.010058921457029024
cost_stress,past_gap_clean,RANGE,ETH,2020,0.0,,0.0,0.0,,1.0,0.0,0.0,0.0,0.0
cost_stress,past_gap_clean,RANGE,ETH,2021,0.0,,0.0,0.0,,1.0,0.0,0.0,0.0,0.0
cost_stress,past_gap_clean,RANGE,ETH,2022,0.0,,0.0,0.0,,1.0,0.0,0.0,0.0,0.0
cost_stress,past_gap_clean,RANGE,ETH,2023,0.0,,0.0,0.0,,1.0,0.0,0.0,0.0,0.0
cost_stress,past_gap_clean,RANGE,ETH,2024,0.0,,0.0,0.0,,1.0,0.0,0.0,0.0,0.0
cost_stress,past_gap_clean,RANGE,ETH,2025,0.10074373228985412,0.9071812301714868,0.11219728227147516,-0.010058921457029024,10.015361261167408,1.1003822034914696,0.002747252747252747,1.999524383384791,0.015759399491353805,-0.010058921457029024
cost_stress,past_gap_clean,RANGE,MIX,full,0.005520788306569768,0.20632499974026955,0.02859821261741062,-0.04646955140326248,0.11880442439954718,1.0335775058743248,0.0009246791150628004,0.6735440244788906,0.030497396908054905,-0.02601699372238009
cost_stress,past_gap_clean,RANGE,MIX,2020_2022,0.0,,0.0,0.0,,1.0,0.0,0.0,0.0,0.0
cost_stress,past_gap_clean,RANGE,MIX,2023_end,0.011077139348599996,0.291804562024037,0.04046009749894878,-0.04646955140326248,0.23837413992815748,1.0335775058743248,0.0018502026859384436,1.3477031576559355,0.030497396908054905,-0.02601699372238009
cost_stress,past_gap_clean,RANGE,MIX,2020,0.0,,0.0,0.0,,1.0,0.0,0.0,0.0,0.0
cost_stress,past_gap_clean,RANGE,MIX,2021,0.0,,0.0,0.0,,1.0,0.0,0.0,0.0,0.0
cost_stress,past_gap_clean,RANGE,MIX,2022,0.0,,0.0,0.0,,1.0,0.0,0.0,0.0,0.0
cost_stress,past_gap_clean,RANGE,MIX,2023,0.02435089363707843,0.8131813236497141,0.030112821871721186,-0.0052076416676078985,4.675992549284574,1.0243340251935027,0.00138189023046079,1.0107234202677933,0.007684306220093286,-0.005165161494555481
cost_stress,past_gap_clean,RANGE,MIX,2024,-0.039894612007583485,-1.4708680421811386,0.027399912897339094,-0.04322310967152787,-0.9229926377523701,0.9600251284661002,0.00273607187137273,1.9873407644771106,0.014578634092979301,-0.02601699372238009
cost_stress,past_gap_clean,RANGE,MIX,2025,0.05121872922358661,0.9021172480230368,0.057071590321352395,-0.0053798459418124,9.520482515217097,1.0510390437929744,0.0014290651155549124,1.0424565643870398,0.008012821524270875,-0.0053798459418124
cost_stress,past_gap_clean,VOL_COMPRESSION,BTC,full,-0.008756623266151453,-1.0873195645461367,0.008053271418326196,-0.05357019748192027,-0.16346072401743114,0.948608517303579,0.0022820629849383844,1.6608382031686915,0.07288135341267403,-0.00936600833729917
cost_stress,past_gap_clean,VOL_COMPRESSION,BTC,2020_2022,-0.008550261663253567,-1.0163825589313267,0.008407790687910213,-0.027662757430525486,-0.30908927588753193,0.9745621828457082,0.0018248175182481751,1.328059747056745,0.02957387009605146,-0.00936600833729917
cost_stress,past_gap_clean,VOL_COMPRESSION,BTC,2023_end,-0.008963130315915113,-1.166761898647221,0.007685904027125448,-0.028866685802933834,-0.31050084436794456,0.9733688973377308,0.0027397260273972603,1.9939205665464936,0.044437886138948376,-0.008102550242795936
cost_stress,past_gap_clean,VOL_COMPRESSION,BTC,2020,-0.015673332507104787,-1.4121000772171242,0.011135292758274356,-0.018362569780594806,-0.853547879974188,0.9842947381153786,0.00273224043715847,1.9884716437777794,0.014882164236622638,-0.008314462566106795
cost_stress,past_gap_clean,VOL_COMPRESSION,BTC,2021,0.0,,0.0,0.0,,1.0,0.0,0.0,0.0,0.0
cost_stress,past_gap_clean,VOL_COMPRESSION,BTC,2022,-0.009894585369290443,-1.0547387787756446,0.009379365239365944,-0.01214828758385822,-0.8144839592402854,0.9901121535117567,0.00273972602739726,1.9938982497302062,0.014926124554479399,-0.00936600833729917
cost_stress,past_gap_clean,VOL_COMPRESSION,BTC,2023,-0.010677873342714306,-1.2771847459794252,0.008372057494498188,-0.010670603869837536,-1.000681261619815,0.9893293961301625,0.00273972602739726,1.9939205955334987,0.014920209511293548,-0.007900350840759462
cost_stress,past_gap_clean,VOL_COMPRESSION,BTC,2024,0.0,,0.0,0.0,,1.0,0.0,0.0,0.0,0.0
cost_stress,past_gap_clean,VOL_COMPRESSION,BTC,2025,-0.016187593570911263,-1.5686767380901323,0.010362064351660361,-0.026844157794815193,-0.6030211003318499,0.983867356155733,0.005494505494505495,3.9987967115348444,0.02983604524753381,-0.008102550242795936
cost_stress,past_gap_clean,VOL_COMPRESSION,ETH,full,-0.005381719133518481,-0.5183126328905328,0.010301191398694119,-0.043464663253421465,-0.12381826363499644,0.968148175612533,0.0013692377909630307,0.9965042529961264,0.04437001952284712,-0.016233241140696797
cost_stress,past_gap_clean,VOL_COMPRESSION,ETH,2020_2022,0.0,,0.0,0.0,,1.0,0.0,0.0,0.0,0.0
cost_stress,past_gap_clean,VOL_COMPRESSION,ETH,2023_end,-0.01073935053849262,-0.7332747983934313,0.014569369233806117,-0.043464663253421465,-0.24708233619288966,0.968148175612533,0.0027397260273972603,1.993918555538368,0.04437001952284712,-0.016233241140696797
cost_stress,past_gap_clean,VOL_COMPRESSION,ETH,2020,0.0,,0.0,0.0,,1.0,0.0,0.0,0.0,0.0
cost_stress,past_gap_clean,VOL_COMPRESSION,ETH,2021,0.0,,0.0,0.0,,1.0,0.0,0.0,0.0,0.0
cost_stress,past_gap_clean,VOL_COMPRESSION,ETH,2022,0.0,,0.0,0.0,,1.0,0.0,0.0,0.0,0.0
cost_stress,past_gap_clean,VOL_COMPRESSION,ETH,2023,-0.03187328927400823,-1.2707828560177334,0.025220716278272385,-0.043464663253421465,-0.7333149940256174,0.968148175612533,0.00821917808219178,5.981755666615103,0.04437001952284712,-0.016233241140696797
cost_stress,past_gap_clean,VOL_COMPRESSION,ETH,2024,0.0,,0.0,0.0,,1.0,0.0,0.0,0.0,0.0
cost_stress,past_gap_clean,VOL_COMPRESSION,ETH,2025,0.0,,0.0,0.0,,1.0,0.0,0.0,0.0,0.0
cost_stress,past_gap_clean,VOL_COMPRESSION,MIX,full,-0.0070620038533038,-1.0077647190513235,0.007003174888781524,-0.04271101093469365,-0.1653438703219131,0.958378346458056,0.001824068222759211,1.3295634444317865,0.05862568646776058,-0.008270145868597867
cost_stress,past_gap_clean,VOL_COMPRESSION,MIX,2020_2022,-0.004256769674003902,-1.0166225248590401,0.004184580405493759,-0.013831378715262743,-0.3077617757155773,0.987281091422854,0.0009052296549629985,0.6605117044075426,0.01478693504802573,-0.004644705525153392
cost_stress,past_gap_clean,VOL_COMPRESSION,MIX,2023_end,-0.009861886087831562,-1.098604246224645,0.008978234592146445,-0.03630373437848733,-0.27164935664787876,0.970724907814102,0.002743745912535146,1.9992261906113038,0.04440351567612333,-0.008270145868597867
cost_stress,past_gap_clean,VOL_COMPRESSION,MIX,2020,-0.007836602702159357,-1.4122421653177448,0.005556105873546654,-0.009181284890297459,-0.853540958133308,0.9921473690576893,0.0013581422276477122,0.9921649517874364,0.007441082118311319,-0.00414168190611186
cost_stress,past_gap_clean,VOL_COMPRESSION,MIX,2021,0.0,,0.0,0.0,,1.0,0.0,0.0,0.0,0.0
cost_stress,past_gap_clean,VOL_COMPRESSION,MIX,2022,-0.004908144354942134,-1.0547528555881578,0.004651333065416905,-0.006026068263054962,-0.8144853560709437,0.9950952068345884,0.0013563058808777632,0.988461522401274,0.007403993760212531,-0.004644705525153392
cost_stress,past_gap_clean,VOL_COMPRESSION,MIX,2023,-0.02141214833933336,-1.4674856024579104,0.014665678200873873,-0.027377782206871593,-0.7820994475571177,0.978602349546548,0.005505916199044595,4.009627677031069,0.029834811982364363,-0.008270145868597867
cost_stress,past_gap_clean,VOL_COMPRESSION,MIX,2024,0.0,,0.0,0.0,,1.0,0.0,0.0,0.0,0.0
cost_stress,past_gap_clean,VOL_COMPRESSION,MIX,2025,-0.0080772173135778,-1.5684981117046264,0.005158486070039544,-0.013452430836575102,-0.6004280870649104,0.9919503138980852,0.0027328086856448007,1.993512573085268,0.014887255993723723,-0.0040370057663653425
cost_stress,past_gap_clean,VOL_EXPANSION,BTC,full,-0.008598061168249904,-0.13144219646058417,0.05421891917558519,-0.14835512401613393,-0.057955943384300275,0.9495191262015099,0.004107713372889092,2.989526783314837,0.12826773029493077,-0.07626538652552961
cost_stress,past_gap_clean,VOL_EXPANSION,BTC,2020_2022,-0.027289412160727333,-0.33741718109032603,0.07369560916822904,-0.14835512401613393,-0.18394654274131814,0.9203281473057434,0.006386861313868613,4.64825559170974,0.10023891765627119,-0.07626538652552961
cost_stress,past_gap_clean,VOL_EXPANSION,BTC,2023_end,0.010470021893751902,0.502725288672907,0.02114287416608093,-0.03332200387290907,0.31420745083893575,1.0317180116475009,0.00182648401826484,1.3292831540903491,0.03045523786348793,-0.014624730674143493
cost_stress,past_gap_clean,VOL_EXPANSION,BTC,2020,-0.039855528900203385,-0.5201397555019849,0.07289470978828679,-0.07446150704063859,-0.5352500974557441,0.9600642885540628,0.00546448087431694,3.9769474326662833,0.029564318552419,-0.06366207270283131
cost_stress,past_gap_clean,VOL_EXPANSION,BTC,2021,0.031150069764535493,0.8847545610872215,0.03534018202731734,-0.020302834373698064,1.5342719736161476,1.0311284202501347,0.005479452054794521,3.987871388054169,0.030776800938661232,-0.011947716535212538
cost_stress,past_gap_clean,VOL_EXPANSION,BTC,2022,-0.07037468872119279,-0.6879220407867359,0.09872440388327768,-0.1343247752534158,-0.5239144349091566,0.9296717451325773,0.00821917808219178,5.981787154844503,0.04154443086829021,-0.07626538652552961
cost_stress,past_gap_clean,VOL_EXPANSION,BTC,2023,0.0,,0.0,0.0,,1.0,0.0,0.0,0.0,0.0
cost_stress,past_gap_clean,VOL_EXPANSION,BTC,2024,0.014227613301482256,0.44722795366908435,0.03274743331852994,-0.03332200387290907,0.4269735204325262,1.0142570353897788,0.0027322404371584695,1.98838292786903,0.01510857958126546,-0.014624730674143493
cost_stress,past_gap_clean,VOL_EXPANSION,BTC,2025,0.017275160798560174,1.0527672641940478,0.01638418815064939,-0.021086132007928304,0.8192664634777388,1.0172155337833193,0.002747252747252747,1.9994969838705146,0.015130935992299773,0.0
cost_stress,past_gap_clean,VOL_EXPANSION,ETH,full,-0.06661736284566933,-0.7745357705163686,0.0841881592309744,-0.4220813078575604,-0.15783063974998549,0.6613011730976076,0.00867183934276586,6.310983444530941,0.23018349130342558,-0.11876903593184684
cost_stress,past_gap_clean,VOL_EXPANSION,ETH,2020_2022,-0.09147759607249917,-0.8986467295838374,0.10077277442951826,-0.3357030814130617,-0.27249555079282006,0.7498569246895683,0.010036496350364963,7.304080320612114,0.14902417339919014,-0.11876903593184684
cost_stress,past_gap_clean,VOL_EXPANSION,ETH,2023_end,-0.04105322870739181,-0.628195784345274,0.0634057176369388,-0.1863648029046585,-0.22028423858765883,0.8819031355499961,0.0073059360730593605,5.316979630663393,0.10823307117932456,-0.076017439684118
cost_stress,past_gap_clean,VOL_EXPANSION,ETH,2020,0.06824991728156049,1.201360133629066,0.05618884324645736,-0.03663271524331857,1.8630865014574254,1.0683947478273117,0.005464480874316939,3.9760847209204035,0.030621354222182807,-0.002365976109411916
cost_stress,past_gap_clean,VOL_EXPANSION,ETH,2021,-0.11657987494053679,-1.4842310540894754,0.08120173004240966,-0.13440810321774388,-0.8673574892406226,0.8834950795124499,0.010958904109589041,7.975626889950216,0.05555433425956139,-0.04287079516628178
cost_stress,past_gap_clean,VOL_EXPANSION,ETH,2022,-0.20571920307714076,-1.5237879541195545,0.14378071817362237,-0.23702166349191722,-0.8679341797133074,0.7944060205839932,0.0136986301369863,9.969647147129262,0.06255696058120072,-0.11876903593184684
cost_stress,past_gap_clean,VOL_EXPANSION,ETH,2023,0.0,,0.0,0.0,,1.0,0.0,0.0,0.0,0.0
cost_stress,past_gap_clean,VOL_EXPANSION,ETH,2024,-0.08901372960100074,-1.075444228989163,0.08325792199595945,-0.13759715829187602,-0.6469154647233457,0.9108118950377407,0.00819672131147541,5.965245407350334,0.04291470912373777,-0.076017439684118
cost_stress,past_gap_clean,VOL_EXPANSION,ETH,2025,-0.03184679121908485,-0.41574148560879987,0.0716567100453965,-0.10295886898990758,-0.30931566684368483,0.9682604502145344,0.013736263736263733,9.996738671665364,0.07171443676949368,-0.031910601154724216
cost_stress,past_gap_clean,VOL_EXPANSION,MIX,full,-0.03543253625058451,-0.5980753819816438,0.05741887977508305,-0.23123598853543126,-0.1532310626689294,0.8054101496495587,0.00614203583653876,4.471960538991172,0.17922561079917818,-0.09701139649358659
cost_stress,past_gap_clean,VOL_EXPANSION,MIX,2020_2022,-0.058289343787682246,-0.7630284366097587,0.07482878327705533,-0.20055661554421744,-0.29063785120980457,0.8350925359976559,0.00816333245389264,5.9506558270777035,0.12463154552773065,-0.09701139649358659
cost_stress,past_gap_clean,VOL_EXPANSION,MIX,2023_end,-0.011999319763819738,-0.3670628232242538,0.031505140878170634,-0.0899353091039442,-0.13342167701843696,0.9644561709408208,0.004118893286200995,2.9919148442488526,0.06537486915294471,-0.033874012188870095
cost_stress,past_gap_clean,VOL_EXPANSION,MIX,2020,0.014200153285927719,0.3286658436342838,0.04610341015802407,-0.039856993645927874,0.35627758109594715,1.0142295181906873,0.0054825487759617925,4.003065645197336,0.0300928363873009,-0.03157780478488448
cost_stress,past_gap_clean,VOL_EXPANSION,MIX,2021,-0.04666163304145621,-1.0404716050068827,0.04492125037850313,-0.07101262181684209,-0.6570892870538889,0.9533695486045318,0.008291530247275995,6.0327612503324834,0.04382719337418727,-0.022452338812807282
cost_stress,past_gap_clean,VOL_EXPANSION,MIX,2022,-0.13643809630817527,-1.2433094510871063,0.11252286540468448,-0.15494544905259233,-0.8805556868073279,0.8636486127893981,0.010723262951256382,7.821476449215293,0.051800636087537676,-0.09701139649358659
cost_stress,past_gap_clean,VOL_EXPANSION,MIX,2023,0.0,,0.0,0.0,,1.0,0.0,0.0,0.0,0.0
cost_stress,past_gap_clean,VOL_EXPANSION,MIX,2024,-0.032121468694388255,-0.70406771402918,0.044895429220237905,-0.07485723451776405,-0.4291030640033282,0.9678136464988754,0.0050891299103799,3.692225606144076,0.02759259655390463,-0.033874012188870095
cost_stress,past_gap_clean,VOL_EXPANSION,MIX,2025,-0.003481026819198041,-0.09684424506621682,0.03103238825716775,-0.037009204097322335,-0.09405840801234355,0.99653086565766,0.007273534618656721,5.287890611548795,0.03903878885746212,-0.013601425373111264
cost_stress,past_gap_clean,HIGH_VOL,BTC,full,-0.0472967858808665,-0.36195381205682337,0.11385849110245307,-0.31358388660468606,-0.1508265822997798,0.7477812782545751,0.003194888178913738,2.325423876058095,0.08448035056777074,-0.2079857977834999
cost_stress,past_gap_clean,HIGH_VOL,BTC,2020_2022,-0.10053979861442985,-0.573699522517027,0.1597831842631605,-0.31358388660468606,-0.32061532147910893,0.7276363014854337,0.005474452554744526,3.9846923406352146,0.07341296302422809,-0.2079857977834999
cost_stress,past_gap_clean,HIGH_VOL,BTC,2023_end,0.009150913888567036,0.47458596427987804,0.019576190609736577,-0.024968503212514537,0.36649829630077624,1.027685502672168,0.00091324200913242,0.6646400978146946,0.015210054145112228,-0.0055695549971961356
cost_stress,past_gap_clean,HIGH_VOL,BTC,2020,-0.18404723179053806,-0.7995371781264612,0.21973048942106982,-0.31358388660468606,-0.5869154623450213,0.8156120512338131,0.005464480874316939,3.978475836925928,0.026284412617517343,-0.2079857977834999
cost_stress,past_gap_clean,HIGH_VOL,BTC,2021,0.0024362612805914896,0.07907481901518412,0.04184434262986771,-0.06273771426736163,0.03883248392201816,1.0024345917223938,0.005479452054794521,3.987840988382264,0.030455796821151654,-0.031380214825886266
cost_stress,past_gap_clean,HIGH_VOL,BTC,2022,-0.11010246471240548,-0.6279309678515642,0.16307297241124463,-0.1502126757412926,-0.7329771883035497,0.8899685891950582,0.005479452054794521,3.9877772281144632,0.027260882184434093,-0.13948381174077384
cost_stress,past_gap_clean,HIGH_VOL,BTC,2023,0.0,,0.0,0.0,,1.0,0.0,0.0,0.0,0.0
cost_stress,past_gap_clean,HIGH_VOL,BTC,2024,0.027627993507564952,0.8206405951520812,0.03387061731779284,-0.024968503212514537,1.106513805509873,1.027685502672168,0.0027322404371584695,1.9884724237898648,0.015210054145112228,-0.0055695549971961356
cost_stress,past_gap_clean,HIGH_VOL,BTC,2025,0.0,,0.0,0.0,,1.0,0.0,0.0,0.0,0.0
cost_stress,past_gap_clean,HIGH_VOL,ETH,full,0.01423183915596593,0.17383727313624336,0.13241745914086261,-0.21082339056820654,0.06750597795438444,1.0884664277505935,0.009128251939753538,6.643292787466224,0.3012763771603272,-0.17107397092759946
cost_stress,past_gap_clean,HIGH_VOL,ETH,2020_2022,-0.02206285992362378,-0.049348282368780035,0.16571406733348915,-0.21082339056820654,-0.10465091119235131,0.9352467084675937,0.014598540145985401,10.624303322812516,0.2396538074641288,-0.17107397092759946
cost_stress,past_gap_clean,HIGH_VOL,ETH,2023_end,0.05190856937198185,0.6218484122061023,0.0872308649041102,-0.07228923089032824,0.7180678052963879,1.1638281299423667,0.00365296803652968,2.6586466260602553,0.06588910619869197,-0.07054788772445753
cost_stress,past_gap_clean,HIGH_VOL,ETH,2020,-0.07247435083555931,-1.855258680088327,0.04008273382981124,-0.08965646745969091,-0.8083560828240685,0.9273823702212113,0.01092896174863388,7.953088637412765,0.0582918120342749,-0.02611976060485066
cost_stress,past_gap_clean,HIGH_VOL,ETH,2021,0.15250237040821335,0.9402626729403776,0.16525549643901122,-0.13995943803429034,1.0896183390708525,1.1523904107126601,0.021917808219178082,15.952174826857748,0.13131390779594096,-0.09300126007996179
cost_stress,past_gap_clean,HIGH_VOL,ETH,2022,-0.12495973529851101,-0.4552296988194109,0.23146889822429037,-0.17881142999565747,-0.6988352774850339,0.8751202170736144,0.010958904109589041,7.974964900565388,0.05575318345974689,-0.17107397092759946
cost_stress,past_gap_clean,HIGH_VOL,ETH,2023,0.0,,0.0,0.0,,1.0,0.0,0.0,0.0,0.0
cost_stress,past_gap_clean,HIGH_VOL,ETH,2024,0.10601488364786493,1.4344090391968136,0.07194398549913847,-0.06584320078183481,1.610111330995818,1.106243748753232,0.00546448087431694,3.9771995862278637,0.03171555033557161,-0.002495715392142994
cost_stress,past_gap_clean,HIGH_VOL,ETH,2025,0.05223731861729419,0.4464317680731636,0.13309105134224755,-0.07228923089032824,0.7226154985179564,1.052053972059986,0.005494505494505493,3.9987994697158835,0.030891524495966577,-0.07054788772445753
cost_stress,past_gap_clean,HIGH_VOL,MIX,full,-0.014139497483617647,-0.0733595046930663,0.10927303371604331,-0.21816810633250927,-0.06481010318743698,0.9181238530025844,0.0064798895398741055,4.725851399529527,0.19287836386404894,-0.15730876901162538
cost_stress,past_gap_clean,HIGH_VOL,MIX,2020_2022,-0.05966342417335557,-0.34971911163179964,0.14445806420491397,-0.21816810633250927,-0.2734745475693993,0.8314415049765137,0.010430665415006635,7.619199113330844,0.15653338524417842,-0.15730876901162538
cost_stress,past_gap_clean,HIGH_VOL,MIX,2023_end,0.033632977095079175,0.6297399052547284,0.05482601681046959,-0.047437337094570986,0.708997999361316,1.1042554978398862,0.002525505650243737,1.8298613590489374,0.04371321181626262,-0.042749695985373926
cost_stress,past_gap_clean,HIGH_VOL,MIX,2020,-0.12825712349601992,-1.155144719071553,0.1128690248939162,-0.17021468926418726,-0.7535020863972219,0.8714972107275122,0.008192755415025213,5.9976803940449,0.042288112325896125,-0.10470756480884169
cost_stress,past_gap_clean,HIGH_VOL,MIX,2021,0.08227906531886564,0.831494586508139,0.10121821178201656,-0.10168014084259769,0.809195036877799,1.0822204941509086,0.014572835699695467,10.64565354565407,0.08411863868713612,-0.06536856955122361
cost_stress,past_gap_clean,HIGH_VOL,MIX,2022,-0.11852003668158684,-0.5277207244899931,0.199201536894305,-0.16445291406930085,-0.7206928338870433,0.8815560797794778,0.008532536390573142,6.218705917332707,0.043403510533838216,-0.15730876901162538
cost_stress,past_gap_clean,HIGH_VOL,MIX,2023,0.0,,0.0,0.0,,1.0,0.0,0.0,0.0,0.0
cost_stress,past_gap_clean,HIGH_VOL,MIX,2024,0.07171618094159293,1.3084032868000124,0.053982452518624845,-0.047437337094570986,1.511808742523209,1.0718686115442573,0.004314295315674183,3.1344836800544367,0.024493155175886242,-0.0038191840723096337
cost_stress,past_gap_clean,HIGH_VOL,MIX,2025,0.030320669905285813,0.4197677609034648,0.0782433794391586,-0.043804892580882715,0.6921754196589065,1.0302153509738181,0.0032593313227476397,2.3529592342270953,0.01793135504983746,-0.042749695985373926
cost_stress,past_gap_clean,UNKNOWN,BTC,full,0.0,,0.0,0.0,,1.0,0.0,0.0,0.0,0.0
cost_stress,past_gap_clean,UNKNOWN,BTC,2020_2022,0.0,,0.0,0.0,,1.0,0.0,0.0,0.0,0.0
cost_stress,past_gap_clean,UNKNOWN,BTC,2023_end,0.0,,0.0,0.0,,1.0,0.0,0.0,0.0,0.0
cost_stress,past_gap_clean,UNKNOWN,BTC,2020,0.0,,0.0,0.0,,1.0,0.0,0.0,0.0,0.0
cost_stress,past_gap_clean,UNKNOWN,BTC,2021,0.0,,0.0,0.0,,1.0,0.0,0.0,0.0,0.0
cost_stress,past_gap_clean,UNKNOWN,BTC,2022,0.0,,0.0,0.0,,1.0,0.0,0.0,0.0,0.0
cost_stress,past_gap_clean,UNKNOWN,BTC,2023,0.0,,0.0,0.0,,1.0,0.0,0.0,0.0,0.0
cost_stress,past_gap_clean,UNKNOWN,BTC,2024,0.0,,0.0,0.0,,1.0,0.0,0.0,0.0,0.0
cost_stress,past_gap_clean,UNKNOWN,BTC,2025,0.0,,0.0,0.0,,1.0,0.0,0.0,0.0,0.0
cost_stress,past_gap_clean,UNKNOWN,ETH,full,0.0,,0.0,0.0,,1.0,0.0,0.0,0.0,0.0
cost_stress,past_gap_clean,UNKNOWN,ETH,2020_2022,0.0,,0.0,0.0,,1.0,0.0,0.0,0.0,0.0
cost_stress,past_gap_clean,UNKNOWN,ETH,2023_end,0.0,,0.0,0.0,,1.0,0.0,0.0,0.0,0.0
cost_stress,past_gap_clean,UNKNOWN,ETH,2020,0.0,,0.0,0.0,,1.0,0.0,0.0,0.0,0.0
cost_stress,past_gap_clean,UNKNOWN,ETH,2021,0.0,,0.0,0.0,,1.0,0.0,0.0,0.0,0.0
cost_stress,past_gap_clean,UNKNOWN,ETH,2022,0.0,,0.0,0.0,,1.0,0.0,0.0,0.0,0.0
cost_stress,past_gap_clean,UNKNOWN,ETH,2023,0.0,,0.0,0.0,,1.0,0.0,0.0,0.0,0.0
cost_stress,past_gap_clean,UNKNOWN,ETH,2024,0.0,,0.0,0.0,,1.0,0.0,0.0,0.0,0.0
cost_stress,past_gap_clean,UNKNOWN,ETH,2025,0.0,,0.0,0.0,,1.0,0.0,0.0,0.0,0.0
cost_stress,past_gap_clean,UNKNOWN,MIX,full,0.0,,0.0,0.0,,1.0,0.0,0.0,0.0,0.0
cost_stress,past_gap_clean,UNKNOWN,MIX,2020_2022,0.0,,0.0,0.0,,1.0,0.0,0.0,0.0,0.0
cost_stress,past_gap_clean,UNKNOWN,MIX,2023_end,0.0,,0.0,0.0,,1.0,0.0,0.0,0.0,0.0
cost_stress,past_gap_clean,UNKNOWN,MIX,2020,0.0,,0.0,0.0,,1.0,0.0,0.0,0.0,0.0
cost_stress,past_gap_clean,UNKNOWN,MIX,2021,0.0,,0.0,0.0,,1.0,0.0,0.0,0.0,0.0
cost_stress,past_gap_clean,UNKNOWN,MIX,2022,0.0,,0.0,0.0,,1.0,0.0,0.0,0.0,0.0
cost_stress,past_gap_clean,UNKNOWN,MIX,2023,0.0,,0.0,0.0,,1.0,0.0,0.0,0.0,0.0
cost_stress,past_gap_clean,UNKNOWN,MIX,2024,0.0,,0.0,0.0,,1.0,0.0,0.0,0.0,0.0
cost_stress,past_gap_clean,UNKNOWN,MIX,2025,0.0,,0.0,0.0,,1.0,0.0,0.0,0.0,0.0
delay_stress,original,ALL,BTC,full,-0.04446675910582465,-0.24180726476557413,0.14285397340586092,-0.3470994004306325,-0.1281095820121167,0.7612053655003918,0.02282062984938385,16.64553711583831,0.23731502046015607,-0.2075153939943002
delay_stress,original,ALL,BTC,2020_2022,-0.07661454839169768,-0.3329537186265107,0.18405625284968777,-0.3152380016784234,-0.24303715917426966,0.7872730578347911,0.023722627737226287,17.303491265627816,0.1292243952546949,-0.2075153939943002
delay_stress,original,ALL,BTC,2023_end,-0.011168836045561736,-0.09338385452991511,0.08330802043660714,-0.16434649241787058,-0.06795907768547707,0.966888626411156,0.02191780821917809,15.986982094679126,0.1372975032357121,-0.062226569399912335
delay_stress,original,ALL,BTC,2020,-0.22785359235055724,-0.9432459659959519,0.23979500542996382,-0.3152380016784234,-0.7227986192571807,0.7717365319420657,0.027322404371584706,19.9293053565461,0.0507485481015132,-0.2075153939943002
delay_stress,original,ALL,BTC,2021,0.11075615342665657,1.4999077017867326,0.07168675274269082,-0.08081501815807746,1.3704897425131184,1.1106762966532504,0.01643835616438356,11.990190127390948,0.03833457590478509,-0.03161541740733298
delay_stress,original,ALL,BTC,2022,-0.08157535031089058,-0.32796555341419553,0.19737649736795615,-0.15721205609662137,-0.5188873699403497,0.9184781445568829,0.027397260273972608,19.98378430173841,0.05703982329164141,-0.1351149107959535
delay_stress,original,ALL,BTC,2023,0.021000711508908587,0.3248615709918845,0.07149947567086834,-0.04207942879274018,0.49907311271610627,1.0209861875199466,0.02191780821917809,15.987124209897656,0.04715751832832261,-0.01436045806624442
delay_stress,original,ALL,BTC,2024,-0.11375598162739964,-1.155316980714978,0.10004558936793766,-0.1621790247951117,-0.7014222817723368,0.8860242808491485,0.024590163934426236,17.936163319184406,0.04927422424151627,-0.062226569399912335
delay_stress,original,ALL,BTC,2025,0.06908009469259246,0.9229443207095597,0.07532980272510675,-0.05390259318626389,1.2815727520544649,1.068835724937385,0.019230769230769235,14.026948577581058,0.0440314676761519,-0.032769716696793516
delay_stress,original,ALL,ETH,full,0.10483044863488677,0.6468529173537876,0.17854524599446328,-0.300148672884215,0.34926174294738943,1.8185051683439133,0.029666818804199004,21.63881467167468,0.5030865976552965,-0.16731702596014653
delay_stress,original,ALL,ETH,2020_2022,0.06116200226871893,0.3967165184144088,0.20173423010167102,-0.300148672884215,0.2037723561493564,1.1949857272513174,0.03284671532846716,23.95786763390777,0.26060517322539467,-0.16731702596014653
delay_stress,original,ALL,ETH,2023_end,0.15033828324457854,0.9939691167125129,0.1519022142852025,-0.14520883263374218,1.0353246460136092,1.5217798228660044,0.026484018264840186,19.317643852855078,0.20291574945221555,-0.06742976189650507
delay_stress,original,ALL,ETH,2020,0.0823636420467504,0.8945332075527532,0.09315398393140796,-0.08243309950265176,0.999157408173168,1.0825395620077836,0.024590163934426236,17.93501210142678,0.05565780999557269,-0.023128002983007434
delay_stress,original,ALL,ETH,2021,0.3622034901008071,1.6024921763164903,0.20567176957590105,-0.14552501296815012,2.488943190680764,1.3619153193503144,0.038356164383561646,27.97724562641879,0.09794871716287519,-0.06517899042285302
delay_stress,original,ALL,ETH,2022,-0.18958709296698517,-0.648277975162989,0.2666014761662977,-0.2778470233079029,-0.6823434374421555,0.8105295191395223,0.03561643835616439,25.977846147939328,0.06709094220110032,-0.16731702596014653
delay_stress,original,ALL,ETH,2023,-0.03676235923285931,-0.9526553483234066,0.038506435167819236,-0.04549940102341676,-0.8079745756199991,0.9632623352572012,0.021917808219178082,15.987035720785626,0.04679878954864118,-0.02688632902187338
delay_stress,original,ALL,ETH,2024,0.2162719455672497,1.227257814724413,0.1706683494030114,-0.14520883263374218,1.4893856086065291,1.216761026149829,0.02459016393442623,17.936061466622576,0.062369572320117715,-0.05025753925787102
delay_stress,original,ALL,ETH,2025,0.29954517670205916,1.4268623873180872,0.19650244523492316,-0.10731188480146137,2.791351370412049,1.2983804030737192,0.032967032967032975,24.046575505510145,0.08194008369079098,-0.06742976189650507
delay_stress,original,ALL,MIX,full,0.04334442853700193,0.3646078877395475,0.14604658925434574,-0.2419773844693056,0.1791259486173184,1.2898552669221526,0.027087366276925595,19.773656688853755,0.37020080905772634,-0.15446127386927033
delay_stress,original,ALL,MIX,2020_2022,-0.0029649801021816025,0.07220462762705132,0.17250865690251985,-0.2419773844693056,-0.012253128980149403,0.9911293925430542,0.02915185479845589,21.29633161242817,0.19491478424004477,-0.15446127386927033
delay_stress,original,ALL,MIX,2023_end,0.09185004518860995,0.8282509681753323,0.11358973517170498,-0.14281855866877669,0.6431240172478397,1.3013994707720484,0.025020992377750063,18.24959119457288,0.1768548346325701,-0.05614511014984225
delay_stress,original,ALL,MIX,2020,-0.07271821115544763,-0.5198907113173292,0.12852494549452473,-0.16770913550076005,-0.43359719754275444,0.9271380469749246,0.025524228107646152,18.693351377144662,0.05320317904854294,-0.10345543714971417
delay_stress,original,ALL,MIX,2021,0.25754866026797774,1.710858240224856,0.13948727048420806,-0.11339629275490881,2.2712264573290355,1.2573514236621948,0.029617995632386818,21.607487535724466,0.07313773524959213,-0.05132733966105385
delay_stress,original,ALL,MIX,2022,-0.1498784869326797,-0.5815343566131643,0.23083599083041303,-0.22518653525722354,-0.6655748167246243,0.850216001080766,0.03232327935859719,23.595287377114783,0.06339572563352201,-0.15446127386927033
delay_stress,original,ALL,MIX,2023,-0.013821478726000591,-0.3559960963586418,0.03714886068905769,-0.0388591974858844,-0.3556810129962473,0.9861879159244707,0.021950093608609774,16.013358331534754,0.04694126211853869,-0.016223942976717032
delay_stress,original,ALL,MIX,2024,0.08059879459235764,0.6871724749571939,0.12351175797687593,-0.14281855866877669,0.5643439854289632,1.0807708061640853,0.024599433963766376,17.93912571892092,0.05698511083737592,-0.043519988288336586
delay_stress,original,ALL,MIX,2025,0.22184224635169913,1.4191496159525507,0.14863744757608105,-0.07932556847546701,2.796604557839484,1.2210047237506727,0.028524202350975983,20.80413888440127,0.06916172202218765,-0.05614511014984225
delay_stress,original,TREND_UP,BTC,full,-0.005985864305490751,-0.09883744946155448,0.048663403540472314,-0.15002150034232897,-0.039900042939390756,0.9646259304707132,0.0054769511638521244,3.994923130905329,0.0708629558728846,-0.062226569399912446
delay_stress,original,TREND_UP,BTC,2020_2022,-0.0014831200835608849,-0.002815044083542097,0.05190277569406004,-0.08245772289195386,-0.017986430276570327,0.9955562240425125,0.004562043795620439,3.3275742003939306,0.02997744513315559,-0.04556437150149173
delay_stress,original,TREND_UP,BTC,2023_end,-0.010472388007239708,-0.20962874306759735,0.045211757148707926,-0.11321582207932213,-0.09249933282207203,0.9689316456219769,0.006392694063926943,4.662881512494819,0.04106800776525818,-0.062226569399912446
delay_stress,original,TREND_UP,BTC,2020,-0.02681871046627693,-0.3955884921289556,0.06355905232995264,-0.08245772289195386,-0.3252419485488105,0.9731269669633145,0.008196721311475414,5.97876459510626,0.018079416843477407,-0.04556437150149173
delay_stress,original,TREND_UP,BTC,2021,0.0,,0.0,0.0,,1.0,0.0,0.0,0.0,0.0
delay_stress,original,TREND_UP,BTC,2022,0.023064611469007845,0.3892946101398354,0.06363660961488576,-0.06156582334742844,0.3746333633654107,1.0230486440522655,0.005479452054794522,3.996694470747555,0.012226593952900622,-0.024633325761431624
delay_stress,original,TREND_UP,BTC,2023,-0.013763658685601587,-0.6955915766121691,0.019634792129566404,-0.0323520922369801,-0.4254333409036532,0.9862456969384847,0.010958904109589045,7.993570575455244,0.023746270964074608,-0.009650347503257328
delay_stress,original,TREND_UP,BTC,2024,-0.03592443204183238,-0.46823536526895576,0.07235681626658051,-0.10709255408261142,-0.3354521922609129,0.9640031450509758,0.005464480874316942,3.9857772369478544,0.01172374644257135,-0.062226569399912446
delay_stress,original,TREND_UP,BTC,2025,0.019196278165982905,0.8561516324869746,0.022484717315619466,-0.013960074821220969,1.3750841891479182,1.0191299580824267,0.002747252747252748,2.0038668335652385,0.006057616562419084,-0.003041046984072149
delay_stress,original,TREND_UP,ETH,full,0.003612921455947493,0.15159023322261803,0.02596862696162953,-0.07040110856625736,0.05131909893929049,1.0218692276349528,0.003651300775901416,2.6633244769326976,0.04904892810377819,-0.02688632902187349
delay_stress,original,TREND_UP,ETH,2020_2022,0.01048774672855668,0.3687570829341938,0.029421387738616182,-0.031044964726220425,0.3378244047318495,1.0318017404192776,0.0027372262773722638,1.996575485039504,0.01877904436395368,-0.018139745705884835
delay_stress,original,TREND_UP,ETH,2023_end,-0.003221345518920282,-0.13566526877477186,0.021984091641940078,-0.04116799859362896,-0.07824877645178525,0.9903736227656597,0.004566210045662102,3.3306823720148344,0.02933691866765431,-0.02688632902187349
delay_stress,original,TREND_UP,ETH,2020,0.0526352390298932,1.1019141407610722,0.04751888174030349,-0.028179600237399516,1.8678490321532861,1.052746121233562,0.005464480874316942,3.985891594775306,0.012525532996820188,-0.004658548029346621
delay_stress,original,TREND_UP,ETH,2021,0.0,,0.0,0.0,,1.0,0.0,0.0,0.0,0.0
delay_stress,original,TREND_UP,ETH,2022,-0.01990848705376369,-1.0935475499256984,0.01822273292476312,-0.02237679993191033,-0.8896932141478052,0.9801050031039367,0.002739726027397261,1.998384679220643,0.005940189416044491,-0.018139745705884835
delay_stress,original,TREND_UP,ETH,2023,-0.03438194071243039,-1.2624585648835263,0.027391451673345512,-0.03435881655535844,-1.0006730196028346,0.9656411834446416,0.008219178082191782,5.995130781400912,0.017542309993932605,-0.02688632902187349
delay_stress,original,TREND_UP,ETH,2024,0.0,,0.0,0.0,,1.0,0.0,0.0,0.0,0.0
delay_stress,original,TREND_UP,ETH,2025,0.02570152848602003,0.9720842271438651,0.026441700894969746,-0.040359496250303994,0.6368148979517168,1.025612452891448,0.005494505494505496,4.00789687402448,0.012214276768569352,-0.003418992052666159
delay_stress,original,TREND_UP,MIX,full,-0.001128840356681371,-0.027908770538750863,0.02719219055900548,-0.1051627109955694,-0.010734226476235764,0.993247579052833,0.004539258380435749,3.3187500473879896,0.059955941988331395,-0.03088543023028245
delay_stress,original,TREND_UP,MIX,2020_2022,0.004537989099470563,0.1690943907489566,0.02927796975215846,-0.04168094450236137,0.10887443059773921,1.0136789822308951,0.003611323255111357,2.641951065806149,0.024378244748554635,-0.02247759969939578
delay_stress,original,TREND_UP,MIX,2023_end,-0.006768833363479887,-0.2595697665322094,0.024940331232281208,-0.07094089420828664,-0.09541511196075698,0.9798443061992892,0.005468040935098336,3.996167110231548,0.03509759782281142,-0.03088543023028245
delay_stress,original,TREND_UP,MIX,2020,0.012909864403346516,0.34598304140346253,0.039263654019156935,-0.04168094450236137,0.3097306108937893,1.0129365440984381,0.00676716306018237,4.956774330986603,0.015302474920148797,-0.02247759969939578
delay_stress,original,TREND_UP,MIX,2021,0.0,,0.0,0.0,,1.0,0.0,0.0,0.0,0.0
delay_stress,original,TREND_UP,MIX,2022,0.0007334584209619521,0.038715235982654486,0.03213227586660768,-0.030445498953059702,0.024090865519819024,1.000732956212097,0.004058160568699452,2.9627368848834057,0.008959860201789549,-0.011991631180560125
delay_stress,original,TREND_UP,MIX,2023,-0.024257145870496544,-1.4207615526896564,0.017167412964950418,-0.031036598783095615,-0.7815658552028076,0.9757592543584819,0.009582913727717347,6.991429617399655,0.020588832643513813,-0.013683504129286428
delay_stress,original,TREND_UP,MIX,2024,-0.01783033455289107,-0.4867754299277603,0.03561735432602801,-0.053472039453206,-0.3334515521610991,0.9821333818855962,0.0026590018643356263,1.9565129672002282,0.005818944484348652,-0.03088543023028245
delay_stress,original,TREND_UP,MIX,2025,0.02253230976764775,1.2941781446269172,0.017320721944862994,-0.021041180515000257,1.0708671859729766,1.022454337802825,0.0041663368982665025,3.043536893838976,0.00921490043810025,-0.001772633539091517
delay_stress,original,TREND_DOWN,BTC,full,0.0018254103051305037,0.06440753884321947,0.04153401587227952,-0.10852169771788756,0.016820694326731146,1.0110000414508757,0.006846188954815153,4.993653679344438,0.09002800838908329,-0.03276971669679363
delay_stress,original,TREND_DOWN,BTC,2020_2022,0.014059021533922689,0.5268108175636981,0.027178478361212115,-0.05091595256528336,0.276122135118586,1.0427827763500699,0.005474452554744526,3.993058595592495,0.03627078451786715,-0.014460213290379942
delay_stress,original,TREND_DOWN,BTC,2023_end,-0.010271585156772955,-0.172367013928781,0.05208851406876366,-0.10734490426261734,-0.09568768286982408,0.969521231439553,0.00821917808219178,5.995162548560994,0.051551699059871545,-0.03276971669679363
delay_stress,original,TREND_DOWN,BTC,2020,0.0021585556397936134,0.14392699360168587,0.015835334854976846,-0.01935987392270455,0.11149636864432977,1.002162992782361,0.00546448087431694,3.9856480590018872,0.011943096408317942,-0.007576476901090645
delay_stress,original,TREND_DOWN,BTC,2021,0.005727439144282753,0.19806675133495505,0.03126431400052119,-0.0457289061027053,0.12524767444511253,1.0057235077284898,0.0054794520547945215,3.9967702287528133,0.01205964538238878,-0.014460213290379942
delay_stress,original,TREND_DOWN,BTC,2022,0.034634623334420356,1.0961389408550377,0.03148795983412661,-0.011924545025802535,2.9044817441233493,1.0346105116407,0.0054794520547945215,3.9967778018627595,0.012146017858635333,-0.010233944428464481
delay_stress,original,TREND_DOWN,BTC,2023,-0.011164008608135045,-1.0606078692865097,0.010525562668666024,-0.018094080923407585,-0.6169978268248274,0.9888435899548423,0.005479452054794521,3.996756240197573,0.01192534301876686,-0.008384843421861632
delay_stress,original,TREND_DOWN,BTC,2024,-0.05272656101182005,-0.953126415446365,0.05518379425595108,-0.09366332622214513,-0.5629370975654475,0.9471680825889323,0.010928961748633883,7.9716607955608785,0.022556498423721386,-0.03272692310320857
delay_stress,original,TREND_DOWN,BTC,2025,0.03527132893463403,0.5246450346815544,0.07065971488378459,-0.05390259318626378,0.6543530997247525,1.0351485224775647,0.008241758241758242,6.011700856667286,0.018494007109283752,-0.03276971669679363
delay_stress,original,TREND_DOWN,ETH,full,0.05425038143590344,0.8235450370831897,0.0666521000051967,-0.054694587256980176,0.991878431790889,1.3728756195682774,0.0063897763578274775,4.660744472863665,0.10055163373682474,-0.02309178708576154
delay_stress,original,TREND_DOWN,ETH,2020_2022,0.055421505934314164,1.167065382171337,0.047113706394442144,-0.03635219686112756,1.5245710223796118,1.1756927831751673,0.005474452554744526,3.993109311894666,0.03917926741767093,-0.008536503734138723
delay_stress,original,TREND_DOWN,ETH,2023_end,0.05307948870935353,0.6708873697676581,0.0816786146485613,-0.054694587256980176,0.9704705962943247,1.1677162939289147,0.007305936073059363,5.3289893463084335,0.052201023258309734,-0.02309178708576154
delay_stress,original,TREND_DOWN,ETH,2020,0.027490909747275083,1.1761605018425998,0.023269219854253422,-0.013128910036126373,2.093921709542474,1.027548129757159,0.002732240437158471,1.9931371176097405,0.0060829470689629135,0.0
delay_stress,original,TREND_DOWN,ETH,2021,0.07879424542417124,1.2072762276616074,0.06444709057987184,-0.03635219686112756,2.1675236224424217,1.0787382441077096,0.005479452054794522,3.9967535748917644,0.012184607526669023,-0.008536503734138723
delay_stress,original,TREND_DOWN,ETH,2022,0.060701348233921815,1.3460422486280352,0.04446830039112828,-0.0248622434397604,2.4415072751176794,1.0606585650518607,0.00821917808219178,5.994916619057248,0.018562811333676286,-0.002879790332713683
delay_stress,original,TREND_DOWN,ETH,2023,0.0058547156140857926,0.5638448496705865,0.01044215369738791,-0.016305781983909307,0.3590576410173568,1.0058506965796021,0.0054794520547945215,3.9968070883412463,0.011991144018495702,-0.0029301260241852978
delay_stress,original,TREND_DOWN,ETH,2024,0.0963733822460966,0.7630310527205618,0.130888570023019,-0.054694587256980176,1.762027781529649,1.096580537155747,0.010928961748633883,7.971574054490864,0.0261739157939455,-0.02309178708576154
delay_stress,original,TREND_DOWN,ETH,2025,0.05888384997957341,1.1142224002947962,0.05251945850485184,-0.03179034660580682,1.8522556771626295,1.0586765313194437,0.005494505494505496,4.007727041262426,0.012586468188589961,-0.008476076282892042
delay_stress,original,TREND_DOWN,MIX,full,0.029702659056549896,0.7329391785768433,0.04102922174997741,-0.0658897634286918,0.4507932266093982,1.1919378305095765,0.006601291602500103,4.814985784315762,0.09528982106295401,-0.022247465962192514
delay_stress,original,TREND_DOWN,MIX,2020_2022,0.03515359378203975,1.2298263240204883,0.028398823028594776,-0.036880708461174416,0.953170241267115,1.1092377797626187,0.00550943426575289,4.02081736670334,0.03772502596776904,-0.0071714035568440915
delay_stress,original,TREND_DOWN,MIX,2023_end,0.024275489247215898,0.4980870878980637,0.05062125892413951,-0.0658897634286918,0.36842580674140196,1.0745557465277245,0.007694146069235214,5.6098794698894725,0.0518958118317103,-0.022247465962192514
delay_stress,original,TREND_DOWN,MIX,2020,0.014824895006177563,0.7927366046726769,0.018770451590680803,-0.012086853747381499,1.2265305195232659,1.0148555612697598,0.004095603275673987,2.9875352215249458,0.009013021738640428,-0.0037824846892745567
delay_stress,original,TREND_DOWN,MIX,2021,0.04271731906791176,1.171715179459427,0.036228315712221244,-0.036880708461174416,1.1582564665991095,1.0426874652976381,0.005506939257651252,4.025177160873238,0.0121229078911368,-0.0071714035568440915
delay_stress,original,TREND_DOWN,MIX,2022,0.048287198379383556,1.7246393339430868,0.027543433222961735,-0.013130890141776597,3.677374333195841,1.0482533627169388,0.006929633773495292,5.0525706276986275,0.015506858547385366,-0.004917827544279052
delay_stress,original,TREND_DOWN,MIX,2023,-0.002144871008988747,-0.2666655766900701,0.0079289057252266,-0.01295395385256759,-0.16557655163821772,0.9978565955007315,0.005483987223070545,4.001898798938651,0.011960214604426096,-0.0039446751578702255
delay_stress,original,TREND_DOWN,MIX,2024,0.02692831240488247,0.38515070573090104,0.07621662443222758,-0.0658897634286918,0.40868734388499106,1.0269843461062242,0.010870185238325301,7.926369649140903,0.024488925937284,-0.022247465962192514
delay_stress,original,TREND_DOWN,MIX,2025,0.0487397431451857,1.137253615917937,0.04260543936675553,-0.024019208373257883,2.0291985642395596,1.048568953891171,0.006716886846606456,4.893059522886798,0.01512433305649,-0.014551884196159826
delay_stress,original,RANGE,BTC,full,0.001337259278211489,0.05832752540425455,0.030789444130686273,-0.08429732872532181,0.015863602067022486,1.0080485833694084,0.001369237790963031,0.9987229102719347,0.018397838364327755,-0.03154368716668132
delay_stress,original,RANGE,BTC,2020_2022,0.0,,0.0,0.0,,1.0,0.0,0.0,0.0,0.0
delay_stress,original,RANGE,BTC,2023_end,0.002677530511299153,0.08248793663555208,0.04356254237680872,-0.08429732872532181,0.03176293426834127,1.0080485833694084,0.0027397260273972607,1.998357896261013,0.018397838364327755,-0.03154368716668132
delay_stress,original,RANGE,BTC,2020,0.0,,0.0,0.0,,1.0,0.0,0.0,0.0,0.0
delay_stress,original,RANGE,BTC,2021,0.0,,0.0,0.0,,1.0,0.0,0.0,0.0,0.0
delay_stress,original,RANGE,BTC,2022,0.0,,0.0,0.0,,1.0,0.0,0.0,0.0,0.0
delay_stress,original,RANGE,BTC,2023,0.050915731965491595,0.7648072565211275,0.06776941875351253,-0.01436045806624442,3.5455506872147566,1.0508800101343863,0.0027397260273972603,1.9984206067989547,0.0061531533288743286,-0.01436045806624442
delay_stress,original,RANGE,BTC,2024,-0.040675878135817745,-1.236631508941992,0.03310463197334001,-0.08429732872532181,-0.4825286726268379,0.9592423241931297,0.005464480874316942,3.985733264820193,0.011651839332149421,-0.03154368716668132
delay_stress,original,RANGE,BTC,2025,0.0,,0.0,0.0,,1.0,0.0,0.0,0.0,0.0
delay_stress,original,RANGE,ETH,full,0.01661006950555377,0.40950330159102527,0.04223976217317096,-0.00948509466372427,1.7511759338658957,1.103866741277685,0.000456412596987677,0.33290511024602126,0.006312591837831096,0.0
delay_stress,original,RANGE,ETH,2020_2022,0.0,,0.0,0.0,,1.0,0.0,0.0,0.0,0.0
delay_stress,original,RANGE,ETH,2023_end,0.03351158187709968,0.5792582045282989,0.05974959095488109,-0.00948509466372427,3.5330782733528934,1.103866741277685,0.0009132420091324204,0.666114243423774,0.006312591837831096,0.0
delay_stress,original,RANGE,ETH,2020,0.0,,0.0,0.0,,1.0,0.0,0.0,0.0,0.0
delay_stress,original,RANGE,ETH,2021,0.0,,0.0,0.0,,1.0,0.0,0.0,0.0,0.0
delay_stress,original,RANGE,ETH,2022,0.0,,0.0,0.0,,1.0,0.0,0.0,0.0,0.0
delay_stress,original,RANGE,ETH,2023,0.0,,0.0,0.0,,1.0,0.0,0.0,0.0,0.0
delay_stress,original,RANGE,ETH,2024,0.0,,0.0,0.0,,1.0,0.0,0.0,0.0,0.0
delay_stress,original,RANGE,ETH,2025,0.104241403976981,1.0046879774570439,0.10363075457768901,-0.00948509466372427,10.990022521931394,1.103866741277685,0.002747252747252748,2.0038326828270123,0.006312591837831096,0.0
delay_stress,original,RANGE,MIX,full,0.009118071536859729,0.36000563466967944,0.02611780235857467,-0.043690902308995305,0.2086949697759493,1.0559576623235467,0.0009267653120623304,0.6751708127027439,0.012355215101079425,-0.016163125158758396
delay_stress,original,RANGE,MIX,2020_2022,0.0,,0.0,0.0,,1.0,0.0,0.0,0.0,0.0
delay_stress,original,RANGE,MIX,2023_end,0.018327723462822965,0.5092152297035997,0.03694645749037838,-0.043690902308995305,0.41948603700614256,1.0559576623235467,0.0018543769851402428,1.350958219754988,0.012355215101079425,-0.016163125158758396
delay_stress,original,RANGE,MIX,2020,0.0,,0.0,0.0,,1.0,0.0,0.0,0.0,0.0
delay_stress,original,RANGE,MIX,2021,0.0,,0.0,0.0,,1.0,0.0,0.0,0.0,0.0
delay_stress,original,RANGE,MIX,2022,0.0,,0.0,0.0,,1.0,0.0,0.0,0.0,0.0
delay_stress,original,RANGE,MIX,2023,0.025457649665758808,0.7568997570315815,0.03393481204216539,-0.007410249659947632,3.435464503086488,1.025440005067193,0.0013879105741391442,1.0123640127560638,0.0030765766644371643,-0.007410249659947632
delay_stress,original,RANGE,MIX,2024,-0.02084206697204971,-1.234376916573689,0.01693395384292256,-0.043690902308995305,-0.47703448247986036,0.9791155862101503,0.0027730745516442354,2.0143615274064732,0.0059704541342967595,-0.016163125158758396
delay_stress,original,RANGE,MIX,2025,0.05190737355703745,1.0048514875968588,0.051607698225275174,-0.004723538435414065,10.989086733764928,1.0517252132930976,0.001398379541939528,1.023434249848845,0.003143644974584665,0.0
delay_stress,original,VOL_COMPRESSION,BTC,full,-0.001981325263198941,-0.3443962159829198,0.005707461183410908,-0.021349244911632814,-0.09280540231750084,0.9881734607035376,0.002282062984938385,1.6645520618256928,0.02977117265812177,-0.007271669927999214
delay_stress,original,VOL_COMPRESSION,BTC,2020_2022,-0.00249435708186585,-0.4506840848405882,0.005504103399738643,-0.015593153955447026,-0.1599648851664494,0.9925338820208359,0.0018248175182481756,1.3310364373777426,0.011919863021463157,-0.005096118307449937
delay_stress,original,VOL_COMPRESSION,BTC,2023_end,-0.0014675607009124736,-0.24552616330244495,0.005906392789165555,-0.021349244911632814,-0.06874063729124333,0.9956067783717163,0.0027397260273972607,1.9983722667525907,0.017985592189873344,-0.007271669927999214
delay_stress,original,VOL_COMPRESSION,BTC,2020,-0.009610146676881759,-1.4120054299698197,0.006817702412001481,-0.015498524251101875,-0.6200684995023653,0.9903702152825444,0.002732240437158471,1.9929167415785434,0.005971077717484635,-0.005096118307449937
delay_stress,original,VOL_COMPRESSION,BTC,2021,0.0,,0.0,0.0,,1.0,0.0,0.0,0.0,0.0
delay_stress,original,VOL_COMPRESSION,BTC,2022,0.0021862029846595465,0.33116316640778737,0.006656463575417686,-0.006021353576642241,0.3630750057827803,1.0021847049768902,0.0027397260273972603,1.9983791998582434,0.006006627836925994,-0.0034678664586356156
delay_stress,original,VOL_COMPRESSION,BTC,2023,-0.0037854408906775605,-0.9345325773478307,0.0040467509898810955,-0.004149727298533801,-0.9122143741867204,0.9962171451955343,0.002739726027397261,1.9983767874458818,0.005988671287934955,-0.004037934729490988
delay_stress,original,VOL_COMPRESSION,BTC,2024,0.0,,0.0,0.0,,1.0,0.0,0.0,0.0,0.0
delay_stress,original,VOL_COMPRESSION,BTC,2025,-0.0006147878725504263,-0.060552442743346015,0.009417681421547195,-0.021349244911632814,-0.028796703353917666,0.9993873154796005,0.005494505494505495,4.007720067792142,0.012042475839525599,-0.007271669927999214
delay_stress,original,VOL_COMPRESSION,ETH,full,-0.0013827218373744232,-0.13074027309181485,0.010181632185915059,-0.02809977822512466,-0.04920757118780744,0.9917341734470487,0.0013692377909630311,0.9987269354773466,0.017977635211265094,-0.013401774797238364
delay_stress,original,VOL_COMPRESSION,ETH,2020_2022,0.0,,0.0,0.0,,1.0,0.0,0.0,0.0,0.0
delay_stress,original,VOL_COMPRESSION,ETH,2023_end,-0.0027647918956789086,-0.1848989449202545,0.014405243943874586,-0.02809977822512466,-0.09839194720785534,0.9917341734470487,0.002739726027397261,1.998365950347823,0.017977635211265094,-0.013401774797238364
delay_stress,original,VOL_COMPRESSION,ETH,2020,0.0,,0.0,0.0,,1.0,0.0,0.0,0.0,0.0
delay_stress,original,VOL_COMPRESSION,ETH,2021,0.0,,0.0,0.0,,1.0,0.0,0.0,0.0,0.0
delay_stress,original,VOL_COMPRESSION,ETH,2022,0.0,,0.0,0.0,,1.0,0.0,0.0,0.0,0.0
delay_stress,original,VOL_COMPRESSION,ETH,2023,-0.008271464598631928,-0.31999149658631876,0.024971111122849523,-0.02809977822512466,-0.2943604939641915,0.9917341734470487,0.008219178082191783,5.995097851043469,0.017977635211265094,-0.013401774797238364
delay_stress,original,VOL_COMPRESSION,ETH,2024,0.0,,0.0,0.0,,1.0,0.0,0.0,0.0,0.0
delay_stress,original,VOL_COMPRESSION,ETH,2025,0.0,,0.0,0.0,,1.0,0.0,0.0,0.0,0.0
delay_stress,original,VOL_COMPRESSION,MIX,full,-0.001681799280692342,-0.27801251850345315,0.005985971300401811,-0.019156112673029968,-0.08779439280810661,0.9899538170752932,0.0018261292396927321,1.3328542736795752,0.023874403934693433,-0.006789584537038262
delay_stress,original,VOL_COMPRESSION,MIX,2020_2022,-0.001245620613709142,-0.452408593807818,0.0027448130865611905,-0.007796576977723513,-0.15976506321532466,0.9962669410104179,0.0009087509557914854,0.6637843322622976,0.0059599315107315785,-0.0025422402845756142
delay_stress,original,VOL_COMPRESSION,MIX,2023_end,-0.0021181855342529143,-0.2604888470688693,0.00801170053953425,-0.019156112673029968,-0.11057491519326483,0.9936632204931723,0.0027443453119811037,2.002535237874403,0.01798159879298306,-0.006789584537038262
delay_stress,original,VOL_COMPRESSION,MIX,2020,-0.004805049518832649,-1.412094620867336,0.0034045264185480575,-0.0077492621255509375,-0.6200654257118747,0.9951851076412722,0.001360027911949883,0.9947938094905874,0.0029855388587423175,-0.0025422402845756142
delay_stress,original,VOL_COMPRESSION,MIX,2021,0.0,,0.0,0.0,,1.0,0.0,0.0,0.0,0.0
delay_stress,original,VOL_COMPRESSION,MIX,2022,0.0010878124536548572,0.3294271442460483,0.003314698001954498,-0.0029961105688797174,0.3630748694503633,1.0010870674820584,0.0013649885802022215,0.9956523120162281,0.0029887833219680976,-0.001730447824048964
delay_stress,original,VOL_COMPRESSION,MIX,2023,-0.006036859147577123,-0.45663851015027607,0.013065040862689907,-0.016283261691752315,-0.37074016630432655,0.9939672603685125,0.005494479807146753,4.007196182396636,0.01200561485487239,-0.006789584537038262
delay_stress,original,VOL_COMPRESSION,MIX,2024,0.0,,0.0,0.0,,1.0,0.0,0.0,0.0,0.0
delay_stress,original,VOL_COMPRESSION,MIX,2025,-0.0003069354698409521,-0.06272979345419431,0.004713632795683432,-0.01073403317853916,-0.028594607892084442,0.9996941147988844,0.0027460796346448994,2.0059051618068655,0.006012254302918468,-0.003643756545870902
delay_stress,original,VOL_EXPANSION,BTC,full,0.0013324077007861312,0.051961608694923736,0.05488102425013405,-0.1370861861579349,0.009719489163197557,1.0080192858434462,0.004107713372889093,2.996144411219381,0.053170896786669614,-0.06729188727751523
delay_stress,original,VOL_EXPANSION,BTC,2020_2022,-0.005729341119427911,-0.03717177622491816,0.07598761622938548,-0.1370861861579349,-0.041793715909692206,0.9829063990439135,0.006386861313868613,4.658562761554773,0.04123189686169262,-0.06729188727751523
delay_stress,original,VOL_EXPANSION,BTC,2023_end,0.008450830097628037,0.5399162847531191,0.01580465593934609,-0.035242370047408156,0.23979176446589578,1.0255496218398419,0.0018264840182648401,1.3322078706097098,0.012146629563700292,-0.011147767674221765
delay_stress,original,VOL_EXPANSION,BTC,2020,-0.022452984830334977,-0.31366833924832205,0.06540450236239388,-0.061655305534227045,-0.3641695493321419,0.9775014330526794,0.005464480874316941,3.9858268671947097,0.011930617008591486,-0.05513608086854849
delay_stress,original,VOL_EXPANSION,BTC,2021,0.047705937038599044,1.2122059267749385,0.03903614967330217,-0.015450644774128719,3.0876340590316396,1.0476725178662005,0.005479452054794521,3.996666323746372,0.012377924440061064,-0.008324370135816883
delay_stress,original,VOL_EXPANSION,BTC,2022,-0.04025248782453639,-0.32786542837230664,0.10745215433626222,-0.12607501154786616,-0.31927411570574366,0.9597745017830839,0.008219178082191782,5.9950382057625795,0.01679700973289687,-0.06729188727751523
delay_stress,original,VOL_EXPANSION,BTC,2023,0.0,,0.0,0.0,,1.0,0.0,0.0,0.0,0.0
delay_stress,original,VOL_EXPANSION,BTC,2024,0.011582983458413132,0.4628404731619023,0.02556175558957917,-0.03332200387290907,0.34760764996579774,1.011606905319689,0.002732240437158471,1.9929920218554806,0.006034979492922381,-0.011147767674221765
delay_stress,original,VOL_EXPANSION,BTC,2025,0.013830398193430682,1.4095208560144747,0.009772030800410603,-0.021086132007928415,0.6559001996302799,1.013782741544006,0.0027472527472527475,2.0036608195563907,0.0060415266430457,0.0
delay_stress,original,VOL_EXPANSION,ETH,full,-0.03066128798219514,-0.3372499632067487,0.08203715696716943,-0.30077853413440303,-0.10193974802900704,0.8296059491167944,0.00867183934276586,6.325207214786637,0.10001607979324152,-0.1076078775776439
delay_stress,original,VOL_EXPANSION,ETH,2020_2022,-0.06114889851319816,-0.5698815833515669,0.1013274464458069,-0.2890858447483019,-0.21152505258927018,0.8275064810868369,0.010036496350364963,7.320546477978469,0.061586343388190856,-0.1076078775776439
delay_stress,original,VOL_EXPANSION,ETH,2023_end,0.0008455653378514061,0.04316066015968845,0.05648795488177288,-0.1105316449519349,0.007649984203339263,1.002537101615446,0.0073059360730593605,5.3289589659663195,0.04644040534229716,-0.05025753925787102
delay_stress,original,VOL_EXPANSION,ETH,2020,0.08199941350285211,1.2597884026554629,0.06408777900449725,-0.03663271524331868,2.2384203015856903,1.0821745263666955,0.005464480874316942,3.986121248904499,0.01229945066900778,-0.004080333693209592
delay_stress,original,VOL_EXPANSION,ETH,2021,-0.09280286739971066,-1.2624213175561365,0.07485912414282415,-0.12931855923887348,-0.7176299206078217,0.9072576116349176,0.010958904109589045,7.993277008435516,0.02247123505085647,-0.037207375605119
delay_stress,original,VOL_EXPANSION,ETH,2022,-0.15726192462872912,-1.1009833587360491,0.14518532371533355,-0.20794809934461778,-0.7562556480408603,0.8428367749937178,0.013698630136986302,9.991376588181895,0.02543166926646819,-0.1076078775776439
delay_stress,original,VOL_EXPANSION,ETH,2023,0.0,,0.0,0.0,,1.0,0.0,0.0,0.0,0.0
delay_stress,original,VOL_EXPANSION,ETH,2024,-0.03000657008688601,-0.4913892318649332,0.058412364051518666,-0.1105316449519349,-0.2714749255738886,0.9699327504944969,0.008196721311475414,5.978662311215468,0.017617473141763876,-0.05025753925787102
delay_stress,original,VOL_EXPANSION,ETH,2025,0.0337324254516731,0.4604228819669727,0.07861291043175195,-0.07771442238269022,0.4340561818186596,1.0336150636261396,0.013736263736263736,10.019284785242464,0.029716423314749,-0.03431363320855252
delay_stress,original,VOL_EXPANSION,MIX,full,-0.014016244602252592,-0.2169577786059583,0.05724247604038073,-0.17262737700555786,-0.08119363710080198,0.9188126174801203,0.006226977807119014,4.5358074255289775,0.07659348828995556,-0.08702489484316778
delay_stress,original,VOL_EXPANSION,MIX,2020_2022,-0.03264510485565486,-0.3974580775434264,0.075948707819585,-0.17262737700555786,-0.18910734451235872,0.9052064400653752,0.008176761926737056,5.962307018933989,0.05140912012494173,-0.08702489484316778
delay_stress,original,VOL_EXPANSION,MIX,2023_end,0.004988867713094924,0.1915584549952522,0.02800321339407898,-0.05658186672609822,0.08817078689264637,1.0150310214471767,0.004275413062734196,3.108005092769256,0.027821684701221285,-0.02288857336195993
delay_stress,original,VOL_EXPANSION,MIX,2020,0.029775934919682,0.6565240221132902,0.04628238500882943,-0.03179934429345932,0.93636946236676,1.0298379797096875,0.005487300946091159,4.010621675609697,0.012115033838799631,-0.027444801614593173
delay_stress,original,VOL_EXPANSION,MIX,2021,-0.026120533456171602,-0.5975398210351718,0.042736922152320785,-0.06829170733605794,-0.3824847038548118,0.9738971096760216,0.008306666834439617,6.040937093699784,0.017681051652745815,-0.01947709216920701
delay_stress,original,VOL_EXPANSION,MIX,2022,-0.09752506069058264,-0.8269944275870366,0.11556754706116312,-0.14562907121768642,-0.6696812653896702,0.9025383274942581,0.01074368638592874,7.840709370624885,0.02102331797025779,-0.08702489484316778
delay_stress,original,VOL_EXPANSION,MIX,2023,0.0,,0.0,0.0,,1.0,0.0,0.0,0.0,0.0
delay_stress,original,VOL_EXPANSION,MIX,2024,-0.007426393159974176,-0.20700202755758898,0.033304179179752744,-0.05658186672609822,-0.13125040918009823,0.9925584144532452,0.005192593574495568,3.771392512882431,0.011329124638902148,-0.02288857336195993
delay_stress,original,VOL_EXPANSION,MIX,2025,0.02271972026425928,0.6533477944088579,0.03530872815737097,-0.03542783006973049,0.6412958462186762,1.0226410926215468,0.007640351800627931,5.5575162551301265,0.016616211018073056,-0.015581225142571653
delay_stress,original,HIGH_VOL,BTC,full,-0.03388107722637501,-0.24501941649743283,0.11207481863797195,-0.3131762010609104,-0.10818535096728311,0.8132124571044573,0.003194888178913739,2.3304682336658487,0.034967273856410755,-0.2075153939943004
delay_stress,original,HIGH_VOL,BTC,2020_2022,-0.08051552887469937,-0.44894351905248986,0.1564398151997898,-0.3131762010609104,-0.25709338258126363,0.7773350392058263,0.0054744525547445275,3.9932592707088763,0.030195265522643816,-0.2075153939943004
delay_stress,original,HIGH_VOL,BTC,2023_end,0.015164448130944086,0.6074258470673386,0.025271708812525506,-0.02172030149843207,0.6981693201652273,1.0461543814302847,0.0009132420091324204,0.6661586659953841,0.0061389337841277845,0.0
delay_stress,original,HIGH_VOL,BTC,2020,-0.18224043998896566,-0.7828100277240503,0.22122815678058824,-0.3131762010609104,-0.5819102453239137,0.8174218011811597,0.005464480874316941,3.986149093664697,0.010541430273300983,-0.2075153939943004
delay_stress,original,HIGH_VOL,BTC,2021,0.054141773339412946,1.1549839149087153,0.04654569739429194,-0.0485733945353668,1.1146384529496236,1.0541037304382783,0.005479452054794522,3.9967535748917644,0.012500164259206852,-0.01740691177393061
delay_stress,original,HIGH_VOL,BTC,2022,-0.09791378429390318,-0.6092643591671547,0.1493535406063582,-0.1526042170078803,-0.641619125694587,0.9021498426159237,0.005479452054794522,3.9968946235072758,0.010951032631698238,-0.1351149107959535
delay_stress,original,HIGH_VOL,BTC,2023,0.0,,0.0,0.0,,1.0,0.0,0.0,0.0,0.0
delay_stress,original,HIGH_VOL,BTC,2024,0.046057657466831436,1.0507566048449972,0.043707783386125534,-0.02172030149843207,2.120488864768116,1.0461543814302847,0.002732240437158471,1.9930156810517636,0.0061389337841277845,0.0
delay_stress,original,HIGH_VOL,BTC,2025,0.0,,0.0,0.0,,1.0,0.0,0.0,0.0,0.0
delay_stress,original,HIGH_VOL,ETH,full,0.06110065676190857,0.5073731040907018,0.13474457314522484,-0.1743911297682279,0.3503656226272147,1.4272637683273368,0.009128251939753538,6.657906461368313,0.13973313184483044,-0.16731702596014641
delay_stress,original,HIGH_VOL,ETH,2020_2022,0.05980991789904189,0.4351747467207046,0.16531709777157733,-0.1743911297682279,0.34296422059156,1.1904227165812709,0.014598540145985401,10.647636358995127,0.10746502597527725,-0.16731702596014641
delay_stress,original,HIGH_VOL,ETH,2023_end,0.062394148522805226,0.683266175165663,0.09481876181344932,-0.08280941870535918,0.7534668096730313,1.1989554201605297,0.0036529680365296816,2.6645329747938944,0.02710642649883456,-0.06742976189650507
delay_stress,original,HIGH_VOL,ETH,2020,-0.0751095889595832,-1.8459759281364894,0.04178698788410587,-0.08784135943132643,-0.8550595009666624,0.9247421365520997,0.010928961748633883,7.9698621401372325,0.023386421302261318,-0.023128002983007434
delay_stress,original,HIGH_VOL,ETH,2021,0.39187969284614144,1.9216936020815254,0.18019819340185686,-0.11357761479915418,3.450325079806657,1.3915647167438452,0.021917808219178086,15.98721504309151,0.05908261243231565,-0.06517899042285291
delay_stress,original,HIGH_VOL,ETH,2022,-0.07497390613849486,-0.24232415178773933,0.21836051222796196,-0.1743911297682279,-0.4299181170403442,0.92507543834386,0.010958904109589043,7.993168261479543,0.022879656420462375,-0.16731702596014641
delay_stress,original,HIGH_VOL,ETH,2023,0.0,,0.0,0.0,,1.0,0.0,0.0,0.0,0.0
delay_stress,original,HIGH_VOL,ETH,2024,0.14367706931349256,1.4892481599374665,0.09285573256354133,-0.05568230270620367,2.5803004245635344,1.1439923838444508,0.005464480874316942,3.9858251009162413,0.0129262877609324,0.0
delay_stress,original,HIGH_VOL,ETH,2025,0.04821383655727063,0.4117275219726403,0.13564377323635743,-0.08280941870535918,0.5822264823379368,1.048044932022513,0.005494505494505496,4.0078341221537634,0.012395308690997578,-0.06742976189650507
delay_stress,original,HIGH_VOL,MIX,full,0.019108129913931515,0.22799504109377783,0.11071967143072087,-0.1691031419068223,0.11299689466716299,1.1202381127158971,0.006630283274235593,4.843734972638352,0.0873502028506206,-0.15454038133640668
delay_stress,original,HIGH_VOL,MIX,2020_2022,-0.005401616471292114,0.03657729563041384,0.14262825291432077,-0.1691031419068223,-0.03194273276287477,0.9838788778935486,0.010607645404880297,7.761096083812988,0.06883014574896054,-0.15454038133640668
delay_stress,original,HIGH_VOL,MIX,2023_end,0.04424508196557686,0.7007796799541725,0.06462574003392406,-0.053963308144627686,0.8199104815256156,1.1385935178467181,0.0026492888494076563,1.9237096047411804,0.018823513257354277,-0.04394105255450231
delay_stress,original,HIGH_VOL,MIX,2020,-0.12867163146623317,-1.1483012979465834,0.1138598825865616,-0.1691031419068223,-0.7609062138959705,0.8710819688666297,0.008191984624097589,6.012230336732838,0.016963925787781154,-0.10446637688703575
delay_stress,original,HIGH_VOL,MIX,2021,0.2334054029680761,1.922116510681202,0.11231643838821362,-0.0798570098315563,2.9227916680126382,1.2332283160873292,0.014897922826791048,10.899158699771217,0.037226168348968657,-0.04429540481396688
delay_stress,original,HIGH_VOL,MIX,2022,-0.08417396062538685,-0.36738402506011997,0.18813137728738327,-0.1610362000464215,-0.5227021042543368,0.9158811591212106,0.00873964701246672,6.3766906279406115,0.01809569795075122,-0.15454038133640668
delay_stress,original,HIGH_VOL,MIX,2023,0.0,,0.0,0.0,,1.0,0.0,0.0,0.0,0.0
delay_stress,original,HIGH_VOL,MIX,2024,0.10511602260593822,1.4224256835739149,0.07197495669640659,-0.04008520886843381,2.622314453965954,1.1053428563714847,0.004437363346257924,3.2284465613230546,0.010245038987222024,0.0
delay_stress,original,HIGH_VOL,MIX,2025,0.03018660917744631,0.38804016314308903,0.08580793020723126,-0.053963308144627686,0.5593913756462601,1.030081762670802,0.003507956882887316,2.5407982850202036,0.0077609170952557295,-0.04394105255450231
delay_stress,original,UNKNOWN,BTC,full,0.0,,0.0,0.0,,1.0,0.0,0.0,0.0,0.0
delay_stress,original,UNKNOWN,BTC,2020_2022,0.0,,0.0,0.0,,1.0,0.0,0.0,0.0,0.0
delay_stress,original,UNKNOWN,BTC,2023_end,0.0,,0.0,0.0,,1.0,0.0,0.0,0.0,0.0
delay_stress,original,UNKNOWN,BTC,2020,0.0,,0.0,0.0,,1.0,0.0,0.0,0.0,0.0
delay_stress,original,UNKNOWN,BTC,2021,0.0,,0.0,0.0,,1.0,0.0,0.0,0.0,0.0
delay_stress,original,UNKNOWN,BTC,2022,0.0,,0.0,0.0,,1.0,0.0,0.0,0.0,0.0
delay_stress,original,UNKNOWN,BTC,2023,0.0,,0.0,0.0,,1.0,0.0,0.0,0.0,0.0
delay_stress,original,UNKNOWN,BTC,2024,0.0,,0.0,0.0,,1.0,0.0,0.0,0.0,0.0
delay_stress,original,UNKNOWN,BTC,2025,0.0,,0.0,0.0,,1.0,0.0,0.0,0.0,0.0
delay_stress,original,UNKNOWN,ETH,full,0.0,,0.0,0.0,,1.0,0.0,0.0,0.0,0.0
delay_stress,original,UNKNOWN,ETH,2020_2022,0.0,,0.0,0.0,,1.0,0.0,0.0,0.0,0.0
delay_stress,original,UNKNOWN,ETH,2023_end,0.0,,0.0,0.0,,1.0,0.0,0.0,0.0,0.0
delay_stress,original,UNKNOWN,ETH,2020,0.0,,0.0,0.0,,1.0,0.0,0.0,0.0,0.0
delay_stress,original,UNKNOWN,ETH,2021,0.0,,0.0,0.0,,1.0,0.0,0.0,0.0,0.0
delay_stress,original,UNKNOWN,ETH,2022,0.0,,0.0,0.0,,1.0,0.0,0.0,0.0,0.0
delay_stress,original,UNKNOWN,ETH,2023,0.0,,0.0,0.0,,1.0,0.0,0.0,0.0,0.0
delay_stress,original,UNKNOWN,ETH,2024,0.0,,0.0,0.0,,1.0,0.0,0.0,0.0,0.0
delay_stress,original,UNKNOWN,ETH,2025,0.0,,0.0,0.0,,1.0,0.0,0.0,0.0,0.0
delay_stress,original,UNKNOWN,MIX,full,0.0,,0.0,0.0,,1.0,0.0,0.0,0.0,0.0
delay_stress,original,UNKNOWN,MIX,2020_2022,0.0,,0.0,0.0,,1.0,0.0,0.0,0.0,0.0
delay_stress,original,UNKNOWN,MIX,2023_end,0.0,,0.0,0.0,,1.0,0.0,0.0,0.0,0.0
delay_stress,original,UNKNOWN,MIX,2020,0.0,,0.0,0.0,,1.0,0.0,0.0,0.0,0.0
delay_stress,original,UNKNOWN,MIX,2021,0.0,,0.0,0.0,,1.0,0.0,0.0,0.0,0.0
delay_stress,original,UNKNOWN,MIX,2022,0.0,,0.0,0.0,,1.0,0.0,0.0,0.0,0.0
delay_stress,original,UNKNOWN,MIX,2023,0.0,,0.0,0.0,,1.0,0.0,0.0,0.0,0.0
delay_stress,original,UNKNOWN,MIX,2024,0.0,,0.0,0.0,,1.0,0.0,0.0,0.0,0.0
delay_stress,original,UNKNOWN,MIX,2025,0.0,,0.0,0.0,,1.0,0.0,0.0,0.0,0.0
delay_stress,past_gap_clean,ALL,BTC,full,-0.04446675910582465,-0.24180726476557413,0.14285397340586092,-0.3470994004306325,-0.1281095820121167,0.7612053655003918,0.02282062984938385,16.64553711583831,0.23731502046015607,-0.2075153939943002
delay_stress,past_gap_clean,ALL,BTC,2020_2022,-0.07661454839169768,-0.3329537186265107,0.18405625284968777,-0.3152380016784234,-0.24303715917426966,0.7872730578347911,0.023722627737226287,17.303491265627816,0.1292243952546949,-0.2075153939943002
delay_stress,past_gap_clean,ALL,BTC,2023_end,-0.011168836045561736,-0.09338385452991511,0.08330802043660714,-0.16434649241787058,-0.06795907768547707,0.966888626411156,0.02191780821917809,15.986982094679126,0.1372975032357121,-0.062226569399912335
delay_stress,past_gap_clean,ALL,BTC,2020,-0.22785359235055724,-0.9432459659959519,0.23979500542996382,-0.3152380016784234,-0.7227986192571807,0.7717365319420657,0.027322404371584706,19.9293053565461,0.0507485481015132,-0.2075153939943002
delay_stress,past_gap_clean,ALL,BTC,2021,0.11075615342665657,1.4999077017867326,0.07168675274269082,-0.08081501815807746,1.3704897425131184,1.1106762966532504,0.01643835616438356,11.990190127390948,0.03833457590478509,-0.03161541740733298
delay_stress,past_gap_clean,ALL,BTC,2022,-0.08157535031089058,-0.32796555341419553,0.19737649736795615,-0.15721205609662137,-0.5188873699403497,0.9184781445568829,0.027397260273972608,19.98378430173841,0.05703982329164141,-0.1351149107959535
delay_stress,past_gap_clean,ALL,BTC,2023,0.021000711508908587,0.3248615709918845,0.07149947567086834,-0.04207942879274018,0.49907311271610627,1.0209861875199466,0.02191780821917809,15.987124209897656,0.04715751832832261,-0.01436045806624442
delay_stress,past_gap_clean,ALL,BTC,2024,-0.11375598162739964,-1.155316980714978,0.10004558936793766,-0.1621790247951117,-0.7014222817723368,0.8860242808491485,0.024590163934426236,17.936163319184406,0.04927422424151627,-0.062226569399912335
delay_stress,past_gap_clean,ALL,BTC,2025,0.06908009469259246,0.9229443207095597,0.07532980272510675,-0.05390259318626389,1.2815727520544649,1.068835724937385,0.019230769230769235,14.026948577581058,0.0440314676761519,-0.032769716696793516
delay_stress,past_gap_clean,ALL,ETH,full,0.10483044863488677,0.6468529173537876,0.17854524599446328,-0.300148672884215,0.34926174294738943,1.8185051683439133,0.029666818804199004,21.63881467167468,0.5030865976552965,-0.16731702596014653
delay_stress,past_gap_clean,ALL,ETH,2020_2022,0.06116200226871893,0.3967165184144088,0.20173423010167102,-0.300148672884215,0.2037723561493564,1.1949857272513174,0.03284671532846716,23.95786763390777,0.26060517322539467,-0.16731702596014653
delay_stress,past_gap_clean,ALL,ETH,2023_end,0.15033828324457854,0.9939691167125129,0.1519022142852025,-0.14520883263374218,1.0353246460136092,1.5217798228660044,0.026484018264840186,19.317643852855078,0.20291574945221555,-0.06742976189650507
delay_stress,past_gap_clean,ALL,ETH,2020,0.0823636420467504,0.8945332075527532,0.09315398393140796,-0.08243309950265176,0.999157408173168,1.0825395620077836,0.024590163934426236,17.93501210142678,0.05565780999557269,-0.023128002983007434
delay_stress,past_gap_clean,ALL,ETH,2021,0.3622034901008071,1.6024921763164903,0.20567176957590105,-0.14552501296815012,2.488943190680764,1.3619153193503144,0.038356164383561646,27.97724562641879,0.09794871716287519,-0.06517899042285302
delay_stress,past_gap_clean,ALL,ETH,2022,-0.18958709296698517,-0.648277975162989,0.2666014761662977,-0.2778470233079029,-0.6823434374421555,0.8105295191395223,0.03561643835616439,25.977846147939328,0.06709094220110032,-0.16731702596014653
delay_stress,past_gap_clean,ALL,ETH,2023,-0.03676235923285931,-0.9526553483234066,0.038506435167819236,-0.04549940102341676,-0.8079745756199991,0.9632623352572012,0.021917808219178082,15.987035720785626,0.04679878954864118,-0.02688632902187338
delay_stress,past_gap_clean,ALL,ETH,2024,0.2162719455672497,1.227257814724413,0.1706683494030114,-0.14520883263374218,1.4893856086065291,1.216761026149829,0.02459016393442623,17.936061466622576,0.062369572320117715,-0.05025753925787102
delay_stress,past_gap_clean,ALL,ETH,2025,0.29954517670205916,1.4268623873180872,0.19650244523492316,-0.10731188480146137,2.791351370412049,1.2983804030737192,0.032967032967032975,24.046575505510145,0.08194008369079098,-0.06742976189650507
delay_stress,past_gap_clean,ALL,MIX,full,0.04334442853700193,0.3646078877395475,0.14604658925434574,-0.2419773844693056,0.1791259486173184,1.2898552669221526,0.027087366276925595,19.773656688853755,0.37020080905772634,-0.15446127386927033
delay_stress,past_gap_clean,ALL,MIX,2020_2022,-0.0029649801021816025,0.07220462762705132,0.17250865690251985,-0.2419773844693056,-0.012253128980149403,0.9911293925430542,0.02915185479845589,21.29633161242817,0.19491478424004477,-0.15446127386927033
delay_stress,past_gap_clean,ALL,MIX,2023_end,0.09185004518860995,0.8282509681753323,0.11358973517170498,-0.14281855866877669,0.6431240172478397,1.3013994707720484,0.025020992377750063,18.24959119457288,0.1768548346325701,-0.05614511014984225
delay_stress,past_gap_clean,ALL,MIX,2020,-0.07271821115544763,-0.5198907113173292,0.12852494549452473,-0.16770913550076005,-0.43359719754275444,0.9271380469749246,0.025524228107646152,18.693351377144662,0.05320317904854294,-0.10345543714971417
delay_stress,past_gap_clean,ALL,MIX,2021,0.25754866026797774,1.710858240224856,0.13948727048420806,-0.11339629275490881,2.2712264573290355,1.2573514236621948,0.029617995632386818,21.607487535724466,0.07313773524959213,-0.05132733966105385
delay_stress,past_gap_clean,ALL,MIX,2022,-0.1498784869326797,-0.5815343566131643,0.23083599083041303,-0.22518653525722354,-0.6655748167246243,0.850216001080766,0.03232327935859719,23.595287377114783,0.06339572563352201,-0.15446127386927033
delay_stress,past_gap_clean,ALL,MIX,2023,-0.013821478726000591,-0.3559960963586418,0.03714886068905769,-0.0388591974858844,-0.3556810129962473,0.9861879159244707,0.021950093608609774,16.013358331534754,0.04694126211853869,-0.016223942976717032
delay_stress,past_gap_clean,ALL,MIX,2024,0.08059879459235764,0.6871724749571939,0.12351175797687593,-0.14281855866877669,0.5643439854289632,1.0807708061640853,0.024599433963766376,17.93912571892092,0.05698511083737592,-0.043519988288336586
delay_stress,past_gap_clean,ALL,MIX,2025,0.22184224635169913,1.4191496159525507,0.14863744757608105,-0.07932556847546701,2.796604557839484,1.2210047237506727,0.028524202350975983,20.80413888440127,0.06916172202218765,-0.05614511014984225
delay_stress,past_gap_clean,TREND_UP,BTC,full,-0.005985864305490751,-0.09883744946155448,0.048663403540472314,-0.15002150034232897,-0.039900042939390756,0.9646259304707132,0.0054769511638521244,3.994923130905329,0.0708629558728846,-0.062226569399912446
delay_stress,past_gap_clean,TREND_UP,BTC,2020_2022,-0.0014831200835608849,-0.002815044083542097,0.05190277569406004,-0.08245772289195386,-0.017986430276570327,0.9955562240425125,0.004562043795620439,3.3275742003939306,0.02997744513315559,-0.04556437150149173
delay_stress,past_gap_clean,TREND_UP,BTC,2023_end,-0.010472388007239708,-0.20962874306759735,0.045211757148707926,-0.11321582207932213,-0.09249933282207203,0.9689316456219769,0.006392694063926943,4.662881512494819,0.04106800776525818,-0.062226569399912446
delay_stress,past_gap_clean,TREND_UP,BTC,2020,-0.02681871046627693,-0.3955884921289556,0.06355905232995264,-0.08245772289195386,-0.3252419485488105,0.9731269669633145,0.008196721311475414,5.97876459510626,0.018079416843477407,-0.04556437150149173
delay_stress,past_gap_clean,TREND_UP,BTC,2021,0.0,,0.0,0.0,,1.0,0.0,0.0,0.0,0.0
delay_stress,past_gap_clean,TREND_UP,BTC,2022,0.023064611469007845,0.3892946101398354,0.06363660961488576,-0.06156582334742844,0.3746333633654107,1.0230486440522655,0.005479452054794522,3.996694470747555,0.012226593952900622,-0.024633325761431624
delay_stress,past_gap_clean,TREND_UP,BTC,2023,-0.013763658685601587,-0.6955915766121691,0.019634792129566404,-0.0323520922369801,-0.4254333409036532,0.9862456969384847,0.010958904109589045,7.993570575455244,0.023746270964074608,-0.009650347503257328
delay_stress,past_gap_clean,TREND_UP,BTC,2024,-0.03592443204183238,-0.46823536526895576,0.07235681626658051,-0.10709255408261142,-0.3354521922609129,0.9640031450509758,0.005464480874316942,3.9857772369478544,0.01172374644257135,-0.062226569399912446
delay_stress,past_gap_clean,TREND_UP,BTC,2025,0.019196278165982905,0.8561516324869746,0.022484717315619466,-0.013960074821220969,1.3750841891479182,1.0191299580824267,0.002747252747252748,2.0038668335652385,0.006057616562419084,-0.003041046984072149
delay_stress,past_gap_clean,TREND_UP,ETH,full,0.003612921455947493,0.15159023322261803,0.02596862696162953,-0.07040110856625736,0.05131909893929049,1.0218692276349528,0.003651300775901416,2.6633244769326976,0.04904892810377819,-0.02688632902187349
delay_stress,past_gap_clean,TREND_UP,ETH,2020_2022,0.01048774672855668,0.3687570829341938,0.029421387738616182,-0.031044964726220425,0.3378244047318495,1.0318017404192776,0.0027372262773722638,1.996575485039504,0.01877904436395368,-0.018139745705884835
delay_stress,past_gap_clean,TREND_UP,ETH,2023_end,-0.003221345518920282,-0.13566526877477186,0.021984091641940078,-0.04116799859362896,-0.07824877645178525,0.9903736227656597,0.004566210045662102,3.3306823720148344,0.02933691866765431,-0.02688632902187349
delay_stress,past_gap_clean,TREND_UP,ETH,2020,0.0526352390298932,1.1019141407610722,0.04751888174030349,-0.028179600237399516,1.8678490321532861,1.052746121233562,0.005464480874316942,3.985891594775306,0.012525532996820188,-0.004658548029346621
delay_stress,past_gap_clean,TREND_UP,ETH,2021,0.0,,0.0,0.0,,1.0,0.0,0.0,0.0,0.0
delay_stress,past_gap_clean,TREND_UP,ETH,2022,-0.01990848705376369,-1.0935475499256984,0.01822273292476312,-0.02237679993191033,-0.8896932141478052,0.9801050031039367,0.002739726027397261,1.998384679220643,0.005940189416044491,-0.018139745705884835
delay_stress,past_gap_clean,TREND_UP,ETH,2023,-0.03438194071243039,-1.2624585648835263,0.027391451673345512,-0.03435881655535844,-1.0006730196028346,0.9656411834446416,0.008219178082191782,5.995130781400912,0.017542309993932605,-0.02688632902187349
delay_stress,past_gap_clean,TREND_UP,ETH,2024,0.0,,0.0,0.0,,1.0,0.0,0.0,0.0,0.0
delay_stress,past_gap_clean,TREND_UP,ETH,2025,0.02570152848602003,0.9720842271438651,0.026441700894969746,-0.040359496250303994,0.6368148979517168,1.025612452891448,0.005494505494505496,4.00789687402448,0.012214276768569352,-0.003418992052666159
delay_stress,past_gap_clean,TREND_UP,MIX,full,-0.001128840356681371,-0.027908770538750863,0.02719219055900548,-0.1051627109955694,-0.010734226476235764,0.993247579052833,0.004539258380435749,3.3187500473879896,0.059955941988331395,-0.03088543023028245
delay_stress,past_gap_clean,TREND_UP,MIX,2020_2022,0.004537989099470563,0.1690943907489566,0.02927796975215846,-0.04168094450236137,0.10887443059773921,1.0136789822308951,0.003611323255111357,2.641951065806149,0.024378244748554635,-0.02247759969939578
delay_stress,past_gap_clean,TREND_UP,MIX,2023_end,-0.006768833363479887,-0.2595697665322094,0.024940331232281208,-0.07094089420828664,-0.09541511196075698,0.9798443061992892,0.005468040935098336,3.996167110231548,0.03509759782281142,-0.03088543023028245
delay_stress,past_gap_clean,TREND_UP,MIX,2020,0.012909864403346516,0.34598304140346253,0.039263654019156935,-0.04168094450236137,0.3097306108937893,1.0129365440984381,0.00676716306018237,4.956774330986603,0.015302474920148797,-0.02247759969939578
delay_stress,past_gap_clean,TREND_UP,MIX,2021,0.0,,0.0,0.0,,1.0,0.0,0.0,0.0,0.0
delay_stress,past_gap_clean,TREND_UP,MIX,2022,0.0007334584209619521,0.038715235982654486,0.03213227586660768,-0.030445498953059702,0.024090865519819024,1.000732956212097,0.004058160568699452,2.9627368848834057,0.008959860201789549,-0.011991631180560125
delay_stress,past_gap_clean,TREND_UP,MIX,2023,-0.024257145870496544,-1.4207615526896564,0.017167412964950418,-0.031036598783095615,-0.7815658552028076,0.9757592543584819,0.009582913727717347,6.991429617399655,0.020588832643513813,-0.013683504129286428
delay_stress,past_gap_clean,TREND_UP,MIX,2024,-0.01783033455289107,-0.4867754299277603,0.03561735432602801,-0.053472039453206,-0.3334515521610991,0.9821333818855962,0.0026590018643356263,1.9565129672002282,0.005818944484348652,-0.03088543023028245
delay_stress,past_gap_clean,TREND_UP,MIX,2025,0.02253230976764775,1.2941781446269172,0.017320721944862994,-0.021041180515000257,1.0708671859729766,1.022454337802825,0.0041663368982665025,3.043536893838976,0.00921490043810025,-0.001772633539091517
delay_stress,past_gap_clean,TREND_DOWN,BTC,full,0.0018254103051305037,0.06440753884321947,0.04153401587227952,-0.10852169771788756,0.016820694326731146,1.0110000414508757,0.006846188954815153,4.993653679344438,0.09002800838908329,-0.03276971669679363
delay_stress,past_gap_clean,TREND_DOWN,BTC,2020_2022,0.014059021533922689,0.5268108175636981,0.027178478361212115,-0.05091595256528336,0.276122135118586,1.0427827763500699,0.005474452554744526,3.993058595592495,0.03627078451786715,-0.014460213290379942
delay_stress,past_gap_clean,TREND_DOWN,BTC,2023_end,-0.010271585156772955,-0.172367013928781,0.05208851406876366,-0.10734490426261734,-0.09568768286982408,0.969521231439553,0.00821917808219178,5.995162548560994,0.051551699059871545,-0.03276971669679363
delay_stress,past_gap_clean,TREND_DOWN,BTC,2020,0.0021585556397936134,0.14392699360168587,0.015835334854976846,-0.01935987392270455,0.11149636864432977,1.002162992782361,0.00546448087431694,3.9856480590018872,0.011943096408317942,-0.007576476901090645
delay_stress,past_gap_clean,TREND_DOWN,BTC,2021,0.005727439144282753,0.19806675133495505,0.03126431400052119,-0.0457289061027053,0.12524767444511253,1.0057235077284898,0.0054794520547945215,3.9967702287528133,0.01205964538238878,-0.014460213290379942
delay_stress,past_gap_clean,TREND_DOWN,BTC,2022,0.034634623334420356,1.0961389408550377,0.03148795983412661,-0.011924545025802535,2.9044817441233493,1.0346105116407,0.0054794520547945215,3.9967778018627595,0.012146017858635333,-0.010233944428464481
delay_stress,past_gap_clean,TREND_DOWN,BTC,2023,-0.011164008608135045,-1.0606078692865097,0.010525562668666024,-0.018094080923407585,-0.6169978268248274,0.9888435899548423,0.005479452054794521,3.996756240197573,0.01192534301876686,-0.008384843421861632
delay_stress,past_gap_clean,TREND_DOWN,BTC,2024,-0.05272656101182005,-0.953126415446365,0.05518379425595108,-0.09366332622214513,-0.5629370975654475,0.9471680825889323,0.010928961748633883,7.9716607955608785,0.022556498423721386,-0.03272692310320857
delay_stress,past_gap_clean,TREND_DOWN,BTC,2025,0.03527132893463403,0.5246450346815544,0.07065971488378459,-0.05390259318626378,0.6543530997247525,1.0351485224775647,0.008241758241758242,6.011700856667286,0.018494007109283752,-0.03276971669679363
delay_stress,past_gap_clean,TREND_DOWN,ETH,full,0.05425038143590344,0.8235450370831897,0.0666521000051967,-0.054694587256980176,0.991878431790889,1.3728756195682774,0.0063897763578274775,4.660744472863665,0.10055163373682474,-0.02309178708576154
delay_stress,past_gap_clean,TREND_DOWN,ETH,2020_2022,0.055421505934314164,1.167065382171337,0.047113706394442144,-0.03635219686112756,1.5245710223796118,1.1756927831751673,0.005474452554744526,3.993109311894666,0.03917926741767093,-0.008536503734138723
delay_stress,past_gap_clean,TREND_DOWN,ETH,2023_end,0.05307948870935353,0.6708873697676581,0.0816786146485613,-0.054694587256980176,0.9704705962943247,1.1677162939289147,0.007305936073059363,5.3289893463084335,0.052201023258309734,-0.02309178708576154
delay_stress,past_gap_clean,TREND_DOWN,ETH,2020,0.027490909747275083,1.1761605018425998,0.023269219854253422,-0.013128910036126373,2.093921709542474,1.027548129757159,0.002732240437158471,1.9931371176097405,0.0060829470689629135,0.0
delay_stress,past_gap_clean,TREND_DOWN,ETH,2021,0.07879424542417124,1.2072762276616074,0.06444709057987184,-0.03635219686112756,2.1675236224424217,1.0787382441077096,0.005479452054794522,3.9967535748917644,0.012184607526669023,-0.008536503734138723
delay_stress,past_gap_clean,TREND_DOWN,ETH,2022,0.060701348233921815,1.3460422486280352,0.04446830039112828,-0.0248622434397604,2.4415072751176794,1.0606585650518607,0.00821917808219178,5.994916619057248,0.018562811333676286,-0.002879790332713683
delay_stress,past_gap_clean,TREND_DOWN,ETH,2023,0.0058547156140857926,0.5638448496705865,0.01044215369738791,-0.016305781983909307,0.3590576410173568,1.0058506965796021,0.0054794520547945215,3.9968070883412463,0.011991144018495702,-0.0029301260241852978
delay_stress,past_gap_clean,TREND_DOWN,ETH,2024,0.0963733822460966,0.7630310527205618,0.130888570023019,-0.054694587256980176,1.762027781529649,1.096580537155747,0.010928961748633883,7.971574054490864,0.0261739157939455,-0.02309178708576154
delay_stress,past_gap_clean,TREND_DOWN,ETH,2025,0.05888384997957341,1.1142224002947962,0.05251945850485184,-0.03179034660580682,1.8522556771626295,1.0586765313194437,0.005494505494505496,4.007727041262426,0.012586468188589961,-0.008476076282892042
delay_stress,past_gap_clean,TREND_DOWN,MIX,full,0.029702659056549896,0.7329391785768433,0.04102922174997741,-0.0658897634286918,0.4507932266093982,1.1919378305095765,0.006601291602500103,4.814985784315762,0.09528982106295401,-0.022247465962192514
delay_stress,past_gap_clean,TREND_DOWN,MIX,2020_2022,0.03515359378203975,1.2298263240204883,0.028398823028594776,-0.036880708461174416,0.953170241267115,1.1092377797626187,0.00550943426575289,4.02081736670334,0.03772502596776904,-0.0071714035568440915
delay_stress,past_gap_clean,TREND_DOWN,MIX,2023_end,0.024275489247215898,0.4980870878980637,0.05062125892413951,-0.0658897634286918,0.36842580674140196,1.0745557465277245,0.007694146069235214,5.6098794698894725,0.0518958118317103,-0.022247465962192514
delay_stress,past_gap_clean,TREND_DOWN,MIX,2020,0.014824895006177563,0.7927366046726769,0.018770451590680803,-0.012086853747381499,1.2265305195232659,1.0148555612697598,0.004095603275673987,2.9875352215249458,0.009013021738640428,-0.0037824846892745567
delay_stress,past_gap_clean,TREND_DOWN,MIX,2021,0.04271731906791176,1.171715179459427,0.036228315712221244,-0.036880708461174416,1.1582564665991095,1.0426874652976381,0.005506939257651252,4.025177160873238,0.0121229078911368,-0.0071714035568440915
delay_stress,past_gap_clean,TREND_DOWN,MIX,2022,0.048287198379383556,1.7246393339430868,0.027543433222961735,-0.013130890141776597,3.677374333195841,1.0482533627169388,0.006929633773495292,5.0525706276986275,0.015506858547385366,-0.004917827544279052
delay_stress,past_gap_clean,TREND_DOWN,MIX,2023,-0.002144871008988747,-0.2666655766900701,0.0079289057252266,-0.01295395385256759,-0.16557655163821772,0.9978565955007315,0.005483987223070545,4.001898798938651,0.011960214604426096,-0.0039446751578702255
delay_stress,past_gap_clean,TREND_DOWN,MIX,2024,0.02692831240488247,0.38515070573090104,0.07621662443222758,-0.0658897634286918,0.40868734388499106,1.0269843461062242,0.010870185238325301,7.926369649140903,0.024488925937284,-0.022247465962192514
delay_stress,past_gap_clean,TREND_DOWN,MIX,2025,0.0487397431451857,1.137253615917937,0.04260543936675553,-0.024019208373257883,2.0291985642395596,1.048568953891171,0.006716886846606456,4.893059522886798,0.01512433305649,-0.014551884196159826
delay_stress,past_gap_clean,RANGE,BTC,full,0.001337259278211489,0.05832752540425455,0.030789444130686273,-0.08429732872532181,0.015863602067022486,1.0080485833694084,0.001369237790963031,0.9987229102719347,0.018397838364327755,-0.03154368716668132
delay_stress,past_gap_clean,RANGE,BTC,2020_2022,0.0,,0.0,0.0,,1.0,0.0,0.0,0.0,0.0
delay_stress,past_gap_clean,RANGE,BTC,2023_end,0.002677530511299153,0.08248793663555208,0.04356254237680872,-0.08429732872532181,0.03176293426834127,1.0080485833694084,0.0027397260273972607,1.998357896261013,0.018397838364327755,-0.03154368716668132
delay_stress,past_gap_clean,RANGE,BTC,2020,0.0,,0.0,0.0,,1.0,0.0,0.0,0.0,0.0
delay_stress,past_gap_clean,RANGE,BTC,2021,0.0,,0.0,0.0,,1.0,0.0,0.0,0.0,0.0
delay_stress,past_gap_clean,RANGE,BTC,2022,0.0,,0.0,0.0,,1.0,0.0,0.0,0.0,0.0
delay_stress,past_gap_clean,RANGE,BTC,2023,0.050915731965491595,0.7648072565211275,0.06776941875351253,-0.01436045806624442,3.5455506872147566,1.0508800101343863,0.0027397260273972603,1.9984206067989547,0.0061531533288743286,-0.01436045806624442
delay_stress,past_gap_clean,RANGE,BTC,2024,-0.040675878135817745,-1.236631508941992,0.03310463197334001,-0.08429732872532181,-0.4825286726268379,0.9592423241931297,0.005464480874316942,3.985733264820193,0.011651839332149421,-0.03154368716668132
delay_stress,past_gap_clean,RANGE,BTC,2025,0.0,,0.0,0.0,,1.0,0.0,0.0,0.0,0.0
delay_stress,past_gap_clean,RANGE,ETH,full,0.01661006950555377,0.40950330159102527,0.04223976217317096,-0.00948509466372427,1.7511759338658957,1.103866741277685,0.000456412596987677,0.33290511024602126,0.006312591837831096,0.0
delay_stress,past_gap_clean,RANGE,ETH,2020_2022,0.0,,0.0,0.0,,1.0,0.0,0.0,0.0,0.0
delay_stress,past_gap_clean,RANGE,ETH,2023_end,0.03351158187709968,0.5792582045282989,0.05974959095488109,-0.00948509466372427,3.5330782733528934,1.103866741277685,0.0009132420091324204,0.666114243423774,0.006312591837831096,0.0
delay_stress,past_gap_clean,RANGE,ETH,2020,0.0,,0.0,0.0,,1.0,0.0,0.0,0.0,0.0
delay_stress,past_gap_clean,RANGE,ETH,2021,0.0,,0.0,0.0,,1.0,0.0,0.0,0.0,0.0
delay_stress,past_gap_clean,RANGE,ETH,2022,0.0,,0.0,0.0,,1.0,0.0,0.0,0.0,0.0
delay_stress,past_gap_clean,RANGE,ETH,2023,0.0,,0.0,0.0,,1.0,0.0,0.0,0.0,0.0
delay_stress,past_gap_clean,RANGE,ETH,2024,0.0,,0.0,0.0,,1.0,0.0,0.0,0.0,0.0
delay_stress,past_gap_clean,RANGE,ETH,2025,0.104241403976981,1.0046879774570439,0.10363075457768901,-0.00948509466372427,10.990022521931394,1.103866741277685,0.002747252747252748,2.0038326828270123,0.006312591837831096,0.0
delay_stress,past_gap_clean,RANGE,MIX,full,0.009118071536859729,0.36000563466967944,0.02611780235857467,-0.043690902308995305,0.2086949697759493,1.0559576623235467,0.0009267653120623304,0.6751708127027439,0.012355215101079425,-0.016163125158758396
delay_stress,past_gap_clean,RANGE,MIX,2020_2022,0.0,,0.0,0.0,,1.0,0.0,0.0,0.0,0.0
delay_stress,past_gap_clean,RANGE,MIX,2023_end,0.018327723462822965,0.5092152297035997,0.03694645749037838,-0.043690902308995305,0.41948603700614256,1.0559576623235467,0.0018543769851402428,1.350958219754988,0.012355215101079425,-0.016163125158758396
delay_stress,past_gap_clean,RANGE,MIX,2020,0.0,,0.0,0.0,,1.0,0.0,0.0,0.0,0.0
delay_stress,past_gap_clean,RANGE,MIX,2021,0.0,,0.0,0.0,,1.0,0.0,0.0,0.0,0.0
delay_stress,past_gap_clean,RANGE,MIX,2022,0.0,,0.0,0.0,,1.0,0.0,0.0,0.0,0.0
delay_stress,past_gap_clean,RANGE,MIX,2023,0.025457649665758808,0.7568997570315815,0.03393481204216539,-0.007410249659947632,3.435464503086488,1.025440005067193,0.0013879105741391442,1.0123640127560638,0.0030765766644371643,-0.007410249659947632
delay_stress,past_gap_clean,RANGE,MIX,2024,-0.02084206697204971,-1.234376916573689,0.01693395384292256,-0.043690902308995305,-0.47703448247986036,0.9791155862101503,0.0027730745516442354,2.0143615274064732,0.0059704541342967595,-0.016163125158758396
delay_stress,past_gap_clean,RANGE,MIX,2025,0.05190737355703745,1.0048514875968588,0.051607698225275174,-0.004723538435414065,10.989086733764928,1.0517252132930976,0.001398379541939528,1.023434249848845,0.003143644974584665,0.0
delay_stress,past_gap_clean,VOL_COMPRESSION,BTC,full,-0.001981325263198941,-0.3443962159829198,0.005707461183410908,-0.021349244911632814,-0.09280540231750084,0.9881734607035376,0.002282062984938385,1.6645520618256928,0.02977117265812177,-0.007271669927999214
delay_stress,past_gap_clean,VOL_COMPRESSION,BTC,2020_2022,-0.00249435708186585,-0.4506840848405882,0.005504103399738643,-0.015593153955447026,-0.1599648851664494,0.9925338820208359,0.0018248175182481756,1.3310364373777426,0.011919863021463157,-0.005096118307449937
delay_stress,past_gap_clean,VOL_COMPRESSION,BTC,2023_end,-0.0014675607009124736,-0.24552616330244495,0.005906392789165555,-0.021349244911632814,-0.06874063729124333,0.9956067783717163,0.0027397260273972607,1.9983722667525907,0.017985592189873344,-0.007271669927999214
delay_stress,past_gap_clean,VOL_COMPRESSION,BTC,2020,-0.009610146676881759,-1.4120054299698197,0.006817702412001481,-0.015498524251101875,-0.6200684995023653,0.9903702152825444,0.002732240437158471,1.9929167415785434,0.005971077717484635,-0.005096118307449937
delay_stress,past_gap_clean,VOL_COMPRESSION,BTC,2021,0.0,,0.0,0.0,,1.0,0.0,0.0,0.0,0.0
delay_stress,past_gap_clean,VOL_COMPRESSION,BTC,2022,0.0021862029846595465,0.33116316640778737,0.006656463575417686,-0.006021353576642241,0.3630750057827803,1.0021847049768902,0.0027397260273972603,1.9983791998582434,0.006006627836925994,-0.0034678664586356156
delay_stress,past_gap_clean,VOL_COMPRESSION,BTC,2023,-0.0037854408906775605,-0.9345325773478307,0.0040467509898810955,-0.004149727298533801,-0.9122143741867204,0.9962171451955343,0.002739726027397261,1.9983767874458818,0.005988671287934955,-0.004037934729490988
delay_stress,past_gap_clean,VOL_COMPRESSION,BTC,2024,0.0,,0.0,0.0,,1.0,0.0,0.0,0.0,0.0
delay_stress,past_gap_clean,VOL_COMPRESSION,BTC,2025,-0.0006147878725504263,-0.060552442743346015,0.009417681421547195,-0.021349244911632814,-0.028796703353917666,0.9993873154796005,0.005494505494505495,4.007720067792142,0.012042475839525599,-0.007271669927999214
delay_stress,past_gap_clean,VOL_COMPRESSION,ETH,full,-0.0013827218373744232,-0.13074027309181485,0.010181632185915059,-0.02809977822512466,-0.04920757118780744,0.9917341734470487,0.0013692377909630311,0.9987269354773466,0.017977635211265094,-0.013401774797238364
delay_stress,past_gap_clean,VOL_COMPRESSION,ETH,2020_2022,0.0,,0.0,0.0,,1.0,0.0,0.0,0.0,0.0
delay_stress,past_gap_clean,VOL_COMPRESSION,ETH,2023_end,-0.0027647918956789086,-0.1848989449202545,0.014405243943874586,-0.02809977822512466,-0.09839194720785534,0.9917341734470487,0.002739726027397261,1.998365950347823,0.017977635211265094,-0.013401774797238364
delay_stress,past_gap_clean,VOL_COMPRESSION,ETH,2020,0.0,,0.0,0.0,,1.0,0.0,0.0,0.0,0.0
delay_stress,past_gap_clean,VOL_COMPRESSION,ETH,2021,0.0,,0.0,0.0,,1.0,0.0,0.0,0.0,0.0
delay_stress,past_gap_clean,VOL_COMPRESSION,ETH,2022,0.0,,0.0,0.0,,1.0,0.0,0.0,0.0,0.0
delay_stress,past_gap_clean,VOL_COMPRESSION,ETH,2023,-0.008271464598631928,-0.31999149658631876,0.024971111122849523,-0.02809977822512466,-0.2943604939641915,0.9917341734470487,0.008219178082191783,5.995097851043469,0.017977635211265094,-0.013401774797238364
delay_stress,past_gap_clean,VOL_COMPRESSION,ETH,2024,0.0,,0.0,0.0,,1.0,0.0,0.0,0.0,0.0
delay_stress,past_gap_clean,VOL_COMPRESSION,ETH,2025,0.0,,0.0,0.0,,1.0,0.0,0.0,0.0,0.0
delay_stress,past_gap_clean,VOL_COMPRESSION,MIX,full,-0.001681799280692342,-0.27801251850345315,0.005985971300401811,-0.019156112673029968,-0.08779439280810661,0.9899538170752932,0.0018261292396927321,1.3328542736795752,0.023874403934693433,-0.006789584537038262
delay_stress,past_gap_clean,VOL_COMPRESSION,MIX,2020_2022,-0.001245620613709142,-0.452408593807818,0.0027448130865611905,-0.007796576977723513,-0.15976506321532466,0.9962669410104179,0.0009087509557914854,0.6637843322622976,0.0059599315107315785,-0.0025422402845756142
delay_stress,past_gap_clean,VOL_COMPRESSION,MIX,2023_end,-0.0021181855342529143,-0.2604888470688693,0.00801170053953425,-0.019156112673029968,-0.11057491519326483,0.9936632204931723,0.0027443453119811037,2.002535237874403,0.01798159879298306,-0.006789584537038262
delay_stress,past_gap_clean,VOL_COMPRESSION,MIX,2020,-0.004805049518832649,-1.412094620867336,0.0034045264185480575,-0.0077492621255509375,-0.6200654257118747,0.9951851076412722,0.001360027911949883,0.9947938094905874,0.0029855388587423175,-0.0025422402845756142
delay_stress,past_gap_clean,VOL_COMPRESSION,MIX,2021,0.0,,0.0,0.0,,1.0,0.0,0.0,0.0,0.0
delay_stress,past_gap_clean,VOL_COMPRESSION,MIX,2022,0.0010878124536548572,0.3294271442460483,0.003314698001954498,-0.0029961105688797174,0.3630748694503633,1.0010870674820584,0.0013649885802022215,0.9956523120162281,0.0029887833219680976,-0.001730447824048964
delay_stress,past_gap_clean,VOL_COMPRESSION,MIX,2023,-0.006036859147577123,-0.45663851015027607,0.013065040862689907,-0.016283261691752315,-0.37074016630432655,0.9939672603685125,0.005494479807146753,4.007196182396636,0.01200561485487239,-0.006789584537038262
delay_stress,past_gap_clean,VOL_COMPRESSION,MIX,2024,0.0,,0.0,0.0,,1.0,0.0,0.0,0.0,0.0
delay_stress,past_gap_clean,VOL_COMPRESSION,MIX,2025,-0.0003069354698409521,-0.06272979345419431,0.004713632795683432,-0.01073403317853916,-0.028594607892084442,0.9996941147988844,0.0027460796346448994,2.0059051618068655,0.006012254302918468,-0.003643756545870902
delay_stress,past_gap_clean,VOL_EXPANSION,BTC,full,0.0013324077007861312,0.051961608694923736,0.05488102425013405,-0.1370861861579349,0.009719489163197557,1.0080192858434462,0.004107713372889093,2.996144411219381,0.053170896786669614,-0.06729188727751523
delay_stress,past_gap_clean,VOL_EXPANSION,BTC,2020_2022,-0.005729341119427911,-0.03717177622491816,0.07598761622938548,-0.1370861861579349,-0.041793715909692206,0.9829063990439135,0.006386861313868613,4.658562761554773,0.04123189686169262,-0.06729188727751523
delay_stress,past_gap_clean,VOL_EXPANSION,BTC,2023_end,0.008450830097628037,0.5399162847531191,0.01580465593934609,-0.035242370047408156,0.23979176446589578,1.0255496218398419,0.0018264840182648401,1.3322078706097098,0.012146629563700292,-0.011147767674221765
delay_stress,past_gap_clean,VOL_EXPANSION,BTC,2020,-0.022452984830334977,-0.31366833924832205,0.06540450236239388,-0.061655305534227045,-0.3641695493321419,0.9775014330526794,0.005464480874316941,3.9858268671947097,0.011930617008591486,-0.05513608086854849
delay_stress,past_gap_clean,VOL_EXPANSION,BTC,2021,0.047705937038599044,1.2122059267749385,0.03903614967330217,-0.015450644774128719,3.0876340590316396,1.0476725178662005,0.005479452054794521,3.996666323746372,0.012377924440061064,-0.008324370135816883
delay_stress,past_gap_clean,VOL_EXPANSION,BTC,2022,-0.04025248782453639,-0.32786542837230664,0.10745215433626222,-0.12607501154786616,-0.31927411570574366,0.9597745017830839,0.008219178082191782,5.9950382057625795,0.01679700973289687,-0.06729188727751523
delay_stress,past_gap_clean,VOL_EXPANSION,BTC,2023,0.0,,0.0,0.0,,1.0,0.0,0.0,0.0,0.0
delay_stress,past_gap_clean,VOL_EXPANSION,BTC,2024,0.011582983458413132,0.4628404731619023,0.02556175558957917,-0.03332200387290907,0.34760764996579774,1.011606905319689,0.002732240437158471,1.9929920218554806,0.006034979492922381,-0.011147767674221765
delay_stress,past_gap_clean,VOL_EXPANSION,BTC,2025,0.013830398193430682,1.4095208560144747,0.009772030800410603,-0.021086132007928415,0.6559001996302799,1.013782741544006,0.0027472527472527475,2.0036608195563907,0.0060415266430457,0.0
delay_stress,past_gap_clean,VOL_EXPANSION,ETH,full,-0.03066128798219514,-0.3372499632067487,0.08203715696716943,-0.30077853413440303,-0.10193974802900704,0.8296059491167944,0.00867183934276586,6.325207214786637,0.10001607979324152,-0.1076078775776439
delay_stress,past_gap_clean,VOL_EXPANSION,ETH,2020_2022,-0.06114889851319816,-0.5698815833515669,0.1013274464458069,-0.2890858447483019,-0.21152505258927018,0.8275064810868369,0.010036496350364963,7.320546477978469,0.061586343388190856,-0.1076078775776439
delay_stress,past_gap_clean,VOL_EXPANSION,ETH,2023_end,0.0008455653378514061,0.04316066015968845,0.05648795488177288,-0.1105316449519349,0.007649984203339263,1.002537101615446,0.0073059360730593605,5.3289589659663195,0.04644040534229716,-0.05025753925787102
delay_stress,past_gap_clean,VOL_EXPANSION,ETH,2020,0.08199941350285211,1.2597884026554629,0.06408777900449725,-0.03663271524331868,2.2384203015856903,1.0821745263666955,0.005464480874316942,3.986121248904499,0.01229945066900778,-0.004080333693209592
delay_stress,past_gap_clean,VOL_EXPANSION,ETH,2021,-0.09280286739971066,-1.2624213175561365,0.07485912414282415,-0.12931855923887348,-0.7176299206078217,0.9072576116349176,0.010958904109589045,7.993277008435516,0.02247123505085647,-0.037207375605119
delay_stress,past_gap_clean,VOL_EXPANSION,ETH,2022,-0.15726192462872912,-1.1009833587360491,0.14518532371533355,-0.20794809934461778,-0.7562556480408603,0.8428367749937178,0.013698630136986302,9.991376588181895,0.02543166926646819,-0.1076078775776439
delay_stress,past_gap_clean,VOL_EXPANSION,ETH,2023,0.0,,0.0,0.0,,1.0,0.0,0.0,0.0,0.0
delay_stress,past_gap_clean,VOL_EXPANSION,ETH,2024,-0.03000657008688601,-0.4913892318649332,0.058412364051518666,-0.1105316449519349,-0.2714749255738886,0.9699327504944969,0.008196721311475414,5.978662311215468,0.017617473141763876,-0.05025753925787102
delay_stress,past_gap_clean,VOL_EXPANSION,ETH,2025,0.0337324254516731,0.4604228819669727,0.07861291043175195,-0.07771442238269022,0.4340561818186596,1.0336150636261396,0.013736263736263736,10.019284785242464,0.029716423314749,-0.03431363320855252
delay_stress,past_gap_clean,VOL_EXPANSION,MIX,full,-0.014016244602252592,-0.2169577786059583,0.05724247604038073,-0.17262737700555786,-0.08119363710080198,0.9188126174801203,0.006226977807119014,4.5358074255289775,0.07659348828995556,-0.08702489484316778
delay_stress,past_gap_clean,VOL_EXPANSION,MIX,2020_2022,-0.03264510485565486,-0.3974580775434264,0.075948707819585,-0.17262737700555786,-0.18910734451235872,0.9052064400653752,0.008176761926737056,5.962307018933989,0.05140912012494173,-0.08702489484316778
delay_stress,past_gap_clean,VOL_EXPANSION,MIX,2023_end,0.004988867713094924,0.1915584549952522,0.02800321339407898,-0.05658186672609822,0.08817078689264637,1.0150310214471767,0.004275413062734196,3.108005092769256,0.027821684701221285,-0.02288857336195993
delay_stress,past_gap_clean,VOL_EXPANSION,MIX,2020,0.029775934919682,0.6565240221132902,0.04628238500882943,-0.03179934429345932,0.93636946236676,1.0298379797096875,0.005487300946091159,4.010621675609697,0.012115033838799631,-0.027444801614593173
delay_stress,past_gap_clean,VOL_EXPANSION,MIX,2021,-0.026120533456171602,-0.5975398210351718,0.042736922152320785,-0.06829170733605794,-0.3824847038548118,0.9738971096760216,0.008306666834439617,6.040937093699784,0.017681051652745815,-0.01947709216920701
delay_stress,past_gap_clean,VOL_EXPANSION,MIX,2022,-0.09752506069058264,-0.8269944275870366,0.11556754706116312,-0.14562907121768642,-0.6696812653896702,0.9025383274942581,0.01074368638592874,7.840709370624885,0.02102331797025779,-0.08702489484316778
delay_stress,past_gap_clean,VOL_EXPANSION,MIX,2023,0.0,,0.0,0.0,,1.0,0.0,0.0,0.0,0.0
delay_stress,past_gap_clean,VOL_EXPANSION,MIX,2024,-0.007426393159974176,-0.20700202755758898,0.033304179179752744,-0.05658186672609822,-0.13125040918009823,0.9925584144532452,0.005192593574495568,3.771392512882431,0.011329124638902148,-0.02288857336195993
delay_stress,past_gap_clean,VOL_EXPANSION,MIX,2025,0.02271972026425928,0.6533477944088579,0.03530872815737097,-0.03542783006973049,0.6412958462186762,1.0226410926215468,0.007640351800627931,5.5575162551301265,0.016616211018073056,-0.015581225142571653
delay_stress,past_gap_clean,HIGH_VOL,BTC,full,-0.03388107722637501,-0.24501941649743283,0.11207481863797195,-0.3131762010609104,-0.10818535096728311,0.8132124571044573,0.003194888178913739,2.3304682336658487,0.034967273856410755,-0.2075153939943004
delay_stress,past_gap_clean,HIGH_VOL,BTC,2020_2022,-0.08051552887469937,-0.44894351905248986,0.1564398151997898,-0.3131762010609104,-0.25709338258126363,0.7773350392058263,0.0054744525547445275,3.9932592707088763,0.030195265522643816,-0.2075153939943004
delay_stress,past_gap_clean,HIGH_VOL,BTC,2023_end,0.015164448130944086,0.6074258470673386,0.025271708812525506,-0.02172030149843207,0.6981693201652273,1.0461543814302847,0.0009132420091324204,0.6661586659953841,0.0061389337841277845,0.0
delay_stress,past_gap_clean,HIGH_VOL,BTC,2020,-0.18224043998896566,-0.7828100277240503,0.22122815678058824,-0.3131762010609104,-0.5819102453239137,0.8174218011811597,0.005464480874316941,3.986149093664697,0.010541430273300983,-0.2075153939943004
delay_stress,past_gap_clean,HIGH_VOL,BTC,2021,0.054141773339412946,1.1549839149087153,0.04654569739429194,-0.0485733945353668,1.1146384529496236,1.0541037304382783,0.005479452054794522,3.9967535748917644,0.012500164259206852,-0.01740691177393061
delay_stress,past_gap_clean,HIGH_VOL,BTC,2022,-0.09791378429390318,-0.6092643591671547,0.1493535406063582,-0.1526042170078803,-0.641619125694587,0.9021498426159237,0.005479452054794522,3.9968946235072758,0.010951032631698238,-0.1351149107959535
delay_stress,past_gap_clean,HIGH_VOL,BTC,2023,0.0,,0.0,0.0,,1.0,0.0,0.0,0.0,0.0
delay_stress,past_gap_clean,HIGH_VOL,BTC,2024,0.046057657466831436,1.0507566048449972,0.043707783386125534,-0.02172030149843207,2.120488864768116,1.0461543814302847,0.002732240437158471,1.9930156810517636,0.0061389337841277845,0.0
delay_stress,past_gap_clean,HIGH_VOL,BTC,2025,0.0,,0.0,0.0,,1.0,0.0,0.0,0.0,0.0
delay_stress,past_gap_clean,HIGH_VOL,ETH,full,0.06110065676190857,0.5073731040907018,0.13474457314522484,-0.1743911297682279,0.3503656226272147,1.4272637683273368,0.009128251939753538,6.657906461368313,0.13973313184483044,-0.16731702596014641
delay_stress,past_gap_clean,HIGH_VOL,ETH,2020_2022,0.05980991789904189,0.4351747467207046,0.16531709777157733,-0.1743911297682279,0.34296422059156,1.1904227165812709,0.014598540145985401,10.647636358995127,0.10746502597527725,-0.16731702596014641
delay_stress,past_gap_clean,HIGH_VOL,ETH,2023_end,0.062394148522805226,0.683266175165663,0.09481876181344932,-0.08280941870535918,0.7534668096730313,1.1989554201605297,0.0036529680365296816,2.6645329747938944,0.02710642649883456,-0.06742976189650507
delay_stress,past_gap_clean,HIGH_VOL,ETH,2020,-0.0751095889595832,-1.8459759281364894,0.04178698788410587,-0.08784135943132643,-0.8550595009666624,0.9247421365520997,0.010928961748633883,7.9698621401372325,0.023386421302261318,-0.023128002983007434
delay_stress,past_gap_clean,HIGH_VOL,ETH,2021,0.39187969284614144,1.9216936020815254,0.18019819340185686,-0.11357761479915418,3.450325079806657,1.3915647167438452,0.021917808219178086,15.98721504309151,0.05908261243231565,-0.06517899042285291
delay_stress,past_gap_clean,HIGH_VOL,ETH,2022,-0.07497390613849486,-0.24232415178773933,0.21836051222796196,-0.1743911297682279,-0.4299181170403442,0.92507543834386,0.010958904109589043,7.993168261479543,0.022879656420462375,-0.16731702596014641
delay_stress,past_gap_clean,HIGH_VOL,ETH,2023,0.0,,0.0,0.0,,1.0,0.0,0.0,0.0,0.0
delay_stress,past_gap_clean,HIGH_VOL,ETH,2024,0.14367706931349256,1.4892481599374665,0.09285573256354133,-0.05568230270620367,2.5803004245635344,1.1439923838444508,0.005464480874316942,3.9858251009162413,0.0129262877609324,0.0
delay_stress,past_gap_clean,HIGH_VOL,ETH,2025,0.04821383655727063,0.4117275219726403,0.13564377323635743,-0.08280941870535918,0.5822264823379368,1.048044932022513,0.005494505494505496,4.0078341221537634,0.012395308690997578,-0.06742976189650507
delay_stress,past_gap_clean,HIGH_VOL,MIX,full,0.019108129913931515,0.22799504109377783,0.11071967143072087,-0.1691031419068223,0.11299689466716299,1.1202381127158971,0.006630283274235593,4.843734972638352,0.0873502028506206,-0.15454038133640668
delay_stress,past_gap_clean,HIGH_VOL,MIX,2020_2022,-0.005401616471292114,0.03657729563041384,0.14262825291432077,-0.1691031419068223,-0.03194273276287477,0.9838788778935486,0.010607645404880297,7.761096083812988,0.06883014574896054,-0.15454038133640668
delay_stress,past_gap_clean,HIGH_VOL,MIX,2023_end,0.04424508196557686,0.7007796799541725,0.06462574003392406,-0.053963308144627686,0.8199104815256156,1.1385935178467181,0.0026492888494076563,1.9237096047411804,0.018823513257354277,-0.04394105255450231
delay_stress,past_gap_clean,HIGH_VOL,MIX,2020,-0.12867163146623317,-1.1483012979465834,0.1138598825865616,-0.1691031419068223,-0.7609062138959705,0.8710819688666297,0.008191984624097589,6.012230336732838,0.016963925787781154,-0.10446637688703575
delay_stress,past_gap_clean,HIGH_VOL,MIX,2021,0.2334054029680761,1.922116510681202,0.11231643838821362,-0.0798570098315563,2.9227916680126382,1.2332283160873292,0.014897922826791048,10.899158699771217,0.037226168348968657,-0.04429540481396688
delay_stress,past_gap_clean,HIGH_VOL,MIX,2022,-0.08417396062538685,-0.36738402506011997,0.18813137728738327,-0.1610362000464215,-0.5227021042543368,0.9158811591212106,0.00873964701246672,6.3766906279406115,0.01809569795075122,-0.15454038133640668
delay_stress,past_gap_clean,HIGH_VOL,MIX,2023,0.0,,0.0,0.0,,1.0,0.0,0.0,0.0,0.0
delay_stress,past_gap_clean,HIGH_VOL,MIX,2024,0.10511602260593822,1.4224256835739149,0.07197495669640659,-0.04008520886843381,2.622314453965954,1.1053428563714847,0.004437363346257924,3.2284465613230546,0.010245038987222024,0.0
delay_stress,past_gap_clean,HIGH_VOL,MIX,2025,0.03018660917744631,0.38804016314308903,0.08580793020723126,-0.053963308144627686,0.5593913756462601,1.030081762670802,0.003507956882887316,2.5407982850202036,0.0077609170952557295,-0.04394105255450231
delay_stress,past_gap_clean,UNKNOWN,BTC,full,0.0,,0.0,0.0,,1.0,0.0,0.0,0.0,0.0
delay_stress,past_gap_clean,UNKNOWN,BTC,2020_2022,0.0,,0.0,0.0,,1.0,0.0,0.0,0.0,0.0
delay_stress,past_gap_clean,UNKNOWN,BTC,2023_end,0.0,,0.0,0.0,,1.0,0.0,0.0,0.0,0.0
delay_stress,past_gap_clean,UNKNOWN,BTC,2020,0.0,,0.0,0.0,,1.0,0.0,0.0,0.0,0.0
delay_stress,past_gap_clean,UNKNOWN,BTC,2021,0.0,,0.0,0.0,,1.0,0.0,0.0,0.0,0.0
delay_stress,past_gap_clean,UNKNOWN,BTC,2022,0.0,,0.0,0.0,,1.0,0.0,0.0,0.0,0.0
delay_stress,past_gap_clean,UNKNOWN,BTC,2023,0.0,,0.0,0.0,,1.0,0.0,0.0,0.0,0.0
delay_stress,past_gap_clean,UNKNOWN,BTC,2024,0.0,,0.0,0.0,,1.0,0.0,0.0,0.0,0.0
delay_stress,past_gap_clean,UNKNOWN,BTC,2025,0.0,,0.0,0.0,,1.0,0.0,0.0,0.0,0.0
delay_stress,past_gap_clean,UNKNOWN,ETH,full,0.0,,0.0,0.0,,1.0,0.0,0.0,0.0,0.0
delay_stress,past_gap_clean,UNKNOWN,ETH,2020_2022,0.0,,0.0,0.0,,1.0,0.0,0.0,0.0,0.0
delay_stress,past_gap_clean,UNKNOWN,ETH,2023_end,0.0,,0.0,0.0,,1.0,0.0,0.0,0.0,0.0
delay_stress,past_gap_clean,UNKNOWN,ETH,2020,0.0,,0.0,0.0,,1.0,0.0,0.0,0.0,0.0
delay_stress,past_gap_clean,UNKNOWN,ETH,2021,0.0,,0.0,0.0,,1.0,0.0,0.0,0.0,0.0
delay_stress,past_gap_clean,UNKNOWN,ETH,2022,0.0,,0.0,0.0,,1.0,0.0,0.0,0.0,0.0
delay_stress,past_gap_clean,UNKNOWN,ETH,2023,0.0,,0.0,0.0,,1.0,0.0,0.0,0.0,0.0
delay_stress,past_gap_clean,UNKNOWN,ETH,2024,0.0,,0.0,0.0,,1.0,0.0,0.0,0.0,0.0
delay_stress,past_gap_clean,UNKNOWN,ETH,2025,0.0,,0.0,0.0,,1.0,0.0,0.0,0.0,0.0
delay_stress,past_gap_clean,UNKNOWN,MIX,full,0.0,,0.0,0.0,,1.0,0.0,0.0,0.0,0.0
delay_stress,past_gap_clean,UNKNOWN,MIX,2020_2022,0.0,,0.0,0.0,,1.0,0.0,0.0,0.0,0.0
delay_stress,past_gap_clean,UNKNOWN,MIX,2023_end,0.0,,0.0,0.0,,1.0,0.0,0.0,0.0,0.0
delay_stress,past_gap_clean,UNKNOWN,MIX,2020,0.0,,0.0,0.0,,1.0,0.0,0.0,0.0,0.0
delay_stress,past_gap_clean,UNKNOWN,MIX,2021,0.0,,0.0,0.0,,1.0,0.0,0.0,0.0,0.0
delay_stress,past_gap_clean,UNKNOWN,MIX,2022,0.0,,0.0,0.0,,1.0,0.0,0.0,0.0,0.0
delay_stress,past_gap_clean,UNKNOWN,MIX,2023,0.0,,0.0,0.0,,1.0,0.0,0.0,0.0,0.0
delay_stress,past_gap_clean,UNKNOWN,MIX,2024,0.0,,0.0,0.0,,1.0,0.0,0.0,0.0,0.0
delay_stress,past_gap_clean,UNKNOWN,MIX,2025,0.0,,0.0,0.0,,1.0,0.0,0.0,0.0,0.0
